ARM GAS  /tmp/cc2Cbuvw.s 			page 1


   1              		.cpu cortex-m3
   2              		.eabi_attribute 20, 1
   3              		.eabi_attribute 21, 1
   4              		.eabi_attribute 23, 3
   5              		.eabi_attribute 24, 1
   6              		.eabi_attribute 25, 1
   7              		.eabi_attribute 26, 1
   8              		.eabi_attribute 30, 2
   9              		.eabi_attribute 34, 1
  10              		.eabi_attribute 18, 4
  11              		.file	"hal_rtc_lld.c"
  12              		.section	.gnu.lto_.profile.75e1e4f06880dd07,"e",%progbits
  13 0000 789CE360 		.ascii	"x\234\343``\004B \000\000\000]\000\013"
  13      60044220 
  13      0000005D 
  13      000B
  14              		.text
  15              		.section	.gnu.lto_.icf.75e1e4f06880dd07,"e",%progbits
  16 0000 789CE360 		.ascii	"x\234\343``d\210f@\000~\206\031O\256\315\342e\\9o\341"
  16      60648866 
  16      40007E86 
  16      194FAECD 
  16      E2655C39 
  17 0016 5736A6E6 		.ascii	"W6\246\346)\315n\314\375\177\337?\347e\231z\342\320"
  17      29CD6ECC 
  17      FD7FDF3F 
  17      E765997A 
  17      E2D0
  18 0028 3E16D66D 		.ascii	">\026\326m\015\215k9\331\332\257\316\337\316\311\276"
  18      0D8D6B39 
  18      D9DAAFCE 
  18      DFCEC9BE 
  19 0038 F8D9C54E 		.ascii	"\370\331\305NV\216\235\327_|f\345\234\364\346\342\""
  19      568E9DD7 
  19      5F7C66E5 
  19      9CF4E6E2 
  19      22
  20 0049 66AEA3DB 		.ascii	"f\256\243\333\026\314a\344\336\260\353\301\004~\236"
  20      16CC61E4 
  20      DEB0EBC1 
  20      047E9E
  21 0058 63DBB64D 		.ascii	"c\333\266M\340\341\355\335\377j%;\337\214\236\225O\230"
  21      E0E1EDDD 
  21      FF6A253B 
  21      DF8C9E95 
  21      4F98
  22 006a 1800DFE8 		.ascii	"\030\000\337\350+e"
  22      2B65
  23              		.text
  24              		.section	.gnu.lto_.jmpfuncs.75e1e4f06880dd07,"e",%progbits
  25 0000 789CA553 		.ascii	"x\234\245S\261N\303@\014\365;_\322\264\001\372\001]"
  25      B14EC340 
  25      0CF53B5F 
  25      D2B401FA 
  25      015D
  26 0012 F8D214C4 		.ascii	"\370\322\024\304\204\212\272\302VAa\200\017`\240P\012"
  26      848ABAC2 
ARM GAS  /tmp/cc2Cbuvw.s 			page 2


  26      56416180 
  26      0F60A050 
  26      0A
  27 0023 0B431706 		.ascii	"\013C\027\006f\376\240\352\332\241R\260{!Mz\244\211"
  27      66FEA0EA 
  27      DAA152B0 
  27      7B214D7A 
  27      A489
  28 0035 4425AB92 		.ascii	"D%\253\222\375\236\337\263\343\213\010tk)\377\305\304"
  28      FD9EDFB3 
  28      E38B0874 
  28      6B29FFC5 
  28      C4
  29 0046 005AFD11 		.ascii	"\000Z\375\021\023\\ $\302\314\202$\326i\232v\301\227"
  29      135C2024 
  29      C2CC8224 
  29      D6699A76 
  29      C197
  30 0058 8CE1D9F2 		.ascii	"\214\341\331\362;\032\362\210\015\010O\350i\330\004"
  30      3B1AF288 
  30      0D084FE8 
  30      69D804
  31 0067 5B68AA50 		.ascii	"[h\252P\262\211\331M\031\036\263\3271o\261\255\000F"
  31      B289D94D 
  31      191EB3D7 
  31      316FB1AD 
  31      0046
  32 0079 743E968B 		.ascii	"t>\226\213/\250\016\213\316\004=IM/>\347\354R\3003z"
  32      2FA80E8B 
  32      CE043D49 
  32      4D2F3EE7 
  32      EC52C033 
  33 008e 46F3398D 		.ascii	"F\3639\215\250\320cU\356^)k\334\360V\254\241\022#\322"
  33      A8D06355 
  33      EE5E296B 
  33      DCF056AC 
  33      A11223D2 
  34 00a2 77839BC9 		.ascii	"w\203\233\311\241J[\030\274d\252f\243\332?\256e?\236"
  34      A14A5B18 
  34      BC64AA66 
  34      A3DA3FAE 
  34      653F9E
  35 00b5 2FEEDB8E 		.ascii	"/\356\333\216\015L36\232\262\363\215\013\002\257\245"
  35      0D4C3336 
  35      9AB2F38D 
  35      0B02AFA5 
  36 00c5 89854DE4 		.ascii	"\211\205M\344-\232\002\231H\231\247\203\207\353\215"
  36      2D9A0299 
  36      4899A783 
  36      87EB8D
  37 00d4 6B928EB3 		.ascii	"k\222\216\263\214\311\033\246\226\307'\363\253\320\225"
  37      8CC91BA6 
  37      96C727F3 
  37      ABD095
  38 00e3 BB78CBCA 		.ascii	"\273x\313\312]W\336g*\324\375\007r)\001\2158\224\377"
  38      5D57DE67 
  38      2AD4FD07 
ARM GAS  /tmp/cc2Cbuvw.s 			page 3


  38      7229018D 
  38      3894FF
  39 00f6 966FA1B5 		.ascii	"\226o\241\265\213\211|Ld\000V\210D\333/\267\177\017"
  39      8B897C4C 
  39      64005688 
  39      44DB2FB7 
  39      7F0F
  40 0108 52EB1D0D 		.ascii	"R\353\035\015\037\243>M\263\233\322c\251\271\232=\250"
  40      1FA33E4D 
  40      B39BD263 
  40      A9B99A3D 
  40      A8
  41 0119 58BDCAA3 		.ascii	"X\275\312\243\010v\036F\346\303\273~\357A\2046!T\322"
  41      08761E46 
  41      E6C3BB7E 
  41      EF418436 
  41      2154D2
  42 012c D60DEFF5 		.ascii	"\326\015\357\365\240\260\262?>\274\256\203\377\267\216"
  42      A0B0B23F 
  42      3EBCAE83 
  42      FFB78E
  43 013b A3C2A0B1 		.ascii	"\243\302\240\261\025\323u\263\232J\26322\032\217\\\272"
  43      15D375B3 
  43      9A4AB332 
  43      321A8F5C 
  43      BA
  44 014c F48ED0DE 		.ascii	"\364\216\320\336\013\266V\216\373\003p\271+\005"
  44      0BB6568E 
  44      FB0370B9 
  44      2B05
  45              		.text
  46              		.section	.gnu.lto_.inline.75e1e4f06880dd07,"e",%progbits
  47 0000 789C8593 		.ascii	"x\234\205\223\277N\033A\020\306\277\231]s\213m\020\006"
  47      BF4E1B41 
  47      10C6BF99 
  47      5D738B6D 
  47      1006
  48 0012 14853F85 		.ascii	"\024\205?\205\213tIx\006\236\300\317\000\204\360\257"
  48      8B744978 
  48      069EC0CF 
  48      0084F0AF 
  49 0022 094F808C 		.ascii	"\011O\200\214\020\010\012\210S\235HA$\"@4\226%\027("
  49      10080A88 
  49      539D4841 
  49      24224034 
  49      96251728 
  50 0036 8622E942 		.ascii	"\206\"\351B\344(\220\"U\224DH\\\203,\020\270I\227\331"
  50      E4289022 
  50      55944448 
  50      5C832C10 
  50      B84997D9 
  51 004a 5B9FC167 		.ascii	"[\237\301gK9\235nGw\273\337\374\276\2319\003\302\017"
  51      4B399D6E 
  51      4777BBDF 
  51      FCBE9939 
  51      03C20F
  52 005d 85E695C2 		.ascii	"\205\346\225\302\263\314\333r\260\316sD\310\022\300"
ARM GAS  /tmp/cc2Cbuvw.s 			page 4


  52      B3CCDB72 
  52      B0CE7344 
  52      C812C0
  53 006c 262F17BF 		.ascii	"&/\027\277\004\272\302`\232\301v\243\356\221\207B!W"
  53      04BAC260 
  53      9AC176A3 
  53      EE918742 
  53      2157
  54 007e C8714A42 		.ascii	"\310qJBr\347\271\220s\237\330\336\317\017\374\312\245"
  54      72E7B990 
  54      739FD8DE 
  54      CF0FFCCA 
  54      A5
  55 008f 9A27F0D8 		.ascii	"\232'\360\330i\261^Ts\242\262\372P\205\222\235\237\211"
  55      69B15E54 
  55      73A2B2FA 
  55      5085929D 
  55      9F89
  56 00a1 8C9388AF 		.ascii	"\214\223\210\257\032\003\373~\345\015[\311\307\"y\301"
  56      1A03FB7E 
  56      E50D5BC9 
  56      C72279C1 
  57 00b1 6D928EE6 		.ascii	"m\222\216\346\265\243B\002\217d\333N\3100\372\271X\257"
  57      B5A34202 
  57      8F64DB4E 
  57      C830FAB9 
  57      58AF
  58 00c3 F07CFC80 		.ascii	"\360|\374\200J7p\235\215.\214\336\226j{\222Bqv\321W"
  58      4A37709D 
  58      8D2E8CDE 
  58      966A7B92 
  58      427176D1 
  59 00d8 B4B572FD 		.ascii	"\264\265r\375\313l\251w\312#P\205F\300\331W\215UL{\203"
  59      CB6CA977 
  59      CA235085 
  59      46C0D957 
  59      8D554C7B 
  60 00ed A2FF3D86 		.ascii	"\242\377=\206\241]\210>PP\335.\363\204a\310\235\260"
  60      A15D883E 
  60      5050DD2E 
  60      F38461C8 
  60      9DB0
  61 00ff 15545306 		.ascii	"\025TS\006\006\374u\273\034\360\224\226\275\214\244"
  61      06FC75BB 
  61      1CF09496 
  61      BD8CA4
  62 010e BCFEA8A6 		.ascii	"\274\376\250\246\265\330k3\340!#\2167B\307\375\222\352"
  62      B5D86B33 
  62      E021238E 
  62      3742C7FD 
  62      92EA
  63 0120 8B4D65D6 		.ascii	"\213Me\326\255Pg\307\006\303\365Rm\323\362S+\177\267"
  63      AD5067C7 
  63      06C3F552 
  63      6DD3F253 
  63      2B7FB7
  64 0133 F01F0B37 		.ascii	"\360\037\0137\011\277[-?\260,bK\302\277r\317\237\217"
ARM GAS  /tmp/cc2Cbuvw.s 			page 5


  64      09BF5B2D 
  64      3FB02C62 
  64      4BC2BF72 
  64      CF9F8F
  65 0146 F8D3073B 		.ascii	"\370\323\007;{7<\023\"_Z+\223\316\012\237?\340\357?"
  65      7B373C13 
  65      225F5A2B 
  65      93CE0A9F 
  65      3FE0EF3F 
  66 015a AAEF7E53 		.ascii	"\252\357~S\263\035\371\273\361\364\312\377\375W-P\""
  66      B31DF9BB 
  66      F1F4CAFF 
  66      FD572D50 
  66      22
  67 016b 56CEA4E0 		.ascii	"V\316\244\340\2344\312y\022\341\270\231\013\301\306"
  67      9C34CA79 
  67      12E1B899 
  67      0BC1C6
  68 017a F2EFFD5D 		.ascii	"\362\357\375]\265 \216\316l\243gZ\301\264\344\257\252"
  68      B5208ECE 
  68      6CA3675A 
  68      C1B4E4AF 
  68      AA
  69 018b 17C8426F 		.ascii	"\027\310Bo\270w\343\360>\005\325\017\034\326\221~Z\276"
  69      B877E3F0 
  69      3E05D50F 
  69      1CD6917E 
  69      5ABE
  70 019d 49C7D706 		.ascii	"I\307\327\006\025\237\330f\2202=\"\366G\315J\265\243"
  70      159FD866 
  70      90323D22 
  70      F647CD4A 
  70      B5A3
  71 01af 5C1D07DF 		.ascii	"\\\035\007\337\316}!\027\305@\032\303w\245\332\241T"
  71      CE7D2117 
  71      C5401AC3 
  71      77A5DAA1 
  71      54
  72 01c0 9D430BA1 		.ascii	"\235C\013\241\031=$\015\013l\303\2745\351pkmusJ\314"
  72      193D240D 
  72      0B6CC3BC 
  72      35E9706B 
  72      6D75734A 
  73 01d5 FF017B9F 		.ascii	"\377\001{\237\364\332\031\221\277\322BD\015\313\267"
  73      F4DA1991 
  73      BFD24244 
  73      0DCBB7
  74 01e4 8F71938A 		.ascii	"\217q\223\212p\017\207\177\322u\304I"
  74      700F877F 
  74      D275C449 
  75              		.text
  76              		.section	.gnu.lto_.pureconst.75e1e4f06880dd07,"e",%progbits
  77 0000 789C05C1 		.ascii	"x\234\005\301\001\016\000\020\014\004\301#\213J\305"
  77      010E0010 
  77      0C04C123 
  77      8B4AC5
  78 000f 23BCBAB9 		.ascii	"#\274\272\271\327\232\0115=I\251\242\033\3140\323,\023"
ARM GAS  /tmp/cc2Cbuvw.s 			page 6


  78      D79A0935 
  78      3D49A9A2 
  78      1BCC30D3 
  78      2C13
  79 0021 669B2C8E 		.ascii	"f\233,\216\271\305\007~\343\007I"
  79      B9C5077E 
  79      E30749
  80              		.text
  81              		.section	.gnu.lto_rtc_decode.75e1e4f06880dd07,"e",%progbits
  82 0000 789C6D54 		.ascii	"x\234mT]l\024U\024\276g\316\354\354t:\245-Jb\250\017"
  82      5D6C1455 
  82      14BE67CE 
  82      ECEC743A 
  82      A52D4A62 
  83 0016 7DA029BC 		.ascii	"}\240)\274t\243<5\2764\251\017\306`L\2007\037\252\324"
  83      74A33C35 
  83      BE34A90F 
  83      C6604C80 
  83      371FAAD4 
  84 002a 4D682C3F 		.ascii	"Mh,?i7\274r\273\273\320R\020jB\3055\256\263\2604.j\374"
  84      6937BC72 
  84      BBBBD052 
  84      106A42C5 
  84      35AEB3B0 
  85 0042 2B4A2AB4 		.ascii	"+J*\264\035\012\345\247n\225R\012\010\262$6,\246T\232"
  85      1D0AE5A7 
  85      6E95520A 
  85      08B22436 
  85      2CA6549A 
  86 0056 A0262602 		.ascii	"\240&&\002\3539\367N\264\374Lv~\316=\337w\316w\277{"
  86      EB39F74E 
  86      B4FC4C76 
  86      7ECE3DDF 
  86      77CE77BF 
  87 006b EFDA0284 		.ascii	"\357\332\002\204\021\022\"*\204x\211n\010\0110\244\224"
  87      1112222A 
  87      8478896E 
  87      080930A4 
  87      94
  88 007c 4DE12EDB 		.ascii	"M\341.\3330p25h\231\3221\007\213\371FS\272\010f\220"
  88      30703235 
  88      6899D231 
  88      078BF946 
  88      53BA0866 
  89 0091 3301D497 		.ascii	"3\001\324\227\264Al7\320\204\355\260\017\017 \214u\027"
  89      B4416C37 
  89      D084EDB0 
  89      0F0F208C 
  89      7517
  90 00a3 878C559F 		.ascii	"\207\214U\237PN\372\007\372\234\264\274 \321C!Rt\353"
  90      504EFA07 
  90      FA9CB4BC 
  90      20D14321 
  90      5274EB
  91 00b6 0BBE8755 		.ascii	"\013\276\207U\004,\304\323\177\273{)\007`R\270\177\342"
  91      042CC4D3 
  91      7FBB7B29 
ARM GAS  /tmp/cc2Cbuvw.s 			page 7


  91      076052B8 
  91      7FE2
  92 00c8 E8798743 		.ascii	"\350y\207C\003j)\034\372\326\237\014c3\010F.\274{\312"
  92      036A291C 
  92      FAD69F0C 
  92      63330846 
  92      2EBC7BCA 
  93 00dc AD1F9032 		.ascii	"\255\037\2202.\375\374a\224+<D\030\006\244\222p\002"
  93      2EFDFC61 
  93      942B3C44 
  93      1806A492 
  93      7002
  94 00ee 6AE038D4 		.ascii	"j\3408\324\010AcTz\004\352\211p\343\372\221\2312|U\221"
  94      08416354 
  94      7A04EA89 
  94      70E3FA91 
  94      99327C55 
  95 0103 8F248BB3 		.ascii	"\217$\213\263\030\220'V~(}\223\331\243Oe\373\212\235"
  95      18902756 
  95      7E287D93 
  95      D9A34F65 
  95      FB8A9D
  96 0116 2CF8BDE5 		.ascii	",\370\275\345\270V\261?\377j\307\264\025\260/\347\226"
  96      B856B13F 
  96      FF6AC7B4 
  96      15B02FE7 
  96      96
  97 0127 1F4EC857 		.ascii	"\037N\310W<\232\353\311'\350&\321\307\240^0i\264\364"
  97      3C9AEBC9 
  97      27E826D1 
  97      C7A05E30 
  97      69B4F4
  98 013a FEA8A967 		.ascii	"\376\250\251gfS\330\377\351\311\373\256\236\231\317"
  98      6653D8FF 
  98      E9C9FBAE 
  98      9E99CF
  99 0149 E95D7EEF 		.ascii	"\351]~\357i\007\337P\365\357\364\314f\215\272,\231$"
  99      6907DF50 
  99      F5EFF4CC 
  99      668DBA2C 
  99      9924
 100 015b FDBBB9AA 		.ascii	"\375\273\271\252o\022\262'\321\344a\010\306u\207\323"
 100      6F12B227 
 100      D1E46108 
 100      C67587D3 
 101 016b D4E11477 		.ascii	"\324\341\024w\340\213\360\377\014\215K\033\337T\334"
 101      E08BF0FF 
 101      0C8D4B1B 
 101      DF54DC
 102 017a EFF60DF5 		.ascii	"\357\366\015\365U\022\227\265\025s\317\037L\310s\222"
 102      551297B5 
 102      1573CF1F 
 102      4CC87392 
 103 018a 2667C1D9 		.ascii	"&g\301\331\307\324\005\334\322\241\217\247*\265\254"
 103      C7D405DC 
 103      D2A18FA7 
 103      2AB5AC
ARM GAS  /tmp/cc2Cbuvw.s 			page 8


 104 0199 15141E1B 		.ascii	"\025\024\036\033~p0\254ee\014\212w^\031\031D\334\240"
 104      7E7030AC 
 104      65650C8A 
 104      775E1919 
 104      44DCA0
 105 01ac 4A5FFDEB 		.ascii	"J_\375\353\301\234K\245}\222U\310-\177O\352\322a\370"
 105      C19C4BA5 
 105      7D9255C8 
 105      2D7F4FEA 
 105      D261F8
 106 01bf 41979EA0 		.ascii	"A\227\236\240\322\347\027\225\376\365\353\207\375\025"
 106      D2E71795 
 106      FEF5EB87 
 106      FD15
 107 01cd 960979A8 		.ascii	"\226\011y\250\203st\237\201\272`\301a\022,\332a\342"
 107      8373749F 
 107      81BA60C1 
 107      61122CDA 
 107      61E2
 108 01df 915C16C5 		.ascii	"\221\\\026\305\227\027C\276|X\352&[W\336<:\263\264\032"
 108      971743BE 
 108      7C58EA26 
 108      5B57DE3C 
 108      3AB3B41A 
 109 01f3 C844DBA0 		.ascii	"\310D\333\240G\031\322\3031\371a\001/\250#\230\347\002"
 109      4719D2C3 
 109      31F96101 
 109      2FA82398 
 109      E702
 110 0205 2F4F0568 		.ascii	"/O\005h\227w\243\340\035f\202\364\205\330\203\206\016"
 110      9777A3E0 
 110      1D6682F4 
 110      85D88386 
 110      0E
 111 0216 BA289883 		.ascii	"\272(\230\203\370\375\356\033S'\200;\247\021\322h\361"
 111      F8FDEE1B 
 111      5327803B 
 111      A711D268 
 111      F1
 112 0227 58A17757 		.ascii	"X\241wW\210G\270=\215\212y\330\221\271\263?\254A\016"
 112      8847B83D 
 112      8D8A79D8 
 112      91B9B33F 
 112      AC410E
 113 023a 4D219DCB 		.ascii	"M!\235\313\227\312\222\020\357\262=,O\021B\300\217\220"
 113      97CA9210 
 113      EFB23D2C 
 113      4F1142C0 
 113      8F90
 114 024c 546E8C7D 		.ascii	"Tn\214}qk\302\345T\237\224\265\036\272\\C\317\353'B"
 114      716BC2E5 
 114      549F94B5 
 114      1EBA5C43 
 114      CFEB2742 
 115 0260 1060AA74 		.ascii	"\020`\252t\355\243%\014\220\012`\251\271*\300\005\002"
 115      EDA3250C 
 115      900A60A9 
ARM GAS  /tmp/cc2Cbuvw.s 			page 9


 115      B92AC005 
 115      02
 116 0271 7858410A 		.ascii	"xXA\012\022#\335\303\323\256\356g\350\226{\023\013\005"
 116      1223DDC3 
 116      D3AEEE67 
 116      E8967B13 
 116      0B05
 117 0283 9B57C002 		.ascii	"\233W\300\002\001Sd\247\322\036\010G\202\261\312Z\035"
 117      015364A7 
 117      D21E0847 
 117      82B1CA5A 
 117      1D
 118 0294 F21139FE 		.ascii	"\362\0219\376\347\360\234\222\370\234\207KR\224\026"
 118      E7F09C92 
 118      F89C874B 
 118      529416
 119 02a3 70912512 		.ascii	"p\221%\022\230\262g\027~\277\004\\\315\241j\323P\343"
 119      98B26717 
 119      7EBF045C 
 119      CDA16AD3 
 119      50E3
 120 02b5 61A5B805 		.ascii	"a\245\270\005\311\337\232\203\002<\246\326k\017b1\237"
 120      C9DF9A83 
 120      023CA6D6 
 120      6B0F6231 
 120      9F
 121 02c6 5ACD6E19 		.ascii	"Z\315n\031\363\220T\015\304c\016T\245\324\201\270\024"
 121      F390540D 
 121      C4630E54 
 121      A5D481B8 
 121      14
 122 02d7 38F09FD2 		.ascii	"8\360\237\322j\025.\026R\235E\275\007n\312{\223\316"
 122      6A152E16 
 122      529D45BD 
 122      076ECA7B 
 122      93CE
 123 02e9 0064BBAA 		.ascii	"\000d\273\252<\\\012\227\211\0113\334\221R\177\334\036"
 123      3C5C0A97 
 123      890933DC 
 123      91527FDC 
 123      1E
 124 02fa 1FB119FF 		.ascii	"\037\261\031\377\201\362\247\032\256\300\000h\203\256"
 124      81F2A71A 
 124      AEC00068 
 124      83AE
 125 0308 2A839E51 		.ascii	"*\203\236Q\262\314\377Wq\036vf\006\226=M\331\263)u\326"
 125      B2CCFF57 
 125      711E7666 
 125      06963D4D 
 125      D9B32975 
 126 031d 7E0E942D 		.ascii	"~\016\224-\266>s\310x\304\374k\204I\243\233\306\012"
 126      B63E73C8 
 126      78C4FC6B 
 126      8449A39B 
 126      C60A
 127 032f 0F9791B9 		.ascii	"\017\227\221\271c\005\325\224\001\304\274}o\266P\336"
 127      6305D594 
ARM GAS  /tmp/cc2Cbuvw.s 			page 10


 127      01C4BC7D 
 127      6FB650DE 
 128 033f 784CF650 		.ascii	"xL\366P\377\260\200\353\320\270\010r\346\011\010\375"
 128      FFB080EB 
 128      D0B80872 
 128      E60908FD 
 129 034f 2DFE4290 		.ascii	"-\376B\220\273\020\317|\326\257\305\363\265\233\316"
 129      BB10CF7C 
 129      D6AFC5F3 
 129      B59BCE
 130 035e 155DA836 		.ascii	"\025]\2506\242\020M\015\015\021\372\275\023\355\330"
 130      A2104D0D 
 130      0D11FABD 
 130      13EDD8
 131 036d 1C6D8F34 		.ascii	"\034m\2174ol\333\320\366\372\272\310\226\316\310\306"
 131      6F6CDBD0 
 131      F6FABAC8 
 131      96CEC8C6 
 132 037d B7DA235B 		.ascii	"\267\332#[\267t\304:#\353\326\277\266\372\305\310\232"
 132      B774C43A 
 132      23EBD6BF 
 132      B6FAC5C8 
 132      9A
 133 038e 352F47D6 		.ascii	"5/G\326\256o\336\366\002gZ:b\255-\355\355o7\264\012"
 133      AE6FDEF6 
 133      02675A3A 
 133      62AD2DED 
 133      ED6F37B4 
 134 03a3 2BB6ADA5 		.ascii	"+\266\255\2453\332\032\246\327&z\333\261\266M\321\316"
 134      33DA1AA6 
 134      D7267ADB 
 134      B1B64DD1 
 134      CE
 135 03b4 ADD15693 		.ascii	"\255\321V\223? \206\364\372\027b\337\275K"
 135      3F2086F4 
 135      FA1762DF 
 135      BD4B
 136              		.text
 137              		.section	.gnu.lto_Vector4C.75e1e4f06880dd07,"e",%progbits
 138 0000 789C9595 		.ascii	"x\234\225\225]L\034U\024\307\357\231;\337\273\260\205"
 138      5D4C1C55 
 138      14C7EF99 
 138      3BDFBBB0 
 138      85
 139 0011 0743BB68 		.ascii	"\007C\273hx\351C\243aQ_\372X\203\017>\2641\261}oj\255"
 139      78E943A3 
 139      61515FFA 
 139      58830F3E 
 139      B431B17D 
 140 0028 B671630D 		.ascii	"\266qc\0154\276z\367KP\326\322\032\313\212f\335\265"
 140      34BE7AF7 
 140      4B50D6D2 
 140      1ACB8A66 
 140      DDB5
 141 003a 1B946AA0 		.ascii	"\033\224j\240\230\032c\013\225\021\004\244bAl\351\007"
 141      981A630B 
 141      951104A4 
ARM GAS  /tmp/cc2Cbuvw.s 			page 11


 141      62416CE9 
 141      07
 142 004b 956A152C 		.ascii	"\225j\025,\310\247\211\304\020\323\365\334\271\263\273"
 142      C8A789C4 
 142      10D3F5DC 
 142      B9B3BB
 143 005a 530C644B 		.ascii	"S\014dK\340r\347\236\377\234\377=\277{fF'@\342:!\317"
 143      E072E79E 
 143      FF9CFF3D 
 143      BF7B6646 
 143      2740E23A 
 144 0070 10423EC5 		.ascii	"\020B>\305?\360\022\220\030c\273\264\220.\001ufT\362"
 144      3FF01290 
 144      1863BBB4 
 144      902E0175 
 144      6654F2
 145 0083 8C2FAFED 		.ascii	"\214/\257\355\224\231)w6\3074\231y=N\354)YRpR\205!U"
 145      94992977 
 145      36C73499 
 145      793D4EEC 
 145      29595270 
 146 009b FCF72AA0 		.ascii	"\374\367*\240:\267\251\222\346\304t'\246\201\356\304"
 146      3AB7A992 
 146      E6C47427 
 146      A681EEC4 
 147 00ab 74C97062 		.ascii	"t\311pb\246\0233\300tb&\200=c:\220\327%\352\221\025"
 147      A61333C0 
 147      74622680 
 147      3D633A90 
 147      D725EA91 
 148 00c0 55D30D13 		.ascii	"U\323\015\023pN\362?\3154A\241\257a\346\274\264\343"
 148      704EF23F 
 148      CD3441A1 
 148      AF61E6BC 
 148      B4E3
 149 00d2 1354332B 		.ascii	"\023T3+\261f\206X\254\"\205\232\326\274\016.\300\016"
 149      B1668658 
 149      AC22859A 
 149      D6BC0E2E 
 149      C00E
 150 00e4 4250F9C6 		.ascii	"BP\371\306\300\211\356\222\3434E\001$\274\374\350\352"
 150      C089EE92 
 150      E3344501 
 150      24BCFCE8 
 150      EA
 151 00f5 5818F8A5 		.ascii	"X\030\370\245\004[\360\362\324\3733\025\264\026\270"
 151      045BF0F2 
 151      D4FB3315 
 151      B416B8
 152 0104 F0EFB98E 		.ascii	"\360\357\271\216\220\271=\303X\230Y\253\237U\234\214"
 152      90B93DC3 
 152      589859AB 
 152      9F559C8C 
 153 0114 B07626A7 		.ascii	"\260v&\247(\205\213@1/\364\200\037\272\301/\322\243"
 153      28858B40 
 153      312FF480 
 153      1FBAC12F 
ARM GAS  /tmp/cc2Cbuvw.s 			page 12


 153      D2A3
 154 0126 FECEE7F7 		.ascii	"\376\316\347\367N\225\2502|\015\333\035_\350\005\025"
 154      4E95A832 
 154      7C0DDB1D 
 154      5FE80515 
 155 0136 B112E06B 		.ascii	"\261\022\340kg\307\025\213\335\31360k\361\321\313_\254"
 155      67C7158B 
 155      DDCB3630 
 155      6BF1D1CB 
 155      5FAC
 156 0148 963F0C24 		.ascii	"\226?\014$Ee\011\007\205\342\240\312|\246\360\231\312"
 156      45650907 
 156      85E2A0CA 
 156      7CA6F099 
 156      CA
 157 0159 671A1F74 		.ascii	"g\032\037t\0344\203\017&\037\312x\264\234\360l[yx\033"
 157      1C34830F 
 157      261FCA78 
 157      B49CF06C 
 157      5B79781B 
 158 016d 1FFC7CB1 		.ascii	"\037\374|\261\222\017\2044Q\262\274\326\276\023\230"
 158      920F8434 
 158      51B2BCD6 
 158      BE1398
 159 017c 45489C4A 		.ascii	"EH\234J\366<\202\363y\210\2443-\324\336\017\3564\331"
 159      F63C82F3 
 159      7988A433 
 159      2DD4DE0F 
 159      EE34D9
 160 018f 3E9235A2 		.ascii	">\2225\242\020\016\351)\252\267R\276C\013\242|?\006"
 160      100EE929 
 160      AAB752BE 
 160      430BA27C 
 160      3F06
 161 01a1 97566DA0 		.ascii	"\227Vm\240\223P\367MN\307\015\370\3113\331v\230\203"
 161      9350F74D 
 161      4EC70DF8 
 161      C933D976 
 161      9883
 162 01b3 BE9ED9C6 		.ascii	"\276\236\331\306~\255\300\001\031P7\230(\027\247\317"
 162      7EADC001 
 162      19503798 
 162      2817A7CF 
 163 01c3 B5501B8B 		.ascii	"\265P\033\213\035t\211\241\037T\350C[\002\337\202\232"
 163      1D7489A1 
 163      1F54E843 
 163      5B02DF82 
 163      9A
 164 01d4 A45B3176 		.ascii	"\244[1v<\2624\245\363\243\221\355\363Xm\356\266\250"
 164      3CB234A5 
 164      F3A391ED 
 164      F3586DEE 
 164      B6A8
 165 01e6 B86463E8 		.ascii	"\270dc\350\213K\227N$\273\3446\310@\212\2320\210\347"
 165      8B4B974E 
 165      24BBE436 
 165      C8408A9A 
ARM GAS  /tmp/cc2Cbuvw.s 			page 13


 165      3088E7
 166 01f9 31C0CF03 		.ascii	"1\300\317\003\003\243\203\361\017}5\235,\032b\351L\374"
 166      03A383F1 
 166      0F7D359D 
 166      2C1A62E9 
 166      4CFC
 167 020b 9114F5C0 		.ascii	"\221\024\365\300\020\264\301{h\312\235\010|\0075\270"
 167      10B4C17B 
 167      68CA9D08 
 167      7C0735B8 
 168 021b E7484BC3 		.ascii	"\347HK\303\260\"\014\267\011\317\336lK\257\314M\024"
 168      B0220CB7 
 168      09CFDE6C 
 168      4BAFCC4D 
 168      14
 169 022c D06118B3 		.ascii	"\320a\030\263MC\364v\377\0108\"T\014--\\\001\241 p\311"
 169      4D43F476 
 169      FF083822 
 169      540C2D2D 
 169      5C01A120 
 170 0242 39FF26EA 		.ascii	"9\377&\352i\216]\033\302\236B,\362J\216\373\034\204"
 170      698E5D1B 
 170      C29E422C 
 170      F24A8EFB 
 170      1C84
 171 0254 7B664763 		.ascii	"{fGc&\2578I\301]\223\027\326\023\366f\034^\023\223\203"
 171      26AF3849 
 171      C15D9317 
 171      D613F666 
 171      1C5E1393 
 172 0269 6320AA2A 		.ascii	"c \252*\201\021\004\016\337;e]x\247\261K\305\262\370"
 172      8111040E 
 172      DF3B655D 
 172      78A7B14B 
 172      C5B2F8
 173 027c 83C239FC 		.ascii	"\203\3029\374`\327\004\274\325.\333\005\365\365\014"
 173      60D704BC 
 173      D52EDB05 
 173      F5F50C
 174 028b 3F26CC78 		.ascii	"?&\314xo[7\273n\224b\242\220\320\233\270\205<\241\344"
 174      6F5B37BB 
 174      6E9462A2 
 174      90D09BB8 
 174      853CA1E4 
 175 029f DB1FCC50 		.ascii	"\333\037\314PA\250\212\343\031\265SI<\325\230\235*\374"
 175      41A88AE3 
 175      19B55349 
 175      3CD5989D 
 175      2AFC
 176 02b1 6FC3194D 		.ascii	"o\303\031M\344\242\230N$\337#\026\344\007L\376\243\303"
 176      E4A2984E 
 176      24DF2316 
 176      E4074CFE 
 176      A3C3
 177 02c3 1E938FAF 		.ascii	"\036\223\217\257O\256`:q\024\255T\254\224\333\216\212"
 177      4FAE603A 
 177      7114AD54 
ARM GAS  /tmp/cc2Cbuvw.s 			page 14


 177      AC94DB8E 
 177      8A
 178 02d4 E8A9EB03 		.ascii	"\350\251\353\003\016=\265XO\340\216?\025\034\257\344"
 178      0E3DB558 
 178      4FE08E3F 
 178      151CAFE4 
 179 02e4 8E1A4422 		.ascii	"\216\032D\"M\344\2725\332\221\364\210s\374'\233\315"
 179      4DE4BA35 
 179      DA91F488 
 179      73FC279B 
 179      CD
 180 02f5 FAE02A26 		.ascii	"\372\340*&B\313\251\267l\335\003\271M\024\334\256A\015"
 180      42CBA9B7 
 180      6CDD03B9 
 180      4D14DCAE 
 180      410D
 181 0307 5AD8861A 		.ascii	"Z\330\206\032I\3222,\007\345_\276\271p\306\340f\230"
 181      49D2322C 
 181      07E55FBE 
 181      B970C6E0 
 181      6698
 182 0319 02AE8BB6 		.ascii	"\002\256\213\266\272\333?\321\341\025[*s\367\225\212"
 182      BADB3FD1 
 182      E1155B2A 
 182      73F7958A 
 183 0329 7D75C3E9 		.ascii	"}u\303\351\2538U\276\272\370ne\241\231&\007Tq\213^T"
 183      AB3855BE 
 183      BAF86E65 
 183      A1992607 
 183      54718B5E 
 184 033e F7DCDCB8 		.ascii	"\367\334\334\270{Ja\322\3365\277\015n!\243y\210\245"
 184      7B4A61D2 
 184      DE35BF0D 
 184      6E21A379 
 184      88A5
 185 0350 1FB21F7D 		.ascii	"\037\262\037}\314^\\s\376\354N\177>a\235\266\345\215"
 185      CC5E5C73 
 185      FEEC4E7F 
 185      3E619DB6 
 185      E58D
 186 0362 767E2F4C 		.ascii	"v~/L\241N\274\002o\243\316\335\374>,\361\027\360\247"
 186      A14EBC02 
 186      6FA3CEDD 
 186      FC3E2CF1 
 186      17F0A7
 187 0375 E816BB46 		.ascii	"\350\026\273F\325\365\300\010l~\201\255\255\351\264"
 187      D5F5C008 
 187      6C7E81AD 
 187      ADE9B4
 188 0384 78575390 		.ascii	"xWS\220\340\327\034\266\305\0346\277\213\223v?\247\251"
 188      E0D71CB6 
 188      C51C36BF 
 188      8B93763F 
 188      A7A9
 189 0396 1C27A3A8 		.ascii	"\034'\243\250B\356l\306\351\267\002\247\337\327q2\212"
 189      42EE6CC6 
 189      E9B702A7 
ARM GAS  /tmp/cc2Cbuvw.s 			page 15


 189      DFD77132 
 189      8A
 190 03a7 E334BD29 		.ascii	"\3434\275)\247\231<\247?\004\247|\267\370\260[\356\026"
 190      A7993CA7 
 190      3F04A77C 
 190      B7F8B05B 
 190      EE16
 191 03b9 38E9FFE3 		.ascii	"8\351\377\343T)8}<}2Q*8\3110\233\3434\330\351p\252t"
 191      5429387D 
 191      3C7D3251 
 191      2A38C930 
 191      9BE334D8 
 192 03d1 7132EEE7 		.ascii	"q2\356\3474\233\343d\026U\310\334f\234\376,p\232_\307"
 192      349BE364 
 192      1655C8DC 
 192      669CFE2C 
 192      709A5FC7 
 193 03e5 C92C8ED3 		.ascii	"\311,\216\323\302\246\234\026\363\234\226\004\247|{"
 193      C2A69C16 
 193      F39C9604 
 193      A77C7B
 194 03f4 F8B03D96 		.ascii	"\370\260=\226\013\234\314\025\367\207\357lb\243\017"
 194      0B9CCC15 
 194      F787EF6C 
 194      62A30F
 195 0403 9F8C3B5D 		.ascii	"\237\214;])\342\303\247\240\356\257\234n\021\302\351"
 195      29E2C3A7 
 195      A0EEAF9C 
 195      6E11C2E9 
 196 0413 7309B111 		.ascii	"s\011\261\021\361\352\007\333.l\361\253]\325\325\001"
 196      F1EA07DB 
 196      2E6CF1AB 
 196      5DD5D501 
 197 0423 FC7DF950 		.ascii	"\374}\371P\335+\207\202\201\332\303G\236?\362\354\336"
 197      DD2B8782 
 197      81DAC347 
 197      9E3FF2EC 
 197      DE
 198 0434 C0D1FAC0 		.ascii	"\300\321\372\300\341\003\301\300\253G\353\216\325\007"
 198      E103C1C0 
 198      AB47EB8E 
 198      D507
 199 0442 F6EEDBF3 		.ascii	"\366\356\333\363\344\023\201\335\273\237\016<\267\257"
 199      E41381DD 
 199      BB9F0E3C 
 199      B7AF
 200 0450 F6B5C779 		.ascii	"\366\265\307yd\177\335\261\203\373\203\301\027\252\017"
 200      647FDDB1 
 200      83FB83C1 
 200      17AA0F
 201 045f 12E5C5E0 		.ascii	"\022\345\305\340\201\227\352\377\003B\342\333("
 201      8197EAFF 
 201      0342E2DB 
 201      28
 202              		.text
 203              		.section	.gnu.lto_rtc_lld_set_prescaler.75e1e4f06880dd07,"e",%progbits
 204 0000 789C9D54 		.ascii	"x\234\235TKLSA\024\235\373\346}J#\342\022%1lY\330Wu"
ARM GAS  /tmp/cc2Cbuvw.s 			page 16


 204      4B4C5341 
 204      149DFBE6 
 204      7D4A23E2 
 204      1225316C 
 205 0018 E312834B 		.ascii	"\343\022\203K\374D\330\023E\022\210\015\220BL\\\371"
 205      FC44D813 
 205      4512880D 
 205      90424C5C 
 205      F9
 206 0029 FAC14669 		.ascii	"\372\301Fi(1*4R\213ABW\240\211\033\004\245\026\005A"
 206      28312A34 
 206      528B4142 
 206      57A0891B 
 206      04A51605 
 207 003e 900A4540 		.ascii	"\220\012E@\345#\211\012\370\0011Q\303\202:w^[y\220\020"
 207      E523890A 
 207      F8013151 
 207      C3823A77 
 207      5E5B7990 
 208 0053 B4696FE6 		.ascii	"\264io\346\315\234\236s\346\336\373\256\211\000\271"
 208      CD9C9E73 
 208      E6DEFBAE 
 208      8900B9
 209 0062 28116227 		.ascii	"(\021b'\204\234b?\220\011\010\232\246\345*\016\223\000"
 209      849C623F 
 209      9009089A 
 209      A6E52A0E 
 209      9300
 210 0074 34B1A282 		.ascii	"4\261\242\2024\272\262vD\324\314b\273\257F\021\265]"
 210      34BAB276 
 210      44D4CC62 
 210      BBAF4611 
 210      B55D
 211 0086 52E2ECA8 		.ascii	"R\342\354\250\010\300\027\232\011\310%\201J\"\260HR"
 211      08C0179A 
 211      09C82581 
 211      4A22B048 
 211      52
 212 0097 1F1F6DA0 		.ascii	"\037\037m\240\020\361|\354\024r\332\030N\01374\356\276"
 212      10F17CEC 
 212      1472DA18 
 212      4E0B3734 
 212      EEBE
 213 00a9 ACD56406 		.ascii	"\254\325d\006\031\306\237\302\301C\310!\204!\347\357"
 213      19C69FC2 
 213      C143C821 
 213      8421E7EF 
 214 00b9 AFDF4897 		.ascii	"\257\337H\227\305\304\021t\241\035\266\350\030\225\302"
 214      C5C41174 
 214      A11DB6E8 
 214      1895C2
 215 00c8 DA7ADCA3 		.ascii	"\332z\334\243\205cwa\354D\206H\202\024$\0142\006\005"
 215      85637761 
 215      EC448648 
 215      8214240C 
 215      320605
 216 00db 8309431A 		.ascii	"\203\011C\032\0063\006Bj)YY\013\035\001-L\210\227\012"
ARM GAS  /tmp/cc2Cbuvw.s 			page 17


 216      06330642 
 216      6A295959 
 216      0B1D012D 
 216      4C88970A 
 217 00ef 7CED62EB 		.ascii	"|\355b\353/\340\232\353\360\306>E\301 \210:\251\015"
 217      2FE09AEB 
 217      F0C63E45 
 217      C120883A 
 217      A90D
 218 0101 377A9DAB 		.ascii	"7z\235\253mT\366r\023\374t\003\032\036\201\014\335L"
 218      6D54F672 
 218      13FC7403 
 218      1A1E810C 
 218      DD4C
 219 0113 9CC06390 		.ascii	"\234\300c\220\003\324\314\316\002\241\241x\232\033\234"
 219      03D4CCCE 
 219      02A1A178 
 219      9A1B9C
 220 0122 0E53900A 		.ascii	"\016S\220\012~* \206@\017\270\201\331\301\353x)\246"
 220      7E2A2086 
 220      400FB881 
 220      D9C1EB78 
 220      29A6
 221 0134 4C13B989 		.ascii	"L\023\271\211%\210t/6\365*\006\013\224lJ\202\270\305"
 221      2588742F 
 221      36F52A06 
 221      0B946C4A 
 221      82B8C5
 222 0147 53F3E726 		.ascii	"S\363\347&\232\260$\032-E\230\245'hi\323\037\026\323"
 222      9AB0241A 
 222      2D4598A5 
 222      276869D3 
 222      1F16D3
 223 015a 09F4229E 		.ascii	"\011\364\"\236\032\361O\031>\314\257\360\014\257 \263"
 223      1AF14F19 
 223      3ECCAFF0 
 223      0CAF20B3 
 224 016a B33AD7F2 		.ascii	"\263:\327\362\214\251\216\006\251\010\010\375\351\353"
 224      8CA98E06 
 224      A90808FD 
 224      E9EB
 225 0178 0A53FD51 		.ascii	"\012S\375Q\2132\343lk\260>pOl\205\026\010R\011\372!"
 225      8B32E36C 
 225      6BB03E70 
 225      4F6C8516 
 225      085209FA 
 226 018d 0BFA208B 		.ascii	"\013\372 \213\323\216\364yogX\3335\267Ck\376\341\335"
 226      D38EF479 
 226      6F6758DB 
 226      35B7436B 
 226      FEE1DD
 227 01a0 1FA4323C 		.ascii	"\037\2442<\207Vhd\242\250D`\000\254\354\322\256\233"
 227      87566864 
 227      A2A84460 
 227      00ACECD2 
 227      AE9B
 228 01b2 9E014917 		.ascii	"\236\001I\027Tt\315\353\203\017\006\314(\002\220\015"
ARM GAS  /tmp/cc2Cbuvw.s 			page 18


 228      5474CDEB 
 228      830F06CC 
 228      2802900D 
 229 01c2 838CED03 		.ascii	"\203\214\355\003\270g{\207 \001b\210\376\345\2571\320"
 229      B8677B87 
 229      20016288 
 229      FEE5AF31 
 229      D0
 230 01d3 11045EA0 		.ascii	"\021\004^\240\036\301\342J\276\232\211~\334\363R\361"
 230      1EC1E24A 
 230      BE9A897E 
 230      DCF352F1 
 231 01e3 7BB2B63C 		.ascii	"{\262\266<\255].\005o\034\240\246\0359\0064;\2244\033"
 231      AD5D2E05 
 231      6F1CA0A6 
 231      1D390634 
 231      3B94341B 
 232 01f7 41B3C3BA 		.ascii	"A\263\303\272\331k\036\320\211\322t\256;\343Qg\302\311"
 232      D96B1ED0 
 232      89D274AE 
 232      3BE35167 
 232      C2C9
 233 0209 1E78C978 		.ascii	"\036x\311x\230\334\314U\216\331\271\322\210A)\012VF"
 233      98DCCC55 
 233      8ED9B9D2 
 233      8841290A 
 233      5646
 234 021b 8F44AB0B 		.ascii	"\217D\253\013\267\332\024\254\354\006*\007\026p\337"
 234      B7DA14AC 
 234      EC062A07 
 234      1670DF
 235 022a 36B9CE46 		.ascii	"6\271\316F\306W\234\021\373\027F\301\272\261\2162\313"
 235      C6579C11 
 235      FB1746C1 
 235      BAB18E32 
 235      CB
 236 023b D898EE73 		.ascii	"\330\230\356su\241\351?\351c\234^@\372qN\357\013\365"
 236      75A1E93F 
 236      E9639C5E 
 236      40FA714E 
 236      EF0BF5
 237 024e 74C83A7D 		.ascii	"t\310:}\313\002\205\327\272@\367\342\260\313\330\316"
 237      CB0285D7 
 237      BA40F7E2 
 237      B0CBD8CE 
 238 025e D2D6EEFD 		.ascii	"\322\326\356\375\225\352^\311\330\215\223\254\033'x"
 238      95EA5EC9 
 238      D88D93AC 
 238      1B2778
 239 026d 374E61C2 		.ascii	"7Na\302w\326k<\237o\222\371\234\304|\276M\266\331tg"
 239      77D66B3C 
 239      9F6F92F9 
 239      9CC47CBE 
 239      4DB6D974 
 240 0282 A54E25E9 		.ascii	"\245N%\351l>\377\302oQ\257\335r<\036\317\200w\177\353"
 240      6C3EFFC2 
 240      6F51AFDD 
ARM GAS  /tmp/cc2Cbuvw.s 			page 19


 240      723C1ECF 
 240      80777FEB 
 241 0296 37F52FF5 		.ascii	"7\365/\365\2336\350\315`\375$6S\334l\246\324/e\032\022"
 241      9B36E8CD 
 241      60FD2436 
 241      53DC6CA6 
 241      D42F651A 
 242 02ab 206F1D29 		.ascii	" o\035)WBJ\"\001\2621\001s,\001\263<\001\357Y\3344O"
 242      57424A22 
 242      01B23101 
 242      732C01B3 
 242      3C01EF59 
 243 02c2 143F5510 		.ascii	"\024?U\020A`\036\347\011\0338Aj\"\337\300\331\334\026"
 243      41601EE7 
 243      091B3841 
 243      6A22DFC0 
 243      D9DC16
 244 02d5 003E25F5 		.ascii	"\000>%\365w\002\370\213\340\014\343S\256\305\242\262"
 244      7702F88B 
 244      E00CE353 
 244      AEC5A2B2 
 245 02e5 EFF9127B 		.ascii	"\357\371\022{y\211M\315+-;[v\262@\255\250RK\317\330"
 245      79894DCD 
 245      2B2D3B5B 
 245      76B240AD 
 245      A8524BCF 
 246 02fa D4CA0A7B 		.ascii	"\324\312\012{u\225ZPx\374\360!5?\377\230z\2720\357\302"
 246      75955A50 
 246      78FCF021 
 246      353FFF98 
 246      7ABA30EF 
 247 030f 413C29B2 		.ascii	"A<)\262W\027\027\331l\347,\305D\335\216\240\242\212"
 247      571717D9 
 247      6CE72CC5 
 247      44DD8EA0 
 247      A28A
 248 0321 057BF581 		.ascii	"\005{\365\201\3622}m)%\177\000\314\225\347F"
 248      F2327D6D 
 248      29257F00 
 248      CC95E746 
 249              		.text
 250              		.section	.gnu.lto_rtc_lld_init.75e1e4f06880dd07,"e",%progbits
 251 0000 789C9554 		.ascii	"x\234\225TKLSA\024\235\363\346\365\275G\001\331\232"
 251      4B4C5341 
 251      149DF3E6 
 251      F5BD4701 
 251      D99A
 252 0012 9018B66E 		.ascii	"\220\030\266n(\352\306\245\250K\215\211\2707\376\022"
 252      28EAC6A5 
 252      A84B8D89 
 252      B837FE12 
 253 0022 8D440D1A 		.ascii	"\215D\015\032\267NK\021\"U\214?$\012\257\332\250\304"
 253      B74E4B11 
 253      22558C3F 
 253      240AAFDA 
 253      A8C4
 254 0034 859FC4C4 		.ascii	"\205\237\304\304\370\245\202\202 \012\342\377\207\277"
ARM GAS  /tmp/cc2Cbuvw.s 			page 20


 254      F8A58282 
 254      200AE2FF 
 254      87BF
 255 0042 68D4A0A0 		.ascii	"h\324\240\240&\232\230h\275w\346Q\013\376\233v2\235"
 255      269A9868 
 255      BD77E651 
 255      0BFE9B76 
 255      329D
 256 0054 39F79C7B 		.ascii	"9\367\234{\356\334\031O@l\016\0111S\010\021\243\037"
 256      EEDC194F 
 256      406C0E09 
 256      31530811 
 256      A31F
 257 0066 F2042CA5 		.ascii	"\362\004,\245\324\0147\352Y\220\301LZ\336\300\310\227"
 257      D40C37EA 
 257      5990C14C 
 257      5ADEC0C8 
 257      97
 258 0077 E9B60A3B 		.ascii	"\351\266\012;G\032j\\[\025x\301^\271\003[O`[n\200\011"
 258      471A6A5C 
 258      5B1578C1 
 258      5EB9035B 
 258      4F605B6E 
 259 008d 051837D8 		.ascii	"\005\0307\330*\017\001z\242<\210\015\226\364\034\333"
 259      2A0F017A 
 259      A23C880D 
 259      96F41CDB 
 260 009d 0D6183B4 		.ascii	"\015a\203\264E\366#\177L\033d\243D{\355\313S\326\344"
 260      45F6237F 
 260      4C1B64A3 
 260      447BEDCB 
 260      53D6E4
 261 00b0 4314A5D2 		.ascii	"C\024\245\322\215#\0236\252\232\211>a\232\2628\234\306"
 261      8D231336 
 261      AA9A893E 
 261      619AB238 
 261      9CC6
 262 00c2 642108F9 		.ascii	"d!\010\371\354\370\267\235\205\216\035l\341\014\034"
 262      ECF8B79D 
 262      858E1D6C 
 262      E10C1C
 263 00d1 7224C4D1 		.ascii	"r$\304\321\201PZ}\313\324\252to\012\327\347M\200\360"
 263      81505A7D 
 263      CBD4AA74 
 263      6F0AD7E7 
 263      4D80F0
 264 00e4 252C1EC2 		.ascii	"%,\036\302<\344\363P\300C!\017B\324K1\362\245u:TZ\210"
 264      3CE4F350 
 264      C043210F 
 264      42D44B31 
 264      F2A5753A 
 265 00fb 84B4F4BC 		.ascii	"\204\264\364\274\232\346C\210'\207\233\245\346%\265"
 265      9AE64388 
 265      27879BA5 
 265      E625B5
 266 010a E6D6DE4C 		.ascii	"\346\326\336L^\034\261\250\347K\253\211\003q\026q\360"
 266      5E1CB1A8 
ARM GAS  /tmp/cc2Cbuvw.s 			page 21


 266      E74BAB89 
 266      03711671 
 266      F0
 267 011b D696EAE1 		.ascii	"\326\226\352\341Ao\213\364\245\304x\244Lqr\264x\373"
 267      416F8BF4 
 267      A5C478A4 
 267      4C7172B4 
 267      78FB
 268 012d 41673F0E 		.ascii	"Ag?\016 \005_\3328O\2018\207b\275s\2521\275_\303\353"
 268      20055FDA 
 268      384F8138 
 268      8762BD73 
 268      AA31BD5F 
 269 0143 942A618E 		.ascii	"\224*a\2166\302\0317i\302\3712$\336 \366\341\325\371"
 269      36C21937 
 269      69C2F932 
 269      24DE20F6 
 269      E1D5F9
 270 0156 432EAFFE 		.ascii	"C.\257\376\223\300\205\\\201\323\333\352\2169eG\270"
 270      93C0855C 
 270      81D3DBEA 
 270      8E396547 
 270      B8
 271 0167 A2C9C5BE 		.ascii	"\242\311\305\276t\320N\270\335\246h\035(#\304\247\206"
 271      74D04EB8 
 271      DDA6681D 
 271      2823C4A7 
 271      86
 272 0178 3369C906 		.ascii	"3i\311\006\034\250~\245l\\\244\3207h?\373\272\247+\314"
 272      1CA87EA5 
 272      6C5CA4D0 
 272      37683FFB 
 272      BAA72BCC 
 273 018c A254865C 		.ascii	"\242T\206\\\237\216\366\331\263\265\371\230M\212Q\245"
 273      9F8EF6D9 
 273      B3B5F998 
 273      4D8A51A5 
 274 019c 1377390A 		.ascii	"\023w9\012\227\002\321\276\316DK\021\211\262\001\017"
 274      9702D1BE 
 274      CE444B11 
 274      89B2010F 
 275 01ac 9D5A914F 		.ascii	"\235Z\221O\007](#\352\352]\2650\304\226\341>\270g{\253"
 275      075D2823 
 275      EAEA5DB5 
 275      30C496E1 
 275      3EB8677B 
 276 01c1 C5DCC0E7 		.ascii	"\305\334\300\347L&S\204\313&\205\301M\010\\\377\207"
 276      4C265384 
 276      CB2685C1 
 276      4D085CFF 
 276      87
 277 01d2 5CF70FB9 		.ascii	"\\\367\017\271\036\224\221\206\340\243\225_\211X\352"
 277      1E949186 
 277      E0A3955F 
 277      8958EA
 278 01e1 B3D5DEEA 		.ascii	"\263\325\336\352:\3341]d\211\234\266\212\353r\235l\221"
 278      3ADC315D 
ARM GAS  /tmp/cc2Cbuvw.s 			page 22


 278      64899CB6 
 278      8AEB729D 
 278      6C91
 279 01f3 BAB1F466 		.ascii	"\272\261\364f\016\030\275pp\205\216H\340*\233(\310\311"
 279      0E18BD70 
 279      70858E48 
 279      E02A9B28 
 279      C8C9
 280 0205 0FBFCD2D 		.ascii	"\017\277\315-\252\222\251\304$N\360Z\220 \363\010\364"
 280      AA92A9C4 
 280      244EF05A 
 280      9020F308 
 280      F4
 281 0216 8D96A43B 		.ascii	"\215\226\244;d\350\012\015c[fW\233mj\342\241\237\330"
 281      64E80A0D 
 281      635B6657 
 281      9B6D6AE2 
 281      A19FD8
 282 0229 5E20FEB8 		.ascii	"^ \376\270\243\027\001\210\020]\303oo\302 \004\256\263"
 282      A3170188 
 282      105DC36F 
 282      6FC22004 
 282      AEB3
 283 023b 9EE086F6 		.ascii	"\236\340\206\366\0225w\272x\255^:\272\237A\366\371F"
 283      123577BA 
 283      78AD5E3A 
 283      BA9F41F6 
 283      F946
 284 024d D2D166ED 		.ascii	"\322\321f\355\357\035g_\376l\377y\326\276\034k\377\006"
 284      EF1D675F 
 284      FE6CFF79 
 284      D6BE1C6B 
 284      FF06
 285 025f D91FD0F6 		.ascii	"\331\037\320\366or*\341\177\265\377\321\330\2775j\377"
 285      6F722AE1 
 285      7FB5FFD1 
 285      D8BF356A 
 285      FF
 286 0270 06DBBF9D 		.ascii	"\006\333\277\235c_\323\345\033\306\035='\272\303\306"
 286      635FD3E5 
 286      1BC61D3D 
 286      27BAC3C6 
 287 0280 5C09EEE4 		.ascii	"\\\011\356\344\3307\240\034\277\356\326\300oB\206\336"
 287      D837A01C 
 287      BFEED6C0 
 287      6F4286DE 
 288 0290 8FDE5F32 		.ascii	"\217\336_2\371\341\325=\323\277\343\332'Y%\376\220e"
 288      F9E1D53D 
 288      D3BFE3DA 
 288      275925FE 
 288      9065
 289 02a2 09A77857 		.ascii	"\011\247xW\247\310-\201{\372\216d\233\237^2\334\327"
 289      A7C82D81 
 289      7BFA8E64 
 289      9B9F5E32 
 289      DCD7
 290 02b4 CD4997F2 		.ascii	"\315I\227\362a\226\377\357\227\362\301\037.e\036\036"
ARM GAS  /tmp/cc2Cbuvw.s 			page 23


 290      6196FFEF 
 290      97F2C11F 
 290      2E651E1E 
 291 02c4 6A418EC3 		.ascii	"jA\216\303\243\261\202y$8HaC\250IfZ~\371 \205\233\370"
 291      A3B18279 
 291      24384861 
 291      43A84966 
 291      5A7EF920 
 292 02db 49C5E3E0 		.ascii	"I\305\343\340A\212\326\037\336W\310\241\371\220x\202"
 292      418AD61F 
 292      DE57C8A1 
 292      F9907882 
 293 02eb 625A4AA9 		.ascii	"bZJ\251+\273\035\263T\204\247(\366e\201x\207X2\345\233"
 293      2BBB1DB3 
 293      5484A728 
 293      F6658178 
 293      875832E5 
 294 0300 B7C61412 		.ascii	"\267\306\024\022\272z\2614\377\233QZ\032\241\357\312"
 294      BA7AB134 
 294      FF9B515A 
 294      1AA1EFCA 
 295 0310 6555AB96 		.ascii	"eU\253\226UFf-_\261x\305\274\212\310\352\265\221\345"
 295      5546662D 
 295      5FB178C5 
 295      BC8AC8EA 
 295      B591E5
 296 0323 8B2A236B 		.ascii	"\213*#kVW\255[\033\251X0w\332\324\310\2349\263#\363"
 296      5657AD5B 
 296      1BA95830 
 296      77DAD4C8 
 296      9C39B323 
 297 0338 17CC5A3F 		.ascii	"\027\314Z?\205w\026V\255[\262\260\262ri\351\022\361"
 297      85771656 
 297      AD5BB2B0 
 297      B27269E9 
 297      12F1
 298 034a 1D131EED 		.ascii	"\035\023\036\355\363"
 298      F3
 299              		.text
 300              		.section	.gnu.lto_rtc_lld_set_alarm.75e1e4f06880dd07,"e",%progbits
 301 0000 789C9D55 		.ascii	"x\234\235U]LTG\024\236s\347\376\001\273\260@h$&\015"
 301      5D4C5447 
 301      149E73E7 
 301      FE01BBB0 
 301      40682426 
 302 0015 0F4D8849 		.ascii	"\017M\210Iei\373\342\243\015}\360\201\246I\261\317\004"
 302      6569FBE2 
 302      A30D7DF0 
 302      81A649B1 
 302      CF04
 303 0027 2909A408 		.ascii	")\011\244\010d\241M\332\227^v\027i\3457M[\213v]Z\213"
 303      64A14DDA 
 303      975E7617 
 303      69E5374D 
 303      5B8B765D 
 304 003d E043A98D 		.ascii	"\340C\251\215\265jE\273\005\025\241\313O)\212\240\002"
 304      B56A45BB 
ARM GAS  /tmp/cc2Cbuvw.s 			page 24


 304      0515A1CB 
 304      4F298AA0 
 304      02
 305 004e D58A40F9 		.ascii	"\325\212@\371\267Zc\015\333s\346^\026\026R\203\222\345"
 305      B75A630D 
 305      DB73E65E 
 305      16165283 
 305      92E5
 306 0060 64E69EBF 		.ascii	"d\346\236\277\357|\347\314\214\316\200U\351\214\325"
 306      EF7CE7CC 
 306      8CCE8055 
 306      E98CD5
 307 006f 32C6DEC7 		.ascii	"2\306\336\307\177\210b \031\206\261S+\327%\340\326\212"
 307      7F886220 
 307      1986B153 
 307      2BD725E0 
 307      D68A
 308 0081 4BFAC0C2 		.ascii	"K\372\300\302\243\035\262\021-\267\326Uh\262a\323-\335"
 308      A31DB211 
 308      2DB7D655 
 308      68B261D3 
 308      2DDD
 309 0093 ABB2A41C 		.ascii	"\253\262\244\034<1\361\"\252\324\211`C\"\252\024\320"
 309      3C31F122 
 309      AAD48960 
 309      4322AA14 
 309      D0
 310 00a4 2C3735BC 		.ascii	",75\274\322\000\304\312\320\201}(q]VT\015p\301\302\177"
 310      D200C4CA 
 310      D0817D28 
 310      715D5654 
 310      0D70C1C2 
 311 00b9 75FC0087 		.ascii	"u\374\000\207\366\312\2113\322\266f45\002\007\226\023"
 311      F6CA8933 
 311      D2B66634 
 311      35020796 
 311      13
 312 00ca F619155B 		.ascii	"\366\031\025[\374h\323\020\266\203\237`\033\332\215"
 312      FC68D310 
 312      B6839F60 
 312      1BDA8D
 313 00d9 BA7D0F6D 		.ascii	"\272}\017m\265\334\317\001d\334~\332\375CW4m%H\301\355"
 313      B5DCCF01 
 313      64DC7EDA 
 313      FD435734 
 313      6D2548C1 
 314 00ee B071A2CE 		.ascii	"\260q\242\316\3063\200\341\372\364\343\221~%\265\311"
 314      C63380E1 
 314      FAF4E391 
 314      7E25B5C9 
 315 00fe 30DC46E0 		.ascii	"0\334F\340\3067\334x\301\3179\234\003\216!\241\015\266"
 315      C637DC78 
 315      C1CF399C 
 315      038E21A1 
 315      0DB6
 316 0110 C259D8CA 		.ascii	"\302Y\330\312\030~\303\320\347!\025\035jn\205<1|\227"
 316      187EC3D0 
ARM GAS  /tmp/cc2Cbuvw.s 			page 25


 316      E721151D 
 316      6A6E853C 
 316      317C97
 317 0123 701EDADF 		.ascii	"p\036\332\337\321\025m9\267g\0364\002\262\237\313\360"
 317      D1156D39 
 317      B7671E34 
 317      02B29FCB 
 317      F0
 318 0134 F3066F19 		.ascii	"\363\006o\031\275\003\302\373B\353\342U\215\277%\274"
 318      BD03C2FB 
 318      42EBE255 
 318      8DBF25BC 
 319 0144 0F0FFFBB 		.ascii	"\017\017\377\273\010\226wo\320\321\3441v\371\271\002"
 319      0896776F 
 319      D0D1E431 
 319      76F9B902 
 320 0154 BF6C7057 		.ascii	"\277lpW\320\275\035R\0319\335\372~\3713\273*[%C\007"
 320      D0BD1D52 
 320      1939DDFA 
 320      7EF933BB 
 320      2A5B2543 
 321 0169 A8D820C6 		.ascii	"\250\330 \306\276\033P\002\306r\250\022\2138\012\327"
 321      BE1B5002 
 321      C672A812 
 321      8B380AD7 
 322 0179 B39201DD 		.ascii	"\263\222\001\335T\211\004G\241\311$\220c\214\242\003"
 322      54890447 
 322      A1C92490 
 322      638CA203 
 323 0189 15622755 		.ascii	"\025b'U,\2118\022\016\022\361$\022H$\222H\"\301X\025"
 323      2C893812 
 323      0E12F124 
 323      12482492 
 323      4822C158 
 324 019e 670B8F5A 		.ascii	"g\013\217Zv\200\021`\254\232Kb\355\301\365\014x\306"
 324      76801160 
 324      AC9A4B62 
 324      EDC1F50C 
 324      78C6
 325 01b0 43358377 		.ascii	"C5\203w\373!\002\025\201\011\177\360R\243\306\253z\243"
 325      FB210215 
 325      81097FF0 
 325      52A3C6AB 
 325      7AA3
 326 01c2 920552A1 		.ascii	"\222\005R\241]c\015\027A\205\013X\001\203K\240\372x"
 326      5D630D17 
 326      41850B58 
 326      01834BA0 
 326      FA78
 327 01d4 3CEA7C2D 		.ascii	"<\352|-\301P\224\027\334\345\272\237\353\015\330\260"
 327      C1509417 
 327      DCE5BA9F 
 327      EB0DD8B0 
 328 01e4 8B546127 		.ascii	"\213Ta'x\251\242(F\030h\260\014Y\200\230\206\366\266"
 328      78A9A228 
 328      461868B0 
 328      0C598098 
ARM GAS  /tmp/cc2Cbuvw.s 			page 26


 328      86F6B6
 329 01f7 A92F3BB4 		.ascii	"\251/;\264\010\010\234\255cJ\336\200\251\361\366QnA"
 329      08089CAD 
 329      634ADE80 
 329      A9F1F651 
 329      6E41
 330 0209 92232175 		.ascii	"\222#!u#\244.\202\264\316a\312\316\340W\262\347\221"
 330      23A42E82 
 330      B4CE61CA 
 330      CEE057B2 
 330      E791
 331 021b F641B4BF 		.ascii	"\366A\264\277,J\350\241\022\354\250\253\365\314\217"
 331      2C4AE8A1 
 331      12ECA8AB 
 331      F5CC8F
 332 022a EA346D9A 		.ascii	"\3524m\232h\363\203\272\263\001nn\215~\004\216\237\272"
 332      68F383BA 
 332      B3016E6E 
 332      8D7E048E 
 332      9FBA
 333 023c EB7DC7E5 		.ascii	"\353}\307\345&8\002~\036\015}\330\350^j4*\372.U\037"
 333      2638027E 
 333      1E0D7DD8 
 333      E85E6A34 
 333      2AFA2E55 
 334 0251 8E4B6F35 		.ascii	"\216Ko5\274\345F\343\275\352\347\375<\006\372\241\011"
 334      BCE546E3 
 334      BDEAE7FD 
 334      3C06FAA1 
 334      09
 335 0262 BEA0F10B 		.ascii	"\276\240\361\013\022\021\277A:\026\355\371\274\262K"
 335      1211BF41 
 335      3A16EDF9 
 335      BCB24B
 336 0271 3113C69A 		.ascii	"1\023\306\2329\303\023\256B\012\014`\264;\340\035\353"
 336      39C313AE 
 336      420A0C60 
 336      B43BE01D 
 336      EB
 337 0282 08826584 		.ascii	"\010\202e\204\026\235\363\263\203`Z0\370\235\3621j\256"
 337      169DF3B3 
 337      83605A30 
 337      F89DF231 
 337      6AAE
 338 0294 5E5731D4 		.ascii	"^W1\324\211\307\004y\225\027Wz+h=\353\321\250b\037\217"
 338      89C70479 
 338      9517577A 
 338      2B683DEB 
 338      D1A8621F 
 339 02a9 DB146220 		.ascii	"\333\024b \260\203+`\273\011\354\025\023\354'\225`\006"
 339      B0832B60 
 339      BB09EC15 
 339      13EC2795 
 339      6006
 340 02bb 7298B1BE 		.ascii	"r\230\261\276\272\322\357\266\2208\340*\306\301t\243"
 340      BAD2EFB6 
 340      9038E02A 
ARM GAS  /tmp/cc2Cbuvw.s 			page 27


 340      C6C174A3 
 341 02cb FB85CDE6 		.ascii	"\373\205\315\3463\015Ed\272\006\351\030\236\212\236"
 341      330D4564 
 341      BA06E918 
 341      9E8A9E
 342 02da ECE8EDB1 		.ascii	"\354\350\355\261Qg}\\[\333\013\005\253\036\266\252\256"
 342      51677D5C 
 342      5BDB0B05 
 342      AB1EB6AA 
 342      AE
 343 02eb E6CAE4D7 		.ascii	"\346\312\344\327?\246Z\245\272\333\246F\246\2363]h\226"
 343      3FA65AA5 
 343      BADBA646 
 343      A69E335D 
 343      6896
 344 02fd 0323C787 		.ascii	"\003#\307\207c\021@9\266=\305\317m\030\310\364D]\353"
 344      63114039 
 344      B63DC5CF 
 344      6D18C8F4 
 344      445DEB
 345 0310 A9E63E3B 		.ascii	"\251\346>;b\250\027*;\214\010\0244\363p\335,\366\361"
 345      62A8172A 
 345      3B8C0814 
 345      34F370DD 
 345      2CF6F1
 346 0323 BE2EBB19 		.ascii	"\276.\273\031K2\303\205\253\215\305jo\210j\335m]\311"
 346      4B32C385 
 346      AB8DC56A 
 346      6F886ADD 
 346      6D5DC9
 347 0336 A60D5F0B 		.ascii	"\246\015_\013\221\213qY\227>\316\307u\270i\245/\367"
 347      918B7159 
 347      973ECEC7 
 347      75B869A5 
 347      2FF7
 348 0348 8F9D5631 		.ascii	"\217\235V1\275\251\322`T\244\227(\375\230H\217<\016"
 348      BDA9D260 
 348      54A49728 
 348      FD98488F 
 348      3C0E
 349 035a 2B147A5D 		.ascii	"+\024z]\240\306\017\360\364Dc\2760\233\276\232C\023"
 349      A0C60FF0 
 349      F44463BE 
 349      309BBE9A 
 349      4313
 350 036c DC9CB414 		.ascii	"\334\234\264\024\342s\\\204\242\243\003\177\020\231"
 350      E2735C84 
 350      A2A3037F 
 350      1099
 351 037a 9218338D 		.ascii	"\222\0303\215\371x\222Y\307\221\223\337\266\304\231"
 351      F9789259 
 351      C79193DF 
 351      B6C499
 352 0389 5D0B85F0 		.ascii	"]\013\205\360\000\254\364\355\334\241\223\360L\031o"
 352      00ACF4ED 
 352      DCA193F0 
 352      4C196F
ARM GAS  /tmp/cc2Cbuvw.s 			page 28


 353 0398 8B8C7436 		.ascii	"\213\214t6\341O\312\230$:\243~tm\311\261\332\231\321"
 353      E14FCA98 
 353      243AA37E 
 353      746DC9B1 
 353      DA99D1
 354 03ab 63AAC994 		.ascii	"c\252\311\224\374\224\324\334Y\245f\302\244f\351\362"
 354      FC94D4DC 
 354      59A566C2 
 354      A466E9F2 
 355 03bb F627E094 		.ascii	"\366'\340\224\377\027\347\335Uf&!}m\303bp\246\246L\036"
 355      FF17E7DD 
 355      55662621 
 355      7D6DC362 
 355      70A6A64C 
 356 03d0 9626C78E 		.ascii	"\226&\307\216\305<S\370\351U\032\376\202t\021\217x\320"
 356      C53C53F8 
 356      E9551AFE 
 356      8274118F 
 356      78D0
 357 03e2 220F638F 		.ascii	"\"\017c\217'\362\216S6^i\315\315+W\232\022yE\315\342"
 357      27F28E53 
 357      365E69CD 
 357      CD2B579A 
 357      127945CD 
 358 03f7 153523AE 		.ascii	"\0255#\256\2509b2a\363\207l~\345\220\315\322![X\271"
 358      A8396232 
 358      61F3876C 
 358      7EE590CD 
 358      D2215B58 
 359 040c 7B6E9E29 		.ascii	"{n\236)1C%\232\321\352\032&\037\312\346h\314\207B\241"
 359      3143259A 
 359      D1EA1A26 
 359      1FCAE668 
 359      CC8742A1 
 360 0420 38585C3D 		.ascii	"8X\\=\324sOs\250\227\"\362\335\243\251H\304\207\306"
 360      D4734F73 
 360      A89722F2 
 360      DDA3A948 
 360      C487C6
 361 0433 8B0F4DFD 		.ascii	"\213\017M\375\364\226\010\002\324\215\357\314\3073Q"
 361      F4960802 
 361      D48DEFCC 
 361      C73351
 362 0442 16016A24 		.ascii	"\026\001j$\001\367\221\200\277\005\001\017P\256{d\034"
 362      01F79180 
 362      BF05010F 
 362      50AE7B64 
 362      1C
 363 0453 0D382DF7 		.ascii	"\0158-\367)\337?\364\310\340+\344\347\361l\016\334\215"
 363      29DF3FF4 
 363      C8E02BE4 
 363      E7F16C0E 
 363      DC8D
 364 0465 A79AC560 		.ascii	"\247\232\305`[\027%\210\206\270\003\264\333\231\226"
 364      5B172588 
 364      86B803B4 
 364      DB9996
ARM GAS  /tmp/cc2Cbuvw.s 			page 29


 365 0474 E6C4DF3B 		.ascii	"\346\304\337;y\256\242\274BgF~\301\236\2027\262\234"
 365      79AEA2BC 
 365      4267467E 
 365      C19E8237 
 365      B29C
 366 0486 C5A5CEFC 		.ascii	"\305\245\316\374\234BgI\261\253\254\324\231\265\373"
 366      9C426749 
 366      B1ABACD4 
 366      99B5FB
 367 0495 F5575E76 		.ascii	"\365W^vff\276\346|sw\306{/\221&\333U\226\233]X\370v"
 367      6666BEE6 
 367      7C7377C6 
 367      7B2F9126 
 367      DB55969B 
 368 04ad 5A2E9371 		.ascii	"Z.\223qYb\313)\314q\355\315.zw\357\236<W\224\330\224"
 368      5962CB29 
 368      CC71EDCD 
 368      2E7A77EF 
 368      9E3C5794 
 369 04c3 96E4E53A 		.ascii	"\226\344\345:\237\024\274\270\024\205\253l{Q\201\271"
 369      9F14BCB8 
 369      1485AB6C 
 369      7B5181B9 
 370 04d3 4ECB67FF 		.ascii	"N\313g\377\0011D\374^"
 370      013144FC 
 370      5E
 371              		.text
 372              		.section	.gnu.lto_rtc_lld_get_alarm.75e1e4f06880dd07,"e",%progbits
 373 0000 789C9554 		.ascii	"x\234\225TMlTU\024\276\347\235\373f^g\246\024\023c0"
 373      4D6C5455 
 373      14BEE79D 
 373      FB665E67 
 373      A6141363 
 374 0015 24A60B93 		.ascii	"$\246\013\223\206\205}\0257,1uA\014F\"h\3345\2456i\343"
 374      86857D15 
 374      372C3175 
 374      410C4622 
 374      68DC35A5 
 375 002c D036D3EA 		.ascii	"\3206\323\352\306\205w~\332\012\264\035\026\362Sqx5"
 375      C685777E 
 375      DA0AB41D 
 375      16F25371 
 375      7835
 376 003e D0D804AD 		.ascii	"\320\330\004\255\030\\\240T\373h\201:\245\310X\013e"
 376      185CA054 
 376      FB68813A 
 376      A5C8580B 
 376      65
 377 004f 2AB48444 		.ascii	"*\264\204D\014\015\012\335\020R\010\3439\367=\233\016"
 377      0C0D0ADD 
 377      105208E3 
 377      39F73D9B 
 377      0E
 378 0060 434C9CCC 		.ascii	"CL\234\314\234\234{\317\317\367\235\237;\226\000\261"
 378      9C9C7BCF 
 378      CFF79D9F 
 378      3B9600B1 
ARM GAS  /tmp/cc2Cbuvw.s 			page 30


 379 0070 D114A24F 		.ascii	"\321\024\242O\010\261\215~\020\020`(\2456\007\343\226"
 379      08B18D7E 
 379      10106028 
 379      A53607E3 
 379      96
 380 0081 01E86B68 		.ascii	"\001\350kh\230\323\367\2267I\025\222\303\351\316\240"
 380      98D3F796 
 380      37491592 
 380      C3E9CEA0 
 381 0091 5411D3B7 		.ascii	"T\021\323\267\275*\001\264\242,\020\037\033hJ )V>i<"
 381      BD2A01B4 
 381      A22C101F 
 381      1B684A20 
 381      29563E69 
 382 00a6 8830D67D 		.ascii	"\2100\326}\353{c\303\227\344\247\334\203\207\236\353"
 382      EB7B63C3 
 382      97E4A7DC 
 382      83879EEB 
 383 00b6 529DEB1C 		.ascii	"R\235\353\034\362\351_\361\203\037`\003\371\315'2\017"
 383      F2E95FF1 
 383      831F6003 
 383      F9CD2732 
 383      0F
 384 00c7 227DE820 		.ascii	"\"}\350 \200\244\343\247\223\337eC|4\240\222\216yu2"
 384      80A4E3A7 
 384      93DF6543 
 384      7C34A092 
 384      8E797532 
 385 00db 1DC15A10 		.ascii	"\035\301Z\020\244\237z4\2273\253\006\225J(\367\3321"
 385      A49F7A34 
 385      9733AB06 
 385      954A28F7 
 385      DA31
 386 00ed 542F3A88 		.ascii	"T/:\210\360# \245\204\021X\017\247a\275\020tG\251\177"
 386      F02320A5 
 386      8411580F 
 386      A761BD10 
 386      7447A97F 
 387 0101 822A0AE8 		.ascii	"\202*\012\350\275YH\206q\213\016\236\3353\236\015\371"
 387      BD594886 
 387      718B0E9E 
 387      DD339E0D 
 387      F9
 388 0112 C18BEF7E 		.ascii	"\301\213\357~\246\\\351\240\204\321\222hI\321\256\216"
 388      A65CE9A0 
 388      84D19268 
 388      49D1AE8E 
 389 0122 3E3BBC74 		.ascii	">;\274t%\210o\353\350#\371\207K\340G\337\277\372\354"
 389      25886FEB 
 389      E823F987 
 389      4BE047DF 
 389      BFFAEC
 390 0135 B1A4DAE2 		.ascii	"\261\244\332\342\240\011gJ\302\251\2530\006U\202\203"
 390      A009674A 
 390      C2A9AB30 
 390      06558283 
 391 0145 6E7EFB78 		.ascii	"n~\373x\177y@\372%\3038\267\231\224o\246MW=.t+\367\316"
ARM GAS  /tmp/cc2Cbuvw.s 			page 31


 391      7F7940FA 
 391      25C338B7 
 391      99946FA6 
 391      4D573D2E 
 392 015d 20E4DFA9 		.ascii	" \344\337\251\000\012\013\030$\202\310B\2620Y\004\201"
 392      000A0B18 
 392      2482C842 
 392      B2305904 
 392      81
 393 016e EBB08013 		.ascii	"\353\260\200\023\206\370\"\314\"\302B\210\275(\356-"
 393      86F822CC 
 393      22C24288 
 393      BD28EE2D 
 394 017e 0F6D02E5 		.ascii	"\017m\002\345\012\321\203\206\326\223\244\337\201\344"
 394      0AD18386 
 394      D693A4DF 
 394      81E4
 395 018c 8D42EFCC 		.ascii	"\215B\357\314\2379(b\300\300+\027)\036\312\215\275\207"
 395      9F392862 
 395      C0C02B17 
 395      291ECA8D 
 395      BD87
 396 019e C3CF6B56 		.ascii	"\303\317kV\332\272\312\033\316A\000\316\022[\001\347"
 396      DABACA1B 
 396      CE4100CE 
 396      125B01E7 
 397 01ae 2190C108 		.ascii	"!\220\301\010\3312CS\205\262\024$\342\226\203V?\015"
 397      D9324353 
 397      85B21424 
 397      E2968356 
 397      3F0D
 398 01c0 E71C5733 		.ascii	"\347\034W3\001)f_&\230\003\357\206\222\232\304\"\214"
 398      0129665F 
 398      269803EF 
 398      86929AC4 
 398      228C
 399 01d2 8DDCFE64 		.ascii	"\215\334\376d<XD\001K(\014<\374\012}\006X\314 K\014"
 399      3C584401 
 399      4B280C3C 
 399      FC0A7D06 
 399      58CC204B 
 400 01e7 7ED60C26 		.ascii	"~\326\014&\231A\210l}\311\273\363\026/F@O\344~\372\264"
 400      9941886C 
 400      7DC9BBF3 
 400      162F4640 
 400      4FE47EFA 
 401 01fc 8BDE51E5 		.ascii	"\213\336Q\345\010\227\256&\367eN\310A8\012\016\206`"
 401      0897AE26 
 401      F7654EC8 
 401      41380A0E 
 401      8660
 402 020e 8A667281 		.ascii	"\212fr\201gB\206K\347{\216T\324\014\253T\\\015\034\355"
 402      6742864B 
 402      E77B8E54 
 402      D40CAB54 
 402      5C0D1CED 
 403 0222 79C1C130 		.ascii	"y\301\3010\\\204A8\304\233\222\345:~\201\032\342\234"
ARM GAS  /tmp/cc2Cbuvw.s 			page 32


 403      5C844138 
 403      C49B92E5 
 403      3A7E811A 
 403      E29C
 404 0234 3CD09D35 		.ascii	"<\320\2355=\300\260\2079Z80*\031$\010\026\\\242l\177"
 404      3DC0B087 
 404      395A3830 
 404      2A192408 
 404      165CA26C 
 405 0249 406A617C 		.ascii	"@ja|\012|'\362\230\270\373\327\014x\036\002r\214'x6"
 405      0A7C27F2 
 405      98B8FBD7 
 405      0C781E02 
 405      728C2778 
 406 025e 66BA7376 		.ascii	"f\272sv\2026\232\332\"\227\376\035\315\"$Fn\017\035"
 406      82369ADA 
 406      2297FE1D 
 406      CD222446 
 406      6E0F1D
 407 0271 AFE08A33 		.ascii	"\257\340\2123\010\253kB]\223;w\"\277\206\012\210So*"
 407      08AB6B42 
 407      5D933B77 
 407      22BF860A 
 407      88536F2A 
 408 0285 1D8C6428 		.ascii	"\035\214d(\353\257~\015qg\341T\200j\360L\001\230\326"
 408      EBAF7E0D 
 408      7167E154 
 408      806AF04C 
 408      0198D6
 409 0298 05F058E1 		.ascii	"\005\360X\3417\315~l$\373\272\227\331(M\025\"\274\225"
 409      37CD7E6C 
 409      24FBBA97 
 409      D9284D15 
 409      22BC95
 410 02ab 76647A0F 		.ascii	"vdz\017\337B\257\035\225\334\213\031\235\312\340T\227"
 410      DF42AF1D 
 410      95DC8B19 
 410      9DCAE054 
 410      97
 411 02bc BD462C77 		.ascii	"\275F,w\365\207\275\\\350\245\373\342r.\241\313,\207"
 411      F587BD5C 
 411      E8A5FBE2 
 411      722EA1CB 
 411      2C87
 412 02ce B57085F2 		.ascii	"\265p\205\362h\274\217<\037\371?\361f5\036\257\003\\"
 412      68BC8F3C 
 412      1FF93FF1 
 412      66351EAF 
 412      035C
 413 02e0 F5F03EEF 		.ascii	"\365\360>\357\332]\356\34525\244\344^\315\357\311\233"
 413      DA5DEEE5 
 413      3235A4E4 
 413      5ECDEFC9 
 413      9B
 414 02f1 7CB9BA4F 		.ascii	"|\271\272OfI\237\006b\264\200k2hA\376\251\235\252\200"
 414      66499F06 
 414      62B4806B 
ARM GAS  /tmp/cc2Cbuvw.s 			page 33


 414      326841FE 
 414      A99DAA80 
 415 0305 390D2719 		.ascii	"9\015'\031\356w\250!\010z#)z#\373\026\327\025\355\247"
 415      EE77A821 
 415      087A2329 
 415      7A23FB16 
 415      D715EDA7 
 416 0319 2C7D22BB 		.ascii	",}\"\273\217\207\375\375\224\305\373y\235\366\363\232"
 416      8F87FDFD 
 416      94C5FB79 
 416      9DF6F39A 
 417 0329 DECF7992 		.ascii	"\336\317y\222O\274\217\265\375\304\363:\357\325\002"
 417      4FBC8FB5 
 417      FDC4F33A 
 417      EFD502
 418 0338 BF0F7A40 		.ascii	"\277\017z@\016>#\376\206\304\300\311\257A\377\015xK"
 418      0E3E23FE 
 418      86C4C0C9 
 418      AF41FF0D 
 418      784B
 419 034a 027A3312 		.ascii	"\002z3\022.\2376WW\333\364}\2771\326\322\030\265k\233"
 419      2E9F3657 
 419      57DBF47D 
 419      BF31D6D2 
 419      18B56B9B 
 420 035e 9A7736BF 		.ascii	"\232w6\277\271\335nm\267\233\352\243v[k\254\243\335"
 420      B9DD6E6D 
 420      B79BEAA3 
 420      765B6BAC 
 420      A3DD
 421 0370 DEBEE38D 		.ascii	"\336\276\343\215W6\332[\267\276f\277\265\243\366\303"
 421      5736DA5B 
 421      B7BE66BF 
 421      B5A3F6C3 
 422 0380 97D95217 		.ascii	"\227\331R\027\353h\250\213F\337\253n\020\222\324\266"
 422      EB68A88B 
 422      46DFAB6E 
 422      1092D4B6 
 423 0390 487DB43E 		.ascii	"H}\264>\266\253\256\345\203];\033ce\372\320\336\326"
 423      B6ABAEE5 
 423      835D3B1B 
 423      6365FAD0 
 423      DED6
 424 03a2 D860FF57 		.ascii	"\330`\377W\362\326v\022\261\216\227Z\232=\275\272I\374"
 424      F2D67612 
 424      B18E975A 
 424      9A3DBDBA 
 424      49FC
 425 03b4 035B72DE 		.ascii	"\003[r\336\245"
 425      A5
 426              		.text
 427              		.section	.gnu.lto_rtc_lld_set_callback.75e1e4f06880dd07,"e",%progbits
 428 0000 789C9554 		.ascii	"x\234\225T]L\\U\020>s\317\375\333\275[hk\214\230&\206"
 428      5D4C5C55 
 428      103E73CF 
 428      FDDBBD5B 
 428      686B8C98 
ARM GAS  /tmp/cc2Cbuvw.s 			page 34


 429 0016 0713D204 		.ascii	"\007\023\322\004\331U_\372\330\006\037L\2541\261M|l"
 429      D9555FFA 
 429      D8061F4C 
 429      AC31B14D 
 429      7C6C
 430 0028 28D640BA 		.ascii	"(\326@\272)\015\020\037|\351\335e\221\350\322\322\032"
 430      290D101F 
 430      7CE9DD65 
 430      91E8D2D2 
 430      1A
 431 0039 B5527B5D 		.ascii	"\265R{]\022\245P\215PScj\213\355\226U(HeE\264\262\205"
 431      12A5508D 
 431      5053636A 
 431      8BED9655 
 431      28486545 
 432 0050 05B1DDB2 		.ascii	"\005\261\335\262\213\330v\375I\333\030\3269\347\036"
 432      8BD876FD 
 432      49DB18D6 
 432      39E71E
 433 005f F6070A5A 		.ascii	"\366\007\012Z\262\234\234\237\231of\276\371\356\350"
 433      B29C9C9F 
 433      996F66BE 
 433      F9EEE8
 434 006e 04C8731A 		.ascii	"\004\310s\032!&!\344\023\374\007\027\001\3114\315\255"
 434      212621E4 
 434      13FC0717 
 434      01C934CD 
 434      AD
 435 007f 9A4F9724 		.ascii	"\232O\227$z\354t\242\\6\235\216\304H\373C\262\351\242"
 435      7AEC74A2 
 435      5C369D8E 
 435      C448FB43 
 435      B2E9A2
 436 0092 208B3759 		.ascii	" \2137Yr\216\335\272\267\005\337\224\236\266f\015\337"
 436      728EDDBA 
 436      B705DF94 
 436      9EB6660D 
 436      DF
 437 00a3 9CE26D9B 		.ascii	"\234\342m\233\002\2720r\200\312w\240J\206\260\326\204"
 437      02BA3072 
 437      80CA77A0 
 437      4A86B0D6 
 437      84
 438 00b4 B5219EB6 		.ascii	"\265!\236\266iYk\035\200\357L\035\310\001\211\312N\305"
 438      69596B1D 
 438      80EF4C1D 
 438      C80189CA 
 438      4EC5
 439 00c6 A11A9A0E 		.ascii	"\241\032\232\016\007\250L\262\177jn\333F\217R\350oI"
 439      07A84CB2 
 439      7F6A6EDB 
 439      468F52E8 
 439      6F49
 440 00d8 7C296DEE 		.ascii	"|)m\356BG3|\364\255G^7\233KB\224\220v\272d\005ga3\332"
 440      4247337C 
 440      F4AD475E 
 440      379B4B42 
ARM GAS  /tmp/cc2Cbuvw.s 			page 35


 440      949076BA 
 441 00f2 C5FDD61D 		.ascii	"\305\375\326\035\327!\032\242\0002\036\337\036\376|"
 441      D7211AA2 
 441      00321EDF 
 441      1EFE7C
 442 0101 C8C98E12 		.ascii	"\310\311\216\022\224\342q\302<\335\346\242\225@p\177"
 442      94E271C2 
 442      3CDDE6A2 
 442      9540707F 
 443 0111 E69F5854 		.ascii	"\346\237XT)\3534M\277\031\376\363#j>\036\242\024\276"
 443      29EB344D 
 443      BF19FEF3 
 443      236A3E1E 
 443      A214BE
 444 0124 028A90D0 		.ascii	"\002\212\220\320\007\233\340\034l\"\004\357\020\372"
 444      079BE01C 
 444      6C2204EF 
 444      10FA
 445 0132 3C94A1C3 		.ascii	"<\224\241\303\374\307\261\361\"\372,w\276\235NL;\204"
 445      FCC7B1F1 
 445      22FA2C77 
 445      BE9D4E4C 
 445      3B84
 446 0144 F3B513DC 		.ascii	"\363\265\023\334Y\206\013+\234\261 \010C\031a.\263\237"
 446      59860B2B 
 446      9CB12008 
 446      4319612E 
 446      B39F
 447 0156 2DBEB34E 		.ascii	"-\276\263N\225E\312p\021Tl\011!\275cJ\330\\\314\264"
 447      9545CA70 
 447      11546C09 
 447      21BD634A 
 447      D85CCCB4 
 448 016a 60125DF0 		.ascii	"`\022]\360\327K\017\003\272)\022.*e\213\314\216\032"
 448      D74B0F03 
 448      BA29122E 
 448      2A658BCC 
 448      8E1A
 449 017c 3014E40D 		.ascii	"0\024\344\015\023)b\267\305lY\317\226\015l\331\310\026"
 449      132962B7 
 449      C56C59CF 
 449      960D6CD9 
 449      C816
 450 018e 42829424 		.ascii	"B\202\224$/\236\215\0220\303\204\264R\311>4\341\341"
 450      2F9E8D12 
 450      30C384B4 
 450      52C93E34 
 450      E1E1
 451 01a0 37689AE9 		.ascii	"7h\232\351:8~#\012\005\211\260\370\331\213\000\343v"
 451      3A387E23 
 451      0A0589B0 
 451      F8D98B00 
 451      E376
 452 01b2 2678D978 		.ascii	"&x\331x\224'\307_\363\254!\002*\364c\322\004\276\006"
 452      9427C75F 
 452      F3AC2102 
 452      2AF463D2 
ARM GAS  /tmp/cc2Cbuvw.s 			page 36


 452      04BE06
 453 01c5 D5A245F8 		.ascii	"\325\242E\370fu\217d\034\001\360\373\364\020\325\332"
 453      66758F64 
 453      1C01F0FB 
 453      F410D5DA 
 454 01d5 91E3082B 		.ascii	"\221\343\010+\352\033\010\260\"tr\035\002s\221\305I"
 454      EA1B08B0 
 454      2274721D 
 454      027391C5 
 454      49
 455 01e6 1783B3A8 		.ascii	"\027\203\263\250\206\016\207\232n\306u\326\016\031\010"
 455      860E879A 
 455      6EC675D6 
 455      0E1908
 456 01f5 0C308E08 		.ascii	"\0140\216\010\313\224\336\272\327\275\205'\232\002\377"
 456      CB94DEBA 
 456      D7BD8527 
 456      9A02FF
 457 0204 B1642C68 		.ascii	"\261d,h0\227|{\312Y\017\307NM\024u\302\207>\314\264"
 457      30977C7B 
 457      CA590FC7 
 457      4E4D1475 
 457      C2873ECC 
 458 0219 E3158CE1 		.ascii	"\343\025\214\341\260\250\016\203\014\007_}\241\3513"
 458      B0A80E83 
 458      0C075F7D 
 458      A1E933
 459 0228 AAA78795 		.ascii	"\252\247\207\225Q\312\"\\\202Nx\317&{\010<\230\000\217"
 459      51CA225C 
 459      824E78CF 
 459      267B083C 
 459      98008F
 460 023b C5C46BCA 		.ascii	"\305\304k\312\"X\177_\362xD+\340\204\256\340\244\343"
 460      22587F5F 
 460      F278442B 
 460      E084AEE0 
 460      A4E3
 461 024d 8F1E4550 		.ascii	"\217\036EPB\013)\371\026)\031\346\224\214\260\012\213"
 461      420B29F9 
 461      162919E6 
 461      948CB00A 
 461      8B
 462 025e F3335678 		.ascii	"\3633Vx\306\177\267\235\013S\373hF1.^\015\037\266N\311"
 462      C67FB79D 
 462      0B53FB68 
 462      46312E5E 
 462      0D1FB64E 
 463 0273 580484A8 		.ascii	"X\004\204\250\023\276C\255\\\026\371\217\016\264~P\214"
 463      13BE43AD 
 463      5C16F98F 
 463      0EB47E50 
 463      8C
 464 0284 F9077C18 		.ascii	"\371\007|\030\262\365\261\0205`\224\227\000<\022\201"
 464      B2F5B110 
 464      35609497 
 464      003C1281 
 465 0294 287830E7 		.ascii	"(x0\347\246w[\206\024;\340z;fV\344*\224\302\367\210"
ARM GAS  /tmp/cc2Cbuvw.s 			page 37


 465      A6775B86 
 465      143BE07A 
 465      3B6656E4 
 465      2A94C2F7 
 466 02a9 86C44F47 		.ascii	"\206\304OGF@\030\241\305\340\315\205q\260-\010\214\011"
 466      464018A1 
 466      C5E0CD85 
 466      71B02D08 
 466      8C09
 467 02bb DE83D479 		.ascii	"\336\203\324y\244\371\312 ~)H\213r;\257\005}'\247\014"
 467      A4F9CA20 
 467      7E29488B 
 467      723BAF05 
 467      7D27A70C 
 468 02cf BB69B08C 		.ascii	"\273i\260\214\365\32259W\340\007\236\260\3048\037\347"
 468      F5D23539 
 468      57E0079E 
 468      B0C4381F 
 468      E7
 469 02e0 D9F6F70D 		.ascii	"\331\366\367\015\225\333P\322J('\006\310\226o\035|?"
 469      95DB50D2 
 469      4A282706 
 469      C8966F1D 
 469      7C3F
 470 02f2 4159F9C0 		.ascii	"AY\371\300*\377QT\216@?-\225\0156\020\265\261&G?\265"
 470      2AFF5154 
 470      8E403F2D 
 470      950D3610 
 470      B5B12647 
 471 0308 0CBBA63B 		.ascii	"\014\273\246;\231L\246\030\256 \020\006\214\277\011"
 471      994CA618 
 471      AE201006 
 471      8CBF09
 472 0317 423DFF3F 		.ascii	"B=\377?\332\317\271h\023L*\224\001\245\273\343\306}"
 472      DACFB968 
 472      134C2A94 
 472      01A5BBE3 
 472      C67D
 473 0329 903A5E23 		.ascii	"\220:^#\253a\371X\030\003b\034\215\011\011\256\202\007"
 473      AB61F958 
 473      1803621C 
 473      8D0909AE 
 473      8207
 474 033b 0DD22DD6 		.ascii	"\015\322-\326y\256\002\0034\230\344\364\007\251\343"
 474      79AE0203 
 474      3498E4F4 
 474      07A9E3
 475 034a EEC09112 		.ascii	"\356\300\221\022\316\275:\271\360\305U\310J\362\344"
 475      CEBD3AB9 
 475      F0C555C8 
 475      4AF2E4
 476 0359 71BA4C80 		.ascii	"q\272L\200]\275\253\010p*+\3008cf\303\003\312kzI^SL"
 476      5DBDAB08 
 476      702A2BC0 
 476      386366C3 
 476      03CA6B7A 
 477 0371 5E3379F2 		.ascii	"^3y\362\342p\033\021\261@O\366m\236\200\214\331\023"
ARM GAS  /tmp/cc2Cbuvw.s 			page 38


 477      E2701B11 
 477      B1404FF6 
 477      6D9E808C 
 477      D913
 478 0383 9D11E045 		.ascii	"\235\021\340Eh\274\234\254\200RB@\362\003\012\350\227"
 478      68BC9CAC 
 478      80524240 
 478      F2030AE8 
 478      97
 479 0394 9C80666D 		.ascii	"\234\200fm\001\245/\225\257\321\005y\325.\374\232\353"
 479      01A52F95 
 479      AFD10579 
 479      D52EFC9A 
 479      EB
 480 03a5 C235DE85 		.ascii	"\3025\336\205\354\247i`\305\327\271X\374\351\271\205"
 480      ECA76960 
 480      C5D7B958 
 480      FCE9B985 
 481 03b5 E07D9BFC 		.ascii	"\340}\233\374\237\323%\221\233.7\300#\206Y+\325SyC7"
 481      9FD32591 
 481      9B2E37C0 
 481      2386592B 
 481      D5537943 
 482 03ca 8043F770 		.ascii	"\200C\367p\252\244`\276\310+g\356\033w\015\321^\271"
 482      AAA460BE 
 482      C82B67EE 
 482      1B770DD1 
 482      5EB9
 483 03dc B0BD496C 		.ascii	"\260\275Il\357\034oo\012\327e\003\327\325\216t%Y\343"
 483      EF1C6F6F 
 483      0AD76503 
 483      D7D58E74 
 483      2559E3
 484 03ef E6D9C0C5 		.ascii	"\346\331\300\305\211\034\242\353\310\357\340\357\230"
 484      891CA2EB 
 484      C8EFE0EF 
 484      98
 485 03fc EFE55F80 		.ascii	"\357\345_\200\350\021\330\031\371\303\354\270\265\242"
 485      E811D819 
 485      F9C3ECB8 
 485      B5A2
 486 040a C28DBFBD 		.ascii	"\302\215\277\275{\352\367\355\361\272+kjw\327\276\260"
 486      7BEAF7ED 
 486      F1BA2B6B 
 486      6A77D7BE 
 486      B0
 487 041b C35DD7E0 		.ascii	"\303]\327\340\256\251\362\272\367\327\32576\270w\354"
 487      AEA9F2BA 
 487      F7D7D537 
 487      36B877EC 
 488 042b 7CFEE9A7 		.ascii	"|\376\351\247\334\333\267?\343~qg\345\253O\262\227]"
 488      DCDBB73F 
 488      E37E7167 
 488      E5AB4FB2 
 488      975D
 489 043d F58DD5BB 		.ascii	"\365\215\325\273\274\336\227+\252\211\214\333\375zu"
 489      BCDE972B 
ARM GAS  /tmp/cc2Cbuvw.s 			page 39


 489      AA898CDB 
 489      FD7A75
 490 044c 95D7BBBB 		.ascii	"\225\327\273\273\252z\257{-\270\272\006\\\352\033\237"
 490      AA7AAF7B 
 490      2DB8BA06 
 490      5CEA1B9F 
 491 045c D8576BEF 		.ascii	"\330Wk\357+j\310\277\350j\2373"
 491      2B6AC8BF 
 491      E86A9F33 
 492              		.text
 493              		.section	.gnu.lto_rtcSTM32GetSecMsec.75e1e4f06880dd07,"e",%progbits
 494 0000 789C9555 		.ascii	"x\234\225U[L\224W\020>\363\237\177\377\375w\367_v\001"
 494      5B4C9457 
 494      103EF39F 
 494      7FFFFD77 
 494      F75F7601 
 495 0014 452B6D25 		.ascii	"E+m%*\022\223\226U\373b\3374\366\241\0176&\325\244\217"
 495      2A129396 
 495      55FB62DF 
 495      34F6A10F 
 495      3626D5A4 
 496 0029 C65A1A68 		.ascii	"\306Z\032h\361\022 >\326\237\273\027\024\036Z\025+\256"
 496      F112203E 
 496      D69FBB17 
 496      141E5A15 
 496      2BAE
 497 003b 1629FAE2 		.ascii	"\026)\372\342%T\203\012\272\205z\301\202\342\205*Z\201"
 497      2554830A 
 497      BA857AC1 
 497      82E2852A 
 497      5A81
 498 004d 7A595D45 		.ascii	"zY]E\361\2027j\330\316\234\363\357\262\2001\205\220"
 498      F182376A 
 498      D8CE9CF3 
 498      EFB28031 
 498      8590
 499 005f D973FE33 		.ascii	"\331s\3763\363\3157sf\346\350\014\330s'c\025\2141\016"
 499      F3CD3773 
 499      66E6E80C 
 499      D8732763 
 499      158C310E 
 500 0073 8C413C03 		.ascii	"\214A<\003\3054\315\271\366|]Q\324\266\312:M5\235\274"
 500      C534CDB9 
 500      F67C5D51 
 500      D4B6CA3A 
 500      4D359DBC 
 501 0087 2ED8FAA9 		.ascii	".\330\372\251j\032<\372\305f}Q\301fi\333@\263V\232\342"
 501      6A1A3CFA 
 501      C5667D51 
 501      C16669DB 
 501      40B3569A 
 502 009c BDF87860 		.ascii	"\275\370x`\016j\271\367\225\027\333Q\313k\235\315s\203"
 502      0E6AB9F7 
 502      9517DB51 
 502      CB6B9DCD 
 502      7383
 503 00ae 5D2CC0AE 		.ascii	"],\300\256x,\035\303\322\361XG\363\014\320\245\216\256"
ARM GAS  /tmp/cc2Cbuvw.s 			page 40


 503      782C1DC3 
 503      D2F15847 
 503      F30CD0A5 
 503      8EAE
 504 00c0 C4593A0E 		.ascii	"\304Y:\016K'\316:\232\347P\234\333\352\202\037\341\221"
 504      4B27CE3A 
 504      9AE7509C 
 504      DBEA821F 
 504      E191
 505 00d2 2BD85A99 		.ascii	"+\330Z\231\210GNpY\356]\000be\352\300\326(\\\265i^\267"
 505      88474E70 
 505      59EE5D00 
 505      6265EAC0 
 505      D6285CB5 
 506 00e9 DD63E871 		.ascii	"\335c\350q\016\247\013\326\250:\213\376\331\207\226"
 506      0EA70BD6 
 506      A83A8BFE 
 506      D98796
 507 00f8 DAD0B29C 		.ascii	"\332\320\262\234o\341\320T\032<\242\314\250E 3\260e"
 507      6FE1D054 
 507      1A3CA2CC 
 507      A8452033 
 507      B065
 508 010a C7A412B3 		.ascii	"\307\244\022\263x\242\2373V\311#Zp\024f\240^WA\325+"
 508      78A29F33 
 508      56C9235A 
 508      701466A0 
 508      5E5741D5 
 509 011f 6313F773 		.ascii	"c\023\367s\000\025\267?\236\375\255\305I[\005Rp\333"
 509      0015B73F 
 509      9EFDADC5 
 509      495B0552 
 509      70DB
 510 0131 69D6951B 		.ascii	"i\326\225\033|>0\\\327\277\271\326nK\2531\315\0023p"
 510      7C3E305C 
 510      D7BFB9D6 
 510      6E4BAB31 
 510      CD023370 
 511 0145 7B3737A7 		.ascii	"{77\247\3719\207F\340\010\011\015\220\014\307 \2311"
 511      F9398746 
 511      E008090D 
 511      900CC720 
 511      9931
 512 0157 FC86D0C7 		.ascii	"\374\206\320\307!\015\015\216\034\012\264\331\371\347"
 512      210D0D8E 
 512      1C0AB4D9 
 512      F9E7
 513 0165 C2B8AB6F 		.ascii	"\302\270\253oc\263\0211\376U\030\253pb\224\261\212\306"
 513      63B31131 
 513      FE5518AB 
 513      706294B1 
 513      8AC6
 514 0177 01617CE3 		.ascii	"\001a|\343\372\336\016\007_(\214\367\026\005oq\313\270"
 514      FADE0E07 
 514      5F288CF7 
 514      16056F71 
 514      CBB8
ARM GAS  /tmp/cc2Cbuvw.s 			page 41


 515 0189 7FE23633 		.ascii	"\177\34263\240\222\365\357o\265n\2024F6U\373_\0362\370"
 515      A092F5EF 
 515      6FB56E82 
 515      34463655 
 515      FB5F1E32 
 516 019e 57C2FE4C 		.ascii	"W\302\376L\351\301\333Fj\265\260?\025\232\270\253\320"
 516      E9C1DB46 
 516      6AB5B03F 
 516      159AB8AB 
 516      D0
 517 01af 3C632284 		.ascii	"<c\"\204\015\232G@\320\037\352\337<8\370\223[S\341\017"
 517      0D9A4740 
 517      D01FEADF 
 517      3C38F893 
 517      5B53E10F 
 518 01c3 48B51206 		.ascii	"H\265\022\006'A\303Bc\012}\253\346l\377E[\300\034\014"
 518      2741C342 
 518      630A7DAB 
 518      E66CFF45 
 518      5BC01C0C 
 519 01d7 979A81C1 		.ascii	"\227\232\201\301L\177\363\271^e\006\240\177MAa\347$"
 519      4C7FF3B9 
 519      5E6506A0 
 519      7F4D4161 
 519      E724
 520 01e9 54DADA68 		.ascii	"T\332\332h\245\221\260\243\320u\024\016\007\011'#\034"
 520      A591B0A3 
 520      D075140E 
 520      07092723 
 520      1C
 521 01fa 172D0D12 		.ascii	"\027-\015\022n\022q$<$\274$\342I$\220H$1\216\304x\022"
 521      6E127124 
 521      3C24BC24 
 521      E2492490 
 521      4824318E 
 522 0211 49242601 		.ascii	"I$&\001\345)\031(\325\223\005Z\012P\354S\350p*\211i"
 522      E5291928 
 522      D593055A 
 522      0A50EC53 
 522      E8702A89 
 523 0226 2452494C 		.ascii	"$RIL'\301\330\006\316\372\006\366\314\0013\300X\031"
 523      27C1D806 
 523      CEFA06F6 
 523      CC0133C0 
 523      5819
 524 0238 57C4BA10 		.ascii	"W\304\272\020\327\367\241\360xi\343%7\305X\205\211\343"
 524      D7F7A1F0 
 524      7869E325 
 524      37C55885 
 524      89E3
 525 024a 9330059B 		.ascii	"\2230\005\233\012\373\272t\252\003\025\030\234\302\334"
 525      0AFBBA74 
 525      AA031518 
 525      9CC2DC
 526 0259 DC878237 		.ascii	"\334\207\2027\245 u\024Tc\275P\234\"\267Tn\307\372\033"
 526      A5207514 
 526      5463BD50 
ARM GAS  /tmp/cc2Cbuvw.s 			page 42


 526      9C22B754 
 526      6EC7FA1B 
 527 026d EF3B8AA0 		.ascii	"\357;\212\240 \037\253\314Y)\032\3614\024\001Ce<=\335"
 527      201FABCC 
 527      59291AF1 
 527      34140143 
 527      653C3DDD 
 528 0281 F7F03210 		.ascii	"\367\3602\020\232\035\321\316@\262\237\273\330\035("
 528      9A1DD1CE 
 528      40B29FBB 
 528      D81D28
 529 0290 BA37DF02 		.ascii	"\2727\337\002\240o\"\371e\010\266\366\352l\342\305\005"
 529      A06F22F9 
 529      6508B6F6 
 529      EA6CE2C5 
 529      05
 530 02a1 2FCBA35A 		.ascii	"/\313\243Z\305\223cY\241\003h\031\301\312\206j1\254"
 530      C5936359 
 530      A1036819 
 530      C1CA866A 
 530      31AC
 531 02b3 B4B7B33A 		.ascii	"\264\267\263:+Y\331\336BC\213\241\241\366wv:\211\206"
 531      2B59D9DE 
 531      42438BA1 
 531      A1F67776 
 531      3A8986
 532 02c6 DA0B4502 		.ascii	"\332\013E\002Q\024\325\236\326\260\300\323\375\334\250"
 532      5114D59E 
 532      D6B0C0D3 
 532      FDDCA8
 533 02d5 E40AE2FD 		.ascii	"\344\012\342\375Ix\261\324\334b\033\353\331]\315e]u"
 533      4978B1D4 
 533      DC621BEB 
 533      D95DCD65 
 533      5D75
 534 02e7 9B4FDB9C 		.ascii	"\233O\333\2345P\235\357\365\3638hCKh%\217x\364\354\356"
 534      35509DEF 
 534      F5F33868 
 534      434B6825 
 534      8F78F4EC 
 535 02fc C9E33AE9 		.ascii	"\311\343:\351o5\315\024\0029\0075 \253\356<\352\371"
 535      6F35CD14 
 535      02390735 
 535      20ABEE3C 
 535      EAF9
 536 030e B947D0B2 		.ascii	"\271G\320\262Eo\255\027\012{j7]\276\333\016C\005\213"
 536      456FAD17 
 536      0A7B6A37 
 536      5DBEDB0E 
 536      43058B
 537 0321 C5CA632B 		.ascii	"\305\312c+\270\210\272\277g\303\016\367{\242\200\305"
 537      B888BABF 
 537      67C30EF7 
 537      7BA280C5 
 538 0331 698C365C 		.ascii	"i\2146\\\000\015\332\321\005\203\213\024\377\364\021"
 538      000DDAD1 
 538      05838B14 
ARM GAS  /tmp/cc2Cbuvw.s 			page 43


 538      FFF411
 539 0340 117A2BF1 		.ascii	"\021z+\361\366/\020\205K\024\244\237\307\013\016\332"
 539      F62F1085 
 539      4B14A49F 
 539      C70B0EDA 
 540 0350 F37038CC 		.ascii	"\363p8\314\255\322ij\010\255m\266\017\243`\033Eag\355"
 540      ADD2696A 
 540      08AD6DB6 
 540      0FA3601B 
 540      456167ED 
 541 0364 216E31B0 		.ascii	"!n1\260\015g\320\201\014.\013\006\177\021\203i\261\211"
 541      0D67D081 
 541      0C2E0B06 
 541      7F118369 
 541      B189
 542 0376 D445225F 		.ascii	"\324E\"_\224\037\013p\2715\333M\223f\324\331\212\252"
 542      941F0B70 
 542      B935DB4D 
 542      9366D4D9 
 542      8AAA
 543 0388 032AA611 		.ascii	"\003*\246\021\263\222\000W\261w\257XI<\177\252l\207"
 543      B3920057 
 543      B177AF58 
 543      493C7FAA 
 543      6C87
 544 039a 67E63EB3 		.ascii	"g\346>\263(\337\334Y]\366\241\237'B'\246q+\215\244\016"
 544      28DFDC59 
 544      5DF6A19F 
 544      274227A6 
 544      712B8DA4 
 545 03af 8AE31ACC 		.ascii	"\212\343\032\314\244r\337\\\332b\223\016S\245\317\023"
 545      A472DF5C 
 545      DA62930E 
 545      53A5CF13 
 546 03bf E1CD2754 		.ascii	"\341\315'Tr\342\000\035\256#\032VEws+XJ\261\025\354"
 546      72E2001D 
 546      AE231A56 
 546      4577732B 
 546      584AB115 
 547 03d4 C0CAFBDB 		.ascii	"\300\312\373\333*\223\015\334[R|\3454\216N\\\272\305"
 547      2A930DDC 
 547      5B527CE5 
 547      348E4E5C 
 547      BAC5
 548 03e6 D50026C8 		.ascii	"\325\000&\310>0<A\333G$H\033\235\240\272h\202\264\341"
 548      3E303C41 
 548      DB472448 
 548      1B9DA0BA 
 548      6882B4E1 
 549 03fa 09EAC204 		.ascii	"\011\352\302\004\335\020\011\352&*S\376o\370\317d\370"
 549      DD1009EA 
 549      262A53FE 
 549      6FF8CF64 
 549      F8
 550 040b 3D91F0BB 		.ascii	"=\221\360\273(\374\177b\302\027pS%bt\350; \005n\306"
 550      28FC7F62 
 550      C2177053 
ARM GAS  /tmp/cc2Cbuvw.s 			page 44


 550      256274E8 
 550      3B20056E 
 551 0420 842F9562 		.ascii	"\204/\225b\342\365\254\213\306k<\216\304KO\232\251R"
 551      E2F5AC8B 
 551      C66B3C8E 
 551      C44B4F9A 
 551      A952
 552 0432 BC80FDD8 		.ascii	"\274\200\375\330\020\252\177\350\221\015Ea\007\256\035"
 552      10AA7FE8 
 552      910D4561 
 552      07AE1D
 553 0441 E88CA39A 		.ascii	"\350\214\243\2327Ea\217\303F\026\235K\204\363\375\335"
 553      3745618F 
 553      C346169D 
 553      4B84F3FD 
 553      DD
 554 0452 F51A1296 		.ascii	"\365\032\022\226G:\334\022l\201\346\355mA\265\251\241"
 554      473ADC12 
 554      6C81E6ED 
 554      6D41B5A9 
 554      A1
 555 0463 658184D2 		.ascii	"e\201\204\322GC%\240\203h\354U\033\177\016r\031{\012"
 555      474325A0 
 555      8368EC55 
 555      1B7F0E72 
 555      197B0A
 556 0476 057E4740 		.ascii	"\005~G@)\004\025\224Q\017\224\264\270$\226C\302\355"
 556      29041594 
 556      510F94B4 
 556      B8249643 
 556      C2ED
 557 0488 EA682F10 		.ascii	"\352h/\020W:\036\274pW\014\023\364\367\203\324q\215"
 557      573A1EBC 
 557      70570C13 
 557      F4F783D4 
 557      718D
 558 049a D1DF3DE1 		.ascii	"\321\337=\341\217\272\017B\322\337\366\222#\326H5\204"
 558      8FBA0F42 
 558      D2DFF692 
 558      23D64835 
 558      84
 559 04ab 4B170DAB 		.ascii	"K\027\015\253\256\365\235\234>\216@\337\231\344\247"
 559      AEF59D9C 
 559      3E8E40DF 
 559      99E4A7
 560 04ba F135494C 		.ascii	"\3615ILZ\312b\015\216aCV\317\221\266D\011\343\036#\245"
 560      5ACA620D 
 560      8E614356 
 560      CF91B644 
 560      09E31E23 
 561 04cf 0782924A 		.ascii	"\007\202\222J\224z#)\010Y)\210C\270\241\230\267q\371"
 561      947A2329 
 561      08592988 
 561      43B8A198 
 561      B771F9
 562 04e2 D533460F 		.ascii	"\3253F\017\017\205\007\352wx\024\011\372\265\2055Y8"
 562      0F8507EA 
ARM GAS  /tmp/cc2Cbuvw.s 			page 45


 562      77781409 
 562      FAB58535 
 562      5938
 563 04f4 F1C8188E 		.ascii	"\361\310\030\216>\234 \277z\307\350\241o\350\032\037"
 563      3E9C20BF 
 563      7AC7E8A1 
 563      6FE81A1F 
 564 0504 4762786D 		.ascii	"Gbxm\2455\036\341\206b\250\264\374&\214\321\303\223"
 564      A5351EE1 
 564      8662A8B4 
 564      FC268CD1 
 564      C393
 565 0516 A18B7B1A 		.ascii	"\241\213{\032\211!d\325o\242p\222 \336\210\346\367\243"
 565      892164D5 
 565      6FA27092 
 565      20DE88E6 
 565      F7A3
 566 0528 97996835 		.ascii	"\227\231h5C\\\205\325\014e\334\361dh.\027\365\324l\252"
 566      435C85D5 
 566      0C65DCF1 
 566      64682E17 
 566      F5D46CAA 
 567 053c F86E58C7 		.ascii	"\370nX\307\333GO\345u\215n\253\343\355\303;\276\037"
 567      DB474FE5 
 567      758D6EAB 
 567      E3EDC33B 
 567      BE1F
 568 054e 3BFE99E8 		.ascii	";\376\231\350\370\347\243\037\235\244Jl\223~\352\345"
 568      F8E7A31F 
 568      9DA44A6C 
 568      937EEAE5 
 569 055e 17F21D9B 		.ascii	"\027\362\035\233\356\347\023$\277\301\007\206d\230\""
 569      EEE71324 
 569      BFC10786 
 569      649822
 570 056d AB88B117 		.ascii	"\253\210\261\027\340\304{\320\217\356\373\227(:C\277"
 570      E0C47BD0 
 570      8FEEFB97 
 570      283A43BF 
 571 057d 1C4E8B3C 		.ascii	"\034N\213<\370\007J6v\206\254\214aK:\321\315\306\252"
 571      F8074A36 
 571      7686AC8C 
 571      614B3AD1 
 571      CDC6AA
 572 0590 DB1B1439 		.ascii	"\333\033\0249\004\266\276\012\207=\360R\244\026\323"
 572      04B6BE0A 
 572      873DF052 
 572      A416D3
 573 059f 61BDAFE3 		.ascii	"a\275\257\343QU\014\213\212\227\206\324\253\277\020"
 573      51550C8B 
 573      8A9786D4 
 573      ABBF10
 574 05ae FC005E49 		.ascii	"\374\000^I\265\372\222\275\263\244^\022\252\242^\213"
 574      B5FA92BD 
 574      B3A45E12 
 574      AAA25E8B 
 575 05be 7FFD2097 		.ascii	"\177\375 \227z\273\357qx-_\353\256\365\241w4\200E\035"
ARM GAS  /tmp/cc2Cbuvw.s 			page 46


 575      7ABBEF71 
 575      782D5FEB 
 575      AEF5A177 
 575      3480451D 
 576 05d2 06440324 		.ascii	"\006D\003$\211\347\306\025M\355#(\330Y{X\276\212\362"
 576      89E7C615 
 576      4DED2328 
 576      D8597B58 
 576      BE8AF2
 577 05e5 06409C15 		.ascii	"\006@\234\025\004h77=\335\207\377\337g\344\254\310\310"
 577      04683737 
 577      3DDD87FF 
 577      DF67E4AC 
 577      C8C8
 578 05f7 F6CDCFCC 		.ascii	"\366\315\317\314\372:k\341\"\337\312\\_\346\322l\337"
 578      FA3A6BE1 
 578      22DFCA5C 
 578      5FE6D26C 
 578      DF
 579 0608 AA953979 		.ascii	"\252\2259y\271\276E\213\277\370d\266o\301\202\317|_"
 579      B9BE458B 
 579      BFF864B6 
 579      6FC182CF 
 579      7C5F
 580 061a 2E9EBF7A 		.ascii	".\236\277z\026\235,\311\311[\266$;\373\233\364eL\305"
 580      169D2CC9 
 580      C95BB624 
 580      3BFB9BF4 
 580      654CC5
 581 062d E52A2D6F 		.ascii	"\345*-o\365\222\334\214ev\374Y\216\277\216\274\254\345"
 581      F592DC8C 
 581      6576FC59 
 581      8EBF8EBC 
 581      ACE5
 582 063f 194BBECD 		.ascii	"\031K\276\315Y\272\314\367.\370\225\271(r\362>^\221"
 582      59BACCF7 
 582      2EF895B9 
 582      2872F23E 
 582      5E91
 583 0651 25D7E999 		.ascii	"%\327\351\231\354?;\007\325\262"
 583      EC3F3B07 
 583      D5B2
 584              		.text
 585              		.section	.gnu.lto_rtc_lld_get_time.75e1e4f06880dd07,"e",%progbits
 586 0000 789C6D92 		.ascii	"x\234m\222Mh\023Q\020\307gv6\233\257\366\"\036\012E"
 586      4D681351 
 586      10C76776 
 586      369BAFF6 
 586      221E0A45 
 587 0014 C8C1107A 		.ascii	"\310\301\020z\311\242\236z+\324\203BE\264\275\010B\320"
 587      C9A29E7A 
 587      2BD48342 
 587      45B4BD08 
 587      42D0
 588 0026 186830B5 		.ascii	"\030h0\265!\011\275\3665\246\255X\261 j\311!l5\351G"
 588      2109BDF6 
 588      35A6AD58 
ARM GAS  /tmp/cc2Cbuvw.s 			page 47


 588      B1206AC9 
 588      216C35E9 
 589 003b 4051F1AB 		.ascii	"@Q\361\253\265V\327\370\325T-b+\370\2019\250T\220\322"
 589      B556D7F8 
 589      D5542D62 
 589      2BF88139 
 589      A85490D2 
 590 004f 83287828 		.ascii	"\203(x(\215\3636)\026\315cw\337\233\231\377o\336\274"
 590      8DF33629 
 590      16CD6377 
 590      DF9B99FF 
 590      6FDEBC
 591 0062 37EB0084 		.ascii	"7\353\000\204\005\005 \000\000\333\370E\002T\204\020"
 591      05052000 
 591      00DBF845 
 591      02548410 
 592 0072 2DF63E87 		.ascii	"-\366>\207\202h\255\204\003\241W\301^\034\246\021\302"
 592      8268AD84 
 592      03A157C1 
 592      5E1CA611 
 592      C2
 593 0083 C2E0F2B4 		.ascii	"\302\340\362\264\3224\301\021a\216Lm\031\020\375\015"
 593      D234C111 
 593      618E4C6D 
 593      1910FD0D 
 594 0093 0601A4F9 		.ascii	"\006\001\244\371\255\014\274\207M\254+%3\277\353\316"
 594      AD0CBC87 
 594      4DAC2B25 
 594      33BFEBCE 
 595 00a3 9241882A 		.ascii	"\222A\210*\233\347\347o\025]\322T\320\303\346{qs\270"
 595      9BE7E76F 
 595      155DD254 
 595      D0C3E67B 
 595      7173B8
 596 00b6 8E5A1178 		.ascii	"\216Z\021x=\265\366\341\265\3157&DR\230K9\022\333\015"
 596      3DB5F6E1 
 596      B5CD3726 
 596      4452984B 
 596      3912DB0D 
 597 00ca 229C45E2 		.ascii	"\"\234E\342\224x\037\033q\006\033\001\330\307\251\037"
 597      94781F1B 
 597      71061B01 
 597      D8C7A91F 
 598 00da A08F8154 		.ascii	"\240\217\201T\311<\355\246=\026|\345z\377\242V\205W"
 598      C93CEDA6 
 598      3D167CE5 
 598      7AFFA256 
 598      8557
 599 00ec C62D58C5 		.ascii	"\306-X\305\207\377\301*\303&\372@\"\237>\346\337:\351"
 599      87FFC12A 
 599      C326FA40 
 599      229F3EE6 
 599      DF3AE9
 600 00ff 808567C7 		.ascii	"\200\205g\307\337\345\335\336\2540\031_-6\\>)\346\204"
 600      DFE5DDDE 
 600      AC30195F 
 600      2D365C3E 
ARM GAS  /tmp/cc2Cbuvw.s 			page 48


 600      29E684
 601 0112 6A900D1F 		.ascii	"j\220\015\037\375\223B\016\326O\3376_\331\351\220\305"
 601      FD93420E 
 601      D64FDF36 
 601      5FD9E990 
 601      C5
 602 0123 2EDEB9BA 		.ascii	".\336\271\272V_e\277^\"\221\023\212$\037\327&?\337X"
 602      565F65BF 
 602      5E229113 
 602      8A241FD7 
 602      263FDF58 
 603 0137 BF50AFA9 		.ascii	"\277P\257\251\370\004\275X@o\365\302\360)j\334\002P"
 603      F804BD58 
 603      406FF5C2 
 603      F0296ADC 
 603      0250
 604 0149 36FCD7DE 		.ascii	"6\374\327\336\330L\261^\036\024\346\362\336\362\317"
 604      D84CB15E 
 604      1E14E6F2 
 604      DEF2CF
 605 0158 A5AD2EE4 		.ascii	"\245\255.\344\3525E~T\224\347\327\260r\220!\002\331"
 605      EA35457E 
 605      5494E7D7 
 605      B0729021 
 605      02D9
 606 016a 03158509 		.ascii	"\003\025\205\011p\206\224\212\321\307\306\012\016\214"
 606      7086948A 
 606      D1C7C60A 
 606      0E8C
 607 0178 967364A5 		.ascii	"\226sd\245\346\2153\223/\313\316\024&\373\034\006\331"
 607      E68D3393 
 607      2FCBCE14 
 607      26FB1C06 
 607      D9
 608 0189 D3C49BE1 		.ascii	"\323\304\233\3413L!dH\366\345\327\3549\217\0142\355"
 608      334C2164 
 608      48F6E5D7 
 608      EC398F0C 
 608      32ED
 609 019b 31C86195 		.ascii	"1\310a\225a\325\364\2345\034\237Y\314\036\336\034/l"
 609      61D5F49C 
 609      351C9F59 
 609      CC1EDE1C 
 609      2F6C
 610 01ad C4E7386E 		.ascii	"\304\3478n\220\023\276c\362b~\322)\235\031\3565\363"
 610      9013BE63 
 610      F2627ED2 
 610      299D19EE 
 610      35F3
 611 01bf 96ABEA50 		.ascii	"\226\253\352P\254\263rE\236Z\345\270\322\304\377\036"
 611      ACB37245 
 611      9E5AE5B8 
 611      D2C4FF1E 
 612 01cf 162BE520 		.ascii	"\026+\345 \3133\244\031\344\346\014\205\022JB\346c\350"
 612      CB33A419 
 612      E4E60C85 
 612      124A42E6 
ARM GAS  /tmp/cc2Cbuvw.s 			page 49


 612      63E8
 613 01e1 DB8F2F25 		.ascii	"\333\217/%w\363]q\212\267\264\001\316c\363&I\241\226"
 613      77F35D71 
 613      8AB7B401 
 613      CE63F326 
 613      49A196
 614 01f4 E4054B56 		.ascii	"\344\005KV19:1f\211\254.\014\021\376\2752\200\026\277"
 614      31393A31 
 614      6689AC2E 
 614      0C11FEBD 
 614      328016BF 
 615 0208 5FE7E778 		.ascii	"_\347\347x(v\"\024\321[;\303G\303\373\333\365\356\270"
 615      28762214 
 615      D15B3BC3 
 615      47C3FBDB 
 615      F5EEB8
 616 021b DE7924A2 		.ascii	"\336y$\242G\273c\211\270\336\336\261o\327N\275\255m"
 616      47BB6389 
 616      B8DEDEB1 
 616      6FD74EBD 
 616      AD6D
 617 022d B77EB0A3 		.ascii	"\267~\260\243\265g\207\214\004b\211` \0229\346\017\202"
 617      B567878C 
 617      04628960 
 617      201239E6 
 617      0F82
 618 023f CACBA823 		.ascii	"\312\313\250#\021\356\012\305\243\241\240=\321\023\350"
 618      11EE0AC5 
 618      A3A1A03D 
 618      D113E8
 619 024e 8A87821A 		.ascii	"\212\207\202\032\317<\375\001\206-\377\014"
 619      CF3CFD01 
 619      862DFF0C 
 620              		.text
 621              		.section	.gnu.lto_rtcSTM32SetSec.75e1e4f06880dd07,"e",%progbits
 622 0000 789C9D55 		.ascii	"x\234\235UKL\234U\024\276\347\277\377\213q\206\247\230"
 622      4B4C9C55 
 622      14BEE7BF 
 622      FF8B7186 
 622      A798
 623 0012 36248685 		.ascii	"6$\206\205\011\351B\006\037\213\272\253\301\205\213"
 623      09E94206 
 623      1F8BBAAB 
 623      C1858B
 624 0021 1A13DB9D 		.ascii	"\032\023\333\235\013\242H\002\221\000\001\322\245\275"
 624      0BA24802 
 624      910001D2 
 624      A5BD
 625 002f 0C438942 		.ascii	"\014C\211BK5j;\321\361\307 \265.\2545h\012\002\355\024"
 625      4B356A3B 
 625      D1F1C720 
 625      B52EAC35 
 625      680A02ED 
 626 0044 DA2214EC 		.ascii	"\332\"\024\354\210\324\026\352\000\255\226\307\010\035"
 626      88D416EA 
 626      00AD96C7 
 626      081D
ARM GAS  /tmp/cc2Cbuvw.s 			page 50


 627 0052 4A8D3604 		.ascii	"J\2156\004;\236s\377\037:\303$\006\235\314\234\334\307"
 627      3B9E73FF 
 627      1F3AC324 
 627      069DCC9C 
 627      DCC7
 628 0064 39DFF9CE 		.ascii	"9\337\371\316\353\216\311\200E\014\306\336b\214U\341"
 628      EB8EC980 
 628      450CC6DE 
 628      628C55E1 
 629 0074 0F4C068A 		.ascii	"\017L\006\212\020b\217\321`*\012\037\013t\351\252p\251"
 629      10628FD1 
 629      602A0A1F 
 629      0B74E9AA 
 629      70A9
 630 0086 5D73A3CF 		.ascii	"]s\243\317\251\302\315Au\356T\320\234\225\246\030\343"
 630      A9C2CD41 
 630      75EE54D0 
 630      9C95A618 
 630      E3
 631 0097 2B6BBB51 		.ascii	"+k\273QK?\325\326d\240\226\341\334=\257\003\310\205"
 631      4B3FD5D6 
 631      64A096E1 
 631      DC3DAF03 
 631      C885
 632 00a9 30811D54 		.ascii	"0\201\035T\270\252\031:\034T4\266\371i\343\3078\014"
 632      B8AA193A 
 632      1C5434B6 
 632      F969E3C7 
 632      380C
 633 00bb 34CFF528 		.ascii	"4\317\365(\273>GM\021:\326\235wH4\355\2608c\001\276"
 633      BB3E474D 
 633      113AD69D 
 633      774834ED 
 633      B0386301 
 634 00d0 A105DFC1 		.ascii	"\241\005\337\301.\324\233\366\005\357\273\217p\213\003"
 634      2ED49BF6 
 634      05EFBB8F 
 634      708B03
 635 00df A8B87D7F 		.ascii	"\250\270}\177\344\233a\027m\025\310\307\355\244\350"
 635      E49B6117 
 635      6D15C8C7 
 635      EDA4E8
 636 00ee 6A73F362 		.ascii	"js\363b`\270\356^\237\012k\005\235B\370D\350\302g\\"
 636      60B8EE5E 
 636      9F0A6B05 
 636      9D42F844 
 636      E8C2675C 
 637 0102 3C61710E 		.ascii	"<aq\016\375\300\021\022\372 \017z!\2171<C\350\263P\200"
 637      FDC01112 
 637      FA200F7A 
 637      218F313C 
 637      43E8B350 
 638 0117 063DDF86 		.ascii	"\006=\337\206\306\014\376\2424\236\216\035\036t;\306"
 638      C60CFEA2 
 638      349E8E1D 
 638      1E743BC6 
 639 0127 EB9DD258 		.ascii	"\353\235\322X\205s)\306*\032\207\240\200\221\311\255"
ARM GAS  /tmp/cc2Cbuvw.s 			page 51


 639      857329C6 
 639      2A1A87A0 
 639      8091C9AD 
 640 0137 AF1F7CE0 		.ascii	"\257\037|\340\321U\2072\234\007\035\263\312\240\203"
 640      D1558732 
 640      9C071DB3 
 640      CAA083
 641 0146 B3AFC6B5 		.ascii	"\263\257\306\265\220x\020oF\250\023\360\327\253;\001"
 641      9078106F 
 641      46A813F0 
 641      D7AB3B01 
 642 0156 2D350585 		.ascii	"-5\005\205\316I\250(\014\015\205i\000Qq\001az\3504\235"
 642      CE49A828 
 642      0C0D8569 
 642      00517101 
 642      617AE834 
 643 016b 4406894C 		.ascii	"D\006\211L\022Y$\262I\344\220\310%\301X\013g+k'w\203"
 643      125924B2 
 643      49E490C8 
 643      25C1580B 
 643      672B6B27 
 644 0181 0831D6CA 		.ascii	"\0101\326\312\025\271n\304u\024\032\3176\377}\303CT"
 644      15B96EC4 
 644      75141ACF 
 644      36FF7DC3 
 644      4354
 645 0193 821C82DC 		.ascii	"\202\034\202\334@\226G\032c\323&%\214\003\203\001\214"
 645      4096471A 
 645      63D32625 
 645      8C038301 
 645      8C
 646 01a4 220ABEF5 		.ascii	"\"\012\276\365f\260u\024TcK\320\224oo\251.\275\177\364"
 646      66B07514 
 646      54634BD0 
 646      946F6FA9 
 646      2EBD7FF4 
 647 01b8 47D3FCE0 		.ascii	"G\323\374\340k\300r\244\0058E4\010~`\250\214\267C\261"
 647      6BC072A4 
 647      05384534 
 647      087E60A8 
 647      8CB743B1 
 648 01cc E5092034 		.ascii	"\345\011 4\035\321.@\236\305]\3546\370\027\212\035\000"
 648      1DD12E40 
 648      9EC55DEC 
 648      36F8178A 
 648      1D00
 649 01de 3A93D56B 		.ascii	":\223\325k\345\374\372jX#^\312\022\370\245\003JZ\360"
 649      E5FCFA6A 
 649      58235ECA 
 649      12F8A503 
 649      4A5AF0
 650 01f1 E4685CC2 		.ascii	"\344h\\\302\233\026\177$\300\025\204\277H\360\211L\335"
 650      9B167F24 
 650      C01584BF 
 650      48F0894C 
 650      DD
 651 0202 729B48C4 		.ascii	"r\233H\304\335A9\306\303\031\261:\346\352\204\216\206"
ARM GAS  /tmp/cc2Cbuvw.s 			page 52


 651      DD4139C6 
 651      C319B13A 
 651      E6EA848E 
 651      86
 652 0213 4C8B7B60 		.ascii	"L\213{`\010-\341\022y\304\253{\363\027\317\232\244\177"
 652      082DE112 
 652      79C4AB7B 
 652      F317CF9A 
 652      A47F
 653 0225 5C887C02 		.ascii	"\\\210|\002\371\036:\301\256\3120\352Y<]\322R7\323\265"
 653      F91E3AC1 
 653      AECA30EA 
 653      593C5DD2 
 653      5237D3B5 
 654 0239 048DB3F1 		.ascii	"\004\215\263\361\326\211\3710$\025\323\361d\037\370"
 654      D689F930 
 654      2415D3F1 
 654      641FF8
 655 0248 A93F675B 		.ascii	"\251?g[\242\236\235\262\300\3626A\033.\203\016#\350"
 655      A29E9DB2 
 655      C0F23641 
 655      1B2E830E 
 655      23E8
 656 025a 82C128C5 		.ascii	"\202\301(\305\237\263%\302\214\000v\321e\2420FAZ<Sr"
 656      9FB325C2 
 656      8C0076D1 
 656      65A23046 
 656      415A3C53 
 657 026f A04111AA 		.ascii	"\240A\021\252S\263\201\276\305\217\007\215$\012\032"
 657      53B381BE 
 657      C58F078D 
 657      240A1A
 658 027e DBD2607A 		.ascii	"\333\322`z\012\247\366\2563\334\241\244'S\012#\245+"
 658      0AA7F6AE 
 658      33DCA1A4 
 658      27530A23 
 658      A52B
 659 0290 A0A7182C 		.ascii	"\240\247\030,z\030\374H\372Z\262\3768\352\377 C\370"
 659      7A18FC48 
 659      FA5AB2FE 
 659      38EAFF20 
 659      43F8
 660 02a2 8942C848 		.ascii	"\211B\310H\254\204)+\361g[o\210\333[\021F\342x4r4xZ"
 660      AC84292B 
 660      F1675B6F 
 660      88DB5B11 
 660      46E27834 
 661 02ba C53A605A 		.ascii	"\305:`Z\263\340*\316\307\204S\205+\227Z?\311(:%\374"
 661      B3E02ACE 
 661      C7845385 
 661      2B975A3F 
 661      C9283A25 
 662 02cf 0DA2FD5E 		.ascii	"\015\242\375^\353\343\026\317\206\237\261\016\307i\352"
 662      EBE316CF 
 662      869FB10E 
 662      C769EA
 663 02de C62911D7 		.ascii	"\306)\021\327\240\210\032\365\303\346a\315v\230i\373"
ARM GAS  /tmp/cc2Cbuvw.s 			page 53


 663      A0881AF5 
 663      C3E661CD 
 663      769869FB 
 664 02ee DC1C6C03 		.ascii	"\334\034l\003\362\341:\242a[\315\014\216\202\243\224"
 664      F2E13AA2 
 664      615BCD0C 
 664      8E82A394 
 665 02fe D87B06F6 		.ascii	"\330{\006\366\336\244\323g-\334x\267\351\332\020\276"
 665      DEA4D367 
 665      2DDC78B7 
 665      E9DA10BE 
 666 030e 0E9857FD 		.ascii	"\016\230W\375\356\303Q\300\264\3666\032\024q\220gm\213"
 666      EEC351C0 
 666      B4F6361A 
 666      14719067 
 666      6D8B
 667 0320 3110D9A9 		.ascii	"1\020\331\251\015\262a\"{\303&\373\036\316\213\004\312"
 667      0DB26122 
 667      7BC326FB 
 667      1ECE8B04 
 667      CA
 668 0331 B6B13EBD 		.ascii	"\266\261>\275\032\3669L2\341\0279S\003\323\357H\235"
 668      1AF6394C 
 668      32E11739 
 668      5303D3EF 
 668      489D
 669 0343 ED7B8A24 		.ascii	"\355{\212$y\232\206\"\204'g\353\207\"\221~\305\236'"
 669      799A8622 
 669      842767EB 
 669      8722917E 
 669      C59E27
 670 0356 35C85D89 		.ascii	"5\310]\211\376r\320\337\214=\303}\303\206\255\243\241"
 670      FE72D0DF 
 670      8C3DC37D 
 670      C386ADA3 
 670      A1
 671 0367 4268EAF4 		.ascii	"Bh\352\364d:\215\205\220\275\377(\216\276\234u\362\332"
 671      643A8D85 
 671      90BDFF28 
 671      8EBE9C75 
 671      F2DA
 672 0379 60CD74EB 		.ascii	"`\315t\353\350\325\2762aV\372\005z\262n\312\360\220"
 672      E8D5BE32 
 672      6156FA05 
 672      7AB26ECA 
 672      F090
 673 038b 7A8F4658 		.ascii	"z\217FX[\200\332k\261a\263\320\301f\000\301\303\037"
 673      5B80DA6B 
 673      B161B3D0 
 673      C16600C1 
 673      C31F
 674 039d CD71BBB8 		.ascii	"\315q\273\270\371\024\302-\011\245\020\324\257\304_"
 674      F914C22D 
 674      09A510D4 
 674      AFC45F
 675 03ac 959535F0 		.ascii	"\225\2255\360\255\310\265\211\337<\021}\226x\253\020"
 675      ADC8B589 
ARM GAS  /tmp/cc2Cbuvw.s 			page 54


 675      DF3C117D 
 675      9678AB10 
 676 03bc 8F73F86D 		.ascii	"\217s\370m#S\313\221/\341\1779\274-\035\322\204\302"
 676      2353CB91 
 676      2FE17F39 
 676      BC2D1DD2 
 676      84C2
 677 03ce 1C39CC95 		.ascii	"\0349\314\225\205\376b\214'M\213\221:-\3476\247\305"
 677      85FE628C 
 677      274D8B91 
 677      3A2DE736 
 677      A7C5
 678 03e0 48EEFE05 		.ascii	"H\356\376\005\354\376y\331\375\213\224L\317\366\353"
 678      ECFE79D9 
 678      FD8B944C 
 678      CFF6EB
 679 03ef 17DDA8DF 		.ascii	"\027\335\250\337\002\325\357\367\215\266\216\364\324"
 679      02D5EFF7 
 679      8DB68EF4 
 679      D4
 680 03fc D850E936 		.ascii	"\330P\3516Z[`\341\276j\367J,\036\217g\300\322\303~Y"
 680      5A5B60E1 
 680      BE6AF74A 
 680      2C1E8F67 
 680      C0D2C37E 
 681 0411 FC2FFDB2 		.ascii	"\374/\375\262\234\344\357\016\205\237\216o\230\037\337"
 681      9CE4EF0E 
 681      859F8E6F 
 681      981FDF
 682 0420 B0A3D11D 		.ascii	"\260\243\321\035I\0110S\237\260\267\327<N\002\314\344"
 682      49093053 
 682      9FB0B7D7 
 682      3C4E02CC 
 682      E4
 683 0431 04AC6002 		.ascii	"\004\254`\002b2\001wS_\350\334\000O#\015\006\253\366"
 683      62320177 
 683      535FE8DC 
 683      004F230D 
 683      06ABF6
 684 0444 7F408EC5 		.ascii	"\177@\216\305\037cw\300\327\036;c\277\255\366\014\202"
 684      1F6377C0 
 684      D71E3B63 
 684      BFADF60C 
 684      82
 685 0455 1C3C5F88 		.ascii	"\034<_\210v{\012\013\275\370}\263\254\266\252\254\322"
 685      767B0A0B 
 685      BDF87DB3 
 685      ACB6AAAC 
 685      D2
 686 0466 5B5C5EF1 		.ascii	"[\\^\361z\305\313\373\274\325u\336\362\327*\2755\325"
 686      7AC5CBFB 
 686      BCD575DE 
 686      F2D72ABD 
 686      35D5
 687 0478 B5F575DE 		.ascii	"\265\365u\336}\373_z\346i\357\336\275/x_\331_|\340)"
 687      7DFB5F7A 
 687      E669EFDE 
ARM GAS  /tmp/cc2Cbuvw.s 			page 55


 687      BD2F785F 
 687      D95F7CE0 
 688 048d BA29A9AD 		.ascii	"\272)\251\255/-\251\254|\243\260\224\251\270\254\321"
 688      2F2DA9AC 
 688      7CA3B094 
 688      A9B8ACD1 
 689 049d EB0F94D4 		.ascii	"\353\017\224\324\225\225z\377\015\254\272\016Em\375"
 689      95957AFF 
 689      0DACBA0E 
 689      456DFD
 690 04ac 935515F6 		.ascii	"\223U\025\366\272\260\234\375\003\211\021\262\374"
 690      BAB09CFD 
 690      038911B2 
 690      FC
 691              		.text
 692              		.section	.gnu.lto_rtc_lld_set_time.75e1e4f06880dd07,"e",%progbits
 693 0000 789C6552 		.ascii	"x\234eRMHTQ\024>\337\273o\236O\035u\033J\340\302A$\360"
 693      4D485451 
 693      143EDFBB 
 693      6F9E4F1D 
 693      751B4AE0 
 694 0018 D1CFC655 		.ascii	"\321\317\306U\202-Z\030Q\272\227\262\001\245)E\245\255"
 694      822D5A18 
 694      51BA97B2 
 694      01A52945 
 694      A5AD
 695 002a D771D4C8 		.ascii	"\327q\324\310T\204B\006\032\337T\306\264\010,\014\354"
 695      54844206 
 695      1ADF54C6 
 695      B4082C0C 
 695      EC
 696 003b 4F7B693F 		.ascii	"O{i?\243\231i\005\225\304,\012\012$\014\202 J\235\316"
 696      A3996905 
 696      95C42C0A 
 696      0A240C82 
 696      204A9DCE 
 697 004f BD2361D3 		.ascii	"\275#a\323e\336p\317=\337w\276\357\234{m\002\355\023"
 697      65DE70CF 
 697      3DDF77BE 
 697      EF9C7B6D 
 697      02ED13
 698 0062 44F544B4 		.ascii	"D\365D\264\223?\010\202!\245\254\316\351\262\015@\357"
 698      933F0882 
 698      21A5ACCE 
 698      E9B20D40 
 698      EF
 699 0073 A40DEA34 		.ascii	"\244\015\3524\320\211!1\"0\323\367\371\256Q\221\340"
 699      D0892131 
 699      2230D3F7 
 699      F9AE5191 
 699      E0
 700 0084 8CF4467E 		.ascii	"\214\364F~\025\365\312\236\035.\027\210\362\227Y\270"
 700      15F5CA9E 
 700      1D2E1788 
 700      F29759B8 
 701 0094 870AC6A5 		.ascii	"\207\012\306\245\302\261\237\376A\341\012\300\344\360"
 701      C2B19FFE 
ARM GAS  /tmp/cc2Cbuvw.s 			page 56


 701      41E10AC0 
 701      E4F0
 702 00a2 C2FCEDB9 		.ascii	"\302\374\355\271<\025\032(\345\360\275\234\030\362\213"
 702      3C151A28 
 702      E5F0BD9C 
 702      18F28B
 703 00b1 1A10EFEF 		.ascii	"\032\020\357\357\254\257,\371\312\257I\031\226\336\233"
 703      ACAF2CF9 
 703      CAAF4919 
 703      96DE9B
 704 00c0 3121CB5C 		.ascii	"1!\313\\!0\005\301%\361\000%\270\217\022\">\343\322"
 704      213005C1 
 704      25F10025 
 704      B88F1222 
 704      3EE3D2
 705 00d3 D3286742 		.ascii	"\323(gB$\345\235\313\027\0075\371\306\315\236\327\326"
 705      24E59DCB 
 705      170735F9 
 705      C6CD9ED7 
 705      D6
 706 00e4 16F94342 		.ascii	"\026\371CB\223M<\374\217l2\331C9)\312\307[\233\027\013"
 706      934D3CFC 
 706      8F6C32D9 
 706      433929CA 
 706      C75B9B17 
 707 00f9 2C73CB32 		.ascii	",s\3132\036\301\342!\0208\223\2762\272\\\224\361\\\306"
 707      1EC1E221 
 707      103893BE 
 707      32BA5C94 
 707      F15CC6
 708 010c E1E4D4C6 		.ascii	"\341\344\324\306\345\234\214\347\270\301q\357\333\351"
 708      E59C8CE7 
 708      B8C171EF 
 708      DBE9
 709 011a 09218E68 		.ascii	"\011!\216h\335w?6V\375\201\253\322\3431,\216\026\017"
 709      DD773F36 
 709      56FD81AB 
 709      D2E3312C 
 709      8E160F
 710 012d 4B9994A6 		.ascii	"K\231\224\246+|x\254\264\201Y\326\236Q\332je\341\355"
 710      2B7C78AC 
 710      B48159D6 
 710      9E51DA6A 
 710      65E1ED
 711 0140 ED50FA0B 		.ascii	"\355P\372\013\305\023\004\264\243\247\010\214\277\362"
 711      C51304B4 
 711      A3A7088C 
 711      BFF2
 712 014e 797233DD 		.ascii	"yr3\335'\275\265\375\003\263\213I#\017\334\205\305\205"
 712      27BDB5FD 
 712      03B38B49 
 712      230FDC85 
 712      C585
 713 0160 B90B136A 		.ascii	"\271\013\023j\020\026\037\344\020\365\013RwaBzD\347"
 713      10161FE4 
 713      10F50B52 
 713      7761427A 
ARM GAS  /tmp/cc2Cbuvw.s 			page 57


 713      44E7
 714 0172 859109BA 		.ascii	"\205\221\011\2729\370\212\336\370\270\276\263\255\216"
 714      39F88ADE 
 714      F8B8BEB3 
 714      AD8E
 715 0180 B5009BA3 		.ascii	"\265\000\233\243mc\210(|\374\267\273K\017B'\267\021"
 715      6D638828 
 715      7CFCB7BB 
 715      4B0F4227 
 715      B711
 716 0192 D8092109 		.ascii	"\330\011!\011\013\317xH\2049\376\347l\354\372B:7\202"
 716      0BCF7848 
 716      8439FEE7 
 716      6CECFA42 
 716      3A3782
 717 01a5 7097ED0A 		.ascii	"p\227\355\012;\312\323I\252\021\316#\002\212\011\245"
 717      3BCAD349 
 717      AA11CE23 
 717      028A09A5 
 718 01b5 B79C5EB9 		.ascii	"\267\234^\271T\250\000\2526[pE\256*\245\371x\3168\306"
 718      54A800AA 
 718      365B7045 
 718      AE2AA5F9 
 718      78CE38C6 
 719 01c9 0C767F4B 		.ascii	"\014v\177K\331j\270\334\031\026P\342\212|v\034\211O"
 719      D96AB8DC 
 719      191650E2 
 719      8A7C761C 
 719      894F
 720 01db 0C152B5C 		.ascii	"\014\025+\\LXYJ\376(?\013\255\364B)e\311\224\376\243"
 720      4C58594A 
 720      FE283F0B 
 720      ADF44229 
 720      65C994FE 
 721 01f0 B1C80857 		.ascii	"\261\310\010W\024\320*fRPG*\305\214/\337?\245\362\253"
 721      14D02A66 
 721      5250472A 
 721      C58C2FDF 
 721      3FA5F2AB 
 722 0204 26E559CE 		.ascii	"&\345Y\316\372\010/Q\305\220\360z\337\300p\201j?\306"
 722      FA082F51 
 722      C590F07A 
 722      DFC07081 
 722      6A3FC6
 723 0217 8AC2621B 		.ascii	"\212\302b\033=\245\372Yd9(\214\352w\264\224i\324d\264"
 723      3DA5FA59 
 723      6439288C 
 723      EA77B494 
 723      69D464B4 
 724 022b 2B8A680D 		.ascii	"+\212h\015\341xb\014\232\240V\277@\346\016\302\236\012"
 724      E178620C 
 724      9AA056BF 
 724      40E60EC2 
 724      9E0A
 725 023d AB2B2B1D 		.ascii	"\253++\035\376\235\014\266\235\016\206\234\232\246\346"
 725      FE9D0CB6 
 725      9D0E869C 
ARM GAS  /tmp/cc2Cbuvw.s 			page 58


 725      9AA6E6
 726 024c E3CD87EB 		.ascii	"\343\315\207\353\234\226v\247\351X\310imi\353hw\352"
 726      9C9676A7 
 726      E958C869 
 726      6D69EB68 
 726      77EA
 727 025e EA0FEDDD 		.ascii	"\352\017\355\335\343\324\326\036p\216\326\327\234\331"
 727      E3D4D61E 
 727      708ED6D7 
 727      9CD9
 728 026c AD320D6D 		.ascii	"\2552\015m\035\215\015\241\320\211\312F2y\333jw4\237"
 728      1D8D0DA1 
 728      D089CA46 
 728      3279DB6A 
 728      77349F
 729 027f 0AB6B706 		.ascii	"\012\266\267\006\033\005o\376\000\340\177\033o"
 729      1B056FFE 
 729      00E07F1B 
 729      6F
 730              		.text
 731              		.section	.gnu.lto_.symbol_nodes.75e1e4f06880dd07,"e",%progbits
 732 0000 789C6D93 		.ascii	"x\234m\2239O\033Q\020\307\347\330\303\353\335\254\275"
 732      394F1B51 
 732      10C7E7D8 
 732      C3EBDDAC 
 732      BD
 733 0011 E6B09320 		.ascii	"\346\260\223 E\262\374\011\240\241\004\211\217\302\367"
 733      45B2FC09 
 733      A0A10489 
 733      8FC2F7
 734 0020 9805CCD5 		.ascii	"\230\005\314\325QD\212\322F.\362\021\022\244\024H.\243"
 734      51448AD2 
 734      462EF211 
 734      12A41448 
 734      2EA3
 735 0032 8806097A 		.ascii	"\210\006\011z\013\001\005\230\373>\236\337[\023!f\252"
 735      0B010598 
 735      FB3E9EDF 
 735      5B132166 
 735      AA
 736 0043 BFFEBF99 		.ascii	"\277\376\277\231\321\314;J\200\220y\000@\307(\220\233"
 736      D1CC3B4A 
 736      80907900 
 736      40C72890 
 736      9B
 737 0054 F070E31F 		.ascii	"\360p\343\037\200\000\374\316\267\362\300`\023\376\012"
 737      8000FCCE 
 737      B7F2C060 
 737      13FE0A
 738 0063 41DE0460 		.ascii	"A\336\004`:A\301\376\335\317\351a\322f>[\244\034 .4"
 738      3A41C1FE 
 738      DDCFE961 
 738      D2663E5B 
 738      A41C202E 
 739 0078 078DFA28 		.ascii	"\007\215\372(\244\246\320)\012\353\344\002\305\323\311"
 739      A4A6D029 
 739      0AEBE402 
ARM GAS  /tmp/cc2Cbuvw.s 			page 59


 739      C5D3C9
 740 0087 258AAF93 		.ascii	"%\212\257\223+\224\340pks\033\336\243k\224\360D\235"
 740      2B94E070 
 740      6B731BDE 
 740      A36B94F0 
 740      449D
 741 0099 728DC82D 		.ascii	"r\215\310-r\216Rz\263\356\377\352\033\224H\337q\235"
 741      728E527A 
 741      B3EEFFEA 
 741      1B9448DF 
 741      719D
 742 00ab D8559FA1 		.ascii	"\330U\237\241\224\365j\\%\211\237\213\370b1\230s\235"
 742      94F56A5C 
 742      25899F8B 
 742      F8623198 
 742      739D
 743 00bd 31649924 		.ascii	"1d\231$\321I\233\344\203N\226HR\235<\240Ttr\217R\325"
 743      D1499BE4 
 743      834E9648 
 743      529D3CA0 
 743      5474728F 
 744 00d3 C91D4AA6 		.ascii	"\311\035J\246\223[\224\232N\236PFt\362\2102\252\223"
 744      935B949A 
 744      4E9E5046 
 744      74F28832 
 744      AA93
 745 00e5 9C644C27 		.ascii	"\234dL'\317(\343:Y$\251\353d\201\244\241\022\206\232"
 745      CF28E33A 
 745      5924A9EB 
 745      6481A4A1 
 745      12869A
 746 00f8 BB847986 		.ascii	"\273\204y\206\314\251.2T\367\377~\237\302v\300Pqf'`"
 746      CCA92E32 
 746      54F7FF7E 
 746      9FC276C0 
 746      50716627 
 747 010d 1AB737DA 		.ascii	"\032\2677\332b\032\263b\216i\364t z)\323\210U\355\212"
 747      621AB362 
 747      8E69F474 
 747      207A29D3 
 747      8855ED8A 
 748 0121 47BFFE7C 		.ascii	"G\277\376|\235\300\2352\014U\374\252R`\257Q\364\360"
 748      9DC09D32 
 748      0C55FCAA 
 748      5260AF51 
 748      F4F0
 749 0133 EAB6A013 		.ascii	"\352\266\240\023\262\377\251\260\374\217\326\352\206"
 749      B2FFA9B0 
 749      FC8FD6EA 
 749      86
 750 0140 1C0CB382 		.ascii	"\034\014\263\202\"+\346ph\205\316\352\005\\j\270\247"
 750      222BE670 
 750      6885CEEA 
 750      055C6AB8 
 750      A7
 751 0151 DBE252FD 		.ascii	"\333\342R\375\310\252n\231\243\314>\332y#\276\255\355"
 751      C8AA6E99 
ARM GAS  /tmp/cc2Cbuvw.s 			page 60


 751      A3CC3EDA 
 751      7923BEAD 
 751      ED
 752 0162 4E620F39 		.ascii	"Nb\0179\252^\354\355\225\007\033D\015\013\273F\025\215"
 752      AA5EECED 
 752      95071B44 
 752      0D0BBB46 
 752      158D
 753 0174 6B1C476E 		.ascii	"k\034Gn\301&\307\305\337]DN\262\276\353\222Tw\317\266"
 753      C126C7C5 
 753      DF5D444E 
 753      B2BEEB92 
 753      5477CFB6 
 754 0188 7DEC18CB 		.ascii	"}\354\030\313\015`\016'y\035*\235p\025-N?;5\307i\342"
 754      0D600E27 
 754      791D2A9D 
 754      70152D4E 
 754      3F3B35C7 
 755 019e D40F8417 		.ascii	"\324\017\204\027Kpp\371"
 755      4B7070F9 
 756              		.text
 757              		.section	.gnu.lto_.refs.75e1e4f06880dd07,"e",%progbits
 758 0000 789C0DC4 		.ascii	"x\234\015\304A\016\200 \000\003\301\266\033\024\214"
 758      410E8020 
 758      0003C1B6 
 758      1B148C
 759 000f 1C349144 		.ascii	"\0344\221D\237\301\377\037's\230*kJ\353\270\356\021"
 759      9FC1FF1F 
 759      2773982A 
 759      6B4AEBB8 
 759      EE11
 760 0021 9BB8C22D 		.ascii	"\233\270\302-\2360\304\033>J\260\211\351n9\232\317\364"
 760      9E30C41B 
 760      3E4AB089 
 760      E96E399A 
 760      CFF4
 761 0033 A21F27C0 		.ascii	"\242\037'\300\001X"
 761      0158
 762              		.text
 763              		.section	.gnu.lto_.decls.75e1e4f06880dd07,"e",%progbits
 764 0000 789CA55A 		.ascii	"x\234\245ZyXT\331\225\257[\267\212*\212\315\250\335"
 764      795854D9 
 764      95AF5BB7 
 764      8A2A8ACD 
 764      A8DD
 765 0012 6D5A3B63 		.ascii	"mZ;c\367\230N\177\223 .\371\322\351/\3377I\217=\023"
 765      F7984E7F 
 765      93202EF9 
 765      D2E92FDF 
 765      37498F3D 
 766 0027 F3C5EEE4 		.ascii	"\363\305\356\344k\235N'\223\371j\020\252\033\322,\006"
 766      6B9D4E27 
 766      93F96A10 
 766      AA1BD22C 
 766      06
 767 0038 8A6E9D7F 		.ascii	"\212n\235\177R,\"\" \212\354\373\246 \240\340\216l\005"
 767      522C2222 
ARM GAS  /tmp/cc2Cbuvw.s 			page 61


 767      208AECFB 
 767      A620A0E0 
 767      8E6C05
 768 004b A8080882 		.ascii	"\250\010\010\202\262\310\"\262\213\010\210 \202\210"
 768      B2C822B2 
 768      8B088820 
 768      8288
 769 0059 32E7DEFB 		.ascii	"2\347\336\373\336\343\275*\312\356IJ\017\257\356}\347"
 769      DEE3BD2A 
 769      CAEE494A 
 769      0FAFEE7D 
 769      E7
 770 006a FECEEF9C 		.ascii	"\376\316\357\234{\356y\367\275Wj\031\222\035q\224\311"
 770      7BEE79F7 
 770      BD576A19 
 770      921D7194 
 770      C9
 771 007b 5E5AC964 		.ascii	"^Z\311d7@\026\341c+\223\311\232A\310\261\022d\024\344"
 771      374016E1 
 771      632B93C9 
 771      9A41C8B1 
 771      126414E4 
 772 008f 29089C96 		.ascii	")\010\234\226=\007Y\201d\262\325 kA\336\002\261\001"
 772      3D075981 
 772      64B2D520 
 772      6B41DE02 
 772      B101
 773 00a1 F901C87A 		.ascii	"\371\001\310z\020\362\371>\310\217\341\373F\220M [@"
 773      10F2F93E 
 773      C88FE1FB 
 773      46904D20 
 773      5B40
 774 00b3 7E01B20D 		.ascii	"~\001\262\015d;\310' ;A>\007\321\202\270\203x\201\354"
 774      643BC827 
 774      203B413E 
 774      07D182B8 
 774      837881EC 
 775 00c7 03090609 		.ascii	"\003\011\006\011\001\011\005\011\003\211\0009\006\022"
 775      01090509 
 775      03890039 
 775      0612
 776 00d5 0B920492 		.ascii	"\013\222\004\222\006\222\015\222\007\242\000;\347\341"
 776      06920D92 
 776      07A2003B 
 776      E7E1
 777 00e3 7811C408 		.ascii	"x\021\304\010R\315\331\347?\177\220\313d\257\303\321"
 777      52CDD9E7 
 777      3F7F90CB 
 777      64AFC3D1 
 778 00f3 0D6425C8 		.ascii	"\015d%\310j\221?\376\240\333\015\322\006\362&\264{\020"
 778      6A913FFE 
 778      A0DB0DD2 
 778      06F226B4 
 778      7B10
 779 0105 F3AF0F8E 		.ascii	"\363\257\017\216\001 \373A\372A\006@\006A\206@\212@"
 779      0120FB41 
 779      FA410640 
ARM GAS  /tmp/cc2Cbuvw.s 			page 62


 779      06418640 
 779      8A40
 780 0117 3C418641 		.ascii	"<A\206A\3348[J\316\327`\216\277\027\347\017\342\270"
 780      DC385B4A 
 780      CED7608E 
 780      BF17E70F 
 780      E2B8
 781 0129 893FFF0D 		.ascii	"\211?\377\015|\276g\302g\224\370\001\375?\202\357\357"
 781      7CBE67C2 
 781      6794F801 
 781      FD3F82EF 
 781      EF
 782 013a 8258435B 		.ascii	"\202XC[\011mG8b8\216!\026o\007.\316$\376j\316\367E8"
 782      096D4738 
 782      62388E21 
 782      166F072E 
 782      CE24FE6A 
 783 0152 DA82C841 		.ascii	"\332\202\310A\317\236\343\277\221\213\031\211\235J\316"
 783      CF9EE3BF 
 783      918B1989 
 783      9D4ACE
 784 0161 E218C2F1 		.ascii	"\342\030\302\361\271h\302\307\031\316[s|\210}5\264c"
 784      B968C2C7 
 784      19CE5B73 
 784      7C887D35 
 784      B463
 785 0173 383EBC6D 		.ascii	"8>\274mk8F\021.\234\275\227 /@\32426\2676r67vpt \376"
 785      6B384611 
 785      2E9CBD97 
 785      202F40D4 
 785      3236B736 
 786 018f 81AC92B3 		.ascii	"\201\254\222\26393\375\350\240\337Ndo\265|\311\267T"
 786      3933FDE8 
 786      A0DF4E64 
 786      6FB57CC9 
 786      B754
 787 01a1 13BBC4D7 		.ascii	"\023\273\304\327\327\344l\276\0229\177\211\257\213\""
 787      D7E46CBE 
 787      12397F89 
 787      AF8B22
 788 01b0 7F49ECB7 		.ascii	"\177I\354\267p9A|%\034\222,\370\372\215\234\305\\\034"
 788      7039417C 
 788      251C922C 
 788      F8FA8D9C 
 788      C55C1C
 789 01c3 7B711E13 		.ascii	"{q\036\023>\304>\037\003\236\307\233 \257\303\367?\311"
 789      3EC43E1F 
 789      039EC79B 
 789      20AFC3F7 
 789      3FC9
 790 01d5 184F3E1E 		.ascii	"\030O>\036J.\036ops0O\354\311Y\\~\361\377\214\313\201"
 790      4A2E1E6F 
 790      7073304F 
 790      ECC9595C 
 790      7EF1FF8C 
 791 01eb 57707B4B 		.ascii	"Wp{K\224\037\246\334\010\037\302k\035bq2\345&\346\365"
 791      941FA6DC 
ARM GAS  /tmp/cc2Cbuvw.s 			page 63


 791      081FC26B 
 791      1D627132 
 791      E526E6F5 
 792 01ff 06971FDB 		.ascii	"\006\227\037\333D\334T\257\340t\204\304x\031N6\313\360"
 792      44DC54AF 
 792      E07484C4 
 792      78194E36 
 792      CBF0
 793 0211 7140E6F9 		.ascii	"q@\346\371B\346\313\036Is\224\330\337n\022\033K\366"
 793      42E6CB1E 
 793      497394D8 
 793      DF6E121B 
 793      4BF6
 794 0223 93A17FCD 		.ascii	"\223\241\177\3152\366\177\300\371\312\257W\236\013Y"
 794      32F67FC0 
 794      F9CAAF57 
 794      9E0B59
 795 0232 AB7BB9B5 		.ascii	"\253{\271\265\372\006\364\225qk\325R\314x\236V\242X"
 795      FA06F495 
 795      716BD552 
 795      CC789E56 
 795      A258
 796 0244 3D075900 		.ascii	"=\007Y\000y\0062\207\330\332\370D\264\256\305q\023s"
 796      79063287 
 796      D8DAF844 
 796      B4AEC571 
 796      1373
 797 0256 27F48D26 		.ascii	"'\364\215&>\234\220\263\372i\312\237\324\236J.\377\327"
 797      3E9C90B3 
 797      FA69CA9F 
 797      D49E4A2E 
 797      FFD7
 798 0268 C8993F1F 		.ascii	"\310\231?\037\203|\037\276\377\013\207A\326\032\251"
 798      837C1FBE 
 798      FF0B8741 
 798      D61AA9
 799 0277 8FC4F68F 		.ascii	"\217\304\366\217\227\211M\021\231\317e\260\305q\341"
 799      97894D11 
 799      99CF65B0 
 799      C571E1
 800 0286 F3595CC3 		.ascii	"\363Y\\\303H\015\237\221-\037\027\323\374\026\327\027"
 800      480D9F91 
 800      2D1F17D3 
 800      FC16D717 
 801 0296 3E2E1A19 		.ascii	">.\032\031\253\331\246\361X.\307\011m\323z\\A\326\373"
 801      ABD9A6F1 
 801      582EC709 
 801      6DD37A5C 
 801      41D6FB
 802 02a9 32BCC975 		.ascii	"2\274\311u\243\215[\203\244\026\277)g\265\231\304\346"
 802      A38D5B83 
 802      A416BF29 
 802      67B599C4 
 802      E6
 803 02ba 24599FD0 		.ascii	"$Y\237\320\316\202\343:8\376\201\303$9N\256\035\353"
 803      CE82E33A 
 803      38FE81C3 
ARM GAS  /tmp/cc2Cbuvw.s 			page 64


 803      24394EAE 
 803      1DEB
 804 02cc E5EC5A40 		.ascii	"\345\354Z@\256\011\237/\023\253X\214J\203_\224\253\""
 804      AE099F2F 
 804      13AB588C 
 804      4A835F94 
 804      AB22
 805 02de 30FA9106 		.ascii	"0\372\221\006\221\253\233\003t\325<\032oA\254\213h\344"
 805      91AB9B03 
 805      74D53C1A 
 805      6F41AC8B 
 805      68E4
 806 02f0 DD38346A 		.ascii	"\33584j\217\345\364{YT\355\202\215S\201\201}\324\241"
 806      8FE5F47B 
 806      5954ED82 
 806      8D538181 
 806      7DD4A1
 807 0303 58864A11 		.ascii	"X\206J\021^B\313\315:\222a\205\177Ku{\002\222\347l\001"
 807      5E42CBCD 
 807      3A926185 
 807      7F4B757B 
 807      0292E76C 
 808 0318 66A50629 		.ascii	"f\245\006)\240y\254\356\\\255\006\232\2535h=4\023z\363"
 808      A079ACEE 
 808      5CAD069A 
 808      AB35683D 
 808      34137AF3 
 809 032c D26D3521 		.ascii	"\322m5!\006C\200!-\320`\275]\206\214h-\252@ke\250\034"
 809      06438021 
 809      2DD060BD 
 809      5D868C68 
 809      2DAA406B 
 810 0343 51DB65C8 		.ascii	"Q\333e\310\011\225@\337e\322W\21140\250b1\246B\301 "
 810      099540DF 
 810      65D25789 
 810      3430A862 
 810      31A642C1 
 811 0358 D5D08C3E 		.ascii	"\325\320\214>Y\271`\313 \215\304bzkS\000b\355\025\320"
 811      59B960CB 
 811      208DC462 
 811      7A6B5300 
 811      62ED15D0 
 812 036c 6CBB9B99 		.ascii	"l\273\233\231\3065\225\320|<\326\333\241\302\273\010"
 812      C63595D0 
 812      7C3CD6DB 
 812      A1C2BB08 
 813 037c 37DC55DA 		.ascii	"7\334U\332|\317\036\260\311\177M\274A\215j\221F\026"
 813      7CCF1EB0 
 813      C97F4DBC 
 813      418D6A91 
 813      4616
 814 038e 6F003A93 		.ascii	"o\000:\223*\372\235\0223\0046\301\014\240\255k\321\246"
 814      2AFA9D12 
 814      330436C1 
 814      0CA0AD6B 
 814      D1A6
 815 03a0 B53069A4 		.ascii	"\2650i\244\037\325\300\220\353\300\010\000/^\033\311"
ARM GAS  /tmp/cc2Cbuvw.s 			page 65


 815      1FD5C090 
 815      EBC00800 
 815      2F5E1BC9 
 816 03b0 E6CCDB41 		.ascii	"\346\314\333A3\2405\377\242=kbh\026\344\354\317p\300"
 816      33A035FF 
 816      A23D6B62 
 816      6816E4EC 
 816      CF70C0
 817 03c3 9F5373BD 		.ascii	"\237Ss\275\341IC\252%s\304\014B7\251I5=r\346\012\305"
 817      E14943AA 
 817      2573C40C 
 817      4237A949 
 817      353D72E6 
 818 03d9 E6483F6A 		.ascii	"\346H?j\204!\015\314\\\356LD\"\027@[hf\016\247,\250"
 818      84210DCC 
 818      5CEE4C44 
 818      2217405B 
 818      68660EA7 
 819 03ef F16E8A7F 		.ascii	"\361n\212\177\3358\272h+v\247\205wg\005\375\312\301"
 819      DD38BA68 
 819      2B76A785 
 819      776705FD 
 819      CAC1
 820 0401 478AE149 		.ascii	"G\212\341I?\272\005#n3x~\272V\263\351:Z=}\333\026\377"
 820      3FBA0523 
 820      6E33787E 
 820      BA56B3E9 
 820      3A5A3D7D 
 821 0418 85C29786 		.ascii	"\205\302\227\206%N\332#\015\303\347\260\214b\254v\202"
 821      254EDA23 
 821      0DC3E7B0 
 821      8C62AC76 
 821      82
 822 0429 D50167EF 		.ascii	"\325\001g\357\000\026\363\017\323N\302\205\034\311\204"
 822      0016F30F 
 822      D34EC285 
 822      1CC984
 823 0438 5FCC6D40 		.ascii	"_\314m@x\017M\215\301\343u\373\230\251\265\320\312\232"
 823      780F4D8D 
 823      C1E375FB 
 823      98A9B5D0 
 823      CA9A
 824 044a BA75D016 		.ascii	"\272u\320\026\373QS\375\013C)6\022Si\201\205*Qv\310"
 824      FB5153FD 
 824      0B432936 
 824      12536981 
 824      852A5176 
 825 045f D05D62AC 		.ascii	"\320]b\254\007\232\367\25015\355`F\027\027\377\266\370"
 825      079AF7A8 
 825      3135ED60 
 825      461717FF 
 825      B6F8
 826 0471 4FB41D8B 		.ascii	"O\264\035\213\325\011\351\015\007\020\332@>\2536l\310"
 826      D509E90D 
 826      0710DA40 
 826      3EAB366C 
 826      C8
ARM GAS  /tmp/cc2Cbuvw.s 			page 66


 827 0482 2058C69B 		.ascii	" X\306\2339\033\222o\215\030r\256#\242\205\272!\323"
 827      391B926F 
 827      8D1872AE 
 827      23A285BA 
 827      21D3
 828 0494 86D02AD4 		.ascii	"\206\320*\324%\200;\255%\251\206\006\320\006bQ&c\303"
 828      25803BAD 
 828      25A98606 
 828      D0066251 
 828      2663C3
 829 04a7 AADE8A33 		.ascii	"\252\336\2123\204n!\011\200\256qC\256\"\316w\321\210"
 829      846E2109 
 829      80AE7143 
 829      AE22CE77 
 829      D188
 830 04b9 2B4B23FA 		.ascii	"+K#\372\327\305\031\214\351Vh\235\006ur#\266\232\017"
 830      D7C5198C 
 830      E956689D 
 830      06757223 
 830      B69A0F
 831 04cc D8CCF40D 		.ascii	"\330\314\364\015\006cO\262<\321\020\262\005\275\007"
 831      06634FB2 
 831      3CD110B2 
 831      05BD07
 832 04db BE11E56A 		.ascii	"\276\021\345j\200\257\342\030\301\237\315\002\360D\322"
 832      80AFE218 
 832      C19FCD02 
 832      F044D2
 833 04ea CA80C034 		.ascii	"\312\200\3004@\206\260\2426\016\272u\0312[\241}\204"
 833      4086B0A2 
 833      360EBA75 
 833      19325BA1 
 833      7D84
 834 04fc 60478220 		.ascii	"`G\202 \205L\004I\206\220\325\325\017j\203 \367A\206"
 834      854C0449 
 834      8690D5D5 
 834      0F6A8320 
 834      F74186
 835 050f 41FA407A 		.ascii	"A\372@z\321\006\262\226\231\261\371u\324o\310Dt\203"
 835      D106B296 
 835      99B1F975 
 835      D46FC844 
 835      7483
 836 0521 3355BF8C 		.ascii	"3U\277\214\251\272%\277\247\330\010H.\324\314\215\330"
 836      A9BA25BF 
 836      A7D80848 
 836      2ED4CC8D 
 836      D8
 837 0532 623EA089 		.ascii	"b>\240\211\014\200\231\237:\235\362\324\001\027\"\232"
 837      0C80999F 
 837      3A9DF2D4 
 837      0117229A 
 838 0542 14E5A187 		.ascii	"\024\345\241\207GT\253\226\245\214F8\254oa\015(\213"
 838      4754AB96 
 838      A58C4638 
 838      AC6F610D 
 838      288B
ARM GAS  /tmp/cc2Cbuvw.s 			page 67


 839 0554 D5A3E71C 		.ascii	"\325\243\347\034lC\205\272\202\036\300\260\245\344\031"
 839      6C4385BA 
 839      821EC0B0 
 839      A5E419
 840 0563 45E4BA43 		.ascii	"E\344\272C\016\240[\222\036\\m\305\312\211=4\307\222"
 840      0EA05B92 
 840      1E5C6DC5 
 840      CA893D34 
 840      C792
 841 0575 C20E2B48 		.ascii	"\302\016+HI2pC\241\177i\344\030I;\360\341![.\306\302"
 841      49327043 
 841      A17F69E4 
 841      18493BF0 
 841      E1215B2E 
 842 058b A8DB2A36 		.ascii	"\250\333*6\226\324\314\260\360\350Y\007\226\322s\344"
 842      96D4CCB0 
 842      F0E85907 
 842      96D273E4 
 843 059b 74EB5CD9 		.ascii	"t\353\\\331\274-.\245\236a\377\320\371\016,]?\231\006"
 843      BC2D2EA5 
 843      9E61FFD0 
 843      F90E2C5D 
 843      3F9906
 844 05ae BC865F3F 		.ascii	"\274\206_?\350\021x7I\340\037\203\302\024\227\325\223"
 844      E8117837 
 844      49E01F83 
 844      C21497D5 
 844      93
 845 05bf 4256FF8D 		.ascii	"BV\377\215~'|\003\373\303\355WFr\021\372\025\"\375h"
 845      7E277C03 
 845      FBC3ED57 
 845      467211FA 
 845      1522FD68 
 846 05d3 02C68C53 		.ascii	"\002\306\214S\206\323h%\243I\003\02128Sf\243\341\254"
 846      86D36825 
 846      A3490311 
 846      32385366 
 846      A3E1AC
 847 05e6 05BDCA1A 		.ascii	"\005\275\312\032(G\035\364\177l'F~\362\012\344\361\363"
 847      28471DF4 
 847      7F6C2746 
 847      7EF20AE4 
 847      F1F3
 848 05f8 E555F6E2 		.ascii	"\345U\366\342\020\317\240\225\242@=e!~JCl\354\015\177"
 848      10CFA095 
 848      A2403D65 
 848      217E4A43 
 848      6CEC0D7F 
 849 060c 86212EB0 		.ascii	"\206!.\260\016\026\221\350\332\262\216][\036\030[\037"
 849      0E1691E8 
 849      DAB28E5D 
 849      5B1E185B 
 849      1F
 850 061d AAD5C194 		.ascii	"\252\325\301\224d\265($2\364\014\251\311l\313\320\034"
 850      64B52824 
 850      32F40CA9 
 850      C96CCBD0 
ARM GAS  /tmp/cc2Cbuvw.s 			page 68


 850      1C
 851 062e 00CF3296 		.ascii	"\000\3172\226\203\367\322\223\224\270\222\245KJR^\034"
 851      83F7D293 
 851      94B892A5 
 851      4B4A525E 
 851      1C
 852 063f 5A66289A 		.ascii	"Zf(\232\007\377\314F\243\347\364\212\341\037\227\362"
 852      07FFCC46 
 852      A3E7F48A 
 852      E11F97F2 
 853 064f 52816F30 		.ascii	"R\201o0\204\256\375E\021\210%\034\371 v\201D/X\236q"
 853      84AEFD45 
 853      1188251C 
 853      F9207681 
 853      442F589E 
 854 0664 F99430D2 		.ascii	"\371\2240\322\330l\205\233\330\210\364\242\323G\254"
 854      D86C859B 
 854      D888F4A2 
 854      D347AC
 855 0673 4C47A097 		.ascii	"LG\240\227`P:\250\251y.K\222\204\213\222$4\310m\231"
 855      60503AA8 
 855      A9792E4B 
 855      92848B92 
 855      2434C86D 
 856 0688 DEC3C0B8 		.ascii	"\336\303\300\270q\204\273\031\370\303\223\235-\366x"
 856      7184BB19 
 856      F8C3939D 
 856      2DF678
 857 0697 9835AEA5 		.ascii	"\2305\256\245Vx\220\035\012\341\215\374\024\244+i &"
 857      5678901D 
 857      0AE18DFC 
 857      14A42B69 
 857      2026
 858 06a9 0F9B19F7 		.ascii	"\017\233\031\367\227c\024$\027\033O\236\254\275.\231"
 858      97631424 
 858      171B4F9E 
 858      ACBD2E99 
 859 06b9 1E727AC9 		.ascii	"\036rz\311\370~\336x\367\335\216\007\230\332\200.\024"
 859      F87EDE78 
 859      F7DD8E07 
 859      98DA802E 
 859      14
 860 06ca 28A74682 		.ascii	"(\247F\202\257F\226\330\261\264\226\223k\377\374p\212"
 860      AF4696D8 
 860      B1B49693 
 860      6BFFFC70 
 860      8A
 861 06db EA8D689A 		.ascii	"\352\215h\232\027\201\206\025r\344\366:\251r\350\200"
 861      17818615 
 861      72E4F63A 
 861      A972E880 
 862 06eb 9C4085C8 		.ascii	"\234@\205\310\337\220\241`\271\202\3415\334\314\271"
 862      DF90A160 
 862      B982E135 
 862      DCCCB9
 863 06fa A510DB85 		.ascii	"\245\020\333\205\323\"\273\007\301\010%\011\2529\255"
 863      D322BB07 
ARM GAS  /tmp/cc2Cbuvw.s 			page 69


 863      C1082509 
 863      AA39AD
 864 0709 170FABF0 		.ascii	"\027\017\253\360#n\032&\323\026\254,\215C\241\340\237"
 864      236E1A26 
 864      D316AC2C 
 864      8D43A1E0 
 864      9F
 865 071a 68283E9E 		.ascii	"h(>\236]wO\211\240\242\263z3\234g\225`0\006Y\221\230"
 865      5D774F89 
 865      A0A2B37A 
 865      339C6795 
 865      60300659 
 866 0730 A2059888 		.ascii	"\242\005\230\210p\211\263B\361\\\276\254\220\340\205"
 866      7089B342 
 866      F15CBEAC 
 866      90E085
 867 073f B3E0A130 		.ascii	"\263\340\2410\371\006\024!\027\025\277&t\375\177\320"
 867      F9061421 
 867      1715BF26 
 867      74FD7FD0 
 868 074f 21800D90 		.ascii	"!\200\015\220/\013k\344\212\330\301C)\211\226\352\226"
 868      2F0B6BE4 
 868      8AD8C143 
 868      298996EA 
 868      96
 869 0760 050330EA 		.ascii	"\005\0030\352E\376\303b\245\330\353\303\022\013\221"
 869      45FEC362 
 869      A5D8EBC3 
 869      120B91
 870 076f 7496C841 		.ascii	"t\226\310A\264G\373\243\371\036\355\217l\035\315^II"
 870      B447FBA3 
 870      F91EED8F 
 870      6C1DCD5E 
 870      4949
 871 0781 46789605 		.ascii	"Fx\226\00546\367Z\221\303\362[\253(9\035B\350\034\225"
 871      3436F75A 
 871      91C3F25B 
 871      AB28391D 
 871      42E81C95 
 872 0795 AF454760 		.ascii	"\257EG`\032\32119\331Z\235)\351[P\342\000\266\315+>"
 872      1AD13139 
 872      D95A9D29 
 872      E95B50E2 
 872      00B6CD2B 
 873 07aa 6F6C50E1 		.ascii	"olP\341H\332\220\247tuT\251!\342,*\213u\233\222;G\014"
 873      48DA90A7 
 873      747554A9 
 873      21E22C2A 
 873      8B759B92 
 874 07c1 86A36B68 		.ascii	"\206\243kh5\217\001\300\270W\204\034\010\320\210"
 874      358F01C0 
 874      B857841C 
 874      08D088
 875 07d0 080CA2B9 		.ascii	"\010\014\242\271\001\204B\254\020\215[c\305c6\370\016"
 875      018442AC 
 875      108D5B63 
 875      C56336F8 
ARM GAS  /tmp/cc2Cbuvw.s 			page 70


 875      0E
 876 07e1 B37EA138 		.ascii	"\263~\2418\371\007\253\270\321A\322\321\361\313\216"
 876      F907ABB8 
 876      D141D2D1 
 876      F1CB8E
 877 07f0 6ECD7834 		.ascii	"n\315x4c'\216e\202\204Q\"\213e\"\215\345\334\205\220"
 877      63278E65 
 877      82845122 
 877      8B65228D 
 877      E5DC8590 
 878 0804 469B55CB 		.ascii	"F\233U\313s[\036=(\261\334_2SI\022\364d\206\236L\321"
 878      735B1E3D 
 878      28B1DC5F 
 878      32534912 
 878      F464869E 
 879 081a 83676B56 		.ascii	"\203gkV\212UI\210\226TS\230j\012UM\037\255\350q\340"
 879      8A554988 
 879      96545398 
 879      6A0A554D 
 879      1FADE871 
 880 082f D326E8EF 		.ascii	"\323&\350\357\275\334\325=.\217W\213-\246J\310\2451"
 880      BDDCD53D 
 880      2E8F578B 
 880      2DA64AC8 
 880      A531
 881 0841 8B69CCE2 		.ascii	"\213i\314\342\335\336\012\353>\3306\311I\037\252\205"
 881      DDDE0AEB 
 881      3ED836C9 
 881      491FAA85 
 882 0851 BB55F28F 		.ascii	"\273U\362\217\374a\265\204\034\021\371Nd\221\377 \362"
 882      FC61B584 
 882      1C11F94E 
 882      6491FF20 
 882      F2
 883 0862 E1F464DC 		.ascii	"\341\364d\334\315\013\337\307\016\374\037\326'\347P"
 883      CD0BDFC7 
 883      0EFC1FD6 
 883      27E750
 884 0871 E4DC6D01 		.ascii	"\344\334m\001bc\030:m\212\240\331y\304\235\347A\330"
 884      6263183A 
 884      6D8AA0D9 
 884      79C49DE7 
 884      41D8
 885 0883 00BE20F3 		.ascii	"\000\276 \363\003\271.9gN<\002\2311^\002\224\011\240"
 885      03B92E39 
 885      674E3C02 
 885      99315E02 
 885      9409A0
 886 0896 FC0709F7 		.ascii	"\374\007\011\367+)/\302S\355\373Q\257?\331\203\025\317"
 886      2B292FC2 
 886      53EDFB51 
 886      AF3FD983 
 886      15CF
 887 08a8 6C94A1D7 		.ascii	"l\224\241\327\"\327\313h\026FG5G(\361\234\374U\227\212"
 887      22D7CB68 
 887      16464735 
 887      4728F19C 
ARM GAS  /tmp/cc2Cbuvw.s 			page 71


 887      FC55978A 
 888 08bc 2C49E10D 		.ascii	",I\341\015]x\331mgV\240\311\\J\365\032:\253\316\330"
 888      5D78D96D 
 888      6756A0C9 
 888      5C4AF51A 
 888      3AABCED8 
 889 08d0 8AE72C5B 		.ascii	"\212\347,[2g\307\371\002\035;\223|\311\212\026h\350"
 889      3267C7F9 
 889      021D3B93 
 889      7CC98A16 
 889      68E8
 890 08e2 E22E02B9 		.ascii	"\342.\002\271\335eg\344\264\217\244\326\011V\264\323"
 890      DD6567E4 
 890      B48FA4D6 
 890      0956B4D3 
 891 08f2 1A8A0FDB 		.ascii	"\032\212\017\333\012\2359\2543\273<=\334\301b\351>I"
 891      0A9D39AC 
 891      33BB3C3D 
 891      DCC162E9 
 891      3E49
 892 0904 4A772E5F 		.ascii	"Jw._\272+{\252\217[\275\223f0\366\032\214\367F\326\347"
 892      BA2B7BAA 
 892      8F5BBD93 
 892      6630F61A 
 892      8CF746D6 
 893 0919 5C8605AE 		.ascii	"\\\206\005\256Q\020%\224\011k\202\243N\276\313P\206"
 893      51102594 
 893      096B82A3 
 893      4EBECB50 
 893      86
 894 092a BC1FA174 		.ascii	"\274\037\241t9y\024\210\362\344\357\220-\327\371\304"
 894      39791488 
 894      F2E4EF90 
 894      2DD7F9C4 
 895 093a 6025BE82 		.ascii	"`%\276\202Y\3302\256\264X[4[@\314\372qV{\242NT8\200"
 895      59D832AE 
 895      B4585B34 
 895      5B40CCFA 
 895      71567BA2 
 896 0952 D55EB03A 		.ascii	"\325^\260:\221'\207:\016\227r\203\234(\241|\221\331"
 896      9127873A 
 896      0E977283 
 896      9C28A17C 
 896      91D9
 897 0964 7C53B3A7 		.ascii	"|S\263\247\250\331>\377SgT\270\201\231\355|~\353\234"
 897      A8D93EFF 
 897      536754B8 
 897      8199ED7C 
 897      7EEB9C
 898 0977 92C31ABE 		.ascii	"\222\303\032\276d+\301:-\302:m\212UH\261\002ND^\264"
 898      642BC13A 
 898      2DC23A6D 
 898      8A5548B1 
 898      024E445E 
 899 098c C1030CEB 		.ascii	"\301\003\014\353X\334\235Q{\016\253\352\027\022\250"
 899      58DC9D51 
 899      7B0EABEA 
ARM GAS  /tmp/cc2Cbuvw.s 			page 72


 899      1712A8
 900 099b 22115491 		.ascii	"\"\021T\221)\324\031\012\025v\367\372K\214'\031TQO\225"
 900      29D4190A 
 900      1576F7FA 
 900      4B8C2719 
 900      54514F95 
 901 09af CA2C2348 		.ascii	"\312,#H\011<'\311\210\346\350\342V5\257\027\304\353"
 901      093C27C9 
 901      88E6E8E2 
 901      5635AF17 
 901      C4EB
 902 09c1 C59BE945 		.ascii	"\305\233\351ED\247\326\311\305\231s^\2229\027\370\314"
 902      44A7D6C9 
 902      C599735E 
 902      923917F8 
 902      CC
 903 09d2 791C56B4 		.ascii	"y\034V\264\250\246\011qA\310\234\322\351\370J%\355\203"
 903      A8A60971 
 903      41C89CD2 
 903      E9F84A25 
 903      ED83
 904 09e4 828F2EB2 		.ascii	"\202\217.\262$\231\311\254\177\214\204=\300%\326YS\271"
 904      2499C9AC 
 904      7F8C843D 
 904      C025D659 
 904      53B9
 905 09f6 10AAB438 		.ascii	"\020\252\2648\205\227\311\024\026\363\231S\225\2270"
 905      8597C914 
 905      16F39953 
 905      959730
 906 0a05 AEE66235 		.ascii	"\256\346b5\377[!V\240\204\316\212bu\3264V%4V\035\327"
 906      FF5B2156 
 906      A084CE8A 
 906      6275D634 
 906      56253456 
 907 0a1b 73C3D538 		.ascii	"s\303\3258@Ac\225P6\274\316,V\3461\010\314\317n\260"
 907      40416395 
 907      5036BCCE 
 907      2C56E631 
 907      08CCCF6E 
 908 0a30 11C7A04C 		.ascii	"\021\307\240L\022\203r>\006=1U\237Q\317\312\205\020"
 908      1283723E 
 908      063D3155 
 908      9F51CFCA 
 908      8510
 909 0a42 644D9E6F 		.ascii	"dM\236o\264\027BP\301\274m\010(\372\235\020\001#\353"
 909      B4174250 
 909      C1BC6D08 
 909      28FA9D10 
 909      0123EB
 910 0a55 4BCA3AFB 		.ascii	"K\312:\373\266\305\000T\221\000T\362\001\230\356\257"
 910      B6C50054 
 910      910054F2 
 910      0198EEAF 
 911 0a65 18425C00 		.ascii	"\030B\\\000\372?\027\002\000J\250T\024\200R\323\000"
 911      FA3F1702 
 911      004AA854 
ARM GAS  /tmp/cc2Cbuvw.s 			page 73


 911      148052D3 
 911      00
 912 0a76 54D3009C 		.ascii	"T\323\000\234?\024\336e\207\217\261\000\024\216\227"
 912      3F14DE65 
 912      878FB100 
 912      148E97
 913 0a85 65692895 		.ascii	"ei(\225C\002\345\312\354\313\003\366\002\275\253\214"
 913      4302E5CA 
 913      ECCB03F6 
 913      02BDAB8C 
 914 0a95 DED4C18B 		.ascii	"\336\324\301\213!V\026\371\325\020~\327x~QO\357O)8~"
 914      215616F9 
 914      D5107ED7 
 914      787E514F 
 914      EF4F2938 
 915 0aaa 757F16F8 		.ascii	"u\177\026\370\201\022\272\"\342w\305\224\337u\312\257"
 915      8112BA22 
 915      E277C594 
 915      DF75CAAF 
 916 0aba B5A0205F 		.ascii	"\265\240 _\205s\031\277\305C\261-\012\312%E\340\227"
 916      857319BF 
 916      C543B12D 
 916      0ACA2545 
 916      E097
 917 0acc 33543662 		.ascii	"3T6b+\364\3251~s\2433\311K\244\353Y\347\364\221\204"
 917      2BF4D531 
 917      7E73A333 
 917      C94BA4EB 
 917      59E7F491 
 918 0ae1 C3C822E9 		.ascii	"\303\310\"\351\006B\372\006O:v\241\246\221\257\014\363"
 918      0642FA06 
 918      4F3A76A1 
 918      A691AF0C 
 918      F3
 919 0af2 6E026950 		.ascii	"n\002iPB\265\"\322\265\246\244\033)\351\243\265G\366"
 919      42B522D2 
 919      B5A6A41B 
 919      29E9A3B5 
 919      47F6
 920 0b04 DBE15246 		.ascii	"\333\341RFz\271\"\3326\235>\261\264\363mb\374r\346\317"
 920      7AB922DA 
 920      369D3EB1 
 920      B4F36D62 
 920      FC72E6CF 
 921 0b18 DDD358E4 		.ascii	"\335\323X\344w\213\360k\026&\275>s\222\017j\377o\004"
 921      778BF06B 
 921      1626BD3E 
 921      73920F6A 
 921      FF6F04
 922 0b2b 7EA0846E 		.ascii	"~\240\204n\212\370\3354\345w\233\362k\014z1\200q\003"
 922      8AF8DD34 
 922      E5779BF2 
 922      6B0C7A31 
 922      807103
 923 0b3e E337DC13 		.ascii	"\3437\334\023\321\245\024j7\3437\364\254\246\333N\340"
 923      D1A5146A 
 923      37E337F4 
ARM GAS  /tmp/cc2Cbuvw.s 			page 74


 923      ACA6DB4E 
 923      E0
 924 0b4f D7CAF82D 		.ascii	"\327\312\370-&<\350\264\263\310\257\235\360k\343\371"
 924      263CE8B4 
 924      B3C8AF9D 
 924      F06BE3F9 
 925 0b5f C50FCE77 		.ascii	"\305\017\316wa\236\237\247\300\017\224P\213\210_\213"
 925      619E9FA7 
 925      C00F9450 
 925      8B885F8B 
 926 0b6f 29BF3B94 		.ascii	")\277;\224_\334\275{\007\224\270\233\343\327Q}FcV\232"
 926      5FDCBD7B 
 926      0794B89B 
 926      E3D7517D 
 926      4663569A 
 927 0b83 CC2F6A57 		.ascii	"\314/jW\347C\247%w\035\235\222e\331\305/\313\264\211"
 927      E743A725 
 927      771D9D92 
 927      65D9C52F 
 927      CBB489
 928 0b96 6BD50ED4 		.ascii	"k\325\016\324\267.a>jk\253\213\254\004\177\273\231\277"
 928      B72E613E 
 928      6A6BAB8B 
 928      AC047FBB 
 928      99BF
 929 0ba8 E7EF3C8E 		.ascii	"\347\357<\216PX\364\267\207\370{\227\367\367\336p@\240"
 929      5058F4B7 
 929      87F87B97 
 929      F7F7DE70 
 929      40A0
 930 0bba 35E7EFE8 		.ascii	"5\347\357\350/\005\177A\011u\210\374\3550\365\367\036"
 930      2F057F41 
 930      097588FC 
 930      ED30F5F7 
 930      1E
 931 0bcb F5F7444A 		.ascii	"\365\367DJ\346]\033<n9_\244\027\335>\306\257*\355\362"
 931      E65D1B3C 
 931      6E395FA4 
 931      17DD3EC6 
 931      AF2AEDF2 
 932 0bdf 5B385449 		.ascii	"[8TI\007U\336\352\367W\230\325\256\0010=(\011\322\365"
 932      0755DEEA 
 932      F75798D5 
 932      AE01303D 
 932      2809D2F5 
 933 0bf3 B1034DE6 		.ascii	"\261\003M\346\3014\327\353\2721\231-\331\320\016I\202"
 933      C134D7EB 
 933      BA31992D 
 933      D9D00E49 
 933      82
 934 0c04 39CC07B3 		.ascii	"9\314\007\263\366~\316\273\224\027\364\240~\306\353"
 934      F67ECEBB 
 934      9417F4A0 
 934      7EC6EB
 935 0c13 FADC6487 		.ascii	"\372\334d\207\345\353\376\010\211\333}>nq\247\013r5"
 935      E5EBFE08 
 935      89DB7D3E 
ARM GAS  /tmp/cc2Cbuvw.s 			page 75


 935      6E71A70B 
 935      7235
 936 0c25 246E06FA 		.ascii	"$n\006\372h\354R\341\210!DC\225P\257(n\360\235\355w"
 936      68EC52E1 
 936      88214443 
 936      9550AF28 
 936      6EF09DED 
 937 0c3a 1ED07819 		.ascii	"\036\320x\031'\263\3420\016g\256\367NTEb1\325'\222-"
 937      27B3E230 
 937      0E67AEF7 
 937      4E544562 
 937      31D52792 
 938 0c4f EF439E6A 		.ascii	"\357C\236j\335\205\250R\226\323\017\205\270^;[x\334"
 938      DD85A852 
 938      96D30F85 
 938      B85E3B5B 
 938      78DC
 939 0c61 72491827 		.ascii	"rI\030'T\307x\252\271MM\315J\216\352\363\223\270\270"
 939      54C778AA 
 939      B94D4DCD 
 939      4A8EEAF3 
 939      93B8B8
 940 0c74 26D8F87B 		.ascii	"&\330\370{\252\203FELGy\246\023\224\351\263\216\324"
 940      AA834645 
 940      4C4779A6 
 940      1394E9B3 
 940      8ED4
 941 0c86 793B7C95 		.ascii	"y;|\2251-\010x~U\215\333Xc\252\247;\207\324-4IG\220"
 941      312D0878 
 941      7E558DDB 
 941      5863AAA7 
 941      3B87D42D 
 942 0c9e EBC0E907 		.ascii	"\353\300\351\007\207\254p7;}\356aT\"Y\225h\212\244\314"
 942      87AC7037 
 942      3B7DEE61 
 942      54225995 
 942      688AA4CC 
 943 0cb2 6316D942 		.ascii	"c\026\331B\177\343\011;\334\3074\252\272\206\356\253"
 943      7FE3093B 
 943      DCC734AA 
 943      BA86EEAB 
 944 0cc2 88C613A2 		.ascii	"\210\306\023\2421\3154N\345?/d\025\334\212_\313}'\206"
 944      31CD344E 
 944      E53F2F64 
 944      15DC8A5F 
 944      CB7D2786 
 945 0cd6 FCF89EA7 		.ascii	"\374\370\236\247L+\346f\325\030\026\273\015\247\226"
 945      4C2BE666 
 945      D51816BB 
 945      0DA796
 946 0ce5 DC9E236E 		.ascii	"\334\236#n\317\362n\033\312\323\002l\301\355\3114CZ"
 946      CFF26E1B 
 946      CAD3026C 
 946      C1EDC934 
 946      435A
 947 0cf7 82E1DF02 		.ascii	"\202\341\337\002\014a\006\343Y9QB\217x\277\321\014h"
 947      0C6106E3 
ARM GAS  /tmp/cc2Cbuvw.s 			page 76


 947      59395142 
 947      8F78BFD1 
 947      0C68
 948 0d09 932673FD 		.ascii	"\223&s\375\031u=*\2745\\\216\0370\262\361\025\263GT"
 948      19753D2A 
 948      BC355C8E 
 948      1F30B2F1 
 948      15B34754 
 949 0d1d E2491A94 		.ascii	"\342I\032\224\344\323s~\222\012_\304N\013y\347oYot\354"
 949      E4D3737E 
 949      920A5FC4 
 949      4E0B79E7 
 949      6F596F74 
 950 0d32 79025BC4 		.ascii	"y\002[\304\013\302dv\264\015\227\220\233\3247\331M*"
 950      0BC26476 
 950      B40D9790 
 950      9BD437D9 
 950      4D2A
 951 0d44 FDD0BBB9 		.ascii	"\375\320\273\271\326\241\010\256\237_\037\206\277A\177"
 951      D6A108AE 
 951      9F5F1F86 
 951      BF417F
 952 0d53 C5C14B85 		.ascii	"\305\301K\205J<\303\010v\276\254\016\261c\217\336\012"
 952      4A3CC308 
 952      76BEAC0E 
 952      B1638FDE 
 952      0A
 953 0d64 0383BEE7 		.ascii	"\003\203\276\347\277Yt3d\300t0\271\027Z\204{\326\227"
 953      BF597433 
 953      64C07430 
 953      B9175A84 
 953      7BD697
 954 0d77 72FA2C28 		.ascii	"r\372,(\370Tv\264d\023\355\217\305y\027\2009\252A\245"
 954      F85476B4 
 954      6413ED8F 
 954      C5791780 
 954      39AA41A5 
 955 0d8b D9D7ECC5 		.ascii	"\331\327\354\305.Y\320\273\025\323\231\301\\\012\304"
 955      2E59D0BB 
 955      15D399C1 
 955      5C0AC4
 956 0d9a B6E8059B 		.ascii	"\266\350\005\233\251\341\303\227\356\250\3053\005\021"
 956      A9E1C397 
 956      EEA8C533 
 956      0511
 957 0da8 104DD57E 		.ascii	"\020M\325~\014S\025\204\271\251j\357\013\353\223s\031"
 957      0C531584 
 957      B9A96AEF 
 957      0BEB9373 
 957      19
 958 0db9 7ABFE29F 		.ascii	"z\277\342\237s\003\017\204\033\322\021\325B\363\242"
 958      73030F84 
 958      1BD211D5 
 958      42F3A2
 959 0dc8 1C9DE727 		.ascii	"\034\235\347'*\030\223\211\232\233\237=\345\200\357"
 959      2A189389 
 959      9A9B9F3D 
ARM GAS  /tmp/cc2Cbuvw.s 			page 77


 959      E580EF
 960 0dd7 58D138F4 		.ascii	"X\3218\364W\247\225\252x\214\273\270\376bo\223\177\344"
 960      57A795AA 
 960      788CBBB8 
 960      FE626F93 
 960      7FE4
 961 0de9 6ABA6F46 		.ascii	"j\272oF\007\360\022\006|g\030!\014\343\345\261 \015"
 961      07F01206 
 961      7C671821 
 961      0CE3E5B1 
 961      200D
 962 0dfb CE54B1DC 		.ascii	"\316T\261\334\355j\212\262\3470\352\037\341\356\253"
 962      ED6A8AB2 
 962      E730EA1F 
 962      E1EEAB
 963 0e0a 74A51084 		.ascii	"t\245\020\204\203\"\204\203<B(E\230\017\230\352F\370"
 963      83228483 
 963      3C422845 
 963      980F98EA 
 963      46F8
 964 0e1c 3E43787C 		.ascii	">Cx|\266w\312\232C\350tL0T\261\315\357!\321\360C\374"
 964      B677CA9A 
 964      43E8744C 
 964      3054B1CD 
 964      EF21D1F0 
 965 0e32 F0303ABC 		.ascii	"\3600:\274z\341\341\237\361\0136\272\370Bj\012\277R"
 965      7AE1E19F 
 965      F10B36BA 
 965      F8426A0A 
 965      BF52
 966 0e44 6F872A93 		.ascii	"o\207*\223\253\005\373\341\"\200p\036 \202\002$^\353"
 966      AB05FBE1 
 966      2280701E 
 966      20820224 
 966      5EEB
 967 0e56 4D46D8A8 		.ascii	"MF\330\250\246\010\367o\006T[\343\026\326h\036\253H"
 967      A608F76F 
 967      06545BE3 
 967      16D6681E 
 967      AB48
 968 0e68 B759FE69 		.ascii	"\267Y\376iF$6{QDr\251&-\205]\335\217`~\025\236h1\214"
 968      4624367B 
 968      514472A9 
 968      262D855D 
 968      DD8F607E 
 969 0e81 CA2D569A 		.ascii	"\312-V\232(2\217G\371y,\330\177z\320\201\343\3770Q\231"
 969      28328F47 
 969      F9792CD8 
 969      7F7AD081 
 969      E3FF3051 
 970 0e96 574FF983 		.ascii	"WO\371\203\016:,\342\177\230\347\177\214\362\217O\273"
 970      0E3A2CE2 
 970      7F98E77F 
 970      8CF28F4F 
 970      BB
 971 0ea7 98E4800F 		.ascii	"\230\344\200\017ZS\3127\3433\373\354\305\326\010\221"
 971      5A53CA37 
ARM GAS  /tmp/cc2Cbuvw.s 			page 78


 971      E333FBEC 
 971      C5D60891 
 972 0eb7 25733158 		.ascii	"%s1Xt\023t9f\242\010s\326\332:\327\244\007\246\275G"
 972      74137439 
 972      66A20873 
 972      D6DA3AD7 
 972      A407A6BD 
 973 0ecc 1450B4C8 		.ascii	"\024P\264\310V4o+\226\305\252\245\037\356\304\322\254"
 973      56346F2B 
 973      96C5AAA5 
 973      1FEEC4D2 
 973      AC
 974 0edd 2DEE1FCE 		.ascii	"-\356\037\316u\3363.]\257\3421\355\364\237;4\217-\206"
 974      75DE332E 
 974      5DAFE231 
 974      EDF49F3B 
 974      348F2D86 
 975 0ef1 2091704A 		.ascii	" \221pJ\340C0[\376$\321\206\277.\234R\246\006\006\263"
 975      E043305B 
 975      FE24D186 
 975      BF2E9C52 
 975      A60606B3 
 976 0f05 54062D14 		.ascii	"T\006-\024'\"\026\307\023KbY\2608\327\247\300\017\030"
 976      272216C7 
 976      134B6259 
 976      B038D7A7 
 976      C00F18
 977 0f18 B191F1F6 		.ascii	"\261\221\361\3666\245pQg\304Z:\233\352\325\0269\244"
 977      36A57051 
 977      67C45A3A 
 977      9BEAD516 
 977      39A4
 978 0f2a 120E293C 		.ascii	"\022\016)<\207\212\200\223\263\374r\252\317y\357\324"
 978      878A8093 
 978      B3FC72AA 
 978      CF79EFD4 
 979 0f3a 39439092 		.ascii	"9C\220\222\250\240d\021\201d\236@\032%\360\264\355\316"
 979      A8A06411 
 979      81649E40 
 979      1A25F0B4 
 979      EDCE
 980 0f4c 877896D9 		.ascii	"\207x\226\331Oi\011jdi\360|\351\202\023Wb\260\345\313"
 980      4F69096A 
 980      6469F07C 
 980      E9821357 
 980      62B0E5CB 
 981 0f60 8CE1BB94 		.ascii	"\214\341\273\224\231\240\312\303\327$\211\223)\231\312"
 981      99A0CAC3 
 981      D7248993 
 981      2999CA
 982 0f6f 2C423983 		.ascii	",B9\203\247\034\367\374Q.^\252\000\363\027\330\345\024"
 982      A71CF7FC 
 982      512E5EAA 
 982      00F317D8 
 982      E514
 983 0f81 9450BA88 		.ascii	"\224P\272\210t:O:\233\222\356\252m7:\340\227\326\026"
 983      743A4F3A 
ARM GAS  /tmp/cc2Cbuvw.s 			page 79


 983      9B92EEAA 
 983      6D373AE0 
 983      97D616
 984 0f94 F7D8CD83 		.ascii	"\367\330\315\203\311\013J\301\223\023l:"
 984      C90B4AC1 
 984      93136C3A 
 985 0fa0 A37B6BCB 		.ascii	"\243{k\313\345\302>*\207u\346F\324[\336\302\236$\\s"
 985      E5C23E2A 
 985      8775E646 
 985      D45BDEC2 
 985      9E245C73 
 986 0fb4 79AE874E 		.ascii	"y\256\207N?\311\307\302\245\377\347\247\271K?(\241\343"
 986      3FC9C7C2 
 986      A5FFE7A7 
 986      B94B3F28 
 986      A1E3
 987 0fc6 22AEC779 		.ascii	"\"\256\307y\256y\224ke\365\3216\304\036\017\223\207"
 987      AE79946B 
 987      65F5D136 
 987      C41E0F93 
 987      87
 988 0fd7 866DA773 		.ascii	"\206m\247s\362\355,\2761)\300\354\215I>\246\241\254"
 988      F2ED2CBE 
 988      3129C0EC 
 988      8D493EA6 
 988      A1AC
 989 0fe9 BF763F01 		.ascii	"\277v?\001\263\2616\320|q\277\352\224\222\2751\271C"
 989      B3B136D0 
 989      7C71BFEA 
 989      9492BD31 
 989      B943
 990 0ffb F7D411B3 		.ascii	"\367\324\021\263."
 990      2E
 991 1000 A6EF364E 		.ascii	"\246\3576N\343\265\350\024&X\205x%\003\244\344;\367"
 991      E3B5E814 
 991      26588578 
 991      2503A4E4 
 991      3BF7
 992 1012 DF68569A 		.ascii	"\337hV\232\276\256\260\244\034[r\270\312\352\355DM\252"
 992      BEAEB0A4 
 992      1C5B72B8 
 992      CAEAED44 
 992      4DAA
 993 1024 418D8AE0 		.ascii	"A\215\212\340\014\271xg=i\261\303'\330\263\323\364\206"
 993      0CB97867 
 993      3D69B1C3 
 993      27D8B3D3 
 993      F486
 994 1036 E9180D3E 		.ascii	"\351\030\015>\317\032\305S!\215\312\037f\032\232\214"
 994      CF1AC553 
 994      218DCA1F 
 994      661A9A8C 
 995 1046 E449C84F 		.ascii	"\344I\310Or\217\033B\"\375\3518t\016\302\222'\177Gd"
 995      728F1B42 
 995      22FDE938 
 995      740EC292 
 995      277F4764 
ARM GAS  /tmp/cc2Cbuvw.s 			page 80


 996 105a E72CF49C 		.ascii	"\347,\364\234\301o\303\267\363\370\207\244n\245M\217"
 996      C16FC3B7 
 996      F3F887A4 
 996      6EA54D8F 
 997 106a D8E17286 		.ascii	"\330\341r\206\024{$\263\027\001R/ \015\237\307\376\006"
 997      147B24B3 
 997      1701522F 
 997      200D9FC7 
 997      FE06
 998 107c A3823EE3 		.ascii	"\243\202>\343\275\300\242+z\035w\201\306\030]\244\030"
 998      BDC0A22B 
 998      7A1D7781 
 998      C6185DA4 
 998      18
 999 108d 21257917 		.ascii	"!%y\027\270\010\257$W\317Sqe\032\213\021.\346\"|\211"
 999      B808AF24 
 999      57CF5371 
 999      651A8B11 
 999      2EE6227C 
 1000 10a2 8B70D881 		.ascii	"\213p\330\2012\0076v\0254\037\214\245\336\345^H\307"
 1000      32073676 
 1000      15341F8C 
 1000      A5DEE55E 
 1000      48C7
 1001 10b4 91772F85 		.ascii	"\221w/\205g'\236*LC\\\002\336\\\246\336\224\222\250"
 1001      67279E2A 
 1001      4C435C02 
 1001      DE5CA6DE 
 1001      9492A8
 1002 10c7 15F3519B 		.ascii	"\025\363Q\233\272\225\321\200MClI\271\251+\364\246\375"
 1002      BA95D180 
 1002      4D436C49 
 1002      B9A92BF4 
 1002      A6FD
 1003 10d9 DB576888 		.ascii	"\333Wh\210\313X\210\357\227,\356\267\302wX,\252\367"
 1003      CB5888EF 
 1003      972CEEB7 
 1003      C277582C 
 1003      AAF7
 1004 10eb 478E2AB8 		.ascii	"G\216*\270\250\366<\260\362O3\006\255'\2124\246p\323"
 1004      A8F63CB0 
 1004      F24F3306 
 1004      AD278A34 
 1004      A670D3
 1005 10fe 2602AE80 		.ascii	"&\002\256\200\236r\032S#\215G\371\205\356\016\353\267"
 1005      9E721A53 
 1005      238D47F9 
 1005      85EE0EEB 
 1005      B7
 1006 110f 8729F40C 		.ascii	"\207)\364\014\242\320\361\215\035#\326\370)\203\016"
 1006      A2D0F18D 
 1006      1D23D6F8 
 1006      29830E
 1007 111e 1DFA0907 		.ascii	"\035\372\011\007<\357\311p\311\333(\202\01373\242WX"
 1007      3CEFC970 
 1007      C9DB2882 
 1007      0B3733A2 
ARM GAS  /tmp/cc2Cbuvw.s 			page 81


 1007      5758
 1008 1130 55D05349 		.ascii	"U\320SIq\253).\377s\204\225\354\347\010\013\307\306"
 1008      71AB292E 
 1008      FF738495 
 1008      ECE7080B 
 1008      C7C6
 1009 1142 CA6D7190 		.ascii	"\312mq\220\015\333)^\010K\344\336\355\255!\373\335\310"
 1009      0DDB295E 
 1009      084BE4DE 
 1009      EDAD21FB 
 1009      DDC8
 1010 1154 9A10D8EF 		.ascii	"\232\020\330\357\262s\203\217#\0321\216f\015\376\007"
 1010      B273838F 
 1010      231A318E 
 1010      660DFE07 
 1011 1164 072BD90F 		.ascii	"\007+\331\017\016\356f\204\227hp2;7\220\177\342\022"
 1011      0EEE6684 
 1011      97687032 
 1011      3B37907F 
 1011      E212
 1012 1176 C2D9AC11 		.ascii	"\302\331\254\021al\006\312\371\254a\254\011]\207\317"
 1012      616C06CA 
 1012      F9AC61AC 
 1012      095D87CF 
 1013 1186 B1EFD713 		.ascii	"\261\357\327\023k\032lq)k\034\270\373\010\334\257f\215"
 1013      6B1A6C71 
 1013      296B1CB8 
 1013      FB08DCAF 
 1013      668D
 1014 1198 C58C9466 		.ascii	"\305\214\224fn27@\363b\331\213t\025\233\3144y,\326\324"
 1014      6E323740 
 1014      F362D98B 
 1014      74159BCC 
 1014      34792CD6 
 1015 11ad 5F196DB0 		.ascii	"_\031m\260G\334\313\355\015\364\3756\253:\335\215\301"
 1015      47DCCBED 
 1015      0DF4FD36 
 1015      AB3ADD8D 
 1015      C1
 1016 11be 86C84A84 		.ascii	"\206\310J\204\376\244Au\340s\033\026\357\340j\261\360"
 1016      FEA44175 
 1016      E0731B16 
 1016      EFE06AB1 
 1016      F0
 1017 11cf E6820D98 		.ascii	"\346\202\015\230\312\306\206\254MD\271\306L\371\232"
 1017      CAC686AC 
 1017      4D44B9C6 
 1017      4CF99A
 1018 11de A9F2BCA0 		.ascii	"\251\362\274\240|\325L\371\012\026\275\247&\373\006"
 1018      7CD54CF9 
 1018      0A16BDA7 
 1018      26FB06
 1019 11ed 41B7DE02 		.ascii	"A\267\336\002\013\263\3272\315\220\004Mp\212\336\020"
 1019      0BB3D732 
 1019      CD90044D 
 1019      708ADE10 
 1020 11fd 91116499 		.ascii	"\221\021d\231t\340\015\250\023\244\035\244\013\244\025"
ARM GAS  /tmp/cc2Cbuvw.s 			page 82


 1020      74E00DA8 
 1020      13A41DA4 
 1020      0BA415
 1021 120c E416C81D 		.ascii	"\344\026\310\035\220\333 -\230\177e\003F\353\004\243"
 1021      90DB202D 
 1021      987F6503 
 1021      46EB04A3 
 1022 121c 0D6646D9 		.ascii	"\015fF\331Z[\"8*\350^\267\340\371\222\356|\026\257{"
 1022      5A5B2238 
 1022      2AE85EB7 
 1022      E0F992EE 
 1022      7C16AF7B 
 1023 1230 D34CD749 		.ascii	"\323L\327I\252Z%\3006.\257*\212\347-A\367\206\005\272"
 1023      AA5A25C0 
 1023      362EAF2A 
 1023      8AE72D41 
 1023      F78605BA 
 1024 1244 FC3BA6EC 		.ascii	"\374;\246\354{g\216[\213w\273R\345n\272\213%\007r#s"
 1024      7B678E5B 
 1024      8B77BB52 
 1024      E56EBA8B 
 1024      25077223 
 1025 1259 F5769C0A 		.ascii	"\365v\234\012\327\321,\302\225Y\355g\255\2215{\365|"
 1025      D7D12CC2 
 1025      9559ED67 
 1025      AD91357B 
 1025      F57C
 1026 126b C0EC6720 		.ascii	"\300\354g \350.\030\356\301\326p+\014\301\357\305\354"
 1026      E82E18EE 
 1026      C1D6702B 
 1026      0CC1EFC5 
 1026      EC
 1027 127c D533E9E0 		.ascii	"\3253\351\340~=B\317\301\037rC>7\374\231\230\002\331"
 1027      7E3D42CF 
 1027      C11F7243 
 1027      3E37FC99 
 1027      9802D9
 1028 128f D72E51E8 		.ascii	"\327.Q\350c\024\372(\205\203W\247nJn\012\347$\257\002"
 1028      6314FA28 
 1028      858357A7 
 1028      6E4A6E0A 
 1028      E724AF02 
 1029 12a3 FB996E3F 		.ascii	"\373\231n?\325ml\237o\022\366\004A\257\270\033B\003"
 1029      D56D6C9F 
 1029      6F12F604 
 1029      41AFB81B 
 1029      4203
 1030 12b5 F80D128A 		.ascii	"\370\015\022\212\247\331\006\311\203\206q\011\366 \303"
 1030      A7D906C9 
 1030      83867109 
 1030      F620C3
 1031 12c4 1EA4D897 		.ascii	"\036\244\330\227\316\337='\011\033\251\343K\272CLw\210"
 1031      CEDF3D27 
 1031      091BA9E3 
 1031      4BBA434C 
 1031      7788
 1032 12d6 EA3E0F30 		.ascii	"\352>\0170\016H\356\221F$\270\303Lw\230\352f\236/\310"
ARM GAS  /tmp/cc2Cbuvw.s 			page 83


 1032      0E48EE91 
 1032      4624B8C3 
 1032      4C7798EA 
 1032      669E2FC8 
 1033 12ea 216BF35D 		.ascii	"!k\363]r\257C~\354\303\277\216{\227\025\245\362#]\303"
 1033      72AF437E 
 1033      ECC3BF8E 
 1033      7B9715A5 
 1033      F2235DC3 
 1034 12fe 1ADCC416 		.ascii	"\032\334\304\026rs\372L\010\367:\016\256\312\312\367"
 1034      7273FA4C 
 1034      08F73A0E 
 1034      AECACAF7 
 1035 130e 64827BE8 		.ascii	"d\202{\350\001\246CH\236\217@\374\357\223\344\037\305"
 1035      01A64348 
 1035      9E8F40FC 
 1035      EF93E41F 
 1035      C5
 1036 131f E4CABA50 		.ascii	"\344\312\272P\375h\035\356`\000\265\013Wk\350\256%\360"
 1036      FD681DEE 
 1036      6000B50B 
 1036      576BE8AE 
 1036      25F0
 1037 1331 BBFC540A 		.ascii	"\273\374T\012\006\264\216\205-`\334\303\325(\343\271"
 1037      06B48E85 
 1037      2D60DCC3 
 1037      D528E3B9 
 1038 1341 000D1E60 		.ascii	"\000\015\036`\215C\261\263Q\326x\2045\242c\307\217k"
 1038      8D43B1B3 
 1038      51D67884 
 1038      35A263C7 
 1038      8F6B
 1039 1353 F0385794 		.ascii	"\3608W\224\222\372\212Ux\212\0333\376\314\005\317\262"
 1039      92FA8A55 
 1039      788A1B33 
 1039      FECC05CF 
 1039      B2
 1040 1364 EF79479B 		.ascii	"\357yG\233\2631^`\215\341\274\2601{l\260\245\215\241"
 1040      B3315E60 
 1040      8DE1BCB0 
 1040      317B6CB0 
 1040      A58DA1
 1041 1377 8CB1D758 		.ascii	"\214\261\327X\201z\017Z\023\217\303\217s?O2\222W\307"
 1041      817A0F5A 
 1041      138FC38F 
 1041      733F4F32 
 1041      9257C7
 1042 138a F913C373 		.ascii	"\371\023\303sPQ\251\252M\374\251\230 +\366[\034V\262"
 1042      5051A9AA 
 1042      4DFCA998 
 1042      202BF65B 
 1042      1C56B2
 1043 139d 320C4181 		.ascii	"2\014A\201\260\3618\250\3129\233\325\354OV\301\030l"
 1043      B0F138A8 
 1043      CA399BD5 
 1043      EC4F56C1 
 1043      186C
ARM GAS  /tmp/cc2Cbuvw.s 			page 84


 1044 13af AC1E413C 		.ascii	"\254\036A<\374\025\026\013\026\0312\037\217\331\013"
 1044      FC15160B 
 1044      1619321F 
 1044      8FD90B
 1045 13be 5FA23F69 		.ascii	"_\242?iA\177\263\240\336\231 R\177h\246~\305D\275N\254"
 1045      417FB3A0 
 1045      DE992052 
 1045      7F68A67E 
 1045      C544BD4E 
 1046 13d3 3E61A67E 		.ascii	">a\246~\315D\375\226X}\334\202\272\210\374\224\230\374"
 1046      CD44FD96 
 1046      587DDC82 
 1046      BA88FC94 
 1046      98FC
 1047 13e5 63337DD1 		.ascii	"c3}\321\232g\372\243b\375)\013\372Kt\372\305\352\323"
 1047      9A67FAA3 
 1047      62FD290B 
 1047      FA4B74FA 
 1047      C5EAD3
 1048 13f8 66EA4E26 		.ascii	"f\352N&\350\375b\366\263\026bC\365%e\372)d\352\014="
 1048      E8FD62F6 
 1048      B3166243 
 1048      F52565FA 
 1048      2964EA0C 
 1049 140d 47F449EA 		.ascii	"G\364I\352\005(6\240E\250\305/A^\200<\003\231\003y\016"
 1049      052836A0 
 1049      45A8C52F 
 1049      415E803C 
 1049      03990379 
 1050 1422 B200320F 		.ascii	"\262\0002\017bPpu\232\316\212\230\350\223\345\211nf"
 1050      62507075 
 1050      9ACE8A98 
 1050      E893E589 
 1050      6E66
 1051 1434 95AFB420 		.ascii	"\225\257\264 \366\177W-k\237\376\356\342\357\240@\366"
 1051      F67F572D 
 1051      6B9FFEEE 
 1051      E2EFA040 
 1051      F6
 1052 1445 C9F5AD77 		.ascii	"\311\365\255w$\365)Pb?HA\327:\034\310u\374\352\304\264"
 1052      24F52950 
 1052      623F4841 
 1052      D73A1CC8 
 1052      75FCEAC4 
 1053 145a E4595C81 		.ascii	"\344Y\\\201\244.\354g\272\373\251\356\360\261\340\011"
 1053      A42EEC67 
 1053      BAFBA9EE 
 1053      F0B1E009 
 1054 146a 1B7C9D2D 		.ascii	"\033|\235-\217\330\214\014\177\265\360R\355\347\355"
 1054      8FD88C0C 
 1054      7FB5F052 
 1054      EDE7ED
 1055 1479 D5C18626 		.ascii	"\325\301\206&\330\305\375\212\335\013\007+\2266\331"
 1055      D8C5FD8A 
 1055      DD0B072B 
 1055      9636D9
 1056 1488 F05DFA5C 		.ascii	"\360]\372\\\362\200\202l\266'\317\234\272$\371\025I"
ARM GAS  /tmp/cc2Cbuvw.s 			page 85


 1056      F280826C 
 1056      B627CF9C 
 1056      BA24F915 
 1056      49
 1057 1499 8CA4E286 		.ascii	"\214\244\342\2060\313!\324\362h|\271\364G\037Q\022\335"
 1057      30CB21D4 
 1057      F2687CB9 
 1057      F4471F51 
 1057      12DD
 1058 14ab 834CF720 		.ascii	"\203L\367 \325\235\235I)u\300m\214e\276\177x\237=\307"
 1058      D59D9D49 
 1058      2975C06D 
 1058      8C65BE7F 
 1058      789F3DC7 
 1059 14bf 72315935 		.ascii	"r1Y5r\266\027\226\343\352 kj,TD2\324\224\344!J\362d"
 1059      72B61796 
 1059      E3EA206B 
 1059      6A2C5444 
 1059      32D494E4 
 1060 14d7 5157BC1A 		.ascii	"QW\274\032\247\332Q\260\304\372\201*\225\340\362{\361"
 1060      A7DA51B0 
 1060      C4FA812A 
 1060      95E0F27B 
 1060      F1
 1061 14e8 E43D2270 		.ascii	"\344=\"pR(\250\313a\"\2640S\264p\212\266Xu\364\250\003"
 1061      5228A8CB 
 1061      6122B430 
 1061      53B4708A 
 1061      B65875F4 
 1062 14fe BEC4D08A 		.ascii	"\276\304\320\212'[\013x\264\252\265\354\251\256?{\024"
 1062      275B0B78 
 1062      B4AAB5EC 
 1062      A9AE3F7B 
 1062      14
 1063 150f 1121828A 		.ascii	"\021!\202\2120\205:L\241\312B\262;\024\270\236A\025"
 1063      30853A4C 
 1063      A1CA42B2 
 1063      3B14B89E 
 1063      4115
 1064 1521 3E287C9B 		.ascii	">(|\233C\352\\'A\212\024!E\232\"\035\241H\003m)\355"
 1064      43EA5C27 
 1064      418A1421 
 1064      459A221D 
 1064      A148036D 
 1065 1537 D6B88721 		.ascii	"\326\270\207!\355o\017\255@K\361zy\266\220\213\027\011"
 1065      ED6F0FAD 
 1065      404BF17A 
 1065      79B6908B 
 1065      1709
 1066 1549 F85111D8 		.ascii	"\370Q\021\330QS\260(\012\226\321\024\262(\271\314\244"
 1066      5153B028 
 1066      0A96D114 
 1066      B228B9CC 
 1066      A4
 1067 155a 4A26EA18 		.ascii	"J&\352\030\233\250ct\242\322N\027\224It\023%\272\321"
 1067      9BA86374 
 1067      A2D24E17 
ARM GAS  /tmp/cc2Cbuvw.s 			page 86


 1067      94497413 
 1067      25BAD1
 1068 156d 4C379A4D 		.ascii	"L7\232Mj\324\310\204\360\230$\350[\177O\033\243 W\231"
 1068      6AD4C884 
 1068      F09824E8 
 1068      5B7F4F1B 
 1068      A3205799 
 1069 1581 D9A2EC1F 		.ascii	"\331\242\354\037I^\245I.\217\261\014?\226\342O\026U"
 1069      495EA549 
 1069      2E8FB10C 
 1069      3F96E24F 
 1069      1655
 1070 1593 F6497EDD 		.ascii	"\366I~\335\323 Y\006qL7\216\352\266\017L\244JtOJt\343"
 1070      D3205906 
 1070      714C378E 
 1070      EAB60F4C 
 1070      A44A744F 
 1071 15aa 996E3CD5 		.ascii	"\231n<\325m*\316,\221<\307;)\3611\201\351&P\335\336"
 1071      6D2ACE2C 
 1071      913CC73B 
 1071      29F13181 
 1071      E92650DD 
 1072 15bf E4924AC9 		.ascii	"\344\222J\311\353\317,\211n\"\323M\244\272U\331M\355"
 1072      EBCF2C89 
 1072      6E22D34D 
 1072      A4BA55D9 
 1072      4DED
 1073 15d1 9205D12E 		.ascii	"\222\005\321.\341\220\304t\223\250\356\301\361\306\024"
 1073      E190C474 
 1073      93A8EEC1 
 1073      F1C614
 1074 15e0 0D7EC226 		.ascii	"\015~\302&x\271\027\0241\323\203\277\267\374\020 UA"
 1074      78B91714 
 1074      31D383BF 
 1074      B7FC1020 
 1074      5541
 1075 15f2 9E5B28B8 		.ascii	"\236[(\270\033\353\323\263\364\331\031\367*=\245\\X"
 1075      1BEBD3B3 
 1075      F4D919F7 
 1075      2A3DA55C 
 1075      58
 1076 1603 02A08692 		.ascii	"\002\240\206\222E\011\222l\232 i\212wd\277\334\270\321"
 1076      4509926C 
 1076      9A20698A 
 1076      7764BFDC 
 1076      B8D1
 1077 1615 09FE7FA5 		.ascii	"\011\376\177\245\363\361\322y8mss\337\355\376\273\235"
 1077      F3F1D279 
 1077      386D7373 
 1077      DFEDFEBB 
 1077      9D
 1078 1626 4EDEBE4E 		.ascii	"N\336\276Nn\316\036N{\274}\364\276N;w}\274u\213\323"
 1078      6ECE1E4E 
 1078      7BBC7DF4 
 1078      BE4E3B77 
 1078      7DBC758B 
 1079 163b 8E1D1F39 		.ascii	"\216\035\0379}\272k\333\327\233\311\031\255\217\336"
ARM GAS  /tmp/cc2Cbuvw.s 			page 87


 1079      7DBA6BDB 
 1079      D79BC919 
 1079      AD8FDE
 1080 164a 45EBE1E1 		.ascii	"E\353\341\341\272\321E\375\353O\376s\375\266\017>\220"
 1080      BAD145FD 
 1080      EB4FFE73 
 1080      FDB60F3E 
 1080      90
 1081 165b A9FDDCBD 		.ascii	"\251\375\334\275\364[\267h\365\330\325y\2375\210\367"
 1081      F45BB768 
 1081      F5D8D579 
 1081      9F3588F7 
 1082 166b 17DFE874 		.ascii	"\027\337\350t_\251\\}\365_x8\177\251\364\364\366\322"
 1082      5FA95C7D 
 1082      F55F7838 
 1082      7FA9F4F4 
 1082      F6D2
 1083 167d BB29F6E9 		.ascii	"\273)\366\351\234}l<\335=<\334}u.\336^\256\033_e\336"
 1083      9C7D6C3C 
 1083      DD3D3CDC 
 1083      7D752EDE 
 1083      5EAE1B5F 
 1084 1693 DDCBC5C3 		.ascii	"\335\313\305\303\317U\307\033\334\350&\263\001\006\037"
 1084      CF55C71B 
 1084      DCE826B3 
 1084      01061F
 1085 16a2 39EB75BB 		.ascii	"9\353u\273\334=u\012\0277g\037\015\364\353\276\326y"
 1085      DC3D750A 
 1085      1737671F 
 1085      0DF4EBBE 
 1085      D679
 1086 16b4 E9C12E7C 		.ascii	"\351\301.|%\347\265\273\366\355\321}\244\373\302\232"
 1086      25E7B5BB 
 1086      F6EDD17D 
 1086      A4FBC29A 
 1087 16c4 E8FAB87F 		.ascii	"\350\372\270\177\255\363Q\2738{x\354vv\371J\005*.\273"
 1087      ADF351BB 
 1087      387B78EC 
 1087      7676F94A 
 1087      052A2EBB 
 1088 16d8 B57A32CA 		.ascii	"\265z2\312\331\303\331\307S\253\267\343\275\241m+\375"
 1088      D9C3D9C7 
 1088      53ABB7E3 
 1088      BDA16D2B 
 1088      FD
 1089 16e9 D75A20F6 		.ascii	"\327Z \366\253\177,(n25t~H\000\345?\225\251\341\360"
 1089      AB7F2C28 
 1089      6E323574 
 1089      7E4800E5 
 1089      3F95A9E1 
 1090 16fe F5FB8E9E 		.ascii	"\365\373\216\2362\215\013\214\324\355u\364\334*#\004"
 1090      328D0B8C 
 1090      D4ED75F4 
 1090      DC2A2304 
 1091 170e B4AE1001 		.ascii	"\264\256\020\001W\335?h\313E\246\376L\347\242\367\366"
 1091      57DD3F68 
 1091      CB45A6FE 
ARM GAS  /tmp/cc2Cbuvw.s 			page 88


 1091      4CE7A2F7 
 1091      F6
 1092 171f F9E9B6D7 		.ascii	"\371\351\266\327\270>\360@\257\335\343\243\363\005\037"
 1092      B83EF040 
 1092      AFDDE3A3 
 1092      F3051F
 1093 172e 753EB67C 		.ascii	"u>\266|\257\273\227\273\376{b\025\352\261\320\363%\337"
 1093      AFBB97BB 
 1093      FE7B6215 
 1093      EAB1D0F3 
 1093      25DF
 1094 1740 B35AACC3 		.ascii	"\263Z\254\303Gn%tR\032\277\326\351w\352\\>\206 \255"
 1094      476E2574 
 1094      521ABFD6 
 1094      E977EA5C 
 1094      3E8620AD 
 1095 1754 108FD4C3 		.ascii	"\020\217\324\303\204\330\363:;\251\316\0121\0169\277"
 1095      84D8F33A 
 1095      3BA9CE0A 
 1095      310E39BF 
 1096 1764 0E3AB679 		.ascii	"\016:\266y{\301\204\350w\352}\374\\\364\273<wy\363\263"
 1096      7BC184E8 
 1096      77EA7DFC 
 1096      5CF4BB3C 
 1096      7779F3B3 
 1097 1778 29D77B5A 		.ascii	")\327{Z\273\270\355\334\347\273\335\331C\357h)&>z!)"
 1097      BBB8EDDC 
 1097      E7BBDDD9 
 1097      43EF6829 
 1097      263E7A21 
 1098 178d 5CDC2095 		.ascii	"\\\334 \225<\366A\260Wh\265\273\375\334=\364\356^Z\335"
 1098      3CF641B0 
 1098      5768B5BB 
 1098      FDDC3DF4 
 1098      EE5E5ADD 
 1099 17a1 DE3D100C 		.ascii	"\336=\020\014%d\226\257^\341\241s\376B\345\345\255w"
 1099      256496AF 
 1099      5EE1A173 
 1099      FE42E5E5 
 1099      AD77
 1100 17b3 F3F1FEC6 		.ascii	"\363\361\376\306\306\303\033\\!,\264>V\364\240\377/"
 1100      C6C31B5C 
 1100      212CB43E 
 1100      56F4A0FF 
 1100      2F
 1101 17c4 27376F4F 		.ascii	"'7oO\235\323\036w\275\323\227."
 1101      9DD31E77 
 1101      BDD3972E 
 1102 17d0 2E8EE0B9 		.ascii	".\216\340\271\243\316s\267\316\325U\347*txy{\351\034"
 1102      A3CE73B7 
 1102      CED555E7 
 1102      2A747879 
 1102      7BE91C
 1103 17e3 75CEBBDD 		.ascii	"u\316\273\335\035?p\334\262i\313&\307\277nq\364\333"
 1103      1D3F70DC 
 1103      B269CB26 
 1103      C7BF6E71 
ARM GAS  /tmp/cc2Cbuvw.s 			page 89


 1103      F4DB
 1104 17f5 E30A9C9D 		.ascii	"\343\012\234\235$\247\005V\004\032(\255\322j\311\324"
 1104      24A70556 
 1104      041A28AD 
 1104      D26AC9D4 
 1105 1805 69DD7DFE 		.ascii	"i\335}\376\252\325\355q\367\360\376\322O\3673KN\271"
 1105      AAD5ED71 
 1105      F7F0FED2 
 1105      4FF7334B 
 1105      4EB9
 1106 1817 787BC2E2 		.ascii	"x{\302\342\340\346\372\303O?\206d\371\030\334\203l!"
 1106      E0E6FAC3 
 1106      4F3F8664 
 1106      F918DC83 
 1106      6C21
 1107 1829 50AF69B5 		.ascii	"P\257i\265\256\273\277\324\202\273._i\301\245\257uZ"
 1107      AEBBBFD4 
 1107      82BB2E5F 
 1107      69C1A5AF 
 1107      755A
 1108 183b 775F9FEF 		.ascii	"w_\237\357\026!W\335n\277/M1`\261\350|\010\306j\255"
 1108      162157DD 
 1108      6EBF2F4D 
 1108      3160B1E8 
 1108      7C08C66A 
 1109 1850 D657EFAC 		.ascii	"\326W\357\254\367\205\314p\361\3219\373\352\010\335"
 1109      F785CC70 
 1109      F1D139FB 
 1109      EA08DD
 1110 185f EF064CC7 		.ascii	"\357\006L\307\021?\351\224}\252\363\205\004\324\355"
 1110      113FE994 
 1110      7DAAF385 
 1110      04D4ED
 1111 186e 844E3FDF 		.ascii	"\204N?\337\317\325\276\373|}\001U\377\343\357\006\265"
 1111      CFD5BEFB 
 1111      7C7D0155 
 1111      FFE3EF06 
 1111      B5
 1112 187f 8F00BD4E 		.ascii	"\217\000\275N\201HrQ\220\017\275\\wx\273|\365\371\012"
 1112      81487251 
 1112      900FBD5C 
 1112      7778BB7C 
 1112      F5F90A
 1113 1892 AFAFDD5D 		.ascii	"\257\257\335]\376\335\313y\267\207\216e\371\373\337"
 1113      FEDDCB79 
 1113      B7878E65 
 1113      F9FBDF
 1114 18a1 BE5AB870 		.ascii	"\276Z\270pB \267}\274\327\211\000\000\276\035\344\336"
 1114      4220B77D 
 1114      BCD78900 
 1114      00BE1DE4 
 1114      DE
 1115 18b2 EF76FF05 		.ascii	"\357v\377\0050~\003\313\300\312\363+\223\204\344\323"
 1115      307E03CB 
 1115      C0CAF32B 
 1115      9384E4D3 
 1116 18c2 7097379F 		.ascii	"p\2277\237\2326KKTf\247\325~\341\347\345\242\325n|\377"
ARM GAS  /tmp/cc2Cbuvw.s 			page 90


 1116      9A364B4B 
 1116      5466A7D5 
 1116      7EE1E7E5 
 1116      A2D56E7C 
 1117 18d7 675BB7A8 		.ascii	"g[\267\250\371\226\222T\230\315\253\314\227\206d\300"
 1117      F9969254 
 1117      98CDABCC 
 1117      978664C0 
 1118 18e7 FB1F3848 		.ascii	"\373\0378H\027\206\344\354\317\337W\353=a6\240L\252"
 1118      1786E4EC 
 1118      CFDF57EB 
 1118      3D6136A0 
 1118      4CAA
 1119 18f9 E0CB3E28 		.ascii	"\340\313>(\234\344\370\015w$\365\322\012\216\340\021"
 1119      9CE4F80D 
 1119      7724F5D2 
 1119      0A8EE011 
 1120 1909 697A72DD 		.ascii	"izr\335n\336~\254\333\335\213\034\300\244R\373o\336"
 1120      6EDE7EAC 
 1120      DBDD8B1C 
 1120      C0A452FB 
 1120      6FDE
 1121 191b DE1EB408 		.ascii	"\336\036\264\010o\376\231V\257\370p\307\247\333\025"
 1121      6FFE9956 
 1121      AFF870C7 
 1121      A7DB15
 1122 192a DB3ED9B5 		.ascii	"\333>\331\265\203\374\331\256\370\3507\237\355 \177"
 1122      83FCD9AE 
 1122      F8E8379F 
 1122      ED207F
 1123 1939 B62B7EFF 		.ascii	"\266+~\377\351\216\035\344\317v\274\355\323\035 \333"
 1123      E98E1DE4 
 1123      CF76BCED 
 1123      D31D20DB 
 1124 1949 89EA8E7F 		.ascii	"\211\352\216\177\375\226\344\324\355\325C\031b\225\350"
 1124      FD96E4D4 
 1124      EDD54319 
 1124      6295E8
 1125 1958 3F36EFDD 		.ascii	"?6\357\335\353\344\253\367\334\272\345\213\315\233\266"
 1125      EBE4ABF7 
 1125      DCBAE58B 
 1125      CD9BB6
 1126 1967 EED571E1 		.ascii	"\356\325q\341\325:\357\331\275Y\353\273\317\313e\215"
 1126      D53AEFD9 
 1126      BD59EBBB 
 1126      CFCB658D 
 1127 1977 B7AFB3C7 		.ascii	"\267\257\263\307r\323\351\364\252\331#\203 5\034\275"
 1127      72D3E9F4 
 1127      AAD92383 
 1127      20351CBD 
 1128 1987 DCD97780 		.ascii	"\334\331w\200]C`\277qv\327k\277\361q\327\353\264@f\217"
 1128      5D4360BF 
 1128      7176D76B 
 1128      BFF171D7 
 1128      EBB44066 
 1129 199c 874EAF73 		.ascii	"\207N\257s]I\355\271\374\325\317\335G\007G\027\235\257"
 1129      5D49EDB9 
ARM GAS  /tmp/cc2Cbuvw.s 			page 91


 1129      FCD5CFDD 
 1129      47074717 
 1129      9DAF
 1130 19ae 2FEDF2D1 		.ascii	"/\355\362\321y\320Df]\257q<\244\371Ik\257\316\213L\354"
 1130      79D04466 
 1130      5DAF713C 
 1130      A4F9496B 
 1130      AFCE8B4C 
 1131 19c3 FF011BEF 		.ascii	"\377\001\033\357\336o"
 1131      DE6F
 1132              		.text
 1133              		.section	.gnu.lto_.symtab.75e1e4f06880dd07,"e",%progbits
 1134 0000 56656374 		.ascii	"Vector4C\000"
 1134      6F723443 
 1134      00
 1135 0009 00       		.ascii	"\000"
 1136 000a 00       		.ascii	"\000"
 1137 000b 00       		.ascii	"\000"
 1138 000c 00000000 		.ascii	"\000\000\000\000\000\000\000\000"
 1138      00000000 
 1139 0014 2E010000 		.ascii	".\001\000\000"
 1140 0018 52544344 		.ascii	"RTCD1\000"
 1140      3100
 1141 001e 00       		.ascii	"\000"
 1142 001f 00       		.ascii	"\000"
 1143 0020 00       		.ascii	"\000"
 1144 0021 00000000 		.ascii	"\000\000\000\000\000\000\000\000"
 1144      00000000 
 1145 0029 B7010000 		.ascii	"\267\001\000\000"
 1146 002d 7274635F 		.ascii	"rtc_lld_set_prescaler\000"
 1146      6C6C645F 
 1146      7365745F 
 1146      70726573 
 1146      63616C65 
 1147 0043 00       		.ascii	"\000"
 1148 0044 00       		.ascii	"\000"
 1149 0045 00       		.ascii	"\000"
 1150 0046 00000000 		.ascii	"\000\000\000\000\000\000\000\000"
 1150      00000000 
 1151 004e 30010000 		.ascii	"0\001\000\000"
 1152 0052 7274635F 		.ascii	"rtc_lld_init\000"
 1152      6C6C645F 
 1152      696E6974 
 1152      00
 1153 005f 00       		.ascii	"\000"
 1154 0060 00       		.ascii	"\000"
 1155 0061 00       		.ascii	"\000"
 1156 0062 00000000 		.ascii	"\000\000\000\000\000\000\000\000"
 1156      00000000 
 1157 006a 32010000 		.ascii	"2\001\000\000"
 1158 006e 7274635F 		.ascii	"rtc_lld_set_alarm\000"
 1158      6C6C645F 
 1158      7365745F 
 1158      616C6172 
 1158      6D00
 1159 0080 00       		.ascii	"\000"
 1160 0081 00       		.ascii	"\000"
ARM GAS  /tmp/cc2Cbuvw.s 			page 92


 1161 0082 00       		.ascii	"\000"
 1162 0083 00000000 		.ascii	"\000\000\000\000\000\000\000\000"
 1162      00000000 
 1163 008b 3B010000 		.ascii	";\001\000\000"
 1164 008f 7274635F 		.ascii	"rtc_lld_get_alarm\000"
 1164      6C6C645F 
 1164      6765745F 
 1164      616C6172 
 1164      6D00
 1165 00a1 00       		.ascii	"\000"
 1166 00a2 00       		.ascii	"\000"
 1167 00a3 00       		.ascii	"\000"
 1168 00a4 00000000 		.ascii	"\000\000\000\000\000\000\000\000"
 1168      00000000 
 1169 00ac 43010000 		.ascii	"C\001\000\000"
 1170 00b0 7274635F 		.ascii	"rtc_lld_set_callback\000"
 1170      6C6C645F 
 1170      7365745F 
 1170      63616C6C 
 1170      6261636B 
 1171 00c5 00       		.ascii	"\000"
 1172 00c6 00       		.ascii	"\000"
 1173 00c7 00       		.ascii	"\000"
 1174 00c8 00000000 		.ascii	"\000\000\000\000\000\000\000\000"
 1174      00000000 
 1175 00d0 48010000 		.ascii	"H\001\000\000"
 1176 00d4 72746353 		.ascii	"rtcSTM32GetSecMsec\000"
 1176      544D3332 
 1176      47657453 
 1176      65634D73 
 1176      656300
 1177 00e7 00       		.ascii	"\000"
 1178 00e8 00       		.ascii	"\000"
 1179 00e9 00       		.ascii	"\000"
 1180 00ea 00000000 		.ascii	"\000\000\000\000\000\000\000\000"
 1180      00000000 
 1181 00f2 4E010000 		.ascii	"N\001\000\000"
 1182 00f6 7274635F 		.ascii	"rtc_lld_get_time\000"
 1182      6C6C645F 
 1182      6765745F 
 1182      74696D65 
 1182      00
 1183 0107 00       		.ascii	"\000"
 1184 0108 00       		.ascii	"\000"
 1185 0109 00       		.ascii	"\000"
 1186 010a 00000000 		.ascii	"\000\000\000\000\000\000\000\000"
 1186      00000000 
 1187 0112 53010000 		.ascii	"S\001\000\000"
 1188 0116 72746353 		.ascii	"rtcSTM32SetSec\000"
 1188      544D3332 
 1188      53657453 
 1188      656300
 1189 0125 00       		.ascii	"\000"
 1190 0126 00       		.ascii	"\000"
 1191 0127 00       		.ascii	"\000"
 1192 0128 00000000 		.ascii	"\000\000\000\000\000\000\000\000"
 1192      00000000 
ARM GAS  /tmp/cc2Cbuvw.s 			page 93


 1193 0130 58010000 		.ascii	"X\001\000\000"
 1194 0134 7274635F 		.ascii	"rtc_lld_set_time\000"
 1194      6C6C645F 
 1194      7365745F 
 1194      74696D65 
 1194      00
 1195 0145 00       		.ascii	"\000"
 1196 0146 00       		.ascii	"\000"
 1197 0147 00       		.ascii	"\000"
 1198 0148 00000000 		.ascii	"\000\000\000\000\000\000\000\000"
 1198      00000000 
 1199 0150 5F010000 		.ascii	"_\001\000\000"
 1200 0154 72746343 		.ascii	"rtcConvertStructTmToDateTime\000"
 1200      6F6E7665 
 1200      72745374 
 1200      72756374 
 1200      546D546F 
 1201 0171 00       		.ascii	"\000"
 1202 0172 02       		.ascii	"\002"
 1203 0173 00       		.ascii	"\000"
 1204 0174 00000000 		.ascii	"\000\000\000\000\000\000\000\000"
 1204      00000000 
 1205 017c 69010000 		.ascii	"i\001\000\000"
 1206 0180 63685379 		.ascii	"chSysHalt\000"
 1206      7348616C 
 1206      7400
 1207 018a 00       		.ascii	"\000"
 1208 018b 02       		.ascii	"\002"
 1209 018c 00       		.ascii	"\000"
 1210 018d 00000000 		.ascii	"\000\000\000\000\000\000\000\000"
 1210      00000000 
 1211 0195 6E010000 		.ascii	"n\001\000\000"
 1212 0199 6C6F6361 		.ascii	"localtime_r\000"
 1212      6C74696D 
 1212      655F7200 
 1213 01a5 00       		.ascii	"\000"
 1214 01a6 02       		.ascii	"\002"
 1215 01a7 00       		.ascii	"\000"
 1216 01a8 00000000 		.ascii	"\000\000\000\000\000\000\000\000"
 1216      00000000 
 1217 01b0 86010000 		.ascii	"\206\001\000\000"
 1218 01b4 5F5F706F 		.ascii	"__port_irq_epilogue\000"
 1218      72745F69 
 1218      72715F65 
 1218      70696C6F 
 1218      67756500 
 1219 01c8 00       		.ascii	"\000"
 1220 01c9 02       		.ascii	"\002"
 1221 01ca 00       		.ascii	"\000"
 1222 01cb 00000000 		.ascii	"\000\000\000\000\000\000\000\000"
 1222      00000000 
 1223 01d3 88010000 		.ascii	"\210\001\000\000"
 1224 01d7 5F5F6462 		.ascii	"__dbg_check_leave_isr\000"
 1224      675F6368 
 1224      65636B5F 
 1224      6C656176 
 1224      655F6973 
ARM GAS  /tmp/cc2Cbuvw.s 			page 94


 1225 01ed 00       		.ascii	"\000"
 1226 01ee 02       		.ascii	"\002"
 1227 01ef 00       		.ascii	"\000"
 1228 01f0 00000000 		.ascii	"\000\000\000\000\000\000\000\000"
 1228      00000000 
 1229 01f8 8A010000 		.ascii	"\212\001\000\000"
 1230 01fc 5F5F6462 		.ascii	"__dbg_check_enter_isr\000"
 1230      675F6368 
 1230      65636B5F 
 1230      656E7465 
 1230      725F6973 
 1231 0212 00       		.ascii	"\000"
 1232 0213 02       		.ascii	"\002"
 1233 0214 00       		.ascii	"\000"
 1234 0215 00000000 		.ascii	"\000\000\000\000\000\000\000\000"
 1234      00000000 
 1235 021d 8C010000 		.ascii	"\214\001\000\000"
 1236 0221 5F5F7374 		.ascii	"__stats_increase_irq\000"
 1236      6174735F 
 1236      696E6372 
 1236      65617365 
 1236      5F697271 
 1237 0236 00       		.ascii	"\000"
 1238 0237 02       		.ascii	"\002"
 1239 0238 00       		.ascii	"\000"
 1240 0239 00000000 		.ascii	"\000\000\000\000\000\000\000\000"
 1240      00000000 
 1241 0241 8E010000 		.ascii	"\216\001\000\000"
 1242 0245 63685379 		.ascii	"chSysRestoreStatusX\000"
 1242      73526573 
 1242      746F7265 
 1242      53746174 
 1242      75735800 
 1243 0259 00       		.ascii	"\000"
 1244 025a 02       		.ascii	"\002"
 1245 025b 00       		.ascii	"\000"
 1246 025c 00000000 		.ascii	"\000\000\000\000\000\000\000\000"
 1246      00000000 
 1247 0264 94010000 		.ascii	"\224\001\000\000"
 1248 0268 63685379 		.ascii	"chSysGetStatusAndLockX\000"
 1248      73476574 
 1248      53746174 
 1248      7573416E 
 1248      644C6F63 
 1249 027f 00       		.ascii	"\000"
 1250 0280 02       		.ascii	"\002"
 1251 0281 00       		.ascii	"\000"
 1252 0282 00000000 		.ascii	"\000\000\000\000\000\000\000\000"
 1252      00000000 
 1253 028a 97010000 		.ascii	"\227\001\000\000"
 1254 028e 6E766963 		.ascii	"nvicEnableVector\000"
 1254      456E6162 
 1254      6C655665 
 1254      63746F72 
 1254      00
 1255 029f 00       		.ascii	"\000"
 1256 02a0 02       		.ascii	"\002"
ARM GAS  /tmp/cc2Cbuvw.s 			page 95


 1257 02a1 00       		.ascii	"\000"
 1258 02a2 00000000 		.ascii	"\000\000\000\000\000\000\000\000"
 1258      00000000 
 1259 02aa 9C010000 		.ascii	"\234\001\000\000"
 1260 02ae 7274634F 		.ascii	"rtcObjectInit\000"
 1260      626A6563 
 1260      74496E69 
 1260      7400
 1261 02bc 00       		.ascii	"\000"
 1262 02bd 02       		.ascii	"\002"
 1263 02be 00       		.ascii	"\000"
 1264 02bf 00000000 		.ascii	"\000\000\000\000\000\000\000\000"
 1264      00000000 
 1265 02c7 A0010000 		.ascii	"\240\001\000\000"
 1266 02cb 6D6B7469 		.ascii	"mktime\000"
 1266      6D6500
 1267 02d2 00       		.ascii	"\000"
 1268 02d3 02       		.ascii	"\002"
 1269 02d4 00       		.ascii	"\000"
 1270 02d5 00000000 		.ascii	"\000\000\000\000\000\000\000\000"
 1270      00000000 
 1271 02dd A5010000 		.ascii	"\245\001\000\000"
 1272 02e1 72746343 		.ascii	"rtcConvertDateTimeToStructTm\000"
 1272      6F6E7665 
 1272      72744461 
 1272      74655469 
 1272      6D65546F 
 1273 02fe 00       		.ascii	"\000"
 1274 02ff 02       		.ascii	"\002"
 1275 0300 00       		.ascii	"\000"
 1276 0301 00000000 		.ascii	"\000\000\000\000\000\000\000\000"
 1276      00000000 
 1277 0309 AB010000 		.ascii	"\253\001\000\000"
 1278              		.text
 1279              		.section	.gnu.lto_.opts,"e",%progbits
 1280 0000 272D666E 		.ascii	"'-fno-openmp' '-fno-openacc' '-fno-pie' '-mcpu=cort"
 1280      6F2D6F70 
 1280      656E6D70 
 1280      2720272D 
 1280      666E6F2D 
 1281 0033 65782D6D 		.ascii	"ex-m3' '-mthumb' '-mfloat-abi=soft' '-march=armv7-m"
 1281      33272027 
 1281      2D6D7468 
 1281      756D6227 
 1281      20272D6D 
 1282 0066 2720272D 		.ascii	"' '-O2' '-fstack-usage' '-ffunction-sections' '-fda"
 1282      4F322720 
 1282      272D6673 
 1282      7461636B 
 1282      2D757361 
 1283 0099 74612D73 		.ascii	"ta-sections' '-fno-common' '-flto' '-fshort-enums'\000"
 1283      65637469 
 1283      6F6E7327 
 1283      20272D66 
 1283      6E6F2D63 
 1284              		.text
 1285              		.comm	__gnu_lto_v1,1,1
ARM GAS  /tmp/cc2Cbuvw.s 			page 96


 1286              		.comm	__gnu_lto_slim,1,1
 1287              		.ident	"GCC: (GNU Arm Embedded Toolchain 9-2020-q2-update) 9.3.1 20200408 (release)"
ARM GAS  /tmp/cc2Cbuvw.s 			page 97


DEFINED SYMBOLS
                            *ABS*:0000000000000000 hal_rtc_lld.c
                            *COM*:0000000000000001 __gnu_lto_v1
                            *COM*:0000000000000001 __gnu_lto_slim

NO UNDEFINED SYMBOLS
