ARM GAS  /tmp/ccAo1GaJ.s 			page 1


   1              		.cpu cortex-m3
   2              		.eabi_attribute 20, 1
   3              		.eabi_attribute 21, 1
   4              		.eabi_attribute 23, 3
   5              		.eabi_attribute 24, 1
   6              		.eabi_attribute 25, 1
   7              		.eabi_attribute 26, 1
   8              		.eabi_attribute 30, 2
   9              		.eabi_attribute 34, 1
  10              		.eabi_attribute 18, 4
  11              		.file	"hal_rtc_lld.c"
  12              		.section	.gnu.lto_.profile.1b52db1c57ca6576,"e",%progbits
  13 0000 789CE360 		.ascii	"x\234\343``\004B \000\000\000]\000\013"
  13      60044220 
  13      0000005D 
  13      000B
  14              		.text
  15              		.section	.gnu.lto_.icf.1b52db1c57ca6576,"e",%progbits
  16 0000 789CE360 		.ascii	"x\234\343``d\210f@\000~\206\031O\256\315\342e\\9o\341"
  16      60648866 
  16      40007E86 
  16      194FAECD 
  16      E2655C39 
  17 0016 5736A6E6 		.ascii	"W6\246\346)\315n\314\375\177\337?\347eY\321\263\361"
  17      29CD6ECC 
  17      FD7FDF3F 
  17      E76559D1 
  17      B3F1
  18 0028 231BEBB6 		.ascii	"#\033\353\266\206\306\265\234l\355W\347o\347d_\374\354"
  18      86C6B59C 
  18      6CED57E7 
  18      6FE7645F 
  18      FCEC
  19 003a 62272BC7 		.ascii	"b'+\307\316\353/>\263r^\272\366g6\007\327\321m\013\346"
  19      CEEB2F3E 
  19      B3725EBA 
  19      F6673607 
  19      D7D16D0B 
  20 004f 30726FD8 		.ascii	"0ro\330\365`\002?\317\261m\333&\360\360\366\356\177"
  20      F560023F 
  20      CFB16DDB 
  20      26F0F0F6 
  20      EE7F
  21 0061 B5929D6F 		.ascii	"\265\222\235oF\317\312'L\014\000\351\310+\263"
  21      46CFCA27 
  21      4C0C00E9 
  21      C82BB3
  22              		.text
  23              		.section	.gnu.lto_.jmpfuncs.1b52db1c57ca6576,"e",%progbits
  24 0000 789CA553 		.ascii	"x\234\245S\261N\303@\014\365;_\322\264\001\372\001]"
  24      B14EC340 
  24      0CF53B5F 
  24      D2B401FA 
  24      015D
  25 0012 F8D214C4 		.ascii	"\370\322\024\304\204\212\272\302VAa\200\017`\240P\012"
  25      848ABAC2 
  25      56416180 
ARM GAS  /tmp/ccAo1GaJ.s 			page 2


  25      0F60A050 
  25      0A
  26 0023 0B431706 		.ascii	"\013C\027\006f\376\240\352\332\241R\260{!Mz\244\211"
  26      66FEA0EA 
  26      DAA152B0 
  26      7B214D7A 
  26      A489
  27 0035 4425AB92 		.ascii	"D%\253\222\375\236\337\263\343\213\010tk)\377\305\304"
  27      FD9EDFB3 
  27      E38B0874 
  27      6B29FFC5 
  27      C4
  28 0046 005AFD11 		.ascii	"\000Z\375\021\023\\ $\302\314\202$\326i\232v\301\227"
  28      135C2024 
  28      C2CC8224 
  28      D6699A76 
  28      C197
  29 0058 8CE1D9F2 		.ascii	"\214\341\331\362;\032\362\210\015\010O\350i\330\004"
  29      3B1AF288 
  29      0D084FE8 
  29      69D804
  30 0067 5B68AA50 		.ascii	"[h\252P\262\211\331M\031\036\263\3271o\261\255\000F"
  30      B289D94D 
  30      191EB3D7 
  30      316FB1AD 
  30      0046
  31 0079 743E968B 		.ascii	"t>\226\213/\250\016\213\316\004=IM/>\347\354R\3003z"
  31      2FA80E8B 
  31      CE043D49 
  31      4D2F3EE7 
  31      EC52C033 
  32 008e 46F3398D 		.ascii	"F\3639\215\250\320cU\356^)k\334\360V\254\241\022#\322"
  32      A8D06355 
  32      EE5E296B 
  32      DCF056AC 
  32      A11223D2 
  33 00a2 77839BC9 		.ascii	"w\203\233\311\241J[\030\274d\252f\243\332?\256e?\236"
  33      A14A5B18 
  33      BC64AA66 
  33      A3DA3FAE 
  33      653F9E
  34 00b5 2FEEDB8E 		.ascii	"/\356\333\216\015L36\232\262\363\215\013\002\257\245"
  34      0D4C3336 
  34      9AB2F38D 
  34      0B02AFA5 
  35 00c5 89854DE4 		.ascii	"\211\205M\344-\232\002\231H\231\247\203\207\353\215"
  35      2D9A0299 
  35      4899A783 
  35      87EB8D
  36 00d4 6B928EB3 		.ascii	"k\222\216\263\214\311\033\246\226\307'\363\253\320\225"
  36      8CC91BA6 
  36      96C727F3 
  36      ABD095
  37 00e3 BB78CBCA 		.ascii	"\273x\313\312]W\336g*\324\375\007r)\001\2158\224\377"
  37      5D57DE67 
  37      2AD4FD07 
  37      7229018D 
ARM GAS  /tmp/ccAo1GaJ.s 			page 3


  37      3894FF
  38 00f6 966FA1B5 		.ascii	"\226o\241\265\213\211|Ld\000V\210D\333/\267\177\017"
  38      8B897C4C 
  38      64005688 
  38      44DB2FB7 
  38      7F0F
  39 0108 52EB1D0D 		.ascii	"R\353\035\015\037\243>M\263\233\322c\251\271\232=\250"
  39      1FA33E4D 
  39      B39BD263 
  39      A9B99A3D 
  39      A8
  40 0119 58BDCAA3 		.ascii	"X\275\312\243\010v\036F\346\303\273~\357A\2046!T\322"
  40      08761E46 
  40      E6C3BB7E 
  40      EF418436 
  40      2154D2
  41 012c D60DEFF5 		.ascii	"\326\015\357\365\240\260\262?>\274\256\203\377\267\216"
  41      A0B0B23F 
  41      3EBCAE83 
  41      FFB78E
  42 013b A3C2A0B1 		.ascii	"\243\302\240\261\025\323u\263\232J\26322\032\217\\\272"
  42      15D375B3 
  42      9A4AB332 
  42      321A8F5C 
  42      BA
  43 014c F48ED0DE 		.ascii	"\364\216\320\336\013\266V\216\373\003p\271+\005"
  43      0BB6568E 
  43      FB0370B9 
  43      2B05
  44              		.text
  45              		.section	.gnu.lto_.inline.1b52db1c57ca6576,"e",%progbits
  46 0000 789C8593 		.ascii	"x\234\205\223\277N\033A\020\306\277\231]s\213m\020\006"
  46      BF4E1B41 
  46      10C6BF99 
  46      5D738B6D 
  46      1006
  47 0012 14853F85 		.ascii	"\024\205?\205\213tIx\006\236\300\317\000\204\360\257"
  47      8B744978 
  47      069EC0CF 
  47      0084F0AF 
  48 0022 094F808C 		.ascii	"\011O\200\214\020\010\012\210S\235HA$\"@4\226%\027("
  48      10080A88 
  48      539D4841 
  48      24224034 
  48      96251728 
  49 0036 8622E942 		.ascii	"\206\"\351B\344(\220\"U\224DH\\\203,\020\270I\227\331"
  49      E4289022 
  49      55944448 
  49      5C832C10 
  49      B84997D9 
  50 004a 5B9FC167 		.ascii	"[\237\301gK9\235nGw\273\337\374\276\2319\003\302\017"
  50      4B399D6E 
  50      4777BBDF 
  50      FCBE9939 
  50      03C20F
  51 005d 85E695C2 		.ascii	"\205\346\225\302\263\314\333r\260\316sD\310\022\300"
  51      B3CCDB72 
ARM GAS  /tmp/ccAo1GaJ.s 			page 4


  51      B0CE7344 
  51      C812C0
  52 006c 262F17BF 		.ascii	"&/\027\277\004\272\302`\232\301v\243\356\221\207B!W"
  52      04BAC260 
  52      9AC176A3 
  52      EE918742 
  52      2157
  53 007e C8714A42 		.ascii	"\310qJBr\347\271\220s\237\330\336\317\017\374\312\245"
  53      72E7B990 
  53      739FD8DE 
  53      CF0FFCCA 
  53      A5
  54 008f 9A27F0D8 		.ascii	"\232'\360\330i\261^Ts\242\262\372P\205\222\235\237\211"
  54      69B15E54 
  54      73A2B2FA 
  54      5085929D 
  54      9F89
  55 00a1 8C9388AF 		.ascii	"\214\223\210\257\032\003\373~\345\015[\311\307\"y\301"
  55      1A03FB7E 
  55      E50D5BC9 
  55      C72279C1 
  56 00b1 6D928EE6 		.ascii	"m\222\216\346\265\243B\002\217d\333N\3100\372\271X\257"
  56      B5A34202 
  56      8F64DB4E 
  56      C830FAB9 
  56      58AF
  57 00c3 F07CFC80 		.ascii	"\360|\374\200J7p\235\215.\214\336\226j{\222Bqv\321W"
  57      4A37709D 
  57      8D2E8CDE 
  57      966A7B92 
  57      427176D1 
  58 00d8 B4B572FD 		.ascii	"\264\265r\375\313l\251w\312#P\205F\300\331W\215UL{\203"
  58      CB6CA977 
  58      CA235085 
  58      46C0D957 
  58      8D554C7B 
  59 00ed A2FF3D86 		.ascii	"\242\377=\206\241]\210>PP\335.\363\204a\310\235\260"
  59      A15D883E 
  59      5050DD2E 
  59      F38461C8 
  59      9DB0
  60 00ff 15545306 		.ascii	"\025TS\006\006\374u\273\034\360\224\226\275\214\244"
  60      06FC75BB 
  60      1CF09496 
  60      BD8CA4
  61 010e BCFEA8A6 		.ascii	"\274\376\250\246\265\330k3\340!#\2167B\307\375\222\352"
  61      B5D86B33 
  61      E021238E 
  61      3742C7FD 
  61      92EA
  62 0120 8B4D65D6 		.ascii	"\213Me\326\255Pg\307\006\303\365Rm\323\362S+\177\267"
  62      AD5067C7 
  62      06C3F552 
  62      6DD3F253 
  62      2B7FB7
  63 0133 F01F0B37 		.ascii	"\360\037\0137\011\277[-?\260,bK\302\277r\317\237\217"
  63      09BF5B2D 
ARM GAS  /tmp/ccAo1GaJ.s 			page 5


  63      3FB02C62 
  63      4BC2BF72 
  63      CF9F8F
  64 0146 F8D3073B 		.ascii	"\370\323\007;{7<\023\"_Z+\223\316\012\237?\340\357?"
  64      7B373C13 
  64      225F5A2B 
  64      93CE0A9F 
  64      3FE0EF3F 
  65 015a AAEF7E53 		.ascii	"\252\357~S\263\035\371\273\361\364\312\377\375W-P\""
  65      B31DF9BB 
  65      F1F4CAFF 
  65      FD572D50 
  65      22
  66 016b 56CEA4E0 		.ascii	"V\316\244\340\2344\312y\022\341\270\231\013\301\306"
  66      9C34CA79 
  66      12E1B899 
  66      0BC1C6
  67 017a F2EFFD5D 		.ascii	"\362\357\375]\265 \216\316l\243gZ\301\264\344\257\252"
  67      B5208ECE 
  67      6CA3675A 
  67      C1B4E4AF 
  67      AA
  68 018b 17C8426F 		.ascii	"\027\310Bo\270w\343\360>\005\325\017\034\326\221~Z\276"
  68      B877E3F0 
  68      3E05D50F 
  68      1CD6917E 
  68      5ABE
  69 019d 49C7D706 		.ascii	"I\307\327\006\025\237\330f\2202=\"\366G\315J\265\243"
  69      159FD866 
  69      90323D22 
  69      F647CD4A 
  69      B5A3
  70 01af 5C1D07DF 		.ascii	"\\\035\007\337\316}!\027\305@\032\303w\245\332\241T"
  70      CE7D2117 
  70      C5401AC3 
  70      77A5DAA1 
  70      54
  71 01c0 9D430BA1 		.ascii	"\235C\013\241\031=$\015\013l\303\2745\351pkmusJ\314"
  71      193D240D 
  71      0B6CC3BC 
  71      35E9706B 
  71      6D75734A 
  72 01d5 FF017B9F 		.ascii	"\377\001{\237\364\332\031\221\277\322BD\015\313\267"
  72      F4DA1991 
  72      BFD24244 
  72      0DCBB7
  73 01e4 8F71938A 		.ascii	"\217q\223\212p\017\207\177\322u\304I"
  73      700F877F 
  73      D275C449 
  74              		.text
  75              		.section	.gnu.lto_.pureconst.1b52db1c57ca6576,"e",%progbits
  76 0000 789C05C1 		.ascii	"x\234\005\301\001\016\000\020\014\004\301#\213J\305"
  76      010E0010 
  76      0C04C123 
  76      8B4AC5
  77 000f 23BCBAB9 		.ascii	"#\274\272\271\327\232\0115=I\251\242\033\3140\323,\023"
  77      D79A0935 
ARM GAS  /tmp/ccAo1GaJ.s 			page 6


  77      3D49A9A2 
  77      1BCC30D3 
  77      2C13
  78 0021 669B2C8E 		.ascii	"f\233,\216\271\305\007~\343\007I"
  78      B9C5077E 
  78      E30749
  79              		.text
  80              		.section	.gnu.lto_rtc_decode.1b52db1c57ca6576,"e",%progbits
  81 0000 789C6D54 		.ascii	"x\234mT]l\024U\024\276g\316\354\354t:\245-Jb\250\017"
  81      5D6C1455 
  81      14BE67CE 
  81      ECEC743A 
  81      A52D4A62 
  82 0016 7DA029BC 		.ascii	"}\240)\274t\243<5\2764\251\017\306`L\2007\037\252\324"
  82      74A33C35 
  82      BE34A90F 
  82      C6604C80 
  82      371FAAD4 
  83 002a 4D682C3F 		.ascii	"Mh,?i7\274r\273\273\320R\020jB\3055\256\263\2604.j\374"
  83      6937BC72 
  83      BBBBD052 
  83      106A42C5 
  83      35AEB3B0 
  84 0042 2B4A2AB4 		.ascii	"+J*\264\035\012\345\247n\225R\012\010\262$6,\246T\232"
  84      1D0AE5A7 
  84      6E95520A 
  84      08B22436 
  84      2CA6549A 
  85 0056 A0262602 		.ascii	"\240&&\002\3539\367N\264\374Lv~\316=\337w\316w\277{"
  85      EB39F74E 
  85      B4FC4C76 
  85      7ECE3DDF 
  85      77CE77BF 
  86 006b EFDA0284 		.ascii	"\357\332\002\204\021\022\"*\204x\211n\010\0110\244\224"
  86      1112222A 
  86      8478896E 
  86      080930A4 
  86      94
  87 007c 4DE12EDB 		.ascii	"M\341.\3330p25h\231\3221\007\213\371FS\272\010f\220"
  87      30703235 
  87      6899D231 
  87      078BF946 
  87      53BA0866 
  88 0091 3301D497 		.ascii	"3\001\324\227\264Al7\320\204\355\260\017\017 \214u\027"
  88      B4416C37 
  88      D084EDB0 
  88      0F0F208C 
  88      7517
  89 00a3 878C559F 		.ascii	"\207\214U\237PN\372\007\372\234\264\274 \321C!Rt\353"
  89      504EFA07 
  89      FA9CB4BC 
  89      20D14321 
  89      5274EB
  90 00b6 0BBE8755 		.ascii	"\013\276\207U\004,\304\323\177\273{)\007`R\270\177\342"
  90      042CC4D3 
  90      7FBB7B29 
  90      076052B8 
ARM GAS  /tmp/ccAo1GaJ.s 			page 7


  90      7FE2
  91 00c8 E8798743 		.ascii	"\350y\207C\003j)\034\372\326\237\014c3\010F.\274{\312"
  91      036A291C 
  91      FAD69F0C 
  91      63330846 
  91      2EBC7BCA 
  92 00dc AD1F9032 		.ascii	"\255\037\2202.\375\374a\224+<D\030\006\244\222p\002"
  92      2EFDFC61 
  92      942B3C44 
  92      1806A492 
  92      7002
  93 00ee 6AE038D4 		.ascii	"j\3408\324\010AcTz\004\352\211p\343\372\221\2312|U\221"
  93      08416354 
  93      7A04EA89 
  93      70E3FA91 
  93      99327C55 
  94 0103 8F248BB3 		.ascii	"\217$\213\263\030\220'V~(}\223\331\243Oe\373\212\235"
  94      18902756 
  94      7E287D93 
  94      D9A34F65 
  94      FB8A9D
  95 0116 2CF8BDE5 		.ascii	",\370\275\345\270V\261?\377j\307\264\025\260/\347\226"
  95      B856B13F 
  95      FF6AC7B4 
  95      15B02FE7 
  95      96
  96 0127 1F4EC857 		.ascii	"\037N\310W<\232\353\311'\350&\321\307\240^0i\264\364"
  96      3C9AEBC9 
  96      27E826D1 
  96      C7A05E30 
  96      69B4F4
  97 013a FEA8A967 		.ascii	"\376\250\251gfS\330\377\351\311\373\256\236\231\317"
  97      6653D8FF 
  97      E9C9FBAE 
  97      9E99CF
  98 0149 E95D7EEF 		.ascii	"\351]~\357i\007\337P\365\357\364\314f\215\272,\231$"
  98      6907DF50 
  98      F5EFF4CC 
  98      668DBA2C 
  98      9924
  99 015b FDBBB9AA 		.ascii	"\375\273\271\252o\022\262'\321\344a\010\306u\207\323"
  99      6F12B227 
  99      D1E46108 
  99      C67587D3 
 100 016b D4E11477 		.ascii	"\324\341\024w\340\213\360\377\014\215K\033\337T\334"
 100      E08BF0FF 
 100      0C8D4B1B 
 100      DF54DC
 101 017a EFF60DF5 		.ascii	"\357\366\015\365U\022\227\265\025s\317\037L\310s\222"
 101      551297B5 
 101      1573CF1F 
 101      4CC87392 
 102 018a 2667C1D9 		.ascii	"&g\301\331\307\324\005\334\322\241\217\247*\265\254"
 102      C7D405DC 
 102      D2A18FA7 
 102      2AB5AC
 103 0199 15141E1B 		.ascii	"\025\024\036\033~p0\254ee\014\212w^\031\031D\334\240"
ARM GAS  /tmp/ccAo1GaJ.s 			page 8


 103      7E7030AC 
 103      65650C8A 
 103      775E1919 
 103      44DCA0
 104 01ac 4A5FFDEB 		.ascii	"J_\375\353\301\234K\245}\222U\310-\177O\352\322a\370"
 104      C19C4BA5 
 104      7D9255C8 
 104      2D7F4FEA 
 104      D261F8
 105 01bf 41979EA0 		.ascii	"A\227\236\240\322\347\027\225\376\365\353\207\375\025"
 105      D2E71795 
 105      FEF5EB87 
 105      FD15
 106 01cd 960979A8 		.ascii	"\226\011y\250\203st\237\201\272`\301a\022,\332a\342"
 106      8373749F 
 106      81BA60C1 
 106      61122CDA 
 106      61E2
 107 01df 915C16C5 		.ascii	"\221\\\026\305\227\027C\276|X\352&[W\336<:\263\264\032"
 107      971743BE 
 107      7C58EA26 
 107      5B57DE3C 
 107      3AB3B41A 
 108 01f3 C844DBA0 		.ascii	"\310D\333\240G\031\322\3031\371a\001/\250#\230\347\002"
 108      4719D2C3 
 108      31F96101 
 108      2FA82398 
 108      E702
 109 0205 2F4F0568 		.ascii	"/O\005h\227w\243\340\035f\202\364\205\330\203\206\016"
 109      9777A3E0 
 109      1D6682F4 
 109      85D88386 
 109      0E
 110 0216 BA289883 		.ascii	"\272(\230\203\370\375\356\033S'\200;\247\021\322h\361"
 110      F8FDEE1B 
 110      5327803B 
 110      A711D268 
 110      F1
 111 0227 58A17757 		.ascii	"X\241wW\210G\270=\215\212y\330\221\271\263?\254A\016"
 111      8847B83D 
 111      8D8A79D8 
 111      91B9B33F 
 111      AC410E
 112 023a 4D219DCB 		.ascii	"M!\235\313\227\312\222\020\357\262=,O\021B\300\217\220"
 112      97CA9210 
 112      EFB23D2C 
 112      4F1142C0 
 112      8F90
 113 024c 546E8C7D 		.ascii	"Tn\214}qk\302\345T\237\224\265\036\272\\C\317\353'B"
 113      716BC2E5 
 113      549F94B5 
 113      1EBA5C43 
 113      CFEB2742 
 114 0260 1060AA74 		.ascii	"\020`\252t\355\243%\014\220\012`\251\271*\300\005\002"
 114      EDA3250C 
 114      900A60A9 
 114      B92AC005 
ARM GAS  /tmp/ccAo1GaJ.s 			page 9


 114      02
 115 0271 7858410A 		.ascii	"xXA\012\022#\335\303\323\256\356g\350\226{\023\013\005"
 115      1223DDC3 
 115      D3AEEE67 
 115      E8967B13 
 115      0B05
 116 0283 9B57C002 		.ascii	"\233W\300\002\001Sd\247\322\036\010G\202\261\312Z\035"
 116      015364A7 
 116      D21E0847 
 116      82B1CA5A 
 116      1D
 117 0294 F21139FE 		.ascii	"\362\0219\376\347\360\234\222\370\234\207KR\224\026"
 117      E7F09C92 
 117      F89C874B 
 117      529416
 118 02a3 70912512 		.ascii	"p\221%\022\230\262g\027~\277\004\\\315\241j\323P\343"
 118      98B26717 
 118      7EBF045C 
 118      CDA16AD3 
 118      50E3
 119 02b5 61A5B805 		.ascii	"a\245\270\005\311\337\232\203\002<\246\326k\017b1\237"
 119      C9DF9A83 
 119      023CA6D6 
 119      6B0F6231 
 119      9F
 120 02c6 5ACD6E19 		.ascii	"Z\315n\031\363\220T\015\304c\016T\245\324\201\270\024"
 120      F390540D 
 120      C4630E54 
 120      A5D481B8 
 120      14
 121 02d7 38F09FD2 		.ascii	"8\360\237\322j\025.\026R\235E\275\007n\312{\223\316"
 121      6A152E16 
 121      529D45BD 
 121      076ECA7B 
 121      93CE
 122 02e9 0064BBAA 		.ascii	"\000d\273\252<\\\012\227\211\0113\334\221R\177\334\036"
 122      3C5C0A97 
 122      890933DC 
 122      91527FDC 
 122      1E
 123 02fa 1FB119FF 		.ascii	"\037\261\031\377\201\362\247\032\256\300\000h\203\256"
 123      81F2A71A 
 123      AEC00068 
 123      83AE
 124 0308 2A839E51 		.ascii	"*\203\236Q\262\314\377Wq\036vf\006\226=M\331\263)u\326"
 124      B2CCFF57 
 124      711E7666 
 124      06963D4D 
 124      D9B32975 
 125 031d 7E0E942D 		.ascii	"~\016\224-\266>s\310x\304\374k\204I\243\233\306\012"
 125      B63E73C8 
 125      78C4FC6B 
 125      8449A39B 
 125      C60A
 126 032f 0F9791B9 		.ascii	"\017\227\221\271c\005\325\224\001\304\274}o\266P\336"
 126      6305D594 
 126      01C4BC7D 
ARM GAS  /tmp/ccAo1GaJ.s 			page 10


 126      6FB650DE 
 127 033f 784CF650 		.ascii	"xL\366P\377\260\200\353\320\270\010r\346\011\010\375"
 127      FFB080EB 
 127      D0B80872 
 127      E60908FD 
 128 034f 2DFE4290 		.ascii	"-\376B\220\273\020\317|\326\257\305\363\265\233\316"
 128      BB10CF7C 
 128      D6AFC5F3 
 128      B59BCE
 129 035e 155DA836 		.ascii	"\025]\2506\242\020M\015\015\021\372\275\023\355\330"
 129      A2104D0D 
 129      0D11FABD 
 129      13EDD8
 130 036d 1C6D8F34 		.ascii	"\034m\2174ol\333\320\366\372\272\310\226\316\310\306"
 130      6F6CDBD0 
 130      F6FABAC8 
 130      96CEC8C6 
 131 037d B7DA235B 		.ascii	"\267\332#[\267t\304:#\353\326\277\266\372\305\310\232"
 131      B774C43A 
 131      23EBD6BF 
 131      B6FAC5C8 
 131      9A
 132 038e 352F47D6 		.ascii	"5/G\326\256o\336\366\002gZ:b\255-\355\355o7\264\012"
 132      AE6FDEF6 
 132      02675A3A 
 132      62AD2DED 
 132      ED6F37B4 
 133 03a3 2BB6ADA5 		.ascii	"+\266\255\2453\332\032\246\327&z\333\261\266M\321\316"
 133      33DA1AA6 
 133      D7267ADB 
 133      B1B64DD1 
 133      CE
 134 03b4 ADD15693 		.ascii	"\255\321V\223? \206\364\372\027b\337\275K"
 134      3F2086F4 
 134      FA1762DF 
 134      BD4B
 135              		.text
 136              		.section	.gnu.lto_Vector4C.1b52db1c57ca6576,"e",%progbits
 137 0000 789C9595 		.ascii	"x\234\225\225]L\034U\024\307\357\231;\337\273\260\205"
 137      5D4C1C55 
 137      14C7EF99 
 137      3BDFBBB0 
 137      85
 138 0011 0743BB68 		.ascii	"\007C\273hx\351C\243aQ_\372X\203\017>\2641\261}oj\255"
 138      78E943A3 
 138      61515FFA 
 138      58830F3E 
 138      B431B17D 
 139 0028 B671630D 		.ascii	"\266qc\0154\276z\367KP\326\322\032\313\212f\335\265"
 139      34BE7AF7 
 139      4B50D6D2 
 139      1ACB8A66 
 139      DDB5
 140 003a 1B946AA0 		.ascii	"\033\224j\240\230\032c\013\225\021\004\244bAl\351\007"
 140      981A630B 
 140      951104A4 
 140      62416CE9 
ARM GAS  /tmp/ccAo1GaJ.s 			page 11


 140      07
 141 004b 956A152C 		.ascii	"\225j\025,\310\247\211\304\020\323\365\334\271\263\273"
 141      C8A789C4 
 141      10D3F5DC 
 141      B9B3BB
 142 005a 530C644B 		.ascii	"S\014dK\340r\347\236\377\234\377=\277{fF'@\342:!\317"
 142      E072E79E 
 142      FF9CFF3D 
 142      BF7B6646 
 142      2740E23A 
 143 0070 10423EC5 		.ascii	"\020B>\305?\360\022\220\030c\273\264\220.\001ufT\362"
 143      3FF01290 
 143      1863BBB4 
 143      902E0175 
 143      6654F2
 144 0083 8C2FAFED 		.ascii	"\214/\257\355\224\231)w6\3074\231y=N\354)YRpR\205!U"
 144      94992977 
 144      36C73499 
 144      793D4EEC 
 144      29595270 
 145 009b FCF72AA0 		.ascii	"\374\367*\240:\267\251\222\346\304t'\246\201\356\304"
 145      3AB7A992 
 145      E6C47427 
 145      A681EEC4 
 146 00ab 74C97062 		.ascii	"t\311pb\246\0233\300tb&\200=c:\220\327%\352\221\025"
 146      A61333C0 
 146      74622680 
 146      3D633A90 
 146      D725EA91 
 147 00c0 55D30D13 		.ascii	"U\323\015\023pN\362?\3154A\241\257a\346\274\264\343"
 147      704EF23F 
 147      CD3441A1 
 147      AF61E6BC 
 147      B4E3
 148 00d2 1354332B 		.ascii	"\023T3+\261f\206X\254\"\205\232\326\274\016.\300\016"
 148      B1668658 
 148      AC22859A 
 148      D6BC0E2E 
 148      C00E
 149 00e4 4250F9C6 		.ascii	"BP\371\306\300\211\356\222\3434E\001$\274\374\350\352"
 149      C089EE92 
 149      E3344501 
 149      24BCFCE8 
 149      EA
 150 00f5 5818F8A5 		.ascii	"X\030\370\245\004[\360\362\324\3733\025\264\026\270"
 150      045BF0F2 
 150      D4FB3315 
 150      B416B8
 151 0104 F0EFB98E 		.ascii	"\360\357\271\216\220\271=\303X\230Y\253\237U\234\214"
 151      90B93DC3 
 151      589859AB 
 151      9F559C8C 
 152 0114 B07626A7 		.ascii	"\260v&\247(\205\213@1/\364\200\037\272\301/\322\243"
 152      28858B40 
 152      312FF480 
 152      1FBAC12F 
 152      D2A3
ARM GAS  /tmp/ccAo1GaJ.s 			page 12


 153 0126 FECEE7F7 		.ascii	"\376\316\347\367N\225\2502|\015\333\035_\350\005\025"
 153      4E95A832 
 153      7C0DDB1D 
 153      5FE80515 
 154 0136 B112E06B 		.ascii	"\261\022\340kg\307\025\213\335\31360k\361\321\313_\254"
 154      67C7158B 
 154      DDCB3630 
 154      6BF1D1CB 
 154      5FAC
 155 0148 963F0C24 		.ascii	"\226?\014$Ee\011\007\205\342\240\312|\246\360\231\312"
 155      45650907 
 155      85E2A0CA 
 155      7CA6F099 
 155      CA
 156 0159 671A1F74 		.ascii	"g\032\037t\0344\203\017&\037\312x\264\234\360l[yx\033"
 156      1C34830F 
 156      261FCA78 
 156      B49CF06C 
 156      5B79781B 
 157 016d 1FFC7CB1 		.ascii	"\037\374|\261\222\017\2044Q\262\274\326\276\023\230"
 157      920F8434 
 157      51B2BCD6 
 157      BE1398
 158 017c 45489C4A 		.ascii	"EH\234J\366<\202\363y\210\2443-\324\336\017\3564\331"
 158      F63C82F3 
 158      7988A433 
 158      2DD4DE0F 
 158      EE34D9
 159 018f 3E9235A2 		.ascii	">\2225\242\020\016\351)\252\267R\276C\013\242|?\006"
 159      100EE929 
 159      AAB752BE 
 159      430BA27C 
 159      3F06
 160 01a1 97566DA0 		.ascii	"\227Vm\240\223P\367MN\307\015\370\3113\331v\230\203"
 160      9350F74D 
 160      4EC70DF8 
 160      C933D976 
 160      9883
 161 01b3 BE9ED9C6 		.ascii	"\276\236\331\306~\255\300\001\031P7\230(\027\247\317"
 161      7EADC001 
 161      19503798 
 161      2817A7CF 
 162 01c3 B5501B8B 		.ascii	"\265P\033\213\035t\211\241\037T\350C[\002\337\202\232"
 162      1D7489A1 
 162      1F54E843 
 162      5B02DF82 
 162      9A
 163 01d4 A45B3176 		.ascii	"\244[1v<\2624\245\363\243\221\355\363Xm\356\266\250"
 163      3CB234A5 
 163      F3A391ED 
 163      F3586DEE 
 163      B6A8
 164 01e6 B86463E8 		.ascii	"\270dc\350\213K\227N$\273\3446\310@\212\2320\210\347"
 164      8B4B974E 
 164      24BBE436 
 164      C8408A9A 
 164      3088E7
ARM GAS  /tmp/ccAo1GaJ.s 			page 13


 165 01f9 31C0CF03 		.ascii	"1\300\317\003\003\243\203\361\017}5\235,\032b\351L\374"
 165      03A383F1 
 165      0F7D359D 
 165      2C1A62E9 
 165      4CFC
 166 020b 9114F5C0 		.ascii	"\221\024\365\300\020\264\301{h\312\235\010|\0075\270"
 166      10B4C17B 
 166      68CA9D08 
 166      7C0735B8 
 167 021b E7484BC3 		.ascii	"\347HK\303\260\"\014\267\011\317\336lK\257\314M\024"
 167      B0220CB7 
 167      09CFDE6C 
 167      4BAFCC4D 
 167      14
 168 022c D06118B3 		.ascii	"\320a\030\263MC\364v\377\0108\"T\014--\\\001\241 p\311"
 168      4D43F476 
 168      FF083822 
 168      540C2D2D 
 168      5C01A120 
 169 0242 39FF26EA 		.ascii	"9\377&\352i\216]\033\302\236B,\362J\216\373\034\204"
 169      698E5D1B 
 169      C29E422C 
 169      F24A8EFB 
 169      1C84
 170 0254 7B664763 		.ascii	"{fGc&\2578I\301]\223\027\326\023\366f\034^\023\223\203"
 170      26AF3849 
 170      C15D9317 
 170      D613F666 
 170      1C5E1393 
 171 0269 6320AA2A 		.ascii	"c \252*\201\021\004\016\337;e]x\247\261K\305\262\370"
 171      8111040E 
 171      DF3B655D 
 171      78A7B14B 
 171      C5B2F8
 172 027c 83C239FC 		.ascii	"\203\3029\374`\327\004\274\325.\333\005\365\365\014"
 172      60D704BC 
 172      D52EDB05 
 172      F5F50C
 173 028b 3F26CC78 		.ascii	"?&\314xo[7\273n\224b\242\220\320\233\270\205<\241\344"
 173      6F5B37BB 
 173      6E9462A2 
 173      90D09BB8 
 173      853CA1E4 
 174 029f DB1FCC50 		.ascii	"\333\037\314PA\250\212\343\031\265SI<\325\230\235*\374"
 174      41A88AE3 
 174      19B55349 
 174      3CD5989D 
 174      2AFC
 175 02b1 6FC3194D 		.ascii	"o\303\031M\344\242\230N$\337#\026\344\007L\376\243\303"
 175      E4A2984E 
 175      24DF2316 
 175      E4074CFE 
 175      A3C3
 176 02c3 1E938FAF 		.ascii	"\036\223\217\257O\256`:q\024\255T\254\224\333\216\212"
 176      4FAE603A 
 176      7114AD54 
 176      AC94DB8E 
ARM GAS  /tmp/ccAo1GaJ.s 			page 14


 176      8A
 177 02d4 E8A9EB03 		.ascii	"\350\251\353\003\016=\265XO\340\216?\025\034\257\344"
 177      0E3DB558 
 177      4FE08E3F 
 177      151CAFE4 
 178 02e4 8E1A4422 		.ascii	"\216\032D\"M\344\2725\332\221\364\210s\374'\233\315"
 178      4DE4BA35 
 178      DA91F488 
 178      73FC279B 
 178      CD
 179 02f5 FAE02A26 		.ascii	"\372\340*&B\313\251\267l\335\003\271M\024\334\256A\015"
 179      42CBA9B7 
 179      6CDD03B9 
 179      4D14DCAE 
 179      410D
 180 0307 5AD8861A 		.ascii	"Z\330\206\032I\3222,\007\345_\276\271p\306\340f\230"
 180      49D2322C 
 180      07E55FBE 
 180      B970C6E0 
 180      6698
 181 0319 02AE8BB6 		.ascii	"\002\256\213\266\272\333?\321\341\025[*s\367\225\212"
 181      BADB3FD1 
 181      E1155B2A 
 181      73F7958A 
 182 0329 7D75C3E9 		.ascii	"}u\303\351\2538U\276\272\370ne\241\231&\007Tq\213^T"
 182      AB3855BE 
 182      BAF86E65 
 182      A1992607 
 182      54718B5E 
 183 033e F7DCDCB8 		.ascii	"\367\334\334\270{Ja\322\3365\277\015n!\243y\210\245"
 183      7B4A61D2 
 183      DE35BF0D 
 183      6E21A379 
 183      88A5
 184 0350 1FB21F7D 		.ascii	"\037\262\037}\314^\\s\376\354N\177>a\235\266\345\215"
 184      CC5E5C73 
 184      FEEC4E7F 
 184      3E619DB6 
 184      E58D
 185 0362 767E2F4C 		.ascii	"v~/L\241N\274\002o\243\316\335\374>,\361\027\360\247"
 185      A14EBC02 
 185      6FA3CEDD 
 185      FC3E2CF1 
 185      17F0A7
 186 0375 E816BB46 		.ascii	"\350\026\273F\325\365\300\010l~\201\255\255\351\264"
 186      D5F5C008 
 186      6C7E81AD 
 186      ADE9B4
 187 0384 78575390 		.ascii	"xWS\220\340\327\034\266\305\0346\277\213\223v?\247\251"
 187      E0D71CB6 
 187      C51C36BF 
 187      8B93763F 
 187      A7A9
 188 0396 1C27A3A8 		.ascii	"\034'\243\250B\356l\306\351\267\002\247\337\327q2\212"
 188      42EE6CC6 
 188      E9B702A7 
 188      DFD77132 
ARM GAS  /tmp/ccAo1GaJ.s 			page 15


 188      8A
 189 03a7 E334BD29 		.ascii	"\3434\275)\247\231<\247?\004\247|\267\370\260[\356\026"
 189      A7993CA7 
 189      3F04A77C 
 189      B7F8B05B 
 189      EE16
 190 03b9 38E9FFE3 		.ascii	"8\351\377\343T)8}<}2Q*8\3110\233\3434\330\351p\252t"
 190      5429387D 
 190      3C7D3251 
 190      2A38C930 
 190      9BE334D8 
 191 03d1 7132EEE7 		.ascii	"q2\356\3474\233\343d\026U\310\334f\234\376,p\232_\307"
 191      349BE364 
 191      1655C8DC 
 191      669CFE2C 
 191      709A5FC7 
 192 03e5 C92C8ED3 		.ascii	"\311,\216\323\302\246\234\026\363\234\226\004\247|{"
 192      C2A69C16 
 192      F39C9604 
 192      A77C7B
 193 03f4 F8B03D96 		.ascii	"\370\260=\226\013\234\314\025\367\207\357lb\243\017"
 193      0B9CCC15 
 193      F787EF6C 
 193      62A30F
 194 0403 9F8C3B5D 		.ascii	"\237\214;])\342\303\247\240\356\257\234n\021\302\351"
 194      29E2C3A7 
 194      A0EEAF9C 
 194      6E11C2E9 
 195 0413 7309B111 		.ascii	"s\011\261\021\361\352\007\333.l\361\253]\325\325\001"
 195      F1EA07DB 
 195      2E6CF1AB 
 195      5DD5D501 
 196 0423 FC7DF950 		.ascii	"\374}\371P\335+\207\202\201\332\303G\236?\362\354\336"
 196      DD2B8782 
 196      81DAC347 
 196      9E3FF2EC 
 196      DE
 197 0434 C0D1FAC0 		.ascii	"\300\321\372\300\341\003\301\300\253G\353\216\325\007"
 197      E103C1C0 
 197      AB47EB8E 
 197      D507
 198 0442 F6EEDBF3 		.ascii	"\366\356\333\363\344\023\201\335\273\237\016<\267\257"
 198      E41381DD 
 198      BB9F0E3C 
 198      B7AF
 199 0450 F6B5C779 		.ascii	"\366\265\307yd\177\335\261\203\373\203\301\027\252\017"
 199      647FDDB1 
 199      83FB83C1 
 199      17AA0F
 200 045f 12E5C5E0 		.ascii	"\022\345\305\340\201\227\352\377\003B\342\333("
 200      8197EAFF 
 200      0342E2DB 
 200      28
 201              		.text
 202              		.section	.gnu.lto_rtc_lld_set_prescaler.1b52db1c57ca6576,"e",%progbits
 203 0000 789C9D54 		.ascii	"x\234\235TKLSA\024\235\373\346\375\250\".Q\022\303\226"
 203      4B4C5341 
ARM GAS  /tmp/ccAo1GaJ.s 			page 16


 203      149DFBE6 
 203      FDA8222E 
 203      5112C396 
 204 0014 857DA81B 		.ascii	"\205}\250\033\226\030\\\342'\302\236(\222@l\200\024"
 204      96185CE2 
 204      27C29E28 
 204      92406C80 
 204      14
 205 0025 62E2CAD7 		.ascii	"b\342\312\327\017\022\245\241\304\250\320\330Z\214\022"
 205      0F12A5A1 
 205      C4A8D0D8 
 205      5A8C12
 206 0034 5881262E 		.ascii	"X\201&.DPjQ~\202 \024\001\225\217$*\037\025\304D\015"
 206      44506A51 
 206      7E822014 
 206      01958F24 
 206      2A1F15C4 
 207 004a 0BEADC79 		.ascii	"\013\352\334y\245\362 !h\323\336\314\2339=\347\314\275"
 207      A5F22021 
 207      68D3DECC 
 207      9B393DE7 
 207      CCBD
 208 005c F75D9500 		.ascii	"\367]\225\000\271(\021b'\204\234b?\220\011\010\272\256"
 208      B9281162 
 208      27849C62 
 208      3F900908 
 208      BAAE
 209 006e 672A0E55 		.ascii	"g*\016U\000\032[QA\032^^\315\020u\213\330\354\255PD"
 209      001A5B51 
 209      411A5E5E 
 209      CD10758B 
 209      D8ECAD50 
 210 0083 7DB7143B 		.ascii	"}\267\024;;*\002\360\205\256\002\271$PI\004\026I\374"
 210      3B2A02F0 
 210      85AE02B9 
 210      24504904 
 210      1649FC
 211 0096 E3A5B514 		.ascii	"\343\245\265\024\302\225\237Z\205\264F\206\323C\265"
 211      C2959F5A 
 211      85B44686 
 211      D343B5
 212 00a5 757B2EEB 		.ascii	"u{.\353\025\311A\206\361\305q\360\030\322\010a\310\331"
 212      15C94186 
 212      F1C571F0 
 212      18D20861 
 212      C8D9
 213 00b7 076B3712 		.ascii	"\007k7\022e1v\004mh\207-Z\206\245\220\276\026\255\324"
 213      65317604 
 213      6D68872D 
 213      5A86A590 
 213      BE16ADD4 
 214 00cb 43917B30 		.ascii	"C\221{0r\"I$A\012\022\006\031\203\202A\305\220\200\301"
 214      72224924 
 214      410A1206 
 214      19838241 
 214      C59080C1 
 215 00df 8281902A 		.ascii	"\202\201\220*J\226W\2332@\017\021\342\241\002_\273\330"
ARM GAS  /tmp/ccAo1GaJ.s 			page 17


 215      4A96579B 
 215      32400F11 
 215      E2A1025F 
 215      BBD8
 216 00f1 FA0BB866 		.ascii	"\372\013\270fZ<\221\317C`\022D\235\370\206\033\275\316"
 216      5A3C91CF 
 216      43601244 
 216      9DF8861B 
 216      BDCE
 217 0103 54D529FB 		.ascii	"T\325)\373\270\011~\272\001\015O@\206v&N\340)\310\001"
 217      B8097EBA 
 217      010D4F40 
 217      8676264E 
 217      E029C801 
 218 0117 6A616781 		.ascii	"jag\201\246\376h\202\033\234\0165H\005\037\025\020C"
 218      A6FE6882 
 218      1B9C0E35 
 218      48051F15 
 218      1043
 219 0129 A003DCC0 		.ascii	"\240\003\334\300\354\340u<\024S\246\213\334\304\002"
 219      ECE0753C 
 219      1453A68B 
 219      DCC402
 220 0138 84DBE7FD 		.ascii	"\204\333\347\375\235\212\311\002%\233\222 n\361T\277"
 220      9D8AC902 
 220      259B9220 
 220      6EF154BF 
 221 0148 E8A7314B 		.ascii	"\350\2471K\242\331R\230Yz\206\2266\375a>\221@'\342\251"
 221      A2D95298 
 221      597A8696 
 221      36FD613E 
 221      914027E2 
 222 015d 19FF9CE1 		.ascii	"\031\377\234\341C\374\012/\360\0122;\253v-M\251\325"
 222      43FC0A2F 
 222      F00A323B 
 222      AB762D4D 
 222      A9D5
 223 016f 34484540 		.ascii	"4HE@\350Oo[\210\032\217\372\0203\316\266\372j\002\367"
 223      E84F6F5B 
 223      881A8FFA 
 223      1033CEB6 
 223      FA6A02F7 
 224 0183 C506B80B 		.ascii	"\305\006\270\013A*A7\244@\027\244p\332\301.\317\355"
 224      412A4137 
 224      A44017A4 
 224      70DAC12E 
 224      CFED
 225 0195 A4F466DD 		.ascii	"\244\364f\335\355\320\353\177x\016\004\251\014=\320"
 225      EDD0EB7F 
 225      780E04A9 
 225      0C3DD0
 226 01a4 00754C14 		.ascii	"\000uL\024\225\010\364B:\273\264\353fe\257d\010*\206"
 226      9508F442 
 226      3ABBB4EB 
 226      6665AF64 
 226      082A86
 227 01b7 E6F5BE87 		.ascii	"\346\365\276\207\275\026\024\001H\205>\306\366\021\334"
ARM GAS  /tmp/ccAo1GaJ.s 			page 18


 227      BD161401 
 227      48853EC6 
 227      F611DC
 228 01c6 D39DFD10 		.ascii	"\323\235\375\020\0031D\367\322\327\010\030\010\002/"
 228      033144F7 
 228      D2D70818 
 228      08022F
 229 01d5 518F6071 		.ascii	"Q\217`q%o\305X7\356y\250\370}\275\266<\255m.\005o\034"
 229      256FC558 
 229      37EE79A8 
 229      F87DBDB6 
 229      3CAD6D2E 
 230 01ec A0EA8E1C 		.ascii	"\240\352\216\034\003\232\355_7\033F\263\003\206\331"
 230      039AED5F 
 230      371B46B3 
 230      0386D9
 231 01fb 6B956010 		.ascii	"k\225`\020%\030\\wF\207\2341'{\341\025\343arSW9f\347"
 231      25185C77 
 231      46879C31 
 231      277BE115 
 231      E3617253 
 232 0213 4A8326A5 		.ascii	"J\203&\245!Hg\364H\2642w\253Q\301\312n\240r`\001\367"
 232      214867F4 
 232      48B43277 
 232      AB51C1CA 
 232      6EA07260 
 233 0229 6F93EB54 		.ascii	"o\223\353Td|\315\031\261\177a\030\3227\326Qf\031\033"
 233      647CCD19 
 233      B17F6118 
 233      D237D651 
 233      66191B
 234 023c 317CAECC 		.ascii	"1|\256\314\371\377\223>\302\351\005\244\037\345\364"
 234      F9FF933E 
 234      C2E905A4 
 234      1FE5F4
 235 024b E3FE9EC5 		.ascii	"\343\376\236\305]\006}\307#\001\336\030\002\355\363"
 235      5D067DC7 
 235      2301DE18 
 235      02EDF3
 236 025a 032E733B 		.ascii	"\003.s;K[\273\367W\274{%s7\216\263n\034\343\3358\201"
 236      4B5BBBF7 
 236      57BC7B25 
 236      73378EB3 
 236      6E1CE3DD 
 237 0270 09DF59AF 		.ascii	"\011\337Y\257\361|\276]\317\3478\346\363\335z\233M\266"
 237      F17CBE5D 
 237      CFE738E6 
 237      F3DD7A9B 
 237      4DB6
 238 0282 961A5492 		.ascii	"\226\032T\222\301\346\365\315\375\026\215\332-E\243"
 238      C1E6F5CD 
 238      FD168DDA 
 238      2D45A3
 239 0291 D12478FF 		.ascii	"\321$x\377\267~\023\377R\277I\223\336\024\326Ob3\305"
 239      B77E13FF 
 239      52BF4993 
 239      DE14D64F 
ARM GAS  /tmp/ccAo1GaJ.s 			page 19


 239      6233C5
 240 02a4 CD664ACD 		.ascii	"\315fJ\315B\262)\001\362\326\221r\245I\211%@6'`\206"
 240      42B22901 
 240      F2D69172 
 240      A5498925 
 240      40362760 
 241 02b9 25609A27 		.ascii	"%`\232'\340\003\213\233\346\211\342\243\012\"\010\314"
 241      E0038B9B 
 241      E689E2A3 
 241      0A2208CC 
 242 02c9 E23C6103 		.ascii	"\342<a\003'HU\362\015\234\365\215\001\340S\322x'\200"
 242      274855F2 
 242      0D9CF58D 
 242      01E053D2 
 242      782780
 243 02dc BF08CE10 		.ascii	"\277\010\316\020>eZ\255\032\373\236/\260\027\027\330"
 243      3E655AAD 
 243      1AFB9E2F 
 243      B01717D8 
 244 02ec B4ACC2A2 		.ascii	"\264\254\302\242\263E's\264\2222\255\360\214M+-\261"
 244      B3452773 
 244      B49232AD 
 244      F08C4D2B 
 244      2DB1
 245 02fe 97976939 		.ascii	"\227\227i9\271\307\217\034\326\262\263\217i\247s\263"
 245      B9C78F1C 
 245      D6B2B38F 
 245      69A773B3 
 246 030e 2E1CC293 		.ascii	".\034\302\223<{y~\236\315v\316\232O\264\355\010J\312"
 246      3C7B797E 
 246      9ECD76CE 
 246      9A4FB4ED 
 246      084ACA
 247 0321 58B0971F 		.ascii	"X\260\227\037,.2\326\326B\362\007\273-\347\270"
 247      2C2E32D6 
 247      D642F207 
 247      BB2DE7B8 
 248              		.text
 249              		.section	.gnu.lto_rtc_lld_init.1b52db1c57ca6576,"e",%progbits
 250 0000 789C9554 		.ascii	"x\234\225TKLSA\024\235\363\346\365\275G\001\331\232"
 250      4B4C5341 
 250      149DF3E6 
 250      F5BD4701 
 250      D99A
 251 0012 9018B66E 		.ascii	"\220\030\266n(\352\306\245\250K\215\211\2707\376\022"
 251      28EAC6A5 
 251      A84B8D89 
 251      B837FE12 
 252 0022 8D440D1A 		.ascii	"\215D\015\032\267NK\021\"U\214?$\012\257\332\250\304"
 252      B74E4B11 
 252      22558C3F 
 252      240AAFDA 
 252      A8C4
 253 0034 859FC4C4 		.ascii	"\205\237\304\304\370\245\202\202 \012\342\377\207\277"
 253      F8A58282 
 253      200AE2FF 
 253      87BF
ARM GAS  /tmp/ccAo1GaJ.s 			page 20


 254 0042 68D4A0A0 		.ascii	"h\324\240\240&\232\230h\275w\346Q\013\376\233v2\235"
 254      269A9868 
 254      BD77E651 
 254      0BFE9B76 
 254      329D
 255 0054 39F79C7B 		.ascii	"9\367\234{\356\334\031O@l\016\0111S\010\021\243\037"
 255      EEDC194F 
 255      406C0E09 
 255      31530811 
 255      A31F
 256 0066 F2042CA5 		.ascii	"\362\004,\245\324\0147\352Y\220\301LZ\336\300\310\227"
 256      D40C37EA 
 256      5990C14C 
 256      5ADEC0C8 
 256      97
 257 0077 E9B60A3B 		.ascii	"\351\266\012;G\032j\\[\025x\301^\271\003[O`[n\200\011"
 257      471A6A5C 
 257      5B1578C1 
 257      5EB9035B 
 257      4F605B6E 
 258 008d 051837D8 		.ascii	"\005\0307\330*\017\001z\242<\210\015\226\364\034\333"
 258      2A0F017A 
 258      A23C880D 
 258      96F41CDB 
 259 009d 0D6183B4 		.ascii	"\015a\203\264E\366#\177L\033d\243D{\355\313S\326\344"
 259      45F6237F 
 259      4C1B64A3 
 259      447BEDCB 
 259      53D6E4
 260 00b0 4314A5D2 		.ascii	"C\024\245\322\215#\0236\252\232\211>a\232\2628\234\306"
 260      8D231336 
 260      AA9A893E 
 260      619AB238 
 260      9CC6
 261 00c2 642108F9 		.ascii	"d!\010\371\354\370\267\235\205\216\035l\341\014\034"
 261      ECF8B79D 
 261      858E1D6C 
 261      E10C1C
 262 00d1 7224C4D1 		.ascii	"r$\304\321\201PZ}\313\324\252to\012\327\347M\200\360"
 262      81505A7D 
 262      CBD4AA74 
 262      6F0AD7E7 
 262      4D80F0
 263 00e4 252C1EC2 		.ascii	"%,\036\302<\344\363P\300C!\017B\324K1\362\245u:TZ\210"
 263      3CE4F350 
 263      C043210F 
 263      42D44B31 
 263      F2A5753A 
 264 00fb 84B4F4BC 		.ascii	"\204\264\364\274\232\346C\210'\207\233\245\346%\265"
 264      9AE64388 
 264      27879BA5 
 264      E625B5
 265 010a E6D6DE4C 		.ascii	"\346\326\336L^\034\261\250\347K\253\211\003q\026q\360"
 265      5E1CB1A8 
 265      E74BAB89 
 265      03711671 
 265      F0
ARM GAS  /tmp/ccAo1GaJ.s 			page 21


 266 011b D696EAE1 		.ascii	"\326\226\352\341Ao\213\364\245\304x\244Lqr\264x\373"
 266      416F8BF4 
 266      A5C478A4 
 266      4C7172B4 
 266      78FB
 267 012d 41673F0E 		.ascii	"Ag?\016 \005_\3328O\2018\207b\275s\2521\275_\303\353"
 267      20055FDA 
 267      384F8138 
 267      8762BD73 
 267      AA31BD5F 
 268 0143 942A618E 		.ascii	"\224*a\2166\302\0317i\302\3712$\336 \366\341\325\371"
 268      36C21937 
 268      69C2F932 
 268      24DE20F6 
 268      E1D5F9
 269 0156 432EAFFE 		.ascii	"C.\257\376\223\300\205\\\201\323\333\352\2169eG\270"
 269      93C0855C 
 269      81D3DBEA 
 269      8E396547 
 269      B8
 270 0167 A2C9C5BE 		.ascii	"\242\311\305\276t\320N\270\335\246h\035(#\304\247\206"
 270      74D04EB8 
 270      DDA6681D 
 270      2823C4A7 
 270      86
 271 0178 3369C906 		.ascii	"3i\311\006\034\250~\245l\\\244\3207h?\373\272\247+\314"
 271      1CA87EA5 
 271      6C5CA4D0 
 271      37683FFB 
 271      BAA72BCC 
 272 018c A254865C 		.ascii	"\242T\206\\\237\216\366\331\263\265\371\230M\212Q\245"
 272      9F8EF6D9 
 272      B3B5F998 
 272      4D8A51A5 
 273 019c 1377390A 		.ascii	"\023w9\012\227\002\321\276\316DK\021\211\262\001\017"
 273      9702D1BE 
 273      CE444B11 
 273      89B2010F 
 274 01ac 9D5A914F 		.ascii	"\235Z\221O\007](#\352\352]\2650\304\226\341>\270g{\253"
 274      075D2823 
 274      EAEA5DB5 
 274      30C496E1 
 274      3EB8677B 
 275 01c1 C5DCC0E7 		.ascii	"\305\334\300\347L&S\204\313&\205\301M\010\\\377\207"
 275      4C265384 
 275      CB2685C1 
 275      4D085CFF 
 275      87
 276 01d2 5CF70FB9 		.ascii	"\\\367\017\271\036\224\221\206\340\243\225_\211X\352"
 276      1E949186 
 276      E0A3955F 
 276      8958EA
 277 01e1 B3D5DEEA 		.ascii	"\263\325\336\352:\3341]d\211\234\266\212\353r\235l\221"
 277      3ADC315D 
 277      64899CB6 
 277      8AEB729D 
 277      6C91
ARM GAS  /tmp/ccAo1GaJ.s 			page 22


 278 01f3 BAB1F466 		.ascii	"\272\261\364f\016\030\275pp\205\216H\340*\233(\310\311"
 278      0E18BD70 
 278      70858E48 
 278      E02A9B28 
 278      C8C9
 279 0205 0FBFCD2D 		.ascii	"\017\277\315-\252\222\251\304$N\360Z\220 \363\010\364"
 279      AA92A9C4 
 279      244EF05A 
 279      9020F308 
 279      F4
 280 0216 8D96A43B 		.ascii	"\215\226\244;d\350\012\015c[fW\233mj\342\241\237\330"
 280      64E80A0D 
 280      635B6657 
 280      9B6D6AE2 
 280      A19FD8
 281 0229 5E20FEB8 		.ascii	"^ \376\270\243\027\001\210\020]\303oo\302 \004\256\263"
 281      A3170188 
 281      105DC36F 
 281      6FC22004 
 281      AEB3
 282 023b 9EE086F6 		.ascii	"\236\340\206\366\0225w\272x\255^:\272\237A\366\371F"
 282      123577BA 
 282      78AD5E3A 
 282      BA9F41F6 
 282      F946
 283 024d D2D166ED 		.ascii	"\322\321f\355\357\035g_\376l\377y\326\276\034k\377\006"
 283      EF1D675F 
 283      FE6CFF79 
 283      D6BE1C6B 
 283      FF06
 284 025f D91FD0F6 		.ascii	"\331\037\320\366or*\341\177\265\377\321\330\2775j\377"
 284      6F722AE1 
 284      7FB5FFD1 
 284      D8BF356A 
 284      FF
 285 0270 06DBBF9D 		.ascii	"\006\333\277\235c_\323\345\033\306\035='\272\303\306"
 285      635FD3E5 
 285      1BC61D3D 
 285      27BAC3C6 
 286 0280 5C09EEE4 		.ascii	"\\\011\356\344\3307\240\034\277\356\326\300oB\206\336"
 286      D837A01C 
 286      BFEED6C0 
 286      6F4286DE 
 287 0290 8FDE5F32 		.ascii	"\217\336_2\371\341\325=\323\277\343\332'Y%\376\220e"
 287      F9E1D53D 
 287      D3BFE3DA 
 287      275925FE 
 287      9065
 288 02a2 09A77857 		.ascii	"\011\247xW\247\310-\201{\372\216d\233\237^2\334\327"
 288      A7C82D81 
 288      7BFA8E64 
 288      9B9F5E32 
 288      DCD7
 289 02b4 CD4997F2 		.ascii	"\315I\227\362a\226\377\357\227\362\301\037.e\036\036"
 289      6196FFEF 
 289      97F2C11F 
 289      2E651E1E 
ARM GAS  /tmp/ccAo1GaJ.s 			page 23


 290 02c4 6A418EC3 		.ascii	"jA\216\303\243\261\202y$8HaC\250IfZ~\371 \205\233\370"
 290      A3B18279 
 290      24384861 
 290      43A84966 
 290      5A7EF920 
 291 02db 49C5E3E0 		.ascii	"I\305\343\340A\212\326\037\336W\310\241\371\220x\202"
 291      418AD61F 
 291      DE57C8A1 
 291      F9907882 
 292 02eb 625A4AA9 		.ascii	"bZJ\251+\273\035\263T\204\247(\366e\201x\207X2\345\233"
 292      2BBB1DB3 
 292      5484A728 
 292      F6658178 
 292      875832E5 
 293 0300 B7C61412 		.ascii	"\267\306\024\022\272z\2614\377\233QZ\032\241\357\312"
 293      BA7AB134 
 293      FF9B515A 
 293      1AA1EFCA 
 294 0310 6555AB96 		.ascii	"eU\253\226UFf-_\261x\305\274\212\310\352\265\221\345"
 294      5546662D 
 294      5FB178C5 
 294      BC8AC8EA 
 294      B591E5
 295 0323 8B2A236B 		.ascii	"\213*#kVW\255[\033\251X0w\332\324\310\2349\263#\363"
 295      5657AD5B 
 295      1BA95830 
 295      77DAD4C8 
 295      9C39B323 
 296 0338 17CC5A3F 		.ascii	"\027\314Z?\205w\026V\255[\262\260\262ri\351\022\361"
 296      85771656 
 296      AD5BB2B0 
 296      B27269E9 
 296      12F1
 297 034a 1D131EED 		.ascii	"\035\023\036\355\363"
 297      F3
 298              		.text
 299              		.section	.gnu.lto_rtc_lld_set_alarm.1b52db1c57ca6576,"e",%progbits
 300 0000 789C9D55 		.ascii	"x\234\235U]LTG\024\236s\347\376\001\273\260@h$&\015"
 300      5D4C5447 
 300      149E73E7 
 300      FE01BBB0 
 300      40682426 
 301 0015 0F4D8849 		.ascii	"\017M\210Iei\373\342\243\015}\360\201\246I\261\317\004"
 301      6569FBE2 
 301      A30D7DF0 
 301      81A649B1 
 301      CF04
 302 0027 2909A408 		.ascii	")\011\244\010d\241M\332\227^v\027i\3457M[\213v]Z\213"
 302      64A14DDA 
 302      975E7617 
 302      69E5374D 
 302      5B8B765D 
 303 003d E043A98D 		.ascii	"\340C\251\215\265jE\273\005\025\241\313O)\212\240\002"
 303      B56A45BB 
 303      0515A1CB 
 303      4F298AA0 
 303      02
ARM GAS  /tmp/ccAo1GaJ.s 			page 24


 304 004e D58A40F9 		.ascii	"\325\212@\371\267Zc\015\333s\346^\026\026R\203\222\345"
 304      B75A630D 
 304      DB73E65E 
 304      16165283 
 304      92E5
 305 0060 64E69EBF 		.ascii	"d\346\236\277\357|\347\314\214\316\200U\351\214\325"
 305      EF7CE7CC 
 305      8CCE8055 
 305      E98CD5
 306 006f 32C6DEC7 		.ascii	"2\306\336\307\177\210b \031\206\261S+\327%\340\326\212"
 306      7F886220 
 306      1986B153 
 306      2BD725E0 
 306      D68A
 307 0081 4BFAC0C2 		.ascii	"K\372\300\302\243\035\262\021-\267\326Uh\262a\323-\335"
 307      A31DB211 
 307      2DB7D655 
 307      68B261D3 
 307      2DDD
 308 0093 ABB2A41C 		.ascii	"\253\262\244\034<1\361\"\252\324\211`C\"\252\024\320"
 308      3C31F122 
 308      AAD48960 
 308      4322AA14 
 308      D0
 309 00a4 2C3735BC 		.ascii	",75\274\322\000\304\312\320\201}(q]VT\015p\301\302\177"
 309      D200C4CA 
 309      D0817D28 
 309      715D5654 
 309      0D70C1C2 
 310 00b9 75FC0087 		.ascii	"u\374\000\207\366\312\2113\322\266f45\002\007\226\023"
 310      F6CA8933 
 310      D2B66634 
 310      35020796 
 310      13
 311 00ca F619155B 		.ascii	"\366\031\025[\374h\323\020\266\203\237`\033\332\215"
 311      FC68D310 
 311      B6839F60 
 311      1BDA8D
 312 00d9 BA7D0F6D 		.ascii	"\272}\017m\265\334\317\001d\334~\332\375CW4m%H\301\355"
 312      B5DCCF01 
 312      64DC7EDA 
 312      FD435734 
 312      6D2548C1 
 313 00ee B071A2CE 		.ascii	"\260q\242\316\3063\200\341\372\364\343\221~%\265\311"
 313      C63380E1 
 313      FAF4E391 
 313      7E25B5C9 
 314 00fe 30DC46E0 		.ascii	"0\334F\340\3067\334x\301\3179\234\003\216!\241\015\266"
 314      C637DC78 
 314      C1CF399C 
 314      038E21A1 
 314      0DB6
 315 0110 C259D8CA 		.ascii	"\302Y\330\312\030~\303\320\347!\025\035jn\205<1|\227"
 315      187EC3D0 
 315      E721151D 
 315      6A6E853C 
 315      317C97
ARM GAS  /tmp/ccAo1GaJ.s 			page 25


 316 0123 701EDADF 		.ascii	"p\036\332\337\321\025m9\267g\0364\002\262\237\313\360"
 316      D1156D39 
 316      B7671E34 
 316      02B29FCB 
 316      F0
 317 0134 F3066F19 		.ascii	"\363\006o\031\275\003\302\373B\353\342U\215\277%\274"
 317      BD03C2FB 
 317      42EBE255 
 317      8DBF25BC 
 318 0144 0F0FFFBB 		.ascii	"\017\017\377\273\010\226wo\320\321\3441v\371\271\002"
 318      0896776F 
 318      D0D1E431 
 318      76F9B902 
 319 0154 BF6C7057 		.ascii	"\277lpW\320\275\035R\0319\335\372~\3713\273*[%C\007"
 319      D0BD1D52 
 319      1939DDFA 
 319      7EF933BB 
 319      2A5B2543 
 320 0169 A8D820C6 		.ascii	"\250\330 \306\276\033P\002\306r\250\022\2138\012\327"
 320      BE1B5002 
 320      C672A812 
 320      8B380AD7 
 321 0179 B39201DD 		.ascii	"\263\222\001\335T\211\004G\241\311$\220c\214\242\003"
 321      54890447 
 321      A1C92490 
 321      638CA203 
 322 0189 15622755 		.ascii	"\025b'U,\2118\022\016\022\361$\022H$\222H\"\301X\025"
 322      2C893812 
 322      0E12F124 
 322      12482492 
 322      4822C158 
 323 019e 670B8F5A 		.ascii	"g\013\217Zv\200\021`\254\232Kb\355\301\365\014x\306"
 323      76801160 
 323      AC9A4B62 
 323      EDC1F50C 
 323      78C6
 324 01b0 43358377 		.ascii	"C5\203w\373!\002\025\201\011\177\360R\243\306\253z\243"
 324      FB210215 
 324      81097FF0 
 324      52A3C6AB 
 324      7AA3
 325 01c2 920552A1 		.ascii	"\222\005R\241]c\015\027A\205\013X\001\203K\240\372x"
 325      5D630D17 
 325      41850B58 
 325      01834BA0 
 325      FA78
 326 01d4 3CEA7C2D 		.ascii	"<\352|-\301P\224\027\334\345\272\237\353\015\330\260"
 326      C1509417 
 326      DCE5BA9F 
 326      EB0DD8B0 
 327 01e4 8B546127 		.ascii	"\213Ta'x\251\242(F\030h\260\014Y\200\230\206\366\266"
 327      78A9A228 
 327      461868B0 
 327      0C598098 
 327      86F6B6
 328 01f7 A92F3BB4 		.ascii	"\251/;\264\010\010\234\255cJ\336\200\251\361\366QnA"
 328      08089CAD 
ARM GAS  /tmp/ccAo1GaJ.s 			page 26


 328      634ADE80 
 328      A9F1F651 
 328      6E41
 329 0209 92232175 		.ascii	"\222#!u#\244.\202\264\316a\312\316\340W\262\347\221"
 329      23A42E82 
 329      B4CE61CA 
 329      CEE057B2 
 329      E791
 330 021b F641B4BF 		.ascii	"\366A\264\277,J\350\241\022\354\250\253\365\314\217"
 330      2C4AE8A1 
 330      12ECA8AB 
 330      F5CC8F
 331 022a EA346D9A 		.ascii	"\3524m\232h\363\203\272\263\001nn\215~\004\216\237\272"
 331      68F383BA 
 331      B3016E6E 
 331      8D7E048E 
 331      9FBA
 332 023c EB7DC7E5 		.ascii	"\353}\307\345&8\002~\036\015}\330\350^j4*\372.U\037"
 332      2638027E 
 332      1E0D7DD8 
 332      E85E6A34 
 332      2AFA2E55 
 333 0251 8E4B6F35 		.ascii	"\216Ko5\274\345F\343\275\352\347\375<\006\372\241\011"
 333      BCE546E3 
 333      BDEAE7FD 
 333      3C06FAA1 
 333      09
 334 0262 BEA0F10B 		.ascii	"\276\240\361\013\022\021\277A:\026\355\371\274\262K"
 334      1211BF41 
 334      3A16EDF9 
 334      BCB24B
 335 0271 3113C69A 		.ascii	"1\023\306\2329\303\023\256B\012\014`\264;\340\035\353"
 335      39C313AE 
 335      420A0C60 
 335      B43BE01D 
 335      EB
 336 0282 08826584 		.ascii	"\010\202e\204\026\235\363\263\203`Z0\370\235\3621j\256"
 336      169DF3B3 
 336      83605A30 
 336      F89DF231 
 336      6AAE
 337 0294 5E5731D4 		.ascii	"^W1\324\211\307\004y\225\027Wz+h=\353\321\250b\037\217"
 337      89C70479 
 337      9517577A 
 337      2B683DEB 
 337      D1A8621F 
 338 02a9 DB146220 		.ascii	"\333\024b \260\203+`\273\011\354\025\023\354'\225`\006"
 338      B0832B60 
 338      BB09EC15 
 338      13EC2795 
 338      6006
 339 02bb 7298B1BE 		.ascii	"r\230\261\276\272\322\357\266\2208\340*\306\301t\243"
 339      BAD2EFB6 
 339      9038E02A 
 339      C6C174A3 
 340 02cb FB85CDE6 		.ascii	"\373\205\315\3463\015Ed\272\006\351\030\236\212\236"
 340      330D4564 
ARM GAS  /tmp/ccAo1GaJ.s 			page 27


 340      BA06E918 
 340      9E8A9E
 341 02da ECE8EDB1 		.ascii	"\354\350\355\261Qg}\\[\333\013\005\253\036\266\252\256"
 341      51677D5C 
 341      5BDB0B05 
 341      AB1EB6AA 
 341      AE
 342 02eb E6CAE4D7 		.ascii	"\346\312\344\327?\246Z\245\272\333\246F\246\2363]h\226"
 342      3FA65AA5 
 342      BADBA646 
 342      A69E335D 
 342      6896
 343 02fd 0323C787 		.ascii	"\003#\307\207c\021@9\266=\305\317m\030\310\364D]\353"
 343      63114039 
 343      B63DC5CF 
 343      6D18C8F4 
 343      445DEB
 344 0310 A9E63E3B 		.ascii	"\251\346>;b\250\027*;\214\010\0244\363p\335,\366\361"
 344      62A8172A 
 344      3B8C0814 
 344      34F370DD 
 344      2CF6F1
 345 0323 BE2EBB19 		.ascii	"\276.\273\031K2\303\205\253\215\305jo\210j\335m]\311"
 345      4B32C385 
 345      AB8DC56A 
 345      6F886ADD 
 345      6D5DC9
 346 0336 A60D5F0B 		.ascii	"\246\015_\013\221\213qY\227>\316\307u\270i\245/\367"
 346      918B7159 
 346      973ECEC7 
 346      75B869A5 
 346      2FF7
 347 0348 8F9D5631 		.ascii	"\217\235V1\275\251\322`T\244\227(\375\230H\217<\016"
 347      BDA9D260 
 347      54A49728 
 347      FD98488F 
 347      3C0E
 348 035a 2B147A5D 		.ascii	"+\024z]\240\306\017\360\364Dc\2760\233\276\232C\023"
 348      A0C60FF0 
 348      F44463BE 
 348      309BBE9A 
 348      4313
 349 036c DC9CB414 		.ascii	"\334\234\264\024\342s\\\204\242\243\003\177\020\231"
 349      E2735C84 
 349      A2A3037F 
 349      1099
 350 037a 9218338D 		.ascii	"\222\0303\215\371x\222Y\307\221\223\337\266\304\231"
 350      F9789259 
 350      C79193DF 
 350      B6C499
 351 0389 5D0B85F0 		.ascii	"]\013\205\360\000\254\364\355\334\241\223\360L\031o"
 351      00ACF4ED 
 351      DCA193F0 
 351      4C196F
 352 0398 8B8C7436 		.ascii	"\213\214t6\341O\312\230$:\243~tm\311\261\332\231\321"
 352      E14FCA98 
 352      243AA37E 
ARM GAS  /tmp/ccAo1GaJ.s 			page 28


 352      746DC9B1 
 352      DA99D1
 353 03ab 63AAC994 		.ascii	"c\252\311\224\374\224\324\334Y\245f\302\244f\351\362"
 353      FC94D4DC 
 353      59A566C2 
 353      A466E9F2 
 354 03bb F627E094 		.ascii	"\366'\340\224\377\027\347\335Uf&!}m\303bp\246\246L\036"
 354      FF17E7DD 
 354      55662621 
 354      7D6DC362 
 354      70A6A64C 
 355 03d0 9626C78E 		.ascii	"\226&\307\216\305<S\370\351U\032\376\202t\021\217x\320"
 355      C53C53F8 
 355      E9551AFE 
 355      8274118F 
 355      78D0
 356 03e2 220F638F 		.ascii	"\"\017c\217'\362\216S6^i\315\315+W\232\022yE\315\342"
 356      27F28E53 
 356      365E69CD 
 356      CD2B579A 
 356      127945CD 
 357 03f7 153523AE 		.ascii	"\0255#\256\2509b2a\363\207l~\345\220\315\322![X\271"
 357      A8396232 
 357      61F3876C 
 357      7EE590CD 
 357      D2215B58 
 358 040c 7B6E9E29 		.ascii	"{n\236)1C%\232\321\352\032&\037\312\346h\314\207B\241"
 358      3143259A 
 358      D1EA1A26 
 358      1FCAE668 
 358      CC8742A1 
 359 0420 38585C3D 		.ascii	"8X\\=\324sOs\250\227\"\362\335\243\251H\304\207\306"
 359      D4734F73 
 359      A89722F2 
 359      DDA3A948 
 359      C487C6
 360 0433 8B0F4DFD 		.ascii	"\213\017M\375\364\226\010\002\324\215\357\314\3073Q"
 360      F4960802 
 360      D48DEFCC 
 360      C73351
 361 0442 16016A24 		.ascii	"\026\001j$\001\367\221\200\277\005\001\017P\256{d\034"
 361      01F79180 
 361      BF05010F 
 361      50AE7B64 
 361      1C
 362 0453 0D382DF7 		.ascii	"\0158-\367)\337?\364\310\340+\344\347\361l\016\334\215"
 362      29DF3FF4 
 362      C8E02BE4 
 362      E7F16C0E 
 362      DC8D
 363 0465 A79AC560 		.ascii	"\247\232\305`[\027%\210\206\270\003\264\333\231\226"
 363      5B172588 
 363      86B803B4 
 363      DB9996
 364 0474 E6C4DF3B 		.ascii	"\346\304\337;y\256\242\274BgF~\301\236\2027\262\234"
 364      79AEA2BC 
 364      4267467E 
ARM GAS  /tmp/ccAo1GaJ.s 			page 29


 364      C19E8237 
 364      B29C
 365 0486 C5A5CEFC 		.ascii	"\305\245\316\374\234BgI\261\253\254\324\231\265\373"
 365      9C426749 
 365      B1ABACD4 
 365      99B5FB
 366 0495 F5575E76 		.ascii	"\365W^vff\276\346|sw\306{/\221&\333U\226\233]X\370v"
 366      6666BEE6 
 366      7C7377C6 
 366      7B2F9126 
 366      DB55969B 
 367 04ad 5A2E9371 		.ascii	"Z.\223qYb\313)\314q\355\315.zw\357\236<W\224\330\224"
 367      5962CB29 
 367      CC71EDCD 
 367      2E7A77EF 
 367      9E3C5794 
 368 04c3 96E4E53A 		.ascii	"\226\344\345:\237\024\274\270\024\205\253l{Q\201\271"
 368      9F14BCB8 
 368      1485AB6C 
 368      7B5181B9 
 369 04d3 4ECB67FF 		.ascii	"N\313g\377\0011D\374^"
 369      013144FC 
 369      5E
 370              		.text
 371              		.section	.gnu.lto_rtc_lld_get_alarm.1b52db1c57ca6576,"e",%progbits
 372 0000 789C9554 		.ascii	"x\234\225TMlTU\024\276\347\235\373f^g\246\024\023c0"
 372      4D6C5455 
 372      14BEE79D 
 372      FB665E67 
 372      A6141363 
 373 0015 24A60B93 		.ascii	"$\246\013\223\206\205}\0257,1uA\014F\"h\3345\2456i\343"
 373      86857D15 
 373      372C3175 
 373      410C4622 
 373      68DC35A5 
 374 002c D036D3EA 		.ascii	"\3206\323\352\306\205w~\332\012\264\035\026\362Sqx5"
 374      C685777E 
 374      DA0AB41D 
 374      16F25371 
 374      7835
 375 003e D0D804AD 		.ascii	"\320\330\004\255\030\\\240T\373h\201:\245\310X\013e"
 375      185CA054 
 375      FB68813A 
 375      A5C8580B 
 375      65
 376 004f 2AB48444 		.ascii	"*\264\204D\014\015\012\335\020R\010\3439\367=\233\016"
 376      0C0D0ADD 
 376      105208E3 
 376      39F73D9B 
 376      0E
 377 0060 434C9CCC 		.ascii	"CL\234\314\234\234{\317\317\367\235\237;\226\000\261"
 377      9C9C7BCF 
 377      CFF79D9F 
 377      3B9600B1 
 378 0070 D114A24F 		.ascii	"\321\024\242O\010\261\215~\020\020`(\2456\007\343\226"
 378      08B18D7E 
 378      10106028 
ARM GAS  /tmp/ccAo1GaJ.s 			page 30


 378      A53607E3 
 378      96
 379 0081 01E86B68 		.ascii	"\001\350kh\230\323\367\2267I\025\222\303\351\316\240"
 379      98D3F796 
 379      37491592 
 379      C3E9CEA0 
 380 0091 5411D3B7 		.ascii	"T\021\323\267\275*\001\264\242,\020\037\033hJ )V>i<"
 380      BD2A01B4 
 380      A22C101F 
 380      1B684A20 
 380      29563E69 
 381 00a6 8830D67D 		.ascii	"\2100\326}\353{c\303\227\344\247\334\203\207\236\353"
 381      EB7B63C3 
 381      97E4A7DC 
 381      83879EEB 
 382 00b6 529DEB1C 		.ascii	"R\235\353\034\362\351_\361\203\037`\003\371\315'2\017"
 382      F2E95FF1 
 382      831F6003 
 382      F9CD2732 
 382      0F
 383 00c7 227DE820 		.ascii	"\"}\350 \200\244\343\247\223\337eC|4\240\222\216yu2"
 383      80A4E3A7 
 383      93DF6543 
 383      7C34A092 
 383      8E797532 
 384 00db 1DC15A10 		.ascii	"\035\301Z\020\244\237z4\2273\253\006\225J(\367\3321"
 384      A49F7A34 
 384      9733AB06 
 384      954A28F7 
 384      DA31
 385 00ed 542F3A88 		.ascii	"T/:\210\360# \245\204\021X\017\247a\275\020tG\251\177"
 385      F02320A5 
 385      8411580F 
 385      A761BD10 
 385      7447A97F 
 386 0101 822A0AE8 		.ascii	"\202*\012\350\275YH\206q\213\016\236\3353\236\015\371"
 386      BD594886 
 386      718B0E9E 
 386      DD339E0D 
 386      F9
 387 0112 C18BEF7E 		.ascii	"\301\213\357~\246\\\351\240\204\321\222hI\321\256\216"
 387      A65CE9A0 
 387      84D19268 
 387      49D1AE8E 
 388 0122 3E3BBC74 		.ascii	">;\274t%\210o\353\350#\371\207K\340G\337\277\372\354"
 388      25886FEB 
 388      E823F987 
 388      4BE047DF 
 388      BFFAEC
 389 0135 B1A4DAE2 		.ascii	"\261\244\332\342\240\011gJ\302\251\2530\006U\202\203"
 389      A009674A 
 389      C2A9AB30 
 389      06558283 
 390 0145 6E7EFB78 		.ascii	"n~\373x\177y@\372%\3038\267\231\224o\246MW=.t+\367\316"
 390      7F7940FA 
 390      25C338B7 
 390      99946FA6 
ARM GAS  /tmp/ccAo1GaJ.s 			page 31


 390      4D573D2E 
 391 015d 20E4DFA9 		.ascii	" \344\337\251\000\012\013\030$\202\310B\2620Y\004\201"
 391      000A0B18 
 391      2482C842 
 391      B2305904 
 391      81
 392 016e EBB08013 		.ascii	"\353\260\200\023\206\370\"\314\"\302B\210\275(\356-"
 392      86F822CC 
 392      22C24288 
 392      BD28EE2D 
 393 017e 0F6D02E5 		.ascii	"\017m\002\345\012\321\203\206\326\223\244\337\201\344"
 393      0AD18386 
 393      D693A4DF 
 393      81E4
 394 018c 8D42EFCC 		.ascii	"\215B\357\314\2379(b\300\300+\027)\036\312\215\275\207"
 394      9F392862 
 394      C0C02B17 
 394      291ECA8D 
 394      BD87
 395 019e C3CF6B56 		.ascii	"\303\317kV\332\272\312\033\316A\000\316\022[\001\347"
 395      DABACA1B 
 395      CE4100CE 
 395      125B01E7 
 396 01ae 2190C108 		.ascii	"!\220\301\010\3312CS\205\262\024$\342\226\203V?\015"
 396      D9324353 
 396      85B21424 
 396      E2968356 
 396      3F0D
 397 01c0 E71C5733 		.ascii	"\347\034W3\001)f_&\230\003\357\206\222\232\304\"\214"
 397      0129665F 
 397      269803EF 
 397      86929AC4 
 397      228C
 398 01d2 8DDCFE64 		.ascii	"\215\334\376d<XD\001K(\014<\374\012}\006X\314 K\014"
 398      3C584401 
 398      4B280C3C 
 398      FC0A7D06 
 398      58CC204B 
 399 01e7 7ED60C26 		.ascii	"~\326\014&\231A\210l}\311\273\363\026/F@O\344~\372\264"
 399      9941886C 
 399      7DC9BBF3 
 399      162F4640 
 399      4FE47EFA 
 400 01fc 8BDE51E5 		.ascii	"\213\336Q\345\010\227\256&\367eN\310A8\012\016\206`"
 400      0897AE26 
 400      F7654EC8 
 400      41380A0E 
 400      8660
 401 020e 8A667281 		.ascii	"\212fr\201gB\206K\347{\216T\324\014\253T\\\015\034\355"
 401      6742864B 
 401      E77B8E54 
 401      D40CAB54 
 401      5C0D1CED 
 402 0222 79C1C130 		.ascii	"y\301\3010\\\204A8\304\233\222\345:~\201\032\342\234"
 402      5C844138 
 402      C49B92E5 
 402      3A7E811A 
ARM GAS  /tmp/ccAo1GaJ.s 			page 32


 402      E29C
 403 0234 3CD09D35 		.ascii	"<\320\2355=\300\260\2079Z80*\031$\010\026\\\242l\177"
 403      3DC0B087 
 403      395A3830 
 403      2A192408 
 403      165CA26C 
 404 0249 406A617C 		.ascii	"@ja|\012|'\362\230\270\373\327\014x\036\002r\214'x6"
 404      0A7C27F2 
 404      98B8FBD7 
 404      0C781E02 
 404      728C2778 
 405 025e 66BA7376 		.ascii	"f\272sv\2026\232\332\"\227\376\035\315\"$Fn\017\035"
 405      82369ADA 
 405      2297FE1D 
 405      CD222446 
 405      6E0F1D
 406 0271 AFE08A33 		.ascii	"\257\340\2123\010\253kB]\223;w\"\277\206\012\210So*"
 406      08AB6B42 
 406      5D933B77 
 406      22BF860A 
 406      88536F2A 
 407 0285 1D8C6428 		.ascii	"\035\214d(\353\257~\015qg\341T\200j\360L\001\230\326"
 407      EBAF7E0D 
 407      7167E154 
 407      806AF04C 
 407      0198D6
 408 0298 05F058E1 		.ascii	"\005\360X\3417\315~l$\373\272\227\331(M\025\"\274\225"
 408      37CD7E6C 
 408      24FBBA97 
 408      D9284D15 
 408      22BC95
 409 02ab 76647A0F 		.ascii	"vdz\017\337B\257\035\225\334\213\031\235\312\340T\227"
 409      DF42AF1D 
 409      95DC8B19 
 409      9DCAE054 
 409      97
 410 02bc BD462C77 		.ascii	"\275F,w\365\207\275\\\350\245\373\342r.\241\313,\207"
 410      F587BD5C 
 410      E8A5FBE2 
 410      722EA1CB 
 410      2C87
 411 02ce B57085F2 		.ascii	"\265p\205\362h\274\217<\037\371?\361f5\036\257\003\\"
 411      68BC8F3C 
 411      1FF93FF1 
 411      66351EAF 
 411      035C
 412 02e0 F5F03EEF 		.ascii	"\365\360>\357\332]\356\34525\244\344^\315\357\311\233"
 412      DA5DEEE5 
 412      3235A4E4 
 412      5ECDEFC9 
 412      9B
 413 02f1 7CB9BA4F 		.ascii	"|\271\272OfI\237\006b\264\200k2hA\376\251\235\252\200"
 413      66499F06 
 413      62B4806B 
 413      326841FE 
 413      A99DAA80 
 414 0305 390D2719 		.ascii	"9\015'\031\356w\250!\010z#)z#\373\026\327\025\355\247"
ARM GAS  /tmp/ccAo1GaJ.s 			page 33


 414      EE77A821 
 414      087A2329 
 414      7A23FB16 
 414      D715EDA7 
 415 0319 2C7D22BB 		.ascii	",}\"\273\217\207\375\375\224\305\373y\235\366\363\232"
 415      8F87FDFD 
 415      94C5FB79 
 415      9DF6F39A 
 416 0329 DECF7992 		.ascii	"\336\317y\222O\274\217\265\375\304\363:\357\325\002"
 416      4FBC8FB5 
 416      FDC4F33A 
 416      EFD502
 417 0338 BF0F7A40 		.ascii	"\277\017z@\016>#\376\206\304\300\311\257A\377\015xK"
 417      0E3E23FE 
 417      86C4C0C9 
 417      AF41FF0D 
 417      784B
 418 034a 027A3312 		.ascii	"\002z3\022.\2376WW\333\364}\2771\326\322\030\265k\233"
 418      2E9F3657 
 418      57DBF47D 
 418      BF31D6D2 
 418      18B56B9B 
 419 035e 9A7736BF 		.ascii	"\232w6\277\271\335nm\267\233\352\243v[k\254\243\335"
 419      B9DD6E6D 
 419      B79BEAA3 
 419      765B6BAC 
 419      A3DD
 420 0370 DEBEE38D 		.ascii	"\336\276\343\215W6\332[\267\276f\277\265\243\366\303"
 420      5736DA5B 
 420      B7BE66BF 
 420      B5A3F6C3 
 421 0380 97D95217 		.ascii	"\227\331R\027\353h\250\213F\337\253n\020\222\324\266"
 421      EB68A88B 
 421      46DFAB6E 
 421      1092D4B6 
 422 0390 487DB43E 		.ascii	"H}\264>\266\253\256\345\203];\033ce\372\320\336\326"
 422      B6ABAEE5 
 422      835D3B1B 
 422      6365FAD0 
 422      DED6
 423 03a2 D860FF57 		.ascii	"\330`\377W\362\326v\022\261\216\227Z\232=\275\272I\374"
 423      F2D67612 
 423      B18E975A 
 423      9A3DBDBA 
 423      49FC
 424 03b4 035B72DE 		.ascii	"\003[r\336\245"
 424      A5
 425              		.text
 426              		.section	.gnu.lto_rtc_lld_set_callback.1b52db1c57ca6576,"e",%progbits
 427 0000 789C9554 		.ascii	"x\234\225T]L\\U\020>s\317\375\333\275[hk\214\230&\206"
 427      5D4C5C55 
 427      103E73CF 
 427      FDDBBD5B 
 427      686B8C98 
 428 0016 0713D204 		.ascii	"\007\023\322\004\331U_\372\330\006\037L\2541\261M|l"
 428      D9555FFA 
 428      D8061F4C 
ARM GAS  /tmp/ccAo1GaJ.s 			page 34


 428      AC31B14D 
 428      7C6C
 429 0028 28D640BA 		.ascii	"(\326@\272)\015\020\037|\351\335e\221\350\322\322\032"
 429      290D101F 
 429      7CE9DD65 
 429      91E8D2D2 
 429      1A
 430 0039 B5527B5D 		.ascii	"\265R{]\022\245P\215PScj\213\355\226U(HeE\264\262\205"
 430      12A5508D 
 430      5053636A 
 430      8BED9655 
 430      28486545 
 431 0050 05B1DDB2 		.ascii	"\005\261\335\262\213\330v\375I\333\030\3269\347\036"
 431      8BD876FD 
 431      49DB18D6 
 431      39E71E
 432 005f F6070A5A 		.ascii	"\366\007\012Z\262\234\234\237\231of\276\371\356\350"
 432      B29C9C9F 
 432      996F66BE 
 432      F9EEE8
 433 006e 04C8731A 		.ascii	"\004\310s\032!&!\344\023\374\007\027\001\3114\315\255"
 433      212621E4 
 433      13FC0717 
 433      01C934CD 
 433      AD
 434 007f 9A4F9724 		.ascii	"\232O\227$z\354t\242\\6\235\216\304H\373C\262\351\242"
 434      7AEC74A2 
 434      5C369D8E 
 434      C448FB43 
 434      B2E9A2
 435 0092 208B3759 		.ascii	" \2137Yr\216\335\272\267\005\337\224\236\266f\015\337"
 435      728EDDBA 
 435      B705DF94 
 435      9EB6660D 
 435      DF
 436 00a3 9CE26D9B 		.ascii	"\234\342m\233\002\2720r\200\312w\240J\206\260\326\204"
 436      02BA3072 
 436      80CA77A0 
 436      4A86B0D6 
 436      84
 437 00b4 B5219EB6 		.ascii	"\265!\236\266iYk\035\200\357L\035\310\001\211\312N\305"
 437      69596B1D 
 437      80EF4C1D 
 437      C80189CA 
 437      4EC5
 438 00c6 A11A9A0E 		.ascii	"\241\032\232\016\007\250L\262\177jn\333F\217R\350oI"
 438      07A84CB2 
 438      7F6A6EDB 
 438      468F52E8 
 438      6F49
 439 00d8 7C296DEE 		.ascii	"|)m\356BG3|\364\255G^7\233KB\224\220v\272d\005ga3\332"
 439      4247337C 
 439      F4AD475E 
 439      379B4B42 
 439      949076BA 
 440 00f2 C5FDD61D 		.ascii	"\305\375\326\035\327!\032\242\0002\036\337\036\376|"
 440      D7211AA2 
ARM GAS  /tmp/ccAo1GaJ.s 			page 35


 440      00321EDF 
 440      1EFE7C
 441 0101 C8C98E12 		.ascii	"\310\311\216\022\224\342q\302<\335\346\242\225@p\177"
 441      94E271C2 
 441      3CDDE6A2 
 441      9540707F 
 442 0111 E69F5854 		.ascii	"\346\237XT)\3534M\277\031\376\363#j>\036\242\024\276"
 442      29EB344D 
 442      BF19FEF3 
 442      236A3E1E 
 442      A214BE
 443 0124 028A90D0 		.ascii	"\002\212\220\320\007\233\340\034l\"\004\357\020\372"
 443      079BE01C 
 443      6C2204EF 
 443      10FA
 444 0132 3C94A1C3 		.ascii	"<\224\241\303\374\307\261\361\"\372,w\276\235NL;\204"
 444      FCC7B1F1 
 444      22FA2C77 
 444      BE9D4E4C 
 444      3B84
 445 0144 F3B513DC 		.ascii	"\363\265\023\334Y\206\013+\234\261 \010C\031a.\263\237"
 445      59860B2B 
 445      9CB12008 
 445      4319612E 
 445      B39F
 446 0156 2DBEB34E 		.ascii	"-\276\263N\225E\312p\021Tl\011!\275cJ\330\\\314\264"
 446      9545CA70 
 446      11546C09 
 446      21BD634A 
 446      D85CCCB4 
 447 016a 60125DF0 		.ascii	"`\022]\360\327K\017\003\272)\022.*e\213\314\216\032"
 447      D74B0F03 
 447      BA29122E 
 447      2A658BCC 
 447      8E1A
 448 017c 3014E40D 		.ascii	"0\024\344\015\023)b\267\305lY\317\226\015l\331\310\026"
 448      132962B7 
 448      C56C59CF 
 448      960D6CD9 
 448      C816
 449 018e 42829424 		.ascii	"B\202\224$/\236\215\0220\303\204\264R\311>4\341\341"
 449      2F9E8D12 
 449      30C384B4 
 449      52C93E34 
 449      E1E1
 450 01a0 37689AE9 		.ascii	"7h\232\351:8~#\012\005\211\260\370\331\213\000\343v"
 450      3A387E23 
 450      0A0589B0 
 450      F8D98B00 
 450      E376
 451 01b2 2678D978 		.ascii	"&x\331x\224'\307_\363\254!\002*\364c\322\004\276\006"
 451      9427C75F 
 451      F3AC2102 
 451      2AF463D2 
 451      04BE06
 452 01c5 D5A245F8 		.ascii	"\325\242E\370fu\217d\034\001\360\373\364\020\325\332"
 452      66758F64 
ARM GAS  /tmp/ccAo1GaJ.s 			page 36


 452      1C01F0FB 
 452      F410D5DA 
 453 01d5 91E3082B 		.ascii	"\221\343\010+\352\033\010\260\"tr\035\002s\221\305I"
 453      EA1B08B0 
 453      2274721D 
 453      027391C5 
 453      49
 454 01e6 1783B3A8 		.ascii	"\027\203\263\250\206\016\207\232n\306u\326\016\031\010"
 454      860E879A 
 454      6EC675D6 
 454      0E1908
 455 01f5 0C308E08 		.ascii	"\0140\216\010\313\224\336\272\327\275\205'\232\002\377"
 455      CB94DEBA 
 455      D7BD8527 
 455      9A02FF
 456 0204 B1642C68 		.ascii	"\261d,h0\227|{\312Y\017\307NM\024u\302\207>\314\264"
 456      30977C7B 
 456      CA590FC7 
 456      4E4D1475 
 456      C2873ECC 
 457 0219 E3158CE1 		.ascii	"\343\025\214\341\260\250\016\203\014\007_}\241\3513"
 457      B0A80E83 
 457      0C075F7D 
 457      A1E933
 458 0228 AAA78795 		.ascii	"\252\247\207\225Q\312\"\\\202Nx\317&{\010<\230\000\217"
 458      51CA225C 
 458      824E78CF 
 458      267B083C 
 458      98008F
 459 023b C5C46BCA 		.ascii	"\305\304k\312\"X\177_\362xD+\340\204\256\340\244\343"
 459      22587F5F 
 459      F278442B 
 459      E084AEE0 
 459      A4E3
 460 024d 8F1E4550 		.ascii	"\217\036EPB\013)\371\026)\031\346\224\214\260\012\213"
 460      420B29F9 
 460      162919E6 
 460      948CB00A 
 460      8B
 461 025e F3335678 		.ascii	"\3633Vx\306\177\267\235\013S\373hF1.^\015\037\266N\311"
 461      C67FB79D 
 461      0B53FB68 
 461      46312E5E 
 461      0D1FB64E 
 462 0273 580484A8 		.ascii	"X\004\204\250\023\276C\255\\\026\371\217\016\264~P\214"
 462      13BE43AD 
 462      5C16F98F 
 462      0EB47E50 
 462      8C
 463 0284 F9077C18 		.ascii	"\371\007|\030\262\365\261\0205`\224\227\000<\022\201"
 463      B2F5B110 
 463      35609497 
 463      003C1281 
 464 0294 287830E7 		.ascii	"(x0\347\246w[\206\024;\340z;fV\344*\224\302\367\210"
 464      A6775B86 
 464      143BE07A 
 464      3B6656E4 
ARM GAS  /tmp/ccAo1GaJ.s 			page 37


 464      2A94C2F7 
 465 02a9 86C44F47 		.ascii	"\206\304OGF@\030\241\305\340\315\205q\260-\010\214\011"
 465      464018A1 
 465      C5E0CD85 
 465      71B02D08 
 465      8C09
 466 02bb DE83D479 		.ascii	"\336\203\324y\244\371\312 ~)H\213r;\257\005}'\247\014"
 466      A4F9CA20 
 466      7E29488B 
 466      723BAF05 
 466      7D27A70C 
 467 02cf BB69B08C 		.ascii	"\273i\260\214\365\32259W\340\007\236\260\3048\037\347"
 467      F5D23539 
 467      57E0079E 
 467      B0C4381F 
 467      E7
 468 02e0 D9F6F70D 		.ascii	"\331\366\367\015\225\333P\322J('\006\310\226o\035|?"
 468      95DB50D2 
 468      4A282706 
 468      C8966F1D 
 468      7C3F
 469 02f2 4159F9C0 		.ascii	"AY\371\300*\377QT\216@?-\225\0156\020\265\261&G?\265"
 469      2AFF5154 
 469      8E403F2D 
 469      950D3610 
 469      B5B12647 
 470 0308 0CBBA63B 		.ascii	"\014\273\246;\231L\246\030\256 \020\006\214\277\011"
 470      994CA618 
 470      AE201006 
 470      8CBF09
 471 0317 423DFF3F 		.ascii	"B=\377?\332\317\271h\023L*\224\001\245\273\343\306}"
 471      DACFB968 
 471      134C2A94 
 471      01A5BBE3 
 471      C67D
 472 0329 903A5E23 		.ascii	"\220:^#\253a\371X\030\003b\034\215\011\011\256\202\007"
 472      AB61F958 
 472      1803621C 
 472      8D0909AE 
 472      8207
 473 033b 0DD22DD6 		.ascii	"\015\322-\326y\256\002\0034\230\344\364\007\251\343"
 473      79AE0203 
 473      3498E4F4 
 473      07A9E3
 474 034a EEC09112 		.ascii	"\356\300\221\022\316\275:\271\360\305U\310J\362\344"
 474      CEBD3AB9 
 474      F0C555C8 
 474      4AF2E4
 475 0359 71BA4C80 		.ascii	"q\272L\200]\275\253\010p*+\3008cf\303\003\312kzI^SL"
 475      5DBDAB08 
 475      702A2BC0 
 475      386366C3 
 475      03CA6B7A 
 476 0371 5E3379F2 		.ascii	"^3y\362\342p\033\021\261@O\366m\236\200\214\331\023"
 476      E2701B11 
 476      B1404FF6 
 476      6D9E808C 
ARM GAS  /tmp/ccAo1GaJ.s 			page 38


 476      D913
 477 0383 9D11E045 		.ascii	"\235\021\340Eh\274\234\254\200RB@\362\003\012\350\227"
 477      68BC9CAC 
 477      80524240 
 477      F2030AE8 
 477      97
 478 0394 9C80666D 		.ascii	"\234\200fm\001\245/\225\257\321\005y\325.\374\232\353"
 478      01A52F95 
 478      AFD10579 
 478      D52EFC9A 
 478      EB
 479 03a5 C235DE85 		.ascii	"\3025\336\205\354\247i`\305\327\271X\374\351\271\205"
 479      ECA76960 
 479      C5D7B958 
 479      FCE9B985 
 480 03b5 E07D9BFC 		.ascii	"\340}\233\374\237\323%\221\233.7\300#\206Y+\325SyC7"
 480      9FD32591 
 480      9B2E37C0 
 480      2386592B 
 480      D5537943 
 481 03ca 8043F770 		.ascii	"\200C\367p\252\244`\276\310+g\356\033w\015\321^\271"
 481      AAA460BE 
 481      C82B67EE 
 481      1B770DD1 
 481      5EB9
 482 03dc B0BD496C 		.ascii	"\260\275Il\357\034oo\012\327e\003\327\325\216t%Y\343"
 482      EF1C6F6F 
 482      0AD76503 
 482      D7D58E74 
 482      2559E3
 483 03ef E6D9C0C5 		.ascii	"\346\331\300\305\211\034\242\353\310\357\340\357\230"
 483      891CA2EB 
 483      C8EFE0EF 
 483      98
 484 03fc EFE55F80 		.ascii	"\357\345_\200\350\021\330\031\371\303\354\270\265\242"
 484      E811D819 
 484      F9C3ECB8 
 484      B5A2
 485 040a C28DBFBD 		.ascii	"\302\215\277\275{\352\367\355\361\272+kjw\327\276\260"
 485      7BEAF7ED 
 485      F1BA2B6B 
 485      6A77D7BE 
 485      B0
 486 041b C35DD7E0 		.ascii	"\303]\327\340\256\251\362\272\367\327\32576\270w\354"
 486      AEA9F2BA 
 486      F7D7D537 
 486      36B877EC 
 487 042b 7CFEE9A7 		.ascii	"|\376\351\247\334\333\267?\343~qg\345\253O\262\227]"
 487      DCDBB73F 
 487      E37E7167 
 487      E5AB4FB2 
 487      975D
 488 043d F58DD5BB 		.ascii	"\365\215\325\273\274\336\227+\252\211\214\333\375zu"
 488      BCDE972B 
 488      AA898CDB 
 488      FD7A75
 489 044c 95D7BBBB 		.ascii	"\225\327\273\273\252z\257{-\270\272\006\\\352\033\237"
ARM GAS  /tmp/ccAo1GaJ.s 			page 39


 489      AA7AAF7B 
 489      2DB8BA06 
 489      5CEA1B9F 
 490 045c D8576BEF 		.ascii	"\330Wk\357+j\310\277\350j\2373"
 490      2B6AC8BF 
 490      E86A9F33 
 491              		.text
 492              		.section	.gnu.lto_rtcSTM32GetSecMsec.1b52db1c57ca6576,"e",%progbits
 493 0000 789C9555 		.ascii	"x\234\225U[L\224W\020>\363\237\177\377\375\367\306."
 493      5B4C9457 
 493      103EF39F 
 493      7FFFFDF7 
 493      C62E
 494 0012 A068A169 		.ascii	"\240h\241i\211\212\304\244e\325\276\3307\215}\350\203"
 494      898AC4A4 
 494      65D5BED8 
 494      378D7DE8 
 494      83
 495 0023 8D4935E9 		.ascii	"\215I5\351\243\261\324\006[\274\004\210\217\365\347"
 495      A3B1D406 
 495      5BBC0488 
 495      8FF5E7
 496 0032 2278E1F6 		.ascii	"\"x\341\366\320\252Xq\265\224\242I\343%\024\013*\272"
 496      D0AA5871 
 496      B594A249 
 496      E325140B 
 496      2ABA
 497 0044 156F5850 		.ascii	"\025oXP\274PE+X/\350*\212\027\274Q\003\2359\347\354"
 497      BC50452B 
 497      582FE82A 
 497      8A17BC51 
 497      039D39E7 
 498 0059 B2803185 		.ascii	"\262\2001\205\220\331s\3763\363\3157sf\346\230\014\330"
 498      90D973FE 
 498      33F3CD37 
 498      7366E698 
 498      0CD8
 499 006b 332763E5 		.ascii	"3'c\345\2141\016\214A,\003\315\262\254\331\366\\S\323"
 499      8C310E8C 
 499      412C03CD 
 499      B2ACD9F6 
 499      5C53D3
 500 007e F4D68A5A 		.ascii	"\364\326\212ZC\267\234\274\266\273\345c\335r\363\310"
 500      43B79CBC 
 500      B6BBE563 
 500      DD72F3C8 
 501 008e 179BFAA2 		.ascii	"\027\233\372\242\203Mi\333\300P+C\363\235\177\324?\013"
 501      834D69DB 
 501      C0502B43 
 501      F39D7FD4 
 501      3F0B
 502 00a0 B53CBBCB 		.ascii	"\265<\273\313\326\330Q\313\247\316\346x\300.\026`\327"
 502      D6D851CB 
 502      A7CEE678 
 502      C02E1660 
 502      D7
 503 00b1 BC4AC7AD 		.ascii	"\274J\307\255t\274\352h\216\033L\251cj1J\307\241tb\324"
ARM GAS  /tmp/ccAo1GaJ.s 			page 40


 503      74BCEA68 
 503      8E1B4CA9 
 503      636A314A 
 503      C7A17462 
 504 00c6 D11C87E6 		.ascii	"\321\034\207\346\334R\333\375\001\036\271\272[*\342"
 504      DC52DBFD 
 504      011EB9BA 
 504      5B2AE2
 505 00d5 F1C8092E 		.ascii	"\361\310\011.\345\336\005 V\226\011l\265\306u\233\341"
 505      E5DE0520 
 505      5696096C 
 505      B5C6759B 
 505      E1
 506 00e6 F3D8BD6E 		.ascii	"\363\330\275n3\306\341t\301j\335d\221?\373\320\322\030"
 506      33C6E174 
 506      C16ADD64 
 506      913FFBD0 
 506      D218
 507 00f8 5A96F14D 		.ascii	"Z\226\361M\034\216\026u7h\323j\020\310\012n\332\226"
 507      1C8E1675 
 507      3768D36A 
 507      10C80A6E 
 507      DA96
 508 010a 5868AD99 		.ascii	"Xh\255\231\030\340\214U\360\260\026\034\200i\250\327"
 508      18E08C55 
 508      F0B0161C 
 508      8069A8D7 
 509 011a 9957F9D2 		.ascii	"\231W\371\322]\312\003\034@\307\355\367\247\177kv\322"
 509      5DCA031C 
 509      40C7EDF7 
 509      A77F6B76 
 509      D2
 510 012b 568364DC 		.ascii	"V\203d\334vX\265en>\027\030\256\353__i\263\245V[V\236"
 510      7658B565 
 510      6E3E1718 
 510      AEEB5F5F 
 510      69B3A556 
 511 0142 15BCF533 		.ascii	"\025\274\3653\267\246\0048\207F\340\010\011\207 \011"
 511      B7A60438 
 511      8746E008 
 511      09872009 
 512 0152 0E421263 		.ascii	"\016B\022c\370\015\241\017C*\0324\324\005[\355\374S"
 512      F80DA10F 
 512      432A1A34 
 512      D4055BED 
 512      FC53
 513 0164 61DCD95B 		.ascii	"a\334\331[\322\344\016\033\377\"\214u82\312XG\343\240"
 513      D2E40E1B 
 513      FF228C75 
 513      3832CA58 
 513      47E3A0
 514 0177 30BE7675 		.ascii	"0\276vuW\273\203\317\027\306\273\012\272ore\3347q\213"
 514      57BB83CF 
 514      17C6BB0A 
 514      BA6F7265 
 514      DC37718B 
 515 018b 15D4C9FA 		.ascii	"\025\324\311\372\2177Z\037\205TF6\225{^\324\271\371"
ARM GAS  /tmp/ccAo1GaJ.s 			page 41


 515      8F375A1F 
 515      85544636 
 515      957B5ED4 
 515      B9F9
 516 019d 17C2FE54 		.ascii	"\027\302\376T\321\276[\356\224*a\177\"4qG\276u\312B"
 516      D1BE5BEE 
 516      942A617F 
 516      22347147 
 516      BE75CA42 
 517 01b1 081B348D 		.ascii	"\010\0334\215\200\240?\324\277\261o\340\007\217\241"
 517      80A03FD4 
 517      BFB16FE0 
 517      078FA1
 518 01c0 C3314851 		.ascii	"\3031HQ\011\203\343``\2411\215\276Uq\266\347\274-h\015"
 518      0983E360 
 518      60A1318D 
 518      BE5571B6 
 518      E7BC2D68 
 519 01d5 0C1659C1 		.ascii	"\014\026Y\301\201\214@\323\231\036m\032\240\177CCa\347"
 519      818C40D3 
 519      991E6D1A 
 519      A07F4343 
 519      61E7
 520 01e7 2474DADA 		.ascii	"$t\332\332he\220\260\2430M\024\016\007\011'#\034\027"
 520      686590B0 
 520      A3304D14 
 520      0E070927 
 520      231C17
 521 01fa 2DDD243C 		.ascii	"-\335$<$bHxI\370H\304\222\210#\021Ob\034\211\361$\022"
 521      24624878 
 521      49F848C4 
 521      92882311 
 521      4F621C89 
 522 0211 482402E5 		.ascii	"H$\002\345)\011(\325\357\013\264d\240\330'\321\341d"
 522      290928D5 
 522      EF0BB464 
 522      A0D827D1 
 522      E164
 523 0223 125348A4 		.ascii	"\022SH\244\220\230J\202\261\015\234\365\366\357\234"
 523      90984A82 
 523      B10D9CF5 
 523      F6EF9C
 524 0232 055690B1 		.ascii	"\005V\220\261b\256\211u>\256\357A\376\341\242\306\013"
 524      62AE8975 
 524      3EAEEF41 
 524      FEE1A2C6 
 524      0B
 525 0243 1E8AB112 		.ascii	"\036\212\261\022\023\307\0231\005\245\371\275\235&\325"
 525      13C71331 
 525      05A5F9BD 
 525      9D26D5
 526 0252 810E0C4E 		.ascii	"\201\016\014N`n\356A\336\353\"\220:\032\252\261\036"
 526      606EEE41 
 526      DEEB2290 
 526      3A1AAAB1 
 526      1E
 527 0263 58932CB7 		.ascii	"X\223,\267Tn\007\373\032\3579\012 /\027\253\314Y!\032"
ARM GAS  /tmp/ccAo1GaJ.s 			page 42


 527      546E07FB 
 527      1AEF390A 
 527      202F17AB 
 527      CC59211A 
 528 0277 F1241400 		.ascii	"\361$\024\000Ce<=\331\373\340\"\020\232\035\321NAR\200"
 528      43653C3D 
 528      D9FBE022 
 528      109A1DD1 
 528      4E415280 
 529 028b BBD86D28 		.ascii	"\273\330m(\270;W\001\3207\221\374b\004[{y&\361\342\202"
 529      B83B5701 
 529      D03791FC 
 529      62045B7B 
 529      7926F1E2 
 530 02a0 97F2A857 		.ascii	"\227\362\250W\362\244hV\350\000\232G\260\262\241Z\024"
 530      F2A46856 
 530      E8009A47 
 530      B0B2A15A 
 530      14
 531 02b1 2BE3CDAC 		.ascii	"+\343\315\254NKV\2667\3200\242h\350}\035\035N\242\241"
 531      4E4B56B6 
 531      37D030A2 
 531      68E87D1D 
 531      1D4EA2A1 
 532 02c5 F7408140 		.ascii	"\367@\201@\024E\265\263eP\340\231\001\356\256\340\032"
 532      1445B5B3 
 532      6550E099 
 532      01EEAEE0 
 532      1A
 533 02d6 E2FD4978 		.ascii	"\342\375Ix\321\324<b\033\355\331S\305e]uYOZ\235\325"
 533      D1D43C62 
 533      1BEDD953 
 533      C5655D75 
 533      594F5A9D 
 534 02eb 5095EB0B 		.ascii	"P\225\353\013\360\030hEKh!\217x\364\364\316\361\303"
 534      F0186845 
 534      4B68218F 
 534      78F4F4CE 
 534      F1C3
 535 02fd 26E96FB6 		.ascii	"&\351o\266\254d\0029\003\325 \253\356,\352\005\270W"
 535      AC640239 
 535      03D520AB 
 535      EE2CEA05 
 535      B857
 536 030f D0B2456E 		.ascii	"\320\262En\255\007\362\257\327\224^\274\323\006C\005"
 536      AD07F2AF 
 536      D7945EBC 
 536      D3064305 
 537 031f 8BC5CAA3 		.ascii	"\213\305\312\243+\270\200\272\377\372\206m\236wD\001"
 537      2BB880BA 
 537      FFFA866D 
 537      9E774401 
 538 032f 8BD3286D 		.ascii	"\213\323(m8\007\006\264\241\013\006\347)\376\251#\""
 538      380706B4 
 538      A10B06E7 
 538      29FEA923 
 538      22
ARM GAS  /tmp/ccAo1GaJ.s 			page 43


 539 0340 F455E0ED 		.ascii	"\364U\340\355\237#\012\027(\310\000\217\025\034\214"
 539      9F230A17 
 539      28C8008F 
 539      151C8C
 540 034f 67838383 		.ascii	"g\203\203\203\\\225\316\321C\241\265M\366a\024l\243"
 540      5C95CED1 
 540      43A1B54D 
 540      F661146C 
 540      A3
 541 0360 286CAFA9 		.ascii	"(l\257\251\343\212\201m8\203vdpQ0\370\213\030L\211N"
 541      E38A816D 
 541      38837664 
 541      705130F8 
 541      8B184C89 
 542 0375 A42912F9 		.ascii	"\244)\022\371\274\354`\220\313\255\325fY4\243N\227W"
 542      BCEC6090 
 542      CBADD566 
 542      5934A34E 
 542      9757
 543 0387 EED5318D 		.ascii	"\356\3251\215\230\2258\270\214\275{I%\361\354\211\342"
 543      989538B8 
 543      8CBD7B49 
 543      25F1EC89 
 543      E2
 544 0398 6DDEE9BB 		.ascii	"m\336\351\273\255\202\\k{U\361{\001\036\017\035\230"
 544      AD825C6B 
 544      7B55F17B 
 544      011E0F1D 
 544      98
 545 03a9 C6CD3492 		.ascii	"\306\3154\222\332)\216+0\235\312}cQ\263M:L\221>\217"
 545      DA298E2B 
 545      309DCA7D 
 545      6351B34D 
 545      3A4C913E 
 546 03be 0C6E3CA2 		.ascii	"\014n<\242\223\023\007\230p\025\321\260*\272\232Z@)"
 546      93130798 
 546      7015D1B0 
 546      2ABA9A5A 
 546      4029
 547 03d0 4557B003 		.ascii	"EW\260\003+\357oU&\033\270\257p\315\245\2238:q\351\021"
 547      2BEF6F55 
 547      261BB8AF 
 547      70CDA593 
 547      383A71E9 
 548 03e5 57039820 		.ascii	"W\003\230 {\377\360\004m\035\221 ct\202j#\0112\206'"
 548      7BFFF004 
 548      6D1D9120 
 548      6374826A 
 548      23093286 
 549 03fa A8131374 		.ascii	"\250\023\023tM$\250\213\250L\372\277\341?\225\341_\017"
 549      4D24A88B 
 549      A84CFABF 
 549      E13F95E1 
 549      5F0F
 550 040c 87DF49E1 		.ascii	"\207\337I\341\377\023\025\276\200\233,\021#C\337\001"
 550      FF1315BE 
 550      809B2C11 
ARM GAS  /tmp/ccAo1GaJ.s 			page 44


 550      2343DF01 
 551 041c C970232A 		.ascii	"\311p#*|\251\024\025\257w]$^\367\243p\274\364\244Y:"
 551      7CA91415 
 551      AF775D24 
 551      5EF7A370 
 551      BCF4A459 
 552 0431 C50BD88F 		.ascii	"\305\013\330\217\207B\365\017\274\262\241(\354\340\225"
 552      8742F50F 
 552      BCB2A128 
 552      ECE095
 553 0440 BD1D3154 		.ascii	"\275\0351T\363\226(\354q\330\310\242s\211pn\240\253"
 553      F39628EC 
 553      71D8C8A2 
 553      7389706E 
 553      A0AB
 554 0452 DE40C2F2 		.ascii	"\336@\302\362\310\204\233\202-\320\274\275%\250\036"
 554      C8849B82 
 554      2DD0BCBD 
 554      25A81E
 555 0461 3DD43C4F 		.ascii	"=\324<OB\231\243\241\342\320A$\366\312\222\037\273\271"
 555      4299A3A1 
 555      E2D04124 
 555      F6CA921F 
 555      BBB9
 556 0473 8C3D9902 		.ascii	"\214=\231\002\277-\2404\202\352\226Q\367\0276\273$\226"
 556      BF2DA034 
 556      82EA9651 
 556      F71736BB 
 556      2496
 557 0485 43C2ED68 		.ascii	"C\302\355ho\313\023W:\036|pG\014\023\364\367\235\324"
 557      6FCB1357 
 557      3A1E7C70 
 557      470C13F4 
 557      F79DD4
 558 0498 718DD1DF 		.ascii	"q\215\321\337]\341\217\272\017B\322\337\326\302\006"
 558      5DE18FBA 
 558      0F42D2DF 
 558      D6C206
 559 04a7 3552DDC2 		.ascii	"5R\335\302\245\213\206U\347\372\016N\037G\240oO\010"
 559      A58B8655 
 559      E7FA0E4E 
 559      1F47A06F 
 559      4F08
 560 04b9 D0F84A14 		.ascii	"\320\370J\024\223\226\262X\215c\330-\253\247\2415^\302"
 560      9396B258 
 560      8D63D82D 
 560      ABA7A135 
 560      5EC2
 561 04cb 78C648E9 		.ascii	"x\306H\351\276\240\244\023\245\236p\012B*\0051\0107"
 561      BEA0A413 
 561      A59E700A 
 561      422A0531 
 561      0837
 562 04dd 14F3162E 		.ascii	"\024\363\026.\277z\307\350\341\201\360@\375\016\017"
 562      BF7AC7E8 
 562      E181F040 
 562      FD0E0F
ARM GAS  /tmp/ccAo1GaJ.s 			page 45


 563 04ec C341BF52 		.ascii	"\303A\277RX\357\013'^\031\303\201\007\023\344W\337\030"
 563      58EF0B27 
 563      5E19C381 
 563      0713E457 
 563      DF18
 564 04fe 3DF40E5D 		.ascii	"=\364\016]\343\243p\014\257TZc\021n(\206\012\3457n\214"
 564      E3A3700C 
 564      AF545A63 
 564      116E2886 
 564      0AE5376E 
 565 0513 1E1E0F5D 		.ascii	"\036\036\017]\334\223p\014!U\277\361\302I\234x#\232"
 565      DC93700C 
 565      2155BFF1 
 565      C2499C78 
 565      239A
 566 0525 DE8D5C66 		.ascii	"\336\215\\f\274j\206\230r\325\014\305\334\361xh.\027"
 566      BC6A8698 
 566      72D50CC5 
 566      DCF17868 
 566      2E17
 567 0537 5CAF2E2D 		.ascii	"\\\257.-\377fX\307\333GO\345u\215\036\325\361\366\341"
 567      FF6658C7 
 567      DB474FE5 
 567      758D1ED5 
 567      F1F6E1
 568 054a 1DDF871D 		.ascii	"\035\337\207\035\377Tt\374\263\321\217NB\005\266I\037"
 568      FF5474FC 
 568      B3D18F4E 
 568      4205B649 
 568      1F
 569 055b F5F273F9 		.ascii	"\365\362s\371\216M\015\360\011\222\337\300}\267d\230"
 569      8E4D0DF0 
 569      0992DFC0 
 569      7DB76498 
 570 056b 2CAB88B1 		.ascii	",\253\210\261\347\340\304{0\017\354\376\227(:C?\355"
 570      E7E0C47B 
 570      300FECFE 
 570      97283A43 
 570      3FED
 571 057d 4F0D3FF8 		.ascii	"O\015?\370{\013K:B*c\330\222NtSRyk\203&\207\300\346"
 571      7B0B4B3A 
 571      422A63D8 
 571      924E7453 
 571      52796B83 
 572 0595 9783835E 		.ascii	"\227\203\203^x!R\213\351P\357\353xTE\275\215\273\217"
 572      7821528B 
 572      E950EFEB 
 572      785445BD 
 572      8DBB8F
 573 05a8 D5D994DE 		.ascii	"\325\331\224\336\257\353\342\341\245T\253/\3345C\352"
 573      AFEBE2E1 
 573      A554AB2F 
 573      DC3543EA 
 574 05b8 25A02AEA 		.ascii	"%\240*\352=+\372\275\334-\365\202\365\032\274\222\257"
 574      3D2BFABD 
 574      DC2DF582 
 574      F51ABC92 
ARM GAS  /tmp/ccAo1GaJ.s 			page 46


 574      AF
 575 05c9 75E7FAD0 		.ascii	"u\347\372\320[\032@Q\207~\321\000\011\342\271qER\373"
 575      5B1A4051 
 575      877ED100 
 575      09E2B971 
 575      4552FB
 576 05dc 10F2B6D7 		.ascii	"\020\362\266\327\354\227\257\242\274\001\020gyA\332"
 576      EC97AFA2 
 576      BC011067 
 576      7941DA
 577 05eb CD4E4BF3 		.ascii	"\315NK\363\343\377\267K\262\226/\311\364\317\315X\372"
 577      E3FFB74B 
 577      B2962FC9 
 577      F4CFCD58 
 577      FA
 578 05fc E5D2F90B 		.ascii	"\345\322\371\013\374+\262\375\031\2133\375+Wd\345d\373"
 578      FC2BB2FD 
 578      198B33FD 
 578      2B5764E5 
 578      64FB
 579 060e 172CFCEC 		.ascii	"\027,\374\354\243\231\376y\363>\361\177\276p\356\252"
 579      A399FE79 
 579      F33EF17F 
 579      BE70EEAA 
 580 061e 1974B228 		.ascii	"\031t\262(+'}Qf\346Wi\351L\307\345J#g\325\242\354%\351"
 580      2B277D51 
 580      66E65769 
 580      E94CC7E5 
 580      4A2367D5 
 581 0636 76FC5986 		.ascii	"v\374Y\206\277\216\234\245\313\226,\372:kq\272\377m"
 581      BF8E9CA5 
 581      CB962CFA 
 581      3A6B71BA 
 581      FF6D
 582 0648 F02BB251 		.ascii	"\360+\262Qd\345|\270|\251\\\247e\260\377\000\020\310"
 582      64E57CB8 
 582      7CA95CA7 
 582      65B0FF00 
 582      10C8
 583 065a D49E     		.ascii	"\324\236"
 584              		.text
 585              		.section	.gnu.lto_rtc_lld_get_time.1b52db1c57ca6576,"e",%progbits
 586 0000 789C6D92 		.ascii	"x\234m\222Mh\023Q\020\307gv6\233\257\366\"\036\012E"
 586      4D681351 
 586      10C76776 
 586      369BAFF6 
 586      221E0A45 
 587 0014 C8C1107A 		.ascii	"\310\301\020z\311\242\236z+\324\203BE\264\275\010B\320"
 587      C9A29E7A 
 587      2BD48342 
 587      45B4BD08 
 587      42D0
 588 0026 186830B5 		.ascii	"\030h0\265!\011\275\3665\246\255X\261 j\311!l5\351G"
 588      2109BDF6 
 588      35A6AD58 
 588      B1206AC9 
 588      216C35E9 
ARM GAS  /tmp/ccAo1GaJ.s 			page 47


 589 003b 4051F1AB 		.ascii	"@Q\361\253\265V\327\370\325T-b+\370\2019\250T\220\322"
 589      B556D7F8 
 589      D5542D62 
 589      2BF88139 
 589      A85490D2 
 590 004f 83287828 		.ascii	"\203(x(\215\3636)\026\315cw\337\233\231\377o\336\274"
 590      8DF33629 
 590      16CD6377 
 590      DF9B99FF 
 590      6FDEBC
 591 0062 37EB0084 		.ascii	"7\353\000\204\005\005 \000\000\333\370E\002T\204\020"
 591      05052000 
 591      00DBF845 
 591      02548410 
 592 0072 2DF63E87 		.ascii	"-\366>\207\202h\255\204\003\241W\301^\034\246\021\302"
 592      8268AD84 
 592      03A157C1 
 592      5E1CA611 
 592      C2
 593 0083 C2E0F2B4 		.ascii	"\302\340\362\264\3224\301\021a\216Lm\031\020\375\015"
 593      D234C111 
 593      618E4C6D 
 593      1910FD0D 
 594 0093 0601A4F9 		.ascii	"\006\001\244\371\255\014\274\207M\254+%3\277\353\316"
 594      AD0CBC87 
 594      4DAC2B25 
 594      33BFEBCE 
 595 00a3 9241882A 		.ascii	"\222A\210*\233\347\347o\025]\322T\320\303\346{qs\270"
 595      9BE7E76F 
 595      155DD254 
 595      D0C3E67B 
 595      7173B8
 596 00b6 8E5A1178 		.ascii	"\216Z\021x=\265\366\341\265\3157&DR\230K9\022\333\015"
 596      3DB5F6E1 
 596      B5CD3726 
 596      4452984B 
 596      3912DB0D 
 597 00ca 229C45E2 		.ascii	"\"\234E\342\224x\037\033q\006\033\001\330\307\251\037"
 597      94781F1B 
 597      71061B01 
 597      D8C7A91F 
 598 00da A08F8154 		.ascii	"\240\217\201T\311<\355\246=\026|\345z\377\242V\205W"
 598      C93CEDA6 
 598      3D167CE5 
 598      7AFFA256 
 598      8557
 599 00ec C62D58C5 		.ascii	"\306-X\305\207\377\301*\303&\372@\"\237>\346\337:\351"
 599      87FFC12A 
 599      C326FA40 
 599      229F3EE6 
 599      DF3AE9
 600 00ff 808567C7 		.ascii	"\200\205g\307\337\345\335\336\2540\031_-6\\>)\346\204"
 600      DFE5DDDE 
 600      AC30195F 
 600      2D365C3E 
 600      29E684
 601 0112 6A900D1F 		.ascii	"j\220\015\037\375\223B\016\326O\3376_\331\351\220\305"
ARM GAS  /tmp/ccAo1GaJ.s 			page 48


 601      FD93420E 
 601      D64FDF36 
 601      5FD9E990 
 601      C5
 602 0123 2EDEB9BA 		.ascii	".\336\271\272V_e\277^\"\221\023\212$\037\327&?\337X"
 602      565F65BF 
 602      5E229113 
 602      8A241FD7 
 602      263FDF58 
 603 0137 BF50AFA9 		.ascii	"\277P\257\251\370\004\275X@o\365\302\360)j\334\002P"
 603      F804BD58 
 603      406FF5C2 
 603      F0296ADC 
 603      0250
 604 0149 36FCD7DE 		.ascii	"6\374\327\336\330L\261^\036\024\346\362\336\362\317"
 604      D84CB15E 
 604      1E14E6F2 
 604      DEF2CF
 605 0158 A5AD2EE4 		.ascii	"\245\255.\344\3525E~T\224\347\327\260r\220!\002\331"
 605      EA35457E 
 605      5494E7D7 
 605      B0729021 
 605      02D9
 606 016a 03158509 		.ascii	"\003\025\205\011p\206\224\212\321\307\306\012\016\214"
 606      7086948A 
 606      D1C7C60A 
 606      0E8C
 607 0178 967364A5 		.ascii	"\226sd\245\346\2153\223/\313\316\024&\373\034\006\331"
 607      E68D3393 
 607      2FCBCE14 
 607      26FB1C06 
 607      D9
 608 0189 D3C49BE1 		.ascii	"\323\304\233\3413L!dH\366\345\327\3549\217\0142\355"
 608      334C2164 
 608      48F6E5D7 
 608      EC398F0C 
 608      32ED
 609 019b 31C86195 		.ascii	"1\310a\225a\325\364\2345\034\237Y\314\036\336\034/l"
 609      61D5F49C 
 609      351C9F59 
 609      CC1EDE1C 
 609      2F6C
 610 01ad C4E7386E 		.ascii	"\304\3478n\220\023\276c\362b~\322)\235\031\3565\363"
 610      9013BE63 
 610      F2627ED2 
 610      299D19EE 
 610      35F3
 611 01bf 96ABEA50 		.ascii	"\226\253\352P\254\263rE\236Z\345\270\322\304\377\036"
 611      ACB37245 
 611      9E5AE5B8 
 611      D2C4FF1E 
 612 01cf 162BE520 		.ascii	"\026+\345 \3133\244\031\344\346\014\205\022JB\346c\350"
 612      CB33A419 
 612      E4E60C85 
 612      124A42E6 
 612      63E8
 613 01e1 DB8F2F25 		.ascii	"\333\217/%w\363]q\212\267\264\001\316c\363&I\241\226"
ARM GAS  /tmp/ccAo1GaJ.s 			page 49


 613      77F35D71 
 613      8AB7B401 
 613      CE63F326 
 613      49A196
 614 01f4 E4054B56 		.ascii	"\344\005KV19:1f\211\254.\014\021\376\2752\200\026\277"
 614      31393A31 
 614      6689AC2E 
 614      0C11FEBD 
 614      328016BF 
 615 0208 5FE7E778 		.ascii	"_\347\347x(v\"\024\321[;\303G\303\373\333\365\356\270"
 615      28762214 
 615      D15B3BC3 
 615      47C3FBDB 
 615      F5EEB8
 616 021b DE7924A2 		.ascii	"\336y$\242G\273c\211\270\336\336\261o\327N\275\255m"
 616      47BB6389 
 616      B8DEDEB1 
 616      6FD74EBD 
 616      AD6D
 617 022d B77EB0A3 		.ascii	"\267~\260\243\265g\207\214\004b\211` \0229\346\017\202"
 617      B567878C 
 617      04628960 
 617      201239E6 
 617      0F82
 618 023f CACBA823 		.ascii	"\312\313\250#\021\356\012\305\243\241\240=\321\023\350"
 618      11EE0AC5 
 618      A3A1A03D 
 618      D113E8
 619 024e 8A87821A 		.ascii	"\212\207\202\032\317<\375\001\206-\377\014"
 619      CF3CFD01 
 619      862DFF0C 
 620              		.text
 621              		.section	.gnu.lto_rtcSTM32SetSec.1b52db1c57ca6576,"e",%progbits
 622 0000 789C9D55 		.ascii	"x\234\235UKL\234U\024\276\347\277\377\213q\206\247\230"
 622      4B4C9C55 
 622      14BEE7BF 
 622      FF8B7186 
 622      A798
 623 0012 36248685 		.ascii	"6$\206\205\011\351B\006\037\213\272\253\301\205\213"
 623      09E94206 
 623      1F8BBAAB 
 623      C1858B
 624 0021 1A13DB9D 		.ascii	"\032\023\333\235\013\242H\002\221\000\001\322\245\275"
 624      0BA24802 
 624      910001D2 
 624      A5BD
 625 002f 0C438942 		.ascii	"\014C\211BK5j;\321\361\307 \265.\2545h\012\002\355\024"
 625      4B356A3B 
 625      D1F1C720 
 625      B52EAC35 
 625      680A02ED 
 626 0044 DA2214EC 		.ascii	"\332\"\024\354\210\324\026\352\000\255\226\307\010\035"
 626      88D416EA 
 626      00AD96C7 
 626      081D
 627 0052 4A8D3604 		.ascii	"J\2156\004;\236s\377\037:\303$\006\235\314\234\334\307"
 627      3B9E73FF 
ARM GAS  /tmp/ccAo1GaJ.s 			page 50


 627      1F3AC324 
 627      069DCC9C 
 627      DCC7
 628 0064 39DFF9CE 		.ascii	"9\337\371\316\353\216\311\200E\014\306\336b\214U\341"
 628      EB8EC980 
 628      450CC6DE 
 628      628C55E1 
 629 0074 0F4C068A 		.ascii	"\017L\006\212\020b\217\321`*\012\037\013t\351\252p\251"
 629      10628FD1 
 629      602A0A1F 
 629      0B74E9AA 
 629      70A9
 630 0086 5D73A3CF 		.ascii	"]s\243\317\251\302\315Au\356T\320\234\225\246\030\343"
 630      A9C2CD41 
 630      75EE54D0 
 630      9C95A618 
 630      E3
 631 0097 2B6BBB51 		.ascii	"+k\273QK?\325\326d\240\226\341\334=\257\003\310\205"
 631      4B3FD5D6 
 631      64A096E1 
 631      DC3DAF03 
 631      C885
 632 00a9 30811D54 		.ascii	"0\201\035T\270\252\031:\034T4\266\371i\343\3078\014"
 632      B8AA193A 
 632      1C5434B6 
 632      F969E3C7 
 632      380C
 633 00bb 34CFF528 		.ascii	"4\317\365(\273>GM\021:\326\235wH4\355\2608c\001\276"
 633      BB3E474D 
 633      113AD69D 
 633      774834ED 
 633      B0386301 
 634 00d0 A105DFC1 		.ascii	"\241\005\337\301.\324\233\366\005\357\273\217p\213\003"
 634      2ED49BF6 
 634      05EFBB8F 
 634      708B03
 635 00df A8B87D7F 		.ascii	"\250\270}\177\344\233a\027m\025\310\307\355\244\350"
 635      E49B6117 
 635      6D15C8C7 
 635      EDA4E8
 636 00ee 6A73F362 		.ascii	"js\363b`\270\356^\237\012k\005\235B\370D\350\302g\\"
 636      60B8EE5E 
 636      9F0A6B05 
 636      9D42F844 
 636      E8C2675C 
 637 0102 3C61710E 		.ascii	"<aq\016\375\300\021\022\372 \017z!\2171<C\350\263P\200"
 637      FDC01112 
 637      FA200F7A 
 637      218F313C 
 637      43E8B350 
 638 0117 063DDF86 		.ascii	"\006=\337\206\306\014\376\2424\236\216\035\036t;\306"
 638      C60CFEA2 
 638      349E8E1D 
 638      1E743BC6 
 639 0127 EB9DD258 		.ascii	"\353\235\322X\205s)\306*\032\207\240\200\221\311\255"
 639      857329C6 
 639      2A1A87A0 
ARM GAS  /tmp/ccAo1GaJ.s 			page 51


 639      8091C9AD 
 640 0137 AF1F7CE0 		.ascii	"\257\037|\340\321U\2072\234\007\035\263\312\240\203"
 640      D1558732 
 640      9C071DB3 
 640      CAA083
 641 0146 B3AFC6B5 		.ascii	"\263\257\306\265\220x\020oF\250\023\360\327\253;\001"
 641      9078106F 
 641      46A813F0 
 641      D7AB3B01 
 642 0156 2D350585 		.ascii	"-5\005\205\316I\250(\014\015\205i\000Qq\001az\3504\235"
 642      CE49A828 
 642      0C0D8569 
 642      00517101 
 642      617AE834 
 643 016b 4406894C 		.ascii	"D\006\211L\022Y$\262I\344\220\310%\301X\013g+k'w\203"
 643      125924B2 
 643      49E490C8 
 643      25C1580B 
 643      672B6B27 
 644 0181 0831D6CA 		.ascii	"\0101\326\312\025\271n\304u\024\032\3176\377}\303CT"
 644      15B96EC4 
 644      75141ACF 
 644      36FF7DC3 
 644      4354
 645 0193 821C82DC 		.ascii	"\202\034\202\334@\226G\032c\323&%\214\003\203\001\214"
 645      4096471A 
 645      63D32625 
 645      8C038301 
 645      8C
 646 01a4 220ABEF5 		.ascii	"\"\012\276\365f\260u\024TcK\320\224oo\251.\275\177\364"
 646      66B07514 
 646      54634BD0 
 646      946F6FA9 
 646      2EBD7FF4 
 647 01b8 47D3FCE0 		.ascii	"G\323\374\340k\300r\244\0058E4\010~`\250\214\267C\261"
 647      6BC072A4 
 647      05384534 
 647      087E60A8 
 647      8CB743B1 
 648 01cc E5092034 		.ascii	"\345\011 4\035\321.@\236\305]\3546\370\027\212\035\000"
 648      1DD12E40 
 648      9EC55DEC 
 648      36F8178A 
 648      1D00
 649 01de 3A93D56B 		.ascii	":\223\325k\345\374\372jX#^\312\022\370\245\003JZ\360"
 649      E5FCFA6A 
 649      58235ECA 
 649      12F8A503 
 649      4A5AF0
 650 01f1 E4685CC2 		.ascii	"\344h\\\302\233\026\177$\300\025\204\277H\360\211L\335"
 650      9B167F24 
 650      C01584BF 
 650      48F0894C 
 650      DD
 651 0202 729B48C4 		.ascii	"r\233H\304\335A9\306\303\031\261:\346\352\204\216\206"
 651      DD4139C6 
 651      C319B13A 
ARM GAS  /tmp/ccAo1GaJ.s 			page 52


 651      E6EA848E 
 651      86
 652 0213 4C8B7B60 		.ascii	"L\213{`\010-\341\022y\304\253{\363\027\317\232\244\177"
 652      082DE112 
 652      79C4AB7B 
 652      F317CF9A 
 652      A47F
 653 0225 5C887C02 		.ascii	"\\\210|\002\371\036:\301\256\3120\352Y<]\322R7\323\265"
 653      F91E3AC1 
 653      AECA30EA 
 653      593C5DD2 
 653      5237D3B5 
 654 0239 048DB3F1 		.ascii	"\004\215\263\361\326\211\3710$\025\323\361d\037\370"
 654      D689F930 
 654      2415D3F1 
 654      641FF8
 655 0248 A93F675B 		.ascii	"\251?g[\242\236\235\262\300\3626A\033.\203\016#\350"
 655      A29E9DB2 
 655      C0F23641 
 655      1B2E830E 
 655      23E8
 656 025a 82C128C5 		.ascii	"\202\301(\305\237\263%\302\214\000v\321e\2420FAZ<Sr"
 656      9FB325C2 
 656      8C0076D1 
 656      65A23046 
 656      415A3C53 
 657 026f A04111AA 		.ascii	"\240A\021\252S\263\201\276\305\217\007\215$\012\032"
 657      53B381BE 
 657      C58F078D 
 657      240A1A
 658 027e DBD2607A 		.ascii	"\333\322`z\012\247\366\2563\334\241\244'S\012#\245+"
 658      0AA7F6AE 
 658      33DCA1A4 
 658      27530A23 
 658      A52B
 659 0290 A0A7182C 		.ascii	"\240\247\030,z\030\374H\372Z\262\3768\352\377 C\370"
 659      7A18FC48 
 659      FA5AB2FE 
 659      38EAFF20 
 659      43F8
 660 02a2 8942C848 		.ascii	"\211B\310H\254\204)+\361g[o\210\333[\021F\342x4r4xZ"
 660      AC84292B 
 660      F1675B6F 
 660      88DB5B11 
 660      46E27834 
 661 02ba C53A605A 		.ascii	"\305:`Z\263\340*\316\307\204S\205+\227Z?\311(:%\374"
 661      B3E02ACE 
 661      C7845385 
 661      2B975A3F 
 661      C9283A25 
 662 02cf 0DA2FD5E 		.ascii	"\015\242\375^\353\343\026\317\206\237\261\016\307i\352"
 662      EBE316CF 
 662      869FB10E 
 662      C769EA
 663 02de C62911D7 		.ascii	"\306)\021\327\240\210\032\365\303\346a\315v\230i\373"
 663      A0881AF5 
 663      C3E661CD 
ARM GAS  /tmp/ccAo1GaJ.s 			page 53


 663      769869FB 
 664 02ee DC1C6C03 		.ascii	"\334\034l\003\362\341:\242a[\315\014\216\202\243\224"
 664      F2E13AA2 
 664      615BCD0C 
 664      8E82A394 
 665 02fe D87B06F6 		.ascii	"\330{\006\366\336\244\323g-\334x\267\351\332\020\276"
 665      DEA4D367 
 665      2DDC78B7 
 665      E9DA10BE 
 666 030e 0E9857FD 		.ascii	"\016\230W\375\356\303Q\300\264\3666\032\024q\220gm\213"
 666      EEC351C0 
 666      B4F6361A 
 666      14719067 
 666      6D8B
 667 0320 3110D9A9 		.ascii	"1\020\331\251\015\262a\"{\303&\373\036\316\213\004\312"
 667      0DB26122 
 667      7BC326FB 
 667      1ECE8B04 
 667      CA
 668 0331 B6B13EBD 		.ascii	"\266\261>\275\032\3669L2\341\0279S\003\323\357H\235"
 668      1AF6394C 
 668      32E11739 
 668      5303D3EF 
 668      489D
 669 0343 ED7B8A24 		.ascii	"\355{\212$y\232\206\"\204'g\353\207\"\221~\305\236'"
 669      799A8622 
 669      842767EB 
 669      8722917E 
 669      C59E27
 670 0356 35C85D89 		.ascii	"5\310]\211\376r\320\337\214=\303}\303\206\255\243\241"
 670      FE72D0DF 
 670      8C3DC37D 
 670      C386ADA3 
 670      A1
 671 0367 4268EAF4 		.ascii	"Bh\352\364d:\215\205\220\275\377(\216\276\234u\362\332"
 671      643A8D85 
 671      90BDFF28 
 671      8EBE9C75 
 671      F2DA
 672 0379 60CD74EB 		.ascii	"`\315t\353\350\325\2762aV\372\005z\262n\312\360\220"
 672      E8D5BE32 
 672      6156FA05 
 672      7AB26ECA 
 672      F090
 673 038b 7A8F4658 		.ascii	"z\217FX[\200\332k\261a\263\320\301f\000\301\303\037"
 673      5B80DA6B 
 673      B161B3D0 
 673      C16600C1 
 673      C31F
 674 039d CD71BBB8 		.ascii	"\315q\273\270\371\024\302-\011\245\020\324\257\304_"
 674      F914C22D 
 674      09A510D4 
 674      AFC45F
 675 03ac 959535F0 		.ascii	"\225\2255\360\255\310\265\211\337<\021}\226x\253\020"
 675      ADC8B589 
 675      DF3C117D 
 675      9678AB10 
ARM GAS  /tmp/ccAo1GaJ.s 			page 54


 676 03bc 8F73F86D 		.ascii	"\217s\370m#S\313\221/\341\1779\274-\035\322\204\302"
 676      2353CB91 
 676      2FE17F39 
 676      BC2D1DD2 
 676      84C2
 677 03ce 1C39CC95 		.ascii	"\0349\314\225\205\376b\214'M\213\221:-\3476\247\305"
 677      85FE628C 
 677      274D8B91 
 677      3A2DE736 
 677      A7C5
 678 03e0 48EEFE05 		.ascii	"H\356\376\005\354\376y\331\375\213\224L\317\366\353"
 678      ECFE79D9 
 678      FD8B944C 
 678      CFF6EB
 679 03ef 17DDA8DF 		.ascii	"\027\335\250\337\002\325\357\367\215\266\216\364\324"
 679      02D5EFF7 
 679      8DB68EF4 
 679      D4
 680 03fc D850E936 		.ascii	"\330P\3516Z[`\341\276j\367J,\036\217g\300\322\303~Y"
 680      5A5B60E1 
 680      BE6AF74A 
 680      2C1E8F67 
 680      C0D2C37E 
 681 0411 FC2FFDB2 		.ascii	"\374/\375\262\234\344\357\016\205\237\216o\230\037\337"
 681      9CE4EF0E 
 681      859F8E6F 
 681      981FDF
 682 0420 B0A3D11D 		.ascii	"\260\243\321\035I\0110S\237\260\267\327<N\002\314\344"
 682      49093053 
 682      9FB0B7D7 
 682      3C4E02CC 
 682      E4
 683 0431 04AC6002 		.ascii	"\004\254`\002b2\001wS_\350\334\000O#\015\006\253\366"
 683      62320177 
 683      535FE8DC 
 683      004F230D 
 683      06ABF6
 684 0444 7F408EC5 		.ascii	"\177@\216\305\037cw\300\327\036;c\277\255\366\014\202"
 684      1F6377C0 
 684      D71E3B63 
 684      BFADF60C 
 684      82
 685 0455 1C3C5F88 		.ascii	"\034<_\210v{\012\013\275\370}\263\254\266\252\254\322"
 685      767B0A0B 
 685      BDF87DB3 
 685      ACB6AAAC 
 685      D2
 686 0466 5B5C5EF1 		.ascii	"[\\^\361z\305\313\373\274\325u\336\362\327*\2755\325"
 686      7AC5CBFB 
 686      BCD575DE 
 686      F2D72ABD 
 686      35D5
 687 0478 B5F575DE 		.ascii	"\265\365u\336}\373_z\346i\357\336\275/x_\331_|\340)"
 687      7DFB5F7A 
 687      E669EFDE 
 687      BD2F785F 
 687      D95F7CE0 
ARM GAS  /tmp/ccAo1GaJ.s 			page 55


 688 048d BA29A9AD 		.ascii	"\272)\251\255/-\251\254|\243\260\224\251\270\254\321"
 688      2F2DA9AC 
 688      7CA3B094 
 688      A9B8ACD1 
 689 049d EB0F94D4 		.ascii	"\353\017\224\324\225\225z\377\015\254\272\016Em\375"
 689      95957AFF 
 689      0DACBA0E 
 689      456DFD
 690 04ac 935515F6 		.ascii	"\223U\025\366\272\260\234\375\003\211\021\262\374"
 690      BAB09CFD 
 690      038911B2 
 690      FC
 691              		.text
 692              		.section	.gnu.lto_rtc_lld_set_time.1b52db1c57ca6576,"e",%progbits
 693 0000 789C6552 		.ascii	"x\234eRMHTQ\024>\337\273o\236O\035u\033J\340\302A$\360"
 693      4D485451 
 693      143EDFBB 
 693      6F9E4F1D 
 693      751B4AE0 
 694 0018 D1CFC655 		.ascii	"\321\317\306U\202-Z\030Q\272\227\262\001\245)E\245\255"
 694      822D5A18 
 694      51BA97B2 
 694      01A52945 
 694      A5AD
 695 002a D771D4C8 		.ascii	"\327q\324\310T\204B\006\032\337T\306\264\010,\014\354"
 695      54844206 
 695      1ADF54C6 
 695      B4082C0C 
 695      EC
 696 003b 4F7B693F 		.ascii	"O{i?\243\231i\005\225\304,\012\012$\014\202 J\235\316"
 696      A3996905 
 696      95C42C0A 
 696      0A240C82 
 696      204A9DCE 
 697 004f BD2361D3 		.ascii	"\275#a\323e\336p\317=\337w\276\357\234{m\002\355\023"
 697      65DE70CF 
 697      3DDF77BE 
 697      EF9C7B6D 
 697      02ED13
 698 0062 44F544B4 		.ascii	"D\365D\264\223?\010\202!\245\254\316\351\262\015@\357"
 698      933F0882 
 698      21A5ACCE 
 698      E9B20D40 
 698      EF
 699 0073 A40DEA34 		.ascii	"\244\015\3524\320\211!1\"0\323\367\371\256Q\221\340"
 699      D0892131 
 699      2230D3F7 
 699      F9AE5191 
 699      E0
 700 0084 8CF4467E 		.ascii	"\214\364F~\025\365\312\236\035.\027\210\362\227Y\270"
 700      15F5CA9E 
 700      1D2E1788 
 700      F29759B8 
 701 0094 870AC6A5 		.ascii	"\207\012\306\245\302\261\237\376A\341\012\300\344\360"
 701      C2B19FFE 
 701      41E10AC0 
 701      E4F0
ARM GAS  /tmp/ccAo1GaJ.s 			page 56


 702 00a2 C2FCEDB9 		.ascii	"\302\374\355\271<\025\032(\345\360\275\234\030\362\213"
 702      3C151A28 
 702      E5F0BD9C 
 702      18F28B
 703 00b1 1A10EFEF 		.ascii	"\032\020\357\357\254\257,\371\312\257I\031\226\336\233"
 703      ACAF2CF9 
 703      CAAF4919 
 703      96DE9B
 704 00c0 3121CB5C 		.ascii	"1!\313\\!0\005\301%\361\000%\270\217\022\">\343\322"
 704      213005C1 
 704      25F10025 
 704      B88F1222 
 704      3EE3D2
 705 00d3 D3286742 		.ascii	"\323(gB$\345\235\313\027\0075\371\306\315\236\327\326"
 705      24E59DCB 
 705      170735F9 
 705      C6CD9ED7 
 705      D6
 706 00e4 16F94342 		.ascii	"\026\371CB\223M<\374\217l2\331C9)\312\307[\233\027\013"
 706      934D3CFC 
 706      8F6C32D9 
 706      433929CA 
 706      C75B9B17 
 707 00f9 2C73CB32 		.ascii	",s\3132\036\301\342!\0208\223\2762\272\\\224\361\\\306"
 707      1EC1E221 
 707      103893BE 
 707      32BA5C94 
 707      F15CC6
 708 010c E1E4D4C6 		.ascii	"\341\344\324\306\345\234\214\347\270\301q\357\333\351"
 708      E59C8CE7 
 708      B8C171EF 
 708      DBE9
 709 011a 09218E68 		.ascii	"\011!\216h\335w?6V\375\201\253\322\3431,\216\026\017"
 709      DD773F36 
 709      56FD81AB 
 709      D2E3312C 
 709      8E160F
 710 012d 4B9994A6 		.ascii	"K\231\224\246+|x\254\264\201Y\326\236Q\332je\341\355"
 710      2B7C78AC 
 710      B48159D6 
 710      9E51DA6A 
 710      65E1ED
 711 0140 ED50FA0B 		.ascii	"\355P\372\013\305\023\004\264\243\247\010\214\277\362"
 711      C51304B4 
 711      A3A7088C 
 711      BFF2
 712 014e 797233DD 		.ascii	"yr3\335'\275\265\375\003\263\213I#\017\334\205\305\205"
 712      27BDB5FD 
 712      03B38B49 
 712      230FDC85 
 712      C585
 713 0160 B90B136A 		.ascii	"\271\013\023j\020\026\037\344\020\365\013RwaBzD\347"
 713      10161FE4 
 713      10F50B52 
 713      7761427A 
 713      44E7
 714 0172 859109BA 		.ascii	"\205\221\011\2729\370\212\336\370\270\276\263\255\216"
ARM GAS  /tmp/ccAo1GaJ.s 			page 57


 714      39F88ADE 
 714      F8B8BEB3 
 714      AD8E
 715 0180 B5009BA3 		.ascii	"\265\000\233\243mc\210(|\374\267\273K\017B'\267\021"
 715      6D638828 
 715      7CFCB7BB 
 715      4B0F4227 
 715      B711
 716 0192 D8092109 		.ascii	"\330\011!\011\013\317xH\2049\376\347l\354\372B:7\202"
 716      0BCF7848 
 716      8439FEE7 
 716      6CECFA42 
 716      3A3782
 717 01a5 7097ED0A 		.ascii	"p\227\355\012;\312\323I\252\021\316#\002\212\011\245"
 717      3BCAD349 
 717      AA11CE23 
 717      028A09A5 
 718 01b5 B79C5EB9 		.ascii	"\267\234^\271T\250\000\2526[pE\256*\245\371x\3168\306"
 718      54A800AA 
 718      365B7045 
 718      AE2AA5F9 
 718      78CE38C6 
 719 01c9 0C767F4B 		.ascii	"\014v\177K\331j\270\334\031\026P\342\212|v\034\211O"
 719      D96AB8DC 
 719      191650E2 
 719      8A7C761C 
 719      894F
 720 01db 0C152B5C 		.ascii	"\014\025+\\LXYJ\376(?\013\255\364B)e\311\224\376\243"
 720      4C58594A 
 720      FE283F0B 
 720      ADF44229 
 720      65C994FE 
 721 01f0 B1C80857 		.ascii	"\261\310\010W\024\320*fRPG*\305\214/\337?\245\362\253"
 721      14D02A66 
 721      5250472A 
 721      C58C2FDF 
 721      3FA5F2AB 
 722 0204 26E559CE 		.ascii	"&\345Y\316\372\010/Q\305\220\360z\337\300p\201j?\306"
 722      FA082F51 
 722      C590F07A 
 722      DFC07081 
 722      6A3FC6
 723 0217 8AC2621B 		.ascii	"\212\302b\033=\245\372Yd9(\214\352w\264\224i\324d\264"
 723      3DA5FA59 
 723      6439288C 
 723      EA77B494 
 723      69D464B4 
 724 022b 2B8A680D 		.ascii	"+\212h\015\341xb\014\232\240V\277@\346\016\302\236\012"
 724      E178620C 
 724      9AA056BF 
 724      40E60EC2 
 724      9E0A
 725 023d AB2B2B1D 		.ascii	"\253++\035\376\235\014\266\235\016\206\234\232\246\346"
 725      FE9D0CB6 
 725      9D0E869C 
 725      9AA6E6
 726 024c E3CD87EB 		.ascii	"\343\315\207\353\234\226v\247\351X\310imi\353hw\352"
ARM GAS  /tmp/ccAo1GaJ.s 			page 58


 726      9C9676A7 
 726      E958C869 
 726      6D69EB68 
 726      77EA
 727 025e EA0FEDDD 		.ascii	"\352\017\355\335\343\324\326\036p\216\326\327\234\331"
 727      E3D4D61E 
 727      708ED6D7 
 727      9CD9
 728 026c AD320D6D 		.ascii	"\2552\015m\035\215\015\241\320\211\312F2y\333jw4\237"
 728      1D8D0DA1 
 728      D089CA46 
 728      3279DB6A 
 728      77349F
 729 027f 0AB6B706 		.ascii	"\012\266\267\006\033\005o\376\000\340\177\033o"
 729      1B056FFE 
 729      00E07F1B 
 729      6F
 730              		.text
 731              		.section	.gnu.lto_.symbol_nodes.1b52db1c57ca6576,"e",%progbits
 732 0000 789C6D93 		.ascii	"x\234m\2239O\033Q\020\307\347\330\303\353\335\254\275"
 732      394F1B51 
 732      10C7E7D8 
 732      C3EBDDAC 
 732      BD
 733 0011 E6B09320 		.ascii	"\346\260\223 E\262\374\011\240\241\004\211\217\302\367"
 733      45B2FC09 
 733      A0A10489 
 733      8FC2F7
 734 0020 9805CCD5 		.ascii	"\230\005\314\325QD\212\322F.\362\021\022\244\024H.\243"
 734      51448AD2 
 734      462EF211 
 734      12A41448 
 734      2EA3
 735 0032 8806097A 		.ascii	"\210\006\011z\013\001\005\230\373>\236\337[\023!f\252"
 735      0B010598 
 735      FB3E9EDF 
 735      5B132166 
 735      AA
 736 0043 BFFEBF99 		.ascii	"\277\376\277\231\321\314;J\200\220y\000@\307(\220\233"
 736      D1CC3B4A 
 736      80907900 
 736      40C72890 
 736      9B
 737 0054 F070E31F 		.ascii	"\360p\343\037\200\000\374\316\267\362\300`\023\376\012"
 737      8000FCCE 
 737      B7F2C060 
 737      13FE0A
 738 0063 41DE0460 		.ascii	"A\336\004`:A\301\376\335\317\351a\322f>[\244\034 .4"
 738      3A41C1FE 
 738      DDCFE961 
 738      D2663E5B 
 738      A41C202E 
 739 0078 078DFA28 		.ascii	"\007\215\372(\244\246\320)\012\353\344\002\305\323\311"
 739      A4A6D029 
 739      0AEBE402 
 739      C5D3C9
 740 0087 258AAF93 		.ascii	"%\212\257\223+\224\340pks\033\336\243k\224\360D\235"
ARM GAS  /tmp/ccAo1GaJ.s 			page 59


 740      2B94E070 
 740      6B731BDE 
 740      A36B94F0 
 740      449D
 741 0099 728DC82D 		.ascii	"r\215\310-r\216Rz\263\356\377\352\033\224H\337q\235"
 741      728E527A 
 741      B3EEFFEA 
 741      1B9448DF 
 741      719D
 742 00ab D8559FA1 		.ascii	"\330U\237\241\224\365j\\%\211\237\213\370b1\230s\235"
 742      94F56A5C 
 742      25899F8B 
 742      F8623198 
 742      739D
 743 00bd 31649924 		.ascii	"1d\231$\321I\233\344\203N\226HR\235<\240Ttr\217R\325"
 743      D1499BE4 
 743      834E9648 
 743      529D3CA0 
 743      5474728F 
 744 00d3 C91D4AA6 		.ascii	"\311\035J\246\223[\224\232N\236PFt\362\2102\252\223"
 744      935B949A 
 744      4E9E5046 
 744      74F28832 
 744      AA93
 745 00e5 9C644C27 		.ascii	"\234dL'\317(\343:Y$\251\353d\201\244\241\022\206\232"
 745      CF28E33A 
 745      5924A9EB 
 745      6481A4A1 
 745      12869A
 746 00f8 BB847986 		.ascii	"\273\204y\206\314\251.2T\367\377~\237\302v\300Pqf'`"
 746      CCA92E32 
 746      54F7FF7E 
 746      9FC276C0 
 746      50716627 
 747 010d 1AB737DA 		.ascii	"\032\2677\332b\032\263b\216i\364t z)\323\210U\355\212"
 747      621AB362 
 747      8E69F474 
 747      207A29D3 
 747      8855ED8A 
 748 0121 47BFFE7C 		.ascii	"G\277\376|\235\300\2352\014U\374\252R`\257Q\364\360"
 748      9DC09D32 
 748      0C55FCAA 
 748      5260AF51 
 748      F4F0
 749 0133 EAB6A013 		.ascii	"\352\266\240\023\262\377\251\260\374\217\326\352\206"
 749      B2FFA9B0 
 749      FC8FD6EA 
 749      86
 750 0140 1C0CB382 		.ascii	"\034\014\263\202\"+\346ph\205\316\352\005\\j\270\247"
 750      222BE670 
 750      6885CEEA 
 750      055C6AB8 
 750      A7
 751 0151 DBE252FD 		.ascii	"\333\342R\375\310\252n\231\243\314>\332y#\276\255\355"
 751      C8AA6E99 
 751      A3CC3EDA 
 751      7923BEAD 
ARM GAS  /tmp/ccAo1GaJ.s 			page 60


 751      ED
 752 0162 4E620F39 		.ascii	"Nb\0179\252^\354\355\225\007\033D\015\013\273F\025\215"
 752      AA5EECED 
 752      95071B44 
 752      0D0BBB46 
 752      158D
 753 0174 6B1C476E 		.ascii	"k\034Gn\301&\307\305\337]DN\262\276\353\222Tw\317\266"
 753      C126C7C5 
 753      DF5D444E 
 753      B2BEEB92 
 753      5477CFB6 
 754 0188 7DEC18CB 		.ascii	"}\354\030\313\015`\016'y\035*\235p\025-N?;5\307i\342"
 754      0D600E27 
 754      791D2A9D 
 754      70152D4E 
 754      3F3B35C7 
 755 019e D40F8417 		.ascii	"\324\017\204\027Kpp\371"
 755      4B7070F9 
 756              		.text
 757              		.section	.gnu.lto_.refs.1b52db1c57ca6576,"e",%progbits
 758 0000 789C0DC4 		.ascii	"x\234\015\304A\016\200 \000\003\301\266\033\024\214"
 758      410E8020 
 758      0003C1B6 
 758      1B148C
 759 000f 1C349144 		.ascii	"\0344\221D\237\301\377\037's\230*kJ\353\270\356\021"
 759      9FC1FF1F 
 759      2773982A 
 759      6B4AEBB8 
 759      EE11
 760 0021 9BB8C22D 		.ascii	"\233\270\302-\2360\304\033>J\260\211\351n9\232\317\364"
 760      9E30C41B 
 760      3E4AB089 
 760      E96E399A 
 760      CFF4
 761 0033 A21F27C0 		.ascii	"\242\037'\300\001X"
 761      0158
 762              		.text
 763              		.section	.gnu.lto_.decls.1b52db1c57ca6576,"e",%progbits
 764 0000 789CA55A 		.ascii	"x\234\245ZkTT\331\225\256S\247\212*\212\227Q\273\333"
 764      6B5454D9 
 764      95AE53A7 
 764      8A2A8A97 
 764      51BBDB
 765 0013 B476C6EE 		.ascii	"\264v\306\3561\235^\223A|\364J\322+kM\322\261gb\257"
 765      319D5E93 
 765      417CF44A 
 765      D22B6B4D 
 765      D2B16762 
 766 0028 D89DACD6 		.ascii	"\330\235\254\326\351t2\231U\203P\335\220\346a\240\260"
 766      E9743299 
 766      558350DD 
 766      90E661A0 
 766      B0
 767 0039 35F323C5 		.ascii	"5\363#\305C\004\004D\221\367\373\245  \340\033\345Q"
 767      43040444 
 767      91F7FBA5 
 767      2020E01B 
ARM GAS  /tmp/ccAo1GaJ.s 			page 61


 767      E551
 768 004b 808A8028 		.ascii	"\200\212\200(\250\200<D\336\"\002\"\210 \242\314>\347"
 768      A8803C44 
 768      DE220222 
 768      8820A2CC 
 768      3EE7
 769 005d DC7BB9B7 		.ascii	"\334{\271\267\212\262{\222\322\315\255s\356>\337\376"
 769      8AB27B92 
 769      D2CDAD73 
 769      EE3EDFFE 
 770 006d F63EFBEC 		.ascii	"\366>\373\354{\356\275\245\226!Y\230\243L\366\322J&"
 770      7BEEBDA5 
 770      96215998 
 770      A34CF6D2 
 770      4A26
 771 007f BB06B200 		.ascii	"\273\006\262\000\037[\231L\326\014B\216U # OA\340\264"
 771      1F5B994C 
 771      D60C428E 
 771      55202320 
 771      4F41E0B4 
 772 0093 EC39C832 		.ascii	"\3549\3102$\223\255\004Y\015\362\026\210\015\310\017"
 772      2493AD04 
 772      590DF216 
 772      880DC80F 
 773 00a3 40D68290 		.ascii	"@\326\202\220\317\367A~\014\337\327\203l\000\331\004"
 773      CFF7417E 
 773      0CDFD783 
 773      6C00D904 
 774 00b3 F273902D 		.ascii	"\362s\220- [A>\005\331\016\362\005\210\026\304\035\304"
 774      205B413E 
 774      05D90EF2 
 774      058816C4 
 774      1DC4
 775 00c5 0B642F48 		.ascii	"\013d/H0H\010H\030H8H$\310\021\2208\220d\220t\220\034"
 775      30480848 
 775      18483848 
 775      24C81190 
 775      38906490 
 776 00dc 907C1005 		.ascii	"\220|\020\005\3309\003\307s F\220\032\316>\377\371\275"
 776      D83903C7 
 776      73204690 
 776      1ACE3EFF 
 776      F9BD
 777 00ee 5C267B1D 		.ascii	"\\&{\035\216n \313AV\212\374\361\007\335.\220V\2207"
 777      8E6E20CB 
 777      41568AFC 
 777      F107DD2E 
 777      90569037 
 778 0102 A1DD8D98 		.ascii	"\241\335\215\230\177\275p\014\000\331\007\322\007\322"
 778      7FBD700C 
 778      00D907D2 
 778      07D2
 779 0110 0F320032 		.ascii	"\0172\0002\010R\002\342\0112\004\342\306\331Rr\276\006"
 779      085202E2 
 779      093204E2 
 779      C6D95272 
 779      BE06
ARM GAS  /tmp/ccAo1GaJ.s 			page 62


 780 0122 73FCBD38 		.ascii	"s\374\2758\177\020\307M\374\371o\340\363=\023>#\304"
 780      7F10C74D 
 780      FCF96FE0 
 780      F33D133E 
 780      23C4
 781 0134 0FE8FF11 		.ascii	"\017\350\377\021|\177\027\304\032\332Jh;\302\021\303"
 781      7C7F17C4 
 781      1ADA4A68 
 781      3BC211C3 
 782 0144 7114B178 		.ascii	"q\024\261x;pq&\361Ws\276/\300\321\026D\016z\366\034"
 782      3B707126 
 782      F15773BE 
 782      2FC0D116 
 782      440E7AF6 
 783 0159 FFF55CCC 		.ascii	"\377\365\\\314H\354Tr\026\307\020\216\3179\023>\316"
 783      48EC5472 
 783      16C7108E 
 783      CF39133E 
 783      CE
 784 016a 70DE9AE3 		.ascii	"p\336\232\343C\354\253\241\035\313\361\341m[\3031\232"
 784      43ECABA1 
 784      1DCBF1E1 
 784      6D5BC331 
 784      9A
 785 017b 70E1ECBD 		.ascii	"p\341\354\275\004y\001\242\226\261\271\265\221\263\271"
 785      047901A2 
 785      96B1B9B5 
 785      91B3B9
 786 018a B183A303 		.ascii	"\261\203\243\003\361\017d\205\234\315\231\351G\007\375"
 786      F10F6485 
 786      9CCD99E9 
 786      4707FD
 787 0199 76227B2B 		.ascii	"v\"{+\345\213\276\245\231\330%\276\276&g\363\225\304"
 787      E58BBEA5 
 787      99D825BE 
 787      BE2667F3 
 787      95C4
 788 01ab F94B7C5D 		.ascii	"\371K|]\020\371Kb\277\211\313\011\342+\341\220l\301"
 788      10F94B62 
 788      BF89CB09 
 788      E22BE190 
 788      6CC1
 789 01bd D76FE42C 		.ascii	"\327o\344,\346\342\330\213\363\230\360!\366\371\030"
 789      E6E2D88B 
 789      F398F021 
 789      F6F918
 790 01cc F03CDE04 		.ascii	"\360<\336\004y\035\276\377Q\306x\362\361Pr\361x\203"
 790      791DBEFF 
 790      51C678F2 
 790      F15072F1 
 790      7883
 791 01de 9B833962 		.ascii	"\233\2039bO\316\342\362\363\377g\\\366\277\202\333["
 791      4FCEE2F2 
 791      F3FF675C 
 791      F6BF82DB 
 791      5B
 792 01ef A2FC30E5 		.ascii	"\242\3740\345F\370\020^k\020\213\223)71\2577\270\374"
ARM GAS  /tmp/ccAo1GaJ.s 			page 63


 792      46F8105E 
 792      6B108B93 
 792      293731AF 
 792      37B8FC
 793 0202 D822E2A6 		.ascii	"\330\"\342\246z\005\247C$\306Kp\262Y\202\217\0032\317"
 793      7A05A743 
 793      24C64B70 
 793      B259828F 
 793      0332CF
 794 0215 17325FF6 		.ascii	"\0272_\366H\232\243\304\376V\223\330X\262\237\002\375"
 794      489AA3C4 
 794      FE5693D8 
 794      58B29F02 
 794      FD
 795 0226 AB96B0FF 		.ascii	"\253\226\260\377\003\316W~\275\362\\\310Z\335\303\255"
 795      03CE577E 
 795      BDF25CC8 
 795      5ADDC3AD 
 796 0236 D537A0AF 		.ascii	"\3257\240\257\234[\253\226b\306\363\264\022\305\352"
 796      9C5BAB96 
 796      62C6F3B4 
 796      12C5EA
 797 0245 39C83CC8 		.ascii	"9\310<\3103\220Y\304\326\306\247\242u-\216\233\230;"
 797      339059C4 
 797      D6C6A7A2 
 797      752D8E9B 
 797      983B
 798 0257 A16F34F1 		.ascii	"\241o4\361\341\230\234\325OS\376\244\366Tq\371\277J"
 798      E1989CD5 
 798      4F53FEA4 
 798      F65471F9 
 798      BF4A
 799 0269 CEFCF904 		.ascii	"\316\374\371\004\344\373\360\375_8\014\262\326H}$\266"
 799      E4FBF0FD 
 799      5F380CB2 
 799      D6487D24 
 799      B6
 800 027a 7FBC446C 		.ascii	"\177\274DlJ\310|.\201-\216\013\237\317\342\032Fj\370"
 800      4AC87C2E 
 800      812D8E0B 
 800      9FCFE21A 
 800      466AF8
 801 028d B46CE9B8 		.ascii	"\264l\351\270\230\346\267\270\276\360q\321\310X\315"
 801      98E6B7B8 
 801      BEF071D1 
 801      C858CD
 802 029c 368DC752 		.ascii	"6\215\307R9Nh\233\326\343J\262\336\227\340M\256\033"
 802      394E689B 
 802      D6E34AB2 
 802      DE97E04D 
 802      AE1B
 803 02ae ADDC1A24 		.ascii	"\255\334\032$\265\370M9\253\315$6\307\311\372\204v6"
 803      B5F84D39 
 803      ABCD2436 
 803      C7C9FA84 
 803      7636
 804 02c0 1CD7C0F1 		.ascii	"\034\327\300\361\367\034&\311qr\355X+g\327\002rM\370"
ARM GAS  /tmp/ccAo1GaJ.s 			page 64


 804      F71C26C9 
 804      7172ED58 
 804      2B67D702 
 804      724DF8
 805 02d3 628958C5 		.ascii	"b\211X\305aT\026\374\242B\025\211\321\2174\210\\\335"
 805      615416FC 
 805      A2421589 
 805      D18F3488 
 805      5CDD
 806 02e5 1CA0ABF6 		.ascii	"\034\240\253\366\321\330m\304\272\210F\376\265\003#"
 806      D1D86DC4 
 806      BA8846FE 
 806      B50323
 807 02f4 F6584EBF 		.ascii	"\366XN\277\227G\327\315\3338\025\032\330G\035\206e\250"
 807      9747D7CD 
 807      DB38151A 
 807      D8471D86 
 807      65A8
 808 0306 0CE145B4 		.ascii	"\014\341E\264\274\354C\231V\3707T\267; e\326\026`\226"
 808      BCEC4399 
 808      56F83754 
 808      B73B2065 
 808      D6166096 
 809 031a 6B90029A 		.ascii	"k\220\002\232G\352O\327i\240\271R\203\326B3\261'?\303"
 809      47EA4FD7 
 809      69A0B952 
 809      83D64233 
 809      B1273FC3 
 810 032e 56136230 		.ascii	"V\023b0\004\030\322\003\015\326[e\310\210V\243J\264"
 810      0418D203 
 810      0DD65B65 
 810      C88856A3 
 810      4AB4
 811 0340 5A862A10 		.ascii	"Z\206*\020\265]\216\234\320E\350\273@\372\252\220\006"
 811      B55D8E9C 
 811      D045E8BB 
 811      40FAAA90 
 811      06
 812 0351 06552EC4 		.ascii	"\006U.\304V*\030\244\032\2321\307\253\346m\031\244\221"
 812      562A18A4 
 812      1A9A31C7 
 812      ABE66D19 
 812      A491
 813 0363 58CC6869 		.ascii	"X\314hi\012@\254\275\014\232\255w\263\322\271\246\022"
 813      0A40ACBD 
 813      0C9AAD77 
 813      B3D2B9A6 
 813      12
 814 0374 9A8F477B 		.ascii	"\232\217G{\332Ux\007\341\206;\313\232\357\331\0036\371"
 814      DA557807 
 814      E1863BCB 
 814      9AEFD903 
 814      36F9
 815 0386 AF4930A8 		.ascii	"\257I0\250Q\035\322\310\022\014@gBE\277Sb\206\300&\230"
 815      511DD2C8 
 815      120C4067 
 815      4245BF53 
ARM GAS  /tmp/ccAo1GaJ.s 			page 65


 815      6286C026 
 816 039b 01B47935 		.ascii	"\001\264y5\332\260\032&\215\364\243Z\030r\025\030\001"
 816      DAB01A26 
 816      8DF4A35A 
 816      18721518 
 816      01
 817 03ac E0B92BC3 		.ascii	"\340\271+\3039\234y;h\006\264\024\234\263gM\014\315"
 817      399C793B 
 817      6806B414 
 817      9CB3674D 
 817      0CCD
 818 03be C2DC7D99 		.ascii	"\302\334}\231\016\370\013j\256'\"yP\265h\216\230A\350"
 818      0EF80B6A 
 818      AE272279 
 818      50B5688E 
 818      9841E8
 819 03d1 0635A9A6 		.ascii	"\0065\251\246G\316\\\261\330\034\351G\327aH#3\2277\035"
 819      47CE5CB1 
 819      D81CE947 
 819      D7614823 
 819      3397371D 
 820 03e5 99C405D0 		.ascii	"\231\304\005\320\026\232YC\251\363j\274\223\342_5\216"
 820      169A5943 
 820      A9F36ABC 
 820      93E25F35 
 820      8E
 821 03f6 2CD88ADD 		.ascii	",\330\212\335\271\315\273\263\214~\345\340\243\304\360"
 821      B9CDBBB3 
 821      8C7EE5E0 
 821      A3C4F0
 822 0405 A41FDD84 		.ascii	"\244\037\335\204\021\267\030<?]+\331t\035\256\231\272"
 822      11B7183C 
 822      3F5D2BD9 
 822      741DAE99 
 822      BA
 823 0416 658BFF4C 		.ascii	"e\213\377L\341\313\302\223&\354\221\206\341sXF1V\033"
 823      E1CBC293 
 823      26EC9186 
 823      E1735846 
 823      31561B
 824 0429 C16A87B3 		.ascii	"\301j\207\263w\000\213\371\207i'\341B\216d\302\317\345"
 824      77008BF9 
 824      876927E1 
 824      428E64C2 
 824      CFE5
 825 043b 3522BC8B 		.ascii	"5\"\274\213\246\306\300\321\372\275\314\324jheO\336"
 825      A6C6C0D1 
 825      FABDCCD4 
 825      6A68654F 
 825      DE
 826 044c 0CB5C57E 		.ascii	"\014\265\305~\324T\337\374`\252\215\304Tz`\261J\224"
 826      D454DFFC 
 826      60AA8DC4 
 826      547A60B1 
 826      4A94
 827 045e 1D327497 		.ascii	"\0352t\227\030\353\206\346=jLM;\230\321\205\205\277"
 827      18EB86E6 
ARM GAS  /tmp/ccAo1GaJ.s 			page 66


 827      3D6A4C4D 
 827      3B98D185 
 827      85BF
 828 0470 2DFC136D 		.ascii	"-\374\023m\307aubF\343~\204\326\221\317\212u\3532\011"
 828      C7617562 
 828      46E37E84 
 828      D691CF8A 
 828      75EB3209 
 829 0484 96F146EE 		.ascii	"\226\361F\356\272\224\233\303\206\334\253\210h\241."
 829      BA949BC3 
 829      86DCAB88 
 829      68A12E
 830 0493 C8B441B4 		.ascii	"\310\264A\264\002u\012\340N\253I\252\241~\264\216X\224"
 830      02750AE0 
 830      4EAB49AA 
 830      A17EB48E 
 830      5894
 831 04a5 C9D8B0EA 		.ascii	"\311\330\260\352\267\342\015a\233H\002\240+\334\220"
 831      B7E20D61 
 831      9B4802A0 
 831      2BDC90
 832 04b4 CB88F35D 		.ascii	"\313\210\363]4\342\322\342\210\2765\361\006c\206\025"
 832      34E2D2E2 
 832      88BE35F1 
 832      06638615 
 833 04c4 5AA3411D 		.ascii	"Z\243A\035\334\210\315\346\00362}\203\301\330\235\""
 833      DC88CDE6 
 833      0336327D 
 833      83C1D89D 
 833      22
 834 04d5 4F32846C 		.ascii	"O2\204lB\357\201oD\271\006\340\2539F\360g\243\000<\236"
 834      42EF816F 
 834      44B906E0 
 834      AB3946F0 
 834      67A3003C 
 835 04ea BC3C2030 		.ascii	"\274< 0\035\220!\254\250\225\203nY\202\314fh\037\"\330"
 835      1D9021AC 
 835      A895836E 
 835      5982CC66 
 835      681F22D8 
 836 04fe 51204821 		.ascii	"Q H!\023A\222!du\365\201\332\000\310}\220!\220^\220"
 836      13419221 
 836      6475F581 
 836      DA00C87D 
 836      9021905E 
 837 0513 1EB48EAC 		.ascii	"\036\264\216\254efln\015\365\0332\021]\343L5,a\252~"
 837      65666C6E 
 837      0DF51B32 
 837      115DE34C 
 837      352C61AA 
 838 0528 D1EF4936 		.ascii	"\321\357I6\002\222\0135s#6\231\017h\"\003`\346'\213"
 838      02920B35 
 838      73233699 
 838      0F682203 
 838      60E6278B 
 839 053c 529F3AE0 		.ascii	"R\237:\340bD\223\242\"\354\340\260j\305\222\224\321"
 839      624493A2 
ARM GAS  /tmp/ccAo1GaJ.s 			page 67


 839      22ECE0B0 
 839      6AC59294 
 839      D1
 840 054d 3087F52D 		.ascii	"0\207\365-\254\001e\241f\344\264\203m\230PW\320\003"
 840      AC0165A1 
 840      66E4B483 
 840      6D985057 
 840      D003
 841 055f 18B6983C 		.ascii	"\030\266\230<#\210\\w\310\001t/f\004\327X\261rb\017"
 841      23885C77 
 841      C801742F 
 841      6604D758 
 841      B172620F 
 842 0573 CDD1E4F0 		.ascii	"\315\321\344\360\203\012R\222\014\334P\350_\0349J\322"
 842      830A5292 
 842      0CDC50E8 
 842      5F1C394A 
 842      D2
 843 0584 0E7C78C8 		.ascii	"\016|x\310\226\213\2618\372\226\212\215%53<\"f\306\201"
 843      968BB138 
 843      FA968A8D 
 843      2535333C 
 843      2266C681 
 844 0598 A5F42C39 		.ascii	"\245\364,9\3352[>g\213\313\250g\330?l\256\035K\327O"
 844      DD325B3E 
 844      678BCBA8 
 844      67D83F6C 
 844      AE1D4BD7 
 845 05ad 9601AFE2 		.ascii	"\226\001\257\342\327\017z\004\336M\020\370\307\2400"
 845      D70F7A04 
 845      DE4D10F8 
 845      C7A030
 846 05bc C965F584 		.ascii	"\311e\365\204\220\325\177\243\337\011\337\300\276\010"
 846      90D57FA3 
 846      DF09DFC0 
 846      BE08
 847 05ca FBE5515C 		.ascii	"\373\345Q\\\204~\211H?\032\2071c\224\341\024Z\316h\322"
 847      847E8948 
 847      3F1A8731 
 847      6394E114 
 847      5ACE68D2 
 848 05de 40840C4C 		.ascii	"@\204\014L\227\333h8kA\257\262\006\312\321\241\376\217"
 848      97DB6838 
 848      6B41AFB2 
 848      06CAD1A1 
 848      FE8F
 849 05f0 EDC4C84F 		.ascii	"\355\304\310O^\201<v\246\242\332^\034\342i\264\\\024"
 849      5E813C76 
 849      A6A2DA5E 
 849      1CE269B4 
 849      5C14
 850 0602 A8A72CC4 		.ascii	"\250\247,\304Oi\210\215=\021\3170\304\005\326\301\002"
 850      4F69888D 
 850      3D11CF30 
 850      C405D6C1 
 850      02
 851 0613 125D5BD6 		.ascii	"\022][\326\260k\313\003c\313C\265:\230\222\254\021\205"
ARM GAS  /tmp/ccAo1GaJ.s 			page 68


 851      B06BCB03 
 851      63CB43B5 
 851      3A9892AC 
 851      1185
 852 0625 44869E21 		.ascii	"D\206\236!5\231m\031\232\005\340\031\306r\340^F\262"
 852      35996D19 
 852      9A05E019 
 852      C672E05E 
 852      46B2
 853 0637 1257B174 		.ascii	"\022W\261tIM\316\217GK\014Es\340\237\331h\364\234^1"
 853      494DCE8F 
 853      474B0C45 
 853      73E09FD9 
 853      68F49C5E 
 854 064c FCE3535F 		.ascii	"\374\343S_*\3605\206\320\271\257$\022\261\204#\037\304"
 854      2AF03586 
 854      D0B9AF24 
 854      12B18423 
 854      1FC4
 855 065e 2E90E805 		.ascii	".\220\350\005\3133.\237\022\207\2577[\341&6\"\243\244"
 855      CB332E9F 
 855      1287AF37 
 855      5BE12636 
 855      22A3A4
 856 0671 E89095E9 		.ascii	"\350\220\225\351\010\364\022\014J\00755\317fK\222pA"
 856      08F4120C 
 856      4A073535 
 856      CF664B92 
 856      7041
 857 0683 928406B9 		.ascii	"\222\204\006\271-\323{\030\030?\206p\027\003\177x\274"
 857      2DD37B18 
 857      183F8670 
 857      17037F78 
 857      BC
 858 0694 E3B63D1E 		.ascii	"\343\266=\036b\215+i\225\036d\207Bx#?\005\351J\356\217"
 858      628D2B69 
 858      951E6487 
 858      4278233F 
 858      05E94AEE 
 859 06a9 CDC766C6 		.ascii	"\315\307f\306\375\345\030\005\311\305\306S&\352\256"
 859      FDE51805 
 859      C9C5C653 
 859      26EAAE
 860 06b8 4AA6879C 		.ascii	"J\246\207\234^4\276\2177\336u\267\375\001\2466\240\013"
 860      5E34BE8F 
 860      37DE75B7 
 860      FD01A636 
 860      A00B
 861 06ca 05CAA991 		.ascii	"\005\312\251\221\340\313Q\027\355XZ\313\311\265\177"
 861      E0CB5117 
 861      ED585ACB 
 861      C9B57F
 862 06d9 6E2855F5 		.ascii	"n(U\365F\014\315\213@\30329r{\235T9\264_N\240B\344o"
 862      460CCD8B 
 862      40C33239 
 862      727B9D54 
 862      39B45F4E 
ARM GAS  /tmp/ccAo1GaJ.s 			page 69


 863 06f1 C850B05C 		.ascii	"\310P\260\\\301\360\032o\344\336T\210\355\302i\221\335"
 863      C1F01A6F 
 863      E4DE5488 
 863      EDC26991 
 863      DD
 864 0702 50304249 		.ascii	"P0BI\202jn\313\271\203*\374\210\233\206\211\364y+K\343"
 864      826A6ECB 
 864      B9832AFC 
 864      889B8689 
 864      F4792B4B 
 865 0717 5018F827 		.ascii	"P\030\370'\032\212\217\346\324\337S\"\250\350\254\336"
 865      1A8A8FE6 
 865      D4DF5322 
 865      A8E8ACDE 
 866 0727 0CE55B25 		.ascii	"\014\345[%\032\214AV$\246h\036&\"B\342\254P<\227.+$"
 866      1A8C4156 
 866      24A6681E 
 866      262242E2 
 866      AC503C97 
 867 073e 78112C78 		.ascii	"x\021,x(\\\276\016E\312E\305\257\011]\375\037t\000`"
 867      285CBE0E 
 867      45CA45C5 
 867      AF095DFD 
 867      1F740060 
 868 0752 03E44BC2 		.ascii	"\003\344K\302\032\271\"\026z 5\311R\335\262`\000F\275"
 868      1AB92216 
 868      7A2035C9 
 868      52DDB260 
 868      0046BD
 869 0765 287858AA 		.ascii	"(xX\252\024{}Pb!\212\316\0229\210\366h\1770\337\243"
 869      147B7D50 
 869      62218ACE 
 869      123988F6 
 869      687F30DF 
 870 077a FD81ADA3 		.ascii	"\375\201\255\243\231K\251)\010\317\260\200\306\345]"
 870      994BA929 
 870      08CFB080 
 870      C6E55D
 871 0789 2971587A 		.ascii	")qXzk\025-\247C\010\235\303\362\325\350\020L#:\"'[\253"
 871      6B152DA7 
 871      43089DC3 
 871      F2D5E810 
 871      4C233A22 
 872 07a0 93177BE7 		.ascii	"\223\027{\347\2258\200m\363J\317\030\033U8\2126\344"
 872      9538806D 
 872      F34ACF18 
 872      1B55388A 
 872      36E4
 873 07b2 A99DEDD5 		.ascii	"\251\235\355\325j\2108\213\312B\375\206\224\216a\203"
 873      6A88388B 
 873      CA42FD86 
 873      948E6183 
 874 07c2 E1F02A5A 		.ascii	"\341\360*Z\315c\0010\376\025!\007\0024"
 874      CD630130 
 874      FE152107 
 874      0234
 875 07d0 22028318 		.ascii	"\"\002\203\030n\000\241\020'D\343\346h\351\250\015\276"
ARM GAS  /tmp/ccAo1GaJ.s 			page 70


 875      6E00A110 
 875      2744E3E6 
 875      68E9A80D 
 875      BE
 876 07e1 C3AC9F2D 		.ascii	"\303\254\237-M\371\301\012nt\220tt\302\222\243[2\037"
 876      4DF9C10A 
 876      6E749074 
 876      74C292A3 
 876      5B321F
 877 07f4 4DDB8963 		.ascii	"M\333\211c\231(a\224\304b\231Dc9{6\344\272\315\212\245"
 877      99286194 
 877      C4629944 
 877      63397B36 
 877      E4BACD8A 
 878 0809 B92D8D1E 		.ascii	"\271-\215\036\224T\341/\231\251d\011z\012CO\241\350"
 878      9454E12F 
 878      99A96409 
 878      7A0A434F 
 878      A1E8
 879 081b C133B5CB 		.ascii	"\3013\265\313\305\252$D\213\252\251L5\225\252f\214T"
 879      C5AA2444 
 879      8BAAA94C 
 879      3595AA66 
 879      8C54
 880 082d 763BF069 		.ascii	"v;\360i\023\364\367^\356\352\037W$\250\305\026\323$"
 880      13F4F75E 
 880      EEEA1F57 
 880      24A8C516 
 880      D324
 881 083f E4D299C5 		.ascii	"\344\322\231\305tf\361nO\245u/l\233\344\244\017\325"
 881      7466F16E 
 881      4FA5752F 
 881      6C9BE4A4 
 881      0FD5
 882 0851 C1DD2AF9 		.ascii	"\301\335*\371G\376\260ZB\216\210|'\262\300\177\020\371"
 882      47FEB05A 
 882      428E887C 
 882      27B2C07F 
 882      10F9
 883 0863 707A32EE 		.ascii	"pz2\356\346\205\357c\007\376\017\353\223s(r\356\266"
 883      E685EF63 
 883      07FE0FEB 
 883      93732872 
 883      EEB6
 884 0875 00B1310C 		.ascii	"\000\2611\014\2356E\320\354<\342\316\363 l\000_\220"
 884      9D3645D0 
 884      EC3CE2CE 
 884      F3206C00 
 884      5F90
 885 0887 F9815C97 		.ascii	"\371\201\\\227\2343'\036\201\314\030/\002\312\004P\376"
 885      9C33271E 
 885      81CC182F 
 885      02CA0450 
 885      FE
 886 0898 8384FB95 		.ascii	"\203\204\373\225\324\027\021i\366}\250\307\237\354\301"
 886      D4171169 
 886      F67DA8C7 
ARM GAS  /tmp/ccAo1GaJ.s 			page 71


 886      9FECC1
 887 08a7 4AA7D7CB 		.ascii	"J\247\327\313\320kQke4\013c\242\233#\225xV\376\252K"
 887      D06B516B 
 887      65340B63 
 887      A29B2395 
 887      7856FEAA 
 888 08bc 45B6A4F0 		.ascii	"E\266\244\360\206\315\277\354\2623+\320d.\245z\215\035"
 888      86CDBFEC 
 888      B2332BD0 
 888      642EA57A 
 888      8D1D
 889 08ce D5276DC5 		.ascii	"\325'm\305s\226#\231\263\243|\201\216\233N9oE\0134t"
 889      73962399 
 889      B3A37C81 
 889      8E9B4E39 
 889      6F450B34 
 890 08e3 711781BC 		.ascii	"q\027\201\274\256\362\223r\332GR\353\030+\332\351\215"
 890      AEF29372 
 890      DA4752EB 
 890      182BDAE9 
 890      8D
 891 08f4 A5076D85 		.ascii	"\245\007m\205\316\\\326\231S\221\021\341`\261t\037'"
 891      CE5CD699 
 891      539111E1 
 891      60B1741F 
 891      27
 892 0905 A53B8F2F 		.ascii	"\245;\217/\335U\3355G\255\336I7\030{\014\306{\303ks"
 892      DD55DD35 
 892      47ADDE49 
 892      37187B0C 
 892      C67BC36B 
 893 091a 2FC002D7 		.ascii	"/\300\002\327(\210\022\312\2025\301Q'\337e(S\336\207"
 893      288812CA 
 893      8235C151 
 893      27DF6528 
 893      53DE87
 894 092d 50869C3C 		.ascii	"P\206\234<\012D\371\362w\310\226\353LR\260\022_\302"
 894      0A44F9F2 
 894      77C896EB 
 894      4C52B012 
 894      5FC2
 895 093f 2C6C9997 		.ascii	",l\231\227n[[4[H\314\372qV\273\243\217U:\200\325\036"
 895      6E5B5B34 
 895      5B48CCFA 
 895      7156BBA3 
 895      8F553A80 
 896 0955 B03A9E2F 		.ascii	"\260:\236/\207:\016\227r\203\234(\241\002\221\331\002"
 896      873A0E97 
 896      72839C28 
 896      A10291D9 
 896      02
 897 0966 53B327A8 		.ascii	"S\263'\250\331^\377\023'U\270\221\231\355x~\363\264"
 897      D95EFF13 
 897      2755B891 
 897      99ED787E 
 897      F3B4
 898 0978 92C31A3A 		.ascii	"\222\303\032:o+\301*\022a\025\231b\025S\254\200cQ\347"
ARM GAS  /tmp/ccAo1GaJ.s 			page 72


 898      6F2BC12A 
 898      12611599 
 898      621553AC 
 898      806351E7 
 899 098c 6C703FC3 		.ascii	"lp?\303:\022\177g\304\236\303\252\376\271\004\252D\004"
 899      3A127F67 
 899      C49EC3AA 
 899      FEB904AA 
 899      4404
 900 099e 55620A75 		.ascii	"Ub\012u\222B\205\337\275\372\022\343\011\006U\322]\255"
 900      924285DF 
 900      BDFA12E3 
 900      090655D2 
 900      5DAD
 901 09b0 32CB0852 		.ascii	"2\313\010R\002OK2\2429\246\264E\315\353\005\361z\011"
 901      024F4B32 
 901      A239A6B4 
 901      45CDEB05 
 901      F17A09
 902 09c3 667A9131 		.ascii	"fz\2211i\365rq\346\234\221d\316Y>s\036\207\227,\250"
 902      69F57271 
 902      E69C9164 
 902      CE593E73 
 902      1E87972C 
 903 09d8 69429C15 		.ascii	"iB\234\0252\247l*\241JI\373\240\340\243s,I\246\263\032"
 903      32A76C2A 
 903      A14A49FB 
 903      A0E0A373 
 903      2C49A6B3 
 904 09ed 1E23610F 		.ascii	"\036#a\017p\236u\326V\315\207)-N\341\0052\205\245|\346"
 904      709E75D6 
 904      56CD8729 
 904      2D4EE105 
 904      3285A57C 
 905 0a02 54E7278E 		.ascii	"T\347'\216\251\271X\315\375F\210\025(\241S\242X\235"
 905      A9B958CD 
 905      FD468815 
 905      28A153A2 
 905      589D
 906 0a14 328DD545 		.ascii	"2\215\325E\032\253\366\253y\021j\034\240\240\261J,\037"
 906      1AABF6AB 
 906      79116A1C 
 906      A0A0B14A 
 906      2C1F
 907 0a26 5A63162B 		.ascii	"Zc\026+\363\030\004\026\3444\332\210cP.\211A\005\037"
 907      F3180416 
 907      E434DA88 
 907      63502E89 
 907      41051F
 908 0a39 83EED8EA 		.ascii	"\203\356\330\352\317\251g\025B\010\262'\316\\\267\027"
 908      CFA96715 
 908      4208B227 
 908      CE5CB717 
 909 0a49 4250C9BC 		.ascii	"BP\311\274m\014(\371\255\020\001#\353K\316>\365\266"
 909      6D0C28F9 
 909      AD100123 
 909      EB4BCE3E 
ARM GAS  /tmp/ccAo1GaJ.s 			page 73


 909      F5B6
 910 0a5b C5005493 		.ascii	"\305\000T\223\000T\361\001\230\352\253\034D\\\000\372"
 910      0054F101 
 910      98EAAB1C 
 910      445C00FA 
 911 0a6b BE100200 		.ascii	"\276\020\002\000J\250L\024\2002\323\000\324\320\000"
 911      4AA84C14 
 911      8032D300 
 911      D4D000
 912 0a7a 9C3910D1 		.ascii	"\2349\020\321i\207\217\260\000\024\217\225gk(\225\003"
 912      69878FB0 
 912      00148F95 
 912      676B2895 
 912      03
 913 0a8b 02E5AA9C 		.ascii	"\002\345\252\234\013\375\366\002\275\313\214\336d\350"
 913      0BFDF602 
 913      BDCB8CDE 
 913      64E8
 914 0a99 B9102B8B 		.ascii	"\271\020+\213\374j\011\277+<\277\350\247\367'\025\034"
 914      FC6A09BF 
 914      2B3CBFE8 
 914      A7F72715 
 914      1C
 915 0aaa BFFA3F09 		.ascii	"\277\372?\011\374@\011]\022\361\273d\312\357*\345\327"
 915      FC40095D 
 915      12F1BB64 
 915      CAEF2AE5 
 915      D7
 916 0abb 525858A0 		.ascii	"RXX\240\302y\214\337\302\201\270\333\012\312%U\340\227"
 916      C2798CDF 
 916      C281B8DB 
 916      0ACA2555 
 916      E097
 917 0acd 3B583E6C 		.ascii	";X>l+\364\3253~\263#\323)\213\244\033X\347\324\241\304"
 917      2BF4D533 
 917      7EB323D3 
 917      298BA41B 
 917      58E7D4A1 
 918 0ae2 83C822E9 		.ascii	"\203\310\"\351FB\372\032O:n\276\366:_\031\346\334\004"
 918      4642FA1A 
 918      4F3A6EBE 
 918      F63A5F19 
 918      E6DC04
 919 0af5 D2A084EA 		.ascii	"\322\240\204\352D\244\353LI_\247\244\017\327\035\332"
 919      44A4EB4C 
 919      495FA7A4 
 919      0FD71DDA 
 920 0b05 6787CB18 		.ascii	"g\207\313\030\351\245\212h\353T\306\370\342\316\267"
 920      E9A58A68 
 920      EB54C6F8 
 920      E2CEB7
 921 0b14 89F1CB9D 		.ascii	"\211\361\313\235;}Oc\221\337M\302\257Y\230\364\206\254"
 921      3B7D4F63 
 921      91DF4DC2 
 921      AF5998F4 
 921      86AC
 922 0b26 093EA87D 		.ascii	"\011>\250}\037\013\374@\011\335\020\361\273a\312\357"
ARM GAS  /tmp/ccAo1GaJ.s 			page 74


 922      1F0BFC40 
 922      09DD10F1 
 922      BB61CAEF 
 923 0b36 16E5773D 		.ascii	"\026\345w=\350E?\306\215\214\337Pwd\247R\250\335\214"
 923      E8453FC6 
 923      8D8CDF50 
 923      7764A752 
 923      A8DD8C
 924 0b49 DFE0B3DA 		.ascii	"\337\340\263\332.;\201_\013\343\267\220\370\240\303"
 924      2E3B815F 
 924      0BE3B790 
 924      F8A0C3
 925 0b58 CE22BF36 		.ascii	"\316\"\2776\302\257\225\347\22700\327\211y~\236\002"
 925      C2AF95E7 
 925      973030D7 
 925      89797E9E 
 925      02
 926 0b69 3F5042B7 		.ascii	"?PB\267E\374n\233\362\273C\371\305\337\273\267_\211"
 926      45FC6E9B 
 926      F2BB43F9 
 926      C5DFBBB7 
 926      5F89
 927 0b7b BB387EED 		.ascii	"\2738~\3555'5f\245\311\374\242vy.lJr\327\321!Y\226\235"
 927      35273566 
 927      A5C9FCA2 
 927      76792E6C 
 927      4A72D7D1 
 928 0b93 FCB24C1F 		.ascii	"\374\262L\037\277R\343@}\353\024\346\243\256\256\246"
 928      BF52E340 
 928      7DEB14E6 
 928      A3AEAEA6 
 929 0ba3 C44AF0B7 		.ascii	"\304J\360\267\213\371{\346\316\343H\205E\177\273\211"
 929      8BF97BE6 
 929      CEE34885 
 929      457FBB89 
 930 0bb3 BF77797F 		.ascii	"\277wy\177\357\015\005\004Zs\376\216\374B\360\027\224"
 930      EF0D0504 
 930      5A73FE8E 
 930      FC42F017 
 930      94
 931 0bc4 50BBC8DF 		.ascii	"P\273\310\337vS\177\357Q\177\217\245f\335\265\301c\226"
 931      76537FEF 
 931      517F8FA5 
 931      66DDB5C1 
 931      6396
 932 0bd6 F3457AD1 		.ascii	"\363Ez\321\355e\374\252\323/\274\205\303\224tP\325\315"
 932      ED65FCAA 
 932      D32FBC85 
 932      C3947450 
 932      D5CD
 933 0be8 3E7F8559 		.ascii	">\177\205Y\355\352\007\323\003\222 ]\035\335\337d\036"
 933      EDEA07D3 
 933      0392205D 
 933      1DDDDF64 
 933      1E
 934 0bf9 4C73BDCE 		.ascii	"Ls\275\316k\0239\222\015\355\240$\230C|0\353\356\347"
 934      6B133992 
ARM GAS  /tmp/ccAo1GaJ.s 			page 75


 934      0DEDA024 
 934      98437C30 
 934      EBEEE7
 935 0c0c BE4B7941 		.ascii	"\276KyA\017\352c\274\256\316N\264[\276\356\017\223\270"
 935      0FEA63BC 
 935      AECE4EB4 
 935      5BBEEE0F 
 935      93B8
 936 0c1e DDE7E316 		.ascii	"\335\347\343\026_T\230\247!q3\320Gc\347\213\207\015"
 936      5F5498A7 
 936      217133D0 
 936      4763E78B 
 936      870D
 937 0c30 211AAA84 		.ascii	"!\032\252\204zDq\203\357l\277\363\200\306\3138\221\035"
 937      7A447183 
 937      EF6CBFF3 
 937      80C6CB38 
 937      911D
 938 0c42 8F710473 		.ascii	"\217q\004s\275g\274:\012\213\251>\221ly\037\362T\353"
 938      BD67BC3A 
 938      0A8BA93E 
 938      916C791F 
 938      F254EB
 939 0c55 CF4697B1 		.ascii	"\317F\227\261\234~(\304\365\312\251\342\243\226K\302"
 939      9C7E28C4 
 939      F5CAA9E2 
 939      A3964BC2 
 940 0c65 18A13ACA 		.ascii	"\030\241:\312S\315kjjVrT\237\037\307\245\265\301\306"
 940      53CD6B6A 
 940      6A567254 
 940      9F1FC7A5 
 940      B5C1C6
 941 0c78 DF511D34 		.ascii	"\337Q\0354\"b:\3023\035\247L\237\265\247\315\331\341"
 941      22623AC2 
 941      331DA74C 
 941      9FB5A7CD 
 941      D9E1
 942 0c8a CB8C6961 		.ascii	"\313\214ia\300\363\313j\334\312\032\223\335]\271\244"
 942      C0F3CB6A 
 942      DCCA1A93 
 942      DD5DB9A4 
 943 0c9a 6EA1093A 		.ascii	"n\241\011:\202\\\007\212\036\034\260\302]\354\364\351"
 943      825C078A 
 943      1E1CB0C2 
 943      5DECF4E9 
 944 0caa 87D14964 		.ascii	"\207\321IdU\242I\2222\217Yd\213\375\215\307\354p/\323"
 944      55A24992 
 944      328F5964 
 944      8BFD8DC7 
 944      EC702FD3 
 945 0cbe A8EE1CBC 		.ascii	"\250\356\034\274\257\"\032O\210\306\024\3238Q\360\274"
 945      AF221A4F 
 945      88C614D3 
 945      3851F0BC 
 946 0cce 9855702B 		.ascii	"\230Up+~-\367\036\033\364\343{\2362\255\330\033\325"
 946      7E2DF71E 
 946      1BF4E37B 
ARM GAS  /tmp/ccAo1GaJ.s 			page 76


 946      9E32ADD8 
 946      1BD5
 947 0ce0 A358EC36 		.ascii	"\243X\3546\234Zt{\226\270=\303\273m\250H\017\260\005"
 947      9C5A747B 
 947      96B83DC3 
 947      BB6DA848 
 947      0FB005
 948 0cf3 B727D20D 		.ascii	"\267'\322\015\351\211\206_\005\030\302\015\306Sr\242"
 948      E989865F 
 948      0518C20D 
 948      C65372A2 
 949 0d03 841EF17E 		.ascii	"\204\036\361~\243i\320&M\346\3723\352ztDK\204\034?`"
 949      A369D026 
 949      4DE6FA33 
 949      EA7A7444 
 949      4B841C3F 
 950 0d18 64132A67 		.ascii	"d\023*g\016\251\304\2234 \311\247\347\374$\025\277\210"
 950      0EA9C493 
 950      3420C9A7 
 950      E7FC2415 
 950      BF88
 951 0d2a 9B12F2CE 		.ascii	"\233\022\362\316\337\262\336\310\350\363D\266\210\347"
 951      DFB2DEC8 
 951      E8F344B6 
 951      88E7
 952 0d38 85C96C6F 		.ascii	"\205\311lo\035\272HnR\337d7\251\364C\357\346Z\006#\271"
 952      1DBA486E 
 952      52DF6437 
 952      A9F443EF 
 952      E65A0623 
 953 0d4d 7E7E7D18 		.ascii	"~~}\030\376\006\375\225\241\347\213\225x\232\021\354"
 953      FE06FD95 
 953      A1E78B95 
 953      789A11EC 
 954 0d5d 78591362 		.ascii	"xY\023b\307\036\275\025\007\006}\317\177\243\350f\310"
 954      C71EBD15 
 954      07067DCF 
 954      7FA3E866 
 954      C8
 955 0d6e 80E96072 		.ascii	"\200\351`r/\264\000\367\254/\345\364YP\360\211\234\030"
 955      2FB400F7 
 955      AC2FE5F4 
 955      5950F089 
 955      9C18
 956 0d80 C926DA1F 		.ascii	"\311&\332\037\213\363.\000sT\203\312r\256\330\213]\262"
 956      8BF32E00 
 956      735483CA 
 956      72AED88B 
 956      5DB2
 957 0d92 A07733B6 		.ascii	"\240w3\266#\223\271\024\210m\321\0136SC\007\317\337"
 957      2393B914 
 957      886DD10B 
 957      36534307 
 957      CFDF
 958 0da4 518B670A 		.ascii	"Q\213g\012\" \232\252}\030\246*\010sS\325\326\033\336"
 958      22209AAA 
 958      7D18A62A 
ARM GAS  /tmp/ccAo1GaJ.s 			page 77


 958      087353D5 
 958      D61BDE
 959 0db7 2BE732F4 		.ascii	"+\3472\364~\345?\347\005\356\2170d \252\205\346D9:\307"
 959      7EE53FE7 
 959      05EE8F30 
 959      6420AA85 
 959      E644393A 
 960 0dcc 4F543026 		.ascii	"OT0&\0235;7s\302\001\337\261\242q\350\253I/S\361\030"
 960      13353B37 
 960      73C201DF 
 960      B1A271E8 
 960      AB492F53 
 961 0de2 7771C3B9 		.ascii	"wq\303\271\236&\377\250\225t\337\214\366\343E\014\370"
 961      9E26FFA8 
 961      9574DF8C 
 961      F6E3450C 
 961      F8
 962 0df3 CE304218 		.ascii	"\3160B\030\306\313#A\032\234\245b\271\333\331\024m\317"
 962      C6CB2341 
 962      1A9CA562 
 962      B9DBD914 
 962      6DCF
 963 0e05 61343CC2 		.ascii	"a4<\302]\227\351J!\010\241\"\204P\036!\214\"\314\005"
 963      5D97E94A 
 963      2108A122 
 963      84501E21 
 963      8C22CC05 
 964 0e19 4C76217C 		.ascii	"Lv!|\237!<>\3253i\315!t8&\032\252\331\346\367\200h\370"
 964      9F213C3E 
 964      D53369CD 
 964      21743826 
 964      1AAAD9E6 
 965 0e31 017E7838 		.ascii	"\001~x8\035^3\377\360O\370\005\033]z6-\225_\251\267"
 965      1D5E33FF 
 965      F04FF805 
 965      1B5D7A36 
 965      2D955FA9 
 966 0e46 C2942935 		.ascii	"\302\224)5\202\375\010\021@\004\017\020I\001\222\256"
 966      82FD0811 
 966      40040F10 
 966      490192AE 
 967 0e56 F4A4206C 		.ascii	"\364\244 lTS\204\3737\002j\254\361m\326h\036\255\314"
 967      545384FB 
 967      37026AAC 
 967      F16DD668 
 967      1EADCC
 968 0e69 B059FA69 		.ascii	"\260Y\372iF\0246{QDr\2516=\225]\335\017a~\025\036\273"
 968      4614367B 
 968      514472A9 
 968      363D955D 
 968      DD0F617E 
 969 0e80 6D18915B 		.ascii	"m\030\221[\2544\321d\036\017\363\363X\270\257h\300\201"
 969      AC34D164 
 969      1E0FF3F3 
 969      58B8AF68 
 969      C081
 970 0e92 E3FF3049 		.ascii	"\343\3770I\231\337@\371\203\016:(\342\177\220\347\177"
ARM GAS  /tmp/ccAo1GaJ.s 			page 78


 970      99DF40F9 
 970      830E3A28 
 970      E27F90E7 
 970      7F
 971 0ea3 84F24F48 		.ascii	"\204\362OH?\227\354\200C\255)\345\033\011Y\275\366b"
 971      3F97EC80 
 971      43AD29E5 
 971      1B0959BD 
 971      F662
 972 0eb5 6B84C8A2 		.ascii	"k\204\310\242\271X,\272\011\272\020;^\2029k\255\035"
 972      B9582CBA 
 972      09BA103B 
 972      5E82396B 
 972      AD1D
 973 0ec7 AB3202D3 		.ascii	"\2532\002\323\337#\012(Fd+\206\267\025\307bu\273\017"
 973      DF230A28 
 973      46642B86 
 973      B715C762 
 973      75BB0F
 974 0eda EEC4D2AD 		.ascii	"\356\304\322\255-\356\037Nw\3343.^\257\0220\355\364"
 974      2DEE1F4E 
 974      77DC332E 
 974      5EAF1230 
 974      EDF4
 975 0eec 9F3D3087 		.ascii	"\237=0\207-\206 \211pJ\344C0S\361$\311\206\277.\234"
 975      2D862089 
 975      704AE443 
 975      3053F124 
 975      C986BF2E 
 976 0f01 50A60506 		.ascii	"P\246\005\006\263T\006-\024/\"\026\317\023KfY\2600\333"
 976      B354062D 
 976      142F2216 
 976      CF134B66 
 976      59B030DB 
 977 0f15 ABC00F18 		.ascii	"\253\300\017\030\261\341\261\266V\245pQg\304nw45\250"
 977      B1E1B1B6 
 977      56A57051 
 977      67C46E77 
 977      3435A8
 978 0f28 2D724823 		.ascii	"-rH#\034Ry\016\225\001\307g\370\345\324\220\373\336"
 978      1C52790E 
 978      9501C767 
 978      F8E5D490 
 978      FBDE
 979 0f3a 89D38620 		.ascii	"\211\323\206 %QA)\"\002)<\201tJ\340i\353\235\017\361"
 979      25514129 
 979      2202293C 
 979      81744AE0 
 979      69EB9D0F 
 980 0f4f 0CB39F7A 		.ascii	"\014\263\237z;\350:K\203\347\213\027\234\370\213\006"
 980      3BE83A4B 
 980      83E78B17 
 980      9CF88B06 
 981 0f5f 5BBECC18 		.ascii	"[\276\314\030\276K\231\011\252:xE\2228Y\222\251\314"
 981      BE4B9909 
 981      AA3A7845 
 981      92385992 
ARM GAS  /tmp/ccAo1GaJ.s 			page 79


 981      A9CC
 982 0f71 26943379 		.ascii	"&\2243y\312\361\317\037\345\341\305\0120w\226]NA\011"
 982      CAF1CF1F 
 982      E5E1C50A 
 982      3077965D 
 982      4E4109
 983 0f84 65884867 		.ascii	"e\210Hg\360\244s(\351\316\2726\243\003~imq\217\335<"
 983      F0A47328 
 983      E9CEBA36 
 983      A3037E69 
 983      6D718FDD 
 984 0f99 9032AF14 		.ascii	"\2202\257\024<9\306"
 984      3C39C6
 985 0fa0 A633A6A7 		.ascii	"\2463\246\247\256B.\354\243rYg^d\203\345-\354q\3025"
 985      AE422EEC 
 985      A3725967 
 985      5E6483E5 
 985      2DEC71C2 
 986 0fb5 8FE77AA0 		.ascii	"\217\347z\240\350I\001\026.\375?+\342.\375\240\204\216"
 986      E8490116 
 986      2EFD3F2B 
 986      E22EFDA0 
 986      848E
 987 0fc7 8AB81EE5 		.ascii	"\212\270\036\345\271\346S\256U5\207[\021{<L\036\032"
 987      B9E653AE 
 987      5535875B 
 987      117B3C4C 
 987      1E1A
 988 0fd9 B616E516 		.ascii	"\266\026\345\026\330Y|cR\210\331\033\223\002LC\331p"
 988      D8597C63 
 988      5288D91B 
 988      93024C43 
 988      D970
 989 0feb E57E2266 		.ascii	"\345~\"fcm\240\371\342~\365\011%{cr\207\356\251#g"
 989      636DA0F9 
 989      E27EF509 
 989      257B6372 
 989      87EEA923 
 990 1000 5C4CDF6D 		.ascii	"\\L\337m\024\341\325\350\004&X\305x9\003\244\344;\366"
 990      14E1D5E8 
 990      042658C5 
 990      783903A4 
 990      E43BF6
 991 1013 5D6B569A 		.ascii	"]kV\232\276\256\260\244\034w\361`\265\325\333I\2324"
 991      BEAEB0A4 
 991      1C77F160 
 991      B5D5DB49 
 991      9A34
 992 1025 831A95C0 		.ascii	"\203\032\225\300\031\350\232\177\360\254\320\032\037"
 992      19E89A7F 
 992      F0ACD01A 
 992      1F
 993 1032 63CF4E33 		.ascii	"c\317N3\032\247b5\370\014k\354\317\177z\310\356\207"
 993      1AA76235 
 993      F80C6BEC 
 993      CF7F7AC8 
 993      EE87
ARM GAS  /tmp/ccAo1GaJ.s 			page 80


 994 1044 59862623 		.ascii	"Y\206&#y\022\362\257yG\015!Q\376t\034:\015a\311\227"
 994      7912F2AF 
 994      79470D21 
 994      51FE741C 
 994      3A0D61C9 
 995 1059 BF23B273 		.ascii	"\277#\262s\012zN\342\267\341\333\031\374CR\267\322\247"
 995      0A7A4EE2 
 995      B7E1DB19 
 995      FC4352B7 
 995      D2A7
 996 106b 86ED7005 		.ascii	"\206\355p\005C\212;\224\325\203\000\251\007\220\206"
 996      438A3B94 
 996      D58300A9 
 996      079086
 997 107a CE607F83 		.ascii	"\316`\177\203QA\237\361\236e\321\025\275\216;Kc\214"
 997      51419FF1 
 997      9E65D115 
 997      BD8E3B4B 
 997      638C
 998 108c CE518C90 		.ascii	"\316Q\214\220\213\371g\271\010/'W\317\023\361\345\032"
 998      8BF967B9 
 998      082F2757 
 998      CF13F1E5 
 998      1A
 999 109d 8B112EE5 		.ascii	"\213\021.\345\"|\236\213p\370\376r\0076v\0054\037\214"
 999      227C9E8B 
 999      70F8FE72 
 999      07367605 
 999      341F8C
 1000 10b0 A6DDE55E 		.ascii	"\246\335\345^H\307\223w/\305\247\306\237*LC|\021\274"
 1000      48C79377 
 1000      2FC5A7C6 
 1000      9F2A4C43 
 1000      7C11BC
 1001 10c3 B940BD29 		.ascii	"\271@\275)#Q+\345\2436y3\263\021\233\206\330\222rSg"
 1001      23512BE5 
 1001      A3367933 
 1001      B3119B86 
 1001      D8927253 
 1002 10d8 D80DFBB7 		.ascii	"\330\015\373\267/\321\020\227\263\0207\266\037\276\200"
 1002      2FD11097 
 1002      B31037B6 
 1002      1FBE80
 1003 10e7 F11D168B 		.ascii	"\361\035\026\213\312\262gy|T\273\037X\371\247\033\203"
 1003      CAB26779 
 1003      7C54BB1F 
 1003      58F9A71B 
 1003      83
 1004 10f8 D612451A 		.ascii	"\326\022E\032S\270i\023\001WBO\005\215\251\221\306\243"
 1004      53B86913 
 1004      0157424F 
 1004      058DA991 
 1004      C6A3
 1005 110a E26C57BB 		.ascii	"\342lW\273\365\333C\024z\032Q\350#\367\236\205\330\343"
 1005      F5DB4314 
 1005      7A1A51E8 
 1005      23F79E85 
ARM GAS  /tmp/ccAo1GaJ.s 			page 81


 1005      D8E3
 1006 111c A70CDA18 		.ascii	"\247\014\332\0303?\301C\317y2d\362>\212 \303\355\214"
 1006      333FC143 
 1006      CF793264 
 1006      F23E8A20 
 1006      C3ED8C
 1007 112f E8255635 		.ascii	"\350%V5\364TQ\344\032\212\314\377 a9\373A\302\374\221"
 1007      F45451E4 
 1007      1A8ACCFF 
 1007      206139FB 
 1007      41C2FC91 
 1008 1143 D10A5B1C 		.ascii	"\321\012[\034d\303\366\212g\303\223\270\267{\253\210"
 1008      64C3F68A 
 1008      67C393B8 
 1008      B77BAB88 
 1009 1153 91A8DA10 		.ascii	"\221\250\332\020\330\361\262s\003\217#\257c\034\303"
 1009      D8F1B273 
 1009      038F23AF 
 1009      631CC3
 1010 1162 1AFC4F0E 		.ascii	"\032\374O\016\226\263\237\034\334\315\214\270\250\301"
 1010      96B39F1C 
 1010      DCCD8CB8 
 1010      A8C1
 1011 1170 29EC5C7F 		.ascii	")\354\\\177\301\261\363\010\347\260F\244\261y\330\032"
 1011      C1B1F308 
 1011      E7B046A4 
 1011      B179D81A 
 1012 1180 17B086B1 		.ascii	"\027\260\206\2616l\015>\315\276_M\252m\264\305e\254"
 1012      366C0D3E 
 1012      CDBE5F4D 
 1012      AA6DB4C5 
 1012      65AC
 1013 1192 B1FFEE23 		.ascii	"\261\377\356#\010@\015k,d\2466s\323\271\016\232\347"
 1013      08400D6B 
 1013      2C64A636 
 1013      73D3B90E 
 1013      9AE7
 1014 11a4 CA5F64A8 		.ascii	"\312_d\250\330t\246\313\343\260\246\341\322H\243=\342"
 1014      D874A6CB 
 1014      E3B0A6E1 
 1014      D248A33D 
 1014      E2
 1015 11b5 5E6FAFA3 		.ascii	"^o\257\243o\270Y\335\351\272\036l\210\252B\350\217\032"
 1015      6FB859DD 
 1015      E9BA1E6C 
 1015      88AA42E8 
 1015      8F1A
 1016 11c7 540F3EB7 		.ascii	"T\017>\267b\361\036\256\016\013\357.\330\200\311\034"
 1016      62F11EAE 
 1016      0E0BEF2E 
 1016      D880C91C 
 1017 11d7 6CC8DE40 		.ascii	"l\310\336@\224k\315\224\257\230*\317\011\312\227\315"
 1017      946BCD94 
 1017      AF982ACF 
 1017      09CA97CD 
 1018 11e7 942F61D1 		.ascii	"\224/a\321\233j\262s\020t\033,\2600{1\323\014i\320\004"
 1018      9B6AB273 
ARM GAS  /tmp/ccAo1GaJ.s 			page 82


 1018      10741B2C 
 1018      B0307B31 
 1018      D30C69D0 
 1019 11fc A7E82D11 		.ascii	"\247\350-\021\031A\026J;^\207:@\332@:AZ@n\202\334\001"
 1019      1941164A 
 1019      3B5E873A 
 1019      40DA403A 
 1019      415A406E 
 1020 1213 B905721B 		.ascii	"\271\005r\033\363/m\300h\275`\264\321\314([m\213\004"
 1020      F32F6DC0 
 1020      68BD60B4 
 1020      D1CC285B 
 1020      6D8B04
 1021 1226 4704DDAB 		.ascii	"G\004\335\253\026<_\324\235\313\346uo\230\351:IU\253"
 1021      163C5FD4 
 1021      9DCBE675 
 1021      6F98E93A 
 1021      4955AB
 1022 1239 05D8EB4B 		.ascii	"\005\330\353K\253\212\342yS\320\275f\201.\377\226)\347"
 1022      AB8AE279 
 1022      53D0BD66 
 1022      812EFF96 
 1022      29E7
 1023 124b DEC9A3D6 		.ascii	"\336\311\243\326\342\375\256T\271\213\356c\311\201\254"
 1023      E2FDAE54 
 1023      B98BEE63 
 1023      C981AC
 1024 125a BDCBB7E2 		.ascii	"\275\313\267\342U\270\236f\021\256\312n;e\215\254\331"
 1024      55B89E66 
 1024      11AECA6E 
 1024      3B658DAC 
 1024      D9
 1025 126b CBE7FD66 		.ascii	"\313\347\375f?\004Aw\301p7\266\206\233a\010~\017f/\237"
 1025      3F044177 
 1025      C17037B6 
 1025      869B6108 
 1025      7E0F662F 
 1026 1280 4907F7FB 		.ascii	"I\007\367\373\021z\016\376\220[\362\331\241\317\305"
 1026      117A0EFE 
 1026      905BF2D9 
 1026      A1CFC5
 1027 128f 14C8CE76 		.ascii	"\024\310\316v\221B/\243\320K)\204^\236\274!\271-\234"
 1027      91422FA3 
 1027      D04B2984 
 1027      5E9EBC21 
 1027      B92D9C
 1028 12a2 95BC0CEC 		.ascii	"\225\274\014\354c\272}T\367z\333\\\223\260+\010z\305"
 1028      63BA7D54 
 1028      F77ADB5C 
 1028      93B02B08 
 1028      7AC5
 1029 12b4 FD10EAC7 		.ascii	"\375\020\352\307o\220P<\3151H\0365\214I\260\007\030"
 1029      6F90503C 
 1029      CD31481E 
 1029      358C49B0 
 1029      0718
 1030 12c6 F600C53E 		.ascii	"\366\000\305>\177\346\356iI\330H%_\324\035d\272\203"
ARM GAS  /tmp/ccAo1GaJ.s 			page 83


 1030      7FE6EE69 
 1030      49D84825 
 1030      5FD41D64 
 1030      BA83
 1031 12d8 54F77980 		.ascii	"T\367y\200\261_r\2274,\301\035b\272CT7\353La.Y\233\357"
 1031      B15F7297 
 1031      342CC11D 
 1031      62BA4354 
 1031      37EB4C61 
 1032 12f0 92BB1DF2 		.ascii	"\222\273\035\362s\037\376\205\334\273\254,U\034\352"
 1032      731FFE85 
 1032      DCBBAC2C 
 1032      551CEA
 1033 12ff 1CD2E026 		.ascii	"\034\322\340&\266\220\2333\246C\270\027rp]V\276'\023"
 1033      B6909B33 
 1033      A643B817 
 1033      72705D56 
 1033      BE2713
 1034 1312 DC430F30 		.ascii	"\334C\0170\035B\362|\030\342\177\237$\377\010&\327\326"
 1034      1D42F27C 
 1034      18E27F9F 
 1034      24FF0826 
 1034      D7D6
 1035 1324 F99A476B 		.ascii	"\371\232Gkp;\003\250\233\277\\K\367-\201\337\345\307"
 1035      703B03A8 
 1035      9BBF5C4B 
 1035      F72D81DF 
 1035      E5C7
 1036 1336 5230A065 		.ascii	"R0\240e4|\036\343n\256F\031O\007hp?k\034\210\233\211"
 1036      347C1EE3 
 1036      6EAE4619 
 1036      4F076870 
 1036      3F6B1C88 
 1037 134c B6C6C3AC 		.ascii	"\266\306\303\254\021\0237vT\203\307\270\242\224\334"
 1037      11133776 
 1037      5483C7B8 
 1037      A294DC
 1038 135b 5BAAC293 		.ascii	"[\252\302\223\334\230\261g.x\206}\317?\334\234\203\361"
 1038      DC98B167 
 1038      2E78867D 
 1038      CF3FDC9C 
 1038      83F1
 1039 136d 3C6B0CE5 		.ascii	"<k\014\345\207\217\332c\203-m\014f\216\276\306\012\324"
 1039      878FDA63 
 1039      832D6D0C 
 1039      668EBEC6 
 1039      0AD4
 1040 137f 7BD01A7F 		.ascii	"{\320\032\177\034q\224\373\201\222\221\274<.\030\037"
 1040      1C7194FB 
 1040      819291BC 
 1040      3C2E181F 
 1041 138f 9A858A4A 		.ascii	"\232\205\212JUm\022N\304\006Y\261_\343\260\222\225i"
 1041      556D124E 
 1041      C40659B1 
 1041      5FE3B092 
 1041      9569
 1042 13a1 080A84AD 		.ascii	"\010\012\204\255G\250\252\260(,\302\220\036\200\321"
ARM GAS  /tmp/ccAo1GaJ.s 			page 84


 1042      47A8AAB0 
 1042      282CC290 
 1042      1E80D1
 1043 13b0 286CAD1E 		.ascii	"(l\255\036A<\374\025\026\013\026\031\322\367W\366\306"
 1043      413CFC15 
 1043      160B1619 
 1043      D2F757F6 
 1043      C6
 1044 13c1 97A84F58 		.ascii	"\227\250OXP\337(hW\377\357\242\366C3\355K&\332\223\""
 1044      50DF2868 
 1044      57FFEFA2 
 1044      F64333ED 
 1044      4B26DA93 
 1045 13d6 EC7133ED 		.ascii	"\354q3\355+&\332s\"\3551\013\332\"\342\035\"\365\307"
 1045      2B26DA73 
 1045      22ED310B 
 1045      DA22E21D 
 1045      22F5C7
 1046 13e9 66EAA2E5 		.ascii	"f\352\242\345\316\324o\212\324'-\250/r\251\027iO\231"
 1046      CED46F8A 
 1046      D4272DA8 
 1046      2F72A917 
 1046      694F99
 1047 13fc 693B9960 		.ascii	"i;\231`\327\213\2422c!*T]R\236\237B\206N\323sD\237\244"
 1047      D78BA232 
 1047      63212A54 
 1047      5D529E9F 
 1047      42864ED3 
 1048 1414 5C80621D 		.ascii	"\\\200b\035Z\200\032\374\022\344\005\3103\220Y\220\347"
 1048      5A801AFC 
 1048      12E405C8 
 1048      33905990 
 1048      E7
 1049 1425 20F32073 		.ascii	" \363 s \006\005W\237\351t\210h>Y\232\346FV\360\312"
 1049      20060557 
 1049      9FE97488 
 1049      683E599A 
 1049      E64656F0 
 1050 143a 0AE3FEBA 		.ascii	"\012\343\376\272bI\363\364\007\027\177\007\003\262A"
 1050      6249F3F4 
 1050      07177F07 
 1050      03B241
 1051 1449 6E68B923 		.ascii	"nh\271#)K\201\022\373A\012\272\304\341@.\337\227\307"
 1051      294B8112 
 1051      FB410ABA 
 1051      C4E1402E 
 1051      DF97C7
 1052 145c A7240FE1 		.ascii	"\247$\017\341\012%\345`\037\323\335Gu\207\216\004\217"
 1052      0A25E560 
 1052      1FD3DD47 
 1052      75878E04 
 1052      8F
 1053 146d DBE0AB6C 		.ascii	"\333\340\253lU\304ef\372\253\205\267i?k\253\01164\301"
 1053      55C46566 
 1053      FAAB85B7 
 1053      693F6BAB 
 1053      093634C1 
ARM GAS  /tmp/ccAo1GaJ.s 			page 85


 1054 1481 F6ED97EC 		.ascii	"\366\355\227\354&8X\261\270\273\206\357\322\007\222"
 1054      263858B1 
 1054      B8BB86EF 
 1054      D20792
 1055 1490 FB156497 		.ascii	"\373\025d\227=q\362\304y\311\317Gb%\2056\204Y\016\241"
 1055      3D71F2C4 
 1055      79C9CF47 
 1055      62258536 
 1055      84590EA1 
 1056 14a4 9647122A 		.ascii	"\226G\022*\244\277\366\210\226\350\2062\335P\252;3\235"
 1056      A4BFF688 
 1056      96E88632 
 1056      DD50AA3B 
 1056      339D
 1057 14b6 5AE6805B 		.ascii	"Z\346\200[\031\313\002\377\210^{\216\345B\212j\370T"
 1057      19CB02FF 
 1057      885E7B8E 
 1057      E5428A6A 
 1057      F854
 1058 14c8 4FB3BF61 		.ascii	"O\263\277ae\22055\026&\"\031fJ\362\000%y\274\2443A\215"
 1058      65903535 
 1058      16262219 
 1058      664AF200 
 1058      2579BCA4 
 1059 14df D3EC2858 		.ascii	"\323\354(XRC\177\265Jp\371\275\004\362\002\0218)\024"
 1059      52437FB5 
 1059      4A70F9BD 
 1059      04F20211 
 1059      382914
 1060 14f2 D4E57011 		.ascii	"\324\345p\021Z\270)Z\004E[\250>|\330\001\237gh\245\023"
 1060      5AB8295A 
 1060      04455BA8 
 1060      3E7CD801 
 1060      9F6768A5 
 1061 1507 2D853C5A 		.ascii	"-\205<Z\365j\3668\327\237=\203\210\024AE\232B\035\244"
 1061      F56AF638 
 1061      D79F3D83 
 1061      88144145 
 1061      9A421DA4 
 1062 151b 50E52139 		.ascii	"P\345!9\355\012\334\300\240\212\037\024\277\315!u\254"
 1062      ED0ADCC0 
 1062      A08A1F14 
 1062      BFCD2175 
 1062      AC
 1063 152c 91204589 		.ascii	"\221 E\211\220\242L\221\016Q\244\376\326\3246k\334\315"
 1063      90A24C91 
 1063      0E51A4FE 
 1063      D6D4366B 
 1063      DCCD
 1064 153e 90F6B585 		.ascii	"\220\366\265\205U\242\305x\275<U\314\305\213\004\374"
 1064      55A2C578 
 1064      BD3C55CC 
 1064      C58B04FC 
 1065 154e B008ECB0 		.ascii	"\260\010\354\260)X4\005\313l\012Y\220\\]\322$\023u\204"
 1065      29583405 
 1065      CB6C0A59 
 1065      905C5DD2 
ARM GAS  /tmp/ccAo1GaJ.s 			page 86


 1065      24137584 
 1066 1562 4DD4113A 		.ascii	"M\324\021:Q\351E\205\345\022\335$\211n\014\323\215a"
 1066      51E94585 
 1066      E512DD24 
 1066      896E0CD3 
 1066      8D61
 1067 1574 931A3D3C 		.ascii	"\223\032=<.<\037\011\372\326\037\322\306*\310\305e\246"
 1067      2E3C1F09 
 1067      FAD61FD2 
 1067      C62AC8C5 
 1067      65A6
 1068 1586 24E74792 		.ascii	"$\347G\222wh\222\253b\034\303\217\243\370\023%U\275"
 1068      776892AB 
 1068      621CC38F 
 1068      A3F81325 
 1068      55BD
 1069 1598 929FF534 		.ascii	"\222\237\3654J\226A<\323\215\247\272m\375\343i\022\335"
 1069      4A96413C 
 1069      D38DA7BA 
 1069      6DFDE369 
 1069      12DD
 1070 15aa E312DD04 		.ascii	"\343\022\335\004\246\233@u\233J\263.J\036\340\035\227"
 1070      A69B4075 
 1070      9B4AB32E 
 1070      4A1EE01D 
 1070      97
 1071 15bb F898C874 		.ascii	"\370\230\310t\023\251nO\312\305*\311{\317l\211n\022"
 1071      13A96E4F 
 1071      CAC52AC9 
 1071      7BCF6C89 
 1071      6E12
 1072 15cd D34DA2BA 		.ascii	"\323M\242\272\3259Mm\222\005\321&\341\220\314t\223\251"
 1072      D5394D6D 
 1072      9205D126 
 1072      E190CC74 
 1072      93A9
 1073 15df 6EE8D8F5 		.ascii	"n\350\330\365T\015~\302&x\2517\023\261S\003\277\263"
 1073      540D7EC2 
 1073      2678A937 
 1073      13B15303 
 1073      BFB3
 1074 15f1 7CF79FA6 		.ascii	"|\367\237\246 \017,\024\334\035u\321\014}h\306\275C"
 1074      200F2C14 
 1074      DC1D75D1 
 1074      0C7D68C6 
 1074      BD43
 1075 1603 4FAD1096 		.ascii	"O\255\020\226\000\250\241\024Q\202\244\230&H\272\342"
 1075      00A8A114 
 1075      5182A498 
 1075      2648BAE2 
 1076 1613 1DD92FD6 		.ascii	"\035\331/\326\257w\202\377_\353|\274t\036N[\334\334"
 1076      AF7782FF 
 1076      5FEB7CBC 
 1076      741E4E5B 
 1076      DCDC
 1077 1625 77BAFF76 		.ascii	"w\272\377v\273\223\267\257\223\233\263\207\323.o\037"
 1077      BB93B7AF 
ARM GAS  /tmp/ccAo1GaJ.s 			page 87


 1077      939BB387 
 1077      D32E6F1F 
 1078 1635 BDAFD3F6 		.ascii	"\275\257\323\366\035\237l\336\344\264m\333GN\237\355"
 1078      1D9F6CDE 
 1078      E4B46DDB 
 1078      474E9FED 
 1079 1645 D8B27B23 		.ascii	"\330\262{#9\243\365\321\273h=<\\\327\273\250\177\375"
 1079      39A3F5D1 
 1079      BB683D3C 
 1079      5CD7BBA8 
 1079      7FFD
 1080 1657 E97FAEDD 		.ascii	"\351\177\256\335\362\301\0072\265\237\273\227~\363&"
 1080      F2C10732 
 1080      B59FBB97 
 1080      7EF326
 1081 1666 AD1EBB3A 		.ascii	"\255\036\273:\357\265\006\361\376\362\033\235\356k\225"
 1081      EFB506F1 
 1081      FEF21B9D 
 1081      EE6B95
 1082 1675 ABAFFE4B 		.ascii	"\253\257\376K\017\347\257\224\236\336^z7\305^\235\263"
 1082      0FE7AF94 
 1082      9EDE5E7A 
 1082      37C55E9D 
 1082      B3
 1083 1686 8F8DA7BB 		.ascii	"\217\215\247\273\207\207\273\257\316\305\333\313u\375"
 1083      8787BBAF 
 1083      CEC5DBCB 
 1083      75FD
 1084 1694 ABCCBB7B 		.ascii	"\253\314\273{\271x\370\271\352x\203\353\335d6\300\340"
 1084      B978F8B9 
 1084      EA7883EB 
 1084      DD6436C0 
 1084      E0
 1085 16a5 2367BD6E 		.ascii	"#g\275n\207\273\247N\341\342\346\354\243\201~\335n\235"
 1085      87BBA74E 
 1085      E1E2E6EC 
 1085      A3817EDD 
 1085      6E9D
 1086 16b7 971EECC2 		.ascii	"\227\036\354\302Wr^\273c\357.\335G\272/\255\211\256"
 1086      57725EBB 
 1086      63EF2EDD 
 1086      47BA2FAD 
 1086      89AE
 1087 16c9 8FFB6E9D 		.ascii	"\217\373n\235\217\332\305\331\303c\247\263\313\327*"
 1087      8FDAC5D9 
 1087      C363A7B3 
 1087      CBD72A
 1088 16d8 5071D9A9 		.ascii	"Pq\331\251\325\223Q\316\036\316>\236Z\275\035\357\015"
 1088      D59351CE 
 1088      1ECE3E9E 
 1088      5ABD1DEF 
 1088      0D
 1089 16e9 6D5BE977 		.ascii	"m[\351wk\201\330/\377\261\240\270\311\324\320\371!\001"
 1089      6B81D82F 
 1089      FFB1A0B8 
 1089      C9D4D0F9 
 1089      2101
ARM GAS  /tmp/ccAo1GaJ.s 			page 88


 1090 16fb 94BF2F53 		.ascii	"\224\277/S\303a\367O\035=e\032\027\030\251\333\343\350"
 1090      C361F74F 
 1090      1D3D651A 
 1090      1718A9DB 
 1090      E3E8
 1091 170d B9594608 		.ascii	"\271YF\010h]!\002\256\272\177\320\226\213L\375\271\316"
 1091      685D2102 
 1091      AEBA7FD0 
 1091      968B4CFD 
 1091      B9CE
 1092 171f 45EFEDF3 		.ascii	"E\357\355\363\376\226\327\270>\360@\257\335\345\243"
 1092      FE96D7B8 
 1092      3EF040AF 
 1092      DDE5A3
 1093 172e F3051F75 		.ascii	"\363\005\037u>\266|\257\273\227\273\376{b\025\352\261"
 1093      3EB67CAF 
 1093      BB97BBFE 
 1093      7B6215EA 
 1093      B1
 1094 173f D0F315DF 		.ascii	"\320\363\025\337\263R\254\303Gn9tR\032\277\326\351\267"
 1094      B352ACC3 
 1094      476E3974 
 1094      521ABFD6 
 1094      E9B7
 1095 1751 EB5C3E81 		.ascii	"\353\\>\201 -\023\217\324\303\204\330\363:\333\251\316"
 1095      202D138F 
 1095      D4C384D8 
 1095      F33ADBA9 
 1095      CE
 1096 1762 32310E39 		.ascii	"21\0169\277\006:\266x{\301\204\350\267\353}\374\\\364"
 1096      BF063AB6 
 1096      787BC184 
 1096      E8B7EB7D 
 1096      FC5CF4
 1097 1775 3B3C7778 		.ascii	";<wx\363\263)\327{Z\273\270m\337\353\273\325\331C\357"
 1097      F3B329D7 
 1097      7B5ABBB8 
 1097      6DDFEBBB 
 1097      D5D943EF 
 1098 1789 6829263E 		.ascii	"h)&>z!)\\\334 \225<\366B\260\227i\265;\375\334=\364"
 1098      7A21295C 
 1098      DC20953C 
 1098      F642B097 
 1098      69B53BFD 
 1099 17a0 EE5E5ADD 		.ascii	"\356^Z\335\236]\020\014%d\226\257^\341\241s\376R\345"
 1099      9E5D100C 
 1099      256496AF 
 1099      5EE1A173 
 1099      FE52E5
 1100 17b3 E5AD77F3 		.ascii	"\345\255w\363\361\376\306\306\303\033\\!,\264>V\364"
 1100      F1FEC6C6 
 1100      C31B5C21 
 1100      2CB43E56 
 1100      F4
 1101 17c4 A0FF2F27 		.ascii	"\240\377/'7oO\235\323.w\275"
 1101      376F4F9D 
 1101      D32E77BD 
ARM GAS  /tmp/ccAo1GaJ.s 			page 89


 1102 17d0 D3572E2E 		.ascii	"\323W..\216\340\271\243\316s\247\316\325U\347*txy{\351"
 1102      8EE0B9A3 
 1102      CE73A7CE 
 1102      D555E72A 
 1102      7478797B 
 1103 17e5 1C75CE3B 		.ascii	"\034u\316;\335\035?p\334\264a\323\006\307\277lr\364"
 1103      DD1D3F70 
 1103      DCB461D3 
 1103      06C7BF6C 
 1103      72F4
 1104 17f7 DBE50A9C 		.ascii	"\333\345\012\234\235$\247\005V\004\032(\255\320j\311"
 1104      9D24A705 
 1104      56041A28 
 1104      ADD06AC9 
 1105 1807 D469DD7D 		.ascii	"\324i\335}\376\242\325\355r\367\360\376\312O\367\023"
 1105      FEA2D5ED 
 1105      72F7F0FE 
 1105      CA4FF713 
 1106 1817 4B4EB978 		.ascii	"KN\271x{\302\342\340\346\372\303\317>\201d\371\004\334"
 1106      7BC2E2E0 
 1106      E6FAC3CF 
 1106      3E8164F9 
 1106      04DC
 1107 1829 836C2150 		.ascii	"\203l!P\257i\265\256;\277\322\202\273._k\301\245\335"
 1107      AF69B5AE 
 1107      3BBFD282 
 1107      BB2E5F6B 
 1107      C1A5DD
 1108 183c 3AADBBAF 		.ascii	":\255\273\257\317w\213\220\253n\247\337W\246\030\260"
 1108      CF778B90 
 1108      AB6EA7DF 
 1108      57A618B0 
 1109 184c 58743E04 		.ascii	"Xt>\004c\245V\353\253w\326\373Bf\270\370\350\234}u\204"
 1109      63A556EB 
 1109      AB77D6FB 
 1109      4266B8F8 
 1109      E89C7D75 
 1110 1861 EE7703A6 		.ascii	"\356w\003\246\343\210\237t\312>\323\371B\002\352\266"
 1110      E3889F74 
 1110      CA3ED3F9 
 1110      4202EAB6 
 1111 1871 43A79FEF 		.ascii	"C\247\237\357\027j\337\275\276\276\200\252\377\361w"
 1111      176ADFBD 
 1111      BEBE80AA 
 1111      FFF177
 1112 1880 83DA4B80 		.ascii	"\203\332K\200^\247@$\271(\310\207^\256\333\274]\276"
 1112      5EA74024 
 1112      B928C887 
 1112      5EAEDBBC 
 1112      5DBE
 1113 1892 FE6299D7 		.ascii	"\376b\231\327nw\227\177\367r\336\351\241cY\376\323o"
 1113      6E77977F 
 1113      F772DEE9 
 1113      A16359FE 
 1113      D36F
 1114 18a4 5F2D5C38 		.ascii	"_-\\8!\220[>\331\343D\000\000\337\016r\357\267;\377"
 1114      21905B3E 
ARM GAS  /tmp/ccAo1GaJ.s 			page 90


 1114      D9E34400 
 1114      00DF0E72 
 1114      EFB73BFF 
 1115 18b8 0C181FC3 		.ascii	"\014\030\037\3032\260\362\374\332$!\3714\334\341\315"
 1115      32B0F2FC 
 1115      DA2421F9 
 1115      34DCE1CD 
 1116 18c8 A7A6CDE2 		.ascii	"\247\246\315\342\022\225\331i\265_\372y\271h\265\353"
 1116      1295D969 
 1116      B55FFA79 
 1116      B968B5EB 
 1117 18d8 7FBAE967 		.ascii	"\177\272\351g\037\250\371\226\222T\230\215+\314\227"
 1117      1FA8F996 
 1117      9254988D 
 1117      2BCC97
 1118 18e7 8678C0E6 		.ascii	"\206x\300\346\315?q\220.\014\311\331\367\337W\353=a"
 1118      CD3F7190 
 1118      2E0CC9D9 
 1118      F7DF57EB 
 1118      3D61
 1119 18f9 36A04CAA 		.ascii	"6\240L\252\340\313^(\234\344\370\015w$\365\322\012\216"
 1119      E0CB5E28 
 1119      9CE4F80D 
 1119      7724F5D2 
 1119      0A8E
 1120 190b E011697A 		.ascii	"\340\021izr\335n\336~\254\333\335\213\034\300\244R\373"
 1120      72DD6EDE 
 1120      7EACDBDD 
 1120      8B1CC0A4 
 1120      52FB
 1121 191d 2B6F6F0F 		.ascii	"+oo\017Z\2047\376D\253W|\270\355\263\255\212-\237\356"
 1121      5A8437FE 
 1121      44AB577C 
 1121      B8EDB3AD 
 1121      8A2D9FEE 
 1122 1931 D846FE6C 		.ascii	"\330F\376lU|\364\361\347\333\310\237\255\212\337}\266"
 1122      557CF4F1 
 1122      E7DBC89F 
 1122      AD8ADF7D 
 1122      B6
 1123 1942 6D1BF9B3 		.ascii	"m\033\371\263\025o\371l\033\310V\242\272\355\337\276"
 1123      156FF96C 
 1123      1BC856A2 
 1123      BAEDDFBE 
 1124 1952 2539757B 		.ascii	"%9u{\364P\206X%\372\217\215{\3668\371\352=7o\372r\343"
 1124      F4508658 
 1124      25FA8F8D 
 1124      7BF638F9 
 1124      EA3D376F 
 1125 1969 86CD7B76 		.ascii	"\206\315{vr\341\325:\357\332\271Q\353\273\327\313e\225"
 1125      72E1D53A 
 1125      EFDAB951 
 1125      EBBBD7CB 
 1125      6595
 1126 197b B7AFB3C7 		.ascii	"\267\257\263\307R\323\351\364\252\331#\203 5\034\275"
 1126      52D3E9F4 
 1126      AAD92383 
ARM GAS  /tmp/ccAo1GaJ.s 			page 91


 1126      20351CBD 
 1127 198b DCD97780 		.ascii	"\334\331w\200]E`\277qv\327k\277\361q\327\353\264@f\227"
 1127      5D4560BF 
 1127      7176D76B 
 1127      BFF171D7 
 1127      EBB44066 
 1128 19a0 874EAF73 		.ascii	"\207N\257s]N\355\271\374\305\317\335G\007G\027\235\257"
 1128      5D4EEDB9 
 1128      FCC5CFDD 
 1128      47074717 
 1128      9DAF
 1129 19b2 2FEDF2D1 		.ascii	"/\355\362\321y\320Df]\257q<\244\371Ik\257\316\213L\354"
 1129      79D04466 
 1129      5DAF713C 
 1129      A4F9496B 
 1129      AFCE8B4C 
 1130 19c7 FF018402 		.ascii	"\377\001\204\002\336\012"
 1130      DE0A
 1131              		.text
 1132              		.section	.gnu.lto_.symtab.1b52db1c57ca6576,"e",%progbits
 1133 0000 56656374 		.ascii	"Vector4C\000"
 1133      6F723443 
 1133      00
 1134 0009 00       		.ascii	"\000"
 1135 000a 00       		.ascii	"\000"
 1136 000b 00       		.ascii	"\000"
 1137 000c 00000000 		.ascii	"\000\000\000\000\000\000\000\000"
 1137      00000000 
 1138 0014 2E010000 		.ascii	".\001\000\000"
 1139 0018 52544344 		.ascii	"RTCD1\000"
 1139      3100
 1140 001e 00       		.ascii	"\000"
 1141 001f 00       		.ascii	"\000"
 1142 0020 00       		.ascii	"\000"
 1143 0021 00000000 		.ascii	"\000\000\000\000\000\000\000\000"
 1143      00000000 
 1144 0029 B7010000 		.ascii	"\267\001\000\000"
 1145 002d 7274635F 		.ascii	"rtc_lld_set_prescaler\000"
 1145      6C6C645F 
 1145      7365745F 
 1145      70726573 
 1145      63616C65 
 1146 0043 00       		.ascii	"\000"
 1147 0044 00       		.ascii	"\000"
 1148 0045 00       		.ascii	"\000"
 1149 0046 00000000 		.ascii	"\000\000\000\000\000\000\000\000"
 1149      00000000 
 1150 004e 30010000 		.ascii	"0\001\000\000"
 1151 0052 7274635F 		.ascii	"rtc_lld_init\000"
 1151      6C6C645F 
 1151      696E6974 
 1151      00
 1152 005f 00       		.ascii	"\000"
 1153 0060 00       		.ascii	"\000"
 1154 0061 00       		.ascii	"\000"
 1155 0062 00000000 		.ascii	"\000\000\000\000\000\000\000\000"
 1155      00000000 
ARM GAS  /tmp/ccAo1GaJ.s 			page 92


 1156 006a 32010000 		.ascii	"2\001\000\000"
 1157 006e 7274635F 		.ascii	"rtc_lld_set_alarm\000"
 1157      6C6C645F 
 1157      7365745F 
 1157      616C6172 
 1157      6D00
 1158 0080 00       		.ascii	"\000"
 1159 0081 00       		.ascii	"\000"
 1160 0082 00       		.ascii	"\000"
 1161 0083 00000000 		.ascii	"\000\000\000\000\000\000\000\000"
 1161      00000000 
 1162 008b 3B010000 		.ascii	";\001\000\000"
 1163 008f 7274635F 		.ascii	"rtc_lld_get_alarm\000"
 1163      6C6C645F 
 1163      6765745F 
 1163      616C6172 
 1163      6D00
 1164 00a1 00       		.ascii	"\000"
 1165 00a2 00       		.ascii	"\000"
 1166 00a3 00       		.ascii	"\000"
 1167 00a4 00000000 		.ascii	"\000\000\000\000\000\000\000\000"
 1167      00000000 
 1168 00ac 43010000 		.ascii	"C\001\000\000"
 1169 00b0 7274635F 		.ascii	"rtc_lld_set_callback\000"
 1169      6C6C645F 
 1169      7365745F 
 1169      63616C6C 
 1169      6261636B 
 1170 00c5 00       		.ascii	"\000"
 1171 00c6 00       		.ascii	"\000"
 1172 00c7 00       		.ascii	"\000"
 1173 00c8 00000000 		.ascii	"\000\000\000\000\000\000\000\000"
 1173      00000000 
 1174 00d0 48010000 		.ascii	"H\001\000\000"
 1175 00d4 72746353 		.ascii	"rtcSTM32GetSecMsec\000"
 1175      544D3332 
 1175      47657453 
 1175      65634D73 
 1175      656300
 1176 00e7 00       		.ascii	"\000"
 1177 00e8 00       		.ascii	"\000"
 1178 00e9 00       		.ascii	"\000"
 1179 00ea 00000000 		.ascii	"\000\000\000\000\000\000\000\000"
 1179      00000000 
 1180 00f2 4E010000 		.ascii	"N\001\000\000"
 1181 00f6 7274635F 		.ascii	"rtc_lld_get_time\000"
 1181      6C6C645F 
 1181      6765745F 
 1181      74696D65 
 1181      00
 1182 0107 00       		.ascii	"\000"
 1183 0108 00       		.ascii	"\000"
 1184 0109 00       		.ascii	"\000"
 1185 010a 00000000 		.ascii	"\000\000\000\000\000\000\000\000"
 1185      00000000 
 1186 0112 53010000 		.ascii	"S\001\000\000"
 1187 0116 72746353 		.ascii	"rtcSTM32SetSec\000"
ARM GAS  /tmp/ccAo1GaJ.s 			page 93


 1187      544D3332 
 1187      53657453 
 1187      656300
 1188 0125 00       		.ascii	"\000"
 1189 0126 00       		.ascii	"\000"
 1190 0127 00       		.ascii	"\000"
 1191 0128 00000000 		.ascii	"\000\000\000\000\000\000\000\000"
 1191      00000000 
 1192 0130 58010000 		.ascii	"X\001\000\000"
 1193 0134 7274635F 		.ascii	"rtc_lld_set_time\000"
 1193      6C6C645F 
 1193      7365745F 
 1193      74696D65 
 1193      00
 1194 0145 00       		.ascii	"\000"
 1195 0146 00       		.ascii	"\000"
 1196 0147 00       		.ascii	"\000"
 1197 0148 00000000 		.ascii	"\000\000\000\000\000\000\000\000"
 1197      00000000 
 1198 0150 5F010000 		.ascii	"_\001\000\000"
 1199 0154 72746343 		.ascii	"rtcConvertStructTmToDateTime\000"
 1199      6F6E7665 
 1199      72745374 
 1199      72756374 
 1199      546D546F 
 1200 0171 00       		.ascii	"\000"
 1201 0172 02       		.ascii	"\002"
 1202 0173 00       		.ascii	"\000"
 1203 0174 00000000 		.ascii	"\000\000\000\000\000\000\000\000"
 1203      00000000 
 1204 017c 69010000 		.ascii	"i\001\000\000"
 1205 0180 63685379 		.ascii	"chSysHalt\000"
 1205      7348616C 
 1205      7400
 1206 018a 00       		.ascii	"\000"
 1207 018b 02       		.ascii	"\002"
 1208 018c 00       		.ascii	"\000"
 1209 018d 00000000 		.ascii	"\000\000\000\000\000\000\000\000"
 1209      00000000 
 1210 0195 6E010000 		.ascii	"n\001\000\000"
 1211 0199 6C6F6361 		.ascii	"localtime_r\000"
 1211      6C74696D 
 1211      655F7200 
 1212 01a5 00       		.ascii	"\000"
 1213 01a6 02       		.ascii	"\002"
 1214 01a7 00       		.ascii	"\000"
 1215 01a8 00000000 		.ascii	"\000\000\000\000\000\000\000\000"
 1215      00000000 
 1216 01b0 86010000 		.ascii	"\206\001\000\000"
 1217 01b4 5F5F706F 		.ascii	"__port_irq_epilogue\000"
 1217      72745F69 
 1217      72715F65 
 1217      70696C6F 
 1217      67756500 
 1218 01c8 00       		.ascii	"\000"
 1219 01c9 02       		.ascii	"\002"
 1220 01ca 00       		.ascii	"\000"
ARM GAS  /tmp/ccAo1GaJ.s 			page 94


 1221 01cb 00000000 		.ascii	"\000\000\000\000\000\000\000\000"
 1221      00000000 
 1222 01d3 88010000 		.ascii	"\210\001\000\000"
 1223 01d7 5F5F6462 		.ascii	"__dbg_check_leave_isr\000"
 1223      675F6368 
 1223      65636B5F 
 1223      6C656176 
 1223      655F6973 
 1224 01ed 00       		.ascii	"\000"
 1225 01ee 02       		.ascii	"\002"
 1226 01ef 00       		.ascii	"\000"
 1227 01f0 00000000 		.ascii	"\000\000\000\000\000\000\000\000"
 1227      00000000 
 1228 01f8 8A010000 		.ascii	"\212\001\000\000"
 1229 01fc 5F5F6462 		.ascii	"__dbg_check_enter_isr\000"
 1229      675F6368 
 1229      65636B5F 
 1229      656E7465 
 1229      725F6973 
 1230 0212 00       		.ascii	"\000"
 1231 0213 02       		.ascii	"\002"
 1232 0214 00       		.ascii	"\000"
 1233 0215 00000000 		.ascii	"\000\000\000\000\000\000\000\000"
 1233      00000000 
 1234 021d 8C010000 		.ascii	"\214\001\000\000"
 1235 0221 5F5F7374 		.ascii	"__stats_increase_irq\000"
 1235      6174735F 
 1235      696E6372 
 1235      65617365 
 1235      5F697271 
 1236 0236 00       		.ascii	"\000"
 1237 0237 02       		.ascii	"\002"
 1238 0238 00       		.ascii	"\000"
 1239 0239 00000000 		.ascii	"\000\000\000\000\000\000\000\000"
 1239      00000000 
 1240 0241 8E010000 		.ascii	"\216\001\000\000"
 1241 0245 63685379 		.ascii	"chSysRestoreStatusX\000"
 1241      73526573 
 1241      746F7265 
 1241      53746174 
 1241      75735800 
 1242 0259 00       		.ascii	"\000"
 1243 025a 02       		.ascii	"\002"
 1244 025b 00       		.ascii	"\000"
 1245 025c 00000000 		.ascii	"\000\000\000\000\000\000\000\000"
 1245      00000000 
 1246 0264 94010000 		.ascii	"\224\001\000\000"
 1247 0268 63685379 		.ascii	"chSysGetStatusAndLockX\000"
 1247      73476574 
 1247      53746174 
 1247      7573416E 
 1247      644C6F63 
 1248 027f 00       		.ascii	"\000"
 1249 0280 02       		.ascii	"\002"
 1250 0281 00       		.ascii	"\000"
 1251 0282 00000000 		.ascii	"\000\000\000\000\000\000\000\000"
 1251      00000000 
ARM GAS  /tmp/ccAo1GaJ.s 			page 95


 1252 028a 97010000 		.ascii	"\227\001\000\000"
 1253 028e 6E766963 		.ascii	"nvicEnableVector\000"
 1253      456E6162 
 1253      6C655665 
 1253      63746F72 
 1253      00
 1254 029f 00       		.ascii	"\000"
 1255 02a0 02       		.ascii	"\002"
 1256 02a1 00       		.ascii	"\000"
 1257 02a2 00000000 		.ascii	"\000\000\000\000\000\000\000\000"
 1257      00000000 
 1258 02aa 9C010000 		.ascii	"\234\001\000\000"
 1259 02ae 7274634F 		.ascii	"rtcObjectInit\000"
 1259      626A6563 
 1259      74496E69 
 1259      7400
 1260 02bc 00       		.ascii	"\000"
 1261 02bd 02       		.ascii	"\002"
 1262 02be 00       		.ascii	"\000"
 1263 02bf 00000000 		.ascii	"\000\000\000\000\000\000\000\000"
 1263      00000000 
 1264 02c7 A0010000 		.ascii	"\240\001\000\000"
 1265 02cb 6D6B7469 		.ascii	"mktime\000"
 1265      6D6500
 1266 02d2 00       		.ascii	"\000"
 1267 02d3 02       		.ascii	"\002"
 1268 02d4 00       		.ascii	"\000"
 1269 02d5 00000000 		.ascii	"\000\000\000\000\000\000\000\000"
 1269      00000000 
 1270 02dd A5010000 		.ascii	"\245\001\000\000"
 1271 02e1 72746343 		.ascii	"rtcConvertDateTimeToStructTm\000"
 1271      6F6E7665 
 1271      72744461 
 1271      74655469 
 1271      6D65546F 
 1272 02fe 00       		.ascii	"\000"
 1273 02ff 02       		.ascii	"\002"
 1274 0300 00       		.ascii	"\000"
 1275 0301 00000000 		.ascii	"\000\000\000\000\000\000\000\000"
 1275      00000000 
 1276 0309 AB010000 		.ascii	"\253\001\000\000"
 1277              		.text
 1278              		.section	.gnu.lto_.opts,"e",%progbits
 1279 0000 272D666E 		.ascii	"'-fno-openmp' '-fno-openacc' '-fno-pie' '-mcpu=cort"
 1279      6F2D6F70 
 1279      656E6D70 
 1279      2720272D 
 1279      666E6F2D 
 1280 0033 65782D6D 		.ascii	"ex-m3' '-mthumb' '-mfloat-abi=soft' '-march=armv7-m"
 1280      33272027 
 1280      2D6D7468 
 1280      756D6227 
 1280      20272D6D 
 1281 0066 2720272D 		.ascii	"' '-O2' '-fstack-usage' '-ffunction-sections' '-fda"
 1281      4F322720 
 1281      272D6673 
 1281      7461636B 
ARM GAS  /tmp/ccAo1GaJ.s 			page 96


 1281      2D757361 
 1282 0099 74612D73 		.ascii	"ta-sections' '-fno-common' '-flto' '-fshort-enums'\000"
 1282      65637469 
 1282      6F6E7327 
 1282      20272D66 
 1282      6E6F2D63 
 1283              		.text
 1284              		.comm	__gnu_lto_v1,1,1
 1285              		.comm	__gnu_lto_slim,1,1
 1286              		.ident	"GCC: (GNU Arm Embedded Toolchain 9-2020-q2-update) 9.3.1 20200408 (release)"
ARM GAS  /tmp/ccAo1GaJ.s 			page 97


DEFINED SYMBOLS
                            *ABS*:0000000000000000 hal_rtc_lld.c
                            *COM*:0000000000000001 __gnu_lto_v1
                            *COM*:0000000000000001 __gnu_lto_slim

NO UNDEFINED SYMBOLS
