ARM GAS  /tmp/ccU7h4Da.s 			page 1


   1              		.cpu cortex-m4
   2              		.eabi_attribute 27, 1
   3              		.eabi_attribute 20, 1
   4              		.eabi_attribute 21, 1
   5              		.eabi_attribute 23, 3
   6              		.eabi_attribute 24, 1
   7              		.eabi_attribute 25, 1
   8              		.eabi_attribute 26, 1
   9              		.eabi_attribute 30, 2
  10              		.eabi_attribute 34, 1
  11              		.eabi_attribute 18, 4
  12              		.file	"aos_fbcan.c"
  13              		.section	.gnu.lto_.profile.d6499f0ae6d76a39,"e",%progbits
  14 0000 789CE360 		.ascii	"x\234\343``\004B \000\000\000]\000\013"
  14      60044220 
  14      0000005D 
  14      000B
  15              		.text
  16              		.section	.gnu.lto_.icf.d6499f0ae6d76a39,"e",%progbits
  17 0000 789C01D6 		.ascii	"x\234\001\326\000)\377\010\000\001\000\306\000\000\000"
  17      0029FF08 
  17      000100C6 
  17      000000
  18 000f 00000000 		.ascii	"\000\000\000\000\000\000\000\000!\000\257\242\253\251"
  18      00000000 
  18      2100AFA2 
  18      ABA9
  19 001d 0802BDD0 		.ascii	"\010\002\275\320\375\233\006\004\343\336\361\224\015"
  19      FD9B0604 
  19      E3DEF194 
  19      0D
  20 002a 0588BEF2 		.ascii	"\005\210\276\362\272\011\006\367\322\315\332\017\007"
  20      BA0906F7 
  20      D2CDDA0F 
  20      07
  21 0037 EC9BF5A6 		.ascii	"\354\233\365\246\016\011\340\341\214\273\003\012\304"
  21      0E09E0E1 
  21      8CBB030A 
  21      C4
  22 0044 BCA9C30E 		.ascii	"\274\251\303\016\013\211\265\341\317\003\014\365\343"
  22      0B89B5E1 
  22      CF030CF5 
  22      E3
  23 0051 CCB5020D 		.ascii	"\314\265\002\015\232\262\250\334\014\016\246\245\273"
  23      9AB2A8DC 
  23      0C0EA6A5 
  23      BB
  24 005e B1040FFA 		.ascii	"\261\004\017\372\223\374\272\007\020\251\325\372\325"
  24      93FCBA07 
  24      10A9D5FA 
  24      D5
  25 006b 0B11A682 		.ascii	"\013\021\246\202\262\260\005\022\334\354\335\356\002"
  25      B2B00512 
  25      DCECDDEE 
  25      02
  26 0078 13B9DBB6 		.ascii	"\023\271\333\266\215\011\024\236\237\260\275\010\025"
  26      8D09149E 
ARM GAS  /tmp/ccU7h4Da.s 			page 2


  26      9FB0BD08 
  26      15
  27 0085 B6968A41 		.ascii	"\266\226\212A\026\313\305\203\313\010\027\200\227\336"
  27      16CBC583 
  27      CB081780 
  27      97DE
  28 0093 A70118BB 		.ascii	"\247\001\030\273\256\220\227\003\031\335\350\275\235"
  28      AE909703 
  28      19DDE8BD 
  28      9D
  29 00a0 011AD6D5 		.ascii	"\001\032\326\325\275\237\005\033\255\367\236\300\014"
  29      BD9F051B 
  29      ADF79EC0 
  29      0C
  30 00ad 1CA8C28C 		.ascii	"\034\250\302\214\274\014\035\315\257\277\265\016\036"
  30      BC0C1DCD 
  30      AFBFB50E 
  30      1E
  31 00ba F6B9C3EF 		.ascii	"\366\271\303\357\006\037\332\256\275\217\011 \352\262"
  31      061FDAAE 
  31      BD8F0920 
  31      EAB2
  32 00c8 FDD80521 		.ascii	"\375\330\005!\234\321\332{\"\261\335\353\252\004#\217"
  32      9CD1DA7B 
  32      22B1DDEB 
  32      AA04238F 
  33 00d8 F3D0E606 		.ascii	"\363\320\346\006\000\356aft"
  33      00EE6166 
  33      74
  34              		.text
  35              		.section	.gnu.lto_.jmpfuncs.d6499f0ae6d76a39,"e",%progbits
  36 0000 789CAD5A 		.ascii	"x\234\255ZYPTG\024\355\373\336l\"\213\013n\214\350\214"
  36      59505447 
  36      14EDFBDE 
  36      6C228B0B 
  36      6E8CE88C 
  37 0014 29AB123F 		.ascii	")\253\022?\320\252|%\177\226\361\3172\251h\276\025\021"
  37      D0AA7C25 
  37      7F96F1CF 
  37      32A968BE 
  37      1511
  38 0026 134A8355 		.ascii	"\023J\203U\242IU>\220\200\033QQ\022\242$\304L\024\301"
  38      A249553E 
  38      90801B51 
  38      5112A224 
  38      C44C14C1 
  39 003a E01A35A8 		.ascii	"\340\0325\250,\216\270\200\033\356\200\270\201\242("
  39      2C8EB880 
  39      1BEE80B8 
  39      81A228
  40 0049 A0804663 		.ascii	"\240\200Fc0QI\367\274\3461\3233\257yW\244\354*\247\373"
  40      305149F7 
  40      BCE631D3 
  40      33AF7957 
  40      A4EC2AA7 
  41 005e 76F739E7 		.ascii	"v\3679\347\336\276\275\3148\010\220\311\023\010\311"
  41      DEBEBDCC 
ARM GAS  /tmp/ccU7h4Da.s 			page 3


  41      380890C9 
  41      1308C9
  42 006d 23DA5F2C 		.ascii	"#\332_,\261\000\375\263/\365\250\244\247\020\217\012"
  42      B100FDB3 
  42      2FF5A8A4 
  42      A7108F0A 
  43 007d 8AB25185 		.ascii	"\212\262Q\205\354\235\327\343\262T\217\252@*\224\202"
  43      EC9DD7E3 
  43      B2548FAA 
  43      402A9482 
  44 008d 93408505 		.ascii	"\223@\205\005Ri!\304\241\322\346\364\214=[\"&\305yT"
  44      526921C4 
  44      A1D2E6F4 
  44      8C3D5B22 
  44      26C57954 
  45 00a1 355F25B9 		.ascii	"5_%\271*\033\016\312`\222\317\214\320\322\325\335\335"
  45      2A1B0ECA 
  45      6092CF8C 
  45      D0D2D5DD 
  45      DD
  46 00b2 1D05CC32 		.ascii	"\035\005\3142+\243\263\301\301F\242\015P\016NVX\375"
  46      2BA3B3C1 
  46      C146A20D 
  46      500E4E56 
  46      58FD
  47 00c4 E3C6A227 		.ascii	"\343\306\242'v7x\322r]\036\325J\3400\270\365\336/\265"
  47      763778D2 
  47      725D1ED5 
  47      4AE030B8 
  47      F5DE2FB5 
  48 00d8 DEFEE607 		.ascii	"\336\376\346\007w6:\335\261\272\265\327\330\232\241"
  48      77363ADD 
  48      B1BAB5D7 
  48      D89AA1
  49 00e7 F7E45CA8 		.ascii	"\367\344\\\250\266\263Im\320\246\300\021\216\277M\011"
  49      B6B3496D 
  49      D0A6C011 
  49      8EBF4D09 
  50 00f7 41C0EE23 		.ascii	"A\300\356#@\253\011\255\335\177>\357\246\215\325:\240"
  50      40AB09AD 
  50      DD7F3EEF 
  50      A68DD53A 
  50      A0
  51 0108 0226E5AA 		.ascii	"\002&\345\252\012\343u\224\363\262\364\362\222\0219"
  51      0AE37594 
  51      F3B2F4F2 
  51      921139
  52 0117 8622725C 		.ascii	"\206\"r\\BD\004\256(f]q\"\330\0252\310\225(\310Ur\355"
  52      424404AE 
  52      28665D71 
  52      22D81532 
  52      C89528C8 
  53 012e 731EE667 		.ascii	"s\036\346gFj\332\267*p\222\003n\305h\177J\327\3764N"
  53      466ADAB7 
  53      2A709203 
  53      6EC5687F 
  53      4AD7FE34 
ARM GAS  /tmp/ccU7h4Da.s 			page 4


  54 0143 FB332822 		.ascii	"\3733(\"ge\332\013\300\315k_\215\323\376\034\012\362"
  54      6765DA0B 
  54      C0CD6B5F 
  54      8DD3FE1C 
  54      0AF2
  55 0155 79B9F61B 		.ascii	"y\271\366\033V/\1776P\323\276E\201\013\034p\013F\373"
  55      562F7F36 
  55      50D3BE45 
  55      810B1C70 
  55      0B46FB
  56 0168 8BBAF697 		.ascii	"\213\272\366\227p\332_F\021\271\"\323^\000N\265\007"
  56      70DA5F46 
  56      11B922D3 
  56      5E004EB5 
  56      07
  57 0179 9566A701 		.ascii	"\225f\247\001\340Q\303\010\261\020\275gw`OK*\010m\224"
  57      E051C308 
  57      B110BD67 
  57      77604F4B 
  57      2A086D94 
  58 018d 87B51FBD 		.ascii	"\207\265\037\275-\226T\"\326)\376Im Mj5\034-\361\201"
  58      2D965422 
  58      D629FE49 
  58      6D204D6A 
  58      351C2DF1 
  59 01a2 B585EA22 		.ascii	"\265\205\352\"\330\030B\240\335\373\305\025;\275\340"
  59      D81842A0 
  59      DDFBC515 
  59      3BBDE0
  60 01b1 D67E7556 		.ascii	"\326~uV|\331>\273lo\224\373\003\315\315\341\004j%nf"
  60      7CD93EBB 
  60      6C6F94FB 
  60      03CDCDE1 
  60      046A256E 
  61 01c6 F65B6B0F 		.ascii	"\366[k\017e\333\335\237j\366\021\004\352\372\260o\332"
  61      65DBDD9F 
  61      6AF61104 
  61      EAFAB06F 
  61      DA
  62 01d7 743A6380 		.ascii	"t:c\200\373K\315>\222\300Uc\373\000\361\272\304\266"
  62      FB4BCD3E 
  62      92C05563 
  62      FB00F1BA 
  62      C4B6
  63 01e9 40924B5D 		.ascii	"@\222K]v\032ft\021\203\321h~c\001\260\0208\331\331^"
  63      761A6674 
  63      1183D168 
  63      7E6301B0 
  63      1038D9D9 
  64 01fe 03DA0E49 		.ascii	"\003\332\016I\240\036\234\264\312\273\346\342YU\253"
  64      A01E9CB4 
  64      CABBE6E2 
  64      5955AB
  65 020d 02B8C602 		.ascii	"\002\270\306\002\271>@\272\3001Xc(+B\302\330\266\354"
  65      B93E40BA 
  65      C0315863 
  65      282B42C2 
ARM GAS  /tmp/ccU7h4Da.s 			page 5


  65      D8B6EC
  66 0220 51A9F621 		.ascii	"Q\251\366!\374A\310@\036\"\203h\001\213\315%\306A`J"
  66      FC41C840 
  66      1E228368 
  66      018BCD25 
  66      C641604A 
  67 0234 6848DFD4 		.ascii	"hH\337\324\025\316@\015\006\013\\\3473Y4<\266\331\306"
  67      15CE400D 
  67      060B5CE7 
  67      3359343C 
  67      B6D9C6
  68 0247 7DFD1A80 		.ascii	"}\375\032\200\204\373N\012QlB\012l\010-Ci\211v\330f"
  68      84FB4E0A 
  68      516C420A 
  68      6C082D43 
  68      698976D8 
  69 025c 13900428 		.ascii	"\023\220\004(\210\313)U\011Za\251\252X\025\241\362S"
  69      88CB2955 
  69      095A61A9 
  69      AA5815A1 
  69      F253
  70 026e 893ED75B 		.ascii	"\211>\327[\230\207IQ\276\342\225\327\256I\241\215q\203"
  70      98874951 
  70      BEE295D7 
  70      AE49A18D 
  70      7183
  71 0280 CBE1FBE4 		.ascii	"\313\341\373\344\223$\222NMg\036\246\030\207\271aK\224"
  71      9324924E 
  71      4D671EA6 
  71      1887B961 
  71      4B94
  72 0292 E6B6E106 		.ascii	"\346\266\341\006n\033\304\335\306l\242-}0\022\273\017"
  72      6E1BC4DD 
  72      C66CA22D 
  72      7D3012BB 
  72      0F
  73 02a3 D67081B4 		.ascii	"\326p\201\264\237\022\202\320\220\236\216\246b\217-"
  73      9F1282D0 
  73      909E8EA6 
  73      628F2D
  74 02b2 01C56809 		.ascii	"\001\305h\011D\353~\241e\004\260\223\242\314\\\011\345"
  74      44EB7EA1 
  74      6504B093 
  74      A2CC5C09 
  74      E5
  75 02c3 05590773 		.ascii	"\005Y\007s\020\207\365\240\030I\313\250\245\276\363"
  75      1087F5A0 
  75      1849CBA8 
  75      A5BEF3
  76 02d2 AAD9ADF9 		.ascii	"\252\331\255\371&nk\276\205\332\321\032\344[ss\363\271"
  76      266E6BBE 
  76      85DAD11A 
  76      E45B7373 
  76      F3B9
  77 02e4 029BB635 		.ascii	"\002\233\2665\227X\241\221\003.\261\"\266\346\333\372"
  77      9758A191 
  77      032EB122 
ARM GAS  /tmp/ccU7h4Da.s 			page 6


  77      B6E6DBFA 
  78 02f4 D67C07B7 		.ascii	"\326|\007\26757\241\210\334\225m\315\002\360\341\376"
  78      3537A188 
  78      DC956DCD 
  78      02F0E1FE 
  79 0304 DE603788 		.ascii	"\336`7\210\241\004sV\272\207sH3\212\307}\271C\036\226"
  79      A1047356 
  79      BA877348 
  79      338AC77D 
  79      B9431E96 
  80 0318 EC5AC91D 		.ascii	"\354Z\311\035\322i\205\007\034p'\306!-\272CZq\016iC"
  80      D2698507 
  80      1C7027C6 
  80      212DBA43 
  80      5A710E69 
  81 032d 11792873 		.ascii	"\021y(s\210\000\334\274\366\217p\332\267\243 w\310\265"
  81      8800DCBC 
  81      F68F70DA 
  81      B7A32077 
  81      C8B5
  82 033f DF9D5F36 		.ascii	"\337\235_6U\223\276\303\012\235\034o\007F\372\307\272"
  82      5593BEC3 
  82      0A9D1C6F 
  82      0746FAC7 
  82      BA
  83 0350 F44F70D2 		.ascii	"\364Op\322\377\205\342\361T&\275\000\334\274\364\317"
  83      FF85E2F1 
  83      5426BD00 
  83      DCBCF4CF 
  84 0360 70D2FF8D 		.ascii	"p\322\377\215\202\374\\.}\332\223\264rE\323\276\335"
  84      82FC5C2E 
  84      7DDA93B4 
  84      7245D3BE 
  84      DD
  85 0371 0AFF70C0 		.ascii	"\012\377p\300\355\030\355\273t\355_\340\264\377\027"
  85      ED18EDBB 
  85      74ED5FE0 
  85      B4FF17
  86 0380 45E43F99 		.ascii	"E\344?\231\366\002\360\021|sei(Zrj\016\332\220\014w"
  86      F602F011 
  86      7C736569 
  86      285A726A 
  86      0EDA900C 
  87 0395 73E33142 		.ascii	"s\3431Bm\263\306\343`\342\342%..^\241\344|-\217\213"
  87      6DB3C6E3 
  87      60E2E225 
  87      2E2E5EA1 
  87      E47C2D8F 
  88 03aa 754F1B57 		.ascii	"uO\033WEhq\261\326F\317|\032\340\2656D\\\244)=q\361"
  88      456871B1 
  88      D646CF7C 
  88      1AE0B536 
  88      445CA429 
  89 03c1 AD828A8B 		.ascii	"\255\202\212\213t\005C$\303\330Z\021\201\217\364\213"
  89      74054324 
  89      C3D85A11 
  89      818FF48B 
ARM GAS  /tmp/ccU7h4Da.s 			page 7


  90 03d1 8B1862EB 		.ascii	"\213\030b\353\353r\023\352\012\330\367\205\310\274\203"
  90      EB7213EA 
  90      0AD8F785 
  90      C8BC83
  91 03e0 97292807 		.ascii	"\227)(\007/G\351\262B\242\013\265>\2749{u\270\346\340"
  91      2F47E9B2 
  91      42A20BB5 
  91      3EBC397B 
  91      75B8E6E0 
  92 03f4 2A1BAC54 		.ascii	"*\033\254T4\300U\030\007\257\322\035\234\211s\360w("
  92      34C05518 
  92      07AFD21D 
  92      9C8973F0 
  92      7728
  93 0406 22AB650E 		.ascii	"\"\253e\016\026\200\233\327~\015N\373\265(\310Yr\355"
  93      16809BD7 
  93      7E0D4EFB 
  93      B528C859 
  93      72ED
  94 0418 CF1497BE 		.ascii	"\317\024\227\276\010\323\264\257\264\301:N\241\022\243"
  94      08D3B4AF 
  94      B4C13A4E 
  94      A112A3
  95 0427 FD7A5DFB 		.ascii	"\375z]\373l\234\366\337\243\210\374 \323^\004\036\362"
  95      6C9CF6DF 
  95      A388FC20 
  95      D35E041E 
  95      F2
  96 0438 0D02F979 		.ascii	"\015\002\371yB\005\214\362?D\306(\354b\371&\0135\304"
  96      42058CF2 
  96      3F44C628 
  96      EC62F926 
  96      0B35C4
  97 044b E532E445 		.ascii	"\3452\344E\254o\233P7\027\323q\226\203\213\263\037Q"
  97      AC6F9B50 
  97      3717D371 
  97      96838BB3 
  97      1F51
  98 045d EED9208F 		.ascii	"\356\331 \217\263\025\336\264m\003\2648\313\260\303"
  98      B315DEB4 
  98      6D03B438 
  98      CBB0C3
  99 046c 46EEAE0C 		.ascii	"F\356\256\014;\"\316r\3658\373\011\027g?\243\210\344"
  99      3B22CE72 
  99      F538FB09 
  99      17673FA3 
  99      88E4
 100 047e C9E24C00 		.ascii	"\311\342L\000n^\373_p\332oBA\376U\256\375\326\342\314"
 100      6E5EFB5F 
 100      70DA6F42 
 100      41FE55AE 
 100      FDD6E2CC 
 101 0492 35FC6095 		.ascii	"5\374`\225n\007\017\247\220\216\321\3767]\373\3158\355"
 101      6E070FA7 
 101      908ED1FE 
 101      375DFBCD 
 101      38ED
ARM GAS  /tmp/ccU7h4Da.s 			page 8


 102 04a4 B7A088E4 		.ascii	"\267\240\210\344\313\264\027\200\307\364\276\374\320"
 102      CBB41780 
 102      C7F4BEFC 
 102      D0
 103 04b1 E264373C 		.ascii	"\342d7<v\304\012\332IM?\265\031\237\224\314\217\031"
 103      76C40ADA 
 103      494D3FB5 
 103      199F94CC 
 103      8F19
 104 04c3 EA0486E8 		.ascii	"\352\004\206\350\355\377z7\030\010lU\002\336@X\373\236"
 104      EDFF7A37 
 104      18086C55 
 104      02DE4058 
 104      FB9E
 105 04d5 D2AC32DF 		.ascii	"\322\2542\337S\321ph\261C\0017h\261\213S\365A\266\367"
 105      53D17068 
 105      B1430137 
 105      68B18B53 
 105      F541B6F7 
 106 04e9 7394EFD1 		.ascii	"s\224\357\321\360@f{\221o}\016\245\242\026*\354\321"
 106      F040667B 
 106      916F7D0E 
 106      A5A2162A 
 106      ECD1
 107 04fb F0454741 		.ascii	"\360EGA\275\252U9`\233\"y_r\372\277\277\214\356\227"
 107      BDAA5539 
 107      609B2279 
 107      5F72FABF 
 107      BF8CEE97 
 108 050f 1720E011 		.ascii	"\027 \340\021;\232j\360\273\017L\343\345[\217\302\264"
 108      3B9A6AF0 
 108      BB0F4CE3 
 108      E55B8FC2 
 108      B4
 109 0520 AA8D5DCC 		.ascii	"\252\215]\314\256\210\002RD\376\243{^\262\030\216\376"
 109      AE880252 
 109      44FEA37B 
 109      5EB2188E 
 109      FE
 110 0531 792D78F0 		.ascii	"y-x\360X\177\226\276x{\3333\274\241\373\230\277\230"
 110      587F96BE 
 110      787BDB33 
 110      BCA1FB98 
 110      BF98
 111 0543 83C6F81D 		.ascii	"\203\306\370\035)c\315\247\246\355\270\324\264\003\265"
 111      2963CDA7 
 111      A6EDB8D4 
 111      B403B5
 112 0552 A277F671 		.ascii	"\242w\366q\364\253[\377\232?u\024\332a\027\227\243\020"
 112      F4AB5BFF 
 112      9A3F7514 
 112      DA611797 
 112      A310
 113 0564 939A76EB 		.ascii	"\223\232v\353\251i\017.5\375\201\"\262W\226\232\004"
 113      A9690F2E 
 113      35FD8122 
 113      B257969A 
ARM GAS  /tmp/ccU7h4Da.s 			page 9


 113      04
 114 0575 E0E6B5DF 		.ascii	"\340\346\265\337\207\323~?\012\362\237r\355\353\356"
 114      87D37E3F 
 114      0AF29F72 
 114      EDEBEE
 115 0584 3615F063 		.ascii	"6\025\360cw\201\035\2129\205\002\214\366\007t\355\017"
 115      77811D8A 
 115      3985028C 
 115      F60774ED 
 115      0F
 116 0595 E2B43F84 		.ascii	"\342\264?\204\"R\"\323^\000N\306j\357\312c\302l\263"
 116      225222D3 
 116      5E004EC6 
 116      6AEFCA63 
 116      C26CB3
 117 05a8 655F6719 		.ascii	"e_g\031]\241\351\354\265\353wxy.\254 P\312\307\257\340"
 117      5DA1E9EC 
 117      B5EB7778 
 117      792EAC20 
 117      50CAC7AF 
 118 05bd 49D83F3F 		.ascii	"I\330??\215\245\371\251\314/Gw\361CZ\360wU\246#\242"
 118      8DA5F9A9 
 118      CC2F4777 
 118      F1435AF0 
 118      7755A623 
 119 05d2 1C171187 		.ascii	"\034\027\021\207QBz\345\021\221\367|\337\373Z@\3448"
 119      51427AE5 
 119      1191F77C 
 119      DFFB5A40 
 119      E438
 120 05e4 E008E795 		.ascii	"\340\010\347\225\343@\004D\205\036\020Gq\001q\014\305"
 120      E3400444 
 120      851E1047 
 120      7101710C 
 120      C5
 121 05f5 E3B82C20 		.ascii	"\343\270, \004\340n\236\025\307\320\342\012\2616-\206"
 121      04E06E9E 
 121      15C7D0E2 
 121      0AB1362D 
 121      86
 122 0606 3F55907B 		.ascii	"?U\220{\302\373\274jK\224\373\033\015\023\205Si\214"
 122      C2FBBC6A 
 122      4B94FB1B 
 122      0D138553 
 122      698C
 123 0618 C9624ABB 		.ascii	"\311bJ\273*]\273\223r\355\304\231OI\3240\315\366\264"
 123      2A5DBB93 
 123      72EDC499 
 123      4F49D430 
 123      CDF6B4
 124 062b 9CEDF2FA 		.ascii	"\234\355\362\372\272\262pw&w\3308\002g\372K\367\254"
 124      BAB27077 
 124      2677D838 
 124      0267FA4B 
 124      F7AC
 125 063d 4EB75A4E 		.ascii	"N\267ZN7h\352s\306Scr\357y\334J\273\200\212\320\213"
 125      3768EA73 
ARM GAS  /tmp/ccU7h4Da.s 			page 10


 125      C6536372 
 125      EF79DC4A 
 125      BB808AD0 
 126 0652 F295B6B2 		.ascii	"\362\225\266\262\270~\031\337\367\266;\340\022\217\330"
 126      B87E19DF 
 126      F7B63BE0 
 126      128FD8
 127 0661 ED98A576 		.ascii	"\355\230\245vY\327\357\012n\251\325\240\210\324\312"
 127      59D7EF0A 
 127      6EA9D5A0 
 127      88D4CA
 128 0670 969A00DC 		.ascii	"\226\232\000\334\274\366u8\355\257\242 \327\313\265"
 128      BCF67538 
 128      EDAFA220 
 128      D7CBB5
 129 067f BF53539D 		.ascii	"\277SS\235\307\177\212R\344\200k\234B\021F\373\353\272"
 129      C77F8A52 
 129      E4806B9C 
 129      421146FB 
 129      EBBA
 130 0691 F63770DA 		.ascii	"\3667p\332\337D\021\271%\323^\000>\216o{D\221\355{A"
 130      DF4411B9 
 130      25D35E00 
 130      3E8E6F7B 
 130      4491ED7B 
 131 06a6 6F86B634 		.ascii	"o\206\2664\273\261\265\371\354\321\200\313\225\215\375"
 131      BBB1B5F9 
 131      ECD180CB 
 131      958DFD
 132 06b5 4D1EB775 		.ascii	"M\036\267u\007\334\301\345\312\246\267\223;\356\342"
 132      07DCC1E5 
 132      CAA6B793 
 132      3BEEE2
 133 06c4 E2F71ECA 		.ascii	"\342\367\036\312\355\315\362\370\255(|u\303\252\305"
 133      EDCDF2F8 
 133      AD287C75 
 133      C3AAC5
 134 06d3 EF0907DC 		.ascii	"\357\011\007\334\347ap\002\023\277\017t\371Zp\361\333"
 134      E7617002 
 134      13BF0F74 
 134      F95A70F1 
 134      DB
 135 06e4 8A22D226 		.ascii	"\212\"\322&\213_\001\370;\276\333\025\320\010\006\376"
 135      8B5F01F8 
 135      3BBEDB15 
 135      D00806FE 
 136 06f4 1D3EFBCD 		.ascii	"\035>\373\315O\360\357'B\275\256\211V\3049>\345\335"
 136      4FF0EF27 
 136      42BDAE89 
 136      56C4393E 
 136      E5DD
 137 0706 F14BDEFB 		.ascii	"\361K\336\373\320\025\2770\345\2439\237O\371\"1a\276"
 137      D015BF30 
 137      E5A3399F 
 137      4FF92231 
 137      61BE
 138 0718 6B5E7CD2 		.ascii	"k^|\322\202\304\271\304\031\0277\221\376KX\270(qb\312"
ARM GAS  /tmp/ccU7h4Da.s 			page 11


 138      82C4B9C4 
 138      19173791 
 138      FE4B58B8 
 138      287162CA 
 139 072c A28489D4 		.ascii	"\242\204\211\324d\326\2749\011\361\311q\011d\344\224"
 139      64D6BC39 
 139      09F1C971 
 139      0964E494 
 140 073c C9D35D49 		.ascii	"\311\323]I)\256\244d\327\222\344\371\311\013\277Nv\245"
 140      29AEA464 
 140      D792E4F9 
 140      C90BBF4E 
 140      76A5
 141 074e 2C8E5F9C 		.ascii	",\216_\234Hbz\033\350\377f\315\230\371\361'\256\031"
 141      48627A1B 
 141      E8FF66CD 
 141      98F9F127 
 141      AE19
 142 0760 3327CF9C 		.ascii	"3'\317\234\352&\341\274i\372g\323\246\221\310\244\344"
 142      EA26E1BC 
 142      69FA67D3 
 142      A691C8A4 
 142      E4
 143 0771 AFE21724 		.ascii	"\257\342\027$\315\345\335\206\364|d6Z\325\377,Y\312"
 143      CDE5DD86 
 143      F47C6436 
 143      5AD5FF2C 
 143      59CA
 144 0783 E8       		.ascii	"\350"
 145              		.text
 146              		.section	.gnu.lto_.inline.d6499f0ae6d76a39,"e",%progbits
 147 0000 789CB557 		.ascii	"x\234\265W\353SUU\024_{\357s/\007\270\340A-DEO8M\037"
 147      EB535555 
 147      145F7BEF 
 147      732F07B8 
 147      E0412D44 
 148 0019 6CC63E34 		.ascii	"l\306>4\323\370\215\277\200\177\241\222\313\313\032"
 148      D3F88DBF 
 148      807FA192 
 148      CBCB1A
 149 0028 F52F68C0 		.ascii	"\365/h\300G\203\223C\014Z\202\242\020Xf\223\024\002"
 149      47839343 
 149      0C5A82A2 
 149      10586693 
 149      1402
 150 003a 21900622 		.ascii	"!\220\006\"/\271\242\314\310\230Z\246\344`\021\012\323"
 150      2FB9A2CC 
 150      C8985AA6 
 150      E460110A 
 150      D3
 151 004b 5C4BEB03 		.ascii	"\\K\353\003\255u\366>O\356\005\224\351\3009{\355\265"
 151      AD75F63E 
 151      4FEE0594 
 151      E9C0397B 
 151      EDB5
 152 005d CED97BAD 		.ascii	"\316\331{\255\337z\355\253\003\203\363\0068W.\300\366"
 152      DF7AEDAB 
ARM GAS  /tmp/ccU7h4Da.s 			page 12


 152      0383F306 
 152      38572EC0 
 152      F6
 153 006e 8EA9D867 		.ascii	"\216\251\330g\274\224\245\202\271\373\250`U\373f\357"
 153      BC94A582 
 153      B9FBA860 
 153      55FB66EF 
 154 007e EA55A241 		.ascii	"\352U\242A\340\233\254\233m\0000\367X#3w\253Q\316\271"
 154      E09BAC9B 
 154      6D0030F7 
 154      58233377 
 154      AB51CEB9 
 155 0092 9A733507 		.ascii	"\232s5\007\223\001\012\361\301\351\241\213r\274D!@*"
 155      93010AF1 
 155      C1E9A18B 
 155      72BC4421 
 155      402A
 156 00a4 8EBD22CA 		.ascii	"\216\275\"\312\201\203F<\036\205r\016\341\272\266\251"
 156      8183463C 
 156      1E85720E 
 156      E1BAB6A9 
 157 00b4 98D8A181 		.ascii	"\230\330\241\201\346r5\233k\200\341ru\233\233\017\371"
 157      E672359B 
 157      6B80E172 
 157      759B9B0F 
 157      F9
 158 00c5 A4334F07 		.ascii	"\2443O\007$\030\2042i\324\210\345!Ij(\251\341J\015W"
 158      24188432 
 158      69D488E5 
 158      21496A28 
 158      A9E14A0D 
 159 00da AA29A9E6 		.ascii	"\252)\251\346J\025\311!\023\367\274.J\231\220`\234\370"
 159      4A15C921 
 159      13F7BC2E 
 159      4A999060 
 159      9CF8
 160 00ec 32369FBA 		.ascii	"26\237\272\237\355\255\320\033Dj\263\020h`\017\333\317"
 160      9FEDADD0 
 160      1B446AB3 
 160      1068600F 
 160      DBCF
 161 00fe 0893C4D2 		.ascii	"\010\223\304\322\357\245\024\357\020@\005.\366\001-"
 161      EFA514EF 
 161      1040052E 
 161      F6012D
 162 010d 6E115EFB 		.ascii	"n\021^\373\035\353\"\020\001\256H\016\370\217\027K\003"
 162      1DEB2210 
 162      01AE480E 
 162      F88F174B 
 162      03
 163 011e E4DA8388 		.ascii	"\344\332\203\210\320\300\253\013\252\013\374\202\020"
 163      D0C0AB0B 
 163      AA0BFC82 
 163      10
 164 012b BCDAD97B 		.ascii	"\274\332\331{\254F\274\267\210\262\027\026U\366\342"
 164      AC46BCB7 
 164      88B21716 
ARM GAS  /tmp/ccU7h4Da.s 			page 13


 164      55F6E2
 165 013a 7295CDEB 		.ascii	"r\225\315\353\232\376\346\017Q\366\\\312j\031\214\310"
 165      9AFEE60F 
 165      51F65CCA 
 165      6A198CC8 
 166 014a 191D2425 		.ascii	"\031\035$%\316\246B\320\204\360\272\237\340Y\363\357"
 166      CEA642D0 
 166      84F0BA9F 
 166      E059F3EF 
 167 015a 3D62170B 		.ascii	"=b\027\013%\265\341\207Em\350\225R_\344\246b\344\366"
 167      25B5E187 
 167      456DE895 
 167      525FE4A6 
 167      62E4F6
 168 016d A9C8EDB3 		.ascii	"\251\310\355\263#3\274\230\211\371P:\334\336\036\343"
 168      2333BC98 
 168      89F9503A 
 168      DCDE1EE3 
 169 017d BBC844C7 		.ascii	"\273\310D\3075\371\212\026\313\362\015\223\202\004C"
 169      35F98A16 
 169      CBF20D93 
 169      820443
 170 018c 28931300 		.ascii	"(\223\023\000\203\232\0146$\253\013d(F0\024\275\243"
 170      839A0C36 
 170      24AB0B64 
 170      28463014 
 170      BDA3
 171 019e 4144C0CD 		.ascii	"AD\300\315Y\202\366@\354R\300\230i\276\177F\224\340"
 171      5982F640 
 171      EC52C098 
 171      69BE7F46 
 171      94E0
 172 01b0 BBABD184 		.ascii	"\273\253\321\204F^\204fIe\311\030\025\336\270\202uq"
 172      465E8466 
 172      4965C918 
 172      15DEB882 
 172      7571
 173 01c2 DAC42668 		.ascii	"\332\304&h1P\3174+#\357a\312\003\227\356,\014\256#_"
 173      3150CF34 
 173      2B23EF61 
 173      CA0397EE 
 173      2C0CAE23 
 174 01d7 94AB49A7 		.ascii	"\224\253I\247\331\274t\310\372\366n\317<\337\311\230"
 174      D9BC74C8 
 174      FAF66ECF 
 174      3CDFC998 
 175 01e7 CCF548FB 		.ascii	"\314\365H\373\203\216\026Q\212\011?\320\022\237\344"
 175      838E1651 
 175      8A093FD0 
 175      129FE4
 176 01f6 C56A0582 		.ascii	"\305j\005\202\306\332\231\274/!\212X\373V\363\022\306"
 176      C6DA99BC 
 176      2F218A58 
 176      FB56F312 
 176      C6
 177 0207 2C8F70C7 		.ascii	",\217p\307#\376\315\303\253\360\241\321\027\364\227"
 177      23FECDC3 
ARM GAS  /tmp/ccU7h4Da.s 			page 14


 177      ABF0A1D1 
 177      17F497
 178 0216 F1025F41 		.ascii	"\361\002_A\246\036\261\022\331\371(\215jPR\274\324\260"
 178      A61EB112 
 178      D9F9288D 
 178      6A5052BC 
 178      D4B0
 179 0228 6A25C018 		.ascii	"j%\300\030\220B\037\213\342%\364\3242@\341\221\365\234"
 179      90421F8B 
 179      E225F4D4 
 179      3240E191 
 179      F59C
 180 023a 5FC06A48 		.ascii	"_\300jH\211\325\265\015\362\"\365\201H\364\201\035\322"
 180      89D5B50D 
 180      F222F581 
 180      48F4811D 
 180      D2
 181 024b 9A53E3E9 		.ascii	"\232S\343\351Se\341Z\310:76s\025\267\324\230\2253C\263"
 181      5365E15A 
 181      C83A3736 
 181      7315B7D4 
 181      98953343 
 182 0260 8F6E30CA 		.ascii	"\217n0\312\231l\214\273K\262\312#\373\342\241\353\243"
 182      996C8CBB 
 182      4BB2CA23 
 182      FBE2A1EB 
 182      A3
 183 0271 42B219EB 		.ascii	"B\262\031\353\367\025w\315\335\264\246\353\331\274("
 183      F71577CD 
 183      DDB4A6EB 
 183      D9BC28
 184 0280 F4978A88 		.ascii	"\364\227\212\210\242Lo\265\245Q'\300\202\361\371\022"
 184      A24C6FB5 
 184      A55127C0 
 184      82F1F912 
 185 0290 BC3E757B 		.ascii	"\274>u{\266^\224\261p \207\327\241>\227U\016_\226]\307"
 185      B65E94B1 
 185      702087D7 
 185      A13E9755 
 185      0E5F965D 
 186 02a5 2BCE41F1 		.ascii	"+\316A\361\200jJ\003>\375B\033\357\3756P\311\313\000"
 186      806A4A03 
 186      3EFD421B 
 186      EFFD3650 
 186      C9CB00
 187 02b8 568FB6C4 		.ascii	"V\217\266\304\247y\211?\317=mG?@\314\"(gKw\206\227a"
 187      A779893F 
 187      CF3D6D47 
 187      3F40CC22 
 187      28674B77 
 188 02cf 08C61A4F 		.ascii	"\010\306\032O\236\301\270\247>\031PmAc\364\252\272\006"
 188      9EC1B8A7 
 188      3E19506D 
 188      4163F4AA 
 188      BA06
 189 02e1 551D547D 		.ascii	"U\035T}r0A\237\314\036i\211\327\222\276\351\261\226"
 189      7230419F 
ARM GAS  /tmp/ccU7h4Da.s 			page 15


 189      CC1E6989 
 189      D792BEE9 
 189      B196
 190 02f3 F89F3281 		.ascii	"\370\2372\201^\264O\312\226K}\022g\340\313z7r\377\237"
 190      5EB44FCA 
 190      964B7D12 
 190      67E0CB7A 
 190      3772FF9F 
 191 0307 DE996D5C 		.ascii	"\336\231m\\\202kOk\037\3622\246'@\310\213\310ZDdH\001"
 191      826B4F6B 
 191      1FF232A6 
 191      2740C88B 
 191      C85A4464 
 192 031d 36E4880F 		.ascii	"6\344\210\0175\335\336'\244x\036\257UlX\2752\354\003"
 192      35DDDE27 
 192      A4781EAF 
 192      556C58BD 
 192      32EC03
 193 0330 2D2DA7B5 		.ascii	"--\247\265\362\2536Q\202\347\212']\217;xQ\020\257z\027"
 193      F2AB3651 
 193      82E78A27 
 193      5D8F3B78 
 193      5110AF7A 
 194 0345 AFF9E335 		.ascii	"\257\371\3435\247\361\004Rn\223;L\244M`'+\233\217\362"
 194      A7F10452 
 194      6E933B4C 
 194      A44D6027 
 194      2B9B8FF2 
 195 0359 77CA99C9 		.ascii	"w\312\231\311\301zdO\216\217\217\362(\3224\307D8}\267"
 195      C17A644F 
 195      8E8F8FF2 
 195      28D234C7 
 195      44387DB7 
 196 036d 81BF9D8F 		.ascii	"\201\277\235\217\022\272\235)\316\\$\251\256\321\313"
 196      12BA9D29 
 196      CE5C24A9 
 196      AED1CB
 197 037c 562AF374 		.ascii	"V*\363t9a\026;\337\364\346\\\020\376\344\020\256\203"
 197      3961163B 
 197      DFF4E65C 
 197      10FEE410 
 197      AE83
 198 038e 9B303657 		.ascii	"\23306W1\301e:,\006\341z\\wD\3413\342\303'\274\355l"
 198      31C1653A 
 198      2C06E17A 
 198      5C7744E1 
 198      33E2C327 
 199 03a5 D583CF45 		.ascii	"\325\203\317E1z\244\261\342\310M?>\030\377\307\027\206"
 199      317AA4B1 
 199      E2C84D3F 
 199      3E18FFC7 
 199      1786
 200 03b7 13B3B914 		.ascii	"\023\263\271\024N\036\003\251\214\243\035\324\313aa"
 200      4E1E03A9 
 200      8CA31DD4 
 200      CB6161
 201 03c6 1B5949B0 		.ascii	"\033YI\260\244\254\001O\211\317\201\001\210_\375\265"
ARM GAS  /tmp/ccU7h4Da.s 			page 16


 201      A4AC014F 
 201      89CF8101 
 201      885FFDB5 
 202 03d6 1ECF5D89 		.ascii	"\036\317]\211\354Nfh\336\323[-\2079\032\252?j\276?\341"
 202      EC4E6668 
 202      DED35B2D 
 202      87391AAA 
 202      3F6ABE3F 
 203 03eb AF7ECB33 		.ascii	"\257~\3133\324\356\031 \017,vav\251\225\330\270\336"
 203      D4EE1920 
 203      0F2C7661 
 203      76A995D8 
 203      B8DE
 204 03fd 1C83A691 		.ascii	"\034\203\246\221\3326\376>\013\013\264\202\"]\250\210"
 204      DA36FE3E 
 204      0B0BB482 
 204      225DA888 
 205 040d A7F9B09A 		.ascii	"\247\371\260\232\333\341-\032uAvE\336\214\365\037\373"
 205      DBE12D1A 
 205      75417645 
 205      DE8CF51F 
 205      FB
 206 041e 59604108 		.ascii	"Y`A\010\037p\252:\263L\330\201\001\351\320\224\264\307"
 206      1F70AA3A 
 206      B34CD881 
 206      01E9D094 
 206      B4C7
 207 0430 E25F34F3 		.ascii	"\342_4\363\0222L\353\354\376\372CQ\254#\255C\356\337"
 207      12324CEB 
 207      ECFEFA43 
 207      51AC23AD 
 207      43EEDF
 208 0443 0FCFEF15 		.ascii	"\017\317\357\025\245&&\"\226\335S\003\327+x\324\324"
 208      A5262622 
 208      96DD5303 
 208      D72B78D4 
 208      D4
 209 0454 39D0CD4E 		.ascii	"9\320\315NMw\036\344\205\006\222t\213\357~9\\%\242\206"
 209      4D771EE4 
 209      85069274 
 209      8BEF7E39 
 209      5C25A286 
 210 0468 8E3360CF 		.ascii	"\2163`\317\356\\\302\372\241!\216(\371w\3779<b8\206"
 210      EE5CC2FA 
 210      A1218E28 
 210      F977FF39 
 210      3C623886 
 211 047c 315A4CC6 		.ascii	"1ZL\306\003\205;\255lq\015\311\265h\315>\332\220\223"
 211      03853BAD 
 211      6C710DC9 
 211      B568CD3E 
 211      DA9093
 212 048f 64EB1760 		.ascii	"d\353\027`\003\211\234\015\306\226\333\267\246?FGse"
 212      03899C0D 
 212      C696DBB7 
 212      A63F4647 
 212      7365
ARM GAS  /tmp/ccU7h4Da.s 			page 17


 213 04a1 B2550343 		.ascii	"\262U\003C[\333\333&:\321\020\253#\366\006L\326\\\223"
 213      5BDBDB26 
 213      3AD110AB 
 213      23F6064C 
 213      D65C93
 214 04b4 5D5FEA36 		.ascii	"]_\3526\332\216J\326\006\033\215\315(\237\303\026\316"
 214      DA8E4AD6 
 214      061B8DCD 
 214      289FC316 
 214      CE
 215 04c5 D406DA6B 		.ascii	"\324\006\332k\310\250]\326\332\336\025\355\354\3155"
 215      C8A85DD6 
 215      DADE15ED 
 215      ECCD35
 216 04d4 B67ED2D4 		.ascii	"\266~\322\3249\205\247lg\301\267n\305\343\007\371N\\"
 216      3985A76C 
 216      67C1B76E 
 216      C5E307F9 
 216      4E5C
 217 04e6 F004C22F 		.ascii	"\360\004\302/\212\226X\220A2P6\301\366k\367\246\032"
 217      8A965890 
 217      41325036 
 217      C1F66BF7 
 217      A61A
 218 04f8 9791EEB9 		.ascii	"\227\221\356\271\230\356WT\026\\\361g\201\371W\353h"
 218      98EE5754 
 218      165CF167 
 218      81F957EB 
 218      68
 219 0509 2BC7F357 		.ascii	"+\307\363W\244\357\316\343:\021\314\202\004\335\203"
 219      A4EFCEE3 
 219      3A11CC82 
 219      04DD83
 220 0518 79BBC70A 		.ascii	"y\273\307\012\023Y\226\202\315`>\214\325}\304\235\337"
 220      13599682 
 220      CD603E8C 
 220      D57DC49D 
 220      DF
 221 0529 4D8EE29B 		.ascii	"M\216\342\233P\361Qe\327\250\255\270&\373T\024\254\323"
 221      50F15165 
 221      D7A8ADB8 
 221      26FB5414 
 221      ACD3
 222 053b 42AFBF44 		.ascii	"B\257\277D\031^\235\355\034\015Y\247:\345\346\344\332"
 222      195E9DED 
 222      1C0D59A7 
 222      3AE5E6E4 
 222      DA
 223 054c BC023FC2 		.ascii	"\274\002?\302\215\301\243O\325y\302\267s\000Q\324\203"
 223      8DC1A34F 
 223      D579C2B7 
 223      730051D4 
 223      83
 224 055d C514A231 		.ascii	"\305\024\2421\037\242)o\304\372?\035\246\200\311\264"
 224      1FA2296F 
 224      C4FA3F1D 
 224      A680C9B4 
ARM GAS  /tmp/ccU7h4Da.s 			page 18


 225 056d D40C16D0 		.ascii	"\324\014\026\320\204\210\2621d\363w\261[\340\177z\367"
 225      8488B231 
 225      64F377B1 
 225      5BE07F7A 
 225      F7
 226 057e 8523F522 		.ascii	"\205#\365\"j\202\247]x\017\216\352p\014\316\230\204"
 226      6A82A75D 
 226      780F8EEA 
 226      700CCE98 
 226      84
 227 058f 9DE04B2B 		.ascii	"\235\340K+>\335H]\206\207\362`\333\370\334?\223\030"
 227      3EDD485D 
 227      8687F260 
 227      DBF8DC3F 
 227      9318
 228 05a1 64220889 		.ascii	"d\"\010\211t\306\232\311'\343\225TF\023\374N\017:\303"
 228      74C69AC9 
 228      27E39554 
 228      4613FC4E 
 228      0F3AC3
 229 05b4 7FFCB5CF 		.ascii	"\177\374\265\317\370N\366-e@r-\267\200nmI\277m\222\034"
 229      F84EF62D 
 229      6540722D 
 229      B7806E6D 
 229      49BF6D92 
 230 05c9 83EDD4B4 		.ascii	"\203\355\324\264B\341?\012\274\013n"
 230      42E13F0A 
 230      BC0B6E
 231              		.text
 232              		.section	.gnu.lto_.pureconst.d6499f0ae6d76a39,"e",%progbits
 233 0000 789C05C1 		.ascii	"x\234\005\301\011\022\001Q\020D\301&^!\354\204\261\017"
 233      09120151 
 233      1044C126 
 233      5E21EC84 
 233      B10F
 234 0012 814B395A 		.ascii	"\201K9ZO\337\344\327\351&s\021\223\370GD\037\305\324"
 234      4FDFE4D7 
 234      E9267311 
 234      93F84744 
 234      1FC5D4
 235 0025 9235B3E6 		.ascii	"\2225\263\346\326\322Z5\326\311&\331&;k\237\034\222"
 235      D6D25A35 
 235      D6C926D9 
 235      263B6B9F 
 235      1C92
 236 0037 63724ABA 		.ascii	"crJ\272\342l]\254\253u+\356\215\307\300s\240o\274\212"
 236      E26C5DAC 
 236      AB752BEE 
 236      8DC7C073 
 236      A06FBC8A 
 237 004b 77F1B1BE 		.ascii	"w\361\261\276\326/\031\001\330\231\026E"
 237      D62F1901 
 237      D8991645 
 238              		.text
 239              		.section	.gnu.lto__aosFbcanEnqueueCallback.d6499f0ae6d76a39,"e",%progbits
 240 0000 789C9D56 		.ascii	"x\234\235V\355STU\034>\277s\356\276\335}c%c\306\235"
 240      ED535455 
ARM GAS  /tmp/ccU7h4Da.s 			page 19


 240      1C3EBF73 
 240      EEBEDD7D 
 240      632563C6 
 241 0015 2998D121 		.ascii	")\230\321!\232\006\366C\237\352K\223\375\0319\316\262"
 241      9A06F643 
 241      9FEA4B93 
 241      FD1939CE 
 241      B2
 242 0026 2DD55852 		.ascii	"-\325XR\020}\314\273\353*\340*\212\256\260\220\270\326"
 242      107DCCBB 
 242      EB2AE02A 
 242      8AAEB090 
 242      B8D6
 243 0038 0EA34C16 		.ascii	"\016\243L\026\220\315d*\266@Q\274\224DI\201\310\246"
 243      90CD642A 
 243      B64051BC 
 243      94444981 
 243      C8A6
 244 004a 052D2FA9 		.ascii	"\005-/\251\200\251\231A\347\334\227\335\225\340v\246"
 244      80A99941 
 244      E7DC97DD 
 244      95E076A6 
 245 005a 9DDD3BE7 		.ascii	"\235\335;\347\355y\366\371=\347\367\314\\3\002\324e"
 245      ED79F6F9 
 245      3DE7F7CC 
 245      5C3302D4 
 245      65
 246 006b 43681B42 		.ascii	"Ch\033Bh\221\376`\003\002,I\322s\246\200\031c2=\324"
 246      6891FE60 
 246      03022C49 
 246      D273A680 
 246      1963323D 
 247 0080 942B48A2 		.ascii	"\224+H\242\251\371\314\364S\202d#X\230\217_\333HW\014"
 247      A9F9CCF4 
 247      53826423 
 247      58988F5F 
 247      DB48570C 
 248 0094 9189E34F 		.ascii	"\221\211\343O\322\025\001\214\352iCzd\004\223:2a\263"
 248      D215018C 
 248      EA69437A 
 248      6404933A 
 248      3261B3
 249 00a7 CA605319 		.ascii	"\312`S\031\314\330\2422\210*\203\005\254\352i1=\262"
 249      CCD8A232 
 249      882A8305 
 249      ACEA6931 
 249      3DB2
 250 00b9 824D1DD9 		.ascii	"\202M\035\331\260]ep\251\014v\354P\031\234*\203\003"
 250      B05D6570 
 250      A90C76EC 
 250      50199C2A 
 250      8303
 251 00cb 72D4D3CE 		.ascii	"r\324\323\316\364(\007\\\352\310\005 \217$3\240]\230"
 251      F428075C 
 251      EAC80520 
 251      8F2433A0 
 251      5D98
ARM GAS  /tmp/ccU7h4Da.s 			page 20


 252 00dd 0806A3C9 		.ascii	"\010\006\243\311l\021\2556\273\303\231\343\202]p\220"
 252      6C11AD36 
 252      BBC399E3 
 252      825D7090 
 253 00ed 3412E8A9 		.ascii	"4\022\350\251\236\376\014\027\235\244\007\245D\343\261"
 253      9EFE0C17 
 253      9DA407A5 
 253      44E3B1
 254 00fc BC166958 		.ascii	"\274\026iX\"1\202P\023\375)\0378\007E\364\340d\260\345"
 254      22318250 
 254      13FD291F 
 254      380745F4 
 254      E064B0E5 
 255 0110 9EAD8EEE 		.ascii	"\236\255\216\356\001\010t\032\031\370\244_dS\014\371"
 255      0108741A 
 255      19F8A45F 
 255      64530CF9 
 256 0120 74DADD76 		.ascii	"t\332\335v\177\001\223\307\000\321\361\361@d\314V\330"
 256      7F0193C7 
 256      00D1F1F1 
 256      4064CC56 
 256      D8
 257 0131 2A494129 		.ascii	"*IA)1q\222H\233c\204@\027\020J\011\027\300\015\347\301"
 257      31719248 
 257      9B638440 
 257      17104A09 
 257      17C00DE7 
 258 0146 8D105DA3 		.ascii	"\215\020]\243\324\027\241\220\002\226\242\303\037\033"
 258      D417A190 
 258      0296A2C3 
 258      1F1B
 259 0154 C966197C 		.ascii	"\311f\031|'\032\377\300\240\202\037lj\226\022\002C\177"
 259      271AFFC0 
 259      A0821F6C 
 259      6A961202 
 259      437F
 260 0166 BE263A21 		.ascii	"\276&:!\243\007>\354\0324\020\217\214\356\352N\365\232"
 260      A3073EEC 
 260      1A34108F 
 260      8CEEEA4E 
 260      F59A
 261 0178 55F4D0E3 		.ascii	"U\364\320\343\032\272{Mt\217\214\256\357[\212\333\310"
 261      1ABA7B4D 
 261      748F8CAE 
 261      EF5B8ADB 
 261      C8
 262 0189 B3327AA5 		.ascii	"\2632z\245\341\354]\213&\274HA\013\320\373/\264@\321"
 262      E1EC5D8B 
 262      26BC4841 
 262      0BD0FB2F 
 262      B440D1
 263 019c 5F402162 		.ascii	"_@!b\230\353\235\313G\355FA\365\013\276\004#\355+\204"
 263      98EB9DCB 
 263      47ED4641 
 263      F50BBE04 
 263      23ED2B84 
 264 01b0 DA470C09 		.ascii	"\332G\014\011iy\245ZJ,\277\370^g\311&\2400\003f\017"
ARM GAS  /tmp/ccU7h4Da.s 			page 21


 264      6979A55A 
 264      4A2CBFF8 
 264      5E67C926 
 264      A0300366 
 265 01c5 C21E22B0 		.ascii	"\302\036\"\260\322\235\300J\310\005&\005\2410A\354\026"
 265      D29DC04A 
 265      C8052605 
 265      A13041EC 
 265      16
 266 01d6 04901208 		.ascii	"\004\220\022\010\355'X\231\004\350d\012B\311\336\276"
 266      ED275899 
 266      04E8640A 
 266      42C9DEBE 
 267 01e6 AB46C6DE 		.ascii	"\253F\306\336BD\372\257u\273oN\232\231\373\004\020\364"
 267      4244FAAF 
 267      75BB6F4E 
 267      9A99FB04 
 267      10F4
 268 01f8 31558861 		.ascii	"1U\210a\310\031\3322\30000\013\301\013\026\005\000\331"
 268      C819DA32 
 268      C030300B 
 268      C10B1605 
 268      00D9
 269 020a 00A35C69 		.ascii	"\000\243\\i\313\251\241\025K\010\202\0013]\2113\351"
 269      CBA9A115 
 269      4B088201 
 269      335D8933 
 269      E9
 270 021b 7471F44A 		.ascii	"tq\364J\3370\264B\034b\304\004_C\010\340+\306Lw\316"
 270      DF30B442 
 270      1C62C404 
 270      5F4308E0 
 270      2BC64C77 
 271 0230 1DAEE930 		.ascii	"\035\256\3510z>b\212\362c\304\014\375\364XT.\230n\206"
 271      7A3E628A 
 271      F263C40C 
 271      FDF45854 
 271      2E986E86 
 272 0244 526DE362 		.ascii	"Rm\343bz\323\002\003\340\211\022\346\001\014\202G\326"
 272      7AD30203 
 272      E08912E6 
 272      010C8247 
 272      D6
 273 0255 BE35A3A3 		.ascii	"\2765\243\2435\374\376y;\323a\001\014Ci\341Bp\364\330"
 273      35FCFE79 
 273      3BD36101 
 273      0C4369E1 
 273      4270F4D8 
 274 0269 D34C379E 		.ascii	"\323L7\236\207\352|\331\305U*\305&\306\011\337PY|\005"
 274      87EA7CD9 
 274      C5552AC5 
 274      26C609DF 
 274      50597C05 
 275 027d 7CAB57C0 		.ascii	"|\253W\300\245\365\013\260\3020+\000+{\335\227\307\217"
 275      A5F50BB0 
 275      C2302B00 
 275      2B7BDD97 
ARM GAS  /tmp/ccU7h4Da.s 			page 22


 275      C78F
 276 028f 10F63F35 		.ascii	"\020\366?5\362\246\015\276\003\217r\311#\224\237\036"
 276      F2A60DBE 
 276      038F72C9 
 276      23949F1E 
 277 029f B8956C5B 		.ascii	"\270\225l[0\025<\037\223\242t\333\316 \375\247\006\033"
 277      30153C1F 
 277      93A274DB 
 277      CE20FDA7 
 277      061B
 278 02b1 64695119 		.ascii	"diQ\031\342\200\357\241@\201\374\240@>=\235t\027\340"
 278      E280EFA1 
 278      4081FCA0 
 278      403E3D9D 
 278      7417E0
 279 02c4 2CC481DA 		.ascii	",\304\201\332\226\0321\033qYC\214*\210\206\360\236\333"
 279      961A311B 
 279      7159438C 
 279      2A8886F0 
 279      9EDB
 280 02d6 56E69A13 		.ascii	"V\346\232\023R\030~\004w\214\344\310\276\031:\017uL"
 280      52187E04 
 280      778CE4C8 
 280      BE193A0F 
 280      754C
 281 02e8 21661CF9 		.ascii	"!f\034\371\017\343~\3426nl}\343\\0.\033\247\302z\366"
 281      0FE37EE2 
 281      366E6C7D 
 281      E35C302E 
 281      1BA7C27A 
 282 02fd ED1D1533 		.ascii	"\355\035\0253\346l\200+\2329\023\334\346\\\325J\235"
 282      E66C802B 
 282      9A3913DC 
 282      E65CD54A 
 282      9D
 283 030e E43527A9 		.ascii	"\3445'\251!~fB\263\3140\246\273\3370\017\2415\315\310"
 283      217E6642 
 283      B3CC30A6 
 283      BBDF300F 
 283      A135CDC8 
 284 0322 6D62170B 		.ascii	"mb\027\013\327T3\352O\217\0273[\037\201w\340:#\332("
 284      D75433EA 
 284      4F8F1733 
 284      5B1F8177 
 284      E03A23DA 
 285 0337 13995645 		.ascii	"\023\231VEo`\233\322\300\316\254\250\231\327\214\032"
 285      6F609BD2 
 285      C0CEACA8 
 285      99D78C1A 
 286 0347 E672F817 		.ascii	"\346r\370\027\275\326\374U/[S\351lM?\234\255\3540Yx"
 286      BDD6FC55 
 286      2F5B53E9 
 286      6C4D3F9C 
 286      ADEC3059 
 287 035c C3F41B77 		.ascii	"\303\364\033wO\244\364\024\317\350\205iV/LsZ\277\314"
 287      4FA4F414 
 287      CFE88569 
ARM GAS  /tmp/ccU7h4Da.s 			page 23


 287      562F4C73 
 287      5ABFCC
 288 036f 73F7CBEF 		.ascii	"s\367\313\357\332\355\337\340\355\227\233\032\342\226"
 288      DAEDDFE0 
 288      ED979B1A 
 288      E296
 289 037d 8288CCC5 		.ascii	"\202\210\314\305k\035J\230f0,d\372G\344\016\323\"\267"
 289      6B1D4A98 
 289      66302C64 
 289      FA47E40E 
 289      D322B7
 290 0390 714B7A61 		.ascii	"qKza\272\255\033\246?4s\356p\233sW+\365\036\2579\177"
 290      BAAD1BA6 
 290      3F3473EE 
 290      709B7357 
 290      2BF51EAF 
 291 03a6 6A88FB4C 		.ascii	"j\210\373Lh\226\031V\3560\375\305\314\310\216\217mU"
 291      68961956 
 291      EE30FDC5 
 291      CCC88E8F 
 291      6D55
 292 03b8 7C46D4F8 		.ascii	"|F\324\370\344f\305\307\276f|\010\227\247\017\364\232"
 292      E466C5C7 
 292      BE667C08 
 292      97A70FF4 
 292      9A
 293 03c9 F16FBDF8 		.ascii	"\361o\275\370,\247\343\263\362p|HV|\034\274\361\221"
 293      2CA7E3B3 
 293      F2707C48 
 293      567C1CBC 
 293      F191
 294 03db 306F1704 		.ascii	"0o\027\004\260\216\342 \326\211\317n\254\023\237\020"
 294      B08EE220 
 294      D689CF6E 
 294      AC139F10 
 295 03eb 563B640F 		.ascii	"V;d\017\346\355\220\275X\275\357j\314\331!5\032\242"
 295      E6ED90BD 
 295      58BDEF6A 
 295      CCD92135 
 295      1AA2
 296 03fd 5641C422 		.ascii	"VA\304\"\227\206LJ|f1\354\303\351\216qr\307'\314m\334"
 296      97864C4A 
 296      7C6631EC 
 296      C3E98E71 
 296      72C727CC 
 297 0413 FEF58D73 		.ascii	"\376\365\215s\301\001\254\027\237:\315\234\203\334\346"
 297      C101AC17 
 297      9F3ACD9C 
 297      83DCE6
 298 0422 1CD24AAD 		.ascii	"\034\322J\255\3475\347\260\2068\302\204f\231\221\303"
 298      E735E7B0 
 298      8638C284 
 298      669991C3 
 299 0432 1D9F085E 		.ascii	"\035\237\010^\025\037W&>4\032\3153\3119\023\203Stb\274"
 299      151F5726 
 299      3E341ACD 
 299      33C93913 
ARM GAS  /tmp/ccU7h4Da.s 			page 24


 299      83537462 
 300 0447 63CC41AD 		.ascii	"c\314A\255\011\320\003'J\351{\344\243\364mP\011\025"
 300      09D00327 
 300      4AE97BE4 
 300      A3F46D50 
 300      0915
 301 0459 DD0DC492 		.ascii	"\335\015\304\222g3\366\344\301Q\331\036\201u{\003\366"
 301      6733F6E4 
 301      C151D91E 
 301      81757B03 
 301      F6
 302 046a D0F831BA 		.ascii	"\320\3701\272\305T\352\177\3225\312t\006F\027\305\236"
 302      C554EA7F 
 302      D235CA74 
 302      064617C5 
 302      9E
 303 047b EC57CA3C 		.ascii	"\354W\312<\252\277\011\273\025\2653a\353Z\364o+\364"
 303      AABF09BB 
 303      15B53361 
 303      EB5AF46F 
 303      2BF4
 304 048d B9EBD237 		.ascii	"\271\353\3227g\350\337ejEt\003\202'\332\333\211l\035"
 304      67E8DF65 
 304      6A457403 
 304      8227DADB 
 304      896C1D
 305 04a0 FB840964 		.ascii	"\373\204\011d\336\217\021r\027\027\227\320\257\257\274"
 305      DE8F1172 
 305      171797D0 
 305      AFAFBC
 306 04af C25F5259 		.ascii	"\302_RY\341+\361\226Wn/+\365yw\026\373\220\241\254\302"
 306      E12BF196 
 306      576E2F2B 
 306      F5797716 
 306      FB90A1AC 
 307 04c4 FBBADFFA 		.ascii	"\373\272\337\372f\225\277\312\277\275\254\242|\347["
 307      6695BFCA 
 307      BFBDACA2 
 307      7CE75B
 308 04d3 A2322EF5 		.ascii	"\2422.\365\372v\030\337\360\322\335J\367\226\312'\266"
 308      FA7618DF 
 308      F0D2DD4A 
 308      F796CA27 
 308      B6
 309 04e4 54153D93 		.ascii	"T\025=\223O\201/\224\276\274\365\025\277oG~\231\367"
 309      4F812F94 
 309      BEBCF515 
 309      BF6F477E 
 309      99F7
 310 04f6 D5D7FC2F 		.ascii	"\325\327\374/\241\177\000l\035I\364"
 310      A17F006C 
 310      1D49F4
 311              		.text
 312              		.section	.gnu.lto__aosFbcanErrorCallback.d6499f0ae6d76a39,"e",%progbits
 313 0000 789C7553 		.ascii	"x\234uS\375OSg\024~\237\373\336~P\001?\366\313\022\022"
 313      FD4F5367 
 313      147E9FFB 
ARM GAS  /tmp/ccU7h4Da.s 			page 25


 313      DE7E5001 
 313      3FF6CB12 
 314 0015 52E22631 		.ascii	"R\342&13\334\376\274\217d\013\311\022\263\220%\362\007"
 314      33DCFEBC 
 314      8F640BC9 
 314      12B39025 
 314      F207
 315 0027 18E8AA34 		.ascii	"\030\350\2524\243\224\364j2\177\362m\351&\033D\177\301"
 315      A394F46A 
 315      327FF26D 
 315      E9261B44 
 315      7FC1
 316 0039 41CD9ACB 		.ascii	"A\315\232\313 \005\227e\272\351\262\2159\331\025&\012"
 316      20059765 
 316      BAE9B28D 
 316      39D91526 
 316      0A
 317 004a 63CA98BA 		.ascii	"c\312\230\272)\012\014C\367\241\331\2421\304\304Yw\336"
 317      290A0C43 
 317      F7A1D9A2 
 317      31C4C459 
 317      77DE
 318 005c F7B6AED4 		.ascii	"\367\266\256\324q\323\217\373\236\363\234\347\236\363"
 318      71D38FFB 
 318      9EF39CE7 
 318      9EF3
 319 006a 9CE77A19 		.ascii	"\234\347z\031\330f\027c_2\306^\240/\\\014\232\020\342"
 319      D8661763 
 319      5F32C65E 
 319      A02F5C0C 
 319      9A10E2
 320 007d 654FDCAB 		.ascii	"eO\334\253izv:\365\224.|\374\310\311\3546]\224s\350"
 320      697A763A 
 320      F5942E7C 
 320      FCC8C9EC 
 320      365D9473 
 321 0092 F99C0EA8 		.ascii	"\371\234\016\250;\341\005\333\257q\035\373q\210\367"
 321      3BE105DB 
 321      AF711DFB 
 321      7188F7
 322 00a1 728C1DC8 		.ascii	"r\214\035\310\216h[\207)'\354\336\225Mi1#\270\305\031"
 322      8E685B87 
 322      2927ECDE 
 322      954D6931 
 322      23B8C519 
 323 00b5 4BD1D7B9 		.ascii	"K\321\327\271\3605\266\022p>\221\276_~\220r\200N\307"
 323      F035B612 
 323      703E91BE 
 323      5F7E9072 
 323      804EC7
 324 00c8 9EA9CF27 		.ascii	"\236\251\317'}\362\250\301O\307N\361p\206\363j0\272"
 324      7DF2A8C1 
 324      4FC74EF1 
 324      7086F36A 
 324      30BA
 325 00da 9FCCBD33 		.ascii	"\237\314\2753\346\251\315\010\221\020\366?\031.\236"
 325      E6A9CD08 
ARM GAS  /tmp/ccU7h4Da.s 			page 26


 325      9110F63F 
 325      192E9E
 326 00e9 B138C769 		.ascii	"\2618\307ip\242\3047\250\302)T1F1\242\036E-\025\034"
 326      70A2C437 
 326      A8C22954 
 326      314631A2 
 326      1E452D15 
 327 00fe 3E927D9A 		.ascii	">\222}\232oV\265\231\\\377\010\362\265\367\206U\255"
 327      6F56B599 
 327      5CFF08F2 
 327      B5F78655 
 327      AD
 328 010f 8E6F9FA8 		.ascii	"\216o\237\250\325\251\326F-\223%K\237\345\016W\270\365"
 328      D5A9D646 
 328      2D93254B 
 328      9FE50E57 
 328      B8F5
 329 0121 7CC73803 		.ascii	"|\3078\003\267\266*\012V\002\323\212\003I9y\377\255"
 329      B7B62A0A 
 329      5602D38A 
 329      03493979 
 329      FFAD
 330 0133 21AE2A55 		.ascii	"!\256*U\262\010\214\357\340\3068\334\253\203g)8&\203"
 330      B2088CEF 
 330      E0C638DC 
 330      AB836729 
 330      382683
 331 0146 98807B15 		.ascii	"\230\200{\0255\177\222\372\341\226<3_Mr\236H\316\225"
 331      357F92FA 
 331      E1963C33 
 331      5F4D729E 
 331      48CE95
 332 0159 324F3E66 		.ascii	"2O>f\236\242;\";>\353\262E\356\321\001ag_\373\360\243"
 332      9EA23B22 
 332      3B3EEBB2 
 332      45EED101 
 332      61675FFB 
 333 016f DA0AD0F0 		.ascii	"\332\012\320\360.\215~\334\264\007R\317\005G\207.\316"
 333      2E8D7EDC 
 333      B40752CF 
 333      0547872E 
 333      CE
 334 0180 E4D37408 		.ascii	"\344\323t\010\233\261n\2569\207\016:,#\2710>1\375>d"
 334      9BB16EAE 
 334      39870E3A 
 334      2C23B930 
 334      3E31FD3E 
 335 0195 17692E77 		.ascii	"\027i.w~\260\343\357y\257\334\035W\232\247\217N?*K\""
 335      7EB0E3EF 
 335      79AFDC1D 
 335      579AA78F 
 335      4E3F2A4B 
 336 01aa 11F75264 		.ascii	"\021\367Rd0?\302\225\271\211\031d0\010\213{0\215$\360"
 336      303FC295 
 336      B9891964 
 336      30088B7B 
 336      308D24F0 
ARM GAS  /tmp/ccU7h4Da.s 			page 27


 337 01be BD949E32 		.ascii	"\275\224\2362#\275\366\200\202w\322t\003\220,?\020\222"
 337      23BDF680 
 337      8277D274 
 337      03902C3F 
 337      1092
 338 01d0 7ABE4030 		.ascii	"z\276@0e\231.\316/\244Nf5\331\200\326\315\365\377\272"
 338      65992ECE 
 338      2FA44E66 
 338      35D980D6 
 338      CDF5FFBA 
 339 01e4 B985C4D2 		.ascii	"\271\205\304\322o\263\017*\244r +\267\023\241\310\374"
 339      6FB30F2A 
 339      A472202B 
 339      B713A1C8 
 339      FC
 340 01f5 7E4E5949 		.ascii	"~NYIG\200\216\003\326\211\373\276\2328,\321\347\267"
 340      47808E03 
 340      D689FBBE 
 340      9A382CD1 
 340      E7B7
 341 0207 B8573EF2 		.ascii	"\270W>\362\223\233\247\204W\247\325`\0065\252\211\263"
 341      939BA784 
 341      57A7D560 
 341      0635AA89 
 341      B3
 342 0218 DD37263D 		.ascii	"\3357&=\024\301\217\320qQv\206Y\345\313\243\243\343"
 342      14C18FD0 
 342      71517686 
 342      59E5CBA3 
 342      A3E3
 343 022a CBE535C9 		.ascii	"\313\3455\311|u\231\304\336=v\342\362:U\375\223\254"
 343      7C7599C4 
 343      DE3D76E2 
 343      F23A55FD 
 343      93AC
 344 023c C625E8EC 		.ascii	"\306%\350\3546:\026\357\364|P-wY\252\201/E\235\320\342"
 344      363A16EF 
 344      F47C502D 
 344      7759AA81 
 344      2F459DD0 
 345 0251 192ECB81 		.ascii	"\031.\313\201,\276N\302\373O\277\270\006\330\345\200"
 345      2CBE4EC2 
 345      FB4FBFB8 
 345      06D8E580 
 346 0261 AF14C07F 		.ascii	"\257\024\300\177\"\321\363\336\360\275-\216\340(\026"
 346      22D1F3DE 
 346      F0BD2D8E 
 346      E02816
 347 0270 BC5C096E 		.ascii	"\274\\\011n_\373\364j%i\033\227\376\310\311\242\212"
 347      5FFBF46A 
 347      25691B97 
 347      FEC8C9A2 
 347      8A
 348 0281 34BD473F 		.ascii	"4\275G?\347\005\216[\013_\271\003\307\244h4B%~!u\373"
 348      E7058E5B 
 348      0B5FB903 
 348      C7A46834 
ARM GAS  /tmp/ccU7h4Da.s 			page 28


 348      42257E21 
 349 0297 94B929F9 		.ascii	"\224\271)\371\305\245\343SeN\262\177T\263\370z\\E\240"
 349      C5A5E353 
 349      654EB27F 
 349      54B3F87A 
 349      5C45A0
 350 02aa AF60F2BE 		.ascii	"\257`\362\276C\037\217\370dg2]IV\3015\004h\3449\331"
 350      431F8FF8 
 350      6467325D 
 350      4956C135 
 350      0468E439 
 351 02bf DB6DBCED 		.ascii	"\333m\274\355\227=\225\216\260!\305\245\343\256K\014"
 351      973D958E 
 351      B021C5A5 
 351      E3AE4B0C 
 352 02cf F59BE62E 		.ascii	"\365\233\346.\213o\314+\264R-=\371?C{\244\201\031n\024"
 352      8B6FCC2B 
 352      B4522D3D 
 352      F93F437B 
 352      A481196E 
 353 02e4 2B74E7A5 		.ascii	"+t\347\2455\300^\007<_\000K\027,\317>\200\343r\307\005"
 353      35C05E07 
 353      3C5F004B 
 353      172CCF3E 
 353      80E372C7 
 354 02f9 8F35D295 		.ascii	"\2175\322\225F\235\313Cs\336\302\202\027\324\202\027"
 354      469DCB43 
 354      73DEC282 
 354      17D48217 
 355 0309 D5824BB7 		.ascii	"\325\202K\267\371+m\363/$\026\337\375\243L\015G\327"
 355      F92B6DF3 
 355      2F2416DF 
 355      FDA34C0D 
 355      47D7
 356 031b 0AB4E21E 		.ascii	"\012\264\342\036\244O\007\207\236\247wfP\352\204%jC"
 356      A44F0787 
 356      9EA77766 
 356      50EA8425 
 356      6A43
 357 032d BBBBA9F8 		.ascii	"\273\273\251\370\231\262\213\233\250\242\267\277\213"
 357      99B28B9B 
 357      A8A2B7BF 
 357      8B
 358 033a C3716BC2 		.ascii	"\303qk\302\226TUuu\006}\202\321X\3100cA\243)j\356\334"
 358      96545575 
 358      75067D82 
 358      D158C830 
 358      6341A329 
 359 0351 D51C6C6A 		.ascii	"\325\034lj\253\0132\235\376\332]\273Z\233v\233\257:"
 359      AB0B329D 
 359      FEDA5DBB 
 359      5A9B769B 
 359      AF3A
 360 0363 B03743B1 		.ascii	"\2607C\261\266P\253Q\337\022n\016\277\336hDM*\214D\242"
 360      B650AB51 
 360      DF126E0E 
 360      BFDE6844 
ARM GAS  /tmp/ccU7h4Da.s 			page 29


 360      4D2A8C44 
 361 0378 6D46E8AD 		.ascii	"mF\350\255=\306+;\032\214\372\206\306\355\215F\275d"
 361      3DC62B3B 
 361      1A8CFA86 
 361      C6ED8D46 
 361      BD64
 362 038a DBDE166C 		.ascii	"\333\336\026l\335\373F\310\010F\314\260\271sw0X\327"
 362      DDFB46C8 
 362      0846CCB0 
 362      B9737730 
 362      58D7
 363 039c C2363434 		.ascii	"\302644\356\36077\231\241\366Xx\233\377\331\000\323"
 363      EEF03737 
 363      99A1F658 
 363      789BFFD9 
 363      00D3
 364 03ae 62CC1309 		.ascii	"b\314\023\011E\242\261}\354\271\265\036\021\333c\204"
 364      45A2B17D 
 364      ECB9B51E 
 364      11DB6384 
 365 03be 0B5C2DE6 		.ascii	"\013\\-\346>\223x\376\005\320\273\330\000"
 365      3E9378FE 
 365      05D0BBD8 
 365      00
 366              		.text
 367              		.section	.gnu.lto_FBCAND1.d6499f0ae6d76a39,"e",%progbits
 368 0000 789CE360 		.ascii	"x\234\343``d\270\311\300\300 \313\000\001\323\231\031"
 368      6064B8C9 
 368      C0C020CB 
 368      0001D399 
 368      19
 369 0011 9B4F4F7B 		.ascii	"\233OO{\302f\271\275\241Ca>3X\240\257\371\375=\216>"
 369      C266B9BD 
 369      A143613E 
 369      3358A0AF 
 369      F9FD3D8E 
 370 0026 E6F9CC8C 		.ascii	"\346\371\314\214\214(\\&0\367\370\373\267W\030A\\f0"
 370      8C285C26 
 370      30F7F8FB 
 370      B7571841 
 370      5C6630
 371 0039 F7D4EAEB 		.ascii	"\367\324\352\353\277y@\272\0274$\314gf\231\301\314\300"
 371      BF7940BA 
 371      173424CC 
 371      676699C1 
 371      CCC0
 372 004b B887517A 		.ascii	"\270\207Qz\006P\357^\020\305\004\3411C(\026\306\335"
 372      0650EF5E 
 372      10C504E1 
 372      31432816 
 372      C6DD
 373 005d 208A9551 		.ascii	" \212\225QO\032\305dV\260QsW\234\371\317\331\302\330"
 373      4F1AC564 
 373      56B05173 
 373      579CF9CF 
 373      D9C2D8
 374 0070 D4D8D1D0 		.ascii	"\324\330\321\320\360\240{-\263\316|f\266\305\314\020"
ARM GAS  /tmp/ccU7h4Da.s 			page 30


 374      F0A07B2D 
 374      B3CE7C66 
 374      B6C5CC10 
 375 0080 47362DDF 		.ascii	"G6-\337\267\024j\215\303|f\366\031\314l\214\007\030"
 375      B7146A8D 
 375      C37C66F6 
 375      19CC6C8C 
 375      0718
 376 0092 5B186730 		.ascii	"[\030g0\2633\356\007\031\311\301\270\217\321r\0063'"
 376      B333EE07 
 376      19C9C1B8 
 376      8FD17206 
 376      3327
 377 00a4 E32E464B 		.ascii	"\343.FK\006\306\203@BZOO\037\210\222\363\213R\365\213"
 377      06C68340 
 377      425A4F4F 
 377      1F8892F3 
 377      8B52F58B 
 378 00b8 8B92F513 		.ascii	"\213\222\365\023\363\213\343\323\222\222\023\363\364"
 378      F38BE3D3 
 378      929213F3 
 378      F4
 379 00c5 92190008 		.ascii	"\222\031\000\010\342L\251"
 379      E24CA9
 380              		.text
 381              		.section	.gnu.lto__aosFbcanTxemptyCallback.d6499f0ae6d76a39,"e",%progbits
 382 0000 789C9D56 		.ascii	"x\234\235V\353OTG\024\2373sw\357\356\362\320\372\252"
 382      EB4F5447 
 382      149F3373 
 382      77EFEEF2 
 382      D0FAAA
 383 0013 956A312D 		.ascii	"\225j1-5\246\206\335O\375\320h\322\306\244\211\037L"
 383      35A686DD 
 383      4FFDD068 
 383      D2C6A489 
 383      1F4C
 384 0025 13F9030C 		.ascii	"\023\371\003\014lW\245\0250\273\326\324O^\026\224\207"
 384      6C57A515 
 384      30BBD6D4 
 384      4F5E1694 
 384      87
 385 0036 44D35484 		.ascii	"D\323T\204%%K\241X\321j[k\214T\201\025TD\251Z\352\243"
 385      25254BA1 
 385      58D16A5B 
 385      6B8C5481 
 385      155444A9 
 386 004d 4A0544A1 		.ascii	"J\005D\241\340\263\322\212Te\3519s\357\256\313\262H"
 386      E0B3D28A 
 386      5465E939 
 386      73EFAECB 
 386      B248
 387 005f 5202C3BD 		.ascii	"R\002\303\2753\277\363\372\235\337\314\\\013\003v\301"
 387      33BFF3FA 
 387      9DDFCC5C 
 387      0B0376C1 
 388 006f C6580363 		.ascii	"\306X\003cl?\376A<\003\256i\332\373j\256\205s\245\277"
 388      6C3FFE41 
ARM GAS  /tmp/ccU7h4Da.s 			page 31


 388      3C03AE69 
 388      DAFB6AAE 
 388      8573A5BF 
 389 0083 DD3753D1 		.ascii	"\3357S\321l\242\342\247\376%\212\026/@1\326\024\260"
 389      6CA2E2A7 
 389      FE258A16 
 389      2F4031D6 
 389      14B0
 390 0095 1A4F266E 		.ascii	"\032O&n\326Wm\252\216\2167\203\305XS\303O\026\003\177"
 390      D6576DAA 
 390      8E8E3783 
 390      C55853C3 
 390      4F16037F 
 391 00a9 C262E5B6 		.ascii	"\302b\345\266\272\243\015K\021\037w\265\265Y \336\306"
 391      BAA30D4B 
 391      111F77B5 
 391      B55920DE 
 391      C6
 392 00ba 4D513371 		.ascii	"MQ3q\000\022\255Y\200m\341B1\231U\213\325\026\007[\270"
 392      0012AD59 
 392      806DE142 
 392      3199558B 
 392      D516075B 
 393 00cf 95857F76 		.ascii	"\225\205\177v\2122\001\315\005\375\365|\361\267\210"
 393      8A3201CD 
 393      05FDF57C 
 393      F1B788
 394 00de D6026587 		.ascii	"\326\002e\207\247Uj\0275\341\027\214\371D\010\006?\303"
 394      A7556A17 
 394      35E1178C 
 394      F9440806 
 394      3FC3
 395 00f0 62047679 		.ascii	"b\004vy+G\342w\340\032\200\202\257\273\316\036n\263"
 395      2B47E277 
 395      E01A8082 
 395      AFBBCE1E 
 395      6EB3
 396 0102 D12B8764 		.ascii	"\321+\207d|-\324F/\012\261\000\030>\267\005\2675\253"
 396      7C2DD446 
 396      2F0AB100 
 396      183EB705 
 396      B735AB
 397 0115 8B6A35CD 		.ascii	"\213j5\315\253\005\332\367\010\355-\277\020\320\000"
 397      AB05DAF7 
 397      08ED2DBF 
 397      10D000
 398 0124 025DC271 		.ascii	"\002]\302qH\202c\220\304\030\316\241\353FX\204\006\245"
 398      48826390 
 398      C418CEA1 
 398      EB465884 
 398      06A5
 399 0136 15FD73C5 		.ascii	"\025\375s\305\233\322\2666XU\017\206\355\311\271\025"
 399      9BD2B636 
 399      58550F86 
 399      EDC9B915 
 400 0146 5A40F10B 		.ascii	"Z@\361\013\005\232&\030+h\034\200E\214lz\177\014\226"
 400      059A2618 
ARM GAS  /tmp/ccU7h4Da.s 			page 32


 400      2B681C80 
 400      458C6C7A 
 400      7F0C96
 401 0159 26981523 		.ascii	"&\230\025#e8\001f1n\026X\024\214GN\344S\351U5\265BZ"
 401      65380166 
 401      316E1658 
 401      148C474E 
 401      E453E955 
 402 0171 CAC50830 		.ascii	"\312\305\0100\234\0043\264\200y\374\344)\234l\246I8"
 402      9C0433B4 
 402      8079FCE4 
 402      299C6CA6 
 402      4938
 403 0183 0DE671AE 		.ascii	"\015\346q\256\305D\327}o\030\236\305x'g\320Ik\264\347"
 403      C544D77D 
 403      6F189EC5 
 403      782767D0 
 403      496BB4E7 
 404 0197 B6B0E7B3 		.ascii	"\266\260\347\263\322\363\211\272\247\217\270X,\271\031"
 404      D2F389BA 
 404      A78FB858 
 404      2CB919
 405 01a6 F696DDB4 		.ascii	"\366\226\335\264\245\324Hn\202M\263j\362\2643\032\322"
 405      A5D4486E 
 405      824DB36A 
 405      F2B4331A 
 405      D2
 406 01b7 63827351 		.ascii	"c\202sQ\364\260q\005C;\244\310\014\210\234_\320?\376"
 406      F4B07105 
 406      433BA4C8 
 406      0C889C5F 
 406      D03FFE
 407 01ca A3B9EF3B 		.ascii	"\243\271\357;L\001-8V\240\005\272\226}} e> \255f\216"
 407      4C012D38 
 407      56A005BA 
 407      967D7D20 
 407      653E20AD 
 408 01e0 832A7030 		.ascii	"\203*p0)4\230p\260\230q\260\2528\240\200\250c\211\214"
 408      29349870 
 408      B09871B0 
 408      AA38A080 
 408      A863898C 
 409 01f4 CC6783DE 		.ascii	"\314g\203\336\200\355\202}\327\331\373.h\001\306J\004"
 409      80ED827D 
 409      D7D9FB2E 
 409      6801C64A 
 409      04
 410 0205 97CF79F8 		.ascii	"\227\317y\370\334\007\371\335-\301\206\335@\241+E\034"
 410      DC07F9DD 
 410      2DC186DD 
 410      40A12B45 
 410      1C
 411 0216 26B423EF 		.ascii	"&\264#\357a\227\2054#d=\225{\333\307\254\371\340\315"
 411      61978534 
 411      23643D95 
 411      7BDBC7AC 
 411      F9E0CD
ARM GAS  /tmp/ccU7h4Da.s 			page 33


 412 0229 B5E04C8D 		.ascii	"\265\340L\215\301\334\225\316\323\027\241\026j\300/"
 412      C1DC95CE 
 412      D317A116 
 412      6AC02F
 413 0238 E2E002E4 		.ascii	"\342\340\002\344\003\234\247\222p\245\276,P-\341\205"
 413      039CA792 
 413      70A5BE2C 
 413      502DE185 
 414 0248 486A3590 		.ascii	"Hj5\220\027Bb5\277\"L\026\275]\210\221\246\375oS|^\""
 414      17426235 
 414      BF224C16 
 414      BD5D8891 
 414      A6FD6F53 
 415 025f 94702E77 		.ascii	"\224p.w\301\333;\326\361,\201H\005\334\260\233\320\235"
 415      C1DB3BD6 
 415      F12C8148 
 415      05DCB09B 
 415      D09D
 416 0271 563BD02A 		.ascii	"V;\320*\005\254\200\003_\253\375\207Fl\013\013\300\257"
 416      05AC8003 
 416      5FABFD87 
 416      466C0B0B 
 416      C0AF
 417 0283 9527FB45 		.ascii	"\225'\373E<\005<p\353\230fQP\017\360\033,\224)\234*"
 417      3C053C70 
 417      EB986651 
 417      500FF01B 
 417      2C94299C 
 418 0298 B9D1A6E2 		.ascii	"\271\321\246\342\014\\\002\005:(/\270,w\303\336\306"
 418      0C5C0205 
 418      3A282FB8 
 418      2C77C3DE 
 418      C6
 419 02a9 96BEF885 		.ascii	"\226\276\370\205\305\206u\002a\207\016\036\272\034'"
 419      C5867502 
 419      61870E1E 
 419      BA1C27
 420 02b8 ADAF9035 		.ascii	"\255\257\2205\\\005\205\335\203\274\236\272\322\257"
 420      5C0585DD 
 420      83BC9EBA 
 420      D2AF
 421 02c6 16509BA3 		.ascii	"\026P\233\243\031H\364a&\250\011\006\277S9~1\215\340"
 421      1948F461 
 421      26A80906 
 421      BF53397E 
 421      318DE0
 422 02d9 550D4B27 		.ascii	"U\015K'\001\233t\360\265\020\230\015\203\032\211B\226"
 422      019B74F0 
 422      B510980D 
 422      831A8942 
 422      96
 423 02ea 7AB677AB 		.ascii	"z\266w\253\357a\333jh\013\300uD\362\241\031\221}\260"
 423      EF61DB6A 
 423      680BC075 
 423      44F2A119 
 423      917DB0
 424 02fd 21199D90 		.ascii	"!\031\235\220\204\232/\021\246\313\337T\266\011I\327"
ARM GAS  /tmp/ccU7h4Da.s 			page 34


 424      849A2F11 
 424      A6CBDF54 
 424      B60949D7 
 425 030d 1DF01E1F 		.ascii	"\035\360\036\037\034kM$\265T\212\304H\213\351\262s\201"
 425      1C6B4D24 
 425      B5548AC4 
 425      488BE9B2 
 425      7381
 426 031f EB3F5C4B 		.ascii	"\353?\\K\304&\345\222\276{I3\257T\012\025\3760:\225"
 426      C426E592 
 426      BE7B4933 
 426      AF540A15 
 426      FE303A95 
 427 0333 EBEF3E6A 		.ascii	"\353\357>jv\034$\365#\0333\340\006\266\251\\\030\252"
 427      761C24F5 
 427      231B33E0 
 427      06B6A95C 
 427      18AA
 428 0345 3C72E9FB 		.ascii	"<r\351\373\263V}\261j\237 \371v\201\243\\nR\350\006"
 428      B3567DB1 
 428      6A9F20F9 
 428      7681A35C 
 428      6E52E806 
 429 0359 871EBCB0 		.ascii	"\207\036\274\260(C\017\016\221\301M\023\202\243\373"
 429      28430F0E 
 429      91C14D13 
 429      82A3FB
 430 0368 999821F4 		.ascii	"\231\230!\364\304\214l\206\23322\355w\350\325}w\025"
 430      C48C6C86 
 430      9B3232ED 
 430      77E8D57D 
 430      7715
 431 037a D759C975 		.ascii	"\327Y\311ut\025\331S\025qk\262\"\216\000ev;\\D\0378"
 431      7415D953 
 431      15716BB2 
 431      228E0065 
 431      763B5C44 
 432 0390 306FD2FF 		.ascii	"0o\322\377@\313\3713\016\243\016=EF{\304|\345ZA\200"
 432      40CBF933 
 432      0EA30E3D 
 432      45467BC4 
 432      7CE55A41 
 433 03a5 87981E1A 		.ascii	"\207\230\036\032(n\233\023+\243\203\304\353\314\260"
 433      286E9B13 
 433      2BA383C4 
 433      EBCCB0
 434 03b4 698CEAFA 		.ascii	"i\214\352\372eJ\224\023\374)E\034f\212T> \003\226\010"
 434      654A9413 
 434      FC29451C 
 434      668A543E 
 434      20039608 
 435 03c8 553B575A 		.ascii	"U;WZ\004\341p{Kb\326\277i\252\372\007'\253\277Q\326"
 435      04E1707B 
 435      4B62D6BF 
 435      69AAFA07 
 435      27ABBF51 
 436 03dd 7F87EA57 		.ascii	"\177\207\352W(\225\273\3400\212-\021\226q\242\332U<"
ARM GAS  /tmp/ccU7h4Da.s 			page 35


 436      2895BBE0 
 436      308A2D11 
 436      9671A2DA 
 436      553C
 437 03ef FAC563AE 		.ascii	"\372\305c\256\023\302'\224+\330K\2339\013\356\311\014"
 437      13C22794 
 437      2BD84B9B 
 437      390BEEC9 
 437      0C
 438 0400 4C7A06C7 		.ascii	"Lz\006\307\273o\037\342\244s\262\035\346xj\301}\354"
 438      BB6F1FE2 
 438      A473B21D 
 438      E6786AC1 
 438      7DEC
 439 0412 308307B4 		.ascii	"0\203\007\264!\356\301\266*Ij\364\306\231\355\023t\270"
 439      21EEC1B6 
 439      2A496AF4 
 439      C699ED13 
 439      74B8
 440 0424 3E2450D4 		.ascii	">$P\324\2414\0079\373\013\22205\277xU\227\241op\206"
 440      A1340739 
 440      FB0B9230 
 440      35BF7855 
 440      97A16F70 
 441 0439 9EAD88CE 		.ascii	"\236\255\210\316\266\037\246\342\353\321d|\035\344\304"
 441      B61FA6E2 
 441      EBD1647C 
 441      1DE4C4
 442 0448 D710F125 		.ascii	"\327\020\361%\217\344\277C\302\364\231b5\346\223\227"
 442      8FE4BF43 
 442      C2F49962 
 442      35E69397 
 443 0458 D362867F 		.ascii	"\323b\206\177^h\3741IO\220\267\335\203\025E\323\376"
 443      5E68FC31 
 443      494F90B7 
 443      DD831545 
 443      D3FE
 444 046a 97CE875F 		.ascii	"\227\316\207_\256\363'\341\274G(X\242l3}\232h\312\213"
 444      AEF327E1 
 444      BC472858 
 444      A26C337D 
 444      9A68CA8B 
 445 047e B3E3399E 		.ascii	"\263\3439\236\035\362\324W\242\303WO\311\333\277\223"
 445      1DF2D457 
 445      A2C3574F 
 445      C9DBBF93 
 446 048e C5BF23E3 		.ascii	"\305\277#\343?\015\357\263g\310\233\334d\355\306\025"
 446      3F0DEFB3 
 446      67C89BDC 
 446      64EDC615 
 447 049e A344EC31 		.ascii	"\243D\3541[[\363\335[Rx(\233\255UO\374\363t\214)J\017"
 447      5B5BF3DD 
 447      5B527828 
 447      9BAD554F 
 447      FCF3748C 
 448 04b5 737D4245 		.ascii	"s}BE_\317\015=\220\000\374\3425\335o\177S#\274\260\012"
 448      5FCF0D3D 
ARM GAS  /tmp/ccU7h4Da.s 			page 36


 448      9000FCE2 
 448      35DD6F7F 
 448      5323BCB0 
 449 04ca EB043FA9 		.ascii	"\353\004?\251`4\034(.|\311H\201\337\3772A7\231@|p\212"
 449      60341C28 
 449      2E7CC948 
 449      81DFFF32 
 449      41379940 
 450 04e1 CAE74150 		.ascii	"\312\347APV\256\306\330a\250\230$\030\243\312-\372j"
 450      56AEC6D8 
 450      61A89824 
 450      18A3CA2D 
 450      FA6A
 451 04f3 F9CEFDF5 		.ascii	"\371\316\375\365\266\220\372\023\361z\006\215\223\370"
 451      B690FA13 
 451      F17A068D 
 451      93F8
 452 0501 73B914FF 		.ascii	"s\271\024\377\326dy\337G\325\372\272\217\314\301\313"
 452      D66479DF 
 452      47D5FABA 
 452      8FCCC1CB 
 453 0511 65AD98E3 		.ascii	"e\255\230\343l\277\230o\334I\303\013\350\243&\3065c"
 453      6CBF986F 
 453      DC49C30B 
 453      E8A326C6 
 453      3563
 454 0523 A52F2006 		.ascii	"\245/ \006y<\342Nz\264l\022\260M\007\347\207\300t\357"
 454      793CE24E 
 454      7AB46C12 
 454      B04D07E7 
 454      87C074EF 
 455 0537 8E763C03 		.ascii	"\216v<\003\372L\012\335\273a\036\025y\232\027\366\355"
 455      FA4C0ADD 
 455      BB611E15 
 455      799A17F6 
 455      ED
 456 0548 E9B484AE 		.ascii	"\351\264\204\256\324\255\234\256\324m\\\211q\177\026"
 456      D4AD9CAE 
 456      D46D5C89 
 456      717F16
 457 0557 70853D00 		.ascii	"p\205=\000oO\321>\253\3611C\367=H\372\275\001zKJM\265"
 457      6F4FD13E 
 457      ABF13143 
 457      F73D48FA 
 457      BD017A4B 
 458 056e E3AF33C7 		.ascii	"\343\2573\307\355\262{\334N{z\216g\365\232\014gzv\252"
 458      EDB27BDC 
 458      4E7B7A8E 
 458      67F59A0C 
 458      677A76AA 
 459 0582 9329F86F 		.ascii	"\223)\370o\203i\315\372\364\265\036\323\032wz\226\353"
 459      8369CDFA 
 459      F4B51ED3 
 459      1A777A96 
 459      EB
 460 0593 431DFCA9 		.ascii	"C\035\374\251\313\235\355Zo_\276.3#\363\2434{\216\007"
 460      CB9DED5A 
ARM GAS  /tmp/ccU7h4Da.s 			page 37


 460      6F5FBE2E 
 460      3323F3A3 
 460      347B8E07 
 461 05a7 CDB3B272 		.ascii	"\315\263\262r\262\355\256\3177\332?X\265\322\276|e\332"
 461      B2EDAECF 
 461      37DA3F58 
 461      B5D2BE7C 
 461      65DA
 462 05b9 8A34FB72 		.ascii	"\2124\373r\362\271\"\333\271\376\263\217]vg\226'\323"
 462      F2B922DB 
 462      B9FEB38F 
 462      5D766796 
 462      27D3
 463 05cb B37AADD3 		.ascii	"\263z\255\323\231\272\216M_\231\266*9#\335\343\332\340"
 463      99BA8E4D 
 463      5F99B62A 
 463      3923DDE3 
 463      DAE0
 464 05dd CE5C929C 		.ascii	"\316\\\222\234\342`\334\315\324,WV\216{3{g\262\020\356"
 464      E260DCCD 
 464      D42C5756 
 464      8E7B337B 
 464      67B210EE 
 465 05f1 8DF6CC90 		.ascii	"\215\366\314\220\257u\236\315\036\364\363\037\337\261"
 465      AF759ECD 
 465      1EF4F31F 
 465      DFB1
 466 05ff D135     		.ascii	"\3215"
 467              		.text
 468              		.section	.gnu.lto__aosFbcanRxfullCallback.d6499f0ae6d76a39,"e",%progbits
 469 0000 789C9558 		.ascii	"x\234\225X{TUU\032?\337\336\347\276/\3577\327\014L\307"
 469      7B545555 
 469      1A3FDFDE 
 469      E7BE2FEF 
 469      37D70C4C 
 470 0015 4CC78B9A 		.ascii	"L\307\213\232\255jj\255q\\3k\265V\217Y\331\374\335R"
 470      AD6A6AAD 
 470      715C336B 
 470      B5568F59 
 470      D9FCDD52 
 471 0029 068B9560 		.ascii	"\006\213\225`\013l\315\364\317tx(\244\204\232\017\300"
 471      0B6CCDF4 
 471      CF747828 
 471      A4849A0F 
 471      C0
 472 003a B85D1401 		.ascii	"\270]\024\001\315\022\265\306\300\007\361H\0013\307"
 472      CD12B5C6 
 472      C007F148 
 472      0133C7
 473 0049 49CD5243 		.ascii	"I\315RC\302@!4\321\211\014\024\347\373\366>\367\301"
 473      C2402134 
 473      D1890C14 
 473      E7FBF63E 
 473      F7C1
 474 005b E5420B16 		.ascii	"\345B\013\026l\316\331\337\373\367}{\357o\037\263\002"
 474      6CCED9DF 
 474      FBF77D7B 
ARM GAS  /tmp/ccU7h4Da.s 			page 38


 474      EF6F1FB3 
 474      02
 475 006c 0A8B5514 		.ascii	"\012\213U\024\033(J3\376\301\003\0120M\323\376h\312"
 475      1B284A33 
 475      FEC1030A 
 475      304DD3FE 
 475      68CA
 476 007e 3133A6F6 		.ascii	"13\246\366\234,\213R5+\337\366q\317\034U\263sPu\232"
 476      9C2C8B52 
 476      352BDFF6 
 476      71CF1C55 
 476      B3735075 
 477 0093 CA0C3D37 		.ascii	"\312\014=76\331\220f\334\266\261\377Q\244\031\300\250"
 477      36D99066 
 477      DCB6B1FF 
 477      51A419C0 
 477      A8
 478 00a4 D38CCCF4 		.ascii	"\323\214\314\364C\301\220\035i\346\362;\253\027 \315"
 478      43C1901D 
 478      69E6F23B 
 478      AB1720CD 
 479 00b4 04669D66 		.ascii	"\004f\235ff\226_\335;\037D\232\265\240\363b\022\322"
 479      66965FDD 
 479      3B1F449A 
 479      B5A0F362 
 479      12D2
 480 00c6 2C60D569 		.ascii	",`\325iVH\320\237l\020\253?\331Y(>!\2375D\376\267\207"
 480      5648D09F 
 480      6C10AB3F 
 480      D959283E 
 480      219F3544 
 481 00dd B0D0FECA 		.ascii	"\260\320\376\312\357cp&f\363\245\367\037\301\231P\026"
 481      EF637026 
 481      66F3A5F7 
 481      1FC19950 
 481      16
 482 00ee AEF384E9 		.ascii	"\256\363\204\351<a,<\200'\234E\350<\221:O\004D\3516"
 482      3C612C3C 
 482      80279C45 
 482      E83C913A 
 482      4F0444E9 
 483 0103 22BD4F51 		.ascii	"\"\275OQ,Z\347\212\321\271\242!F\247\305\350>5\231c"
 483      2C5AE78A 
 483      D1B9A221 
 483      46A7C5E8 
 483      3E359963 
 484 0117 99FDAB9B 		.ascii	"\231\375\253\233C\217#W\334\336\365\253M\310\025\307"
 484      438F2357 
 484      DCDEF5AB 
 484      4DC815C7 
 485 0127 E2CFB736 		.ascii	"\342\317\2676s|\232\262\273\356\350SH\231\002\211\202"
 485      737C9AB2 
 485      BBEEE853 
 485      48990289 
 485      82
 486 0138 7B51BC1E 		.ascii	"{Q\274\036T\2239A\237\202Df\223\\v\207\224\262:\000"
 486      54933941 
ARM GAS  /tmp/ccU7h4Da.s 			page 39


 486      9F824466 
 486      935C7687 
 486      94B23A00 
 487 014c 04493383 		.ascii	"\004I3\203\362\026\343\252\301h2[\2546{HhXxDdTtLl\334"
 487      F216E3AA 
 487      C168325B 
 487      AC367B48 
 487      68587844 
 488 0166 94F88444 		.ascii	"\224\370\204D\007\274\245&(\336\237X\337c\242\357q="
 488      07BCA526 
 488      28DE9F58 
 488      DF63A2EF 
 488      713D
 489 0178 2FE1D05C 		.ascii	"/\341\320\\\320S\317f\325\240R\255\261d\203\315\245"
 489      D053CF66 
 489      D5A052AD 
 489      B16483CD 
 489      A5
 490 0189 9DD6B89B 		.ascii	"\235\326\270\233+J\031\367\260\301!\230\205\214\035"
 490      2B4A19F7 
 490      B0C12198 
 490      858C1D
 491 0198 B9AE3BF6 		.ascii	"\271\256;\366b\244\001\250\370\272\371\304'\355Vze\220"
 491      62A401A8 
 491      F8BAF9C4 
 491      27ED567A 
 491      6590
 492 01aa 84AF85DA 		.ascii	"\204\257\205\332\275\323\234O\005\005\237\333G\3264"
 492      BDD39C4F 
 492      05059FDB 
 492      47D634
 493 01b9 9B665669 		.ascii	"\233fViZ\256\326\370y5\327\246\2739\207\243\300Q%\034"
 493      5AAED6F8 
 493      7935D7A6 
 493      BB3987A3 
 493      C051251C 
 494 01cd 01071C06 		.ascii	"\001\007\034\006\207\242\340\034\252n\200\231(\260e"
 494      87A2E01C 
 494      AA6E8099 
 494      28B065
 495 01dc 5B4F3C7F 		.ascii	"[O<\177H\310V\215T\324\203.{\267F\310\252\360\331\030"
 495      48C8568D 
 495      54D4832E 
 495      7BB746C8 
 495      AAF0D918 
 496 01f0 5915651B 		.ascii	"Y\025e\033a\246B\"\356\256\"W\030\237%\304\333\276\376"
 496      61A64222 
 496      EEAE2257 
 496      189F25C4 
 496      DBBEFE
 497 0203 79837146 		.ascii	"y\203qF\245\020?^\027\236\223\247\225j\252\233\033\240"
 497      A5103F5E 
 497      179E93A7 
 497      956AAA9B 
 497      1BA0
 498 0215 49AA58E0 		.ascii	"I\252X\340\200\024\207\014\013\271?:X\364\236I\206\024"
 498      8014870C 
ARM GAS  /tmp/ccU7h4Da.s 			page 40


 498      0BB93F3A 
 498      58F49E49 
 498      8614
 499 0227 8FAF274E 		.ascii	"\217\257'N\337\272i\227!5\002\2767\355\036\032`\334"
 499      DFBA6997 
 499      213502BE 
 499      37ED1E1A 
 499      60DC
 500 0239 29141F7B 		.ascii	")\024\037{\367v^\010*nD\230\006?\232\262Q\323\012\363"
 500      F7765E08 
 500      2A6E4498 
 500      063F9AB2 
 500      51D30AF3 
 501 024d FEE8E646 		.ascii	"\376\350\346F8&\025\177\216\276\265\200Ou\327\376\221"
 501      3826157F 
 501      8EBEB580 
 501      4F75D7FE 
 501      91
 502 025e 2D214615 		.ascii	"-!F\025\216\303\014h\206\031:\234\320\012F\346\243\342"
 502      8EC30C68 
 502      86193A9C 
 502      D00A46E6 
 502      A3E2
 503 0270 2C8C62C7 		.ascii	",\214b\307\011\346?\221Oi\251\030vq!)\210~\314p\002"
 503      09E63F91 
 503      4F69A918 
 503      76712129 
 503      887ECC70 
 504 0285 8CD00EC6 		.ascii	"\214\320\016\306\321\223_\340d\033M\302I0\216R\315\307"
 504      D1935FE0 
 504      641B4DC2 
 504      49308E52 
 504      CDC7
 505 0297 AADE1EA7 		.ascii	"\252\336\036\247k\346\243\225\234B%_\006j\376\217W\363"
 505      6BE6A395 
 505      9C42255F 
 505      066AFE8F 
 505      57F3
 506 02a9 697C5214 		.ascii	"i|R\024\356\211\016\231\266\257\331\261\325\310\027"
 506      EE890E99 
 506      B6AFD9B1 
 506      D5C817
 507 02b8 0AAC2E6D 		.ascii	"\012\254.m\177\347\202AOBG]de\236\326FI0\301\177\003"
 507      7FE78241 
 507      4F42475D 
 507      64659ED6 
 507      464930C1 
 508 02ce F22820F9 		.ascii	"\362( \371\012f\324~eh\324F\356\027h\215\247\346l\257"
 508      0A66D47E 
 508      6568D446 
 508      EE17688D 
 508      A7E66CAF 
 509 02e2 9AFA27C0 		.ascii	"\232\372'\300\014\233\031\015\034\007\213J\203\001\007"
 509      0C9B190D 
 509      1C078B4A 
 509      830107
 510 02f1 AB910693 		.ascii	"\253\221\006\223B6\3154i\241w+\0156z\265\323\020\202"
ARM GAS  /tmp/ccU7h4Da.s 			page 41


 510      4236CD34 
 510      69A1772B 
 510      0D367AB5 
 510      D31082
 511 0304 832D9486 		.ascii	"\203-\224\2060\032\302i\210\300\301\036IC\024\015\321"
 511      301AC269 
 511      88C0C11E 
 511      4943140D 
 511      D1
 512 0315 34C4E010 		.ascii	"4\304\340\020\022\213Ch\034\016a\361Bk\202\360'\021"
 512      128B4368 
 512      1C0E61F1 
 512      426B82F0 
 512      2711
 513 0327 27C21D38 		.ascii	"'\302\0358\030\246\001\225\350C\304?\235\024\315\026"
 513      18A60195 
 513      E843C43F 
 513      9D14CD16 
 514 0337 5C73808A 		.ascii	"\\s\200\212\317)x\347\211\231\371\304\274\200\206\205"
 514      CF2978E7 
 514      8999F9C4 
 514      BC808685 
 515 0347 625651D6 		.ascii	"bVQ\326q\245\277\255\222\203\326\250(E\234\211\347<"
 515      71A5BFAD 
 515      9283D6A8 
 515      28459C89 
 515      E73C
 516 0359 7CEE86FC 		.ascii	"|\356\206\374\313-7>\334\012\204\273\213OC\274\212\363"
 516      CB2D373E 
 516      DC0A84BB 
 516      8B4F43BC 
 516      8AF3
 517 036b 7EEA3053 		.ascii	"~\3520S\335q\001\237k\327\311\373\226|\310\3151\343"
 517      DD71019F 
 517      6BD7C9FB 
 517      967CC8CD 
 517      31E3
 518 037d 4CA59EB4 		.ascii	"L\245\236\264\257/\036?\015UP\011n\036\001g!\037\340"
 518      AF2F1E3F 
 518      0D555009 
 518      6E1E0167 
 518      211FE0
 519 0390 0C218894 		.ascii	"\014!\210\224\372\222\306\035\202\275\020\363\271\003"
 519      FA92C61D 
 519      82BD10F3 
 519      B903
 520 039e 48CB39E4 		.ascii	"H\3139\344Dd\277F6\201\361:\316\017|[\305\310>+\342"
 520      4464BF46 
 520      3681F13A 
 520      CE0F7C5B 
 520      C5C83E2B 
 521 03b3 AAD7971F 		.ascii	"\252\327\227\037!\267\353\366\231\341\020\231OP\362"
 521      21B7EBF6 
 521      99E11099 
 521      4F50F2
 522 03c2 A8EAB5AA 		.ascii	"\250\352\265\252k\255ba\253\220\202\257;\334\007\356"
 522      6BAD6261 
ARM GAS  /tmp/ccU7h4Da.s 			page 42


 522      AB9082AF 
 522      3BDC07EE 
 523 03d2 58933783 		.ascii	"X\2237\203[+Mr\363H\261l\256\034\326p[G\013\337@\262"
 523      5B2B4D72 
 523      F348B16C 
 523      AE1CD670 
 523      5B470BDF 
 524 03e8 F0E158D1 		.ascii	"\360\341X\321w\355&\234\201oA\205\363\344\030\\\020"
 524      77ED269C 
 524      816F4185 
 524      F3E4185C 
 524      10
 525 03f9 BBC4AE86 		.ascii	"\273\304\256\206\226n{r\211.\035E\274\267\366\0368g"
 525      966E7B72 
 525      892E1D45 
 525      BCB7F61E 
 525      3867
 526 040b 13D21749 		.ascii	"\023\322\027I\032.\201\252\364C^\347\275-\345S\251\304"
 526      1A2E81AA 
 526      F4435EE7 
 526      BD2DE553 
 526      A9C4
 527 041d 0221882E 		.ascii	"\002!\210.CO\260\036\025\370\216\342q\363\030b\2578"
 527      434FB01E 
 527      15F88EE2 
 527      71F31862 
 527      AF38
 528 042f FAD438CC 		.ascii	"\372\3248\314\006\311\334\341a\026\200\227\234]\307"
 528      06C9DCE1 
 528      61168097 
 528      9C5DC7
 529 043e 75C02570 		.ascii	"u\300%p\2122\010\211\376\302\204\336\247[\237\304\304"
 529      8A320889 
 529      FEC284DE 
 529      A75B9FC4 
 529      C4
 530 044f 57D2A284 		.ascii	"W\322\242\204\313(\317nE\372\247'\0341\352\004\007\256"
 530      CB28CF6E 
 530      45FAA727 
 530      1C31EA04 
 530      07AE
 531 0461 C2226EE8 		.ascii	"\302\"n\350\334\320\256\010\020\373!\277\242\266\304"
 531      DCD0AE08 
 531      10FB21BF 
 531      A2B6C4
 532 0470 40DA03BD 		.ascii	"@\332\003\275\211-\343\264Z\276'Wh!\271\332\363,\311"
 532      892DE3B4 
 532      5ABE2757 
 532      6821B9DA 
 532      F32CC9
 533 0483 5FE860C4 		.ascii	"_\350`\304\321\324p\365\251\203*q\227\242\371\177\271"
 533      D1D470F5 
 533      A9832A71 
 533      97A2F97F 
 533      B9
 534 0494 793C7441 		.ascii	"y<tA\262P\005WP\312\315i\023/\342Fo\312\372 \367H\357"
 534      B2500557 
ARM GAS  /tmp/ccU7h4Da.s 			page 43


 534      50CACD69 
 534      132FE246 
 534      6FCAFA20 
 535 04ab 9D6EA30C 		.ascii	"\235n\243\014\206\362\325xa\337\267\241X\0319t\016a"
 535      86F2D578 
 535      61DFB7A1 
 535      58193974 
 535      0E61
 536 04bd 75784344 		.ascii	"uxCDZ\216\373r\2351e\257&I\211\360\003\026F\251\334"
 536      5A8EFB72 
 536      9D3165AF 
 536      264989F0 
 536      031646A9 
 537 04d2 89BA2145 		.ascii	"\211\272!EB\363\250O\325\301\267\257\357\266P\244\211"
 537      42F3A84F 
 537      D5C1B7AF 
 537      EFB650A4 
 537      89
 538 04e3 00D0A3AF 		.ascii	"\000\320\243\257\320\"n\272\361\363Y_\254W'\214\365"
 538      D0226EBA 
 538      F1F3595F 
 538      AC57278C 
 538      F5
 539 04f4 AA1EEBCE 		.ascii	"\252\036\353\316su\033M\311\337\350\261:h\352\300\360"
 539      73751B4D 
 539      C9DFE8B1 
 539      3A68EAC0 
 539      F0
 540 0505 C7C326BF 		.ascii	"\307\303&\277X\247\3005O\254\275~\261\232G\307:\\e\222"
 540      58A7C035 
 540      4FACBD7E 
 540      B19A47C7 
 540      3A5C6592 
 541 0519 0EB249C6 		.ascii	"\016\262I\306\332\347\213\365G\031\3535O\254\244\252"
 541      DAE78BF5 
 541      4719EB35 
 541      4FACA4AA 
 542 0529 BA7B6349 		.ascii	"\272{cI\250\214U\205~o\254\226_\326~\011\336XoO\030"
 542      A88C5585 
 542      7E6FAC96 
 542      5FD67E09 
 542      DE586F4F 
 543 053e EB753DD6 		.ascii	"\353u=\326\342\215\207\367\207%\337\326c}\200\246\216"
 543      E28D87F7 
 543      8725DFD6 
 543      637D80A6 
 543      8E
 544 054f ECAB2D0F 		.ascii	"\354\253-\017\361\213u*\334\360\304\372\223_\254Vo\254"
 544      F18B752A 
 544      DCF0C4FA 
 544      935FAC56 
 544      6FAC
 545 0561 FDB0A6A2 		.ascii	"\375\260\246\242\262\374a\351\337\354\000{\017\226q"
 545      B2FC61E9 
 545      DFEC007B 
 545      0F9671
 546 0570 13DABB49 		.ascii	"\023\332\273I\366\002\266\214$\254\311\001pPu\355:w"
ARM GAS  /tmp/ccU7h4Da.s 			page 44


 546      F602B68C 
 546      24ACC901 
 546      705075ED 
 546      3A77
 547 0582 D4480212 		.ascii	"\324H\002\022\200d\2619\013\213\267\204\305i\302\242"
 547      8064B139 
 547      0B8BB784 
 547      C569C2A2 
 548 0592 EDE6D0AE 		.ascii	"\355\346\320\256\307}\350\256\253\011\365;\254h\343"
 548      C77DE8AE 
 548      AB09F53B 
 548      AC68E3
 549 05a1 122268EC 		.ascii	"\022\"h\35469\342\3647%\017h\377\024Tt\321&=\335\205"
 549      3639E2F4 
 549      37250F68 
 549      FF145474 
 549      D1263DDD 
 550 05b6 18FE2F68 		.ascii	"\030\376/h\026L\360\263\310\002mC0\210Y \027\354\033"
 550      164CF0B3 
 550      C8026D43 
 550      30885920 
 550      17EC1B
 551 05c9 569F6FF5 		.ascii	"V\237o\365f\270\241\267\270&RZ\343\376G2\023G\262\327"
 551      66B8A1B7 
 551      B826525A 
 551      E3FE4732 
 551      1347B2D7 
 552 05dd B869ACF1 		.ascii	"\270i\254\361\017h}\317p\361\004\270\023\324\370\357"
 552      0F687DCF 
 552      70F104B8 
 552      13D4F8EF 
 553 05ed E057615C 		.ascii	"\340Wa\\?Q\017\236\255=a\221\304\212.\304c&\014AJ\251"
 553      3F510F9E 
 553      AD3D6191 
 553      C48A2EC4 
 553      63260C41 
 554 0603 E7506C29 		.ascii	"\347Pl)\276\276\3214\257VP\253\031\036#0\014)\324.\374"
 554      BEBED134 
 554      AF5650AB 
 554      191E2330 
 554      0C29D42E 
 555 0618 2276B3BB 		.ascii	"\"v\263\2730\017\235\315\333Z\000\322UUz\273\345\203"
 555      300F9DCD 
 555      DB5A00D2 
 555      55557ABB 
 555      E583
 556 062a A6BBA263 		.ascii	"\246\273\242c\260@\243\002\367\220U,\251\263\036.di"
 556      B040A302 
 556      F790552C 
 556      A9B31E2E 
 556      6469
 557 063c FDE9FA59 		.ascii	"\375\351\372Y\220,\012\214x\353,\244\255\371\307+\242"
 557      902C0A8C 
 557      78EB2CA4 
 557      ADF9C72B 
 557      A2
 558 064d D01825A2 		.ascii	"\320\030%\242=CJ\030\002\203\354a\277\025\344}\021\244"
ARM GAS  /tmp/ccU7h4Da.s 			page 45


 558      3D434A18 
 558      0283EC61 
 558      BF15E47D 
 558      11A4
 559 065f 3A36C86A 		.ascii	":6\310jNAj\314\027dEE\337y\273N=\210T+\344\020\325@"
 559      4E416ACC 
 559      17644545 
 559      DF79BB4E 
 559      3D88542B 
 560 0677 D9C96529 		.ascii	"\331\311e)\242$\332\327r\351\012\365\016\315]\233\372"
 560      A224DAD7 
 560      72E90AF5 
 560      0ECD5D9B 
 560      FA
 561 0688 98D7D6C3 		.ascii	"\230\327\326\303TR\245T\372\244\254\273\245\360\004"
 561      5452A554 
 561      FAA4ACBB 
 561      A5F004
 562 0697 786956C8 		.ascii	"xiV\310#U&R\225\317\364\255\345n\202\036\225K\010Q\334"
 562      23552652 
 562      95CFF4AD 
 562      E56E821E 
 562      954B0851 
 563 06ac A143C535 		.ascii	"\241C\3055\373\305I\304\005\236\367\006v2\311d\226\220"
 563      FBC549C4 
 563      059EF706 
 563      7632C964 
 563      9690
 564 06be 7AFB4A0B 		.ascii	"z\373J\013$\301j\246#:X\327`\324\331\374@\014;\332z"
 564      24C16AA6 
 564      233A58D7 
 564      60D4D9FC 
 564      400C3BDA 
 565 06d3 A65480A8 		.ascii	"\246T\200\250\212j^_\343\220L\226\311\303\270\206M\010"
 565      8A6A5E5F 
 565      E3904C96 
 565      C9C3B886 
 565      4D08
 566 06e5 63C18430 		.ascii	"c\301\2040\026\022\325L\261\277\035\010\243u\2220\256"
 566      1612D54C 
 566      B1BF1D08 
 566      A3759230 
 566      AE
 567 06f6 25551652 		.ascii	"%U\026R\265\316\003\243/x\013\352\323c\017/\310i=\011"
 567      B5CE03A3 
 567      2F780BEA 
 567      D3630F2F 
 567      C8693D09 
 568 070a 9E55F44D 		.ascii	"\236U\364Moi\253M\362\330F\033\254\250\206@\223\255"
 568      6F69AB4D 
 568      F2D8461B 
 568      ACA88640 
 568      93AD
 569 071c FB87963D 		.ascii	"\373\207\226=\366(!\\\204&\024x\207=&\213\273\327 U"
 569      F628215C 
 569      84261478 
 569      873D268B 
ARM GAS  /tmp/ccU7h4Da.s 			page 46


 569      BBD72055 
 570 0730 D8518B0F 		.ascii	"\330Q\213\017\373\021\257y\273\037\366\021-\215\225"
 570      FB11AF79 
 570      BB1FF611 
 570      2D8D95
 571 073f 3DE25400 		.ascii	"=\342T\000\201}\231\007\373\220\311c_<1\366\353'\300"
 571      817D9907 
 571      FB90C963 
 571      5F3C31F6 
 571      EB27C0
 572 0752 DE061B88 		.ascii	"\336\006\033\210J\250\300F\017\366\365:\366\241c\260"
 572      4AA8C046 
 572      0FF6F53A 
 572      F6A163B0 
 573 0762 9F2581B0 		.ascii	"\237%\201\260\005\303\376\021x\227T\331%\255\346\310"
 573      05C3FE11 
 573      789754D9 
 573      25ADE6C8 
 574 0772 A63DDC4B 		.ascii	"\246=\334K\263\301&\242\205\220\231\315\302L\336\346"
 574      B3C126A2 
 574      859099CD 
 574      C24CDEE6 
 575 0782 82DD61D2 		.ascii	"\202\335a\322L\030\006\215\306\244\355\247\345\\x \012"
 575      4C18068D 
 575      C6A4EDA7 
 575      E55C7820 
 575      0A
 576 0793 7B7F73B7 		.ascii	"{\177s\267\332\302\306\331\255z\304n\265u\034\024\006"
 576      DAC2C6D9 
 576      AD7AC46E 
 576      B5751C14 
 576      06
 577 07a4 81DC2BF1 		.ascii	"\201\334+\361\242P*\335\333j\302\243b\272p.\234\336"
 577      A2502ADD 
 577      DB6AC2A3 
 577      62BA702E 
 577      9CDE
 578 07b6 1B70A9DD 		.ascii	"\033p\251\335\265K\347\026 \305\177s\305+=\2241\207"
 578      B54BE716 
 578      20C57F73 
 578      C52B3D94 
 578      3187
 579 07c8 C86BA437 		.ascii	"\310k\2447\257bc\352"
 579      AF6263EA 
 580 07d0 DDE6C96B 		.ascii	"\335\346\311k\304\344\363\272m\242\274\316\206\367\310"
 580      C4E4F3BA 
 580      6DA2BCCE 
 580      86F7C8
 581 07df E7D0E079 		.ascii	"\347\320\340y\265C9Q\303(\"W`^#'\225\3279\360>\251\012"
 581      B5433951 
 581      C3282257 
 581      605E2327 
 581      95D739F0 
 582 07f6 0F96573B 		.ascii	"\017\226W;\270\211\026Af*\002\363\032\345\242\016#r"
 582      B8891641 
 582      662A02F3 
 582      1AE5A20E 
ARM GAS  /tmp/ccU7h4Da.s 			page 47


 582      2372
 583 0808 545EA327 		.ascii	"T^\243'\237\327\355\023\345u6\354\030\007\005\312\253"
 583      9FD7ED13 
 583      E57536EC 
 583      180705CA 
 583      AB
 584 0819 1D2ABD28 		.ascii	"\035*\275(\354\364\313\353C\302\271\350\300\274\316"
 584      ECF4CBEB 
 584      43C2B9E8 
 584      C0BCCE
 585 0828 478A7F5E 		.ascii	"G\212\177^\355\230\327*=\257Q\336\375B\245Vh\261\224"
 585      ED98D72A 
 585      3DAF51DE 
 585      FD42A556 
 585      68B194
 586 083b 70F8B31B 		.ascii	"p\370\263\033\220\275\232\351\315\261\003\313$\202\241"
 586      90BD9AE9 
 586      CDB103CB 
 586      2482A1
 587 084a CE486A77 		.ascii	"\316Hjw\243\275U!\373\206\362\253&\251 flW6\001\030"
 587      A3BD5521 
 587      FB86F2AB 
 587      26A92066 
 587      6C573601 
 588 085f BF871A01 		.ascii	"\277\207\032\001F$\005\264\313\223V\375\224\210\015"
 588      462405B4 
 588      CB9356FD 
 588      94880D
 589 086e DA5D8CD2 		.ascii	"\332]\214\322\346\336\263\363\262\007\237\345xs\203"
 589      E6DEB3F3 
 589      B2079FE5 
 589      787383
 590 087d DD425D14 		.ascii	"\335B]\024\251\373\000\325\365\303\352$R\206\020\305"
 590      A9FB00D5 
 590      F5C3EA24 
 590      528610C5 
 591 088d 28013D51 		.ascii	"(\001=QE\037x\272\"\342\200=,\037\320\250\233\317\025"
 591      451F78BA 
 591      22E2803D 
 591      2C1FD0A8 
 591      9BCF15
 592 08a0 F8C4BCEB 		.ascii	"\370\304\274\353\337\225\034\351}\277U\217pa\240[\207"
 592      DF951CE9 
 592      7DBF558F 
 592      7061A05B 
 592      87
 593 08b1 7E23E34E 		.ascii	"~#\343N\370Px\025M^}\304d\323C_\2044\325s\003\274\326"
 593      F8507815 
 593      4D5E7DC4 
 593      64D3435F 
 593      8434D573 
 594 08c8 D253F798 		.ascii	"\322S\367\230T\257k!\310\023\260\341\262\015u\265s4"
 594      54AF6B21 
 594      C813B0E1 
 594      B20D75B5 
 594      7334
 595 08da 1A73E1EA 		.ascii	"\032s\341\352\000\240\\\334\200\247_\243\016q\217\353"
ARM GAS  /tmp/ccU7h4Da.s 			page 48


 595      00A05CDC 
 595      80A75FA3 
 595      0E718FEB 
 596 08ea 0129352F 		.ascii	"\001)5/x\207\270\227\311\016q\242\226P\004_\313dK(}"
 596      7887B897 
 596      C90E71A2 
 596      9650045F 
 596      CB644B28 
 597 08ff 3994A26B 		.ascii	"9\224\242k\365\244\037o\214S\256\036._\010\344B\374"
 597      F5A41F6F 
 597      8C53AE1E 
 597      2E5F08E4 
 597      42FC
 598 0911 DACF8A3C 		.ascii	"\332\317\212<Mj^\347\375-\203\0350\372+B\347\272\275"
 598      4D6A5EE7 
 598      FD2D831D 
 598      30FA2B42 
 598      E7BABD
 599 0924 2693E818 		.ascii	"&\223\350\030\307|\241\330\307\364/\024\260\237\005"
 599      C77CA1D8 
 599      C7F42F14 
 599      B09F05
 600 0933 BBAC9989 		.ascii	"\273\254\231\211C\201\003\314w\263C\013w:`\034~\213"
 600      438103CC 
 600      77B3430B 
 600      773A601C 
 600      7E8B
 601 0945 E4FFD8C3 		.ascii	"\344\377\330\303O7\330\2013\303\340o\023%\365\317\024"
 601      4F37D881 
 601      33C3E06F 
 601      1325F5CF 
 601      14
 602 0956 9F30DFB5 		.ascii	"\2370\337\265\326[\345\252\350$\013\273\253/\232=7\326"
 602      D65BE5AA 
 602      E8240BBB 
 602      AB2F9A3D 
 602      37D6
 603 0968 7F53D470 		.ascii	"\177S\324p\220\251A\256\247\2372\225\254L\013\014\271"
 603      90A941AE 
 603      A79F3295 
 603      AC4C0B0C 
 603      B9
 604 0979 D61B72C0 		.ascii	"\326\033r\300\247\223:\026\344\323I\275\327\247C~>\005"
 604      A7933A16 
 604      E4D349BD 
 604      D7A7437E 
 604      3E05
 605 098b B9361F0E 		.ascii	"\2716\037\016\352\304\021\246\352\320\224#4\365A\241"
 605      EAC411A6 
 605      EAD09423 
 605      34F541A1 
 606 099b 51C9B202 		.ascii	"Q\311\262\002G\375\240\244Krpf\203dn\3600S\211&\014"
 606      47FDA0A4 
 606      4B727066 
 606      83646EF0 
 606      30538926 
 607 09b0 16EC3342 		.ascii	"\026\3543BN\243\250E\023\225B|\307\351CO\342u\304\272"
ARM GAS  /tmp/ccU7h4Da.s 			page 49


 607      4EA3A845 
 607      1395427C 
 607      C7E9434F 
 607      E275C4BA 
 608 09c4 ADAB8976 		.ascii	"\255\253\211v\201\304K-'\377\2005!\252\346T\335|y[\211"
 608      81C44B2D 
 608      27FF8035 
 608      21AAE654 
 608      DD7C795B 
 609 09d9 F76D1AF1 		.ascii	"\367m\032\361.nJ\300\002\2347\345B_/\325\216\303\377"
 609      2E6E4AC0 
 609      029C37E5 
 609      425F2FD5 
 609      8EC3FF
 610 09ec 32B779ED 		.ascii	"2\267y\355\227\277\330\245L\\\340\242\032\201\211o\022"
 610      97BFD8A5 
 610      4C5CE0A2 
 610      1A81896F 
 610      12
 611 09fd 29F09958 		.ascii	")\360\231XT1c\267\321\006l\327\347A#m\224\261\222Z\272"
 611      543163B7 
 611      D1066CD7 
 611      E741236D 
 611      94B1925A 
 612 0a12 7E4FBDD5 		.ascii	"~O\275\325\263\354C\335<\014\232D\243\323L\341\212="
 612      B3EC43DD 
 612      3C0C9A44 
 612      A3D34CE1 
 612      8A3D
 613 0a24 22C8A56E 		.ascii	"\"\310\245n~\031\235\237\320\"\227P\234\213\317q\363"
 613      7E199D9F 
 613      D0229750 
 613      9C8BCF71 
 613      F3
 614 0a35 05FA9789 		.ascii	"\005\372\227\211\301\251\364Y-h\375\236\240\345\364"
 614      C1A9F459 
 614      2D68FD9E 
 614      A0E5F4
 615 0a44 B93FE803 		.ascii	"\271?\350\003O\217\303l\221\314\307\002\213\227>\324"
 615      4F8FC36C 
 615      91CCC702 
 615      8B973ED4 
 616 0a54 796B2248 		.ascii	"yk\"Ha\036\017Z\023\255X\023}\320\334!>$\321\312F\236"
 616      611E0F5A 
 616      13AD5813 
 616      7DD0DC21 
 616      3E24D1CA 
 617 0a6a ABB7AE74 		.ascii	"\253\267\256t\330\236\370T+\304\305\215\226\332\330"
 617      D89EF854 
 617      2BC4C58D 
 617      96DAD8
 618 0a79 13CA0DC8 		.ascii	"\023\312\015\310\355|\273\315\244_\353he\203\310I.\345"
 618      ED7CBBCD 
 618      A45FEB68 
 618      6583C849 
 618      2EE5
 619 0a8b 5971CC9D 		.ascii	"Yq\314\235\353\304\337\324\225Yi\316\354\254T\347\322"
ARM GAS  /tmp/ccU7h4Da.s 			page 50


 619      EBC4DFD4 
 619      955969CE 
 619      ECAC54E7 
 619      D2
 620 0a9c 95D92F2F 		.ascii	"\225\331//_\226\2724sn\252\242\342\277\327\015\313W"
 620      5F96BA34 
 620      736EAAA2 
 620      E2BFD70D 
 620      CB57
 621 0aae 2C7D25DB 		.ascii	",}%\333\220\226\361\372\2527\015\313\263\226f\244\031"
 621      9096F1FA 
 621      AA370DCB 
 621      B39666A4 
 621      19
 622 0abf 97A7AF58 		.ascii	"\227\247\257X\225\226\365\027)\371ZZVf\332\012\347\342"
 622      9596F517 
 622      29F95A5A 
 622      5666DA0A 
 622      E7E2
 623 0ad1 57D397A5 		.ascii	"W\323\227\245\277\260\304\2712\033ued\254\314t\246\375"
 623      BFB0C4B9 
 623      321B7565 
 623      64ACCC74 
 623      A6FD
 624 0ae3 739573D1 		.ascii	"s\225s\321\213\3179\027?\267\344\231%\316\305d\340\231"
 624      8BCF3917 
 624      3FB7E499 
 624      25CEC564 
 624      E099
 625 0af5 CCD4156F 		.ascii	"\314\324\025o\374=\315\231\232\221\235\236\375\362+"
 625      FC3DCD99 
 625      9A919D9E 
 625      FDF22B
 626 0b04 A9A9735F 		.ascii	"\251\251s_U\302\237[\362b\322\262\245\331i\257g\245"
 626      55C29F5B 
 626      F262D2B2 
 626      A5D969AF 
 626      67A5
 627 0b16 CF499A91 		.ascii	"\317I\232\221\242\260,\305\224\221\226\2612\353Me\366"
 627      A2B02CC5 
 627      949196B1 
 627      32EB4D65 
 627      F6
 628 0b27 7826B256 		.ascii	"x&\262V9\323=\272^\315~3\033\365\330\027/z>)=;\351\371"
 628      39D33DBA 
 628      5ECD7E33 
 628      1BF5D817 
 628      2F7A3E29 
 629 0b3f BF3DFBAC 		.ascii	"\277=\373\254\222\250\277\244g&\341\323\313K^z\341\257"
 629      92A8BFA4 
 629      6726E1D3 
 629      CB4B5E7A 
 629      E1AF
 630 0b51 494B5E5A 		.ascii	"IK^Z\364\322\237\223\225x\037\351\215\314\3272W\376"
 630      F4D29F93 
 630      95781FE9 
 630      8DCCD732 
ARM GAS  /tmp/ccU7h4Da.s 			page 51


 630      57FE
 631 0b63 2333297B 		.ascii	"#3){\325\322Ui\312\377\001\335x\253G"
 631      D5D25569 
 631      CAFF01DD 
 631      78AB47
 632              		.text
 633              		.section	.gnu.lto_chSysUnlock.d6499f0ae6d76a39,"e",%progbits
 634 0000 789C8D94 		.ascii	"x\234\215\224]l\024U\024\307\357\177\356\314\354\354"
 634      5D6C1455 
 634      14C7EF7F 
 634      EECCECEC 
 635 0010 B6855245 		.ascii	"\266\205REM\372\262}\360\201\210\235&$&\276I\232\230"
 635      4DFAB27D 
 635      F081889D 
 635      262426BE 
 635      499A98
 636 0023 F0504CE8 		.ascii	"\360PL\350\243\017F\326\215\335\310v\315.$\362\304t"
 636      A30F46D6 
 636      8DDDC876 
 636      CD2E24F2 
 636      C474
 637 0035 5B6DA104 		.ascii	"[m\241\004\214\306\32056\323X? \321\202\2204J\241lA"
 637      8CC6D035 
 637      36D3583F 
 637      20D18290 
 637      344AA16C 
 638 004a 3E84566B 		.ascii	">\204Vk\351\007\264\330B\261\225\024\204\004y\320h\250"
 638      E907B4D8 
 638      42B19514 
 638      840479D0 
 638      68A8
 639 005c E7DCD95D 		.ascii	"\347\334\331]\246d[\235\354\334\235{\317\271\367\377"
 639      A6645B9D 
 639      ECDC9D7B 
 639      CFB9F7FF 
 640 006c BBFF7367 		.ascii	"\273\377sg,\001q\327\020\342}!\304f\272a\012h\216\343"
 640      2C0171D7 
 640      10E27D21 
 640      C466BA61 
 640      0A688EE3 
 641 0080 BC1468B2 		.ascii	"\274\024h\2624M\016e\216\231\272\0232\216\315\017\276"
 641      344D0E65 
 641      8E99BA13 
 641      328ECD0F 
 641      BE
 642 0091 A83BA552 		.ascii	"\250;\245R\323\037\033\321a\344\262\015@=9\026\304."
 642      D31F1BD1 
 642      61E4B20D 
 642      403D3916 
 642      C42E
 643 00a3 4DEA0676 		.ascii	"M\352\006va\277< q\272u\376;m\335\227\024t\262\007>"
 643      61BF3C20 
 643      71BA75FE 
 643      3B6DDD97 
 643      1474B207 
 644 00b8 AEFCCA19 		.ascii	"\256\374\312\031v\244+\205\310\320\355]8\216uBP\352"
 644      76A42B85 
ARM GAS  /tmp/ccU7h4Da.s 			page 52


 644      C8D0ED5D 
 644      388E7542 
 644      50EA
 645 00ca EC370F3F 		.ascii	"\3547\017?*3\365\\\010}0\261d\024bI\232J8A\310\002'"
 645      2A33F55C 
 645      087D30B1 
 645      64146249 
 645      9A4A3841 
 646 00e1 E989FEBA 		.ascii	"\351\211\376\272\2458<bd\235\207\213\255N\366\301g\230"
 646      A5383C62 
 646      649D878B 
 646      AD4EF6C1 
 646      6798
 647 00f3 78750D84 		.ascii	"xu\015\204+\241Q\243Ij\244\316\215A\215nRc\004\270\261"
 647      2BA151A3 
 647      496AA4CE 
 647      8D418D6E 
 647      526304B8 
 648 0108 381AE440 		.ascii	"8\032\344@\210\033!\332\245`\\\035NV\210\275R\363:\315"
 648      881B21DA 
 648      A5605C1D 
 648      4E5688BD 
 648      52F33ACD 
 649 011c D4B983E6 		.ascii	"\324\271\203\346\256S\275\222\225\231\244\363\340\340"
 649      AE53BD92 
 649      9599A4F3 
 649      E0E0
 650 012a 62B005E9 		.ascii	"b\260\005\351&\313\225fFj\204\320\217\026\226\014\250"
 650      26CB9566 
 650      466A84D0 
 650      8F16960C 
 650      A8
 651 013b D41B2F2C 		.ascii	"\324\033/,\223I\"8\225\317\\@\372\304\241\3512N\355"
 651      93492238 
 651      95CF5C40 
 651      FAC4A1E9 
 651      324EED
 652 014e 94BCE37D 		.ascii	"\224\274\343}\315\367\246\255}\344\022y\371\330\\\253"
 652      CDF7A6AD 
 652      7DE41279 
 652      F9D85CAB 
 653 015e 9B5DA0C1 		.ascii	"\233]\240\301\361\251s\303\370\034\335pe\020\003\264"
 653      F1A973C3 
 653      F81CDD70 
 653      651003B4 
 654 016e 14B2A854 		.ascii	"\024\262\250T\221\343\037\264\0351kz\030:\354\312\020"
 654      91E31FB4 
 654      1D316B7A 
 654      183AECCA 
 654      10
 655 017f 4E535A87 		.ascii	"NSZ\207r\224\202-\267\016M\206\012\301\022\234AMG\336"
 655      7294822D 
 655      B70E4D86 
 655      0AC1129C 
 655      414D47DE 
 656 0193 D7F14F06 		.ascii	"\327\361O\006Z\265B\014\370\236c\032W\342,j\210\262"
 656      5AB5420C 
ARM GAS  /tmp/ccU7h4Da.s 			page 53


 656      F89E631A 
 656      57E22C6A 
 656      88B2
 657 01a5 79B8151E 		.ascii	"y\270\025\036\244\346q\3767\330\271\225\300\316\257"
 657      A4E671FE 
 657      37D8B995 
 657      C0CEAF
 658 01b4 0476C107 		.ascii	"\004v\301\007606\371\241d\235\266\034\331\017\304#p"
 658      363036F9 
 658      A1649DB6 
 658      1CD90FC4 
 658      2370
 659 01c6 910D24F3 		.ascii	"\221\015$\363\376\311cI\"#\337\337\015{]\235\246\366"
 659      FEC96349 
 659      2223DFDF 
 659      0D7B5D9D 
 659      A6F6
 660 01d8 3D38B9A0 		.ascii	"=8\271\240\020\237qei\206\312/p\211\247Q2E\317\337\373"
 660      109F7165 
 660      6986CA2F 
 660      7089A751 
 660      3245CFDF 
 661 01ed 7D146C34 		.ascii	"}\024l4)a\020\225\256,\023s\204R\233[\200\307\324\021"
 661      29611095 
 661      AE2C1373 
 661      84529B5B 
 661      80C7D411 
 662 0201 DD2BE5FC 		.ascii	"\335+\345\374`f\003\237\001\215\313\025\364\022\214"
 662      6066039F 
 662      018DCB15 
 662      F4128C
 663 0210 FF65C2D0 		.ascii	"\377e\302\320J&\374\270\274\011:~b\0238\210aU\201\202"
 663      4A26FCB8 
 663      BC093A7E 
 663      62133888 
 663      61558182 
 664 0224 B0E93F25 		.ascii	"\260\351?%\272:%\331\311#WW\221d\2237y\025\321\341\347"
 664      BA3A25D9 
 664      C9235757 
 664      91649337 
 664      7915D1E1 
 665 0239 9C68933B 		.ascii	"\234h\223;\363\355#\321\325\030Q\242\272'\332;z\370"
 665      F3ED23D1 
 665      D51851A2 
 665      BA27DA3B 
 665      7AF8
 666 024b 62D0E7FC 		.ascii	"b\320\347\374e\0265\274XW\327\302Di!V\216Q\216\231\014"
 666      651635BC 
 666      5857D7C2 
 666      44692156 
 666      8E518E99 
 667 0260 34B61428 		.ascii	"4\266\024(\340\007B1\240\022:3\030/\012T\216\011\005"
 667      E0074231 
 667      A0123A33 
 667      182F0A54 
 667      8E0905
 668 0273 A416BEE2 		.ascii	"\244\026\276\342\235\265\336|Q-\332m\247\367\226\024"
ARM GAS  /tmp/ccU7h4Da.s 			page 54


 668      9DB5DE7C 
 668      512DDA6D 
 668      A7F79614 
 669 0283 0A1DA461 		.ascii	"\012\035\244a_\241C\305\013}\325+t\260HeC\276\312\352"
 669      5FA143C5 
 669      0B7DD52B 
 669      74B04865 
 669      43BECAEA 
 670 0297 7B7AF61B 		.ascii	"{z\366\033\\Yy\007-\341b/\354\232\014\373\201I^\317"
 670      5C597907 
 670      2DE1622F 
 670      EC9A0CFB 
 670      81495ECF 
 671 02ab BFCF0AD5 		.ascii	"\277\317\012\325\365+WtK\317\270\031\347\376P\2107_"
 671      F52B5774 
 671      4BCFB819 
 671      E7FE5088 
 671      375F
 672 02bd EECA2770 		.ascii	"\356\312'p\215O\300Tn\357\177\374v\266\337\342\374\016"
 672      8D4FC054 
 672      6EEF7FFC 
 672      76B6DFE2 
 672      FC0E
 673 02cf B5F90AFC 		.ascii	"\265\371\012\374B\233W\262\230\246<W>\251\260\214G_"
 673      429B57B2 
 673      98A63C57 
 673      3EA9B08C 
 673      475F
 674 02e1 9DDB48CF 		.ascii	"\235\333H\317\3765\3627\274\317\034\304\016?\304Z\005"
 674      FE35F237 
 674      BCCF1CC4 
 674      0E3FC45A 
 674      05
 675 02f2 F1A97BF4 		.ascii	"\361\251{\364\317P\325{p\235\016Z\363)\036\372\372f"
 675      CF50D57B 
 675      709D0E5A 
 675      F3291EFA 
 675      FA66
 676 0304 9F63E9FC 		.ascii	"\237c\351\374M\272\216*\245\3346\367\305\024\217\340"
 676      4DBA8E2A 
 676      A5DC36F7 
 676      C5148FE0 
 677 0314 0674CC30 		.ascii	"\006t\3140\016f\301o\311\301\3763s\245U\273s\263\237"
 677      0E66C16F 
 677      C9C1FE33 
 677      73A555BB 
 677      73B39F
 678 0327 E6DCFB3D 		.ascii	"\346\334\373=G\307J\324\354\233<\033\277B\027w\221\276"
 678      47C74AD4 
 678      EC9B3C1B 
 678      BF421777 
 678      91BE
 679 0339 DE7EFB79 		.ascii	"\336~\373y\305\312W\273\304\"]\022\351,w\237\253\256"
 679      C5CA57BB 
 679      C4225D12 
 679      E92C779F 
 679      ABAE
ARM GAS  /tmp/ccU7h4Da.s 			page 55


 680 034b B6E9F756 		.ascii	"\266\351\367V4\331\030\335f\3276\304\266\306^\251\267"
 680      34D918DD 
 680      66D736C4 
 680      B6C65EA9 
 680      B7
 681 035c 13293BB9 		.ascii	"\023);\271\335\2165F\266\355x#jG\032R;S\325\015\342"
 681      DD8E3546 
 681      B6ED7823 
 681      6A471A52 
 681      3B53D50D 
 682 0371 E5E57223 		.ascii	"\345\345r#\211x<\321hG\337\331no\334Rg\327\326\325o"
 682      89783CD1 
 682      6847DFD9 
 682      6E6FDC52 
 682      67D7D6D5 
 683 0386 AAB76B13 		.ascii	"\252\267k\023\311\250\275)\277D<\025K\275\366f$B\313"
 683      C9A8BD29 
 683      BF443C15 
 683      4BBDF666 
 683      2442CB
 684 0399 94D7D56F 		.ascii	"\224\327\325o\011o}=\025};\031[\037~\266FhI\021\210"
 684      096F7D3D 
 684      157D3B19 
 684      5B1F7EB6 
 684      46684911 
 685 03ae 47E389E4 		.ascii	"G\343\211\344N\361/{\013\010c"
 685      4EF12F7B 
 685      0B0863
 686              		.text
 687              		.section	.gnu.lto_aosSysGetUptime.d6499f0ae6d76a39,"e",%progbits
 688 0000 789C7550 		.ascii	"x\234uP\337KTA\030\375\316\235\353\356\372\013\242\307"
 688      DF4B5441 
 688      18FDCE9D 
 688      EBEEFA0B 
 688      A2C7
 689 0012 2C5A2111 		.ascii	",Z!\021)\274\276\364^,\004\006\022\270\177\200\350v"
 689      29BCBEF4 
 689      5E2C0406 
 689      12B87F80 
 689      E876
 690 0024 C9257737 		.ascii	"\311%w7\366\256\220A8\256\013\022\273\324\213\241>,"
 690      F6AE9041 
 690      38AE0B12 
 690      BBD48BA1 
 690      3E2C
 691 0036 D7824DA1 		.ascii	"\327\202M\241\037\226\324CYv\323\3144\213\022\204^\012"
 691      1F96D443 
 691      5976D3CC 
 691      348B1284 
 691      5E0A
 692 0048 53AC20F3 		.ascii	"S\254 \363!z\020\002\355\233{\213Tr\230\201\371\316"
 692      217A1002 
 692      ED9B7B8B 
 692      54729881 
 692      F9CE
 693 005a 77BE3367 		.ascii	"w\2763gN\200@\375\032\321]\":\300\007\202\240I)\217"
 693      4E8040FD 
ARM GAS  /tmp/ccU7h4Da.s 			page 56


 693      1AD15D22 
 693      3AC00782 
 693      A049298F 
 694 006e F9BB021A 		.ascii	"\371\273\002\032\340\336d\000\324\251\241\023WD\237"
 694      E0DE6400 
 694      D4A9A113 
 694      57449F
 695 007d C044CFE7 		.ascii	"\300D\317\347\207Z\315\020w\244\323\367~\357-\371V\012"
 695      875ACD10 
 695      77A4D3F7 
 695      7EEF2DF9 
 695      560A
 696 008f 5B100DF0 		.ascii	"[\020\015\360\361\026\036\241\206\211\037\323\371\365"
 696      F1161EA1 
 696      86891FD3 
 696      F9F5
 697 009d B2CBDC03 		.ascii	"\262\313\334\003t.{g\357\317\224\250RC\220\313\241\345"
 697      742E7B67 
 697      EFCF94A8 
 697      524390CB 
 697      A1E5
 698 00af 5C561307 		.ascii	"\\V\023\007A|\037\311\276\353.\255.H\231\226\316\352"
 698      417C1FC9 
 698      BEEB2EAD 
 698      2E489996 
 698      CEEA
 699 00c1 0D210FD9 		.ascii	"\015!\017\331B\340\011\004K\3421*0\206\012\"\306Xz\034"
 699      42E00904 
 699      4BE2312A 
 699      30860A22 
 699      C6587A1C 
 700 00d5 D5A44696 		.ascii	"\325\244F\226\356m\\-\367\351\177^\305S\370\260\015"
 700      EE6D5C2D 
 700      F7E97F5E 
 700      C553F8B0 
 700      0D
 701 00e6 05EDA069 		.ascii	"\005\355\240i[\201\214r?8V\020\356\244\333\334B\306"
 701      5B818C72 
 701      3F385610 
 701      EEA4DBDC 
 701      42C6
 702 00f8 04AB3D83 		.ascii	"\004\253=\203o;8\311\240\243@<\347\033\253\215\314\027"
 702      6F3B38C9 
 702      A0A3403C 
 702      E71BAB8D 
 702      CC17
 703 010a 397263B3 		.ascii	"9rc\263G:k'\257\255T\251\270\\wYAJ^\207t\210rB\363\212"
 703      473A6B27 
 703      AFAD54A9 
 703      B85C7759 
 703      414A5E87 
 704 0124 6E2EBE21 		.ascii	"n.\276!\275ts\376W\271\247\000\212\262\276,|\235vc\321"
 704      BD7473FE 
 704      57B9A700 
 704      8AB2BE2C 
 704      7C9D7663 
 705 0139 51C7E575 		.ascii	"Q\307\345u{t\275\244\362\202-\373\203\266(R\006n/\217"
ARM GAS  /tmp/ccU7h4Da.s 			page 57


 705      7B74BDA4 
 705      F2822DFB 
 705      83B62852 
 705      066E2F8F 
 706 014d C980CE0E 		.ascii	"\311\200\316\016\361\002\225\256\245\251\334\207\031"
 706      F10295AE 
 706      A5A9DC87 
 706      19
 707 015a 3F239886 		.ascii	"?#\230\206\216)\225\015^\272\021\017\217O\256\224U^"
 707      8E29950D 
 707      5EBA110F 
 707      8F4FAE94 
 707      555E
 708 016c F4867D8A 		.ascii	"\364\206}\212\372\343\316\350B\251;<\243\2061\013\235"
 708      FAE3CEE8 
 708      42A93B3C 
 708      A386310B 
 708      9D
 709 017d 56D1BDF8 		.ascii	"V\321\275\370\240\367\347>\365#\305\311\017\317m\026"
 709      A0F7E73E 
 709      F523C5C9 
 709      0FCF6D16 
 710 018d 6790EE0A 		.ascii	"g\220\356\012\330\302?\300\311\363\367\011\257\220\001"
 710      D8C23FC0 
 710      C9F3F709 
 710      AF9001
 711 019c 671E50F4 		.ascii	"g\036P\364\301\357Gw!\353\036y\356\0379\263xi\244X\245"
 711      C1EF4777 
 711      21EB1E79 
 711      EE1F39B3 
 711      7869A458 
 712 01b1 BA935D3C 		.ascii	"\272\223]<\300\377!\274V\324\274\320lQ\342J\177\252"
 712      C0FF21BC 
 712      56D4BCD0 
 712      6C51E24A 
 712      7FAA
 713 01c3 FA1F99A5 		.ascii	"\372\037\231\245U\322o\376\352\256!=\370\245\000\227"
 713      55D26FFE 
 713      EAAE213D 
 713      F8A50097 
 714 01d3 AA5656C0 		.ascii	"\252VV\300\2135\355\250r\177m\255\301;\222H\232F4\036"
 714      8B35EDA8 
 714      727F6DAD 
 714      C13B9248 
 714      9A46341E 
 715 01e7 319A1356 		.ascii	"1\232\023V\223\325a\245\314Xm+i\355\251\023^\377\254"
 715      93D561A5 
 715      CC586D2B 
 715      69EDA913 
 715      5EFFAC
 716 01fa 998C9B6D 		.ascii	"\231\214\233mF\2505\332\022=\0256\022\026O\304b\211"
 716      46A835DA 
 716      123D1536 
 716      12164FC4 
 716      6289
 717 020c B8619E4F 		.ascii	"\270a\236O\031\307\033\033\214PC\270>l\204\224L}<\322"
 717      19C71B1B 
ARM GAS  /tmp/ccU7h4Da.s 			page 58


 717      8C5043B8 
 717      3E6C8494 
 717      4C7D3CD2 
 718 0220 D67EDA34 		.ascii	"\326~\3324\"1+j5\235\211DXiOC\2701\330\322l\231\347"
 718      22312B6A 
 718      359D8944 
 718      58694F43 
 718      B831D8D2 
 719 0237 92D123C1 		.ascii	"\222\321#\301\252:\322\222\344\217\231\261D\262\203"
 719      AA3AD292 
 719      E48F99B1 
 719      44B283
 720 0246 0EEFF644 		.ascii	"\016\357\366D2\245,yZ\255l\212u~\003\273a\004\311"
 720      32A52C79 
 720      5AAD6C8A 
 720      757E03BB 
 720      6104C9
 721              		.text
 722              		.section	.gnu.lto__aosSdcanFilterCallback.d6499f0ae6d76a39,"e",%progbits
 723 0000 789C7D54 		.ascii	"x\234}T\337OTG\024\236o\316\334\273\273pY\265\277\264"
 723      DF4F5447 
 723      149E6FCE 
 723      DCBBBB70 
 723      59B5BFB4 
 724 0014 AE313C68 		.ascii	"\2561<h\210i\002\304\230>\365\241\377@\377\206\006\011"
 724      886902C4 
 724      983EF5A1 
 724      FF40FF86 
 724      0609
 725 0026 C417AB01 		.ascii	"\304\027\253\001_\372\344\354\202%Z\202h\251J\323\333"
 725      5FFAE4EC 
 725      82255A82 
 725      68A94AD3 
 725      DB
 726 0037 D5506A49 		.ascii	"\325PjI\032\264\215\261TA\027\260\352\252\010h\255\305"
 726      1AB48DB1 
 726      544117B0 
 726      EAAA0868 
 726      ADC5
 727 0049 A698F82B 		.ascii	"\246\230\370+\006\225\206\266\251Mk\244\347\314\275"
 727      069586B6 
 727      A94D6BA4 
 727      E7CCBD
 728 0058 59091A6F 		.ascii	"Y\011\032ov\347\316\314\231\357\234\363\235\357\314"
 728      76E7CECC 
 728      99EF9CF3 
 728      9DEFCC
 729 0067 4D2AA831 		.ascii	"M*\2501\243T\215Rj\023\377\221P\320\326\332w\023\331"
 729      A3548D52 
 729      6A13FF91 
 729      50D0D6DA 
 729      7713D9
 730 007a A48617CF 		.ascii	"\244\206\027\317H\373\327\317\215\220\261e\246o`\350"
 730      48FBD7CF 
 730      8D90B165 
 730      A66F60E8 
 731 008a 1D630313 		.ascii	"\035c\003\023\333\206\223\236\246h\257,>\023\370\200"
ARM GAS  /tmp/ccU7h4Da.s 			page 59


 731      DB86939E 
 731      A668AF2C 
 731      3E13F880 
 732 009a B3D924D4 		.ascii	"\263\331$\324vM\306\363\261]{\354\273`\220T\321\263"
 732      764DC6F3 
 732      B15D7BEC 
 732      BB609054 
 732      D1B3
 733 00ac 9BF61346 		.ascii	"\233\366\023F\332\356\375\240\327\035\346\303\266\260"
 733      DAEEFDA0 
 733      D71DE6C3 
 733      B6B0
 734 00ba BF736568 		.ascii	"\277seh',\345I\251n\212O)\234\300:>8\235\013\377\011"
 734      272CE549 
 734      A96E8A4F 
 734      299CC03A 
 734      3E389D0B 
 735 00d0 3AD80618 		.ascii	":\330\006\030^v]8V,\223\245F%/\207\373\376\235\323\264"
 735      5E765D38 
 735      562C93A5 
 735      46252F87 
 735      FBFE9DD3 
 736 00e5 1A8AE75F 		.ascii	"\032\212\347_d\273\246\202\252^ks\266\360\344+\262k"
 736      64BBA682 
 736      AA5E6B73 
 736      B6F0E42B 
 736      B26B
 737 00f7 F2441802 		.ascii	"\362D\030\002\261K\014\"\203\223\310(\305{\354\372\024"
 737      B14B0C22 
 737      8393C828 
 737      C57BECFA 
 737      14
 738 0108 AA18B0E7 		.ascii	"\252\030\260\347\354\237=\001\255q\340\371}\003\217"
 738      EC9F3D01 
 738      AD71E0F9 
 738      7D038F
 739 0117 5331F8CE 		.ascii	"S1\370\316\212\317l\301\344\311\340\364sh#\\P\245\004"
 739      8ACF6CC1 
 739      E4C9E0F4 
 739      7368235C 
 739      50A504
 740 012a 73EBDBA7 		.ascii	"s\353\333\247\237V\370&\316\031\303\360\301\273\177"
 740      9F56F826 
 740      CE19C3F0 
 740      C1BB7F
 741 0139 9D38FE38 		.ascii	"\2358\3768\240\267\234\327\377\246\367u\004k{\234\327"
 741      A0B79CD7 
 741      FFA6F775 
 741      046B7B9C 
 741      D7
 742 014a E9FBAB0F 		.ascii	"\351\373\253\017\265\330\363\226\035{\030Y\344X\236"
 742      B5D8F396 
 742      1D7B1859 
 742      E4589E
 743 0159 671E318A 		.ascii	"g\0361\212\265\316\237\270=\303n\371%{G\256x\005\373"
 743      B5CE9FB8 
 743      3DC36EF9 
ARM GAS  /tmp/ccU7h4Da.s 			page 60


 743      257B47AE 
 743      7805FB
 744 016c 74BECD16 		.ascii	"t\276\315\026.o:4\267a)8!_\363\220 \036\222\206\207"
 744      2E6F3A34 
 744      B7612938 
 744      215FF390 
 744      201E9286 
 745 0181 94C74399 		.ascii	"\224\307C\231\317C9\313\311\230r\010\333\000\222u\332"
 745      CF4339CB 
 745      C9987208 
 745      DB009275 
 745      DA
 746 0192 ED28F531 		.ascii	"\355(\3651\251o~\275\3656lA\346\332\315\263<o'*\216"
 746      A96F7EBD 
 746      F5366C41 
 746      E6DACDB3 
 746      3C6F272A 
 747 01a7 3CB84D6E 		.ascii	"<\270Mn1\203\\\327\256\261\311\006I $a\326\321\362\373"
 747      31835CD7 
 747      AEB1C906 
 747      49202461 
 747      D6D1F2FB 
 748 01bb 74526A1F 		.ascii	"tRj\0378r\205\033G\247\322\275\350\311\262\206\007g"
 748      3872851B 
 748      47A7D2BD 
 748      E8C9B286 
 748      0767
 749 01cd 258D8A90 		.ascii	"%\215\212\220M?\012\0376g\3637\007\374\332~Q\2702Oi"
 749      4D3F0A1F 
 749      3667F337 
 749      07FCDA7E 
 749      51B8324F 
 750 01e2 9C452F0E 		.ascii	"\234E/\016PLt\360\346\235\357t+r\016\333\310,p\016\265"
 750      504C74F0 
 750      E69DEF74 
 750      2B720EDB 
 750      C82C700E 
 751 01f7 CCF23C5A 		.ascii	"\314\362<Z!\221'RQX\2750,=\037vF\210/\011\251\034\305"
 751      21912752 
 751      5158BD30 
 751      2C3D1F76 
 751      46882F09 
 752 020e 386CFFF7 		.ascii	"8l\377\367\207\307+8l\247\013\273\024\027\\XDa\307/"
 752      87C72B38 
 752      6CA70BBB 
 752      14175C58 
 752      4461C72F 
 753 0222 7E720425 		.ascii	"~r\004%\3432\\D\355\001\322\221\255sv\327\303%\353\217"
 753      E3325C44 
 753      ED01D291 
 753      AD7376D7 
 753      C325EB8F 
 754 0236 8A4D327A 		.ascii	"\212M2z\005\227P\033R\302I;\206\365\352!vTFII\377\206"
 754      0597501B 
 754      52C2493B 
 754      86F5EA21 
 754      76544649 
ARM GAS  /tmp/ccU7h4Da.s 			page 61


 755 024d 5F5F9A4F 		.ascii	"__\232O\011\201d\236^\355\026\377\270,\271s\2458\353"
 755      0981649E 
 755      5EED16FF 
 755      B82CB973 
 755      A538EB
 756 0260 3CBDA6EE 		.ascii	"<\275\246\356\242\365\376\350\031<\203\224x\274\016"
 756      A2F5FEE8 
 756      193C8394 
 756      78BC0E
 757 026f 85F158F5 		.ascii	"\205\361X\365v2\327\276\014\213\256\344z\006-\237\177"
 757      7632D7BE 
 757      0C8BAEE4 
 757      7A062D9F 
 757      7F
 758 0280 343439A7 		.ascii	"449\247#P\232\3033\356\370\316G})\301y\000&\034\256"
 758      23509AC3 
 758      33EEF8CE 
 758      477D29C1 
 758      7900261C 
 759 0295 9DE40A5A 		.ascii	"\235\344\012Z#(p\271\006\213\357E\020\263\250@\225/"
 759      232870B9 
 759      068BEF45 
 759      10B3A840 
 759      952F
 760 02a7 ADCE1B98 		.ascii	"\255\316\033\230t\325\241\027Ug9\256Hu\214\360\277\312"
 760      74D5A117 
 760      556739AE 
 760      48758CF0 
 760      BFCA
 761 02b9 E2709827 		.ascii	"\342p\230'm1\035\217#\011\301\337FW\2256\\\245\376F"
 761      6D311D8F 
 761      2309C1DF 
 761      46579536 
 761      5CA5FE46 
 762 02cd 6221538F 		.ascii	"b!S\217\231\376\204\214\376#\301l\314\336\345\234\270"
 762      99FE848C 
 762      FE23C16C 
 762      CCDEE59C 
 762      B8
 763 02de 5FEA36D7 		.ascii	"_\3526\327`\341\325\012i\364\220\374\305\322\366\323"
 763      60E1D50A 
 763      69F490FC 
 763      C5D2F6D3 
 764 02ee CB3B6A05 		.ascii	"\313;j\005\256\271\344\275\027tT\232\333\037?\273\216"
 764      AEB9E4BD 
 764      1774549A 
 764      DB1F3FBB 
 764      8E
 765 02ff BA2EAA38 		.ascii	"\272.\2528\355\344>-R\356\315nQ\037\277D\312\371\013"
 765      EDE43E2D 
 765      52EECD6E 
 765      511FBF44 
 765      CAF90B
 766 0312 3F372B61 		.ascii	"?7+a0\205L\2362j\026\271\203\2176\304\367Qn\014J\267"
 766      30854C9E 
 766      326A16B9 
 766      838F36C4 
ARM GAS  /tmp/ccU7h4Da.s 			page 62


 766      F7516E0C 
 767 0328 47A94C75 		.ascii	"G\251Luu\015\377\352\26745\32447\325\327\324mi~\277"
 767      750DFFEA 
 767      B73435D4 
 767      3437D5D7 
 767      D46D697E 
 768 033d 71637DDD 		.ascii	"qc}\335\007\325\365\312kl\252\333\334\340o\255\343W"
 768      07D5F5CA 
 768      6B6CAADB 
 768      DCE06FAD 
 768      E357
 769 034f B3D9F8E1 		.ascii	"\263\331\370\341\266\206\377\001\247\224\242\351"
 769      B686FF01 
 769      A794A2E9 
 770              		.text
 771              		.section	.gnu.lto__aosSdcanReadt.d6499f0ae6d76a39,"e",%progbits
 772 0000 789C6591 		.ascii	"x\234e\221]k\023Q\020\206\347\335\331M6\321\346^\203"
 772      5D6B1351 
 772      1086E7DD 
 772      D94D36D1 
 772      E65E83
 773 0013 12A1187A 		.ascii	"\022\241\030za\322\237\340?\2216T\250`S\332zkObH\241"
 773      61D29FE0 
 773      3F913654 
 773      A86053DA 
 773      7A6B4F62 
 774 0029 A9B11731 		.ascii	"\251\261\0271\265\302\272\202\306\366\312/\274\320\332"
 774      B5C2BA82 
 774      C6F6CA2F 
 774      BCD0DA
 775 0038 8FD5AAB5 		.ascii	"\217\325\252\265\241\202\037TT\244\305R/\224\242\010"
 775      A1821F54 
 775      54A4C552 
 775      2F94A208 
 776 0048 5E48C5D4 		.ascii	"^H\305\3249'-\"Yv\341\314\236\367\231yg\306%\320Y\213"
 776      39272D22 
 776      5976E1CC 
 776      9EF79979 
 776      67C625D0 
 777 005e E818111D 		.ascii	"\350\030\021\035\222\017L\260\224R\307\3039\327\002"
 777      920F4CB0 
 777      9452C7C3 
 777      39D702
 778 006d CC49B9A0 		.ascii	"\314I\271\240a\013\303\270\300\023\214\265\274\367k"
 778      610BC3B8 
 778      C0138CB5 
 778      BCF76B
 779 007c 7F997D11 		.ascii	"\177\231}\021\332\022V\352\367\226\243:\004\022\022"
 779      DA1256EA 
 779      F796A33A 
 779      041212
 780 008b 16DE5E79 		.ascii	"\026\336^y`wL)\225W\301\304|\362\307bqt\034>[4)\372"
 780      60774C29 
 780      9557C1C4 
 780      7CF2C762 
 780      71741C3E 
 781 00a3 87886306 		.ascii	"\207\210c\006q\322\017f\321!\3727/V\307\303|\030$\347"
ARM GAS  /tmp/ccU7h4Da.s 			page 63


 781      71D20F66 
 781      D121FA37 
 781      2F56C7C3 
 781      7C1824E7 
 782 00b7 FAABEA82 		.ascii	"\372\253\352\202\233\254\031v\363:\253v\237\031s\340"
 782      9BAC1976 
 782      F33AAB76 
 782      9F1973E0 
 783 00c7 FF50F927 		.ascii	"\377P\371'\360<\222\002\374.\255V#|\304\300\265\227"
 783      F03C9202 
 783      FC2EAD56 
 783      237CC4C0 
 783      B597
 784 00d9 9F369C5D 		.ascii	"\2376\234]x\345\206\201m,\264\300\266\300\201\201\377"
 784      78E58681 
 784      6D2CB4C0 
 784      B6C08181 
 784      FF
 785 00ea A84A35C6 		.ascii	"\250J5\306\355\006\376\262\276T\304^\345)\003[x\324"
 785      ED06FEB2 
 785      BE54C45E 
 785      E529035B 
 785      78D4
 786 00fc 02CB9CF0 		.ascii	"\002\313\234\360\330\300\037\313\225\3171>j\340\302"
 786      D8C01FCB 
 786      95CF313E 
 786      6AE0C2
 787 010b F4F6BBE8 		.ascii	"\364\366\273\350.\274u\340\262\012l\237\035,\266\320"
 787      2EBC75E0 
 787      B20A6C9F 
 787      1D2CB6D0 
 788 011b 8ED04F90 		.ascii	"\216\320O\220$\315l\334i\\l\013\331z*z\026O\021\222"
 788      24CD6CDC 
 788      695C6C0B 
 788      D97A2A7A 
 788      164F1192 
 789 012f 3D10DD7A 		.ascii	"=\020\335z\355\004\252\2613\242\202\237\007g\266\307"
 789      ED04AAB1 
 789      33A2829F 
 789      0767B6C7 
 790 013f 10817021 		.ascii	"\020\201p!\331\203\364kC\033w\240\035\204\2403\271M"
 790      D983F46B 
 790      431B77A0 
 790      1D84A033 
 790      B94D
 791 0151 4B252659 		.ascii	"K%&Y\223\262\241\002\2421\266\232AN\202\257\310WF\317"
 791      93B2A102 
 791      A231B69A 
 791      414E82AF 
 791      C85746CF 
 792 0165 CF15DB74 		.ascii	"\317\025\333t\001\217!\205\313\347\276\257\271z]a\343"
 792      018F2185 
 792      CBE7BEAF 
 792      B97A5D61 
 792      E3
 793 0176 3DF870FB 		.ascii	"=\370p\373}\254\206k9a\2566,I\350z\322\3723\355X\256"
 793      7DAC866B 
ARM GAS  /tmp/ccU7h4Da.s 			page 64


 793      3961AE36 
 793      2C49E87A 
 793      D2FA33ED 
 794 018c 73FEFAFD 		.ascii	"s\376\372\375P\347M\2351\341s\004K\250\341\222\261,"
 794      50E74D9D 
 794      31E17304 
 794      4BA8E192 
 794      B12C
 795 019e 97B3EB9B 		.ascii	"\227\263\353\233w\255\002\362\206=%>\361\034\235\322"
 795      77AD02F2 
 795      863D253E 
 795      F11C9DD2 
 796 01ae CC320AA0 		.ascii	"\3142\012\240-\214$\232U]\221z\323+;\021-u}\216N\262"
 796      2D8C249A 
 796      555D917A 
 796      D32B3B11 
 796      2D757D8E 
 797 01c4 B48ABA56 		.ascii	"\264\212\272V\211'\217m\217\035\217C>\357\243o\310\357"
 797      89278F6D 
 797      8F1D8F43 
 797      3EEFA36F 
 797      C8EF
 798 01d6 51BA4889 		.ascii	"Q\272H\211\361\2573\242x*\225\2267\223\035\350I\017"
 798      F1AF33A2 
 798      782A9596 
 798      37931DE8 
 798      490F
 799 01e8 0E64D25D 		.ascii	"\016d\322]\331\301\023'\2733]}\251\014Y\275\375Vw?\372"
 799      D9C11327 
 799      BB335D7D 
 799      A90C59BD 
 799      FD56773F 
 800 01fd C243BDA7 		.ascii	"\302C\275\247{\262g\206\376\002\366\260\322i"
 800      7BB26786 
 800      FE02F6B0 
 800      D269
 801              		.text
 802              		.section	.gnu.lto__aosSdcanRead.d6499f0ae6d76a39,"e",%progbits
 803 0000 789C6590 		.ascii	"x\234e\220\317j\023Q\024\306\317w\317LfR\265>@\260D"
 803      CF6A1351 
 803      14C6CF77 
 803      CF4C6652 
 803      B53E40B0 
 804 0015 A8846E92 		.ascii	"\250\204n\222>\202{\337Ai\203B]\264\245}\200\336\214"
 804      3E827BDF 
 804      41698342 
 804      5DB4A57D 
 804      80DE8C
 805 0028 A10523D5 		.ascii	"\241\005#\325EL-8N\241\306\270R+]\250\3757\266\325\332"
 805      454C2D38 
 805      4EA1C6B8 
 805      522B5DA8 
 805      FD37B6D5 
 806 003d A250950A 		.ascii	"\242P\225\012\2124X\334(\242\010.\004I\322so,\"\275"
 806      8A3458DC 
 806      28A2082E 
 806      0449D273 
ARM GAS  /tmp/ccU7h4Da.s 			page 65


 806      6F2C22BD 
 807 0051 CCC03D33 		.ascii	"\314\300=3\337\357;\3379>\201\316(\242SDtB^0Ai\255O"
 807      DFEF3BDF 
 807      393E81CE 
 807      28A25344 
 807      74425E30 
 808 0069 7B055F01 		.ascii	"{\005_\001\366\246}\320\230\302\030\256\362\024c7\010"
 808      F6A67DD0 
 808      98C218AE 
 808      F2146337 
 808      08
 809 007a 7F1F9DE4 		.ascii	"\177\037\235\344H\204\216\224\345\255\371\315\016S\002"
 809      48848E94 
 809      E5ADF9CD 
 809      0E5302
 810 0089 69298BEF 		.ascii	"i)\213\357n=vzjZ\007:\236\272\331\025\315o\353d\304"
 810      6E3D767A 
 810      6A5A073A 
 810      9EBAD915 
 810      CD6FEB64 
 811 009e 8AA645BE 		.ascii	"\212\246E\276\200\024\236 E\346`\021=\"\177\373j\347"
 811      80149E20 
 811      45E66011 
 811      3D227FFB 
 811      6AE7
 812 00b0 9AC75D20 		.ascii	"\232\307] \271o\275\256\254\370\231\252E?\336f\335\035"
 812      B96FBDAE 
 812      ACF899AA 
 812      453FDE66 
 812      DD1D
 813 00c2 316309FC 		.ascii	"1c\011\374\037*\337\004^FF\200?\245\235J\222OZ\270\272"
 813      1F2ADF04 
 813      5E464680 
 813      3FA59D4A 
 813      924F5AB8 
 814 00d7 FD69CFFD 		.ascii	"\375i\317\375\013\257\337\261\260\203\225C\260#pl\341"
 814      0BAFDFB1 
 814      B0839543 
 814      B023706C 
 814      E1
 815 00e8 862E573A 		.ascii	"\206.W:\271\333\302_\352\033\3438\350\\\263\260\302"
 815      B9DBC25F 
 815      EA1BE338 
 815      E85CB3B0 
 815      C2
 816 00f9 D343B0AC 		.ascii	"\323C\260\254\011\253\310\220A\366\346\232\327\217%"
 816      09ABC890 
 816      41F6E69A 
 816      D78F25
 817 0108 1C339799 		.ascii	"\0343\227\231f\015\011Y$\321\3757n\254\233\255\011\035"
 817      660D0959 
 817      24D1FD37 
 817      6EAC9BAD 
 817      091D
 818 011a FFAA61EE 		.ascii	"\377\252a\356\254,.bW\366(\201\035\230\316.\214\205"
 818      AC2C2E62 
 818      57F62881 
ARM GAS  /tmp/ccU7h4Da.s 			page 66


 818      1D98CE2E 
 818      8C85
 819 012c D7762B31 		.ascii	"\327v+1\311\202\265\003\035\023]a\325.\012R|EP\276\334"
 819      C982B503 
 819      1D135D61 
 819      D52E0A52 
 819      7C4550BE 
 820 0141 F839608C 		.ascii	"\3709`\214C\2064\234\274\364c\3277{N\330\310\361\207"
 820      4386349C 
 820      BCF463D7 
 820      377B4ED8 
 820      C8F187
 821 0154 07EF3BAB 		.ascii	"\007\357;\253\230-\0102\323T\342\347\205\022z\335$\225"
 821      982D0832 
 821      D354E2E7 
 821      85127ADD 
 821      2495
 822 0166 DF85A8FE 		.ascii	"\337\205\250\376(\321{\317\030\246#\366\361\014U\334"
 822      28D17BCF 
 822      18A623F6 
 822      F10C55DC 
 823 0176 B051E5E7 		.ascii	"\260Q\345\347b\375\363CUD`\331\213\022\020\317\321+"
 823      62FDF343 
 823      554460D9 
 823      8B1210CF 
 823      D12B
 824 0188 436CA008 		.ascii	"Cl\240\010\372\206\211t\273\253'\322\360\356\313V\322"
 824      FA868974 
 824      BBAB27D2 
 824      F0EECB56 
 824      D2
 825 0199 48FD8893 		.ascii	"H\375\210\223\323,#\342\205QI\246\220\235\220]c7\336"
 825      D32C23E2 
 825      855149A6 
 825      909D905D 
 825      6337DE
 826 01ac 58F64CB2 		.ascii	"X\366L\262\016\264\344\034\307&R\021\037\241\357\010"
 826      0EB4E41C 
 826      C7265211 
 826      1FA1EF08 
 827 01bc 0E9C4CE3 		.ascii	"\016\234L\343\022\343\337\260D\251l6'O~h\344|nt$\237"
 827      12E3DFB0 
 827      44A96C36 
 827      274F7E68 
 827      E47C6E74 
 828 01d2 EB1B1A3D 		.ascii	"\353\033\032=w\241?\3377\230\315\223\032\030V\375\303"
 828      77A13FDF 
 828      3798CD93 
 828      1A1856FD 
 828      C3
 829 01e3 18DC070B 		.ascii	"\030\334\007\013\352\303\012"
 829      EAC30A
 830              		.text
 831              		.section	.gnu.lto_aosThdUSleepS.d6499f0ae6d76a39,"e",%progbits
 832 0000 789C7550 		.ascii	"x\234uPMk\023Q\024\275\347\335\311t\232F\\\325M\025"
 832      4D6B1351 
 832      14BDE7DD 
ARM GAS  /tmp/ccU7h4Da.s 			page 67


 832      C9749A46 
 832      5CD54D15 
 833 0014 8BB494BA 		.ascii	"\213\264\224\272H\262\355\256\377DJ-\324\215\205~\254"
 833      48B2EDAE 
 833      FF444A2D 
 833      D48D857E 
 833      AC
 834 0025 FBF28129 		.ascii	"\373\362\201)\246\250`c\0234L$h\375D\"j\321T3\215\266"
 834      A6A86063 
 834      13344C24 
 834      68FD4422 
 834      6AD15433 
 835 003b DA2A225D 		.ascii	"\332*\"]K\026\026\024T\004\273\022\215\211\367\315\004"
 835      4B161614 
 835      5404BB12 
 835      8D89F7CD 
 835      04
 836 004c 44A88F99 		.ascii	"D\250\217\231\307\273\347\236{\316\275\327!P^\021\015"
 836      C7BBE79E 
 836      7BCEBDD7 
 836      21505E11 
 836      0D
 837 005d 10D111F9 		.ascii	"\020\321\021\371\301\004\245\265\036\355J8\012\360_"
 837      C104A5B5 
 837      1EED4A38 
 837      0AF05F
 838 006c DA01CD2B 		.ascii	"\332\001\315+\314\343</3\352\231\217\217\325\360\212"
 838      CCE33C2F 
 838      33EA998F 
 838      8FD5F08A 
 839 007c 64B4B7FC 		.ascii	"d\264\267\374>|G\277\323\3542QA\376\340\340\011\206"
 839      3E7C47BF 
 839      D3EC3251 
 839      41FEE0E0 
 839      0986
 840 008e 85D84816 		.ascii	"\205\330H\026\177D\316I\016\260$\\\332~\260\0256\241"
 840      7F44CE49 
 840      0EB0245C 
 840      DA7EB015 
 840      36A1
 841 00a0 42BF841B 		.ascii	"B\277\204\033o/\277\216\360Q\220\274\313U\257\022\031"
 841      6F2FBF8E 
 841      F05190BC 
 841      CB55AF12 
 841      19
 842 00b1 BAA62F24 		.ascii	"\272\246/$\265\327\274\316z\300e\306S\260Hb\015}\250"
 842      B5D7BCCE 
 842      7AC065C6 
 842      53B04862 
 842      0D7DA8
 843 00c4 A28F4830 		.ascii	"\242\217H0\221~\206!2%\265\366\245\232\025\210;\022"
 843      917E8621 
 843      3225B5F6 
 843      A59A1588 
 843      3B12
 844 00d6 E66EAD37 		.ascii	"\346n\2557#\201\270g\322+\273\213Y\305\307|\365\325"
 844      2381B867 
ARM GAS  /tmp/ccU7h4Da.s 			page 68


 844      D22BBB8B 
 844      59C5C77C 
 844      F5D5
 845 00e8 CADE923D 		.ascii	"\312\336\222=X\326\2364\274y\373\320\375\224^H\215\272"
 845      58D69E34 
 845      BC79FBD0 
 845      FD945E48 
 845      8DBA
 846 00fa 6C613D70 		.ascii	"la=p\360\304\241f\034\314\021\376\207J+w\300\266P\307"
 846      F0C4A166 
 846      1CCC11FE 
 846      874A2B77 
 846      C0B650C7 
 847 010e 6067283C 		.ascii	"`g(<\207-{\"\030\354\336N\310\323\255vF{\255\343W\177"
 847      872D7B22 
 847      18ECDE4E 
 847      C8D3AD76 
 847      467BADE3 
 848 0124 F786219D 		.ascii	"\367\206!\235\205\224\271\330\\6\202\036\263LfE\026"
 848      8594B9D8 
 848      5C36821E 
 848      B34C6645 
 848      16
 849 0135 B447B4C8 		.ascii	"\264G\264\310*\010\022\022|E\272\364%\307\276\250\330"
 849      2A081212 
 849      7C45BAF4 
 849      25C7BEA8 
 849      D8
 850 0146 156FBC69 		.ascii	"\025o\274iw\247\221L8.\333\00566/\220\366;\317?,7\034"
 850      77A7914C 
 850      382EDB05 
 850      36362F90 
 850      F63BCF3F 
 851 015d 9392DA7E 		.ascii	"\223\222\332~\227\273\214}\320\313\2060\\v\3503\222"
 851      97BB8C7D 
 851      D0CB8630 
 851      5C76E833 
 851      92
 852 016e 6B37AB21 		.ascii	"k7\253!\003\026\031Rr\361\347\335\235\203\361\250\313"
 852      03161952 
 852      72F1E7DD 
 852      9D83F1A8 
 852      CB
 853 017f DD869C0F 		.ascii	"\335\206\234\017\332\337D\3340\233\031\004DUd[\200\324"
 853      DADF44DC 
 853      309B1904 
 853      4455645B 
 853      80D4
 854 0191 95331D80 		.ascii	"\2253\035\200\245X`Cj\234\365\261\377I\275D\\\350\376"
 854      A5586043 
 854      6A9CF5B1 
 854      FF49BD44 
 854      5CE8FE
 855 01a4 0CDF7BF7 		.ascii	"\014\337{\367\033!\\\020\035\302\253}F(=\302?Cl\371"
 855      1B215C10 
 855      1DC2AB7D 
 855      46283DC2 
ARM GAS  /tmp/ccU7h4Da.s 			page 69


 855      3F436CF9 
 856 01b8 43F4886B 		.ascii	"C\364\210k\275\341\233\232\224\324|\332\333m\364\214"
 856      BDE19B9A 
 856      94D47CDA 
 856      DB6DF48C 
 857 01c8 ACEA05C9 		.ascii	"\254\352\005\311Z\204m\214\3207$K\277:;3'\313\370\273"
 857      5A846D8C 
 857      D037244B 
 857      BF3A3B33 
 857      27CBF8BB 
 858 01dc 5DA2C3D1 		.ascii	"]\242\303\321hL\276\361\251\351\211\330\251\323\343"
 858      684CBEF1 
 858      A9E989D8 
 858      A9D3E3
 859 01eb B1B1A999 		.ascii	"\261\261\251\231\023\263\223\323\023c'\243\223\244\346"
 859      13B393D3 
 859      136327A3 
 859      93A4E6
 860 01fa 66D4DCEC 		.ascii	"f\324\334\354\037D\210\331i"
 860      1F4488D9 
 860      69
 861              		.text
 862              		.section	.gnu.lto_aosThdUSleep.d6499f0ae6d76a39,"e",%progbits
 863 0000 789C7550 		.ascii	"x\234uP]KTQ\024\335\353\236\353\314hc\364\234I#\024"
 863      5D4B5451 
 863      14DDEB9E 
 863      EBCC6863 
 863      F49C4923 
 864 0015 2285D797 		.ascii	"\"\205\327\227^z*\204\300\007\011\234\037 :^\232!g&"
 864      5E7A2A84 
 864      C007099C 
 864      1F203A5E 
 864      9A216726 
 865 0029 EE55C820 		.ascii	"\356U\310 <\216\003\022J\365`\230\304p\255\260\204>"
 865      3C8E0312 
 865      4AF56098 
 865      C470ADB0 
 865      843E
 866 003b 957A30CB 		.ascii	"\225z0\313n~d~$\"\364V!JQ\364\001E\201\020h\373\334"
 866      6E7E647E 
 866      2422F456 
 866      214A51F4 
 866      01458110 
 867 0052 5BA49287 		.ascii	"[\244\222\207s\340\254\265\327^g\237\025\"P\217Ft\237"
 867      73E0ACB5 
 867      D75E679F 
 867      1522508F 
 867      46749F
 868 0065 888AF940 		.ascii	"\210\212\371@\0204)\345\221`[H\003\274\233\014\201Z"
 868      103429E5 
 868      91605B48 
 868      03BC9B0C 
 868      815A
 869 0077 35B4E282 		.ascii	"5\264\342\202\350\021\030\353x?\254\225\335\344\212"
 869      E81118EB 
 869      783FAC95 
 869      DDE48A
ARM GAS  /tmp/ccU7h4Da.s 			page 70


 870 0086 747B5EEF 		.ascii	"t{^\357\274-\027\244p\004Q/\037\177\341\021\312X\370"
 870      BC2D17A4 
 870      7004512F 
 870      1F7FE111 
 870      CA58F8
 871 0099 36935B0D 		.ascii	"6\223[\015\237\347\032\2403\354\236y0]\240\240\206\010"
 871      9FE71AA0 
 871      33EC9E79 
 871      305DA0A0 
 871      8608
 872 00ab C3C9F92B 		.ascii	"\303\311\371+\263a\261\227_\027\270>\342\016\206K\373"
 872      B361B197 
 872      5F17B83E 
 872      E20E864B 
 872      FB
 873 00bc E5C58C74 		.ascii	"\345\305\214t'n\010\271\317\021\002O \330\022\217Q\204"
 873      276E08B9 
 873      CF11024F 
 873      20D8128F 
 873      5184
 874 00ce 11141131 		.ascii	"\021\024\0211\307\326\243(%\325\262<\270v\2510\240\377"
 874      C7D6A328 
 874      25D5B23C 
 874      B876A930 
 874      A0FF
 875 00e0 79154F11 		.ascii	"y\025O\021\300&\026\264E\246m$\262j\372\276\225\234"
 875      C02616B4 
 875      45A66D24 
 875      B26AFABE 
 875      959C
 876 00f2 F03ABDE2 		.ascii	"\360:\275\342\0061\306\330\355\031\002\233\311q&]Eb"
 876      0631C6D8 
 876      ED19029B 
 876      C971265D 
 876      4562
 877 0104 826FEC76 		.ascii	"\202o\354vo1\317\225k\353\035\322];|\365g\261\212\313"
 877      6F31CF95 
 877      6BEB1DD2 
 877      5D3B7CF5 
 877      67B18ACB 
 878 0118 9BAE5390 		.ascii	"\233\256S\220\262\327!]\242.\241\371\240\235\301'd\226"
 878      B2D7215D 
 878      A22EA1F9 
 878      A09DC127 
 878      6496
 879 012a 6F2DFE2A 		.ascii	"o-\376*\364\035@\011\366\227\375\037\246\274XtT0\274"
 879      F41D4009 
 879      F697FD1F 
 879      A6BC5874 
 879      5430BC
 880 013d E60CAD16 		.ascii	"\346\014\255\026\224\234q\344\345\210#\362\324\000w"
 880      949C71E4 
 880      E58823F2 
 880      D40077
 881 014c 56466448 		.ascii	"VFdH\347\011\361\034%\336H\223]o\246\203\314`\012:&"
 881      E709F11C 
 881      25DE4893 
ARM GAS  /tmp/ccU7h4Da.s 			page 71


 881      5D6FA683 
 881      CC600A3A 
 882 0161 553678E1 		.ascii	"U6x\341E<0:\376.\\r\326o\016(\351\367\273C\257vx\315"
 882      453C303A 
 882      FE2E5C72 
 882      D66F0E28 
 882      E9F7BB43 
 883 0179 D3AA1933 		.ascii	"\323\252\0313\320\3513\332\227\036v\377\330\255~\244"
 883      D0E933DA 
 883      971E76FF 
 883      D8AD7EA4 
 884 0189 34B981B9 		.ascii	"4\271\201\271\365\374,2m!G\004{9y\376>a\026Yp\346!%"
 884      F5FC2C32 
 884      6D214704 
 884      7B3979FE 
 884      3E611659 
 885 01a1 EFFB7268 		.ascii	"\357\373rh\033\261\356\213\347\376\211\263K\347\206"
 885      1BB1EE8B 
 885      E7FE89B3 
 885      4BE786
 886 01b0 832AD5AD 		.ascii	"\203*\325\255\352\374^\376\017\341\245\222\346\204\346"
 886      EAFC5EFE 
 886      0FE1A592 
 886      E684E6
 887 01bf 8802CFFA 		.ascii	"\210\002\317\372c\361\377\304l\255\222\236\377\353\373"
 887      63F1FFC4 
 887      6CAD929E 
 887      FFEBFB
 888 01ce 1599BE6F 		.ascii	"\025\231\276o\276R\255N\001?\325\214\253\340\236\362"
 888      BE52AD4E 
 888      013FD58C 
 888      ABE09EF2 
 889 01de 7283772C 		.ascii	"r\203w,m\231F\"\0253\352\322vmS\3342\353\032\312\343"
 889      6D994622 
 889      1533EAD2 
 889      766D53DC 
 889      32EB1ACA 
 890 01f3 A435DBC7 		.ascii	"\2445\333\307\374\372I\323J\231\215Fe<Q\2378\0365\322"
 890      FCFA49D3 
 890      4A998D46 
 890      653C519F 
 890      381E35D2 
 891 0207 36772493 		.ascii	"6w$\223\351\224a\236n2\216\326T\033\225\325\321\252"
 891      E994619E 
 891      6E328ED6 
 891      541B95D5 
 891      D1AA
 892 0219 A851A96C 		.ascii	"\250Q\251l\252R\261\306\346\006\323\210%\355\204]{\""
 892      AA52B1C6 
 892      E606D388 
 892      25ED845D 
 892      7B22
 893 022b 1663A75D 		.ascii	"\026c\247]\325\321\232H}\235m\236\262\022\007#\373+"
 893      D5D19A48 
 893      7D9D6D9E 
 893      B2120723 
 893      FB2B
ARM GAS  /tmp/ccU7h4Da.s 			page 72


 894 023d 48B32898 		.ascii	"H\263(\2304\223i\253\205\016l\367\204\325\244F\362\275"
 894      349369AB 
 894      850E6CF7 
 894      84D5A446 
 894      F2BD
 895 024f E2768BCD 		.ascii	"\342v\213\315>\277\001zQ\004\327"
 895      3EBF017A 
 895      5104D7
 896              		.text
 897              		.section	.gnu.lto__aosSdcanGett.d6499f0ae6d76a39,"e",%progbits
 898 0000 789C6590 		.ascii	"x\234e\220\335K\024a\024\306\317\363\236qf\\\322\177"
 898      DD4B1461 
 898      14C6CFF3 
 898      9E71665C 
 898      D27F
 899 0012 6051560A 		.ascii	"`QV\012Vov\375\023\372OB\027\003\003\335P\273\366\235"
 899      566F76FD 
 899      13FA4F42 
 899      170303DD 
 899      50BBF69D 
 900 0026 69335059 		.ascii	"i3PY\275X?\026\032F\310M\257\374\210.\"-\247,!\251\013"
 900      BD583F16 
 900      1A46C84D 
 900      AFFC882E 
 900      222DA72C 
 901 003d 2D412394 		.ascii	"-A#\224\324nD\224\356B\360\343\274c!\3420\003\357\231"
 901      D46E4494 
 901      EE42F0E3 
 901      BC6321E2 
 901      3003EF99 
 902 0051 F7F99DF3 		.ascii	"\367\371\235\363<\307%\320\037\0205\022Q\235|`\202\322"
 902      3CC725D0 
 902      1F103512 
 902      519D7C60 
 902      82D2
 903 0063 5ADF753C 		.ascii	"Z\337u<W\001\361I\273\240^\205^\014\361\030c\333\017"
 903      5701F149 
 903      BBA05E85 
 903      5E0CF118 
 903      63DB0F
 904 0076 FEDE2A72 		.ascii	"\376\336*r(BK\312\322\352\253\317\011S\002))\007\275"
 904      28424BCA 
 904      D2EAABCF 
 904      09530229 
 904      2907BD
 905 0089 AD056E9A 		.ascii	"\255\005n\232\022NGc\317n\377Z\356\353\037F\310\212"
 905      124E4763 
 905      CF6EFF5A 
 905      EEEB1F46 
 905      C88A
 906 009b CAA25F40 		.ascii	"\312\242_@\022o\220$\363`\021M\242\377\366uc\330\341"
 906      126F9024 
 906      F360114D 
 906      A2FFF675 
 906      63D8E1
 907 00ae 7A909C57 		.ascii	"z\220\234W\327F\227\334tEk_G\337'Y\337\011\231\361\026"
 907      D74697DC 
ARM GAS  /tmp/ccU7h4Da.s 			page 73


 907      74456B5F 
 907      47DF2759 
 907      DF0999F1 
 908 00c3 7C0D957F 		.ascii	"|\015\225\177\002\277CZ\200\237\305\322\357Zn\210\341"
 908      02BF435A 
 908      809FC5D2 
 908      EF5A6E88 
 908      E1
 909 00d4 C2F4C966 		.ascii	"\302\364\311f\342\037\274\377\"\206-,\335\200-\201#"
 909      E21FBCFF 
 909      22862D2C 
 909      DD802D81 
 909      23
 910 00e5 A4C920BB 		.ascii	"\244\311 \273\363g#5\266e\254\031C\357a\3132\210f\327"
 910      F3672335 
 910      B665AC19 
 910      43EF61CB 
 910      328866D7 
 911 00f9 AB227D76 		.ascii	"\253\"}v\376TG\207S\230\337s\035\010W%\313\220\241\026"
 911      FE544787 
 911      5398DF73 
 911      1D085725 
 911      CB90A116 
 912 010d 0C6D9349 		.ascii	"\014m\223ID\003L&\247\005\035\021\015\262\272,<)\016"
 912      44034C26 
 912      A7051D11 
 912      0DB2BA2C 
 912      3C290E
 913 0120 E097FA4F 		.ascii	"\340\227\372O\313}5\246i\300\220a\305\307\307\333\256"
 913      CB7D35A6 
 913      69C09061 
 913      C5C7C7DB 
 913      AE
 914 0131 D9931DDB 		.ascii	"\331\223\035\333\215~\314m\325V\360\334\023f\342DIC"
 914      8D7ECC6D 
 914      D556F0DC 
 914      1366E244 
 914      4943
 915 0143 2760850F 		.ascii	"'`\205\017\306\245\\{\341\316k\273y\306tL\205\354b\031"
 915      C6A55C7B 
 915      E1CE6BBB 
 915      79C6744C 
 915      85EC6219 
 916 0157 158CC736 		.ascii	"\025\214\3076\345rqg\377\245*\300\217\331\007\342\015"
 916      E5727167 
 916      FFA52AC0 
 916      8FD907E2 
 916      0D
 917 0168 1FD12C01 		.ascii	"\037\321,\001>\241\000:\304\223\324\345T[\244\301\364"
 917      3EA1003A 
 917      C493D4E5 
 917      545BA4C1 
 917      F4
 918 0179 97F36A23 		.ascii	"\227\363j#uC\256.\263\304\303\212Q\211\247\200\255\220"
 918      7543AE2E 
 918      B3C4C38A 
 918      5189A780 
ARM GAS  /tmp/ccU7h4Da.s 			page 74


 918      AD90
 919 018b 137404FF 		.ascii	"\023t\004\377\277\336\264\037`\\e\"Jf2Yys\371\256\266"
 919      BFDEB41F 
 919      605C6522 
 919      4A663259 
 919      7973F9AE 
 920 01a0 6C77572E 		.ascii	"lwW.\333\222\357\276w\2775\327\322\231\311\221j\177"
 920      DB92EFBE 
 920      77BF35D7 
 920      D299C991 
 920      6A7F
 921 01b2 E8F4B477 		.ascii	"\350\364\264w\264\345\037\365\\\000\226K\250\223"
 921      B4E51FF5 
 921      5C00964B 
 921      A893
 922              		.text
 923              		.section	.gnu.lto__aosSdcanGet.d6499f0ae6d76a39,"e",%progbits
 924 0000 789C554F 		.ascii	"x\234UO\313.CQ\024\335\353\356\333\366V<>\240A\007\022"
 924      CB2E4351 
 924      14DDEBEE 
 924      DBF6563C 
 924      3EA04107 
 925 0015 31697D82 		.ascii	"1i}\202?\221jHLT\352\003\234{\025\011\202\201\347\240"
 925      3F916A48 
 925      4C54EA03 
 925      9C7B1509 
 925      8281E7A0 
 926 0029 EE808691 		.ascii	"\356\200\206\221W:\020-\256\327@S\211G$HJ\"F\"LM\250"
 926      573A102D 
 926      AED74053 
 926      89472448 
 926      4A224622 
 927 0040 7D5A224E 		.ascii	"}Z\"N\316I\366:{\255\275\327\262\010\224\003Q\230\210"
 927      CE49F63A 
 927      7BADBDD7 
 927      B2089403 
 927      519888
 928 0053 1AE58109 		.ascii	"\032\345\201\011\206R\252#`[\006P\251\224\005\03240"
 928      8652AA23 
 928      605B0650 
 928      A994051A 
 928      3430
 929 0065 88299E67 		.ascii	"\210)\236g<8\351\217\332Iv\205h\012\234)d\317j4\004"
 929      3C38E98F 
 929      DA497685 
 929      680A9C29 
 929      64CF6A34 
 930 007a C20227EC 		.ascii	"\302\002'\354\273\034\267\255\212Ny\363\267\315K\331"
 930      BB1CB7AD 
 930      8A4E79F3 
 930      B7CD4BD9 
 931 008a 0B1574D9 		.ascii	"\013\025t\331\240E\241\347\020\302.B\244\017\362h\023"
 931      A045A1E7 
 931      10C22E42 
 931      A40FF268 
 931      13
 932 009b FAF5F9CD 		.ascii	"\372\365\371\315t\200\233@R\027.\347\016\254\326\214"
ARM GAS  /tmp/ccU7h4Da.s 			page 75


 932      74809B40 
 932      52172EE7 
 932      0EACD68C 
 933 00ab 528EF28A 		.ascii	"R\216\362\212+\254Z\\f\354\201\377I\345O\304\373h%-"
 933      2BAC5A5C 
 933      66EC81FF 
 933      49E54FC4 
 933      FB68252D 
 934 00bf 79DAFA9A 		.ascii	"y\332\372\232\255\363\233z\272\236y\000\277\304!\332"
 934      ADF39B7A 
 934      BA9E7900 
 934      BFC421DA 
 935 00cf B8F279EA 		.ascii	"\270\362y\352\253<\252\274\327\025\224:\375\020\231"
 935      AB3CAABC 
 935      D715943A 
 935      FD1099
 936 00de 296944E6 		.ascii	")iD\346#\355\206\306\231\264E\023\312#\232`\243\012"
 936      23ED86C6 
 936      99B44513 
 936      CA239A60 
 936      A30A
 937 00f0 6C012F70 		.ascii	"l\001/pf\306J\237\275zX\232!K&\207\336\037,\235\320"
 937      66C64A9F 
 937      BD7A589A 
 937      214B2687 
 937      DE1F2C9D 
 938 0105 57B1E9DD 		.ascii	"W\261\351\335o\336\325g\260l\213$\354\262\220\014x\332"
 938      6FDED567 
 938      B06C8B24 
 938      ECB2900C 
 938      78DA
 939 0117 9AF46CF7 		.ascii	"\232\364l\367q\307\337\276\256\252\255\000\016\221\301"
 939      71C7DFBE 
 939      AEAAAD00 
 939      0E91C1
 940 0126 42C59B34 		.ascii	"B\305\2334\363\217\317\333F\012\316\217\320\304\021"
 940      F38FCFDB 
 940      460ACE8F 
 940      D0C411
 941 0135 DAC5F431 		.ascii	"\332\305\3641R\240W\014\207\253\033}\302L\257\025\313"
 941      52A0570C 
 941      87AB1B7D 
 941      C24CAF15 
 941      CB
 942 0146 41CDB45C 		.ascii	"A\315\264\\\266\026Y\"\341D\263\252~\362#\237\373\001"
 942      B6165922 
 942      E144B3AA 
 942      7EF2239F 
 942      FB01
 943 0158 ED2788B2 		.ascii	"\355'\210\262\234\006\234\"\344r\015\275\301\371\235"
 943      9C069C22 
 943      E4720DBD 
 943      C1F99D
 944 0167 A1378E33 		.ascii	"\2417\2163\376\"\022\205\"\221\250\334x\"\331\035\035"
 944      FE221285 
 944      2291A8DC 
 944      7822D91D 
ARM GAS  /tmp/ccU7h4Da.s 			page 76


 944      1D
 945 0178 48C6A3B1 		.ascii	"H\306\243\261\304@gOW<\326\027\211\223\321\333\377\015"
 945      C440674F 
 945      573CD617 
 945      8993D1DB 
 945      FF0D
 946 018a 068D97F2 		.ascii	"\006\215\227\362"
 947              		.text
 948              		.section	.gnu.lto__aosSdcanCtl.part.0.d6499f0ae6d76a39,"e",%progbits
 949 0000 789C7552 		.ascii	"x\234uR\337KTA\024\236\357\236\331\365\272j\364(,\204"
 949      DF4B5441 
 949      149EEF9E 
 949      D9F5BA6A 
 949      F4282C84 
 950 0014 642212B8 		.ascii	"d\"\022\270A\364\320\233\340K\377E\230Y\370\242\242"
 950      41F4D09B 
 950      E04BFF45 
 950      9859F8A2 
 950      A2
 951 0025 BD3BEA86 		.ascii	"\275;\352\206\304JFX\266\322r\021\265\014\212\012\205"
 951      C44A4658 
 951      B6D27211 
 951      B50C8A0A 
 951      85
 952 0036 2053B71F 		.ascii	" S\267\037\376\336\265\365G\275TJ\245fj\012\345\203"
 952      FEDEB5F5 
 952      47BD544A 
 952      A5666A0A 
 952      E583
 953 0048 516867E6 		.ascii	"Qhg\346\256\313\2424\334\271\367\234\363}\347|g\346"
 953      AECBA234 
 953      DCB9F79C 
 953      F37DE77C 
 953      67E6
 954 005a 1E5B4090 		.ascii	"\036[@\220\024\342\214\020\242\2247\274\002\036\245"
 954      14E28C10 
 954      A29437BC 
 954      021EA5
 955 0069 5449063C 		.ascii	"TI\006<\260\\\303\262(\036\356\363J\345\223}+\261\263"
 955      B05CC3B2 
 955      281EEEF3 
 955      4AE5937D 
 955      2BB1B3
 956 007c 526513A4 		.ascii	"Re\023\244\201\032l\011\030\213\313\324{,\222\250G+"
 956      811A6C09 
 956      188BCBD4 
 956      7B2C92A8 
 956      472B
 957 008e B51342CF 		.ascii	"\265\023B\317:\237\240\350>c*\332\276S\370\271I\251"
 957      3A9FA0E8 
 957      3E632ADA 
 957      BE53F8B9 
 957      49A9
 958 00a0 530E0911 		.ascii	"S\016\011\021\346\355.<G\021\023\027\032#;\331\327\311"
 958      E6ED2E3C 
 958      47111317 
 958      1A233BD9 
ARM GAS  /tmp/ccU7h4Da.s 			page 77


 958      D7C9
 959 00b2 2140B2DB 		.ascii	"!@\262\3336\331?\341\323\256\205<v\327Uh\020t\014\202"
 959      36D93FE1 
 959      D3AE853C 
 959      76D75568 
 959      10740C82 
 960 00c6 ED585BF0 		.ascii	"\355X[\360;\012{\224jT\321\217\271\035**\035\"0\034"
 960      3B0A7B94 
 960      6A54D18F 
 960      B91D2A2A 
 960      1D22301C 
 961 00da E6DC17F0 		.ascii	"\346\334\027\360c\000~!8&\016\262\0238\227\242\212\024"
 961      63007E21 
 961      38260EB2 
 961      133897A2 
 961      8A14
 962 00ec 15432834 		.ascii	"\025C(4l\014\243\320\344|y\272{+\307+\271I\010\023\230"
 962      6C0CA3D0 
 962      E47C79BA 
 962      7B2BC72B 
 962      B9490813 
 963 0101 8BBFBB91 		.ascii	"\213\277\273\221A\307\215\374\344\314\355a;Y0\326M\352"
 963      41C78DFC 
 963      E4CCED61 
 963      3B5930D6 
 963      4DEA
 964 0113 842EF9F2 		.ascii	"\204.\371\362?\352\217:\026\377PA\227!ow\222\352VV\212"
 964      3FEA8F3A 
 964      16FF5041 
 964      97216F77 
 964      92EA5656 
 965 0128 9ED6C12B 		.ascii	"\236\326\301+-l\022\336\267\307\247\217P\201Q\032\272"
 965      2D6C12DE 
 965      B7C7A78F 
 965      5081511A 
 965      BA
 966 0139 1B5FF625 		.ascii	"\033_\366%\225\346\357\031%\2117\207\224\244Il\375\264"
 966      95E6EF19 
 966      25893787 
 966      94A4496C 
 966      FDB4
 967 014b 34E83DA8 		.ascii	"4\350=\250\224\244\247)\215\244\224\276.\355<\360Q\300"
 967      94A4A729 
 967      8DA494BE 
 967      2EED3CF0 
 967      51C0
 968 015d 28EDAC6F 		.ascii	"(\355\254o\374\266\222\311\233\016=\354W\352Z\211C\036"
 968      FCB692C9 
 968      9B0E3DEC 
 968      57EA5A89 
 968      431E
 969 016f 8C1D504B 		.ascii	"\214\035PK\346\246\363\023\030W2\305M\223\032GA\222"
 969      E6A6F313 
 969      185732C5 
 969      4D931A47 
 969      4192
 970 0181 9EBC4F4C 		.ascii	"\236\274OL\240\000\243\274_3\242\251Q\2362\201I=kB\320"
ARM GAS  /tmp/ccU7h4Da.s 			page 78


 970      A000A3BC 
 970      5F33A2A9 
 970      519E3281 
 970      493D6B42 
 971 0196 3EA4698F 		.ascii	">\244i\217gy\370v\367\232\225\3528\331a\331\200\376"
 971      6779F876 
 971      F79A95EA 
 971      38D961D9 
 971      80FE
 972 01a8 37161FD6 		.ascii	"7\026\037\326K\374\312\220\372%D\210\204\036,\011mz"
 972      4BFCCA90 
 972      FA254488 
 972      841E2C09 
 972      6D7A
 973 01ba 5C93440B 		.ascii	"\\\223D\013Y\373\346*\314\361>\204n\316\311\374NeV\257"
 973      59FBE62A 
 973      CCF13E84 
 973      6ECEC9FC 
 973      4E6556AF 
 974 01ce 2DDC0184 		.ascii	"-\334\001\204H\235g*\024\331\314<D0\3239\205|\375\211"
 974      489D672A 
 974      14D9CC3C 
 974      4430D339 
 974      857CFD89 
 975 01e2 F1670D4D 		.ascii	"\361g\015M\211\346\301\231QK\267\034!+\3027S\354\347"
 975      89E6C199 
 975      514BB71C 
 975      212BC237 
 975      53ECE7
 976 01f5 70E3DF66 		.ascii	"p\343\337f\2701\342\260\330\300\325<\327\325\223<\260"
 976      B831E2B0 
 976      D8C0D53C 
 976      D7D5933C 
 976      B0
 977 0206 3DB89619 		.ascii	"=\270\226\031DcC\256Cv\230a\2018\202\020Lftl\353\307"
 977      446343AE 
 977      43769861 
 977      81388210 
 977      4C66746C 
 978 021c 3CF49C67 		.ascii	"<\364\234g@`\032~\2072\3052\202\253\245\311\002:f\272"
 978      40601A7E 
 978      8732C532 
 978      82ABA5C9 
 978      023A66BA 
 979 0230 6C215A89 		.ascii	"l!Z\211\205O\363\2416\0204\345u\343\221\336\330\236"
 979      854FF3A1 
 979      361034E5 
 979      75E391DE 
 979      D89E
 980 0242 296E3BE4 		.ascii	")n;\344\013\233!~\253\2133t\275ik\301\326\225\263\214"
 980      0B9B217E 
 980      AB8B3374 
 980      BD696BC1 
 980      D695B38C 
 981 0256 9BDE4656 		.ascii	"\233\336FV\027\271\347^T?\343\276\036t5\034u(\0333\234"
 981      17B9E75E 
 981      543FE3BE 
ARM GAS  /tmp/ccU7h4Da.s 			page 79


 981      1E74351C 
 981      75281B33 
 982 026b 8984D663 		.ascii	"\211\204\326c\350\327\267\221![\363\357(\225\247\213"
 982      E8D7B791 
 982      215BF3EF 
 982      2895A78B 
 983 027b CCA207EE 		.ascii	"\314\242\007\356\277\232c\236C9\246)\271\177\325\233"
 983      BF9A639E 
 983      4339A629 
 983      B97FD59B 
 984 028b B0DCEB0C 		.ascii	"\260\334\353\014\021\366x\221\361\375\305\305\001~\312"
 984      11F67891 
 984      F1FDC5C5 
 984      017ECA
 985 029a AB6B2B02 		.ascii	"\253k+\002u\265\345\201\262\352\272\363\227.\224\227"
 985      75B5E581 
 985      B2EABAF3 
 985      972E9497 
 986 02aa 5515970B 		.ascii	"U\025\227\013*\253\275lU\326dV\327T\324\226]\251\254"
 986      2AABBD6C 
 986      55D66456 
 986      D754D496 
 986      5DA9AC
 987 02bd AEF2D65D 		.ascii	"\256\362\326]d\244\346\037\366BM\350"
 987      64A4E61F 
 987      F6424DE8 
 988              		.text
 989              		.section	.gnu.lto__aosSdcanCtl.d6499f0ae6d76a39,"e",%progbits
 990 0000 789C8D53 		.ascii	"x\234\215S\337o\014Q\024\276\337\234\331\331\331\325"
 990      DF6F0C51 
 990      14BEDF9C 
 990      D9D9D9D5 
 991 0010 565F2495 		.ascii	"V_$\225M\244B\322\210\244}\360\344M\342/\360\027Hm\020"
 991      4DA442D2 
 991      88A47DF0 
 991      E44DE22F 
 991      F017486D 
 992 0025 91A89477 		.ascii	"\221\250\224ww\327P\321\242\321\326Z\321\314J\255\037"
 992      77D750D1 
 992      A2D1D65A 
 992      D1CC4AAD 
 992      1F
 993 0036 F5208207 		.ascii	"\365 \202\007\252\333\245\264Z\273E\273\213\306\257"
 993      AADBA5B4 
 993      5ABB45BB 
 993      8BC6AF
 994 0045 1045AB34 		.ascii	"\020E\2534\241\017$\264\316\2753\245B\032\223\335\231"
 994      A10F24B4 
 994      CEBD33A5 
 994      421A93DD 
 994      99
 995 0056 39F77CDF 		.ascii	"9\367|\337w\316=\337\035[@\3345\205\250\026Bl\347?l"
 995      77CE3DDF 
 995      1D5B40DC 
 995      3585A816 
 995      426CE73F 
 996 006b 01434AB9 		.ascii	"\001CJ\271.\030\263\015\203\362\311\313\226)\303\346"
ARM GAS  /tmp/ccU7h4Da.s 			page 80


 996      2E18B30D 
 996      83F2C9CB 
 996      9629C3E6 
 997 007b E5B7B9B5 		.ascii	"\345\267\271\265\246,!\230~\316\244\340\205b\347\022"
 997      A62C2198 
 997      7ECEA4E0 
 997      8562E712 
 998 008b 4BDA96FF 		.ascii	"K\332\226\377\014\314=\021\324\030X\376K\314\016\002"
 998      0CCC3D11 
 998      D41858FE 
 998      4BCC0E02 
 999 009b FA4DDA10 		.ascii	"\372M\332\020{\0142\003V\020{p\204\022\204\027\361\366"
 999      7B0C3203 
 999      56107B70 
 999      84128417 
 999      F1F6
 1000 00ad AF2587C9 		.ascii	"\257%\207\311%\001\223\303\326\301+\003a\025\002\225"
 1000      250193C3 
 1000      D6C12B03 
 1000      61150295 
 1001 00bd 1C36C546 		.ascii	"\0346\305F\273h\325Y&\313l\342k\325\253\336\375\007"
 1001      BB68D559 
 1001      26CB6CE2 
 1001      6BD5ABDE 
 1001      FD07
 1002 00cf 9BE19221 		.ascii	"\233\341\222!\222\214\357B\004\327\021\021\352\302\015"
 1002      928CEF42 
 1002      04D71111 
 1002      EAC20D
 1003 00de AC62FC48 		.ascii	"\254b\374H\276\330\034\244e\020\374>\370\360X\217]\225"
 1003      BED81CA4 
 1003      6510FC3E 
 1003      F8F0588F 
 1003      5D95
 1004 00f0 96322EB3 		.ascii	"\2262.\263\271\323$W\272D\350\006\375A\3455&gP\305\204"
 1004      B9D32457 
 1004      BA44E806 
 1004      FD41E535 
 1004      266750C5 
 1005 0105 4789FC50 		.ascii	"G\211\374P\031-\327\344\314\311\374X\330'\027\316h\262"
 1005      192DD7E4 
 1005      CCC9FC58 
 1005      D82717CE 
 1005      68B2
 1006 0117 899EBFC8 		.ascii	"\211\236\277\310<8d5\371\203ld\355\325\232\234ku\306"
 1006      3C386435 
 1006      F9836C64 
 1006      EDD59A9C 
 1006      6B75C6
 1007 012a E1939F55 		.ascii	"\341\223\237U\234\220YS\225\276\371\317\322\267P%\024"
 1007      9C905953 
 1007      95BEF9CF 
 1007      D2B75025 
 1007      14
 1008 013b E7F5A599 		.ascii	"\347\365\245\231\266R\313T\033S\333\351\205\305\306"
 1008      B652CB54 
 1008      1B53DBE9 
ARM GAS  /tmp/ccU7h4Da.s 			page 81


 1008      85C5C6
 1009 014a 087490B8 		.ascii	"\010t\220\2708\034\310\312\231\331\006\231\275\275\364"
 1009      381CC8CA 
 1009      99D90699 
 1009      BDBDF4
 1010 0159 C4854328 		.ascii	"\304\205C(\005S\003\006\337,R\267\000T\377!\250F\302"
 1010      05530306 
 1010      DF2C52B7 
 1010      0054FF21 
 1010      A846C2
 1011 016c F0041B49 		.ascii	"\360\004\033I\250\231\231\220Y!\232\310\360\202\030"
 1011      A8999990 
 1011      59219AC8 
 1011      F08218
 1012 017b 0713D89B 		.ascii	"\007\023\330\233i\370\321\323\007U\242\235\320N\001"
 1012      69F8D1D3 
 1012      0755A29D 
 1012      D04E01
 1013 018a AE7E78EF 		.ascii	"\256~x\357\324\013[\215=\010\201\333\334\335\004\342"
 1013      D40B5B8D 
 1013      3D0881DB 
 1013      DCDD04E2 
 1014 019a DF1B7C8C 		.ascii	"\337\033|\214\30101\211}\225^\250\\\353\232\356\236"
 1014      C1303189 
 1014      7D955EA8 
 1014      5CEB9AEE 
 1014      9E
 1015 01ab 083988C7 		.ascii	"\0109\210\307*\\\262\223\244:\275\003\007\202\301\234"
 1015      2A5CB293 
 1015      A43ABD03 
 1015      0782C19C 
 1016 01bb ED9FFA58 		.ascii	"\355\237\372X\200R\263X\255\017\021\227Bb\014\316\373"
 1016      8052B358 
 1016      AD0F1197 
 1016      42620CCE 
 1016      FB
 1017 01cc F5BE805A 		.ascii	"\365\276\200Z\323\2565\021\275\315%\327\250\306\214"
 1017      D3AE3511 
 1017      BDCD25D7 
 1017      A8C68C
 1018 01db 4938BA80 		.ascii	"I8\272\200\032F\373\271\334\254\226\267]\012'\331n\201"
 1018      1A46FBB9 
 1018      DCAC96B7 
 1018      5D0A27D9 
 1018      6E81
 1019 01ed 7E253FBF 		.ascii	"~%?\277\323E:\234\337\310\242\0165;^|)?\347\303it\304"
 1019      D3453A9C 
 1019      DFC8A20E 
 1019      353B5E7C 
 1019      293FE7C3 
 1020 0204 CA5D2AC1 		.ascii	"\312]*\301\0003qWU\344\324\227ww2\266\302\037\227\262"
 1020      00337157 
 1020      55E4D497 
 1020      777732B6 
 1020      C21F97B2 
 1021 0218 52890C22 		.ascii	"R\211\014\"\015o\332\367\030\347R\251n\313\374=\260"
 1021      0D6FDAF7 
ARM GAS  /tmp/ccU7h4Da.s 			page 82


 1021      18E752A9 
 1021      6ECBFC3D 
 1021      B0
 1022 0229 7138A974 		.ascii	"q8\251t\301\037E\210%\256\214\036H\225\2558%\365u\316"
 1022      C11F4588 
 1022      25AE8C1E 
 1022      4895AD38 
 1022      25F575CE 
 1023 023d 660BCA7C 		.ascii	"f\013\312|\327\204W\376\315\233\346\253\224@[\314\221"
 1023      D78457FE 
 1023      CD9BE6AB 
 1023      94405BCC 
 1023      91
 1024 024e 32F5AA00 		.ascii	"2\365\252\000\005\020\310a\20526\217\004\030s\315y\336"
 1024      0510C861 
 1024      8532368F 
 1024      041873CD 
 1024      79DE
 1025 0260 632C24F2 		.ascii	"c,$\362k\206\246\336g\272ez\270lN\363\252\326\304}\336"
 1025      6B86A6DE 
 1025      67BA657A 
 1025      B86C4EF3 
 1025      AAD6C47D 
 1026 0275 13863CD9 		.ascii	"\023\206<\331\007\236\354\323\306\243#\346B\262\231"
 1026      079EECD3 
 1026      C6A323E6 
 1026      42B299
 1027 0284 A607F7C8 		.ascii	"\246\007\367\310\223U\370\201D\241\033s\262\347=\331"
 1027      9355F881 
 1027      44A11B73 
 1027      B2E73DD9 
 1028 0294 6125FBD0 		.ascii	"a%\373\320\223\035\341\244\036H\340Ig\261\023j x\017"
 1028      931DE1A4 
 1028      1E48E049 
 1028      67B1136A 
 1028      20780F
 1029 02a7 78F94998 		.ascii	"x\371I\230\3772lqR\037\354\202w\036\302.\225k\005k\177"
 1029      FF326C71 
 1029      521FEC82 
 1029      771EC22E 
 1029      956B056B 
 1030 02bc CB88A760 		.ascii	"\313\210\247`h\205!\255\340\244\272\012\033\026\260"
 1030      688521AD 
 1030      E0A4BA0A 
 1030      1B16B0
 1031 02cb BDE8DBFE 		.ascii	"\275\350\333\376\037>?Z\320\347\307\277|~2\317\347\340"
 1031      1F3E3F5A 
 1031      D0E7C7BF 
 1031      7C7E32CF 
 1031      E7E0
 1032 02dd D16BDF66 		.ascii	"\321k\337fI\373\254\233R&}B<u\261x\212\024z\376\201"
 1032      49FBAC9B 
 1032      52267D42 
 1032      3C75B178 
 1032      8A147AFE 
 1033 02f2 33383FEA 		.ascii	"38?\352\035\334FB\213&\252\317K\210Huu\015\377\242u"
 1033      1DDC4642 
ARM GAS  /tmp/ccU7h4Da.s 			page 83


 1033      8B26AACF 
 1033      4B884875 
 1033      750DFFA2 
 1034 0307 F59B6B76 		.ascii	"\365\233kv\325Gkj\353vm\334\262)Z\273\243:*\214m;Cu"
 1034      D5476B6A 
 1034      EB766DDC 
 1034      B2295ABB 
 1034      A33A2A8C 
 1035 031f 3B37D7D7 		.ascii	";7\327\327\356\336V\267\203j\353\267\376\004\323\363"
 1035      EEDE56B7 
 1035      836AEBB7 
 1035      FE04D3F3 
 1036 032f 9BA4     		.ascii	"\233\244"
 1037              		.text
 1038              		.section	.gnu.lto_aosFBCanInit.d6499f0ae6d76a39,"e",%progbits
 1039 0000 789C9D97 		.ascii	"x\234\235\227\357W\024\327\031\307\347\271wfwv\366\007"
 1039      EF5714D7 
 1039      19C7E7B9 
 1039      77667776 
 1039      F607
 1040 0012 466363DD 		.ascii	"Fcc\335\230B\224\032\333\036\226\274\313\351\233\366"
 1040      9842941A 
 1040      DB1E96BC 
 1040      CBE99BF6 
 1041 0022 1CFBB6A7 		.ascii	"\034\373\266\247/\372\007\364\340\272V\033\203)\304"
 1041      2FFA07F4 
 1041      E0BA561B 
 1041      8329C4
 1042 0031 BEE88B66 		.ascii	"\276\350\213f@\024\024\020\215F\201d]\002RA-h\233d#"
 1042      40141410 
 1042      8D468164 
 1042      5D025241 
 1042      2D689B64 
 1043 0046 DA64D594 		.ascii	"\332d\325\224D\203?b\021\023\242,\306B\221\020\004j"
 1043      44833F62 
 1043      1113A22C 
 1043      C6429110 
 1043      046A
 1044 0058 ACB146FB 		.ascii	"\254\261F\373<\367\316,\303\217\005\305\243\343\235"
 1044      3CF7CE2C 
 1044      C38F05C5 
 1044      A3E39D
 1045 0067 B9F33CDF 		.ascii	"\271\363<\337\357\363\271?\346\256\256\200\262/CQ\266"
 1045      EFF3B93F 
 1045      E6AEAE80 
 1045      B22F4351 
 1045      B6
 1046 0078 2A8AD289 		.ascii	"*\212\322\211\377 C\001f\232\346\317\335E:c\274\277"
 1046      FF204301 
 1046      669AE6CF 
 1046      DD453A63 
 1046      BCBF
 1047 008a A366816A 		.ascii	"\243f\201j\032\356\332\277\365\377D5}\234\251C\015\327"
 1047      1AEEDABF 
 1047      F5FF4435 
 1047      7D9CA943 
 1047      0DD7
ARM GAS  /tmp/ccU7h4Da.s 			page 84


 1048 009c 17E2136D 		.ascii	"\027\342\023m\367\325}?\302'*\270\254\267\265T\313\005"
 1048      F7D57D3F 
 1048      C2272AB8 
 1048      ACB7B554 
 1048      CB05
 1049 00ae 6EABE506 		.ascii	"n\253\345\006\217\325\322\255\326I\335\303\364K#\367"
 1049      8FD5D2AD 
 1049      D649DDC3 
 1049      F44B23F7 
 1050 00be 5EC01C46 		.ascii	"^\300\034FK\325f7\3460\230O\3467\274R\317\347\005\237"
 1050      4BD56637 
 1050      E630984F 
 1050      E637BC52 
 1050      CFE7059F 
 1051 00d2 15E76301 		.ascii	"\025\347c\001\253\317o\365\371!`\365\005\000D\313\324"
 1051      ABCF6FF5 
 1051      F92160F5 
 1051      050044CB 
 1051      D4
 1052 00e3 41799571 		.ascii	"Ay\225qUs\271u\217\341\365\371\003\360*\363(\251?U|"
 1052      5573B975 
 1052      8FE1F5F9 
 1052      03F02AF3 
 1052      28A93F55 
 1053 00f8 2F8753A5 		.ascii	"/\207S\245\375\307\330\212\003\030`&\366\366\374\370"
 1053      FDC7D88A 
 1053      03186026 
 1053      F6F6FCF8 
 1054 0108 BA79D1E4 		.ascii	"\272y\321\3441\256(5\334~\015\332`\005\276\330S\034"
 1054      31AE2835 
 1054      DC7E0DDA 
 1054      6005BED8 
 1054      531C
 1055 011a BDEBDB8E 		.ascii	"\275\353\333\216}\000*\336\356>\373\366\031\203n\031"
 1055      7D002ADE 
 1055      EE3EFBF6 
 1055      19836E19 
 1056 012a 64E26D7D 		.ascii	"d\342m}c\303_u\376\014(\330\336Q5\264\323\273\274\321"
 1056      63C35F75 
 1056      FE0C28D8 
 1056      DE5135B4 
 1056      D3BBBCD1 
 1057 013e 348BCDC4 		.ascii	"4\213\315\304\325\375\334\\\026\343\034\376\016\034"
 1057      D5FDDC5C 
 1057      16E31CFE 
 1057      0E1C
 1058 014c 53C20908 		.ascii	"S\302\011\010\302q\010*\012>\303\324\357\303r\014\350"
 1058      C271082A 
 1058      0A3EC3D4 
 1058      EFC3720C 
 1058      E8
 1059 015d 3AB8E386 		.ascii	":\270\343\206\217g\213\340w\372\372\313=Vp\307\242Z"
 1059      8F678BE0 
 1059      77FAFACB 
 1059      3D5670C7 
 1059      A25A
 1060 016f 33A1C6B8 		.ascii	"3\241\306\270\012\037L\211V1:!\242\207\317\357\332\252"
ARM GAS  /tmp/ccU7h4Da.s 			page 85


 1060      0A1F4C89 
 1060      56313A21 
 1060      A287CFEF 
 1060      DAAA
 1061 0181 F39088FE 		.ascii	"\363\220\210\376`d$\252[\321\235\213e\264\006'\247D"
 1061      606424AA 
 1061      5BD19D8B 
 1061      65B40627 
 1061      A744
 1062 0193 6B187D0A 		.ascii	"k\030}\012\226+\024\363\345\321\007\257\373]\252U1\234"
 1062      962B14F3 
 1062      E5D107AF 
 1062      FB5DAA55 
 1062      319C
 1063 01a5 0617389E 		.ascii	"\006\0278\236\322==\376\020\037\343\377\255\227\264"
 1063      D23D3DFE 
 1063      101FE3FF 
 1063      AD97B4
 1064 01b4 84F9E061 		.ascii	"\204\371\340a\251\231ho\205\235\235\311\340R\300t.\206"
 1064      A999686F 
 1064      859D9DC9 
 1064      E052C074 
 1064      2E86
 1065 01c6 1737C78B 		.ascii	"\0277\307\213\256\342\305\243\321\305\205\027\303M\027"
 1065      AEE2C5A3 
 1065      D1C58517 
 1065      C34D17
 1066 01d5 9D2E1EBC 		.ascii	"\235.\036\274x\015\322\306\361\301\272\027\001\371_"
 1066      780DD2C6 
 1066      F1C1BA17 
 1066      01F95F
 1067 01e4 0CD24739 		.ascii	"\014\322G9WF\3565\275\000fBQ*8\023\355M\330\356\203"
 1067      5746EE35 
 1067      BD006642 
 1067      512A3813 
 1067      ED4DD8EE 
 1068 01f9 92E4E9F3 		.ascii	"\222\344\351\363\255a\262\021\345\0014\266}\323\255"
 1068      AD61B211 
 1068      E50134B6 
 1068      7DD3AD
 1069 0208 1E9DC073 		.ascii	"\036\235\300sP\340\037T\216B!\274\354\263\261y\024\002"
 1069      50E01F54 
 1069      8E4221BC 
 1069      ECB3B179 
 1069      1402
 1070 021a 83507CC2 		.ascii	"\203P|\302#\337\007\347\373>A(\332\324\361\320S\002"
 1070      23DF07E7 
 1070      FB3E4128 
 1070      DAD4F1D0 
 1070      5302
 1071 022c C5453A3E 		.ascii	"\305E:>i\240\222i\000\276h\277\010\215\320\0001\356"
 1071      69A09269 
 1071      00BE68BF 
 1071      088DD000 
 1071      31EE
 1072 023e 878FA004 		.ascii	"\207\217\240\004\240\235\022cO\333keG\\\271-4=2c<\000"
 1072      A09D1263 
ARM GAS  /tmp/ccU7h4Da.s 			page 86


 1072      4FDB6B65 
 1072      475CB92D 
 1072      343D3263 
 1073 0254 1FE36BD5 		.ascii	"\037\343k\325\002\024v\226\0144w\033\251\316\0148\003"
 1073      02147696 
 1073      0C34771B 
 1073      A9CE0C38 
 1073      03
 1074 0265 B9D59C28 		.ascii	"\271\325\234(\301Y\310\025\326W\216\373h,\257?\356'"
 1074      C159C815 
 1074      D6578EFB 
 1074      682CAF3F 
 1074      EE27
 1075 0277 1F19C0E0 		.ascii	"\037\031\300\340\223\224ouoSR#\337l\010J3\005\355I."
 1075      93946F75 
 1075      6F535223 
 1075      DF6C084A 
 1075      3305ED49 
 1076 028c E7D5504E 		.ascii	"\347\325PN\350@[\217V\300\271\231\0128\237\276\200'"
 1076      E8405B8F 
 1076      56C0B999 
 1076      0A389FBE 
 1076      8027
 1077 029e E00215C0 		.ascii	"\340\002\025\300d\337\311\313\335\2738\351\224\211\316"
 1077      64DFC9CB 
 1077      DDBB38E9 
 1077      9489CE
 1078 02ad F9701172 		.ascii	"\371p\021r\205=\370\024\363\343\013#\311\346Qw\326\317"
 1078      853DF814 
 1078      F3E30B23 
 1078      C9E65177 
 1078      D6CF
 1079 02bf 62663576 		.ascii	"bf5v/\240\2203M\237\354\021\326\252E\310\223p\011\262"
 1079      2FA09033 
 1079      4D9FEC11 
 1079      D6AA45C8 
 1079      937009B2 
 1080 02d3 64C83F65 		.ascii	"d\310?eH\374p2\230\305\034\021\225[\243e\2063\242\323"
 1080      48FC7032 
 1080      98C51C11 
 1080      955BA365 
 1080      8633A2D3 
 1081 02e7 8EB82C23 		.ascii	"\216\270,#\372\372\3165\272\210\332B8\246A\027\004c"
 1081      FAFACE35 
 1081      BA88DA42 
 1081      38A64117 
 1081      0463
 1082 02f9 FC7B829B 		.ascii	"\374{\202\2336\332\272\313K\334\370,\334\256<2\267\317"
 1082      36DABACB 
 1082      4BDCF82C 
 1082      DCAE3C32 
 1082      B7CF
 1083 030b D2737B0A 		.ascii	"\322s{\012>\027\334\254\260S\333\266t\031\343l\026A"
 1083      3E17DCAC 
 1083      B053DBB6 
 1083      7419E36C 
 1083      1641
ARM GAS  /tmp/ccU7h4Da.s 			page 87


 1084 031d B7CDE68B 		.ascii	"\267\315\346\213Gfs\325\256\364\332\243\262\351\261"
 1084      476673D5 
 1084      AEF4DAA3 
 1084      B2E9B1
 1085 032c 239264D4 		.ascii	"#\222d\324\301\302e\317}m\010J\246e\361\375\032\032"
 1085      C1C265CF 
 1085      7D6D084A 
 1085      A665F1FD 
 1085      1A1A
 1086 033e 56E8B558 		.ascii	"V\350\265X\354<\334\235CP\027\303\237\340:\345\011\212"
 1086      EC3CDC9D 
 1086      435017C3 
 1086      9FE03AE5 
 1086      098A
 1087 0350 3CEED4B2 		.ascii	"<\356\324\262\2435t\363\376;\253\345\364e\030\222\350"
 1087      A33574F3 
 1087      FE3BABE5 
 1087      F4651892 
 1087      E8
 1088 0361 3EF27900 		.ascii	">\362y\000I\025I O\343b\224\253\017\373Z\342\007.\370"
 1088      49154920 
 1088      4FE36294 
 1088      AB0FFB5A 
 1088      E2072EF8 
 1089 0375 91D50ED1 		.ascii	"\221\325\016\321\265\004\276\024\254TZ\0107p!`\262\335"
 1089      B504BE14 
 1089      AC545A08 
 1089      37702160 
 1089      B2DD
 1090 0387 DB9ADD94 		.ascii	"\333\232\335\224\313\271\036\227\010+\316\274u\177\304"
 1090      CBB91E97 
 1090      082BCEBC 
 1090      757FC4
 1091 0396 EDE119D4 		.ascii	"\355\341\031\324\203\177Y\231\213b\311\367\306G\341"
 1091      837F5999 
 1091      8B62C9F7 
 1091      C647E1
 1092 03a5 07D02732 		.ascii	"\007\320'2k\224\271\037r\235E\342H\324\215\3410f\326"
 1092      6B94B91F 
 1092      729D45E2 
 1092      48D48DE1 
 1092      3066D6
 1093 03b8 888DF5DF 		.ascii	"\210\215\365\337T\251\020\276\226l_bI?\236\326\200\320"
 1093      54A910BE 
 1093      966C5F62 
 1093      493F9ED6 
 1093      80D0
 1094 03ca 129BDFCD 		.ascii	"\022\233\337\315\251Zw\244\026m\303\203)\255\257\223"
 1094      A95A77A4 
 1094      166DC383 
 1094      29ADAF93 
 1095 03da ED4FCF49 		.ascii	"\355O\317I\353+\241\345&\255\241\251Z\303R\2136\355"
 1095      EB2BA1E5 
 1095      26ADA1A9 
 1095      5AC3528B 
 1095      36ED
 1096 03ec AF2DADB1 		.ascii	"\257-\255\261\201\212\370\3330\235\326\032e\322\350"
ARM GAS  /tmp/ccU7h4Da.s 			page 88


 1096      818AF8DB 
 1096      309DD61A 
 1096      65D2E8
 1097 03fb 4CD4CA82 		.ascii	"L\324\312\202a\241\245\223\326-\241\225\032\221,\334"
 1097      61A1A593 
 1097      D62DA195 
 1097      1A912CDC 
 1098 040b 514740CE 		.ascii	"QG@\316\005\275j\363\225\217\370\370d\250\215\327\371"
 1098      05BD6AF3 
 1098      958FF8F8 
 1098      64A88DD7 
 1098      F9
 1099 041c E82310E5 		.ascii	"\350#\020\345\334\031\342\2312\210\250\361l\024?:\243"
 1099      DC19E299 
 1099      3288A8F1 
 1099      6C143F3A 
 1099      A3
 1100 042d D3CAEB30 		.ascii	"\323\312\3530&\344\3513\014\377\221\223\243g[\263\207"
 1100      26E4E933 
 1100      0CFF9193 
 1100      A3675BB3 
 1100      87
 1101 043e 524FAE24 		.ascii	"RO\256$\177\346J\226\302m\221\312\220k\362\335\316\326"
 1101      7FE64A96 
 1101      C26D91CA 
 1101      906BF2DD 
 1101      CED6
 1102 0450 B31ED959 		.ascii	"\263\036\331Y\367.\220\263oh7\363\222\320\035\310E\337"
 1102      F72E90B3 
 1102      6F6837F3 
 1102      92D01DC8 
 1102      45DF
 1103 0462 92DB1BF1 		.ascii	"\222\333\033\361\3750\235\332\357\224Y\214\377W\250"
 1103      FD309DDA 
 1103      EF94598C 
 1103      FF57A8
 1104 0471 F928DFDD 		.ascii	"\371(\337\335\211\334\360\234\001\337b\224\000\365f"
 1104      89DCF09C 
 1104      01DF6294 
 1104      00F566
 1105 0480 FC3093A0 		.ascii	"\3740\223\240\324\311\022\3750[E\367\322U\324\302\250"
 1105      D4C912FD 
 1105      305B45F7 
 1105      D255D4C2 
 1105      A8
 1106 0491 A2FF5145 		.ascii	"\242\377QE~rp\337FW\243\315\251\230\357\306G\341\001"
 1106      7E7270DF 
 1106      4657A3CD 
 1106      A998EFC6 
 1106      47E101
 1107 04a4 C15129DB 		.ascii	"\301Q)\333\236\233\321\370\310\264pf\035\212\2073\017"
 1107      9E9BD1F8 
 1107      C8B47066 
 1107      1D8A8733 
 1107      0F
 1108 04b5 85C96CE3 		.ascii	"\205\311l\343E\014\32541\305\350\344g\252\343S\254*"
 1108      450CD534 
ARM GAS  /tmp/ccU7h4Da.s 			page 89


 1108      31C5E8E4 
 1108      67AAE353 
 1108      AC2A
 1109 04c7 3E0072C3 		.ascii	">\000r\303\321&\353\327\317J\256\230\24510(\014lb\366"
 1109      D126EBD7 
 1109      CF4AAE98 
 1109      A5313028 
 1109      0C6C62F6 
 1110 04db 5C2861E2 		.ascii	"\\(a\342\323<p\272\303\026\223\220\204%c\324\261\003"
 1110      D33C70BA 
 1110      C3169390 
 1110      842563D4 
 1110      B103
 1111 04ed 8E0DC4E2 		.ascii	"\216\015\304\342\367\347\262\306\226\302\346tnZ\204"
 1111      F7E7B2C6 
 1111      96C2E674 
 1111      6E5A84
 1112 04fc 9B2DE426 		.ascii	"\233-\344&@nJY\256\220\027\216\272\332nX\007\235E\316"
 1112      406E4A59 
 1112      AE90178E 
 1112      BADA6E58 
 1112      079D45CE 
 1113 0510 E9A5E2F4 		.ascii	"\351\245\342\364*c\322b9\367\332\233=\253\340>\333\256"
 1113      2A63D262 
 1113      39F7DA9B 
 1113      3DABE03E 
 1113      DBAE
 1114 0522 4AA377E6 		.ascii	"J\243w\346\227s\362\272u&\257*l#\257\031\344\265\234"
 1114      9773F2BA 
 1114      7526AF2A 
 1114      6C23AF19 
 1114      E4B59C
 1115 0535 86CE23AD 		.ascii	"\206\316#\255\366\2645\330Vmow\300\203wF\367`\2458X"
 1115      F6B435D8 
 1115      566D6F77 
 1115      C0837746 
 1115      F760A538 
 1116 054a 4FD8C1FA 		.ascii	"O\330\301\372}x\370\253\241\315\024*X\011x\307\302X"
 1116      7D78F8AB 
 1116      A1CD142A 
 1116      580978C7 
 1116      C258
 1117 055c 89DF5149 		.ascii	"\211\337QI`B%7\017\305o\317\015|\245\263\230\243G\207"
 1117      60422537 
 1117      0FC56FCF 
 1117      0D7CA5B3 
 1117      98A34787 
 1118 0570 3FF5398A 		.ascii	"?\3659\212\321`;\0253\217\212\251\242b\014k\333\376"
 1118      D1603B15 
 1118      338F8AA9 
 1118      A2620C6B 
 1118      DBFE
 1119 0582 A6DD9A0B 		.ascii	"\246\335\232\013S\004\007g\231x\313`\207P|b*\276\203"
 1119      53040767 
 1119      9978CB60 
 1119      87507C62 
 1119      2ABE83
ARM GAS  /tmp/ccU7h4Da.s 			page 90


 1120 0595 B864B361 		.ascii	"\270d\263a')\316\227\275\325U\207\216\211/:u\007\360"
 1120      2729CE97 
 1120      BDD55587 
 1120      8E892F3A 
 1120      7507F0
 1121 05a8 4C0CAFE1 		.ascii	"L\014\257\341dT`\027\223\233z\355\267\307O\337\276\304"
 1121      64546017 
 1121      939B7AED 
 1121      B7C74FDF 
 1121      BEC4
 1122 05ba 279CC9DD 		.ascii	"'\234\311\335\212\343\220^B\211{\313[\236z^\234\313"
 1122      8AE3905E 
 1122      42897BCB 
 1122      5B9E7A5E 
 1122      9CCB
 1123 05cc 45AFF3AC 		.ascii	"E\257\363\254\376:s\301nF\224\3670*\345\303\353\335"
 1123      FE3A73C1 
 1123      6E4694F7 
 1123      302AE5C3 
 1123      EBDD
 1124 05de 9BC56F16 		.ascii	"\233\305o\026C\374H\371\370\312w'\375\362\264\223M%"
 1124      43FC48F9 
 1124      F8CA7727 
 1124      FDF2B493 
 1124      4D25
 1125 05f0 ED65B2A4 		.ascii	"\355e\262\244\372-\007+T\351\272\367V\345\374\026\034"
 1125      FA2D072B 
 1125      54E9BAF7 
 1125      56E5FC16 
 1125      1C
 1126 0601 AC1F42B5 		.ascii	"\254\037B\265\250k\201H\252@\015\341rI\\\255'\256=/"
 1126      A86B8148 
 1126      AA400DE1 
 1126      72495CAD 
 1126      27AE3D2F 
 1127 0615 71B91F1F 		.ascii	"q\271\037\037W\355\314\270\336 \\O\246\303\365\246\300"
 1127      57EDCCB8 
 1127      DE205C4F 
 1127      A6C3F5A6 
 1127      C0
 1128 0626 154D83CB 		.ascii	"\025M\203\313\242\323\232\216\316\276\024\235\230\240"
 1128      A2D39A8E 
 1128      CEBE149D 
 1128      98A0
 1129 0634 F3D5B1BB 		.ascii	"\363\325\261\273\027<\222\3162\274\335\177\267\254M"
 1129      173C92CE 
 1129      32BCDD7F 
 1129      B7AC4D
 1130 0643 75D0A9B3 		.ascii	"u\320\251\263\350\334\272\334u\307\230L\347-\233\316"
 1130      E8DCBADC 
 1130      75C7984C 
 1130      E72D9BCE 
 1131 0653 3EA2534F 		.ascii	">\242SOt\334\026\235^\233\216\376\370t\032f\246\263"
 1131      74DC169D 
 1131      5E9B8EFE 
 1131      F8741A66 
 1131      A6B3
ARM GAS  /tmp/ccU7h4Da.s 			page 91


 1132 0665 9FE82C4C 		.ascii	"\237\350,LG\247Q\320\371\363\314t\336KG\347@\212N\223"
 1132      47A751D0 
 1132      F9F3CC74 
 1132      DE4B47E7 
 1132      408A4E93 
 1133 0679 A063961E 		.ascii	"\240c\226\0369\241K:\317\341\355[\347\242\3475\007\235"
 1133      39A14B3A 
 1133      CFE1ED5B 
 1133      E7A2E735 
 1133      079D
 1134 068b 668BCE5F 		.ascii	"f\213\316_F\233\332\246\3209h\3239@t\016\021\035]\031"
 1134      469BDAA6 
 1134      D03968D3 
 1134      3940740E 
 1134      111D5D19 
 1135 069f 86E2DEF2 		.ascii	"\206\342\336\362\367\343>\353\027%\356\027F\224/\366"
 1135      F7E33EEB 
 1135      1725EE17 
 1135      46942FF6 
 1136 06af DD1BACAC 		.ascii	"\335\033\254\254\344\220\023\3643\334\022@l\003\305"
 1136      E49013F4 
 1136      33DC1240 
 1136      6C03C5
 1137 06be 09EA0FE6 		.ascii	"\011\352\017\346\344\204\360oxCA$TX\020\016\345m(\374"
 1137      E484F06F 
 1137      78434124 
 1137      5458100E 
 1137      E56D28FC 
 1138 06d2 CD9A55E1 		.ascii	"\315\232U\341\274\374\234\260\342\022\215\227=\221\374"
 1138      BCFC9CB0 
 1138      E2128D97 
 1138      3D91FC
 1139 06e1 DF6F8C6C 		.ascii	"\337o\214l\214\204We\244Z/\347\025\344\275T\030\314"
 1139      8C845765 
 1139      A45A2FE7 
 1139      15E4BD54 
 1139      18CC
 1140 06f3 2E7C2E7B 		.ascii	".|.{\343\212\237fb\324/V\375v\345\332H\370\305\3145"
 1140      E38A9F66 
 1140      62D42F56 
 1140      FD76E5DA 
 1140      48F8C5CC 
 1141 0708 79EBD647 		.ascii	"y\353\326GV+92\361\213\221\202\374\310\372\320\312\265"
 1141      562B3932 
 1141      F18B9182 
 1141      FCC8FAD0 
 1141      CAB5
 1142 071a EB56ADFB 		.ascii	"\353V\255\373\325\257C\033\012C\005\257\204\326\345"
 1142      D5AF431B 
 1142      0A4305AF 
 1142      84D6E5
 1143 0729 87D76F5C 		.ascii	"\207\327o\\\035\011\205\327F\376\020\311\177\2450g\255"
 1143      1D0985D7 
 1143      46FE10C9 
 1143      7FA53067 
 1143      AD
 1144 073a F27FE93C 		.ascii	"\362\177\351<v\305"
ARM GAS  /tmp/ccU7h4Da.s 			page 92


 1144      76C5
 1145              		.text
 1146              		.section	.gnu.lto_aosFBCanProvideBuffer.d6499f0ae6d76a39,"e",%progbits
 1147 0000 789C9D58 		.ascii	"x\234\235X\353S\024W\026\357so\317L\3170<\006\3205b"
 1147      EB531457 
 1147      16EF736F 
 1147      CF4CCF30 
 1147      3C06D035 
 1148 0015 CC502531 		.ascii	"\314P%1&\026\203\037\262\225\332OI\221\335\252|\260"
 1148      2616831F 
 1148      B295DA4F 
 1148      4991DDAA 
 1148      7CB0
 1149 0027 B62AFE01 		.ascii	"\266*\376\001)\031\307HE \305\304\252d?$\3150\">\361"
 1149      2919C748 
 1149      4520C5C4 
 1149      AA643F24 
 1149      CD30223E 
 1150 003c 4102B8C1 		.ascii	"A\002\270\301qaY!QP\302\202\012\270\243$Q\324\274\\"
 1150      71615921 
 1150      5150C282 
 1150      0AB8A324 
 1150      51D4BC5C 
 1151 0050 31118D63 		.ascii	"1\021\215cHt\025\021\205u\023C\242\346\234\333\335\343"
 1151      48741511 
 1151      85751343 
 1151      A2E69CDB 
 1151      DDE3
 1152 0062 0C3A63D7 		.ascii	"\014:c\327RTs\373\336\363;\217\337=\277\356\333(\022"
 1152      525473FB 
 1152      DEF33B8F 
 1152      DF3DBFEE 
 1152      DB2812
 1153 0075 48B35C92 		.ascii	"H\263\\\222\024\221$\351\367 I0C\002\246\252\352\363"
 1153      149124E9 
 1153      F7204930 
 1153      4302A6AA 
 1153      EAF3
 1154 0087 B60A8531 		.ascii	"\266\012\2051~\371dC\226\254:l\333?\272\274PV\235\234"
 1154      7EF96443 
 1154      96AC3A6C 
 1154      DB3FBABC 
 1154      50569D9C 
 1155 009b C963CDDF 		.ascii	"\311c\315\337\315\300\031K\355\371\035O\343\214\014"
 1155      CDC0194B 
 1155      EDF91D4F 
 1155      E38C0C
 1156 00aa 56DDDA12 		.ascii	"V\335\332\022\035Y\301\246\217lL\321=8u\017\012\263"
 1156      1D59C1A6 
 1156      8F6C4CD1 
 1156      3D38750F 
 1156      0AB3
 1157 00bc EB1E1CBA 		.ascii	"\353\036\034\272\007;\244\350\326\216\350(\005\234\372"
 1157      073BA4E8 
 1157      D68EE828 
 1157      059CFA
 1158 00cb C8C95271 		.ascii	"\310\311Rq\344F{\227\366\327\231\312\322t\017\351\272"
ARM GAS  /tmp/ccU7h4Da.s 			page 93


 1158      E4467B97 
 1158      F6D799CA 
 1158      D2740FE9 
 1158      BA
 1159 00dc 8734C8D0 		.ascii	"\2074\310\320\255\323\243\243\014p\351#\027d\351\243"
 1159      ADD3A3A3 
 1159      0C70E923 
 1159      1764E9A3 
 1160 00ec 4C7D7458 		.ascii	"L}tX\311b\231\247nN=\207>\262\333kV\333\320G6\200XS"
 1160      C96299A7 
 1160      6E4E3D87 
 1160      3EB2DB6B 
 1160      56DBD047 
 1161 0104 1590DE61 		.ascii	"\025\220\336a\\\266Xm\212\335\221\342LMK\317pefe\303"
 1161      5CB6586D 
 1161      8ADD91E2 
 1161      4C4D4BCF 
 1161      70656665 
 1162 0119 3B2C4B82 		.ascii	";,K\202\260\014\037\016}0t\177\240\377\324\360:\016"
 1162      B00C1F0E 
 1162      7D30747F 
 1162      A0FFD4F0 
 1162      3A0E
 1163 012b 17028DB7 		.ascii	"\027\002\215\267\235\233x\210K \343m\355\361\256A\007"
 1163      9D9B7888 
 1163      4B20E36D 
 1163      EDF1AE41 
 1163      07
 1164 013c DD02B8F1 		.ascii	"\335\002\270\3616xf\307\001y\301.U\015\250\341\272n"
 1164      367866C7 
 1164      0179C12E 
 1164      550DA8E1 
 1164      BA6E
 1165 014e 4FC540D5 		.ascii	"O\305@\325\272\315\020\342Lj@\373^\310\201\203\220#"
 1165      BACD10E2 
 1165      4C6A40FB 
 1165      5EC88183 
 1165      9023
 1166 0160 7C411F2C 		.ascii	"|A\037,@\373\246\226\346N\205\317\005\011\307\233k\306"
 1166      40FBA696 
 1166      E64E85CF 
 1166      0509C79B 
 1166      6BC6
 1167 0172 B6A4CC6F 		.ascii	"\266\244\314o\021\330[-\\\235\027\342\034\372\201\307"
 1167      11D85B2D 
 1167      5C9D17E2 
 1167      1CFA81C7 
 1168 0182 41710EC1 		.ascii	"Aq\016\301\207`>\002v\005{\317\332y\236\000\037=w\250"
 1168      87603E02 
 1168      76057BCF 
 1168      DA799E00 
 1168      1F3D77A8 
 1169 0196 D6A983CF 		.ascii	"\326\251\203\317?\266]\015\313!.\303\277\036@\313\210"
 1169      3FB65D0D 
 1169      CB212EC3 
 1169      BF1E40CB 
 1169      88
ARM GAS  /tmp/ccU7h4Da.s 			page 94


 1170 01a7 0E0B7453 		.ascii	"\016\013tS\305\320\211T\276P\240\267u\205\033l:\372"
 1170      C5D08954 
 1170      BE50A0B7 
 1170      75851B6C 
 1170      3AFA
 1171 01b9 748E8666 		.ascii	"t\216\206fp\370\0014C\364\021\230/\021fd\337\335wS\255"
 1171      70F80134 
 1171      43F41198 
 1171      2F116664 
 1171      DFDD7753 
 1172 01ce 325546F5 		.ascii	"2UF\365\014\200\225\305\315b\233\305\233\261\330\211"
 1172      0C8095C5 
 1172      CD629BC5 
 1172      9BB1D889 
 1173 01de 20EE83BA 		.ascii	" \356\203\272sWd\221@\212\305\030c\370\024\254\360\011"
 1173      73576491 
 1173      408AC518 
 1173      63F814AC 
 1173      F009
 1174 01f0 58E3278F 		.ascii	"X\343'\217\342\344\3074\011\307\300\212\0137FG'e\276"
 1174      E2E4C734 
 1174      09C7C08A 
 1174      0B374647 
 1174      2765BE
 1175 0203 485470F6 		.ascii	"HTp\366\213\355G\224\274fQ\301\345C<\324\245\252k\237"
 1175      8BED4794 
 1175      BC6651C1 
 1175      E5433CD4 
 1175      A5AA6B9F 
 1176 0217 A72206A7 		.ascii	"\247\"\006\247\025!\305\245\005\307!Od@%\234@\377\370"
 1176      1521C5A5 
 1176      05C7214F 
 1176      6440259C 
 1176      40FFF8
 1177 022a 87E63A4E 		.ascii	"\207\346:NY\302\352\335{k\320Y?l\251\375x\316S\200\345"
 1177      59C2EADD 
 1177      7B6BD059 
 1177      3F6CA9FD 
 1177      78CE5380 
 1178 023f 5B185D38 		.ascii	"[\030]8]d\274X-D\250\225.6\272U\350b\227\010\357\002"
 1178      5D64BC58 
 1178      2D44A895 
 1178      2E36BA55 
 1178      E8629708 
 1179 0255 DAA39940 		.ascii	"\332\243\231@\\\317\006\342\314M\364\315\023\213\222"
 1179      5CCF06E2 
 1179      CC4DF4CD 
 1179      138B92
 1180 0264 B49E4B37 		.ascii	"\264\236K7\247Z\237\0035,I\0338\023\343J\034_\202`d"
 1180      A75A9F03 
 1180      352C491B 
 1180      3813E34A 
 1180      1C5F8260 
 1181 0279 60BCDF4B 		.ascii	"`\274\337K\0315r\027\346\271\251\362\306\005\205\372"
 1181      19357217 
 1181      E6B9A9F2 
 1181      C60585FA 
ARM GAS  /tmp/ccU7h4Da.s 			page 95


 1182 0289 0BF98493 		.ascii	"\013\371\204\223z\001\0338\257\376f2\203 0\012\201>"
 1182      7A011B38 
 1182      AFFE6632 
 1182      8320300A 
 1182      813E
 1183 029b BB660FB1 		.ascii	"\273f\017\261\3666AKc\353\311{\366 \004*\024\234i\346"
 1183      F636414B 
 1183      63EBC97B 
 1183      F620042A 
 1183      149C69E6 
 1184 02af 5AED67CE 		.ascii	"Z\355g\316}\372%\264@36\246\002\237C\020\3403r\214+"
 1184      7DFA25B4 
 1184      403336A6 
 1184      029F4310 
 1184      E033728C 
 1185 02c4 07B756EF 		.ascii	"\007\267V\357\265\026\264\323\336\270C\334\016_\240"
 1185      B516B4D3 
 1185      DEB843DC 
 1185      0E5FA0
 1186 02d3 593DD729 		.ascii	"Y=\327)\013^i\033vD\027\035\360%\024\324\213]\206\257"
 1186      0B5E691B 
 1186      7644171D 
 1186      F02514D4 
 1186      8B5D86AF 
 1187 02e7 A040A45E 		.ascii	"\240@\244^x?\217\226\365M\275\251\224\207\003\030\234"
 1187      783F8F96 
 1187      F54DBDA9 
 1187      94870318 
 1187      9C
 1188 02f8 8AE62DD7 		.ascii	"\212\346-\327\265F,\2247\033\2035nA\374\264,S\032D\207"
 1188      B5462C94 
 1188      371B8335 
 1188      6E41FCB4 
 1188      2C531A44 
 1189 030d FF1BD332 		.ascii	"\377\033\3232W\300\351d\005\014%.\300\011g\250\000\275"
 1189      57C0E964 
 1189      050C252E 
 1189      C00967A8 
 1189      00BD
 1190 031f 2B0F0F0D 		.ascii	"+\017\017\015o\343\024\247Z,\246\302\327P \322\203o"
 1190      6FE314A7 
 1190      5A2CA6C2 
 1190      D75020D2 
 1190      836F
 1191 0331 D03F1ADC 		.ascii	"\320?\032\334\214\264M\330r\237\015\251\365\270\234"
 1191      8CB44DD8 
 1191      729F0DA9 
 1191      F5B89C
 1192 0340 4690C1D6 		.ascii	"F\220\301\326\023\357\211\324\352\005$\035\316B\256"
 1192      13EF89D4 
 1192      EA05241D 
 1192      CE42AE
 1193 034f 0619D620 		.ascii	"\006\031\326 =\273#9\271,\006\261qmc\265#\026q\316@"
 1193      3DBB2339 
 1193      B92C06B1 
 1193      716D63B5 
 1193      231671CE 
ARM GAS  /tmp/ccU7h4Da.s 			page 96


 1194 0364 9CD710EA 		.ascii	"\234\327\020\352\204\332\307\210\265\014\270n\201o!"
 1194      84DAC788 
 1194      B50CB86E 
 1194      816F21
 1195 0373 27C45D82 		.ascii	"'\304]\2027\313D\307\266\024\342\215?\202\267\013\246"
 1195      37CB44C7 
 1195      B614E28D 
 1195      3F82B70B 
 1195      A6
 1196 0384 798B24E6 		.ascii	"y\213$\346-\023.\012\336t\330\221uUg\034\367\271\311"
 1196      2D132E0A 
 1196      DE74D891 
 1196      7555671C 
 1196      F7B9C9
 1197 0397 82EF0C6E 		.ascii	"\202\357\014nFLs\363\275Q\351\017f\271\271d .S\2421"
 1197      464C73F3 
 1197      BD51E90F 
 1197      66B9B964 
 1197      202E53A2 
 1198 03ac 5C588DDE 		.ascii	"\\X\215\336\267\214A\360\241\\d7\210\347\334\177t.\266"
 1198      B78C41F0 
 1198      A15C6437 
 1198      88E7DC7F 
 1198      742EB6
 1199 03bf EC1ECE27 		.ascii	"\354\036\316'Rg\300\333p\205\374\314\024~l\361\262\233"
 1199      5267C0DB 
 1199      7085FCCC 
 1199      147E6CF1 
 1199      B29B
 1200 03d1 ECE75AFB 		.ascii	"\354\347Z\373\316\214\225\221\214\262\273\032m_\345"
 1200      CE8C9591 
 1200      8CB2BB1A 
 1200      6D5FE5
 1201 03e0 61B263A6 		.ascii	"a\262c\246\350\036M\326\246\327\222\351l,\252\263\353"
 1201      E81E4DD6 
 1201      A6D792E9 
 1201      6C2CAAB3 
 1201      EB
 1202 03f1 F13A8B15 		.ascii	"\361:\213\025\226\335\254\260\306M7\310\215d\031\337"
 1202      96DDACB0 
 1202      C64D37C8 
 1202      8D6419DF 
 1203 0401 4C26AC89 		.ascii	"L&\254\211d\302\2324\232\347\277\246\233\347\226\321"
 1203      64C29A34 
 1203      9AE7BFA6 
 1203      9BE796D1 
 1204 0411 0AFF33DB 		.ascii	"\012\3773\333<?\032\210\2374D{s\357\0375]\215[\340\366"
 1204      3C3F1A88 
 1204      9F34447B 
 1204      73EF1F35 
 1204      5D8D5BE0 
 1205 0426 FD5E7298 		.ascii	"\375^r\230\325\325\317\246i\233J\246\253_\222\352\352"
 1205      D5D5CFA6 
 1205      699B4AA6 
 1205      AB5F92EA 
 1205      EA
 1206 0437 57839A3B 		.ascii	"W\203\232;\246\251\271k\024z\317,5*\323\021\025\014"
ARM GAS  /tmp/ccU7h4Da.s 			page 97


 1206      A6A9B96B 
 1206      147ACF2C 
 1206      352AD311 
 1206      150C
 1207 0449 138DE122 		.ascii	"\023\215\341\"\305\254\256\002\010\224b\225\344\214"
 1207      C5ACAE02 
 1207      08946295 
 1207      E48C
 1208 0457 57D294A1 		.ascii	"W\322\224\241\244\331\261Jb\210\251dF\277\246\356\357"
 1208      A4D9B14A 
 1208      6288A964 
 1208      46BFA6EE 
 1208      EF
 1209 0468 AF9D335D 		.ascii	"\257\2353]I\334\024\301A\226\244/W\263$J\252b\206\222"
 1209      49DC14C1 
 1209      4196A42F 
 1209      57B3244A 
 1209      AA628692 
 1210 047c D6B03825 		.ascii	"\326\2608%\361\030%\245\375zd\320nFI\325\314lK\254M"
 1210      F11825A5 
 1210      FD7A64D0 
 1210      6E4649D5 
 1210      CC6C4BAC 
 1211 0491 96F1BAC4 		.ascii	"\226\361\272\304\031;a=K\242\244\015Lo\227\215\314l"
 1211      193B613D 
 1211      4BA2A40D 
 1211      4C6F978D 
 1211      CC6C
 1212 04a3 BB6C3236 		.ascii	"\273l26\277\206\231l\227\315\006b\213\206\270v`\317"
 1212      BF86996C 
 1212      97CD0662 
 1212      8B86B876 
 1212      60CF
 1213 04b5 1AAB26A5 		.ascii	"\032\253&\245\033\026\330\312\242\355\223\3367u<\323"
 1213      1B16D8CA 
 1213      A2ED93DE 
 1213      37753CD3 
 1214 04c5 8C94B699 		.ascii	"\214\224\266\231\346\25561o\231\360.K&\245\367\014n"
 1214      E6AD3631 
 1214      6F99F02E 
 1214      4B26A5F7 
 1214      0C6E
 1215 04d7 EA4C7353 		.ascii	"\352LsSoT\332`\226\233\355\006\342\257\224h\014\027"
 1215      6F54DA60 
 1215      969BED06 
 1215      E2AF9468 
 1215      0C17
 1216 04e9 1946773F 		.ascii	"\031Fw?JJ\357O\227\222+*\245k\020\030i\331x\360\011"
 1216      4A4AEF4F 
 1216      97922B2A 
 1216      A56B1018 
 1216      69D978F0 
 1217 04fe 3AECA28D 		.ascii	":\354\242\215T/\016\010-W\216\212\317\215\337A\001\235"
 1217      542F0E08 
 1217      2D578E8A 
 1217      CF8DDF41 
 1217      019D
ARM GAS  /tmp/ccU7h4Da.s 			page 98


 1218 0510 E1439DB7 		.ascii	"\341C\235\267\035\271m\240%9\213\202\354\371\276WUd"
 1218      1DB96DA0 
 1218      25398B82 
 1218      ECF9BE57 
 1218      5564
 1219 0522 3AA8EF60 		.ascii	":\250\357`\271\202\233O6|;h\303\031\0101\031\032I\201"
 1219      B9829B4F 
 1219      367C3B68 
 1219      C3190831 
 1219      191A4981 
 1220 0536 B093D1B7 		.ascii	"\260\223\321\267K\353\241\201K\316\334\335:\3721\262"
 1220      4BEBA181 
 1220      4BCEDCDD 
 1220      3AFA31B2 
 1221 0546 9D6CEF1C 		.ascii	"\235l\357\034J\021\350\277\021\032\232\230,\215A\345"
 1221      4A11E8BF 
 1221      111A9A98 
 1221      2C8D41E5 
 1222 0556 C57D75B7 		.ascii	"\305}u\267f\323\371{z\031\263\033\270\205\016\353\022"
 1222      66D3F97B 
 1222      7A19B31B 
 1222      B8850EEB 
 1222      12
 1223 0567 34532521 		.ascii	"4S%!\236C\346;\257?\233\300\330\252\031\377\3350\246"
 1223      9E43E63B 
 1223      AF3F9BC0 
 1223      D8AA19FF 
 1223      DD30A6
 1224 057a 92336B56 		.ascii	"\2223kV\177}\224\213\316\031\205\312\275U\035]\221}"
 1224      7F7D948B 
 1224      CE1985CA 
 1224      BD551D5D 
 1224      917D
 1225 058c 9C0EE38D 		.ascii	"\234\016\343\215\\n\304\027\033\207\363#W\217\311\332"
 1225      5C6EC417 
 1225      1B87F323 
 1225      578FC9DA 
 1226 059c 336416B4 		.ascii	"3d\026\264`\005h\327Y\005\232\215\005\337\330h\211s"
 1226      600568D7 
 1226      59059A8D 
 1226      05DFD868 
 1226      8973
 1227 05ae 81C963F9 		.ascii	"\201\311c\3714\207\210\360\360\336\263i\330F\025\364"
 1227      348788F0 
 1227      F0DEB369 
 1227      D84615F4 
 1228 05be 95518AA1 		.ascii	"\225Q\212\241\346\240\241\366\"\307\325\212Pd\277\336"
 1228      E6A0A1F6 
 1228      22C7D58A 
 1228      5064BFDE 
 1229 05ce 4A3B9BB0 		.ascii	"J;\233\260\323\036\207\177\210f\222\351\321\260\213"
 1229      D31E877F 
 1229      886692E9 
 1229      D1B08B
 1230 05dd 15C43EB6 		.ascii	"\025\304>\266\036G\356[E\310@\337\325\361\236\213L\213"
 1230      1E47EE5B 
 1230      45C840DF 
ARM GAS  /tmp/ccU7h4Da.s 			page 99


 1230      D5F19E8B 
 1230      4C8B
 1231 05ef FA409029 		.ascii	"\372@\220)*h.\036\332\265Sz|\024\244\367\011h\0231,"
 1231      2A682E1E 
 1231      DAB5537A 
 1231      7C14A4F7 
 1231      09681331 
 1232 0604 5AC3769F 		.ascii	"Z\303v\237\3568n\327S\030at\316\370\200\244.\276C>\304"
 1232      EE386ED7 
 1232      53186174 
 1232      CEF880A4 
 1232      2EBE433E 
 1233 0619 871386BB 		.ascii	"\207\023\206\273\260\356\252\345\377,g\267\010e#g{X"
 1233      B0EEAAE5 
 1233      FF2C67B7 
 1233      08652367 
 1233      7B58
 1234 062b 0166ABF9 		.ascii	"\001f\253\371\273s\247jn\"\217ISoO\224z7P\352\035\321"
 1234      BB73A76A 
 1234      6E228F49 
 1234      536F4F94 
 1234      7A3750EA 
 1235 0641 D4F75234 		.ascii	"\324\367R4\013\355\317\373U\237\335\251zR#k\236\266"
 1235      0BEDCFFB 
 1235      559FDDA9 
 1235      7A52236B 
 1235      9EB6
 1236 0653 8DDD6BAF 		.ascii	"\215\335k\257\267\331\265m\004\330\307\264\335\247\217"
 1236      B7D9B56D 
 1236      04D8C7B4 
 1236      DDA78F
 1237 0662 7555166F 		.ascii	"uU\026o\002| \237\033\230\243A\354\370\366\240g\342"
 1237      027C209F 
 1237      1B98A341 
 1237      ECF8F6A0 
 1237      67E2
 1238 0674 8F60A7B7 		.ascii	"\217`\247\267\206k\322\206n2\267f!\"{\302\220\210\330"
 1238      866BD286 
 1238      6E32B766 
 1238      21227BC2 
 1238      9088D8
 1239 0687 935F7A7E 		.ascii	"\223_z~\000\355)n\233V\227\373\241U\345SA\235\017\026"
 1239      00ED296E 
 1239      9B5697FB 
 1239      A155E553 
 1239      419D0F16 
 1240 069b 944F797D 		.ascii	"\224Oy}D\225(TI\227\330\004,Cw\256\240\177\312I\020"
 1240      44952854 
 1240      4997D804 
 1240      2C4377AE 
 1240      A07FCA49 
 1241 06b0 29E6CC47 		.ascii	")\346\314G\373g\202h\335\321h=\304\233\"\264\363Sd\321"
 1241      FB678268 
 1241      DDD1683D 
 1241      C49B22B4 
 1241      F35364D1 
 1242 06c4 C31E1828 		.ascii	"\303\036\030(\036\334O\330o(G\324~\257\347\212\236\236"
ARM GAS  /tmp/ccU7h4Da.s 			page 100


 1242      1EDC4FD8 
 1242      6F2847D4 
 1242      7EAFE78A 
 1242      9E9E
 1243 06d6 7BFA9E36 		.ascii	"{\372\2366=\262\037\017$\332\324Q\372\217\005\034\214"
 1243      3DB21F0F 
 1243      24DAD451 
 1243      FA8F051C 
 1243      8C
 1244 06e7 26D78B54 		.ascii	"&\327\213T\214C\300\255G\242mY\317A\354B Lw9\371\371"
 1244      8C43C0AD 
 1244      47A26D59 
 1244      CF41EC42 
 1244      204C7739 
 1245 06fd 1EFCF596 		.ascii	"\036\374\365\226\225\373<\376r\257gi\231\377\225\345"
 1245      95FB3CFE 
 1245      72AF6769 
 1245      99FF95E5 
 1246 070d 45DEA5A5 		.ascii	"E\336\245\245\371^\311*\006\257[\213V-_\356+\227\375"
 1246      F95EC92A 
 1246      06AF5B8B 
 1246      562D5FEE 
 1246      2B97FD
 1247 0720 C57FF1F1 		.ascii	"\305\177\361\361\342eo\346\344\371\237\312[\265\340"
 1247      E2656FE6 
 1247      E4F99FCA 
 1247      5BB5E0
 1248 072f 0F6EB47D 		.ascii	"\017n\264}\261\350\325\302\025>\357k\356\345K\213W\372"
 1248      B1E8D5C2 
 1248      153EEF6B 
 1248      EEE54B8B 
 1248      57FA
 1249 0741 96497FD2 		.ascii	"\226I\177\322\334\275\346+/\365\255\364\024\256(.*\376"
 1249      DCBDE62B 
 1249      2FF5ADF4 
 1249      14AE282E 
 1249      2AFE
 1250 0753 F3124F99 		.ascii	"\363\022O\231\037\003\224\224\224\225z|o\276\341y\341"
 1250      1F039494 
 1250      94957A7C 
 1250      6FBEE179 
 1250      E1
 1251 0764 E5C59EC2 		.ascii	"\345\305\236\302\305K^Z\342)\244\250/\225zW\256Z\346"
 1251      C54B5E5A 
 1251      E229A4A8 
 1251      2F957A57 
 1251      AE5AE6
 1252 0777 F3784BFC 		.ascii	"\363xK\374\305\376W^\365z\363WH\031\213\227\274\354"
 1252      C5FE575E 
 1252      F57AF357 
 1252      48198B97 
 1252      BCEC
 1253 0789 2E5AEAF7 		.ascii	".Z\352\367\275^^\274\320\235W \261r\311V\342+)+\177"
 1253      BD5E5EBC 
 1253      D09D5720 
 1253      B172C956 
 1253      E22B292B 
ARM GAS  /tmp/ccU7h4Da.s 			page 101


 1254 079e 4B7A2651 		.ascii	"Kz&Q\210\3627<\305\206\257\025\376\267\374\350\3477"
 1254      88F2373C 
 1254      C586AF15 
 1254      FEB7FCE8 
 1254      E737
 1255 07b0 10CDD909 		.ascii	"\020\315\331\011"
 1256              		.text
 1257              		.section	.gnu.lto_aosFBCanAcquireTxFrame.d6499f0ae6d76a39,"e",%progbits
 1258 0000 789C9557 		.ascii	"x\234\225W\373ST\367\025\277\347~\357>\331]\226WR%\211"
 1258      FB5354F7 
 1258      15BFE77E 
 1258      EF3ED95D 
 1258      96575225 
 1259 0015 8B95A011 		.ascii	"\213\225\240\021Y\3544m\323\307L2t:cg\234N\343\037\220"
 1259      59EC346D 
 1259      D3C74C32 
 1259      743A6367 
 1259      9C4EE31F 
 1260 002a 41824A23 		.ascii	"A\202J#\222\001\3544\375A/\217\310C\004MPYu]\012\242"
 1260      9201EC34 
 1260      FD412F8F 
 1260      C843044D 
 1260      5059755D 
 1261 0040 487CEBA8 		.ascii	"H|\353\250 \321\025|\004D\215)\242\240B\004A\343[\243"
 1261      20D1157C 
 1261      04448D29 
 1261      A2A04204 
 1261      41E35BA3 
 1262 0054 D457A4E7 		.ascii	"\324W\244\347|\277w\037 T\313$_\357=\337\3639\217\317"
 1262      7CBF771F 
 1262      2054CB24 
 1262      5FEF3DDF 
 1262      F3398FCF 
 1263 0068 F79CF3BD 		.ascii	"\367\234\363\275k\224@Zd\227\244\007\222$\275\013\222"
 1263      6B94405A 
 1263      6497A407 
 1263      9224BD0B 
 1263      92
 1264 0079 045112C8 		.ascii	"\004Q\022\310\252\252\276o\3101\3122\033hsE(\252\331"
 1264      AAAABE6F 
 1264      C831CA32 
 1264      1B687345 
 1264      28AAD9
 1265 008c B066F740 		.ascii	"\260f\367@\274\242Z\230\254\334\254\276\034\205\022"
 1265      BCA25A98 
 1265      ACDCACBE 
 1265      1C8512
 1266 009b 5DF9C5F5 		.ascii	"]\371\305\365\357\240D\001\275\246\255\363?\351\301"
 1266      EFA04401 
 1266      BDA6ADF3 
 1266      3FE9C1
 1267 00aa A03D1964 		.ascii	"\240=\031dc\361\2662\322\217\034<s\227\364\215\020\256"
 1267      63F1B632 
 1267      D28F1C3C 
 1267      7397F48D 
 1267      10AE
 1268 00bc ED9964B3 		.ascii	"\355\231d\263\260j\016\021^,f\010\323\366Bdzr\340\236"
ARM GAS  /tmp/ccU7h4Da.s 			page 102


 1268      B06A0E11 
 1268      5E2C6608 
 1268      D3F64264 
 1268      7A72E09E 
 1269 00d0 45FC6BB1 		.ascii	"E\374k\261\310V\315\263M\363l\365k\333\344PM\333\256"
 1269      C856CDB3 
 1269      4DF36CF5 
 1269      6BDBE450 
 1269      4DDBAE
 1270 00e3 6987825D 		.ascii	"i\207\202]\333\263\373\265\3024\317\037\204\313\021"
 1270      DBB3FBB5 
 1270      C234CF1F 
 1270      84CB11
 1271 00f2 9BF77FFD 		.ascii	"\233\367\177\375{\012\352\334\361&\206\352\021\262i"
 1271      7B0AEADC 
 1271      F12686EA 
 1271      11B269
 1272 0101 84241280 		.ascii	"\204$\022\200+\253F\220\026\313L\321\351\015F\2239\304"
 1272      2BAB4690 
 1272      16CB4CD1 
 1272      E90D4693 
 1272      39C4
 1273 0113 62B585DA 		.ascii	"b\265\205\332\303\302#\"a\261\034.\371\377\312\330j"
 1273      C3C22322 
 1273      61B11C2E 
 1273      F9FFCAD8 
 1273      6A
 1274 0124 06DDB9EE 		.ascii	"\006\335\271\356G\226R\346a\022(\370Z\336\272\247\305"
 1274      479652E6 
 1274      611228F8 
 1274      5ADEBAA7 
 1274      C5
 1275 0135 4CAF000E 		.ascii	"L\257\000\016|\315\357X_\257L\331\244\252\271\252w\365"
 1275      7CCDEF58 
 1275      5FAF4CD9 
 1275      A4AAB9AA 
 1275      77F5
 1276 0147 DE5F9C69 		.ascii	"\336_\234i^R\274\034<L\226\\\250\177\000\242\241\001"
 1276      5E52BC1C 
 1276      3C4C965C 
 1276      A87F00A2 
 1276      A101
 1277 0159 A2B92D68 		.ascii	"\242\271-h\204)\250_US\275\313\310\336\002\011\237\227"
 1277      8429A85F 
 1277      5553BDCB 
 1277      C8DE0209 
 1277      9F97
 1278 016b 97DD5C11 		.ascii	"\227\335\\\021\022W\303\261W62u\222\2071\370\032\330"
 1278      1257C3B1 
 1278      57363275 
 1278      928731F8 
 1278      1AD8
 1279 017d 3028CA10 		.ascii	"0(\312\020|\020\342\020p\261\264\274\337\306b98\277"
 1279      7C10E210 
 1279      70B1B4BC 
 1279      DFC66239 
 1279      38BF
ARM GAS  /tmp/ccU7h4Da.s 			page 103


 1280 018f F6C979B3 		.ascii	"\366\311y\263\006n\037\267F\365*\036\246\300\241\027"
 1280      066E1FB7 
 1280      46F52A1E 
 1280      A6C0A117 
 1281 019f D00AA2BD 		.ascii	"\320\012\242\275\020'\021\346\320\320\252C\212H\305"
 1281      102711E6 
 1281      D0D0AA43 
 1281      8A48C5
 1282 01ae 88AF2BEB 		.ascii	"\210\257+\353\016?\263\210T\274\264]\366\315\245\002"
 1282      0E3FB388 
 1282      54BCB45D 
 1282      F6CDA502 
 1283 01be 139BC6CD 		.ascii	"\023\233\306\315_~ZX\247\213\255V\275\252\352\355he"
 1283      5F7E5A58 
 1283      A78BAD56 
 1283      BDAAEAED 
 1283      6865
 1284 01d0 5FED55D5 		.ascii	"_\355U\325\235\252\321\303t\320,\\4\241\213\303Zn\004"
 1284      9DAAD1C3 
 1284      74D02C5C 
 1284      34A18BC3 
 1284      5A6E04
 1285 01e3 68DB517F 		.ascii	"h\333Q\177Na\277\346\340\247\313:{\015\010\306?\357"
 1285      4E61BFE6 
 1285      E0A7CB3A 
 1285      7B0D08C6 
 1285      3FEF
 1286 01f5 A956E6DA 		.ascii	"\251V\346\332\243\252E\357{\230\036\216\216\010O\303"
 1286      A3AA45EF 
 1286      7B981E8E 
 1286      8E084FC3 
 1287 0205 1EDEFCE4 		.ascii	"\036\336\374\344\236\314~\307\261\203\271\253/\233\011"
 1287      9ECC7EC7 
 1287      B183B9AB 
 1287      2F9B09
 1288 0214 8B791D6B 		.ascii	"\213y\035ke\3735\254\001\216\217\216\355\335\371|\245"
 1288      65FB35AC 
 1288      018E8F8E 
 1288      EDDDF97C 
 1288      A5
 1289 0225 55AFC037 		.ascii	"U\257\3007\020\013\307\360\377#\020K\334\023\343-\240"
 1289      100BC7F0 
 1289      FF23104B 
 1289      DC13E32D 
 1289      A0
 1290 0236 97031A28 		.ascii	"\227\003\032(\205a\020\024\310\301\202|\212\267rw\377"
 1290      85611014 
 1290      C8C1827C 
 1290      8AB77277 
 1290      FF
 1291 0247 748EE49B 		.ascii	"t\216\344\233A\312\320\006z8\001\372\341\302\223(l%"
 1291      41CAD006 
 1291      7A3801FA 
 1291      E1C29328 
 1291      6C25
 1292 0259 219C023D 		.ascii	"!\234\002=n\254\276\341jb\354\003\236I\305\305\316\276"
 1292      6EACBEE1 
ARM GAS  /tmp/ccU7h4Da.s 			page 104


 1292      6A62EC03 
 1292      9E49C5C5 
 1292      CEBE
 1293 026b 508DC2E7 		.ascii	"P\215\302\347m\354@\200\302\323\243S\350K\345[L\201"
 1293      6DEC4080 
 1293      C2D3A353 
 1293      E84BE55B 
 1293      4C81
 1294 027d 42A01CCE 		.ascii	"B\240\034\316\240\003I\032\226\036\355o\377N\347U\237"
 1294      A003491A 
 1294      961EED6F 
 1294      FF4EE755 
 1294      9F
 1295 028e 0F15A8DE 		.ascii	"\017\025\250\336\201\026XQ\376\360\215\351\200gm\224"
 1295      81165851 
 1295      FEF08DE9 
 1295      80676D94 
 1296 029e 7131315C 		.ascii	"q11\\\014\012.f\035.!z\\,\006z2\322\223\011\027\253"
 1296      0C0A2E66 
 1296      1D2E217A 
 1296      5C2C067A 
 1296      32D29309 
 1297 02b4 99168B44 		.ascii	"\231\026\213D\026\255\364h\243%\224\026;-a\270\330\302"
 1297      16ADF468 
 1297      A3259416 
 1297      3B2D61B8 
 1297      D8C2
 1298 02c6 25721AC1 		.ascii	"%r\032\301\327H\256\032E\342\361@\305\350\000*\252\211"
 1298      D748AE1A 
 1298      45E2F140 
 1298      C5E8002A 
 1298      AA89
 1299 02d8 2498C4F7 		.ascii	"$\230\304\367\342\370:\231k\307K\324\000\322R&-;\361"
 1299      E2F83A99 
 1299      6BC74BD4 
 1299      00D25226 
 1299      2D3BF1
 1300 02eb AC063BCE 		.ascii	"\254\006;\316+I%L\026/y\370\322\017\371=\315\267[R("
 1300      2B49254C 
 1300      162F79F8 
 1300      D20FF93D 
 1300      CDB75B52 
 1301 0300 49371B8F 		.ascii	"I7\033\217\251\227\346\335\3516R)\342\031\301w\032'"
 1301      A997E6DD 
 1301      E9365229 
 1301      E219C177 
 1301      1A27
 1302 0312 258CADD8 		.ascii	"%\214\255\330\321?\235 p\035r\033MB\037\202\365C9\325"
 1302      D13F9D20 
 1302      701D721B 
 1302      4D421F82 
 1302      F54339D5 
 1303 0326 EEDAB621 		.ascii	"\356\332\266!S>\344\346 \275\241\325L\320\331q\341\330"
 1303      533EE4E6 
 1303      20BDA1D5 
 1303      4CD0D971 
 1303      E1D8
ARM GAS  /tmp/ccU7h4Da.s 			page 105


 1304 0338 B75003D5 		.ascii	"\267P\003\325\330\216vh\207|\200\177\223a\334i\370\242"
 1304      D88E7668 
 1304      877C807F 
 1304      9361DC69 
 1304      F8A2
 1305 034a 70873E71 		.ascii	"p\207>q\033\235\267\303\303\302\340,\252U0\355\024\362"
 1305      1B9DB7C3 
 1305      C3C2E02C 
 1305      AA5530ED 
 1305      14F2
 1306 035c AF6DEE32 		.ascii	"\257m\3562\3737\303\241\003\022+x\345\3009H\344\241"
 1306      FB37C3A1 
 1306      03122B78 
 1306      E5C03948 
 1306      E4A1
 1307 036e 2705E2A8 		.ascii	"'\005\342\250YZu\300Jq\204\203\014\347\375q+\233\037"
 1307      595A75C0 
 1307      4A718483 
 1307      0CE7FD71 
 1307      2B9B1F
 1308 0381 0FDA296E 		.ascii	"\017\332)n\371&\0248\370Y\216\2102\302\305\373\272\023"
 1308      F9261438 
 1308      F8598E88 
 1308      32C2C5FB 
 1308      BA13
 1309 0393 C37AB504 		.ascii	"\303z\265\004\272\376W\002\027\306N \022.R\002Z\245"
 1309      BAFE5702 
 1309      17C64E20 
 1309      122E5202 
 1309      5AA5
 1310 03a5 1F3EDBF5 		.ascii	"\037>\333\365%#?\205|3\012.A\"\017\017\272\321>*\334"
 1310      25233F85 
 1310      7C330A2E 
 1310      41220F0F 
 1310      BAD13E2A 
 1311 03ba EDD97CCF 		.ascii	"\355\331|\317\020\363g\217Z\201\333\257\021\244\245"
 1311      10F3678F 
 1311      5A81DBAF 
 1311      11A4A5
 1312 03c9 F6C42A1E 		.ascii	"\366\304*\036Z\005\207\274\016=\020# \337\013\310\276"
 1312      5A0587BC 
 1312      0E3D1023 
 1312      20DF0BC8 
 1312      BE
 1313 03da 2D3DD131 		.ascii	"-=\3211r\020bY\221\273\320\034\214\270\354C\364\012"
 1313      72106259 
 1313      91BBD01C 
 1313      8CB8EC43 
 1313      F40A
 1314 03ec 44D98F3D 		.ascii	"D\331\217=\205\234\265\237\3012=\364A\264\207\215\343"
 1314      859CB59F 
 1314      C1323DF4 
 1314      41B4878D 
 1314      E3
 1315 03fd BCE9AEEE 		.ascii	"\274\351\256\356\275\355 \336\330Kx\273\362\312\274"
 1315      BDED20DE 
 1315      D84B78BB 
ARM GAS  /tmp/ccU7h4Da.s 			page 106


 1315      F2CABC
 1316 040c F58FCDDB 		.ascii	"\365\217\315\333x\030\340\274i\260\246\342%\035\346"
 1316      7818E0BC 
 1316      69B0A6E2 
 1316      251DE6
 1317 041b 0037D170 		.ascii	"\0007\321p\325\307\315\265W\346\346\007_\246\327_\225"
 1317      D5C7CDB5 
 1317      57E6E607 
 1317      5FA6D75F 
 1317      95
 1318 042c 9B1B3EC4 		.ascii	"\233\033>\304M\0124\210\013\275\257\366u\2703*\027o"
 1318      4D0A3488 
 1318      0BBDAFF6 
 1318      75B8332A 
 1318      176F
 1319 043e B8F874BF 		.ascii	"\270\370t\277\245q\261bKW\002\221\372&,\202\333d\347"
 1319      A571B162 
 1319      4B570291 
 1319      FA262C82 
 1319      DB64E7
 1320 0451 2D6EC710 		.ascii	"-n\307\020\350\273\033\220\333[_\3320\201\206\025\366"
 1320      E8BB1B90 
 1320      DB5B5FDA 
 1320      30818615 
 1320      F6
 1321 0462 99B49542 		.ascii	"\231\264\225BTk\256\035\347\027\332\004H\244\013\312"
 1321      546BAE1D 
 1321      E717DA04 
 1321      48A40BCA 
 1322 0472 B3EB9139 		.ascii	"\263\353\2219\346 \210\230\035dxk\337\001\325\250`\005"
 1322      E6208898 
 1322      1D64786B 
 1322      DF01D5A8 
 1322      6005
 1323 0484 C15D88E1 		.ascii	"\301]\210\341T\035-\271\324b@\011\334\003\005\356\020"
 1323      541D2DB9 
 1323      D4624009 
 1323      DC0305EE 
 1323      10
 1324 0495 B9709FDF 		.ascii	"\271p\237\337\216\265\007\233\373-1\2075t\014\351\336"
 1324      8EB5079B 
 1324      FB2D3187 
 1324      35740CE9 
 1324      DE
 1325 04a6 DFB6EB6C 		.ascii	"\337\266\353l\010G\377Hhx\000\212t\023\362\276\357_"
 1325      0847FF48 
 1325      6878008A 
 1325      7413F2BE 
 1325      EF5F
 1326 04b8 F7603CCD 		.ascii	"\367`<\315\317\221YMt\341\204l#F\036Rb\036\366sR\257"
 1326      CF91594D 
 1326      74E1846C 
 1326      23461E52 
 1326      621EF673 
 1327 04ce BCF5EE18 		.ascii	"\274\365\356\030\312z\241<\350S\246I\361\270\367\253"
 1327      CA7AA13C 
 1327      E853A649 
ARM GAS  /tmp/ccU7h4Da.s 			page 107


 1327      F1B8F7AB 
 1328 04de 52A7E852 		.ascii	"R\247\350R\272\001\274];:mX\02094\340\377\216Z\223p"
 1328      BA01BC5D 
 1328      3B3A6D58 
 1328      103934E0 
 1328      FF8E5A93 
 1329 04f3 EA883183 		.ascii	"\352\2101\203\2739\236\236\375\201\242\210\205\377\360"
 1329      BB399E9E 
 1329      FD81A288 
 1329      85FFF0
 1330 0502 A2504451 		.ascii	"\242PDQ\354m\337\336j\022\233\225H\012{\033\036Q;\351"
 1330      EC6DDFDE 
 1330      6A129B95 
 1330      480A7B1B 
 1330      1E513BE9 
 1331 0516 681E3C16 		.ascii	"h\036<\026\363\340Z\363/\003\256\374\203\351m$\370\211"
 1331      F3E05AF3 
 1331      2F03AEFC 
 1331      83E96D24 
 1331      F889
 1332 0528 7F2018B7 		.ascii	"\177 \030\267\\\350\375\025?\003<\314\312\276\376\277"
 1332      5CE8FD15 
 1332      3F033CCC 
 1332      CABEFEBF 
 1333 0538 8E769E71 		.ascii	"\216v\236q.f@\263O\265\363\334z\367\341\006+m\211\300"
 1333      2E6640B3 
 1333      4FB5F3DC 
 1333      7AF7E106 
 1333      2B6D89C0 
 1334 054c 26F3D9CF 		.ascii	"&\363\331\317K\345\031jx\330\024n\331\324\276\301\335"
 1334      4BE5196A 
 1334      78D8146E 
 1334      D9D4BEC1 
 1334      DD
 1335 055d C2B869CA 		.ascii	"\302\270i\312\374\207\306\372\233 \302a#3\337\010/K"
 1335      FC87C6FA 
 1335      9B20C261 
 1335      2333DF08 
 1335      2F4B
 1336 056f FDA7B152 		.ascii	"\375\247\261R\277\015t\005?\247\324\371\2654\344K\275"
 1336      BF0D7405 
 1336      3FA7D4F9 
 1336      B534E44B 
 1336      BD
 1337 0580 3DC8993F 		.ascii	"=\310\231?w\003\346\256\312\276\334\315g;\013\274r "
 1337      7703E6AE 
 1337      CABEDCCD 
 1337      673B0BBC 
 1337      7220
 1338 0592 C283F58D 		.ascii	"\302\203\365\215\262\000)#\"\304\030\336AS\002\373B"
 1338      B2002923 
 1338      22C418DE 
 1338      415302FB 
 1338      42
 1339 05a3 7866C891 		.ascii	"xf\310\221)<\003\005\220+'\222\265\356\342\"~+\214L"
 1339      293C0305 
 1339      902B2792 
ARM GAS  /tmp/ccU7h4Da.s 			page 108


 1339      B5EEE222 
 1339      7E2B8C4C 
 1340 05b7 75D1CB32 		.ascii	"u\321\3132\315\223\307\310t\200g\232/\3732\375\\N\304"
 1340      CD93C7C8 
 1340      7480679A 
 1340      2FFB32FD 
 1340      5C4EC4
 1341 05ca 40C9D7FD 		.ascii	"@\311\327\375k\207\352\367\300h\336\376)\275$\360%\201"
 1341      6B87EAF7 
 1341      C068DEFE 
 1341      29BD24F0 
 1341      2581
 1342 05dc C00BE4C4 		.ascii	"\300\013\344\304`\252\314HU!\247\252\204\205\250'V\026"
 1342      60AACC48 
 1342      5521A7AA 
 1342      8485A827 
 1342      5616
 1343 05ee 05DD90A7 		.ascii	"\005\335\220\247\332\362\014\202(G0DAH\221\237]\213"
 1343      DAF20C82 
 1343      28473044 
 1343      4148919F 
 1343      5D8B
 1344 0600 B7BFF588 		.ascii	"\267\277\365\210\024\000\015\264U\233\003\240\222\252"
 1344      14000DB4 
 1344      559B03A0 
 1344      92AA
 1345 060e AE3C2640 		.ascii	"\256<&@C\370\027\012\305~\240\265\250\277\366\365\300"
 1345      43F8170A 
 1345      C57EA0B5 
 1345      A8BFF6F5 
 1345      C0
 1346 061f A99CAC7F 		.ascii	"\251\234\254\177\240\235\212\356\305S\031F\345\266}"
 1346      A09D8AEE 
 1346      C5531946 
 1346      E5B67D
 1347 062e 9B4E5B31 		.ascii	"\233N[1\271\345|k*,\345\311\031)\271\022q*\345\305."
 1347      B9E57C6B 
 1347      2A2CE5C9 
 1347      1929B912 
 1347      712AE5C5 
 1348 0643 9DB0A50F 		.ascii	"\235\260\245\017\016|*/\353a\314\325\321\307J<\372\204"
 1348      0E7C2A2F 
 1348      EB61CCD5 
 1348      D1C74A3C 
 1348      FA84
 1349 0655 65A35237 		.ascii	"e\243R7\015J\271u\2238\250\306\236+\273d\255%\260\234"
 1349      0D4AB975 
 1349      9338A8C6 
 1349      9E2BBB64 
 1349      AD25B09C 
 1350 0669 F17306CA 		.ascii	"\361s\006\312\320\245\004\313Q\212\255\365\271C\270"
 1350      D0A504CB 
 1350      518AADF5 
 1350      B943B8
 1351 0678 8D1BD159 		.ascii	"\215\033\321Y\011.\212\017V\220\226\010\252q\311O\007"
 1351      092E8A0F 
 1351      56909608 
ARM GAS  /tmp/ccU7h4Da.s 			page 109


 1351      AA71C94F 
 1351      07
 1352 0689 0D14944D 		.ascii	"\015\024\224M#\346\013\031'\246\2233c\333\247VM\013"
 1352      23E60B19 
 1352      27A69333 
 1352      63DBA756 
 1352      4D0B
 1353 069b 34EBC04E 		.ascii	"4\353\300NF\237act\353\227\262\350\326\236\312\3553"
 1353      469F6163 
 1353      74EB97B2 
 1353      E8D69ECA 
 1353      ED33
 1354 06ad 829B153F 		.ascii	"\202\233\025?\3228\012\312e\321\254\234\345Nb\371\014"
 1354      D2380ACA 
 1354      65D1AC9C 
 1354      E54E62F9 
 1354      0C
 1355 06be 8568F83F 		.ascii	"\205h\370?Y^\031`yU\020\313\334\226q,Z\015c\322\272"
 1355      595E1960 
 1355      795510CB 
 1355      DC96712C 
 1355      5A0D63D2 
 1356 06d3 FA25B456 		.ascii	"\372%\264VpZ]\224\034\005\336R\306\204+\023\252\017"
 1356      705A5D94 
 1356      1C05DE52 
 1356      C6842B13 
 1356      AA0F
 1357 06e5 9DBCFB20 		.ascii	"\235\274\373 \304o+\221R\255`f\212l\215\210\014\277"
 1357      C46F2B91 
 1357      52AD6066 
 1357      8A6C8D88 
 1357      0CBF
 1358 06f7 D4B8B219 		.ascii	"\324\270\262\031\225O7\035-5\004)\037\361+\257\225\371"
 1358      954F371D 
 1358      2D350429 
 1358      1FF12BAF 
 1358      95F9
 1359 0709 0CB994A4 		.ascii	"\014\271\224\244Yvs1\035@\350Z\365\314k\332g_\336\372"
 1359      59767331 
 1359      1D40E85A 
 1359      F5CC6BDA 
 1359      675FDEFA 
 1360 071d 252014AC 		.ascii	"% \024\254\232\016\312v\370d6\024\243\223\223\353\327"
 1360      9A0ECA76 
 1360      F8643614 
 1360      A39393EB 
 1360      D7
 1361 072e 9CE7BF64 		.ascii	"\234\347\277d\254\340\315\377\003\254\303\244Qk\235"
 1361      ACE0CDFF 
 1361      03ACC3A4 
 1361      516B9D
 1362 073d 4F2B1415 		.ascii	"O+\024\025QkmSe\277Ah\035B-\267\320\332\357\323\262"
 1362      516B6D53 
 1362      65BF4168 
 1362      1D422DB7 
 1362      D0DAEFD3 
 1363 0752 A3A206CD 		.ascii	"\243\242\006\315}V\240\011'\242\234\307d\367\025\205"
ARM GAS  /tmp/ccU7h4Da.s 			page 110


 1363      7D56A009 
 1363      27A29CC7 
 1363      64F71585 
 1364 0762 C263F251 		.ascii	"\302c\362Q\037\206}\346fQ\242\366\270d\322\350\265\267"
 1364      1F867DE6 
 1364      6651A2F6 
 1364      B864D2E8 
 1364      B5B7
 1365 0774 5ED49E11 		.ascii	"^\324\236\021!Tg\327\241\251\233\273 \366\020q\365~"
 1365      215467D7 
 1365      A1A99BBB 
 1365      20F61071 
 1365      F57E
 1366 0786 5F77C87B 		.ascii	"_w\310{\373\324Bd_'\201G~O\222\006!\012\003\010\275"
 1366      FBD44264 
 1366      5F278147 
 1366      7E4F9206 
 1366      210A0308 
 1367 079b 9F82FBC7 		.ascii	"\237\202\373\307\357\334j\007Q\257\022T\312\3216\031"
 1367      EFDC6A07 
 1367      51AF1254 
 1367      CAD13619 
 1368 07ab 630AEBE0 		.ascii	"c\012\353\340\263?\007+\025\225'\343\00427l/\235@c("
 1368      B33F072B 
 1368      159527E3 
 1368      0432376C 
 1368      2F9D4063 
 1369 07c0 844F603B 		.ascii	"\204O`;_\255\270i\011nD\272\374\377%G"
 1369      5FADB869 
 1369      096E44BA 
 1369      FCFF2547 
 1370 07d0 9BE9EC6F 		.ascii	"\233\351\354o\035sy\024\361\331\260\030\252\020\330"
 1370      1D737914 
 1370      F1D9B018 
 1370      AA10D8
 1371 07df BA0B499D 		.ascii	"\272\013I\235do\330[:\005\033\311Z\267\333\206\236\350"
 1371      646FD85B 
 1371      3A051BC9 
 1371      5AB7DB86 
 1371      9EE8
 1372 07f1 27B6AA00 		.ascii	"'\266\252\000\210\031\323q\242O/\032-\3347\347\007!"
 1372      8819D371 
 1372      A24F2F1A 
 1372      2DDC37E7 
 1372      0721
 1373 0803 DCCD2687 		.ascii	"\334\315&\207q\177\3065u\245\277\031\204H7\263\204I"
 1373      717FC635 
 1373      75A5BF19 
 1373      844837B3 
 1373      8449
 1374 0815 C1B1BF89 		.ascii	"\301\261\277\211~\253q\277\241\256t\034\032\215hi\272"
 1374      7EAB71BF 
 1374      A1AE741C 
 1374      1A8D6869 
 1374      BA
 1375 0826 D1C7AF2E 		.ascii	"\321\307\257.\320\3146\333\204\331H\012O+\206\310\300"
 1375      D0CC36DB 
ARM GAS  /tmp/ccU7h4Da.s 			page 111


 1375      84D9480A 
 1375      4F2B86C8 
 1375      C0
 1376 0837 F70B7D07 		.ascii	"\367\013}\007\014\015L\037\355\356\304\017\001,f\330"
 1376      0C0D4C1F 
 1376      EDEEC40F 
 1376      012C66D8 
 1377 0847 2007BE02 		.ascii	" \007\276\002\312\213\335\356\002\2530\030?\262C\252"
 1377      CA8BDDEE 
 1377      02AB3018 
 1377      3FB243AA 
 1378 0857 40CCEC88 		.ascii	"@\314\354\2101f\366t\250\341\035\0222J\207\374\015\177"
 1378      3166F674 
 1378      A8E11D12 
 1378      324A87FC 
 1378      0D7F
 1379 0869 DEC046DE 		.ascii	"\336\300F\336 \233D\203\320Y\242\037*\356\027\317\262"
 1379      209B4483 
 1379      D059A21F 
 1379      2AEE17CF 
 1379      B2
 1380 087a 16CFF236 		.ascii	"\026\317\3626\344j\243)\236\223\305\335\032\210'\344"
 1380      E46AA329 
 1380      9E93C5DD 
 1380      1A8827E4 
 1381 088a 309CB316 		.ascii	"0\234\263\026A\277\230@$\233K'*E'$8\361\277\224\214"
 1381      41BF9840 
 1381      249B4B27 
 1381      2A452724 
 1381      38F1BF94 
 1382 089f CC546756 		.ascii	"\314TgVf\21239#\353\2439\263S\222\027$\244Hz\376\360"
 1382      668A3339 
 1382      23EBA339 
 1382      B3539217 
 1382      24A4487A 
 1383 08b5 A9213B2D 		.ascii	"\251!;-=5ca\266)+;93\233^Xz\326\\\335\234\314\344\364"
 1383      3D356361 
 1383      B6292B3B 
 1383      39339B5E 
 1383      587AD65C 
 1384 08ce 5463CAC2 		.ascii	"Tc\312\302\314L\022E\307fM\216]8\345\267\0164\360\307"
 1384      CC4C1245 
 1384      C7664D8E 
 1384      5D38E5B7 
 1384      0E34F0C7 
 1385 08e2 D97393E6 		.ascii	"\331s\223\346\245\246|\342\230\223\2346?\365c\351O\302"
 1385      A5A67CE2 
 1385      98939C36 
 1385      3FF563E9 
 1385      4FC2
 1386 08f4 C727A999 		.ascii	"\307'\251\231\013R\347;\223\346\245\315N\373\313,gF"
 1386      0B52E73B 
 1386      93E6A5CD 
 1386      4EFBCB2C 
 1386      6746
 1387 0906 167A4D4F 		.ascii	"\026zMO\317X\340L\375G\266\363\203\017g:\223f\316\232"
 1387      CF58E04C 
ARM GAS  /tmp/ccU7h4Da.s 			page 112


 1387      FD47B6F3 
 1387      830F673A 
 1387      9366CE9A 
 1388 091a 31CB9944 		.ascii	"1\313\231D\241\314X\2202\177\341\307\251\316\224\364"
 1388      A1CC5890 
 1388      327FE1C7 
 1388      A9CE94F4 
 1389 092a ACB4AC8F 		.ascii	"\254\264\254\217\346\246\244$\314\223\3543g}\350\230"
 1389      E6A6A424 
 1389      CC93EC33 
 1389      677DE898 
 1390 093a 9D9C95FA 		.ascii	"\235\234\225\372ifZ\274#6Q\2223%CzjzF\346g\322\324\261"
 1390      69665ABC 
 1390      23365192 
 1390      3325437A 
 1390      6A7A46E6 
 1391 0952 5C64663B 		.ascii	"\\df;\323|\266\346e}\226\205v\376\013\247\020\302\022"
 1391      D37CB6E6 
 1391      657D9685 
 1391      76FE0BA7 
 1391      10C212
 1392              		.text
 1393              		.section	.gnu.lto_aosFBCanTransmit.d6499f0ae6d76a39,"e",%progbits
 1394 0000 789C9D58 		.ascii	"x\234\235XkPTG\026\276\247\373\316\373\001\362\332M"
 1394      6B505447 
 1394      16BEA7FB 
 1394      CEFB01F2 
 1394      DA4D
 1395 0012 664D2009 		.ascii	"fM \0111\210\313\214\225l\266j\363'[nmU~X[\025\177\356"
 1395      3188CB8C 
 1395      956CB66A 
 1395      F3275B6E 
 1395      6D557E58 
 1396 002a 8F14E218 		.ascii	"\217\024\342\030\251\010\246\200lm\376$\227\207\242"
 1396      A908A680 
 1396      6C6DFE24 
 1396      9787A2
 1397 0039 A022890F 		.ascii	"\240\"\211\017`\305A\011*>\0204\321\310\010\242(\256"
 1397      60C54109 
 1397      2A3E1034 
 1397      D1C808A2 
 1397      28AE
 1398 004b 84259A44 		.ascii	"\204%\232D\203F1\032E$\210\312\272F]\324\355\323}\357"
 1398      8346311A 
 1398      452488CA 
 1398      BA465DD4 
 1398      EDD37DEF 
 1399 005f 9D616086 		.ascii	"\235a`\206Y)\275\364\355>\347|\337\371\372\234\276]"
 1399      5929BDF4 
 1399      ED3EE77C 
 1399      DFF9FA9C 
 1399      BE5D
 1400 0071 982590BE 		.ascii	"\230%\220\276\215\227\244\313\222$\275\016\222\004I"
 1400      8D97A4CB 
 1400      9224BD0E 
 1400      920449
 1401 0080 12104551 		.ascii	"\022\020EQ\3364\025\232\011\241\003=\325\361\262b5\325"
ARM GAS  /tmp/ccU7h4Da.s 			page 113


 1401      DE34159A 
 1401      09A1033D 
 1401      D5F1B262 
 1401      35D5
 1402 0092 EC1B9825 		.ascii	"\354\033\230%+vJ\344\341\372\313\211l\306\260\366\302"
 1402      2B764AE4 
 1402      E1FACB89 
 1402      6CC6B0F6 
 1402      C2
 1403 00a3 A6996C46 		.ascii	"\246\231lF\006\243jm\320GF0\251#\0231\253\021\354j\004"
 1403      06A36A6D 
 1403      D0474630 
 1403      A9231331 
 1403      AB11EC6A 
 1404 00b8 33B1A811 		.ascii	"3\261\250\021\254j\004\013\330Tk\253>\262\201]\035\331"
 1404      AC6A040B 
 1404      D8546BAB 
 1404      3EB2815D 
 1404      1DD9
 1405 00ca 89E36AE9 		.ascii	"\211\343j\351C;\263\217\331x\177\351\253\314\336A\234"
 1405      433BB38F 
 1405      D9787FE9 
 1405      ABCCDE41 
 1405      9C
 1406 00db 654D1518 		.ascii	"eM\025\030!\346\336\351\333\030\301\011\211\252u\014"
 1406      21E6DEE9 
 1406      DB18C109 
 1406      89AA750C 
 1407 00eb 8955F1A6 		.ascii	"\211U\361\246\251x\261\372\3324\022'\346\254\361\302"
 1407      A978B1FA 
 1407      DA341227 
 1407      E6ACF1C2 
 1408 00fb C61EA7AF 		.ascii	"\306\036\247\257\305\223\004u-Q]K\320\327\022\001\370"
 1408      C5930475 
 1408      2D515D4B 
 1408      D0D71201 
 1408      F8
 1409 010c 483183F4 		.ascii	"H1\203\3641\241\262\301h2[\2546\273\303\031\023;-.>"
 1409      31A1B2C1 
 1409      68325BAC 
 1409      36BBC319 
 1409      133B2D2E 
 1410 0121 21113E86 		.ascii	"!\021>\206\012\272\201\302\272\025\376\357\035i\333"
 1410      0ABA81C2 
 1410      BA15FEEF 
 1410      1D69DB
 1411 0130 14A548E9 		.ascii	"\024\245H\351\330\260\376\365\313\305\313\312<>*I\325"
 1411      D8B0FEF5 
 1411      CBC5CBCA 
 1411      3C3E2A49 
 1411      D5
 1412 0141 5482575D 		.ascii	"T\202W]\340qI\370\003\255\220\306\214\373\213j\357\333"
 1412      E07149F8 
 1412      03AD90C6 
 1412      8CFB8B6A 
 1412      EFDB
 1413 0153 57531F05 		.ascii	"WS\037\005\220\331\353\332\356\317OZ\361\225@2{\335"
ARM GAS  /tmp/ccU7h4Da.s 			page 114


 1413      90D9EBDA 
 1413      EECF4F5A 
 1413      F1954032 
 1413      7BDD
 1414 0165 D250BFD7 		.ascii	"\322P\277\327L\237\003\211\215\327T\014W\332f4\360\260"
 1414      4C9F0389 
 1414      8DD7540C 
 1414      57DA6634 
 1414      F0B0
 1415 0177 630D5479 		.ascii	"c\015Ty\311G)\264\001\305\260\207\300\005~`\201\331"
 1415      C94729B4 
 1415      01C5B087 
 1415      C0057E60 
 1415      81D9
 1416 0189 1C0BDD0E 		.ascii	"\034\013\335\0163\230\303\221\306\207w\010M\345\316"
 1416      3398C391 
 1416      C6877708 
 1416      4DE5CE
 1417 0198 9B0AD79E 		.ascii	"\233\012\327\236\263\253\316=\317\324(\035\262\217\312"
 1417      B3ABCE3D 
 1417      CFD4281D 
 1417      B28FCA
 1418 01a7 707882B7 		.ascii	"px\202\267\314\274;`\206\204>}m\335;m4\235\373\373N"
 1418      CCBC3B60 
 1418      86843E7D 
 1418      6DDD3B6D 
 1418      349DFBFB 
 1419 01bc 2C3F604E 		.ascii	",?`N\255\347\376\275\347hU\263\242\024\277\351\243\006"
 1419      ADE7FEBD 
 1419      E76855B3 
 1419      A214BFE9 
 1419      A306
 1420 01ce 38224204 		.ascii	"8\"B\004\362B\353+-\217\3279\2142\034\205T\314\032\263"
 1420      F242EB2B 
 1420      2D8FD739 
 1420      8C321C85 
 1420      54CC1AB3 
 1421 01e2 ED042304 		.ascii	"\355\004#\004V\330,\2143e\023$x\242\204I\255\324\335"
 1421      56D82C8C 
 1421      33651324 
 1421      78A28449 
 1421      ADD4DD
 1422 01f5 1A9ECD3D 		.ascii	"\032\236\315=\371b\2201t\261h\307\3018~\362\004\233"
 1422      F9629031 
 1422      74B168C7 
 1422      C1387EF2 
 1422      049B
 1423 0207 3C8693F0 		.ascii	"<\206\223\360O6b\277\020\177\3177\206\016\345\361\223"
 1423      4F3662BF 
 1423      107FCF37 
 1423      860EE5F1 
 1423      93
 1424 0218 52A563A0 		.ascii	"R\245c\240\017*\327\336\235>\033X\232F\202\017\312\036"
 1424      0F2AD7DE 
 1424      9D3E1B58 
 1424      9A46820F 
 1424      CA1E
ARM GAS  /tmp/ccU7h4Da.s 			page 115


 1425 022a 26993DCC 		.ascii	"&\231=\314\006\3660\030\361\325\304\036\0263>,\354a"
 1425      06F63018 
 1425      F1D5C41E 
 1425      16333E2C 
 1425      EC61
 1426 023c B5E2C8C6 		.ascii	"\265\342\310\306\0366;\216\034\354aw\342(\006G\261\350"
 1426      1E363B8E 
 1426      1CEC6177 
 1426      E2280647 
 1426      B1E8
 1427 024e 9604A8B7 		.ascii	"\226\004\250\267\013P\267t6!\271%\236\270TN\245'\354"
 1427      0B50B774 
 1427      3621B925 
 1427      9EB8544E 
 1427      A527EC
 1428 0261 8782D221 		.ascii	"\207\202\322!I+)\021/\305\354\345\032\224\\\352\034"
 1428      492B2911 
 1428      2FC5ECE5 
 1428      1A945CEA 
 1428      1C
 1429 0272 E9CBC2DC 		.ascii	"\351\313\302\334ji\022Kbu\361\255~3\356;\323\005N\202"
 1429      6A69124B 
 1429      6275F1AD 
 1429      7E33EE3B 
 1429      D3054E82 
 1430 0286 907225A5 		.ascii	"\220r%\245\373X\031\002\372\300\020\024\035\262\010"
 1430      FB581902 
 1430      FAC01014 
 1430      1DB208
 1431 0295 07087670 		.ascii	"\007\010vp\360\375\251\335\336\363\304R\002E\205f6S"
 1431      F0FDA9DD 
 1431      DEF3C452 
 1431      02458566 
 1431      3653
 1432 02a7 4F859467 		.ascii	"O\205\224g\177\350:\005\015P\017>\352\204\257\240\004"
 1432      7FE83A05 
 1432      0D500F3E 
 1432      EA84AFA0 
 1432      04
 1433 02b8 A01B23B3 		.ascii	"\240\033#\263\225\326O\2267\033=M(r\262\217\306@\017"
 1433      95D64F96 
 1433      371B3D4D 
 1433      2872B28F 
 1433      C6400F
 1434 02cb 33ABA2EA 		.ascii	"3\253\242\352\356\225\0146\236\267\352\213\261\360/"
 1434      EE950C36 
 1434      9EB7EA8B 
 1434      B1F02F
 1435 02da F054F1ED 		.ascii	"\360T\361\355\202^\360p\356s\002<\032\312\267\370\035"
 1435      825EF070 
 1435      EE73023C 
 1435      1ACAB7F8 
 1435      1D
 1436 02eb C8231608 		.ascii	"\310#\026\010|\255\023\227\213\316n|\015y\223a(MF\363"
 1436      7CAD1397 
 1436      8BCE6E7C 
 1436      0D799361 
ARM GAS  /tmp/ccU7h4Da.s 			page 116


 1436      284D46F3 
 1437 02ff 5096D3AA 		.ascii	"P\226\323\252y\251\236b\264\242K\340t\244\004\276\011"
 1437      79A99E62 
 1437      B4A24BE0 
 1437      74A404BE 
 1437      09
 1438 0310 9F401C7C 		.ascii	"\237@\034|\213\011\250\345u\344\314\371O)\342,\347\213"
 1438      8B09A8E5 
 1438      75E4CCF9 
 1438      4F29E22C 
 1438      E78B
 1439 0322 F1F01D78 		.ascii	"\361\360\035x8=8\303\3423\203\333\227\032\357\230R~"
 1439      383D38C3 
 1439      E23383DB 
 1439      971AEF98 
 1439      527E
 1440 0334 EF53AAD8 		.ascii	"\357S\252\330r\002\272\234\334\376\325zN\255\212\273"
 1440      7202BA9C 
 1440      DCFED57A 
 1440      4EAD8ABB 
 1441 0344 24C25948 		.ascii	"$\302YH\021.\337\013\227\003\273.\271RH\220\307\252"
 1441      112EDF0B 
 1441      9703BB2E 
 1441      B9524890 
 1441      C7AA
 1442 0356 15B5CBAD 		.ascii	"\025\265\313\255\301\036}\232\3079\341\321\375E\353"
 1442      C11E7D9A 
 1442      C739E1D1 
 1442      FD45EB
 1443 0365 03DEE649 		.ascii	"\003\336\346Ip\334\010\347\301\345\243\277\342\272\031"
 1443      70DC08E7 
 1443      C1E5A3BF 
 1443      E2BA19
 1444 0374 5AD6345F 		.ascii	"Z\3264_\223P8:\205p?D-\334\205\360\302\375\032.r\341"
 1444      9350383A 
 1444      85703F44 
 1444      2DDC85F0 
 1444      C2FD1A2E 
 1445 038a 54B7A365 		.ascii	"T\267\243e\313\316Z\003\342<\003\375\2328\227\242\026"
 1445      CBCE5A03 
 1445      E23C03FD 
 1445      9A3897A2 
 1445      16
 1446 039b E7472DD5 		.ascii	"\347G-\325\313\321\212sE\363\370\011\211\006\211a\324"
 1446      CBD18A73 
 1446      45F3F809 
 1446      89068961 
 1446      D4
 1447 03ac ABDF300C 		.ascii	"\253\3370\014%\223\212\361l5?\262\256\252bT\356:\237"
 1447      25938AF1 
 1447      6C353FB2 
 1447      AEAA6254 
 1447      EE3A9F
 1448 03bf 81B2BAE0 		.ascii	"\201\262\272\340#\270\206\201~\303\003\231BZo\264\217"
 1448      23B88681 
 1448      7EC30399 
 1448      425A6FB4 
ARM GAS  /tmp/ccU7h4Da.s 			page 117


 1448      8F
 1449 03d0 8A0A7605 		.ascii	"\212\012v\005w\222\314Zo@\257`\363\244\255G\242R\374"
 1449      7792CC5A 
 1449      6F40AF60 
 1449      F3A4AD47 
 1449      A252FC
 1450 03e3 7AA4521D 		.ascii	"z\244R\035\214\324k7\364^\033\032\337k\301\315e\211"
 1450      8CD46B37 
 1450      F45E1B1A 
 1450      DF6BC1CD 
 1450      6589
 1451 03f5 B6B97E8E 		.ascii	"\266\271~\216\272F\206#1\276\031\251\271F\"5\327-\255"
 1451      BA468623 
 1451      31BE19A9 
 1451      B9462235 
 1451      D72DAD
 1452 0408 7E6E475D 		.ascii	"~nG]?w\264j\030\215\266~\376\255y\334\025\036m\233+"
 1452      3F77B46A 
 1452      188DB67E 
 1452      FEAD79DC 
 1452      151E6D9B 
 1453 041d CBEDA2B9 		.ascii	"\313\355\242\271\272\214\360\237@=Y\243n\256{Q\013\367"
 1453      BA8CF09F 
 1453      403D59A3 
 1453      6EAE7B51 
 1453      0BF7
 1454 042f 4BA4E6BA 		.ascii	"K\244\346\272\037\261\271\036h\342<\214Z\234\377j\251"
 1454      1FB1B91E 
 1454      68E23C8C 
 1454      5A9CFF6A 
 1454      A9
 1455 0440 8E452BCE 		.ascii	"\216E+\316#\315\3431\022\015\022\303\026us=A1\202\333"
 1455      23CDE331 
 1455      120D12C3 
 1455      1675733D 
 1455      413182DB 
 1456 0454 C91E68A7 		.ascii	"\311\036h\247\237\241\350\312\356U\255\317\213O.H5\310"
 1456      9FA1E8CA 
 1456      EE55ADCF 
 1456      8B4F2E48 
 1456      35C8
 1457 0466 4A69183C 		.ascii	"Ji\030<\301O\267\351\340\301K\214o\357}k\312N\0204\237"
 1457      C14FB7E9 
 1457      E0C14B8C 
 1457      6FEF7D6B 
 1457      CA4E1034 
 1458 047b 4394DD3F 		.ascii	"C\224\335?\371\025\263\314\252\006\012I\012W\347\370"
 1458      F915B3CC 
 1458      AA060A49 
 1458      0A57E7F8 
 1459 048b CA8B274D 		.ascii	"\312\213'Ml\006\212\210\014\012azB1\301\033\321\366"
 1459      6C068A88 
 1459      0C0A617A 
 1459      4231C11B 
 1459      D1F6
 1460 049d F6CE6BF6 		.ascii	"\366\316k\366\224&\325\373y\264\035m\332{\306\306\275"
 1460      9426D5FB 
ARM GAS  /tmp/ccU7h4Da.s 			page 118


 1460      79B41D6D 
 1460      DA7BC6C6 
 1460      BD
 1461 04ae 4BD01B96 		.ascii	"K\320\033\226\022Y\032\206\342\037\017n\270\373,\336"
 1461      12591A86 
 1461      E21F0F6E 
 1461      B8FB2CDE 
 1462 04be 0242F348 		.ascii	"\002B\363H\256f\027\225.\024a\031)\301\317\177\012\232"
 1462      AE661795 
 1462      2E146119 
 1462      29C1CF7F 
 1462      0A9A
 1463 04d0 D7DDFC5D 		.ascii	"\327\335\374]\030c\2430.\325\214\261\377\037\034\275"
 1463      1863A330 
 1463      2ED58CB1 
 1463      FF1F1CBD 
 1464 04e0 BE7ABA68 		.ascii	"\276z\272hE\274\343u\234o>\347d5P(\266\372\005\366\025"
 1464      45BCE375 
 1464      9C6F3EE7 
 1464      64355028 
 1464      B6FA05F6 
 1465 04f5 179F6DB6 		.ascii	"\027\237m\266\326t`\333\327\016V\005k\370\322\213\260"
 1465      D67460DB 
 1465      D70E5605 
 1465      6BF8D28B 
 1465      B0
 1466 0506 9C6015C8 		.ascii	"\234`\025\310\330\324+\210\207G;9S\204\222\203\317\237"
 1466      D8D42B88 
 1466      87473B39 
 1466      53849283 
 1466      CF9F
 1467 0518 1779C985 		.ascii	"\027y\311\205D~\211\341A\031\021\221\013}\227\276\014"
 1467      447E89E1 
 1467      41191191 
 1467      0B7D97BE 
 1467      0C
 1468 0529 D4572A94 		.ascii	"\324W*\224\363\310\006\214\274\222\210\343\242\363\265"
 1468      F3C8068C 
 1468      BC9288E3 
 1468      A2F3B5
 1469 0538 40E4ADD7 		.ascii	"@\344\255\327*781r*\310\260\212h\307\207cs\373\251\353"
 1469      2A373831 
 1469      722AC8B0 
 1469      8A68C787 
 1469      6373FBA9 
 1470 054d BC0D58DB 		.ascii	"\274\015X\333/\255\033\"\302\303\020\"\304\313\325\324"
 1470      2FAD1B22 
 1470      C2C31022 
 1470      C4CBD5D4 
 1471 055d C402AF46 		.ascii	"\304\002\257F\025D\322:\323\031l\253+\010\253\207W\020"
 1471      1544D23A 
 1471      D3196CAB 
 1471      2B08AB87 
 1471      5710
 1472 056f 73B0734C 		.ascii	"s\260sL\016\204\320\215\014\314h\215\016\352\274[_\375"
 1472      0E84D08D 
 1472      0CCC688D 
ARM GAS  /tmp/ccU7h4Da.s 			page 119


 1472      0EEABC5B 
 1472      5FFD
 1473 0581 022F19CC 		.ascii	"\002/\031\314\377\206\317\237 \\\214!)\327\215\242\346"
 1473      FF86CF9F 
 1473      205C8C21 
 1473      29D78DA2 
 1473      E6
 1474 0592 E1F4AC4B 		.ascii	"\341\364\254KB\231*\003\202~\302\322\036\206e\223\226"
 1474      42992A03 
 1474      827EC2D2 
 1474      1E866593 
 1474      96
 1475 05a3 6F5A3535 		.ascii	"oZ553\223OE\002Fd\314N|\037\235)(4\371\207\325\257\200"
 1475      33934F45 
 1475      024664CC 
 1475      4E7C1F9D 
 1475      292834F9 
 1476 05bb 2994C356 		.ascii	")\224\303V\032\312a\274\362\351\260\226S0\212\316\336"
 1476      1ACA61BC 
 1476      F2E9B096 
 1476      53308ACE 
 1476      DE
 1477 05cc FFDD9E6E 		.ascii	"\377\335\236n\213X\254\033a\231[`\035a\207\242\011\011"
 1477      8B58AC1B 
 1477      61995B60 
 1477      1D6187A2 
 1477      0909
 1478 05de AE173BDE 		.ascii	"\256\027;\336_VmC\260`\201,\023\366\273n\007\336Kg1"
 1478      5F566D43 
 1478      B060812C 
 1478      13F6BB6E 
 1478      07DE4B67 
 1479 05f3 96B061D2 		.ascii	"\226\260a\322-\267C\025\0076c\350j\342a\3341z\315\215"
 1479      2DB74315 
 1479      073663E8 
 1479      6AE261DC 
 1479      317ACD8D 
 1480 0607 3DFEDBA0 		.ascii	"=\376\333\240\306\037\0270w\252Dj\302%\262\037\220\341"
 1480      C61F1730 
 1480      77AA446A 
 1480      C225B21F 
 1480      90E1
 1481 0619 3FF44436 		.ascii	"?\364D6\"\232\213\357eL\371\205\201\2134\260\231\255"
 1481      229A8BEF 
 1481      654CF985 
 1481      818B34B0 
 1481      99AD
 1482 062b 2A782D35 		.ascii	"*x-5OHh\302n\206\022\250\015G`\224\023\330\204\004,"
 1482      4F4868C2 
 1482      6E8612A8 
 1482      0D476094 
 1482      13D88404 
 1483 0640 48C0A755 		.ascii	"H\300\247U\370\005\015L\210\304)\305\016\365\356\254"
 1483      F8050D4C 
 1483      88C429C5 
 1483      0EF5EEAC 
 1484 0650 008DD2E8 		.ascii	"\000\215\322\350\340!\377U2\231\036S\013\\\307\371X"
ARM GAS  /tmp/ccU7h4Da.s 			page 120


 1484      E021FF55 
 1484      32991E53 
 1484      0B5CC7F9 
 1484      58
 1485 0661 117133F1 		.ascii	"\021q3\361\004\357\227\235\025\364\026\346\305\001\332"
 1485      04EF979D 
 1485      15F416E6 
 1485      C501DA
 1486 0670 9E1AA03E 		.ascii	"\236\032\240>\260\203\237\021\217\026\261\246\261\375"
 1486      B0839F11 
 1486      8F16B1A6 
 1486      B1FD
 1487 067e 8DA7DAC0 		.ascii	"\215\247\332\300\206\310\033\270U\327o\233\330@^.\207"
 1487      86C81BB8 
 1487      55D76F9B 
 1487      D8405E2E 
 1487      87
 1488 068f FD9F4DCA 		.ascii	"\375\237M\312~J\264\355\221\321\032\021\315\206h;\002"
 1488      7E4AB4ED 
 1488      91D11A11 
 1488      CD86683B 
 1488      02
 1489 06a0 E5326DCB 		.ascii	"\3452m\313*\177/\321\313\245\261\347\015\261\177\226"
 1489      2A7F2FD1 
 1489      CBA5B1E7 
 1489      0DB17F96 
 1490 06b0 FF1B7D67 		.ascii	"\377\033}g$\364\337\302.D\267#\372n\355\2345\010(k("
 1490      24F4DFC2 
 1490      2E44B723 
 1490      FA6EED9C 
 1490      3508286B 
 1491 06c5 D415E754 		.ascii	"\324\025\347TXM\341\260\2220\321=z\242\315*\224zA\264"
 1491      584DE1B0 
 1491      9230D13D 
 1491      7AA2CD2A 
 1491      947A41B4 
 1492 06d9 8522ED4F 		.ascii	"\205\"\355O\230\012\251%\030\251\245e\344\264=\200d"
 1492      980AA925 
 1492      18A9A565 
 1492      E4B43D80 
 1492      64
 1493 06ea 83BD88E4 		.ascii	"\203\275\210\344@\244}\374\254S\357-L>\366\237\035h"
 1493      40A47DFC 
 1493      AC53EF2D 
 1493      4C3EF69F 
 1493      1D68
 1494 06fc 66961D83 		.ascii	"f\226\035\203\365\321\014\321\214\275\376\253j\177\330"
 1494      F5D10CD1 
 1494      8CBDFEAB 
 1494      6A7FD8
 1495 070b 43A97C34 		.ascii	"C\251|4\025\223\317\303\345<\300w\367\013\275\226\366"
 1495      1593CFC3 
 1495      E53CC077 
 1495      F70BBD96 
 1495      F6
 1496 071c 6BFACE15 		.ascii	"k\372\316\025P\216\211\037.\326\003\366\260=p \320d"
 1496      508E891F 
ARM GAS  /tmp/ccU7h4Da.s 			page 121


 1496      2ED603F6 
 1496      B03D7020 
 1496      D064
 1497 072e 5F8AB61E 		.ascii	"_\212\266\036\354<\246\322v\360\226\020m\035w\347J\305"
 1497      EC3CA6D2 
 1497      76F09610 
 1497      6D1D77E7 
 1497      4AC5
 1498 0740 90DED6FD 		.ascii	"\220\336\326\375e\217\016\226\276<Y\335\376m\252\314"
 1498      658F0E96 
 1498      BE3C59DD 
 1498      FE6DAACC 
 1499 0750 0E86CBAC 		.ascii	"\016\206\313\254\235g\326\252g\346\307\272up\360\370"
 1499      9D67D6AA 
 1499      67E6C7BA 
 1499      7570F0F8 
 1500 0760 E61D3BAF 		.ascii	"\346\035;\257J\201c\256\317_\247~*\235\241\370\255S"
 1500      4A8163AE 
 1500      CF5FA77E 
 1500      2A9DA1F8 
 1500      AD53
 1501 0772 1E7387C2 		.ascii	"\036s\207\302\021\330B\220@\233^O\355\232\264\177\025"
 1501      11D84290 
 1501      409B5E4F 
 1501      ED9AB47F 
 1501      15
 1502 0783 5831934A 		.ascii	"X1\223J\353\014+\355\341\300\361\322\241I;\246J\033"
 1502      EB0C2BED 
 1502      E1C0F1D2 
 1502      A1493BA6 
 1502      4A1B
 1503 0795 13246D82 		.ascii	"\023$m\202\177\307\246.) m\255\377D\352SI{$\262\264"
 1503      7FC7A62E 
 1503      29206DAD 
 1503      FF44EA53 
 1503      497B24B2 
 1504 07aa 47F5CC3A 		.ascii	"G\365\314:Q\332\030\016\216\177SSd\016\2167\261_FfO"
 1504      51DA180E 
 1504      8E7F5353 
 1504      640E8E37 
 1504      B15F4666 
 1505 07bf F6016757 		.ascii	"\366\001gW1\266'p,\350\036VU\372\310/J"
 1505      31B62770 
 1505      2CE81E56 
 1505      55FAC82F 
 1505      4A
 1506 07d0 A096C6D6 		.ascii	"\240\226\306\326R7\316\215\225\252\351\245\2639i\004"
 1506      5237CE8D 
 1506      95AAE9A5 
 1506      B3396904 
 1507 07e0 8A92D557 		.ascii	"\212\222\325W\006u\017\334\310j\305\315F\213\270\223"
 1507      06750FDC 
 1507      C86AC5CD 
 1507      468BB893 
 1508 07f0 001C272E 		.ascii	"\000\034'.g\315\320\3524\274\234\304\362+J\034\177\306"
 1508      67CDD0EA 
 1508      34BC9CC4 
ARM GAS  /tmp/ccU7h4Da.s 			page 122


 1508      F22B4A1C 
 1508      7FC6
 1509 0802 F36702FE 		.ascii	"\363g\002\376\335\006\004\275\242\016\224\312\225\221"
 1509      DD0604BD 
 1509      A20E94CA 
 1509      9591
 1510 0810 E166FFB2 		.ascii	"\341f\377\262\226\344y\335\371yY\356\314%\371\357,\234"
 1510      96E479DD 
 1510      F97959EE 
 1510      CC25F9EF 
 1510      2C9C
 1511 0822 9F95999B 		.ascii	"\237\225\231\233\221%\031\371\340}\303\302\274\314\034"
 1511      912519F9 
 1511      E07DC3C2 
 1511      BCCC1C
 1512 0831 AFAD202F 		.ascii	"\257\255 /37?'\273\240\300\273\300\225\232\377J\352"
 1512      33373F27 
 1512      BBA0C0BB 
 1512      C0959AFF 
 1512      4AEA
 1513 0843 07697F48 		.ascii	"\007i\177Hf\326\177\232\377\356\234E\336\254\367\222"
 1513      66D67F9A 
 1513      FFEE9C45 
 1513      DEACF792 
 1514 0853 1766662F 		.ascii	"\027ff/\366.\220\376,\002\276\347\315\313\365.v\317"
 1514      F62E90FE 
 1514      2C02BEE7 
 1514      CDCBF52E 
 1514      76CF
 1515 0865 59943D3F 		.ascii	"Y\224=?\373/\363\334K\362\031DN\316\222\\\267\367\357"
 1515      FB2FF3DC 
 1515      4BF21944 
 1515      4ECE925C 
 1515      B7F7EF
 1516 0878 05EE3FBE 		.ascii	"\005\356?\276=\327=g\356\274\267\346\271\347 \356[\271"
 1516      3DD73D67 
 1516      EEBCB7E6 
 1516      B9E720EE 
 1516      5BB9
 1517 088a 598B3F58 		.ascii	"Y\213?X\340ug\345\344g\347\277\363nVV\306\")v\356\274"
 1517      E07567E5 
 1517      E467E7BF 
 1517      F36E5656 
 1517      C6222976 
 1518 08a0 B793E767 		.ascii	"\267\223\347g\346{\337\317\313\236\225\234\352\221H"
 1518      E67BDFCF 
 1518      CB9E959C 
 1518      EA9148
 1519 08af 9E64CAF1 		.ascii	"\236d\312\361\346,\311\373PJ\017\007\221W\340\316\326"
 1519      E62CC9FB 
 1519      504A0F07 
 1519      9157E0CE 
 1519      D6
 1520 08c0 622DCAFF 		.ascii	"b-\312\3770\237\305\371\037\253\326\330\260"
 1520      309FC5F9 
 1520      1FABD6D8 
 1520      B0
ARM GAS  /tmp/ccU7h4Da.s 			page 123


 1521              		.text
 1522              		.section	.gnu.lto_aosFBCanTransmitTimeout.d6499f0ae6d76a39,"e",%progbits
 1523 0000 789C8D57 		.ascii	"x\234\215W\353SSG\024\337\263{\363$\011$\200J\203\024"
 1523      EB535347 
 1523      14DFB37B 
 1523      F3240924 
 1523      804A8314 
 1524 0014 5A29D576 		.ascii	"Z)\325v\220i\375R\373Ag\354_\341\227\016\"Z\247\265"
 1524      9069FD52 
 1524      FB4167EC 
 1524      5FE1970E 
 1524      225AA7B5 
 1525 0028 B6A05FEB 		.ascii	"\266\240_\353\015D\344%\017\213\012Lc\260\210H\355 "
 1525      0D44E425 
 1525      0F8B0A4C 
 1525      63B08848 
 1525      ED20
 1526 003a 8ED63734 		.ascii	"\216\32674H\253\202\370VP\244PT(P\352\243\342\243T\245"
 1526      48AB82F8 
 1526      5650A450 
 1526      542850EA 
 1526      A3E2A354 
 1527 004f 67F7DEDC 		.ascii	"g\367\336\334\304\250i2\314\315\275\273\347\367\333"
 1527      C4A86932 
 1527      CCCDBDBB 
 1527      E7F7DB
 1528 005e DFFEF69C 		.ascii	"\337\376\366\234\334\203\221\000Yd!d)!d\026\020\002"
 1528      DC839100 
 1528      59642164 
 1528      29216416 
 1528      1002
 1529 0070 7104A82C 		.ascii	"q\004\250,\313\213\015.#\245l\244\273&V\222\315\206"
 1529      CB8B0D2E 
 1529      23A56CA4 
 1529      BB265692 
 1529      CD86
 1530 0082 DAFD23EF 		.ascii	"\332\375#\357K\262\205Qi\242~(\036GtU\375\333\347\341"
 1530      4BB28551 
 1530      69A27E28 
 1530      1E477455 
 1530      FDDBE7E1 
 1531 0096 88047A35 		.ascii	"\210\004z5Z\247\335\351\301\240\336\031\250Qe\260\250"
 1531      5AA7DDE9 
 1531      C1A0DE19 
 1531      A85165B0 
 1531      A8
 1532 00a7 0C466A52 		.ascii	"\014FjR\031\314*\203\011\242\324h\263v\027\005\026\365"
 1532      19CC2A83 
 1532      09A2D468 
 1532      B3761705 
 1532      16F5
 1533 00b9 CE42AD4A 		.ascii	"\316B\255J\2349Z\301Y\254\324\266\377q\347{8\022{\266"
 1533      9C395AC1 
 1533      59ACD4B6 
 1533      FF71E77B 
 1533      38127BB6 
 1534 00cd F0601C8E 		.ascii	"\360`\034\216\330 V\215\216\2461x\227\214s\016\345\333"
ARM GAS  /tmp/ccU7h4Da.s 			page 124


 1534      D820568D 
 1534      8EA63178 
 1534      978C730E 
 1534      E5DB
 1535 00df 12431DEA 		.ascii	"\022C\035\352zvu=;8\324h\207\206\213\005\020w\262\021"
 1535      7A76753D 
 1535      3B38D468 
 1535      87868B05 
 1535      1077B211 
 1536 00f3 C87ACA24 		.ascii	"\310z\312$\235\336`4\231\243,V[t\214\335\021\013\353"
 1536      9DDE6034 
 1536      99A32C56 
 1536      5B748CDD 
 1536      110BEB
 1537 0106 A19C6D63 		.ascii	"\241\234mc\260\245\350X\257un\243,\347\311\276m\025"
 1537      B0A5E858 
 1537      AF756EA3 
 1537      2CE7C9BE 
 1537      6D15
 1538 0118 0B87F20B 		.ascii	"\013\207\362\013\2123\274\214\220\032F\340C'd8\011\377"
 1538      8A33BC8C 
 1538      901A46E0 
 1538      43276438 
 1538      09FF
 1539 012a C051988B 		.ascii	"\300Q\230\213\301\003y\236'\2262\346e\000\022>Vu\035"
 1539      C103799E 
 1539      279632E6 
 1539      6500123E 
 1539      56751D
 1540 013d E834F347 		.ascii	"\3504\363G\012\311\370X?y\3554\260$ x\277\253k\262\333"
 1540      0AC9F858 
 1540      3F79ED34 
 1540      B0242078 
 1540      BFAB6BB2 
 1541 0152 92D62068 		.ascii	"\222\326 h'w1y\216\2271h\005\306i\217\203\023\216\001"
 1541      27773179 
 1541      8E973168 
 1541      05C6698F 
 1541      83138E01 
 1542 0166 12E31852 		.ascii	"\022\343\030R\267A\032\002\332\233\246\356S6G\200\267"
 1542      B7411A02 
 1542      DA9BA6EE 
 1542      53364780 
 1542      B7
 1543 0177 BBAAAEFB 		.ascii	"\273\252\256\373\301O\023je\237\344e\022\374\374\022"
 1543      C14F136A 
 1543      659FE465 
 1543      12FCFC12 
 1544 0187 5A42B44F 		.ascii	"ZB\264O\240\373\313\252\206ml\236@\273wO]3\253\350\333"
 1544      A0FBCBAA 
 1544      866D6C9E 
 1544      40BB774F 
 1544      5D33ABE8 
 1545 019c 890A5A07 		.ascii	"\211\012Z\007\355/\241u\210>\001i\204cn\356{\276\305"
 1545      ED2FA175 
 1545      883E0169 
 1545      84636EEE 
ARM GAS  /tmp/ccU7h4Da.s 			page 125


 1545      7BBEC5
 1546 01af AA97F8AE 		.ascii	"\252\227\370\256\371n;@Oq\264\261e\327\021\033\373@"
 1546      F96E3B40 
 1546      4F71B4B1 
 1546      65D7111B 
 1546      FB40
 1547 01c1 B0EE3C74 		.ascii	"\260\356<t\360\036\244\326\013\326\223c\254\351\200"
 1547      F01EA4D6 
 1547      0BD69363 
 1547      ACE980
 1548 01d0 2C172DF6 		.ascii	",\027-\3662=\374\022B\314?\001F\370\025R\005\037\247"
 1548      323DFC12 
 1548      42CC3F01 
 1548      46F81552 
 1548      051FA7
 1549 01e3 3D097A9C 		.ascii	"=\011z\234\351n9\322+\261\217\005\353@C\1779E\326\012"
 1549      E96E39D2 
 1549      2BB18F05 
 1549      EB40437F 
 1549      3945D60A 
 1550 01f7 59F6F58D 		.ascii	"Y\366\365\2153\024\353N\3662\003\234\012Oz:\210\264"
 1550      3314EB4E 
 1550      F632039C 
 1550      0A4F7A3A 
 1550      88B4
 1551 0209 13F498E3 		.ascii	"\023\364\230\343\224/\304\307\367^\322\371\344\347\323"
 1551      942FC4C7 
 1551      F75ED2F9 
 1551      E4E7D3
 1552 0218 1B65DFB9 		.ascii	"\033e\337\271Q\250\254\352M\232\015\270W#\345\027\206"
 1552      51A8ACEA 
 1552      4D9A0DB8 
 1552      5723E517 
 1552      86
 1553 0229 17938417 		.ascii	"\027\223\204\027\263\016/D\317/\026\340\007`\007nd<"
 1553      B30E2F44 
 1553      CF2F16E0 
 1553      0760076E 
 1553      643C
 1554 023b 70436612 		.ascii	"pCf\022\316\223@8c\"\017!\244\204\221i\3740\220}\204"
 1554      CE934038 
 1554      63220F21 
 1554      A4849169 
 1554      FC30907D 
 1555 0250 9432AA3C 		.ascii	"\2242\252<\270\360a\030\334\203\035=\243Y\\\215\207"
 1555      B8F06118 
 1555      DC831D3D 
 1555      A3595C8D 
 1555      87
 1556 0261 59506359 		.ascii	"YPcY\376\335\001#O\012\006\004\272T\361\245\214\355"
 1556      FEDD0123 
 1556      4F0A0604 
 1556      BA54F1A5 
 1556      8CED
 1557 0273 C7AA018E 		.ascii	"\307\252\001\216\201q\310;nR\000\020\014\210\022\226"
 1557      8171C83B 
 1557      6E520010 
ARM GAS  /tmp/ccU7h4Da.s 			page 126


 1557      0C881296 
 1558 0283 7876774F 		.ascii	"xvwO\233\334\220\3472\342H=S6\336s\343\344\005h\200"
 1558      9BDC90E7 
 1558      32E2483D 
 1558      5336DE73 
 1558      E3E40568 
 1559 0298 7AF0320B 		.ascii	"z\3602\013t\203\033\340\014g\306\231\243\233\013[\364"
 1559      74831BE0 
 1559      0C67C699 
 1559      A39B0B5B 
 1559      F4
 1560 02a9 19CD32AF 		.ascii	"\031\3152\257\015/\263\302Y\014\253f\252_\356\321\246"
 1560      0D2FB3C2 
 1560      590CAB66 
 1560      AA5FEED1 
 1560      A6
 1561 02ba 3EB33669 		.ascii	">\2636i\203s\220Q\215\262\320\265\363\220!\264/\011"
 1561      83739051 
 1561      8DB2D0B5 
 1561      F39021B4 
 1561      2F09
 1562 02cc E86828F9 		.ascii	"\350h(\371\376\230\225\353\260\001\205\013\232p)\257"
 1562      FE9895EB 
 1562      B001850B 
 1562      9A7029AF 
 1563 02dc E7BB055C 		.ascii	"\347\273\005\\7\235\200\215\311\302\365\020\225\321"
 1563      379D808D 
 1563      C9C2F510 
 1563      95D1
 1564 02ea 359C132E 		.ascii	"5\234\023.\242\254\3106p)\334\006.\277~\0031p\205o\200"
 1564      A2ACC836 
 1564      7029DC06 
 1564      2EBF7E03 
 1564      3170856F 
 1565 02ff 2A73ED57 		.ascii	"*s\355W\373\276e|\235B1i\207\253\220!\344A\017\362c"
 1565      FBBE657C 
 1565      9D423169 
 1565      87AB9021 
 1565      E4410FF2 
 1566 0314 C0BDC1A6 		.ascii	"\300\275\301\246\373\206\224E^\271\032\247\035\034\322"
 1566      FB869445 
 1566      5EB91AA7 
 1566      1D1CD2
 1567 0323 B9FBCC56 		.ascii	"\271\373\314V!\255Z@b\241\027R\024\3105\005r\350\307"
 1567      21AD5A40 
 1567      62A11752 
 1567      14C83505 
 1567      72E8C7
 1568 0336 41670A0D 		.ascii	"Ag\012\015Bl*\362\024\232\203\021\327\375\210>\005\261"
 1568      426C2AF2 
 1568      149A8311 
 1568      D7FD883E 
 1568      05B1
 1569 0348 F3A7A252 		.ascii	"\363\247\242R\312]\213\203<\003\334\000\247\227\305"
 1569      CA5D8B83 
 1569      3C03DC00 
 1569      A797C5
ARM GAS  /tmp/ccU7h4Da.s 			page 127


 1570 0357 0BDF74FB 		.ascii	"\013\337t\373*Z\206\0117\216\375\217q\375\021\033\367"
 1570      2A5A8609 
 1570      378EFD8F 
 1570      71FD111B 
 1570      F7
 1571 0368 DBEB8D9B 		.ascii	"\333\353\215\233\001\003\3028\025v\242\270\240\307\034"
 1571      0103C238 
 1571      1576A2B8 
 1571      A0C71C
 1572 0377 3067260C 		.ascii	"0g&\014\372\315\371=bs\206\374[\275\031\2519\267\374"
 1572      FACDF93D 
 1572      627386FC 
 1572      5BBD19A9 
 1572      39B7FC
 1573 038a 88DB5C68 		.ascii	"\210\333\\h\220\031z-\373u\023\340~\245\031\263j\370"
 1573      90197A2D 
 1573      FB7513E0 
 1573      7EA519B3 
 1573      6AF8
 1574 039c C1C2B06A 		.ascii	"\301\302\260jF\345\217}\351\334\326\004\370\006F8\321"
 1574      46E58F7D 
 1574      E9DCD604 
 1574      F8064638 
 1574      D1
 1575 03ad 1B82C810 		.ascii	"\033\202\310\020Rz}\243L\311`{p%IXz\177h\031l|e\351"
 1575      527A7DA3 
 1575      4CC9607B 
 1575      70254958 
 1575      7A7F6819 
 1576 03c5 D1881C1F 		.ascii	"\321\210\034\037\015\227\252c\341jm\\\253\265?_\254"
 1576      0D97AA63 
 1576      E16A6D5C 
 1576      ABB53F5F 
 1576      AC
 1577 03d6 B5E0E232 		.ascii	"\265\340\3422EZ\\\023\021\347\310_\341\024\337\011W"
 1577      455A5C13 
 1577      11E7C85F 
 1577      E114DF09 
 1577      57
 1578 03e7 5C77C315 		.ascii	"\\w\303\025\327=\177\376\334\2178\177\376\366g\303\203"
 1578      D73D7FFE 
 1578      DC8F387F 
 1578      FEF667C3 
 1578      83
 1579 03f8 48F367D2 		.ascii	"H\363g\322\217x\250 \012\332\344F\223R\\\371\006x\024"
 1579      8F78A820 
 1579      0ADAE446 
 1579      93525CF9 
 1579      067814
 1580 040b C82773C4 		.ascii	"\310's\304\305\3658b\343\236\204+\256\177\302\026\327"
 1580      C5F53862 
 1580      E39E842B 
 1580      AE7FC216 
 1580      D7
 1581 041c 94DF9C7F 		.ascii	"\224\337\234\177#6\347\251\177\253\317\"5\347\271\037"
 1581      2336E7A9 
 1581      7FABCF22 
ARM GAS  /tmp/ccU7h4Da.s 			page 128


 1581      35E7B91F 
 1582 042c 31CD8506 		.ascii	"1\315\205\006\231\021\025qq\311\024\315\010.'K\240\234"
 1582      99111571 
 1582      71C914CD 
 1582      082E274B 
 1582      A09C
 1583 043e 78698C95 		.ascii	"xi\214\225\265\036\006%Kyo\344\353k\271nC{\\\350B]\016"
 1583      B51E0625 
 1583      4B796FE4 
 1583      EB6BB96E 
 1583      437B5CE8 
 1584 0455 BE0A9DF8 		.ascii	"\276\012\235\370\212S\336i8\353\362\016\036\016X\224"
 1584      8A53DE69 
 1584      38EBF20E 
 1584      1E0E5894 
 1585 0465 082ECA2D 		.ascii	"\010.\312-\222\024\213\016^\331\333eR&\353\216\242\275"
 1585      92148B0E 
 1585      5ED9DB65 
 1585      5226EB8E 
 1585      A2BD
 1586 0477 B3218F62 		.ascii	"\263!\217bv\351x=\344SQ\017\243\035\013\002Ki\245\213"
 1586      76E9783D 
 1586      E453510F 
 1586      A31D0B02 
 1586      4B69A58B 
 1587 048b AF6B7053 		.ascii	"\257kpS\177}Xw\016=\274H\205\276\011\330Pwk\262\335"
 1587      7F7D5877 
 1587      0E3DBC48 
 1587      85BE09D8 
 1587      50776BB2 
 1588 04a0 C0BB080F 		.ascii	"\300\273\010\017K\010\331`R\215\350\2456\360\015\242"
 1588      4B08D960 
 1588      528DE8A5 
 1588      36F00DA2 
 1589 04b0 480F8BF7 		.ascii	"H\017\213\367\2627\225U\316\215\345\353\003 m!\354\032"
 1589      B2379555 
 1589      CE8DE5EB 
 1589      03206D21 
 1589      EC1A
 1590 04c2 A0405BC8 		.ascii	"\240@[\310\266\251\255d\004\374Fl-i\275|*N\355W^p!\311"
 1590      B6A9AD64 
 1590      04FC466C 
 1590      2D69BD7C 
 1590      2A4EED57 
 1591 04da CB929148 		.ascii	"\313\222\221HA\302F\334rhD3\3577R\360\007I\371\005\202"
 1591      41C246DC 
 1591      72684433 
 1591      EF3752F0 
 1591      0749F905 
 1592 04ef 428C11E2 		.ascii	"B\214\021\342\037L\0161EGb\210\370\267jD+W\244\211O"
 1592      1F4C0E31 
 1592      45476288 
 1592      F8B76A44 
 1592      2B57A489 
 1593 0504 F0B2B785 		.ascii	"\360\262\267\205\254\350\376\355\305\315\0208\237=\255"
 1593      ACE8FEED 
 1593      C5CD1038 
ARM GAS  /tmp/ccU7h4Da.s 			page 129


 1593      9F3DAD
 1594 0513 C781773C 		.ascii	"\307\201w<\036&\205\256\373\234\206\036P\363\241\306"
 1594      1E2685AE 
 1594      FB9C861E 
 1594      50F3A1C6 
 1595 0523 F3563C03 		.ascii	"\363V<\003l\256\352\332\360\014\346@\2618\"\3216\225"
 1595      6CAEEADA 
 1595      F00CE640 
 1595      B13822D1 
 1595      3695
 1596 0535 E02188D2 		.ascii	"\340!\210\322\021l3C\024\245\326\210\366\260TQ$\005"
 1596      116C3343 
 1596      14A5D688 
 1596      F6B05451 
 1596      2405
 1597 0547 FBF60EFA 		.ascii	"\373\366\016\372\266\211\342Bvar\232b\362\310x\307\214"
 1597      B689E242 
 1597      7661729A 
 1597      62F2C878 
 1597      C78C
 1598 0559 0095166C 		.ascii	"\000\225\026l\300\3402\315\344\230\346\362\015\275\242"
 1598      C0E032CD 
 1598      E498E6F2 
 1598      0DBDA2
 1599 0568 6A41F93D 		.ascii	"jA\371=\324\000;N<\2332(\000\354\313U@\011\263\217V"
 1599      D4003B4E 
 1599      3C9B3228 
 1599      00ECCB55 
 1599      4009B38F 
 1600 057d 1EF988C7 		.ascii	"\036\371\210\307K\245\314\241Ya$\217\304\301\264\335"
 1600      4BA5CCA1 
 1600      5961248F 
 1600      C4C1B4DD 
 1601 058d DAB757B4 		.ascii	"\332\267W\264\337\230\330\000\025\324i\247\301k\343"
 1601      DF98D800 
 1601      15D469A7 
 1601      C16BE3
 1602 059c 7F415049 		.ascii	"\177API\235\321|\320U\362\303\016\2532\310`3u\306P\224"
 1602      9DD17CD0 
 1602      55F2C30E 
 1602      AB32C860 
 1602      3375C650 
 1603 05b1 C3FF5390 		.ascii	"\303\377S\220%a\356\035\240\270O\236\235\217@\207\007"
 1603      2561EE1D 
 1603      A0B84F9E 
 1603      9D8F4087 
 1603      07
 1604 05c2 64AB6D2C 		.ascii	"d\253m,O\342\201\326\256\306h\017\323;j\367\224/EA\240"
 1604      4FE281D6 
 1604      AEC6680F 
 1604      D33B6AF7 
 1604      942F4541 
 1605 05d7 40781B48 		.ascii	"@x\033H\2103=}>\376e\255\311\311\236\237\233\2235?s"
 1605      88333D7D 
 1605      3EFE65AD 
 1605      C9C99E9F 
 1605      9B93353F 
ARM GAS  /tmp/ccU7h4Da.s 			page 130


 1606 05ec 4DEEA72B 		.ascii	"M\356\247+\226ee~\231\236Et\374\373+\335\212\234\314"
 1606      9665657E 
 1606      999E4574 
 1606      FCFB2BDD 
 1606      8A9CCC
 1607 05ff D5D986B5 		.ascii	"\325\331\206\265\253Vg\257Y\267\326\230\231\365\365"
 1607      AB5667AF 
 1607      59B7D698 
 1607      99F5F5
 1608 060e BA5539D9 		.ascii	"\272U9\331\313\331\352\334\225\316\324\334wS\327\315"
 1608      CBD9EADC 
 1608      95CED4DC 
 1608      7753D7CD 
 1609 061e 5D988CA8 		.ascii	"]\230\214\250O\226\255\\\362Yv\326\347\311+2W}\221\275"
 1609      4F96AD5C 
 1609      F25976D6 
 1609      E7C92B32 
 1609      577D91BD 
 1610 0632 9CFC0766 		.ascii	"\234\374\007f\3311?"
 1610      D9313F
 1611              		.text
 1612              		.section	.gnu.lto__aosSdcanWritet.d6499f0ae6d76a39,"e",%progbits
 1613 0000 789CA598 		.ascii	"x\234\245\230kPT\311\025\307\357\351\236\231;\357a\000"
 1613      6B5054C9 
 1613      15C7EFE9 
 1613      9E993BEF 
 1613      6100
 1614 0012 9FA3868D 		.ascii	"\237\243\206\215\262\276\022\300]K\013\255MY\225\312"
 1614      B2BE12C0 
 1614      5D4B0BAD 
 1614      4D5995CA 
 1615 0022 56E54BAA 		.ascii	"V\345K\252\366c>\245\\\343V\231*u\003X\225\252|\330"
 1615      F6633EA5 
 1615      5CE35699 
 1615      2A750358 
 1615      95AA7CD8 
 1616 0036 CBC34101 		.ascii	"\313\303A\001\301\270\212\014:\014>\020\037Q4\270\301"
 1616      C1B88A0C 
 1616      3A0C3E10 
 1616      1F5134B8 
 1616      C1
 1617 0047 55575076 		.ascii	"UWPv} \370X\225\005TPY\025\020\361\021%\202\0029\247"
 1617      7D20F858 
 1617      95055450 
 1617      591510F1 
 1617      11258202 
 1618 005d FBCE0C4F 		.ascii	"\373\316\014O-+\2244\367\3669\347\337\335\277>}\356"
 1618      2D2B9434 
 1618      F7F639E7 
 1618      DFDDBF3E 
 1618      7DEE
 1619 006f BD9A1550 		.ascii	"\275\232\025P>u+\312\037\025E\231\016\212\002\321\012"
 1619      3E752BCA 
 1619      1F154599 
 1619      0E8A02D1 
 1619      0A
 1620 0080 304DD396 		.ascii	"0M\323\226\250\251f\3068^\305\0304\253A\376\265s0\352"
ARM GAS  /tmp/ccU7h4Da.s 			page 131


 1620      A8A966C6 
 1620      385EC518 
 1620      34AB41FE 
 1620      B57330EA 
 1621 0094 3643E8CA 		.ascii	"6C\350\312\010\221\372\225\211\251Y\207\362\306\241"
 1621      0891FA95 
 1621      89A95987 
 1621      F2C6A1
 1622 00a3 BFB9FBEA 		.ascii	"\277\271\373\352\3239\350\257\202K\267\231\231\245s"
 1622      D339E8AF 
 1622      824BB799 
 1622      99A573
 1623 00b2 D75DB259 		.ascii	"\327]\262Y7\337*\"\233%d\2632\233>\216]\037\307\006"
 1623      37DF2A22 
 1623      9B2564B3 
 1623      329B3E8E 
 1623      5D1FC706 
 1624 00c6 76DD6667 		.ascii	"v\335fg\016\335\346\324m\016p\3526gH\301\305\"\362\362"
 1624      0EDDE6D4 
 1624      6D0E70EA 
 1624      366748C1 
 1624      C522F2F2 
 1625 00da AF7F825E 		.ascii	"\257\177\202^Q\317\332\0170\364\212`\356a=n}\236\247"
 1625      51CFDA0F 
 1625      30F48A60 
 1625      EE613D6E 
 1625      7D9EA7
 1626 00ed CD91CC34 		.ascii	"\315\221\3144\314\026\005 l\232\031\224\257\0307\030"
 1626      CC160520 
 1626      6C9A1994 
 1626      AF183718 
 1627 00fd 4DAAD962 		.ascii	"M\252\331b\265\331\035NW\204;2\012\276b\221J\350'\217"
 1627      B5D91D4E 
 1627      57843B32 
 1627      0ABE6291 
 1627      4AE8278F 
 1628 0111 6FE5D09C 		.ascii	"o\345\320\234\346\177e\317\345\001\256\200\001o7\327"
 1628      E67F65CF 
 1628      E501AE80 
 1628      016F37D7 
 1629 0121 1CBD60A5 		.ascii	"\034\275`\245[\200\030\274\315\250/\372\3260\273T\323"
 1629      5B8018BC 
 1629      CDA82FFA 
 1629      D630BB54 
 1629      D3
 1630 0132 D2B4AAAD 		.ascii	"\322\264\252\255\015\323\237U{\2636B\2003\305\207\376"
 1630      0DD39F55 
 1630      7BB33642 
 1630      8033C587 
 1630      FE
 1631 0143 27C003C7 		.ascii	"'\300\003\307\301#\264\340$\314F\377ku76\252|\032(x"
 1631      C123B4E0 
 1631      24CC46FF 
 1631      6B753736 
 1631      AA7C1A28 
 1632 0158 5D7335BF 		.ascii	"]s5\277\322<\263D\304v\356\346\332\214\000\347\360\035"
 1632      D23CB344 
ARM GAS  /tmp/ccU7h4Da.s 			page 132


 1632      C476EEE6 
 1632      DA8C00E7 
 1632      F01D
 1633 016a F021A1D8 		.ascii	"\360!\241\330\207\301\247`&\006\274\316\276\221o\341"
 1633      87C1A760 
 1633      2606BCCE 
 1633      BE916FE1 
 1634 017a 1F88E092 		.ascii	"\037\210\340\222+w\357\031\365\340\357KE\260\001*G\004"
 1634      2B77EF19 
 1634      F5E0EF4B 
 1634      45B0012A 
 1634      4704
 1635 018c 1B30B84A 		.ascii	"\0330\270J\004\367i\233\363\235|\206\010no9\347\005"
 1635      04F7699B 
 1635      F39D7C86 
 1635      086E6F39 
 1635      E705
 1636 019e 3DF8D6C4 		.ascii	"=\370\326\304B\255\312\200S\206\323#\242\031F\237\021"
 1636      42ADCA80 
 1636      5386D323 
 1636      A219469F 
 1636      11
 1637 01af D1B77237 		.ascii	"\321\267r7\337w\362\017Et\306\336\336\006\253\036\375"
 1637      DF77F20F 
 1637      4574C6DE 
 1637      DE06AB1E 
 1637      FD
 1638 01c0 F364196D 		.ascii	"\363d\031m\204\352\021\321F\214\376\036f*\024\263\343"
 1638      84EA11D1 
 1638      468CFE1E 
 1638      662A14B3 
 1638      E3
 1639 01d1 C6953490 		.ascii	"\306\2254\220\024#\360\366\340\300\303m.IQ\003\274?"
 1639      1423F0F6 
 1639      E0C0C36D 
 1639      2E495103 
 1639      BC3F
 1640 01e3 BDAFF719 		.ascii	"\275\257\367\031\343qB\376\333\256\007\375\316\330]"
 1640      E37142FE 
 1640      DBAE07FD 
 1640      CED85D
 1641 01f2 5A95A655 		.ascii	"Z\225\246U]\312\343Ei\232vD3\007\270\011\316\311!\316"
 1641      5DCAE345 
 1641      699A7644 
 1641      3307B809 
 1641      CEC921CE 
 1642 0206 E2103FE8 		.ascii	"\342\020?\350X)\240r \277\322 \265\315x\273e\377\351"
 1642      5829A072 
 1642      20BFD220 
 1642      B5CD78BB 
 1642      65FFE9
 1643 0219 3776A95D 		.ascii	"7v\251]E\346\274\363\2673-|\276\320\276\373z\335~\243"
 1643      45E6BCF3 
 1643      B7332D7C 
 1643      BED0BEFB 
 1643      7ADD7EA3 
 1644 022d AE7D368F 		.ascii	"\256}6\217\037\370\267\256\255\302E\251]\203\332\027"
ARM GAS  /tmp/ccU7h4Da.s 			page 133


 1644      1FF8B7AE 
 1644      ADC245A9 
 1644      5D83DA17 
 1645 023d 0669B7AD 		.ascii	"\006i\267\255\325\016Z\370oD\360\246\352\326^\013\006"
 1645      D50E5AF8 
 1645      6F44F0A6 
 1645      EAD65E0B 
 1645      06
 1646 024e D3BAFB73 		.ascii	"\323\272\373s\371\336\303\232\226\276$\300\315P'c?\366"
 1646      F9DEC39A 
 1646      96BE24C0 
 1646      CD502763 
 1646      3FF6
 1647 0260 404238B2 		.ascii	"@B8\262\341\273\232\0036\376;\021\331\367\242\263\307"
 1647      E1BB9A03 
 1647      36FE3B11 
 1647      D9F7A2B3 
 1647      C7
 1648 0271 A44776E7 		.ascii	"\244Gv\347\362\302\243\232\266~\011!\277<\014\232\036"
 1648      F2C2A39A 
 1648      B67E0921 
 1648      BF3C0C9A 
 1648      1E
 1649 0282 7BEF48FF 		.ascii	"{\357H\377\026\207\311\000W \026.\341o-\376\236\207"
 1649      1687C900 
 1649      5720162E 
 1649      E16F2DFE 
 1649      9E87
 1650 0294 584A2A4A 		.ascii	"XJ*J\245\253`\"h[\037\371\316p\376\231\030\241\340V"
 1650      A5AB6022 
 1650      685B1FF9 
 1650      CE70FE99 
 1650      18A1E056 
 1651 02a8 63AB4B5F 		.ascii	"c\253K_\330\203B^\026^\330\217\243/,8\3045\224%A\322"
 1651      D883425E 
 1651      165ED88F 
 1651      A32F2C38 
 1651      C4359425 
 1652 02be BD8EBA8A 		.ascii	"\275\216\272\212b\034>,\371\224\375h\254\322\372\007"
 1652      621C3E2C 
 1652      F994FD68 
 1652      ACD2FA07 
 1653 02ce 32513D17 		.ascii	"2Q=\027\256V\264],7 \224\000\2670l\254\034\033\233\201"
 1653      AE56B45D 
 1653      2C372094 
 1653      00B7306C 
 1653      AC1C1B9B 
 1654 02e3 1A233676 		.ascii	"\032#6v\223B\022*^:\314\3308-\324X\261q\331\350\312"
 1654      9342122A 
 1654      5E3ACCD8 
 1654      382DD458 
 1654      B171D9E8 
 1655 02f8 4E710E6C 		.ascii	"Nq\016l\"\234t\345\242\253\010l\334nj\"\251\211\242"
 1655      229C74E5 
 1655      A2AB086C 
 1655      DC6E6A22 
 1655      A989A2
ARM GAS  /tmp/ccU7h4Da.s 			page 134


 1656 030b 269A9A71 		.ascii	"&\232\232q\324\214'\277\011\3447\221T&a\243L\026\211"
 1656      D48C27BF 
 1656      09E43791 
 1656      542661A3 
 1656      4C1689
 1657 031e ED11434D 		.ascii	"\355\021CMQh\276S\261;r\0325\261@'f\016\220\307\\\240"
 1657      5168BE53 
 1657      B13B721A 
 1657      35B14027 
 1657      660E90C7 
 1658 0334 148E074A 		.ascii	"\024\216\007J\305yd\374\210\232\371\"b\241h\023E\273"
 1658      C57964FC 
 1658      889AF922 
 1658      62A16813 
 1658      45BB
 1659 0346 48E82D16 		.ascii	"H\350-\026z\212\222\315\225=\215[\027\200V\245(9\234"
 1659      7A8A92CD 
 1659      953D8D5B 
 1659      178056A5 
 1659      28399C
 1660 0359 89EB54BC 		.ascii	"\211\353T\274\356\200\264\346\366\236#\177\023{\200"
 1660      EE80B4E6 
 1660      F69E237F 
 1660      137B80
 1661 0368 6C9064FD 		.ascii	"l\220d\375\235\012\237\232\270\020\023T\201\033\220"
 1661      9D0A9F9A 
 1661      B8101354 
 1661      811B90
 1662 0377 482E27DB 		.ascii	"H.'\333\373\216\334a\344\343\347\264S\271\351O\232\315"
 1662      FB8EDC61 
 1662      E4E3E7B4 
 1662      53B9E94F 
 1662      9ACD
 1663 0389 94925162 		.ascii	"\224\222Qb\263\252\232\0167:K`W*\025\272\000\217\366"
 1663      B3AA9A0E 
 1663      373A4B60 
 1663      572A15BA 
 1663      008FF6
 1664 039c F358A8A7 		.ascii	"\363X\250\247\275A[j\240\345\230)\341\220&M\026\370"
 1664      BD415B6A 
 1664      A0E59829 
 1664      E190264D 
 1664      16F8
 1665 03ae 094AA040 		.ascii	"\011J\240@n{\003$\010\361\013\177\227\312l\260\262e"
 1665      6E7B0324 
 1665      08F10B7F 
 1665      97CA6CB0 
 1665      B265
 1666 03c0 8472F14E 		.ascii	"\204r\361N\332\226q8\003h\324\305\017U\224^v\240\370"
 1666      DA967138 
 1666      0368D4C5 
 1666      0F55945E 
 1666      76A0F8
 1667 03d3 46213E1E 		.ascii	"F!>\036\232\2048\310\214\270|\361\3532\220\306\342S"
 1667      9A8438C8 
 1667      8CB87CF1 
 1667      EB3290C6 
ARM GAS  /tmp/ccU7h4Da.s 			page 135


 1667      E253
 1668 03e5 A838016E 		.ascii	"\2508\001nBB\001\325\000q*\233Nn7\350\326.\264N\204"
 1668      424201D5 
 1668      00712A9B 
 1668      4E6E37E8 
 1668      D62EB44E 
 1669 03fa 5B64A599 		.ascii	"[d\245\231\301m9\261\346,\177\300\353\242\271\241\377"
 1669      C16D39B1 
 1669      E62C7FC0 
 1669      EBA2B9A1 
 1669      FF
 1670 040b 860B57BA 		.ascii	"\206\013W\272M\011q\001>\2110\025P!\"\231\332\314\243"
 1670      4D097101 
 1670      3E893015 
 1670      50212299 
 1670      DACCA3
 1671 041e 9B18755B 		.ascii	"\233\030u[\241\231\342\215\024\337\002\011\270\032\222"
 1671      A199E28D 
 1671      14DF0209 
 1671      B81A92
 1672 042d 6868CF2A 		.ascii	"hh\317*\337\015ry<\244\"h\024'\215\320:XrN]0\037\263"
 1672      DF0D7279 
 1672      3CA42268 
 1672      14278DD0 
 1672      3A58724E 
 1673 0445 0EEEE00C 		.ascii	"\016\356\340\014\024\270\013\013P$=?\323g\224\022\006"
 1673      14B80B0B 
 1673      50243D3F 
 1673      D3679412 
 1673      06
 1674 0456 A912AAD9 		.ascii	"\251\022\252\3316\210\201{\310\342>d\264T\317\327}\320"
 1674      3688817B 
 1674      C8E23E64 
 1674      B454CFD7 
 1674      7DD0
 1675 0468 E1DC93C7 		.ascii	"\341\334\223\307\327A:(\320\252\237\222\034\316\257"
 1675      D7413A28 
 1675      D0AA9F92 
 1675      1CCEAF
 1676 0477 75667B82 		.ascii	"uf{\202\333~\262=\273\274\215\313\030\343p\324\375\354"
 1676      DB7EB23D 
 1676      BBBC8DCB 
 1676      18E370D4 
 1676      FDEC
 1677 0489 5DA87F1E 		.ascii	"]\250\177\036\013\365q\034v2\334'\030\246\221\250;\320"
 1677      0BF5711C 
 1677      7632DC27 
 1677      18A691A8 
 1677      3BD0
 1678 049b EA810764 		.ascii	"\352\201\007dU\011\325\303 \352\036>\004\264D\364\227"
 1678      5509D5C3 
 1678      20EA1E3E 
 1678      04B444F4 
 1678      97
 1679 04ac 009F2211 		.ascii	"\000\237\"\021\231\007\343\016f\323Th#!\213\264}S\220"
 1679      9907E30E 
 1679      66D35468 
ARM GAS  /tmp/ccU7h4Da.s 			page 136


 1679      23218BB4 
 1679      7D5390
 1680 04bf F5D815B2 		.ascii	"\365\330\025\262\331\241\235lV\032\244\203\366\303("
 1680      D9A19D6C 
 1680      561AA483 
 1680      F6C328
 1681 04ce 10188622 		.ascii	"\020\030\206\"\330\020B\240\276?\202GoC0\001:\307\310"
 1681      D81042A0 
 1681      BE3F8247 
 1681      6F433001 
 1681      3AC7C8
 1682 04e1 3642300D 		.ascii	"6B0\015\036\223\325F\263\353\372\177\020\374\002\236"
 1682      1E93D546 
 1682      B3EBFA7F 
 1682      10FC029E 
 1683 04f1 90907D34 		.ascii	"\220\220}4\004\016xJ6\007\015\362\214\020\250\002\201"
 1683      040E784A 
 1683      36070DF2 
 1683      8C10A802 
 1683      81
 1684 0502 3174F83B 		.ascii	"1t\370;!\243\270\262v\236(\227\030\355\337[;`\311\200"
 1684      21A3B8B2 
 1684      769E2897 
 1684      18EDDF5B 
 1684      3B60C980 
 1685 0516 B454ACB3 		.ascii	"\264T\254\2631>Z\030<\207\014q\016\017>}\271\333A&\251"
 1685      313E5A18 
 1685      3C870C71 
 1685      0E0F3E7D 
 1685      B9DB4126 
 1686 052b FC8128A5 		.ascii	"\374\201(\245\024\006\377A\217\000\377\245P6\365\036"
 1686      1406FF41 
 1686      8F00FFA5 
 1686      5036F51E 
 1687 053b DEF198EB 		.ascii	"\336\361\230\353t\323\213\274u\345\336\361\222\256\331"
 1687      74D38BBC 
 1687      75E5DEF1 
 1687      92AED9
 1688 054a CFE7FAB9 		.ascii	"\317\347\372\271\207\272\237{\367},;-\330\217\332=]"
 1688      87BA9F7B 
 1688      F77D2C3B 
 1688      2DD88FDA 
 1688      3D5D
 1689 055c 250D9C92 		.ascii	"%\015\234\222\225\201\031^\0009\245\275\311\324\017"
 1689      9581195E 
 1689      0039A5BD 
 1689      C9D40F
 1690 056b 8D15DDDE 		.ascii	"\215\025\335\336Ng\264\363\030$\340\202\227D\300I\004"
 1690      4E67B4F3 
 1690      1824E082 
 1690      9744C049 
 1690      04
 1691 057c BA898055 		.ascii	"\272\211\200Uj\335.?\253W3\033\351w\2027f4\010\323}"
 1691      6ADD2E3F 
 1691      AB57331B 
 1691      E9778237 
 1691      663408D3 
ARM GAS  /tmp/ccU7h4Da.s 			page 137


 1692 0591 E28DE1BF 		.ascii	"\342\215\341\277:\204\301\003\357\301E\317\220#\273"
 1692      3A84C103 
 1692      EFC145CF 
 1692      9023BB
 1693 05a0 461B3916 		.ascii	"F\0339\026^\321\310\021\322v\374\332\271\026s\030\337"
 1693      5ED1C811 
 1693      D276FCDA 
 1693      B9167318 
 1693      DF
 1694 05b1 87D00309 		.ascii	"\207\320\003\011\022_/j\373\371d\234H\200\317\024\033"
 1694      125F2F6A 
 1694      FBF9649C 
 1694      4880CF14 
 1694      1B
 1695 05c2 F2BAF6B3 		.ascii	"\362\272\366\263\321\3462\313'^\234^\353s);\236{B%h"
 1695      D1E632CB 
 1695      275E9C5E 
 1695      EB73293B 
 1695      9E7B4225 
 1696 05d7 B3A14D85 		.ascii	"\263\241M\2057\340\011\3609\262\014\364\373\322Mrm\361"
 1696      37E009F0 
 1696      39B20CF4 
 1696      FBD24D72 
 1696      6DF1
 1697 05e9 83EBA911 		.ascii	"\203\353\251\021+A_\250\022\250\031\007ZwB\370\034\354"
 1697      2B415FA8 
 1697      12A81907 
 1697      5A7742F8 
 1697      1CEC
 1698 05fb 2D7FA59F 		.ascii	"-\177\245\237\003\373{\326\363\376p=\037\010\326\363"
 1698      03FB7BD6 
 1698      F3FE703D 
 1698      1F08D6F3 
 1699 060b 5952CA31 		.ascii	"YR\3121\374H\035\267\313#e\037\355H\025\357D\244sAc"
 1699      FC481DB7 
 1699      CB23651F 
 1699      ED4815EF 
 1699      44A47341 
 1700 0620 A4E726BD 		.ascii	"\244\347&\275T\226\020\332\032?O\034\006\344W>\3612"
 1700      549610DA 
 1700      1A3F4F1C 
 1700      06E4573E 
 1700      F132
 1701 0632 98C61088 		.ascii	"\230\306\020\210\034\253\345\247\376\365\006\235r\361"
 1701      1CABE5A7 
 1701      FEF5069D 
 1701      72F1
 1702 0640 4E4780FF 		.ascii	"NG\200\377Z<\355\005\347tt\033\\\030#\021G\006Cjq\202"
 1702      5A3CED05 
 1702      E774741B 
 1702      5C182311 
 1702      4706436A 
 1703 0656 87F9E5DA 		.ascii	"\207\371\345\332S5L\360\020\020/\025\266\252a\2109;"
 1703      53354CF0 
 1703      10102F15 
 1703      B6AA6188 
 1703      393B
ARM GAS  /tmp/ccU7h4Da.s 			page 138


 1704 0668 9BD2B984 		.ascii	"\233\322\271\2048\200?.X\313\202 -\336\306CO\2250\310"
 1704      38803F2E 
 1704      58CB8220 
 1704      2DDEC643 
 1704      4F9530C8 
 1705 067c FD2190CE 		.ascii	"\375!\220\316\367\004\351e!\220\231l(H\327X \235o\001"
 1705      F704E965 
 1705      2190996C 
 1705      2848D758 
 1705      209D6F01 
 1706 0690 B92E0C72 		.ascii	"\271.\014r\375\020\220\013G\007\231%A\272\336\0012["
 1706      FD10900B 
 1706      47079925 
 1706      41BADE01 
 1706      325B
 1707 06a2 823CE9ED 		.ascii	"\202<\351\355;\245J\220\022IN\030\246\265\353\237yM"
 1707      3BA54A90 
 1707      12494E18 
 1707      A6B5EB9F 
 1707      794D
 1708 06b4 10AA3015 		.ascii	"\020\2520\025u\177\2457\2611*\314\006&\023\272\245\270"
 1708      757FA537 
 1708      B1312ACC 
 1708      062613BA 
 1708      A5B8
 1709 06c6 ECF7830B 		.ascii	"\354\367\203\013\014\276\243\211(\310e\262\300\010\274"
 1709      0CBEA389 
 1709      28C865B2 
 1709      C008BC
 1710 06d5 87CA8F31 		.ascii	"\207\312\2171\352\366sz\353\036\250{\372\302\026B\030"
 1710      EAF6737A 
 1710      EB1EA87B 
 1710      FAC21642 
 1710      18
 1711 06e6 4F31059C 		.ascii	"O1\005\234\276w O'h\221\316n*\320g~\310U\0079\327\206"
 1711      BE77204F 
 1711      276891CE 
 1711      6E2AD067 
 1711      7EC85507 
 1712 06fd 9C37A233 		.ascii	"\2347\2423\356\372\355\337\352\312~A\215Vb\253\250\317"
 1712      EEFAEDDF 
 1712      EACA7E41 
 1712      8D5662AB 
 1712      A8CF
 1713 070f 7C2C7617 		.ascii	"|,v\027DA\003\351\021\251;a\337\341`_\024v\343(uE\205"
 1713      444103E9 
 1713      11A93B61 
 1713      DFE1605F 
 1713      1476E328 
 1714 0726 0DE265DD 		.ascii	"\015\342e\335\015U\031\237\300?\230\250y\333\203^\230"
 1714      0D55199F 
 1714      C03F98A8 
 1714      79DB835E 
 1714      98
 1715 0737 0151E8B5 		.ascii	"\001Q\350\265\355L\361}UzU\242\327&\351u,\350\205;\033"
 1715      ED4CF17D 
 1715      557A55A2 
ARM GAS  /tmp/ccU7h4Da.s 			page 139


 1715      D726E975 
 1715      2CE8853B 
 1716 074c AD878A4A 		.ascii	"\255\207\212J(:\347a\277\230\224=\204\327 \230\224Q"
 1716      283AE761 
 1716      BF98943D 
 1716      84D72098 
 1716      9451
 1717 075e CA0997F1 		.ascii	"\312\011\227\361\357\231r_\207Sns8\345\204\324\204\261"
 1717      EF99725F 
 1717      87536E73 
 1717      38E584D4 
 1717      84B1
 1718 0770 526EFC5B 		.ascii	"Rn\374[RnK8\345\362%\323\233:\323\251x\220h\234n\300"
 1718      526E4B38 
 1718      E5F225D3 
 1718      9B3AD3A9 
 1718      7890689C 
 1719 0786 AB79B6A6 		.ascii	"\253y\266\246G9\177\240\343ge\270\036\3070\310}\337"
 1719      47397FA0 
 1719      E36765B8 
 1719      1EC730C8 
 1719      7DDF
 1720 0798 78A365D4 		.ascii	"x\243e\324G\030\205\261b\325\316\360\252E*\013\207\371"
 1720      471885B1 
 1720      62D5CEF0 
 1720      AA452A0B 
 1720      87F9
 1721 07aa A3A7F256 		.ascii	"\243\247\362V\231\312\023\306Ne\221Y\005\214j\3574J"
 1721      99CA13C6 
 1721      4E659159 
 1721      058C6AEF 
 1721      344A
 1722 07bc DB0E38D3 		.ascii	"\333\0168\323,8S\016a\330\303\347\255\315\266\304\012"
 1722      2C38530E 
 1722      61D8C3E7 
 1722      ADCDB6C4 
 1722      0A
 1723 07cd 6D1DAE   		.ascii	"m\035\256"
 1724 07d0 4B55C0C7 		.ascii	"KU\300\307\022i\356\323pJ\216MV\232\271\235f\356\012"
 1724      1269EED3 
 1724      704A8E4D 
 1724      569AB99D 
 1724      66EE0A
 1725 07e3 3FEF70AD 		.ascii	"?\357p\255m\325\227\266\005K\357\024\3248\325z\244L"
 1725      6DD597B6 
 1725      054BEF14 
 1725      D438D57A 
 1725      A44C
 1726 07f5 BCA599F1 		.ascii	"\274\245\231\361\233\020\012e\311\350\206)X\312\324"
 1726      9B100A65 
 1726      C9E88629 
 1726      58CAD4
 1727 0804 C28E9C59 		.ascii	"\302\216\234Yx\022-5\035v\\\205\263\343\221\035\345"
 1727      78122D35 
 1727      1D765C85 
 1727      B3E3911D 
 1727      E5
ARM GAS  /tmp/ccU7h4Da.s 			page 140


 1728 0815 227ACE16 		.ascii	"\"z\316\026\336\024r\240\313\265\272\302r\251\331\373"
 1728      DE1472A0 
 1728      CBB5BAC2 
 1728      72A9D9FB 
 1729 0825 7738A41C 		.ascii	"w8\244\034&P\250\000\271\233\366\264]\340\341\002t\242"
 1729      2650A800 
 1729      B99BF6B4 
 1729      5DE0E102 
 1729      74A2
 1730 0837 7CAFFEE8 		.ascii	"|\257\376\350\2348\364\221\025\363\256G\345v\026|T\372"
 1730      9C38F491 
 1730      15F3AE47 
 1730      E576167C 
 1730      54FA
 1731 0849 6532841E 		.ascii	"e2\204\036\302\223P\214\022\364_\336}zq[$\236Y\223d"
 1731      C293508C 
 1731      12F45FDE 
 1731      7D7A715B 
 1731      249E5993 
 1732 085e 6ED7559C 		.ascii	"n\327U\234\035'\273\027\013_\217\230\030\375\237\205"
 1732      1D27BB17 
 1732      0B5F8F98 
 1732      18FD9F85 
 1733 086e 6608C2B9 		.ascii	"f\010\302\271Y]\357\333\245\303\361\340\313\200d\201"
 1733      595DEFDB 
 1733      A5C3F1E0 
 1733      CB806481 
 1734 087e 1A738CB8 		.ascii	"\032s\214\270S\213\334\275]9\223\273\3013\370\211\305"
 1734      538BDCBD 
 1734      5D3993BB 
 1734      C133F889 
 1734      C5
 1735 088f B0441731 		.ascii	"\260D\0271\217\261\346\0042Z\354.|\2223\027e\243J\303"
 1735      8FB1E604 
 1735      325AEC2E 
 1735      7C923317 
 1735      65A34AC3 
 1736 08a3 9F2EB467 		.ascii	"\237.\264g\364\335R;\332\236\005X\342 \227\363#\\0\001"
 1736      F4DD523B 
 1736      DA9E0558 
 1736      E22097F3 
 1736      235C3001 
 1737 08b7 8AD1A50B 		.ascii	"\212\321\245\013\322\212\017\\\332\241\257\313$\246"
 1737      D28A0F5C 
 1737      DAA1AFCB 
 1737      24A6
 1738 08c5 457374E1 		.ascii	"Est\341\264<\021\324D\322\327\023\224\006\277\236\024"
 1738      B43C11D4 
 1738      44D2D713 
 1738      9406BF9E 
 1738      14
 1739 08d6 C5131717 		.ascii	"\305\023\027\027\217\377\226\255NZ\036\237\234\264,"
 1739      8FFF96AD 
 1739      4E5A1E9F 
 1739      9CB42C
 1740 08e5 7EE9EAE4 		.ascii	"~\351\352\344?}\361\371\262\245\253\342\226)l\305\227"
 1740      3F7DF1F9 
ARM GAS  /tmp/ccU7h4Da.s 			page 141


 1740      B2A5ABE2 
 1740      96296CC5 
 1740      97
 1741 08f6 ECF32F61 		.ascii	"\354\363/a\225\232\262b\345\362\325kR\214_$-]\271\334"
 1741      959AB262 
 1741      E5F2D56B 
 1741      528C5F24 
 1741      2D5DB9DC 
 1742 090a 929CB234 		.ascii	"\222\234\2624)\205\272Lx\225\262&\331\226\222\264tU"
 1742      2985BA4C 
 1742      7895B226 
 1742      D99692B4 
 1742      7455
 1743 091c F2CA1529 		.ascii	"\362\312\025))\313\377l^\266&)\211l\377\003\212\254"
 1743      29CBFF6C 
 1743      5EB62629 
 1743      896CFF03 
 1743      8AAC
 1744 092e E01C     		.ascii	"\340\034"
 1745              		.text
 1746              		.section	.gnu.lto__aosSdcanPutt.d6499f0ae6d76a39,"e",%progbits
 1747 0000 789CA555 		.ascii	"x\234\245U\373S\324U\024\377\236\357\375>\227]\300\322"
 1747      FB53D455 
 1747      14FF9EEF 
 1747      FD3E975D 
 1747      C0D2
 1748 0012 C8B60C1F 		.ascii	"\310\266\014\037\214c\315\340f\216\216?\351L\177C?\364"
 1748      8C63CDE0 
 1748      668E8E3F 
 1748      E94C7F43 
 1748      3FF4
 1749 0024 53838CCE 		.ascii	"S\203\214\316\330\214\331\360h\232\232\311\357.\210"
 1749      D88CD9F0 
 1749      689A9AC9 
 1749      EF2E88
 1750 0033 0A4454A6 		.ascii	"\012DT\246\213J_LIdR\334\3210\201p\005M\021|\277\315"
 1750      8B4A5F4C 
 1750      496452DC 
 1750      D1308170 
 1750      054D117C 
 1751 0049 161F810B 		.ascii	"\026\037\201\013\012>B\002\262\245s\356]\226\247\225"
 1751      0A3E4202 
 1751      B2A573EE 
 1751      5D96A795 
 1752 0059 D3CEEEDD 		.ascii	"\323\316\356\335\357\275\347|>\347\334\317=\337s\015"
 1752      EFBDE77C 
 1752      3EE7DCCF 
 1752      3DDF730D 
 1753 0069 09A40F4D 		.ascii	"\011\244\017MIZ(IR6\376\300!\201lY\326\022\335k\310"
 1753      495A2849 
 1753      5236FEC0 
 1753      21816C59 
 1753      D612DD6B 
 1754 007e 32C3A764 		.ascii	"2\303\247d\305r(\342\337\311@\215\332\224\330\223*k"
 1754      C57228E2 
 1754      DFC9408D 
 1754      DA94D893 
ARM GAS  /tmp/ccU7h4Da.s 			page 142


 1754      2A6B
 1755 0090 E1F6CAC5 		.ascii	"\341\366\312\305\350e\372K\336F'M\026\017\016]\254;"
 1755      E865FA4B 
 1755      DE46274D 
 1755      160F0E5D 
 1755      AC3B
 1756 00a2 7530A3BE 		.ascii	"u0\243\276&\000\177\262\014\220V\313LQ5\335\204\325"
 1756      26007FB2 
 1756      0C9056CB 
 1756      4C5135DD 
 1756      84D5
 1757 00b4 F039DBC4 		.ascii	"\3609\333\304 \344+\355s\0261\233I\240\340t\303\211"
 1757      20E42BED 
 1757      7316319B 
 1757      49A0E074 
 1757      C389
 1758 00c6 FD4D0E9A 		.ascii	"\375M\016\232\002$\343\264\320{\265\226\315\331\211"
 1758      0224E3B4 
 1758      D07BB596 
 1758      CDD989
 1759 00d5 682BB8C9 		.ascii	"h+\270\311?\343fc^~1\330L\226J\320\277\026\334P\003"
 1759      3FE36663 
 1759      5E7E31D8 
 1759      4C964AD0 
 1759      BF16DC50 
 1760 00ea 6E893E50 		.ascii	"n\211>P\007s\320\377\374\311\213\305:\233\006\022>\237"
 1760      0773D0FF 
 1760      FCC98BC5 
 1760      3A9B0612 
 1760      3E9F
 1761 00fc 38BBF190 		.ascii	"8\273\361\2201\273\334\262|V\360\302\016f\315\262\031"
 1761      31BBDCB2 
 1761      7C56F0C2 
 1761      0E66CDB2 
 1761      19
 1762 010d 839F808D 		.ascii	"\203\237\200\215\202\342\032\202\353a6\002\266\346U"
 1762      82E21A82 
 1762      EB613602 
 1762      B6E655
 1763 011c B631369D 		.ascii	"\26616\235\203\233{\217\037\221\243\340\2365\314r\332"
 1763      839B7B8F 
 1763      1F91A3E0 
 1763      9E35CC72 
 1763      DA
 1764 012d 4C814302 		.ascii	"L\201C\002\374\246\033<\034\252 4\310\241\327\2136\264"
 1764      FCA61B3C 
 1764      1CAA2034 
 1764      C8A1D78B 
 1764      36B4
 1765 013f C5B3991C 		.ascii	"\305\263\231\034\232[1p\305\021\205>\331\311\343\252"
 1765      9A5B3170 
 1765      C511853E 
 1765      D9C9E3AA 
 1766 014f 70785C5C 		.ascii	"px\\\\\025\301\0150[\"Hx\215\265\333d\257sx\315\241"
 1766      15C10D30 
 1766      5B224878 
 1766      8DB5DB64 
ARM GAS  /tmp/ccU7h4Da.s 			page 143


 1766      AF7378CD 
 1767 0164 EE076ACA 		.ascii	"\356\007j\312v\253\030\341\221|\266g\257e\345,\261\231"
 1767      76AB18E1 
 1767      917CB667 
 1767      AF65E52C 
 1767      B199
 1768 0176 068DA3A2 		.ascii	"\006\215\243\242\323\007\275\267]<\343\003!_\"Nw\017"
 1768      D307BDB7 
 1768      5D3CE303 
 1768      215F224E 
 1768      770F
 1769 0188 DED99220 		.ascii	"\336\331\222 \344\263\000\347\207w\015<\224\331<N|\260"
 1769      E4B300E7 
 1769      87770D3C 
 1769      94D93C4E 
 1769      7CB0
 1770 019a BB3D128F 		.ascii	"\273=\022\217\304A\324\262w\035\373\306gY\001\313\260"
 1770      C441D4B2 
 1770      771DFBC6 
 1770      675901CB 
 1770      B0
 1771 01ab 990EC704 		.ascii	"\231\016\307\004\363\317\230\334Q\030\346\276\025\210"
 1771      F3CF98DC 
 1771      5118E6BE 
 1771      1588
 1772 01b9 7CEDD214 		.ascii	"|\355\322\0248\016)p\004RHsR\272\0114\254\036I\036Z"
 1772      380E2970 
 1772      04524873 
 1772      52BA0934 
 1772      AC1E491E 
 1773 01ce AF3AA706 		.ascii	"\257:\247\006\255\310\340Z+\330\276\016\274\373\302"
 1773      ADC8E05A 
 1773      2BD8BE0E 
 1773      BCFBC2
 1774 01dd 3501C50D 		.ascii	"5\001\305\015\270AC\306\301d88\024\032T\034\3424\034"
 1774      B84143C6 
 1774      C1643838 
 1774      141A541C 
 1774      E2341C
 1775 01f0 9C3A590D 		.ascii	"\234:Y\015\034\\&\016\361\016\032\342p\220\023\201\216"
 1775      1C5C260E 
 1775      F10E1AE2 
 1775      70901381 
 1775      8E
 1776 0201 623290AA 		.ascii	"b2\220\252I@\362L\225xh\251\200IT\004\012XAI*d\262\230"
 1776      4940F24C 
 1776      957868A9 
 1776      80495404 
 1776      0A584149 
 1777 0219 7871D209 		.ascii	"xq\322\011\276PGQ\340#\312\213R\302\304/\3358P\242/"
 1777      BE504751 
 1777      E023CA8B 
 1777      52C2C42F 
 1777      DD3850A2 
 1778 022e 5A885B93 		.ascii	"Z\210[\223\340\004,\"\227G\006\331\321\366Y\323\231"
 1778      E0042C22 
 1778      974706D9 
ARM GAS  /tmp/ccU7h4Da.s 			page 144


 1778      D1F659D3 
 1778      99
 1779 023f 5ECD936A 		.ascii	"^\315\223j\263\004r\366\263\350^[\326\356\377R\246\345"
 1779      B30472F6 
 1779      B3E85E5B 
 1779      D6EEFF52 
 1779      A6E5
 1780 0251 4468068F 		.ascii	"Dh\006\217\237\001\355\264\005<h\252^\337\265\313$M"
 1780      9F01EDB4 
 1780      053C68AA 
 1780      5EDFB5CB 
 1780      244D
 1781 0263 313B3889 		.ascii	"1;8\211\372 ]]\307\346\300\015\231(K\031\351\\\224s"
 1781      FA205D5D 
 1781      C7E6C00D 
 1781      99284B19 
 1781      E95C9473 
 1782 0277 3F6490CF 		.ascii	"?d\220\317$.u\360\332\336\253\361\345\260\335K/\220"
 1782      242E75F0 
 1782      DADEABF1 
 1782      E5B0DD4B 
 1782      2F90
 1783 0289 CD9E2B45 		.ascii	"\315\236+E\354)R\026m^\273\365G\315\263\307\022&\003"
 1783      EC295216 
 1783      6D5EBBF5 
 1783      47CDB3C7 
 1783      122603
 1784 029c 4E4339F8 		.ascii	"NC9\370\261\2421\336\031\360p\362\246O\004\263<\222"
 1784      B1A231DE 
 1784      19F070F2 
 1784      A64F04B3 
 1784      3C92
 1785 02ae D918C75C 		.ascii	"\331\030\307\\\366-\211\373<f\000g\243\344{\016\354"
 1785      F62D89FB 
 1785      3C660067 
 1785      A3E47B0E 
 1785      EC
 1786 02bf 3CED42F2 		.ascii	"<\355B\362bN>\031\316qr&\366x\272\371\253*\020\306\262"
 1786      624E3E19 
 1786      CE717226 
 1786      F678BAF9 
 1786      AB2A10C6 
 1787 02d4 7A649C02 		.ascii	"zd\234\002\347i\253\212\260\036\274V\267U\211Z\273\321"
 1787      E769AB8A 
 1787      B01EBC56 
 1787      B755895A 
 1787      BBD1
 1788 02e6 FA025C20 		.ascii	"\372\002\\ \253J\211]\024\211\205\362\273\276\310K\370"
 1788      AB4A895D 
 1788      148985F2 
 1788      BBBEC84B 
 1788      F8
 1789 02f7 8F429A70 		.ascii	"\217B\232p\211\360\032\341/\203\007wC\024W:\354\300"
 1789      89F01AE1 
 1789      2F830777 
 1789      4314573A 
 1789      ECC0
ARM GAS  /tmp/ccU7h4Da.s 			page 145


 1790 0309 0E10DB63 		.ascii	"\016\020\333c1\026\256FY\3068\256\335\345\307\364\005"
 1790      3116AE46 
 1790      59C638AE 
 1790      DDE5C7F4 
 1790      05
 1791 031a F3B176E0 		.ascii	"\363\261v\340\012f \301UX\200$9\033\327\226\250\202"
 1791      0A6620C1 
 1791      55588024 
 1791      391BD796 
 1791      A882
 1792 032c 42112CB1 		.ascii	"B\021,\261\256\341\200d\270\206Z\264Ank\343\374\250"
 1792      AEE18064 
 1792      B8865AB4 
 1792      416E6BE3 
 1792      FCA8
 1793 033e 0F3A1CBB 		.ascii	"\017:\034\273\337u\001\204\203\004\277Dk\274\2201\222"
 1793      DF750184 
 1793      8304BF44 
 1793      6BBC9031 
 1793      92
 1794 034f 511E2AA3 		.ascii	"Q\036*\243\272\216\212@\230\011\220:V\353\210\374oZ"
 1794      BA8E8A40 
 1794      9809903A 
 1794      56EB88FC 
 1794      6F5A
 1795 0361 5F7F9AD6 		.ascii	"_\177\232\3265\0307\011~%5\364\361Zw\242\365E\010\221"
 1795      35183709 
 1795      7E2535F4 
 1795      F15A77A2 
 1795      F5450891 
 1796 0375 D520AD5A 		.ascii	"\325 \255Z\207\264\356g\243\224\026\032\275g\263\251"
 1796      87B4EE67 
 1796      A394161A 
 1796      BD67B3A9 
 1797 0385 422373A4 		.ascii	"B#s\244\336C\345\364\022\334 \"\207\260\375\340\317"
 1797      DE43E5F4 
 1797      12DC2022 
 1797      87B0FDE0 
 1797      CF
 1798 0396 EF4A88D9 		.ascii	"\357J\210\331\342\340&\331\342(\310-:\020\225k\240\214"
 1798      E2E026D9 
 1798      E228C82D 
 1798      3A10956B 
 1798      A08C
 1799 03a8 D1A032A6 		.ascii	"\321\2402\246\201\366\354\032\334\376'\015\246\300o"
 1799      81F6EC1A 
 1799      DCFE270D 
 1799      A6C06F
 1800 03b7 4FA937D2 		.ascii	"O\2517\322\300\015mduRz\355\377G\203\227\341\016\021"
 1800      C00D6D64 
 1800      75527AED 
 1800      FF478397 
 1800      E10E11
 1801 03ca B926D2C0 		.ascii	"\271&\322\300\011a\262\305S\220\016\322@\343\032\250"
 1801      0961B2C5 
 1801      53900ED2 
 1801      40E31AA8 
ARM GAS  /tmp/ccU7h4Da.s 			page 146


 1802 03da A3DAC9E6 		.ascii	"\243\332\311\346\216\357\003\0250A\340\2456{E\004N\230"
 1802      8EEF0315 
 1802      3041E0A5 
 1802      367B4504 
 1802      4E98
 1803 03ec 28F034E8 		.ascii	"(\3604\350$\362Da\013\036|\322\302\346\355\345\300\217"
 1803      24F24461 
 1803      0B1E7CD2 
 1803      C2E6EDE5 
 1803      C08F
 1804 03fe E9F6B80B 		.ascii	"\351\366\270\013\036x\215W\036\334\203y\245l\262t\017"
 1804      1E788D57 
 1804      1EDC8379 
 1804      A56CB274 
 1804      0F
 1805 040f 72CB6A8F 		.ascii	"r\313j\217\276\301;*\"J+Z\006\315\\\360y\261)\277ZB"
 1805      BEC13B2A 
 1805      224A2B5A 
 1805      06CD5CF0 
 1805      79B129BF 
 1806 0425 2D08BA20 		.ascii	"-\010\272 \227\277\366U5E\265:\325o2\204u\350\006\267"
 1806      97BFF655 
 1806      3545B53A 
 1806      D56F3284 
 1806      75E806B7 
 1807 0439 CDA68BE3 		.ascii	"\315\246\213\343\252\012\3648\305q\351\317\330x\356"
 1807      AA0AF438 
 1807      C571E9CF 
 1807      D878EE
 1808 0448 0F379E07 		.ascii	"\0177\236\007C\215g\261\2402\306\236|\265K\234\274>"
 1808      438D67B1 
 1808      A032C69E 
 1808      7CB54B9C 
 1808      BC3E
 1809 045a D1C99745 		.ascii	"\321\311\227E\360J\236\001\0179\337$\342{\304\371rz"
 1809      F04A9E01 
 1809      0F39DF24 
 1809      E27BC4F9 
 1809      727A
 1810 046c F2FADF11 		.ascii	"\362\372\337\021\204f)K\032\271\015\225\266\361;\357"
 1810      8466294B 
 1810      1AB90D95 
 1810      B6F13BEF 
 1811 047c A5395BF3 		.ascii	"\2459[\363\372u\341\345@G\364j\334\362]\263!\274\374"
 1811      FA75E1E5 
 1811      4047F46A 
 1811      DCF25DB3 
 1811      21BCFC
 1812 048f 7D838309 		.ascii	"}\203\203\011\320\203\216\367 /YxM\035#\325\314\022"
 1812      D0838EF7 
 1812      202F5978 
 1812      4D1D23D5 
 1812      CC12
 1813 04a1 DA043C26 		.ascii	"\332\004<&\251D\352\255\227#\353\025\262\362\242u\331"
 1813      A944EAAD 
 1813      9723EB15 
 1813      B2F2A275 
ARM GAS  /tmp/ccU7h4Da.s 			page 147


 1813      D9
 1814 04b2 6C16BFAB 		.ascii	"l\026\277\253\370\305\325\213n\030\311f)\324$\302\215"
 1814      F8C5D58B 
 1814      6E18C966 
 1814      29D424C2 
 1814      8D
 1815 04c3 A70A1A93 		.ascii	"\247\012\032\223\206y\353o\007\252x#\321\360\376\204"
 1815      8679EB6F 
 1815      07AA7823 
 1815      D1F0FE84 
 1816 04d3 3F628D42 		.ascii	"?b\215B\253\257\2764\300\250@\200Z\313[\303\010oA\345"
 1816      ABAFBE34 
 1816      C0A84080 
 1816      5ACB5BC3 
 1816      086F41E5 
 1817 04e7 36974030 		.ascii	"6\227@0\350\213\002\012\230\276\275o\337c\016P\012\231"
 1817      E88B020A 
 1817      98BEBD6F 
 1817      DF630E50 
 1817      0A99
 1818 04f9 192B2FA3 		.ascii	"\031+/\243\023\032B0\342\252\272\363\350v(n\321\001"
 1818      131A4230 
 1818      E2AABAF3 
 1818      E876286E 
 1818      D101
 1819 050b 6B1DF0DB 		.ascii	"k\035\360\333\252\037o\253n\360EwJ\257j/\304\215\274"
 1819      AA1F6FAB 
 1819      6EF04577 
 1819      4AAF6A2F 
 1819      C48DBC
 1820 051e 0564EC5F 		.ascii	"\005d\354_\003\340\326\351j\270{\252\354\201)\026?\205"
 1820      03E0D6E9 
 1820      6AB87BAA 
 1820      EC812916 
 1820      3F85
 1821 0530 3FC1ADD2 		.ascii	"?\301\255\322\342\266\206\277\006t\261\270\032\236\200"
 1821      E2B686BF 
 1821      0674B1B8 
 1821      1A9E80
 1822 053f 5B93311B 		.ascii	"[\2231\033\030\276;%\311\235\232:\027\277\351\2532\226"
 1822      18BE3B25 
 1822      C99D9A3A 
 1822      17BFE9AB 
 1822      3296
 1823 0551 CDCDCC48 		.ascii	"\315\315\314H\237\233\266*\363\335\345K\323\323\336"
 1823      9F9BB62A 
 1823      F3DDE54B 
 1823      D3D3DE
 1824 0560 4F4D97E4 		.ascii	"OM\227\344\025\037\300R=k\305\312e\253\262\263\264\314"
 1824      151FC052 
 1824      3D6BC5CA 
 1824      65ABB2B3 
 1824      B4CC
 1825 0572 ACB4ACEC 		.ascii	"\254\264\254\354LuyF\332\312e\177\003\265\302/\320"
 1825      4C757946 
 1825      DACA657F 
 1825      03B5C22F 
ARM GAS  /tmp/ccU7h4Da.s 			page 148


 1825      D0
 1826              		.text
 1827              		.section	.gnu.lto__aosSdcanPut.d6499f0ae6d76a39,"e",%progbits
 1828 0000 789CA555 		.ascii	"x\234\245U\353SUU\024\337\277\263\317\353^^>\012\255"
 1828      EB535555 
 1828      14DFBFB3 
 1828      CFEB5E5E 
 1828      3E0AAD
 1829 0013 6B84A9E3 		.ascii	"k\204\251\343\350\007\270c\216\215\237\364\237\350s"
 1829      E807B863 
 1829      8E8D9FF4 
 1829      9FE873
 1830 0022 838C3635 		.ascii	"\203\21465S6`\037\262\231<\\\360Mj/\205\222\016e\214"
 1830      5336601F 
 1830      B2993C5C 
 1830      F04D6A2F 
 1830      85920E65 
 1831 0037 E98CA233 		.ascii	"\351\214\2423\244\361\010\256\217R\020\275\370~T\027"
 1831      A4F108AE 
 1831      8F5210BD 
 1831      F87E5417 
 1832 0047 D34440C0 		.ascii	"\323D@\300GI\345\350\245\265\366\276\200 VNg`\337\263"
 1832      4749E5E8 
 1832      A5B5F6BE 
 1832      8020564E 
 1832      6760DFB3 
 1833 005b CF6FADDF 		.ascii	"\317o\255\337\332\353\267\326\336\333\025\020[]!r\205"
 1833      DAEBB7D6 
 1833      DEDB1510 
 1833      5B5D2172 
 1833      85
 1834 006c 10F9F40F 		.ascii	"\020\371\364\017W\300\360<o\241S\344\032\206\244\267"
 1834      57C0F03C 
 1834      6FA153E4 
 1834      1A86A4B7 
 1835 007c 6CD30B9A 		.ascii	"l\323\013\232\3727U\302Jb\346\320\233e8e\345/\223\221"
 1835      FA3755C2 
 1835      4A62E6D0 
 1835      9B653865 
 1835      E52F9391 
 1836 0090 DDD9B173 		.ascii	"\335\331\261s\001\031\331p\222\220\003\2507\317\205"
 1836      0119D970 
 1836      929003A8 
 1836      37CF85
 1837 009f 586148D3 		.ascii	"XaH\323\262\035\254\300F\271E\"\036\251\3703u\203\364"
 1837      B21DACC0 
 1837      46B94522 
 1837      1EA9F833 
 1837      7583F4
 1838 00b2 A58049D3 		.ascii	"\245\200I\323\217[j\232\203<\005\262iZZt\261^\316\332"
 1838      8F5B6A9A 
 1838      833C05B2 
 1838      695A5A74 
 1838      B15ECEDA 
 1839 00c6 4ECE5E74 		.ascii	"N\316^t\313\205\254\317k\332\274\200/\015QN\346\365"
 1839      CB85ACCF 
 1839      6BDABC80 
ARM GAS  /tmp/ccU7h4Da.s 			page 149


 1839      2F0D514E 
 1839      E6F5
 1840 00d8 08A10E21 		.ascii	"\010\241\016!\301\017\0320\213\314O\037?\273\311\221"
 1840      C10F1A30 
 1840      8BCC4F1F 
 1840      3FBBC991 
 1841 00e8 5910F4DE 		.ascii	"Y\020\364\336rrs\223;\263\312\363\"^\264\365+\351M\367"
 1841      72727393 
 1841      3BB3CAF3 
 1841      225EB4F5 
 1841      2BE94DF7 
 1842 00fc A5C47790 		.ascii	"\245\304w\220#\\\351\03397b&9l]\265\363\232\224S\225"
 1842      235CE91B 
 1842      39376226 
 1842      396C5DB5 
 1842      F39A9453 
 1843 0111 F3B1FEA3 		.ascii	"\363\261\376\243\207\215\244s\317J\351\245\372\322D"
 1843      878DA473 
 1843      CF4AE9A5 
 1843      FAD244
 1844 0120 93767E31 		.ascii	"\223v~1\204\260r5\3115\212\231\202\035:Wz\273\002r\232"
 1844      84B07235 
 1844      C9358A99 
 1844      821D3A57 
 1844      7ABB0272 
 1845 0135 72AE6BEA 		.ascii	"r\256k\352\273e\315\330\346m\"\347\304\375)\221b\257"
 1845      BB65CDD8 
 1845      E66D22E7 
 1845      C4FD2991 
 1845      62AF
 1846 0147 CC337D69 		.ascii	"\3143}i\341\300\010\002~\310\372\213\263m\021h\001\306"
 1846      E1C00802 
 1846      7EC8FA8B 
 1846      B36D1168 
 1846      01C6
 1847 0159 D174D7C0 		.ascii	"\321t\327\300\365\3172\264\000\036h~`\307\275\333\206"
 1847      F5CF32B4 
 1847      001E687E 
 1847      60C7BDDB 
 1847      86
 1848 016a 9CAD886B 		.ascii	"\234\255\210k\373:\022\351D\034%5\372\357M\371\300\363"
 1848      FB3A12E9 
 1848      441C2535 
 1848      FAEF4DF9 
 1848      C0F3
 1849 017c D6142FF4 		.ascii	"\326\024/\364\245\215\3575\361aJ\353\020\206\251\257"
 1849      A58DEF35 
 1849      F1614AEB 
 1849      1086A9AF 
 1850 018c EC4D7C92 		.ascii	"\354M|\222f\233\370\0013p\0203X5\326\352\010l*\2660"
 1850      669BF801 
 1850      33701033 
 1850      5835D6EA 
 1850      086C2AB6 
 1851 01a1 06BF579F 		.ascii	"\006\277W\237\262\242^b`\265\027\355X\336Y\323;i2(9"
 1851      B2A25E62 
 1851      60B517ED 
ARM GAS  /tmp/ccU7h4Da.s 			page 150


 1851      58DE59D3 
 1851      3B693228 
 1852 01b6 C7A0C195 		.ascii	"\307\240\301\2254\004L\036,\032\2026\015)\016\243.\015"
 1852      34044C1E 
 1852      2C1A8236 
 1852      0D290EA3 
 1852      2E0D
 1853 01c8 A9011A8C 		.ascii	"\251\001\032\214t\260~\023\300Rd\012\025G\254\227\202"
 1853      74B07E13 
 1853      C052640A 
 1853      1547AC97 
 1853      82
 1854 01d9 4B66C28B 		.ascii	"Kf\302\213\012Q*\015=)\242I7\"\361\256\3351\207\027"
 1854      0A512A0D 
 1854      3D29A249 
 1854      3722F1AE 
 1854      DD318717 
 1855 01ed C1F16995 		.ascii	"\301\361i\225\347.\357/w\346\277Dy\010\034\305|6\271"
 1855      E72EEF2F 
 1855      77E6BF44 
 1855      79081CC5 
 1855      7C36B9
 1856 0200 E3324ED8 		.ascii	"\3432N\330\373\315m\375v8\307\227il\\&\223\211\265\256"
 1856      FBCD6DFD 
 1856      7638C797 
 1856      696C5C26 
 1856      9389B5AE 
 1857 0214 AEF9D0E0 		.ascii	"\256\371\320\340\317\351hF\270L\202\323jA\230\240}k"
 1857      CFE96846 
 1857      B84C82D3 
 1857      6A4198A0 
 1857      7D6B
 1858 0226 7B770458 		.ascii	"{w\004X?Z\027\216\221\030D\327\320U\2671\223\031+$K"
 1858      3F5A178E 
 1858      911844D7 
 1858      D055B731 
 1858      93192B24 
 1859 023b BAA1F866 		.ascii	"\272\241\370f\334e\223\014\245j\364\322\236\213\351"
 1859      DC65930C 
 1859      A56AF4D2 
 1859      9E8BE9
 1860 024a 55D856C4 		.ascii	"U\330V\304\275\355\313q\025\344\332\312*\022V\344\267"
 1860      BDEDCB71 
 1860      15E4DACA 
 1860      2A1256E4 
 1860      B7
 1861 025b 7F6B8777 		.ascii	"\177k\207w{\032rp\034U(\243\376\243p'\020V\334\315\357"
 1861      7B1A7270 
 1861      1C5528A3 
 1861      FEA37027 
 1861      1056DCCD 
 1862 0270 6A66E361 		.ascii	"jf\343af\347\021\346\312/Y\313\361\264\002\304\222\344"
 1862      66E711E6 
 1862      CA2F59CB 
 1862      F1B402C4 
 1862      92E4
 1863 0282 BBF76F8F 		.ascii	"\273\367o\217\245\021\371&E>\001m\212\\\352\024c\307"
ARM GAS  /tmp/ccU7h4Da.s 			page 151


 1863      A511F926 
 1863      453E016D 
 1863      8A5CEA14 
 1863      63C7
 1864 0294 3EAA8606 		.ascii	">\252\206\006+\033\211q\"Nr\246\246Fk/5l5\223h\037\241"
 1864      2B1B8971 
 1864      224E72A6 
 1864      A6466B2F 
 1864      356C3593 
 1865 02ab 4FE114A3 		.ascii	"O\341\024\243\026/\354\264^X|]\357\335w\376\243\214"
 1865      162FECB4 
 1865      5E587C5D 
 1865      EFDD77FE 
 1865      A38C
 1866 02bd 2ECEB0BB 		.ascii	".\316\260\273\315\356g\021\246d\230\341BWSuP''\207H"
 1866      CDEE6711 
 1866      A66498E1 
 1866      42575375 
 1866      50272787 
 1867 02d2 94169505 		.ascii	"\224\026\225\005\217P\355\252:\342\314\233K\215\202"
 1867      8F50EDAA 
 1867      3AE2CC9B 
 1867      4B8D82
 1868 02e1 73145FE0 		.ascii	"s\024_\340<\346\021G\361\346\325\345\226\24605\313\320"
 1868      3CE61147 
 1868      F1E6D5E5 
 1868      96A63035 
 1868      CBD0
 1869 02f3 060F201B 		.ascii	"\006\017 \033\027H\211k(i?47iC\006Gn\366\236\2016\020"
 1869      1748896B 
 1869      28693F34 
 1869      37694306 
 1869      476EF69E 
 1870 030a B898ECE6 		.ascii	"\270\230\354\346R)YDc\260\207\032\272\216\306\262\264"
 1870      52295944 
 1870      63B0871A 
 1870      BA8EC6B2 
 1870      B4
 1871 031b 8F355AE8 		.ascii	"\2175Z\350\204\361oB_z\234\320u\024\366i\374\310Z8\217"
 1871      84F16F42 
 1871      5F7A9CD0 
 1871      7514F669 
 1871      FCC85A38 
 1872 0330 0ADD4D68 		.ascii	"\012\335Mh&~b\324e\245~\036\024\372/9Bg-\321\353\276"
 1872      267E62D4 
 1872      65A57E1E 
 1872      14FA2F39 
 1872      42672DD1 
 1873 0346 9CA4250A 		.ascii	"\234\244%\012<\254\366`/MF\234\211\202\032\373\246l"
 1873      3CACF660 
 1873      2F4D469C 
 1873      89821AFB 
 1873      A66C
 1874 0358 5D6FC610 		.ascii	"]o\306\020\026D;c)\034\3442\227\303R\022\230\243$h\031"
 1874      16443B63 
 1874      291CE432 
 1874      97C35212 
ARM GAS  /tmp/ccU7h4Da.s 			page 152


 1874      98A32468 
 1875 036d 94C07E72 		.ascii	"\224\300~r\011~\371'\011&\342\312cz\215%x\006W\031M"
 1875      097EF927 
 1875      0926E2CA 
 1875      637A8D25 
 1875      78065719 
 1876 0382 E5D5FDFA 		.ascii	"\345\325\375\372\177$x\026\327\230(m,\011R\320\301X"
 1876      7F247816 
 1876      D798286D 
 1876      2C0952D0 
 1876      C158
 1877 0394 3A07B9CE 		.ascii	":\007\271\316\022\330J\002k\304I\362iWk,8F\334E\276"
 1877      12D84A02 
 1877      6BC449F2 
 1877      69576B2C 
 1877      3846DC45 
 1878 03a9 0CE9B819 		.ascii	"\014\351\270\031c\305\235\202N\346\036\247\261h\355"
 1878      63C59D82 
 1878      4EE61EA7 
 1878      B168ED
 1879 03b8 FD563967 		.ascii	"\375V9g\217r\\\316\307|\027\302\230\255\332\016\335"
 1879      8F725CCE 
 1879      C77C17C2 
 1879      98ADDA0E 
 1879      DD
 1880 03c9 98532127 		.ascii	"\230S!'\210\036\224T\3267\252\014\331\243\342\353\326"
 1880      881E9454 
 1880      D637AA0C 
 1880      D9A3E2EB 
 1880      D6
 1881 03da 81400922 		.ascii	"\201@\011\"E\256/\237+\347\303\0077P\242v|u\335\206"
 1881      45AE2F9F 
 1881      2BE7C307 
 1881      3750A276 
 1881      7C75DD86 
 1882 03ee 7A879B37 		.ascii	"z\207\2337\013\235\016z\020\362\345\363\272X\261\352"
 1882      0B9D0E7A 
 1882      10F2E5F3 
 1882      BA58B1EA 
 1883 03fe 5775B19C 		.ascii	"Wu\261\234'<rz\207\217\234\276\301#g\201\246rG\327}"
 1883      273C727A 
 1883      878F9CBE 
 1883      C1236781 
 1883      A67247D7 
 1884 0413 5F9AAEBB 		.ascii	"_\232\256\2733V\335+\023\360e6n*\276\361\314w\213\370"
 1884      3356DD2B 
 1884      13F06536 
 1884      6E2ABEF1 
 1884      CC778BF8 
 1885 0427 7AB02A5B 		.ascii	"z\260*[\263e\216Jmj9G\305mNM\307j?\237Xk2\252z,\315"
 1885      B3658E4A 
 1885      6D6A3947 
 1885      C56D4E4D 
 1885      C76A3F9F 
 1886 0442 972FA82B 		.ascii	"\227/\250+D\335'w\310\214L\032V=hT\002L\303\000=\031"
 1886      44DD2777 
 1886      C88C4C1A 
ARM GAS  /tmp/ccU7h4Da.s 			page 153


 1886      563D6854 
 1886      024CC300 
 1887 0458 F88D3598 		.ascii	"\370\2155\230\256w\371\211\007\015\030\216\325xuo\265"
 1887      AE77F989 
 1887      070D188E 
 1887      D578756F 
 1887      B5
 1888 0469 3A092CBA 		.ascii	":\011,\272\351\360{r\247\257\227v\343\276s\367$\327"
 1888      E9F07B72 
 1888      A7AF9776 
 1888      E3BE73F7 
 1888      24D7
 1889 047b D82895CE 		.ascii	"\330(\225\316P\301\315n\034\214\343\241{\343\372\235"
 1889      50C1CD6E 
 1889      1C8CE3A1 
 1889      7BE3FA9D 
 1890 048b ABF194F9 		.ascii	"\253\361\224\371\373\2755PW\307]\272:\372\020I&\303"
 1890      FBBD3550 
 1890      57C75DBA 
 1890      3AFA1049 
 1890      26C3
 1891 049d 0DD78F00 		.ascii	"\015\327\217\000\231\3358QyK]\010\006\336C?B\326\210"
 1891      99DD3851 
 1891      794B5D08 
 1891      06DE433F 
 1891      42D688
 1892 04b0 83DAA043 		.ascii	"\203\332\240C\346\017\204l\203\002c\370\316\022\"\224"
 1892      E60F846C 
 1892      830263F8 
 1892      CE122294 
 1893 04c0 93934B7F 		.ascii	"\223\223K\177\371K\013\026\347\026\026\344\347\346-"
 1893      F94B0B16 
 1893      E71616E4 
 1893      E7E62D
 1894 04cf 2D7C65C9 		.ascii	"-|e\311\242\374\2747s\362\205\361\332[Xd\027.\313[\366"
 1894      A2FCBC37 
 1894      73F285F1 
 1894      DA5B5864 
 1894      172ECB5B 
 1895 04e4 76A1B5A4 		.ascii	"v\241\265\244 \357\215\305\177\003\321D\344\237"
 1895      20EF8DC5 
 1895      7F03D144 
 1895      E49F
 1896              		.text
 1897              		.section	.gnu.lto__aosSdcanWrite.d6499f0ae6d76a39,"e",%progbits
 1898 0000 789CA556 		.ascii	"x\234\245V\351OTW\024\177\347\3357\357\315\312 \256"
 1898      E94F5457 
 1898      147FE7DD 
 1898      37EFCDCA 
 1898      20AE
 1899 0012 05AA2C02 		.ascii	"\005\252,\0025ipR\215\215\037\332\370\2374H5\251\211"
 1899      35697052 
 1899      8D8D1FDA 
 1899      F89F3448 
 1899      35A989
 1900 0025 4B807E68 		.ascii	"K\200~h\373\301\307R\260\"j\255E\260\216\003\265@\255"
 1900      FBC1C752 
ARM GAS  /tmp/ccU7h4Da.s 			page 154


 1900      B0226AAD 
 1900      45B08E03 
 1900      B540AD
 1901 0038 41D4D852 		.ascii	"A\324\330R\001q\224V\004AP\026\021\352\240\342\002\262"
 1901      01719456 
 1901      04415016 
 1901      11EAA0E2 
 1901      02B2
 1902 004a 556BAD50 		.ascii	"Uk\255P\226\236s\357\233aUcJ\340r\337=\347\367;\367"
 1902      969E73EF 
 1902      9B615563 
 1902      4AE072DF 
 1902      3DE7F73B 
 1903 005f FCEEB98B 		.ascii	"\374\356\271\213Y\002i\302*I\037J\222\344\301?\260K"
 1903      590269C2 
 1903      2A491F4A 
 1903      92E4C13F 
 1903      B04B
 1904 0071 20EBBABE 		.ascii	" \353\272\276AK5\3132\303^\204\242[\025\361\337\316"
 1904      414B35CB 
 1904      32C35E84 
 1904      A25B15F1 
 1904      DFCE
 1905 0083 C062D894 		.ascii	"\300b\330\224@\317\0026\336\003\223\254\356\313m\375"
 1905      40CF0236 
 1905      DE0393AC 
 1905      EECB6DFD 
 1906 0093 00DDAD4F 		.ascii	"\000\335\255O\372N\310\350\256\312\332\254\021\315p"
 1906      FA4EC8E8 
 1906      AECADAAC 
 1906      11CD70
 1907 00a2 BE68B6C9 		.ascii	"\276h\266\311\246Y6+\000\267\351f\220v\312L\261\230"
 1907      A659362B 
 1907      00B7E966 
 1907      9076CA4C 
 1907      B198
 1908 00b4 54CD6685 		.ascii	"T\315f\205\235\262M\012\374\354c\207\030\370\322\334"
 1908      9DB24D0A 
 1908      FCEC6387 
 1908      18F8D2DC 
 1909 00c4 2FEC7B99 		.ascii	"/\354{\231\207I\240\340\347\301\372\263uV\372\004\210"
 1909      8749A0E0 
 1909      E7C1FAB3 
 1909      7556FA04 
 1909      88
 1910 00d5 C0CF8CF6 		.ascii	"\300\317\214\366\243\347\224U%\272\236\246{\017\371"
 1910      A3E79455 
 1910      25BA9EA6 
 1910      7B0FF9
 1911 00e4 423D679B 		.ascii	"B=g\233u\213\207\311R>\272WB\030T@\030\247\202*X\205"
 1911      758B87C9 
 1911      523EBA57 
 1911      42185440 
 1911      18A7822A 
 1912 00fa EE2D8D6D 		.ascii	"\356-\215m\3735\266\034$\354\327_\317\275`\216+\342"
 1912      FB35B61C 
 1912      24ECD75F 
ARM GAS  /tmp/ccU7h4Da.s 			page 155


 1912      CFBD608E 
 1912      2BE2
 1913 010c D0FB3F30 		.ascii	"\320\373?0}\245\20718\017l\006\024\307\020\\\015q\010"
 1913      7DA58731 
 1913      380F6C06 
 1913      14C7105C 
 1913      0D7108
 1914 011f F837BB2D 		.ascii	"\3707\273-\327\302\"9\270\250\371\356=\223\001\036+"
 1914      D7C22239 
 1914      B8A8F9EE 
 1914      3D93011E 
 1914      2B
 1915 0130 E660052E 		.ascii	"\346`\005.\314\001+\010\366r\360\270~07\210\255\344"
 1915      CC012B08 
 1915      F672F0B8 
 1915      7E303788 
 1915      ADE4
 1916 0142 E0BEEEDA 		.ascii	"\340\276\356\332L0\300\255\313\016\353^\005\247\014"
 1916      4C30C0AD 
 1916      CB0EEB5E 
 1916      05A70C
 1917 0151 17E7A065 		.ascii	"\027\347\240eD_\2028\2110\205m\315i d\010\306\317\322"
 1917      445F8238 
 1917      8930856D 
 1917      CD692064 
 1917      08C6CFD2 
 1918 0165 C947DF39 		.ascii	"\311G\3379\205\014:\340\367\305\343\243Od\026\313\351"
 1918      850C3AE0 
 1918      F7C5E3A3 
 1918      4F6416CB 
 1918      E9
 1919 0176 CF0D3D9C 		.ascii	"\317\015=\234\010\2129\246{u\335\353\353\017\377Z\327"
 1919      088A39A6 
 1919      7B75DDEB 
 1919      EB0FFF5A 
 1919      D7
 1920 0187 77A56FF0 		.ascii	"w\245o\3600\023\374.\"\374\206\021j\014]\310\277\367"
 1920      3013FC2E 
 1920      22FC8611 
 1920      6A0C5DC8 
 1920      BFF7
 1921 0199 4BBDD4C2 		.ascii	"K\275\324\302\336\345\330\0035=\243\026\304\322\324"
 1921      DEE5D803 
 1921      353DA316 
 1921      C4D2D4
 1922 01a8 DAFB83D3 		.ascii	"\332\373\203\323\322\365<\035g\247B\255\300\256\011"
 1922      D2F53C1D 
 1922      67A742AD 
 1922      C0AE09
 1923 01b7 03D714B2 		.ascii	"\003\327\024\262\343|\375\011\033[\303\221\343\317\006"
 1923      E37CFD09 
 1923      1B5BC391 
 1923      E3CF06
 1924 01c6 46540379 		.ascii	"FT\003y\255\177Qa\272~E\347y\325\315\312\313\300\336"
 1924      AD7F5161 
 1924      BA7E45E7 
 1924      79D5CDCA 
ARM GAS  /tmp/ccU7h4Da.s 			page 156


 1924      CBC0DE
 1925 01d9 3B3DF1AD 		.ascii	";=\361\255CU\240\036b\340\012\376]\206\030Z5Z\253\253"
 1925      4355A01E 
 1925      62E00AFE 
 1925      5D86185A 
 1925      355AABAB 
 1926 01ed A062A14A 		.ascii	"\240b\241Jl\272\255\354\206\311\253OLf\351\336\211-"
 1926      6CBAADEC 
 1926      86C9AB4F 
 1926      4C66E9DE 
 1926      892D
 1927 01ff 3935BE61 		.ascii	"95\276a9\016P!M\306\306\314\260\261(\324\230$\302\250"
 1927      390E5021 
 1927      4DC6C6CC 
 1927      B0B128D4 
 1927      9824C2A8 
 1928 0213 D8B56ABC 		.ascii	"\330\265j\274k\306\256\315\202\215\335J\215\015\033"
 1928      6BC6AECD 
 1928      828DDD4A 
 1928      8D0D1B
 1929 0222 879D7A0E 		.ascii	"\207\235z\016B\007a\023\344\244\261`l\244\005|\261B"
 1929      42076113 
 1929      E4A4B160 
 1929      6CA4057C 
 1929      B142
 1930 0234 387029D0 		.ascii	"8p)\320\252\207\002\215\204\003-C\244Ds\211\342>\321"
 1930      AA87028D 
 1930      84032D43 
 1930      A4447389 
 1930      E23ED1
 1931 0247 DC2796F7 		.ascii	"\334'\226\367%)\233I\305\267\016\255\003\335+I{\230"
 1931      25299B49 
 1931      C5B70EAD 
 1931      03DD2B49 
 1931      7B98
 1932 0259 CCFBA9D8 		.ascii	"\314\373\251\330\177\014i\276\276\312F\215\022\242\034"
 1932      7F0C69BE 
 1932      BECA468D 
 1932      12A21C
 1933 0268 30EBF63B 		.ascii	"0\353\366;\345\371\332\372\367q5$h\200\365\344R\325"
 1933      E5F9DAFA 
 1933      F7713524 
 1933      6880F5E4 
 1933      52D5
 1934 027a 77216709 		.ascii	"w!g\011\271\270\031\255\344\336\364a\237\231V\326\311"
 1934      B9B819AD 
 1934      E4DEF461 
 1934      9F9956D6 
 1934      C9
 1935 028b 65F5769E 		.ascii	"e\365v\236\272\025T\004\307RiSzX\260\233-\205F\222\021"
 1935      BA155404 
 1935      C7526953 
 1935      7A58B09B 
 1935      2D854692 
 1936 02a0 6DA99EEE 		.ascii	"m\251\236\356_U\327I]\2304\270\006E\220'$l\002\027\347"
 1936      5F55D749 
 1936      5D9834B8 
ARM GAS  /tmp/ccU7h4Da.s 			page 157


 1936      06459027 
 1936      246C0217 
 1937 02b5 AEFB4230 		.ascii	"\256\373B0\313\323\231\2659\314\005\337\223\206\013"
 1937      CBD399B5 
 1937      39CC05DF 
 1937      93860B
 1938 02c4 7006D06C 		.ascii	"p\006\320l\220\237,/ir \371~N\036\002\32799\210\305"
 1938      909F2C2F 
 1938      697220F9 
 1938      7E4E1E02 
 1938      D7393988 
 1939 02d9 6BBAFA4D 		.ascii	"k\272\372M\031\010cA52.\204\033\340\312\243\202\345"
 1939      19086341 
 1939      35322E84 
 1939      1BE0CAA3 
 1939      82E5
 1940 02eb 05D85975 		.ascii	"\005\330YuD1\254Ch]\004-d\245\231A\253\230\230o\367"
 1940      4431AC43 
 1940      685D042D 
 1940      64A59941 
 1940      AB98986F 
 1941 0300 F99B9FD1 		.ascii	"\371\233\237\321\324\320=\247\256\371\271\352\212\367"
 1941      D4D03DA7 
 1941      AEF9B9EA 
 1941      8AF7
 1942 030e B0C52452 		.ascii	"\260\305$R\036m\032bi\310:{@\246a3\264\021\334D\360"
 1942      1E6D1A62 
 1942      69C83A7B 
 1942      40A66133 
 1942      B411DC44 
 1943 0323 76706132 		.ascii	"vpa2\304\320\321\327Pj\025\311\261\000\011\327\242 "
 1943      C4D0D1D7 
 1943      506A15C9 
 1943      B10009D7 
 1943      A220
 1944 0335 690E5569 		.ascii	"i\016UiQ\255\266n-\026\010\334\304\370\022t\300:\344"
 1944      51ADB66E 
 1944      2D1608DC 
 1944      C4F81274 
 1944      C03AE4
 1945 0348 48CFCDCA 		.ascii	"H\317\315\3127\011\012E\260\004N\027\013D\300-T\342"
 1945      37090A45 
 1945      B0044E17 
 1945      0B44C02D 
 1945      54E2
 1946 035a 016474D7 		.ascii	"\001dt\327\2545|\320\241vx\260\025\204\203\004\235F"
 1946      AC357CD0 
 1946      A17678B0 
 1946      15848304 
 1946      9D46
 1947 036c 39EF61AC 		.ascii	"9\357a\254e ;\314\277\346U}\215\215\313\005D\235\255"
 1947      65203BCC 
 1947      BFE6557D 
 1947      8D8DCB05 
 1947      449DAD
 1948 037f F384FC3A 		.ascii	"\363\204\374:\235\273^\246s\005F]\002\177\220\024\352"
 1948      9DBB5EA6 
ARM GAS  /tmp/ccU7h4Da.s 			page 158


 1948      7305465D 
 1948      027F9014 
 1948      EA
 1949 0390 5C9D1FA3 		.ascii	"\\\235\037\243u)\334&\253FB\371\374:\217\260\0312\013"
 1949      7529DC26 
 1949      AB4642F9 
 1949      FC3A8FB0 
 1949      19320B
 1950 03a3 85B678D8 		.ascii	"\205\266x\3302\241\220y\272\330\376Rz\013\272\211\310"
 1950      32A19079 
 1950      BAD8FE52 
 1950      7A0BBA89 
 1950      C8
 1951 03b4 226C3FE7 		.ascii	"\"l?\347\355\036t\006lV\270C6+\005\271K\253\241r\005"
 1951      ED1E7406 
 1951      6C56B843 
 1951      362B05B9 
 1951      4BABA172 
 1952 03c9 94990A34 		.ascii	"\224\231\0124\371\0250\277\271\002\367^\245\300B\350"
 1952      F91530BF 
 1952      B902F75E 
 1952      A5C042E8 
 1953 03d9 7949A591 		.ascii	"yI\245\221\002\241p\237\254t\207\300\203\377\243@\030"
 1953      02A1709F 
 1953      AC7487C0 
 1953      83FFA340 
 1953      18
 1954 03ea 3C2422FB 		.ascii	"<$\"\373|\012\330\340\021\331\034\024\244\227\0240s"
 1954      7C0AD8E0 
 1954      11D91C14 
 1954      A4971430 
 1954      73
 1955 03fb 052C817D 		.ascii	"\005,\201}/=\207X7\013e\0226\012~\230\246o>\031\013"
 1955      2F3D8758 
 1955      370B6512 
 1955      360A7E98 
 1955      A66F3E19 
 1956 0410 A70FC218 		.ascii	"\247\017\302\030o\025\002\232FO\025\0162C\273\364\243"
 1956      6F15029A 
 1956      464F150E 
 1956      3243BBF4 
 1956      A3
 1957 0421 99B7BB4E 		.ascii	"\231\267\273N\203\020\317\342f\341n\026B\303O3\217\257"
 1957      8310CFE2 
 1957      66E16E16 
 1957      42C34F33 
 1957      8FAF
 1958 0433 1183561C 		.ascii	"\021\203V\034G\302\221\241\242\016&\010\315\360\030"
 1958      47C291A1 
 1958      A20E2608 
 1958      CDF018
 1959 0442 A5C45CC7 		.ascii	"\245\304\\\307\262\014\240\015\335^\235\374|{\315\237"
 1959      B20CA00D 
 1959      DD5E9DFC 
 1959      7C7BCD9F 
 1960 0452 A003FA29 		.ascii	"\240\003\372)\301 Jp\200\022\264\011\256\301\256\305"
 1960      C1204A70 
ARM GAS  /tmp/ccU7h4Da.s 			page 159


 1960      8012B409 
 1960      AEC1AEC5 
 1961 0462 82DE4EF4 		.ascii	"\202\336N\364\003\220\031\301\217j\304\273\177l\230"
 1961      039019C1 
 1961      8F6AC4BB 
 1961      7F6C98
 1962 0471 B464405A 		.ascii	"\264d@Z\252\331\303\302\363i\355`\0202\37013=n1x\330"
 1962      AAD9C3C2 
 1962      F369ED60 
 1962      1032F831 
 1962      333D6E31 
 1963 0487 DB22B073 		.ascii	"\333\"\260s\276\300\313a\210\002\007\013[EKm\267\231"
 1963      BEC0CB61 
 1963      8802070B 
 1963      5B454B6D 
 1963      B799
 1964 0499 48857105 		.ascii	"H\205q\005\014\203K\334\015\177\"\267\233\212\310\356"
 1964      0C834BDC 
 1964      0D7F22B7 
 1964      9B8AC8EE 
 1965 04a9 61113891 		.ascii	"a\0218\221\214\202\311_L\363\315%2\237_\242O\214\271"
 1965      8C82C95F 
 1965      4CF3CD25 
 1965      329F5FA2 
 1965      4F8CB9
 1966 04bc 9455ECAD 		.ascii	"\224U\354\255\324H\263(\350\325\340)\204yX\264\250\327"
 1966      D448B328 
 1966      E8D5E029 
 1966      847958B4 
 1966      A8D7
 1967 04ce DE9C1522 		.ascii	"\336\234\025\"5\307\033\236\271\177M\235\271\317\374"
 1967      35C71B9E 
 1967      B97F4D9D 
 1967      B9CFFC
 1968 04dd 67AE51FA 		.ascii	"g\256Q\372A\263K\377\214]\224\276c\276\322/\370\334"
 1968      41B34BFF 
 1968      8C5D94BE 
 1968      63BED22F 
 1968      F8DC
 1969 04ef 83CF83BF 		.ascii	"\203\317\203\2779\335\002\242{\216t~\215\335,rVf1\371"
 1969      39DD02A2 
 1969      7B8E747E 
 1969      8DDD2C72 
 1969      566631F9 
 1970 0503 FC65F20F 		.ascii	"\374e\362\017e&Bu\337\234\370J1\344*\030EebIi!\330\013"
 1970      65264275 
 1970      DF9CF84A 
 1970      31E42A18 
 1970      45656249 
 1971 051b 744397AA 		.ascii	"tC\227\252\314\361j\236\177\034L\342\217\023FH\202w"
 1971      CCF16A9E 
 1971      7F1C4CE2 
 1971      8F134648 
 1971      8277
 1972 052d E894EBAD 		.ascii	"\350\224\353\255\2716\344\232\012U\335s\272\214\037"
 1972      B936E49A 
 1972      0A55DD73 
ARM GAS  /tmp/ccU7h4Da.s 			page 160


 1972      BA8C1F
 1973 053c 842ABE2F 		.ascii	"\204*\276/`4p\320\251#\227\017w\361Z\005\016\032cS\230"
 1973      603470D0 
 1973      A923970F 
 1973      77F15A05 
 1973      0E1A6353 
 1974 0551 D4EC9F0A 		.ascii	"\324\354\237\012\035\002\203\217\245\000D\353,\356\255"
 1974      1D02838F 
 1974      A50044EB 
 1974      2CEEAD
 1975 0560 63534743 		.ascii	"cSGC\177\243ql;gVG\304\353\212r,P\224\343B\351@\271"
 1975      7FA3716C 
 1975      3B675647 
 1975      C4EB8A72 
 1975      2C5094E3 
 1976 0578 E30A3969 		.ascii	"\343\0129i\223\234\311<n\314'\212\227G0\015\036\311"
 1976      939CC93C 
 1976      6ECC278A 
 1976      9747300D 
 1976      1EC9
 1977 058a 6CBC5D6A 		.ascii	"l\274]j8Fs\337\020>/z\233\352\012\000e\337U\343\033"
 1977      384673DF 
 1977      103E2F7A 
 1977      9BEA0A00 
 1977      65DF55E3 
 1978 059f 7C4FB884 		.ascii	"|O\270\204\340\236\223\370\036F\202X\013\212\033\245"
 1978      E09E93F8 
 1978      1E468258 
 1978      0B8A1BA5 
 1979 05af 8D56B4E0 		.ascii	"\215V\264\340r\240\305D\337\321\332\341\312.\031\031"
 1979      72A0C544 
 1979      DFD1DAE1 
 1979      CA2E1919 
 1980 05bf AC255337 		.ascii	"\254%S7\375%\037L\273\346\037=\355\361\331\326\227\353"
 1980      FD251F4C 
 1980      BBE61F3D 
 1980      EDF1D9D6 
 1980      97EB
 1981 05d1 BB80DFF4 		.ascii	"\273\200\337\364\023x\323\017AZA\177y\250\010\242\361"
 1981      1378D30F 
 1981      415A417F 
 1981      79A808A2 
 1981      F1
 1982 05e2 001A4633 		.ascii	"\000\032F3!a\210J\215\215\036\022P\342\177HHRX|\374"
 1982      2161884A 
 1982      8D8D1E12 
 1982      50E27F48 
 1982      4852587C 
 1983 05f7 6AFC4DDC 		.ascii	"j\374M\334\236\264iurR\342\352\204\355\311\037m\336"
 1983      9EB46975 
 1983      7252E2EA 
 1983      84EDC91F 
 1983      6DDE
 1984 0609 9898B02D 		.ascii	"\230\230\260->Q\222?\331!o\334\001\333L\233\223\022"
 1984      3E51923F 
 1984      D9216FDC 
 1984      01DB4C9B 
ARM GAS  /tmp/ccU7h4Da.s 			page 161


 1984      9312
 1985 061b B66E5293 		.ascii	"\266nR\223S\022R>M\266\245$%lK\336\372IJ\312\246\217"
 1985      5312523E 
 1985      4DB6A524 
 1985      256C4BDE 
 1985      FA494ACA 
 1986 0631 FF038870 		.ascii	"\377\003\210p\263\351"
 1986      B3E9
 1987              		.text
 1988              		.section	.gnu.lto_aosFBCanRemoveFilterI.d6499f0ae6d76a39,"e",%progbits
 1989 0000 789C8D56 		.ascii	"x\234\215V\375STU\030>\3579w\357\275\273\354\262\300"
 1989      FD535455 
 1989      183EEF39 
 1989      77EFBDBB 
 1989      ECB2C0
 1990 0013 B2826E53 		.ascii	"\262\202nS8\305\230\015\003\333\324\364C5\223\215\375"
 1990      38C5980D 
 1990      03DBD4F4 
 1990      4335938D 
 1990      FD
 1991 0024 D25FD128 		.ascii	"\322_\321(A99\332h\365c^\026B\276\024-?\200f[\224\360"
 1991      413939DA 
 1991      68F5635E 
 1991      1642BE14 
 1991      2D3F8066 
 1992 003b 63C6F123 		.ascii	"c\306\361#-\035au\005\025Q35EE\202\004E\304E\005\215"
 1992      2D1D6175 
 1992      05155133 
 1992      35454582 
 1992      0445C445 
 1993 0051 FCC4DE73 		.ascii	"\374\304\336s?7\\\226\335\3319s\3569\357\373\234\347"
 1993      3F375C96 
 1993      DDD93973 
 1993      EE39EFFB 
 1993      9CE7
 1994 0063 3CE779CF 		.ascii	"<\347y\317\2752\001r\300I\310\307\204\220\017\200\020"
 1994      BD320172 
 1994      C049C8C7 
 1994      84900F80 
 1994      10
 1995 0074 9841802A 		.ascii	"\230A\200*\2122O*\221)e\203\247\353=\202\342\220\032"
 1995      8A324F2A 
 1995      91296583 
 1995      A7EB3D82 
 1995      E2901A
 1996 0087 F60EE609 		.ascii	"\366\016\346\011\212\223Q!\332t\315\213#\266u=?\275"
 1996      8A935121 
 1996      DA74CD8B 
 1996      23B6753D 
 1996      3FBD
 1997 0099 81230288 		.ascii	"\201#\002\210z\264\315\354\211 \351=\211\312:\202SG"
 1997      7AB4CDEC 
 1997      8920E93D 
 1997      89CA3A82 
 1997      5347
 1998 00ab 90A95D47 		.ascii	"\220\251]Gp\350\010vH\321\243\035f/\005\234z\317I]:"
 1998      70E80876 
ARM GAS  /tmp/ccU7h4Da.s 			page 162


 1998      48D1A31D 
 1998      662F059C 
 1998      7ACF495D 
 1999 00c0 42A68EE0 		.ascii	"B\246\216\340\002\217>\227\011\251j\017R\251{\373\201"
 1999      028F3E97 
 1999      09A96A0F 
 1999      52A97BFB 
 1999      81
 2000 00d1 F0FB1894 		.ascii	"\360\373\030\224v\251\243\215a\220\233z'\215x\365\340"
 2000      76A9A38D 
 2000      61909B7A 
 2000      278D78F5 
 2000      E0
 2001 00e2 0FD3683A 		.ascii	"\017\323h:v\336\306)\216\343\304\251t\2321zy\347K|\244"
 2001      76DEC629 
 2001      8EE3C4A9 
 2001      749A317A 
 2001      79E74B7C 
 2002 00f7 76EBB957 		.ascii	"v\353\271Wq$\303\\\303\003\240\366\024\031\310\012\312"
 2002      7124C35C 
 2002      C303A0F6 
 2002      1419C80A 
 2002      CA
 2003 0108 049B28C9 		.ascii	"\004\233(\311vG\212\323\225\231\352\366\246\245gx`\005"
 2003      76478AD3 
 2003      9599EAF6 
 2003      A6A56778 
 2003      6005
 2004 011a 4D25E6AF 		.ascii	"M%\346\257\226md\260\276\262\345\222k\356VE\011(\221"
 2004      966D64B0 
 2004      BEB2E592 
 2004      6BEE5645 
 2004      092891
 2005 012d 8DEBDEBB 		.ascii	"\215\353\336\273VZ^\345\0171B\352\031\201\267|\340\367"
 2005      565A5EE5 
 2005      0F3142EA 
 2005      1981B77C 
 2005      E0F7
 2006 013f A9A17010 		.ascii	"\251\241p\020\346bpo \370\320\271\232\205\030\200\200"
 2006      E662706F 
 2006      20F8D0B9 
 2006      9A851880 
 2006      80
 2007 0150 8FEB4EEE 		.ascii	"\217\353N\356\353t\360G\0129\370\270\271\271\351\027"
 2007      EB74F047 
 2007      0A39F8B8 
 2007      B9B9E917 
 2008 0160 99BD0C04 		.ascii	"\231\275\014\004\373kj\243kS\3464\253\260\327\2670\345"
 2008      FB6B6AA3 
 2008      6B53E634 
 2008      ABB0D7B7 
 2008      30E5
 2009 0172 B5106310 		.ascii	"\265\020c\020\006\306a[\301\007-\200\3008\206\320\207"
 2009      06C6615B 
 2009      C1072D80 
 2009      C03886D0 
 2009      87
ARM GAS  /tmp/ccU7h4Da.s 			page 163


 2010 0183 600E266C 		.ascii	"`\016&l*\337\274Ad\271j\362\365\306Myz\356\321Y\015"
 2010      2ADFBC41 
 2010      64B96AF2 
 2010      F5C64D79 
 2010      7AEED159 
 2011 0198 4A440831 		.ascii	"JD\0101\001\016\277\220,`r\004\346\020\236r\363X`\200"
 2011      010EBF90 
 2011      2C607204 
 2011      E6109E72 
 2011      F3586080 
 2012 01ac B23C357D 		.ascii	"\262<5}\364\376\225_Yn\223\232?8\302v\355S\224\312y"
 2012      F4FE955F 
 2012      596E939A 
 2012      3F38C276 
 2012      ED5394CA 
 2013 01c1 1CE2C824 		.ascii	"\034\342\310$\010\376\303\370\376=\023\353]\242\000"
 2013      08FEC3F8 
 2013      FE3D13EB 
 2013      5DA200
 2014 01d0 6D90CBB7 		.ascii	"m\220\313\267\315\267\333\016\"\341\006\343c\273\316"
 2014      CDB7DB0E 
 2014      22E106E3 
 2014      63BBCE
 2015 01df DB22CAC4 		.ascii	"\333\"\312\304\363\225J\2447\012k/\034}\005w\030b6\312"
 2015      F3954AA4 
 2015      370A6B2F 
 2015      1C7D0577 
 2015      186236CA 
 2016 01f3 1B868D28 		.ascii	"\033\206\215(\360\306\306\033\2217\022\341Y2v\211\033"
 2016      F0C6C61B 
 2016      913712E1 
 2016      59327689 
 2016      1B
 2017 0204 F8EEF058 		.ascii	"\370\356\360X\220f\226:\234\255\266\204T3R\2615t\206"
 2017      9066963A 
 2017      9CADB684 
 2017      543352B1 
 2017      357486
 2018 0217 801221A4 		.ascii	"\200\022!\244\206Q\355\241\004\037\242P\332\270w\374"
 2018      8651EDA1 
 2018      041FA250 
 2018      DAB877FC 
 2019 0227 4D950292 		.ascii	"M\225\002\222\013n;\375\334^\006\201\0229\304\244z\306"
 2019      0B6E3BFD 
 2019      DC5E0681 
 2019      1239C4A4 
 2019      7AC6
 2020 0239 491D8532 		.ascii	"I\035\2052\316@&7\240\254\257}8\312xl\220\2711zu\351"
 2020      CE402637 
 2020      A0ACAF7D 
 2020      38CA786C 
 2020      90B9317A 
 2021 024f DD5E999F 		.ascii	"\335^\231\237\010\006\3021}\2175\214\365\234j\315\342"
 2021      0806C231 
 2021      7D8F358C 
 2021      F59C6ACD 
 2021      E2
ARM GAS  /tmp/ccU7h4Da.s 			page 164


 2022 0260 E8300C81 		.ascii	"\3500\014\201V\273\026\017\261\361v\230\274\230\275"
 2022      56BB160F 
 2022      B1F17698 
 2022      BC98BD
 2023 026f 8969F274 		.ascii	"\211i\362t]=~\026\232\241\011B\314\001\035\2706\034"
 2023      5D3D7E16 
 2023      9AA10942 
 2023      CC011DB8 
 2023      361C
 2024 0281 E7C03873 		.ascii	"\347\3008s\360\373\212\335\242\177'zN\311\011\261\024"
 2024      F0FB8ADD 
 2024      A27F277A 
 2024      4EC909B1 
 2024      14
 2025 0292 38816175 		.ascii	"8\201auLW\265lh{\267\303\234tB'\370\3538}\002'\301\257"
 2025      4C57B56C 
 2025      687BB7C3 
 2025      9C744227 
 2025      F8EB387D 
 2026 02aa 529F6FF1 		.ascii	"R\237o\361h\256\336\334\342\342<\234@\341\224\311[\030"
 2026      68AEDEDC 
 2026      E2E23C9C 
 2026      40E194C9 
 2026      5B18
 2027 02bc EE782671 		.ascii	"\356x&q\3364\012+s\342I\342\252g\024!OsI\222\332\300"
 2027      DE340A2B 
 2027      73E249E2 
 2027      AA671421 
 2027      4F734992 
 2028 02d2 EF893670 		.ascii	"\357\2116pf\352\015\244\302\037|\003T\233;r\261\373"
 2028      66EA0DA4 
 2028      C21F7C03 
 2028      549B3B72 
 2028      B1FB
 2029 02e4 07C6D7A9 		.ascii	"\007\306\327\251P'\335p\026\374\232i\316!>\006\334\353"
 2029      5027DD70 
 2029      16FC9A69 
 2029      CE213E06 
 2029      DCEB
 2030 02f6 DB3E2ACD 		.ascii	"\333>*\315\316\017)u8\235\306S:\267\235\332\240R\253"
 2030      CE0F2975 
 2030      389DC653 
 2030      3AB79DDA 
 2030      A052AB
 2031 0309 5353D2E1 		.ascii	"SS\322\341<\314\326R\376\324R\366\357\350\363\315\246"
 2031      3CCCD652 
 2031      FED452F6 
 2031      EFE8F3CD 
 2031      A6
 2032 031a 3119AB2A 		.ascii	"1\031\253*\203\025\216\330\214\013F\306E-\243k\240\277"
 2032      83158ED8 
 2032      8C0B46C6 
 2032      452DA36B 
 2032      A0BF
 2033 032c 592DC70C 		.ascii	"Y-\307\014h\226\240\013|!\346Qu\263\215\225\036vs\335"
 2033      6896A00B 
 2033      7C21E651 
ARM GAS  /tmp/ccU7h4Da.s 			page 165


 2033      75B38D95 
 2033      1E7673DD 
 2034 0340 D834BA5D 		.ascii	"\3304\272]JZ\267\313S\353\226\011WT\335\364\264\266"
 2034      4A5AB7CB 
 2034      53EB9609 
 2034      5754DDF4 
 2034      B4B6
 2035 0352 AAF22E87 		.ascii	"\252\362.\207\245\215\027\272\015m\256&\255M\217\261"
 2035      A58D17BA 
 2035      0D6DAE26 
 2035      AD4D8FB1 
 2036 0362 D3BF92D5 		.ascii	"\323\277\222\325\246\327\310\350\343Dc\264\020\015\357"
 2036      A6D7C8E8 
 2036      E34463B4 
 2036      100DEF
 2037 0371 DBA25016 		.ascii	"\333\242P\026W\213\031\365\352=\364\267\256\305\332"
 2037      578B19F5 
 2037      EA3DF4B7 
 2037      AEC5DA
 2038 0380 1DDDF95C 		.ascii	"\035\335\371\\\324,\370\026\256q\234l\025G\262JT\255"
 2038      D42CF816 
 2038      AE719C6C 
 2038      1547B24A 
 2038      54AD
 2039 0392 BB31A3EE 		.ascii	"\2731\243\356<\261u$`\335\365\233\376\225\343\325\035"
 2039      3CB17524 
 2039      60DDF59B 
 2039      FE95E3D5 
 2039      1D
 2040 03a3 4D4AEF81 		.ascii	"MJ\357\201D>\275\236\250\320n\230\2056\370\377B\213"
 2040      443EBD9E 
 2040      A8D06E98 
 2040      8536F8FF 
 2040      428B
 2041 03b5 AD2C7BB2 		.ascii	"\255,{\262\225u3i\207\014%b|+Qe\015'\252\254\333\206"
 2041      95753369 
 2041      870C2562 
 2041      7C2B5165 
 2041      0D27AAAC 
 2042 03cb 7BA249BB 		.ascii	"{\242I\273g\304\360\302\235d\335s\327\310\270\247e\204"
 2042      67C4F0C2 
 2042      9D64DD73 
 2042      D7C8B8A7 
 2042      6584
 2043 03dd BBD64C88 		.ascii	"\273\326L\210Zem\221`\324r\223#\331\312\032KZ\267\373"
 2043      5A656D91 
 2043      60D47293 
 2043      23D9CA1A 
 2043      4B5AB7FB 
 2044 03f1 892AEB41 		.ascii	"\211*\353A\302\312\372\307\320f<im\3765v\3720Ym\036"
 2044      C2CAFAC7 
 2044      D0663C69 
 2044      6DFE3576 
 2044      FA30596D 
 2045 0406 19198F39 		.ascii	"\031\031\2179\321\030-R\222\255\254'\\\213\330ZrZ\265"
 2045      D1182D52 
 2045      92ADAC27 
ARM GAS  /tmp/ccU7h4Da.s 			page 166


 2045      5C8BD85A 
 2045      725AB5
 2046 0419 C40BE356 		.ascii	"\304\013\343VO\270\0254\217f!B\244{\367\225TT\247\004"
 2046      4FB81534 
 2046      8F662142 
 2046      A47BF795 
 2046      5454A704 
 2047 042d 4568DCC2 		.ascii	"Eh\334\302\337\2633\361\355\246\275\316p\272$\324w\300"
 2047      DFB333F1 
 2047      EDA6BDCE 
 2047      70BA24D4 
 2047      77C0
 2048 043f 924880A7 		.ascii	"\222H\200\247\252D\0027\3743\335\360\355\343#\355:\240"
 2048      AA440237 
 2048      FC33DDF0 
 2048      EDE323ED 
 2048      3AA0
 2049 0451 073175CF 		.ascii	"\0071u\317\273\014\276\332\242}\341\247z\014\233\264"
 2049      BB0CBEDA 
 2049      A27DE1A7 
 2049      7A0C9BB4 
 2050 0461 28C2CEC2 		.ascii	"(\302\316\302L\255\220_XQ\204\011uE\033_\3619\256\210"
 2050      4CAD905F 
 2050      58518409 
 2050      75451B5F 
 2050      F139AE88 
 2051 0475 68BD558F 		.ascii	"h\275U\217l\034k2\373%\323\221W\250I\276\204\372\221"
 2051      6C1C6B32 
 2051      FB25D391 
 2051      57A849BE 
 2051      84FA91
 2052 0488 0A471B1B 		.ascii	"\012G\033\033\032\012o\203\251\360\022R\013P\223Z)\365"
 2052      1A0A6F83 
 2052      A9F01252 
 2052      0B50935A 
 2052      29F5
 2053 049a C7DE4C22 		.ascii	"\307\336L\"\036A\031\345\365_\3152w\\\355\177\007\000"
 2053      1E4119E5 
 2053      F55FCD32 
 2053      775CED7F 
 2053      0700
 2054 04ac 35E1DF99 		.ascii	"5\341\337\231\212`\334jC\355\303w\364[M2\256\261q\220"
 2054      8A60DC6A 
 2054      43EDC377 
 2054      F45B4D32 
 2054      AEB17190 
 2055 04c0 50C2CC86 		.ascii	"P\302\314\206\375\265\005A&x\273[jgb\236\373D\333\355"
 2055      FDB50541 
 2055      2678BB5B 
 2055      6A67629E 
 2055      FB44DBED 
 2056 04d4 01665E6D 		.ascii	"\001f^m\267F\302C\272\230B\\1\245)\031\177g1.\247~\215"
 2056      B746C243 
 2056      BA98425C 
 2056      31A52919 
 2056      7F67312E 
 2057 04eb C503AA63 		.ascii	"\305\003\252c\005U\253q\312\336\256\237\203\235L\345"
ARM GAS  /tmp/ccU7h4Da.s 			page 167


 2057      0555AB71 
 2057      CADEAE9F 
 2057      839D4CE5 
 2058 04fb 9CA6B237 		.ascii	"\234\246\2627)\237\271[*j\341\331\026\347l\\2\225`\343"
 2058      299FB95B 
 2058      2A6AE1D9 
 2058      16E76C5C 
 2058      329560E3 
 2059 050f E6279FFE 		.ascii	"\346'\237\376cC$\317$\333Y\240\205\333\3422\315\236"
 2059      634324CF 
 2059      24DB59A0 
 2059      85DBE232 
 2059      CD9E
 2060 0521 92E94A8B 		.ascii	"\222\351J\213i\005\325\215\326\2433\265\031LkX\306o"
 2060      6905D58D 
 2060      D6A333B5 
 2060      194C6B58 
 2060      C66F
 2061 0533 1D3D1ECB 		.ascii	"\035=\036\313f\217MoO>\315\351lVi\255WE\015\233\261"
 2061      668F4D6F 
 2061      4F3ECDE9 
 2061      6C5669AD 
 2061      57450D9B 
 2062 0548 78B65848 		.ascii	"x\266XH\246\241^mA\325p\233\211\232\315\236\204w\307"
 2062      A6A15E6D 
 2062      41D5709B 
 2062      899ACD9E 
 2062      8477C7
 2063 055b B5D937D3 		.ascii	"\265\3317\323\331l\225\205\267\232\372u_\3250\217Y\327"
 2063      D96C9585 
 2063      B79AFA75 
 2063      5FD5308F 
 2063      59D7
 2064 056d C21D0834 		.ascii	"\302\035\01046=\335#i[\227\325C\221c\375\210\337\327"
 2064      363DDD23 
 2064      695B97D5 
 2064      439163FD 
 2064      88DFD7
 2065 0580 504B7D19 		.ascii	"PK}\031\374uxh`\317.\2076\250\000\254\241\276t\312\347"
 2065      FC757868 
 2065      60CF2E87 
 2065      36A800AC 
 2065      A1BE74CA 
 2066 0595 5C94F7D3 		.ascii	"\\\224\367\323(\036?X_\313\204\370\362\363\013\360_"
 2066      281E3F58 
 2066      5FCB84F8 
 2066      F2F30BF0 
 2066      5F
 2067 05a6 B8745951 		.ascii	"\270tYQ\301\362e\205\005\013\226.\377\244xa\341\202"
 2067      C1F26585 
 2067      050B962E 
 2067      FFA47861 
 2067      E182
 2068 05b8 25F98544 		.ascii	"%\371\205DT;_\212\305\213\026\177U\264\014\212}\271"
 2068      543B5F8A 
 2068      C58B167F 
 2068      55B40C8A 
ARM GAS  /tmp/ccU7h4Da.s 			page 168


 2068      7DB9
 2069 05ca CB5FCFFD 		.ascii	"\313_\317\375z\356\2739\030\364\321\302\317\346\177"
 2069      7AEEBB39 
 2069      18F4D1C2 
 2069      CFE67F
 2070 05d9 5E54F845 		.ascii	"^T\370EN\361\202E\213\213>%\377\001\007\031a."
 2070      4EF18245 
 2070      8B8B3E25 
 2070      FF010719 
 2070      612E
 2071              		.text
 2072              		.section	.gnu.lto_sdcanObjectInit.d6499f0ae6d76a39,"e",%progbits
 2073 0000 789C9D55 		.ascii	"x\234\235U\355S\224U\024\277\277\347\356\356\263\273"
 2073      ED539455 
 2073      14BFBFE7 
 2073      EEEEB3BB 
 2074 0010 2CF84296 		.ascii	",\370B\226\266i\213IJ\323\260\214\365\251O\315\320\367"
 2074      B6698B49 
 2074      4AD3B08C 
 2074      F5A94FCD 
 2074      D0F7
 2075 0022 A6E90F68 		.ascii	"\246\351\017hdY\203\321\201\006\264\217\371\2600)`\246"
 2075      645983D1 
 2075      8106B48F 
 2075      F9B03029 
 2075      60A6
 2076 0034 8601162E 		.ascii	"\206\001\026.#\371\302d\"\332X\012\342\252I\201/)!&"
 2076      23F9C264 
 2076      22DA580A 
 2076      E2AA4981 
 2076      2F292126 
 2077 0048 1A8B0888 		.ascii	"\032\213\010\210\204\357F\232/t\316}\026\330\010\221"
 2077      84EF469A 
 2077      2F74CE7D 
 2077      16D80891 
 2078 0058 616777E7 		.ascii	"agw\347\271\367\334\3379\277\363\273\347\234\307. \322"
 2078      B9F7DCDF 
 2078      39BFF3BB 
 2078      E79CC72E 
 2078      20D2
 2079 006a 1C42640B 		.ascii	"\034Bd\013!\322\351\007\273\200f\030\306\333z\236]\323"
 2079      21D2E907 
 2079      BB806618 
 2079      C6DB7A9E 
 2079      5DD3
 2080 007c 64EFC9F2 		.ascii	"d\357\311\362x\213\341\3247\357\353}\335b\270\244f\031"
 2080      788BE1D4 
 2080      37EFEB7D 
 2080      DD62B8A4 
 2080      6619
 2081 008e A8BA3C8B 		.ascii	"\250\272<\213v\254%\227\266\274F;\026\330\"\247\255"
 2081      76AC2597 
 2081      B6BC463B 
 2081      16D822A7 
 2081      AD
 2082 009f 234F36E8 		.ascii	"#O6\350\221'\035PO\206\035b\225&-V\233\216U\370\\\226"
 2082      91271D50 
ARM GAS  /tmp/ccU7h4Da.s 			page 169


 2082      4F861D62 
 2082      95262D56 
 2082      9B8E55F8 
 2083 00b5 4A1C5DDD 		.ascii	"J\034]\335{@K\332Af#T\332:\277\3138c\310\240\024\242"
 2083      7B404BDA 
 2083      41662354 
 2083      DA3ABFCB 
 2083      3863C8A0 
 2084 00cb 9C7EE607 		.ascii	"\234~\346\007\007\221D\007;\002\025\367]\353\310\006"
 2084      07914407 
 2084      3B0215F7 
 2084      5DEBC806 
 2085 00db 586859D2 		.ascii	"XhY\322\374}\223\223\227\032<\264\274\322}\277\332)"
 2085      FC7D9393 
 2085      971A3CB4 
 2085      BCD27DBF 
 2085      DA29
 2086 00ed E741D073 		.ascii	"\347A\320s\343\335\320i\327\302m\206\0210B\217\276\221"
 2086      E3DDD069 
 2086      D7C26D86 
 2086      1130428F 
 2086      BE91
 2087 00ff C682A094 		.ascii	"\306\202\240\2248\004I.Q\0177\352\340\026\202\366\310"
 2087      3804492E 
 2087      510F37EA 
 2087      E01682F6 
 2087      C8
 2088 0110 7503160A 		.ascii	"u\003\026\012\206t\325>\331\024k\263D\242\3420l\244"
 2088      8674D53E 
 2088      D9146BB3 
 2088      44A2E230 
 2088      6CA4
 2089 0122 8710352D 		.ascii	"\207\0205-\326\220\361dh\265\021\352(\302\306\326\360"
 2089      D690F164 
 2089      68B511EA 
 2089      28C2C6D6 
 2089      F0
 2090 0133 A27810D0 		.ascii	"\242x\020\320\242\321\237U\322\037!\202R\247\354\224"
 2090      A2D19F55 
 2090      D21F2182 
 2090      52A7EC94 
 2091 0143 9F622938 		.ascii	"\237b)8\015\013\214\220\020k\245f.\362i\321\203\202"
 2091      0D0B8C90 
 2091      106BA566 
 2091      2EF269D1 
 2091      8382
 2092 0155 F0B1DE22 		.ascii	"\360\261\336\"?;\256\220:\005\\\227\177\263\303\316"
 2092      3F3BAE90 
 2092      3A055C97 
 2092      7FB3C3CE 
 2093 0165 F4250442 		.ascii	"\364%\004BLH0F\356#\245\301\030\364#P\3570\001\210\006"
 2093      4C483046 
 2093      EE23A5C1 
 2093      18F42350 
 2093      EF300188 
 2094 017a D8558E15 		.ascii	"\330U\216\025;O\0169\012\020\310\263\323N\025\263\246"
 2094      3B4F0E39 
ARM GAS  /tmp/ccU7h4Da.s 			page 170


 2094      0A10C8B3 
 2094      D34E15B3 
 2094      A6
 2095 018b CDB68B8D 		.ascii	"\315\266\213\215g\260\015U\010J\007\216\242\0008\302"
 2095      67B00D55 
 2095      084A078E 
 2095      A20038C2 
 2096 019b 9EC97270 		.ascii	"\236\311rp\343\232=\266\224\335\314\310\023\224N\034"
 2096      E39A3DB6 
 2096      94DDCCC8 
 2096      13944E1C 
 2097 01ab A363652A 		.ascii	"\243ce*W2\026\364U\267;G\2141\370\011)e\222\323\307"
 2097      573216F4 
 2097      55B73B47 
 2097      8C31F809 
 2097      296592D3 
 2098 01c0 71A428EE 		.ascii	"q\244(\356\251\243<\266\025o\255\213e\0361\320\3208"
 2098      A9A33CB6 
 2098      156FAD8B 
 2098      651E31D0 
 2098      D038
 2099 01d2 42DC1268 		.ascii	"B\334\022h\373\372M\346\255\015`\265G\0118\206\245\253"
 2099      FBFA4DE6 
 2099      AD0D60B5 
 2099      47093886 
 2099      A5AB
 2100 01e4 9C7DE267 		.ascii	"\234}\342g\2425\271\004~\231(\201\246\247'\020\213f"
 2100      A235B904 
 2100      7E992881 
 2100      A6A72710 
 2100      8B66
 2101 01f6 4E40336D 		.ascii	"N@3mG\316\265\177!9\316\032e\214\303\011\244\230\367"
 2101      47CEB57F 
 2101      2139CE1A 
 2101      658CC309 
 2101      A498F7
 2102 0209 7B92FCD3 		.ascii	"{\222\374\323\201[\341\352\333zBb\320(#\3634\2064\355"
 2102      815BE1EA 
 2102      DB7A4262 
 2102      D02823F3 
 2102      348634ED 
 2103 021d 3CF1A5A2 		.ascii	"<\361\245\242V\246 \323q\012\011&\344\264\011\371aW"
 2103      56A620D3 
 2103      710A0926 
 2103      E4B409F9 
 2103      6157
 2104 022f D89DA045 		.ascii	"\330\235\240E!>+\254X\343\214F\374:\2148c\"\276\032"
 2104      213E2BAC 
 2104      58E38C46 
 2104      FC3A8C38 
 2104      6322BE1A 
 2105 0243 DCFB068B 		.ascii	"\334\373\006\2136\003%v\234\205;(g*\331\254\265\353"
 2105      36032576 
 2105      9C853B28 
 2105      672AD9AC 
 2105      B5EB
 2106 0255 F7F408D6 		.ascii	"\367\364\010\326M>C\267\226I\353\366\333\323u\213G\253"
ARM GAS  /tmp/ccU7h4Da.s 			page 171


 2106      4D3E43B7 
 2106      9649EBF6 
 2106      DBD3758B 
 2106      47AB
 2107 0267 D22D023B 		.ascii	"\322-\002;Z\364i\233sT\233\347pnX\233\266Iks~8\323\337"
 2107      5AF4699B 
 2107      73549BE7 
 2107      706E589B 
 2107      B6496B73 
 2108 027f 27ABCD85 		.ascii	"'\253\315\205aD;\023\215\022\3036R\374\326\001\024\214"
 2108      61443B13 
 2108      8D12C336 
 2108      52FCD601 
 2108      148C
 2109 0291 2BC6AC72 		.ascii	"+\306\254r\276W\\\214\210\261aW{2\313\372<>\301%v\364"
 2109      BE575C8C 
 2109      88B16157 
 2109      7B32CBFA 
 2109      3C3EC125 
 2110 02a7 8272A48F 		.ascii	"\202r\244\217v\036uQI\321\365M\315\323\330\033!B\355"
 2110      761E7551 
 2110      49D1F54D 
 2110      CDD3D81B 
 2110      2142ED
 2111 02ba 7B2EC491 		.ascii	"{.\304\221Ryt\242r)u\357l\352G\263\001\311\232\027\014"
 2111      527974A2 
 2111      722975EF 
 2111      6CEA47B3 
 2111      01C99A17 
 2112 02cf FF38AAD6 		.ascii	"\3778\252\326\034\374\241\324\262p+t %\272\013\347\250"
 2112      1CFCA1D4 
 2112      B2702B74 
 2112      2025BA0B 
 2112      E7A8
 2113 02e1 F875F70E 		.ascii	"\370u\367\016\365+j\263i\247\212\357\2116\303\306\235"
 2113      F52B6AB3 
 2113      69A78AEF 
 2113      8936C3C6 
 2113      9D
 2114 02f2 534E0E31 		.ascii	"SN\0161=(_D''\031\216\370\277{\365x\203=\242E\345v\260"
 2114      3D285F44 
 2114      2727198E 
 2114      F8BF7BF5 
 2114      78833DA2 
 2115 030a 9BCB1482 		.ascii	"\233\313\024\202\334wqF\212\354\343M\3150\333M\033\313"
 2115      DC777146 
 2115      8AECE34D 
 2115      CD30DB4D 
 2115      1BCB
 2116 031c B71F1313 		.ascii	"\267\037\023\023v\343\212\"l5\257\267>\334\275W\343"
 2116      76E38A22 
 2116      6C35AFB7 
 2116      3EDCBD57 
 2116      E3
 2117 032d 688C8DA3 		.ascii	"h\214\215\243\221\205n\352g\201\236H\254\315\017\012"
 2117      91856EEA 
 2117      67819E48 
ARM GAS  /tmp/ccU7h4Da.s 			page 172


 2117      ACCD0F0A 
 2118 033d 8FDD6B91 		.ascii	"\217\335k\221\377\031\177\221\31207\012\330ogq\315\214"
 2118      FF197F91 
 2118      CA30370A 
 2118      D86F6771 
 2118      CD8C
 2119 034f C56A242A 		.ascii	"\305j$*k\324i\\\205\015\275tI\002}J\334\355=\033J\343"
 2119      6BD4695C 
 2119      850DBD74 
 2119      49027D4A 
 2119      DCED3D1B 
 2120 0365 581DAB1A 		.ascii	"X\035\253\032\321[\266VuI\263*\335L\372Z\204tYK\365"
 2120      D15BB656 
 2120      7549B32A 
 2120      DD4CFA5A 
 2120      8474594B 
 2121 037a 61DD24DD 		.ascii	"a\335$\335\271c\355\314\335\256\240|\211\306\0353\267"
 2121      B963EDCC 
 2121      DDAEA07C 
 2121      89C61D33 
 2121      B7
 2122 038b 29A7027F 		.ascii	")\247\002\177\"\205\3627\005\251\351<\276\330\024D\216"
 2122      2285F237 
 2122      05A9E93C 
 2122      BED81444 
 2122      8E
 2123 039c 15A4E119 		.ascii	"\025\244\341\031\202\314\305\200r\253\217/\210\015\327"
 2123      82CCC580 
 2123      72AB8F2F 
 2123      880DD7
 2124 03ab 95203746 		.ascii	"\225 7F\304\177\020\231\270\2261\221<\023\206\231\207"
 2124      C47F1099 
 2124      B8963191 
 2124      3C138699 
 2124      87
 2125 03bc 9B2A8CFD 		.ascii	"\233*\214\375\377a\310\252\343\226\212r\233\243\014"
 2125      FF61C8AA 
 2125      E3968A72 
 2125      9BA30C
 2126 03cb A0CCE8C6 		.ascii	"\240\314\350\306x\245\375r9\027\032\356\360)J\325\344"
 2126      78A5FD72 
 2126      39171AEE 
 2126      F0294AD5 
 2126      E4
 2127 03dc 706EFDB7 		.ascii	"pn\375\267\015\016V\324\003z%\334\205;\272\006\023\350"
 2127      0D0E56D4 
 2127      037A25DC 
 2127      853BBA06 
 2127      13E8
 2128 03ee D5710F2C 		.ascii	"\325q\017,mP\316g\376w\372\016\234\035\300\024*\375"
 2128      6D50CE67 
 2128      FE77FA0E 
 2128      9C1DC014 
 2128      2AFD
 2129 0400 15FCA512 		.ascii	"\025\374\245\022p\230\011\354o\255iv\230FU\245\0130"
 2129      709809EC 
 2129      6FAD6976 
ARM GAS  /tmp/ccU7h4Da.s 			page 173


 2129      984655A5 
 2129      0B30
 2130 0412 C813D569 		.ascii	"\310\023\325iZ++\373\317\273\"\326\203dM\304\337l\215"
 2130      5A2B2BFB 
 2130      CFBB22D6 
 2130      83644DC4 
 2130      DF6C8D
 2131 0425 E12EB9AF 		.ascii	"\341.\271\257\272d\355\326\366|\311\014\0231D\237ix"
 2131      BA64EDD6 
 2131      F67CC90C 
 2131      1331449F 
 2131      6978
 2132 0437 405195BE 		.ascii	"@Q\225\276\337\2256\317\235\022\277\177&\342\367*\036"
 2132      DF9536CF 
 2132      9D12BF7F 
 2132      26E2F72A 
 2132      1E
 2133 0448 32031733 		.ascii	"2\003\0273x\244\030\214\010K\223\255r\220\216,,\347"
 2133      78A4188C 
 2133      084B93AD 
 2133      72908E2C 
 2133      2CE7
 2134 045a AEC0E3E1 		.ascii	"\256\300\343\341\322\277V7U\245\236D3\251\255\275q\326"
 2134      D2BF5637 
 2134      55A59E44 
 2134      33A9ADBD 
 2134      71D6
 2135 046c 15C56411 		.ascii	"\025\305d\021\206\230I,314\252a]\335\313\316\372\367"
 2135      8698492C 
 2135      333134AA 
 2135      615DDDCB 
 2135      CEFAF7
 2136 047f A6102B09 		.ascii	"\246\020+\011y\032\307\212co\001\215\363\332_x\275Z"
 2136      791AC78A 
 2136      636F018D 
 2136      F3DA5F78 
 2136      BD5A
 2137 0491 D5431268 		.ascii	"\325C\022hPjnq\003\201\312\207f\177\2507q\261\2049\374"
 2137      506A6E71 
 2137      0381CA87 
 2137      667FA837 
 2137      71B18439 
 2138 04a6 02215EBA 		.ascii	"\002!^\272\223\223\275\364\365e\347\370\275\2719>\357"
 2138      9393BDF4 
 2138      F565E7F8 
 2138      BDB9393E 
 2138      EF
 2139 04b7 92ECDC0F 		.ascii	"\222\354\334\017\226\246\371\226d%\373\204-7\235\036"
 2139      96A6F996 
 2139      6425FB84 
 2139      2D379D1E 
 2140 04c7 3E7227E6 		.ascii	">r'\346.J\\\231\364\226\207l\357\244}\230\232\341\367"
 2140      2E4A5C99 
 2140      F496876C 
 2140      EFA47D98 
 2140      9AE1F7
 2141 04da 2DF32C5D 		.ascii	"-\363,]\222\271\334\237.\222M\3702\177N\226\177\271"
ARM GAS  /tmp/ccU7h4Da.s 			page 174


 2141      92B9DC9F 
 2141      2E924DF8 
 2141      327F4E96 
 2141      7FB9
 2142 04ec 37352333 		.ascii	"75#3-\363\335\367\275\331\271\336\234\025\336\314,\337"
 2142      2DF3DDF7 
 2142      BDD9B9DE 
 2142      9C15DECC 
 2142      2CDF
 2143 04fe F295E97E 		.ascii	"\362\225\351~\257/\303\377\261?kEnr\206\370\027S\212"
 2143      AF2FC3FF 
 2143      B13F6B45 
 2143      6E7286F8 
 2143      17538A
 2144 0511 436D     		.ascii	"Cm"
 2145              		.text
 2146              		.section	.gnu.lto__vmt.d6499f0ae6d76a39,"e",%progbits
 2147 0000 789C65C9 		.ascii	"x\234e\311\275J\003Q\020\206\341\371\366\333_\3012U"
 2147      BD4A0351 
 2147      1086E1F9 
 2147      F6DB5FC1 
 2147      3255
 2148 0012 F01676B1 		.ascii	"\360\026v\261\314\325H\\\264\2600\220\334\300FR\004"
 2148      CCD5485C 
 2148      B4B03090 
 2148      DCC04652 
 2148      04
 2149 0023 02B6EE14 		.ascii	"\002\266\356\024\262[\212\275\010\376D\215BRXja\247"
 2149      B25B8ABD 
 2149      08FE448D 
 2149      4252586A 
 2149      61A7
 2150 0035 85854590 		.ascii	"\205\205E\220\024\026\026\242{\216\345\031\006^f\236"
 2150      141616A2 
 2150      7B8EE519 
 2150      065E669E 
 2151 0045 58207B10 		.ascii	"X {\020\331\220\3779\"\216O\036\177\223\021\016\206"
 2151      D990FF39 
 2151      228E4F1E 
 2151      7F93110E 
 2151      86
 2152 0056 E3A2789D 		.ascii	"\343\242x\235,Z\233\025E\351Z\375\363\214\212P\302\245"
 2152      2C5A9B15 
 2152      45E95AFD 
 2152      F38C8A50 
 2152      C2A5
 2153 0068 6F439ED2 		.ascii	"oC\236\322s\351\313\020\225tie\310W\372.-\015\005\312"
 2153      73E9CB10 
 2153      95746965 
 2153      C857FA2E 
 2153      2D0D05CA 
 2154 007c C0A50F43 		.ascii	"\300\245\017C\2412t\351\335P\244\214\\z3\024+cK\363"
 2154      A13274E9 
 2154      DD50A48C 
 2154      5C7A3314 
 2154      2B634BF3 
 2155 0090 CFE5130E 		.ascii	"\317\345\023\016Y1\2019\317\246\247/\353\235\363b\\"
ARM GAS  /tmp/ccU7h4Da.s 			page 175


 2155      59318139 
 2155      CFA6A72F 
 2155      EB9DF362 
 2155      5C
 2156 00a1 1775F35C 		.ascii	"\027u\363\\+)\270G\273$0\303\010%=\334\331\022\267\266"
 2156      2B29B847 
 2156      BB2430C3 
 2156      08253DDC 
 2156      D912B7B6 
 2157 00b5 3E6E6C03 		.ascii	">nl\003LmC\\\333F\270\262\215qi\233\340\242\251\340"
 2157      4C6D435C 
 2157      DB46B8B2 
 2157      8D71699B 
 2157      E0A2A9E0 
 2158 00c9 011D69A7 		.ascii	"\001\035i\247i\326l\336\353\357d\203~\236u{\203\255"
 2158      69D66CDE 
 2158      EBEF6483 
 2158      7E9E757B 
 2158      83AD
 2159 00db DDEDBCBB 		.ascii	"\335\355\274\273\237\346\362\007EW\210\026"
 2159      9FE6F207 
 2159      45578816 
 2160              		.text
 2161              		.section	.gnu.lto_sdcanStart.d6499f0ae6d76a39,"e",%progbits
 2162 0000 789C9D58 		.ascii	"x\234\235X\353S\024W\026\357s\273\347\375\340\375\210"
 2162      EB531457 
 2162      16EF73BB 
 2162      E7FDE0FD 
 2162      88
 2163 0011 18854D58 		.ascii	"\030\205MX\205\030\206\244v\277\354\247M\261\265U\371"
 2163      851886A4 
 2163      76BFECA7 
 2163      4DB1B555 
 2163      F9
 2164 0022 E06E25FE 		.ascii	"\340n%\376\001\026\342\240T\024R\214\331\332|\3314\017"
 2164      0116E2A0 
 2164      5414528C 
 2164      D9DA7CD9 
 2164      340F
 2165 0034 45117C47 		.ascii	"E\021|G\201\210C (dU\024\022\211b\314\210\021D\021\301"
 2165      81884320 
 2165      28645514 
 2165      128962CC 
 2165      88114411 
 2166 0049 201A5450 		.ascii	" \032TP\024\"\021\022\324\304E\263\321=\367v\367\320"
 2166      14221112 
 2166      D4C445B3 
 2166      D13DF776 
 2166      F7D0
 2167 005b 3340D39B 		.ascii	"3@\323\233)\350\272\217\363;\257{~g\356\264\231\003"
 2167      29E8BA8F 
 2167      F33BAF7B 
 2167      7E67EEB4 
 2167      9903
 2168 006d 6E7E14C7 		.ascii	"n~\024\307E\002\307-\307\177x\201\003\"\212\342\237"
 2168      4502C72D 
 2168      C77F7881 
ARM GAS  /tmp/ccU7h4Da.s 			page 176


 2168      03228AE2 
 2168      9F
 2169 007e 4D796642 		.ascii	"MyfB\370\221\316\362\010A\264\232*\232F\226\010\242"
 2169      F891CEF2 
 2169      0841B49A 
 2169      2A9A4696 
 2169      08A2
 2170 0090 9D27C258 		.ascii	"\235'\302X\315\355(\\1\354\272\261/\031W\0040\312\322"
 2170      CDED285C 
 2170      31ECBAB1 
 2170      2F195704 
 2170      30CAD2
 2171 00a3 06FFC808 		.ascii	"\006\377\310\010&yd\"VY\203Y\326`\366\257X\344\025\213"
 2171      26796422 
 2171      56598359 
 2171      D660F6AF 
 2171      58E4158B 
 2172 00b7 7FC529AF 		.ascii	"\177\305)\257X\211M\266b\227\255\330\300!k\264\373G"
 2172      58894DB6 
 2172      6297ADD8 
 2172      C0216BB4 
 2172      FB47
 2173 00c9 0E70CA23 		.ascii	"\016p\312#'\011A\371D\224\217@\371y(\037BBe\015a\262"
 2173      270941F9 
 2173      44948F40 
 2173      F979281F 
 2173      4242650D 
 2174 00df 86500897 		.ascii	"\206P\010\227\245\303\374\243p\210\220G\021$R\326\020"
 2174      A5C3FCA3 
 2174      70889047 
 2174      112452D6 
 2174      10
 2175 00f0 2B6B8824 		.ascii	"+k\210$Q\262\206hYC\024\304\310\322\321\376Q\014\304"
 2175      51B28668 
 2175      594314C4 
 2175      C8D2D1FE 
 2175      510CC4
 2176 0103 CAA35800 		.ascii	"\312\243X\0006\022\315\300}@x\301`4\231-V\233\335\341"
 2176      3612CDC0 
 2176      7D4078C1 
 2176      6034992D 
 2176      569BDDE1 
 2177 0117 0C090D0B 		.ascii	"\014\011\015\013\217\210\214\212\216\211\205\017`+\277"
 2177      8F888C8A 
 2177      8E89850F 
 2177      602BBF
 2178 0126 8787D6A2 		.ascii	"\207\207\326\242\221\343$\351\000\312\213\276=\373^"
 2178      91E324E9 
 2178      00CA8BBE 
 2178      3DFB5E
 2179 0135 1A12BB45 		.ascii	"\032\022\273E\336\313s\\9\376K\0378\001I(8\220_9i\337"
 2179      DECB735C 
 2179      39FE4B1F 
 2179      38014928 
 2179      38905F39 
 2180 014b 827B0002 		.ascii	"\202{\000\002Nw\235\377\254\303J\247\004\342qz\347\356"
 2180      4E779DFF 
ARM GAS  /tmp/ccU7h4Da.s 			page 177


 2180      ACC34AA7 
 2180      04E2717A 
 2180      E7EE
 2181 015d 64BD955F 		.ascii	"d\275\225_\000\034\216\333\036\371\272\354\213jE1_\364"
 2181      001C8EDB 
 2181      1EF9BAEC 
 2181      8B6A4531 
 2181      5FF4
 2182 016f F57EC28B 		.ascii	"\365~\302\213/{y\036\276\004\036U\302I\210\203\026\210"
 2182      2F7B791E 
 2182      BE041E55 
 2182      C2498883 
 2182      1688
 2183 0181 E3385C43 		.ascii	"\3438\\C\325\247`\021\002F\2375|'\360\211\014\374K\377"
 2183      D5A76011 
 2183      02469F35 
 2183      7C27F089 
 2183      0CFC4BFF 
 2184 0195 C5E34406 		.ascii	"\305\343D\006w\306V\210>\301\313\013\360\3254\264\200"
 2184      77C65688 
 2184      3EC1CB0B 
 2184      F0D534B4 
 2184      80
 2185 01a6 681F2CE2 		.ascii	"h\037,\342(f\350\350\263\017\035FA\366\031N\203\021"
 2185      2866E8E8 
 2185      B30F1D46 
 2185      41F6194E 
 2185      8311
 2186 01b8 0256B194 		.ascii	"\002V\261\224\002\305\210z\241\220\306^\365\250\355"
 2186      02C5887A 
 2186      A190C65E 
 2186      F5A8ED
 2187 01c7 7586649B 		.ascii	"u\206d\233*a\370\032\265\235\001c\340\342Y\\l\245\213"
 2187      2A61F81A 
 2187      B59D0163 
 2187      E0E2595C 
 2187      6CA58B
 2188 01da D08623D4 		.ascii	"\320\206#\324\326p\331\340\023\237=/\022}m\245\260\243"
 2188      D670D9E0 
 2188      139F3D2F 
 2188      127D6DA5 
 2188      B0A3
 2189 01ec F7D7C5AF 		.ascii	"\367\327\305\257\001:i \3700\362\3700\011tj\240S#\235"
 2189      013A6920 
 2189      F830F2F8 
 2189      3009746A 
 2189      A053239D 
 2190 0200 9AF06136 		.ascii	"\232\360a6\343\303b\241\033V|Xmtj\247S\007\225s\342"
 2190      E3C362A1 
 2190      1B567C58 
 2190      6D746AA7 
 2190      53079573 
 2191 0215 C3160334 		.ascii	"\303\026\0034G\363\201\306\232L\0278n3\317Q\217\005"
 2191      47F381C6 
 2191      9A4C1738 
 2191      6E33CF51 
 2191      8F05
ARM GAS  /tmp/ccU7h4Da.s 			page 178


 2192 0227 107D1C57 		.ascii	"\020}\034W\302\023iR\200\223a(\034<\323U\352\246qT\362"
 2192      C2136952 
 2192      80936128 
 2192      1C3CD355 
 2192      EAA67154 
 2193 023c 31E8F096 		.ascii	"1\350\360\226\202\037\007\314\364\2240\007\320N3\307"
 2193      821F07CC 
 2193      F4943007 
 2193      D04E33C7 
 2194 024c 510CDF84 		.ascii	"Q\014\337\204U\016\024\003\337C\376I\213\004\0005\300"
 2194      550E1403 
 2194      DF43FE49 
 2194      8B040035 
 2194      C0
 2195 025d CE4EA3B2 		.ascii	"\316N\243\262\256\363\271\245\020\362\363\314\270R\303"
 2195      AEF3B9A5 
 2195      10F2F3CC 
 2195      B852C3
 2196 026c 4B69EBBB 		.ascii	"Ki\353\273\336\326\015\265P\003^\336\001\035P\010p\216"
 2196      DED60DB5 
 2196      50035EDE 
 2196      011D5008 
 2196      708E
 2197 027e 6AC69D13 		.ascii	"j\306\235\023;6\0361\246\036\246\036\305{y'\234G\261"
 2197      3B361E31 
 2197      A61EA61E 
 2197      C57B7927 
 2197      9C47B1
 2198 0291 327628B8 		.ascii	"2v(\270Yx\257\276\337\352\337\014\201\013\220Z\306\216"
 2198      5978AFBE 
 2198      DFEADF0C 
 2198      810B905A 
 2198      C68E
 2199 02a3 063A2195 		.ascii	"\006:!\225\371\2366\345G\355\346\352\026\007\365#\004"
 2199      F99E36E5 
 2199      47EDE6EA 
 2199      1607F523 
 2199      04
 2200 02b4 085CF43B 		.ascii	"\010\\\364;.\344\367\355\375\003\365\233\214AQ<\025"
 2200      2EE4F7ED 
 2200      FD03F59B 
 2200      8C41513C 
 2200      15
 2201 02c5 0FF632B4 		.ascii	"\017\3662\264\234\025V\027\272\245/\200KZ\001t\317\036"
 2201      9C155617 
 2201      BAA52F80 
 2201      4B5A0174 
 2201      CF1E
 2202 02d7 4018F4D0 		.ascii	"@\030\364\320\000\344R:}\245\177'O\355ld\233\341p\031"
 2202      00E4523A 
 2202      7DA57F27 
 2202      4FED6C64 
 2202      9BE17019 
 2203 02eb 52997BF0 		.ascii	"R\231{\360\015\352G\201\211\301\372\007\246\204%^\261"
 2203      0DEA4781 
 2203      89C1FA07 
 2203      A684255E 
ARM GAS  /tmp/ccU7h4Da.s 			page 179


 2203      B1
 2204 02fc 0CB72328 		.ascii	"\014\267#(\244\243\356\302n\346Z\031\203DB/$H\220+\022"
 2204      A4A3EEC2 
 2204      6EE65A19 
 2204      8344422F 
 2204      2448902B 
 2205 0311 A4F9E060 		.ascii	"\244\371\340`\\\002Q!J7Un\264\252\021}\012\342\252\204"
 2205      5C025121 
 2205      4A37556E 
 2205      B4AA117D 
 2205      0AE2AA84 
 2206 0325 B8DDDBF9 		.ascii	"\270\335\333\371\221\215f-\012\352\315p\015\342\274"
 2206      918D662D 
 2206      0AEACD70 
 2206      0DE2BC
 2207 0334 7C34CB9B 		.ascii	"|4\313\233\341\350\266#\303\034M\034?G\342\276\325\235"
 2207      E1E8B623 
 2207      C31C4D1C 
 2207      3F47E2BE 
 2207      D59D
 2208 0346 B8FED913 		.ascii	"\270\376\331\023\027\003\327Y\342dXk\361\206>\353Tr"
 2208      1703D759 
 2208      E264586B 
 2208      F1863EEB 
 2208      5472
 2209 0358 62E18692 		.ascii	"b\341\206\222\234\233\272\2233\240\204:\25079\267\024"
 2209      9C9BBA93 
 2209      33A0843A 
 2209      A83739B7 
 2209      14
 2210 0369 C46DEAA8 		.ascii	"\304m\352\250*\031F\177\365\033\306\240p\306d\274P\316"
 2210      2A19467F 
 2210      F51BC6A0 
 2210      70C664BC 
 2210      50CE
 2211 037b 1ACC909C 		.ascii	"\032\314\220\234\214\355\007\373ShZ\347\301\277\340"
 2211      8CED07FB 
 2211      53685AE7 
 2211      C1BFE0
 2212 038a 0E5514C7 		.ascii	"\016U\024\307\024\231\202\250w\271\324 U\360|5\223\004"
 2212      149982A8 
 2212      77B9D420 
 2212      55F07C35 
 2212      9304
 2213 039c A4DE5D7F 		.ascii	"\244\336]\177\005\233\273\312\233F\010+a\025\365\010"
 2213      059BBBCA 
 2213      9B46082B 
 2213      6115F508 
 2214 03ac 027CFD47 		.ascii	"\002|\375G\276ubr\363\244\034\316G5\022\016\367\016"
 2214      BE756272 
 2214      F3A41CCE 
 2214      4735120E 
 2214      F70E
 2215 03be 371FB8E4 		.ascii	"7\037\270\344\300\364nc[/\3020K\257@\3113\022H\036\242"
 2215      C0F46E63 
 2215      5B2FC230 
 2215      4BAF40C9 
ARM GAS  /tmp/ccU7h4Da.s 			page 180


 2215      3312481E 
 2216 03d3 36FD229A 		.ascii	"6\375\"\232\376\316o\332\362\270g\342)\213[P\231\346"
 2216      FECE6FDA 
 2216      F2B867E2 
 2216      298B5B50 
 2216      99E6
 2217 03e5 A79B5E80 		.ascii	"\247\233^\200j$\3344\323\013\341\0363m\240\246G\003"
 2217      6A24DC34 
 2217      D30BE11E 
 2217      336DA0A6 
 2217      4703
 2218 03f7 4DF36AD3 		.ascii	"M\363j\323\013\201\366\026\305\264\265e\347\321n\026"
 2218      0B81F616 
 2218      C5B4B565 
 2218      E7D16E16 
 2219 0407 B541655A 		.ascii	"\265AeZ\320Ug\367\265\010:\246\325a\306\375\035\346"
 2219      D05567F7 
 2219      B5083AA6 
 2219      D561C6FD 
 2219      1DE6
 2220 0419 87404F05 		.ascii	"\207@O\005UK\261}\334\334\360\220Q\3038\0075~\324M\215"
 2220      554BB17D 
 2220      DCDCF090 
 2220      51C33807 
 2220      357ED44D 
 2221 042e 092D971F 		.ascii	"\011-\227\037h\365\224\207Z=\345\221B\233\237t\323\346"
 2221      68F59487 
 2221      5A3DE591 
 2221      429B9F74 
 2221      D3E6
 2222 0440 6785048F 		.ascii	"g\205\004\217\365\322\346?\012bRB\024}~\255\320(\365"
 2222      F5D2E63F 
 2222      0A625242 
 2222      147D7EAD 
 2222      D028F5
 2223 0453 944FCDF0 		.ascii	"\224O\315\360d\212F\366\212\033y\003\254\234Ls$\356"
 2223      648A46F6 
 2223      8A1B7903 
 2223      AC9C4C73 
 2223      24EE
 2224 0465 A9EEC4FD 		.ascii	"\251\356\304\375\242\325S\376\253\331S~U\222\363Lwr"
 2224      A2D553FE 
 2224      ABD9537E 
 2224      5592F34C 
 2224      7772
 2225 0477 9E2BA18A 		.ascii	"\236+\241\212Dgr\362\210\214\310G\204:\031\016\177\201"
 2225      446772F2 
 2225      888CC847 
 2225      843A190E 
 2225      7F81
 2226 0489 5BE6E829 		.ascii	"[\346\350)\005\210\344\324]\3049\325E\356C\376\320\355"
 2226      0588E4D4 
 2226      5DC439D5 
 2226      45EE43FE 
 2226      D0ED
 2227 049b 92130BA5 		.ascii	"\222\023\013\245[\005p[\251Wb\355\275vv\323\212\207"
 2227      5B05705B 
ARM GAS  /tmp/ccU7h4Da.s 			page 181


 2227      A95762ED 
 2227      BD7676D3 
 2227      8A87
 2228 04ad 549C567B 		.ascii	"T\234V{\033'\255\011U \271\231@\255\034\272\323\"\232"
 2228      1B27AD09 
 2228      5520B999 
 2228      40AD1CBA 
 2228      D3229A
 2229 04c0 05AC1A58 		.ascii	"\005\254\032XO\022Xv\316\226\334\3540\341\012l \002"
 2229      4F125876 
 2229      CE96DCEC 
 2229      30E10A6C 
 2229      2002
 2230 04d2 14123404 		.ascii	"\024\0224\004E\204\322\255\356\324\231a{B\215\214\376"
 2230      4584D2AD 
 2230      EED49961 
 2230      7B428D8C 
 2230      FE
 2231 04e3 1D957D78 		.ascii	"\035\225}x\270\361\212\215\2417R4l\"\0027\006\005\267"
 2231      B8F18A8D 
 2231      A1375234 
 2231      6C220237 
 2231      0605B7
 2232 04f6 C677FF34 		.ascii	"\306w\3774\217^t\202\343x\251\2347\320[\021\007\305"
 2232      8F5E7482 
 2232      E378A99C 
 2232      37D05B11 
 2232      07C5
 2233 0508 34142FFF 		.ascii	"4\024/\3772\025\257\032\377\343,\302FIx\263\"L\033\300"
 2233      3215AF1A 
 2233      FFE32CC2 
 2233      464978B3 
 2233      224C1BC0 
 2234 051c F1D6E648 		.ascii	"\361\326\346H\211\212\206\377\263\363\225\020\177\347"
 2234      898A86FF 
 2234      B3F39510 
 2234      7FE7
 2235 052a 2B25A99C 		.ascii	"+%\251\234\252\233\030gld\206Y\033\331\026\342od[\003"
 2235      AA9B1867 
 2235      6C648659 
 2235      1BD916E2 
 2235      6F645B03 
 2236 053e 3599A66B 		.ascii	"5\231\246kJD\375R?\303\275<\357\340\027S\205\371{\330"
 2236      4A44FD52 
 2236      3FC3BD3C 
 2236      EFE01753 
 2236      85F97BD8 
 2237 0552 C63419A9 		.ascii	"\3064\031\251\246\355LS\301\336\015 \2512K\332\326\017"
 2237      A6ED4C53 
 2237      C1DE0D20 
 2237      A9324BDA 
 2237      D60F
 2238 0564 755E10E8 		.ascii	"u^\020\350\031Z\260\212a\007\036\010v\243\233r72\243"
 2238      195AB08A 
 2238      61071E08 
 2238      76A39B72 
 2238      3732A3
ARM GAS  /tmp/ccU7h4Da.s 			page 182


 2239 0577 C0A992EE 		.ascii	"\300\251\222\356\013\274$\000\260\223(\315)\344\346"
 2239      0BBC2400 
 2239      B09328CD 
 2239      29E4E6
 2240 0586 BEE2C324 		.ascii	"\276\342\303$\370\242f\321\305\245]D\243\011}H4\372"
 2240      F8A266D1 
 2240      C5A55D44 
 2240      A3097D48 
 2240      34FA
 2241 0598 E66EA2F4 		.ascii	"\346n\242\364\315=$\240oZT}3t\250\265\177\204\223\357"
 2241      CD3D24A0 
 2241      6F5A547D 
 2241      3374A8B5 
 2241      7F8493EF 
 2242 05ac 62EBB5E8 		.ascii	"b\353\265\350_F\364\322\277\\\313\345\212\331]\016\203"
 2242      5F46F4D2 
 2242      BF5CCBE5 
 2242      8AD95D0E 
 2242      83
 2243 05bd 8F8846DF 		.ascii	"\217\210F\337\334K\344\326P)\361|\375\265\276\026{\302"
 2243      DC4BE4D6 
 2243      5029F17C 
 2243      FDB5BE16 
 2243      7BC2
 2244 05cf 5599048B 		.ascii	"U\231\004\213(f\362PQ5\231b\372b\330\2470\335\213\313"
 2244      2866F250 
 2244      51359962 
 2244      FA62D8A7 
 2244      30DD8BCB 
 2245 05e3 0ACBC39E 		.ascii	"\012\313\303\236^oh\007\371\032\245\031s\225\356\230"
 2245      5E6F6807 
 2245      F91AA519 
 2245      7395EE98 
 2246 05f3 3F9E3DE6 		.ascii	"?\236=\346\030\250&Z-\257F\211\353\023\375q\325*q\355"
 2246      18A8265A 
 2246      2DAF4689 
 2246      EB13FD71 
 2246      D52A71ED 
 2247 0607 57C515EE 		.ascii	"W\305\025\356/\263\271nD\007\202\273W\304T\367\242\025"
 2247      2FB3B96E 
 2247      440782BB 
 2247      57C454F7 
 2247      A215
 2248 0619 5A7FEF2D 		.ascii	"Z\177\357-\251T\254\3239\224\204\277I\244\037!\3238"
 2248      A954ACD3 
 2248      399484BF 
 2248      49A41F21 
 2248      D338
 2249 062b 940C752C 		.ascii	"\224\014u,R\023-\272\372 \016\331dm\267J\237\310\024"
 2249      52132DBA 
 2249      FA200ED9 
 2249      646DB74A 
 2249      9FC814
 2250 063e 790EF069 		.ascii	"y\016\360i \207l*\322D\316H\032\273\256\323\370\267"
 2250      20876C2A 
 2250      D244CE48 
 2250      1ABBAED3 
ARM GAS  /tmp/ccU7h4Da.s 			page 183


 2250      F8B7
 2251 0650 56051ED4 		.ascii	"V\005\036\324\"\315!?i\016\007\222\306\256\"M\224n\322"
 2251      22CD213F 
 2251      690E0792 
 2251      C6AE224D 
 2251      946ED2
 2252 0663 34E82EA0 		.ascii	"4\350.\240#Z.\037\325\"M\243\026i\232\224\342\372L*"
 2252      235A2E1F 
 2252      D5224DA3 
 2252      16699A94 
 2252      E2FA4C2A 
 2253 0677 AE538FDB 		.ascii	"\256S\217\333\252C\022\276\227\213\353\025\212)\030"
 2253      AA4312BE 
 2253      978BEB15 
 2253      8A2918
 2254 0686 7DD0669A 		.ascii	"}\320f\232*\256%\360\271R\\\307T\305\025\255\2334\315"
 2254      2AAE25F0 
 2254      B9525CC7 
 2254      54C515AD 
 2254      9B34CD
 2255 0699 BA63FE42 		.ascii	"\272c\376B\2134\3075IsB\211\253E\177\\'\225\270\276"
 2255      8B34C735 
 2255      49734289 
 2255      AB457F5C 
 2255      2795B8BE 
 2256 06ad 54C515A3 		.ascii	"T\305\025\243\2334\247\202I\023\033@\232\212\321\373"
 2256      9B34A782 
 2256      49131B40 
 2256      9A8AD1FB 
 2257 06bd 3D75ACD6 		.ascii	"=u\254\326\2038S\225\311i\262F\200\257X\250fZu>\222"
 2257      83385395 
 2257      C969B246 
 2257      80AF58A8 
 2257      665A753E 
 2258 06d2 8ADF9B8C 		.ascii	"\212\337\233\214\204\243c=w\177\213\276W\3414\323g\221"
 2258      84A3633D 
 2258      777F8BBE 
 2258      57E134D3 
 2258      6791
 2259 06e4 5277ACB7 		.ascii	"Rw\254\267\341\274E\332\254\332\217a\247@+-\030+\265"
 2259      E1BC45DA 
 2259      ACDA8F61 
 2259      A7402B2D 
 2259      182BB5
 2260 06f7 7686A406 		.ascii	"v\206\244\006+\337O_vh|w\273\340k\246\335F\361g\345"
 2260      2BDF4F5F 
 2260      76687C77 
 2260      BBE06BA6 
 2260      DD46F167 
 2261 070c 6FDCD1F1 		.ascii	"o\334\321\361\036\273D\023G\260\276F-}UNz\031h\233\272"
 2261      1EBB4413 
 2261      47B0BE46 
 2261      2D7D554E 
 2261      7A19689B 
 2262 0721 0CB44B0A 		.ascii	"\014\264K\012w\025\313M\303\031\254\356\030?W\360\347"
 2262      7715CB4D 
 2262      C319ACEE 
ARM GAS  /tmp/ccU7h4Da.s 			page 184


 2262      183F57F0 
 2262      E7
 2263 0732 D4C19F1C 		.ascii	"\324\301\237\034\274\333\310\032\247(\031\263A\007Z"
 2263      BCDBC81A 
 2263      A72819B3 
 2263      41075A
 2264 0741 E0E03C3D 		.ascii	"\340\340<=Kz=\032\366\366-\330\243~\251d\232\366R\351"
 2264      4B7A3D1A 
 2264      F6F62DD8 
 2264      A37EA964 
 2264      9AF652E9 
 2265 0755 D6A6F130 		.ascii	"\326\246\3610\"\277U2\005\276@\352$F\270@\350\013\244"
 2265      22BF5532 
 2265      05BE40EA 
 2265      2446B840 
 2265      E80BA4
 2266 0768 8B64A64B 		.ascii	"\213d\246K\223\231Jp\320\245\2764=yRt\265\310D\001\225"
 2266      93994A70 
 2266      D0A5BE34 
 2266      3D795274 
 2266      B5C84401 
 2267 077d 7C3242F6 		.ascii	"|2B\366\017o\337\343\244\0151\225\275\221\333W]3\304"
 2267      0F6FDFE3 
 2267      A40D3195 
 2267      BD91DB57 
 2267      5D33C4
 2268 0790 4B04C18E 		.ascii	"K\004\301\216\351\200K\354\332\327\215AQ\364@\361&\003"
 2268      E9804BEC 
 2268      DAD78D41 
 2268      51F440F1 
 2268      2603
 2269 07a2 85A2E0B9 		.ascii	"\205\242\340\271\252\246\011Bq6\230\240\246\273\362"
 2269      AAA60942 
 2269      713698A0 
 2269      A6BBF2
 2270 07b1 7FEEB04B 		.ascii	"\177\356\260K\300Wi~z\210\224\237\243U%\333A>\377L/"
 2270      C057697E 
 2270      7A88949F 
 2270      A35525DB 
 2270      413EFF4C 
 2271 07c6 FF1A5C66 		.ascii	"\377\032\\f\011\262s\222o\337"
 2271      09B27392 
 2271      6FDF
 2272 07d0 D0824B96 		.ascii	"\320\202K\226\012\270\241\301&+\237\331\213^D\342\231"
 2272      0AB8A1C1 
 2272      262B9FD9 
 2272      8B5E44E2 
 2272      99
 2273 07e1 50E18793 		.ascii	"P\341\207\223\255-\273\222~Cu&\303\225\251\357\210>"
 2273      AD2DBB92 
 2273      7E437526 
 2273      C395A9EF 
 2273      883E
 2274 07f3 567FFEB7 		.ascii	"V\177\376\267D\311@\340*Z\242\027\321;\355\257\317\304"
 2274      44C940E0 
 2274      2A5AA217 
 2274      D13BEDAF 
ARM GAS  /tmp/ccU7h4Da.s 			page 185


 2274      CFC4
 2275 0805 454C2A1E 		.ascii	"EL*\036-\\S2\372\003\344W\215\266\023&J?\233y\220X\231"
 2275      2D5C5332 
 2275      FA03E457 
 2275      8DB61326 
 2275      4A3F9B79 
 2276 081c EFA3D3B8 		.ascii	"\357\243\323\270\224\024\027\376e\344\344\272]\236\334"
 2276      941417FE 
 2276      65E4E4BA 
 2276      5D9EDC
 2277 082b 0C577A8E 		.ascii	"\014Wz\216gy\346\212\214\364\354\224\014\316\350Y\211"
 2277      6779E68A 
 2277      8CF4EC94 
 2277      0CCEE859 
 2277      89
 2278 083c 83778D19 		.ascii	"\203w\215\0319\331\231Y\253\342\022=\213\023\337K\372"
 2278      39D99959 
 2278      ABE2123D 
 2278      8B13DF4B 
 2278      FA
 2279 084d 533C8AFC 		.ascii	"S<\212\374e\305\252\264\325\356\214w\3423\323\263\326"
 2279      65C5AAB4 
 2279      D5EE8C77 
 2279      E233D3B3 
 2279      D6
 2280 085e B857727F 		.ascii	"\270Wr\177\225\264\274\343\316\315v\257q\245\255\316"
 2280      95B4BCE3 
 2280      CECD76AF 
 2280      71A5ADCE 
 2281 086e 5A91F5F7 		.ascii	"Z\221\365\367e\256\034\017\352]\2736'\333\345\376\347"
 2281      65AE1C0F 
 2281      EA5DBB36 
 2281      27DBE5FE 
 2281      E7
 2282 087f 3AD71B6F 		.ascii	":\327\033o/u\245-]\366\3462W\0325\366fv\306\232\367"
 2282      2F75A52D 
 2282      5DF6E632 
 2282      571A35F6 
 2282      6676C69A 
 2283 0894 56BA5D19 		.ascii	"V\272]\031k=Y\236\345\25322RVs\241K\227\275\035\277"
 2283      6B3D599E 
 2283      E5AB3232 
 2283      525673A1 
 2283      4B97BD1D 
 2284 08a9 22DDE37E 		.ascii	"\"\335\343~77kI|b*Gr9\323Z\367\332\234\334\367\271W"
 2284      37376B49 
 2284      7C622A47 
 2284      7239D35A 
 2284      F7DA9CDC 
 2285 08c0 663391BB 		.ascii	"f3\221\273\316\225\245\350Z\355y\337\203z\302\263\262"
 2285      CE95A5E8 
 2285      5AED79DF 
 2285      837AC2B3 
 2285      B2
 2286 08d1 FF91BE26 		.ascii	"\377\221\276&ke|\332\033\177\213\367\254K_\347\346\234"
 2286      6B657CDA 
 2286      1B7F8BF7 
ARM GAS  /tmp/ccU7h4Da.s 			page 186


 2286      AC4B5FE7 
 2286      E69C
 2287 08e3 CA923455 		.ascii	"\312\2224U\207\215hU\330\253\271\377\001\241\026?\271"
 2287      878D6855 
 2287      D8ABB9FF 
 2287      01A1163F 
 2287      B9
 2288              		.text
 2289              		.section	.gnu.lto_sdcanStop.d6499f0ae6d76a39,"e",%progbits
 2290 0000 789C9556 		.ascii	"x\234\225V[SSW\024\336\353\354\223\234\223\020\320V"
 2290      5B535357 
 2290      14DEEBEC 
 2290      939C9310 
 2290      D056
 2291 0012 EDC5584D 		.ascii	"\355\305XMZQQ\207d:\355K\237\332\241\323\031\037\234"
 2291      5A515187 
 2291      643AED4B 
 2291      9FDAA1D3 
 2291      191F9C
 2292 0025 CEC80F70 		.ascii	"\316\310\017p D\311\310\305I\260S_\352!\240 \340\265"
 2292      2044C9C8 
 2292      C549B053 
 2292      5FEA21A0 
 2292      20E0B5
 2293 0038 54891543 		.ascii	"T\211\025CU\252\214\026o\235Z\305\322\210\212EQ\251"
 2293      55AA8C16 
 2293      6F9D5AC5 
 2293      D2888A45 
 2293      51A9
 2294 004a 175A4140 		.ascii	"\027ZA@Q(*\336\255E\253\322\265\3679\271\300@L3d\317"
 2294      51282ADE 
 2294      AD45ABD2 
 2294      B5F739B9 
 2294      C0404C33 
 2295 0060 BEACF5ED 		.ascii	"\276\254\365\355o\255\275\326Gd\002d]\034!\235\204\220"
 2295      6FADBDD6 
 2295      47640264 
 2295      5D1C219D 
 2295      8490
 2296 0072 5DF88578 		.ascii	"]\370\205x\002\202\242(\037K\371\262 \320\336f\3378"
 2296      0282A228 
 2296      1F4BF9B2 
 2296      20D0DE66 
 2296      DF38
 2297 0084 51314A9B 		.ascii	"Q1J\233\016\364\316\026\025\023\025\304\376m\327&\340"
 2297      0EF4CE16 
 2297      151315C4 
 2297      FE6DD726 
 2297      E0
 2298 0095 8EAEFCCA 		.ascii	"\216\256\374\312\226\231\270#\202^\263\326\205fz\220"
 2298      9699B823 
 2298      825EB3D6 
 2298      85667A90 
 2299 00a5 B49924C8 		.ascii	"\264\231$\310h\237\210\366&\264\237\210\366\262`\320"
 2299      689F88F6 
 2299      26B49F88 
 2299      F6B260D0 
ARM GAS  /tmp/ccU7h4Da.s 			page 187


 2300 00b5 108C1A82 		.ascii	"\020\214\032\202\001\3424kch\026\007&mf\002\3403E\006"
 2300      01E2346B 
 2300      63681607 
 2300      266D6602 
 2300      E0334506 
 2301 00c9 B24CA0A2 		.ascii	"\262L\240\242N/\311\006c\234\011\226\301\032\272\221"
 2301      4E2FC906 
 2301      639C0996 
 2301      C11ABA91 
 2302 00d9 424351EF 		.ascii	"BCQ\357!!i\007\332(\201\215\345\323\272\225\026\205"
 2302      21216907 
 2302      DA28818D 
 2302      E5D3BA95 
 2302      1685
 2303 00eb FA29213E 		.ascii	"\372)!>\374\252\0378\014Ih\330\351\255\0340\255\306"
 2303      FCAA1F38 
 2303      0C4968D8 
 2303      E9AD1C30 
 2303      ADC6
 2304 00fd 33001197 		.ascii	"3\000\021\227\345\247~l2\262\245\000\026\\^\2771Pc\244"
 2304      E5A77E6C 
 2304      32B2A500 
 2304      165C5EBF 
 2304      315063A4 
 2305 0111 9381E0BC 		.ascii	"\223\201\340\274\361Q\340\254iz\265\242x\225@\363v\252"
 2305      F151E0AC 
 2305      697AB5A2 
 2305      789540F3 
 2305      76AA
 2306 0123 4CF5530A 		.ascii	"L\365S\012\277\000EH8\002f\250\0033!\270\207\320\365"
 2306      BF004548 
 2306      380266A8 
 2306      033321B8 
 2306      87D0F5
 2307 0136 309D3097 		.ascii	"0\2350\227\356}/\277\211\327\213\332\255\360+\350a\310"
 2307      EE7D2FBF 
 2307      89D78BDA 
 2307      ADF02BE8 
 2307      61C8
 2308 0148 2E906166 		.ascii	".\220afB\344F!c_U\327\374>\367\344\207\021\306\320\200"
 2308      42E44621 
 2308      635F55D7 
 2308      FC3EF7E4 
 2308      8711C6D0 
 2309 015d 6847413F 		.ascii	"hGA?t\363\030n\006\330&\034\307\031\242\3559\257\013"
 2309      74F3186E 
 2309      06D8261C 
 2309      C719A2ED 
 2309      39AF0B
 2310 0170 282F078B 		.ascii	"(/\007\213\224@g\005\254\277x1i\022 IQ\300AGq@'\\\352"
 2310      94406705 
 2310      ACBF7831 
 2310      69122049 
 2310      51C04147 
 2311 0189 7090F438 		.ascii	"p\220\3648\310\022\016\006\031\007c<\250q\224R\302\210"
 2311      C8120E06 
 2311      1907633C 
ARM GAS  /tmp/ccU7h4Da.s 			page 188


 2311      A8719452 
 2311      C288
 2312 019b 88A00408 		.ascii	"\210\240\004\010)\243\202\272(\300E\017\024v\035\353"
 2312      29A382BA 
 2312      28C0450F 
 2312      14761DEB 
 2313 01ab AD70327A 		.ascii	"\255p2z\2254\036y\254.\270\327)\263\364ahp\202%\204"
 2313      95341E79 
 2313      AC2EB8D7 
 2313      29B3F461 
 2313      68708225 
 2314 01c0 301F7A00 		.ascii	"0\037z\000\013\006\230\017\334\002\357\021\203\352\000"
 2314      0B06980F 
 2314      DC02EF11 
 2314      83EA00
 2315 01cf 910E713C 		.ascii	"\221\016q<\307\225;\233\007\015\205\340\315\227qg\033"
 2315      C7953B9B 
 2315      070D85E0 
 2315      CD977167 
 2315      1B
 2316 01e0 55B3D1DA 		.ascii	"U\263\321\332\336\330\002\325\260\015\374\324\004'\241"
 2316      DED802D5 
 2316      B00DFCD4 
 2316      0427A1
 2317 01ef 10A09121 		.ascii	"\020\240\221!\343\311\341\365\305{\365\366Z\306\310"
 2317      E3C9E1F5 
 2317      C57BF5F6 
 2317      5AC6C8
 2318 01fe E2A7F1F0 		.ascii	"\342\247\361\360\033\232U\360\\\343aa_M\2331t\230\000"
 2318      1B9A55F0 
 2318      5CE36161 
 2318      5F4D9B31 
 2318      749800
 2319 0211 4D60AFE0 		.ascii	"M`\257\340\031\207S`\347\334S\302<\252K\267\326\305"
 2319      19875360 
 2319      E7DC53C2 
 2319      3CAA4BB7 
 2319      D6C5
 2320 0223 331E0920 		.ascii	"3\036\011 \300\351\020q\321\333\272\371\003\306[\350"
 2320      C0E91071 
 2320      D1DBBAF9 
 2320      03C65BE8 
 2321 0233 87220B33 		.ascii	"\207\"\0133\037\316r\214\217\277x3\322\212-\2003\321"
 2321      1FCE728C 
 2321      8FBF7833 
 2321      D28A2D80 
 2321      33D1
 2322 0245 02383B7A 		.ascii	"\0028;z\000c\341\034\013@\253\220\243\227\332\276\246"
 2322      0063E11C 
 2322      0B40AB90 
 2322      A397DABE 
 2322      A6
 2323 0256 EC9E627E 		.ascii	"\354\236b~\370\032\264\200\235\323\203\337\021\037\015"
 2323      F81AB480 
 2323      9DD383DF 
 2323      111F0D
 2324 0265 EE77D53C 		.ascii	"\356w\325<\220\254\211~\245\002\217_g.M;Oo\340\324*"
ARM GAS  /tmp/ccU7h4Da.s 			page 189


 2324      90AC897E 
 2324      A5028F5F 
 2324      672E4D3B 
 2324      4F6FE0D4 
 2325 027a B8CB3838 		.ascii	"\270\31388\017V\325\345\202\352rpw\227\331*Dx\254ZY"
 2325      0F56D5E5 
 2325      82EA7270 
 2325      7797D92A 
 2325      4478AC5A 
 2326 028f 596C8CF4 		.ascii	"Yl\214\364\270\030\364\270\244z\004\276\177\321\256"
 2326      B818F4B8 
 2326      A47A04BE 
 2326      7FD1AE
 2327 029e 63591B0F 		.ascii	"cY\033\017\307eh\005\263\237N\340y\323\355[\273\267"
 2327      C7656805 
 2327      B39F4EE0 
 2327      79D3ED5B 
 2327      BBB7
 2328 02b0 87B0C4D1 		.ascii	"\207\260\304\321W$\356\217\230\023\367\347\350\211{"
 2328      5724EE8F 
 2328      9813F7E7 
 2328      E8897B
 2329 02bf 032EF3C4 		.ascii	"\003.\363\304in\015%+Z\215\341\344\274\011m\301\344"
 2329      696E0D25 
 2329      2B5A8DE1 
 2329      E4BC096D 
 2329      C1E4
 2330 02d1 B4C79C9C 		.ascii	"\264\307\234\234+\301P;bMNg\320\243\213\021\215H\206"
 2330      2BC1503B 
 2330      624D4E67 
 2330      D0A38B11 
 2330      8D4886
 2331 02e4 3E54FDBA 		.ascii	">T\375\272~(\0341\031o\371\250\210\311\270\252%c\335"
 2331      7E281C31 
 2331      196FF9A8 
 2331      88C9B8AA 
 2331      2563DD
 2332 02f7 EEB66496 		.ascii	"\356\266d\226\326\267\341+\270\306\200&r )\334z\267"
 2332      D6B7E12B 
 2332      B8C68026 
 2332      722029DC 
 2332      7AB7
 2333 0309 C1DB5D5D 		.ascii	"\301\333]]vx\212\332\346@\212\031G\245\272\357$\027"
 2333      76788ADA 
 2333      E6408A19 
 2333      47A5BAEF 
 2333      2417
 2334 031b 2F33D871 		.ascii	"/3\330q\271\325\277\177\300h\365\201Jz\022\003\376\341"
 2334      B9D5BF7F 
 2334      C068F581 
 2334      4A7A1203 
 2334      FEE1
 2335 032d 7A9D2263 		.ascii	"z\235\"c\363\023\270\016V\236\253\023e\035M\022\356"
 2335      F313B80E 
 2335      569EAB13 
 2335      651D4D12 
 2335      EE
ARM GAS  /tmp/ccU7h4Da.s 			page 190


 2336 033e C00D10A1 		.ascii	"\300\015\020\241\233e\027z\270\022\356\254?\326c\262"
 2336      9B65177A 
 2336      B812EEAC 
 2336      3FD663B2 
 2337 034e 6ED6BCDF 		.ascii	"n\326\274\337a\266\017k\367_\212\343\336\275\314\033"
 2337      61B60F6B 
 2337      F75F8AE3 
 2337      DEBDCC1B 
 2338 035e FE0291F4 		.ascii	"\376\002\221\364C\301\325}\033\036Od\3123<\252\311>"
 2338      43C1D57D 
 2338      1B1E4F64 
 2338      CA333CAA 
 2338      C93E
 2339 0370 AA633245 		.ascii	"\252c2E\240\217\005\346\247S\230y\325\235\017G1\326"
 2339      A08F05E6 
 2339      A7539879 
 2339      D59D0F47 
 2339      31D6
 2340 0382 ABC63783 		.ascii	"\253\3067\203\306L+\016y{\307\253m*\260\202k\333{9\001"
 2340      C64C2B0E 
 2340      797BC7AB 
 2340      6D2AB082 
 2340      6BDB7B39 
 2341 0397 0B225F7D 		.ascii	"\013\"_}w\013\252\216*3x\226\357\357\3729\\\022VT\032"
 2341      770BAA8E 
 2341      2A337896 
 2341      EFEFFA39 
 2341      5C125654 
 2342 03ac 5612226B 		.ascii	"V\022\"k\370\333\330\360\267\240`\363\012P\241\250\206"
 2342      F8DBD8F0 
 2342      B7A060F3 
 2342      0A50A1A8 
 2342      86
 2343 03bd 7675D553 		.ascii	"vu\325S\312\362\245\207A\200~\304AU\350\320T\201\375"
 2343      CAF2A587 
 2343      41807EC4 
 2343      4155E8D0 
 2343      5481FD
 2344 03d0 17A92F6B 		.ascii	"\027\251/k9\255\031\000\334\011\251\202\334\261\245"
 2344      39AD1900 
 2344      DC09A982 
 2344      DCB1A5
 2345 03df A456182E 		.ascii	"\244V\030.gbLU|7Z\373\337\213\246_\367C\372\365`\250"
 2345      67624C55 
 2345      7C375AFB 
 2345      DF8BA65F 
 2345      F743FAF5 
 2346 03f5 7E891182 		.ascii	"~\211\021\202e\350nh\353%\232b-\217\326x\017cn\274G"
 2346      65E86E68 
 2346      EB259A62 
 2346      2D8FD678 
 2346      0F636EBC 
 2347 040a D1283F8E 		.ascii	"\321(?\216\246X\177GS\254'\301\246\374G\355\260\372"
 2347      A6587F47 
 2347      53AC27C1 
 2347      A6FC47ED 
 2347      B0FA
ARM GAS  /tmp/ccU7h4Da.s 			page 191


 2348 041c 278D5BC7 		.ascii	"'\215[\307X[\264\202{\227\371\024\334|\320(\205{\354"
 2348      585BB482 
 2348      7B97F914 
 2348      DC7CD028 
 2348      857BEC
 2349 042f 3D1808F6 		.ascii	"=\030\010\366\330S\364\011\366\227\361Y\373\236\223"
 2349      D853F409 
 2349      F697F159 
 2349      FB9E93
 2350 043e A0894DD4 		.ascii	"\240\211M\324\230\237\305\034\363\277\321\304\346yT"
 2350      989FC51C 
 2350      F3BFD1C4 
 2350      E67954
 2351 044d B179118C 		.ascii	"\261y\021\214\353e\354q\015\006\343R\204p\\q\2412{\225"
 2351      EB65EC71 
 2351      0D06E352 
 2351      84705C71 
 2351      A1327B95 
 2352 0461 6EE4A317 		.ascii	"n\344\243\027\211T\012SX)\260B\037\366m\272\260\235"
 2352      89540A53 
 2352      5829B042 
 2352      1FF66DBA 
 2352      B09D
 2353 0473 97FEB016 		.ascii	"\227\376\260\026\252Z@^\321D^!\324D\005\002\023\225"
 2353      AA5A405E 
 2353      D1445E21 
 2353      D4440502 
 2353      1395
 2354 0485 9F56DEA9 		.ascii	"\237V\336\2511\260\226\260bK\024\012f\336\2447\277\275"
 2354      31B096B0 
 2354      624B140A 
 2354      66DEA437 
 2354      BFBD
 2355 0497 F05C6B2D 		.ascii	"\360\\k-\335\377\352R\011\226\363\013t\354\202\025\202"
 2355      DDFFEA52 
 2355      0996F30B 
 2355      74EC8215 
 2355      82
 2356 04a8 9DA33551 		.ascii	"\235\2435Q\025J\037\371\373@\342\0177\204|=\373\021"
 2356      154A1FF9 
 2356      FB40E20F 
 2356      37847C3D 
 2356      FB11
 2357 04ba 3315AF84 		.ascii	"3\025\257\204\"A\005\257=\270\343\\<\202\257\305\323"
 2357      224105AF 
 2357      3DB8E35C 
 2357      3C82AFC5 
 2357      D3
 2358 04cb 043F4D84 		.ascii	"\004?M\204b\216\256g\350+U\364\362\022\215\2504\034"
 2358      628EAE67 
 2358      E82B55F4 
 2358      F2128DA8 
 2358      341C
 2359 04dd AE9B464F 		.ascii	"\256\233FO\3064(\341h\222\372\356G\272n\354\027\330"
 2359      C63428E1 
 2359      6892FAEE 
 2359      47BA6EEC 
ARM GAS  /tmp/ccU7h4Da.s 			page 192


 2359      17D8
 2360 04ef 3328EA65 		.ascii	"3(\352e\006(\305\033\010\224\261\267\030\255\016\247"
 2360      0628C51B 
 2360      0894B1B7 
 2360      18AD0EA7 
 2361 04ff FB983BAC 		.ascii	"\373\230;\254b6\030 \262\360\323\031*\255\023\007\214"
 2361      62361820 
 2361      B2F0D319 
 2361      2AAD1307 
 2361      8C
 2362 0510 2A317938 		.ascii	"*1y8\261Z\210N,\011Vsb\362\310\304\214\260\206\023["
 2362      B15A884E 
 2362      2C095673 
 2362      62F2C8C4 
 2362      8CB08613 
 2363 0525 AB121BB9 		.ascii	"\253\022\033\271\220f\372\230;\254S\211\341\306,.\325"
 2363      9066FA98 
 2363      3BAC5389 
 2363      E1C62C2E 
 2363      D5
 2364 0536 4F9B8591 		.ascii	"O\233\205\221\254Q\253\015h\275^\320\204\372.x\253\276"
 2364      AC51AB0D 
 2364      68BD5ED0 
 2364      84FA2E78 
 2364      ABBE
 2365 0548 3BA39AB2 		.ascii	";\243\232\262O)\005\265\000\275\001\2664''\333\360\317"
 2365      4F2905B5 
 2365      00BD01B6 
 2365      342727DB 
 2365      F0CF
 2366 055a 91EB76DA 		.ascii	"\221\353v\332<n\207--\3273\177A\272#-'\331A\364\236"
 2366      3C6E872D 
 2366      2DD7337F 
 2366      41BA232D 
 2366      27D941F4 
 2367 056f 0C9C2C36 		.ascii	"\014\234,6'zf$.I\372\310\202g\237\246/L\311t:\026Y\026"
 2367      277A6624 
 2367      2E49FAC8 
 2367      82679FA6 
 2367      2F4CC974 
 2368 0587 A4B9B29C 		.ascii	"\244\271\262\234\031\3443\325}\221\323\235\343\314\262"
 2368      19E433D5 
 2368      7D91D39D 
 2368      E3CCB2
 2369 0596 A564BAD2 		.ascii	"\245d\272\322]\237\247\332r=\010\230\235\235\233cs~"
 2369      5D9FA7DA 
 2369      723D0898 
 2369      9D9D9B63 
 2369      737E
 2370 05a8 9967FB64 		.ascii	"\231g\373d\336\\[\312\334\3249\251\266\024v\313\234"
 2370      DE5C5BCA 
 2370      DCD439A9 
 2370      B61476CB 
 2370      9C
 2371 05b9 1C47D692 		.ascii	"\034G\326\222\014\247\315\221\355qy\346/t8\2223\311"
 2371      0CA7CD91 
 2371      ED7179E6 
ARM GAS  /tmp/ccU7h4Da.s 			page 193


 2371      2F743892 
 2371      33C9
 2372 05cb D8B9A9F3 		.ascii	"\330\271\251\363,\351i\036\347b\267k\266%\321N\0047"
 2372      2CE9691E 
 2372      E762B76B 
 2372      B625D14E 
 2372      0437
 2373 05dd 91B29DD9 		.ascii	"\221\262\235\331\271\356\245d\326hW\270\363l\256 V\246"
 2373      B9EEA564 
 2373      D66857B8 
 2373      F36CAE20 
 2373      56A6
 2374 05ef 67A90771 		.ascii	"g\251\007q\022\\9_\244e\2712,\236\274\264<'\371\017"
 2374      125C395F 
 2374      A465B932 
 2374      2C9EBCB4 
 2374      3C27F90F 
 2375 0603 8F200541 		.ascii	"\217 \005A"
 2376              		.text
 2377              		.section	.gnu.lto_sdcanControl.d6499f0ae6d76a39,"e",%progbits
 2378 0000 789C6590 		.ascii	"x\234e\220\333+DQ\024\306\327w\326\2313\227\360\256"
 2378      DB2B4451 
 2378      14C6D777 
 2378      D6993397 
 2378      F0AE
 2379 0012 893C609A 		.ascii	"\211<`\232\227\231\362\027\370O4\306%/F3\336\355\231"
 2379      9799F217 
 2379      F84F34C6 
 2379      252F4633 
 2379      DEED99
 2380 0025 261E4694 		.ascii	"&\036F\224hr9\035\211\360$\345\311\365\270\244\310H"
 2380      6872391D 
 2380      89F024E5 
 2380      C9F5B8A4 
 2380      C848
 2381 0037 9252A25C 		.ascii	"\222R\242\\\036D\036x\231RX\373\230\222\354\366\256"
 2381      1E441E78 
 2381      995258FB 
 2381      9892ECF6 
 2381      AE
 2382 0048 F5EDD66F 		.ascii	"\365\355\326o]\276\000\2016A\324BDu\362\300\004C)\325"
 2382      5DBE0081 
 2382      3641D442 
 2382      4475F2C0 
 2382      044329D5 
 2383 005c EACF060C 		.ascii	"\352\317\006\014\300\213T\0004``\000\243\\d\334\344"
 2383      C08B5400 
 2383      34606000 
 2383      A35C64DC 
 2383      E4
 2384 006d EC72D508 		.ascii	"\354r\325\010;\222h\212\034?^;\012i\0114\210\034\316"
 2384      3B92688A 
 2384      1C3F5E3B 
 2384      0A690934 
 2384      881CCE
 2385 0080 5E6D7074 		.ascii	"^mptQ8\345\026\313\315okg*\350\260A\223\222\276\201"
 2385      5138E516 
ARM GAS  /tmp/ccU7h4Da.s 			page 194


 2385      CBCD6F6B 
 2385      672AE8B0 
 2385      419392BE 
 2386 0095 30D61126 		.ascii	"0\326\021&}\260\211\250\244\337?\224\227C\\\017\222"
 2386      7DB089A8 
 2386      A4DF3F94 
 2386      97435C0F 
 2386      92
 2387 00a6 F8F0DD3D 		.ascii	"\370\360\335=\255\212,(\225S\356\313<\253F\207\031["
 2387      AD8A2C28 
 2387      9553EECB 
 2387      3CAB4687 
 2387      195B
 2388 00b8 E03FA8FC 		.ascii	"\340?\250\374\011\274\215\210\000\227\305\322i\0157"
 2388      09BC8D88 
 2388      0097C5D2 
 2388      690D37
 2389 00c7 79F0F64C 		.ascii	"y\360\366L\3511T\201/\026=\330\304\316?\330\024\330"
 2389      E9315481 
 2389      2F163DD8 
 2389      C4CE3FD8 
 2389      14D8
 2390 00d9 F5E06755 		.ascii	"\365\340gU\220\332q\017>\031\317?\241\002_\327N)\327"
 2390      90DA710F 
 2390      3E19CF3F 
 2390      A1025FD7 
 2390      4E29D7
 2391 00ec 74D887DD 		.ascii	"t\330\207\335\177\264O\350=DH3w\253\237\023\325\226"
 2391      7FB44FE8 
 2391      3D444833 
 2391      77AB9F13 
 2391      D596
 2392 00fe A917D3EB 		.ascii	"\251\027\323\353\354\303\022'\211V\316}\256\372\374"
 2392      ECC31227 
 2392      8956CE7D 
 2392      AEFAFC
 2393 010d 1A52EEEB 		.ascii	"\032R\356\3534\306.n\243~qQ\306\025{\244\257\011\315"
 2393      34C62E6E 
 2393      A37E7151 
 2393      C6157BA4 
 2393      AF09CD
 2394 0120 5BA41DA1 		.ascii	"[\244\035\241\002\223\266\311\204r\211\206\331\370\021"
 2394      0293B6C9 
 2394      84728986 
 2394      D9F811
 2395 012f 59112F18 		.ascii	"Y\021/\030\234\375(\315\261\256j\263%\335\354\245\223"
 2395      9CFD28CD 
 2395      B1AE6AB3 
 2395      25DDECA5 
 2395      93
 2396 0140 AF601EB9 		.ascii	"\257`\036\271l\300ak\222\245\023\016\220\007\331l\330"
 2396      6CC0616B 
 2396      92A5130E 
 2396      9007D96C 
 2396      D8
 2397 0151 CC36CBC0 		.ascii	"\3146\313\300~zE\256\241\202\350\231\012\214\337\372"
 2397      7E7A45AE 
ARM GAS  /tmp/ccU7h4Da.s 			page 195


 2397      A182E899 
 2397      0A8CDFFA 
 2398 0161 44E1582C 		.ascii	"D\341X,.7\231Jw\3063\351d<\221\312\264u\265'\023\275"
 2398      2E37994A 
 2398      77C633E9 
 2398      643C91CA 
 2398      B475B527 
 2399 0177 B1245999 		.ascii	"\261$Y\231\016\011\372\202\251\276\316t\242\277'\325"
 2399      0E09FA82 
 2399      A9BECE74 
 2399      A2BF27D5 
 2400 0187 CB8974F7 		.ascii	"\313\211t\3677\252|\232\340"
 2400      37AA7C9A 
 2400      E0
 2401              		.text
 2402              		.section	.gnu.lto_.symbol_nodes.d6499f0ae6d76a39,"e",%progbits
 2403 0000 789C7596 		.ascii	"x\234u\226\373s\023U\024\307\367\236\323\354B\002I\011"
 2403      FB731355 
 2403      14C7F79E 
 2403      D3EC4202 
 2403      4909
 2404 0012 6D36E923 		.ascii	"m6\351#iB\322\027\320BS^\212\016\316\370\2278\374\037"
 2404      6942D217 
 2404      D042535E 
 2404      8A0ECEF8 
 2404      9738FC1F 
 2405 0026 27948A50 		.ascii	"'\224\212P`\300\301\221\301\361E\211\212\310\360\030"
 2405      60C0C191 
 2405      C1F14589 
 2405      8AC8F018 
 2406 0036 67040541 		.ascii	"g\004\005AJg\260\242\014\014\024y\224WH\213\362\250"
 2406      4A67B0A2 
 2406      0C0C1479 
 2406      9457488B 
 2406      F2A8
 2407 0048 50294805 		.ascii	"P)H\005\361\334\335\315\256\310\335\374\364\235\375"
 2407      F1DCDDCD 
 2407      AEC8DDFC 
 2407      F49DFD
 2408 0057 9CD73DF7 		.ascii	"\234\327=\367\334{3M\023\332\231\031\232\246\301\257"
 2408      DC7B334D 
 2408      13DA9919 
 2408      9AA6C1AF 
 2409 0067 405A817F 		.ascii	"@Z\201\177Ub\363)M#M;\370\351\261\202\316\230\177\201"
 2409      5562F329 
 2409      4D234D3B 
 2409      F8E9B182 
 2409      CE987F81 
 2410 007b 71D09AA4 		.ascii	"q\320\232\244\321y \341kt\017P\032\005\316B\325\252"
 2410      D17920E1 
 2410      6B740F50 
 2410      1A05CE42 
 2410      D5AA
 2411 008d 8CB41E06 		.ascii	"\214\264\036\006\202\335\227K\213\025\306p\016\010\357"
 2411      82DD974B 
 2411      8B15C670 
 2411      0E08EF
ARM GAS  /tmp/ccU7h4Da.s 			page 196


 2412 009c FEB80355 		.ascii	"\376\270\003U\354\230\240\252\027\262|[\360\262\374"
 2412      EC98A0AA 
 2412      17B27C5B 
 2412      F0B2FC
 2413 00ab 03012B4B 		.ascii	"\003\001+K\001E\201\263 \034\004\012\370Y\303\005 \335"
 2413      014581B3 
 2413      201C040A 
 2413      F859C305 
 2413      20DD
 2414 00bd AF84EB40 		.ascii	"\257\204\353@\206\337b\340\022\3204_x\024h\272o\312"
 2414      86DF62E0 
 2414      12D0345F 
 2414      781468BA 
 2414      6FCA
 2415 00cf E340415F 		.ascii	"\343@A_x\025(\344\033v\004h\206/|\037i\346\177\241\220"
 2415      781528E4 
 2415      1B760468 
 2415      862F7C1F 
 2415      69E67FA1 
 2416 00e4 619B9CA6 		.ascii	"a\233\234\246\274\203`7\343\006P\3307\304M\240\310\375"
 2416      BC836037 
 2416      E30650D8 
 2416      37C44DA0 
 2416      C8FD
 2417 00f6 A99D4B2B 		.ascii	"\251\235K+\354\273\302\033\016)\003U\253\311(\320\254"
 2417      ECBBC21B 
 2417      0E290355 
 2417      ABC928D0 
 2417      AC
 2418 0107 8D279F7E 		.ascii	"\215'\237~&^Fc@\321\347\374\303\227\321-\240\331>\350"
 2418      265E4663 
 2418      40D1E7FC 
 2418      C397D12D 
 2418      A0D93EE8 
 2419 011b 1A50CDE7 		.ascii	"\032P\315\347\027\267*w\344\012P\255o\365\227\201b\276"
 2419      17B72A77 
 2419      E40A50AD 
 2419      6FF59781 
 2419      62BE
 2420 012d F02290E9 		.ascii	"\360\"\220\351\027\3657\240\370\332/>9\245\275\\\314"
 2420      17F537A0 
 2420      F8DA2F3E 
 2420      39A5BD5C 
 2420      CC
 2421 013e EF408917 		.ascii	"\357@\211\027b\272(P\002\335n\351m\240:\265\015\334"
 2421      62BA2850 
 2421      02DD6EE9 
 2421      6DA03AB5 
 2421      0DDC
 2422 0150 01AAF741 		.ascii	"\001\252\367Aw\201\032\324H\334\007j|\356\374R\026\326"
 2422      77811AD4 
 2422      48DC076A 
 2422      7CEEFC52 
 2422      16D6
 2423 0162 F8E4AD60 		.ascii	"\370\344\255`\362\007PRM&\201Rj\362\020\250IM\036\000"
 2423      F2075052 
 2423      4D268152 
ARM GAS  /tmp/ccU7h4Da.s 			page 197


 2423      6AF210A8 
 2423      494D1E00 
 2424 0176 A5D5E44F 		.ascii	"\245\325\344O\240\214\232L\000\315Q\223\307@Y5y\004"
 2424      A08C9A4C 
 2424      00CD5193 
 2424      C7405935 
 2424      7904
 2425 0188 94539327 		.ascii	"\224S\223'@\315j\362\027P\213\232<\007jU\223g@mj\362"
 2425      40CD6AF2 
 2425      17508B9A 
 2425      3C076A55 
 2425      9367406D 
 2426 019e 14A85D4D 		.ascii	"\024\250]MV!\315U\223\277\201\346\251\311\024\320|5"
 2426      5621CD55 
 2426      93BF81E6 
 2426      A9C914D0 
 2426      7C35
 2427 01b0 5983D4A1 		.ascii	"Y\203\324\241&k\221:\325\244\017i\201\232\254GZ\250"
 2427      266B913A 
 2427      D5A40F69 
 2427      819AAC47 
 2427      5AA8
 2428 01c2 263D485D 		.ascii	"&=H]j\262\032)\257&\353\220\272\325\244\027i\221\232"
 2428      6AB21A29 
 2428      AF26EB90 
 2428      BAD5A417 
 2428      69919A
 2429 01d5 BC8DB458 		.ascii	"\274\215\264XM6 -Q\022\324r=\347?\354\026\275\202\325"
 2429      4D36202D 
 2429      5112D472 
 2429      3DE73FEC 
 2429      16BD82D5 
 2430 01e9 FECDFB46 		.ascii	"\376\315\373F5Qd\231\375z\354\347mB\014\212\012\037"
 2430      35516499 
 2430      FD7AECE7 
 2430      6D420C8A 
 2430      0A1F
 2431 01fb D45D5ED6 		.ascii	"\324]^\326]\336k\270\376A\317?\350\371\007\021\332\355"
 2431      5DDE6BB8 
 2431      FE41CF3F 
 2431      E8F90711 
 2431      DAED
 2432 020d 63C309A0 		.ascii	"c\303\011\240\315\226\234\000ZmYf\331\342\030\350\010"
 2432      CD969C00 
 2432      5A6D5966 
 2432      D9E218E8 
 2432      08
 2433 021e CD8E818E 		.ascii	"\315\216\201\216\201v\353\232g\257@\233\245\330)0o\270"
 2433      8176EB9A 
 2433      67AF409B 
 2433      A5D82930 
 2433      6FB8
 2434 0230 F8D1108A 		.ascii	"\370\321\020\212\242\201\201\271C\003wn\242(\0071\320"
 2434      A28181B9 
 2434      4303776E 
 2434      A2280731 
 2434      D0
ARM GAS  /tmp/ccU7h4Da.s 			page 198


 2435 0241 6AF1C110 		.ascii	"j\361\301\020\006Z,Uf\325l{\207Qo\267^%\216\243\267"
 2435      065A2C55 
 2435      66D56C7B 
 2435      87516FB7 
 2435      5E258EA3 
 2436 0256 598AE3E8 		.ascii	"Y\212\343\350\035\3277\017i2\267\3361>yN\223\213\323"
 2436      1DD7370F 
 2436      6932B7DE 
 2436      313E794E 
 2436      938BD3
 2437 0269 3B1EF7FD 		.ascii	";\036\367\375\"dh}\276e7(\325\003y\207\016\326\241\336"
 2437      2264687D 
 2437      BE653728 
 2437      D5037987 
 2437      0ED6A1DE 
 2438 027d D2777403 		.ascii	"\322wt\003G\251G\275\331REV\355\366\267$G\266\277\261"
 2438      47A947BD 
 2438      D9524556 
 2438      EDF6B724 
 2438      47B6BFB1 
 2439 0291 6AB57D53 		.ascii	"j\265}S\354a\2512\253f\273\202\267\252\364\343?\354"
 2439      EC61A932 
 2439      AB66BB82 
 2439      B7AAF4E3 
 2439      3FEC
 2440 02a3 18D3C4B0 		.ascii	"\030\323\304\260\251\241\261\320^i\026\215\005\266z"
 2440      A9A1B1D0 
 2440      5E69168D 
 2440      05B67A
 2441 02b2 138D4E5B 		.ascii	"\023\215N[q\323\215Nn_^Vct\364\355\331\024\020e\003"
 2441      71D38D4E 
 2441      6E5F5E56 
 2441      6374F4ED 
 2441      D9141065 
 2442 02c7 83DD15C3 		.ascii	"\203\335\025\303`\336V+1\330\34567\350\274}\375\002"
 2442      60DE562B 
 2442      31D8E536 
 2442      37E8BC7D 
 2442      FD02
 2443 02d9 438BECE6 		.ascii	"C\213\354\346\254\304\220\335\033\336\261\031\213+\336"
 2443      ACC490DD 
 2443      1BDEB119 
 2443      8B2BDE
 2444 02e8 335D15EE 		.ascii	"3]\025\356\252\024\021^\342\246\216\270i\"n\232\210"
 2444      AA14115E 
 2444      E2A68EB8 
 2444      69226E9A 
 2444      88
 2445 02f9 F306F530 		.ascii	"\363\006\3650\366\322T/\255X\316rU\264\303*\234\343"
 2445      F6D2542F 
 2445      AD58CE72 
 2445      55B4C32A 
 2445      9CE3
 2446 030b 443BDDD2 		.ascii	"D;\335\322j:+\201jl\314{P\023\275\260kx\227\020=:\177"
 2446      6A3A2B81 
 2446      6A6CCC7B 
 2446      5013BDB0 
ARM GAS  /tmp/ccU7h4Da.s 			page 199


 2446      6B789710 
 2447 0322 5CB3E52C 		.ascii	"\\\263\345,K\336\205\332\334\326\235\327\002\322\247"
 2447      4BDE85DA 
 2447      DCD69DD7 
 2447      02D2A7
 2448 0331 36F760EF 		.ascii	"6\367`\357\226\220\264\254\315\256\2750Q-C\306\\\032"
 2448      9690B4AC 
 2448      CDAEBD30 
 2448      512D43C6 
 2448      5C1A
 2449 0343 7369ECFF 		.ascii	"si\354\377\224\2438\224W\355P\036\323X\356\351\300\320"
 2449      94A33894 
 2449      57ED501E 
 2449      D358EEE9 
 2449      C0D0
 2450 0355 7439A6B1 		.ascii	"t9\246\261\334\341\251\237\242rJc\331\203\337\277\327"
 2450      DCE1A99F 
 2450      A2724A63 
 2450      D983DFBF 
 2450      D7
 2451 0366 208734D6 		.ascii	" \2074\326m\275\226\275!\214\345-UdeX\273?\020E3\367"
 2451      6DBD96BD 
 2451      218CE52D 
 2451      55646558 
 2451      BB3F1045 
 2452 037c E59347D5 		.ascii	"\345\223G\3252\257\231\273\365\315x\223\314kf\337\335"
 2452      32AF99BB 
 2452      F5CD7893 
 2452      CC6B66DF 
 2452      DD
 2453 038d 37BA50E6 		.ascii	"7\272P\3465\273\355\367\224\347\327\314\333\222\347"
 2453      35BBEDF7 
 2453      94E7D7CC 
 2453      DB92E7
 2454 039c D7ECB227 		.ascii	"\327\354\262'\320@s\331\272\321\235\246\234O\263\353"
 2454      D04073D9 
 2454      BAD19DA6 
 2454      9C4FB3EB 
 2455 03ac 40A17FBE 		.ascii	"@\241\177\276\234Os\231\245zg\243i\330.\375&\306\335"
 2455      9C4F7399 
 2455      A57A67A3 
 2455      69D82EFD 
 2455      26C6DD
 2456 03bf 9318F74E 		.ascii	"\223\030\367Nb\334;\211q\367$\306\275\223\030\367Nb"
 2456      62DC3B89 
 2456      71F724C6 
 2456      BD9318F7 
 2456      4E62
 2457 03d1 DCBA2FAC 		.ascii	"\334\272/\254\311\215\347m\311c\023\237\273\375\310"
 2457      C98DE76D 
 2457      C963139F 
 2457      BBFDC8
 2458 03e0 E95B9A3C 		.ascii	"\351[\232<)\361y\017wl\313\310J\342\225]4\253\342\375"
 2458      29F1790F 
 2458      776CCBC8 
 2458      4AE2955D 
 2458      34ABE2FD 
ARM GAS  /tmp/ccU7h4Da.s 			page 200


 2459 03f4 1B0F9D02 		.ascii	"\033\017\235\0021\031\3250\341\026\220\360\012Hx\005"
 2459      3119D530 
 2459      E11690F0 
 2459      0A487805 
 2460 0404 24DC0212 		.ascii	"$\334\002\022^\001\011\257\200\204Y\2741y\006D\211e"
 2460      5E0109AF 
 2460      808459BC 
 2460      31790644 
 2460      8965
 2461 0416 7CE391F5 		.ascii	"|\343\221\365cB\014\0041\361\312\310\307}{\204ln]\320"
 2461      63420C04 
 2461      31F1CAC8 
 2461      C77D7B84 
 2461      6C6E5DD0 
 2462 042a 7AD37B0C 		.ascii	"z\323{\014\254{uj\337\366{({_\027\261e\211e\242\367"
 2462      AC7B756A 
 2462      DFF67B28 
 2462      7B5F17B1 
 2462      658965A2 
 2463 043f AB9BFD42 		.ascii	"\253\233\375B\224\3304\261\346\342\236\373\232(\205"
 2463      94D834B1 
 2463      E6E29EFB 
 2463      9A2885
 2464 044e D96B7CF7 		.ascii	"\331k|\367\246K<*\021\376j\313R\014\353#\366\022\006"
 2464      A64B3C2A 
 2464      11FE6ACB 
 2464      520CEB23 
 2464      F61206
 2465 0461 0CAC77DE 		.ascii	"\014\254w\336|\216\320\340}mp\276\366\007\261\321\311"
 2465      7C8ED0E0 
 2465      7D6D70BE 
 2465      F607B1D1 
 2465      C9
 2466 0472 C63D6874 		.ascii	"\306=ht\262\365\204\2601\341$\016ar\271\375\207\"\213"
 2466      B2F584B0 
 2466      31E1240E 
 2466      6172B9FD 
 2466      87228B
 2467 0485 C9DCED13 		.ascii	"\311\334\355\023\317\014\271\360dnb\365\321\210\\w2"
 2467      CF0CB9F0 
 2467      646E62F5 
 2467      D1885C77 
 2467      32
 2468 0496 3B72F2B0 		.ascii	";r\362\260)\357\013\207\362\262\035\312\253v(\237\325"
 2468      29EF0B87 
 2468      F2B21DCA 
 2468      AB76289F 
 2468      D5
 2469 04a7 94DBBF94 		.ascii	"\224\333\277\224\327\277\224\327\277\324k\316\22100"
 2469      D7BF94D7 
 2469      BFD46BCE 
 2469      913030
 2470 04b6 ED9AA63D 		.ascii	"\355\232\246=\323\264g\232\316m?\260wB\223{\231\316"
 2470      D3B4679A 
 2470      CE6D3FB0 
 2470      7742937B 
 2470      99CE
ARM GAS  /tmp/ccU7h4Da.s 			page 201


 2471 04c8 7D30B2EA 		.ascii	"}0\262\352\252\220{\231\316\036\332\262\3774\310)N;"
 2471      AA907B99 
 2471      CE1EDAB2 
 2471      FF34C829 
 2471      4E3B
 2472 04da C7941B98 		.ascii	"\307\224\033\230v\316)\257.\235+\015\\\342+\246\034"
 2472      76CE29AF 
 2472      2E9D2B0D 
 2472      5CE22BA6 
 2472      1C
 2473 04eb 66397579 		.ascii	"f9uy\357\011n{\204\335\256\360\016\200(F<\203\250g0"
 2473      EF096E7B 
 2473      84DDAEF0 
 2473      0E802846 
 2473      3C83A867 
 2474 0500 DB3360B9 		.ascii	"\3333`\271\334\211\033\303\2643$%\0233n\271\031\257"
 2474      DC891BC3 
 2474      B4332425 
 2474      13336EB9 
 2474      19AF
 2475 0512 DC8C576E 		.ascii	"\334\214Wn\246\333\275\3033y\367\016\317T\222\031,\235"
 2475      A6DBBDC3 
 2475      3379F70E 
 2475      CF549219 
 2475      2C9D
 2476 0524 64417673 		.ascii	"dAvs\222\261L:\273\025\302\314\353N\2040f*\303\031\306"
 2476      92B14C3A 
 2476      BB15C2CC 
 2476      EB4E8430 
 2476      662AC319 
 2477 0539 3935B6CC 		.ascii	"95\266\314h\377\002\036\237`\372"
 2477      68FF021E 
 2477      9F60FA
 2478              		.text
 2479              		.section	.gnu.lto_.refs.d6499f0ae6d76a39,"e",%progbits
 2480 0000 789C7D8E 		.ascii	"x\234}\216\333\016\202@\020C\247g\331e\027PT\024\357"
 2480      DB0E8240 
 2480      1043A767 
 2480      D9651750 
 2480      5414EF
 2481 0013 8A9777FF 		.ascii	"\212\227w\377\377\357\204\220\250\211\306\247\231\264"
 2481      FFEF8490 
 2481      A889C6A7 
 2481      99B4
 2482 0021 4D4FA3C9 		.ascii	"MO\243\311\0362Kf\002e\310\233\"*Pi\232\242\031\232"
 2482      1E324B66 
 2482      0265C89B 
 2482      222A5069 
 2482      9AA2199A 
 2483 0035 034E6483 		.ascii	"\003Nd\203\355\360\343O\030o\226[t\304\314b$\325Z\320"
 2483      EDF0E34F 
 2483      186F965B 
 2483      74C4CC62 
 2483      24D55AD0 
 2484 0049 0496349E 		.ascii	"\004\2264\236\246\310W\257NB\304'(\2606\265\177Pn\375"
 2484      A6C857AF 
 2484      4E42C427 
ARM GAS  /tmp/ccU7h4Da.s 			page 202


 2484      28B036B5 
 2484      7F506EFD 
 2485 005d 32C3E63B 		.ascii	"2\303\346;\027\266?\264\223\311\015\014\005S\352\005"
 2485      17B63FB4 
 2485      93C90D0C 
 2485      0553EA05 
 2486 006d 54F9F31B 		.ascii	"T\371\363\033\335\345\224\323\324qd\302\2019{f\354\250"
 2486      DDE594D3 
 2486      D47164C2 
 2486      81397B66 
 2486      ECA8
 2487 007f 5856978F 		.ascii	"XV\227\217\262\212aBm\332\242=:\230.\350\206\356\341"
 2487      B28A6142 
 2487      6DDAA23D 
 2487      3A982EE8 
 2487      86EEE1
 2488 0092 FA919AF4 		.ascii	"\372\221\232\364\221~\250=\001\304\356\007\010"
 2488      917EA83D 
 2488      01C4EE07 
 2488      08
 2489              		.text
 2490              		.section	.gnu.lto_.decls.d6499f0ae6d76a39,"e",%progbits
 2491 0000 789CB4BD 		.ascii	"x\234\264\275\011\\\034\327\2218L\317\233\031f\206\313"
 2491      095C1CD7 
 2491      91384CCF 
 2491      9B196686 
 2491      CB
 2492 0011 96E423B6 		.ascii	"\226\344#\266\343\177\222U\262\336\303\221\355\344\313"
 2492      E37F9255 
 2492      B2DEC391 
 2492      EDE4CB
 2493 0020 B19BCDE6 		.ascii	"\261\233\315\346^{7\331\344\213\275\233M~\337~\212,"
 2493      5E7B37D9 
 2493      E48BBD9B 
 2493      4D7EDF7E 
 2493      8A2C
 2494 0032 618B4497 		.ascii	"a\213D\227\001\371\330\335ow8\204\270\205\000\211[\034"
 2494      01F9D8DD 
 2494      6F773884 
 2494      B8850089 
 2494      5B1C
 2495 0044 E2BE1120 		.ascii	"\342\276\021 \211K\234\342\026 \204\270$\020\227\020"
 2495      894B9CE2 
 2495      162084B8 
 2495      24109710 
 2496 0054 20011208 		.ascii	" \001\022\010\020H\300W\357\325\353\231\356\231i\354"
 2496      1048C057 
 2496      EFD5EB99 
 2496      EE9969EC 
 2497 0064 EC66F9A9 		.ascii	"\354f\371\2514\375\272\353\325\253\252W\257\252\336"
 2497      34FDBAEB 
 2497      D5ABAA57 
 2497      AFAADE
 2498 0073 EBD7DD3A 		.ascii	"\353\327\335:;\301\356\3449;\273\304\035vv\017?gg\267"
 2498      3BC1EEE4 
 2498      393BBBC4 
 2498      1D76760F 
ARM GAS  /tmp/ccU7h4Da.s 			page 203


 2498      3F6767B7 
 2499 0087 097F5FB0 		.ascii	"\011\177_\260\263\263\273\012\360'\000/\013vv\357\303"
 2499      B3B3BB0A 
 2499      F027002F 
 2499      0B7676EF 
 2499      C3
 2500 0098 AF166017 		.ascii	"\257\026`\027\034\3775\300\367\000~\003\3457Tvv\315"
 2500      1CFF35C0 
 2500      F7007E03 
 2500      E5375476 
 2500      76CD
 2501 00aa 70FC3BF8 		.ascii	"p\374;\370m\205\362\001\370=\014\340\001\360!\300G\000"
 2501      6D85F201 
 2501      F83D0CE0 
 2501      01F021C0 
 2501      4700
 2502 00bc 51007F0A 		.ascii	"Q\000\177\012\327\242\341W\005\020\003\370\261\360\033"
 2502      D7A2E157 
 2502      051003F8 
 2502      B1F01B
 2503 00cb 07F06B38 		.ascii	"\007\360k8\337\006\277\231\000W\000:\001&\340\234\035"
 2503      DF06BF99 
 2503      0057003A 
 2503      0126E09C 
 2503      1D
 2504 00dc B1B3FB3E 		.ascii	"\261\263\373>\3003\000\377\000\360s\200w\010;mw\024"
 2504      C03300FF 
 2504      00F07380 
 2504      77083B6D 
 2504      7714
 2505 00ee FEF304F8 		.ascii	"\376\363\004\370\012\340~\013\312\377\006\307\377\001"
 2505      0AE07E0B 
 2505      CAFF06C7 
 2505      FF01
 2506 00fc F09F0046 		.ascii	"\360\237\000F\000\037\200@\200`\200\010\200\030\200"
 2506      001F8040 
 2506      80608008 
 2506      801880
 2507 010b 33006701 		.ascii	"3\000g\001r\001\012\001\312\001.\000\324\0004\002t\000"
 2507      72010A01 
 2507      CA012E00 
 2507      D4003402 
 2507      7400
 2508 011d F4010C01 		.ascii	"\364\001\014\001L\000\314\000\314\003,\001\254\321F"
 2508      4C00CC00 
 2508      CC032C01 
 2508      ACD146
 2509 012c D576761A 		.ascii	"\325vv\032\000{\000'\200\247\001^\000x\011\340e\200"
 2509      007B0027 
 2509      80A7015E 
 2509      007809E0 
 2509      6580
 2510 013e AF00BC02 		.ascii	"\257\000\274\002\360\347\000_\003\3706\300\367\001~"
 2510      F0E7005F 
 2510      03F836C0 
 2510      F7017E
 2511 014d 0CF00B80 		.ascii	"\014\360\013\200_\002\274\003\360\317\000\377\002\360"
ARM GAS  /tmp/ccU7h4Da.s 			page 204


 2511      5F02BC03 
 2511      F0CF00FF 
 2511      02F0
 2512 015b 1B803D00 		.ascii	"\033\200=\000\373\001\016\001x\000\374;\2007@\030@8"
 2512      FB010E01 
 2512      7800FC3B 
 2512      80374018 
 2512      4038
 2513 016d 402CC019 		.ascii	"@,\300\031\332&4\237\002\277\031\000\331\000\271\000"
 2513      DA26349F 
 2513      02BF1900 
 2513      D900B900 
 2514 017d F9005E1A 		.ascii	"\371\000^\0328\257\261\223\375-A'=\017\277\373\001\266"
 2514      38AFB193 
 2514      FD2D4127 
 2514      3D0FBFFB 
 2514      01B6
 2515 018f 01EC90F4 		.ascii	"\001\354\220\364_\017\374\236\005\374d5\366[/\224S5"
 2515      5F0FFC9E 
 2515      05FC6435 
 2515      F65B2F94 
 2515      5335
 2516 01a1 D87F691A 		.ascii	"\330\177i\032\354\323t\015\366\353\347\324\330\327\031"
 2516      ECD3740D 
 2516      F6EBE7D4 
 2516      D8D719
 2517 01b0 50CED460 		.ascii	"P\316\324`\337?\005\347>\017\347\262x\231\366\301\237"
 2517      DF3F05E7 
 2517      3E0FE7B2 
 2517      7899F6C1 
 2517      9F
 2518 01c1 A9B01F68 		.ascii	"\251\260\037h\237|\016\256=/`\037\321>y\201\353I\340"
 2518      9F7C0EAE 
 2518      3D2F601F 
 2518      D13E7981 
 2518      EB49E0
 2519 01d4 FC4BFF56 		.ascii	"\374K\377V\265\310\237\224O\321\206\2625h\023n\0009"
 2519      B5C89F94 
 2519      4FD186B2 
 2519      3568136E 
 2519      0039
 2520 01e6 70FC0CFC 		.ascii	"p\374\014\374\346\302\2577\320\314\203\337V(\327\000"
 2520      E6C2AF37 
 2520      D0CC83DF 
 2520      5628D700 
 2521 01f6 7C0084F3 		.ascii	"|\000\204\363\241\374e\240\015E\273F\370\257\026@o\207"
 2521      A1FC65A0 
 2521      0D45BB46 
 2521      F8AF1640 
 2521      6F87
 2522 0208 F65002D7 		.ascii	"\366P\002\327\316\003\\\324`\277\274\302\373\351e\336"
 2522      CE035CD4 
 2522      60BFBCC2 
 2522      FBE965DE 
 2523 0218 6FB48EA8 		.ascii	"o\264\216\250K\351\337\277\002\001\235\035\266\221\256"
 2523      4BE9DFBF 
 2523      02019D1D 
ARM GAS  /tmp/ccU7h4Da.s 			page 205


 2523      B691AE
 2524 0227 42FD513B 		.ascii	"B\375Q;-R\241]2>\001\014P,\200\337<\200|\200s\000\305"
 2524      2D52A15D 
 2524      323E010C 
 2524      502C80DF 
 2524      3C807C80 
 2525 023e 00850097 		.ascii	"\000\205\000\227\001\232\350\330P!_\364O\340\355I\377"
 2525      019AE8D8 
 2525      50215FF4 
 2525      4FE0ED49 
 2525      FF
 2526 024f D6410F2F 		.ascii	"\326A\017/+\350\341e\256\3532\200]\352\317\246\027\312"
 2526      2BE8E165 
 2526      AEEB3280 
 2526      5DEACFA6 
 2526      17CA
 2527 0261 23EDA31D 		.ascii	"#\355\243\035\000\345\032\034\217\337\202\272\025p\374"
 2527      00E51A1C 
 2527      8FDF82BA 
 2527      1570FC
 2528 0270 86DA5A6F 		.ascii	"\206\332ZoTW\315\234\177\332w\264\017\251\034/\012("
 2528      5457CD9C 
 2528      7FDA77B4 
 2528      0FA91C2F 
 2528      0A28
 2529 0282 1BE5BD0E 		.ascii	"\033\345\275\016\300\301\016\307W\011\327\347y\211N"
 2529      C0C10EC7 
 2529      5709D7E7 
 2529      79894E
 2530 0291 BFCD6DFE 		.ascii	"\277\315m\376\263\350V\000c\376\272\202\274T\306J\015"
 2530      B3E85600 
 2530      63FEBA82 
 2530      BC54C64A 
 2530      0D
 2531 02a2 EAF85770 		.ascii	"\352\370Wp\356%8\234\002\030\000\350\000\350U\241\035"
 2531      EE25389C 
 2531      021800E8 
 2531      00E855A1 
 2531      1D
 2532 02b3 6FA5872A 		.ascii	"o\245\207*\015\372\235K\360\373#\240\367k\356\213\252"
 2532      0DFA9D4B 
 2532      F0FB23A0 
 2532      F76BEE8B 
 2532      AA
 2533 02c4 35E8976A 		.ascii	"5\350\227j\340\267\226\353\245\216\332\274\332\254\273"
 2533      E0B796EB 
 2533      A58EDABC 
 2533      DAACBB
 2534 02d3 4D806580 		.ascii	"M\200e\200\031\200c\000\377\005\360\357\000#\000\237"
 2534      19806300 
 2534      FF05F0EF 
 2534      0023009F 
 2535 02e3 00F4035C 		.ascii	"\000\364\003\\\007\250\327X\353\3619\340k/\357\363\015"
 2535      07A8D758 
 2535      EBF139E0 
 2535      6B2FEFF3 
 2535      0D
ARM GAS  /tmp/ccU7h4Da.s 			page 206


 2536 02f4 80058035 		.ascii	"\200\005\2005\200Y\2000\000_\200i\000\037\2009\200H"
 2536      80598030 
 2536      005F8069 
 2536      001F8039 
 2536      8048
 2537 0306 0023C07F 		.ascii	"\000#\300\177\000,\002\334\002\370O\200\217\001\036"
 2537      002C02DC 
 2537      02F84F80 
 2537      8F011E
 2538 0315 033C0158 		.ascii	"\003<\001X\345\372\257\347\3727*\350\377\307\334\327"
 2538      E5FAAFE7 
 2538      FA372AE8 
 2538      FFC7DCD7 
 2539 0325 88BAFFCA 		.ascii	"\210\272\377\312\026\372\267\2677\373\207\006nWt,_\326"
 2539      16FAB7B7 
 2539      37FB8706 
 2539      6E57742C 
 2539      5FD6
 2540 0337 A08F16F5 		.ascii	"\240\217\026\365\330\010\277F\0007\252_\200&\200\237"
 2540      D808BF46 
 2540      0037AA5F 
 2540      8026809F 
 2541 0347 03EE0FE0 		.ascii	"\003\356\017\340\367\005\3523\324\250\353f\200\263j"
 2541      F705EA33 
 2541      D4A8EB66 
 2541      80B36A
 2542 0356 D435ED43 		.ascii	"\3245\355C\261?\250\317\372w8~\037`\007\300{\000\337"
 2542      B13FA8CF 
 2542      FA77387E 
 2542      1F6007C0 
 2542      7B00DF
 2543 0369 04F81CC0 		.ascii	"\004\370\034\300v\356?|\270<\357p\377\370\013.\013\345"
 2543      76EE3F7C 
 2543      B83CEF70 
 2543      FFF80B2E 
 2543      0BE5
 2544 037b 3D83FB37 		.ascii	"=\203\3737\351\3373\366\250\007\251\355|\244\222\267"
 2544      E9DF33F6 
 2544      A807A9ED 
 2544      7CA492B7 
 2545 038b 2BF2DF02 		.ascii	"+\362\337\002\277\001\204\313l\207\361\200\266\325\246"
 2545      BF0184CB 
 2545      6C87F180 
 2545      B6D5A6
 2546 039a 41DFFB2F 		.ascii	"A\337\373/\334\027\373\020;\253\277\317\331\243\355"
 2546      DC17FB10 
 2546      3BABBFCF 
 2546      D9A3ED
 2547 03a9 49DB89E2 		.ascii	"I\333\211\342\266G\343W\273\006\257S\031\356\331\241"
 2547      B647E357 
 2547      BB06AF53 
 2547      19EED9A1 
 2548 03b9 6FA03649 		.ascii	"o\2406I\343\325\367\000^\0018M\343\031\234\353\240@"
 2548      E3D5F700 
 2548      5E01384D 
 2548      E3199CEB 
 2548      A040
ARM GAS  /tmp/ccU7h4Da.s 			page 207


 2549 03cb E31AFCFE 		.ascii	"\343\032\374\376\226\216a\270\326\005\307W5f\373\241"
 2549      968E61B8 
 2549      D605C757 
 2549      3566FBA1 
 2550 03db 7AFF32EF 		.ascii	"z\3772\357\207o\303\365p\300\017\345v\343\005\360]\036"
 2550      876FC3F5 
 2550      70C00FE5 
 2550      76E305F0 
 2550      5D1E
 2551 03ed F7683CDB 		.ascii	"\367h<\333\303\373\327\362\357O\201gG\011\277*\316o"
 2551      C3FBD7F2 
 2551      EF4F8167 
 2551      4709BF2A 
 2551      CE6F
 2552 03ff 348FB7ED 		.ascii	"4\217\267\355\026\374u\323\276\341\276\231\266IuNc\345"
 2552      16FC75D3 
 2552      BEE1BE99 
 2552      B649754E 
 2552      63E5
 2553 0411 7E1BB4BF 		.ascii	"~\033\264\277\266\005m[t\251<\226\264c\024h\377\015"
 2553      B6056D5B 
 2553      74A93C96 
 2553      B4631468 
 2553      FF0D
 2554 0423 A72DD535 		.ascii	"\247-\3255\315\015\202\241\362+v\330\217\264\217i_\256"
 2554      CD0D82A1 
 2554      F22B76D8 
 2554      8FB48F69 
 2554      5FAE
 2555 0435 42F91A94 		.ascii	"B\371\032\224\017r\332\001<\326\320\330\376\317<\216"
 2555      0F72DA01 
 2555      3CD6D0D8 
 2555      FECF3C8E 
 2556 0445 5AFEFD9D 		.ascii	"Z\376\375\235\015\233\211S\260\231\036\370M\220\330"
 2556      0D9B8953 
 2556      B0991EF8 
 2556      4D90D8
 2557 0454 CC591B36 		.ascii	"\314Y\0336s\206\330\266\231_\363v\3046h?S\035\331\322"
 2557      7386D8B6 
 2557      995FF376 
 2557      C436683F 
 2557      531DD9D2 
 2558 0468 FD7528BB 		.ascii	"\375u(\273[\350\207\346%\0366\370\337\243@\327\026M"
 2558      5BE887E6 
 2558      251E36F8 
 2558      DFA340D7 
 2558      164D
 2559 047a AA774BBA 		.ascii	"\252wK\272\205\012t\217\002]g\013\275P\272\324\226)"
 2559      850A748F 
 2559      025D670B 
 2559      BD50BAD4 
 2559      9629
 2560 048c 5DD12FD0 		.ascii	"]\321/\320q\337\253\301\261N\363\276\277\022p\254\323"
 2560      71DFABC1 
 2560      B14EF3BE 
 2560      BF1270AC 
 2560      D3
ARM GAS  /tmp/ccU7h4Da.s 			page 208


 2561 049d 3FFA23E6 		.ascii	"?\372#\346Q\342\330\245mg[\264w\030\332z\332\206\014"
 2561      51E2D8A5 
 2561      6D675BB4 
 2561      7718DA7A 
 2561      DA860C
 2562 04b0 B42DB11D 		.ascii	"\264-\261\035\332\246R[\224\307>\032\007\211\271]i\233"
 2562      DAA6525B 
 2562      94C73E1A 
 2562      0789B95D 
 2562      699B
 2563 04c2 94075BED 		.ascii	"\224\007[\355z\331\243N\2442\212\271\246\230\017\321"
 2563      7AD9A34E 
 2563      A4328AB9 
 2563      A6980FD1 
 2564 04d2 D843632C 		.ascii	"\330Cc,\215\265t\014\323x\377?\315\221h,\351\327`|\372"
 2564      8DB5740C 
 2564      D378FF3F 
 2564      CD91682C 
 2564      E9D7607C 
 2565 04e7 2EC07778 		.ascii	".\300wx\336@\343r\221$w\031\000\234g\355\254\363(\232"
 2565      DE40E372 
 2565      91247719 
 2565      009C67ED 
 2565      ACF3289A 
 2566 04fb 3BBC4B79 		.ascii	";\274Ky\004\330\303c\012\215\315b\234\376\034\217\315"
 2566      04D8C363 
 2566      0A8DCD62 
 2566      9CFE1C8F 
 2566      CD
 2567 050c D27C438C 		.ascii	"\322|C\214\023\207\004\214\3274\017b9\214$\0173\362"
 2567      1387048C 
 2567      D7340F62 
 2567      398C240F 
 2567      33F2
 2568 051e 1C99E646 		.ascii	"\034\231\346F4?\033\322\330\316\315B@o_\260\223\217"
 2568      343F1BD2 
 2568      D8CECD42 
 2568      406F5FB0 
 2568      938F
 2569 0530 77AA37AA 		.ascii	"w\2527\252\243\036\236\013\375\217udg=\376\304\334R"
 2569      A31E9E0B 
 2569      FD8F7564 
 2569      673DFEC4 
 2569      DC52
 2570 0542 CC63F436 		.ascii	"\314c\3646t\3639\256\207\002\256\223<.g\243d\254\212"
 2570      74F339AE 
 2570      8702AE93 
 2570      3C2E67A3 
 2570      64AC8A
 2571 0555 F28A63D6 		.ascii	"\362\212c\326\207\330\2263\001\344|C\"g\031\317+\350"
 2571      87D89633 
 2571      01E47C43 
 2571      226719CF 
 2571      2BE8
 2572 0567 98A5FE87 		.ascii	"\230\245\376\207\332\251Tf\312\033\265\227a\015\372"
 2572      DAA95466 
 2572      CA1BB597 
ARM GAS  /tmp/ccU7h4Da.s 			page 209


 2572      610DFA
 2573 0576 A63FFD5F 		.ascii	"\246?\375_\322\203(?\325\273\324\377Q\375\210v\365\013"
 2573      D283283F 
 2573      D5BBD4FF 
 2573      51FD8876 
 2573      F50B
 2574 0588 9A33C0F1 		.ascii	"\2323\300\361\277\251\321/\322|\317\321\206\276\250"
 2574      BFA9D12F 
 2574      D27CCFD1 
 2574      86BEA8
 2575 0597 AEF224FA 		.ascii	"\256\362$\372\242\266\265_\205\276\223\346x4\207\355"
 2575      A2B6B55F 
 2575      85BE93E6 
 2575      783487ED 
 2576 05a7 D84277FF 		.ascii	"\330Bw\377\314\347%J:,\000\035\356\202\337\353D>\306"
 2576      CCE7254A 
 2576      3A2C001D 
 2576      EE82DFEB 
 2576      443EC6
 2577 05ba E85C8E8E 		.ascii	"\350\\\216\216mq\214\375\212\333O:\037{T\227\377[\272"
 2577      6D718CFD 
 2577      8ADB4F3A 
 2577      1F7B5497 
 2577      FF5BBA
 2578 05cd 13754473 		.ascii	"\023uDs\277\012\236\353\321\334\227\346\3034\027\026"
 2578      BF0A9EEB 
 2578      D1DC97E6 
 2578      C3341716 
 2579 05dd 7364EA07 		.ascii	"sd\352\007\322T\350\007m\215A\232\317ImM\034{\322qG"
 2579      D254E807 
 2579      6D8D419A 
 2579      CF496D4D 
 2579      1C7BD271 
 2580 05f2 F5D7B785 		.ascii	"\365\327\267\205\376\304\271\240\222\376*\354\321\226"
 2580      FEC4B9A0 
 2580      92FE2AEC 
 2580      D196
 2581 0600 6CE98FDA 		.ascii	"l\351\217\332!\265\311\021\215\331\006\177\367G\362"
 2581      21B5C911 
 2581      8DD9067F 
 2581      F747F2
 2582 060f 4FA27D8D 		.ascii	"O\242}\215\302\371+\004\355\247\035\312c\324\007\023"
 2582      C2F92B04 
 2582      EDA71DCA 
 2582      63D40713 
 2583 061f D4E138D7 		.ascii	"\324\3418\327\235\227\032\343\241\222mQ]Q\332C\022_"
 2583      9D971AE3 
 2583      A1926D51 
 2583      5D51DA43 
 2583      125F
 2584 0631 23CEA7BD 		.ascii	"#\316\247\275\025\346\177-@\3605;\353\234\242\223\313"
 2584      15E67F2D 
 2584      40F0353B 
 2584      EB9CA293 
 2584      CB
 2585 0642 BD838F41 		.ascii	"\275\203\217A\252\027:\377\247\363\000\232s\211s\001"
 2585      AA173AFF 
ARM GAS  /tmp/ccU7h4Da.s 			page 210


 2585      A7F3009A 
 2585      73897301 
 2586 0652 AA8B7B5C 		.ascii	"\252\213{\\W\342X\024\343\341\337\3239<\360~\033`\022"
 2586      57E25814 
 2586      E3E1DFD3 
 2586      393CF07E 
 2586      1B6012
 2587 0665 6011AEDD 		.ascii	"`\021\256\335\201\337)\200a8\036\004\230\326\340\372"
 2587      81DF2980 
 2587      61381E04 
 2587      98D6E0FA 
 2588 0675 86747CCD 		.ascii	"\206t|\315\300\261\001\332\324\003\334\205\343\007\000"
 2588      C0B101DA 
 2588      D403DC85 
 2588      E30700
 2589 0684 0B1ACC17 		.ascii	"\013\032\314\027R\370\034kQ\203}r\223\347#\333\001\276"
 2589      52F81C6B 
 2589      51837D72 
 2589      93E723DB 
 2589      01BE
 2590 0696 03C76F11 		.ascii	"\003\307o\021\314\343\207\001\236\206\372\017\354p\016"
 2590      CCE38701 
 2590      9E86FA0F 
 2590      EC700E
 2591 06a5 4073FDA7 		.ascii	"@s\375\247\240|\013\3127\3540\317\037\202\337.\200y"
 2591      A07C0BCA 
 2591      37EC30CF 
 2591      1F82DF2E 
 2591      8079
 2592 06b7 0017B8E6 		.ascii	"\000\027\270\346\004\360&\3011IS^\272\376@\363U\272"
 2592      04F026C1 
 2592      3149535E 
 2592      BAFE40F3 
 2592      55BA
 2593 06c9 0E7096AF 		.ascii	"\016p\226\257IX\376]\007\375}\305\316:\246N\330\241"
 2593      4958FE5D 
 2593      07FD7DC5 
 2593      CE3AA64E 
 2593      D8A1
 2594 06db FE1E6A50 		.ascii	"\376\036jP\207\266tGuF\365\265\310u\250\2447%\235\211"
 2594      87B67447 
 2594      7546F5B5 
 2594      C875A8A4 
 2594      37259D89 
 2595 06ef 3ADA4A37 		.ascii	":\332J7\224/\252\207y\033\372\371,\272\221\352\205\212"
 2595      942FAA87 
 2595      791BFAF9 
 2595      2CBA91EA 
 2595      858A
 2596 0701 4FD76394 		.ascii	"O\327c\224tq\013t\361e\005]|\232\036\376\267t@\365\373"
 2596      74710B74 
 2596      F165055D 
 2596      7C9A1EFE 
 2596      B77440F5 
 2597 0716 BFA187F9 		.ascii	"\277\241\207\371-\364p\027\364\360g\012cj\307g\034K"
 2597      2DF47017 
 2597      F4F0670A 
ARM GAS  /tmp/ccU7h4Da.s 			page 211


 2597      636AC767 
 2597      1C4B
 2598 0728 FF9D31F4 		.ascii	"\377\2351\364\207\214\033\251^\376X\343\206\272\226"
 2598      878C1BA9 
 2598      5EFE58E3 
 2598      86BA96
 2599 0737 A54F192F 		.ascii	"\245O\031/K\240\233\027\355\254\375,U*\365\255tN/\306"
 2599      4BA09B17 
 2599      EDACFD2C 
 2599      552AF5AD 
 2599      744E2FC6 
 2600 074b 903F867F 		.ascii	"\220?\206\177\335T\331^#\243\271\034\235\327S\236\351"
 2600      DD54D95E 
 2600      23A3B91C 
 2600      9DD7539E 
 2600      E9
 2601 075c BA225DE7 		.ascii	"\272\"]\347\333j\235L\200\344\346\317\355\3449\354\367"
 2601      DB6A9D4C 
 2601      80E4E6CF 
 2601      EDE439EC 
 2601      F7
 2602 076d 39CF345F 		.ascii	"9\3174_\245\363\200\245?B,\245}\276Lih\314\271)\235"
 2602      A5F380A5 
 2602      3F422CA5 
 2602      7DBE4C69 
 2602      68CCB929 
 2603 0782 57D803AC 		.ascii	"W\330\003\254h\320\226\350Zl\214\332\274NB\343/]\023"
 2603      68D096E8 
 2603      5A6C8CDA 
 2603      BC4E42E3 
 2603      2F5D13
 2604 0795 11D765FE 		.ascii	"\021\327e\376\002\256\273\330\220\371\257\011\316ai"
 2604      02AEBBD8 
 2604      90F9AF09 
 2604      CE6169
 2605 07a4 6E4AE725 		.ascii	"nJ\347%\177\005\360\267\004\327I\036\252\314\353\035"
 2605      7F05F0B7 
 2605      04D7491E 
 2605      AACCEB1D 
 2606 07b4 DF22C88F 		.ascii	"\337\"\310\217\235D'4G\245\353\240\301|>C\365c\271\346"
 2606      9D442734 
 2606      47A5EBA0 
 2606      C17C3E43 
 2606      F563B9E6 
 2607 07c8 F963079C 		.ascii	"\371c\007\234#\235\202\363"
 2607      239D82F3 
 2608 07d0 BE007E00 		.ascii	"\276\000~\000\376\000\201\000\301\000\241\000a\000\341"
 2608      FE008100 
 2608      C100A100 
 2608      6100E1
 2609 07df 1AB4752A 		.ascii	"\032\264u*#\215\333q\360\233\004\020\015p\032\340\014"
 2609      238DDB71 
 2609      F09B0410 
 2609      0D701AE0 
 2609      0C
 2610 07f0 40024022 		.ascii	"@\002@\"m\023 \012 F\203y(\235o\320\3711\365\315t\256"
 2610      6D13200A 
ARM GAS  /tmp/ccU7h4Da.s 			page 212


 2610      20468379 
 2610      289D6FD0 
 2610      F931F5CD 
 2611 0806 46FD119D 		.ascii	"F\375\021\235[\321\361H\347\266K6l\316A\207\371\245"
 2611      5BD1F148 
 2611      E7B64B36 
 2611      6CCE4187 
 2611      F9A5
 2612 0818 65DFFD03 		.ascii	"e\337\375\003\357?j\177bnD\307\343\237\021\264\307\377"
 2612      EF3F6A7F 
 2612      626E44C7 
 2612      E39F11B4 
 2612      C7FF
 2613 082a 695FFE3D 		.ascii	"i_\376=1\257i\3218n+O\022\363#\272\246\376H\203\375"
 2613      31AF69D1 
 2613      386E2B4F 
 2613      12F323BA 
 2613      A6FE4883 
 2614 083f 4FFB8FAE 		.ascii	"O\373\217\256\263\257j\314}\274\006\307\21758>\234l"
 2614      B3AF6ACC 
 2614      7DBC06C7 
 2614      8F35383E 
 2614      9C6C
 2615 0851 F4ED9B92 		.ascii	"\364\355\233\222\\\211\366\337wx\337\322\265/:\266W"
 2615      5C89F6DF 
 2615      7778DFD2 
 2615      B52F3AB6 
 2615      57
 2616 0862 798E44D7 		.ascii	"y\216D\327\316\225r$\312x\370\0269\222\013\350\361/"
 2616      CE957224 
 2616      CA78F816 
 2616      39920BE8 
 2616      F12F
 2617 0874 15C600D5 		.ascii	"\025\306\000\325\031\325\035\325\2518\236\333\377\010"
 2617      19D51DD5 
 2617      A9389EDB 
 2617      FF08
 2618 0882 E3C196CE 		.ascii	"\343\301\226\316,u$\352\231\352J\200\212\253\004\307"
 2618      2C7524EA 
 2618      99EA4A80 
 2618      8AAB04C7 
 2619 0892 8C0A8E13 		.ascii	"\214\012\216\023\324\266\347/\242\216\336\344z\242\343"
 2619      D4B6E72F 
 2619      A28EDEE4 
 2619      7AA2E3
 2620 08a1 81EAC77E 		.ascii	"\201\352\307~\013\375P?qf\013\375\274\250\3039\2204"
 2620      0BFD503F 
 2620      71660BFD 
 2620      BCA8C339 
 2620      9034
 2621 08b3 FE51FD50 		.ascii	"\376Q\375P[\177\237\217\213\363\334>\251\212\350\375"
 2621      5B7F9F8F 
 2621      8BF3DC3E 
 2621      A98AE8FD 
 2622 08c3 8B0B36EC 		.ascii	"\213\0136\3545\212\010\303\336\011\217\034C\211\260"
 2622      358A08C3 
 2622      DE098F1C 
ARM GAS  /tmp/ccU7h4Da.s 			page 213


 2622      4389B0
 2623 08d2 CD20A8A1 		.ascii	"\315 \250\241\030\331Z\322b\200\342\016\203\360\005"
 2623      18D95AD2 
 2623      6280E20E 
 2623      83F005
 2624 08e1 28265FEF 		.ascii	"(&_\357\362\026\360\352SPL\252\033}\225\250\004Z\357"
 2624      F216F0EA 
 2624      53504CAA 
 2624      1B7D95A8 
 2624      045AEF
 2625 08f4 F1B58BF3 		.ascii	"\361\265\213\363.\304\236\035\257\235<\345\260+\317"
 2625      2EC49E1D 
 2625      AF9D3CE5 
 2625      B02BCF
 2626 0903 887FBABF 		.ascii	"\210\177\272\277\267\023.\011\304\334\302\374\361\023"
 2626      B7132E09 
 2626      C4DCC2FC 
 2626      F113
 2627 0911 B58EE42F 		.ascii	"\265\216\344/\030fCxG\236\375\366\223\034\325(\010\314"
 2627      18664378 
 2627      479EFDF6 
 2627      931CD528 
 2627      08CC
 2628 0923 E3D50844 		.ascii	"\343\325\010D\250\025\266\013\325\302.^g\274;\355\201"
 2628      A815B60B 
 2628      D5C22E5E 
 2628      67BC3BED 
 2628      81
 2629 0934 8363A0D1 		.ascii	"\203c\240\321\350mL\3621\352\337d\227+\204\027\205r"
 2629      E86D4CF2 
 2629      31EADF64 
 2629      972B8417 
 2629      8572
 2630 0946 017CBA50 		.ascii	"\001|\272P'8\"^\336\346\2358\027d\327(@\2716k\355\201"
 2630      2738225E 
 2630      DEE69D38 
 2630      1764D728 
 2630      40B9366B 
 2631 095c 8AFC0D6B 		.ascii	"\212\374\015k\253z\363t\265\032y\327A\361Tv\355\023"
 2631      AB7AF374 
 2631      B51A79D7 
 2631      41F15476 
 2631      ED13
 2632 096e 4744ADA1 		.ascii	"GD\255\241\227+\375\326/\331C\371O\015\002\275\375\345"
 2632      972BFDD6 
 2632      2FD943F9 
 2632      4F0D02BD 
 2632      FDE5
 2633 0980 02A79AE6 		.ascii	"\002\247\232\346g{\004<E1\262RO\246h\311\017\331q\354"
 2633      677B043C 
 2633      4531B252 
 2633      4FA668C9 
 2633      0FD971EC 
 2634 0994 484EB2A3 		.ascii	"HN\262\243\301\337\304\220\235\211\033\241E`5\200y\241"
 2634      C1DFC490 
 2634      9D891BA1 
 2634      45603580 
ARM GAS  /tmp/ccU7h4Da.s 			page 214


 2634      79A1
 2635 09a6 19CE35C1 		.ascii	"\031\3165\3019\250\020\026RtK\205\315}\036\212\367f"
 2635      39A81016 
 2635      52744B85 
 2635      CD7D1E8A 
 2635      F766
 2636 09b8 DB8EA9C8 		.ascii	"\333\216\251\310O)-\222\030\267\320\351\000\230\202"
 2636      4F292D92 
 2636      18B7D0E9 
 2636      009882
 2637 09c7 0120C6A8 		.ascii	"\001 \306\250\023:\004\203\035'\335e/!m\307\256\010"
 2637      133A0483 
 2637      1D27DD65 
 2637      2F216DC7 
 2637      AE08
 2638 09d9 57A0D809 		.ascii	"W\240\330\011\305\030# \335\337\334\374\257\315\377"
 2638      C5182320 
 2638      DDDFDCFC 
 2638      AFCDFF
 2639 09e8 62178054 		.ascii	"b\027\200Tt\302\330\262^\330\271}g\012\255^\323\024"
 2639      74C2D8B2 
 2639      5ED8B97D 
 2639      670AAD5E 
 2639      D314
 2640 09fa FB4AE5DA 		.ascii	"\373J\345\332\2241\263Y\240\010B;pv\025\024\327f\242"
 2640      9431B359 
 2640      A008423B 
 2640      70761514 
 2640      D766A2
 2641 0a0d B7EB45A1 		.ascii	"\267\353E\241\025.t\013;\205\327\241\314:\002\3441\012"
 2641      152E740B 
 2641      3B85D7A1 
 2641      CC3A02E4 
 2641      310A
 2642 0a1f 6A69AB57 		.ascii	"ji\253W\261/\204.a'\355\217\024\212U3\\i\2105\372\277"
 2642      B12F842E 
 2642      6127ED8F 
 2642      148A5533 
 2642      5C698835 
 2643 0a35 21FCDA80 		.ascii	"!\374\332\200\010\025\022\242\360\037%\007r\372]\016"
 2643      081512A2 
 2643      F01F2507 
 2643      72FA5D0E 
 2644 0a45 AB7042A5 		.ascii	"\253pB\245\253$\366\263\003\355\247\255\361N,\301\242"
 2644      AB24F6B3 
 2644      03EDA7AD 
 2644      F14E2CC1 
 2644      A2
 2645 0a56 03142BBA 		.ascii	"\003\024+\272\342\374\235\311I\201i%(>\277RC\265B\025"
 2645      E2FC9DC9 
 2645      49816925 
 2645      283EBF52 
 2645      43B54215 
 2646 0a6a C3457511 		.ascii	"\303Eu\021\006@N\252\242\001QEa>\205\344\025;\241\007"
 2646      06404EAA 
 2646      A2015145 
 2646      613E85E4 
ARM GAS  /tmp/ccU7h4Da.s 			page 215


 2646      153BA107 
 2647 0a7e D0AEB1D6 		.ascii	"\320\256\261\326\351\025\241\037\212}L\361$6\346~\265"
 2647      E915A11F 
 2647      8A7D4CF1 
 2647      2436E67E 
 2647      B5
 2648 0a8f 46D8BE73 		.ascii	"F\330\276s\247\202p\203\\\270\033&\341@q\033\025/D\370"
 2648      A7827083 
 2648      5CB81B26 
 2648      E140711B 
 2648      152F44F8 
 2649 0aa3 24256B29 		.ascii	"$%k)5\241\027\324F\261\256\233\332\340j\273\311\325"
 2649      35A117D4 
 2649      46B1AE9B 
 2649      DAE06ABB 
 2649      C9D5
 2650 0ab5 860A69AC 		.ascii	"\206\012i\254\244l\276!|\305\200D{$\350&\205\220c\023"
 2650      A46CBE21 
 2650      7CC58044 
 2650      7B24E826 
 2650      85906313 
 2651 0ac9 57DB1C85 		.ascii	"W\333\034\205\235;vb\245\301\357\304\032k|\265T\203"
 2651      9D3B7662 
 2651      A5C1EFC4 
 2651      1A6B7CB5 
 2651      5483
 2652 0adb 76C2B0B0 		.ascii	"v\302\260\260\303\226\032\303m3N\261)\343\267\200\213"
 2652      C3961AC3 
 2652      6D334EB1 
 2652      29E3B780 
 2652      8B
 2653 0aec 2169CFD4 		.ascii	"!i\317\324q\232\203[\320\004m\367\016\235M\342}\241"
 2653      719A835B 
 2653      D0046DF7 
 2653      0E9D4DE2 
 2653      7DA1
 2654 0afe 8162CD48 		.ascii	"\201b\315H\310*\355\213\227\300\376\005\211\361\277"
 2654      C82AED8B 
 2654      97C0FE05 
 2654      89F1BF
 2655 0b0d C48D3F31 		.ascii	"\304\215?1\263\301\211\234b}#\334\355\254)v@\3537\236"
 2655      B3C1899C 
 2655      627D23DC 
 2655      EDAC2976 
 2655      40EB379E 
 2656 0b21 3592E7ED 		.ascii	"5\222\347\355\204\257\275(\274\006\266?.\260\012\224"
 2656      84AFBD28 
 2656      BC06B63F 
 2656      2EB00A94 
 2657 0b31 AD316874 		.ascii	"\2551ht\024m\177\341\316\224\2173I\300~m\256\231\331"
 2657      146D7FE1 
 2657      CE948F33 
 2657      49C07E6D 
 2657      AE99D9
 2658 0b44 7434F7AB 		.ascii	"t4\367\253N\230b]\012\304\236b\207H\325'\014r?N\325"
 2658      4E98625D 
 2658      0AC49E62 
ARM GAS  /tmp/ccU7h4Da.s 			page 216


 2658      8748D527 
 2658      0C723F4E 
 2659 0b59 8E9D1726 		.ascii	"\216\235\027&\241\306\035$(:\251\035\350\244:6\303\346"
 2659      A1C61D24 
 2659      283AA91D 
 2659      E8A43A36 
 2659      C3E6
 2660 0b6b 35241979 		.ascii	"5$\031y+\232>\323\340L\322\260\261\312\340\270\373\316"
 2660      2B9A3ED3 
 2660      E04CD2B0 
 2660      B1CAE0B8 
 2660      FBCE
 2661 0b7d 6C5CC13F 		.ascii	"l\\\301?N\271FJ\371\036\245<\007WgM\003\212\260\223"
 2661      4EB9464A 
 2661      F91EA53C 
 2661      0757674D 
 2661      038AB093 
 2662 0b91 94B37B6C 		.ascii	"\224\263{lPi\256\334(xZ\330\011\177\333\3218:*^\360"
 2662      5069AEDC 
 2662      28785AD8 
 2662      097FDBD1 
 2662      383A2A5E 
 2663 0ba6 61C601D7 		.ascii	"a\306\001\327\205\273 \361\"\364\366\264\300)\202mL"
 2663      85BB20F1 
 2663      22F4F6B4 
 2663      C029826D 
 2663      4C
 2664 0bb7 C0F9FB32 		.ascii	"\300\371\3732\333\230\254\320FS\333x\011Z\243\330_3"
 2664      DB98ACD0 
 2664      4653DB78 
 2664      095AA3D8 
 2664      5F33
 2665 0bc9 21F3FE40 		.ascii	"!\363\376@\312\303\"e\020X\270\315)\277aMxD0U\351\376"
 2665      CAC32265 
 2665      1058B8CD 
 2665      29BF614D 
 2665      78443055 
 2666 0bdf EB6863E0 		.ascii	"\353hc\340\033\254\302\214r\205iA\034\335F\037\346f"
 2666      1BACC28C 
 2666      72856941 
 2666      1CDD461F 
 2666      E666
 2667 0bf1 4D1C2C72 		.ascii	"M\034,r\363\237\007\254\005\200\007hI\240\310\261k\251"
 2667      F39F07AC 
 2667      05800768 
 2667      49A0C8B1 
 2667      6BA9
 2668 0c03 C56A9285 		.ascii	"\305j\222\205Z\275P5x\302\231\366\270\221;`\030\320"
 2668      5ABD5035 
 2668      78C299F6 
 2668      B8913B60 
 2668      18D0
 2669 0c15 66B35AA2 		.ascii	"f\263Z\242Z\204\346v\261\336\311\235_\252\240\236\364"
 2669      5A84E676 
 2669      B1DEC99D 
 2669      5FAAA09E 
 2669      F4
ARM GAS  /tmp/ccU7h4Da.s 			page 217


 2670 0c26 1583F05F 		.ascii	"\025\203\360_\022Cz\005\015\351\270o\346\011\007R\210"
 2670      12437A05 
 2670      0DE9B86F 
 2670      E6090752 
 2670      88
 2671 0c37 64472203 		.ascii	"dG\"\003\352\265hH\205>\306\247\275^\267\023\032\201"
 2671      EAB56848 
 2671      853EC6A7 
 2671      BD5EB713 
 2671      1A81
 2672 0c49 EA65EA47 		.ascii	"\352e\352G\037\011\254\016en\005\316-c\327\207f\265"
 2672      1F09AC0E 
 2672      656E05CE 
 2672      2D63D787 
 2672      66B5
 2673 0c5b A609DBC2 		.ascii	"\246\011\333\302(#P\343{\317\013\253 \242X\307NX\023"
 2673      282350E3 
 2673      7BCF0BAB 
 2673      20A258C7 
 2673      4E5813
 2674 0c6e B6213B4C 		.ascii	"\266!;L\204\315\270\314e'R\366YDx\302Ex\215\265\342"
 2674      84CDB8CC 
 2674      652752F6 
 2674      594478C2 
 2674      45788DB5 
 2675 0c83 3F9756E3 		.ascii	"?\227V\343\210\255\300\177\337S\263\341nne\235\266\362"
 2675      88ADC07F 
 2675      DF53B3E1 
 2675      6E6E659D 
 2675      B6F2
 2676 0c95 446C25B2 		.ascii	"Dl%\262<\260AGj\260\025\357\353\271\027\234\321\341"
 2676      3CB04147 
 2676      6AB015EF 
 2676      EBB9179C 
 2676      D1E1
 2677 0ca7 112836F6 		.ascii	"\021(6\3666\266\352\024\0335\252\260\321M\224\355li"
 2677      36B6EA14 
 2677      1B35AAB0 
 2677      D14D94ED 
 2677      6C69
 2678 0cb9 5E268D5E 		.ascii	"^&\215^_\241!\210HT\367\025T\335\245\2237&\015\244\011"
 2678      5FA12188 
 2678      4854F715 
 2678      54DDA593 
 2678      37260DA4 
 2679 0cce 1BBA9ABC 		.ascii	"\033\272\232\274\344\357b\340>\320\250\221\370@\301"
 2679      E4EF62E0 
 2679      3ED0A891 
 2679      F840C1
 2680 0cdd 47C5AA50 		.ascii	"G\305\252P\315y\253^\024\274T\214\372\311\241\202 '"
 2680      CD79AB5E 
 2680      14BC548C 
 2680      FAC9A182 
 2680      2027
 2681 0cef B34C2AC1 		.ascii	"\263L*\301W%\225\351\230j\0332\304djn\277\225\245!]"
 2681      572595E9 
 2681      986A1B32 
ARM GAS  /tmp/ccU7h4Da.s 			page 218


 2681      C4646A6E 
 2681      BF95A521 
 2682 0d04 BC976252 		.ascii	"\274\227bROkQ&{z\355I\364)\225\242L\376\\\246\343\330"
 2682      4F6B5126 
 2682      7B7AED49 
 2682      F42995A2 
 2682      4CFE5CA6 
 2683 0d1a AAFFAD53 		.ascii	"\252\377\255S\261\022M\012\314$\315\255\006\320V\375"
 2683      B1124D0A 
 2683      CC24CDAD 
 2683      06D056FD 
 2684 0d2a 79AB9AB4 		.ascii	"y\253\232\264\264\266o\012;\350P\013\347\035l\024\236"
 2684      B4B66F0A 
 2684      3BE8500B 
 2684      E71D6C14 
 2684      9E
 2685 0d3b B793A007 		.ascii	"\267\223\240\007\252\320\347\205\250v\012\301\000A\000"
 2685      AAD0E785 
 2685      A8760AC1 
 2685      004100
 2686 0d4a A12AA9EF 		.ascii	"\241*\251\357\373\033/\346\373\240\207\204\307`@\264"
 2686      FB1B2FE6 
 2686      FBA08784 
 2686      C76040B4 
 2687 0d5a 82B9BA74 		.ascii	"\202\271\272t\270\001\362\332w\000\331[KE\0276>\015"
 2687      B801F2DA 
 2687      7700D95B 
 2687      4B451736 
 2687      3E0D
 2688 0d6c 7981227B 		.ascii	"y\201\"{i)\307\202\237\352S\220[\377&\316X\023\375["
 2688      6929C782 
 2688      9FEA5390 
 2688      5BFF26CE 
 2688      5813FD5B 
 2689 0d80 6A8EC243 		.ascii	"j\216\302Ce\312QD\275~f\341\242A\340\316\005j\366Vi"
 2689      65CA5144 
 2689      BD7E66E1 
 2689      A241E0CE 
 2689      056AF656 
 2690 0d95 B12A54B1 		.ascii	"\261*T\261\023\302U\333%\365\360\177s+c\334\321\203"
 2690      13C255DB 
 2690      25F5F07F 
 2690      732B63DC 
 2690      D183
 2691 0da7 8F47540B 		.ascii	"\217GT\013G_!\230Q\301MP\356\027iL\240\250V\036\350"
 2691      475F2198 
 2691      51C14D50 
 2691      EE17694C 
 2691      A0A8561E 
 2692 0dbc 24EF22A6 		.ascii	"$\357\"\246\361z T\311\010Q\\\252\361\223\240\3510\200"
 2692      F17A2054 
 2692      C908515C 
 2692      AAF193A0 
 2692      E93080
 2693 0dcf 132AD13F 		.ascii	"\023*\321?\214\336\351\330Kz\321B\306#b+u\333m\222\020"
 2693      8CDEE9D8 
 2693      4B7AD142 
ARM GAS  /tmp/ccU7h4Da.s 			page 219


 2693      C623622B 
 2693      75DB6D92 
 2694 0de4 224059CA 		.ascii	"\"@Y\312T\362\316\007\307\331\243m=\017\305\326\256"
 2694      54F2CE07 
 2694      C7D9A36D 
 2694      3D0FC5D6 
 2694      AE
 2695 0df5 85FB6256 		.ascii	"\205\373bVF\243P\330\315\325J\0072\312ZQ\257\305\034"
 2695      46A350D8 
 2695      CDD54A07 
 2695      32CA5A51 
 2695      AFC51C
 2696 0e08 ABB3075D 		.ascii	"\253\263\007]\211\351\315J\345\316\034Ho\214\341\317"
 2696      89E9CD4A 
 2696      E5CE1C48 
 2696      6F8CE1CF 
 2697 0e18 D30C5088 		.ascii	"\323\014P\210\202\206beZ@\021*\314\336r\354\317Qc\024"
 2697      82866265 
 2697      5A40112A 
 2697      CCDE72EC 
 2697      CF516314 
 2698 0e2c BD4AB08D 		.ascii	"\275J\260\215n\245\214\3230\206N\2015\263\2744\226K"
 2698      6EA58CD3 
 2698      30864E81 
 2698      35B3BC34 
 2698      964B
 2699 0e3e 120752C4 		.ascii	"\022\007R\304\000DK\255o#\353%\250\351\357\343(D\002"
 2699      00444BAD 
 2699      6F23EB25 
 2699      A8E9EFE3 
 2699      284402
 2700 0e51 5A034737 		.ascii	"Z\003G7+S\032~W\332Ga\234zc\366\034\022\023p\323a\273"
 2700      2B531A7E 
 2700      57DA4761 
 2700      9C7A63F6 
 2700      1C121370 
 2701 0e68 ED56E355 		.ascii	"\355V\343U\212\255B\315\322{I\027\355\245\231q\202L"
 2701      8AAD42CD 
 2701      D27B4917 
 2701      EDA59971 
 2701      824C
 2702 0e7a A4332A9A 		.ascii	"\2443*\232\031\323\037\352\0016S{\364\34446YZ\225zV"
 2702      19D31FEA 
 2702      0136537B 
 2702      F4E43436 
 2702      595A957A 
 2703 0e8f 4B62B190 		.ascii	"Kb\261\220;\324pBg\225\207'A\313\311*i\036^\330\220"
 2703      3BD47042 
 2703      67958727 
 2703      41CBC92A 
 2703      691E5ED8 
 2704 0ea4 586EC2F3 		.ascii	"Xn\302\363U\306\013\236:\223\354$\345*E\306\325Y\025"
 2704      55C60B9E 
 2704      3A93EC24 
 2704      E52A45C6 
 2704      D55915
 2705 0eb7 CFD77BB3 		.ascii	"\317\327{\263FB\035I&g\342f\375\260\226\224`\341\374"
ARM GAS  /tmp/ccU7h4Da.s 			page 220


 2705      46421D49 
 2705      2667E266 
 2705      FDB09694 
 2705      60E1FC
 2706 0eca C392740D 		.ascii	"\303\222t\015\251\304\302\332\271\360\021\275\025{\351"
 2706      A9C4C2DA 
 2706      B9F011BD 
 2706      157BE9
 2707 0ed9 D06C86AC 		.ascii	"\320l\206\254\331\320\242\213\217\365\244\025+=J\235"
 2707      D9D0A28B 
 2707      8FF5A415 
 2707      2B3D4A9D 
 2708 0ee9 336AAD2A 		.ascii	"3j\255*eZUz|&\257L\306k\226\214\327l\316+)\317\271H"
 2708      655A557A 
 2708      7C26AF4C 
 2708      C66B968C 
 2708      D76CCE2B 
 2709 0f01 3337D1F8 		.ascii	"37\321\3706\007_\313\333@\343\003q\204D\240\233k=\004"
 2709      36075FCB 
 2709      DB40E303 
 2709      718444A0 
 2709      9B6B3D04 
 2710 0f15 E5C6A496 		.ascii	"\345\306\244\226\204\267T^\201vk\016ti\236J\222\177"
 2710      84B7545E 
 2710      81766B0E 
 2710      74699E4A 
 2710      927F
 2711 0f27 CEE569D1 		.ascii	"\316\345i\321P\241u!\3156if\326\300\177\304\361\273"
 2711      50A17521 
 2711      CD366966 
 2711      D6C07FC4 
 2711      F1BB
 2712 0f39 171CC832 		.ascii	"\027\034\3102\012}\363\306\3000\331n\273\305|\333-\012"
 2712      0A7DF3C6 
 2712      C030D96E 
 2712      BBC57CDB 
 2712      2D0A
 2713 0f4b 05AAED34 		.ascii	"\005\252\3554\301[\012\2153\340@\244\266\222x|\302I"
 2713      C15B0A8D 
 2713      33E040A4 
 2713      B692787C 
 2713      C249
 2714 0f5d D1C71771 		.ascii	"\321\307\027q\037_\210>\376B\343T\032\2373:A\261>\254"
 2714      1F5F883E 
 2714      FE42E354 
 2714      1A9F333A 
 2714      41B13EAC 
 2715 0f71 A6568B63 		.ascii	"\246V\213cx\212^\276\376\250j\315\221x\021\226\221y"
 2715      788A5EBE 
 2715      FEA86ACD 
 2715      91781196 
 2715      9179
 2716 0f83 05AE0D10 		.ascii	"\005\256\015\020yF&\313 K\200\311RJ\376<\330\377\005"
 2716      794626CB 
 2716      204B80C9 
 2716      524AFE3C 
 2716      D8FF05
ARM GAS  /tmp/ccU7h4Da.s 			page 221


 2717 0f96 D58B2C11 		.ascii	"\325\213,\021\243'09\373/"
 2717      A3273039 
 2717      FB2F
 2718 0fa0 764CB393 		.ascii	"vL\263\223\242\213\336\016\322\270\002\347\205b\250"
 2718      A28BDE0E 
 2718      D2B802E7 
 2718      8562A8
 2719 0faf 734E4539 		.ascii	"sNE9\274H\343J\221\030\315\374'\226\252L\371\252\357"
 2719      BC48E34A 
 2719      9118CDFC 
 2719      2796AA4C 
 2719      F9AAEF
 2720 0fc2 56AD0172 		.ascii	"V\255\001r\370\251\276B\"\245\\\266\005\345\252\351"
 2720      F8A9BE42 
 2720      22A55CB6 
 2720      05E5AAE9 
 2721 0fd2 892E67A9 		.ascii	"\211.g\251\361\224Cx0+\252\002\207_\005\033~\211\315"
 2721      F1944378 
 2721      302BAA02 
 2721      875F051B 
 2721      7E89CD
 2722 0fe5 378775A8 		.ascii	"7\207u\250\246\027\240\270<\3279\344\242\250\342*\256"
 2722      A617A0B8 
 2722      3CD739E4 
 2722      A2A8E22A 
 2722      AE
 2723 0ff6 E24A646A 		.ascii	"\342Jdj\"\275\365\023\254\372"
 2723      22BDF513 
 2723      ACFA
 2724 1000 229DBBC6 		.ascii	"\"\235\273\306\00679\241\206\373\251\227\274w\303\267"
 2724      063739A1 
 2724      86FBA997 
 2724      BC77C3B7 
 2725 1010 41B05446 		.ascii	"A\260TF5\260|\211\261\\CY\256b,\323c\2500\235VZ\242"
 2725      35B07C89 
 2725      B15C4359 
 2725      AE622CD3 
 2725      63A8309D 
 2726 1027 477AFDCE 		.ascii	"Gz\375\316Pn\251\233\334\340s\343\233l^\036\225\226"
 2726      506EA99B 
 2726      DCE073E3 
 2726      9B6C5E1E 
 2726      9596
 2727 1039 ACC70646 		.ascii	"\254\307\006F\350\344`yj&U\305\361\251(\331\025\323"
 2727      E8E46079 
 2727      6A2655C5 
 2727      F1A928D9 
 2727      15D3
 2728 104b D1BC6CA4 		.ascii	"\321\274l\244\363:\257\301\3404{>\357\246\023\273\014"
 2728      F33AAFC1 
 2728      E0347B3E 
 2728      EFA613BB 
 2728      0C
 2729 105c DF8A013D 		.ascii	"\337\212\001=\361c]n\232Yl\3433\213\336\316\307\311"
 2729      F1635D6E 
 2729      9A596CE3 
 2729      338BDECE 
ARM GAS  /tmp/ccU7h4Da.s 			page 222


 2729      C7C9
 2730 106e 6A45C15B 		.ascii	"jE\301[\270\340\315(\370l\340z\224\213\245h\215 \332"
 2730      B8E0CD28 
 2730      F86CE07A 
 2730      948BA568 
 2730      8D20DA
 2731 1081 65265A2B 		.ascii	"e&Z+\025\255E\354\215\372\231\271\263\334\206\375)\233"
 2731      15AD45EC 
 2731      8DFA99B9 
 2731      B3DC86FD 
 2731      299B
 2732 1093 E7C32EF8 		.ascii	"\347\303.\370q\261\272\350\365\316{\227\216i8\233T\254"
 2732      71B1BAE8 
 2732      F5CE7B97 
 2732      8E69389B 
 2732      54AC
 2733 10a5 E6730989 		.ascii	"\346s\011\211\366$\004\331\274\0321x\213\353\344[t$"
 2733      F62404D9 
 2733      BC1A3178 
 2733      8BEBE45B 
 2733      7424
 2734 10b7 6DCE4EF0 		.ascii	"m\316N\360Dn\007\325Xc\334$Wy\022\025b\346d[\271\023"
 2734      446E07D5 
 2734      5863DC24 
 2734      57791215 
 2734      62E6645B 
 2735 10cd 89C4AAA7 		.ascii	"\211\304\252\247b'\237'Ix\234\023p\355\023\222\216\307"
 2735      62279F27 
 2735      49789C13 
 2735      70ED1392 
 2735      8EC7
 2736 10df 2905BD45 		.ascii	")\005\275E\032\333\253\004=*[\253\0041\031\353]\204"
 2736      1ADBAB04 
 2736      3D2A5BAB 
 2736      043119EB 
 2736      5D84
 2737 10f1 1463EDC6 		.ascii	"\024c\355\306\023\276\301\006R\216\205\201\305\364\213"
 2737      13BEC106 
 2737      528E8581 
 2737      C5F48B
 2738 1100 0EB649F5 		.ascii	"\016\266I\365\331$U\265\\y\331\2314b\355\273\2239\275"
 2738      D92455B5 
 2738      5C79D999 
 2738      3462EDBB 
 2738      9339BD
 2739 1113 2AD28905 		.ascii	"*\322\211\005\337\3431-*+\3078\010Tn\310\034c\361f\226"
 2739      DFE3312D 
 2739      2A2BC738 
 2739      08546EC8 
 2739      1C63F166 
 2740 1128 1F2103BC 		.ascii	"\037!\003\274\322R\342\262\306\252\322M\253J\247s\256"
 2740      D252E2B2 
 2740      C6AAD24D 
 2740      AB4AA773 
 2740      AE
 2741 1139 24E8A403 		.ascii	"$\350\244\003bH\346\271\206E\317_\024yuSK\306\220\370"
 2741      6248E6B9 
ARM GAS  /tmp/ccU7h4Da.s 			page 223


 2741      8645CF5F 
 2741      14797553 
 2741      4BC690F8 
 2742 114d A3A1D42B 		.ascii	"\243\241\324+\326\376\375\026\020\037\221\021\357,\272"
 2742      D6FEFD16 
 2742      101F9111 
 2742      EF2CBA
 2743 115c E6E54C1E 		.ascii	"\346\345L\036`\245\274\226\353#\304\252\322\250U\245"
 2743      60A5BC96 
 2743      EB23C4AA 
 2743      D2A855A5 
 2744 116c A2F58BBD 		.ascii	"\242\365\213\275.R\216\306d\034\215\213\034%G\304\244"
 2744      2E528EC6 
 2744      641C8D8B 
 2744      1C2547C4 
 2744      A4
 2745 117d 39126F35 		.ascii	"9\022o5%\256\215\274?\335\241\242\253\006;\371\302\201"
 2745      25AE8DBC 
 2745      3FDDA1A2 
 2745      AB063BF9 
 2745      C281
 2746 118f E84DAF82 		.ascii	"\350M\257\202\351u\321\260L\271\273\315\275\351\024"
 2746      E975D1B0 
 2746      4CB9BBCD 
 2746      BDE914
 2747 119e 78D36980 		.ascii	"x\323i\200;\000\223\0003R_\336\031@\002\316\206\206"
 2747      3B009300 
 2747      33525FDE 
 2747      194002CE 
 2747      8686
 2748 11b0 1893BCC1 		.ascii	"\030\223\274\301\025\202\361^\343\025\315,\\\266LS\326"
 2748      1582F15E 
 2748      E315CD2C 
 2748      5CB64C53 
 2748      D6
 2749 11c1 328831F5 		.ascii	"2\2101\3655\241\037\260{\025\260\315\223\306\336\014"
 2749      35A11FB0 
 2749      7B15B0CD 
 2749      93C6DE0C 
 2750 11d1 7B8C1520 		.ascii	"{\214\025 \011\313\201n\333\016C\210=\203\244\241\037"
 2750      09CB816E 
 2750      DB0E4388 
 2750      3D83A4A1 
 2750      1F
 2751 11e2 8401DBB8 		.ascii	"\204\001\333\270\022>\206\243\267\235\36516\377\226"
 2751      123E86A3 
 2751      B79DF531 
 2751      36FF96
 2752 11f1 F13D6185 		.ascii	"\361=a\205n\316\227\350X\313\213\375x\273mU\215~\272"
 2752      6ECE97E8 
 2752      58CB8BFD 
 2752      78BB6D55 
 2752      8D7EBA
 2753 1204 AA80407B 		.ascii	"\252\200@{I\374\2303\271\310\364/\324OO\370\033H\035"
 2753      49FC9833 
 2753      B9C8F42F 
 2753      D44F4FF8 
ARM GAS  /tmp/ccU7h4Da.s 			page 224


 2753      1B481D
 2754 1217 2BA81632 		.ascii	"+\250\0262\227\253T\2028\375\036\216\331\201L\211\362"
 2754      97AB5482 
 2754      38FD1E8E 
 2754      D9814C89 
 2754      F2
 2755 1228 CE6F1176 		.ascii	"\316o\021v-\227M\204Y^\201\3622gj\373\306\332eo\027"
 2755      2D974D84 
 2755      595E81F2 
 2755      32676AFB 
 2755      C6DA656F 
 2756 123d D2896DFB 		.ascii	"\322\211m\373&\027\347\362EI\253\352\367mV\257\277p"
 2756      2617E7F2 
 2756      4549ABEA 
 2756      F76D56AF 
 2756      BF70
 2757 124f 639ABBC3 		.ascii	"c\232\273\303\327\350\204\260t\240\227/\232\032\351"
 2757      D7E884B0 
 2757      74A0972F 
 2757      9A1AE9
 2758 125e 346EE4EC 		.ascii	"4n\344\354\362E\201\014#\365\333)\367\236A\324W\350"
 2758      F245810C 
 2758      23F5DB29 
 2758      F79E41D4 
 2758      57E8
 2759 1270 C0CC1EEC 		.ascii	"\300\314\036\354q&\023x)?\367q\241AM\327\222\337w\024"
 2759      71261378 
 2759      293FF771 
 2759      A1414DD7 
 2759      92DF7714 
 2760 1284 8EAA99EF 		.ascii	"\216\252\231\357,)/v$\263x=d$5\327z\230<\002\226Ve\026"
 2760      2C292F76 
 2760      24B3783D 
 2760      642435D7 
 2760      7A983C02 
 2761 129c 5FF3F8E2 		.ascii	"_\363\370\342\015G\262\201\225\212\375+G\034\255*\255"
 2761      0D47B281 
 2761      958AFD2B 
 2761      471CAD2A 
 2761      AD
 2762 12ad 5955EAEC 		.ascii	"YU\352\354\253\354\321K\207\311c\231Z\237\210\303d\350"
 2762      ABECD14B 
 2762      87C96399 
 2762      5A9F88C3 
 2762      64E8
 2763 12bf 7C5B8613 		.ascii	"|[\206\023c\022N\011+*\306f|oA\253\356\271S\254\367"
 2763      63124E09 
 2763      2B2AC666 
 2763      7C6F41AB 
 2763      EEB953AC 
 2764 12d4 7D8C4FA9 		.ascii	"}\214O\251\204\375\317J\326\2776T\317\301\234Y\245F"
 2764      84FDCF4A 
 2764      D6BF3654 
 2764      CFC19C59 
 2764      A546
 2765 12e6 02AD4F9E 		.ascii	"\002\255O\236\234QK\033\202\313\222\2066\201*\343\012"
 2765      9C514B1B 
ARM GAS  /tmp/ccU7h4Da.s 			page 225


 2765      82CB9286 
 2765      36812AE3 
 2765      0A
 2766 12f7 50332F44 		.ascii	"P3/D\3468\220P\015\023d\245\243mJ\261\036(\232\310\252"
 2766      E6389050 
 2766      0D1364A5 
 2766      A36D4AB1 
 2766      1E289AC8 
 2767 130c 8A0BD7DB 		.ascii	"\212\013\327\333p\341z\350X9\314\321\243\220R\353\330"
 2767      70E17AE8 
 2767      5839CCD1 
 2767      A39052EB 
 2767      D8
 2768 131d F9774912 		.ascii	"\371wI\022\036O\236\363\311\322)\254@\370\022[+\020"
 2768      1E4F9EF3 
 2768      C9D229AC 
 2768      40F8125B 
 2768      2B10
 2769 132f 2537322B 		.ascii	"%72+\034H1V\217\212\212*\326\221j,\004\324\0046\030"
 2769      1C483156 
 2769      8F8A8A2A 
 2769      D6916A2C 
 2769      04D40436 
 2770 1344 C8155650 		.ascii	"\310\025VPU\027\371\307iMF\333WN\252\2167\201\023\010"
 2770      5517F9C7 
 2770      694D46DB 
 2770      574EAA8E 
 2770      37811308 
 2771 1358 7E8DAD58 		.ascii	"~\215\255X\370\003\351@\262\335\326\244\360\244\255"
 2771      F803E940 
 2771      B2DDD6A4 
 2771      F0A4AD
 2772 1367 A9AF709C 		.ascii	"\251\257p\234W\240\314\004\020\321\360Z\222\013\346"
 2772      57A0CC04 
 2772      10D1F05A 
 2772      920BE6
 2773 1376 9CC82C36 		.ascii	"\234\310,6\337\327\265\322\306{\332\252z\220\315\352"
 2773      DFD7B5D2 
 2773      C67BDAAA 
 2773      7A90CDEA 
 2774 1386 0F1B1E40 		.ascii	"\017\033\036@\276\274\216\325\363\222\026\023\0101j"
 2774      BEBC8ED5 
 2774      F3921613 
 2774      08316A
 2775 1395 596134B7 		.ascii	"Ya4\267.@K|\261P~\275-\305\231g\003\264|o0\350\202@"
 2775      2E404B7C 
 2775      B1507EBD 
 2775      2DC59967 
 2775      03B47C6F 
 2776 13ad 02F0A2DF 		.ascii	"\002\360\242\337D\336:!'\260\320\330\335\262 X\031["
 2776      44DE3A21 
 2776      27B0D0D8 
 2776      DDB22058 
 2776      195B
 2777 13bf 38341E41 		.ascii	"84\036A\244\306\026p)\377\000I\300:\3053\027\232\254"
 2777      A4C61670 
 2777      29FF0049 
ARM GAS  /tmp/ccU7h4Da.s 			page 226


 2777      C03AC533 
 2777      179AAC
 2778 13d2 F3F448AB 		.ascii	"\363\364H\253:#\245Ob\005i\377\237\"R\003=M\270\201"
 2778      3A23A54F 
 2778      620569FF 
 2778      9F225203 
 2778      3D4DB881 
 2779 13e6 4E352FDF 		.ascii	"N5/\337\326\221<$\276\334\022\225\343D\212\261\020\034"
 2779      D6913C24 
 2779      BEDC1295 
 2779      E3448AB1 
 2779      101C
 2780 13f8 349A6A6F 		.ascii	"4\232jo;\206F\023\0331T\335|f\364\273\222\371fg?\351"
 2780      3B864613 
 2780      1B3154DD 
 2780      7C66F4BB 
 2780      92F96667 
 2781 140e A8E79E1C 		.ascii	"\250\347\236\034\232c3\310x\262\225\003\335\210\347"
 2781      9A6333C8 
 2781      78B29503 
 2781      DD88E7
 2782 141d 0E348618 		.ascii	"\0164\206\030 k\260D7\273r\231\343\014#\230Z3\305\305"
 2782      206BB044 
 2782      37BB7299 
 2782      E30C2398 
 2782      5A33C5C5 
 2783 1431 F35E4B20 		.ascii	"\363^K ;\205X\2008\"\235'\304s_H\331\241\276\320\006"
 2783      3B855880 
 2783      38229D27 
 2783      C4735F48 
 2783      D9A1BED0 
 2784 1446 3BDC3F2F 		.ascii	";\334?/\205T\0159n\267\335N\244r;41\252\214\237u\"\363"
 2784      85540D39 
 2784      6EB7DD4E 
 2784      A4723B34 
 2784      31AA8C9F 
 2785 145d 4C879AB4 		.ascii	"L\207\232\264\331\265U\201\316\202v\362\025\354\225"
 2785      D9B55581 
 2785      CE8276F2 
 2785      15EC95
 2786 146c 619278B6 		.ascii	"a\222x\266\333\310\224r\006h\234\004Z\311\360+\022W"
 2786      DBC89472 
 2786      06689C04 
 2786      5AC9F02B 
 2786      1257
 2787 147e 9A0899E6 		.ascii	"\232\010\231\346\267\324\177%\363\306\223\240\341\263"
 2787      B7D47F25 
 2787      F3C693A0 
 2787      E1B3
 2788 148c 002900A9 		.ascii	"\000)\000\251RA7bw\2442A\3013\206\362\026l\005\"\036"
 2788      52413762 
 2788      77A43241 
 2788      C13386F2 
 2788      166C0522 
 2789 14a1 2262B721 		.ascii	"\"b\267!\266\027\250\345\204\025\272U\274\035|\021#"
 2789      B617A8E5 
 2789      8415BA55 
ARM GAS  /tmp/ccU7h4Da.s 			page 227


 2789      BC1D7C11 
 2789      23
 2790 14b2 28EDA544 		.ascii	"(\355\245D\005\352\342t\25304\346\252\323v\333\242\254"
 2790      05EAE274 
 2790      AB3034E6 
 2790      AAD376DB 
 2790      A2AC
 2791 14c4 6D2D0AD4 		.ascii	"m-\012\324N[\217[t\"\351x\237,\271\263\012\262\275B"
 2791      4E5B8F5B 
 2791      7422E978 
 2791      9F2CB9B3 
 2791      0AB2BD42 
 2792 14d8 56D05E29 		.ascii	"V\320^)\351\013\262\3168`\014/\002\365\005J=\0358\313"
 2792      E90BB2CE 
 2792      38600C2F 
 2792      02F5054A 
 2792      3D1D38CB 
 2793 14ec E4D4F380 		.ascii	"\344\324\363\200j\026@6@\016@.\221,C4\315\223\374\361"
 2793      6A164036 
 2793      400E402E 
 2793      912C4334 
 2793      CD93FCF1 
 2794 1500 567436C1 		.ascii	"Vt6\301P\301\217W4;\233S*\271\302&\343^:\347\303\026"
 2794      50C18F57 
 2794      343B9B53 
 2794      2AB9C226 
 2794      E35E3AE7 
 2795 1516 2E8E810A 		.ascii	".\216\201\012|\254\360\275\211\034\277#\376\371d\223"
 2795      7CACF0BD 
 2795      891CBF23 
 2795      FEF96493 
 2796 1526 82975588 		.ascii	"\202\227U\210.Y\017\266 \277\034\277-Y\354\275\014b"
 2796      2E590FB6 
 2796      20BF1CBF 
 2796      2D59ECBD 
 2796      0C62
 2797 1538 1B5BB258 		.ascii	"\033[\262X\325\021\373l\270\221\242\247\001^\010\307"
 2797      D511FB6C 
 2797      B891A2A7 
 2797      015E08C7 
 2798 1548 17952CB7 		.ascii	"\027\225,\267\352\222\252\215R\027\322\203\372\274\271"
 2798      EA92AA8D 
 2798      5217D283 
 2798      FABCB9
 2799 1557 59725EB3 		.ascii	"Yr^\263\335\266\362\362?]y4\211\311\010\231!d\004\311"
 2799      DDB6F2F2 
 2799      3F5D7934 
 2799      89C90899 
 2799      216404C9 
 2800 156b 5D5A5F6B 		.ascii	"]Z_k\324\221q,d\236]\254&\266}G\221-\337\2419\237\035"
 2800      D491712C 
 2800      649E5DAC 
 2800      26B67D47 
 2800      912DDFA1 
 2801 1582 B5E1CC9C 		.ascii	"\265\341\314\234\007\037(\233\033d\25085\300hl\360\322"
 2801      071F289B 
 2801      1B64A838 
ARM GAS  /tmp/ccU7h4Da.s 			page 228


 2801      35C0686C 
 2801      F0D2
 2802 1594 0A05C0CA 		.ascii	"\012\005\300\312C:\371\204_\221G\353\005\276\2153$\037"
 2802      433AF984 
 2802      5F9147EB 
 2802      05BE8D33 
 2802      241F
 2803 15a6 A6AC018E 		.ascii	"\246\254\001\216\302]\010\306\335\034_\314\253\354\204"
 2803      C25D08C6 
 2803      DD1C5FCC 
 2803      ABEC84
 2804 15b5 4EB3E664 		.ascii	"N\263\346dR_\001\214vv\255\224\213|\036\304,\006\270"
 2804      525F018C 
 2804      7676AD94 
 2804      8B7C1EC4 
 2804      2C06B8
 2805 15c8 0050221D 		.ascii	"\000P\"\035X\215\011\244\254\2045q\016z\276\220`\023"
 2805      588D09A4 
 2805      AC843571 
 2805      0E7ABE90 
 2805      6013
 2806 15da B6D347BA 		.ascii	"\266\323G\272<y\206\344\"\372\003\340\350\236\312\022"
 2806      3C7986E4 
 2806      22FA03E0 
 2806      E89ECA12 
 2807 15ea BD5325E9 		.ascii	"\275S%\351\234\216\246\331I>\205zD\357\357\225\315\334"
 2807      9C8EA6D9 
 2807      493E857A 
 2807      44EFEF95 
 2807      CDDC
 2808 15fc FE9044E8 		.ascii	"\376\220D\350\230>\217E/\226\352I,\026\"\007\032k\234"
 2808      983E8F45 
 2808      2F96EA49 
 2808      2C162207 
 2808      1A6B9C
 2809 160f AD424039 		.ascii	"\255B@90S!\013\001\363\241\307\322\355\255\226\237\254"
 2809      3053210B 
 2809      01F3A1C7 
 2809      D2EDAD96 
 2809      9FAC
 2810 1621 F192A383 		.ascii	"\361\222\243\203.\311R\205J\031\223Ub\250\030\035+\360"
 2810      2EC95285 
 2810      4A199355 
 2810      62A8181D 
 2810      2BF0
 2811 1633 55915C64 		.ascii	"U\221\\d\242\242\341\330y'R\201\205\244\270\3762\203"
 2811      A2A2E1D8 
 2811      79275281 
 2811      85A4B8FE 
 2811      3283
 2812 1645 1547D5D0 		.ascii	"\025G\325\320R\215\234\243\372\204t{\322\216\225n%N"
 2812      528D9CA3 
 2812      FA84747B 
 2812      D28E956E 
 2812      254E
 2813 1657 855847B2 		.ascii	"\205XG\262Z\253J%\347J\303d\251V\235\214\275z\316\036"
 2813      5AAB4A25 
ARM GAS  /tmp/ccU7h4Da.s 			page 229


 2813      E74AC364 
 2813      A9569D8C 
 2813      BD7ACE1E 
 2814 166b 098D5A7F 		.ascii	"\011\215Z\177\2407\335\272\264Z\317\271\004\204\033"
 2814      A037DDBA 
 2814      B45ACFB9 
 2814      04841B
 2815 167a 78FF3642 		.ascii	"x\3776B\277^\226\365\353#\276\202\004\324\330\012R\303"
 2815      BF5E96F5 
 2815      EB23BE82 
 2815      04D4D80A 
 2815      52C3
 2816 168c D6816AFE 		.ascii	"\326\201j\376Y\364\230\240\033\266\226e\003\235\367"
 2816      59F498A0 
 2816      1BB69665 
 2816      039DF7
 2817 169b EAFC8077 		.ascii	"\352\374\200w\215\013\271\211\"W\367\026\337\326*\254"
 2817      8D0BB989 
 2817      2257F716 
 2817      DFD62AAC 
 2818 16ab 3735D9E6 		.ascii	"75\331\346\017j\015\307<\364\343\371\362\0105\214;-"
 2818      0F6A0DC7 
 2818      3CF4E3F9 
 2818      F208358C 
 2818      3B2D
 2819 16bd 0F0BF4E4 		.ascii	"\017\013\364\344.\222L\275V~CK\226Y\201\244\307z\337"
 2819      2E924CBD 
 2819      567E434B 
 2819      965981A4 
 2819      C77ADF
 2820 16d0 73104CAB 		.ascii	"s\020L\253\343\303\261R\363k\203\006:\266\262\326\306"
 2820      E3C3B152 
 2820      F36B8306 
 2820      3AB6B2D6 
 2820      C6
 2821 16e1 38E9F869 		.ascii	"8\351\370i\345\350\346\361\263\313\306\360\221\370s"
 2821      E5E8E6F1 
 2821      B3CBC6F0 
 2821      91F873
 2822 16f0 3B864ED9 		.ascii	";\206N\331o\007\366\257\230\330\237\336(\270\243&\353"
 2822      6F07F6AF 
 2822      98D89FDE 
 2822      28B8A326 
 2822      EB
 2823 1701 C86E77FF 		.ascii	"\310nw\377\014\350\313W\317\012\367\002sb4\266n\214"
 2823      0CE8CB57 
 2823      CF0AF702 
 2823      736234B6 
 2823      6E8C
 2824 1713 829FB771 		.ascii	"\202\237\267qct(a~QMNc\335\376[\215-\002\211\307\302"
 2824      63742861 
 2824      7E514D4E 
 2824      63DDFE5B 
 2824      8D2D0289 
 2825 1729 B9E1C066 		.ascii	"\271\341\300f\242\363c\204\352\245\204\256\001\241\036"
 2825      A2F36384 
 2825      EAA584AE 
ARM GAS  /tmp/ccU7h4Da.s 			page 230


 2825      01A11E
 2826 1738 A263D624 		.ascii	"\242c\326$%\345\225\346\365+\222\203\225\243\027\027"
 2826      25E595E6 
 2826      F52B9283 
 2826      95A31717 
 2827 1748 EE3BDAAA 		.ascii	"\356;\332\252|]\241\362\361\336\0071|\205\246\237\366"
 2827      7C5DA1F2 
 2827      F1DE0731 
 2827      7C85A69F 
 2827      F6
 2828 1759 474A577F 		.ascii	"GJW\177\2223\251Dj#suaDj\255t=\314\254\362\001q0y\217"
 2828      9233A944 
 2828      6A237375 
 2828      61446AAD 
 2828      743DCCAC 
 2829 1773 9DEF1548 		.ascii	"\235\357\025H=V\352+\256o\343)c\315\020=\261\036\323"
 2829      3D56EA2B 
 2829      AE6FE329 
 2829      63CD103D 
 2829      B11ED3
 2830 1786 16604F9A 		.ascii	"\026`O\232\361jO\302\265J\007l\257\234.\246T\334\032"
 2830      F16A4FC2 
 2830      B54A076C 
 2830      AF9C2EA6 
 2830      54DC1A
 2831 1799 2950BE4B 		.ascii	")P\276K6LpEh\210\340\315\337\202\033\015j\322\215\224"
 2831      364C7045 
 2831      6888E0CD 
 2831      DF821B0D 
 2831      6AD28D94 
 2832 17ad 3A668F85 		.ascii	":f\217\205;(\244\357\267l\247\357\315#a\006\363\202"
 2832      3B28A4EF 
 2832      B76CA7EF 
 2832      CD236106 
 2832      F382
 2833 17bf D2F3C208 		.ascii	"\322\363\302\010\370\275\033\220\254\364\261\0307J\266"
 2833      F8BD1B90 
 2833      ACF4B118 
 2833      374AB6
 2834 17ce 618B     		.ascii	"a\213"
 2835 17d0 4CA6A6C8 		.ascii	"L\246\246\310\271R\025\031\302\266\232\332/\307p\256"
 2835      B9521519 
 2835      C2B69ADA 
 2835      2FC770AE 
 2836 17e0 2FD2ED21 		.ascii	"/\322\355!\241\347\243\327\370\222P\315c\212\320\033"
 2836      A1E7A3D7 
 2836      F89250CD 
 2836      638AD01B 
 2837 17f0 75A5C399 		.ascii	"u\245\303\231\334A\354\365;u\371\032\256S\2267,\367"
 2837      DC41ECF5 
 2837      3B75F91A 
 2837      AE539637 
 2837      2CF7
 2838 1802 9C519307 		.ascii	"\234Q\223\007x\321+'\262\320@\236`\241\262\247\374\204"
 2838      78D12B27 
 2838      B2D0409E 
 2838      60A1B2A7 
ARM GAS  /tmp/ccU7h4Da.s 			page 231


 2838      FC84
 2839 1814 407CF01E 		.ascii	"@|\360\036_\373\305\366q=\011\302\302X\206\337\035\265"
 2839      5FFBC5F6 
 2839      713D09C2 
 2839      C25886DF 
 2839      1DB5
 2840 1826 95438108 		.ascii	"\225C\201\010%\334\2259\224\250\363\341\347\015$\036"
 2840      25DC9539 
 2840      94A8F3E1 
 2840      E70D241E 
 2841 1836 2B3D6808 		.ascii	"+=h\010iQ[9\311{V\225r\327\307\"\015\322~\235\225\015"
 2841      69515B39 
 2841      C97B5695 
 2841      72D7C722 
 2841      0DD27E9D 
 2842 184c A539D10B 		.ascii	"\2459\321\013\325\014\004\364\253\025\275\220\2350\317"
 2842      D50C04F4 
 2842      AB15BD90 
 2842      9D30CF
 2843 185b C7C87D18 		.ascii	"\307\310}\030#\017d9[\025i\301\301\012\264\204i``~\253"
 2843      230F6439 
 2843      5B1569C1 
 2843      C10AB484 
 2843      6960607E 
 2844 1870 C13A7989 		.ascii	"\301:y\211\304!\372o\014\302\224ml1\011k\213\353\362"
 2844      C421FA6F 
 2844      0CC2946D 
 2844      6C31096B 
 2844      8BEBF2
 2845 1883 E2B3BB66 		.ascii	"\342\263\273f6\213+8\361:)`\362\223\360\206h_e\257i"
 2845      368B2B38 
 2845      F13A2960 
 2845      F293F086 
 2845      685F65AF 
 2846 1898 273CE4FC 		.ascii	"'<\344\374.\003\277KR~'+\311Ed@\364\231\017\267\364"
 2846      2E03BF4B 
 2846      527E272B 
 2846      C9456440 
 2846      F4990FB7 
 2847 18ad 997315A4 		.ascii	"\231s\025\244\302\034:\027\211M|\3564\305\335F\333\370"
 2847      C21C3A17 
 2847      894D7CEE 
 2847      34C5DD46 
 2847      DBF8
 2848 18bf 6EA3F2D5 		.ascii	"n\243\362\325\230\223:Rf\3403\240\371r\2014`!\332;3"
 2848      98933A52 
 2848      66E033A0 
 2848      F9728134 
 2848      6021DA3B 
 2849 18d4 D8D9D6E0 		.ascii	"\330\331\326\340]\205\006\326l\014\336\330\352\3504"
 2849      5D8506D6 
 2849      6C0CDED8 
 2849      EAE834
 2850 18e3 7BD283B5 		.ascii	"{\322\203\265\317\214\237\015P\333\252\375X\241vH\357"
 2850      CF8C9F0D 
 2850      50DBAAFD 
 2850      58A17648 
ARM GAS  /tmp/ccU7h4Da.s 			page 232


 2850      EF
 2851 18f4 4ABF9E4C 		.ascii	"J\277\236Lb\355\356\222\242h'2\207\005qC\324\257\255"
 2851      62EDEE92 
 2851      A2682732 
 2851      87057143 
 2851      D4AFAD
 2852 1907 3744FD1A 		.ascii	"7D\375\0321RW\347/8\222%,\\\237\217:\256\262\235 y\251"
 2852      315257E7 
 2852      2F389225 
 2852      2C5C9F8F 
 2852      3AAEB29D 
 2853 191e 5915AA74 		.ascii	"Y\025\252t\243\372Ea\023\307\361l\310\302\206=y\202"
 2853      A3FA4561 
 2853      13C7F16C 
 2853      C8C2863D 
 2853      7982
 2854 1930 B5078E3F 		.ascii	"\265\007\216?l\325\220c\016\354>\337\223\361\345M\235"
 2854      6CD59063 
 2854      0EEC3EDF 
 2854      93F1E54D 
 2854      9D
 2855 1941 C033279A 		.ascii	"\3003'\232m^$gP\321\336j\310N\201\232\237\332v\307\330"
 2855      6D5E2467 
 2855      50D1DE6A 
 2855      C84E819A 
 2855      9FDA76C7 
 2856 1956 9CDED831 		.ascii	"\234\336\3301t\332\272\277z\247p\014\340\270Z\322\355"
 2856      74DABABF 
 2856      7AA7700C 
 2856      E0B85AD2 
 2856      ED
 2857 1967 33650423 		.ascii	"3e\004#%%\276A,\211[.\267\315\344K\320}m\363\302;=\253"
 2857      2525BE41 
 2857      2C895B2E 
 2857      B7CDE44B 
 2857      D07D6DF3 
 2858 197f ABAC9EE7 		.ascii	"\253\254\236\347?_\207bB@M._TO\242\313B\313\235-\307"
 2858      3F5F8762 
 2858      42404D2E 
 2858      5F544FA2 
 2858      CB42CB9D 
 2859 1995 9C490893 		.ascii	"\234I\010\223\331\264\242\276\203\257\250\267-\005n"
 2859      D9B4A2BE 
 2859      83AFA8B7 
 2859      2D056E
 2860 19a4 AA48045E 		.ascii	"\252H\004^\214\012\311\031\227\3453\2452\027\034\252"
 2860      8C0AC919 
 2860      97E533A5 
 2860      32171CAA 
 2861 19b4 36AF7B64 		.ascii	"6\257{d\015N\214\021\351\316\005z1\030\264\216)\374"
 2861      0D4E8C11 
 2861      E9CE057A 
 2861      3118B48E 
 2861      29FC
 2862 19c6 09B5E47E 		.ascii	"\011\265\344~\273p\276%\252ACb\035d\353\337;p\375{\366"
 2862      BB70BE25 
 2862      AA414362 
ARM GAS  /tmp/ccU7h4Da.s 			page 233


 2862      1D64EBDF 
 2862      3B70FD7B 
 2863 19db D1C3BBCE 		.ascii	"\321\303\273\316$\031\257]\350\214\211\342;\000\264"
 2863      2419AF5D 
 2863      E88C89E2 
 2863      3B00B4
 2864 19ea 74816975 		.ascii	"t\201iuxJ\331_G\252\321_G\2501\310\345w\014i,W\360O"
 2864      784AD95F 
 2864      47AAD15F 
 2864      47A831C8 
 2864      E5770C69 
 2865 1a02 AA718700 		.ascii	"\252q\207\000LE(G\264\012\343\250\253\243b\314\211d"
 2865      4C452847 
 2865      B40AE3A8 
 2865      ABA362CC 
 2865      8964
 2866 1a14 62AB3783 		.ascii	"b\2537\203\027+\005r\216\025\264\245\253]\017\015\230"
 2866      172B0572 
 2866      8E15B4A5 
 2866      AB5D0F0D 
 2866      98
 2867 1a25 4FF384BA 		.ascii	"O\363\204\2721\217$`t\007\251\204\020\350\212X\350\012"
 2867      318F2460 
 2867      7407A984 
 2867      10E88A58 
 2867      E80A
 2868 1a37 B3AC5677 		.ascii	"\263\254Vw\177\207s\245v\024\306+l}\377\027\354(\020"
 2868      7F8773A5 
 2868      7614C62B 
 2868      6C7DFF17 
 2868      EC2810
 2869 1a4a 2806A8E9 		.ascii	"(\006\250\351\245XnG\011`Cq\000\361\0001\000\321R{Z"
 2869      A5586E47 
 2869      09604371 
 2869      00F10031 
 2869      00D1527B 
 2870 1a5f CB9618C8 		.ascii	"\313\226\030\310i\253F,\357\314O\346\220x\272-\311\221"
 2870      69AB462C 
 2870      EFCC4FE6 
 2870      9078BA2D 
 2870      C991
 2871 1a71 6A4208E7 		.ascii	"jB\010\347\370f\375X-\367fK\205\210\262M\037\015P7\326"
 2871      F866FD58 
 2871      2DF7664B 
 2871      8588B24D 
 2871      1F0D5037 
 2872 1a86 5F55AB65 		.ascii	"_U\253e[\227\370\"\006\2647w\211D\261\311\025u\257w"
 2872      5B97F822 
 2872      06B43777 
 2872      8944B1C9 
 2872      1575AF77 
 2873 1a9a C0DC53D5 		.ascii	"\300\334S\325\322\231^\273\305\324m\270\234\024\024"
 2873      D2995EBB 
 2873      C5D46DB8 
 2873      9C1414
 2874 1aa9 32F69E80 		.ascii	"2\366\236\200\367x\304\361\305\335\003+\304B\232\271"
 2874      F778C4F1 
ARM GAS  /tmp/ccU7h4Da.s 			page 234


 2874      C5DD032B 
 2874      C4429AB9 
 2875 1ab9 4A4E9DBA 		.ascii	"JN\235\272\302\016\225%\365\005\313yd\026\311\227\273"
 2875      C20E9525 
 2875      F505CB79 
 2875      6416C997 
 2875      BB
 2876 1aca DC54DBC2 		.ascii	"\334T\333\302p\331\253I\0022Cw\221\\S\311\231\231\224"
 2876      70D9AB49 
 2876      02324377 
 2876      915C53C9 
 2876      999994
 2877 1add 12075E96 		.ascii	"\022\007^\226\3138/t\204\256s\316\315N\301<U\221\365"
 2877      CB382F74 
 2877      84AE73CE 
 2877      CD4EC13C 
 2877      5591F5
 2878 1af0 763D247F 		.ascii	"v=$\177u\354R*\357\355d\350\3414\200\263\000\211\000"
 2878      75EC522A 
 2878      EFED64E8 
 2878      E13480B3 
 2878      008900
 2879 1b03 49006700 		.ascii	"I\000g\000R\324\2229wk\036\301\235'\2647\202\324\330"
 2879      52D49239 
 2879      776B1EC1 
 2879      9D27B437 
 2879      82D4D8
 2880 1b16 98D972A4 		.ascii	"\230\331r\244\321\313a\355\376\360\242\216w\213\304"
 2880      D1CB61ED 
 2880      FEF0A28E 
 2880      778BC4
 2881 1b25 9E97E348 		.ascii	"\236\227\343H6\332s3(\257\014\030\316\223)\357\242\245"
 2881      36DA7333 
 2881      28AF0C18 
 2881      CE9329EF 
 2881      A2A5
 2882 1b37 B2974349 		.ascii	"\262\227CI\004n7\200\254E\270\311+\230s\031\313l8\223"
 2882      046E3780 
 2882      AC45B8C9 
 2882      2B987319 
 2882      CB6C3893 
 2883 1b4b 44A3A5B5 		.ascii	"D\243\245\265\252\266\011M*N\337t/\255\301\242\353\347"
 2883      AAB6094D 
 2883      2A4EDF74 
 2883      2FADC1A2 
 2883      EBE7
 2884 1b5d A2492E6A 		.ascii	"\242I.j\273\027\272\276\233\223\027\265\335b\321\225"
 2884      BB17BABE 
 2884      9B9317B5 
 2884      DD62D195 
 2885 1b6d C3274822 		.ascii	"\303'H\"v%d\204\302 \3076we\237\005~o\014\311C\352W"
 2885      76256484 
 2885      C220C736 
 2885      77659F05 
 2885      7E6F0CC9 
 2886 1b84 217A76DA 		.ascii	"!zv\332\244\37653\357\211\344\024\212Z\312\015\213b"
 2886      A4FE3533 
ARM GAS  /tmp/ccU7h4Da.s 			page 235


 2886      EF89E414 
 2886      8A5ACA0D 
 2886      8B62
 2887 1b96 9BE7B96D 		.ascii	"\233\347\271m6:\023\202\337\004\350b\034H\011c\234>"
 2887      363A1382 
 2887      DF04E862 
 2887      1C480963 
 2887      9C3E
 2888 1ba8 EDCF0CE8 		.ascii	"\355\317\014\350\273l\200\002\200,\200\034\200B\200"
 2888      BB6C8002 
 2888      802C801C 
 2888      804280
 2889 1bb7 74805C80 		.ascii	"t\200\\\200L\200|i\337\016V\363\276\245}z\233S2\333"
 2889      4C807C69 
 2889      DF0E56F3 
 2889      BEA57D7A 
 2889      9B5332DB 
 2890 1bcb 49AD85DE 		.ascii	"I\255\205\336\032\243\245\232\350W\320\204t\275#\216"
 2890      1AA3A59A 
 2890      E857D084 
 2890      74BD238E 
 2891 1bdb 0A07864A 		.ascii	"\012\007\206J\247\033\275\\6\363$\244\205H\214G\030"
 2891      A71BBD5C 
 2891      36F324A4 
 2891      85488C47 
 2891      18
 2892 1bec BC5CB868 		.ascii	"\274\\\270h e\350!\203\247\363\333\205\355\266E.R\377"
 2892      2065E821 
 2892      83A7F3DB 
 2892      85EDB645 
 2892      2E52FF
 2893 1bff B74416CE 		.ascii	"\267D\026\316\251\351v\2008\357\013\361\366\3442639"
 2893      A9E97680 
 2893      38EF0BF1 
 2893      F6E43236 
 2893      3339
 2894 1c11 1C7A43C3 		.ascii	"\034zC\303\326\374\351>8\2743\321{f\244\312\201t B\372"
 2894      D6FCE93E 
 2894      38BC33D1 
 2894      7B66A4CA 
 2894      81742042 
 2895 1c26 8DC80B2E 		.ascii	"\215\310\013.V\211j)pp^-\3159'#\0322\010\031\302J\336"
 2895      56896A29 
 2895      70705E2D 
 2895      CD392723 
 2895      1A320819 
 2896 1c3d 17BB27AC 		.ascii	"\027\273'\2547\235\\\260\2524\022\336x\\%\215~\027e"
 2896      379D5CB0 
 2896      AA3412DE 
 2896      785C258D 
 2896      7E1765
 2897 1c50 EA2C53F3 		.ascii	"\352,S\363\011\310\215\300{g\\\030\227pJ(Q36\323}\013"
 2897      09C88DC0 
 2897      7B675C18 
 2897      97704A28 
 2897      513336D3 
 2898 1c66 BC9C14EF 		.ascii	"\274\234\024\357LT\250\237\263\023\312\325\374\316\304"
ARM GAS  /tmp/ccU7h4Da.s 			page 236


 2898      4C54A89F 
 2898      B313CAD5 
 2898      FCCEC4
 2899 1c75 A930DF0C 		.ascii	"\2510\337\014\331\275K\270,\015\017\2220\233\023\346"
 2899      D9BD4BB8 
 2899      2C0D0F92 
 2899      309B13E6 
 2900 1c85 EF45C81D 		.ascii	"\357E\310\035\024\2445\241\270C\261\236P\005\002I\253"
 2900      14A435A1 
 2900      B843B19E 
 2900      50050249 
 2900      AB
 2901 1c96 06AE94D4 		.ascii	"\006\256\224\324\032\3102V\235NY\357%\304\313\221\025"
 2901      1AC83256 
 2901      9D4E59EF 
 2901      25C4CB91 
 2901      15
 2902 1ca7 86332EE7 		.ascii	"\2063.\347\030H\020\026\032\306\2575kH\004\026\326\""
 2902      18481016 
 2902      1AC6AF35 
 2902      6B480416 
 2902      D622
 2903 1cb9 CA4A1D48 		.ascii	"\312J\035H*\026:\333\306\\I6\036\217=\314\313\260\276"
 2903      2A163ADB 
 2903      C65C4936 
 2903      1E8F3DCC 
 2903      CBB0BE
 2904 1ccc 970BF323 		.ascii	"\227\013\363#\341\262L\207\013\235Q\357\221b\254\023"
 2904      E1B24C87 
 2904      0B9D51EF 
 2904      9162AC13 
 2905 1cdc D11A70D7 		.ascii	"\321\032p\327zm\243\321\252Nwt\363sR\251\232djo\346"
 2905      7A6DA3D1 
 2905      AA4E7774 
 2905      F37352A9 
 2905      9A646A6F 
 2906 1cf1 6A273E8F 		.ascii	"j'>\217'\377Yy\221\202\262\322\302\255\260\015\254\254"
 2906      27FF5979 
 2906      9182B2D2 
 2906      C2ADB00D 
 2906      ACAC
 2907 1d03 551A2A3B 		.ascii	"U\032*;\373\311\011qA\035\350\261\005\365\026\345h\011"
 2907      FBC90971 
 2907      411DE8B1 
 2907      05F516E5 
 2907      6809
 2908 1d15 35169EC7 		.ascii	"5\026\236\307\330J\261\351z\267\015l1\343\216\210\276"
 2908      D84AB1E9 
 2908      7AB70D6C 
 2908      31E38E88 
 2908      BE
 2909 1d26 ADB413A6 		.ascii	"\255\264\023\246\3216SQDu\"6\345\266\026\244\261]\257"
 2909      D1365351 
 2909      44752236 
 2909      E5B616A4 
 2909      B15DAF
 2910 1d39 0EEA5DE1 		.ascii	"\016\352]\341\365:\244\036be\230\344\244\361E\360v\352"
ARM GAS  /tmp/ccU7h4Da.s 			page 237


 2910      F53AA41E 
 2910      626598E4 
 2910      A4F145F0 
 2910      76EA
 2911 1d4b 1C38A2CD 		.ascii	"\0348\242\315=\177B\371\251\312Y\035\271\204\275q\375"
 2911      3D7F42F9 
 2911      A9CA591D 
 2911      B984BD71 
 2911      FD
 2912 1d5c CCEAAC83 		.ascii	"\314\352\254\203\002\237\235\326\355\321e\264\361\224"
 2912      029F9DD6 
 2912      EDD165B4 
 2912      F194
 2913 1d6a 0E3DE9C0 		.ascii	"\016=\351\300\352%\221\201\341\006\322\213\005\337\201"
 2913      EA259181 
 2913      E106D28B 
 2913      05DF81
 2914 1d79 E858EBF9 		.ascii	"\350X\353\371b7P\271&\353\331\013\021\313\253:r\233"
 2914      623750B9 
 2914      26EBD90B 
 2914      11CBAB3A 
 2914      729B
 2915 1d8b 1BDA8DC5 		.ascii	"\033\332\215\305\377\333j\272\330cU'\361x\312\222\354"
 2915      FFDB6ABA 
 2915      D8635527 
 2915      F178CA92 
 2915      EC
 2916 1d9c 36FA7599 		.ascii	"6\372u\231\352{\305Q8]s\375\256\316\306\014\004\374"
 2916      EA7BC551 
 2916      385D73FD 
 2916      AECEC60C 
 2916      04FC
 2917 1dae 9EDA7AFA 		.ascii	"\236\332z\372\221\034\272\361\257d\036\031Y\2776\320"
 2917      911CBAF1 
 2917      AF641E19 
 2917      59BF36D0 
 2918 1dbe 69B03577 		.ascii	"i\2605w\351\007flU\236{\020\222\316\357\263\326\320"
 2918      E907666C 
 2918      559E7B10 
 2918      92CEEFB3 
 2918      D6D0
 2919 1dd0 9C79FA7A 		.ascii	"\234y\372zF\262@\326\220\332\215cE\241V\267\242\354"
 2919      46B240D6 
 2919      90DA8D63 
 2919      45A156B7 
 2919      A2EC
 2920 1de2 849B32A1 		.ascii	"\204\2332\241\332C2\233\005\262\2015\312\253\316\267"
 2920      DA43329B 
 2920      05B28135 
 2920      CAABCEB7 
 2921 1df2 5ADF291D 		.ascii	"Z\337)\035\202\306\345\225F\275\243\322\034\245\232"
 2921      82C6E595 
 2921      46BDA3D2 
 2921      1CA59A
 2922 1e01 189669E2 		.ascii	"\030\226i\342\026\327\204~\352\364\302\023\"\2101\236"
 2922      16D7847E 
 2922      EAF4C213 
ARM GAS  /tmp/ccU7h4Da.s 			page 238


 2922      2288319E 
 2923 1e11 07F9A6D8 		.ascii	"\007\371\246\330o\015\256\371\262mc]P\255\026\250O\310"
 2923      6F0DAEF9 
 2923      B26D635D 
 2923      50AD16A8 
 2923      4FC8
 2924 1e23 0CC5F25E 		.ascii	"\014\305\362^\306\330\357\320\342/\201\305\027slsc\226"
 2924      C6D8EFD0 
 2924      E22F81C5 
 2924      17736C73 
 2924      6396
 2925 1e35 0BF3DD6E 		.ascii	"\013\363\335nf\354\032+l\313e\377\356_\343\256\320\001"
 2925      66EC1A2B 
 2925      6CCB65FF 
 2925      EE5FE3AE 
 2925      D001
 2926 1e47 35C6F709 		.ascii	"5\306\367\011\365\226\033C\3014\007!\243\241\353\365"
 2926      F5961B43 
 2926      C1340721 
 2926      A3A1EBF5 
 2927 1e57 CCB74F70 		.ascii	"\314\267Op\323\034\207!t\033`\012`\004`\014\340\016"
 2927      D31C8721 
 2927      741B600A 
 2927      6004600C 
 2927      E00E
 2928 1e69 C028C0A4 		.ascii	"\300(\300\244t\274/\017\274\204\267\253\300ZX\310\237"
 2928      74BC2F0F 
 2928      BC84B7AB 
 2928      C05A58C8 
 2928      9F
 2929 1e7a D872B0D7 		.ascii	"\330r\260\327\035@a@\243\302\015\005\321%\350\2153/"
 2929      1D406140 
 2929      A3C20D05 
 2929      D125E88D 
 2929      332F
 2930 1e8c 20752A7C 		.ascii	" u*|\265\202\360\222\260\333\375\033\214\352\264\037"
 2930      B582F092 
 2930      B0DBFD1B 
 2930      8CEAB41F 
 2931 1e9c AE5AF583 		.ascii	"\256Z\365\2039\357\246\253\325E\371\2475\333mk\342\302"
 2931      39EFA6AB 
 2931      D545F9A7 
 2931      35DB6D6B 
 2931      E2C2
 2932 1eae 1FA609A0 		.ascii	"\037\246\011\240\026\037\2659$\213\027\3232Fg\230\001"
 2932      161FB539 
 2932      248B17D3 
 2932      32466798 
 2932      01
 2933 1ebf D11F3ABE 		.ascii	"\321\037:\276\323\213c\015$\320\211Yho\307\303\313j"
 2933      D38B630D 
 2933      24D08959 
 2933      686FC7C3 
 2933      CB6A
 2934 1ed1 DB73ECBB 		.ascii	"\333s\354\273j\253\233\020\302=\265\201.\305eUl\272"
 2934      6AAB9B10 
 2934      C23DB581 
ARM GAS  /tmp/ccU7h4Da.s 			page 239


 2934      2EC56555 
 2934      6CBA
 2935 1ee3 E0DCED39 		.ascii	"\340\334\3559(^\012\012\211pP\234\273\315\361\271\333"
 2935      285E0A0A 
 2935      8970509C 
 2935      BBCDF1B9 
 2935      DB
 2936 1ef4 2CCEDD4E 		.ascii	",\316\335N\007\205\335\327[\316\335\314\231\311<\235"
 2936      0785DDD7 
 2936      5BCEDDCC 
 2936      99C93C9D 
 2937 1f04 BBCDB1B9 		.ascii	"\273\315\261\271\033=\246\353\346\363\005\367\371\216"
 2937      1B3DA6EB 
 2937      E6F305F7 
 2937      F98E
 2938 1f12 ABCFD1B5 		.ascii	"\253\317\321\265\211\007\023=Z\305\306\036\360\306\356"
 2938      8907133D 
 2938      5AC5C61E 
 2938      F0C6EE
 2939 1f21 6363775B 		.ascii	"ccw[\306K\371\356\254.\272*\230|o\256Um\331\370\202"
 2939      C64BF9EE 
 2939      AC2EBA2A 
 2939      987C6FAE 
 2939      556DD9F8 
 2940 1f36 1AF7C4D9 		.ascii	"\032\367\304\331\011\213\264\361\007\330\370\"k\\|\234"
 2940      098BB4F1 
 2940      07D8F822 
 2940      6B5C7C9C 
 2941 1f46 681B3E4E 		.ascii	"h\033>Nt/\320\373\261\275\3623\013\274\361\207\330x"
 2941      742FD0FB 
 2941      B1BDF233 
 2941      0BBCF187 
 2941      D878
 2942 1f58 D2ADB959 		.ascii	"\322\255\271Y\255ec\346\311\3022ml\011\033[f\215\255"
 2942      AD6563E6 
 2942      C9C2326D 
 2942      6C091B5B 
 2942      668DAD
 2943 1f6b 0D96B6CA 		.ascii	"\015\226\266\312\262\222`\331\342\317\012v\342\012\355"
 2943      B29260D9 
 2943      E2CF0A76 
 2943      E20AED
 2944 1f7a 44CBC7B2 		.ascii	"D\313\307\262Z\337\214\245\317l\210\217d\255\252m<\222"
 2944      5ADF8CA5 
 2944      CF6C888F 
 2944      64ADAA6D 
 2944      3C92
 2945 1f8c B5A6DEF2 		.ascii	"\265\246\336\362\221\254Unp\217\244Q\250\267\331\374"
 2945      91AC556E 
 2945      708FA451 
 2945      A8B7D9FC 
 2946 1f9c 48D6AA52 		.ascii	"H\326\252R"
 2947 1fa0 60FCD407 		.ascii	"`\374\324\007\242\036s\322Od#\267\332\342\201(\212e"
 2947      A21E73D2 
 2947      4F6423B7 
 2947      DAE28128 
 2947      8A65
ARM GAS  /tmp/ccU7h4Da.s 			page 240


 2948 1fb2 F540D4BA 		.ascii	"\365@\324\272Z\372\320\313F\265\371\201(\212\376\231"
 2948      5AFAD0CB 
 2948      46B5F981 
 2948      288AFE99 
 2949 1fc2 1E88EA7E 		.ascii	"\036\210\352~\023\307<\360o'l\252\377\220\007\242(6"
 2949      13C73CF0 
 2949      6F276CAA 
 2949      FF9007A2 
 2949      2836
 2950 1fd4 5B63D2EC 		.ascii	"[c\322\354\0246\244zY\373[\244\371x\013\2326\236\363"
 2950      1436A47A 
 2950      59FB5BA4 
 2950      F9780B9A 
 2950      369EF3
 2951 1fe7 69ACB678 		.ascii	"i\254\266x\316\347\230\306\3729\037o\215T\344\341j\363"
 2951      CEE798C6 
 2951      FA391F6F 
 2951      8D54E4E1 
 2951      6AF3
 2952 1ff9 733E145B 		.ascii	"s>\024[\3419\237"
 2952      E1399F
 2953 2000 DE6A8BE7 		.ascii	"\336j\213\347|(\356\033\326\204%\317\371\264\376\255"
 2953      7C28EE1B 
 2953      D68425CF 
 2953      F9B4FEAD 
 2954 2010 EC391F85 		.ascii	"\3549\037\205\012\312\317\371\320\012T9^\200\345\013"
 2954      0ACACFF9 
 2954      D00A5439 
 2954      5E80E50B 
 2955 2020 E0A311BD 		.ascii	"\340\243\021\275QoX\322q\003\211@\017S\327\234\223\341"
 2955      516F58D2 
 2955      71038940 
 2955      0F53D79C 
 2955      93E1
 2956 2032 4CA25981 		.ascii	"L\242Y\201\304\206g\2347\230\315v\346\2731\354q\011"
 2956      C486679C 
 2956      3798CD76 
 2956      E6BB31EC 
 2956      7109
 2957 2044 FADC889F 		.ascii	"\372\334\210\237\206\010\001\032\253>\355\221/\302\251"
 2957      8608011A 
 2957      AB3EED91 
 2957      2FC2A9
 2958 2053 A4DD13C0 		.ascii	"\244\335\023\3009\010\204\326\3755\022\333\032\373."
 2958      390884D6 
 2958      FD3512DB 
 2958      1AFB2E
 2959 2062 46212AC4 		.ascii	"F!*\304qN\327Jq\237\345\351\220 \015\032@(\264\020\002"
 2959      714ED74A 
 2959      719FE5E9 
 2959      90200D1A 
 2959      4028B410 
 2960 2077 100C7042 		.ascii	"\020\014pB#5\2047\345O\207\320\012\312\017|\274)\177"
 2960      23358437 
 2960      E54F87D0 
 2960      0ACA0F7C 
 2960      BC297F
ARM GAS  /tmp/ccU7h4Da.s 			page 241


 2961 208a 3A644BE4 		.ascii	":dK\344\2317\345O\207l\211\\\367\226\374\351\020\005"
 2961      9937E54F 
 2961      876C895C 
 2961      F796FCE9 
 2961      1005
 2962 209c 6410B9A7 		.ascii	"d\020\271\247\241\247\336Q\220\254\3360\003\243\015"
 2962      A1A7DE51 
 2962      90ACDE30 
 2962      03A30D
 2963 20ab 417FDA09 		.ascii	"A\177\332\011\021\226\232\222D\267\205\357\"\373\001"
 2963      11969A92 
 2963      44B785EF 
 2963      22FB01
 2964 20ba 22A2E2C2 		.ascii	"\"\242\342\302{+g\007\330@L[\311\210\315g\023\020\235"
 2964      7B2B6707 
 2964      D8404C5B 
 2964      C988CD67 
 2964      13109D
 2965 20cd 3DD801AA 		.ascii	"=\330\001\252\016\003\210\004\010\227\252|\220\217g"
 2965      0E038804 
 2965      0897AA7C 
 2965      908F67
 2966 20dc 1876966C 		.ascii	"\030v\226l\310\"\354\352\361r\310\256\343\321\012\007"
 2966      C822ECEA 
 2966      F172C8AE 
 2966      E3D10A07 
 2967 20ec 8D972B0C 		.ascii	"\215\227+\014b\270\365\225?\016q\012,d\213V\351\374"
 2967      62B8F595 
 2967      3F0E710A 
 2967      2C648B56 
 2967      E9FC
 2968 20fe E674E70D 		.ascii	"\346t\347\015\331\355\325\323\262f\2434\3143\303\017"
 2968      D9EDD5D3 
 2968      B266A334 
 2968      CC33C30F 
 2969 210e E06E94C6 		.ascii	"\340n\224\306f\312VV\251\021\232q\243\0217\232\341&"
 2969      66CA5656 
 2969      A9119A71 
 2969      A311379A 
 2969      E126
 2970 2120 F5F7786B 		.ascii	"\365\367xkH\006\262\030\356\327|\301\264\037\327W\026"
 2970      4806B218 
 2970      EED77CC1 
 2970      B41FD757 
 2970      16
 2971 2131 8A6334D6 		.ascii	"\212c4\326\2418VCC\361J\304\324\234B%\033O\015\013q"
 2971      A1385643 
 2971      43F14AC4 
 2971      D49C4225 
 2971      1B4F0D0B 
 2972 2146 ACD2CD93 		.ascii	"\254\322\315\223\021\223\204\234\307f\003\0072c\034"
 2972      1193849C 
 2972      C7660307 
 2972      32631C
 2973 2155 4835165A 		.ascii	"H5\026Z:3\215\006\322\354\244\264y\360X\323\322\277"
 2973      3A338D06 
 2973      D2ECA4B4 
ARM GAS  /tmp/ccU7h4Da.s 			page 242


 2973      79F058D3 
 2973      D2BF
 2974 2167 59E5B3F4 		.ascii	"Y\345\263\364q\022\371\303\325\331)i\215\262=\354I2"
 2974      7112F9C3 
 2974      D5D92969 
 2974      8DB23DEC 
 2974      4932
 2975 2179 7D256B78 		.ascii	"}%kxf\337u/m\203\260\026\340\224\220\250am\370\237^"
 2975      66DF752F 
 2975      6D83B016 
 2975      E09490A8 
 2975      616DF89F 
 2976 218e 28D3984E 		.ascii	"(\323\230N\246\340\311k99\027\005\323\311\263x2\245"
 2976      A6E0C96B 
 2976      39391705 
 2976      D3C9B378 
 2976      32A5
 2977 21a0 3F7A4EAB 		.ascii	"?zN\2538\023O\323\300L<U\303g\342\341\313\271\267e\317"
 2977      38134FD3 
 2977      C04C3C55 
 2977      C367E2E1 
 2977      CBB9B765 
 2978 21b5 7BC36509 		.ascii	"{\303e\011K\351\032\363t\372lH\376_\220\001\324\301"
 2978      4BE91AF3 
 2978      74FA6C48 
 2978      FE5F9001 
 2978      D4C1
 2979 21c7 F25DEF04 		.ascii	"\362]\357\004\255R5!\003\372EZ\2635\257\252MC\346\261"
 2979      AD523521 
 2979      03FA455A 
 2979      B335AFAA 
 2979      4D43E6B1 
 2980 21db EA6274D7 		.ascii	"\352bt\3279-Y\303B\212\327\3656'\342\347\314\012\247"
 2980      392D59C3 
 2980      428AD7F5 
 2980      3627E2E7 
 2980      CC0AA7
 2981 21ee EF569C70 		.ascii	"\357V\234p A\254`_\262:zN+\346\364\246\247\220\312."
 2981      2041AC60 
 2981      5FB23A7A 
 2981      4E2BE6F4 
 2981      A6A790CA 
 2982 2203 E2832074 		.ascii	"\342\203 tE6\007Z)\262\036n\222<u\271\214o\332\242\312"
 2982      4536075A 
 2982      29B21E6E 
 2982      923C75B9 
 2982      8C6FDAA2 
 2983 2218 C9B642B7 		.ascii	"\311\266B\267\\\360\035\373\026\216 \212\235k\233\270"
 2983      5CF01DFB 
 2983      168E208A 
 2983      9D6B9BB8 
 2984 2228 64A74DC5 		.ascii	"d\247M\305\263\246\2356\011V\310\222\025q\205\033\336"
 2984      B3A69D36 
 2984      0956C892 
 2984      1571851B 
 2984      DE
 2985 2239 457C6415 		.ascii	"E|d\025\300\210\312\003\310\0078\007P\014P(u\332\303"
ARM GAS  /tmp/ccU7h4Da.s 			page 243


 2985      C088CA03 
 2985      C8073807 
 2985      500C5028 
 2985      75DAC3
 2986 224c E51221B2 		.ascii	"\345\022!\262\024\204\220\010\335Q\361,\342g\002\376"
 2986      14849008 
 2986      DD51F12C 
 2986      E26702FE 
 2987 225c 1905CEB8 		.ascii	"\031\005\316\270/X\256:9C\310IT\177zT\271\221\2208,"
 2987      2F58AE3A 
 2987      3943C849 
 2987      547F7A54 
 2987      B9919038 
 2988 2271 349E7D94 		.ascii	"4\236}\224\350d\275\316\004\344\316k\244&\235~\366x"
 2988      E864BDCE 
 2988      04E4CE6B 
 2988      A4269D7E 
 2988      F678
 2989 2283 BD8EE462 		.ascii	"\275\216\344b\245\240\251\231\353\326\273K.XU\032\032"
 2989      A5A0A999 
 2989      EBD6BB4B 
 2989      2E58551A 
 2989      1A
 2990 2294 5D1A953D 		.ascii	"]\032\225=\010tQ\306b\2318\016\242+&zL\033\021}\225"
 2990      087451C6 
 2990      6299380E 
 2990      A22B267A 
 2990      4C1B117D 
 2991 22a9 D7A342F3 		.ascii	"\327\243B\363\027\212\370\313\022\376\222\336_954\317"
 2991      178AF8CB 
 2991      12FE92DE 
 2991      5F393534 
 2991      CF
 2992 22ba 9FB71EA1 		.ascii	"\237\267\036\241\263\325\322\007\247\023\264\244\032"
 2992      B3D5D207 
 2992      A713B4A4 
 2992      1A
 2993 22c7 79F44ACA 		.ascii	"y\364J\312[7\220\313Xh\017\272\177SO\256\260\202\272"
 2993      5B3790CB 
 2993      58680FBA 
 2993      7F534FAE 
 2993      B082BA
 2994 22da 20A92E04 		.ascii	" \251.\004\367\205)\334\334\252\341]V\017]T\007P+u\277"
 2994      F78529DC 
 2994      DCAAE15D 
 2994      560F5D54 
 2994      07502B75 
 2995 22ef C3CDCFA7 		.ascii	"\303\315\317\2470\265\323\375\022U r\215\262\255\321"
 2995      30B5D3FD 
 2995      12552072 
 2995      8DB2ADD1 
 2996 22ff EC8B674A 		.ascii	"\354\213gJ\024\373\222\025\266e\210i\375\256\031\273"
 2996      14FB9215 
 2996      B6658869 
 2996      FDAE19BB 
 2997 230f DA36368F 		.ascii	"\33266\217c\033]i\363.\270\271M&E\245\346E\241BC\021"
 2997      631B5D69 
ARM GAS  /tmp/ccU7h4Da.s 			page 244


 2997      F32EB8B9 
 2997      4D2645A5 
 2997      E645A142 
 2998 2325 1BB81497 		.ascii	"\033\270\024\227A\202&\200f\200FQ\2220\272\362\363U"
 2998      41822680 
 2998      66804651 
 2998      9230BAF2 
 2998      F355
 2999 2337 6CAC5C83 		.ascii	"l\254\\\203\223\301\206\255B\332p\253\001#=e\211\256"
 2999      93C186AD 
 2999      42DA70AB 
 2999      01233D65 
 2999      89AE
 3000 2349 A8526CB3 		.ascii	"\250Rl\263\312,g\315\303\005/\243\226\240\217\205\022"
 3000      CA2C67CD 
 3000      C3052FA3 
 3000      96A08F85 
 3000      12
 3001 235a 8D4DE212 		.ascii	"\215M\342\022\2717*8uj\303\361\034\335<\206dq\355\321"
 3001      B9372A38 
 3001      756AC3F1 
 3001      1CDD3C86 
 3001      6471EDD1 
 3002 236e 4C63B181 		.ascii	"Lc\261\201\364`\307\016\370\235.\265\330-#j@h\341t\024"
 3002      F460C70E 
 3002      F89D2EB5 
 3002      D82D236A 
 3002      4068E174 
 3003 2383 9440D7FA 		.ascii	"\224@\327\372z\246\357\310\326\035Ze\\\266a\254jc\261"
 3003      7AA6EFC8 
 3003      D61D5A65 
 3003      5CB661AC 
 3003      6A63B1
 3004 2396 2A622436 		.ascii	"*b$6\301^\036A?\343\003\231\227\226V\344\363\232vY+"
 3004      C15E1E41 
 3004      3FE30399 
 3004      979656E4 
 3004      F39A7659 
 3005 23ab 57B0952B 		.ascii	"W\260\225+\254\225\254\324\372v\233\317U\331~\017\300"
 3005      AC95ACD4 
 3005      FA769BCF 
 3005      55D97E0F 
 3005      C0
 3006 23bc E44AD963 		.ascii	"\344J\331c\031\351\016\2154\330v\"\351NF\332F8SX\321"
 3006      19E90E8D 
 3006      34D87622 
 3006      E94E46DA 
 3006      46385358 
 3007 23d1 B92A1BC4 		.ascii	"\271*\033\304\355\367\346\265V\253Y4g\220\243]\210\230"
 3007      EDF7E6B5 
 3007      56AB5934 
 3007      6790A35D 
 3007      8898
 3008 23e3 BF2CDB4C 		.ascii	"\277,\333L\334-\223\362\2328\326\323{\203fp\267;\234"
 3008      DC2D93F2 
 3008      9A38D6D3 
 3008      7B836670 
ARM GAS  /tmp/ccU7h4Da.s 			page 245


 3008      B73B9C
 3009 23f6 12BA3092 		.ascii	"\022\2720\222]o\015\031\022\024#\331u\032\311z\304H"
 3009      5D6F0D19 
 3009      121423D9 
 3009      751AC97A 
 3009      C448
 3010 2408 9675A9A0 		.ascii	"\226u\251\240P\326\320uY$\353\225\304\243\345\231\332"
 3010      50D6D075 
 3010      5924EB95 
 3010      C4A3E599 
 3010      DA
 3011 2419 700D1947 		.ascii	"p\015\031GS\2712\026\221\344\254TO\350\003\201\244U"
 3011      53B93216 
 3011      91E4AC54 
 3011      4FE80381 
 3011      A455
 3012 242b 93FD524E 		.ascii	"\223\375RNk\311#\254\332\024\225\025\240#\233X\030\217"
 3012      6BC923AC 
 3012      DA149515 
 3012      A0239B58 
 3012      188F
 3013 243d 683CC31F 		.ascii	"h<\303\037\250}\031\212\267\322#Kt\304\307\205]\363"
 3013      A87D198A 
 3013      B7D2234B 
 3013      74C4C785 
 3013      5DF3
 3014 244f 1F3F7B59 		.ascii	"\037?{Y \307YA338>\245\027$qm2\356%/\323$e\010\032\034"
 3014      20C75941 
 3014      3333383E 
 3014      A5172471 
 3014      6D32EE25 
 3015 246a 91CF39E8 		.ascii	"\221\3179\350\204o\024\014\264\315\354\344\351>Z>\261"
 3015      846F140C 
 3015      B4CDECE4 
 3015      E93E5A3E 
 3015      B1
 3016 247b A53B0969 		.ascii	"\245;\011i\005\253\211\355\250f\313\211\355\010\037"
 3016      05AB89ED 
 3016      A866CB89 
 3016      ED081F
 3017 248a 02B7006D 		.ascii	"\002\267\000m\030`L\352\315\226\343\264\246\011\356"
 3017      18604CEA 
 3017      CD96E3B4 
 3017      A609EE
 3018 2499 C8566170 		.ascii	"\310VapN\312\373Me\336ohp\224\016\372\033K\235I\020"
 3018      4ECAFB4D 
 3018      65DE6F68 
 3018      70940EFA 
 3018      1B4B9D49 
 3019 24ae 574B45CE 		.ascii	"WKE\316y\356\250\351D\277\353\361t\215\206\234`\327"
 3019      79EEA8E9 
 3019      44BFEBF1 
 3019      748D869C 
 3019      60D7
 3020 24c0 487B5F6B 		.ascii	"H{_k\231F\366\370b\222O\222F\366\216\226I\015pw\007"
 3020      9946F6F8 
 3020      62924F92 
ARM GAS  /tmp/ccU7h4Da.s 			page 246


 3020      46F68E96 
 3020      490D7077 
 3021 24d5 86F59406 		.ascii	"\206\365\224\006\237^\244'L\357j\301\353QD{>t\311\307"
 3021      9F5EA427 
 3021      4CEF6AC1 
 3021      EB51447B 
 3021      3E74C9C7 
 3022 24e9 51302D0D 		.ascii	"Q0-\015R\355\275`\232\342Qu\317X\263|OT\267\202\362"
 3022      52EDBD60 
 3022      9AE25175 
 3022      CF58B37C 
 3022      4F54B782 
 3023 24fe 66B8F2EE 		.ascii	"f\270\362\356\002\336\034\235\016\002\314J\243v\353"
 3023      02DE1C9D 
 3023      0E02CC4A 
 3023      A376EB
 3024 250d 0BAC8380 		.ascii	"\013\254\203\200\005\3416obB\203\357\037\2205b\366\244"
 3024      05E1366F 
 3024      624283EF 
 3024      1F903562 
 3024      F6A4
 3025 251f 73B16695 		.ascii	"s\261f\225\317l\245\362\311X\013\225+\360\317T\316\227"
 3025      CF6CA5F2 
 3025      C9580B95 
 3025      2BF0CF54 
 3025      CE97
 3026 2531 1F5F88A1 		.ascii	"\037_\210\241\334\014ps\241\025\254\226\024h\225\011"
 3026      DC0C7073 
 3026      A115AC96 
 3026      14689509 
 3027 2541 DE4BFDB5 		.ascii	"\336K\375\265W\2434$\022{\351X\355\275l\025Ic\005\265"
 3027      57A33424 
 3027      127BE958 
 3027      EDBD6C15 
 3027      496305B5 
 3028 2555 F1C9C974 		.ascii	"\361\311\311t\00767\264\2716 \314\003?\017\370\354p"
 3028      073637B4 
 3028      B93620CC 
 3028      033F0FF8 
 3028      EC70
 3029 2567 01282E02 		.ascii	"\001(.\002<\224Z\326\\\254\001\303\013eb\234c+\206\227"
 3029      3C945AD6 
 3029      5CAC01C3 
 3029      0B65629C 
 3029      632B8697 
 3030 257b 05BE5F9C 		.ascii	"\005\276_\234Z\325\340\226\3104\270\210{\245\2518\367"
 3030      5AD5E096 
 3030      C834B888 
 3030      7BA5A938 
 3030      F7
 3031 258c 95B1E982 		.ascii	"\225\261\351\202\366\225\270e5\311B\001\313F;\236\332"
 3031      F695B865 
 3031      35C94201 
 3031      CB463B9E 
 3031      DA
 3032 259d 615B9C25 		.ascii	"a[\234%eq\240\342fz!\214\377J\244r+\276i\\\266\313\353"
 3032      6571A0E2 
ARM GAS  /tmp/ccU7h4Da.s 			page 247


 3032      667A218C 
 3032      FF4AA472 
 3032      2BBE695C 
 3033 25b4 BCAC131F 		.ascii	"\274\254\023\037qG\247=\235x\355\272 \2306\012\320\016"
 3033      7147A73D 
 3033      9D78EDBA 
 3033      2098360A 
 3033      D00E
 3034 25c6 CD7C1E33 		.ascii	"\315|\03636\300a\367Z\326\02526\256\3013/a\014]\006"
 3034      36C061F7 
 3034      5AD61532 
 3034      36AEC133 
 3034      2F610C5D 
 3035 25db C6063496 		.ascii	"\306\0064\226\350\226Ipo\342SH\275_\203;\310\327\225"
 3035      E8964970 
 3035      6FE25348 
 3035      BD5F833B 
 3035      C8D795
 3036 25ee 1313BA97 		.ascii	"\023\023\272\227,q\233,\257\265\205m\235\327\232\236"
 3036      2C719B2C 
 3036      AFB5856D 
 3036      9DD79A9E 
 3037 25fe 402BE555 		.ascii	"@+\345U\250\3026@Yk\000\217\001\236\000\254J\355`#A"
 3037      A8C23640 
 3037      596B008F 
 3037      019E00AC 
 3037      4AED6023 
 3038 2613 22C58A6D 		.ascii	"\"\305\212m)\304\335=\336\231\307\014\333m\267w\341"
 3038      29C4DD3D 
 3038      DE99C70C 
 3038      DB6DB777 
 3038      E1
 3039 2624 D3DBA341 		.ascii	"\323\333\243Az\370\312\262l\242\272)k\314\250e\361\020"
 3039      7AF8CAB2 
 3039      6CA2BA29 
 3039      6BCCA865 
 3039      F110
 3040 2636 7EA2CC6F 		.ascii	"~\242\314o\266\332\306\337lu.xr\201o(\273Oi\335\236"
 3040      B6DAC6DF 
 3040      6C752E78 
 3040      72816F28 
 3040      BB4F69DD 
 3041 264b BF9DC337 		.ascii	"\277\235\3037#\032\351;q\206O\256,\031H-\032A{Yh\006"
 3041      231AE93B 
 3041      71864FAE 
 3041      2C19482D 
 3041      1A417B59 
 3042 2661 7FF2F86F 		.ascii	"\177\362\370o\2418\033\372XyQ\326O\213\353\242\307\264"
 3042      A1381BFA 
 3042      587951D6 
 3042      4F8BEBA2 
 3042      C7B4
 3043 2673 2C66B7A7 		.ascii	",f\267\247\\2j-\337\337\341\243}\221o\3758\256\335\206"
 3043      5C326A2D 
 3043      DFDFE1A3 
 3043      7D916FFD 
 3043      38AEDD86 
ARM GAS  /tmp/ccU7h4Da.s 			page 248


 3044 2687 55D0F252 		.ascii	"U\320\362R\316\\\345L\356\244A\266j=\231?\025\234D3"
 3044      CE5CE54C 
 3044      EEA441B6 
 3044      6A3D993F 
 3044      159C4433 
 3045 269b DE338361 		.ascii	"\3363\203a\321\216\244\001y\012\274\355\343\343H\332"
 3045      D18EA401 
 3045      790ABCED 
 3045      E3E348DA 
 3046 26ab B010917E 		.ascii	"\260\020\221~\253RMz\260\320{\371V\251\365}\341`-\021"
 3046      AB524D7A 
 3046      B0D07BF9 
 3046      56A9F57D 
 3046      E1602D11 
 3047 26bf 42B4D218 		.ascii	"B\264\322\030^z<9\330\205\014a\245\244\370\350*\353"
 3047      5E7A3C39 
 3047      D8850C61 
 3047      A5A4F8E8 
 3047      2AEB
 3048 26d1 278F42AD 		.ascii	"'\217B\255*\235\353\036K\220\215\207\023Z\251\316\303"
 3048      2A9DEB1E 
 3048      4B908D87 
 3048      135AA9CE 
 3048      C3
 3049 26e2 B43CF0B7 		.ascii	"\264<\360\267-\237\363\307y-\234\342\011H\345\371\242"
 3049      2D9FF3C7 
 3049      792D9CE2 
 3049      0948E5F9 
 3049      A2
 3050 26f3 0B06C5B8 		.ascii	"\013\006\305\270\037\256\205\270\177R+\316`K\252Vdq"
 3050      1FAE85B8 
 3050      7F522BCE 
 3050      604BAA56 
 3050      6471
 3051 2705 1F2E4BDA 		.ascii	"\037.K\332\211\320\232\203\367\310\364F\273\206LqM\024"
 3051      89D09A83 
 3051      F7C8F446 
 3051      BB864C71 
 3051      4D14
 3052 2717 86AFBB28 		.ascii	"\206\257\273(\325\023\"A\036i\325\352\221\225$\003Y"
 3052      D5132241 
 3052      1E69D5EA 
 3052      91952403 
 3052      59
 3053 2728 C0AA0181 		.ascii	"\300\252\001\201\017\3179\2205,\\\015\\\317\321\021"
 3053      0FCF3990 
 3053      352C5C0D 
 3053      5CCFD111 
 3054 2738 EFA75861 		.ascii	"\357\247Xaf\270\010&\277\376XX\275}\302\350DNb!&\277"
 3054      66B80826 
 3054      BFFE5858 
 3054      BD7DC2E8 
 3054      444E6221 
 3055 274e 6386AD91 		.ascii	"c\206\255\221\373|\306]{u\263a\2510\035\303\332\347"
 3055      FB7CC65D 
 3055      7B75B361 
 3055      A9301DC3 
ARM GAS  /tmp/ccU7h4Da.s 			page 249


 3055      DAE7
 3056 2760 5B961E68 		.ascii	"[\226\036hH\032+\350\317\324\325\024\012\374\001\026"
 3056      481A2BE8 
 3056      CFD4D514 
 3056      0AFC0116 
 3057 2770 CB3C3F00 		.ascii	"\313<?\000\014\306\037\014\212\365\342\031-\337W\243"
 3057      0CC61F0C 
 3057      8AF5E219 
 3057      2DDF57A3 
 3058 2780 DD29A403 		.ascii	"\335)\244\003$\002$\001\234\005H\005H\003H\321J\242"
 3058      24022401 
 3058      9C054805 
 3058      480348D1 
 3058      4AA2
 3059 2792 D69D10FD 		.ascii	"\326\235\020\375\031\3616q4\270\213\030Nd\213\351\346"
 3059      19F13671 
 3059      34B88B18 
 3059      4E648BE9 
 3059      E6
 3060 27a3 DAE7D043 		.ascii	"\332\347\320CS\364h+tK\3375\031\263-\202m\300\240\267"
 3060      53F4682B 
 3060      744BDF35 
 3060      19B32D82 
 3060      6DC0A0B7 
 3061 27b7 82E239BA 		.ascii	"\202\3429\272\355\345;\026\351\370\324\227\372\"+\332"
 3061      EDE53B16 
 3061      E9F8D497 
 3061      FA222BDA 
 3062 27c7 96730B1A 		.ascii	"\226s\013\032rEN\242\024"
 3062      72454EA2 
 3062      14
 3063 27d0 389130DE 		.ascii	"8\2210\336-A?m\205ny\003o8\226?_v\012\214\"H\001\235"
 3063      2D413F6D 
 3063      856E7903 
 3063      6F38963F 
 3063      5F760A8C 
 3064 27e8 53F7F531 		.ascii	"S\367\3651\326\314p\265\304i\015B\254\202\026\271{\213"
 3064      D6CC70B5 
 3064      C4690D42 
 3064      AC8216B9 
 3064      7B8B
 3065 27fa 9A686C52 		.ascii	"\232hlR\223a\354\350\333%\323w\364\333mwi\306\037\326"
 3065      9361ECE8 
 3065      DB25D377 
 3065      F4DB6D77 
 3065      69C61FD6 
 3066 280e A55BDE22 		.ascii	"\245[\336\"\316\322Z\337\345}\024\355\273J\310=d$\343"
 3066      CED25ADF 
 3066      E57D14ED 
 3066      BB4AC83D 
 3066      6424E3
 3067 2821 627BBA83 		.ascii	"b{\272\203\255{\304\331\300\205\255\332\321^\353\211"
 3067      AD7BC4D9 
 3067      C085ADDA 
 3067      D15EEB89 
 3068 2831 CE640D6B 		.ascii	"\316d\015kw\337\363\317P\021\343\323\254p?\267i\336"
 3068      77DFF3CF 
ARM GAS  /tmp/ccU7h4Da.s 			page 250


 3068      5011E3D3 
 3068      AC703FB7 
 3068      69DE
 3069 2843 FA66791E 		.ascii	"\372fy\036\320\311\227y\2145\357\2008G\253)\2055^\357"
 3069      D0C99779 
 3069      8C35EF80 
 3069      3847AB29 
 3069      85355EEF 
 3070 2857 DCCC9A6C 		.ascii	"\334\314\232l\344\026\310\224[(z\226\272\307\215\331"
 3070      E416C894 
 3070      5B287A96 
 3070      BAC78DD9 
 3071 2867 F6240299 		.ascii	"\366$\002\231\030n\255\036\347\367\313\374\251[\277"
 3071      186EAD1E 
 3071      E7F7CBFC 
 3071      A95BBF
 3072 2876 7ABAEEB2 		.ascii	"z\272\356\262\270\247\\\247<\347)\221\265<\2611|\311"
 3072      B8A75CA7 
 3072      3CE72991 
 3072      B53CB131 
 3072      7CC9
 3073 2888 859C458A 		.ascii	"\205\234E\212\251\031\017\022\004+vK\201]y%\257\007"
 3073      A9190F12 
 3073      042B764B 
 3073      815D7925 
 3073      AF07
 3074 289a 99EBF2C4 		.ascii	"\231\353\362\304@\306\356\005\316\256.\242\345V\212"
 3074      40C6EE05 
 3074      CEAE2EA2 
 3074      E5568A
 3075 28a9 4AD869B1 		.ascii	"J\330i\261\344\365\235!??ca\215 \344h\361\326q\225\326"
 3075      E4F59D21 
 3075      3F3F6361 
 3075      8D20E468 
 3075      F1D67195 
 3076 28be BC146DB9 		.ascii	"\274\024m\271\252\240\243\313>p=P\213x\242\351X\216"
 3076      AAA0A3CB 
 3076      3E703D50 
 3076      8B78A2E9 
 3076      588E
 3077 28d0 5B8A1AFD 		.ascii	"[\212\032\375[\032S\004_\216j\2164\013\226\317\224\015"
 3077      5B1A5304 
 3077      5F8E6A8E 
 3077      340B96CF 
 3077      940D
 3078 28e2 3D8F4FAC 		.ascii	"=\217O\254\200b\331\023+U\332-\262\323\215!\3768\014"
 3078      8062D913 
 3078      2B55DA2D 
 3078      B2D38D21 
 3078      FE380C
 3079 28f5 C8C5EE3C 		.ascii	"\310\305\356<\313\261\275\264\266\023\210bh\376\034"
 3079      CBB1BDB4 
 3079      B6138862 
 3079      68FE1C
 3080 2904 35F222CE 		.ascii	"5\362\"\316\0175\362\0120\346K\000\027\001\312\000\312"
 3080      0F35F20A 
 3080      30E64B00 
ARM GAS  /tmp/ccU7h4Da.s 			page 251


 3080      1701CA00 
 3080      CA
 3081 2915 01AA012A 		.ascii	"\001\252\001*\265\222D\242K\340\213.\271Z\233\254Ie"
 3081      B59244A2 
 3081      4BE08B2E 
 3081      B95A9BAC 
 3081      4965
 3082 2927 064C1AF9 		.ascii	"\006L\032\371i\322D1\315\317\247xk%\0032\365\316\305"
 3082      69D24431 
 3082      CDCFA778 
 3082      6B250332 
 3082      F5CEC5
 3083 293a 788BC583 		.ascii	"x\213\305\203\377\016{ty\366\304\362\011\3312i\215\214"
 3083      FF0E7B74 
 3083      79F6C4F2 
 3083      09D93269 
 3083      8D8C
 3084 294c BF5ACC3B 		.ascii	"\277Z\314;jY\336\221\222v\366\234\216\024?\275\325\236"
 3084      6A59DE91 
 3084      9276F69C 
 3084      8E143FBD 
 3084      D59E
 3085 295e 8A7A9961 		.ascii	"\212z\231am\334\314\036\264\036WtyC\216\027|/\365\037"
 3085      6DDCCC1E 
 3085      B41E5774 
 3085      79438E17 
 3085      7C2FF51F 
 3086 2972 A54C34C8 		.ascii	"\245L4\310}\2218\\j\247;\"\234I9c\200\004$.^q\330bo"
 3086      7D91385C 
 3086      6AA73B22 
 3086      9C493963 
 3086      8004242E 
 3087 298b 7F13D741 		.ascii	"\177\023\327A3\310\333\"\015!\033\035\317b^\007t\205"
 3087      33C8DB22 
 3087      0D211B1D 
 3087      CF625E07 
 3087      7485
 3088 299d 3AD05693 		.ascii	":\320V\223\242\265\320x\320)\311\002\033mc\213\373\361"
 3088      A2B5D078 
 3088      D029C902 
 3088      1B6D638B 
 3088      FBF1
 3089 29af 8ACAF2A5 		.ascii	"\212\312\362\245\267*\244\333wJyM\013\216\240\322\235"
 3089      B72AA4DB 
 3089      774A794D 
 3089      0B8EA0D2 
 3089      9D
 3090 29c0 09E35DD9 		.ascii	"\011\343]\331\340k\2255\320\206=\320\306z\2409\361J"
 3090      E06B9535 
 3090      D0863DD0 
 3090      C67AA039 
 3090      F14A
 3091 29d2 B9F27BEB 		.ascii	"\271\362{\353\332y\272v\016_\227R\221\354W\3177j;K\262"
 3091      DA79BA76 
 3091      0E5F9752 
 3091      91EC57CF 
 3091      376A3B4B 
ARM GAS  /tmp/ccU7h4Da.s 			page 252


 3092 29e7 C41D3C4B 		.ascii	"\304\035<K\034,_\271B,\357rw\200\025]a\226\326I\263"
 3092      1C2C5FB9 
 3092      422CEF72 
 3092      7780155D 
 3092      6196D649 
 3093 29fc B97696CD 		.ascii	"\271v\226\315\321c\352%\036\373|\027\311=M]\\\\Z\220"
 3093      D163EA25 
 3093      1EFB7C17 
 3093      C93D4D5D 
 3093      5C5C5A90 
 3094 2a10 469195AB 		.ascii	"F\221\225\253\234\225.\314\034\305i\3646\234F\227\236"
 3094      9C952ECC 
 3094      1CC569F4 
 3094      369C4697 
 3094      9E
 3095 2a21 496EE49E 		.ascii	"In\344\236-\214z\272\233e\371IV\333\302\257\001+\335"
 3095      2D8C7ABA 
 3095      9B65F949 
 3095      56DBC2AF 
 3095      012BDD
 3096 2a34 8C951ECA 		.ascii	"\214\225\036\312\312Ud\245\207\261rz\326g\205\337\335"
 3096      CA5564A5 
 3096      87B1727A 
 3096      D66785DF 
 3096      DD
 3097 2a45 6FA60F23 		.ascii	"o\246\017#\304\024\315\337u\"5h\231\342\033\030v\340"
 3097      C414CDDF 
 3097      75223568 
 3097      99E21B18 
 3097      76E0
 3098 2a57 1B18B29B 		.ascii	"\033\030\262\233\233\007\234\310e\274\326\2606\350\347"
 3098      9B079CC8 
 3098      65BCD6B0 
 3098      36E8E7
 3099 2a66 40AE6221 		.ascii	"@\256b! \257\373\276\302k\363\006\264\266^\233w6\177"
 3099      20AFFBBE 
 3099      C26BF306 
 3099      B4B65E9B 
 3099      77367F
 3100 2a79 2CD3894C 		.ascii	",\323\211L`\355\272\023\2217\\\310,\026\274\033\006"
 3100      60EDBA13 
 3100      91375CC8 
 3100      2C16BC1B 
 3100      06
 3101 2a8a 57F86356 		.ascii	"W\370cVI\365\262\334\311N\030\022C\221$u\012\030\313"
 3101      49F5B2DC 
 3101      C94E1812 
 3101      43912475 
 3101      0A18CB
 3102 2a9d DB70248B 		.ascii	"\333p$\213X9\276uiP\260YY\030\006>l\325\357\312\010"
 3102      5839BE75 
 3102      6950B059 
 3102      5918063E 
 3102      6CD5EFCA 
 3103 2ab2 6F34109F 		.ascii	"o4\020\237ml\271\346\301\265\246*g\351r\315b\213~.\315"
 3103      6D6CB9E6 
 3103      C1B5A62A 
ARM GAS  /tmp/ccU7h4Da.s 			page 253


 3103      67E972CD 
 3103      628B7E2E 
 3104 2ac7 CFD8053E 		.ascii	"\317\330\005>y\020\242\373\015 2\256\265\272A+\3114"
 3104      7910A2FB 
 3104      0D2032AE 
 3104      B5BA412B 
 3104      C934
 3105 2ad9 36F2F890 		.ascii	"6\362\370\220\270\005m\335\344\3506\206\204\302\262"
 3105      B8056DDD 
 3105      E4E83686 
 3105      84C2B2
 3106 2ae8 F33837EC 		.ascii	"\36387\35410\354Q\200\333\000\023R\017\270|q\207y\351"
 3106      3130EC51 
 3106      80DB0013 
 3106      520FB87C 
 3106      718779E9 
 3107 2afc 79C48ABE 		.ascii	"y\304\212\276\325\014\257\340\245p\037c\346o\031\367"
 3107      D50CAFE0 
 3107      A5701F63 
 3107      E66F19F7 
 3108 2b0c FDB6B9EF 		.ascii	"\375\266\271\357\323\342\230\273\234V\\\253\"Y\333p"
 3108      D3E298BB 
 3108      9C565CAB 
 3108      2259DB70 
 3109 2b1c B9A6BE3E 		.ascii	"\271\246\276>\314\302/\232\036l\237\344t\024\030\205"
 3109      CCC22F9A 
 3109      1E6C9FE4 
 3109      74141885 
 3110 2b2c DAA34DCD 		.ascii	"\332\243M\315~:r\021I\325\316=8\247&\227\260\020\342"
 3110      7E3A7211 
 3110      49D5CE3D 
 3110      38A72697 
 3110      B010E2
 3111 2b3f 15F77D52 		.ascii	"\025\367}R\313\216\311\304\300\344]\373-\374\316]\336"
 3111      CB8EC9C4 
 3111      C0E45DFB 
 3111      2DFCCE5D 
 3111      DE
 3112 2b50 C63DA03D 		.ascii	"\306=\240=+U\302J\277\376\304\261 L]\251\036f\200\241"
 3112      2B55C24A 
 3112      BFFEC4B1 
 3112      204C5DA9 
 3112      1E6680A1 
 3113 2b64 BB5BB99E 		.ascii	"\273[\271\236\261?3\257\251O\333F\026=\317m\337\240"
 3113      B13F33AF 
 3113      A94FDB46 
 3113      163DCF6D 
 3113      DFA0
 3114 2b76 481732BE 		.ascii	"H\0272\276\215\357\300-\232\345S\257~::\216%\327\211"
 3114      8DEFC02D 
 3114      9AE553AF 
 3114      7E3A3A8E 
 3114      25D789
 3115 2b89 6F77AD59 		.ascii	"ow\255Y\247\010\363\217\002\037\270\2209\264\236\334"
 3115      A708F38F 
 3115      021FB890 
 3115      39B49EDC 
ARM GAS  /tmp/ccU7h4Da.s 			page 254


 3116 2b99 E5C50E07 		.ascii	"\345\305\016\007\351S\374s9;\360\221\353;\320^/\264"
 3116      E953FC73 
 3116      393BF091 
 3116      EB3BD05E 
 3116      2FB4
 3117 2bab BBA8952E 		.ascii	"\273\250\225.\230_\327Z[\003\344^\367a\270\316\323\370"
 3117      985FD75A 
 3117      5B03E45E 
 3117      F761B8CE 
 3117      D3F8
 3118 2bbd 33C76B50 		.ascii	"3\307kP\035,\201\016\226\001\036\002,Hu1\231\3752\177"
 3118      1D2C810E 
 3118      96011E02 
 3118      2C487531 
 3118      99FD327F 
 3119 2bd1 3BDE3948 		.ascii	";\3369H\263\247x\025q\277\262\215\025\205D\3726=\340"
 3119      B3A77815 
 3119      71BFB28D 
 3119      158544FA 
 3119      363DE0
 3120 2be4 A90074F1 		.ascii	"\251\000t\361\200\243+\336T\237\313\342\213\362Tct\311"
 3120      80A32BDE 
 3120      549FCBE2 
 3120      8BF25463 
 3120      74C9
 3121 2bf6 5F8E6D36 		.ascii	"_\216m67\312 ]2\035\032\251\326\217\012\267\004\372"
 3121      37CA205D 
 3121      321D1AA9 
 3121      D68F0AB7 
 3121      04FA
 3122 2c08 426C4198 		.ascii	"BlA\230\217\243\273%\350\333\265\341?\014Y\364W\240"
 3122      8FA3BB25 
 3122      E8DBB5E1 
 3122      3F0C59F4 
 3122      57A0
 3123 2c1a C71436C5 		.ascii	"\307\0246\305?\201\376q<\374\241\010x\016\177\304\377"
 3123      3F81FE71 
 3123      3CFCA108 
 3123      780E7FC4 
 3123      FF
 3124 2c2b F09C8A53 		.ascii	"\360\234\212SQ\331\341\237\200u\220:+JH\343u\201_\027"
 3124      51D9E19F 
 3124      8075903A 
 3124      2B4A48E3 
 3124      75815F17 
 3125 2c3f 89600531 		.ascii	"\211`\0051\332\212\025\371)\025oNZC\260\342\330L\320"
 3125      DA8A15F9 
 3125      29156F4E 
 3125      5A43B0E2 
 3125      D84CD0
 3126 2c52 CE4454FC 		.ascii	"\316DT\374\343\307t\376\336S\327\254\037\023F\274\250"
 3126      E3C774FE 
 3126      DE53D7AC 
 3126      1F1346BC 
 3126      A8
 3127 2c63 83AFBEF6 		.ascii	"\203\257\276\366w\377(8\207}\301\016W\243\222\223\274"
 3127      77FF2838 
ARM GAS  /tmp/ccU7h4Da.s 			page 255


 3127      877DC10E 
 3127      57A39293 
 3127      BC
 3128 2c74 EC49F876 		.ascii	"\354I\370vVx\022\\\231\351\370\245$c\315\210\261\346"
 3128      5678125C 
 3128      99E9F8A5 
 3128      2463CD88 
 3128      B1E6
 3129 2c86 D6ACBE23 		.ascii	"\326\254\276#\3478X\270\360=v\273u\025:\212\007yzl'"
 3129      E73858B8 
 3129      F03D76BB 
 3129      75153A8A 
 3129      07797A6C 
 3130 2c9b 3CD28E09 		.ascii	"<\322\216\011\302\212v\224\362\260\246\375\022T_\010"
 3130      C28A7694 
 3130      F2B0A6FD 
 3130      12545F08 
 3131 2cab CAB9A325 		.ascii	"\312\271\243%MHk\364\312|\2453\2475\370\017`\374\220"
 3131      4D486BF4 
 3131      CA7CA533 
 3131      A735F80F 
 3131      60FC90
 3132 2cbe D91B556C 		.ascii	"\331\033Ul\013\365c\011\251\307\226\244\2360RuO&\233"
 3132      0BF56309 
 3132      A9C796A4 
 3132      9E305275 
 3132      4F269B
 3133 2cd1 F4641849 		.ascii	"\364d\030I\235\350X\232\323qR\335\177##\265.!\265nI"
 3133      9DE8589A 
 3133      D37152DD 
 3133      7F2323B5 
 3133      2E21B56E 
 3134 2ce6 6A83914A 		.ascii	"j\203\221JN\017\354\023\310\012\222\352\010\272S\351"
 3134      4E0FEC13 
 3134      C80A92EA 
 3134      08BA53E9 
 3135 2cf6 C449D5FD 		.ascii	"\304I\325\375\245\214\324\246\204\324\246%)\243=%\325"
 3135      A58CD4A6 
 3135      84D4A625 
 3135      29A33D25 
 3135      D5
 3136 2d07 355711EC 		.ascii	"5W\021\354@N\354`\244N\2454\364\350\025W\015\274\355"
 3136      404EEC60 
 3136      A44EA534 
 3136      F4E81557 
 3136      0DBCED
 3137 2d1a 9FB3A3CB 		.ascii	"\237\263\243\313\013L\377U]\363g\005Q\257A\016WB\250"
 3137      0B4CFF55 
 3137      5DF36705 
 3137      51AF410E 
 3137      5742A8
 3138 2d2d E710DEA4 		.ascii	"\347\020\336\244H\002h\337\324,\034\313\233\365a\315"
 3138      480268DF 
 3138      D42C1CCB 
 3138      9BF561CD 
 3139 2d3d 16F65C59 		.ascii	"\026\366\\YQ\223&lvp\340\366\212\365\353\261\350kd\216"
 3139      5193266C 
ARM GAS  /tmp/ccU7h4Da.s 			page 256


 3139      7670E0F6 
 3139      8AF5EBB1 
 3139      E86B648E 
 3140 2d51 D94BD3B0 		.ascii	"\331K\323\260\260\322s\277\262B\013\262B\213\367\235"
 3140      B0D273BF 
 3140      B2420BB2 
 3140      428BF79D 
 3141 2d61 6996CD6E 		.ascii	"i\226\315n\374\354\245\216\351\270\275\370z\240\370"
 3141      FCECA58E 
 3141      E9B8BDF8 
 3141      7AA0F8
 3142 2d70 CBF18E6C 		.ascii	"\313\361\216l\335\004N\361u\223\215\343\2335\016\212"
 3142      DD044EF1 
 3142      75938DE3 
 3142      9B350E8A 
 3143 2d80 1A08A01A 		.ascii	"\032\010\240\032\360\267\347*\310\253K\037\024U\260"
 3143      F0B7E72A 
 3143      C8AB4B1F 
 3143      1455B0
 3144 2d8f D8AFCF6D 		.ascii	"\330\257\317m\201\220\006\365\336dx\202\257D\011\276"
 3144      819006F5 
 3144      DE647882 
 3144      AF4409BE 
 3145 2d9f 964A0864 		.ascii	"\226J\010dJ\210\254*^q }\250\204\224\344\316\037\230"
 3145      4A88AC2A 
 3145      5E71207D 
 3145      A88494E4 
 3145      CE1F98
 3146 2db2 EDD43F8F 		.ascii	"\355\324?\217\333)\275\227\022$!\025dI*\230\221j\013"
 3146      DB29BD97 
 3146      12242115 
 3146      64492A98 
 3146      916A0B
 3147 2dc5 6CAE7420 		.ascii	"l\256t \363H*8%\375\022\356i\240o\011A\301\326\375\346"
 3147      F3482A38 
 3147      25FD12EE 
 3147      69A06F09 
 3147      41C1D6FD 
 3148 2dda 42714704 		.ascii	"BqG\004\275\363\037j\317N\006\236\316\350\320\263\223"
 3148      BDF31F6A 
 3148      CF4E069E 
 3148      CEE8D0B3 
 3148      93
 3149 2deb 740E7F02 		.ascii	"t\016\177\002O^\314\012Zt\020og\205\341\271\307\201"
 3149      4F5ECC0A 
 3149      5A74106F 
 3149      6785E1B9 
 3149      C781
 3150 2dfd D511B2E5 		.ascii	"\325\021\262\345$JD\262\236D\365rR\324K~CM\277\013\027"
 3150      244A44B2 
 3150      9E44F572 
 3150      52D44B7E 
 3150      434DBF0B 
 3151 2e12 6523813D 		.ascii	"e#\201=`r\014*\252)\232\020\"\221%\304R\226\010&\313"
 3151      60720C2A 
 3151      AA299A10 
 3151      229125C4 
ARM GAS  /tmp/ccU7h4Da.s 			page 257


 3151      52960826 
 3152 2e27 645E708A 		.ascii	"d^p\212\216l\240,e\371\247z\315|\243,)e\231s\202\211"
 3152      8E6CA02C 
 3152      65F9A77A 
 3152      CD7CA32C 
 3152      29659973 
 3153 2e3d ED53C8A2 		.ascii	"\355S\310\242\337\306\243IG\221\355\323xn\251\260m\311"
 3153      DFC6A349 
 3153      4791EDD3 
 3153      786EA9B0 
 3153      6DC9
 3154 2e4f 5999ED68 		.ascii	"Y\231\355h\312v\224\310\366\203\320YoqH.|l\032G\200"
 3154      CA7694C8 
 3154      F683D059 
 3154      6F71482E 
 3154      7C6C1A47 
 3155 2e64 24444A98 		.ascii	"$DJ\230\216\264d:\2061\235\022\025<\245!\301\3170\246"
 3155      8EB4643A 
 3155      86319D12 
 3155      153CA521 
 3155      C1CF30A6 
 3156 2e78 ABC6C38B 		.ascii	"\253\306\303\213\004\333\233_m\354\270\241*\313(\257"
 3156      04DB9B5F 
 3156      6DECB8A1 
 3156      2ACB28AF 
 3157 2e88 C48E88B3 		.ascii	"\304\216\210\263\027\245\034+]\011U~\034$\201\362\036"
 3157      17A51C2B 
 3157      5D09557E 
 3157      1C2481F2 
 3157      1E
 3158 2e99 2FF27E69 		.ascii	"/\362~i~`\304\201\363\336\227\343\220\177\214\217F\300"
 3158      7E60C481 
 3158      F3DE97E3 
 3158      907F8C8F 
 3158      46C0
 3159 2eab 126225CC 		.ascii	"\022b%\314\307Z2\177\2061?s:\245\213\220\013\310\374"
 3159      C75A327F 
 3159      86313F73 
 3159      3AA58B90 
 3159      0BC8FC
 3160 2ebe 1FFCBD00 		.ascii	"\037\374\275\000\363#7I&\346\243g\023f\224\307Q\012"
 3160      F3233749 
 3160      26E6A367 
 3160      136694C7 
 3160      510A
 3161 2ed0 653E5964 		.ascii	"e>Yd~*\352\352Y\203\250\370\277B\305'\251(\222\220("
 3161      7E2AEAEA 
 3161      5983A8F8 
 3161      BF42C527 
 3161      A9289290 
 3162 2ee5 E13DD192 		.ascii	"\341=\321\222\367\263\214w\337\354\233+:\322\360\214"
 3162      F7B38C77 
 3162      DFEC9B2B 
 3162      3AD2F08C 
 3163 2ef5 A2E5171B 		.ascii	"\242\345\027\033\213\2724\242a\244q\303\250\215\357"
 3163      8BBA34A2 
 3163      61A471C3 
ARM GAS  /tmp/ccU7h4Da.s 			page 258


 3163      A88DEF
 3164 2f04 A26B195A 		.ascii	"\242k\031Z|`\230\276*\2727\252\351\233x\2062\3751\234"
 3164      7C6098BE 
 3164      2ABA37AA 
 3164      E99B7886 
 3164      32FD319C 
 3165 2f18 E90BBE06 		.ascii	"\351\013\276\006\251i7R^\213yR$\335\213,\321J\226=\253"
 3165      A9693752 
 3165      5E8B7952 
 3165      24DD8B2C 
 3165      D14A963D 
 3166 2f2d 46B59269 		.ascii	"F\265\222i\377\242\220a\317\264RVq-Yf{\331\366R\333"
 3166      FFA29061 
 3166      CFB45256 
 3166      712D5966 
 3166      7BD9F652 
 3167 2f42 CBA12A48 		.ascii	"\313\241*H\027U\320ui\271\207H\242T\321\243./\343\016"
 3167      1755D075 
 3167      69B98748 
 3167      A254D1A3 
 3167      2E2FE30E 
 3168 2f56 A38EA209 		.ascii	"\243\216\242\011\251\022%\244Z*!\227)!\264\262\245\300"
 3168      A91225A4 
 3168      5A2A2197 
 3168      2921B4B2 
 3168      A5C0
 3169 2f68 91F43FA3 		.ascii	"\221\364?\243\264\275\352xD\356\272Z\231\231\002\312"
 3169      B4BDEA78 
 3169      44EEBA5A 
 3169      999902CA 
 3170 2f78 4CBEC8CC 		.ascii	"L\276\310\314\261'\017\243\304\376\030\373O\323@\000"
 3170      B1270FA3 
 3170      C4FE18FB 
 3170      4FD34000 
 3171 2f88 24214FC2 		.ascii	"$!O\302J\236%+\205\214\225\362vc\2153\271\215\254\364"
 3171      4A9E252B 
 3171      858C95F2 
 3171      76638D33 
 3171      B98DACF4 
 3172 2f9c DD8A4C54 		.ascii	"\335\212LT"
 3173 2fa0 915545BE 		.ascii	"\221UE\276F3n\037eg~m\020\212\261k\306\2022\247\365"
 3173      46336E1F 
 3173      65677E6D 
 3173      108AB16B 
 3173      C68232A7 
 3174 2fb5 2256099E 		.ascii	"\"V\011\236\363\351\210\354\333\202\375\363\224\375"
 3174      F3E988EC 
 3174      DB82FDF3 
 3174      94FD
 3175 2fc3 5291FDF9 		.ascii	"R\221\375\3713\367\3035\"\373\211\004\371\367RQ,\341"
 3175      33F7C335 
 3175      22FB8904 
 3175      F9F75251 
 3175      2CE1
 3176 2fd5 9C84FF73 		.ascii	"\234\204\377s\026\374\333\346\260\273\2769\317E\321"
 3176      16FCDBE6 
 3176      B0BBBE39 
ARM GAS  /tmp/ccU7h4Da.s 			page 259


 3176      CF45D1
 3177 2fe4 90CB68CB 		.ascii	"\220\313h\313\027\305\226\375\274\233\273\265\274\345"
 3177      17C596FD 
 3177      BC9BBBB5 
 3177      BCE5
 3178 2ff2 2E2F5526 		.ascii	"./U&\324y\215\242\010E\246f\205\013"
 3178      D4798DA2 
 3178      0845A666 
 3178      850B
 3179 3000 F65FA245 		.ascii	"\366_\242E\271\346\312\231\346\316\036\333\250\326\020"
 3179      B9E6CA99 
 3179      E6CE1EDB 
 3179      A8D610
 3180 300f BF679594 		.ascii	"\277g\225\224\365\304\273\354\2263;E7&U\242j\246V\257"
 3180      F5C4BBEC 
 3180      96333B45 
 3180      372655A2 
 3180      6AA656AF 
 3181 3023 3F42FF48 		.ascii	"?B\377H\227\013\252\360\344\232\327\311<\215\"\323\325"
 3181      970BAAF0 
 3181      E49AD7C9 
 3181      3C8D22D3 
 3181      D5
 3182 3034 94E94B22 		.ascii	"\224\351K\"\323g\363;\356\320\364a\204z\353|\222\016"
 3182      D367F33B 
 3182      EED0F461 
 3182      847AEB7C 
 3182      920E
 3183 3046 131BA8F6 		.ascii	"\023\033\250\366\005\212%TH\324Ua\311t\015cz\252\343"
 3183      058A2554 
 3183      48D45561 
 3183      C9740D63 
 3183      7AAAE3
 3184 3059 D4194712 		.ascii	"\324\031G\022\361\254\242\263N](\273\2522m\260\253C"
 3184      F1ACA2B3 
 3184      4E5D28BB 
 3184      AA326DB0 
 3184      AB43
 3185 306b 06333602 		.ascii	"\00636\002&u&\256\353\361\344\231\221\205\\'eo}\231"
 3185      267526AE 
 3185      EBF1E499 
 3185      91855C27 
 3185      656F7D99 
 3186 307f B2DD20B2 		.ascii	"\262\335 \262\035\323\2639C8\333\303U$\332\024d\000"
 3186      1DD3B339 
 3186      4338DBC3 
 3186      5524DA14 
 3186      6400
 3187 3091 4DA895F0 		.ascii	"M\250\225\360]k\311w#\343\2738~.\327\211d=\253\3506"
 3187      5D6BC977 
 3187      23E3BB38 
 3187      7E2ED789 
 3187      643DABE8 
 3188 30a6 CEFAA7C4 		.ascii	"\316\372\247\3049\231Xl\266\337j_G\253,\377\3509WTc"
 3188      3999586C 
 3188      B6DF6A5F 
 3188      47AB2CFF 
ARM GAS  /tmp/ccU7h4Da.s 			page 260


 3188      E8395754 
 3189 30bb 7D53886E 		.ascii	"}S\210ne\221\343\3657\235\030\222m\342j\223\345)\355"
 3189      6591E3F5 
 3189      379D1892 
 3189      6DE26A93 
 3189      E529ED
 3190 30ce 629EB296 		.ascii	"b\236\262\226Y\260,\363\245pE\242\227+T/-\242^\002\003"
 3190      59B02CF3 
 3190      A57045A2 
 3190      972B542F 
 3190      2DA25E02 
 3191 30e3 3257B4A2 		.ascii	"2W\264\242^ZH\202I/\200&4I\364\322d\251\227\016\246"
 3191      5E5A4882 
 3191      492F8026 
 3191      3449F4D2 
 3191      64A9970E 
 3192 30f8 17FFAB49 		.ascii	"\027\377\253I\325ZR\203z\271r1f\314\331j\201\326Z\222"
 3192      D55A5283 
 3192      7AB97231 
 3192      66CCD96A 
 3192      81D65A92 
 3193 310c D5A0D868 		.ascii	"\325\240\330h\331\016\220.\231$WEIJ\226&*P\317WM\031"
 3193      D90E902E 
 3193      99245745 
 3193      494A9626 
 3193      2A50CF57 
 3194 3122 57C27A5A 		.ascii	"W\302zZ\237\306\244\347n\324sL\361\300\177\220\253\310"
 3194      9FC6A4E7 
 3194      6ED4734C 
 3194      F1C07F90 
 3194      ABC8
 3195 3134 44F2F2A5 		.ascii	"D\362\362\245\257\333zOM\217\275\255\215;\325\241\005"
 3195      AFDB7A4F 
 3195      4D8FBDAD 
 3195      8D3BD5A1 
 3195      05
 3196 3145 6144AAAC 		.ascii	"aD\252\254\3532W\321K\225uMT\326\205\231\246~GQY\375"
 3196      EB3257D1 
 3196      4B95754D 
 3196      54D68599 
 3196      A67E4751 
 3197 315b EC617554 		.ascii	"\354auT\026\240\011\235\022euZ*\253\217)\353v\364T\277"
 3197      16A0099D 
 3197      1265755A 
 3197      2AAB8F29 
 3197      EB76F454 
 3198 3170 33195636 		.ascii	"3\031V6\"\277+\253\377\227I\336\001\224m\2425\352\266"
 3198      22BF2BAB 
 3198      FF9749DE 
 3198      01946DA2 
 3198      35EAB6
 3199 3183 A349E041 		.ascii	"\243I\340A<\231\\\224\340\355\254\314\366M\312\366\015"
 3199      3C995C94 
 3199      E0EDACCC 
 3199      F64DCAF6 
 3199      0D
 3200 3194 91EDA1FE 		.ascii	"\221\355\241\376\201G\342\220\255\233\"&\017\015XB\277"
ARM GAS  /tmp/ccU7h4Da.s 			page 261


 3200      8147E290 
 3200      AD9B2226 
 3200      0F0D5842 
 3200      BF
 3201 31a5 84EB7E4B 		.ascii	"\204\353~K\256\207\030\327\013\343\363\343\204,+s-\317"
 3201      AE8718D7 
 3201      0BE3F3E3 
 3201      842C2B73 
 3201      2DCF
 3202 31b7 156F2187 		.ascii	"\025o!\207!\363\331\255jv\262\023\306\361\010\236\354"
 3202      21F3D9AD 
 3202      6A76B213 
 3202      C6F1089E 
 3202      EC
 3203 31c8 CA0C2E52 		.ascii	"\312\014.R\213^j\024\317]\363\271=F\224\207\3618\025"
 3203      8B5E6A14 
 3203      CF5DF3B9 
 3203      3D469487 
 3203      F13815
 3204 31db 654C14A5 		.ascii	"eL\024\2459\325\353\262\350\254'C%\271\"\240\011\303"
 3204      39D5EBB2 
 3204      E8AC2743 
 3204      25B922A0 
 3204      09C3
 3205 31ed 1259862D 		.ascii	"\022Y\206-e\231`\262<\274\223uUE\374\236S\224\345\224"
 3205      659960B2 
 3205      3CBC9375 
 3205      5545FC9E 
 3205      5394E594 
 3206 3201 CFA03F3E 		.ascii	"\317\240?>iK\357\006O\"\213I!^\235\246\030s\007\317"
 3206      694BEF06 
 3206      4F228B49 
 3206      215E9DA6 
 3206      187307CF 
 3207 3215 A5F49447 		.ascii	"\245\364\224G\351\225c\3144e{Jd\273j\315;G%\262\355"
 3207      E99563CC 
 3207      34657B4A 
 3207      64BB6ACD 
 3207      3B4725B2 
 3208 322a 2F311C40 		.ascii	"/1\034@\023nK\330\276m\311\366\014c;\250tfBK\"\237\343"
 3208      136E4BD8 
 3208      BE6DC9F6 
 3208      0C633BA8 
 3208      7466424B 
 3209 3241 7BA3037D 		.ascii	"{\243\003}\234M,\"\333\331\201\305\251\246l\366\036"
 3209      9C4D2C22 
 3209      DBD981C5 
 3209      A9A66CF6 
 3209      1E
 3210 3252 72D81077 		.ascii	"r\330\020w\251\335A\231\3039\312\341\254\310\341\345"
 3210      A9DD4199 
 3210      C339CAE1 
 3210      ACC8E1E5 
 3211 3262 DCE64531 		.ascii	"\334\346E1#\034\3737\223\211\000\222pW\302\337]K\376"
 3211      231CFB37 
 3211      93890092 
 3211      7057C2DF 
ARM GAS  /tmp/ccU7h4Da.s 			page 262


 3211      5D4BFE
 3212 3275 E6197F9D 		.ascii	"\346\031\177\235\253I\331\204$?\247\350\325\363\273"
 3212      AB49D984 
 3212      243FA7E8 
 3212      D5F3BB
 3213 3284 1E9D124C 		.ascii	"\036\235\022L\326\360\200[\303PF\255Vdz\001\317\235"
 3213      D6F0805B 
 3213      C35046AD 
 3213      56647A01 
 3213      CF9D
 3214 3296 3046FA6E 		.ascii	"0F\372n1sxH\231^\024\231\016\215\350\255\020'\353\033"
 3214      31737848 
 3214      995E1499 
 3214      0E8DE8AD 
 3214      1027EB1B 
 3215 32aa 332F278B 		.ascii	"3/'\213\261\010\260\204\373\022\256\357[r\275\304\270"
 3215      B108B084 
 3215      FB12AEEF 
 3215      5B72BDC4 
 3215      B8
 3216 32bb 6E596F0E 		.ascii	"nYo\016\322\221B\344\332\270^^\300\037\261\326\210\276"
 3216      D29142E4 
 3216      DAB85E5E 
 3216      C01FB1D6 
 3216      88BE
 3217 32cd A6B574F4 		.ascii	"\246\265t\364\221y\350\255 \207\361A\275\021*\345\241"
 3217      9179E8AD 
 3217      2087F141 
 3217      BD112AE5 
 3217      A1
 3218 32de B74A397C 		.ascii	"\267J9|$r\270\032s#K\034z\275\367$\035\017h\302\262"
 3218      2472B81A 
 3218      73234B1C 
 3218      7ABDF724 
 3218      1D0F68C2 
 3219 32f3 84C5654B 		.ascii	"\204\305eK\026\327\030\213\011\311\017\306\364\244\021"
 3219      16D7188B 
 3219      09C90FC6 
 3219      F4A411
 3220 3302 592CAF5D 		.ascii	"Y,\257]\230\262~I.\275A\362D\346^\275\207\202O\311\266"
 3220      98B27E49 
 3220      2EBD41F2 
 3220      44E65EBD 
 3220      87824FC9 
 3221 3317 983F91B9 		.ascii	"\230?\221\271\327u\321\275\326V\304\305bT]7\271\327"
 3221      D775D1BD 
 3221      D656C4C5 
 3221      62545D37 
 3221      B9D7
 3222 3329 EB59CB89 		.ascii	"\353Y\313\211D1\025\330\244\302m\210\302%w\373\325\010"
 3222      443115D8 
 3222      A4C26D88 
 3222      C22577FB 
 3222      D508
 3223 333b A270811A 		.ascii	"\242p\201\032S*\000X\302c\211l\217-e3\352\250l\327\303"
 3223      532A0058 
 3223      C263896C 
ARM GAS  /tmp/ccU7h4Da.s 			page 263


 3223      8F2D6533 
 3223      EAA86CD7 
 3224 3350 1E17EA49 		.ascii	"\036\027\352I/\312v\177\252\036m\372\202iO\302\300Z"
 3224      2FCA767F 
 3224      AA1E6DFA 
 3224      82694FC2 
 3224      C05A
 3225 3362 53B5D6C4 		.ascii	"S\265\326\304\236\267\216\235\354\230\276\234\242\274"
 3225      9EB78E9D 
 3225      EC98BE9C 
 3225      A2BC
 3226 3370 41D15707 		.ascii	"A\321W\007\374\371\3508\177\215'\243\252E\345\257\005"
 3226      FCF9E838 
 3226      7F8D27A3 
 3226      AA45E5AF 
 3226      05
 3227 3381 6B4C460D 		.ascii	"kLF\015X\202\227N\262\346\240\263\340\357\030\343/\363"
 3227      5882974E 
 3227      B2E6A0B3 
 3227      E0EF18E3 
 3227      2FF3
 3228 3393 4173BF8A 		.ascii	"As\277\212\214\"\177ce>\2174\234Vw\264\231\026\225\325"
 3228      8C227F63 
 3228      653E8F34 
 3228      9C5677B4 
 3228      991695D5 
 3229 33a7 4F42CBCF 		.ascii	"OB\313\317\222\326qFk\351ae\021!w\237\373,\211m\000"
 3229      92D67146 
 3229      6BE96165 
 3229      1121779F 
 3229      FB2C896D 
 3230 33bc 4A1A7169 		.ascii	"J\032qi\272\310`\022?\020O6\305]\232\326)\217\351`*"
 3230      BAC86012 
 3230      3F104F36 
 3230      C55D9AD6 
 3230      298FE960 
 3231 33d1 7F90287F 		.ascii	"\177\220(\177G\312\375\014\261\177&\3434\031b\377\000"
 3231      47CAFD0C 
 3231      B17F26E3 
 3231      341962FF 
 3231      00
 3232 33e2 96E02FE1 		.ascii	"\226\340/\341\331\337\222\347\020\306\363\324\325\246"
 3232      D9DF92E7 
 3232      10C6F3D4 
 3232      D5A6
 3233 33f0 78421E21 		.ascii	"xB\036!\317\253\323\205u\350\002\263M\223\266{\307z"
 3233      CFABD385 
 3233      75E802B3 
 3233      4D93B67B 
 3233      C77A
 3234 3402 169C15FB 		.ascii	"\026\234\025\373\"\214\362rB\344\305\353\370\355z\026"
 3234      228CF272 
 3234      42E4C5EB 
 3234      F8ED7A16 
 3235 3412 3A8D30E3 		.ascii	":\2150\343\364w\272\033\340\027bL\026\030\226\020*\341"
 3235      F477BA1B 
 3235      E017624C 
ARM GAS  /tmp/ccU7h4Da.s 			page 264


 3235      16189610 
 3235      2AE1
 3236 3424 058E3147 		.ascii	"\005\2161G:\311xH\236M\350r\"\347\236\307\227\021\234"
 3236      3AC97848 
 3236      9E4DE872 
 3236      22E79EC7 
 3236      97119C
 3237 3437 8FA8C414 		.ascii	"\217\250\304\024\213\275\231M9\277\212\324I\207CLAY"
 3237      8BBD994D 
 3237      39BF8AD4 
 3237      4987434C 
 3237      4159
 3238 3449 B113A940 		.ascii	"\261\023\251@\032\323\275y\003\326\267\360N\001\007"
 3238      1AD3BD79 
 3238      03D6B7F0 
 3238      4E0107
 3239 3458 F24A8D19 		.ascii	"\362J\215\031\021\273d\017\332\350d\017\332\350\370"
 3239      11BB640F 
 3239      DAE8640F 
 3239      DAE8F8
 3240 3467 103AE9B5 		.ascii	"\020:\351\265\010\2232\025\236\022\"\260\2236\316\015"
 3240      08933215 
 3240      9E1222B0 
 3240      9336CE0D 
 3241 3477 36CA6CF4 		.ascii	"6\312l\3647\322>\212\241z\211\026\3652\333\336vC\305"
 3241      37D23E8A 
 3241      A17A8916 
 3241      F532DBDE 
 3241      7643C5
 3242 348a F5D214EB 		.ascii	"\365\322\024\3534\325\341W\363\013\206#\204K\264\022"
 3242      34D5E157 
 3242      F30B8623 
 3242      844BB412 
 3243 349a 2E6A2516 		.ascii	".j%\026GN\177\350\2123\361\375\034\223\350q\364r\221"
 3243      474E7FE8 
 3243      8A33F1FD 
 3243      1C93E871 
 3243      F47291
 3244 34ad 49B3B94E 		.ascii	"I\263\271N\331>\\\263te-NB#N\244\021\317h\364\234;~"
 3244      D93E5CB3 
 3244      74652D4E 
 3244      42234EA4 
 3244      11CF68F4 
 3245 34c4 4747BA90 		.ascii	"GG\272\220FrB\346U-\2471^\3454x\231qA)$H($\210\024\316"
 3245      467242E6 
 3245      552DA731 
 3245      5EE53478 
 3245      99714129 
 3246 34df 300A17CF 		.ascii	"0\012\027\317\030\215Z\022\373\002\243\360`4\357\032"
 3246      188D5A12 
 3246      FB02A3F0 
 3246      6034EF1A 
 3247 34ef 2A82BE50 		.ascii	"*\202\276P\035\355#,-\364O\254TM\337R\236,Su\371b\336"
 3247      1DED232C 
 3247      2DF44FAC 
 3247      544DDF52 
 3247      9E2C5375 
ARM GAS  /tmp/ccU7h4Da.s 			page 265


 3248 3506 8675FE7B 		.ascii	"\206u\376{\337\012\357\301\235\234!\331\276\243\024"
 3248      DF0AEFC1 
 3248      9D9C21D9 
 3248      BEA314
 3249 3515 599F9C15 		.ascii	"Y\237\234\025\373\344JBv'\306\0378%$a\237T\337\235\332"
 3249      FBE44A42 
 3249      7627C61F 
 3249      38252461 
 3249      9F54DF9D 
 3250 352a 50F66B69 		.ascii	"P\366ki\264ORu\246h\335\321\347\300\265\321\026@\342"
 3250      B44F5275 
 3250      A668DDD1 
 3250      E7C0B5D1 
 3250      1640E2
 3251 353d 511B8023 		.ascii	"Q\033\200#$J\264\221(j#\235i\243\332?\256WM\012P\033"
 3251      244AB491 
 3251      286A239D 
 3251      69A3DA3F 
 3251      AE574D0A 
 3252 3553 B3E747BA 		.ascii	"\263\347G\272\014f}\016\230\365\231!\241\220!R\310d"
 3252      0C667D0E 
 3252      98F59921 
 3252      A1902152 
 3252      C864
 3253 3565 14022A03 		.ascii	"\024\002*\003\273\324\244\005)\314\257\337l\324s\012"
 3253      BBD4A405 
 3253      29CCAFDF 
 3253      6CD4730A 
 3254 3575 D7729DB2 		.ascii	"\327r\235\262\352M\024\262$\024\262D\012\331\214Bb\374"
 3254      EA4D14B2 
 3254      2414B244 
 3254      0AD98C42 
 3254      62FC
 3255 3587 35A33D99 		.ascii	"5\243=\231B\012\371'k\332p]\356\236)\014\307\236NKs"
 3255      420AF927 
 3255      6BDA705D 
 3255      EE9E290C 
 3255      C79E4E4B 
 3256 359c 34BD4724 		.ascii	"4\275G$\027Us\345\362\265h{\362\204\325\"\265\251}\305"
 3256      175573E5 
 3256      F2B5687B 
 3256      F284D522 
 3256      B5A97DC5 
 3257 35b0 7A418FBB 		.ascii	"zA\217\273\200\217\263,Z\372\301:!\037Z/\320\351a\366"
 3257      808FB32C 
 3257      5AFAC13A 
 3257      211F5A2F 
 3257      D0E961F6 
 3258 35c4 AE7B5128 		.ascii	"\256{Q(\322\3416`z\202\177\347\216\036\262\211|\306"
 3258      D2E13660 
 3258      7A827FE7 
 3258      8E1EB289 
 3258      7CC6
 3259 35d6 EFA5DA86 		.ascii	"\357\245\332\206\323\022u\237\243\352\316\023\325\235"
 3259      D312759F 
 3259      A3EACE13 
 3259      D59D
ARM GAS  /tmp/ccU7h4Da.s 			page 266


 3260 35e4 3ED7744A 		.ascii	">\327tJ4\276\372\330\257\317\227\030}5\024E\310\221"
 3260      34BEFAD8 
 3260      AFCF9718 
 3260      7D351445 
 3260      C891
 3261 35f6 489A234A 		.ascii	"H\232#JZ\314$\365i-}\340B\274_\024\224\246\011\305\203"
 3261      5ACC24F5 
 3261      692D7DE0 
 3261      42BC5F14 
 3261      94A609C5 
 3262 360b 9DFF9F49 		.ascii	"\235\377\237I\370R\0244\364t\023_\007\244\322\237\307"
 3262      F8521434 
 3262      F474135F 
 3262      07A4D29F 
 3262      C7
 3263 361c 93633EC7 		.ascii	"\223c>\307V\225'\354\027)\247\027DN+\342\373K\011\347"
 3263      569527EC 
 3263      1729A717 
 3263      444E2BE2 
 3263      FB4B09E7 
 3264 3630 74E170AC 		.ascii	"t\341p\254\261NE\021\204\022\011\237%\"\237e\214\317"
 3264      B14E4511 
 3264      8412099F 
 3264      25229F65 
 3264      8CCF
 3265 3642 B276EFDB 		.ascii	"\262v\357\333\316$\002\371\274\351\267d\2646t\353\035"
 3265      CE2402F9 
 3265      BCE9B764 
 3265      B43674EB 
 3265      1D
 3266 3653 FCD15377 		.ascii	"\374\321Sw\223e\206^!3\364J\321\320\2133\312\022\260"
 3266      9365865E 
 3266      2133F44A 
 3266      D1D08B33 
 3266      CA12B0
 3267 3666 37E194B8 		.ascii	"7\341\224\270\221\257\361\272\316$w\025\212x\303\267"
 3267      91AFF1BA 
 3267      CE247715 
 3267      8A78C3B7 
 3268 3676 7CCD2CF7 		.ascii	"|\315,\367%<Y\233\026<\247Q\356\242\032*x\265(\370\361"
 3268      253C599B 
 3268      163CA751 
 3268      EEA21A2A 
 3268      78B528F8 
 3269 368b 99EF89B6 		.ascii	"\231\357\211\266x\317\251\277\211\331\"`\010\345\022"
 3269      78CFA9BF 
 3269      89D92260 
 3269      08E512
 3270 369a C9CB45C9 		.ascii	"\311\313E\311k\231\3445\367S\243\011\271\372\242\265"
 3270      6B99E435 
 3270      F753A309 
 3270      B9FAA2B5 
 3271 36aa E7E69C36 		.ascii	"\347\346\2346\026\027\246+G\362\006\332~\275\330~VW"
 3271      1617A62B 
 3271      47F206DA 
 3271      7EBDD87E 
 3271      5657
ARM GAS  /tmp/ccU7h4Da.s 			page 267


 3272 36bc D7550DE7 		.ascii	"\327U\015\347\340\306c\2472\344\000p\204:\011\007u\""
 3272      E0C663A7 
 3272      32E40070 
 3272      843A0907 
 3272      7522
 3273 36ce 07971907 		.ascii	"\007\227\031\007\253\003\211kN$\340%\306A\236\367\343"
 3273      AB03896B 
 3273      4E24E025 
 3273      C6419EF7 
 3273      E3
 3274 36df CB3A128B 		.ascii	"\313:\022\213\205\205\341\233\231TqB\023\253A\307@\301"
 3274      8585E19B 
 3274      99547142 
 3274      13AB41C7 
 3274      40C1
 3275 36f1 74909624 		.ascii	"t\220\226$\341\345\222\273\021qt\212)\264\320\300\330"
 3275      E1E592BB 
 3275      1171748A 
 3275      29B4D0C0 
 3275      D8
 3276 3702 8CFA2AF4 		.ascii	"\214\372*\364\252\311p\"i\210Qw\343\366\035\352\355"
 3276      AAC97022 
 3276      69885177 
 3276      E3F61DEA 
 3276      ED
 3277 3713 84368AD1 		.ascii	"\2046\212\321\212\030\346\260\2565X\206u8s\005\261N"
 3277      8A18E6B0 
 3277      AE355886 
 3277      75387305 
 3277      B14E
 3278 3725 77D6DD93 		.ascii	"w\326\335\2239\"\25548tR\261;D\261\215\227\222\274\251"
 3278      3922AD34 
 3278      387452B1 
 3278      3B44B18D 
 3278      9792BCA9 
 3279 3739 6BBF9F64 		.ascii	"k\277\237dL\2125\376\300\333\030l\254)VQ$\241Q\224["
 3279      4C8A35FE 
 3279      C0DB186C 
 3279      AC295651 
 3279      24A15194 
 3280 374e 68D7D1FB 		.ascii	"h\327\321\373\265\242\350]L\364\356\332E\0375\311Cf"
 3280      B5A2E85D 
 3280      4CF4EEDA 
 3280      451F35C9 
 3280      4366
 3281 3760 73FC6743 		.ascii	"s\374gC\234\314\256$\323\354J\256J\224wU\244\320\315"
 3281      9CCCAE24 
 3281      D3EC4AAE 
 3281      4A947755 
 3281      A4D0CD
 3282 3773 280CB4DD 		.ascii	"(\014\264\335M\322\2236\2440\336?8\343`vg\375fwvMB\341"
 3282      4DD29336 
 3282      A430DE3F 
 3282      38E36076 
 3282      67FD6677 
 3283 378b 9A48A187 		.ascii	"\232H\241\207Q\270\271\232\011\356i\030)T\024\027z\211"
 3283      51B8B99A 
ARM GAS  /tmp/ccU7h4Da.s 			page 268


 3283      09EE6918 
 3283      29541417 
 3283      7A89
 3284 379d 616EB15F 		.ascii	"an\261_\177\017;\220\336\367\270.\241p]\244\320\313"
 3284      7F0F3B90 
 3284      DEF7B82E 
 3284      A1705DA4 
 3284      D0CB
 3285 37af 28447564 		.ascii	"(Dud\016\250\310<R\210\014\357\254t2\363\320i\346\241"
 3285      0EA8C83C 
 3285      52880CEF 
 3285      AC7432F3 
 3285      D069E6A1 
 3286 37c3 4F42A14F 		.ascii	"OB\241O\244\320\317(\224\257\325\026\333"
 3286      A4D0CF28 
 3286      94AFD516 
 3286      DB
 3287 37d0 13E3E719 		.ascii	"\023\343\347\031\205J\337\326\000\235Y\017\211f=\014"
 3287      854ADFD6 
 3287      009D590F 
 3287      89663D0C 
 3288 37e0 48280C88 		.ascii	"H(\014\210\024\006\031\205\346\270\260c\006\222\370"
 3288      14061985 
 3288      E6B8B063 
 3288      0692F8
 3289 37ef 79C599D7 		.ascii	"y\305\231\327\351\360\334x\353\347\3662\254v\347\016"
 3289      E9F0DC78 
 3289      EBE7F632 
 3289      AC76E70E 
 3290 37ff A68D0FC8 		.ascii	"\246\215\017\310\277\036#\033\324\303\342\240\276X\237"
 3290      BF1E231B 
 3290      D4C3E2A0 
 3290      BE589F
 3291 380e 17806DC0 		.ascii	"\027\200m\300)\341&\032My\357\354\022QN\373F\250\325"
 3291      29E1261A 
 3291      4D79EFEC 
 3291      12514EFB 
 3291      46A8D5
 3292 3821 DC12ADE6 		.ascii	"\334\022\255\346\226\337P\241\250\251;!\372\351,\236"
 3292      96DF50A1 
 3292      A8A93B21 
 3292      FAE92C9E 
 3293 3831 10009670 		.ascii	"\020\000\226pC\"\351\015Q\322Q&\351J^\302\274\232\244"
 3293      4322E90D 
 3293      51D25126 
 3293      E94A5EC2 
 3293      BC9AA4
 3294 3844 7FFE334E 		.ascii	"\177\3763N\363\307u6n\011M\340\311\206KaOT&\031n\343"
 3294      F3C77536 
 3294      6E094DE0 
 3294      C9864B61 
 3294      4F542619 
 3295 385a C9D2C8FB 		.ascii	"\311\322\310\373\336Z\345\231\335\035*\303\244(C~\360"
 3295      DE5AE599 
 3295      DD1D2AC3 
 3295      A428437E 
 3295      F0
ARM GAS  /tmp/ccU7h4Da.s 			page 269


 3296 386b C35431FC 		.ascii	"\303T1\374\315u\354H\366Iz\205b\010c\022\376\307D\376"
 3296      CD75EC48 
 3296      F6497A85 
 3296      62086312 
 3296      FEC744FE 
 3297 387f A7D0E114 		.ascii	"\247\320\341\024\335>\241!%\310\377\271\345S1\326[\005"
 3297      DD3EA121 
 3297      25C8FFB9 
 3297      E55331D6 
 3297      5B05
 3298 3891 ADEFFD65 		.ascii	"\255\357\375e\227\035\363\221\355\027\233\221\365\312"
 3298      971DF391 
 3298      ED179B91 
 3298      F5CA
 3299 389f 5DB15782 		.ascii	"]\261W\202:s\332Q\314\273&W;0X~Sy\325t\226\312sO\224"
 3299      3A73DA51 
 3299      CCBB2657 
 3299      3B30587E 
 3299      5379D574 
 3300 38b8 A7BAADE8 		.ascii	"\247\272\255\350\276\350\300\372r\0346\305$\015\260"
 3300      BEE8C0FA 
 3300      721C36C5 
 3300      240DB0
 3301 38c7 8469894C 		.ascii	"\204i\211L\323\242Ls\230b\235_\275\347L\032\267\350"
 3301      D3A24C73 
 3301      98629D5F 
 3301      BDE74C1A 
 3301      B7E8
 3302 38d9 93D66B01 		.ascii	"\223\326k\001\216&M\337GM?\252\271\324\341\250l-\013"
 3302      8E264DDF 
 3302      474D3FAA 
 3302      B9D4E1A8 
 3302      6C2D0B
 3303 38ec 94B30722 		.ascii	"\224\263\007\"g\021\275\221q\202\331Z\356\212\326\002"
 3303      6711BD91 
 3303      7182D95A 
 3303      EE8AD602 
 3304 38fc 58C2BC84 		.ascii	"X\302\274\204\263y\221\263E\306Y\234wX\265\003\271\246"
 3304      B37991B3 
 3304      45C6599C 
 3304      7758B503 
 3304      B9A6
 3305 390e CCD9D0D0 		.ascii	"\314\331\320\320b\212\365\033\303\351k\246\226eY\335"
 3305      628AF51B 
 3305      C3E96BA6 
 3305      966559DD 
 3306 391e 7C5169BD 		.ascii	"|Qi\275\365\253\211:\255\360\032/\247\365\310\366\225"
 3306      F5AB893A 
 3306      ADF01A2F 
 3306      A7F5C8F6 
 3306      95
 3307 392f ADC87AEA 		.ascii	"\255\310z\352\221\330Su\001\023\305\030j\340\224\260"
 3307      91D85375 
 3307      0113C518 
 3307      6AE094B0 
 3308 393f C40DB2FD 		.ascii	"\304\015\262\375\302c\215\262F\326\250FVE\215\254\244"
 3308      C2638DB2 
ARM GAS  /tmp/ccU7h4Da.s 			page 270


 3308      46D6A846 
 3308      56458DAC 
 3308      A4
 3309 3950 8C2D8BC9 		.ascii	"\214-\213\311\3335\177\247\315\026\346'\000Gx(\321\307"
 3309      DB357FA7 
 3309      CD16E627 
 3309      00477828 
 3309      D1C7
 3310 3962 43511F8F 		.ascii	"CQ\037\217\231>\322*\274\252\235\311\224\262>dK{\353"
 3310      993ED22A 
 3310      BCAA9DC9 
 3310      94B23E64 
 3310      4B7BEB
 3311 3975 C8564D74 		.ascii	"\310VMt\256\217\213)Zo\3600r\346\341\260\263)Zo\342"
 3311      AE8F8B29 
 3311      5A6FF030 
 3311      72E6E1B0 
 3311      B3295A6F 
 3312 398a C990DBD7 		.ascii	"\311\220\333\327G\354\225\005\360\322\203\000F\275\370"
 3312      47EC9505 
 3312      F0D28300 
 3312      46BDF8
 3313 3999 B2B798D9 		.ascii	"\262\267\230\331\307\316\346x=\204\316\026p\204'\022"
 3313      C7CEE678 
 3313      3D84CE16 
 3313      70842712 
 3314 39a9 019E8802 		.ascii	"\001\236\210\002x\353Y\207fW\024k\311c\024\2400n\262"
 3314      78EB5987 
 3314      6657146B 
 3314      C96314A0 
 3314      306EB2
 3315 39bc D55E8C80 		.ascii	"\325^\214\200\214fJ\332\231n\275)\342\371\352\325J+"
 3315      8C664ADA 
 3315      996EBD29 
 3315      E2F9EAD5 
 3315      4A2B
 3316 39ce 3D5733C2 		.ascii	"=W3\302\317\342\330ws\024\374\020/|\256\262\3054\341"
 3316      CFE2D877 
 3316      7314FC10 
 3316      2F7CAEB2 
 3316      C534E1
 3317 39e1 3D8EE77A 		.ascii	"=\216\347z}\202\227\235\277\350\375r\242Q\207Iw\314"
 3317      7D82979D 
 3317      BFE8FD72 
 3317      A2518749 
 3317      77CC
 3318 39f3 74312E0D 		.ascii	"t1.\015\006\350\277\210\017\015\216\205D\330\023\337"
 3318      06E8BF88 
 3318      0F0D8E85 
 3318      44D813DF 
 3319 3a03 97717E91 		.ascii	"\227q~\221\270\230N\027\003\204 =8\035*)\234|x3\246"
 3319      B8984E17 
 3319      0384203D 
 3319      381D2A29 
 3319      9C7C7833 
 3320 3a18 52438211 		.ascii	"RC\202\021#'*\265\213\361\034\242\007\016\203\261\225"
 3320      23272AB5 
ARM GAS  /tmp/ccU7h4Da.s 			page 271


 3320      8BF11CA2 
 3320      070E83B1 
 3320      95
 3321 3a29 5B63813D 		.ascii	"[c\201=2\275\275oZ\012\027B\001E8A5\347/j\256.is\205"
 3321      32BDBD6F 
 3321      5A0A1742 
 3321      01453841 
 3321      35E72F6A 
 3322 3a42 B9CE2408 		.ascii	"\271\316$\0102\255\273\252!\025=f|\276\227P4\301G/\206"
 3322      32ADBBAA 
 3322      21153D66 
 3322      7CBE9750 
 3322      34C1472F 
 3323 3a57 DC63B426 		.ascii	"\334c\264&\024Q\177aL\177\001w+r\005\262\200\274\034"
 3323      14517F61 
 3323      4C7F0177 
 3323      2B7205B2 
 3323      80BC1C
 3324 3a6a EB588A13 		.ascii	"\353X\212\023\003\346\235*\247\241c\2229\331I\275\271"
 3324      03E69D2A 
 3324      A7A16392 
 3324      39D949BD 
 3324      B9
 3325 3a7b 0F4E8A34 		.ascii	"\017N\2124\302\031\215\371\2073\2203\371\374\037\245"
 3325      C2198DF9 
 3325      87339033 
 3325      F9FC1FA5 
 3326 3a8b 558292F4 		.ascii	"U\202\222\364\216G\230\335\321M\361\221(bI\316T\232"
 3326      8E4798DD 
 3326      D14DF191 
 3326      286249CE 
 3326      549A
 3327 3a9d CAD409A7 		.ascii	"\312\324\011\247\360\344\346\371\226\253Z\223[>\215"
 3327      F0E4E6F9 
 3327      96AB5A93 
 3327      5B3E8D
 3328 3aac 2723D3A3 		.ascii	"'#\323\243\233\004\223\263\210\302\223\271\017;\032"
 3328      9B0493B3 
 3328      88C293B9 
 3328      0F3B1A
 3329 3abb 94F3DF18 		.ascii	"\224\363\337\030\252\236hQ=g\227\372|\304\374w<D?\214"
 3329      AA9E6851 
 3329      3D6797FA 
 3329      7CC4FC77 
 3329      3C443F8C 
 3330 3acf 23037084 		.ascii	"#\003p\204\010\211P\021\242P\261hX\301\345\347\265$"
 3330      08895011 
 3330      A250B168 
 3330      58C1E5E7 
 3330      B524
 3331 3ae1 0C855A4E 		.ascii	"\014\205ZNN-w0\261\300'%5e\241\312S\263\004\312A\274"
 3331      4E2D7730 
 3331      B1C02725 
 3331      3565A1CA 
 3331      53B304CA 
 3332 3af7 C8C1C0E3 		.ascii	"\310\301\300\343\276c.\234\203\272\177d\0318 \010q\222"
 3332      BE632E9C 
ARM GAS  /tmp/ccU7h4Da.s 			page 272


 3332      83BA7F64 
 3332      19382008 
 3332      7192
 3333 3b09 E6E3C4E6 		.ascii	"\346\343\304\346\317\260\346g\303cb\235I\0146\0372\331"
 3333      CFB0E667 
 3333      C363629D 
 3333      490C361F 
 3333      32D9
 3334 3b1b D4E94212 		.ascii	"\324\351B\022\260\220\\u\"\305Y\376\206I\323\256/\310"
 3334      B0905C75 
 3334      22C559FE 
 3334      8649D3AE 
 3334      2FC8
 3335 3b2d 7DB6DAF5 		.ascii	"}\266\332\365\005\265\213\026\275#u_>\3138Y\351\327"
 3335      05B58B16 
 3335      BD23755F 
 3335      3ECB3859 
 3335      E9D7
 3336 3b3f DFCC6833 		.ascii	"\337\314h3\032\223\035\205d\375v!\021\2711Q\263\243"
 3336      1A931D85 
 3336      64FD7621 
 3336      11B93151 
 3336      B3A3
 3337 3b51 67284729 		.ascii	"g(G)\372/C\315\223\365C9\032\313\2570\332|\037\023\265"
 3337      FA2F43CD 
 3337      93F54339 
 3337      1ACBAF30 
 3337      DA7C1F13 
 3338 3b66 82F5A954 		.ascii	"\202\365\251T\325\027\263\377\017\014\023\341\254~\033"
 3338      D517B3FF 
 3338      0F0C13E1 
 3338      AC7E1B
 3339 3b75 1B39E50B 		.ascii	"\0339\345\013WT\344\002\027\342\312\342i\003\271\214"
 3339      5754E402 
 3339      17E2CAE2 
 3339      6903B98C 
 3340 3b85 85D1BCF9 		.ascii	"\205\321\274\371o\001K]5l\217\315\360\254\257\321+\034"
 3340      6F014B5D 
 3340      356C8FCD 
 3340      F0ACAFD1 
 3340      2B1C
 3341 3b97 3C2AD413 		.ascii	"<*\324\023\322\201'\037\373/I\332I\2033\251t\250\011"
 3341      D281271F 
 3341      FB2F49DA 
 3341      498333A9 
 3341      74A809
 3342 3baa 198CADB4 		.ascii	"\031\214\255\264\013\001\203N_\354`-\225\253XK\247\222"
 3342      0B01834E 
 3342      5FEC602D 
 3342      95AB584B 
 3342      A792
 3343 3bbc AF5C7724 		.ascii	"\257\\w$7\221\370\371\300\321GjN\375\306\254~\263\230"
 3343      3791F8F9 
 3343      C0D1476A 
 3343      4EFDC6AC 
 3343      7EB398
 3344 3bcf 53A79F85 		.ascii	"S\247\237\205\244\324\351\235J\363\267$\263\340L&\243"
ARM GAS  /tmp/ccU7h4Da.s 			page 273


 3344      A4D4E99D 
 3344      4AF3B724 
 3344      B3E04C26 
 3344      A3
 3345 3be0 9ECDA8AF 		.ascii	"\236\315\250\257E\307=\326\221\273H\252p2\275\316\211"
 3345      45C73DD6 
 3345      91BB48AA 
 3345      7032BDCE 
 3345      89
 3346 3bf1 EBAE29F6 		.ascii	"\353\256)\366\265\331\036_\243\3776\366\252\260\034"
 3346      B5D91E5F 
 3346      A3FF36F6 
 3346      AAB01C
 3347 3c00 AE3AF115 		.ascii	"\256:\361\025dv\364\014U].\243r*++DK\036p[jmKg=P\303"
 3347      6476F40C 
 3347      555D2EA3 
 3347      722A2B2B 
 3347      444B1E70 
 3348 3c1c 6E82E7FA 		.ascii	"n\202\347\372\264\262}\000\364\321\361<N\306\374\020"
 3348      B4B27D00 
 3348      F4D1F13C 
 3348      4EC6FC10 
 3349 3c2c 3E3DF3FF 		.ascii	">=\363\377R\273\313g\204\306\214\2415\216d\025\011\265"
 3349      52BBCB67 
 3349      84C68CA1 
 3349      358E6415 
 3349      09B5
 3350 3c3e 3FA9BDC4 		.ascii	"?\251\275\304\0378\033\241\373wOO\267\326:\360\007\316"
 3350      1F381BA1 
 3350      FB774F4F 
 3350      B7D63AF0 
 3350      07CE
 3351 3c50 E856E363 		.ascii	"\350V\343c\275\267\374\370\347\0233\351\365\256\263"
 3351      BDB7FCF8 
 3351      E71333E9 
 3351      F5AEB3
 3352 3c5f 91C7F9C3 		.ascii	"\221\307\371\303_5\364m\327\323\367\022\207\370\313"
 3352      5F35F46D 
 3352      D7D3F712 
 3352      87F8CB
 3353 3c6e B0A3E9F5 		.ascii	"\260\243\351\365\371Q\237T\027\262\216\304\327\313\343"
 3353      F9519F54 
 3353      17B28EC4 
 3353      D7CBE3
 3354 3c7d DA0DC4EB 		.ascii	"\332\015\304\353\013\330A\306\3071\216$\000\013\017"
 3354      0BD841C6 
 3354      C7318E24 
 3354      000B0F
 3355 3c8c 8AF3B39D 		.ascii	"\212\363\263\235mo\021\270\240\267\265E\2400\314\313"
 3355      6D6F11B8 
 3355      A0B7B545 
 3355      A030CCCB 
 3356 3c9c 8B901358 		.ascii	"\213\220\023X{\260\354\302\217i8\364\331\372\323\005"
 3356      7BB0ECC2 
 3356      8F6938F4 
 3356      D9FAD305 
 3357 3cac 496DFE1D 		.ascii	"Im\376\035z\022\203u\332\223WO\270\220,VP\337\033\255"
ARM GAS  /tmp/ccU7h4Da.s 			page 274


 3357      7A128375 
 3357      DA93574F 
 3357      B8902C56 
 3357      50DF1BAD 
 3358 3cc0 0AD5493E 		.ascii	"\012\325I>\317\014~*Q\374\230\337E\275A\250\004\036"
 3358      CF0C7E2A 
 3358      51FC98DF 
 3358      45BD41A8 
 3358      041E
 3359 3cd2 6AF45BBD 		.ascii	"j\364[\275Ra\220?rC\261\317[aK7\345\322\007t\226\243"
 3359      5261903F 
 3359      7243B1CF 
 3359      5B614B37 
 3359      E5D20774 
 3360 3ce8 F9530DE5 		.ascii	"\371S\015\345zG\241\3146\272\362\367\242*x\005\252\222"
 3360      7A47A1CC 
 3360      36BAF2F7 
 3360      A22A7805 
 3360      AA92
 3361 3cfa 6AFD4EE1 		.ascii	"j\375N\341\022@\225\336\264\3255`\251@M\316\241\224"
 3361      124095DE 
 3361      B4D53560 
 3361      A9404DCE 
 3361      A194
 3362 3d0c D756CAF3 		.ascii	"\327V\312\363\015\012\273fk\267$#~\015l\033\377\032"
 3362      0D0ABB66 
 3362      6BB72423 
 3362      7E0D6C1B 
 3362      FF1A
 3363 3d1e D8D592CA 		.ascii	"\330\325\222\312H\0357\004\372r\360\323\223W\026\364"
 3363      481D3704 
 3363      FA72F0D3 
 3363      935716F4 
 3364 3d2e A4169BE9 		.ascii	"\244\026\233\351\351\032N#\244\035\013\306\310\307\211"
 3364      E91A4E23 
 3364      A41D0BC6 
 3364      C8C789
 3365 3d3d 4EE43A16 		.ascii	"N\344:\026\316\257\214\016\352m\357\210i\322\333\332"
 3365      CEAF8C0E 
 3365      EA6DEF88 
 3365      69D2DBDA 
 3366 3d4d 1173B338 		.ascii	"\021s\2638\244^G\206\260\366\223\264\316~\035\271\215"
 3366      A45E4786 
 3366      B0F693B4 
 3366      CE7E1DB9 
 3366      8D
 3367 3d5e 8589C5DC 		.ascii	"\205\211\305\334\207\326o\237m\005*mz\331\027\017Z\363"
 3367      87D66F9F 
 3367      6D052A6D 
 3367      7AD9170F 
 3367      5AF3
 3368 3d70 E55F3C68 		.ascii	"\345_<h\223)\267]\317\315\301g\"a\324\231\314!\361\261"
 3368      9329B75D 
 3368      CFCDC167 
 3368      2261D499 
 3368      CC21F1B1 
 3369 3d84 CD8DDF91 		.ascii	"\315\215\337\221\025n\214\263EW\\\310&\026\032R\037"
ARM GAS  /tmp/ccU7h4Da.s 			page 275


 3369      156E8CB3 
 3369      45575CC8 
 3369      26161A52 
 3369      1F
 3370 3d95 CD586FB0 		.ascii	"\315Xo\260\353\204V\273d\255V\315\214\206\330\223\343"
 3370      EB8456BB 
 3370      64AD56CD 
 3370      8C86D893 
 3370      E3
 3371 3da6 5F6495B2 		.ascii	"_d\225\262\012\037F\330[U\272jU)'\275\342\266\374\375"
 3371      0A1F46D8 
 3371      5B55BA6A 
 3371      552927BD 
 3371      E2B6FCFD 
 3372 3dba 043256AF 		.ascii	"\0042V\257qVU\341\267\002\2634\342\373J\255\236\023"
 3372      715655E1 
 3372      B702B334 
 3372      E2FB4AAD 
 3372      9E13
 3373 3dcc A6CCF4F0 		.ascii	"\246\314\364\360\216\274\256\227\277xu\365!\276\263"
 3373      8EBCAE97 
 3373      BF7875F5 
 3373      21BEB3
 3374 3ddb 0648B1A7 		.ascii	"\006H\261\247{{l\033\032\345\345\341\311\021'\205\357"
 3374      7B7B6C1B 
 3374      1AE5E5E1 
 3374      C9112785 
 3374      EF
 3375 3dec 215EB56E 		.ascii	"!^\265n\001jd\316\334zB\310I\024y\364fS\2413\211\300"
 3375      016A64CE 
 3375      DC7A42C8 
 3375      491479F4 
 3375      6653A133 
 3376 3e02 42C54A5C 		.ascii	"B\305J\\\205\013\211\305\302\225\361\315\005\003I\306"
 3376      850B89C5 
 3376      C295F1CD 
 3376      050349C6 
 3377 3e12 42D0A9D9 		.ascii	"B\320\251\331tg\222\211\205\206\333\327\302\254\277"
 3377      74679289 
 3377      8586DBD7 
 3377      C2ACBF
 3378 3e21 367A031A 		.ascii	"6z\003\032\273)SSSRw\214\354\225\0307eR\014\211=\332"
 3378      BB295353 
 3378      5352778C 
 3378      EC951837 
 3378      65520C89 
 3379 3e37 D899B4A8 		.ascii	"\330\231\264\250#\245H\274\354d\370\254\216T`a\242\263"
 3379      23A548BC 
 3379      EC64F8AC 
 3379      8E546061 
 3379      A2B3
 3380 3e49 A45636B7 		.ascii	"\244V6\267\221~\257T\270\005-\232>Y:\027\234\324!{W"
 3380      917EAF54 
 3380      B8052D9A 
 3380      3E593A17 
 3380      9CD4217B 
 3381 3e5e D408A8CE 		.ascii	"\324\010\250\316\334\330\250\330\330ptP\205\003\351"
ARM GAS  /tmp/ccU7h4Da.s 			page 276


 3381      DCD8A8D8 
 3381      D8707450 
 3381      8503E9
 3382 3e6d 40FA974E 		.ascii	"@\372\227N,\\\324\223\353X8\376h\254\320\205\014\263"
 3382      2C5CD493 
 3382      EB5838FE 
 3382      68ACD085 
 3382      0CB3
 3383 3e7f 82EE6E62 		.ascii	"\202\356nbA\012\021\337\002\276\303\364\036\331\330"
 3383      410A11DF 
 3383      02BEC3F4 
 3383      1ED9D8
 3384 3e8e AC70742F 		.ascii	"\254pt/4y\035\207\366\357\351\267x\022]|\275\026E\236"
 3384      34791D87 
 3384      F6EFE9B7 
 3384      78125D7C 
 3384      BD16459E 
 3385 3ea2 D81299BE 		.ascii	"\330\022\231\276\203\247\325\374\021\265\261OC\336\350"
 3385      83A7D5FC 
 3385      11B5B14F 
 3385      43DEE8
 3386 3eb1 E0DF50A3 		.ascii	"\340\337P\243_!\355\3774\354\345vN\032T.\014~\032v\335"
 3386      5F21EDFF 
 3386      34ECE576 
 3386      4E1A542E 
 3386      0C7E1A76 
 3387 3ec6 3F20D7A0 		.ascii	"? \327\2402a\370\323\220\327~\206\3100<\205\001ed\205"
 3387      3261F8D3 
 3387      90D77E86 
 3387      C8303C85 
 3387      01656485 
 3388 3eda 9702526C 		.ascii	"\227\002Rlj\234\223\340\303n\003\334\001\230\001\230"
 3388      6A9C93E0 
 3388      C36E03DC 
 3388      01980198 
 3389 3eea 06B80B30 		.ascii	"\006\270\0130e2\332\371\206\366\023N\3446\366T\377\332"
 3389      6532DAF9 
 3389      86F6134E 
 3389      E436F654 
 3389      FFDA
 3390 3efc C9200399 		.ascii	"\311 \003\231\305\302\235\354\212\002-Y\306\302\214"
 3390      C5C29DEC 
 3390      8A022D59 
 3390      C6C28C
 3391 3f0b 4FCDA89A 		.ascii	"O\315\250\232\254c\301;\342Z\256\236x\177\011=\205o"
 3391      AC63C13B 
 3391      E25AAE9E 
 3391      787F093D 
 3391      856F
 3392 3f1d E2CF6CED 		.ascii	"\342\317l\355\251x\240\267\265\247\202\177\007t\007"
 3392      A978A0B7 
 3392      B5A7827F 
 3392      077407
 3393 3f2c 7E073428 		.ascii	"~\0074(x\243\200\220@$4\260\230|\323\321\026\245\207"
 3393      78A38090 
 3393      402434B0 
 3393      987CD3D1 
ARM GAS  /tmp/ccU7h4Da.s 			page 277


 3393      16A587
 3394 3f3f 3629A5D6 		.ascii	"6)\245\326\027\\\265'\341X\267\345|^\254\336V\335e\233"
 3394      175CB527 
 3394      E158B7E5 
 3394      7C5EACDE 
 3394      56DD659B 
 3395 3f53 75D722A3 		.ascii	"u\327\"\243\277F\342\260\352\340do\266\354\216(\375"
 3395      BF46E2B0 
 3395      EAE0646F 
 3395      B6EC8E28 
 3395      FD
 3396 3f64 328E5993 		.ascii	"2\216Y\223\253\242}\347\254\370\226\272\220\024\254"
 3396      ABA27DE7 
 3396      ACF896BA 
 3396      9014AC
 3397 3f73 7436E591 		.ascii	"t6\345\221\267\232db!\367|p\252\365}\243\307\320\362"
 3397      B79A6462 
 3397      21F77C70 
 3397      AAF57DA3 
 3397      C7D0F2
 3398 3f86 13D9B0BD 		.ascii	"\023\331\260\2757\276\264\240#\027\260RR}E\207\265\037"
 3398      37BEB4A0 
 3398      2317B052 
 3398      527D4587 
 3398      B51F
 3399 3f98 5DB7AAD4 		.ascii	"]\267\252\324z\374\302\003"
 3399      7AFCC203 
 3400 3fa0 D997EE37 		.ascii	"\331\227\3567dc}Sd\257}\243/^ \227\221\370\243\350\226"
 3400      64637D53 
 3400      64AF7DA3 
 3400      2F5E2097 
 3400      91F8A3E8 
 3401 3fb5 5427D28E 		.ascii	"T'\322\216\205\360\334\256>-\351\302B\316\346\342\011"
 3401      85F0DCAE 
 3401      3E2DE9C2 
 3401      42CEE6E2 
 3401      09
 3402 3fc6 47720D0B 		.ascii	"Gr\015\013\001\363w_\260b\301\307@\004_\203\224\205"
 3402      01F3775F 
 3402      B062C1C7 
 3402      40045F83 
 3402      9485
 3403 3fd8 CC99066F 		.ascii	"\314\231\006o\331\003\373\364\262\231\205c\006\321\003"
 3403      D903FBF4 
 3403      B2998563 
 3403      06D103
 3404 3fe7 54A6AC38 		.ascii	"T\246\2548\221[\214\266\252\262kzN\245\350\242\375\240"
 3404      915B8CB6 
 3404      AAB26B7A 
 3404      4EA5E8A2 
 3404      FDA0
 3405 3ff9 91E306FE 		.ascii	"\221\343\006\376y\022\203"
 3405      791283
 3406 4000 F4A1E7A1 		.ascii	"\364\241\347\241\247G\323\203\313K\214F\275\226R\026"
 3406      A747D383 
 3406      CB4B8C46 
 3406      BD965216 
ARM GAS  /tmp/ccU7h4Da.s 			page 278


 3407 4010 BC39A66D 		.ascii	"\2749\246m']\277\330\326gO\316\376\011\372\322\336\271"
 3407      275DBFD8 
 3407      D6674FCE 
 3407      FE09FAD2 
 3407      DEB9
 3408 4022 1E479281 		.ascii	"\036G\222\201\205\206'Ei:\222\217\205\270\252{F\353"
 3408      85862745 
 3408      693A928F 
 3408      85B8AA7B 
 3408      46EB
 3409 4034 F803A62E 		.ascii	"\370\003\246.\004\313$\365K\317\010\320\223\032\254"
 3409      04CB24F5 
 3409      4BCF08D0 
 3409      931AAC
 3410 4043 3499DD78 		.ascii	"4\231\335x\317\372\331\372\020\253J\267\273\326\333"
 3410      CFFAD9FA 
 3410      10AB4AB7 
 3410      BBD6DB
 3411 4052 6406142A 		.ascii	"d\006\024*c\367\204\250\236\034\357;\263\204\3640\342"
 3411      63F784A8 
 3411      9E1CEF3B 
 3411      B384F430 
 3411      E2
 3412 4063 EAF39937 		.ascii	"\352\363\2317\226\235\225\337o\305x;\311\025\024i\330"
 3412      969D95DF 
 3412      6FC5783B 
 3412      C9151469 
 3412      D8
 3413 4074 29840344 		.ascii	")\204\003DH\025\325\326O\012\352\375\214a\265\002m\201"
 3413      4815D5D6 
 3413      4F0AEAFD 
 3413      8C61B502 
 3413      6D81
 3414 4086 BD43FCA4 		.ascii	"\275C\374\244\265\232$\017>5\306\361\207\246\233!%\013"
 3414      B59A240F 
 3414      3E35C6F1 
 3414      87A69B21 
 3414      250B
 3415 4098 3358A25B 		.ascii	"3X\242[>\230\264,>\356M\251\323Hi\203:\357\204\365\315"
 3415      3E98B42C 
 3415      3EEE4DA9 
 3415      D3486983 
 3415      3AEF84F5 
 3416 40ad DC652785 		.ascii	"\334e'\205\244*DY\016\250\231q\335kBE\006P%\3039\335"
 3416      A42A4459 
 3416      0EA89971 
 3416      DD6B4245 
 3416      065025C3 
 3417 40c3 B3F4553C 		.ascii	"\263\364U<\222\250\320\236\306\243B/\030=\314e\204X"
 3417      92A8D09E 
 3417      C6A3422F 
 3417      183DCC65 
 3417      8458
 3418 40d5 C31651A1 		.ascii	"\303\026Q\241\356U|\024F|\0259EV|pf\214#\237\002\346"
 3418      EE557C14 
 3418      467C1539 
 3418      45567C70 
ARM GAS  /tmp/ccU7h4Da.s 			page 279


 3418      668C239F 
 3419 40eb 0239651B 		.ascii	"\0029e\033\037\357\014\267%\225\035\303\246\"E\2018"
 3419      1FEF0CB7 
 3419      25951DC3 
 3419      A6224581 
 3419      38
 3420 40fc D1003126 		.ascii	"\321\0001&\221\002s\222\272\365d\030Mh\335\030y\332"
 3420      91027392 
 3420      BAF56418 
 3420      4D68DD18 
 3420      79DA
 3421 410e 994C60A1 		.ascii	"\231L`\2413f$\324\211Lb\3017\355\342#\205m\335\011\006"
 3421      336624D4 
 3421      894C62C1 
 3421      37EDE223 
 3421      856DDD09 
 3422 4123 5B79A057 		.ascii	"[y\240W\374\265q\025\231\305\332\323y\327\256\021\262"
 3422      FCB57115 
 3422      99C5DAD3 
 3422      79D7AE11 
 3422      B2
 3423 4134 80858D8C 		.ascii	"\200\205\215\214\006/\255mRI6I%\370D\025\022\262\206"
 3423      062FAD6D 
 3423      52493649 
 3423      25F84415 
 3423      12B286
 3424 4147 B5EFD76D 		.ascii	"\265\357\327mN\023b\334\311\012a7:\027\034\3111,$\244"
 3424      4E1362DC 
 3424      C90A6137 
 3424      3A171CC9 
 3424      312C24A4 
 3425 415b A4FE0B09 		.ascii	"\244\376\013\011\303\343\256\033^\321\316\012\037\034"
 3425      C3E3AE1B 
 3425      5ED1CE0A 
 3425      1F1C
 3426 4169 4B33D8F8 		.ascii	"K3\330\370\340\230v\343tB\221J\366f\225\316\240\355"
 3426      E09876E3 
 3426      7442914A 
 3426      F66695CE 
 3426      A0ED
 3427 417b 5E779B8B 		.ascii	"^w\233\213}\214\376D+\244\033\014B*T\3141l\365\026\360"
 3427      7D8CFE44 
 3427      2BA41B0C 
 3427      422A54CC 
 3427      316CF516 
 3428 4190 3AFE5A80 		.ascii	":\376Z\200d\300>\313\261\025#f\253\0049\3056\262d8\014"
 3428      64C03ECB 
 3428      B1152366 
 3428      AB0439C5 
 3428      36B26438 
 3429 41a5 72EC3380 		.ascii	"r\3543\200\035o\205m\363\325*\262W\200\346p\243\316"
 3429      1D6F856D 
 3429      F3D52AB2 
 3429      5780E670 
 3429      A3CE
 3430 41b7 84DECF02 		.ascii	"\204\336\317\002\310\005\310\006\310\220\016\322n\011"
 3430      C805C806 
ARM GAS  /tmp/ccU7h4Da.s 			page 280


 3430      C8900ED2 
 3430      6E09
 3431 41c5 4B890A8D 		.ascii	"K\211\012\215\360A\324tn4\306\2314\240\272\353\323\257"
 3431      F041D474 
 3431      6E34C699 
 3431      34A0BAEB 
 3431      D3AF
 3432 41d7 24AAB6DB 		.ascii	"$\252\266\333lY\310\343t\266h<\212lo\2771\333c/\246"
 3432      6C59C8E3 
 3432      74B6683C 
 3432      8A6C6FBF 
 3432      31DB632F 
 3433 41ec 5992BFED 		.ascii	"Y\222\277\355\246\261\265\221%\031[0\017\024je\314u"
 3433      A6B1B591 
 3433      25195B30 
 3433      0F146A65 
 3433      CC75
 3434 41fe AAE4E3A5 		.ascii	"\252\344\343\245\373\377\361b\257K\205\351\223\020g"
 3434      FBFFF162 
 3434      AF4B85E9 
 3434      931067
 3435 420d 406CB336 		.ascii	"@l\2636,\277p\323\375W\370\276\326%=~\260\206b\213\317"
 3435      2CBF70D3 
 3435      FD57F8BE 
 3435      D6253D7E 
 3435      B086628B 
 3436 4222 C9E3AB22 		.ascii	"\311\343\253\"\026\365&\344\205o#\362\012 \323\207\352"
 3436      16F526E4 
 3436      856F23F2 
 3436      0A20D387 
 3436      EA
 3437 4233 AD9125FD 		.ascii	"\255\221%\3756\\\300S.\210|\302\232\025\333\247,\330"
 3437      365CC053 
 3437      2E887CC2 
 3437      9A15DBA7 
 3437      2CD8
 3438 4245 EEE8E4F9 		.ascii	"\356\350\344\371\034\315\210\372\254\320\027T\026\344"
 3438      1CCD88FA 
 3438      ACD01754 
 3438      16E4
 3439 4253 BB7F8D3D 		.ascii	"\273\177\215=F\323\277+\012J\221\240\317\374\206\177"
 3439      46D3BF2B 
 3439      0A4A91A0 
 3439      CFFC867F 
 3440 4263 9801586F 		.ascii	"\230\001Xo\264B\267\376NP\036\177Z\217\372\217\000\256"
 3440      B442B7FE 
 3440      4E501E7F 
 3440      5A8FFA8F 
 3440      00AE
 3441 4275 451B5E87 		.ascii	"E\033^\207'\256\203\\T\232\003\266(P\227|\370'\177["
 3441      27AE835C 
 3441      549A03B6 
 3441      2850977C 
 3441      F8277F5B 
 3442 4289 247B7090 		.ascii	"${p\220\372?#'\256<\266\032/r\352\342\207kl)R\"j\335"
 3442      FA3F2327 
 3442      AE3CB61A 
ARM GAS  /tmp/ccU7h4Da.s 			page 281


 3442      2F72EAE2 
 3442      876B6C29 
 3443 42a1 DFA0A830 		.ascii	"\337\240\25001\020f\025\024)\311\243\313\267\301\304"
 3443      31106615 
 3443      1429C9A3 
 3443      CBB7C1C4 
 3444 42b1 1EEC6501 		.ascii	"\036\354e\0014s_o\253S\331c\255\342\373;9/\224\370\274"
 3444      34735F6F 
 3444      AB53D963 
 3444      ADE2FB3B 
 3444      392F94F8 
 3445 42c6 1571CB0F 		.ascii	"\025q\313\017\353\266~\233\277-\033\364\362\310\012"
 3445      EBB67E9B 
 3445      BF2D1BF4 
 3445      F2C80A
 3446 42d5 DBDB422F 		.ascii	"\333\333B/\035\371\334\004h\032\341e\260D\267z\211\312"
 3446      1DF9DC04 
 3446      681AE165 
 3446      B044B77A 
 3446      89CA
 3447 42e7 70A58499 		.ascii	"p\245\204\2319\005f\254]C\203\376E\241\036\214Z\030"
 3447      390566AC 
 3447      5D4383FE 
 3447      45A11E8C 
 3447      5A18
 3448 42f9 E4F64E07 		.ascii	"\344\366N\007\350\005\030\224\325\000e\000\305\000\345"
 3448      E8051894 
 3448      D5006500 
 3448      C500E5
 3449 4308 009700CE 		.ascii	"\000\227\000\316\001\024\001T\002T\001\324\000T\000"
 3449      01140154 
 3449      025401D4 
 3449      005400
 3450 4317 94001400 		.ascii	"\224\000\024\000\224\002\\\0048\017Ph\212-~\027\333"
 3450      94025C04 
 3450      380F5068 
 3450      8A2D7E17 
 3450      DB
 3451 4328 5EDC6EBB 		.ascii	"^\334n\273\321\233\377k\215\226\014\226\217kH\037:\246"
 3451      D19BFF6B 
 3451      8D960C96 
 3451      8F6B481F 
 3451      3AA6
 3452 433a FED3D7E2 		.ascii	"\376\323\327\342\255s\242zPj\203,'\362nHy\205\314b\235"
 3452      AD73A27A 
 3452      506A832C 
 3452      27F26E48 
 3452      7985CC62 
 3453 434f E1E0B64D 		.ascii	"\341\340\266M\007\253\373m\227\255\352T\226\373\334"
 3453      07ABFB6D 
 3453      97ADEA54 
 3453      96FBDC
 3454 435e 91DD056D 		.ascii	"\221\335\005m\224\351\275I\314\243\026\203\216%\300"
 3454      94E9BD49 
 3454      CCA31683 
 3454      8E25C0
 3455 436d ECE3CBB8 		.ascii	"\354\343\313\270\270r~\"KE\216ca \242\345\252\0039\201"
ARM GAS  /tmp/ccU7h4Da.s 			page 282


 3455      B8727E22 
 3455      4B458E63 
 3455      6120A2E5 
 3455      AA033981 
 3456 4381 85CABBA7 		.ascii	"\205\312\273\247\3464\266\303b\253\255\260\250\252\273"
 3456      E634B6C3 
 3456      62ABADB0 
 3456      A8AABB
 3457 4390 5272C160 		.ascii	"Rr\301`\372t\375\255\234\355^\223\315h\010m\340\276"
 3457      FA74FDAD 
 3457      9CED5E93 
 3457      CD68086D 
 3457      E0BE
 3458 43a2 E95BB1AE 		.ascii	"\351[\261\256\330\016?\266S\334\026\003V\240\255\264"
 3458      D80E3FB6 
 3458      53DC1603 
 3458      56A0ADB4 
 3459 43b2 9BB45971 		.ascii	"\233\264Yq\375D\247\003iF\026K\302J\012\365\012K\014"
 3459      FD44A703 
 3459      6946164B 
 3459      C24A0AF5 
 3459      0A4B0C
 3460 43c5 1D36AB87 		.ascii	"\0356\253\207\336\352\371\"\351\304\332\321\217\274"
 3460      DEEAF922 
 3460      E9C4DAD1 
 3460      8FBC
 3461 43d3 8708E9C3 		.ascii	"\207\010\351\303Bp~m\252\213mi\257\032l\275\321(\365"
 3461      42707E6D 
 3461      AA8B6D69 
 3461      AF1A6CBD 
 3461      D128F5
 3462 43e6 42509C9E 		.ascii	"BP\234\236\214b\355\307\235E?\"\323\354X\365\300;\273"
 3462      8C62EDC7 
 3462      9D453F22 
 3462      D3EC58F5 
 3462      C03BBB
 3463 43f9 C441F15B 		.ascii	"\304A\361[0=@\354:g\253\327\024\352\350\235\373a\022"
 3463      303D40EC 
 3463      3A67ABD7 
 3463      14EAE89D 
 3463      FB6112
 3464 440c 9C6664F9 		.ascii	"\234fd\371\250\230\177]7(}\012\346Br~\202\212,a\343"
 3464      A8987F5D 
 3464      37287D0A 
 3464      E642727E 
 3464      828A2C61 
 3465 4421 FEDDA5BD 		.ascii	"\376\335\245\275\316\333m7\327g\335\034\324X\215\236"
 3465      CEDB6D37 
 3465      D767DD1C 
 3465      D4588D9E 
 3466 4431 0E7022C6 		.ascii	"\016p\"\306\257\260\352i\265\3135\006r\034\013O\316"
 3466      AFB0EA69 
 3466      B5CB3506 
 3466      721C0B4F 
 3466      CE
 3467 4442 E53DD192 		.ascii	"\345=\321\2223X8Qz\343\211\013\311\300\302f[Q\274\202"
 3467      33583851 
ARM GAS  /tmp/ccU7h4Da.s 			page 283


 3467      7AE3890B 
 3467      C9C0C266 
 3467      5B51BC82 
 3468 4456 39DCB465 		.ascii	"9\334\264e\016\344qk\351\240\336\374\015\336\272\317"
 3468      0EE4716B 
 3468      E9A0DEFC 
 3468      0DDEBACF 
 3469 4466 A3E7163F 		.ascii	"\243\347\026?\366>\262\225\347\036|\031\035\324\020"
 3469      F63EB295 
 3469      E71E7C19 
 3469      1DD410
 3470 4475 18CE0D03 		.ascii	"\030\316\015\003\"\177\372{\333L\257*\035\344U(G\303"
 3470      227FFA7B 
 3470      DB4CAF2A 
 3470      1DE45528 
 3470      47C3
 3471 4487 30186F99 		.ascii	"0\030o\231$\217h=7cO\212P$\257\226\3726\213\327\023"
 3471      248F683D 
 3471      37634F8A 
 3471      5024AF96 
 3471      FA368BD7 
 3472 449c 99488C2A 		.ascii	"\231H\214*\222(\354\010\215w\"MH\"\357\244W\204\212"
 3472      9228EC08 
 3472      8D77224D 
 3472      4822EFA4 
 3472      57848A
 3473 44af 5C610572 		.ascii	"\\a\005r|\343\3525\203\325\343\376&\222\023@\3626'y"
 3473      7CE3EA35 
 3473      83D5E3FE 
 3473      26921340 
 3473      F2362779 
 3474 44c3 07484E4A 		.ascii	"\007HNJ3\235\345a\211\323\244\337\207\274\275\205\223"
 3474      339DE561 
 3474      89D3A4DF 
 3474      87BCBD85 
 3474      93
 3475 44d4 0575F60E 		.ascii	"\005u\366\016\363`%\346\337\267m\353\223\256U\315\237"
 3475      F36025E6 
 3475      DFB76DEB 
 3475      93AE55CD 
 3475      9F
 3476 44e5 9E56931B 		.ascii	"\236V\223\033\310\360\352\370\255\313J2O\331f\220\246"
 3476      C8F0EAF8 
 3476      ADCB4A32 
 3476      4FD96690 
 3476      A6
 3477 44f6 B2A1B1E7 		.ascii	"\262\241\261\347\035\311\024\222\210\236]Xq$KX(\355"
 3477      1DC91492 
 3477      889E5D58 
 3477      71244B58 
 3477      28ED
 3478 4508 CA2B5313 		.ascii	"\312+S\023\343\237\242\301\324f|L\002\360\370n^D\242"
 3478      E39FA2C1 
 3478      D4667C4C 
 3478      02F0F86E 
 3478      5E44A2
 3479 451b 969C6005 		.ascii	"\226\234`\005\315\310\322\355\025\215 \311e\373r\235"
ARM GAS  /tmp/ccU7h4Da.s 			page 284


 3479      CDC8D2ED 
 3479      158D20C9 
 3479      65FB729D 
 3480 452b 56177025 		.ascii	"V\027p%\221&\220\263\320\362\302V\271iw\0061\246\276"
 3480      912690B3 
 3480      D0F2C256 
 3480      B9697706 
 3480      31A6BE
 3481 453e C670EFD9 		.ascii	"\306p\357\331\306\225\350f\3469\366\261t\232i\315qd"
 3481      C695E866 
 3481      E639F6B1 
 3481      749A69CD 
 3481      7164
 3482 4550 73A6658E 		.ascii	"s\246e\216n\262@P\014\201\000\263\223\005\256\201y\320"
 3482      6EB24050 
 3482      0C8100B3 
 3482      9305AE81 
 3482      79D0
 3483 4562 C07D8045 		.ascii	"\300}\200E\200\007\322\221:h&\177\327\212\274,'\315"
 3483      8007D291 
 3483      3A68267F 
 3483      D78ABC2C 
 3483      27CD
 3484 4574 F7F7A9D2 		.ascii	"\367\367\251\322\221XTH\341\235+\343\026\037]\023\033"
 3484      91585448 
 3484      E19D2BE3 
 3484      161F5D13 
 3484      1B
 3485 4585 151E723A 		.ascii	"\025\036r:\012\355F\021\303r\243_\271\023\177\357\247"
 3485      0AED4611 
 3485      C372A35F 
 3485      B9137FEF 
 3485      A7
 3486 4596 F9B34090 		.ascii	"\371\263@\220\206\266\345\361\017H\215A\375\001\240"
 3486      86B6E5F1 
 3486      0F488D41 
 3486      FD01A0
 3487 45a5 B302BF62 		.ascii	"\263\002\277b\227*\276\212\277\010Z.\244q\217\256\262"
 3487      972ABE8A 
 3487      BF085A2E 
 3487      A4718FAE 
 3487      B2
 3488 45b6 ACF0961F 		.ascii	"\254\360\226\037C\213\313\000O\0006\000\326\000\036"
 3488      438BCB00 
 3488      4F003600 
 3488      D6001E
 3489 45c5 01AC026C 		.ascii	"\001\254\002l\002\254K\015\266w\236\033,\304\025\366"
 3489      02AC4B0D 
 3489      B6779E1B 
 3489      2CC415F6 
 3490 45d5 6AA415E5 		.ascii	"j\244\025\345|\206&W\363\324^\351[\034\352\000\3572"
 3490      7C862657 
 3490      F3D45EE9 
 3490      5B1CEA00 
 3490      EF32
 3491 45e7 6F550CBF 		.ascii	"oU\014\277\326\351\362\314!\364\000\235\200\325l\260"
 3491      D6E9F2CC 
ARM GAS  /tmp/ccU7h4Da.s 			page 285


 3491      21F4009D 
 3491      80D56CB0 
 3492 45f7 A4BEA4B2 		.ascii	"\244\276\244\262\350\362\265\337\243w\231\006\264q+"
 3492      E8F2B5DF 
 3492      A3779906 
 3492      B4712B
 3493 4606 25584C5D 		.ascii	"%XL]\273\017\"r? ]\343\310f?k\231\376\314|\202\211\373"
 3493      BB0F2272 
 3493      3F205DE3 
 3493      C8663F6B 
 3493      99FECC7C 
 3494 461d 1260CD70 		.ascii	"\022`\315pl\263\265\234\323\313\015u\355 \362\335\015"
 3494      6CB3B59C 
 3494      D3CB0D75 
 3494      ED20F2DD 
 3494      0D
 3495 462e 96DAA5C0 		.ascii	"\226\332\245\300\267\204\223\217\221\223:\230B\224r"
 3495      B784938F 
 3495      91933A98 
 3495      429472
 3496 463d 9D980771 		.ascii	"\235\230\007q\211^bKM]\323s\272\355\266;q\375\017\357"
 3496      895E624B 
 3496      4D5DD373 
 3496      BAEDB63B 
 3496      71FD0FEF 
 3497 4651 44A038D2 		.ascii	"D\2408\322\323\371H\305\357\024\336\012r\010h\303\273"
 3497      D3F948C5 
 3497      EF14DE0A 
 3497      720868C3 
 3497      BB
 3498 4662 AC4687ED 		.ascii	"\254F\207\355B\001\277\307'\266`G\317\320\254\303\313"
 3498      4201BFC7 
 3498      27B66047 
 3498      CFD0ACC3 
 3498      CB
 3499 4673 81DD2ABC 		.ascii	"\201\335*\274\\]\243&Yh\327E\225u\251\204\344c\241\370"
 3499      5C5DA326 
 3499      5968D745 
 3499      9575A984 
 3499      E463A1F8 
 3500 4687 D8609346 		.ascii	"\330`\223F\366\036B{\351\373\013}\035\304\307#r\275"
 3500      F61E427B 
 3500      E9FB0B7D 
 3500      1DC4C723 
 3500      72BD
 3501 4699 2EE94809 		.ascii	".\351H\011V:\037Q\273.\373T\370\270\254\222\237X)\326"
 3501      563A1F51 
 3501      BB2EFB54 
 3501      F8B8AC92 
 3501      9F5829D6 
 3502 46ad 38DEEE42 		.ascii	"8\336\356B*\260R\350@]\204\354\256L\216\254\222\277"
 3502      2AB052E8 
 3502      405D84EC 
 3502      AE4C8EAC 
 3502      92BF
 3503 46bf 58293E3A 		.ascii	"X)>:\270RMj\260R\331\320\302}\331J\334\264\254R\240"
 3503      B8524D6A 
ARM GAS  /tmp/ccU7h4Da.s 			page 286


 3503      B052D9D0 
 3503      C27DD94A 
 3503      DCB4AC52 
 3504 46d4 58A96028 		.ascii	"X\251`(\305\337\211\\\3462uU.\312Z*\220U\012\026+m\316"
 3504      C5DF895C 
 3504      E6327555 
 3504      2ECA5A2A 
 3504      90550A16 
 3505 46eb 2F0E3B92 		.ascii	"/\016;\222\026.SK\371\212\254\2459Y\245P\261\322\234"
 3505      162E534B 
 3505      F98AACA5 
 3505      3959A550 
 3505      B1D29C
 3506 46fe 5FF99033 		.ascii	"_\371\2203\271\202\225\032\352\372\356\310\264\027-"
 3506      B982951A 
 3506      EAFAEEC8 
 3506      B4172D
 3507 470d AB142656 		.ascii	"\253\024&V\272~\247l\331\201tc\245\207a3\027d\367|\036"
 3507      BA7EA76C 
 3507      D9817463 
 3507      A5876133 
 3507      1764F77C 
 3508 4722 CA2A858B 		.ascii	"\312*\205\213\225\362\273\247\226T\244\037+\325\344"
 3508      95F2BBA7 
 3508      9654A41F 
 3508      2BD5E4
 3509 4731 1464BB90 		.ascii	"\024d\273\220),T\264t\244\313\232=/\243p\212Sp\210k"
 3509      292C54B4 
 3509      74A4CB9A 
 3509      3D2FA370 
 3509      8A537088 
 3510 4746 1DAED598 		.ascii	"\035\256\325\230\276\013\273\323\374Z\267\277\274\331"
 3510      BE0BBBD3 
 3510      FC5AB7BF 
 3510      BCD9
 3511 4754 882B6920 		.ascii	"\210+i \226\020\342\000Jw\330r\206\300\336r\006\266"
 3511      9610E200 
 3511      4A77D872 
 3511      86C0DE72 
 3511      06B6
 3512 4766 20F858E1 		.ascii	" \370X\341Z\276\007\221\241\202\340\302\011\005\262"
 3512      5ABE0791 
 3512      A182E0C2 
 3512      0905B2
 3513 4775 16A8C0AC 		.ascii	"\026\250\300\254\020\251@\325\222\0030,\341\230\025"
 3513      10A940D5 
 3513      9203302C 
 3513      E19815
 3514 4784 AED5C48D 		.ascii	"\256\325\304\215\341\322\375\037\021V\270\237\362\265"
 3514      E1D2FD1F 
 3514      1156B89F 
 3514      F2B5
 3515 4792 33FAB63F 		.ascii	"3\372\266?Z\201\016\2458\207\235B\022@4\300i\2003\000"
 3515      5A810EA5 
 3515      38879D42 
 3515      124034C0 
 3515      69803300 
ARM GAS  /tmp/ccU7h4Da.s 			page 287


 3516 47a6 09008900 		.ascii	"\011\000\211\000\261\000Q\0001\016\022\007\313\232\005"
 3516      B1005100 
 3516      310E1207 
 3516      CB9A05
 3517 47b5 8B1402AC 		.ascii	"\213\024\002\254\232\265z\375#\303\005C\024\202\024"
 3517      9AB57AFD 
 3517      23C30543 
 3517      148214
 3518 47c4 702DB404 		.ascii	"p-\264\004\243C8\256 \271\005*"
 3518      A34338AE 
 3518      20B9052A 
 3519 47d0 D88F70D2 		.ascii	"\330\217p\322\266\340\342\033\205\372\357y\315\232r"
 3519      B6E0E21B 
 3519      85FAEF79 
 3519      CD9A72
 3520 47df 0ADF3F8A 		.ascii	"\012\337?\212\012\200jH\332\305I\"\356\270\230\325\347"
 3520      0A806A48 
 3520      DAC54922 
 3520      EEB898D5 
 3520      E7
 3521 47f0 978E8085 		.ascii	"\227\216\200\205\356\024\222\201\230\267\203\345N\006"
 3521      EE149281 
 3521      98B783E5 
 3521      4E06
 3522 47fe 7A866D41 		.ascii	"z\206mAHa\016*\"4\273B\366\312\370d\331\242\377Yf\321"
 3522      48610E2A 
 3522      2234BB42 
 3522      F6CAF864 
 3522      D9A2FF59 
 3523 4814 F4878E9F 		.ascii	"\364\207\216\237\341\353\241\262\007f\351\003\"f\334"
 3523      E1EBA1B2 
 3523      0766E903 
 3523      2266DC
 3524 4823 54C44D65 		.ascii	"T\304Me\270+\3031\245\262\221\322,\373zW\032\342\246"
 3524      B82BC331 
 3524      A5B291D2 
 3524      2CFB7A57 
 3524      1AE2A6
 3525 4836 31DCEB65 		.ascii	"1\334\353e'\007d\367\375jT\333$\270\351\210\233\316"
 3525      270764F7 
 3525      FD6A54DB 
 3525      24B8E988 
 3525      9BCE
 3526 4848 704316AA 		.ascii	"pC\026\252\002\344/\201TI\351f n\006\303-\274<\035/"
 3526      02E42F81 
 3526      5449E966 
 3526      206E06C3 
 3526      2DBC3C1D 
 3527 485d BB791926 		.ascii	"\273y\031&\3437\023q3\031\256w\320\375_IQced\263\020"
 3527      E3371371 
 3527      3319AE77 
 3527      D0FD5F49 
 3527      51636564 
 3528 4873 358BA10E 		.ascii	"5\213\241\016\315\255e\311\310>\220\341f#n6\303\275"
 3528      CDAD65C9 
 3528      C83E90E1 
 3528      66236E36 
ARM GAS  /tmp/ccU7h4Da.s 			page 288


 3528      C3BD
 3529 4885 985F376C 		.ascii	"\230_7l\365\2115\311\373\024\034\266\331\011O\004\366"
 3529      F58935C9 
 3529      FB141CB6 
 3529      D9094F04 
 3529      F6
 3530 4896 12363886 		.ascii	"\02268\206\012\343\227\347\026e\217W{\313<L.\022\317"
 3530      0AE397E7 
 3530      16658F57 
 3530      7BCB3C4C 
 3530      2E12CF
 3531 48a9 65C48FAF 		.ascii	"e\304\217\257^\3156\335Z\365U\372^A\036\303\275\034"
 3531      5ECD36DD 
 3531      5AF555FA 
 3531      5E411EC3 
 3531      BD1C
 3532 48bb 113224D3 		.ascii	"\0212$\323[\232L\027\371H7\237\341\366M\326\355#\367"
 3532      5B9A4C17 
 3532      F948379F 
 3532      E1F64DD6 
 3532      ED23F7
 3533 48ce D0E365E7 		.ascii	"\320\343e\347\235)t&kX\010\252\253\217g\333\337\012"
 3533      9D297426 
 3533      6B5808AA 
 3533      AB8F67DB 
 3533      DF0A
 3534 48e0 1DF8863C 		.ascii	"\035\370\206<[\037\256\335\372-\032\305\016\317A.\340"
 3534      5B1FAEDD 
 3534      FA2D1AC5 
 3534      0ECF412E 
 3534      E0
 3535 48f1 C07752D5 		.ascii	"\300wR\325\2246\014\330\363g'\233\002\236\031]\276q"
 3535      94360CD8 
 3535      F367279B 
 3535      029E195D 
 3535      BE71
 3536 4903 D6C7F88A 		.ascii	"\326\307\370\212\377/)\232P\340 nu+\002|Z\224? V\342"
 3536      FF2F299A 
 3536      50E0206E 
 3536      752B027C 
 3536      5A943F20 
 3537 4919 40B756DD 		.ascii	"@\267V\335_n\203YR\347+\214\303\353\361\221\376jN\017"
 3537      5F6E8359 
 3537      52E72B8C 
 3537      C3EBF191 
 3537      FE6A4E0F 
 3538 492d 2275D009 		.ascii	"\"u\320\011\372J\021/\343\367P\217\245\016\346\015Z"
 3538      FA4A112F 
 3538      E3F7508F 
 3538      A50EE60D 
 3538      5A
 3539 493e A596D4CE 		.ascii	"\245\226\324\3163j\221iM\001j2\202\324&s\363O\213\357"
 3539      336A9169 
 3539      4D016A32 
 3539      82D42673 
 3539      F34F8BEF 
 3540 4952 8469FD77 		.ascii	"\204i\375w|\332.Y\305H]\220\220\272`I\352\"#\225\226"
ARM GAS  /tmp/ccU7h4Da.s 			page 289


 3540      7CDA2E59 
 3540      C5485D90 
 3540      90BA6049 
 3540      EA222395 
 3541 4967 18794116 		.ascii	"\030yA\026\015#evR\206*/c*\2775\235;-\3774\212\254{"
 3541      0D236576 
 3541      52862A2F 
 3541      632ABF35 
 3541      9D3B2DFF 
 3542 497f CA11B79C 		.ascii	"\312\021\267\234\341f\326\\k\220\015\331s2\334\012\304"
 3542      E166D65C 
 3542      6B900DD9 
 3542      7332DC0A 
 3542      C4
 3543 4990 AD60B893 		.ascii	"\255`\270\223)w\243\005\205\345\335O\371\320\223P\351"
 3543      2977A305 
 3543      85E5DD4F 
 3543      F9D09350 
 3543      E9
 3544 49a1 40BF539C 		.ascii	"@\277S\234\266\234f\224\015\372\006YkU\330Z\025km\242"
 3544      B69C6694 
 3544      0DFA0659 
 3544      6B55D85A 
 3544      156B6DA2 
 3545 49b5 2FA95316 		.ascii	"/\251S\026`\227\325\322\201|\011q/1\334\310\314\023"
 3545      6097D5D2 
 3545      817C0971 
 3545      2F31DCC8 
 3545      CC13
 3546 49c7 9BB2B0BF 		.ascii	"\233\262\260\277(\303\255F\334j\206[\237v#]\206;/\303"
 3546      28C3AD46 
 3546      DC6A865B 
 3546      9F76235D 
 3546      863B2FC3 
 3547 49db AD41DC1A 		.ascii	"\255A\334\032\034\364\247\3033e\216\247F\306o-\342\326"
 3547      1CF4A7C3 
 3547      33658EA7 
 3547      46C66F2D 
 3547      E2D6
 3548 49ed 32DCDA93 		.ascii	"2\334\332\223\345>\262;\236\2252\327]\207\270u\014w"
 3548      E53EB23B 
 3548      9E9532D7 
 3548      5D87B875 
 3548      0C77
 3549 49ff 7966B647 		.ascii	"yf\266G\226z\311_\\^\217\270\365\014\327\230\341s\\"
 3549      967AC95F 
 3549      5C5E8FB8 
 3549      F50CD798 
 3549      E1735C
 3550 4a12 E6D04EC9 		.ascii	"\346\320N\311r\333\006\304m`\270\343\307\242n\310\274"
 3550      72DB06C4 
 3550      6D60B8E3 
 3550      C7A26EC8 
 3550      BC
 3551 4a23 499D7C3A 		.ascii	"I\235|:\353\300_FM\217\350\2544a\325K\326\371F\031\313"
 3551      EBC05F46 
 3551      4D8FE8AC 
ARM GAS  /tmp/ccU7h4Da.s 			page 290


 3551      3461D54B 
 3551      D6F94619 
 3552 4a38 8D48BA91 		.ascii	"\215H\272\221\341\006\\^\350\224\261\334)SE\023\342"
 3552      E1065C5E 
 3552      E894B1DC 
 3552      29534513 
 3552      E2
 3553 4a49 36A1BF8E 		.ascii	"6\241\277\216z0#\353:\272]\317\214\333\214\270\315\310"
 3553      7A3023EB 
 3553      3ABA5DCF 
 3553      8CDB8CB8 
 3553      CDC8
 3554 4a5b 725AB2AF 		.ascii	"rZ\262\257\3546d\200\314G\265 n\013\303\015>\226\355"
 3554      EC366480 
 3554      CC47B520 
 3554      6E0BC30D 
 3554      3E96ED
 3555 4a6e 654F1671 		.ascii	"eO\026q<Ey\005\372\212/\375Z\373\235l<\265J\306S\253"
 3555      3C457905 
 3555      FA8A2FFD 
 3555      5AFB9D6C 
 3555      3CB54AC6 
 3556 4a84 E5786A63 		.ascii	"\345xjc\343\351j{\363\227\244\255f\312\336\334\327\216"
 3556      E3E96A7B 
 3556      F397A4AD 
 3556      66CADEDC 
 3556      D78E
 3557 4a96 ADB663A4 		.ascii	"\255\266c\244z\334\\j\330\301\277b\347\373\331\277b"
 3557      7ADC5C6A 
 3557      D8C1BF62 
 3557      E7FBD9BF 
 3557      62
 3558 4aa7 275C71D8 		.ascii	"'\\q\330A\373\357Q\272\237\203\324k\323\357\250\230"
 3558      41FBEF51 
 3558      BA9F83D4 
 3558      6BD3EFA8 
 3558      98
 3559 4ab8 0904A8C0 		.ascii	"\011\004\250\300k\373\253\230\327\356`^\333/\261)S6"
 3559      6BFBAB98 
 3559      D7EE605E 
 3559      DB2FB129 
 3559      5336
 3560 4aca 7C47649A 		.ascii	"|Gd\232\356D\336:\031o\213\221\017\257\213[\322)o\237"
 3560      EE44DE3A 
 3560      196F8B91 
 3560      0FAF8B5B 
 3560      D2296F9F 
 3561 4ade FE0D41A1 		.ascii	"\376\015A\241\213\215\304\271s\343\247\370\215<\243"
 3561      8B8DC4B9 
 3561      73E3A7F8 
 3561      8D3CA3
 3562 4aed 4FC35392 		.ascii	"O\303S\222z\367 \202\010s\320\334,[\205s\240_5\273?"
 3562      7AF72082 
 3562      0873D0DC 
 3562      2C5B8573 
 3562      A05F35BB 
 3563 4b02 325A21EB 		.ascii	"2Z!\353\374;2\226\272\221\245n\306\222WL\362\367\244"
ARM GAS  /tmp/ccU7h4Da.s 			page 291


 3563      FC3B3296 
 3563      BA91A56E 
 3563      C692574C 
 3563      F2F7A4
 3564 4b15 A8B332D4 		.ascii	"\250\2632\324k\210z\215\241\266467\310\3145A\326\367"
 3564      6B887A8D 
 3564      A1B63436 
 3564      37C8CC35 
 3564      41D6F7
 3565 4b28 3D88DBC3 		.ascii	"=\210\333\303pOzUE\310\206\301\202\214\356u\304\275"
 3565      704F7A55 
 3565      45C886C1 
 3565      828CEE75 
 3565      C4BD
 3566 4b3a CE703BFA 		.ascii	"\316p;\372\326\272L\217\024\373n\361@\222\320\353@\277"
 3566      D6BA4C8F 
 3566      14FB6EF1 
 3566      4092D0EB 
 3566      40BF
 3567 4b4c B25AD793 		.ascii	"\262Z\327\223\277,\263\3012\031\037}H\273\017\203\360"
 3567      BF2CB3C1 
 3567      32191F7D 
 3567      48BB0F83 
 3567      F0
 3568 4b5d F58B45B2 		.ascii	"\365\213E\262\357I\331\374\034l?\332\366\231\320tY\234"
 3568      EF49D9FC 
 3568      1C6C3FDA 
 3568      F699D074 
 3568      599C
 3569 4b6f BC2B73DA 		.ascii	"\274+s\332\003Hw\200\3416wL'\021\262\216\266\375\360"
 3569      03487780 
 3569      E136774C 
 3569      2711B28E 
 3569      B6FDF0
 3570 4b82 DC4AA5DA 		.ascii	"\334J\245\332\364\274'\177\033K_\345o\025\003\341M\032"
 3570      F4BC277F 
 3570      1B4B5FE5 
 3570      6F1503E1 
 3570      4D1A
 3571 4b94 086F8881 		.ascii	"\010o\210\2010\251\252'M|\217W[\000\271u\231\275\226"
 3571      30A9AA27 
 3571      4D7C8F57 
 3571      5B00B975 
 3571      99BD96
 3572 4ba7 2DE94D86 		.ascii	"-\351M\206'\014JF\307\240\345\350\030b\243c<f\316_\376"
 3572      270C4A46 
 3572      C7A0E5E8 
 3572      1862A363 
 3572      3C66CE5F 
 3573 4bbc 36139990 		.ascii	"6\023\231\220\303\310\3700c| \377^\266l\375{M\3261\267"
 3573      C3C8F830 
 3573      637C20FF 
 3573      5EB66CFD 
 3573      7B4DD631 
 3574 4bd1 10F716FA 		.ascii	"\020\367\026\372\351\214\324Y\323\376P\337O{\205\224"
 3574      E98CD459 
 3574      D3FE50DF 
ARM GAS  /tmp/ccU7h4Da.s 			page 292


 3574      4F7B8594 
 3575 4be1 30C28CAF 		.ascii	"0\302\214\257w&\342\261\314\370\256\310zg\024\033\030"
 3575      7726E2B1 
 3575      CCF8AEC8 
 3575      7A67141B 
 3575      18
 3576 4bf2 650D74C7 		.ascii	"e\015t\307%$\311,\252W\206;\206\270c\014\367\364\324"
 3576      2524C92C 
 3576      AA57863B 
 3576      86B8630C 
 3576      F7F4D4
 3577 4c05 8D2619E3 		.ascii	"\215&\031\343\364q\0023\3568\342\2163\\\037\277\214"
 3577      F4710233 
 3577      EE38E28E 
 3577      335C1FBF 
 3577      8C
 3578 4c16 6807F1FB 		.ascii	"h\007\361\373\036\276\237\371\373\036\302\004s\001\251"
 3578      1EBE9FF9 
 3578      FB1EC204 
 3578      7301A9
 3579 4c25 13818F9C 		.ascii	"\023\201\217\234\305\005s_\213=O\012\337\320\021nc\304"
 3579      C505735F 
 3579      8B3D4F0A 
 3579      DFD0116E 
 3579      63C4
 3580 4c37 0CCC6C71 		.ascii	"\014\314lq\026\307i\244t\234N\321q:\011d\356P&&\231"
 3580      16C769A4 
 3580      749C4ED1 
 3580      713A0964 
 3580      EE502626 
 3581 4c4c AAC6DB97 		.ascii	"\252\306\333\227n\011J\015m\361\275\031\341\016k\254"
 3581      6E094A0D 
 3581      6DF1BD19 
 3581      E10E6BAC 
 3582 4c5c E356C029 		.ascii	"\343V\300){\361u\273%D\362\272];\372\335\0270k(\366"
 3582      7BF175BB 
 3582      2544F2BA 
 3582      5D3BFADD 
 3582      17306B28 
 3583 4c71 B1354BD6 		.ascii	"\2615K\326\\\326\346\271i{qq\272\307^\366N\335\016\212"
 3583      5CD6E6B9 
 3583      697B7171 
 3583      BAC75EF6 
 3583      4EDD0E8A 
 3584 4c85 7F058A9D 		.ascii	"\177\005\212\235\024\177\232\341\257\267\327\227\311"
 3584      147F9AE1 
 3584      AFB7D797 
 3584      C9
 3585 4c92 C6D90999 		.ascii	"\306\331\011\231\306gP\3433\030\2463\263\373d^0@\226"
 3585      C66750E3 
 3585      3318A633 
 3585      B3FB645E 
 3585      304096
 3586 4ca5 C7DF45DC 		.ascii	"\307\337E\334\273\014\327\326C\033\313i\217KM\341\330"
 3586      BB0CD7D6 
 3586      431BCB69 
 3586      8F4B4DE1 
ARM GAS  /tmp/ccU7h4Da.s 			page 293


 3586      D8
 3587 4cb6 0BEAFFEE 		.ascii	"\013\352\377\356YIu7>;\237\017\256\336\300\207\012f"
 3587      59497537 
 3587      3E3B9F0F 
 3587      AEDEC087 
 3587      0A66
 3588 4cc8 2136DE73 		.ascii	"!6\336s\260]u\277\264\352\373\346\017:\234\033,\343"
 3588      B05D75BF 
 3588      B4EAFBE6 
 3588      0F3A9C1B 
 3588      2CE3
 3589 4cda AF789887 		.ascii	"\257x\230\207\332sX;0\244\340\204n\253\3473\036\320"
 3589      DA73583B 
 3589      30A4E084 
 3589      6EABE733 
 3589      1ED0
 3590 4cec B17A9F8D 		.ascii	"\261z\237\215UzL\027p3\252~*{\012\\f\264\013(\352\002"
 3590      557A4C17 
 3590      7033AA7E 
 3590      2A7B0A5C 
 3590      66B40B28 
 3591 4d02 13B5B5B9 		.ascii	"\023\265\265\271$N\226\221\334\224\341.\"\356\"\303"
 3591      244E9691 
 3591      DC94E12E 
 3591      22EE22C3 
 3592 4d12 4D0F0DE9 		.ascii	"M\017\015\351\263\371\301/\033\357\015\022\036\262\036"
 3592      B3F9C12F 
 3592      1BEF0D12 
 3592      1EB21E
 3593 4d21 F2DA18E9 		.ascii	"\362\332\030\351\224y,\372zw\311B\032\222_b\344\313"
 3593      94792CFA 
 3593      7A77C942 
 3593      1A925F62 
 3593      E4CB
 3594 4d33 1F2E25CB 		.ascii	"\037.%\313\306O\262,{XF\334e\206\033z\267\260W6.cd="
 3594      C64FB22C 
 3594      7B5846DC 
 3594      65861B7A 
 3594      B7B05736 
 3595 4d4b BF82B82B 		.ascii	"\277\202\270+\014\267*p\254B\266\311\263G\306\303#\304"
 3595      0CB72A70 
 3595      AC42B6C9 
 3595      B347C6C3 
 3595      23C4
 3596 4d5d 7D84CE27 		.ascii	"}\204\316'!\341\224,\351\352\224\341\256\"\356*\303"
 3596      21E1942C 
 3596      E9EA94E1 
 3596      AE22EE2A 
 3596      C3
 3597 4d6e 8D7E18B1 		.ascii	"\215~\030\261\352\2420\206\267\370\344\220\260\306\306"
 3597      EAA23086 
 3597      B7F8E490 
 3597      B0C6C6
 3598 4d7d 705E4F60 		.ascii	"p^O`\246<W\322J\367\223>\306\226\036c\242|\246{\321"
 3598      A63C57D2 
 3598      4AF7933E 
 3598      C6961E63 
ARM GAS  /tmp/ccU7h4Da.s 			page 294


 3598      A27CA67B 
 3599 4d92 4042FE0C 		.ascii	"@B\376\014o\365}\352[X\326\321p\3322\013}\224\337v\270"
 3599      6FF57DEA 
 3599      5B58D6D1 
 3599      70DA320B 
 3599      7D94DF76 
 3600 4da7 49AD6643 		.ascii	"I\255fC\364\360}\263\213\355\342K\203\026+w\256\341"
 3600      F4F07DB3 
 3600      8BEDE24B 
 3600      83162B77 
 3600      AEE1
 3601 4db9 4B58EAD4 		.ascii	"KX\352\324\024Mx\"q\360O,\035\274\321\221=\003Z\026"
 3601      144D7822 
 3601      71F04F2C 
 3601      1DBCD191 
 3601      3D035A16 
 3602 4dcd 19204B82 		.ascii	"\031 K\202Wef\344\345\310\244\201\037\300\215IL_\222"
 3602      576566E4 
 3602      E5C8A481 
 3602      1FC08D49 
 3602      4C5F92
 3603 4de0 05830459 		.ascii	"\005\203\004Y\337y#.\375Q\037qw\375\360\205\257~u\027"
 3603      DF79232E 
 3603      FD511F71 
 3603      77FDF085 
 3603      AF7E7517 
 3604 4df4 FCDB7BD8 		.ascii	"\374\333{\330\335u\227\207\373\336]{\016{\354~\357\335"
 3604      DD759787 
 3604      FBDE5D7B 
 3604      0E7BEC7E 
 3604      EFDD
 3605 4e06 BD7B0E7D 		.ascii	"\275{\016}u\257\356\357\376\361\237\276\360\303o\177"
 3605      75AFEEEF 
 3605      FEF19FBE 
 3605      F0C36F7F 
 3606 4e16 DBEE69D3 		.ascii	"\333\356i\323\311\335\236\037\277\347\276\347\240\253"
 3606      C9DD9E1F 
 3606      BFE7BEE7 
 3606      A0AB
 3607 4e24 86FDAF3B 		.ascii	"\206\375\257;\352v\310\363ko\354\366$?~\353G\337CB\277"
 3607      EA76C8F3 
 3607      6B6FECF6 
 3607      243F7EEB 
 3607      47DF4342 
 3608 4e39 77753FE4 		.ascii	"wu?\344z`\327\017\367\273\275\353\366\363\267w\035\366"
 3608      7A60D70F 
 3608      F7BBBDEB 
 3608      F6F3B777 
 3608      1DF6
 3609 4e4b D8B57FCF 		.ascii	"\330\265\177\317\201]G\016\273{z\354z\373\235\237}\355"
 3609      815D470E 
 3609      BB7B7AEC 
 3609      7AFB9D9F 
 3609      7DED
 3610 4e5d 8D5D3FFD 		.ascii	"\215]?\375\351\217v\375\360\373\377\370\341\353\364"
 3610      E98F76FD 
 3610      F0FBFFF8 
ARM GAS  /tmp/ccU7h4Da.s 			page 295


 3610      E1EBF4
 3611 4e6c CA6E4AF4 		.ascii	"\312nJ\364\300\201}_\335oG\336~\353G\366\224\342\267"
 3611      C0817D5F 
 3611      DD6F47DE 
 3611      7EEB47F6 
 3611      94E2B7
 3612 4e7f 80E05B3F 		.ascii	"\200\340[?\3721\371\345;\277$?\372\351\017\265\373\366"
 3612      FA31F9E5 
 3612      3BBF243F 
 3612      FAE90FB5 
 3612      FBF6
 3613 4e91 78EEF9C6 		.ascii	"x\356\371\306\327Yc\337\370\372nOV\376\332\033\354\347"
 3613      D75963DF 
 3613      F8FA6E4F 
 3613      56FEDA1B 
 3613      ECE7
 3614 4ea3 F56FB0D3 		.ascii	"\365o\260\323\257\177c\267\247\206\226\277e\000\312"
 3614      AF7F63B7 
 3614      A78696BF 
 3614      6500CA
 3615 4eb2 EF7CFC13 		.ascii	"\357|\374\023\312\235\372\220\353\307\236/J\304s;$\025"
 3615      CA9DFA90 
 3615      EBC79E2F 
 3615      4AC4733B 
 3615      2415
 3616 4ec4 6FBFDD76 		.ascii	"o\277\335v+\261\240\341\017\017z:}\377\260\307\317\337"
 3616      2BB1A0E1 
 3616      0F0F7A3A 
 3616      7DFFB0C7 
 3616      CFDF
 3617 4ed6 F67477DD 		.ascii	"\366tw\335s\360\237\177\366\216\003\305:\354\301\212"
 3617      73F09F7F 
 3617      F68E03C5 
 3617      3AECC18A 
 3618 4ee6 F67BF7EF 		.ascii	"\366{\367\3579\004\3429\321sn\207y\311\021\360\337\372"
 3618      3904E239 
 3618      D1736E87 
 3618      79C911F0 
 3618      DFFA
 3619 4ef8 F90FB1F0 		.ascii	"\371\017\261\360\262\215\006\335xuh\323`\246\255\206"
 3619      B28D06DD 
 3619      787568D3 
 3619      60A6AD86 
 3620 4f08 EAEEDA77 		.ascii	"\352\356\332w\217\276\367\236\253\273\326\335\365\340"
 3620      8FBEF79E 
 3620      ABBBD6DD 
 3620      F5E0
 3621 4f16 614F5707 		.ascii	"aOW\007\327\017=\177\352\346\341\351z\310\325]\363\336"
 3621      D70F3D7F 
 3621      EAE6E1E9 
 3621      7AC8D55D 
 3621      F3DE
 3622 4f28 813DEF7B 		.ascii	"\201=\357{8\272~\350z\310\223\035\202\344\254\340\341"
 3622      38BA7EE8 
 3622      7AC8931D 
 3622      82E4ACE0 
 3622      E1
ARM GAS  /tmp/ccU7h4Da.s 			page 296


 3623 4f39 C07E0EEE 		.ascii	"\300~\016\356\361\370\375nO\335\001\216\256\337\273"
 3623      F1F8FD6E 
 3623      4FDD018E 
 3623      AEDFBB
 3624 4f48 7FB7E77E 		.ascii	"\177\267\347~\240\273O\207?\273=\235\031\336n\021\343"
 3624      A0BB4F87 
 3624      3FBB3D9D 
 3624      19DE6E11 
 3624      E3
 3625 4f59 297911C8 		.ascii	")y\021\310}\304\350~U\251\343\334=\251\004\007\216\356"
 3625      7DC4E87E 
 3625      55A9E3DC 
 3625      3DA90407 
 3625      8EEE
 3626 4f6b 73DDB577 		.ascii	"s\335\265w?6\015\022\350\201\307\267\017\037u\337\353"
 3626      3F360D12 
 3626      E881C7B7 
 3626      0F1F75DF 
 3626      EB
 3627 4f7c 8ABCEDF6 		.ascii	"\212\274\355\366`\005gi\001z\303\323\355\240\253\273"
 3627      60056769 
 3627      017AC3D3 
 3627      EDA0ABBB 
 3628 4f8c 6EEF9E03 		.ascii	"n\357\236\003\007\336\335\263\367\367O\001w\037\272"
 3628      07DEDDB3 
 3628      F7F74F01 
 3628      771FBA
 3629 4f9b B97B1E85 		.ascii	"\271{\036\205\036"
 3629      1E
 3630 4fa0 67575C64 		.ascii	"gW\\d%\220\343C\317\367\216\036\332\013\007\320\235"
 3630      2590E343 
 3630      CFF78E1E 
 3630      DA0B07D0 
 3630      9D
 3631 4fb1 AEEE1FEE 		.ascii	"\256\356\037\3569\260\215j\356\300\341C\357\213'v{:"
 3631      39B08D6A 
 3631      EEC0E143 
 3631      EF8B2776 
 3631      7B3A
 3632 4fc3 78BABBBD 		.ascii	"x\272\273\275\377\276\253;\255\303\272\200\036xx\356"
 3632      FFBEAB3B 
 3632      ADC3BA80 
 3632      1E7878EE 
 3633 4fd3 3978444D 		.ascii	"9xDM\217^\260\241zz\036\230v\221a\357\366T}\350I\216"
 3633      8F5EB0A1 
 3633      7A7A1E98 
 3633      769161EF 
 3633      F6547DE8 
 3634 4fe9 EC7157D3 		.ascii	"\354qW\32365\373\250J\234\200\303}\256\007<\3670\005"
 3634      3635FBA8 
 3634      4A9C80C3 
 3634      7DAE073C 
 3634      F73005
 3635 4ffc B9C84AD4 		.ascii	"\271\310J\324"
 3636 5000 B868C1C9 		.ascii	"\270h\301\311\343\023\01737\257~&\275\321\372Tm\320"
 3636      E3130F33 
 3636      37AF7E26 
ARM GAS  /tmp/ccU7h4Da.s 			page 297


 3636      BDD1FA54 
 3636      6DD0
 3637 5012 C3070EEF 		.ascii	"\303\007\016\357\331\267\3533U:\374\356\357\\\367\242"
 3637      D9B7EB33 
 3637      553AFCEE 
 3637      EF5CF7A2 
 3638 5022 B645C6DD 		.ascii	"\266E\306\335\355\367\276\013\034\3579h\313\242\031"
 3638      EDF7BE0B 
 3638      1CEF3968 
 3638      CBA219
 3639 5031 02603B98 		.ascii	"\002`;\230\012 \242\333>f\340\036\373]\017\034@\363"
 3639      0A20A2DB 
 3639      3E66E01E 
 3639      FB5D0F1C 
 3639      40F3
 3640 5043 7203A3B0 		.ascii	"r\003\243\260U\235\241P\036\321L\237\006\033}\233\236"
 3640      559DA150 
 3640      1ED14C9F 
 3640      061B7D9B 
 3640      9E
 3641 5054 328D0167 		.ascii	"2\215\001g\300bH\210\360\224\251\022\037\001.b\015>"
 3641      C0624888 
 3641      F094A912 
 3641      1F012E62 
 3641      0D3E
 3642 5066 089CE514 		.ascii	"\010\234\345\024\014\207=D\253\326\242\201h\367\036"
 3642      0C873D44 
 3642      ABD6A281 
 3642      68F71E
 3643 5075 3EF49EDB 		.ascii	">\364\236\333\373O\233\011\2612(\032:\310\323\325\331"
 3643      FB4F9B09 
 3643      B132281A 
 3643      3AC8D3D5 
 3643      D9
 3644 5086 749E159F 		.ascii	"t\236\025\237\222\027\301r\217\270\037>x\304S}\010\306"
 3644      9217C172 
 3644      8FB81F3E 
 3644      78C4537D 
 3644      08C6
 3645 5098 AC9E9BFB 		.ascii	"\254\236\233\373G{\014\036\236\277\337s\300\355}\030"
 3645      477B0C1E 
 3645      9EBFDF73 
 3645      C0ED7D18 
 3646 50a8 CE7A530D 		.ascii	"\316zS\015\375\341#\256\356{<\335\016\0372\270~\354"
 3646      FDE123AE 
 3646      EE7B3CDD 
 3646      0E1F32B8 
 3646      7EEC
 3647 50ba BA971238 		.ascii	"\272\227\0228\352\001\235\341\011}h\277\367\360\301"
 3647      EA019DE1 
 3647      097D68BF 
 3647      F7F0C1
 3648 50c9 837B0EED 		.ascii	"\203{\016\355\223\310\203'\266Y\236\000\212\356\256"
 3648      93C88327 
 3648      B6599E00 
 3648      8AEEAE
 3649 50d8 1F1C05F3 		.ascii	"\037\034\005\363q\335g8\260\007\250\354\245$]LxX~\332"
ARM GAS  /tmp/ccU7h4Da.s 			page 298


 3649      71DD6738 
 3649      B007A8EC 
 3649      A5245D4C 
 3649      78587EDA 
 3650 50ec A2BCDBD3 		.ascii	"\242\274\333\323~?\010~\330\375\023\255\353>7\250\253"
 3650      7E3F087E 
 3650      D8FD13AD 
 3650      EB3E37A8 
 3650      AB
 3651 50fd F570FB37 		.ascii	"\365p\3737\340_\347\341z\000:\330u\237\375\336\243\356"
 3651      E05FE7E1 
 3651      7A003AD8 
 3651      759FFDDE 
 3651      A3EE
 3652 510f EE306E34 		.ascii	"\3560n4n\207\216\034\365\324\356q\177\037\374\201\326"
 3652      6E878E1C 
 3652      F5D4EE71 
 3652      7F1FFC81 
 3652      D6
 3653 5120 C3F58303 		.ascii	"\303\365\203\003\256\207\350\017\224\364\200\342q\330"
 3653      AE87E80F 
 3653      94F480E2 
 3653      71D8
 3654 512e FDC8610F 		.ascii	"\375\310a\017-\234|\337s\277\203\251\021 \344\352\356"
 3654      2D9C7CDF 
 3654      73BF83A9 
 3654      1120E4EA 
 3654      EE
 3655 513f 7ED87DF7 		.ascii	"~\330}\367\336w\235E_\272\317\335\355C\360\006\340\006"
 3655      DE779D45 
 3655      5FBACFDD 
 3655      ED43F006 
 3655      E006
 3656 5151 7FC48E9C 		.ascii	"\177\304\216\234\351Iq\030\356\3664x~\354\012\232\373"
 3656      E9497118 
 3656      EEF63478 
 3656      7EEC0A9A 
 3656      FB
 3657 5162 04AAE8DD 		.ascii	"\004\252\350\335?~\357(\020\331\373\256\275\373\307"
 3657      3F7EEF28 
 3657      10D9FBAE 
 3657      BDFBC7
 3658 5171 20DB51D7 		.ascii	" \333Q\327\247L>\304c7;\241a\377\353\3404;0\210\007"
 3658      A74C3EC4 
 3658      63373BA1 
 3658      61FFEBE0 
 3658      343B3088 
 3659 5186 BB3D5D64 		.ascii	"\273=]dx \247'\2220\361\201\035J\371\370!;2\300I\336"
 3659      7820A727 
 3659      9230F181 
 3659      1D4AF9F8 
 3659      213B32C0 
 3660 519c 7B040E1D 		.ascii	"{\004\016\035\340\302\356w>9\342\372#\327\367\300K\034"
 3660      E0C2EE77 
 3660      3E39E2FA 
 3660      23D7F7C0 
 3660      4B1C
ARM GAS  /tmp/ccU7h4Da.s 			page 299


 3661 51ae 3AF8EEC7 		.ascii	":\370\356\307\273=\325\357\274\365\263\037\223\237\374"
 3661      BB3DD5EF 
 3661      BCF5B31F 
 3661      939FFC
 3662 51bd EC2DEAC5 		.ascii	"\354-\352\305\177\211^\234\231\202y\320\351<?F\217\251"
 3662      7F895E9C 
 3662      998279D0 
 3662      E93C3F46 
 3662      8FA9
 3663 51cf E3C3C1E3 		.ascii	"\343\303\301\343)\327C\310\203(\3443f\267\316/\355}"
 3663      29D743C8 
 3663      8328E433 
 3663      66B7CE2F 
 3663      ED7D
 3664 51e1 17044724 		.ascii	"\027\004G$\212\340\200\207\357\271\037>\344\251\246"
 3664      8AE08087 
 3664      EFB91F3E 
 3664      E4A9A6
 3665 51f0 1DA2D9F3 		.ascii	"\035\242\331\363\341\036\267\003T\037n\007\240!\217"
 3665      E11EB703 
 3665      541F6E07 
 3665      A0218F
 3666 51ff A7CC14F0 		.ascii	"\247\314\024\360\3146\313\023`\250L\363\366\\\235Z\324"
 3666      CC36CB13 
 3666      60A84CF3 
 3666      F65C9D5A 
 3666      D4
 3667 5210 25B5FB9F 		.ascii	"%\265\373\237\374\300\244\373\035\226\325(#Z<$\020\234"
 3667      FCC0A4FB 
 3667      1D96D528 
 3667      235A3C24 
 3667      109C
 3668 5222 88BBA73B 		.ascii	"\210\273\247;q\333\347J<<\367\251\335=>\334'i\330\375"
 3668      71DBE74A 
 3668      3C3CF7A9 
 3668      DD3D3EDC 
 3668      2769D8FD 
 3669 5236 63EAE089 		.ascii	"c\352\340\211\373\236\217\266Y\236\004E\321\037\225"
 3669      FB9E8FB6 
 3669      599E0445 
 3669      D11F95
 3670 5245 DBBB5A37 		.ascii	"\333\273Z7\354\240\017v\037:\354\351\366\336':\267\303"
 3670      ECA00F76 
 3670      1F3AECE9 
 3670      F6DE273A 
 3670      B7C3
 3671 5257 BCA7C403 		.ascii	"\274\247\304\0030\334\017\360\032\364\321\007\273\335"
 3671      30DC0FF0 
 3671      1AF4D107 
 3671      BBDD
 3672 5265 F71DF174 		.ascii	"\367\035\361t\207\337\217\334\341W\363\301n\317\303"
 3672      87DF8FDC 
 3672      E157F3C1 
 3672      6ECFC3
 3673 5274 47A0326A 		.ascii	"G\2402jT\377\001t\332Q\252i8\372h\217\233\247\333\241"
 3673      54FF0174 
 3673      DA51AA69 
ARM GAS  /tmp/ccU7h4Da.s 			page 300


 3673      38FA688F 
 3673      9BA7DBA1 
 3674 5288 F7B51F80 		.ascii	"\367\265\037\200\003<\364\373\327\267\212\355\242\333"
 3674      033CF4FB 
 3674      D7B78AED 
 3674      A2DB
 3675 5296 A23DCFDA 		.ascii	"\242=\317\332\244~\313\211\031\264\310\203\223\307>"
 3675      A47ECB89 
 3675      19B4C883 
 3675      93C73E
 3676 52a5 CA3EEF7F 		.ascii	"\312>\357\177\015\013\025\333\336vuw\333s\300\244,p"
 3676      0D0B15DB 
 3676      DE767577 
 3676      DB73C0A4 
 3676      2C70
 3677 52b7 332E16A7 		.ascii	"3.\026\247\314e\264!-\323\302\021\015\374\347\266O\355"
 3677      CC65B421 
 3677      2DD3C211 
 3677      0DFCE7B6 
 3677      4FED
 3678 52c9 E1E171C4 		.ascii	"\341\341q\304\341\340\341}Ga(Q\276q\320\302I<G\235\235"
 3678      E1E0E17D 
 3678      47612851 
 3678      BE71D0C2 
 3678      493C479D 
 3679 52de 0E0FDFDA 		.ascii	"\016\017\337\332G\335\312\373\256.\"\006+\201Mx|rh/"
 3679      47DDCAFB 
 3679      AE2E2206 
 3679      2B814D78 
 3679      7C72682F 
 3680 52f2 3A245BB1 		.ascii	":$[\261\203b\202(\316\3421M0\250\207\242COu\330C\375"
 3680      83628228 
 3680      CEE2314D 
 3680      30A887A2 
 3680      434F75D8 
 3681 5308 FE11B7C3 		.ascii	"\376\021\267\303/\331\252\367\011\270\011\026\354\315"
 3681      2FD9AAF7 
 3681      09B80916 
 3681      ECCD
 3682 5316 259D9803 		.ascii	"%\235\230\003\250\276n\347\270\307\375\340\207\337t"
 3682      A8BE6EE7 
 3682      B8C7FDE0 
 3682      87DF74
 3683 5325 7DF5E05F 		.ascii	"}\365\340_\274w\304\316\000U=]?~\365\340\327\355\236"
 3683      BC77C4CE 
 3683      00553D5D 
 3683      3F7EF5E0 
 3683      D7ED9E
 3684 5338 DF0DF83F 		.ascii	"\337\015\370?\241\"\376\030\355\366\207\334\242_T\316"
 3684      A122FE18 
 3684      EDF687DC 
 3684      A25F54CE 
 3685 5348 D1EC9E35 		.ascii	"\321\354\2365W\242\006)V1\323z\007-T\274\360\234\351"
 3685      57A20629 
 3685      5631D37A 
 3685      072D54BC 
 3685      F09CE9
ARM GAS  /tmp/ccU7h4Da.s 			page 301


 3686 535b C22F99C9 		.ascii	"\302/\231\311\212\347\035\366\356\177\373\023\217\177"
 3686      8AE71DF6 
 3686      EE7FFB13 
 3686      8F7F
 3687 5369 3A74E0F0 		.ascii	":t\340\360\336\337\377\305g\012R \030\217\254P\361\357"
 3687      DEDFFFC5 
 3687      670A5220 
 3687      188FAC50 
 3687      F1EF
 3688 537b 5C3DFFE9 		.ascii	"\\=\377\351\010\215<\214\376\333\264\273\177\302\354"
 3688      088D3C8C 
 3688      FEDBB4BB 
 3688      7FC2EC
 3689 538a 5CA4EF6C 		.ascii	"\\\244\357l:\377K\360\033\236N\262\"\015\346\357\354"
 3689      3AFF4BF0 
 3689      1B9E4EB2 
 3689      220DE6EF 
 3689      EC
 3690 539b DFF74F6F 		.ascii	"\337\367Oo\037pu=\362\266-\235\242\273\201\366\034\245"
 3690      1F70753D 
 3690      F2B62D9D 
 3690      A2BB81F6 
 3690      1CA5
 3691 53ad A8662AD0 		.ascii	"\250f*\320\276\247\346\240\007D\020G\351\271\355\246"
 3691      BEA7E6A0 
 3691      07441047 
 3691      E9B9EDA6 
 3692 53bd C20F3D0F 		.ascii	"\302\017=\017|\025\034\206\347W_s\224\236\243\344`\304"
 3692      7C151C86 
 3692      E7575F73 
 3692      949EA3E4 
 3692      60C4
 3693 53cf EE39F4D6 		.ascii	"\3569\364\326!7\317g\304\302/\334\017\177\010\343\362"
 3693      2137CF67 
 3693      C4C22FDC 
 3693      0F7F08E3 
 3693      F2
 3694 53e0 076C5C3C 		.ascii	"\007l\\<+\236\375\376\336\017\216\272\271\273\362\364"
 3694      2B9EFDFE 
 3694      DE0F8EBA 
 3694      B9BBF2F4 
 3695 53f0 F229F1F4 		.ascii	"\362)\361\364;\356\340\331\016\272y:\262\336f\361e\267"
 3695      3BEEE0D9 
 3695      0EBA793A 
 3695      B2DE66F1 
 3695      65B7
 3696 5402 E7739657 		.ascii	"\347s\226W\337\001\335\034>\352\351bj\374W\356\020\020"
 3696      DF01DD1C 
 3696      3EEAE962 
 3696      6AFC57EE 
 3696      1010
 3697 5414 247AF8C5 		.ascii	"$z\370\305QO\011\357Pr\226\243\232\230\373%\304\362"
 3697      514F09EF 
 3697      507296A3 
 3697      9A98FB25 
 3697      C4F2
 3698 5426 0F5D51BB 		.ascii	"\017]Q\273o\271\260\221\365s\226/P\021\014\254\374\266"
ARM GAS  /tmp/ccU7h4Da.s 			page 302


 3698      6FB9B091 
 3698      F573962F 
 3698      50110CAC 
 3698      FCB6
 3699 5438 2748AAE7 		.ascii	"'H\252\347\207\207\2178\262#\030C\236\356\207\017@\242"
 3699      87878F38 
 3699      B2231843 
 3699      9EEE870F 
 3699      40A2
 3700 544a 08FAFBF1 		.ascii	"\010\372\373\361\307n\236\237-\027\341\216\036T\017"
 3700      C76E9E9F 
 3700      2D17E18E 
 3700      1E540F
 3701 5459 71E0883B 		.ascii	"q\340\210;\270\342\367v\374`\217\207\353\3334\036\036"
 3701      B8E2F776 
 3701      FC608F87 
 3701      EBDB341E 
 3701      1E
 3702 546a F284F189 		.ascii	"\362\204\361\211A\376k[\371\210\003n\357\356B\373\367"
 3702      41FE6B5B 
 3702      F988036E 
 3702      EFEE42FB 
 3702      F7
 3703 547b D8255201 		.ascii	"\330%R\001\212\237\337\315\024F\325v\370\310\356\203"
 3703      8A9FDFCD 
 3703      1446D576 
 3703      F8C8EE83 
 3704 548b AE7B3C8E 		.ascii	"\256{<\216\272\203#\007qw\273y\270\177\266\004\213\021"
 3704      BA832307 
 3704      7177BB79 
 3704      B87FB604 
 3704      8B11
 3705 549d 005A2FEE 		.ascii	"\000Z/\356\336\275\357\335\367wC\246\012q\356(\263c"
 3705      DEBDEFDD 
 3705      F77743A6 
 3705      0A71EE28 
 3705      B363
 3706 54af EAE20F7E 		.ascii	"\352\342\017~vJ\373\\\337=\372>P\332\261w\377\217?\364"
 3706      764AFB5C 
 3706      DF3DFA3E 
 3706      50DAB177 
 3706      FF8F3FF4 
 3707 54c3 FC813BA4 		.ascii	"\374\201;\244k{!\324\377\204&\311o}NJ^F\374e\263\020"
 3707      6B7B21D4 
 3707      FF8426C9 
 3707      6F7D4E4A 
 3707      5E46FC65 
 3708 54d9 A0752B29 		.ascii	"\240u+)\266\363\031\016\034\3034c7\033\214\232\335?"
 3708      B6F3190E 
 3708      1CC33463 
 3708      371B8C9A 
 3708      DD3F
 3709 54eb 387CF8C0 		.ascii	"8|\370\300S\342\025On#4V\277\343\376\311/]\367\272\202"
 3709      53E2154F 
 3709      6E233456 
 3709      BFE3FEC9 
 3709      2F5DF7BA 
ARM GAS  /tmp/ccU7h4Da.s 			page 303


 3710 5500 FB7B4B31 		.ascii	"\373{K11\267\364\2728\235\321\263\021\374\346\236\003"
 3710      31B7F4BA 
 3710      389DD1B3 
 3710      11FCE69E 
 3710      03
 3711 5511 9F313375 		.ascii	"\23713u\335\343~\340\023\250\367\324n\010\000`Mn\020"
 3711      DDE37EE0 
 3711      13A8F7D4 
 3711      6E080060 
 3711      4D6E10
 3712 5524 2F3F3E02 		.ascii	"/?>\002v\244\201\330\355\341\251>\340\272\347={\210"
 3712      76A481D8 
 3712      EDE1A93E 
 3712      E0BAE73D 
 3712      7B88
 3713 5536 1DFBDD0F 		.ascii	"\035\373\335\017\177\264EGy\356\337\267\315Z\365OY\270"
 3713      7FB44547 
 3713      79EEDFB7 
 3713      CD5AF54F 
 3713      59B8
 3714 5548 857F79CA 		.ascii	"\205\177y\312R\177[\251\015hBh\2031\360\226\223\333"
 3714      527F5BA9 
 3714      0D684268 
 3714      8331F096 
 3714      93DB
 3715 555a 07D441F0 		.ascii	"\007\324A\360\321\3634\016~6\366\377\011l\357\300\333"
 3715      D1F3340E 
 3715      7E36F6FF 
 3715      096CEFC0 
 3715      DB
 3716 556b 8E6E1F40 		.ascii	"\216n\037@\033\374\362\0164mt\236\374\334\333\333\366"
 3716      1BFCF20E 
 3716      346D749E 
 3716      FCDCDBDB 
 3716      F6
 3717 557c 5A0D42ED 		.ascii	"Z\015B\355A\327\203{\217|\"\274n\377\336\241/x\200\310"
 3717      41D7837B 
 3717      8F7C22BC 
 3717      6EFFDEA1 
 3717      2F7880C8 
 3718 5590 20E6A143 		.ascii	" \346\241C\340\014\377u\327\376\303\007]w\035\201\261"
 3718      E00CFF75 
 3718      D7FEC307 
 3718      5D771D81 
 3718      B1
 3719 55a1 F1FEDEBD 		.ascii	"\361\376\336\275\257\202\237~\325\365\340\273\256\373"
 3719      AF829F7E 
 3719      D5F5E0BB 
 3719      AEFB
 3720 55af F6B9EE33 		.ascii	"\366\271\3563\235\000T\327W]\367\274\353\366\352\267"
 3720      9D0054D7 
 3720      575DF7BC 
 3720      EBF6EAB7 
 3721 55bf 5F7DE3B5 		.ascii	"_}\343\2657^{\365\2037^=Jc\203\353.\331e\223\246\301"
 3721      375E7BF5 
 3721      83375E3D 
 3721      4A6383EB 
ARM GAS  /tmp/ccU7h4Da.s 			page 304


 3721      2ED96593 
 3722 55d5 EE219252 		.ascii	"\356!\222RE\357\335\377\243w\337\377!\325\300\017!\207"
 3722      45EFDDFF 
 3722      A377DFFF 
 3722      21D5C00F 
 3722      2187
 3723 55e7 F4780B98 		.ascii	"\364x\013\2307\217\\\035\225\324\303\325\363-\002B:"
 3723      378F5C1D 
 3723      95D4C3D5 
 3723      F32D0242 
 3723      3A
 3724 55f8 9A230778 		.ascii	"\232#\007x4\211k\266s\332\275\233M\224v\177\365\233"
 3724      34896BB6 
 3724      73DABD9B 
 3724      4D94767F 
 3724      F59B
 3725 560a 5FFBC6B7 		.ascii	"_\373\306\267ub\311I\352\324\354\234MH\257\277\376\255"
 3725      7562C949 
 3725      EAD4EC9C 
 3725      4D48AFBF 
 3725      FEAD
 3726 561c D7DED0D0 		.ascii	"\327\336\320\320\210\372\272=f&\257\223\275\373_#\320"
 3726      88FABA3D 
 3726      6626AF93 
 3726      BDFB5F23 
 3726      D0
 3727 562d 17F6609C 		.ascii	"\027\366`\234\273\367B\356\011\000i\302\021\010\252"
 3727      BBF742EE 
 3727      090069C2 
 3727      1108AA
 3728 563c 7B77830B 		.ascii	"{w\203\013\245s\037\3364\033\021:f\355\200\344,=\013"
 3728      A5731FDE 
 3728      341B113A 
 3728      66ED80E4 
 3728      2C3D0B
 3729 564f D1F3E01E 		.ascii	"\321\363\340\036\030\3068\345\204\377\016\300\250>l"
 3729      18C638E5 
 3729      84FF0EC0 
 3729      A83E6C
 3730 565e EF49FF87 		.ascii	"\357I\377\207T\343\240\347\307t\346CS\307\203G!\276"
 3730      54E3A0E7 
 3730      C774E643 
 3730      53C78347 
 3730      21BE
 3731 5670 E95C8FB8 		.ascii	"\351\\\217\270\036\332\007z\260\347\231\005L\245\331"
 3731      1EDA077A 
 3731      B0E79905 
 3731      4CA5D9
 3732 567f DC4ACF7F 		.ascii	"\334J\317\177w{\012G\265\256\037\321\304F\373\221'T"
 3732      777B0A47 
 3732      B5AE1FD1 
 3732      C446FB91 
 3732      2754
 3733 5691 3F023F1E 		.ascii	"?\002?\0360Z\034);\256\007\367\034\331\017\361@\363"
 3733      305A1C29 
 3733      3BAE07F7 
 3733      1CD90FF1 
ARM GAS  /tmp/ccU7h4Da.s 			page 305


 3733      40F3
 3734 56a3 91A7A7FB 		.ascii	"\221\247\247\373\221m<\345ww\005\367\354z\210\3167\001"
 3734      916D3CE5 
 3734      777705F7 
 3734      EC7A88CE 
 3734      3701
 3735 56b5 19264D47 		.ascii	"\031&MGt\256\340\327\366\036\336\347\252u\337\367\011"
 3735      74AEE0D7 
 3735      F61EDEE7 
 3735      AA75DFF7 
 3735      09
 3736 56c6 C862EFE1 		.ascii	"\310b\357\341\366.$0\357\003\037n\007\366\001\256\026"
 3736      F62E2430 
 3736      EF031F6E 
 3736      07F601AE 
 3736      16
 3737 56d7 6200782D 		.ascii	"b\000x-5T\365\260\367\244\377\323\334\025\322\004\232"
 3737      3554F5B0 
 3737      F7A4FFD3 
 3737      DC15D204 
 3737      9A
 3738 56e8 957B8AD3 		.ascii	"\225{\212\323\213\217\366\274\013\036Ns\370\243C4\201"
 3738      8B8FF6BC 
 3738      0B1E4E73 
 3738      F8A34334 
 3738      81
 3739 56f9 DEBF9BA5 		.ascii	"\336\277\233\245\240p\021\232r\222\034\003\246;\263"
 3739      A070119A 
 3739      72921C03 
 3739      A63BB3
 3740 5708 35B2D7F3 		.ascii	"5\262\327\363c\025d#t\231\203&\253Ptd\3070\222@x\317"
 3740      63156423 
 3740      74998326 
 3740      AB507464 
 3740      C7309240 
 3741 571e 6F280D48 		.ascii	"o(\015H:\2758|\210/\217|\377\227?\373\360\233\257\376"
 3741      3ABD387C 
 3741      882F8F7C 
 3741      FF973FFB 
 3741      F09BAFFE 
 3742 5732 0C86260D 		.ascii	"\014\206&\015}tEd\377>w\355\021\326\302\323\300\005"
 3742      7D744564 
 3742      FF3E77ED 
 3742      11D6C2D3 
 3742      C005
 3743 5744 552D8C8E 		.ascii	"U-\214\216O0\253\332nu\006\362BzBM\325\311\346Q\036"
 3743      4F30ABDA 
 3743      6E7506F2 
 3743      427A424D 
 3743      D5C9E651 
 3744 5759 C221ED51 		.ascii	"\302!\355Q\326\273j:g\261w\367d\005\315G\207\335a|\277"
 3744      D6BB6A3A 
 3744      67B177F7 
 3744      6405CD47 
 3744      87DD617C 
 3745 576e 0BB319C3 		.ascii	"\013\263\031\303\336\243\007\217\036\200\351\321\207"
 3745      DEA3078F 
ARM GAS  /tmp/ccU7h4Da.s 			page 306


 3745      1E80E9D1 
 3745      87
 3746 577b AE3A774F 		.ascii	"\256:wO:Pw{\376\371g\013\0134\301\331\306j\360\241{"
 3746      3A50777B 
 3746      FEF9670B 
 3746      0B34C1D9 
 3746      C66AF0A1 
 3747 5790 90CEFF3D 		.ascii	"\220\316\377=\237\221\253\213\317\003vX\237\002\246"
 3747      9F91AB8B 
 3747      CF037658 
 3747      9F02A6
 3748 579f DCDFDB7B 		.ascii	"\334\337\333{\224\332\001\375u\240\377\355\306\364\366"
 3748      94DA01FD 
 3748      75A0FFED 
 3748      C6F4F6
 3749 57ae 2F3F1307 		.ascii	"/?\023\007\264\002\233X\323\212\236\366Tg\273\335\366"
 3749      B4029B58 
 3749      D38A9EF6 
 3749      5467BBDD 
 3749      F6
 3750 57bf E9F92F9C 		.ascii	"\351\371/\234qw}\237\252\302\201\266\340\372>\034\271"
 3750      71777D9F 
 3750      AAC281B6 
 3750      E0FA3E1C 
 3750      B9
 3751 57d0 7F62100F 		.ascii	"\177b\020\017\240\353>\364\244W\237\265\\\231\360`\346"
 3751      A0EB3EF4 
 3751      A4579FB5 
 3751      5C99F060 
 3751      E6
 3752 57e1 A8A30AA3 		.ascii	"\250\243\012\243e=5z\246\227gl\240\2012\335\305\325"
 3752      653D357A 
 3752      A697676C 
 3752      A08132DD 
 3752      C5D5
 3753 57f3 036A929F 		.ascii	"\003j\222\237\260\263\216\346C\030\275(\006:;\303A\223"
 3753      B0B38EE6 
 3753      4318BD28 
 3753      063A3BC3 
 3753      4193
 3754 5805 83D3C11C 		.ascii	"\203\323\301\034\311\363c\217\217\366j\016\355vs\377"
 3754      C9F3638F 
 3754      8FF66A0E 
 3754      ED7673FF 
 3755 5815 40BC0283 		.ascii	"@\274\002\203\322YZ\003\324\264\373\303\203\320\014"
 3755      D2595A03 
 3755      D4B4FBC3 
 3755      83D00C
 3756 5824 CD9AB41F 		.ascii	"\315\232\264\037\261\244A\375\377/\035\330\332a\001"
 3756      B1A441FD 
 3756      FF2F1DD8 
 3756      DA6101
 3757 5833 B6AF4B98 		.ascii	"\266\257K\230\201,f \203\005$\315\012\226\345\207\207"
 3757      812C6620 
 3757      830524CD 
 3757      0A96E587 
 3757      87
ARM GAS  /tmp/ccU7h4Da.s 			page 307


 3758 5844 737E5A1A 		.ascii	"s~Z\032\260<\001\246\315\034`\241\001d\305;9\006\273"
 3758      B03C01A6 
 3758      CD1C60A1 
 3758      0164C53B 
 3758      3906BB
 3759 5857 060479F2 		.ascii	"\006\004y\362&\346\224'V\202\"\004\2305R\335\010\244"
 3759      26E69427 
 3759      56822204 
 3759      983552DD 
 3759      08A4
 3760 5869 4D60F205 		.ascii	"M`\362\005\245L}g\337`\317`}gP\243\314\023\026\007\271"
 3760      A54C7D67 
 3760      DF60CF60 
 3760      7D6750A3 
 3760      CC131607 
 3761 587e C5C04A0D 		.ascii	"\305\300J\015X0B\0127`!\345\003,*\334\200\365\242gp"
 3761      5830420A 
 3761      376021E5 
 3761      032C2ADC 
 3761      80F5A267 
 3762 5893 901052A9 		.ascii	"\220\020R\251\005\025\342\204\253\341\007W\261\210\302"
 3762      0515E284 
 3762      ABE10757 
 3762      B188C2
 3763 58a2 4F08DEC6 		.ascii	"O\010\336\306JI\201\266l\000\275\365\316\177"
 3763      4A4981B6 
 3763      6C00BDF5 
 3763      CE7F
 3764              		.text
 3765              		.section	.gnu.lto_.symtab.d6499f0ae6d76a39,"e",%progbits
 3766 0000 46424341 		.ascii	"FBCAND1\000"
 3766      4E443100 
 3767 0008 00       		.ascii	"\000"
 3768 0009 00       		.ascii	"\000"
 3769 000a 00       		.ascii	"\000"
 3770 000b 00000000 		.ascii	"\000\000\000\000\000\000\000\000"
 3770      00000000 
 3771 0013 AE040000 		.ascii	"\256\004\000\000"
 3772 0017 616F7346 		.ascii	"aosFBCanInit\000"
 3772      4243616E 
 3772      496E6974 
 3772      00
 3773 0024 00       		.ascii	"\000"
 3774 0025 00       		.ascii	"\000"
 3775 0026 00       		.ascii	"\000"
 3776 0027 00000000 		.ascii	"\000\000\000\000\000\000\000\000"
 3776      00000000 
 3777 002f C0030000 		.ascii	"\300\003\000\000"
 3778 0033 616F7346 		.ascii	"aosFBCanProvideBuffer\000"
 3778      4243616E 
 3778      50726F76 
 3778      69646542 
 3778      75666665 
 3779 0049 00       		.ascii	"\000"
 3780 004a 00       		.ascii	"\000"
 3781 004b 00       		.ascii	"\000"
 3782 004c 00000000 		.ascii	"\000\000\000\000\000\000\000\000"
ARM GAS  /tmp/ccU7h4Da.s 			page 308


 3782      00000000 
 3783 0054 C6030000 		.ascii	"\306\003\000\000"
 3784 0058 616F7346 		.ascii	"aosFBCanAcquireTxFrame\000"
 3784      4243616E 
 3784      41637175 
 3784      69726554 
 3784      78467261 
 3785 006f 00       		.ascii	"\000"
 3786 0070 00       		.ascii	"\000"
 3787 0071 00       		.ascii	"\000"
 3788 0072 00000000 		.ascii	"\000\000\000\000\000\000\000\000"
 3788      00000000 
 3789 007a CE030000 		.ascii	"\316\003\000\000"
 3790 007e 616F7346 		.ascii	"aosFBCanTransmit\000"
 3790      4243616E 
 3790      5472616E 
 3790      736D6974 
 3790      00
 3791 008f 00       		.ascii	"\000"
 3792 0090 00       		.ascii	"\000"
 3793 0091 00       		.ascii	"\000"
 3794 0092 00000000 		.ascii	"\000\000\000\000\000\000\000\000"
 3794      00000000 
 3795 009a D7030000 		.ascii	"\327\003\000\000"
 3796 009e 616F7346 		.ascii	"aosFBCanTransmitTimeout\000"
 3796      4243616E 
 3796      5472616E 
 3796      736D6974 
 3796      54696D65 
 3797 00b6 00       		.ascii	"\000"
 3798 00b7 00       		.ascii	"\000"
 3799 00b8 00       		.ascii	"\000"
 3800 00b9 00000000 		.ascii	"\000\000\000\000\000\000\000\000"
 3800      00000000 
 3801 00c1 DD030000 		.ascii	"\335\003\000\000"
 3802 00c5 616F7346 		.ascii	"aosFBCanRemoveFilterI\000"
 3802      4243616E 
 3802      52656D6F 
 3802      76654669 
 3802      6C746572 
 3803 00db 00       		.ascii	"\000"
 3804 00dc 00       		.ascii	"\000"
 3805 00dd 00       		.ascii	"\000"
 3806 00de 00000000 		.ascii	"\000\000\000\000\000\000\000\000"
 3806      00000000 
 3807 00e6 FA030000 		.ascii	"\372\003\000\000"
 3808 00ea 73646361 		.ascii	"sdcanObjectInit\000"
 3808      6E4F626A 
 3808      65637449 
 3808      6E697400 
 3809 00fa 00       		.ascii	"\000"
 3810 00fb 00       		.ascii	"\000"
 3811 00fc 00       		.ascii	"\000"
 3812 00fd 00000000 		.ascii	"\000\000\000\000\000\000\000\000"
 3812      00000000 
 3813 0105 00040000 		.ascii	"\000\004\000\000"
 3814 0109 73646361 		.ascii	"sdcanStart\000"
ARM GAS  /tmp/ccU7h4Da.s 			page 309


 3814      6E537461 
 3814      727400
 3815 0114 00       		.ascii	"\000"
 3816 0115 00       		.ascii	"\000"
 3817 0116 00       		.ascii	"\000"
 3818 0117 00000000 		.ascii	"\000\000\000\000\000\000\000\000"
 3818      00000000 
 3819 011f 05040000 		.ascii	"\005\004\000\000"
 3820 0123 73646361 		.ascii	"sdcanStop\000"
 3820      6E53746F 
 3820      7000
 3821 012d 00       		.ascii	"\000"
 3822 012e 00       		.ascii	"\000"
 3823 012f 00       		.ascii	"\000"
 3824 0130 00000000 		.ascii	"\000\000\000\000\000\000\000\000"
 3824      00000000 
 3825 0138 07040000 		.ascii	"\007\004\000\000"
 3826 013c 73646361 		.ascii	"sdcanControl\000"
 3826      6E436F6E 
 3826      74726F6C 
 3826      00
 3827 0149 00       		.ascii	"\000"
 3828 014a 00       		.ascii	"\000"
 3829 014b 00       		.ascii	"\000"
 3830 014c 00000000 		.ascii	"\000\000\000\000\000\000\000\000"
 3830      00000000 
 3831 0154 0D040000 		.ascii	"\015\004\000\000"
 3832 0158 616F7300 		.ascii	"aos\000"
 3833 015c 00       		.ascii	"\000"
 3834 015d 02       		.ascii	"\002"
 3835 015e 00       		.ascii	"\000"
 3836 015f 00000000 		.ascii	"\000\000\000\000\000\000\000\000"
 3836      00000000 
 3837 0167 A2040000 		.ascii	"\242\004\000\000"
 3838 016b 43414E44 		.ascii	"CAND1\000"
 3838      3100
 3839 0171 00       		.ascii	"\000"
 3840 0172 02       		.ascii	"\002"
 3841 0173 00       		.ascii	"\000"
 3842 0174 00000000 		.ascii	"\000\000\000\000\000\000\000\000"
 3842      00000000 
 3843 017c AC040000 		.ascii	"\254\004\000\000"
 3844 0180 63683000 		.ascii	"ch0\000"
 3845 0184 00       		.ascii	"\000"
 3846 0185 02       		.ascii	"\002"
 3847 0186 00       		.ascii	"\000"
 3848 0187 00000000 		.ascii	"\000\000\000\000\000\000\000\000"
 3848      00000000 
 3849 018f 81050000 		.ascii	"\201\005\000\000"
 3850 0193 63685468 		.ascii	"chThdExit\000"
 3850      64457869 
 3850      7400
 3851 019d 00       		.ascii	"\000"
 3852 019e 02       		.ascii	"\002"
 3853 019f 00       		.ascii	"\000"
 3854 01a0 00000000 		.ascii	"\000\000\000\000\000\000\000\000"
 3854      00000000 
ARM GAS  /tmp/ccU7h4Da.s 			page 310


 3855 01a8 11040000 		.ascii	"\021\004\000\000"
 3856 01ac 63687072 		.ascii	"chprintf\000"
 3856      696E7466 
 3856      00
 3857 01b5 00       		.ascii	"\000"
 3858 01b6 02       		.ascii	"\002"
 3859 01b7 00       		.ascii	"\000"
 3860 01b8 00000000 		.ascii	"\000\000\000\000\000\000\000\000"
 3860      00000000 
 3861 01c0 1A040000 		.ascii	"\032\004\000\000"
 3862 01c4 5F5F7374 		.ascii	"__stats_stop_measure_crit_isr\000"
 3862      6174735F 
 3862      73746F70 
 3862      5F6D6561 
 3862      73757265 
 3863 01e2 00       		.ascii	"\000"
 3864 01e3 02       		.ascii	"\002"
 3865 01e4 00       		.ascii	"\000"
 3866 01e5 00000000 		.ascii	"\000\000\000\000\000\000\000\000"
 3866      00000000 
 3867 01ed 1C040000 		.ascii	"\034\004\000\000"
 3868 01f1 5F5F6462 		.ascii	"__dbg_check_unlock_from_isr\000"
 3868      675F6368 
 3868      65636B5F 
 3868      756E6C6F 
 3868      636B5F66 
 3869 020d 00       		.ascii	"\000"
 3870 020e 02       		.ascii	"\002"
 3871 020f 00       		.ascii	"\000"
 3872 0210 00000000 		.ascii	"\000\000\000\000\000\000\000\000"
 3872      00000000 
 3873 0218 1E040000 		.ascii	"\036\004\000\000"
 3874 021c 63684576 		.ascii	"chEvtBroadcastFlagsI\000"
 3874      7442726F 
 3874      61646361 
 3874      7374466C 
 3874      61677349 
 3875 0231 00       		.ascii	"\000"
 3876 0232 02       		.ascii	"\002"
 3877 0233 00       		.ascii	"\000"
 3878 0234 00000000 		.ascii	"\000\000\000\000\000\000\000\000"
 3878      00000000 
 3879 023c 26040000 		.ascii	"&\004\000\000"
 3880 0240 5F5F6462 		.ascii	"__dbg_check_lock_from_isr\000"
 3880      675F6368 
 3880      65636B5F 
 3880      6C6F636B 
 3880      5F66726F 
 3881 025a 00       		.ascii	"\000"
 3882 025b 02       		.ascii	"\002"
 3883 025c 00       		.ascii	"\000"
 3884 025d 00000000 		.ascii	"\000\000\000\000\000\000\000\000"
 3884      00000000 
 3885 0265 28040000 		.ascii	"(\004\000\000"
 3886 0269 5F5F7374 		.ascii	"__stats_start_measure_crit_isr\000"
 3886      6174735F 
 3886      73746172 
ARM GAS  /tmp/ccU7h4Da.s 			page 311


 3886      745F6D65 
 3886      61737572 
 3887 0288 00       		.ascii	"\000"
 3888 0289 02       		.ascii	"\002"
 3889 028a 00       		.ascii	"\000"
 3890 028b 00000000 		.ascii	"\000\000\000\000\000\000\000\000"
 3890      00000000 
 3891 0293 2A040000 		.ascii	"*\004\000\000"
 3892 0297 63616E5F 		.ascii	"can_lld_is_tx_empty\000"
 3892      6C6C645F 
 3892      69735F74 
 3892      785F656D 
 3892      70747900 
 3893 02ab 00       		.ascii	"\000"
 3894 02ac 02       		.ascii	"\002"
 3895 02ad 00       		.ascii	"\000"
 3896 02ae 00000000 		.ascii	"\000\000\000\000\000\000\000\000"
 3896      00000000 
 3897 02b6 33040000 		.ascii	"3\004\000\000"
 3898 02ba 63616E5F 		.ascii	"can_lld_transmit\000"
 3898      6C6C645F 
 3898      7472616E 
 3898      736D6974 
 3898      00
 3899 02cb 00       		.ascii	"\000"
 3900 02cc 02       		.ascii	"\002"
 3901 02cd 00       		.ascii	"\000"
 3902 02ce 00000000 		.ascii	"\000\000\000\000\000\000\000\000"
 3902      00000000 
 3903 02d6 39040000 		.ascii	"9\004\000\000"
 3904 02da 63616E54 		.ascii	"canTryReceiveI\000"
 3904      72795265 
 3904      63656976 
 3904      654900
 3905 02e9 00       		.ascii	"\000"
 3906 02ea 02       		.ascii	"\002"
 3907 02eb 00       		.ascii	"\000"
 3908 02ec 00000000 		.ascii	"\000\000\000\000\000\000\000\000"
 3908      00000000 
 3909 02f4 41040000 		.ascii	"A\004\000\000"
 3910 02f8 63685379 		.ascii	"chSysHalt\000"
 3910      7348616C 
 3910      7400
 3911 0302 00       		.ascii	"\000"
 3912 0303 02       		.ascii	"\002"
 3913 0304 00       		.ascii	"\000"
 3914 0305 00000000 		.ascii	"\000\000\000\000\000\000\000\000"
 3914      00000000 
 3915 030d 45040000 		.ascii	"E\004\000\000"
 3916 0311 5F5F7374 		.ascii	"__stats_stop_measure_crit_thd\000"
 3916      6174735F 
 3916      73746F70 
 3916      5F6D6561 
 3916      73757265 
 3917 032f 00       		.ascii	"\000"
 3918 0330 02       		.ascii	"\002"
 3919 0331 00       		.ascii	"\000"
ARM GAS  /tmp/ccU7h4Da.s 			page 312


 3920 0332 00000000 		.ascii	"\000\000\000\000\000\000\000\000"
 3920      00000000 
 3921 033a 52040000 		.ascii	"R\004\000\000"
 3922 033e 5F5F6462 		.ascii	"__dbg_check_unlock\000"
 3922      675F6368 
 3922      65636B5F 
 3922      756E6C6F 
 3922      636B00
 3923 0351 00       		.ascii	"\000"
 3924 0352 02       		.ascii	"\002"
 3925 0353 00       		.ascii	"\000"
 3926 0354 00000000 		.ascii	"\000\000\000\000\000\000\000\000"
 3926      00000000 
 3927 035c 54040000 		.ascii	"T\004\000\000"
 3928 0360 616F7353 		.ascii	"aosSysGetUptimeX\000"
 3928      79734765 
 3928      74557074 
 3928      696D6558 
 3928      00
 3929 0371 00       		.ascii	"\000"
 3930 0372 02       		.ascii	"\002"
 3931 0373 00       		.ascii	"\000"
 3932 0374 00000000 		.ascii	"\000\000\000\000\000\000\000\000"
 3932      00000000 
 3933 037c 56040000 		.ascii	"V\004\000\000"
 3934 0380 5F5F6462 		.ascii	"__dbg_check_lock\000"
 3934      675F6368 
 3934      65636B5F 
 3934      6C6F636B 
 3934      00
 3935 0391 00       		.ascii	"\000"
 3936 0392 02       		.ascii	"\002"
 3937 0393 00       		.ascii	"\000"
 3938 0394 00000000 		.ascii	"\000\000\000\000\000\000\000\000"
 3938      00000000 
 3939 039c 58040000 		.ascii	"X\004\000\000"
 3940 03a0 5F5F7374 		.ascii	"__stats_start_measure_crit_thd\000"
 3940      6174735F 
 3940      73746172 
 3940      745F6D65 
 3940      61737572 
 3941 03bf 00       		.ascii	"\000"
 3942 03c0 02       		.ascii	"\002"
 3943 03c1 00       		.ascii	"\000"
 3944 03c2 00000000 		.ascii	"\000\000\000\000\000\000\000\000"
 3944      00000000 
 3945 03ca 5A040000 		.ascii	"Z\004\000\000"
 3946 03ce 69715075 		.ascii	"iqPutI\000"
 3946      744900
 3947 03d5 00       		.ascii	"\000"
 3948 03d6 02       		.ascii	"\002"
 3949 03d7 00       		.ascii	"\000"
 3950 03d8 00000000 		.ascii	"\000\000\000\000\000\000\000\000"
 3950      00000000 
 3951 03e0 61040000 		.ascii	"a\004\000\000"
 3952 03e4 69715265 		.ascii	"iqReadTimeout\000"
 3952      61645469 
ARM GAS  /tmp/ccU7h4Da.s 			page 313


 3952      6D656F75 
 3952      7400
 3953 03f2 00       		.ascii	"\000"
 3954 03f3 02       		.ascii	"\002"
 3955 03f4 00       		.ascii	"\000"
 3956 03f5 00000000 		.ascii	"\000\000\000\000\000\000\000\000"
 3956      00000000 
 3957 03fd 68040000 		.ascii	"h\004\000\000"
 3958 0401 616F7354 		.ascii	"aosThdSleepUntilS\000"
 3958      6864536C 
 3958      65657055 
 3958      6E74696C 
 3958      5300
 3959 0413 00       		.ascii	"\000"
 3960 0414 02       		.ascii	"\002"
 3961 0415 00       		.ascii	"\000"
 3962 0416 00000000 		.ascii	"\000\000\000\000\000\000\000\000"
 3962      00000000 
 3963 041e 6E040000 		.ascii	"n\004\000\000"
 3964 0422 69714765 		.ascii	"iqGetTimeout\000"
 3964      7454696D 
 3964      656F7574 
 3964      00
 3965 042f 00       		.ascii	"\000"
 3966 0430 02       		.ascii	"\002"
 3967 0431 00       		.ascii	"\000"
 3968 0432 00000000 		.ascii	"\000\000\000\000\000\000\000\000"
 3968      00000000 
 3969 043a 73040000 		.ascii	"s\004\000\000"
 3970 043e 63685468 		.ascii	"chThdEnqueueTimeoutS\000"
 3970      64456E71 
 3970      75657565 
 3970      54696D65 
 3970      6F757453 
 3971 0453 00       		.ascii	"\000"
 3972 0454 02       		.ascii	"\002"
 3973 0455 00       		.ascii	"\000"
 3974 0456 00000000 		.ascii	"\000\000\000\000\000\000\000\000"
 3974      00000000 
 3975 045e 7B040000 		.ascii	"{\004\000\000"
 3976 0462 63616E54 		.ascii	"canTransmitTimeout\000"
 3976      72616E73 
 3976      6D697454 
 3976      696D656F 
 3976      757400
 3977 0475 00       		.ascii	"\000"
 3978 0476 02       		.ascii	"\002"
 3979 0477 00       		.ascii	"\000"
 3980 0478 00000000 		.ascii	"\000\000\000\000\000\000\000\000"
 3980      00000000 
 3981 0480 82040000 		.ascii	"\202\004\000\000"
 3982 0484 63684462 		.ascii	"chDbgCheckClassI\000"
 3982      67436865 
 3982      636B436C 
 3982      61737349 
 3982      00
 3983 0495 00       		.ascii	"\000"
ARM GAS  /tmp/ccU7h4Da.s 			page 314


 3984 0496 02       		.ascii	"\002"
 3985 0497 00       		.ascii	"\000"
 3986 0498 00000000 		.ascii	"\000\000\000\000\000\000\000\000"
 3986      00000000 
 3987 04a0 92040000 		.ascii	"\222\004\000\000"
 3988 04a4 69714F62 		.ascii	"iqObjectInit\000"
 3988      6A656374 
 3988      496E6974 
 3988      00
 3989 04b1 00       		.ascii	"\000"
 3990 04b2 02       		.ascii	"\002"
 3991 04b3 00       		.ascii	"\000"
 3992 04b4 00000000 		.ascii	"\000\000\000\000\000\000\000\000"
 3992      00000000 
 3993 04bc 9A040000 		.ascii	"\232\004\000\000"
 3994 04c0 69715265 		.ascii	"iqResetI\000"
 3994      73657449 
 3994      00
 3995 04c9 00       		.ascii	"\000"
 3996 04ca 02       		.ascii	"\002"
 3997 04cb 00       		.ascii	"\000"
 3998 04cc 00000000 		.ascii	"\000\000\000\000\000\000\000\000"
 3998      00000000 
 3999 04d4 9E040000 		.ascii	"\236\004\000\000"
 4000              		.text
 4001              		.section	.gnu.lto_.opts,"e",%progbits
 4002 0000 272D666E 		.ascii	"'-fno-openmp' '-fno-openacc' '-fno-pie' '-mcpu=cort"
 4002      6F2D6F70 
 4002      656E6D70 
 4002      2720272D 
 4002      666E6F2D 
 4003 0033 65782D6D 		.ascii	"ex-m4' '-mthumb' '-mfloat-abi=softfp' '-mfpu=fpv4-s"
 4003      34272027 
 4003      2D6D7468 
 4003      756D6227 
 4003      20272D6D 
 4004 0066 702D6431 		.ascii	"p-d16' '-march=armv7e-m+fp' '-O2' '-fstack-usage' '"
 4004      36272027 
 4004      2D6D6172 
 4004      63683D61 
 4004      726D7637 
 4005 0099 2D666675 		.ascii	"-ffunction-sections' '-fdata-sections' '-fno-common"
 4005      6E637469 
 4005      6F6E2D73 
 4005      65637469 
 4005      6F6E7327 
 4006 00cc 2720272D 		.ascii	"' '-flto' '-fshort-enums'\000"
 4006      666C746F 
 4006      2720272D 
 4006      6673686F 
 4006      72742D65 
 4007              		.text
 4008              		.comm	__gnu_lto_v1,1,1
 4009              		.comm	__gnu_lto_slim,1,1
 4010              		.ident	"GCC: (GNU Arm Embedded Toolchain 9-2020-q2-update) 9.3.1 20200408 (release)"
ARM GAS  /tmp/ccU7h4Da.s 			page 315


DEFINED SYMBOLS
                            *ABS*:0000000000000000 aos_fbcan.c
                            *COM*:0000000000000001 __gnu_lto_v1
                            *COM*:0000000000000001 __gnu_lto_slim

NO UNDEFINED SYMBOLS
