ARM GAS  /tmp/ccVr2doo.s 			page 1


   1              		.cpu cortex-m4
   2              		.eabi_attribute 27, 1
   3              		.eabi_attribute 20, 1
   4              		.eabi_attribute 21, 1
   5              		.eabi_attribute 23, 3
   6              		.eabi_attribute 24, 1
   7              		.eabi_attribute 25, 1
   8              		.eabi_attribute 26, 1
   9              		.eabi_attribute 30, 2
  10              		.eabi_attribute 34, 1
  11              		.eabi_attribute 18, 4
  12              		.file	"aos_system.c"
  13              		.section	.gnu.lto_.profile.8724139b4ff04bd4,"e",%progbits
  14 0000 789CE360 		.ascii	"x\234\343``\004B \000\000\000]\000\013"
  14      60044220 
  14      0000005D 
  14      000B
  15              		.text
  16              		.section	.gnu.lto_.icf.8724139b4ff04bd4,"e",%progbits
  17 0000 789CE360 		.ascii	"x\234\343``d\370\305\200\000Z\014w6O\233\303\301\364"
  17      6064F8C5 
  17      80005A0C 
  17      77364F9B 
  17      C3C1F4
  18 0013 E061CF6E 		.ascii	"\340a\317nf\346\353\337_\365r\262\235^v\257\203\215"
  18      66E6EBDF 
  18      5FF572B2 
  18      9D5E76AF 
  18      838D
  19 0025 7DED8DD3 		.ascii	"}\355\215\3237\0309\256\367wO`\343<\323\370g5\013\327"
  19      371839AE 
  19      F7774F60 
  19      E33CD3F8 
  19      67350BD7 
  20 0039 F5B56B1E 		.ascii	"\365\265k\036\262r\357}\370\256\235\225\247\377\357"
  20      B272EF7D 
  20      F8AE9D95 
  20      A7FFEF
  21 0048 FBE7BCBC 		.ascii	"\373\347\274\274\237\036N^\316\302\267j\377\205\277"
  21      9F1E4E5E 
  21      CEC2B76A 
  21      FF85BF
  22 0057 8CFCF3D6 		.ascii	"\214\374\363\326>\237\303#\260{\307\344\013|\2023\377"
  22      3E9FC323 
  22      B07BC7E4 
  22      0B7C8233 
  22      FF
  23 0068 776FE413 		.ascii	"wo\344\023:\374e\335\016&\221w\023\277\375e\023k9sq"
  23      3AFC65DD 
  23      0E269177 
  23      13BFFD65 
  23      136B3973 
  24 007d 0DBFFDEF 		.ascii	"\015\277\375\357o3\017\260;\200IG0\351\004&\235__\376"
  24      6F330FB0 
  24      3B804947 
  24      30E90426 
  24      9D5F5FFE 
ARM GAS  /tmp/ccVr2doo.s 			page 2


  25 0091 F687CDF5 		.ascii	"\366\207\315\365\345\263%\027Y\334\346M[\027\346\336"
  25      E5B32517 
  25      59DCE64D 
  25      5B17E6DE 
  26 00a1 77F8F179 		.ascii	"w\370\361yV\217\311\235\273N\360y\256\370\261\3563\233"
  26      568FC99D 
  26      BB4EF079 
  26      AEF8B1EE 
  26      339B
  27 00b3 D7B22F9F 		.ascii	"\327\262/\237\313\275\327\365\315\332\302\3543\345\302"
  27      CBBDD7F5 
  27      CDDAC2EC 
  27      33E5C2
  28 00c2 8CDDECBE 		.ascii	"\214\335\354\276O\327\357\355\345\367_\374x\007O\320"
  28      4FD7EFED 
  28      E5F75FFC 
  28      78074FD0 
  29 00d2 B11D4D73 		.ascii	"\261\035Ms\270\202\257\254\237\262\235/\354\362\345"
  29      B882AFAC 
  29      9FB29D2F 
  29      ECF2E5
  30 00e1 D70F19C3 		.ascii	"\327\017\031\303g\276\376\362\2303\342\343\257'\035"
  30      67BEFEF2 
  30      9833E2E3 
  30      AF271D
  31 00f0 FC912F0F 		.ascii	"\374\221/\017\374\210\214\272\273\343\321=\266\350\267"
  31      FC888CBA 
  31      BBE3D13D 
  31      B6E8B7
  32 00ff FFA6CEE6 		.ascii	"\377\246\316\346\211\231\372\351\372G~\006\000\343k"
  32      8999FAE9 
  32      FA477E06 
  32      00E36B
  33 010e 8965     		.ascii	"\211e"
  34              		.text
  35              		.section	.gnu.lto_.jmpfuncs.8724139b4ff04bd4,"e",%progbits
  36 0000 789CBD5C 		.ascii	"x\234\275\\y\\T\307\226\256\352\333t7MC#\0325\317\030"
  36      795C54C7 
  36      96AEEADB 
  36      74374D43 
  36      231A35CF 
  37 0015 6F25E292 		.ascii	"o%\342\222\210\301-\0133y\031T4& \016\230\345\275y\177"
  37      88C12D0B 
  37      33791954 
  37      3426200E 
  37      98E5BD79 
  38 002a 4C075AE9 		.ascii	"L\007Z\351\011t3\275\030\315\374&\342\022w\301\025T"
  38      097433BD 
  38      18CDFC26 
  38      E21277C1 
  38      1554
  39 003c 54DC1734 		.ascii	"T\334\0274q7&\270\307%(FTP\343\026\305}A\015\356Fe\252"
  39      713726B8 
  39      C7252846 
  39      5450E316 
  39      C57D410D 
  40 0054 EEBDD4A5 		.ascii	"\356\275\324\245\227{\351\362e\322?\273\233\256{\352"
ARM GAS  /tmp/ccVr2doo.s 			page 3


  40      977BE9F2 
  40      65D23FBB 
  40      9BAE7BEA 
  41 0064 3BDF3955 		.ascii	";\3379Uu\352T\325\275\032\000\004\267?\000 \332\004"
  41      75EA54D5 
  41      BD1A0004 
  41      B73F0020 
  41      DA04
  42 0076 84570BFC 		.ascii	"\204W\013\374\326p\0139\000\340v-\004\370\375\244\266"
  42      D6700B39 
  42      00E0762D 
  42      04F8FDA4 
  42      B6
  43 0087 B6D60CB9 		.ascii	"\266\326\014\271\002\016\346\216\270u\306\220\313\025"
  43      020EE68E 
  43      B875C690 
  43      CB15
  44 0095 71B80EFC 		.ascii	"q\270\016\374\001\266 o\255,\010\241\006\013\355\275"
  44      01B6206F 
  44      AD2C08A1 
  44      060BEDBD 
  45 00a5 555D0189 		.ascii	"U]\001\211\020\304B%\260\005.\332:\241|?'\026A\270\031"
  45      10C44225 
  45      B0052EDA 
  45      3AA17C3F 
  45      271641B8 
  46 00ba B6D09072 		.ascii	"\266\320\220rZ\015\000o\014r1\220\024\340\204\372\232"
  46      5A0D006F 
  46      0C723190 
  46      14E084FA 
  46      9A
  47 00cb 224E038A 		.ascii	"\"N\003\2128\016\277\265Z\355W@\256[K\210\002\314\035"
  47      380EBFB5 
  47      5AED5740 
  47      AE5B4B88 
  47      02CC1D
  48 00de FA72A764 		.ascii	"\372r\247d\261<\364\227\327(\311\353\210F}$\326\210"
  48      B13CF497 
  48      D728C9EB 
  48      88467D24 
  48      D688
  49 00f0 B57243B1 		.ascii	"\265rC\261F] \215\330\3043\243K6@\004\213rf\360E\\\010"
  49      465D208D 
  49      D8C433A3 
  49      4B364004 
  49      8B7266F0 
  50 0107 805B2052 		.ascii	"\200[ R\002\365\255\256\361-\320\022\300\341#V-\010"
  50      02F5ADAE 
  50      F12DD012 
  50      C0E12356 
  50      2D08
  51 0119 8FED58C4 		.ascii	"\217\355X\304\351\026r\334\014\2164\015.]\367s\341)"
  51      E91672DC 
  51      0C8E340D 
  51      2E5DF773 
  51      E129
  52 012b 1D29D5C3 		.ascii	"\035)\325\303\2550v\006G\334\002\267\301X\001A\213\337"
ARM GAS  /tmp/ccVr2doo.s 			page 4


  52      AD307606 
  52      47DC02B7 
  52      C1580141 
  52      8BDF
  53 013d 0FBD7591 		.ascii	"\017\275u\221\006\031\265{RI8\361\276\001\373v\273\344"
  53      0619B57B 
  53      524938F1 
  53      BE01FB76 
  53      BBE4
  54 014f 528DAFE3 		.ascii	"R\215\257\343eS\036o\330\264C\207^\024M\011\005p\207"
  54      65531E6F 
  54      D8B44387 
  54      5E144D09 
  54      057087
  55 0162 B22901EB 		.ascii	"\262)\001\353\357\277\370\335S\023j-\3267\002\270S\271"
  55      EFBFF8DD 
  55      53136A2D 
  55      D63702B8 
  55      53B9
  56 0174 FE739AFE 		.ascii	"\376s\232\376#5}\227\272\351g\206\317yh\022M\327\302"
  56      23357D97 
  56      BAE96786 
  56      CF796812 
  56      4DD7C2
  57 0187 DD92E95A 		.ascii	"\335\222\351Ze\323\207\035\331w)\004\265\023\251\207"
  57      65D3871D 
  57      D9772904 
  57      B513A987 
  58 0197 01B887D1 		.ascii	"\001\270\207\321\364e\305\265\3279\024GM\337\373\207"
  58      F465C5B5 
  58      D7391447 
  58      4DDFFB87 
  59 01a7 9BFE1335 		.ascii	"\233\376\0235\275T\335\364m\265\371\333\264\242\351"
  59      BD54DDF4 
  59      6DB5F9DB 
  59      B4A2E9
  60 01b6 06B84F32 		.ascii	"\006\270O2\335\240lz\345\275\337\357\230\320_E\352&"
  60      DDA06C7A 
  60      E5BDDFEF 
  60      98D05F45 
  60      EA26
  61 01c8 00F7339A 		.ascii	"\000\3673\232>f\344\305\033F\364!5\275\354\0177\375"
  61      3E66E4C5 
  61      1B46F421 
  61      35BDEC0F 
  61      37FD
  62 01da 0035FD67 		.ascii	"\0005\375gu\323\347W\226\017\207\242\351\221\360\240"
  62      75D3E757 
  62      960F87A2 
  62      E991F0A0 
  63 01ea 647AA4B2 		.ascii	"dz\244\262\351\367\363\2531\365djz9\243\351\025\313"
  63      E9F7F3AB 
  63      31F5646A 
  63      7A39A3E9 
  63      15CB
  64 01fc 67DDD0A2 		.ascii	"g\335\320\242\177P\323\017)\327\307\341\003\312\020"
  64      7F50D30F 
ARM GAS  /tmp/ccVr2doo.s 			page 5


  64      29D7C7E1 
  64      03CA10
  65 020b 4381F62B 		.ascii	"C\201\366+?gh\352\007\332p\034\255\016{\307J\205\000"
  65      3F6768EA 
  65      07DA701C 
  65      AD0E7BC7 
  65      4A8500
  66 021e F47458CD 		.ascii	"\364tX\315\001\016\375\247H\"\002\300#*F(@l|V\2762\034"
  66      010EFDA7 
  66      482202C0 
  66      232A4628 
  66      406C7C56 
  67 0235 8D80B4FB 		.ascii	"\215\200\264\373W\260c,]\265\372\224\006M\2270\314\000"
  67      57B0632C 
  67      5DB5FA94 
  67      064D9730 
  67      CC00
  68 0247 56B2637C 		.ascii	"V\262c|\267\364\321t\035\252\2220\"\001<\312\216Q\\"
  68      B7F4D174 
  68      1DAA9230 
  68      22013CCA 
  68      8E515C
  69 025a 307B8D11 		.ascii	"0{\215\021\215\325\210\030\215\000<\306\216\261\277"
  69      8DD58818 
  69      8D003CC6 
  69      8EB1BF
  70 0269 78C3711D 		.ascii	"x\303q\035Z aD\001x\234\035\343V\356\375#&tQ\302h\014"
  70      5A206144 
  70      01789C1D 
  70      E356EEFD 
  70      23267451 
  71 0280 E02FEC18 		.ascii	"\340/\354\030\223&\377>\205C\2439\021\243\011\200'\330"
  71      9326FF3E 
  71      8543A339 
  71      11A30980 
  71      27D8
  72 0292 312E96E5 		.ascii	"1.\226\345\037\015A\205\022\306\013\000\236d\307\270"
  72      1F0D4185 
  72      12C60B00 
  72      9E64C7B8 
  73 02a2 56BA61AE 		.ascii	"V\272a\256\006Up\324\226S\354\030;\036\215\333`@\367"
  73      065570D4 
  73      9653EC18 
  73      3B1E8DDB 
  73      6040F7
  74 02b5 655B4EB3 		.ascii	"e[N\263c,\277R\373\203\021\215\323\212\030M\001<\303"
  74      632CBF52 
  74      FB83118D 
  74      D38A184D 
  74      013CC3
  75 02c8 8E513925 		.ascii	"\216Q9%\347 DK\264t\226\373\225\035\243bO\356O\341h"
  75      E720444B 
  75      B47496FB 
  75      951DA362 
  75      4FEE4FE1 
  76 02dd 8D8C7156 		.ascii	"\215\214qVu\340\007\3048p\250d^(\332,a4\003\360\\\360"
  76      75E007C4 
ARM GAS  /tmp/ccVr2doo.s 			page 6


  76      3870A864 
  76      5E28DA2C 
  76      613403F0 
  77 02f3 89438060 		.ascii	"\211C\200`\342\233\334h|\242\207\201dX\320\2143\231"
  77      E29BDC68 
  77      7CA28781 
  77      6458D08C 
  77      3399
  78 0305 E6B0887B 		.ascii	"\346\260\210{\021\277\377\202\337-\014\001\330y\201"
  78      11BFFF82 
  78      DF2D0C01 
  78      D87981
  79 0314 D715F987 		.ascii	"\327\025\371\207\356\2578\277\000\026\000\014\204jp"
  79      EEAF38BF 
  79      0016000C 
  79      846A70
  80 0323 3A8853B6 		.ascii	":\210S\266\346\370\335\002\030p\322\245U\234\036\260"
  80      E6F8DD02 
  80      1870D2A5 
  80      559C1EB0 
  81 0333 5BEEED98 		.ascii	"[\356\355\230].\315^\004@\017\253$3\204_\202)\334L_"
  81      5D2ECD5E 
  81      04400FAB 
  81      2433845F 
  81      8229DC4C 
  82 0348 CDF52060 		.ascii	"\315\365 `G\331\352\207\"\003\020\216-\037J\264\007"
  82      47D9EA87 
  82      2203108E 
  82      2D1F4AB4 
  82      07
  83 0359 37DD9C27 		.ascii	"7\335\234'\323\215\206XrA\232n(X\340&\341\204\364w\343"
  83      D38D8658 
  83      72419A6E 
  83      2858E026 
  83      E184F477 
  84 036e D8EAE5A1 		.ascii	"\330\352\345\241\204\371KX\335E!\375]5\376\351\324\020"
  84      84F94B58 
  84      DD4521FD 
  84      5D35FEE9 
  84      D410
  85 0380 B1282747 		.ascii	"\261('G\003/\341j\021 H\026\227\351\244wE}\322\2439"
  85      032FE16A 
  85      11204816 
  85      97E9A477 
  85      457DD2A3 
  86 0395 B601EBBD 		.ascii	"\266\001\353\275*y\013\212S\206\227\246\226\202&\242"
  86      2A790B8A 
  86      538697A6 
  86      968226A2 
  87 03a5 0A5E5336 		.ascii	"\012^S6\214T9_~??\002\035\224\372\346\313\000^W\356"
  87      8C54395F 
  87      7E3F3F02 
  87      1D94FAE6 
  87      CB005E57 
  88 03ba 9B66D1B9 		.ascii	"\233f\321\271\255\300P\276\376\277H!\201\036*&\320<"
  88      ADC050BE 
  88      FEBF4821 
ARM GAS  /tmp/ccVr2doo.s 			page 7


  88      811E2A26 
  88      D03C
  89 03cc FE464A03 		.ascii	"\376FJ\003a\374\241\345\317\364\350\246\226\316\242"
  89      61FCA1E5 
  89      CFF4E8A6 
  89      96CEA2
  90 03db 37540664 		.ascii	"7T\006d\200~\030\000\226\270ef\301\234C:\342\226W\240"
  90      807E1800 
  90      96B86566 
  90      C19C433A 
  90      E29657A0 
  91 03ef 11564B6E 		.ascii	"\021VKn1\012n\031\312\007\252\344\335\355\241\202\024"
  91      310A6E19 
  91      CA07AAE4 
  91      DDEDA182 
  91      14
  92 0400 819EB66F 		.ascii	"\201\236\266o}\251\221@\277\012yxS\202\346U\2405AI\371"
  92      7DA99140 
  92      BF0A7978 
  92      5382E655 
  92      A0354149 
  93 0415 1368449D 		.ascii	"\023hD\235H\034\210\307+\252g~\020q&\200\273\310\253"
  93      481C88C7 
  93      2BAA677E 
  93      10712680 
  93      BBC8AB
  94 0428 61E56291 		.ascii	"a\345b\221\242.\015|\255\241\314D\023\224\317\2117w"
  94      A22E0D7C 
  94      ADA1CC44 
  94      1394CF89 
  94      3777
  95 043a 9D3BF1B5 		.ascii	"\235;\361\265Il(\036\336\012\312\233\276RQu~j\215\337"
  95      496C281E 
  95      DE0ACA9B 
  95      BE525175 
  95      7E6A8DDF 
  96 044e D1F8DD46 		.ascii	"\321\370\335F+ \227\227\235\321\267,\314\031\223\223"
  96      2B209797 
  96      9DD1B72C 
  96      CC199393 
  97 045e 13898DC9 		.ascii	"\023\211\215\311\221^\363\260#\333\002x\033\266$\276"
  97      915EF3B0 
  97      23DB0278 
  97      1BB624BE 
  98 046e F8848C31 		.ascii	"\370\204\21412\3321N\223\372\376nG\336\201\342#\351"
  98      32DA314E 
  98      93FAFE6E 
  98      47DE81E2 
  98      23E9
  99 0480 B4E5EBAA 		.ascii	"\264\345\353\252\316\232P\215\226.\373~\013>z\223\227"
  99      CE9A508D 
  99      962EFB7E 
  99      0B3E7A93 
  99      97
 100 0491 2E902716 		.ascii	".\220'\026\217_ \256\327\242\361z\255\306k\275\206c"
 100      8F5F20AE 
 100      D7A2F17A 
ARM GAS  /tmp/ccVr2doo.s 			page 8


 100      ADC66BBD 
 100      8663
 101 04a3 9E4F846F 		.ascii	"\236O\204ox\206\271\237\263\246\300\204\306\205\210"
 101      7886B99F 
 101      B3A6C084 
 101      C68588
 102 04b2 1CDB0378 		.ascii	"\034\333\003x'(\216P1\323<xe\367^#\232,\001\276\006"
 102      27288E50 
 102      31D33C78 
 102      65F75E23 
 102      9A2C01BE 
 103 04c7 E05DF669 		.ascii	"\340]\366i\257\250vAe\010\312\2270^\007\360^\360\216"
 103      AFA87641 
 103      6508CA97 
 103      305E07F0 
 103      5EF08E
 104 04da FB27FA59 		.ascii	"\373'\372Y\220\035\313\027\253\251\320!\336\020;D\335"
 104      901DCB17 
 104      ABA9D021 
 104      DE103B44 
 104      DD
 105 04eb 36403079 		.ascii	"6@0y<\235\014\310\334s\337;(+xf\304\223YO\365h\256\344"
 105      3C9D0CC8 
 105      DC73DF3B 
 105      282B7866 
 105      C493594F 
 106 0503 990E003E 		.ascii	"\231\016\000>`OL\346\027W\326\030\321%\331\273\017\331"
 106      604F4CE6 
 106      1757D618 
 106      D125D9BB 
 106      0FD9
 107 0515 31B64CBA 		.ascii	"1\266L\272;\306\200nJ\0301\000>b\307\3309k\332t\210"
 107      3BC6806E 
 107      4A183100 
 107      3E62C7D8 
 107      396BDA74 
 108 052a B6EB448C 		.ascii	"\266\353D\214\216\000>f\307\230\233\273\373^8*\2250"
 108      8E003E66 
 108      C7989BBB 
 108      FB5E382A 
 108      9530
 109 053c DE00F077 		.ascii	"\336\000\360wv\214\243U%\347\303\320$=M\324\236\260"
 109      768CA355 
 109      25E7C3D0 
 109      243D4DD4 
 109      9EB0
 110 054e 63AC2899 		.ascii	"c\254(\231\267\312\210\012\365t1\360\224\035\343\316"
 110      B7CA880A 
 110      F57431F0 
 110      941DE3CE 
 111 055e E4E3F722 		.ascii	"\344\343\367\"\320\031=\365\307\263\347H\302+\257\346"
 111      D0193DF5 
 111      C7B3E748 
 111      C22BAFE6 
 112 056e 9AD06509 		.ascii	"\232\320e\011\003\317\337\265\354\030\263\247\356\272"
 112      03CFDFB5 
 112      EC18B3A7 
ARM GAS  /tmp/ccVr2doo.s 			page 9


 112      EEBA
 113 057c 1A812618 		.ascii	"\032\201&\030(F\216\206\031c\336\334\262\012\015Zc\240"
 113      28468E86 
 113      1963DEDC 
 113      B20A0D5A 
 113      63A0
 114 058e ABE661EC 		.ascii	"\253\346a\354\0305\347\347N\324\240\255\006\272\320"
 114      1835E7E7 
 114      4ED4A0AD 
 114      06BAD0
 115 059d 1BCE8EF1 		.ascii	"\033\316\216\361\264\344\300\257ftQ\302\350\004\340"
 115      B4E4C0AF 
 115      667451C2 
 115      E804E0
 116 05ac 08768C5B 		.ascii	"\010v\214[\007\012\312\014hj\250\210\321\031\300\221"
 116      070ACA0C 
 116      686AA888 
 116      D119C091 
 117 05bc EC18AB9E 		.ascii	"\354\030\253\236\216Z\252E\013$\214.\000~\315\216Q\273"
 117      8E5AAA45 
 117      0B248C2E 
 117      007ECD8E 
 117      51BB
 118 05ce EECA1223 		.ascii	"\356\312\022#\252\2240\272\0028\212\035\303oq4\232\035"
 118      AA9430BA 
 118      02388A1D 
 118      C36F7134 
 118      9A1D
 119 05e0 63D3F975 		.ascii	"c\323\371u\023\302\320E\331\037c\3301\374\026Gc\225"
 119      13C2D045 
 119      D91F63D8 
 119      31FC1647 
 119      6395
 120 05f2 317481B6 		.ascii	"1t\201\266e\003-\216\306)c\370r0*\360Z\263\345\340\011"
 120      65032D8E 
 120      C62963F8 
 120      72302AF0 
 120      5AB3E5E0 
 121 0607 33BA2BD9 		.ascii	"3\272+\331\326\015\300\361\312\230x\225\022\2424\335"
 121      D60DC0F1 
 121      CA987895 
 121      12A234DD 
 122 0617 E26B3AA5 		.ascii	"\342k:\245k\201\247v\206\271\\\211\374\372\357\362\237"
 122      6B81A776 
 122      86B95C89 
 122      FCFAEFF2 
 122      9F
 123 0628 18D07423 		.ascii	"\030\320t#%?A\225\274^\205\274\341O'\277\361\227{\263"
 123      253F4195 
 123      BC5E85BC 
 123      E14F27BF 
 123      F1977BB3 
 124 063c 43D14699 		.ascii	"C\321F\231\374DU\362\241*\344\215\177:\371\252iKg\031"
 124      FC4455F2 
 124      A12AE48D 
 124      7F3AF9AA 
 124      694B6719 
ARM GAS  /tmp/ccVr2doo.s 			page 10


 125 0650 D031997C 		.ascii	"\3201\231|\256*\3710\025\362\246\3777\362&\245\330\264"
 125      AE2AF930 
 125      15F2A6FF 
 125      37F226A5 
 125      D8B4
 126 0662 68F4C130 		.ascii	"h\364\3010\364\320H7n\362\202\031Gz\377U|P)\254\017"
 126      F4D04837 
 126      6EF28219 
 126      477AFF55 
 126      7C5029AC 
 127 0677 61AFFDCC 		.ascii	"a\257\375\3146\230\373$\215\357\332\\\211\367\2419\013"
 127      3698FB24 
 127      8DEFDA5C 
 127      89F7A139 
 127      0B
 128 0688 17EBD0AC 		.ascii	"\027\353\320\2540\312{\362\237\311;\000\321\200\347"
 128      30CA7BF2 
 128      9FC93B00 
 128      D180E7
 129 0697 4798E8CD 		.ascii	"G\230\350\315K\345'8\2649\214NBST\002f KK\013s\267\031"
 129      4BE52738 
 129      B4398C4E 
 129      42535402 
 129      66204B4B 
 130 06af D1B5309A 		.ascii	"\321\2650\232\031Le\004\360=y\230\306\030m\2373\322"
 130      194C6504 
 130      F03D7998 
 130      C6186D9F 
 130      33D2
 131 06c1 05E47277 		.ascii	"\005\344rwX\345\322Pt'\214.\020\2463\223y\256\310\025"
 131      58E5D250 
 131      74278C2E 
 131      10A63393 
 131      79AEC815 
 132 06d5 D831DF0E 		.ascii	"\3301\337\016+\323\240\207\022\2317\001\314g&\363\\"
 132      2BD3A087 
 132      12993701 
 132      CC6726F3 
 132      5C
 133 06e6 91282099 		.ascii	"\221( \231\215\267\253oh\320\2630\232\230\0270\223y"
 133      8DB7AB6F 
 133      68D0B330 
 133      9A981730 
 133      9379
 134 06f8 AEC812F8 		.ascii	"\256\310\022\370\260k\356\203\235:4\312D=3\203\231L"
 134      B06BEE83 
 134      9D3A34CA 
 134      443D3383 
 134      994C
 135 070a B80A9908 		.ascii	"\270\012\231\010&2\345OW\345\353\320\004\231\314Lf2"
 135      2632E54F 
 135      57E5EBD0 
 135      0499CC4C 
 135      6632
 136 071c 66153291 		.ascii	"f\0252\221ld\362\307\324\230\321\024\231\314,f2\215"
 136      6C64F2C7 
 136      D498D114 
ARM GAS  /tmp/ccVr2doo.s 			page 11


 136      99CC2C66 
 136      328D
 137 072e 54C84431 		.ascii	"T\310D1\221ytb\322\26204C&S\310L\246\261\012\231&l}"
 137      91797462 
 137      D2B23034 
 137      432653C8 
 137      4CA6B10A 
 138 0746 E6C2E195 		.ascii	"\346\302\341\225xu*\223\231\315L\346\005\0252M\231\310"
 138      78752A93 
 138      99CD4CE6 
 138      0515324D 
 138      99C8
 139 0758 5CDB55B2 		.ascii	"\\\333U\262^\213\026\311d\3460\223i\246B\2469\023\231"
 139      5E8B16C9 
 139      64E63093 
 139      69A642A6 
 139      391399
 140 076b D9FB6F6F 		.ascii	"\331\373oo2\242b\231\314\\f2/\252\220\371\013\023\231"
 140      32A26299 
 140      CC5C6632 
 140      2FAA90F9 
 140      0B1399
 141 077e BC9AE3A3 		.ascii	"\274\232\343\243\014h\265L\246\210\231L\013\0252/1\221"
 141      0C68B54C 
 141      A688994C 
 141      0B15322F 
 141      3191
 142 0790 B9787164 		.ascii	"\271xqd\005\316\373d2\363\230\311\264T!\3632\023\231"
 142      05CEFB64 
 142      32F398C9 
 142      B45421F3 
 142      321399
 143 07a3 33A3BE9F 		.ascii	"3\243\276\237hB\233M4\002\317g&\323J\205\014\317\026"
 143      68429B4D 
 143      3402CF67 
 143      26D34A85 
 143      0CCF16
 144 07b6 6776CCBB 		.ascii	"gv\314\273\257G\273d2\013\230\311 \0252\257\260\215"
 144      AF47BB64 
 144      320B98C9 
 144      201532AF 
 144      B08D
 145 07c8 A6512BF1 		.ascii	"\246Q+\361\302\261L&"
 145      C2B14C26 
 146 07d0 B39099CC 		.ascii	"\263\220\231\314\253*dZ3\221\371u\365\275\323\341\250"
 146      AB2A645A 
 146      3391F975 
 146      F5BDD3E1 
 146      A8
 147 07e1 4226B388 		.ascii	"B&\263\210\231L\264\012\2316Ldr\256\235\030\033\206"
 147      994CB40A 
 147      99364C64 
 147      72AE9D18 
 147      1B86
 148 07f3 4EC96416 		.ascii	"N\311d\0263\223i\253B\246\035\023\231'\223WL1\240\013"
 148      339369AB 
 148      42A61D13 
ARM GAS  /tmp/ccVr2doo.s 			page 12


 148      99279357 
 148      4C31A00B 
 149 0807 329925CC 		.ascii	"2\231%\314d\332\253\220y\215\211\314\316K\363\307Ct"
 149      64DAAB90 
 149      798D89CC 
 149      CE4BF3C7 
 149      4374
 150 0819 4326B394 		.ascii	"C&\263\224\231\314\353*d:0\2219xu\346\374ptW&\263L\231"
 150      99CCEB2A 
 150      643A3091 
 150      397875E6 
 150      FC707457 
 151 0831 4C0FF126 		.ascii	"L\017\361&\267\030\245\353\344bG\265\213o\250]\214U"
 151      B718A5EB 
 151      E46247B5 
 151      8B6FA85D 
 151      8C55
 152 0843 BBD849D1 		.ascii	"\273\330I\321A^\307to\011\307tZ\262vY\256Q>\246[H\266"
 152      415EC774 
 152      6F09C774 
 152      5AB27659 
 152      AE513EA6 
 153 085a 6702E3F9 		.ascii	"g\002\343\371\255z4J\347\200\305\312\012\010\343.\212"
 153      AD7A344A 
 153      E780C5CA 
 153      0A08E32E 
 153      8A
 154 086b 17C9DA6E 		.ascii	"\027\311\332n\373\331\211\217\244\203\307Z\010WHk\246"
 154      FBD9898F 
 154      A483C75A 
 154      0857486B 
 154      A6
 155 087c 5AA10AF8 		.ascii	"Z\241\012\370\0204p\326\373G\034\354&\212g\217o\203"
 155      103470D6 
 155      FB471CEC 
 155      268A678F 
 155      6F83
 156 088e 2472B85D 		.ascii	"$r\270]\304\275Som\347wr\030\360\360\211\256O\343p\017"
 156      C4BD536F 
 156      6DE77772 
 156      18F0F089 
 156      AE4FE370 
 157 08a3 5DE9BFEC 		.ascii	"]\351\277\354\303&tm\330\315>\027\2225\020r\255\213"
 157      C326746D 
 157      D8CD3E17 
 157      92351072 
 157      AD8B
 158 08b5 388DA188 		.ascii	"8\215\241\210\343\003\237\313y\237\364y1A\230\3117~"
 158      E3039FCB 
 158      799FF479 
 158      314198C9 
 158      377E
 159 08c7 4C140FA2 		.ascii	"L\024\017\242\212o\026k\320\023\251\357\377\013\200"
 159      8A6F166B 
 159      D013A9EF 
 159      FF0B80
 160 08d6 DFAA6C4F 		.ascii	"\337\252lO\004:m]\245.\277\363z\331\302\01045\234\356"
ARM GAS  /tmp/ccVr2doo.s 			page 13


 160      043A6D5D 
 160      A52EBFF3 
 160      7AD9C208 
 160      34359CEE 
 161 08ea 2AAE561F 		.ascii	"*\256V\037\350\015\231J0\253\347\316}\026\201V\205\323"
 161      E80D994A 
 161      30ABE7CE 
 161      7D168156 
 161      85D3
 162 08fc 5B41D628 		.ascii	"[A\326(c*\331\375\375O\217\177\320\242\037\303\351\216"
 162      632AD9FD 
 162      FD4F8F7F 
 162      D0A21FC3 
 162      E98E
 163 090e E95A753B 		.ascii	"\351Zu;V\234\274\260\026\242#\341\324\356u\301\357("
 163      569CBCB0 
 163      16A223E1 
 163      D4EE75C1 
 163      EF28
 164 0920 066BD7B3 		.ascii	"\006k\327\263\242\031yFtL\322\361\257\000\256W\326\021"
 164      A2197946 
 164      744CD2F1 
 164      AF00AE57 
 164      D611
 165 0932 A560D7E8 		.ascii	"\245`\327\350G\303\362q`\015\247G\357\033\324\355:Z"
 165      47C3F271 
 165      600DA747 
 165      EF1BD4ED 
 165      3A5A
 166 0944 73AE251A 		.ascii	"s\256%\032\037!\212\277\013\340\306`\315\002\365\324"
 166      1F218ABF 
 166      0BE0C660 
 166      CD02F5D4 
 167 0954 B7AAF7F7 		.ascii	"\267\252\367\367{\012\177\327\352}~\324;\367\362\275"
 167      7B0A7FD7 
 167      EA7D7ED4 
 167      3BF7F2BD 
 168 0964 3742692F 		.ascii	"7Bi/m\351\256\343\247\"\320\262\010zo\326w\352\306\235"
 168      6DE9AEE3 
 168      A722D0B2 
 168      087A6FD6 
 168      77EAC69D 
 169 0978 9AB6AD94 		.ascii	"\232\266\255\224C;d\371M\312\362d\014\315:Vv\335,F\244"
 169      433B64F9 
 169      4DCAF264 
 169      0CCD3A56 
 169      76DD2C46 
 170 098d 7C08BF97 		.ascii	"|\010\277\227\006Q\276\030\221dB\317j\337S\034O\313"
 170      0651BE18 
 170      916442CF 
 170      6ADF531C 
 170      4FCB
 171 099f 26D78E30 		.ascii	"&\327\2160\241\023\021\364`\367\007u\2125\243\252\307"
 171      A11311F4 
 171      60F70775 
 171      8A35A3AA 
 171      C7
ARM GAS  /tmp/ccVr2doo.s 			page 14


 172 09b0 84A09A08 		.ascii	"\204\240\232\010z\310Z\242B\321\347\366\014\245\335"
 172      7AC85AA2 
 172      42D1E7F6 
 172      0CA5DD
 173 09bf AFC21F0F 		.ascii	"\257\302\037\017\037\323\240G\0214o\336\254\316a\322"
 173      1FD3A047 
 173      11346FDE 
 173      ACCE61D2 
 174 09cf C9AAAB66 		.ascii	"\311\252\253fT\033A\307\302\226`:\301P\240\364w\204"
 174      541B41C7 
 174      C296603A 
 174      C150A0F4 
 174      7784
 175 09e1 52F3E54F 		.ascii	"R\363\345O\030\251Cyf\312k\253:\257\247\337\255=\257"
 175      18A94379 
 175      66CA6BAB 
 175      3AAFA7DF 
 175      AD3DAF
 176 09f4 41D3CD74 		.ascii	"A\323\315t<l\373\347x\371\004\\\300z3\204\377\210\375"
 176      3C6CFBE7 
 176      78F9045C 
 176      C07A3384 
 176      FF88FD
 177 0a07 A6F6FC22 		.ascii	"\246\366\374\"3*6\323s\206\355\354\221hbA\356M3\332"
 177      332A36D3 
 177      7386EDEC 
 177      91686241 
 177      EE4D33DA 
 178 0a1b 2261FC15 		.ascii	"\"a\374\025\300\035\214\221hgpC\226\013\030\207\010"
 178      C01D8C91 
 178      68677043 
 178      960B1887 
 178      08
 179 0a2c E2D6196B 		.ascii	"\342\326\031kG\233\320^3=q\371Q\235\301\311\352+{\302"
 179      479BD05E 
 179      333D71F9 
 179      519DC1C9 
 179      EA2B7BC2 
 180 0a40 D161333D 		.ascii	"\321a3=\345\331\305n\265\237\316\335\214V\357\011\326"
 180      E5D9C56E 
 180      B59FCEDD 
 180      8C56EF09 
 180      D6
 181 0a51 6AA560B2 		.ascii	"j\245`\262\257\364\330q\003:g\246;\247{\325\031|\377"
 181      AFF4D871 
 181      033A67A6 
 181      3BA77BD5 
 181      197CFF
 182 0a64 A4E42687 		.ascii	"\244\344&\207\256\231\351H\375Im\244\276^\177\240z\335"
 182      AE99E948 
 182      FD496DA4 
 182      BE5E7FA0 
 182      7ADD
 183 0a76 51CE412D 		.ascii	"Q\316A-,\325\324\277\243<\330\336v(o\321\021#\372M\036"
 183      2CD5D4BF 
 183      A33CD8DE 
 183      76286FD1 
ARM GAS  /tmp/ccVr2doo.s 			page 15


 183      1123FA4D 
 184 0a8b 3FFB9419 		.ascii	"?\373\224\031(Y\275\367l\325T\023z \367\266\375\352"
 184      2859BDF7 
 184      6CD55413 
 184      7A20F7B6 
 184      FDEA
 185 0a9d 560F3B5D 		.ascii	"V\017;]\366\275\036\015\213\244^*S\227\037{\264j\204"
 185      F6BD1E0D 
 185      8BA45E2A 
 185      53971F7B 
 185      B46A84
 186 0ab0 0E8D8BA4 		.ascii	"\016\215\213\244\247\273\007\324\345\227\037/\334\305"
 186      A7BB07D4 
 186      E5971F2F 
 186      DCC5
 187 0abe A18248CA 		.ascii	"\241\202H\312\347gey\245\270\262\342\334\223\333Z4_"
 187      E7676579 
 187      A5B8B2E2 
 187      DC93DB5A 
 187      345F
 188 0ad0 C638A8AE 		.ascii	"\3068\250\2563o\365\346\022\210V\310\034\313\325\345"
 188      336FF5E6 
 188      128856C8 
 188      1CCBD5E5 
 189 0ae0 2F8CCCEB 		.ascii	"/\214\314\353\2006E\322]\351C\352\263\310\371\203E\243"
 189      803645D2 
 189      5DE943EA 
 189      B3C8F983 
 189      45A3
 190 0af2 A0D8D2A1 		.ascii	"\240\330\322\241\360\260\324\322\241bG\200\035\304\237"
 190      F0B0D4D2 
 190      A1624780 
 190      1DC49F
 191 0b01 9CF4D3AB 		.ascii	"\234\364\323\253\233(\215\225\343S\257\354\011A[$\002"
 191      9B288D95 
 191      E353AFEC 
 191      09415B24 
 191      02
 192 0b12 EF017884 		.ascii	"\357\001x\2041G\253P\227\317Y2\341<\207J\3456\256do"
 192      3147AB50 
 192      97CF5932 
 192      E13C874A 
 192      E536AE64 
 193 0b27 83CA89FB 		.ascii	"\203\312\211\373\361\210<,\373\364\250\272\316\331\273"
 193      F1883C2C 
 193      FBF4A8BA 
 193      CED9BB
 194 0b36 779741F4 		.ascii	"w\227A\364\253,\177L\335\251\364\251\004\016\032\340"
 194      AB2C7F4C 
 194      DDA9F4A9 
 194      040E1AE0 
 195 0b46 714DFDA7 		.ascii	"qM\375\247\022\274\036U\341\240\006\376\242\361>\216"
 195      12BC1E55 
 195      E1A006FE 
 195      A2F13E8E 
 196 0b56 F1BAD98C 		.ascii	"\361\272\331\214(_y\371\347Q\241\350F$]\360\235`7\370"
 196      285F79F9 
ARM GAS  /tmp/ccVr2doo.s 			page 16


 196      E751A1E8 
 196      46245DF0 
 196      9D6037F8 
 197 0b6a F0DE3BAB 		.ascii	"\360\336;\253\314\350\256\334('\031\015>\245n\360\331"
 197      CCE8AEDC 
 197      2827190D 
 197      3EA56EF0 
 197      D9
 198 0b7b 998BF275 		.ascii	"\231\213\362u\242EzxZ\262H\037\310\"_\203\003Zx\206"
 198      A2457A78 
 198      5AB2481F 
 198      C8225F83 
 198      035A7886 
 199 0b8f 3D955CFA 		.ascii	"=\225\\\372\313\242\257M(\247\221|\247\263\272\205s"
 199      CBA2AF4D 
 199      28A7917C 
 199      A7B3BA85 
 199      73
 200 0ba0 863D1D82 		.ascii	"\206=\035\202\306K\342\377\006\340\331\340\343\243\357"
 200      C64BE2FF 
 200      06E0D9E0 
 200      E3A3EF
 201 0baf 4FBF16F3 		.ascii	"O\277\026\363\353\242\347\030\300\275\306\234\222\265"
 201      EBA2E718 
 201      C0BDC69C 
 201      92B5
 202 0bbd D3263E38 		.ascii	"\323&>8\253G\313\033\321 R\245n\355\263\333\323\277"
 202      AB47CB1B 
 202      D12052A5 
 202      6EEDB3DB 
 202      D3BF
 203 0bcf 31A07592 		.ascii	"1\240u\222|<\200\347\325\030\371vI\2370\320\260\275"
 203      7C3C80E7 
 203      D518F976 
 203      499F30D0 
 203      B0BD
 204 0be1 1718EC7D 		.ascii	"\027\030\354}\276\331e\353\374\312\021ft\240\021}\210"
 204      BED965EB 
 204      FCCA1166 
 204      74A0117D 
 204      88
 205 0bf2 E322FBBD 		.ascii	"\343\"\373\275\033\247\363\252\276\341\320\257\022F"
 205      1BA7F3AA 
 205      BEE1D0AF 
 205      1246
 206 0c00 77002FFD 		.ascii	"w\000/\375\001\321\3742c4\277\022Lf\360D\332\002\250"
 206      01D1FC32 
 206      6334BF12 
 206      4C66F044 
 206      DA02A8
 207 0c13 E704E51F 		.ascii	"\347\004\345\037J\346\236<u\377\020\207\246F\321[\356"
 207      4AE69E3C 
 207      75FF1087 
 207      A646D15B 
 207      EE
 208 0c24 AEB28FB2 		.ascii	"\256\262\217\262sS'\337\323\243\223Qt\224]c\354w\327"
 208      735327DF 
ARM GAS  /tmp/ccVr2doo.s 			page 17


 208      D3A39351 
 208      74945D63 
 208      EC77D7
 209 0c37 834A84D4 		.ascii	"\203J\204\324\314\013\336+A\257d\027\357\230\035\216"
 209      CC0BDE2B 
 209      41AF6417 
 209      EF981D8E 
 210 0c47 2E45D1E0 		.ascii	".E\321\340x\203=C\334{\367f\031\207j\242\350\264[\255"
 210      78833D43 
 210      DC7BF766 
 210      19876AA2 
 210      E8B45BAD 
 211 0c5b EE98D2B2 		.ascii	"\356\230\322\262\222IZ\364 \212\206\274\233A.e\241\342"
 211      92495AF4 
 211      208A86BC 
 211      9B412E65 
 211      A1E2
 212 0c6d C49B7B60 		.ascii	"\304\233{`\307e\210j\243\350\302\350V\003\213\351\315"
 212      C765886A 
 212      A3E8C2E8 
 212      56038BE9 
 212      CD
 213 0c7e 1BBF4479 		.ascii	"\033\277Dy\215)\203\333A1P^L\216-;\275\016\242\002\011"
 213      8D2983DB 
 213      4131505E 
 213      4C8E2D3B 
 213      BD0EA202 
 214 0c93 B00780BF 		.ascii	"\260\007\200\2771N\3745\352\362\013&\257\254\201hqc"
 214      314EFC35 
 214      EAF20B26 
 214      AFAC8168 
 214      7163
 215 0ca5 3AD4EEB0 		.ascii	":\324\356\2607\323O#\266\2542\241U2\307\273\214\034"
 215      37D34F23 
 215      B6AC32A1 
 215      5532C7BB 
 215      8C1C
 216 0cb7 EFA9CB57 		.ascii	"\357\251\313W=\276\262\323\204\2664\246]\351>;\307\025"
 216      3DBEB2D3 
 216      84B634A6 
 216      5DE93E3B 
 216      C715
 217 0cc9 87AE9FD1 		.ascii	"\207\256\237\321\242R\331\316\007\214\034\037\252\313"
 217      A252D9CE 
 217      078C1C1F 
 217      AACB
 218 0cd7 DF9F7D6B 		.ascii	"\337\237}k\236\021\035\221\360{\002\370\210\235\343"
 218      9E111D91 
 218      F07B02F8 
 218      889DE3
 219 0ce6 A19DB5CB 		.ascii	"\241\235\265\313\"PN\023\032\306\0363r\374\275\201\345"
 219      22504E13 
 219      1AC61E33 
 219      72FCBD81 
 219      E5
 220 0cf7 CB98ED0B 		.ascii	"\313\230\355\013\015hb\023\272\021\367\204m\307=\320"
 220      0D686213 
ARM GAS  /tmp/ccVr2doo.s 			page 18


 220      BA11F784 
 220      6DC73DD0 
 221 0d07 30BF525A 		.ascii	"0\277RZ\234\253C\313\233P\277>U\306L\021\236\301\206"
 221      9CAB43CB 
 221      9B50BF3E 
 221      55C64C11 
 221      9EC186
 222 0d1a 3ECF60FB 		.ascii	">\317`\373j!\231\317\321\3025\367\204\374\231\2071\360"
 222      6A2199CF 
 222      D1C235F7 
 222      84FC9987 
 222      31F0
 223 0d2c 993497C5 		.ascii	"\2314\227\305\010sY\252\3573)\3656\273kU\366\242q\225"
 223      087359AA 
 223      EF3329F5 
 223      36BB6B55 
 223      F6A27195 
 224 0d40 8523774C 		.ascii	"\205#wL\225\236\350\335\011`\216tL\271S\234r\225@\013"
 224      959EE8DD 
 224      09608E74 
 224      4CB9539C 
 224      7295400B 
 225 0d54 EA3D5293 		.ascii	"\352=R\223\000\207q\2613\270\020\242k8\247\370H\015"
 225      008771B1 
 225      33B810A2 
 225      6B38A7F8 
 225      480D
 226 0d66 B790DCE4 		.ascii	"\267\220\334\344\245\340W\265\213\370\332\233j\011a"
 226      A5E057B5 
 226      8BF8DA9B 
 226      6A0961
 227 0d75 71C9D519 		.ascii	"q\311\325\031\032b@/\230\243\201#$\003r4\001\014\250"
 227      1A62402F 
 227      98A38123 
 227      24037234 
 227      010CA8
 228 0d88 B7433F92 		.ascii	"\267C?\222S}R\347\302\370\221\337\204\240uR\013\366"
 228      537D52E7 
 228      C2F891DF 
 228      84A07552 
 228      0BF6
 229 0d9a 06F06B4E 		.ascii	"\006\360kNy\322W\3221JY\207\260\317\377\365\215E\006"
 229      79D257D2 
 229      314A5987 
 229      B0CFFFF5 
 229      8D4506
 230 0dad B13DDF85 		.ascii	"\261=\337\205\243%\336\357\012\264uJ\220c\324!i\272"
 230      A325DEEF 
 230      0AB4754A 
 230      9063D421 
 230      69BA
 231 0dbf FF3E4EF7 		.ascii	"\377>N\367\307r\336\271\225\337F\377P\376ci\177\377"
 231      C772DEB9 
 231      95DF46FF 
 231      50FE6369 
 231      7FFF
 232 0dd1 F9F6E303 		.ascii	"\371\366\343\003\015\007\257-\367>\370\3528\256~\016"
ARM GAS  /tmp/ccVr2doo.s 			page 19


 232      0D07AF2D 
 232      F73EF8EA 
 232      38AE7E0E 
 233 0de1 A788F589 		.ascii	"\247\210\365\211\360D\200\231\361\211\200 \037\001\330"
 233      F0448099 
 233      F1898020 
 233      1F01D8
 234 0df0 51797B73 		.ascii	"Qy{s\010\332\330\204n\314\214WiM\005\214\374\265E\325"
 234      08DAD884 
 234      6ECC8C57 
 234      694D058C 
 234      FCB545D5 
 235 0e04 10ED9631 		.ascii	"\020\355\2261&\260c\\^?;O\213*\344X6\221\035c\314\346"
 235      26B0635C 
 235      5E3F3B4F 
 235      8B2AE458 
 235      36911D63 
 236 0e1a 9D0BC2D1 		.ascii	"\235\013\302\321\271&4\356\347\262c\214>_ThB\325M\350"
 236      B92634EE 
 236      E7B2638C 
 236      3E5F5468 
 236      42D54DE8 
 237 0e2e DC94C78E 		.ascii	"\334\224\307\216\361\354R\351\236P\364\273l\313$v\214"
 237      F1EC52E9 
 237      9E50F4BB 
 237      6CCB2476 
 237      8C
 238 0e3f EA6545B7 		.ascii	"\352eE\267\303\320\230\027\350>\364dv\214#\225#\036"
 238      C3D09817 
 238      E83EF464 
 238      768C2395 
 238      231E
 239 0e51 86A2F92F 		.ascii	"\206\242\371/\3209f\012;\306\232K\233\246k\321\317/"
 239      D039660A 
 239      3BC69A4B 
 239      9BA66BD1 
 239      CF2F
 240 0e63 D0CDE9A9 		.ascii	"\320\315\351\251\354\030~\267\211Oc\307\360\273M|:;"
 240      EC187EB7 
 240      894F63C7 
 240      F0BB4D7C 
 240      3A3B
 241 0e75 86DF6DE2 		.ascii	"\206\337m\342\371\312\030A\337&^\240\214\341\313!Ri"
 241      F9CA1841 
 241      DF265EA0 
 241      8CE1CB21 
 241      5269
 242 0e87 5FE04AF9 		.ascii	"_\340J\371\343\020tI\362\361\007\000\316\010\0063\230"
 242      E3107449 
 242      F2F10700 
 242      CE080633 
 242      98
 243 0e98 4D6BE5BF 		.ascii	"Mk\345\277\2257\262U\266\270\275wI\225r~|Iq[\352N\365"
 243      9537B255 
 243      B6B8BD77 
 243      4995727E 
 243      7C49715B 
ARM GAS  /tmp/ccVr2doo.s 			page 20


 244 0eaf 020D2A68 		.ascii	"\002\015*h*Z\372!\2003\203\367\236\337\"\"`\372\273"
 244      2A5AFA21 
 244      803383F7 
 244      9EDF2222 
 244      60FABB
 245 0ec2 6B6D2944 		.ascii	"km)D?6\245\371\364,\225n\022\010`\333\366\023\217uh"
 245      3F36A5F9 
 245      F42C956E 
 245      120860DB 
 245      F6138F75 
 246 0ed7 BF0C50C8 		.ascii	"\277\014P\310\010\220\277d}\255\026\035i*\337\265\306"
 246      0890BF64 
 246      7DAD161D 
 246      692ADFB5 
 246      C6
 247 0ee8 08B0BA70 		.ascii	"\010\260\272p\370]3\372\245)]\304\314a\004\030\177k"
 247      F85D33FA 
 247      A5295DC4 
 247      CC610418 
 247      7F6B
 248 0efa EC160E9D 		.ascii	"\354\026\016\235iJw\235\3472\002T\377\260//\034]\224"
 248      694A779D 
 248      E7320254 
 248      FFB02F2F 
 248      1C5D94
 249 0f0d 4D285206 		.ascii	"M(R\006\360\237x\224\317\303\003\351\032WU5\333\210"
 249      F09F7894 
 249      CFC303E9 
 249      1A575535 
 249      DB88
 250 0f1f AE37A5B1 		.ascii	"\2567\245\261r\236\262\256O\245\347~\025\263\212\371"
 250      729EB2AE 
 250      4FA5E77E 
 250      15B38AF9 
 251 0f2f EA99CBE3 		.ascii	"\352\231\313\343\231S\216\350\321CI\027\026]\360\034"
 251      99538EE8 
 251      D1434917 
 251      165DF01C 
 252 0f3f 99CB4275 		.ascii	"\231\313Bu\035\025\337\256\330\022\212\3464\023u$\002"
 252      1D15DFAE 
 252      D8128AE6 
 252      34137524 
 252      02
 253 0f50 B8E83974 		.ascii	"\270\3509t,V\327Q]|\267B\213\266\310:\226<\207\216\245"
 253      2C56D751 
 253      5D7CB742 
 253      8BB6C83A 
 253      963C878E 
 254 0f65 EA3AE60F 		.ascii	"\352:\346\017\2373R\207N7\243\207\374\313TF\252F\233"
 254      9F335287 
 254      4E37A387 
 254      FCCB5446 
 254      AA469B
 255 0f78 4DF673E7 		.ascii	"M\366s\347]\230\256'\271M+\030\011\227s\365\0060\004"
 255      5D98AE27 
 255      B94D2B18 
 255      099773F5 
ARM GAS  /tmp/ccVr2doo.s 			page 21


 255      063004
 256 0f8b 7FC35996 		.ascii	"\177\303Y\226\306\367\206\015R\344\375\177\004\375\035"
 256      C6F7860D 
 256      52E4FD7F 
 256      04FD1D
 257 0f9a 80FF10F3 		.ascii	"\200\377\020\363\256V"
 257      AE56
 258 0fa0 CAF969B1 		.ascii	"\312\371i\261:\363\271\313'\214\345\320]\211y\022\200"
 258      3AF3B9CB 
 258      278CE5D0 
 258      5D897912 
 258      80
 259 0fb1 2B547AAF 		.ascii	"+Tz\257w\234RK/W\252\244\227\301\344\223\377\300 \315"
 259      779C524B 
 259      2F57AAA4 
 259      97C1E493 
 259      FFC020CD 
 260 0fc5 3CF6CFED 		.ascii	"<\366\317\355\216/\354\274\3059\320\223e\265\273\371"
 260      8E2FECBC 
 260      C539D093 
 260      65B5BBF9 
 261 0fd5 B6D1AEB6 		.ascii	"\266\321\256\266F`\214\211qZ]n\213\323\015\270\030'"
 261      46608C89 
 261      715A5D6E 
 261      8BD30DB8 
 261      1827
 262 0fe7 681413E3 		.ascii	"h\024\023\343vZ\354\256l\207\323mq\333\034v\\\352\006"
 262      765AECAE 
 262      6C87D36D 
 262      71DB1C76 
 262      5CEA06
 263 0ffa A6989874 		.ascii	"\246\230\230t\2535"
 263      AB35
 264 1000 DB95893F 		.ascii	"\333\225\211?pA:)\310\260}fu\332-n+.\310\000\257\360"
 264      70413A29 
 264      C8B07D66 
 264      75DA2D6E 
 264      2B2EC800 
 265 1016 F8959AE1 		.ascii	"\370\225\232\341q\247\013:\354\351\274\204\312\273\206"
 265      71A70B3A 
 265      ECE9BC84 
 265      CABB86
 266 1025 B8DCD6AC 		.ascii	"\270\334\326\254\216F\320\210\347\251\256\016|\214\323"
 266      8E46D088 
 266      E7A9AE0E 
 266      7C8CD3
 267 1034 081249A5 		.ascii	"\010\022I\245$\233\335\226\345\311\342\255v\253s\340"
 267      249BDD96 
 267      E5C9E2AD 
 267      76AB73E0 
 268 1044 103ECD61 		.ascii	"\020>\315awy\262\262\211j\376\013\233;\203\267df\362"
 268      7779B2B2 
 268      896AFE0B 
 268      9B3B83B7 
 268      6466F2
 269 1057 36BBDBEA 		.ascii	"6\273\333\352tz\262\335.>\335\346\262|\226iM\347\333"
 269      747AB2DD 
ARM GAS  /tmp/ccVr2doo.s 			page 22


 269      2E3EDDE6 
 269      B27C9669 
 269      4DE7DB
 270 106a D91D7C5A 		.ascii	"\331\035|Z\006\266\306f\037\330\036\303\267\361b\340"
 270      06B6C666 
 270      1FD81EC3 
 270      B7F162E0 
 271 107a 76F0DE76 		.ascii	"v\360\336v\360Y\216t+\026kNXx_\302d\334F\320\275!2\031"
 271      F0598E74 
 271      2B166B4E 
 271      58785FC2 
 271      64DC46D0 
 272 1092 B64C2B61 		.ascii	"\266L+a\343\370\002k\244\252\371A6\013\237\235\351\031"
 272      E3F8026B 
 272      A4AAF941 
 272      360B9F9D 
 272      E919
 273 10a4 88B1912F 		.ascii	"\210\261\221/\005\352\264:\355\215\211vZ\212\025\247"
 273      05EAB43A 
 273      ED8D8976 
 273      5A8A15A7 
 274 10b4 1BC1DBA4 		.ascii	"\033\301\333\244V\242\325\342r\327\251uY\006a\344\016"
 274      56A2D5E2 
 274      72D7A975 
 274      590661E4 
 274      0E
 275 10c5 FC671EB7 		.ascii	"\374g\036\267\250\320\345\243\316fw\005RG\233\304K\035"
 275      A8D0E5A3 
 275      CE667705 
 275      52479BC4 
 275      4B1D
 276 10d7 2DC5EA32 		.ascii	"-\305\3522\214\240\005\251\325\317\211]\312\2733l.>"
 276      8CA005A9 
 276      D5CF895D 
 276      CABB336C 
 276      2E3E
 277 10e9 C39A99CD 		.ascii	"\303\232\231\315\273\255\203\335X\336(\310\343\002\374"
 277      BBAD83DD 
 277      58DE28C8 
 277      E302FC
 278 10f8 67B260B6 		.ascii	"g\262`\266+\316\010\242>rY\006Z\343\370h\027\237\334"
 278      2BCE08A2 
 278      3E725906 
 278      5AE3F868 
 278      179FDC
 279 110b AF7F9FE4 		.ascii	"\257\177\237\344\276F\360\262\253N\255\323\372\337\036"
 279      BE46F0B2 
 279      AB4EADD3 
 279      FADF1E
 280 111a DCA6F83B 		.ascii	"\334\246\370;\315j\033dM\357\330\021\343p\321.\320\314"
 280      CD6A1B64 
 280      4DEFD811 
 280      E370D12E 
 280      D0CC
 281 112c 65FB9254 		.ascii	"e\373\222T\362\360\335\371v\321\035;\017\340?\267uo"
 281      F2F0DDF9 
 281      76D11D3B 
ARM GAS  /tmp/ccVr2doo.s 			page 23


 281      0FE03FB7 
 281      756F
 282 113e 6F043A3E 		.ascii	"o\004:>:\266\363\247@\213Y\000}\354\340\350\330\267"
 282      3AB6F3A7 
 282      408B5900 
 282      7DECE0E8 
 282      D8B7
 283 1150 3F05BD09 		.ascii	"?\005\275\011\247\024\253%]\3509\016\217;\033[\236n"
 283      A714AB25 
 283      5DE8390E 
 283      8F3B1B5B 
 283      9E6E
 284 1162 715BF801 		.ascii	"q[\370\001NG\026\346i\345\333~\346r\265\345]\3264\241"
 284      4E4716E6 
 284      69E5DB7E 
 284      E672B5E5 
 284      5DD634A1 
 285 1176 31DA79EC 		.ascii	"1\332y\354\270\245\3346K&V\222.\210\222>\240\347y,f"
 285      B8A5DC36 
 285      4B265692 
 285      2E88923E 
 285      A0E7792C 
 286 118b 04FF1E04 		.ascii	"\004\377\036\004\036\371Y\017\360\013\247\315M:V\007"
 286      1EF9590F 
 286      F00BA7CD 
 286      4D3A5607 
 287 119b 9E02BBEB 		.ascii	"\236\002\273\353!\033x\341O#\350\025\004\264\323\341"
 287      211B78E1 
 287      4F23E815 
 287      04B4D3E1 
 288 11ab 03EEC4F2 		.ascii	"\003\356\304\3621\016{\346\020\212\207=-JI\035\257\001"
 288      310E7BE6 
 288      108A873D 
 288      2D4A491D 
 288      AF01
 289 11bd 44D23EF5 		.ascii	"D\322>\365\360p\373\273\235\036\341\207KbG$\214\240"
 289      F070FBBB 
 289      9D1EE187 
 289      4B624724 
 289      8CA0
 290 11cf 35C1EA9F 		.ascii	"5\301\352\237au\342\236\212\337\236l\322-\336\346S\342"
 290      6175E29E 
 290      8ADF9E6C 
 290      D22DDEE6 
 290      53E2
 291 11e1 9370030D 		.ascii	"\223p\003\015$\342\035%!e\205X\030\013\2310AK\326\377"
 291      24E21D25 
 291      21658558 
 291      180B9930 
 291      414BD6FF 
 292 11f5 C4C6BCF5 		.ascii	"\304\306\274\365\277\322\330\362\207\035\220iqe\324"
 292      BFD2D8F2 
 292      871D9069 
 292      7165D4
 293 1204 038E5107 		.ascii	"\003\216Q\007\026\305\263\254Y\016\347\020,\035\301"
 293      16C5B3AC 
 293      590EE710 
ARM GAS  /tmp/ccVr2doo.s 			page 24


 293      2C1DC1
 294 1213 8B25928E 		.ascii	"\213%\222\216\316r\277\264\360BS\360\216\001\302\350"
 294      CE72BFB4 
 294      F04253F0 
 294      8E01C2E8 
 295 1223 17EB0931 		.ascii	"\027\353\0111\305\222U\347\004\242\317,\214e\261\325"
 295      C59255E7 
 295      04A2CF2C 
 295      8C65B1D5 
 296 1233 C8108EA8 		.ascii	"\310\020\216\250\353\276bO'}\201\027^b7\223\277\243"
 296      EBBE624F 
 296      277D8117 
 296      5E623793 
 296      BFA3
 297 1245 DFC1FD11 		.ascii	"\337\301\375\021\013\010\334\324\004\3046R\021 nWC@"
 297      0B08DCD4 
 297      04C43652 
 297      11206E57 
 297      4340
 298 1257 98321E02 		.ascii	"\2302\036\002j\022\202y\202\214\202DLjB\0172\354\004"
 298      6A128279 
 298      828C8244 
 298      4C6A420F 
 298      32EC04
 299 126a 94EEF1A9 		.ascii	"\224\356\361\251\011\274\364J\350\333S\374#\265\317"
 299      09BCF44A 
 299      E8DB53FC 
 299      23B5CF
 300 1279 DF13F876 		.ascii	"\337\023\370v\342\3702H.\001Zl>\010!\374\201^\264\003"
 300      E2F83248 
 300      2E015A6C 
 300      3E0821FC 
 300      815EB403 
 301 128d 8410BA20 		.ascii	"\204\020\272 \004szK\370|S\370\354&|v\025>\273\010\237"
 301      04737A4B 
 301      F87C53F8 
 301      EC267C76 
 301      153EBB08 
 302 12a2 9D85CF4E 		.ascii	"\235\205\317N\302g,\320\013\014\337\222\276\337\224"
 302      C2672CD0 
 302      0B0CDF92 
 302      BEDF94
 303 12b1 BEBB49DF 		.ascii	"\276\273I\337]\245\357.\322wg\351\273\223\364\035\013"
 303      5DA5EF2E 
 303      D27767E9 
 303      BB93F41D 
 303      0B
 304 12c2 9A7EE6B1 		.ascii	"\232~\346\261e\272\371\001\016'n<\273\013\177\341V\036"
 304      65BAF901 
 304      0E276E3C 
 304      BB0B7FE1 
 304      561E
 305 12d4 085AF473 		.ascii	"\010Z\364s:\006\333\262l\356!\251bi\273\217{\364M\354"
 305      3A06DBB2 
 305      6CEE21A9 
 305      6269BB8F 
 305      7BF44DEC 
ARM GAS  /tmp/ccVr2doo.s 			page 25


 306 12e8 1ADB39B6 		.ascii	"\032\3339\266=h\234\224\334\363\243\304\004\276\307"
 306      3D689C94 
 306      DCF3A3C4 
 306      04BEC7
 307 12f7 47A9FD93 		.ascii	"G\251\375\223\223\370>}{%\003\263\0057\374 +\036\020"
 307      93F83E7D 
 307      7B2503B3 
 307      0537FC20 
 307      2B1E10
 308 130a 6438B970 		.ascii	"d8\271p\220\361\200&)\037\365\355\337')A\220HI\212'"
 308      90F18026 
 308      291FF5ED 
 308      DF272941 
 308      9048498A 
 309 131f 6EC2C149 		.ascii	"n\302\301I\230rp7u\333\262\254|\273\364\270\214\270"
 309      98727037 
 309      75DBB2AC 
 309      7CBBF4B8 
 309      8CB8
 310 1331 AC38575C 		.ascii	"\2548W\\\226+\316\343j\017^\212\366\304\341\020\344"
 310      962BCEE3 
 310      6A0F5E8A 
 310      F6C4E110 
 310      E4
 311 1342 FDD145FC 		.ascii	"\375\321E\374\000\315\263,\203\305\031`p6\356h8\002"
 311      00CDB32C 
 311      83C51960 
 311      7036EE68 
 311      3802
 312 1354 FC97CD8D 		.ascii	"\374\227\315\215'\037\320\034\267\220\307\205#\231\207"
 312      271FD01C 
 312      B790C785 
 312      239987
 313 1363 4FCB74A4 		.ascii	"O\313t\244}\316\247\015I\313\264b\270f8\326zpg\025t"
 313      7DCEA70D 
 313      49CBB462 
 313      B86638D6 
 313      7A706715 
 314 1378 E1E9CD91 		.ascii	"\341\351\315\221\351\021\346M\235P\001\273\034\227\003"
 314      E911E64D 
 314      9D5001BB 
 314      1C9703
 315 1387 B3B742A1 		.ascii	"\263\267B\241Y\254\240ItlWO\014)\020>08\306\213\352"
 315      59ACA049 
 315      746C574F 
 315      0C29103E 
 315      3038C68B 
 316 139c 119F881B 		.ascii	"\021\237\210\0336>\205o\303c\323\372\364\355\015B_\025"
 316      363E856F 
 316      C363D3FA 
 316      F4ED0D42 
 316      5F15
 317 13ae 75B88051 		.ascii	"u\270\200QR\326\247'\210\260;\360H\031d\261e\012\255"
 317      52D6A727 
 317      88B03BF0 
 317      481964B1 
 317      650AAD
ARM GAS  /tmp/ccVr2doo.s 			page 26


 318 13c1 6D186475 		.ascii	"m\030du\272$\275\035\261gBRSS\373\201\3204GV6\236\267"
 318      BA24BD1D 
 318      B1674252 
 318      5353FB81 
 318      D0344756 
 319 13d8 D2810147 		.ascii	"\322\201\001G\357\030\034\302\201\351\003\217\235\357"
 319      EF181CC2 
 319      81E9038F 
 319      9DEF
 320 13e6 DC8DEF1C 		.ascii	"\334\215\357\034\333\271+\010\355\364f\\\354;q]\272"
 320      DBB92B08 
 320      EDF4665C 
 320      EC3B715D 
 320      BA
 321 13f7 51492730 		.ascii	"QI'0aI\001\203\300h{\367\350\001\302H\003\246\363\356"
 321      61490183 
 321      C0687BF7 
 321      E801C248 
 321      03A6F3EE 
 322 140b 21D9588F 		.ascii	"!\331X\217\323\232\211\347*+0\365\300\023\213-9\365"
 322      D39A89E7 
 322      2A2B30F5 
 322      C0138B2D 
 322      39F5
 323 141d 8DF7E313 		.ascii	"\215\367\343\023q\035\251\002\321\240w\211\0350\254"
 323      711DA902 
 323      D1A07789 
 323      1D30AC
 324 142c 4E22A53F 		.ascii	"N\"\245?0\306'\331R\0341\211\211=A\313z\262|\273l\253"
 324      30C627D9 
 324      521C3189 
 324      893D41CB 
 324      7AB27CBB 
 325 1442 D3969D11 		.ascii	"\323\226\235\021\237(\252l\017BE\301\344T\360\242\227"
 325      9F28AA6C 
 325      0F4245C1 
 325      E454F0A2 
 325      97
 326 1453 1C31A74E 		.ascii	"\0341\247N\246Qr\277\204\024\334\326}{\363\251\177K"
 326      A65172BF 
 326      8414DCD6 
 326      7D7BF3A9 
 326      7F4B
 327 1465 ED9F9004 		.ascii	"\355\237\220\004\272|\022\237\322\027\377\216\343\305"
 327      BA7C129F 
 327      D217FF8E 
 327      E3C5
 328 1473 EADD13FB 		.ascii	"\352\335\023\373\3438NL\3023\274\020J\234\274\227\277"
 328      E3384E4C 
 328      C233BC10 
 328      4A9CBC97 
 328      BF
 329 1484 70F4E81D 		.ascii	"p\364\350\035\240\016\0112u\004x[Vv\246UH\225\274\240"
 329      A00E0932 
 329      7504785B 
 329      5676A655 
 329      4895BCA0 
ARM GAS  /tmp/ccVr2doo.s 			page 27


 330 1498 042692B7 		.ascii	"\004&\222\267]\310Xg\032\256\016\302\272''\367OL\216"
 330      5DC85867 
 330      1AAE0EC2 
 330      BA2727F7 
 330      4F4C8E
 331 14ab EF999002 		.ascii	"\357\231\220\002\2648\216\002=f\217\207%0\2479p\334"
 331      B4388E02 
 331      3D668F87 
 331      2530A739 
 331      70DC
 332 14bd 1C204C96 		.ascii	"\034 L\226\366\264!By\322\373_\202p\2133-\303\346\306"
 332      F6B42142 
 332      79D2FB5F 
 332      82708B33 
 332      2DC3E6C6 
 333 14d1 3DCDE3B4 		.ascii	"=\315\343\264b\333S\222\006\275\225\020\223\004\302"
 333      62DB5392 
 333      06BD9510 
 333      9304C2
 334 14e0 05F94116 		.ascii	"\005\371A\026\247\315bwcG\342T\305:8&\251k/\020\232"
 334      A7CD6277 
 334      6347E254 
 334      C53A3826 
 334      A96B2F10 
 335 14f5 9D6971E3 		.ascii	"\235iq\343\241\224\005:\244\366O\352\322\271W\327\330"
 335      A194053A 
 335      A4F64FEA 
 335      D2B957D7 
 335      D8
 336 1506 6EFCFBB6 		.ascii	"n\374\373\266\201\031|?\253\223\224[\354iV1s\352\211"
 336      81197C3F 
 336      AB93945B 
 336      EC695631 
 336      73EA89
 337 1519 7912837A 		.ascii	"y\022\203z\365\373\010\230\244\216c\267\340\336\330"
 337      F5FB0898 
 337      A48E63B7 
 337      E0DED8
 338 1528 4260CCF7 		.ascii	"B`\314\367s|au&Y\354xr\027\254\034\324\251c'\020\372"
 338      737C6175 
 338      2659EC78 
 338      7217AC1C 
 338      D4A96327 
 339 153e 7E7C4A4F 		.ascii	"~|JO\354\231\004\240\021\002*y\341\220\353\260\247\323"
 339      EC9904A0 
 339      11022A79 
 339      E190EBB0 
 339      A7D3
 340 1550 9F5936BB 		.ascii	"\237Y6\273\307m\025\246\010\362\312pxp.\027&\376H\267"
 340      C76D15A6 
 340      08F2CA70 
 340      78702E17 
 340      26FE48B7 
 341 1564 0C318270 		.ascii	"\0141\202pI\316awgP\261!V\213SH\277p\224w\270\\\202"
 341      49CE6177 
 341      6750B121 
 341      568B5348 
ARM GAS  /tmp/ccVr2doo.s 			page 28


 341      BF709477 
 342 157b 2B713AE1 		.ascii	"+q:\341\"3\012N2:\010q\314\352\026\346;2:\336\020\006"
 342      22330A4E 
 342      323A0871 
 342      CCEA16E6 
 342      3B323ADE 
 343 1591 D4204BA6 		.ascii	"\324 K\246G\230\010\260(\231t>\216O\304M\327LH\243\260"
 343      479808B0 
 343      2899743E 
 343      8E4FC44D 
 343      D74C48A3 
 344 15a6 501B4188 		.ascii	"P\033A\210\\\303\027\214 V\256\350\"P\016\336g\204y"
 344      5CC3178C 
 344      2056AEE8 
 344      22500EDE 
 344      678479
 345 15b9 0F432378 		.ascii	"\017C#x\275.+v\210I\036\311\211I_\261\331\261b[\272"
 345      BD2E2B76 
 345      88491EC9 
 345      89495FB1 
 345      D9B1625B 
 346 15ce A45ECC94 		.ascii	"\244^\314\224\365\242\033\200^\264\037\204\020\303\201"
 346      F5A21B80 
 346      5EB41F84 
 346      10C381
 347 15dd 165B0C74 		.ascii	"\026[\014t\202\251 \204\330($\313u\324@kW\003\031)I"
 347      82A92084 
 347      D82824CB 
 347      75D4406B 
 347      57031929 
 348 15f2 975AB994 		.ascii	"\227Z\271\224sF\277\353>I\036\271\336T\312\252I~(\245"
 348      7346BFEB 
 348      3E491EB9 
 348      DE54CAAA 
 348      497E28A5 
 349 1606 DBA4B853 		.ascii	"\333\244\270SBJJrJ\320C\002w\345\377\003q\232\215\275"
 349      424A4A72 
 349      4AD04302 
 349      77E5FF03 
 349      719A8DBD 
 350              		.text
 351              		.section	.gnu.lto_.inline.8724139b4ff04bd4,"e",%progbits
 352 0000 789CED57 		.ascii	"x\234\355W]lUE\020\236\335=\347\366\334\322\237\323"
 352      5D6C5545 
 352      109EDD3D 
 352      E7F6DCD2 
 352      9FD3
 353 0012 962829C4 		.ascii	"\226()\304^\204\372b\342\203O>\336\304G\265&\232\370"
 353      5E84FA62 
 353      E2834F3E 
 353      DEC447B5 
 353      269AF8
 354 0025 9FC84F5B 		.ascii	"\237\310O[J+\241/>j.\242\004\244\300U\203\3204\304J"
 354      4A2BA12F 
 354      3E6A2EA2 
 354      04A4C055 
 354      83D034C4 
ARM GAS  /tmp/ccVr2doo.s 			page 29


 355 003a 0DAD2636 		.ascii	"\015\255&6\244\255\244\"H5Z\021\232\226\244\024\203"
 355      A4ADA422 
 355      48355A11 
 355      9A96A414 
 355      83
 356 004b 62454584 		.ascii	"bEE\204\200\224\012\017%\005\343\314\354\356\371\271"
 356      80940A0F 
 356      2505E3CC 
 356      ECEEF9B9 
 357 005b BDA58618 		.ascii	"\275\245\206\030\344\301{\322\356\354\354\356\314\267"
 357      E4C17BD2 
 357      EEECECEE 
 357      CCB7
 358 0069 B3F3B3EB 		.ascii	"\263\363\263\353\201\200\367}\010~\013\001J/v\374\274"
 358      8180F77D 
 358      087E0B01 
 358      4A2F76FC 
 358      BC
 359 007a 49AE1220 		.ascii	"I\256\022 \313\327e2\355\262\016 \221\301\237\254\225"
 359      CBD76532 
 359      EDB20E20 
 359      91C19FAC 
 359      95
 360 008b 20698E9C 		.ascii	" i\216\234\207\377\204\236/\2635!!\012\211RP\204\263"
 360      87FF849E 
 360      2FB33521 
 360      210A8952 
 360      5084B3
 361 009e 8F299220 		.ascii	"\217)\222 y\341\312\\\011N\261Y\021\020\011\330\"\216"
 361      79E1CA5C 
 361      094EB159 
 361      111009D8 
 361      228E
 362 00b0 FD7A655C 		.ascii	"\375ze\\\255\306U\017~8\365c\227\254\007\360p\321@|"
 362      ADC6550F 
 362      7E38F563 
 362      97AC07F0 
 362      70D1407C 
 363 00c4 95C2C9D9 		.ascii	"\225\302\311\331\032\015![\243\212h}>\201\267g\206["
 363      1A0D215B 
 363      A38A687D 
 363      3E81B767 
 363      865B
 364 00d6 A22121A9 		.ascii	"\242!!\251'\375WD\3046\021L\036\224\354\274\264a\207"
 364      27FD5744 
 364      C436114C 
 364      1E94ECBC 
 364      B46187
 365 00e9 6C40A3BA 		.ascii	"l@\243\272\332\226\000\0051\243\362l\207f\323gw\254"
 365      DA960005 
 365      31A3F26C 
 365      8766D367 
 365      77AC
 366 00fb 4F320995 		.ascii	"O2\011\2258\367\234\242\345\213h\225\252\317=I=Q\013"
 366      38F79CA2 
 366      E58B6895 
 366      AACF3D49 
ARM GAS  /tmp/ccVr2doo.s 			page 30


 366      3D510B
 367 010e 097CC370 		.ascii	"\011|\303p\213\241\030\247\366\263\366d\306\270R\\\273"
 367      8BA118A7 
 367      F6B3F664 
 367      C6B8525C 
 367      BB
 368 011f F1186D5F 		.ascii	"\361\030m_\253\266\004x6;\020\000\372`\346\325\\\265"
 368      ABB60478 
 368      363B1000 
 368      FA60E6D5 
 368      5CB5
 369 0131 F6446C5B 		.ascii	"\366Dl[\012K\332\257\355\375\004\2756\001\336\332\035"
 369      0A4BDAAF 
 369      EDFD04BD 
 369      3601DEDA 
 369      1D
 370 0142 4A8CB59F 		.ascii	"J\214\265\237\331^\260U\275\247\252\204/\366\013tkf"
 370      D95EB055 
 370      BDA7AA84 
 370      2FF60B74 
 370      6B66
 371 0154 B7FCB4AF 		.ascii	"\267\374\264\2573\251\331\213\305g\001\273\243k\354"
 371      33A9D98B 
 371      C56701BB 
 371      A36BEC
 372 0163 A2ABD9F7 		.ascii	"\242\253\331\367\212\003\001;3\3303b\204,\021\007\003"
 372      8A03013B 
 372      33D83362 
 372      842C1107 
 372      03
 373 0174 F6854FA7 		.ascii	"\366\205O\247F\214\220\245\342sfc4x!\324?\0067\030\250"
 373      468C90A5 
 373      E2736663 
 373      347821D4 
 373      3F063718 
 374 0189 0B18751D 		.ascii	"\013\030u\035dp+\347{{\307\344\2624\244-\231\202\224"
 374      64702BE7 
 374      7B7BC7E4 
 374      B234A42D 
 374      998294
 375 019c 257DF02D 		.ascii	"%}\360-\351\241$C:\332\246\252\224\215K\215\257\233"
 375      E9A12443 
 375      3ADAA6AA 
 375      948D4B8D 
 375      AF9B
 376 01ae 946ED2BA 		.ascii	"\224n\322\272\361\210\377\320\256\336\263m\262I(\231"
 376      F188FFD0 
 376      AEDEB36D 
 376      B2492899 
 377 01be 6A468C5B 		.ascii	"jF\214[\327O\214{\204q\261\000q\0101\312\324Z\323\012"
 377      D74F8C7B 
 377      8471B100 
 377      710831CA 
 377      D45AD30A 
 378 01d2 3AAF9EAB 		.ascii	":\257\236\253\273\277\221\015\270v\250\373\352nUGX\035"
 378      BBBF910D 
 378      B876A8FB 
ARM GAS  /tmp/ccVr2doo.s 			page 31


 378      EA6E5547 
 378      581D
 379 01e4 6D619475 		.ascii	"ma\224u7n\344\224\252'\365\352\367\241\326w\324J\007"
 379      376EE494 
 379      AA27F5EA 
 379      F7A1D677 
 379      D44A07
 380 01f7 87037771 		.ascii	"\207\003wq\254\243\225\221\361\267a\024\224\241L9\232"
 380      ACA39591 
 380      F1B76114 
 380      94A14C39 
 380      9A
 381 0208 1C4D12CB 		.ascii	"\034M\022\313\321\221\021\241\004Q\255\325\255\325e"
 381      D19111A1 
 381      0451ADD5 
 381      ADD565
 382 0217 CE037BDE 		.ascii	"\316\003{\336\034?\247\032A\211T3\343\021\006\227`\\"
 382      1C3FA71A 
 382      41895433 
 382      E3110697 
 382      605C
 383 0229 3EE21A99 		.ascii	">\342\032\231\025Wr\264o\342\000\202Aqb\254\345\227"
 383      155772B4 
 383      6FE20082 
 383      417162AC 
 383      E597
 384 023b B7D04216 		.ascii	"\267\320B\026\027\377\204\211\307m5\364QH0\2020\200"
 384      17FF8489 
 384      C76D35F4 
 384      51483082 
 384      3080
 385 024d 67208EC0 		.ascii	"g \216\300,\207\012R\244\032\\\027m\0255\341}h\302\001"
 385      2C870A52 
 385      A41A5C17 
 385      6D1535E1 
 385      7D68C201 
 386 0261 365D33B7 		.ascii	"6]3\267\014\225\355\010\014\232\000\236\226\361\320"
 386      0C95ED08 
 386      0C9A009E 
 386      96F1D0
 387 0270 B089CF0F 		.ascii	"\260\211\317\017\340\247\002*\035\246@kE\014\271\371"
 387      E0A7022A 
 387      1DA6406B 
 387      450CB9F9 
 388 0280 300083E3 		.ascii	"0\000\203\343\337}\254\232\\\031jp\252\017o\231<\252"
 388      DF7DAC9A 
 388      5C196A70 
 388      AA0F6F99 
 388      3CAA
 389 0292 5663300E 		.ascii	"Vc0\016\267t\236\221uQ\341\016$6\022\344Z(\002\332a"
 389      B7749E91 
 389      7551E10E 
 389      243612E4 
 389      5A2802DA 
 390 02a7 A29404E3 		.ascii	"\242\224\004\343\366h\373\326\024\244\012\005\251\315"
 390      F668FBD6 
 390      14A40A05 
ARM GAS  /tmp/ccVr2doo.s 			page 32


 390      A9CD
 391 02b5 A5408620 		.ascii	"\245@\206 \301\347+\015\257\263\"8\306\2545\012\362"
 391      C1E72B0D 
 391      AFB32238 
 391      C6AC350A 
 391      F2
 392 02c6 34F1EE3D 		.ascii	"4\361\356=p\027\374%O\254\377m\273lt\035\221Z#\356\247"
 392      7017FC25 
 392      4FACFF6D 
 392      BB6C741D 
 392      915A23EE 
 393 02db CDBFA41B 		.ascii	"\315\277\244\033\203PA\2013\334\177p\223\\\021\333\177"
 393      83504181 
 393      33DC7F70 
 393      935C11DB 
 393      7F
 394 02ec 7868E27A 		.ascii	"xh\342zW\377\015\271\\\237\324+\3077n~]\262g\011^\265"
 394      57FF0DB9 
 394      5C9FD42B 
 394      C7376E7E 
 394      5DB26709 
 395 0302 4C424A5A 		.ascii	"LBJZ\232\374\032\356\234\234z\253\011\270\300'\237r"
 395      9AFC1AEE 
 395      9C9C7AAB 
 395      09B8C027 
 395      9F72
 396 0314 B932EA74 		.ascii	"\2712\352t\254#\006\376\305\001\217\203*\301\372\364"
 396      AC2306FE 
 396      C5018F83 
 396      2AC1FAF4 
 397 0324 E796887F 		.ascii	"\347\226\210\1774H\210\235\000r~\212'\376\317\274C\231"
 397      3448889D 
 397      00727E8A 
 397      27FECFBC 
 397      4399
 398 0336 0F431565 		.ascii	"\017C\025e\034\276*\225pY\236\355\212v\263F;,\004U7"
 398      1CBE2A95 
 398      70599EED 
 398      8A76B346 
 398      3B2C0455 
 399 034b EFA44780 		.ascii	"\357\244G\200\025p\011g\015\230krT\345\257\375\217\202"
 399      15700967 
 399      0D986B72 
 399      54E5AFFD 
 399      8F82
 400 035d CFD3A986 		.ascii	"\317\323\251\206\317g\021\346:\207\022\242\030\3411"
 400      CF6711E6 
 400      3A8712A2 
 400      18E131
 401 036c AF10997B 		.ascii	"\257\020\231{oV\354\015\322 \332\000\036o\021\247\345"
 401      6F56EC0D 
 401      D220DA00 
 401      1E6F11A7 
 401      E5
 402 037d 47D7FB32 		.ascii	"G\327\3732r\015.\313\312Cc\223\227U\023\256k\233\271"
 402      720D2ECB 
 402      CA436393 
ARM GAS  /tmp/ccVr2doo.s 			page 33


 402      975513AE 
 402      6B9BB9
 403 0390 8E72A101 		.ascii	"\216r\241\001I\3110?WW\013\303.\254\240\273\217f\207"
 403      49C9303F 
 403      57570BC3 
 403      2EACA0BB 
 403      8F6687
 404 03a3 5FCC4ABA 		.ascii	"_\314J\272\303\371\326e\251&\337j\025\024\265\220\010"
 404      C3F9D665 
 404      A926DF6A 
 404      1514B590 
 404      08
 405 03b4 05789461 		.ascii	"\005x\224a\013\242\002cg0\013\026:t{;\243c\212h\213"
 405      0BA20263 
 405      67300B16 
 405      3A747B3B 
 405      A3638A68 
 406 03c9 2E8CB243 		.ascii	".\214\262CE\341\311p/>\020\357\205\333\315\337\217\350"
 406      45E1C970 
 406      2F3E10EF 
 406      85DBCDDF 
 406      8FE8
 407 03db 0AB29D96 		.ascii	"\012\262\235\226\240q\351/\030\322\313\243C\364\315"
 407      A071E92F 
 407      18D2CBA3 
 407      43F4CD
 408 03ea B2D3E8FE 		.ascii	"\262\323\350\376B\032\346$\255\205\260\363\004{\013"
 408      421AE624 
 408      AD85B0F3 
 408      047B0B
 409 03f9 5E4DE7BA 		.ascii	"^M\347\272-\342\334'a!\362\207$E\216\255Ps\334,m\230"
 409      2DE2DC27 
 409      6121F287 
 409      24458EAD 
 409      5073DC2C 
 410 040f CC184894 		.ascii	"\314\030H\224\233\201\247\346\366\340\2700\332\301\323"
 410      9B81A7E6 
 410      F6E0B830 
 410      DAC1D3
 411 041e 4BBBC5B7 		.ascii	"K\273\305\267\035C\323\262Q$r++]>\306_\3335UD\227\017"
 411      1D43D3B2 
 411      5124722B 
 411      2B5D3EC6 
 411      5FDB3555 
 412 0435 251CF105 		.ascii	"%\034\361\005_:\232M\033\024\336B\347\207\211\257\256"
 412      5F3A9A4D 
 412      1B14DE42 
 412      E78789AF 
 412      AE
 413 0446 297A5DAD 		.ascii	")z]\255\233Qx\323\361\302\353\266\365\236=\245\257N"
 413      9B5178D3 
 413      F1C2EBB6 
 413      F59E3DA5 
 413      AF4E
 414 0458 CE34F157 		.ascii	"\3164\361W8\220\306\"\274\347F\317I\265\\\342\005U\332"
 414      3890C622 
 414      BCE746CF 
ARM GAS  /tmp/ccVr2doo.s 			page 34


 414      49B55CE2 
 414      0555DA
 415 046b 0E5D56D5 		.ascii	"\016]V\325\344\211\343\303\362E\037W\322\337\313G3G"
 415      E489E3C3 
 415      F2451F57 
 415      D2DFCB47 
 415      3347
 416 047d DE96B5BE 		.ascii	"\336\226\265\276\203\275\300\263n\177\211\216\324\330"
 416      83BDC0B3 
 416      6E7F898E 
 416      D4D8
 417 048b 245A1FB1 		.ascii	"$Z\037\261x\221\032g\337/\310\326\371\213\011\202\352"
 417      78911A67 
 417      DF2FC8D6 
 417      F98B0982 
 417      EA
 418 049c 3B1AACF6 		.ascii	";\032\254\3661\3549f\031\011\364\303L{\013$a#=\021\325"
 418      31EC3966 
 418      1909F4C3 
 418      4C7B0B24 
 418      61233D11 
 419 04b1 61A27E06 		.ascii	"a\242~\006\252\246\367\235\334\257\364\253\304>C\354"
 419      AAA6F79D 
 419      DCAFF4AB 
 419      C43E43EC 
 420 04c1 BBC33E34 		.ascii	"\273\303>4\354\313\"|J\250|O\211J\316\242\374\2240\036"
 420      ECCB227C 
 420      4AA87C4F 
 420      894ACEA2 
 420      FC94301E 
 421 04d5 95B6EE98 		.ascii	"\225\266\356\230\262\204o\011\217\010JR\016\004\257"
 421      B2846F09 
 421      8F084A52 
 421      0E04AF
 422 04e4 D86761DE 		.ascii	"\330ga\336\245\257\273?P\215\224\313\221\352S\253P\301"
 422      A5AFBB3F 
 422      508D94CB 
 422      91EA53AB 
 422      50C1
 423 04f6 1B79CA86 		.ascii	"\033y\312\206(\024\334\021\324y\016\224v\251\331\335"
 423      2814DC11 
 423      D4790E94 
 423      76A9D9DD 
 424 0506 FB795874 		.ascii	"\373yXt\371\373\235G\370\235\270\340\313\314\205?\271"
 424      F9FB9D47 
 424      F89DB8E0 
 424      CBCC853F 
 424      B9
 425 0517 205D393C 		.ascii	" ]9<\343\235h\343 \376\314\014\"\351\205\271U\301\337"
 425      E39D68E3 
 425      20FECC0C 
 425      22E985B9 
 425      55C1DF
 426 052a 07F7A9CE 		.ascii	"\007\367\251\316"
 427              		.text
 428              		.section	.gnu.lto_.pureconst.8724139b4ff04bd4,"e",%progbits
 429 0000 789C05C1 		.ascii	"x\234\005\301\313\015\202\000\020E\3211\334!\270\220"
ARM GAS  /tmp/ccVr2doo.s 			page 35


 429      CB0D8200 
 429      1045D131 
 429      DC21B890 
 430 0010 5F881BCB 		.ascii	"_\210\033\313q\251\204\004\023\374\026C\031\363\250"
 430      71A98404 
 430      13FC1643 
 430      19F3A8
 431 001f 844C759E 		.ascii	"\204Lu\236S\331\301f3\273Xz\021\224\242\022\307\364"
 431      53D9C166 
 431      33BB587A 
 431      1194A212 
 431      C7F4
 432 0031 537A1D34 		.ascii	"Sz\0354\242\025\235\350\203A\234\305u\343\026\3347\306"
 432      A2159DE8 
 432      83419CC5 
 432      75E316DC 
 432      37C6
 433 0043 604A9F83 		.ascii	"`J\237\203\207X\202\247x\005\357\235\317\3127\375\267"
 433      875882A7 
 433      7805EF9D 
 433      CFCA37FD 
 433      B7
 434 0054 F2077428 		.ascii	"\362\007t(\026\302"
 434      16C2
 435              		.text
 436              		.section	.gnu.lto_chSysUnlock.8724139b4ff04bd4,"e",%progbits
 437 0000 789C8D94 		.ascii	"x\234\215\224]L\034U\024\307\357\177\356\235\331\331"
 437      5D4C1C55 
 437      14C7EF7F 
 437      EE9DD9D9 
 438 0010 05EA8A9F 		.ascii	"\005\352\212\237\011/\313\203\017\215\312\220\370\324"
 438      092FCB83 
 438      0F8DCA90 
 438      F8D4
 439 001e 370D8949 		.ascii	"7\015\211I\037\320\244<\372`\354\272\221\215]\326\354"
 439      1FD0A43C 
 439      FA60ECBA 
 439      918D5DD6 
 439      EC
 440 002f B6897DEA 		.ascii	"\266\211}\352\260PAiZ\2431e\215d\210\370\321&Jk\233"
 440      B0504169 
 440      5AA33165 
 440      8D6488F8 
 440      D1264A6B 
 441 0044 102D2D5D 		.ascii	"\020--]\372\251\025\024\221\017\013\026Z\032\320\320"
 441      FAA91514 
 441      910F0B16 
 441      5A1AD0D0 
 442 0054 6A93DA07 		.ascii	"j\223\332\007\215\246x\316\235e;4[t\262sw\3569\347\336"
 442      8DA678CE 
 442      9D653B34 
 442      5B74B273 
 442      77EE39E7 
 443 0069 F33BFF73 		.ascii	"\363;\377sgl\001q\306\024\342m!\304st\303\0220\\\327"
 443      676C0171 
 443      C614E26D 
 443      21C47374 
ARM GAS  /tmp/ccVr2doo.s 			page 36


 443      C312305C 
 444 007e 7D3AD46A 		.ascii	"}:\324j\033\206\034\315\037\265\224\0331\217.\215lR"
 444      1B861CCD 
 444      1FB5941B 
 444      318F2E8D 
 444      6C52
 445 0090 6EA534D4 		.ascii	"n\2454\324]\026\005\263\030m\002\372\311\265!v\031R"
 445      5D1605B3 
 445      186D02FA 
 445      C9B52176 
 445      1952
 446 00a2 99D8857D 		.ascii	"\231\330\205}r\277\304\251\216\245\257\214\215\237\222"
 446      72BFC4A9 
 446      8EA5AF8C 
 446      8D9F92
 447 00b1 D32DEC7F 		.ascii	"\323-\354\177\277\3463w\314\225\236\024\"O\267\177\341"
 447      BFE63377 
 447      CC959E14 
 447      224FB77F 
 447      E1
 448 00c2 18360A41 		.ascii	"\0306\012A\241\013_\334~\257\312RE\027\006aa\215\025"
 448      A10B5FDC 
 448      7EAFCA52 
 448      45170661 
 448      618D15
 449 00d5 624D980E 		.ascii	"bM\230\0168N\310\002'\350\211\376\372\24484n\026\334"
 449      384EC802 
 449      27E889FE 
 449      FAA43834 
 449      6E16DC
 450 00e8 DB2B1D6E 		.ascii	"\333+\035n\341\326G\230~!\012\341I\0304\030\222\006"
 450      E1D64798 
 450      7E210AE1 
 450      49183418 
 450      9206
 451 00fa A9783069 		.ascii	"\251x0iP\026\015f\210\007\233\275avDx\020\242K\012\306"
 451      50160D66 
 451      88079BBD 
 451      61764478 
 451      10A24B0A 
 452 010f 55700B42 		.ascii	"Up\013B\354\221\206?i\243\311u\264\365\236\034\220\234"
 452      EC91863F 
 452      69A3C975 
 452      B4F59E1C 
 452      909C
 453 0121 99497A0E 		.ascii	"\231Iz\016\214\254\204\333\221k\265=i\345\245A\010C"
 453      8CAC84DB 
 453      916BB53D 
 453      69E5A541 
 453      0843
 454 0133 68E79421 		.ascii	"h\347\224!\261\214\334\361\203sU\034\332#\271\216\275"
 454      B18CDCF1 
 454      8373551C 
 454      DA23B98E 
 454      BD
 455 0144 6D37E6EC 		.ascii	"m7\346\354\275T;)t\327Z\273\217k#\343\324\354\2711|"
 455      BD543B29 
ARM GAS  /tmp/ccVr2doo.s 			page 37


 455      74D75ABB 
 455      8F6B23E3 
 455      D4ECB931 
 456 0159 8C3E7832 		.ascii	"\214>x2\214\002m\205\223\250\321\236c\357t\036\266\352"
 456      8C026D85 
 456      93A8D19E 
 456      63EF741E 
 456      B6EA
 457 016b FB1925E6 		.ascii	"\373\031%\346\311\010\206)\254[\353D\316\366_\017\316"
 457      C9088629 
 457      AC5BEB44 
 457      CEF65F0F 
 457      CE
 458 017c 444ACE0A 		.ascii	"DJ\316\012\234B}\367\252ZS\037\014w\030%\037p\232}\006"
 458      9C427DF7 
 458      AA5A531F 
 458      0C771825 
 458      1F709A7D 
 459 0191 EB7B06F5 		.ascii	"\353{\006\365D\3316\326\001\037\322\3609\377\033\354"
 459      44D936D6 
 459      011FD2F0 
 459      39FF1BEC 
 460 01a1 EC7A60E7 		.ascii	"\354z`\347\326\003;\037\000\033\236\234yWr\236\316\""
 460      D6033B1F 
 460      001B9E9C 
 460      7957729E 
 460      CE22
 461 01b3 D9D7C423 		.ascii	"\331\327\304#\360\015\013H\342\375\263\212%\211\214"
 461      F00D0B48 
 461      E2FDB38A 
 461      25898C
 462 01c2 84DF1DF3 		.ascii	"\204\337\035\363\247\212\226\016\336:\261\254\021\037"
 462      A78A960E 
 462      DE3AB1AC 
 462      111F
 463 01d0 F564659E 		.ascii	"\365de\236[\206\013\274\214\202\311{\376\306o\023`\241"
 463      5B860BBC 
 463      8C82C97B 
 463      FEC66F13 
 463      60A1
 464 01e2 2913BE45 		.ascii	")\023\276E\215'\253\304\"\2414\0247`\233>x{\244\\\032"
 464      8D27ABC4 
 464      22A13414 
 464      37609B3E 
 464      787BA45C 
 465 01f7 C93FC59D 		.ascii	"\311?\305\2355\270]a?\300\374_\"\214\254'\302\350\275"
 465      35B85D61 
 465      3FC0FC5F 
 465      228CAC27 
 465      C2E8BD
 466 020a 4550F88E 		.ascii	"EP\370\216E`'\276\327\035(%\266\202\247D\351SR\2309"
 466      456027BE 
 466      D71D2825 
 466      B682A744 
 466      E9535298 
 467 021f 7C7103A5 		.ascii	"|q\003\245l\365\027o :\214\025\223\266z\363_\336Iz\037"
 467      6CF5176F 
ARM GAS  /tmp/ccVr2doo.s 			page 38


 467      203A8C15 
 467      93B67AF3 
 467      5FDE497A 
 468 0234 7ED04995 		.ascii	"~\320I\225\237t`\342\320\205p@\371qNj\372\276\336\336"
 468      9F7460E2 
 468      D0857040 
 468      F9714E6A 
 468      FABEDEDE 
 469 0248 E5E9CA92 		.ascii	"\345\351\312\222/\212\037\331g1\320\304Z\240P\020\010"
 469      2F8A1FD9 
 469      6731D0C4 
 469      5AA05010 
 469      08
 470 0259 E5802AE8 		.ascii	"\345\200*\350\314`\262,P\024S\032Ho<\355\237\265\201"
 470      CC60B22C 
 470      5014531A 
 470      486F3CED 
 470      9FB581
 471 026c D5A6DA54 		.ascii	"\325\246\332Tm\217\377\226\224\032\035&s\240\321\221"
 471      6D8FFF96 
 471      941A1D26 
 471      73A0D191 
 472 027c F28DFEC9 		.ascii	"\362\215\376\311ot\270Lg#\201\316\252\267\372\367\231"
 472      6F74B84C 
 472      672381CE 
 472      AAB7FAF7 
 472      99
 473 028d DC59791D 		.ascii	"\334Yy\035\355\261r/\354\375y\326\012\027y\277`\235"
 473      EDB1722F 
 473      ECFD79D6 
 473      0A1779BF 
 473      609D
 474 029f D57A1ACC 		.ascii	"\325z\032\314\\\335'}\341\346\335\233\243\021.>\352"
 474      5CDD277D 
 474      E1E6DD9B 
 474      A3112E3E 
 474      EA
 475 02b0 C90730CB 		.ascii	"\311\0070\313'`\246X\373\037\277\234\035\2629\276[\027"
 475      2760A658 
 475      FB1FBF9C 
 475      1DB239BE 
 475      5B17
 476 02c2 5F8D9FA9 		.ascii	"_\215\237\251x\235\026\227(\316\223\017j,\363\316\267"
 476      789D1697 
 476      28CE930F 
 476      6A2CF3CE 
 476      B7
 477 02d3 E41A720B 		.ascii	"\344\032r\013\177\215\377\015\377\343\005\261#\010\361"
 477      7F8DFF0D 
 477      FFE305B1 
 477      2308F1
 478 02e2 9086F8D0 		.ascii	"\220\206\370\320;\362g\244\366\015xn7\355\3710\233>"
 478      3BF267A4 
 478      F60D786E 
 478      37EDF930 
 478      9B3E
 479 02f4 BF3AE8DA 		.ascii	"\277:\350\332\212\2774\363\250\325\231;\027?\231e\013"
ARM GAS  /tmp/ccVr2doo.s 			page 39


 479      8ABF34F3 
 479      A8D5993B 
 479      173F9965 
 479      0B
 480 0305 2E43618E 		.ascii	".Ca\216qp\005\374\226\034\030:\275XY\373fq\365#\034"
 480      717005FC 
 480      961C183A 
 480      BD5859FB 
 480      6671F523 
 481 031a 7BB3FFC8 		.ascii	"{\263\377\310d\205^\275\300\253q\025J\374\216\334\345"
 481      64855EBD 
 481      C0AB7115 
 481      4AFC8EDC 
 481      E5
 482 032b AE6B4F6A 		.ascii	"\256kOjV\276\272$V\350\222\310\025x\372x]\235C\277W"
 482      56BEBA24 
 482      56E892C8 
 482      1578FA78 
 482      5D9D43BF 
 483 0340 139996C4 		.ascii	"\023\231\226\3046\247\2419\2715\371|\223\223\316:\231"
 483      36A7A139 
 483      B935F97C 
 483      9393CE3A 
 483      99
 484 0351 ED4EB225 		.ascii	"\355N\262%\276m\307\313\011'\336\234\335\231\255k\026"
 484      BE6DC7CB 
 484      0927DE9C 
 484      DD99AD6B 
 484      16
 485 0362 CFDE2B36 		.ascii	"\317\336+6\236N\245\322-N\342\365\355\3163[\032\235"
 485      9E4EA5D2 
 485      2D4EE2F5 
 485      EDCE335B 
 485      1A9D
 486 0374 86C6A6CD 		.ascii	"\206\306\246\315MNC:\223p6\257n\221\312&\263/\276\022"
 486      4D4E433A 
 486      937036AF 
 486      6E91CA26 
 486      B32FBE12 
 487 0388 8FD336D1 		.ascii	"\217\3236\321\306\246-\261\255/e\023\257e\222O\304\036"
 487      C6A62DB1 
 487      AD2F6513 
 487      AF65924F 
 487      C41E
 488 039a AB174646 		.ascii	"\253\027FF\204R\211T:\263S\374\013\357j\373\230"
 488      84528954 
 488      3AB353FC 
 488      0BEF6AFB 
 488      98
 489              		.text
 490              		.section	.gnu.lto__aosSysShellcmdKerneltestCallback.8724139b4ff04bd4,"e",%progbits
 491 0000 789C7D92 		.ascii	"x\234}\222\337K\024Q\024\307\357\2313;\316.&\275\010"
 491      DF4B1451 
 491      14C7EF99 
 491      333BCE2E 
 491      26BD08
 492 0013 9246BE98 		.ascii	"\222F\276\230h\260\323sOB\177@\017\375\001\262mSJ\376"
ARM GAS  /tmp/ccVr2doo.s 			page 40


 492      68B0D373 
 492      4F427F40 
 492      0FFD01B2 
 492      6D534AFE 
 493 0027 809D4DE8 		.ascii	"\200\235M\350\311\273?Lt\303b1\314`\233rY\374Q`\201"
 493      C9BB3F4C 
 493      74C36231 
 493      CC609B72 
 493      59FC5160 
 494 003c 5466EAE4 		.ascii	"Tf\352\344oM\255\314\0363\015#Z\302\240|\350\301\264"
 494      6F4DADCC 
 494      1E330D23 
 494      5AC2A07C 
 494      E8C1B4
 495 004f 73671635 		.ascii	"sg\0265]\032v/s\316\375~\356\371\236sGe\300\232\221"
 495      5D1A762F 
 495      73CEFD7E 
 495      EEF99E73 
 495      4765C09A 
 496 0064 B14B8CB1 		.ascii	"\261K\214\261\343\364\007d q\316+rB\252\004`\277q\025"
 496      E3F40764 
 496      2071CE2B 
 496      7242AA04 
 496      60BF7115 
 497 0078 58A3048D 		.ascii	"X\243\004\215p\023;\020V\302\211\337\271mh\222P\246"
 497      70133B10 
 497      56C289DF 
 497      B96D6892 
 497      50A6
 498 008a B07D6E60 		.ascii	"\260}n`\326#B\200b\012[\273\2727\363\312\272\211\343"
 498      D6234280 
 498      620A5BBB 
 498      BA37F3CA 
 498      BA89E3
 499 009d 56C7BDF2 		.ascii	"V\307\275\362\261\361\353\255\267\300D\211u\222~\010"
 499      B1F1EBAD 
 499      B7C04489 
 499      75927E08 
 500 00ad 0AE10514 		.ascii	"\012\341\005\0242\361\300K(#\375`\372K\003\236\000F"
 500      32F1C04B 
 500      2823FD60 
 500      FA4B039E 
 500      0046
 501 00bf AF6B8F12 		.ascii	"\257k\217\022=\271\245)\316\303\334Z/\270\313-\331D"
 501      3DB9A529 
 501      CEC3DC5A 
 501      2FB8CB2D 
 501      D944
 502 00d1 8461C07F 		.ascii	"\204a\300\177P\312\021<\002\245Dl<\353\015\345\341I"
 502      50CA113C 
 502      02A5446C 
 502      3CEB0DE5 
 502      E149
 503 00e3 9B7ED0B2 		.ascii	"\233~\320\262\266\210\202\246\302\023\307\034Z\202\321"
 503      B68882A6 
 503      C213C71C 
 503      5A82D1
ARM GAS  /tmp/ccVr2doo.s 			page 41


 504 00f2 43B444B4 		.ascii	"C\264D\264e\323\233O\327\317\340)\033nZ\376\023W2\245"
 504      65D39B4F 
 504      D7CFE029 
 504      1B6E5AFE 
 504      135732A5 
 505 0106 978B1C58 		.ascii	"\227\213\034X\206W\207`\231\3401(e\202\011=l\177\354"
 505      86578760 
 505      99E03128 
 505      6582093D 
 505      6C7FEC
 506 0119 C1D3363F 		.ascii	"\301\3236?\263\325gbI\322.\276\335\347\352\034\340\274"
 506      B3D56762 
 506      49D22EBE 
 506      DDE7EA1C 
 506      E0BC
 507 012b A5C24417 		.ascii	"\245\302D\027\214\0378B<\244\377\374d\373\366\021E\206"
 507      8C1F3842 
 507      3CA4FFFC 
 507      64FBF611 
 507      4586
 508 013d 09281183 		.ascii	"\011(\021\203\021\343\230\004\205\256\202\201\310\365"
 508      11E39804 
 508      85AE8281 
 508      C8F5
 509 014b 2FB92CBE 		.ascii	"/\271,\276\275\323\314\255\251^\210/\177,w\323UP\313"
 509      BDD3CCAD 
 509      A95E882F 
 509      7F2C77D3 
 509      5550CB
 510 015e 7412EDCA 		.ascii	"t\022\355\312dDq\211E\021\013c1d\242\262\014\334b\354"
 510      64447189 
 510      45110B63 
 510      3164A2B2 
 510      0CDC62EC 
 511 0172 064A4E10 		.ascii	"\006JN\020\241\340;4\255\216F\006S\260W\223\352\301"
 511      A1E03B34 
 511      AD8E4606 
 511      53B05793 
 511      EAC1
 512 0184 7E1351A1 		.ascii	"~\023Q\241^\215\365\347w\271l\023\366\366>9L\203\002"
 512      5E8DF5E7 
 512      77B96C13 
 512      F6F63E39 
 512      4C8302
 513 0197 53648EC1 		.ascii	"Sd\216\301\014(\011t\321^\242g~\307\035\205pH51\247"
 513      0C280974 
 513      D15EA267 
 513      7EC71D85 
 513      70483531 
 514 01ac 93C63C2D 		.ascii	"\223\306<-\314\317B\024X\002%\022\264E~\254\250\342"
 514      CCCF4214 
 514      58022512 
 514      B4457EAC 
 514      A8E2
 515 01be A350EDF1 		.ascii	"\243P\355\361\014m\016\247m}\001e\222\350\224\377\304"
 515      0C6D0EA7 
 515      6D7D0165 
ARM GAS  /tmp/ccVr2doo.s 			page 42


 515      92E894FF 
 515      C4
 516 01cf 7F2E7852 		.ascii	"\177.xR\220\014\0355\321\015\257\011\20691\"\332\372"
 516      900C1D35 
 516      D10DAF09 
 516      86393122 
 516      DAFA
 517 01e1 F5757244 		.ascii	"\365urD\025\372;\234\027\213C\346!\005\316\204\026H"
 517      15FA3B9C 
 517      178B43E6 
 517      2105CE84 
 517      1648
 518 01f3 67A2274B 		.ascii	"g\242'Kg\231F\236\347/a\366F\026w\033y#\032\221\263"
 518      6799469E 
 518      E72F61F6 
 518      4616771B 
 518      79231A91 
 519 0208 35B2286A 		.ascii	"5\262(j\274\335k\344\200s\310\342\374\335\177\235/\355"
 519      BCDD6BE4 
 519      8073C8E2 
 519      FCDD7F9D 
 519      2FED
 520 021a 3A7F9F71 		.ascii	":\177\237q\236\206H<\207\216\027\026h\234\024\207\267"
 520      9E86483C 
 520      878E1716 
 520      689C1487 
 520      B7
 521 022b 9A7B5188 		.ascii	"\232{Q\210\022\210\224g\033\020\276\377\355\203\224"
 521      12889467 
 521      1B10BEFF 
 521      ED8394
 522 023a C988AF23 		.ascii	"\311\210\257#\206\340\\j\330\022a\221\327\253\321\317"
 522      86E05C6A 
 522      D8126191 
 522      D7ABD1CF 
 523 024a 5F1FD035 		.ascii	"_\037\3205#\340\327|\365F\245q\315\010\352\265^?S\214"
 523      23E0D77C 
 523      F546A571 
 523      CD08EAB5 
 523      5E3F538C 
 524 025e 6040F7D5 		.ascii	"`@\367\325\312\276\300e\277X\032\224\200\036l\360\325"
 524      CABEC065 
 524      BF581A94 
 524      801E6CF0 
 524      D5
 525 026f 680E7445 		.ascii	"h\016tE\017\324\3515\332\331\252\352\013\325\347\316"
 525      0FD4E935 
 525      DAD9AAEA 
 525      0BD5E7CE 
 526 027f 6BF58616 		.ascii	"k\365\206\026\324\215\240V]\347\257\271zQ\327\374U\225"
 526      D48DA056 
 526      5DE7AFB9 
 526      7A51D7FC 
 526      5595
 527 0291 22F656B1 		.ascii	"\"\366V\261\277\023{=\301"
 527      BF137B3D 
 527      C1
ARM GAS  /tmp/ccVr2doo.s 			page 43


 528              		.text
 529              		.section	.gnu.lto__aosSysShellcmdShutdownCallback.8724139b4ff04bd4,"e",%progbits
 530 0000 789C8D98 		.ascii	"x\234\215\230mT\023W\032\200\347\235\231\204dH\242\240"
 530      6D541357 
 530      1A80E79D 
 530      99846448 
 530      A2A0
 531 0012 AE56D4CE 		.ascii	"\256V\324\316\264\253\250U\241\326\356v\335?{\266\277"
 531      B4ABA855 
 531      A1D6EE76 
 531      DD3F7BB6 
 531      BF
 532 0023 7A4EB776 		.ascii	"zN\267vOw\177\354\257=\021r \247\0204\011\272\375\325"
 532      4F777FEC 
 532      AF3D1172 
 532      20A71034 
 532      09BAFDD5 
 533 0037 F0252A7E 		.ascii	"\360%*~\213\012T\014\232Z\024TD\004\025D\300/\004\243"
 533      8B0A540C 
 533      9A5A1454 
 533      44041544 
 533      C02F04A3 
 534 004b 62055ABF 		.ascii	"b\005Z\277EA\020Q\352\027EP\330{\347;\030\0079\234K"
 534      45411051 
 534      EA174550 
 534      D87BE73B 
 534      1807399C 
 535 0060 32F3BEF3 		.ascii	"2\363\276\363\274\363\336gro0\020@\330'\020\304~\222"
 535      BCF3DE67 
 535      726F3010 
 535      40D82710 
 535      C47E92
 536 0073 20660241 		.ascii	" f\002A\300x\002H\217\307\363\267\220\024\003IR\355"
 536      C0780248 
 536      8FC7F3B7 
 536      90140349 
 536      52ED
 537 0085 990326DA 		.ascii	"\231\003&\332\303\350\267\367g|B{L\024\251\353\361\265"
 537      C3E8B7F7 
 537      677C427B 
 537      4C14A9EB 
 537      F1B5
 538 0097 4D4047E8 		.ascii	"M@G\350\354\033;f\243#4\350\304h\035\214\023_\351I\203"
 538      EC1B3B66 
 538      A32334E8 
 538      C4681D8C 
 538      135FE949 
 539 00ac 981722E6 		.ascii	"\230\027\"\346\205\220\0061\317(\346\031\344h#\031*"
 539      85900631 
 539      CF28E619 
 539      E4682319 
 539      2A
 540 00bd 46336234 		.ascii	"F3b4C\206\212\321&1:T\2166\221\0261\332,F\233I\213\030"
 540      43868AD1 
 540      26313A54 
 540      8E369116 
 540      31DA2C46 
ARM GAS  /tmp/ccVr2doo.s 			page 44


 541 00d5 3D468CB6 		.ascii	"=F\214\266\310\321c\31001z\254\030=\226\014;>\3208\037"
 541      C8D163C8 
 541      30317AAC 
 541      183D960C 
 541      3B3ED038 
 542 00ea 1D093F9D 		.ascii	"\035\011?\235QnFG\302\344\350p\371\3258\000\376\225"
 542      516E4647 
 542      C2E4E870 
 542      F9D53800 
 542      FE95
 543 00fc C700C4F7 		.ascii	"\307\000\304\367$E\353\364!\006#\023j2[\306\214\015"
 543      2445EBF4 
 543      21062313 
 543      6A325BC6 
 543      8C0D
 544 010e 0B1F07DF 		.ascii	"\013\037\007\337\303zj\033\005\267R\363\373M\353(/E"
 544      C37A6A1B 
 544      05B752F3 
 544      FB4DEB28 
 544      2F45
 545 0120 008DDE66 		.ascii	"\000\215\336f7\036n`\360[\000\026\275]\275\253\360\271"
 545      371E6E60 
 545      F05B0016 
 545      BD5DBDAB 
 545      F0B9
 546 0132 655621BA 		.ascii	"eV!\272\220\247v[\305\214\272S+Vo\000/E\022\271(\276"
 546      90A7765B 
 546      C58CBA53 
 546      2B566F00 
 546      2F4512B9 
 547 0148 0A22A012 		.ascii	"\012\"\240\022\"\010\374\003\307a\026\212?\326\335\261"
 547      2208FC03 
 547      C761168A 
 547      3FD6DDB1 
 548 0158 8C7A1F08 		.ascii	"\214z\037\010\364\262m_\376\036S\344n\217'\325S\333"
 548      F4B26D5F 
 548      FE1E53E4 
 548      6E8F27D5 
 548      53DB
 549 016a 3C29CF53 		.ascii	"<)\317SK{)\012\252\201\012HE\307P\362\011\210D\031\217"
 549      4B7B290A 
 549      AA810A48 
 549      45C750F2 
 549      09884419 
 550 017f 8FEC4DB1 		.ascii	"\217\354M\261P3\370\354\235\253\332.R8\033\201\237\277"
 550      5033F8EC 
 550      9DABDA2E 
 550      52381B81 
 550      9FBF
 551 0191 27649350 		.ascii	"'d\223P\363F6\232r\250\345\263\237W\264/\244>\342\223"
 551      F346369A 
 551      72A8E5B3 
 551      9F57B42F 
 551      A43EE293 
 552 01a5 339A5F6F 		.ascii	"3\232_o\322\213\350\323S\204d\032\352\336H\246Q\362"
 552      D28BE8D3 
 552      5384641A 
ARM GAS  /tmp/ccVr2doo.s 			page 45


 552      EADE48A6 
 552      51F2
 553 01b7 49882470 		.ascii	"I\210$p\316\335\322\241-f=\215o\014\337\316)\320#\253"
 553      CEDDD2A1 
 553      2D663D8D 
 553      6F0CDFCE 
 553      29D023AB 
 554 01cb 08A2E467 		.ascii	"\010\242\344g]\255gh8\323S{?\0276f\367N\236\017(QG\242"
 554      5DAD6768 
 554      38D3537B 
 554      3F173666 
 554      F74E9E0F 
 555 01e3 414FE157 		.ascii	"AO\341W4~\245\303\225\350\361\020\202\007\003\036\214"
 555      347EA5C3 
 555      95E8F110 
 555      8207031E 
 555      8C
 556 01f4 7860F010 		.ascii	"x`\360\020\212\007\023\036\314x\260\340!\014p\331\341"
 556      8A07131E 
 556      CC78B0E0 
 556      210C70D9 
 556      E1
 557 0205 80F9E301 		.ascii	"\200\371\343\0017`\":\0342\031\017S\361\300\342\201"
 557      3760223A 
 557      1C32190F 
 557      53F1C0E2 
 557      81
 558 0216 20B22802 		.ascii	" \262(\002\367\200\006O-A\254\241H\341M\032z\323\003"
 558      F780064F 
 558      2D41ACA1 
 558      48E14D1A 
 558      7AD303
 559 0229 2B0AAA2E 		.ascii	"+\012\252.-\305\225\346S\200\356 \177\217\177\330\230"
 559      2DC595E6 
 559      5380EE20 
 559      7F8F7FD8 
 559      98
 560 023a 0EA92906 		.ascii	"\016\251)\006/e\310\245\360\203p\032\322\201\310\247"
 560      2F65C8A5 
 560      F083701A 
 560      D281C8A7 
 561 024a C2F2A970 		.ascii	"\302\362\251p\024\260.\255\367\226\001\317\255\021\010"
 561      14B02EAD 
 561      F79601CF 
 561      AD1108
 562 0259 3803115E 		.ascii	"8\003\021^\212!: \275\353\324\002\345\"rL(\2129+N\356"
 562      8A213A20 
 562      BDEBD402 
 562      E522724C 
 562      288A392B 
 563 026f 1A8ADA79 		.ascii	"\032\212\332y\242\251\223\340\271\335\220\2725\353u"
 563      A2A993E0 
 563      B9DD90BA 
 563      35EB75
 564 027e F5595248 		.ascii	"\365YRH\"\325I4\337\376\332k\007\257Zv\203/\005\325"
 564      22D54934 
 564      DFFEDA6B 
ARM GAS  /tmp/ccVr2doo.s 			page 46


 564      07AF5A76 
 564      832F05D5 
 565 0292 CAA2EE20 		.ascii	"\312\242\356 :\324\343K\3019\330\015\270p\226\357\357"
 565      3AD4E34B 
 565      C139D80D 
 565      B87096EF 
 565      EF
 566 02a3 889A4DB9 		.ascii	"\210\232M\271\374l6\0105\217Gg/\\\256*0r\321^O\016\272"
 566      FC6C3608 
 566      358F4767 
 566      2F5CAE2A 
 566      3072D15E 
 567 02ba 8C19C71F 		.ascii	"\214\031\307\037.;4\244\307\3619\036OA%2\321\002\215"
 567      2E3B34A4 
 567      C7F1391E 
 567      4F412532 
 567      D1028D
 568 02cd C009B375 		.ascii	"\300\011\263u\036%\242z\274\324\030\204\310(\270w\351"
 568      1E25A27A 
 568      BCD41884 
 568      C828B877 
 568      E9
 569 02de 9F1A14BF 		.ascii	"\237\032\024\277Bi>\273\356\234\231\373\\\240\214\305"
 569      42693EBB 
 569      EE9C99FB 
 569      5CA08CC5 
 570 02ee F18307D7 		.ascii	"\361\203\007\327?\013US\302\340\202D\271\210\022%D\247"
 570      3F0B5553 
 570      C2E08244 
 570      B9881225 
 570      44A7
 571 0300 26E29282 		.ascii	"&\342\222\202h\331\344\271\004\334W*\304\305\352\037"
 571      68D9E4B9 
 571      04DC572A 
 571      C4C5EA1F 
 572 0310 AA748188 		.ascii	"\252t\201\210&\011qY\205x\250\211\370YA\354\355\032"
 572      26097159 
 572      8578A889 
 572      F85941EC 
 572      ED1A
 573 0322 AE64B8FF 		.ascii	"\256d\270\377\010\210p\034\357\357\3509\000j\3048\270"
 573      0888701C 
 573      EFEFE839 
 573      006AC438 
 573      B8
 574 0333 22219A55 		.ascii	"\"!\232U\210^MD\213\202\250{\271\272\334\300%\013\210"
 574      885E4D44 
 574      8B82A87B 
 574      B9BADCC0 
 574      250B88
 575 0346 F1383EA7 		.ascii	"\3618>\247d\343\217\264\0321\001Z%\304/*\3043M\304\257"
 575      64E38FB4 
 575      1A31015A 
 575      25C42F2A 
 575      C4334DC4 
 576 035b 0AA2BBA1 		.ascii	"\012\242\273\241|\007\311\255\002\201\361\007\234\320"
 576      7C07C9AD 
ARM GAS  /tmp/ccVr2doo.s 			page 47


 576      0281F107 
 576      9CD0
 577 0369 71B07E03 		.ascii	"q\260~\003\251fL\204\253\022\343\232\212\361\273&\343"
 577      A9664C84 
 577      AB12E39A 
 577      8AF1BB26 
 577      E3
 578 037a BAC2E8F0 		.ascii	"\272\302\350\360om\325q\305\"c\222\240\325\311\316\200"
 578      6F6DD571 
 578      C5226392 
 578      A0D5C9CE 
 578      80
 579 038b FB780F6E 		.ascii	"\373x\017nH\214\233*\306\240&\343\226\302\330\260qp"
 579      488C9B2A 
 579      C6A026E3 
 579      96C2D8B0 
 579      7170
 580 039d 13C5B583 		.ascii	"\023\305\265\203\252WYg6\227\231\003{u[b\334Q1\2065"
 580      AA575967 
 580      36979903 
 580      7B755B62 
 580      DC513186 
 581 03b2 196D0AA3 		.ascii	"\031m\012\243w]\337\025\023\327\257\356\325\266\216"
 581      775DDF15 
 581      13D7AFEE 
 581      D5B68E
 582 03c1 9DFB20B0 		.ascii	"\235\373 \260Ww%\306=\025\303\327\254\305hW\030\347"
 582      577725C6 
 582      3D15C3D7 
 582      ACC56857 
 582      18E7
 583 03d3 8BCA7FD5 		.ascii	"\213\312\177\325sy\244\300\230\214\023n\036\276z\325"
 583      7379A4C0 
 583      988C136E 
 583      1EBE7AD5 
 584 03e3 A0664440 		.ascii	"\240fD@\207\304\270\257b\024j2:\025F\321\266\355\245"
 584      87C4B8AF 
 584      62146A32 
 584      3A1546D1 
 584      B6EDA5
 585 03f6 0C775364 		.ascii	"\014wSdL\341\031\003\231\203\001O\307T\350\222\030\017"
 585      4CE11903 
 585      9983014F 
 585      C754E892 
 585      180F
 586 0408 548C624D 		.ascii	"T\214bMF\267\3028R\370r\213\236\353\023\031\323pB\372"
 586      46B7C238 
 586      52F8728B 
 586      9EEB1319 
 586      D37042FA 
 587 041c 8D5FD24C 		.ascii	"\215_\322Lj\306\373\360Pb\364\250\030%\232\214G\012"
 587      6AC6FBF0 
 587      5062F4A8 
 587      18259A8C 
 587      470A
 588 042e A3B0E4E0 		.ascii	"\243\260\344\340\015\222\313\247\004\006\313\177\022"
 588      0D92CBA7 
ARM GAS  /tmp/ccVr2doo.s 			page 48


 588      0406CB7F 
 588      12
 589 043b B655A706 		.ascii	"\266U\247\006\314\007\007\217%F\257\212Q\246\311\370"
 589      CC07078F 
 589      2546AF8A 
 589      51A6C9F8 
 590 044b 4D61540C 		.ascii	"MaT\0145\3553s\335\"\343\003\234P\347?Z\020\360a\365"
 590      35ED3373 
 590      DD22E303 
 590      9C50E73F 
 590      5A10F061 
 591 0460 213C9118 		.ascii	"!<\221\030OU\214#\232\214g\012\343u\312\323\013\024"
 591      4F558C23 
 591      9A8C670A 
 591      E375CAD3 
 591      0B14
 592 0472 F74A64FC 		.ascii	"\367Jd\374\021'\354+\272\327\031\320\253\351\360\\b"
 592      1127EC2B 
 592      BAD719D0 
 592      ABE9F05C 
 592      62
 593 0483 BC90192B 		.ascii	"\274\220\031+\012j\232/S\302\262@\005_\220\372\224\005"
 593      0A6A9A2F 
 593      53C2B240 
 593      055F90FA 
 593      9405
 594 0495 49B502DD 		.ascii	"I\265\002\335>\345\237\242\244U\254z\264\327(,A\000"
 594      3EE59FA2 
 594      A455AC7A 
 594      B4D7282C 
 594      4100
 595 04a7 BF8B4B50 		.ascii	"\277\213KP\026Ew\325\037:\315/A\344\032J'\257G4\321"
 595      164577D5 
 595      1F3ACD2F 
 595      41E41A4A 
 595      27AF4734 
 596 04bc 0716981D 		.ascii	"\007\026\230\035\301/D+\316l\2502\343T\022H\350\207"
 596      C12F442B 
 596      CE6CA832 
 596      E3541248 
 596      E887
 597 04ce 089A446B 		.ascii	"\010\232Dk\227\376N]I\016\245\254]\325W\316\232\004"
 597      97FE4E5D 
 597      490EA5AC 
 597      5DD557CE 
 597      9A04
 598 04e0 1ADEF0FC 		.ascii	"\032\336\360\374\324\261q\233EX\273\360\333\035\273"
 598      D4B1719B 
 598      4558BBF0 
 598      DB1DBB
 599 04ef 7C77A911 		.ascii	"|w\251\021k\327K~\355\032\020\326\256\014V\310\325\215"
 599      6BD74B7E 
 599      ED1A10D6 
 599      AE0C56C8 
 599      D58D
 600 0501 B8C119B9 		.ascii	"\270\301\031\271\374NfP\270A|\251\346\275y=4\347\245"
 600      FC4E6650 
ARM GAS  /tmp/ccVr2doo.s 			page 49


 600      B8417CA9 
 600      E6BD793D 
 600      34E7A5
 601 0514 853E46E2 		.ascii	"\205>F\342>\026\327\234\3146\212}D\307f\302+\251\213"
 601      3E16D79C 
 601      CC368A7D 
 601      44C766C2 
 601      2BA98B
 602 0527 AFF92ECE 		.ascii	"\257\371.\316\022\272q\032D\006\272/q\001\016\311i\273"
 602      12BA711A 
 602      4406BA2F 
 602      71010EC9 
 602      69BB
 603 0539 7E86C437 		.ascii	"~\206\3047\001x2O\210\253\257>x\025CJ\025}[\037\365"
 603      0178324F 
 603      88ABAF3E 
 603      7815434A 
 603      157D5B1F 
 604 054e 309C4FAC 		.ascii	"0\234O\254b6\256\342y\343\376\3341J\025\037\301\260"
 604      6236AEE2 
 604      79E3FEDC 
 604      314A151F 
 604      C1B0
 605 0560 54858754 		.ascii	"T\205\207TU\321N\213\014\245\012C\337\313Cu n?\320G"
 605      55D14E8B 
 605      0CA50A43 
 605      DFCB4375 
 605      206E3FD0 
 606 0575 6EF3D260 		.ascii	"n\363\322`J\315\311\345wV)\350b\204zw0\027FF\316\365"
 606      4ACDC9E5 
 606      775629E8 
 606      62847A77 
 606      30174646 
 607 058b E1DD163A 		.ascii	"\341\335\026:\330z\375l\023\352\257\017\321\347A\032"
 607      D87AFD6C 
 607      13EAAF0F 
 607      D1E7411A 
 608 059b 4A845432 		.ascii	"J\204T2\202?S\271i\345A}\364\001\274\357)\030B\247\243"
 608      823F53B9 
 608      69E5417D 
 608      F401BCEF 
 608      291842A7 
 609 05b0 209DDC0D 		.ascii	" \235\334\0159\374.\015?\305]{\2571\342\351J\264\366"
 609      39FC2E0D 
 609      3FC55D7B 
 609      AF31E2E9 
 609      4AB4F6
 610 05c3 47430619 		.ascii	"GC\006\031\235\203]\343\237\215\226k\233)\314Z\211N"
 610      9D835DE3 
 610      9F8D966B 
 610      9B29CC5A 
 610      894E
 611 05d5 4FF3521F 		.ascii	"O\363R\037\303\0122Z\270\325L\004\301\373\314\226\246"
 611      C30A325A 
 611      B8D54C04 
 611      C1FBCC96 
 611      A6
ARM GAS  /tmp/ccVr2doo.s 			page 50


 612 05e6 54C0C5CD 		.ascii	"T\300\305\315\207\261\260\222DF~\202-9\376\262\253\264"
 612      87B1B092 
 612      44467E82 
 612      2D39FEB2 
 612      ABB4
 613 05f8 FFDA8280 		.ascii	"\377\332\202\200}\241\216Pm\024\3231\361N\226w\302R"
 613      7DA18E50 
 613      6D14D331 
 613      F14E9677 
 613      C252
 614 060a 7EAFC89F 		.ascii	"~\257\310\237UE\303jR\017\253\320\226\220\200,\022\365"
 614      5545C36A 
 614      520FABD0 
 614      9690802C 
 614      12F5
 615 061c 70A2BA0F 		.ascii	"p\242\272\017\013\336\350\303\002\037\2568\260\017\237"
 615      0BDEE8C3 
 615      021FAE38 
 615      B00F9F
 616 062b C25ADC87 		.ascii	"\302Z\334\2075o\366\341\216\257\036J\316\353\275\324"
 616      356FF6E1 
 616      8EAF1E4A 
 616      CEEBBDD4 
 617 063b 9F601DDF 		.ascii	"\237`\035\337\013\222\347\215h\007\232\331\020X\217"
 617      0B92E78D 
 617      68079AD9 
 617      10588F
 618 064a 9B4109A7 		.ascii	"\233A\011\247a\003\031\215\246-\035U]>%\330\274\375"
 618      6103198D 
 618      A62D1D55 
 618      5D3E25D8 
 618      BCFD
 619 065c 3997C205 		.ascii	"9\227\302\005o$yy&z\251\317\370I7>\250\177\325\252L"
 619      6F247979 
 619      267AA9CF 
 619      F849373E 
 619      A87FD5AA 
 620 0671 7A714B9B 		.ascii	"zqK\233\370\214\207\004\227o\023)\313\2672\275\003\311"
 620      F88C8704 
 620      976F1329 
 620      CBB732BD 
 620      03C9
 621 0683 7747FD08 		.ascii	"wG\375\010<\274\274\246\001\324\217\300fR\224/[-_\217"
 621      3CBCBCA6 
 621      01D48FC0 
 621      6652942F 
 621      5B2D5F8F 
 622 0697 F8088428 		.ascii	"\370\010\204(\3621w\363\252\212A~\004\236\212\217\200"
 622      F23177F3 
 622      AA8A417E 
 622      049E8A8F 
 622      80
 623 06a8 2178155B 		.ascii	"!x\025[\224*Z^\014>3q\355\352G\340\221\377\267\333\214"
 623      942A5A5E 
 623      0C3E3371 
 623      EDEA47E0 
 623      91FFB7DB 
ARM GAS  /tmp/ccVr2doo.s 			page 51


 624 06bd FA11D82A 		.ascii	"\372\021\330*U\261M]\205_'2\224*B\375e\235\035\204\334"
 624      55B14D5D 
 624      855F2732 
 624      942A42FD 
 624      659D1D84 
 625 06d2 8DB216AD 		.ascii	"\215\262\026\255G G|\004Fw>W\333\371<m\347\177\320t"
 625      4720477C 
 625      0446773E 
 625      57DBF93C 
 625      6DE77FD0 
 626 06e7 7EBBE47C 		.ascii	"~\273\344|\276\340|\315\360\326\032Zp\336\000;\336\352"
 626      BEE07CCD 
 626      F0D61A5A 
 626      70DE003B 
 626      DEEA
 627 06f9 BCA8F881 		.ascii	"\274\250\370\201\267)\356\225\025/\300\212O~'\247w\216"
 627      B729EE95 
 627      152FC08A 
 627      4F7E27A7 
 627      778E
 628 070b EEF42EC9 		.ascii	"\356\364.\311iop\247}\242\323\3704\374(9}@\323\351\335"
 628      696F70A7 
 628      7DA2D3F8 
 628      34FC2839 
 628      7D40D3E9 
 629 0720 820D9325 		.ascii	"\202\015\223%\247M\371\331[\236(\263\330);m\014n\323"
 629      A74DF9D9 
 629      5B9E28B3 
 629      D8293B6D 
 629      0C6ED3
 630 0733 4F8A4D7B 		.ascii	"O\212M{\212\206\037R\334\023\265\323\307v\247\225\222"
 630      8A861F52 
 630      DC13B5D3 
 630      C776A795 
 630      92
 631 0744 6AA70B25 		.ascii	"j\247\013%\233\366\004s\332\250\330d.>\260\363\032\361"
 631      9BF60473 
 631      DAA8D864 
 631      2E3EB0F3 
 631      1AF1
 632 0756 86D34CF0 		.ascii	"\206\323L\360*\366*U\244\\i\274\257\343^\320\252\215"
 632      2AF62A55 
 632      A45C69BC 
 632      AFE35ED0 
 632      AA8D
 633 0768 C0CEF23B 		.ascii	"\300\316\362;~\325\307\372\207P$UQ\034\314iF\251\302"
 633      7ED5C7FA 
 633      87502455 
 633      511CCC69 
 633      46A9C2
 634 077b 92D77FFE 		.ascii	"\222\327\177\376S\271\031\275\232J\357{g\245\367k+}"
 634      53B919BD 
 634      9A4AEF7B 
 634      67A5F76B 
 634      2B7D
 635 078d 405BE912 		.ascii	"@[\351\022M\245\017JJ\227\012J\313\377\305\230\0174"
 635      4DA50F4A 
ARM GAS  /tmp/ccVr2doo.s 			page 52


 635      4A970A4A 
 635      CBFFC598 
 635      0F34
 636 079f 1C1A4DE9 		.ascii	"\034\032M\351\352\267)]&+}\030+=\365\235\224.\037]\351"
 636      EAB7295D 
 636      262B7D18 
 636      2B3DF59D 
 636      942E1F5D 
 637 07b4 0A49E9B2 		.ascii	"\012I\351\262\340J\037\021\225\306\247\341\250\244t"
 637      E04A1F11 
 637      95C6A7E1 
 637      A8A474
 638 07c3 B5A6D2C7 		.ascii	"\265\246\322\307\004\031\246JJ\217I\333\336"
 638      0419A64A 
 638      4A8F49DB 
 638      DE
 639 07d0 F0577912 		.ascii	"\360Wy\022}\255\222\321\241\301]\252T\\:\337q\344\265"
 639      7DAD92D1 
 639      A1C15DAA 
 639      545C3ADF 
 639      71E4B5
 640 07e3 89CBD4A9 		.ascii	"\211\313\324\251\214~\220\367\270+\300\350*\311\245"
 640      8C7E90F7 
 640      B82BC0E8 
 640      2AC9A5
 641 07f2 E3C18C0E 		.ascii	"\343\301\214\016U\\\032;\320[\027\365\206\320\246\340"
 641      555C1A3B 
 641      D05B17F5 
 641      86D0A6E0 
 642 0802 45542B45 		.ascii	"ET+E\014\224\037\255\323sY:\325w\344+\273J;LJ\021ap"
 642      0C941FAD 
 642      D373593A 
 642      D577E42B 
 642      BB4A3B4C 
 643 081a 422AA226 		.ascii	"B*\242&\230\320&\245\210\260\246\312\213\037++V\253"
 643      98D026A5 
 643      88B0A6CA 
 643      8B1F2B2B 
 643      56AB
 644 082c 96D0B5EF 		.ascii	"\226\320\265\357,t\235\266\320'\265\205>\245)\364iI"
 644      2C749DB6 
 644      D027B585 
 644      3EA529F4 
 644      6949
 645 083e E83382D0 		.ascii	"\3503\202\320\362Nv>\332\311\236\035Mh\377\333\204\256"
 645      F24E763E 
 645      DAC99E1D 
 645      4D68FFDB 
 645      84AE
 646 0850 97853E87 		.ascii	"\227\205>\207\205f\337I\350\206\321\205n\224\204\256"
 646      8566DF49 
 646      E886D185 
 646      6E9484AE 
 647 0860 0F2EF479 		.ascii	"\017.\364yQh|\032\374\222\320~M\241/\0102\260\222\320"
 647      51687C1A 
 647      FC92D07E 
 647      4DA12F08 
ARM GAS  /tmp/ccVr2doo.s 			page 53


 647      32B092D0 
 648 0874 E1656D03 		.ascii	"\341em\003F\371_]m\255\240\361\365\345\")\177}\271\225"
 648      46F95F5D 
 648      6DADA0F1 
 648      F5E52229 
 648      7F7DB995 
 649 0888 59550EDC 		.ascii	"YU\016\334VQ\244\277\340\204\302\301s\247\244mw\301"
 649      5651A4BF 
 649      E084C2C1 
 649      73A7A46D 
 649      77C1
 650 089a 5D748F0B 		.ascii	"]t\217\013\341\222\244R\023\211\377kD\343o0\030:N\371"
 650      E192A452 
 650      1389FF6B 
 650      44E36F30 
 650      183A4EF9 
 651 08ae 07DB6320 		.ascii	"\007\333c \321%\315\350p\037\230\363)\213n\300\267\266"
 651      D125CDE8 
 651      701F98F3 
 651      298B6EC0 
 651      B7B6
 652 08c0 81429219 		.ascii	"\201B\222\031\362\212\326NC\177C\273\213\315\350\217"
 652      F28AD64E 
 652      437F43BB 
 652      8BCDE88F 
 653 08d0 A5B104FF 		.ascii	"\245\261\004\377\011+*3\343\357\034\341E\025f\364u\005"
 653      092B2A33 
 653      E3EF1CE1 
 653      451566F4 
 653      7505
 654 08e2 86D10F05 		.ascii	"\206\321\017\005\251\265X\210)\363\346E\241\337\230"
 654      A9B55888 
 654      29F3E645 
 654      A1DF98
 655 08f1 24A72DCA 		.ascii	"$\247-\312\345\214\211\262&\271\376\353\372\316\345"
 655      E58C89B2 
 655      26B9FEEB 
 655      FACEE5
 656 0900 B625CE8B 		.ascii	"\266%\316\213!\364.\267\323fM\244\255\316\270\030<,"
 656      21F42EB7 
 656      D3664DA4 
 656      ADCEB818 
 656      3C2C
 657 0912 0BFFB7CB 		.ascii	"\013\377\267\313\032g[\310Nw\261\213\276\376\327\027"
 657      1A675BC8 
 657      4E77B18B 
 657      BEFED717 
 658 0922 8BBE6208 		.ascii	"\213\276b\010f\321\022\267=\311\341Z\210^\262\354\334"
 658      66D112B7 
 658      3DC9E15A 
 658      885EB2EC 
 658      DC
 659 0933 B9F1B684 		.ascii	"\271\361\266\204%\014\021\301\242\237\257\235v\207\233"
 659      250C11C1 
 659      A29FAF9D 
 659      76879B
 660 0942 75C7DB5D 		.ascii	"u\307\333],>\312\272m\377s\317c\210q|\230}\261\315\351"
ARM GAS  /tmp/ccVr2doo.s 			page 54


 660      2C3ECABA 
 660      6DFF73CF 
 660      6388717C 
 660      987DB1CD 
 661 0957 B0BA6D73 		.ascii	"\260\272ms\330\271\361\014\301\341\370o\342\223\335"
 661      D8B9F10C 
 661      C1E1F86F 
 661      E293DD
 662 0966 B149CB1D 		.ascii	"\261I\313\035\254;\211\225\317\263\211I\2616\224\365"
 662      AC3B8995 
 662      CFB38949 
 662      B13694F5 
 663 0976 198EF8D2 		.ascii	"\031\216\370\322fu\271Y\233\303\346\214\373\216uY\227"
 663      6675B959 
 663      9BC3E68C 
 663      FB8E7559 
 663      97
 664 0987 D91D7173 		.ascii	"\331\035qs\330\305\311n\326\232\220\220\264\334\305"
 664      D8C5C96E 
 664      D69A9090 
 664      B4DCC5
 665 0996 C6C4A32A 		.ascii	"\306\304\243*\321Av\231\335\312.\261;\\\022.\326f[\342"
 665      D1417699 
 665      DDCA2EB1 
 665      3B5C122E 
 665      D6665BE2 
 666 09aa 4A4003C2 		.ascii	"J@\003\302\305\006\301\311\347%\334\337q\304?\354\016"
 666      C506C1C9 
 666      E725DCDF 
 666      71C43FEC 
 666      0E
 667 09bb 7B6272A2 		.ascii	"{br\242\004\214A\267\231\234\310\337.\273<\336\236`"
 667      048C41B7 
 667      999CC8DF 
 667      2EBB3CDE 
 667      9E60
 668 09cd 13B09817 		.ascii	"\023\260\230\027\010NH\216C\227\230\204\301n\247\325"
 668      084E488E 
 668      43979884 
 668      C16EA7D5 
 669 09dd E15A92E4 		.ascii	"\341Z\222\344t[q\032\242\273\031b\306Hz`\220T\302\227"
 669      745B711A 
 669      A2BB1962 
 669      C6487A60 
 669      9054C297 
 670 09f1 A3956077 		.ascii	"\243\225`w\307\343\012X\324e\233\323\231\274\304\355"
 670      C7E30A58 
 670      D4659BD3 
 670      99BCC4ED 
 671 0a01 6263ED2E 		.ascii	"bc\355.\353\342\004[,;\323\221$\0275\013],\014\027\343"
 671      EBE2045B 
 671      2C3BD391 
 671      2417350B 
 671      5D2C0C17 
 672 0a16 B4B9DC56 		.ascii	"\264\271\334V\247\033U\341d\210\017\002\252\260:bY\361"
 672      A71B55E1 
 672      64880F02 
ARM GAS  /tmp/ccVr2doo.s 			page 55


 672      AAB03A62 
 672      59F1
 673 0a28 342BCE3F 		.ascii	"4+\316?CPs\343\011\223j\256\210(\301\226o\321[[B\324"
 673      435073E3 
 673      09936AAE 
 673      8828C196 
 673      6FD15B5B 
 674 0a3e E7E8847D 		.ascii	"\347\350\204}\3217QI\256(\247;\312\356\210IH\216\265"
 674      D1375149 
 674      AE28A73B 
 674      CAEE8849 
 674      488EB5
 675 0a51 45C5C4BB 		.ascii	"E\305\304\273\343\2215\261\256y\361\350\002\261\370"
 675      E39135B1 
 675      AE79F1E8 
 675      02B1F8
 676 0a60 027277D1 		.ascii	"\002rw\321\0017\0216\262+\350\250\223`\344\362\210\211"
 676      01371136 
 676      B22BE8A8 
 676      9360E4F2 
 676      8889
 677 0a72 C98E6F1D 		.ascii	"\311\216o\035|Q\316\270\344D\033r(r\272+\222!\376\017"
 677      7C51CEB8 
 677      E4441B72 
 677      2872BA2B 
 677      9221FE0F 
 678 0a86 7CD8027B 		.ascii	"|\330\002{"
 679              		.text
 680              		.section	.gnu.lto_chVTSetI.8724139b4ff04bd4,"e",%progbits
 681 0000 789C6592 		.ascii	"x\234e\222MHTQ\024\307\317y\347\276\367\306q\324]\004"
 681      4D485451 
 681      14C7CF79 
 681      E7BEF7C6 
 681      71D45D04 
 682 0014 16440462 		.ascii	"\026D\004b\224C\253\026A\024m\332\265\010\332\2642\235"
 682      9443AB16 
 682      41146DDA 
 682      B508DAB4 
 682      329D
 683 0026 5012131B 		.ascii	"P\022\023\033\205V]g\006\\(FP\310T\2177\242O[(VdPY\275"
 683      85565D67 
 683      065C2846 
 683      50C8548F 
 683      37A24F5B 
 684 0040 B40F1D27 		.ascii	"\264\017\035'\323\010B\027\2630\263\374\240\240Z\024"
 684      D3084217 
 684      B330B3FC 
 684      A0A05A14 
 685 0050 84D3B9D7 		.ascii	"\204\323\271\327\011t\274\274\367x\347\236\363;\367"
 685      0974BCBC 
 685      F778E79E 
 685      F33BF7
 686 005f 7FCF3901 		.ascii	"\177\3179\001@8K\000\307\001\340\010\277h\002\032R\312"
 686      40384B00 
 686      C701E008 
 686      BF68021A 
 686      52CA
ARM GAS  /tmp/ccVr2doo.s 			page 56


 687 0071 63765BC0 		.ascii	"cv[\3000h\252\347\366^!\203b$\373i\267\220!B\221\367"
 687      3068AAE7 
 687      F65E2183 
 687      6224FB69 
 687      B7902142 
 688 0087 0944FD27 		.ascii	"\011D\375'\003\010W\014\022x\005\257R7\341X\373\322"
 688      0308570C 
 688      127805AF 
 688      5237E158 
 688      FBD2
 689 0099 23A37280 		.ascii	"#\243r\200}\322\357~\270cP\316Hr9\177\222\337\215\205"
 689      7DD2EF7E 
 689      B86350CE 
 689      4872397F 
 689      92DF8D85 
 690 00ad 8FB19203 		.ascii	"\217\261\222\003\2631\347w\250\213}\210\202\315\353"
 690      B331E777 
 690      A88B7D88 
 690      82CDEB
 691 00bc E9079341 		.ascii	"\351\007\223Ae\032\270\207\315\201\305\245\2176\035"
 691      651AB887 
 691      CD81C5A5 
 691      8F361D
 692 00cb 44E0FF4C 		.ascii	"D\340\377L\317\3104UxR\306\244\377\313#\271\317%\302"
 692      CFC83455 
 692      7852C6A4 
 692      FFCB23B9 
 692      CF25C2
 693 00de A7489C12 		.ascii	"\247H\234\022G\261\034\237`9\000\357q\352gX\301@\374"
 693      47B11C9F 
 693      603900EF 
 693      71EA6758 
 693      C140FC
 694 00f1 FEDA6890 		.ascii	"\376\332h\220\016i\330K\017\017\333y8\263\363\246\364"
 694      0E69D84B 
 694      0F0FDB79 
 694      38B3F3A6 
 694      F4
 695 0102 85CB629F 		.ascii	"\205\313b\237o\243\005\323\276\246o\375\350\233/\243"
 695      6FA305D3 
 695      BEA66FFD 
 695      E89B2FA3 
 696 0112 C39A9EF3 		.ascii	"\303\232\236\363\263\313V\236^\232\333\325\027\227'"
 696      B3CB569E 
 696      5E9ADBD5 
 696      179727
 697 0121 5D32F1C5 		.ascii	"]2\361\3056\334d|L\343C\251\237\016\321Q\215\257\256"
 697      36DC647C 
 697      4CE343A9 
 697      9F0ED151 
 697      8DAFAE
 698 0134 7CF0FEE3 		.ascii	"|\360\376\343\213\375Z\271\205\343\333`\213\341\227"
 698      8BFD5AB9 
 698      85E3DB60 
 698      8BE197
 699 0143 58010A59 		.ascii	"X\001\012Y\270\267~\243\304\022\371z\341+\264\270A\000"
 699      B8B77EA3 
ARM GAS  /tmp/ccVr2doo.s 			page 57


 699      C412F97A 
 699      E12BB4B8 
 699      4100
 700 0155 C3EF4D5F 		.ascii	"\303\357M_\256\347\332\371\022\0038{\246\330@uW\256"
 700      AEE7DAF9 
 700      1203387B 
 700      A6D84075 
 700      57AE
 701 0167 1D6BE656 		.ascii	"\035k\346V\360\321&\252\0346\247\263\001:\010T\007\004"
 701      F0D126AA 
 701      1C36A7B3 
 701      013A0854 
 701      0704
 702 0179 4A1FA093 		.ascii	"J\037\240\223\214\015#\316\306\032\306S\253.m9I\035"
 702      8C0D23CE 
 702      C61AC653 
 702      AB2E6D39 
 702      491D
 703 018b B065C3D8 		.ascii	"\260e\303\330\274\221Pp\352\317\001-F\3736\305\342\004"
 703      BC915070 
 703      EACF012D 
 703      46FB36C5 
 703      E204
 704 019d 5AF88645 		.ascii	"Z\370\206E\026\306\347<\033pR\001\270\025H3\360Z\001"
 704      16C6E73C 
 704      1B705201 
 704      B8154833 
 704      F05A01
 705 01b0 38C55FF6 		.ascii	"8\305_\3668w2\271\242\004\306\332\002.\005\222\334\332"
 705      387732B9 
 705      A204C6DA 
 705      022E0592 
 705      DCDA
 706 01c2 B4BA7306 		.ascii	"\264\272s\006\023\310w)\202\025\214\215.\377\375R\252"
 706      13C87729 
 706      82158C8D 
 706      2EFFFD52 
 706      AA
 707 01d3 C21DB219 		.ascii	"\302\035\262\031\350\212\177\317\006\324\250\004u\221"
 707      E88A7FCF 
 707      06D4A804 
 707      7591
 708 01e1 FDF9BB73 		.ascii	"\375\371\273s\245\036\366\242K\305\016\217\317[UT\234"
 708      A51EF6A2 
 708      4BC50E8F 
 708      CF5B5554 
 708      9C
 709 01f2 460FE133 		.ascii	"F\017\3413&\276\216\257O\205\224\220\002\266\030\001"
 709      26BE8EAF 
 709      4F859490 
 709      02B61801 
 710 0202 DFA94850 		.ascii	"\337\251HP\005\242\371\316\205kF\276@\211To\277\251"
 710      05A2F9CE 
 710      856B46BE 
 710      4089546F 
 710      BFA9
 711 0214 904275A1 		.ascii	"\220Bu\241$\217\316\204R7\243\324\361a.\225h^l.p{*7"
ARM GAS  /tmp/ccVr2doo.s 			page 58


 711      248FCE84 
 711      5237A3D4 
 711      F1612E95 
 711      685E6C2E 
 712 022c 48BA7305 		.ascii	"H\272s\005|iR\317\311l\036\3461qH8d\272T\006\3370\226"
 712      7C6952CF 
 712      C96C1EE6 
 712      31714838 
 712      64BA5406 
 713 0243 EA1D428D 		.ascii	"\352\035B\215\251\325A\270\2213\346+s\177UU\230\237"
 713      A9D541B8 
 713      9133E62B 
 713      737F5555 
 713      989F
 714 0255 0B91E6C6 		.ascii	"\013\221\346\306HC\370D]\375\271\372S\247\303\027/\205"
 714      4843F844 
 714      5DFDB9FA 
 714      53A7C317 
 714      2F85
 715 0267 9BA3E1FA 		.ascii	"\233\243\341\372\306\232\206\226\332H\270\246\2565Z"
 715      C69A8696 
 715      DA48B8A6 
 715      AE355A
 716 0276 5507D41A 		.ascii	"U\007\324\032m2k#\015\325\227\255\326\350\371\226\306"
 716      6D326B23 
 716      0DD597AD 
 716      D6E8F996 
 716      C6
 717 0287 1A6AAA6E 		.ascii	"\032j\252n\376\007\310\300&\331"
 717      FE07C8C0 
 717      26D9
 718              		.text
 719              		.section	.gnu.lto__aosSysUptimeCallback.8724139b4ff04bd4,"e",%progbits
 720 0000 789C8D54 		.ascii	"x\234\215ToLSW\024\277\247\367\361Z\241\240\233:\227"
 720      6F4C5357 
 720      14BFA7F7 
 720      F15AA1A0 
 720      9B3A97
 721 0013 B0092423 		.ascii	"\260\011$#\204\341(\331>\354\323\022\027\222%~ K\344"
 721      84E128D9 
 721      3EECD312 
 721      1792257E 
 721      204BE4
 722 0026 C33E12EC 		.ascii	"\303>\022\354\232\321\214\202i\3132?\361lIa\374\323"
 722      9AD18C82 
 722      69CB323F 
 722      F16C4961 
 722      FCD3
 723 0038 18117194 		.ascii	"\030\021q\224\032:\320\271\241\316\230L\300A\361\357"
 723      1A3AD0B9 
 723      A1CE984C 
 723      C041F1EF 
 724 0048 10D81843 		.ascii	"\020\330\030C\201\241XA\234\202\223)\302\330\002v\347"
 724      81A15841 
 724      9C829329 
 724      C2D80276 
 724      E7
ARM GAS  /tmp/ccVr2doo.s 			page 59


 725 0059 DC57B0E5 		.ascii	"\334W\260\345O\302K{\337\273\347\376\316\357\234\373"
 725      4FC24B7B 
 725      DFBBE7FE 
 725      CEEF9CFB 
 726 0069 3BF71E1D 		.ascii	";\367\036\035\003vJ\313X\0060\366&c\0148\003\215\242"
 726      03764ACB 
 726      580630F6 
 726      26630C38 
 726      038DA2
 727 007c 283BB5FB 		.ascii	"(;\265\373u\032\000\361\245\350\200\025j\240\020\016"
 727      751A00F1 
 727      A5E88015 
 727      6AA0100E 
 728 008c F06A0E97 		.ascii	"\360j\016\227\212\0374k\222O\340\212\342\253~\236\322"
 728      8A1F346B 
 728      924FE08A 
 728      E2AB7E9E 
 728      D2
 729 009d E7544AD3 		.ascii	"\347TJ\323<\234\261\032\374\253\017\264@2\002G\034\356"
 729      3C9CB11A 
 729      FCAB0FB4 
 729      40320247 
 729      1CEE
 730 00af 397D25F7 		.ascii	"9}%\367p\000\011\247\207o\234\357\214\244\251\006\342"
 730      700009A7 
 730      876F9CEF 
 730      8CA4A906 
 730      E2
 731 00c0 71EAF7CE 		.ascii	"q\352\367\316^\000\036\007\014\277\017^\371\256TJjP"
 731      5E001E07 
 731      0CBF0F5E 
 731      F9AE544A 
 731      6A50
 732 00d2 1487E2BB 		.ascii	"\024\207\342\273\337\310\225\267<\234\303O\300\221\022"
 732      DFC895B7 
 732      3C9CC34F 
 732      C09112
 733 00e1 2E422CB4 		.ascii	".B,\264B,chC\3526HB\207\246\343\323n\316\023\205\363"
 733      422C6368 
 733      43EA3648 
 733      4287A6E3 
 733      D36ECE13 
 734 00f7 E4447F83 		.ascii	"\344D\177\203\034t\356~\375\230\342\223<\\\202\366\025"
 734      1C74EE7E 
 734      FD98E293 
 734      3C5C82F6 
 734      15
 735 0108 DE127AFB 		.ascii	"\336\022z\373 \211\221\317\350\017/\252\242e)\2303t"
 735      208991CF 
 735      E80F2FAA 
 735      A2652998 
 735      3374
 736 011a 802C8559 		.ascii	"\200,\205YQ\214p\230&\324PD{?\036\030xWx\212\305\020"
 736      518C7098 
 736      26D45044 
 736      7B3F1E18 
 736      7857788A 
ARM GAS  /tmp/ccVr2doo.s 			page 60


 737 0130 305C0119 		.ascii	"0\\\001\031.\203\034n\274\212\306Kd\204k \207Q\363\360"
 737      2E831C6E 
 737      BC8AC64B 
 737      64846B20 
 737      8751F3F0 
 738 0144 584409D7 		.ascii	"XD\011\327\005\362g\201l\017\034i\227T\031u8\255:\325"
 738      05F26781 
 738      6C0F1C69 
 738      97541975 
 738      38AD3AD5 
 739 0158 31AF5765 		.ascii	"1\257We\364\221\337\327\247\313\276\001\236,\244\270"
 739      F491DFD7 
 739      A7CBBE01 
 739      9E2CA4B8 
 740 0168 573EFF9F 		.ascii	"W>\377\237\234\350\025R\004\032\336\233\035s)\007]\012"
 740      9CE81552 
 740      041ADE9B 
 740      1D732907 
 740      5D0A
 741 017a 78780474 		.ascii	"xx\004t\221\036\022\334@=:I\017\026\026\025\272!\021"
 741      911E12DC 
 741      403D3A49 
 741      0F161615 
 741      BA2111
 742 018d 53915463 		.ascii	"S\221Tc(\315 \2248w.\021\260%\002\341\021\316\361\013"
 742      28CD2094 
 742      38772E11 
 742      B02502E1 
 742      11CEF10B 
 743 01a1 5A44F63D 		.ascii	"ZD\366=\"\373_\227\3553b\205\204\376\262\003\333\026"
 743      22FB5F97 
 743      ED336285 
 743      84FEB203 
 743      DB16
 744 01b3 358C0817 		.ascii	"5\214\010\027\3417\244\351]\256a\337\222\206\277\343"
 744      E137A4E9 
 744      5DAE61DF 
 744      9286BFE3 
 745 01c3 17BE28E4 		.ascii	"\027\276(\344\231\276\010\237\362\"P\254\370F\316\300"
 745      99BE089F 
 745      F22250AC 
 745      F846CEC0 
 746 01d3 A1C33D29 		.ascii	"\241\303=)[\000\213-kp\320r\032d\032\2644D\322\020E"
 746      5B008B2D 
 746      6B70D072 
 746      1A641AB4 
 746      3444D210 
 747 01e8 839E916B 		.ascii	"\203\236\221k4\001ch`\254\2143JI\002\305\307X9\327\250"
 747      34016368 
 747      60AC8C33 
 747      4A4902C5 
 747      C75839D7 
 748 01fd 13274E26 		.ascii	"\023'N&\3011:]\321r\027\250r\200\327\305\013\230\224"
 748      C1313A5D 
 748      D17217A8 
 748      7280D7C5 
 748      0B9894
ARM GAS  /tmp/ccVr2doo.s 			page 61


 749 0210 D2F0F0BA 		.ascii	"\322\360\360\2728\315:H\303i\275\347\334\\d\302y\360"
 749      38CD3A48 
 749      C369BDE7 
 749      DC5C64C2 
 749      79F0
 750 0222 2847E33D 		.ascii	"(G\343=|\003\245\3354\326\252\350$<\033p\023\022\304"
 750      7C03A5DD 
 750      34D6AAE8 
 750      243C1B70 
 750      1312C4
 751 0235 46AE96DF 		.ascii	"F\256\226\337\351\324\242\005n\201\004\375T\005\030"
 751      E9D4A205 
 751      6E8104FD 
 751      540518
 752 0244 1057E364 		.ascii	"\020W\343d\333\345q}\302\217A\357H\302>;}\356f\224\360"
 752      DBE5717D 
 752      C28F41EF 
 752      48C23E3B 
 752      7DEE6694 
 753 0259 1E246F18 		.ascii	"\036$o\030\002\211=\006\247\177\241\272n;\035&\302\270"
 753      02893D06 
 753      A77FA1BA 
 753      6E3B1D26 
 753      C2B8
 754 026b 4F760736 		.ascii	"Ov\0076\024\201c\277\316\303\243j\270L'\217\301\037"
 754      148163BF 
 754      CEC3A36A 
 754      B84C278F 
 754      C11F
 755 027d 50440AE8 		.ascii	"PD\012\350\005|\252\256\2578:\254\014\332\225ehj\334"
 755      057CAAAE 
 755      AF383AAC 
 755      0CDA9565 
 755      686ADC
 756 0290 1E172C83 		.ascii	"\036\027,\2036\\\361\333\270\343a\241\370\035\220\335"
 756      365CF1DB 
 756      B8E361A1 
 756      F81D90DD 
 757 02a0 3C6659D0 		.ascii	"<fY\320\350\032\334\376m\012:\242\006\215\301\240\305"
 757      E81ADCFE 
 757      6D0A3AA2 
 757      068DC1A0 
 757      C5
 758 02b1 FEB2B201 		.ascii	"\376\262\262\001=\321-\317qc\015*\303\340.aq\251\322"
 758      3DD12DCF 
 758      71630D2A 
 758      C3E02E61 
 758      71A9D2
 759 02c4 3935A223 		.ascii	"95\242#\0119,Gro\360V\334\032\276\326\013\015\340\305"
 759      09392C47 
 759      726FF056 
 759      DC1ABED6 
 759      0B0DE0C5 
 760 02d8 33BC09EE 		.ascii	"3\274\011\356\241#\370I7\\i\256\366\325\013x\211\242"
 760      A123F849 
 760      375C69AE 
 760      F6D50B78 
ARM GAS  /tmp/ccVr2doo.s 			page 62


 760      89A2
 761 02ea C413C728 		.ascii	"\304\023\307(\342DT\030C\034\"f:j{\305\305\221!\200"
 761      E2445418 
 761      431C2266 
 761      3A6A7BC5 
 761      C5912180 
 762 02fe 8F16EE43 		.ascii	"\217\026\356Clh\034\325\361\025:\325\302m\234\350Sc"
 762      6C681CD5 
 762      F1153AD5 
 762      C26D9CE8 
 762      5363
 763 0310 3DFC5536 		.ascii	"=\374U6\001\216#\337V|Bv7\207\320\\7\257\310u\263\227"
 763      018E23DF 
 763      567C4276 
 763      3787D05C 
 763      37AFC875 
 764 0326 DA4578AE 		.ascii	"\332Ex\256[\340O\"{ j\374\020\215\310\350\254s\005\272"
 764      5BE04F22 
 764      7B206AFC 
 764      108DC8E8 
 764      AC7305BA 
 765 033a FA4F70BA 		.ascii	"\372Op\272\326n\036\215j\"5E\232/^\030*\240\353\342"
 765      D66E1E8D 
 765      6A223545 
 765      9A2F5E18 
 765      2AA0EBE2 
 766 034e E65A5C20 		.ascii	"\346Z\\ h\255\253y\243j!#r\267\225\367vq\212\257\005"
 766      68ADAB79 
 766      A36A2123 
 766      72B795F7 
 766      76718AAF 
 767 0363 8047488B 		.ascii	"\200GH\213\240\263.P1\221\010CLO\335\261A\275\212\361"
 767      A0B32E50 
 767      31910843 
 767      4C4FDDB1 
 767      41BD8AF1 
 768 0377 157D0013 		.ascii	"\025}\000\023*\252\326U1<\243Q\201Q\210E\340\367S3\255"
 768      2AAAD655 
 768      313CA351 
 768      81518845 
 768      E0F75333 
 769 038c 5A155808 		.ascii	"Z\025X\010\223*\354\202ka\310\244\242\364\010\014z;"
 769      932AEC82 
 769      6B61C8A4 
 769      A2F4080C 
 769      7A3B
 770 039e 2EFE5B3F 		.ascii	".\376[?V\305U\0354\241:l]\241\303Vo\260\021\206\350"
 770      56C5551D 
 770      34A13A6C 
 770      5DA1C356 
 770      6FB01186 
 771 03b3 F01AFC45 		.ascii	"\360\032\374E:<\016\326\254\345P\311Y9-\325\303\267"
 771      3A3C0ED6 
 771      ACE550C9 
 771      59392DD5 
 771      C3B7
 772 03c5 C113441C 		.ascii	"\301\023D\034U\273\357\024\244\251\211\202\032\207c"
ARM GAS  /tmp/ccVr2doo.s 			page 63


 772      55BBEF14 
 772      A4A98982 
 772      1A8763
 773 03d4 28CC82C2 		.ascii	"(\314\202\302\217\224\012\333\272\"\375\275F\244\247"
 773      8F940ADB 
 773      BA22FDBD 
 773      46A4A7
 774 03e3 2F233D83 		.ascii	"/#=\2034\244\027\325}T9`_\205z\365bN\277,\346s4\272"
 774      34A417D5 
 774      7D543960 
 774      5F857AF5 
 774      624EBF2C 
 775 03fb C53977FA 		.ascii	"\3059w\372\003\325\263#@]i\225\313\030I-\214\301\314"
 775      03D5B323 
 775      405D6995 
 775      CB18492D 
 775      8CC1CC
 776 040e E265A42E 		.ascii	"\342e\244.\362\264\242%Nm]\301&\262\244\246N\250Y2\336"
 776      F2B4A225 
 776      4E6D5DC1 
 776      26B2A4A6 
 776      4EA85932 
 777 0423 38AC5BEC 		.ascii	"8\254[\354\017\263\"\334?\242?,o\006s\330\014\236\200"
 777      0FB322DC 
 777      3FA23F2C 
 777      6F0673D8 
 777      0C9E80
 778 0436 C3FF558D 		.ascii	"\303\377U\2158\242\242\231\227qP{\226\303G\3237RS\015"
 778      38A2A299 
 778      9771507B 
 778      96C347D3 
 778      3752530D 
 779 044a F833E65B 		.ascii	"\3703\346[M\006\233\325h\310\316\267e\331\366\331\354"
 779      4D069BD5 
 779      68C8CEB7 
 779      65D9F6D9 
 779      EC
 780 045b 264BAA91 		.ascii	"&K\252\221E\330\315\026\223\225\357\315\266F\024\330"
 780      45D8CD16 
 780      9395EFCD 
 780      B64614D8 
 781 046b 4C46DB0E 		.ascii	"LF\333\016\025\374\271\311\232g\3125\244\347\230\367"
 781      15FCB9C9 
 781      9A67CA35 
 781      A4E798F7 
 782 047b 983FCE34 		.ascii	"\230?\3164\344\333\014V\273\301\234g\314-\370\324d0"
 782      E4DB0C56 
 782      BBC19C67 
 782      CC2DF8D4 
 782      6430
 783 048d E690536A 		.ascii	"\346\220Sj\016\373h-\2601\337b\311\3173\230\276\264"
 783      0EFB682D 
 783      B031DF62 
 783      C9CF3398 
 783      BEB4
 784 049f 1B3EDC9D 		.ascii	"\033>\334\235aH\317\310\334\225iH\247\004v-rXlf[\326"
 784      6148CFC8 
ARM GAS  /tmp/ccVr2doo.s 			page 64


 784      DC956948 
 784      A704762D 
 784      72586C66 
 785 04b5 674623D2 		.ascii	"gF#\322l\312\310\334\035\277'\333f\332k5\357\210OLc"
 785      6CCAC8DC 
 785      1DBF27DB 
 785      66DA6B35 
 785      EF884F4C 
 786 04ca 1A2BD35A 		.ascii	"\032+\323ZL\226|\353>\226\262\256|p;\310\363\376Z\330"
 786      4C967CEB 
 786      3E96B2AE 
 786      7C703BC8 
 786      F3FE5AD8 
 787 04de 9CEC5C7C 		.ascii	"\234\354\\|\341`\265\277\223g\316E\007\022#Kl\035\375"
 787      E160B5BF 
 787      9367CE45 
 787      0712234B 
 787      6C1DFD
 788 04f1 DE5E578C 		.ascii	"\336^W\214/\354\010\375\037\015\352\316#"
 788      2FEC08FD 
 788      1F0DEACE 
 788      23
 789              		.text
 790              		.section	.gnu.lto__aosSysGpioCallback.8724139b4ff04bd4,"e",%progbits
 791 0000 789C7552 		.ascii	"x\234uR[H\024a\024\376\277\371g/^\263^\355\262B\021"
 791      5B481461 
 791      14FEBFF9 
 791      672F5EB3 
 791      5EEDB242 
 792 0015 65384B6F 		.ascii	"e8Ko\275\025B\340\203\024J\317a\333\222K\255\033;\006"
 792      BD1542E0 
 792      83144ACF 
 792      61DB924B 
 792      AD1B3B06 
 793 0029 0981E3AE 		.ascii	"\011\201\343\256\245\245\030\250yy\260\211\314.\017"
 793      A5A518A8 
 793      7979B089 
 793      CC2E0F
 794 0038 99590FDD 		.ascii	"\231Y\017\335\264\351be\027\263U\267\324\0241\014\251"
 794      B4E96265 
 794      17B355B7 
 794      D414310C 
 794      A9
 795 0049 28A888CA 		.ascii	"(\250\210\312\312\316?\263\206n5\354\016s\316\371\316"
 795      CACE3FB3 
 795      866E35EC 
 795      0E73CEF9 
 795      CE
 796 005a 77BEFF3F 		.ascii	"w\276\377?\237\223\201m\225\031\353d\214-\243?8\203"
 796      9F93816D 
 796      9519EB64 
 796      8C2DA33F 
 796      3883
 797 006c A469DA46 		.ascii	"\244i\332FG\231S\002\314/\315\011V*\241\024Gy#\307\355"
 797      47995302 
 797      CC2FCD09 
 797      562AA114 
ARM GAS  /tmp/ccVr2doo.s 			page 65


 797      477923C7 
 798 0081 8AD757A5 		.ascii	"\212\327W\2455g\250\242\031\215\035\231\221\260v\304"
 798      3567A8A2 
 798      198D1D99 
 798      91B076C4 
 799 0091 AD73C69A 		.ascii	"\255s\306\232\351o=\270\2065\004\034\017\265|M\256\341"
 799      E96F3DB8 
 799      8635041C 
 799      0FB57C4D 
 799      AEE1
 800 00a3 3A07640A 		.ascii	":\007d\012\353\037^\356M\024\241\004\027\205\3557~\316"
 800      EB1F5EEE 
 800      4D14A104 
 800      1785ED37 
 800      7ECE
 801 00b5 24F31560 		.ascii	"$\363\025`\364}\245*\332e[\335\246i!\315\370q\212k+"
 801      F47DA52A 
 801      DA655BDD 
 801      A66921CD 
 801      F8718A6B 
 802 00ca 75CED105 		.ascii	"u\316\321\005N\224\270\201t\\G:c\224#\352n\254f\242"
 802      4E94B881 
 802      745C473A 
 802      639423EA 
 802      6EAC66A2 
 803 00de 65F2E2AF 		.ascii	"e\362\342\257c)v96\0257a\227\026d\301\342`\322\374D"
 803      63297639 
 803      36153761 
 803      971664C1 
 803      E260D2FC 
 804 00f3 B9507FE2 		.ascii	"\271P\177\342St\275\331i\026\347\201q\033v\334\202}"
 804      5374BDD9 
 804      6916E781 
 804      711B76DC 
 804      827D
 805 0105 61F20E25 		.ascii	"a\362\016%\015\221\304]\330\027P\363\277\251\277E\245"
 805      0D91C45D 
 805      D81750F3 
 805      BFA9BF45 
 805      A5
 806 0116 18355FC8 		.ascii	"\0305_\310r\217Xz\342\251\357\377\241~@_\304v!b3\264"
 806      728F587A 
 806      E2A9EFFF 
 806      A17E405F 
 806      C4762162 
 807 012c 5FB3159A 		.ascii	"_\263\025\232\321w\036\265\203\237\327&\201\316/K\342"
 807      D1771EB5 
 807      839FD726 
 807      81CE2F4B 
 807      E2
 808 013d C5C54B86 		.ascii	"\305\305K\206u\023U\234\211y24\203\261j.YA\230\202\267"
 808      7513559C 
 808      89793234 
 808      83B16A2E 
 808      59419882 
 809 0152 084D5E8A 		.ascii	"\010M^\212\314\244\010\265\240%\357\246\201Z\333\364"
 809      CCA408B5 
ARM GAS  /tmp/ccVr2doo.s 			page 66


 809      A025EFA6 
 809      815ADBF4 
 810 0162 7D730536 		.ascii	"}s\0056\270)<\251w~M\3148\240kM.\235\333\205\242\363"
 810      B8293CA9 
 810      777E4DCC 
 810      38A06B4D 
 810      2E9DDB85 
 811 0178 AFAE6B4E 		.ascii	"\257\256kN\032\303\360\020\031\246\306\236\352\261^"
 811      1AC3F010 
 811      19A6C69E 
 811      EAB15E
 812 0187 0765F008 		.ascii	"\007e\360\0102z\305\036\360\330\\\347\331\356;S\311"
 812      327AC51E 
 812      F0D85CE7 
 812      D9EE3B53 
 812      C9
 813 0198 19A556B3 		.ascii	"\031\245V\263C@?\266w\016%\231\315OD3\372 \263w\010"
 813      43403FB6 
 813      770E2599 
 813      CD4F4433 
 813      FA20B377 
 814 01ad 4F74D51F 		.ascii	"Ot\325\037_.nO`Z\316>\236M(G\250\314\251sg3\227\305"
 814      5F2E6E4F 
 814      605ACE3E 
 814      9E4D2847 
 814      A8CCA973 
 815 01c5 55333C45 		.ascii	"U3<E\2718_\002{\203PC\325\205\317\321\223I\342\362Z"
 815      B9385F02 
 815      7B835043 
 815      D585CFD1 
 815      9349E2F2 
 816 01da 38A8A526 		.ascii	"8\250\245&\374a\334)D'\232^1F:\206S\333\320ZF'\245\311"
 816      FC61DC29 
 816      44279A5E 
 816      31463A86 
 816      53DBD05A 
 817 01f2 492D44D2 		.ascii	"I-D\322o\352z\2066\020C\270\241\002V\267d\021\030\035"
 817      6FEA7A86 
 817      361043B8 
 817      A10256B7 
 817      6411181D 
 818 0206 75030E41 		.ascii	"u\003\016A c\021\"\004%\314\367C\033,\214ptwu\377#n"
 818      20631122 
 818      0425CCF7 
 818      431B2C8C 
 818      70747775 
 819 021d 018001A4 		.ascii	"\001\200\001\244S'\011?\350\022\210x\321\311\315\334"
 819      5327093F 
 819      E8128878 
 819      D1C9CDDC 
 820 022d 46B30685 		.ascii	"F\263\006\205\342\371\342R\020\217Li\215\371\":z\257"
 820      E2F9E252 
 820      108F4C69 
 820      8DF9223A 
 820      7AAF
 821 023f 9FA4B542 		.ascii	"\237\244\265B\347\251\210R#\206\204^\252\\\253\255\354"
 821      E7A98852 
ARM GAS  /tmp/ccVr2doo.s 			page 67


 821      2386845E 
 821      AA5CABAD 
 821      EC
 822 0250 B0BBDB4D 		.ascii	"\260\273\333M\307|\244\362\"<'`\223ii*\227O\237\033"
 822      C77CA4F2 
 822      223C2760 
 822      9369692A 
 822      974F9F1B 
 823 0264 498C95DB 		.ascii	"I\214\225\333%\235\247\341\005\334Ms\326\27654R\307"
 823      259DA7E1 
 823      05DC4D73 
 823      D6BE3534 
 823      52C7
 824 0276 C5AC4A2A 		.ascii	"\305\254J*\247\352|1\206\3416%c\204\206\320\321t\276"
 824      A7EA7C31 
 824      86E13625 
 824      638486D0 
 824      D174BE
 825 0289 24B6802F 		.ascii	"$\266\200/\313\205\307\376\261\000\2730$\303\350\334"
 825      CB85C7FE 
 825      B100BB30 
 825      24C3E8DC 
 826 0299 02846B2E 		.ascii	"\002\204k.Ff`\031\321r\315\2373\332\3143VN\235\036u"
 826      46666019 
 826      D172CD9F 
 826      33DACC33 
 826      564E9D1E 
 827 02ae CE39E2A5 		.ascii	"\3169\342\245y\363c\246#\342\367?N\373\177\217\320\304"
 827      79F363A6 
 827      23E2F73F 
 827      4EFB7F8F 
 827      D0C4
 828 02c0 E1E96DA6 		.ascii	"\341\351m\246,\361TqX\026\015\031\"\\\232\225\245\320"
 828      2CF15471 
 828      58160D19 
 828      225C9A95 
 828      A5D0
 829 02d2 CF13087A 		.ascii	"\317\023\010z\0255\350Q\012\002\352v\265D-\366\372\263"
 829      1535E851 
 829      0A02EA76 
 829      B5442DF6 
 829      FAB3
 830 02e4 3C4C2E08 		.ascii	"<L.\010\356R7[\210\335\336`\221w\217\222]\350\333\341"
 830      EE52375B 
 830      88DDDE60 
 830      91778F92 
 830      5DE8DBE1 
 831 02f8 DB92AF04 		.ascii	"\333\222\257\004T\352\361\373\003E\212w\177\261\262"
 831      54EAF1FB 
 831      03458A77 
 831      7FB1B2
 832 0307 292F57C9 		.ascii	")/W\311\316\315\317\311W\262\005QN\221g\317\276\235"
 832      CECDCFC9 
 832      57B20551 
 832      4E9167CF 
 832      BE9D
 833 0319 5EC5E357 		.ascii	"^\305\343W}\352\366]\036OV!K\313\315\317s\355(P\275"
ARM GAS  /tmp/ccVr2doo.s 			page 68


 833      7DEAF65D 
 833      1E4F5621 
 833      4BCBCDCF 
 833      73ED2850 
 834 032e 7B83BE75 		.ascii	"{\203\276u\256Un&\005\231\303\357\365\007\202%,\363"
 834      AE556E26 
 834      0599C3EF 
 834      F5078225 
 834      2CF3
 835 0340 7F2382C5 		.ascii	"\177#\202\305\212o\216\253\220d\021\317o\2354\216\003"
 835      8A6F8EAB 
 835      906411CF 
 835      6F9D348E 
 835      03
 836              		.text
 837              		.section	.gnu.lto_aosSysShutdownInit.part.0.8724139b4ff04bd4,"e",%progbits
 838 0000 789C8552 		.ascii	"x\234\205RMO\023Q\024}g\356\264\014\245\200K\222\032"
 838      4D4F1351 
 838      147D67EE 
 838      B40CA580 
 838      4B921A
 839 0013 8410826C 		.ascii	"\204\020\202l\332\252\013\267\256\374\001\376\001cJ"
 839      DAAA0BB7 
 839      AEFC01FE 
 839      01634A
 840 0022 135D28B1 		.ascii	"\023](\261\005\215+^\021\004\204\224D\203\224\205NM"
 840      058D2B5E 
 840      11048494 
 840      44839485 
 840      4E4D
 841 0034 D3881BFC 		.ascii	"\323\210\033\374\210\232\010\212\345CD@\250\0301A\242"
 841      889A088A 
 841      E5434440 
 841      A8183141 
 841      A2
 842 0045 06126461 		.ascii	"\006\022da`!\032\027\206z\337\314T\023\252\361ef\356"
 842      60211A17 
 842      867ADFCC 
 842      5413AAF1 
 842      6566EE
 843 0058 CDDC73DF 		.ascii	"\315\334s\3379\347\275k\010\2108\011qT\010q\200_\270"
 843      39E7BD6B 
 843      08883809 
 843      71540871 
 843      805FB8
 844 006b 047429E5 		.ascii	"\004t)\345\221\"\350\320\354D\003YI\314 \300\312\244"
 844      9122E8D0 
 844      EC440359 
 844      49CC20C0 
 844      CAA4
 845 007d 01D1A26B 		.ascii	"\001\321\242k\204\026\364R?a\274c\375\261V\177\213k"
 845      8416F452 
 845      3F61BC63 
 845      FDB1567F 
 845      8B6B
 846 008f 32D33F7A 		.ascii	"2\323?zxUf%\231\274\353\000\277\366\332\005\222\031"
 846      78556625 
ARM GAS  /tmp/ccVr2doo.s 			page 69


 846      99BCEB00 
 846      BFF6DA05 
 846      9219
 847 00a1 ADC20640 		.ascii	"\255\302\006@\221\016\243^\205\021\025\030\271zo\247"
 847      910EA35E 
 847      85111518 
 847      B97A6FA7 
 848 00b1 AFD4AD3B 		.ascii	"\257\324\255;\355\374\24337\337UB\373\240\362\373]3"
 848      EDFCA333 
 848      37DF5542 
 848      FBA0F2FB 
 848      5D33
 849 00c3 81BAB494 		.ascii	"\201\272\264\224\25523\331N\322k\262\250\247 \306\342"
 849      AD3233D9 
 849      4ED26BB2 
 849      A8A720C6 
 849      E2
 850 00d4 900F419F 		.ascii	"\220\017A\237\020\246\332\224\221\035?\026\036\225\327"
 850      10A6DA94 
 850      911D3F16 
 850      1E95D7
 851 00e3 A62CE883 		.ascii	"\246,\350\203\212Or\317o(\034(FQ\347P8\234x\206Z\245"
 851      8A4F72CF 
 851      6F281C28 
 851      4651E750 
 851      389C7886 
 852 00f9 0A4FE066 		.ascii	"\012O\340fE\031\376\362fP\277\357,\272\244\334\311u"
 852      4519FEF2 
 852      6650BFEF 
 852      2CBAA4DC 
 852      C975
 853 010b 48B9EC1F 		.ascii	"H\271\354\037\322t!\272I(3:T\252\333)\211\036\322\362"
 853      D27421BA 
 853      4928333A 
 853      54AADB29 
 853      891ED2F2 
 854 011f E90662C9 		.ascii	"\351\006b\311\334\3261\265\0133l\256\305\373\250\346"
 854      DCD631B5 
 854      0B336CAE 
 854      C5FBA8E6 
 855 012f 26D762CA 		.ascii	"&\327b\312?\012\016\350k\272\375\235V\000\260\016h\014"
 855      3F0A0EE8 
 855      6BBAFD9D 
 855      5600B00E 
 855      680C
 856 0141 352A8C73 		.ascii	"5*\214s\370\202\366dj;bI\343\246\353\203s\271\3426\264"
 856      F882F664 
 856      6A3B6249 
 856      E3A6EB83 
 856      73B9E236 
 857 0156 C60C93B4 		.ascii	"\306\014\223\264\001\322\0305\2016\353\244\342\027\267"
 857      01D21835 
 857      8136EBA4 
 857      E217B7
 858 0165 3E1871BE 		.ascii	">\030q\276\010\302n$\245\310\346\\z?\225E\032)&\323"
 858      08C26E24 
 858      A5C8E65C 
ARM GAS  /tmp/ccVr2doo.s 			page 70


 858      7A3F9545 
 858      1A2926D3 
 859 0179 F19C1B31 		.ascii	"\361\234\0331\011\237U\031\276\322y\327\035\034R^\222"
 859      099F5519 
 859      BED279D7 
 859      1D1C525E 
 859      92
 860 018a 3B5C7661 		.ascii	";\\va\212\201\211\374\225\264m\334^\3668\345a\315$7"
 860      8A8189FC 
 860      95B46DDC 
 860      5EF638E5 
 860      61CD2437 
 861 019e 5E2098B0 		.ascii	"^ \230\260\324ru\354\355\362UR\\\235\\\2564\251\010"
 861      D47275EC 
 861      EDF25552 
 861      5C9D5CAE 
 861      34A908
 862 01b1 D308DAA7 		.ascii	"\323\010\332\247\371\222I\0301\332\223\235%%\316\000"
 862      F9924918 
 862      31DA939D 
 862      2525CE00 
 863 01c1 30039F49 		.ascii	"0\003\237I\305\226\265\364\266\3667k\236\001bf\314:"
 863      C596B5F4 
 863      B6F6376B 
 863      9E016266 
 863      CC3A
 864 01d3 D6FEEF65 		.ascii	"\326\376\357e\356\037^\252L*\301+\313\211\346\314\345"
 864      EE1F5EAA 
 864      4C2AC12B 
 864      CB89E6CC 
 864      E5
 865 01e4 E54B4B1E 		.ascii	"\345KK\036G+W\275\230\317K]\260\245\256e\277_+\253\336"
 865      472B57BD 
 865      98CF4B5D 
 865      B0A5AE65 
 865      BF5F2BAB 
 866 01f9 6FCA0497 		.ascii	"o\312\004\227KU\313\215\351\356\025\257jIX-e\310\242"
 866      4B55CB8D 
 866      E9EE15AF 
 866      6A49582D 
 866      65C8A2
 867 020c DA6E79CD 		.ascii	"\332ny\315-&\225\363\316=D\177\346\300\022\375q\342"
 867      2D2695F3 
 867      CE3D447F 
 867      E6C012FD 
 867      71E2
 868 021e 67AFCBBA 		.ascii	"g\257\313\272_^\203\206(\030\200\207#+\353\336\002\200"
 868      5F5E8386 
 868      28188087 
 868      232BEBDE 
 868      0280
 869 0230 35008BF6 		.ascii	"5\000\213\366\000\274\341\260\211\326\344\347o\007-"
 869      00BCE1B0 
 869      89D6E4E7 
 869      6F072D
 870 023f 3EB5BA09 		.ascii	">\265\272\0116\221\362\263\327\357\017\360\023j\214"
 870      3691F2B3 
ARM GAS  /tmp/ccVr2doo.s 			page 71


 870      D7EF0FF0 
 870      136A8C
 871 024e 8403D148 		.ascii	"\204\003\321H(p\2421z<z!\332\024>\355\017\011#z\262"
 871      2870A231 
 871      7A3C7A21 
 871      DA143EED 
 871      0F09237A 
 872 0263 B9A9A1F1 		.ascii	"\271\251\241\361\374\231\312|R\025\011\237m\016G\233"
 872      FC99CA7C 
 872      5215099F 
 872      6D0E479B 
 873 0273 3886C2A7 		.ascii	"8\206\302\247\316\205\033\374~\277G\374\002%\2532f"
 873      CE851BFC 
 873      7EBF47FC 
 873      0225AB32 
 873      66
 874              		.text
 875              		.section	.gnu.lto_aosSysShutdownToBootloader.part.0.8724139b4ff04bd4,"e",%progbits
 876 0000 789C9595 		.ascii	"x\234\225\225\337OTG\024\307\347\334\271w\356]u[\037"
 876      DF4F5447 
 876      14C7E7DC 
 876      B977EE5D 
 876      755B1F
 877 0013 4D686A2B 		.ascii	"Mhj+5\2044\001\022\037\373bb\322\177\300?\240\261\224"
 877      35843401 
 877      121FFB62 
 877      62D27FC0 
 877      3FA0B194 
 878 0027 461F9484 		.ascii	"F\037\224\204\245i\372\344\300\022\227e\021\251q\263"
 878      A569FAE4 
 878      C0129765 
 878      11A971B3 
 879 0037 A516771B 		.ascii	"\245\026w\033DP\223\332*-(\253^~,\264Xa\245n\375\215"
 879      445093DA 
 879      2A2D28AB 
 879      5E7E2CB4 
 879      5861A56E 
 880 004d 2D2B0296 		.ascii	"-+\002\226`\244}\350O\351\231\231{o.\313\276p\263;s"
 880      60A47DE8 
 880      4FE99999 
 880      7B6F2ECB 
 880      BE70B33B 
 881 0062 66E67BCF 		.ascii	"f\346{\317\347\234\223\263\263\026\001\0225\011y\227"
 881      E79C93B3 
 881      B3160112 
 881      35097997 
 882 0072 10D28E5F 		.ascii	"\020\322\216_\330D \3009\337mB\0004eh\314\312\235\313"
 882      D84420C0 
 882      39DF6D42 
 882      00346568 
 882      CCCA9DCB 
 883 0086 6D62DCA2 		.ascii	"mb\334\242\316l:\263\356\314\20633W\007\226|\265\301"
 883      CE6C3AB3 
 883      EECC8633 
 883      33570796 
 883      7CB5C1
 884 0099 D23DCBF0 		.ascii	"\322=\313\360,\346Y\246gY\000\322\342\026\220\303\001"
ARM GAS  /tmp/ccVr2doo.s 			page 72


 884      2CE659A6 
 884      675900D2 
 884      E21690C3 
 884      01
 885 00aa 8DEA0633 		.ascii	"\215\352\0063-8\014\307h\202\302p\344\351e\255\274\007"
 885      2D380CC7 
 885      6882C270 
 885      E4E965AD 
 885      BC07
 886 00bc 05DC4E9C 		.ascii	"\005\334N\234\332\221\347YN\223\224\220\016\374\252"
 886      DA91E759 
 886      4E939490 
 886      0EFCAA
 887 00cb A740C46D 		.ascii	"\247@\304mm\233\022\200\310\351\012\224\213i\020\312"
 887      6D9B1280 
 887      C8E90A94 
 887      8B6910CA 
 888 00db 51D7BC3A 		.ascii	"Q\327\274:\031\335L\267\203x\347bt\242\262\254\233\363"
 888      19DD4CB7 
 888      8378E762 
 888      74A2B2AC 
 888      9BF3
 889 00ed 466E8F1E 		.ascii	"Fn\217\036\241|K\222\002\244\201\242_\330U\002U%\204"
 889      A17C4B92 
 889      02A481A2 
 889      5FD85502 
 889      552584
 890 0100 248587B5 		.ascii	"$\205\207\265J\033\266y:ptp\025\312\244\024\256A\231"
 890      4A1BB679 
 890      3A707470 
 890      15CAA414 
 890      AE4199
 891 0113 7C61F69B 		.ascii	"|a\366\233\227\361 \323\235\030\327l\000\\\007\206R"
 891      97F120D3 
 891      9D18D76C 
 891      005C0786 
 891      52
 892 0124 1B18AC39 		.ascii	"\033\030\2549\320\012\225\324\277\321$RKu\215\357\225"
 892      D00A95D4 
 892      BFD12452 
 892      4B758DEF 
 892      95
 893 0135 6FCA439F 		.ascii	"o\312C\237\030F\320\333\260\360\353\337\034\305\315"
 893      1846D0DB 
 893      B0F0EBDF 
 893      1CC5CD
 894 0144 2109CBA0 		.ascii	"!\011\313\240\205\023\036\306\243\203w\202\242P\230"
 894      85131EC6 
 894      A3837782 
 894      A25098
 895 0153 CBF8DCDB 		.ascii	"\313\370\334\333#\221#-UIdwP\335\315Za\373\206O\016"
 895      2391232D 
 895      55496477 
 895      50DDCD5A 
 895      61FB864F 
 896 0168 B29D5D9C 		.ascii	"\262\235]\234\037We\377:\313\303\273\225\322\313{L\226"
 896      1F5765FF 
ARM GAS  /tmp/ccVr2doo.s 			page 73


 896      3ACBC3BB 
 896      95D2CB7B 
 896      4C96
 897 017a 96C038EC 		.ascii	"\226\3008\354\2740mp\376r5\302\371\225w\006\264W\000"
 897      BC306D70 
 897      FE7235C2 
 897      F9957706 
 897      B45700
 898 018d 442D34AC 		.ascii	"D-4\254 F\212\203.\006C\014L\014\204\304(\311\256\254"
 898      20468A83 
 898      2E06430C 
 898      4C0C84C4 
 898      28C9AEAC 
 899 01a1 AC8AAAC5 		.ascii	"\254\212\252\305h@\231\224\264R\3155\027!\222\352\317"
 899      68409994 
 899      B452CD35 
 899      172192EA 
 899      CF
 900 01b2 EC15D976 		.ascii	"\354\025\331vR\021\371\347\341\246\241WK\277\344\362"
 900      5211F9E7 
 900      E1A6A157 
 900      4BBFE4F2 
 901 01c2 E9B5C8BA 		.ascii	"\351\265\310\272\036\350\234?\336\036X'\220=\360=\224"
 901      1EE89C3F 
 901      DE1E5827 
 901      903DF03D 
 901      94
 902 01d3 2ACDBF67 		.ascii	"*\315\277g\232\372\265\004\304\033\260\236\251\371\261"
 902      9AFAB504 
 902      C41BB09E 
 902      A9F9B1
 903 01e2 90D010F8 		.ascii	"\220\320\020\370A\036\303\004$\004\350\344\351\331\013"
 903      411EC304 
 903      2404E8E4 
 903      E9D90B
 904 01f1 96F263FF 		.ascii	"\226\362c\377\335b\242\253u\250\033\261\316e\007%\332"
 904      DD62A2AB 
 904      75A81BB1 
 904      CE650725 
 904      DA
 905 0202 0D7CA81B 		.ascii	"\015|\250\033.*\227z\0227\333\250\350\226\255\270\314"
 905      2E2A977A 
 905      1237DBA8 
 905      E896ADB8 
 905      CC
 906 0213 B724DF77 		.ascii	"\267$\337w\300o\240\034n\002\026\360G\005\236T\340\241"
 906      C06FA01C 
 906      6E0216F0 
 906      47059E54 
 906      E0A1
 907 0225 85485A65 		.ascii	"\205HZe\330`\317\266\026\005Go\035\375=\350H\012\300"
 907      D860CFB6 
 907      1605476F 
 907      1DFD3DE8 
 907      480AC0
 908 0238 532EB8F5 		.ascii	"S.\270\365\361w=\001\005~S\264\303\331\336\271\200\237"
 908      F1773D01 
ARM GAS  /tmp/ccVr2doo.s 			page 74


 908      057E53B4 
 908      C3D9DEB9 
 908      809F
 909 024a 7C4B90B3 		.ascii	"|K\220\263\212<\255\310~\267\367cE\311\313\371\2668"
 909      8A3CADC8 
 909      7EB7F763 
 909      45C9CBF9 
 909      B638
 910 025c 2D4EFEC9 		.ascii	"-N\376\311%w\365\346\226\014E\336\201\313\231\023#_"
 910      2577F5E6 
 910      960C45DE 
 910      81CB9913 
 910      235F
 911 026e AC21E704 		.ascii	"\254!\347\004\371\266\"\377\254\310\237N\366\357q\274"
 911      F9B622FF 
 911      ACC89F4E 
 911      F6EF71BC 
 912 027e AE1407F7 		.ascii	"\256\024\007\367\365t~k\025\007\337q\301|\354\342\224"
 912      F5747E6B 
 912      1507DF71 
 912      C17CECE2 
 912      94
 913 028f 53EB525C 		.ascii	"S\353R\\\376qot:\350\007\337\023\340\273\012|_\201\233"
 913      FE716F74 
 913      3AE807DF 
 913      13E0BB0A 
 913      7C5F819B 
 914 02a3 4F9DCD6C 		.ascii	"O\235\315lv\334N\024/v\"\027e\305\301\017\\\360o\227"
 914      76DC4E14 
 914      2F762217 
 914      65C5C10F 
 914      5CF06F97 
 915 02b7 FF9C726A 		.ascii	"\377\234rj\375\026._\234\031hf~\360#\001~\250\3003\010"
 915      FD162E5F 
 915      9C196866 
 915      7EF02301 
 915      7EA8C033 
 916 02cc C6B995D2 		.ascii	"\306\271\225\322\363xS\022\354\361\005hH]\315Py\027"
 916      F3785312 
 916      ECF10568 
 916      485DCD50 
 916      7917
 917 02de 88567806 		.ascii	"\210Vx\006\215\351\305\201\027\275\232\352z\015=\266"
 917      8DE9C581 
 917      17BD9AEA 
 917      7A0D3DB6 
 918 02ee 859FCF58 		.ascii	"\205\237\317X\002\240\313;\353Z_:\317\324\322\016s["
 918      02A0CB3B 
 918      EB5A5F3A 
 918      CFD4D20E 
 918      735B
 919 0300 6C2D75FF 		.ascii	"l-u\377\327\261\245\033\2720>\003~\201\022x\214Lq\360"
 919      D7B1A51B 
 919      BA303E03 
 919      7E811278 
 919      8C4C71F0 
 920 0314 57EAD852 		.ascii	"W\352\330R\260\352+\336.ca\360+t\303g2?\230\205*\262"
ARM GAS  /tmp/ccVr2doo.s 			page 75


 920      B0EA2BDE 
 920      2E6361F0 
 920      2B74C367 
 920      323F9885 
 921 032a 04E1D487 		.ascii	"\004\341\324\207\002D\220\204?\026S\306\246\373c{\236"
 921      02449084 
 921      3F1653C6 
 921      A6FB637B 
 921      9E
 922 033b 09C9D86E 		.ascii	"\011\311\330n\273\261\245\275\330\350F\310yI\226\225"
 922      BBB1A5BD 
 922      D8E846C8 
 922      79499695 
 923 034b 7B5240A6 		.ascii	"{R@\246\036\331\360\223\377q\310w]\362u\217\254o\204"
 923      1ED9F093 
 923      FF71C877 
 923      5DF2758F 
 923      AC6F84
 924 035e 3C27C9E2 		.ascii	"<'\311\342j\205\247\005d\335#3?\271gL\221\037\272\344"
 924      6A85A705 
 924      64DD2333 
 924      3FB9674C 
 924      911FBAE4 
 925 0372 098F6C6C 		.ascii	"\011\217ll\204</\311\362zY( \033\036\331\364\223/9\344"
 925      843C2FC9 
 925      F27A5928 
 925      201B1ED9 
 925      F4932F39 
 926 0387 AC4BBEE9 		.ascii	"\254K\276\351\221\331F\310\213\222\254\013\362\263\002"
 926      91D946C8 
 926      8B92AC0B 
 926      F2B302
 927 0396 32F3C8E2 		.ascii	"2\363\310\342\257\227\353\222\014\352\002\\\206\306"
 927      AF97EB92 
 927      0CEA025C 
 927      86C6
 928 03a4 D4A5F15D 		.ascii	"\324\245\361]R)\236\030\005\245\021\325{\255\242\242"
 928      52299E18 
 928      05A511D5 
 928      7BADA2A2 
 929 03b4 123FD5B5 		.ascii	"\022?\325\265u5\225\241\272\352\312}\265\241\367B\237"
 929      753595A1 
 929      BAEACA7D 
 929      B5A1F742 
 929      9F
 930 03c5 84EA6B0E 		.ascii	"\204\352k\016VT\023+\264\377\243\372\017j?>\364\272"
 930      5654132B 
 930      B4FFA3FA 
 930      0F6A3F3E 
 930      F4BA
 931 03d7 4F75E090 		.ascii	"Ou\340\220R\035\250\015\325\327\325\354;X\261\237\374"
 931      521DA80D 
 931      D5D7D5EC 
 931      3B58B19F 
 931      FC
 932 03e8 0FAAEB87 		.ascii	"\017\252\353\207\365"
 932      F5
ARM GAS  /tmp/ccVr2doo.s 			page 76


 933              		.text
 934              		.section	.gnu.lto__aosSysPrintSystemInfoSeparator.8724139b4ff04bd4,"e",%progbits
 935 0000 789C9555 		.ascii	"x\234\225U\335O\024W\024\277g\356|\357,\245\030\015"
 935      DD4F1457 
 935      14BF67EE 
 935      7CEF2CA5 
 935      180D
 936 0012 B258581A 		.ascii	"\262XX\032JM,\220\366E\337\372\2374\206\220\276\324"
 936      4A4D2C90 
 936      F645DFFA 
 936      9F348690 
 936      BED4
 937 0024 9AB0A4A9 		.ascii	"\232\260\244\251O\016\013\350\003Di\202\005\214\343"
 937      4F0E0BE8 
 937      03446982 
 937      058CE3
 938 0033 5A948009 		.ascii	"Z\224\200\011\245\264\322*\210\272\224V\020iY\250\037"
 938      A5B4D22A 
 938      88BA9456 
 938      106959A8 
 938      1F
 939 0044 C50FFCA8 		.ascii	"\305\017\374\250 \265X\244MiK-\366\234{g]\326\302\003"
 939      20B558A4 
 939      4D694B2D 
 939      F69C7B67 
 939      5DD6C203 
 940 0058 93DD3BE7 		.ascii	"\223\335;\347\336{~\2773\347w\316\2351\031\260\"\223"
 940      DE7B7EBF 
 940      33E777CE 
 940      9D3119B0 
 940      2293
 941 006a B1371963 		.ascii	"\2617\031c#\370\207 \003\305u\335\267\215*SQ\234\303"
 941      23F88720 
 941      03C575DD 
 941      B78D2A53 
 941      519CC3
 942 007d A766B6A9 		.ascii	"\247f\266\251\256m\315\214\266lP]\307\001U\354\001\367"
 942      AE6DCD8C 
 942      B66C505D 
 942      C70155EC 
 942      01F7
 943 008f 8D015355 		.ascii	"\215\001SU8Z\245\350\244\341=\023\2354EG+\237`\362\356"
 943      385AA5E8 
 943      A4E13D13 
 943      9D344547 
 943      2B9F60F2 
 944 00a4 E860F994 		.ascii	"\350`\371\224\026\004$\201\341\033\003f@1&\236,mGw\273"
 944      16042481 
 944      E11B0366 
 944      4031269E 
 944      2C6D4777 
 945 00b9 EB60AD81 		.ascii	"\353`\255\201\3566\200\330sM`{\025\207\253\232n\031"
 945      EE3680D8 
 945      734D607B 
 945      1587AB9A 
 945      6E19
 946 00cb 011BF672 		.ascii	"\001\033\366r\225A\\\305\340\317\007&\256\200XN\370"
ARM GAS  /tmp/ccVr2doo.s 			page 77


 946      95415CC5 
 946      E0CF0726 
 946      AE80584E 
 946      F8
 947 00dc A37F1DE4 		.ascii	"\243\177\035\344M\034\246\242\336_\316\001\036\343\014"
 947      4D1CA6A2 
 947      DE5FCE01 
 947      1EE30C
 948 00eb 549C368E 		.ascii	"T\2346\216\364\\\262i\012\220\217\323\326\205\301/\203"
 948      F45CB269 
 948      0A908FD3 
 948      D685C12F 
 948      83
 949 00fc 5BDB5D37 		.ascii	"[\333]7\352\306\233z2\216\366$\\+\306\025\326\202\356"
 949      EAC69B7A 
 949      328EF624 
 949      5C2BC615 
 949      D682EE
 950 010f 6721047D 		.ascii	"g!\004}\020\022T\320\017[\321\275\367\321\364\007<\017"
 950      101254D0 
 950      0F5BD1BD 
 950      F7D1F407 
 950      3C0F
 951 0121 189AF73A 		.ascii	"\030\232\367:\275\016\247\250M \037d\037v\343j\214s"
 951      BD0EA7A8 
 951      4D201F64 
 951      1F76E36A 
 951      8C73
 952 0133 38073C0D 		.ascii	"8\007<\015\212k\010>\017E\210\370\276\275\255\321\346"
 952      8A6B083E 
 952      0F4588F8 
 952      BEBDADD1 
 952      E6
 953 0144 AF09F42F 		.ascii	"\257\011\364/\237F\307\025D7 \372iN\263\033\207\030"
 953      9F46C715 
 953      443720FA 
 953      694EB31B 
 953      8718
 954 0156 57E18244 		.ascii	"W\341\202D\277\025\202R\201U\021\033\027\330#\375G\273"
 954      BF158252 
 954      8155111B 
 954      17D823FD 
 954      47BB
 955 0168 2DFEBAC0 		.ascii	"-\376\272\300\036h\274p*\350G\236\313\225\2215\030\370"
 955      1E68BC70 
 955      2AE8479E 
 955      CB959135 
 955      18F8
 956 017a 5F640DD1 		.ascii	"_d\015\321_C\021#\314\277n\343\307\031\374\015\201\357"
 956      5F431123 
 956      CCBF6EE3 
 956      C719FC0D 
 956      81EF
 957 018c 9A3D7982 		.ascii	"\232=y\202\027\036\027\370\345\336\314\326jw\330E\012"
 957      171E17F8 
 957      E5DECCD6 
 957      6A77D845 
ARM GAS  /tmp/ccVr2doo.s 			page 78


 957      0A
 958 019d 05065FA0 		.ascii	"\005\006_\240\240\013\375\357\177\276|(\250\253\360"
 958      A00BFDEF 
 958      7FBE7C28 
 958      A8ABF0
 959 01ac 0D14922E 		.ascii	"\015\024\222.\244\306\267\240c\3270\240\265\317&\264"
 959      A4C6B7A0 
 959      63D730A0 
 959      B5CF26B4 
 960 01bc B8BBFC6C 		.ascii	"\270\273\374l\277\033\237\332\361\311\302+\257\002\206"
 960      BF1B9FDA 
 960      F1C9C22B 
 960      AF0286
 961 01cb D6151C0C 		.ascii	"\326\025\034\014N\226J\226\206\203\242\323\324\240\251"
 961      4E964A96 
 961      8683A2D3 
 961      D4A0A9
 962 01da 49964596 		.ascii	"I\226E\226MV\200,\207\021YP\214\231@\017\236\005$\334"
 962      4D56802C 
 962      87115950 
 962      8C99400F 
 962      9E0524DC 
 963 01ee 46DC3437 		.ascii	"F\33447\211\345l1n\006\322$$\354-\304\233'\314\260\030"
 963      89E56C31 
 963      6E06D224 
 963      24EC2DC4 
 963      9B27CCB0 
 964 0203 0BC4C858 		.ascii	"\013\304\310X\035gO\226:\266\203\033g\254\236+\302\256"
 964      1D674F96 
 964      3AB6831B 
 964      67AC9E2B 
 964      C2AE
 965 0215 427B1A6A 		.ascii	"B{\032jf\007\257\3659\224\201\3073I\315\352\371)\223"
 965      6607AFF5 
 965      399481C7 
 965      3349CDEA 
 965      F92993
 966 0228 1A420306 		.ascii	"\032B\003\006\027\375\264\353\2703\333\372U\021\000"
 966      17FDB4EB 
 966      B833DBFA 
 966      551100
 967 0237 82F999D9 		.ascii	"\202\371\231\331\326EFh\345\021D\373\177\356z\010\022"
 967      D6454668 
 967      E51144FB 
 967      7FEE7A08 
 967      12
 968 0248 0D2BD15C 		.ascii	"\015+\321\\H\033\277\321=\231\321\006\307\253\250\355"
 968      481BBFD1 
 968      3D99D106 
 968      C7ABA8ED 
 969 0258 63DCF278 		.ascii	"c\334\362x\026\014\021'\356U\305\356\234\321K\273\\"
 969      160C1127 
 969      EE55C5EE 
 969      9CD14BBB 
 969      5C
 970 0269 B9A5C330 		.ascii	"\271\245\3030\264A\263\224\363\022\2242\342\266$\261"
 970      B441B394 
ARM GAS  /tmp/ccVr2doo.s 			page 79


 970      F3129432 
 970      E2B624B1 
 971 0279 B292585F 		.ascii	"\262\222X_\215\330\306\3500\342\023w\235n\037\013\""
 971      8DD8C6E8 
 971      30E21377 
 971      9D6E1F0B 
 971      22
 972 028a 7183D80A 		.ascii	"q\203\330\012\300eA\014D<\212\304sP\233/\012\206\304"
 972      C065410C 
 972      443C8AC4 
 972      73509B2F 
 972      0A86C4
 973 029d F8CFF2F8 		.ascii	"\370\317\362\370\346\030w0^\365\221}\267\377\350\344"
 973      E6187730 
 973      5EF5917D 
 973      B7FFE8E4 
 974 02ad 3266C8E3 		.ascii	"2f\310\343\016r\235\257O\\\346\024V\001\200\357\204"
 974      0E729DAF 
 974      4F5CE614 
 974      560180EF 
 974      84
 975 02be 1AF55C3D 		.ascii	"\032\365\\=V7\351\001)\000B\277m\022B\376\321\253\235"
 975      5637E901 
 975      290042BF 
 975      6D1242FE 
 975      D1AB9D
 976 02d1 A733A43F 		.ascii	"\2473\244?6\270To\021\034\344\343\277\345\340\376\320"
 976      36B8546F 
 976      111CE4E3 
 976      BFE5E0FE 
 976      D0
 977 02e2 FCE32B20 		.ascii	"\374\343+ \367\031\214A\310Yz8\240 \245&\344\245\212"
 977      F7198C41 
 977      C8597A38 
 977      A020A526 
 977      E4A58A
 978 02f5 084D7BDB 		.ascii	"\010M{\333}M\371:EL\244D\034O\027Q]U5\276\246j\023)"
 978      7D4DF93A 
 978      454CA444 
 978      1C4F1751 
 978      5D5535BE 
 979 030d D57E4857 		.ascii	"\325~HWM%\325V\276:\202\220\017W D*\316\301\276c\177"
 979      4D25D556 
 979      BE3A8290 
 979      0F572044 
 979      2ACEC1BE 
 980 0323 7A3932E4 		.ascii	"z92\344Ft\362:F\237Y5\020\2552c<\243\205\370\340*\324"
 980      4674F23A 
 980      469F5935 
 980      10AD3263 
 980      3CA385F8 
 981 033a 804F5137 		.ascii	"\200OQ7~r\331\010\227\304\334f\214\371\022=Fb\276\273"
 981      7E72D908 
 981      97C4DC66 
 981      8CF9123D 
 981      4662BEBB 
 982 034e C324FF66 		.ascii	"\303$\377f\361\034\231p\015\302\362x]G\030\266h\214"
ARM GAS  /tmp/ccVr2doo.s 			page 80


 982      F11C9970 
 982      0DC2F278 
 982      5D4718B6 
 982      688C
 983 0360 BF4C693D 		.ascii	"\277Li=\335\357+\244a\034Y\274=ra\023\256\255|\317)"
 983      DDEF2BA4 
 983      611C59BC 
 983      3D726113 
 983      AEAD7CCF 
 984 0375 A0C28F98 		.ascii	"\240\302\217\230$\226\352\326\340\362\331R\337\013]"
 984      2496EAD6 
 984      E0F2D952 
 984      DF0B5D
 985 0384 EE765FFC 		.ascii	"\356v_\374= ]\306\030L\372\275^\317\365\236\217nnH\025"
 985      3D205DC6 
 985      184CFABD 
 985      5ECFF59E 
 985      8F6E6E48 
 986 0399 6338D9E0 		.ascii	"c8\331\340\372:\213q#U\214\233\351\3050V-\206\276f1"
 986      FA3A8B71 
 986      23558C9B 
 986      E9C53056 
 986      2D86BE66 
 987 03ae 6EA58A71 		.ascii	"n\245\212q;\275\030\006)\231T_\310p\310\327!\033\223"
 987      3BBD1806 
 987      2999545F 
 987      C870C8D7 
 987      211B93
 988 03c1 7CDEB256 		.ascii	"|\336\262V\362\304\003\266c\0307u\205\332O\241\366C"
 988      F2C403B6 
 988      63183775 
 988      85DA4FA1 
 988      F643
 989 03d3 3FAD6F7E 		.ascii	"?\255o~\007z\031\015\265\327\207x\352h\217%\333\320"
 989      077A190D 
 989      B5D78778 
 989      EA688F25 
 989      DBD0
 990 03e5 5C67E653 		.ascii	"\\g\346S\251\314\357\244gn\255\232\271\271f\346wS\231"
 990      A9CCEFA4 
 990      676EAD9A 
 990      B9B966E6 
 990      775399
 991 03f8 DF4BCFDC 		.ascii	"\337K\317\334z\361\360>\376\373\204\"\203\344y\330\223"
 991      7AF1F03E 
 991      FEFB8422 
 991      83E479D8 
 991      93
 992 0409 C9D4E9AB 		.ascii	"\311\324\351\253\352\252x|E\003\344J\217`\262\334\213"
 992      EAAA787C 
 992      4503E44A 
 992      8F60B2DC 
 992      8B
 993 041a 10F47898 		.ascii	"\020\364x\230\270\362\214/\262\320\335^H\276\033\205"
 993      B8F28C2F 
 993      B2D0DD5E 
 993      48BE1B85 
ARM GAS  /tmp/ccVr2doo.s 			page 81


 994 042a 0493EF4A 		.ascii	"\004\223\357J\200\275N\005\356\247\024\370)]\201\300"
 994      80BD4E05 
 994      EEA714F8 
 994      295D81C0 
 995 043a AA0AD86B 		.ascii	"\252\012\330k*\360 \245\300t\272\002\001\377\024\265"
 995      2AF020A5 
 995      C074BA02 
 995      01FF14B5 
 996 044a 3479E33A 		.ascii	"4y\343:\365q\026\3300\263\242\025\316\375\363\236\214"
 996      F57116D8 
 996      30B3A215 
 996      CEFDF39E 
 996      8C
 997 045b B9C5E305 		.ascii	"\271\305\343\005B\220_!\232\357/\211\344\013P\212\000"
 997      42905F21 
 997      9AEF2F89 
 997      E40B508A 
 997      00
 998 046c BDDF6121 		.ascii	"\275\337a!\371y`,\267\270\270\004\177e\273+\312K\"\025"
 998      F979602C 
 998      B7B8B804 
 998      7F65BB2B 
 998      CA4B2215 
 999 0480 65253B77 		.ascii	"e%;wG\336\211\354\211T\226\357*.cz\244\262\242|\347"
 999      47DE89EC 
 999      895496EF 
 999      2A2E637A 
 999      A4B2A27C 
 1000 0495 2E28532B 		.ascii	".(S+\313?\254\204\367ya\204\375\007w\262\263O"
 1000      CB3FAC84 
 1000      F7796184 
 1000      FD0777B2 
 1000      B34F
 1001              		.text
 1002              		.section	.gnu.lto__aosSysPrintSystemInfoLine.8724139b4ff04bd4,"e",%progbits
 1003 0000 789C9554 		.ascii	"x\234\225T\335O\\E\024\2373s\357\335{\227e)\024\332"
 1003      DD4F5C45 
 1003      149F3373 
 1003      EFDD7B97 
 1003      652914DA 
 1004 0014 A6502446 		.ascii	"\246P$F$\255\011\020}\241\276\350_\340\273O\206\020"
 1004      24AD0910 
 1004      7DA1BEE8 
 1004      5FE0BB4F 
 1004      8610
 1005 0026 7CA33540 		.ascii	"|\2435@L|\352\260|6\"4i\021\267v\271|m\200\264\322\326"
 1005      4C7CEAB0 
 1005      7C362234 
 1005      6911B776 
 1005      B97C6D80 
 1006 003d 14D1DA8F 		.ascii	"\024\321\332\217\013\024\201R\013\305\226\012\342R@"
 1006      0B148152 
 1006      0BC5960A 
 1006      E25240
 1007 004c B4926A8B 		.ascii	"\264\222j\213\017\304 \245\236\231\271|,nc\272\331\235"
 1007      0FC420A5 
 1007      9E99B97C 
ARM GAS  /tmp/ccVr2doo.s 			page 82


 1007      2C6E63BA 
 1007      D99D
 1008 005e 9D39737E 		.ascii	"\2359s~\2773\347w\316\214I\200\274\343!\344\015B\310"
 1008      BF33E777 
 1008      CE8C4980 
 1008      BCE321E4 
 1008      0D42C8
 1009 0071 71FC411C 		.ascii	"q\374A\034\001\3129\177\333SfR\252\215\266\234yY\343"
 1009      01CA397F 
 1009      DB536652 
 1009      AA8DB69C 
 1009      7959E3
 1010 0084 5EB327B2 		.ascii	"^\263'\262p@\343>\215\352\270\227!,\352\337\247\203"
 1010      7040E33E 
 1010      8DEAB897 
 1010      212CEADF 
 1010      A783
 1011 0096 E97A9BE0 		.ascii	"\351z\233\340\22530\334I\237\351\245\306\304\223\325"
 1011      953330DC 
 1011      499FE9A5 
 1011      C6C493D5 
 1012 00a6 3C74B7BA 		.ascii	"<t\267\272\353+=\350n\001\310=n\0029F5\3354\274\026"
 1012      EB2B3DE8 
 1012      6E01C83D 
 1012      6E023946 
 1012      35DD34BC 
 1013 00bb 1CA35E02 		.ascii	"\034\243^\002\216\006\351r \352S\317\032\031D\002\241"
 1013      8E06E972 
 1013      20EA53CF 
 1013      1A194402 
 1013      A1
 1014 00cc BF7D75CC 		.ascii	"\277}u\314f\0044\\\236\272yi\304+\226\000\031\270l]"
 1014      6604345C 
 1014      9EBA7969 
 1014      C42B9600 
 1014      19B86C5D 
 1015 00e0 1EE8893F 		.ascii	"\036\350\211?\330\301y\200;\215k\011M\227\306\271e3"
 1015      D8C17980 
 1015      3B8D6B09 
 1015      4D97C6B9 
 1015      6533
 1016 00f2 4A82E8FE 		.ascii	"J\202\350\376-\244\302eH\225Tp\005\016\242\3737K\213"
 1016      2DA4C265 
 1016      48955470 
 1016      050EA2FB 
 1016      374B8B
 1017 0105 1FB29780 		.ascii	"\037\262\227\200\340t\356\\\250\323\227\025\226\310"
 1017      E074EE5C 
 1017      A8D39715 
 1017      96C8
 1018 0113 B50EC65F 		.ascii	"\265\016\306_\261\031\203\253\300\242\220hC\3545\310"
 1018      B11983AB 
 1018      C0A29068 
 1018      43EC35C8 
 1019 0123 424060FE 		.ascii	"B@`\376\253I`\257J\360\352`S\256\213\235\331\177\232"
 1019      AB4960AF 
 1019      4AF0EA60 
ARM GAS  /tmp/ccVr2doo.s 			page 83


 1019      53AE8B9D 
 1019      D97F9A
 1020 0136 3B9ACD34 		.ascii	";\232\3154\270\376\037\260\206`G\202\247\306\3769\347"
 1020      B8FE1FB0 
 1020      86604782 
 1020      A7C6FE39 
 1020      E7
 1021 0147 67AF4970 		.ascii	"g\257IpUM\357\257\036\027\375(m\003\335\027\023\335"
 1021      554DEFAF 
 1021      1E17FD28 
 1021      6D03DD17 
 1021      13DD
 1022 0159 0F594460 		.ascii	"\017YD`\356]>\333@Y\216\304\3675\375r\325\237\331\306"
 1022      EE5D3EDB 
 1022      40598EC4 
 1022      F735FD72 
 1022      D59FD9C6 
 1023 016d 1DCE9DC8 		.ascii	"\035\316\235\310\360\236\226r>\314\221B\207\201\035"
 1023      F09E9672 
 1023      3ECC9142 
 1023      87811D
 1024 017c 14E283FE 		.ascii	"\024\342\203\376O\371\251O\375\354u\211\355~\330\325"
 1024      4FF9A94F 
 1024      FDEC7589 
 1024      ED7ED8D5 
 1025 018c CE102B62 		.ascii	"\316\020+bO\016\357ju\261\024\006cc\347/\2567\304\033"
 1025      4F0EEF6A 
 1025      75B11406 
 1025      6363E72F 
 1025      AE37C41B 
 1026 01a0 1A7C0799 		.ascii	"\032|\007\231p\0032\205\256B\315!0\260i\010\335\260"
 1026      70033285 
 1026      AE42CD21 
 1026      30B06908 
 1026      DDB0
 1027 01b2 9F9FD09D 		.ascii	"\237\237\320\235\300\372\263j\356\254\277\325\262\230"
 1027      C0FAB36A 
 1027      EEACBFD5 
 1027      B298
 1028 01c0 9901787C 		.ascii	"\231\001x|\203\342\340a8\230\232\230\351bf\210\015\217"
 1028      83E2E061 
 1028      38989A98 
 1028      E9626688 
 1028      0D8F
 1029 01d2 589A6269 		.ascii	"X\232bi\021\301\020'G?\010\255\022@\310\235\210\233"
 1029      11C11027 
 1029      473F08AD 
 1029      1240C89D 
 1029      889B
 1030 01e4 34499A93 		.ascii	"4I\232\223\345\230\002B\212\275\302\274O\032R\345\230"
 1030      E5980242 
 1030      8ABDC2BC 
 1030      4F1A52E5 
 1030      98
 1031 01f5 2E47423E 		.ascii	".GB>f\344\311jg\036p\207\220ZF\345\274\014\347\217\240"
 1031      66E4C96A 
 1031      671E7087 
ARM GAS  /tmp/ccVr2doo.s 			page 84


 1031      905A46E5 
 1031      BC0CE78F 
 1032 020a B2B9B79D 		.ascii	"\262\271\267\235\311\363b6\241\316[\317\254\012\010"
 1032      C9F36236 
 1032      A1CE5BCF 
 1032      AC0A08
 1033 0219 949936B3 		.ascii	"\224\2316\263\202\0143\200a\250\220\302T:\017j\022\304"
 1033      820C3380 
 1033      61A890C2 
 1033      543A0F6A 
 1033      12C4
 1034 022b 96686A9B 		.ascii	"\226hj\233yEV*\315\021\364\200C\2516\213#\213P\361p"
 1034      7945562A 
 1034      CD11F480 
 1034      43A9368B 
 1034      238B50F1 
 1035 0240 6065D827 		.ascii	"`e\330'6B\314\217\260\272\362\307\021S\264\243\006\004"
 1035      3642CC8F 
 1035      B0BAF2C7 
 1035      1153B4A3 
 1035      0604
 1036 0252 6EBAC2D5 		.ascii	"n\272\302\3252mn\274.}\363\004\327\333\363\024\002v"
 1036      326D6EBC 
 1036      2E7DF304 
 1036      D7DBF314 
 1036      0276
 1037 0264 9CC117C4 		.ascii	"\234\301\027\304V%0*\316\020b\011Hi\263x\262\004\201"
 1037      5625302A 
 1037      CE106209 
 1037      4869B378 
 1037      B20481
 1038 0277 B5EA2EA6 		.ascii	"\265\352.\246 \211\210Rqo\217\270q\023\221e\350\361"
 1038      20898852 
 1038      716F8FB8 
 1038      71139165 
 1038      E8F1
 1039 0289 1F7741C4 		.ascii	"\037wA\304\245\030\367\326f\\\375Bgu\202\214\213$W~"
 1039      A518F7D6 
 1039      665CFD42 
 1039      6775828C 
 1039      8B24577E 
 1040 029d FFBC0B14 		.ascii	"\377\274\013\024\204n?*\223\011;\323\027\246\374ahs"
 1040      846E3F2A 
 1040      93093BD3 
 1040      17A6FC61 
 1040      6873
 1041 02af 13F6637C 		.ascii	"\023\366c|\370^\020\341^\231=\373\265\221\333\315\325"
 1041      F85E10E1 
 1041      5E993DFB 
 1041      B591DBCD 
 1041      D5
 1042 02c0 96076E43 		.ascii	"\226\007nC\030>S\225\037\203\\\311m)b\266\235\330\023"
 1042      183E5395 
 1042      1F835CC9 
 1042      6D2962B6 
 1042      9DD813
 1043 02d3 8B18B3A2 		.ascii	"\213\030\263\2420\356\022w\367v\214\305#\361\011\271"
ARM GAS  /tmp/ccVr2doo.s 			page 85


 1043      30EE1277 
 1043      F7768CC5 
 1043      23F109B9 
 1044 02e3 B50BEE48 		.ascii	"\265\013\356Hb\020\304\023H\214beH\321\221X\010\202"
 1044      6210C413 
 1044      488C6265 
 1044      48D19158 
 1044      0882
 1045 02f5 881B73D3 		.ascii	"\210\033s\323\225\362\372'B\006\374\000X\206$\214_~"
 1045      95F2FA27 
 1045      4206FC00 
 1045      5886248C 
 1045      5F7E
 1046 0307 A66AF0A4 		.ascii	"\246j\360\244\233[\262R\344Z\355\370(S\212\000\334\225"
 1046      9B5BB252 
 1046      E45AEDF8 
 1046      28538A00 
 1046      DC95
 1047 0319 8AD43273 		.ascii	"\212\3242s\243\023\200\254@\022:j\253mo\012\275\350"
 1047      A31380AC 
 1047      40123A6A 
 1047      AB6D6F0A 
 1047      BDE8
 1048 032b 746B3F45 		.ascii	"tk?E\254~\272\343\020\372\031\365\225\367\207\230p\244"
 1048      AC7EBAE3 
 1048      10FA19F5 
 1048      95F78798 
 1048      70A4
 1049 033d 22B9AE4E 		.ascii	"\"\271\256N7=\355\005\205\272\267%\324d\264PzLe\264"
 1049      373DED05 
 1049      85BAB725 
 1049      D464B450 
 1049      7A4C65B4 
 1050 0351 E72A737F 		.ascii	"\347*s\177K\231\037\243\225\321\2052QR<=\331CU\224\364"
 1050      4B991FA3 
 1050      95D18532 
 1050      51523C3D 
 1050      D9435594 
 1051 0366 10B33693 		.ascii	"\020\2636\223\027O0\327P\015l\237\231\2014\345aa\254"
 1051      174F30D7 
 1051      500D6C9F 
 1051      998134E5 
 1051      6161AC
 1052 0379 139F5C9C 		.ascii	"\023\237\\\234\245J\252\0030\245\232g\005\254\020K2"
 1052      A54AAA03 
 1052      30A59A67 
 1052      05AC104B 
 1052      32
 1053 038a 913BDDF8 		.ascii	"\221;\335\370r7\242\255\345\255KT\325|6\234\255\360"
 1053      7237A2AD 
 1053      E5AD4B54 
 1053      D57C369C 
 1053      ADF0
 1054 039c C68E16DE 		.ascii	"\306\216\026\336\035\224O\344\364f\013\247\210\233c"
 1054      1D944FE4 
 1054      F4660BA7 
 1054      889B63
ARM GAS  /tmp/ccVr2doo.s 			page 86


 1055 03ab B364D5C6 		.ascii	"\263d\325\306\307\3356\336\213Hu\330w\225a_\210\305"
 1055      C7DD36DE 
 1055      8B4875D8 
 1055      7795615F 
 1055      88C5
 1056 03bd A119C92B 		.ascii	"\241\031\311+\232\317\207c\336\320\224\240|\002\177"
 1056      9ACF8763 
 1056      DED094A0 
 1056      7C027F
 1057 03cc FADF1B3A 		.ascii	"\372\337\033:\203\0366\333#\345\356\372\302\025\334"
 1057      831E36DB 
 1057      23E5EEFA 
 1057      C215DC
 1058 03db F382A5FB 		.ascii	"\363\202\245\373y\253t\221\350\322\2311K\347yn\351f"
 1058      79AB7491 
 1058      E8D29931 
 1058      4BE7796E 
 1058      E966
 1059 03ed B74AF720 		.ascii	"\267J\367 \272t\246\333\324\301\306\320\035C5\265\027"
 1059      BA74A6DB 
 1059      D4C1C6D0 
 1059      1D4335B5 
 1059      17
 1060 03fe E6B65572 		.ascii	"\346\266Ur\261\301m\352TTH\026r\011\372#\322&\322E\350"
 1060      B1C16DEA 
 1060      54544816 
 1060      7209FA23 
 1060      D226D245 
 1061 0413 6F7F2D44 		.ascii	"o\177-D\342\016\367\362\032\314X'0\017\207\311\237\020"
 1061      E20EF7F2 
 1061      1ACC5827 
 1061      300F87C9 
 1061      9F10
 1062 0425 685E08EF 		.ascii	"h^\010\357w\201\262\226(\255\345\025\317\",o<\213\204"
 1062      7781B296 
 1062      28ADE515 
 1062      CF222C6F 
 1062      3C8B84
 1063 0438 A46567E7 		.ascii	"\244eg\347\340\267\340hqaNIqAN\376\321\222\367J>*)-"
 1063      E0B7E068 
 1063      71614E49 
 1063      71414EFE 
 1063      D192F74A 
 1064 0450 2CCA2E20 		.ascii	",\312. FIiqa~\221v$\277\250\220\275_TJ\363?\200#\377"
 1064      46496971 
 1064      617E9176 
 1064      24BFA890 
 1064      BD5F544A 
 1065 0469 02129261 		.ascii	"\002\022\222a\344"
 1065      E4
 1066              		.text
 1067              		.section	.gnu.lto__aosSysShellcmdMemdumpCallback_BtokiB.8724139b4ff04bd4,"e",%progbits
 1068 0000 789C6592 		.ascii	"x\234e\222\337KTQ\020\307g\356\234{w\367\272\253Ao\351"
 1068      DF4B5451 
 1068      10C767EE 
 1068      9C7B77F7 
 1068      BAAB416F 
ARM GAS  /tmp/ccVr2doo.s 			page 87


 1069 0015 A20F8A48 		.ascii	"\242\017\212H\245\017=E/\376\011\375\007!\333\012B\266"
 1069      A50F3D45 
 1069      2FFE09FD 
 1069      0721DB0A 
 1069      42B6
 1070 0027 E1FA522F 		.ascii	"\341\372R/\236]\327\325P\324\300\320\265\226[\211X/"
 1070      9E5DD7D5 
 1070      50D4C0D0 
 1070      B5965B89 
 1070      582F
 1071 0039 6E611064 		.ascii	"na\020d\346-7K\363\301~\201\202l\320\017\021)E)\025"
 1071      E62D374B 
 1071      F3C17E81 
 1071      826CD00F 
 1071      11294529 
 1072 004e 1FDCE6DC 		.ascii	"\037\334\346\334\273 \351\341\336\303\2319\3639\347"
 1072      BB20E9E1 
 1072      DEC39939 
 1072      F339E7
 1073 005d 3B33C70B 		.ascii	";3\307\013\010\027\011\340<\000\\\340\037u@MJY\357\211"
 1073      081709E0 
 1073      3C005CE0 
 1073      1F75404D 
 1073      4A59EF89 
 1074 0071 79358D56 		.ascii	"y5\215V\027R'\2054\305\360\304\352\031!\375\204\242"
 1074      17522785 
 1074      34C5F0C4 
 1074      EA1921FD 
 1074      84A2
 1075 0083 B027109D 		.ascii	"\260'\020\235\225\364\"\264i$\260\015\373h\2200\027"
 1075      95F422B4 
 1075      6924B00D 
 1075      FB689030 
 1075      17
 1076 0094 4FEFF97B 		.ascii	"O\357\371{\311\"@\301\346\300\374\3239S\231\210\025"
 1076      C92240C1 
 1076      E6C0FCD3 
 1076      39539988 
 1076      15
 1077 00a5 6CF62C7D 		.ascii	"l\366,}\317`\315\030\223\322\036\334;\275\265\266(}"
 1077      CF60CD18 
 1077      93D21EDC 
 1077      3BBDB5B6 
 1077      287D
 1078 00b7 166990E2 		.ascii	"\026i\220\342\360I,\305\347X\012j\340\013\254\341\360"
 1078      F0492CC5 
 1078      E7580A6A 
 1078      E00BACE1 
 1078      F0
 1079 00c8 07B12FEF 		.ascii	"\007\261/\357\003T\216\300\353\373\035\313]%\325\243"
 1079      03548EC0 
 1079      EBFB1DCB 
 1079      5D25D5A3 
 1080 00d8 B23F2EED 		.ascii	"\262?.\355\317c$+-\"\234B\372\017e\037\303/\261\232"
 1080      CF63242B 
 1080      2D229C42 
 1080      FA0F651F 
ARM GAS  /tmp/ccVr2doo.s 			page 88


 1080      C32FB19A 
 1081 00ec 81BF63F9 		.ascii	"\201\277c\371m\215*\035x\2573\273\251\025\340\225S\303"
 1081      6D8D2A1D 
 1081      78AF33BB 
 1081      A915E095 
 1081      53C3
 1082 00fe D216164B 		.ascii	"\322\026\026K\236>F\013\246m\207\036\037\217\367\005"
 1082      9E3E460B 
 1082      A66D871E 
 1082      1F8FF705 
 1083 010e E8AC43EF 		.ascii	"\350\254C\357\356\347\206t\246%\323?\312\\Z\307W\307"
 1083      EEE78674 
 1083      A625D33F 
 1083      CA5C5AC7 
 1083      57C7
 1084 0120 689DE9D7 		.ascii	"h\235\351\327X\015\212\031\035z\366\311\240s\016?\275"
 1084      580D8A19 
 1084      1D7AF6C9 
 1084      A0730E3F 
 1084      BD
 1085 0131 71375B54 		.ascii	"q7[T5\"\3739\353\235\014YkR\336\254\267\310\300\231"
 1085      3522FB39 
 1085      EB9D0C59 
 1085      6B52DEAC 
 1085      B7C8C099 
 1086 0145 2347A8C1 		.ascii	"#G\250\301\361\337\236\034\334\016\030\002\263X\245"
 1086      F1DF9E1C 
 1086      DC0E1802 
 1086      B358A5
 1087 0154 2AA3EAF1 		.ascii	"*\243\352\361\006\015n\024\240\362e>\352\266<\310wJ"
 1087      060D6E14 
 1087      A0F2653E 
 1087      EAB63CC8 
 1087      774A
 1088 0166 7B2383B7 		.ascii	"{#\203\267\006fKK\220/\32745\221\232\204\232t5\031\216"
 1088      06664B4B 
 1088      902FD734 
 1088      35919A84 
 1088      9A743519 
 1089 017b 200FAAA4 		.ascii	" \017\252\244LPp\021*\217\037U\221\212U\010@7\201j\210"
 1089      4C507011 
 1089      2A8F1F55 
 1089      918A5508 
 1089      4037816A 
 1090 0190 406903F4 		.ascii	"@i\003\364\220\346\03216\3261\236K\376\376\232,S\367"
 1090      90E61A31 
 1090      36D6319E 
 1090      4BFEFE9A 
 1090      2C53F7
 1091 01a3 A709D3E4 		.ascii	"\247\011\323\344\201_\330Q\341\232&KM?\\\310\373\022"
 1091      815FD851 
 1091      E19A264B 
 1091      4D3F5CC8 
 1091      FB12
 1092 01b5 188F792D 		.ascii	"\030\217y-\362\244HI\234\305\204\223uvq!\347\011\336"
 1092      F2A44849 
 1092      9CC58493 
ARM GAS  /tmp/ccVr2doo.s 			page 89


 1092      75767121 
 1092      E709DE
 1093 01c8 915D529E 		.ascii	"\221]R\236\340\272\312\302\270\207\352R|\213A>\320\""
 1093      E0BACAC2 
 1093      B887EA52 
 1093      7C8B413E 
 1093      D022
 1094 01da 2FFCC4C4 		.ascii	"/\374\304\304\327\231\203\314\014\272\247\0261\332\333"
 1094      D79983CC 
 1094      0CBAA716 
 1094      31DADB
 1095 01e9 BE99F3AA 		.ascii	"\276\231\363\252W\243#\340\273Be\272\211&\3709\242\243"
 1095      57A323E0 
 1095      BB4265BA 
 1095      8926F839 
 1095      A2A3
 1096 01fb AC87C411 		.ascii	"\254\207\304\021\231S[\311\240{\202\226&?\373\332\037"
 1096      99535BC9 
 1096      A07B8296 
 1096      263FFBDA 
 1096      1F
 1097 020c 27977DAE 		.ascii	"'\227}\256\207\330\251\372\230\334o7\013\212v\363\371"
 1097      87D8A9FA 
 1097      98DC6F37 
 1097      0B8A76F3 
 1097      F9
 1098 021d F24351D2 		.ascii	"\362CQ\322\0255\207A\027|D.(\034\326\344\244\023\205"
 1098      15358741 
 1098      177C442E 
 1098      281CD6E4 
 1098      A41385
 1099 0230 A4F53419 		.ascii	"\244\3654\031\300\033\026\371T\350Rr.\340n\024;{&l`"
 1099      C01B16F9 
 1099      54E85272 
 1099      2EE06E14 
 1099      3B7B266C 
 1100 0245 BC105ACC 		.ascii	"\274\020Z\314\242w\234\2244U\217\311?S\353N\251\206"
 1100      A2779C94 
 1100      34558FC9 
 1100      3F53EB4E 
 1100      A986
 1101 0257 B808232B 		.ascii	"\270\010#+\037\220\3574S\252\0018\317%\243m\203S\304"
 1101      1F90EF34 
 1101      53AA0138 
 1101      CF25A36D 
 1101      8353C4
 1102 026a C34E0094 		.ascii	"\303N\000\224\325\326\326\361\027\212\264\204\353\242"
 1102      D5D6D6F1 
 1102      178AB484 
 1102      EBA2
 1103 0278 2DA1BA86 		.ascii	"-\241\272\206H\364R\364z\2645\334\\\033\002\021m\272"
 1103      48F452F4 
 1103      7AB435DC 
 1103      5C1B0211 
 1103      6DBA
 1104 028a 11F65E0E 		.ascii	"\021\366^\016\207\232\232\033\256D\365\253M\215\327"
 1104      879A9A1B 
ARM GAS  /tmp/ccVr2doo.s 			page 90


 1104      AE44F5AB 
 1104      4D8DD7
 1105 0299 22466343 		.ascii	"\"FcC\2505\322\362\017\015\037#\210"
 1105      A835D2F2 
 1105      0F0D1F23 
 1105      88
 1106              		.text
 1107              		.section	.gnu.lto__aosSysShellcmdMemdumpCallback_printDump.8724139b4ff04bd4,"e",%progbits
 1108 0000 789C9555 		.ascii	"x\234\225U[LTG\030\236\377\314\271\356\236\335\305\326"
 1108      5B4C5447 
 1108      189EFFCC 
 1108      B9EE9EDD 
 1108      C5D6
 1109 0012 8AB8A84B 		.ascii	"\212\270\250K\342VM\023\240\246\017\332'\353C\337\232"
 1109      E2564D13 
 1109      A0A60FDA 
 1109      27EB43DF 
 1109      9A
 1110 0023 F4D1A736 		.ascii	"\364\321\2476Thb\032k\312ZS\373\342Yt\241\006\"hU\240"
 1110      5468621A 
 1110      6BCA5A53 
 1110      FBE25974 
 1110      A1062268 
 1111 0039 C966A94A 		.ascii	"\311f\251J\245\251Xo\021\345\242\213\253\340\265\202"
 1111      A5A9586F 
 1111      11E5A28B 
 1111      ABE0B582 
 1112 0049 8A562DAB 		.ascii	"\212V-\253`ED\360\322\212\266\306J\377\2319{Q\321\304"
 1112      604544F0 
 1112      D28AB6C6 
 1112      4AFF9939 
 1112      7B51D1C4 
 1113 005d 13989DCB 		.ascii	"\023\230\235\313\377}\363\317\377}g\216N\200|b\020R"
 1113      FF7DF3CF 
 1113      FF7D678E 
 1113      4E807C62 
 1113      1052
 1114 006f 48089180 		.ascii	"H\010\221\200\020\230@@\262,k\276\026\324%p\331=*\311"
 1114      10984040 
 1114      B22C6BBE 
 1114      16D42570 
 1114      D93D2AC9 
 1115 0083 D8F3C996 		.ascii	"\330\363\311\226C\023\277\246,)g\357=\236\2053\352\216"
 1115      4313BFA6 
 1115      2C2967EF 
 1115      3D9E8533 
 1115      EA8E
 1116 0095 CA5026CE 		.ascii	"\312P&\316(\240\332\321*hvO\223t\033g\3308\035\014{"
 1116      28A0DAD1 
 1116      2A68764F 
 1116      93741B67 
 1116      D8381D0C 
 1117 00aa CD901C02 		.ascii	"\315\220\034\002\351p\012&\323\001\246\275\346L\366"
 1117      E9700A26 
 1117      D301A6BD 
 1117      E64CF6
 1118 00b9 4C3B8776 		.ascii	"L;\207v\335%Q\214\233\213\361n\304i\030\357\226<6{\206"
ARM GAS  /tmp/ccVr2doo.s 			page 91


 1118      DD25518C 
 1118      9B8BF16E 
 1118      C46918EF 
 1118      963C367B 
 1119 00ce CDEE810C 		.ascii	"\315\356\201\014\033\227\001\300{\226\016d\245DeE\325"
 1119      1B9701C0 
 1119      7B960E64 
 1119      A5446545 
 1119      D5
 1120 00df 74C3E134 		.ascii	"t\303\3414]nO\006\254\224\\\004\2422\214\341\343Iv\210"
 1120      5D6E4F06 
 1120      AC945C04 
 1120      A2328CE1 
 1120      E3497688 
 1121 00f3 782A6935 		.ascii	"x*i5\205\303e\003\007\244\331\333\220\302\212V7\347"
 1121      85C36503 
 1121      07A4D9DB 
 1121      90C28A56 
 1121      37E7
 1122 0105 F6595D16 		.ascii	"\366Y]\026\215PBj\251\035E\240\031fc`\274$\374\217\271"
 1122      8D50426A 
 1122      A91D45A0 
 1122      19666360 
 1122      BC24FC8F 
 1123 011a 16D70064 		.ascii	"\026\327\000d\034n8\261\367\270\203\015%\360\341\360"
 1123      1C6E38B1 
 1123      F7B8830D 
 1123      25F0E1F0 
 1124 012a C0D08DE5 		.ascii	"\300\320\215\345t:\020\354\366m\0177\2303\353-\253\304"
 1124      743A10EC 
 1124      F66D0F37 
 1124      9833EB2D 
 1124      ABC4
 1125 013c 8A0E4FFE 		.ascii	"\212\016O\376\301\212\312\021J\241\015(RB+x\241\005"
 1125      C18ACA11 
 1125      4AA10D28 
 1125      52422B78 
 1125      A105
 1126 014e BC84E01C 		.ascii	"\274\204\340\034R\037\204\231\210\010n}\320\256\320"
 1126      521F8499 
 1126      88086E7D 
 1126      D0AED0
 1127 015d B739BAF7 		.ascii	"\2679\272\367N\307\307\010\256B\360\023\257\000\313"
 1127      4EC7C708 
 1127      AE42F013 
 1127      AF00CB
 1128 016c 70E805B0 		.ascii	"p\350\005\260\214\340(\007\217TU\306\014\372\016\007"
 1128      8CE02807 
 1128      8F5455C6 
 1128      0CFA0E07 
 1129 017c 6F5FDF55 		.ascii	"o_\337U\356L\240\247%\320\355\343\242\017\303L\3020"
 1129      EE4CA0A7 
 1129      25D0EDE3 
 1129      A20FC34C 
 1129      C230
 1130 018e 9B833D27 		.ascii	"\233\203=']4\217\343\253\376zZ\246\370\267p|\274\225"
 1130      5D348FE3 
ARM GAS  /tmp/ccVr2doo.s 			page 92


 1130      ABFE7A5A 
 1130      A6F8B770 
 1130      7CBC95
 1131 01a1 36ECB5AC 		.ascii	"6\354\265\2545\363#T\201\330s\024\354\301\370\376]O"
 1131      35F32354 
 1131      81D87314 
 1131      ECC1F8FE 
 1131      5D4F
 1132 01b3 37BA5419 		.ascii	"7\272T\031\216\200\337.\030\034\005\025Xy\3664\206\014"
 1132      8E80DF2E 
 1132      181C0515 
 1132      5879F634 
 1132      860C
 1133 01c5 FA1E672D 		.ascii	"\372\036g-\037\355\333\247#++\310\205f\372\263\315\252"
 1133      1FEDDBA7 
 1133      232B2BC8 
 1133      8566FAB3 
 1133      CDAA
 1134 01d7 42C7AB59 		.ascii	"B\307\253Y;\221\225\3611\332cH\313|\213;\261\371_\317"
 1134      3B9195F1 
 1134      31DA6348 
 1134      CB7C8B3B 
 1134      B1F95FCF 
 1135 01eb 2A51EBE9 		.ascii	"*Q\353\351X\231\025}x\000\326m\030\361\372\001\217\245"
 1135      5899157D 
 1135      7800D66D 
 1135      18F1FA01 
 1135      8FA5
 1136 01fd 49ACA1D8 		.ascii	"I\254\241\330\35026\206\302\206*\033jl\250c\3430\260"
 1136      E8323686 
 1136      C2862A1B 
 1136      6A6CA863 
 1136      E330B0
 1137 0210 713A58E3 		.ascii	"q:X\343d\013&[pac\272\261qy\010c\237\004\254\266\231"
 1137      640B265B 
 1137      706163BA 
 1137      B1717908 
 1137      639F04AC 
 1138 0226 BC9F05AC 		.ascii	"\274\237\005\254RS\010\333\331\013L\260\031|\236\220"
 1138      525308DB 
 1138      D90B4CB0 
 1138      197C9E90 
 1139 0236 724AEE3D 		.ascii	"rJ\356=n\230\013V\224\220\012*\361~\020\373C\260jSY"
 1139      6E980B56 
 1139      94900A2A 
 1139      F17E10FB 
 1139      43B06A53 
 1140 024b E368C744 		.ascii	"\343h\307D\226t\230f\206\351$<\324\301\232_\312\235"
 1140      96749866 
 1140      86E9243C 
 1140      D4C19A5F 
 1140      CA9D
 1141 025d CC2F32DC 		.ascii	"\314/2\334\343f<\316O\\Aie\350b'\265\221%O\312\332F"
 1141      E3663CCE 
 1141      4F5C4169 
 1141      65E86227 
 1141      B591254F 
ARM GAS  /tmp/ccVr2doo.s 			page 93


 1142 0274 3B4C8184 		.ascii	";L\201\2040\365\010\266[\212\230\221p\022\271\242;\277"
 1142      30F508B6 
 1142      5B8A9891 
 1142      7012B9A2 
 1142      3BBF
 1143 0286 3FA7312E 		.ascii	"?\2471.\015<p\002yn\300\352\253\261#`\007aD\347\335"
 1143      0D3C7002 
 1143      796EC0EA 
 1143      ABB12360 
 1143      076144E7 
 1144 029b 91F32022 		.ascii	"\221\363 \"\010\234\264k[A\345\316\303\267\257\003\337"
 1144      089CB46B 
 1144      5B41E5CE 
 1144      C3B7AF03 
 1144      DF
 1145 02ac 0B21BDB1 		.ascii	"\013!\275\261\201\346\230*@\036\314\322\016R:\317\015"
 1145      81E6982A 
 1145      401ECCD2 
 1145      0E523ACF 
 1145      0D
 1146 02bd AE834442 		.ascii	"\256\203DB\255\267\032\233\012E\014{]\326\256\272\033"
 1146      ADB71A9B 
 1146      0A450C7B 
 1146      5DD6AEBA 
 1146      1B
 1147 02ce D71931E5 		.ascii	"\327\0311\345\322F/\357\274\344\256\207-A\366ZF\250"
 1147      D2462FEF 
 1147      BCE4AE87 
 1147      2D41F65A 
 1147      46A8
 1148 02e0 3B4CBD70 		.ascii	";L\275p\212m\307\\\035\271\272_\315\337a\211%\035NC"
 1148      8A6DC75C 
 1148      1DB9BA5F 
 1148      CDDF6189 
 1148      251D4E43 
 1149 02f4 3DD40893 		.ascii	"=\324\010\223\374\006\371\234\333\020\304r:\261>\036"
 1149      FC06F99C 
 1149      DB10C472 
 1149      3AB13E1E 
 1150 0304 31A647E1 		.ascii	"1\246G\341\214M\274\243i\333\031\027\022W\361\245\014"
 1150      8C4DBCA3 
 1150      69DB1917 
 1150      1257F1A5 
 1150      0C
 1151 0315 E8E2C4C0 		.ascii	"\350\342\304\300\210\273\221x\030B>\306K\220\030\377"
 1151      88BB9178 
 1151      18423EC6 
 1151      4B9018FF 
 1152 0325 BD88A8AD 		.ascii	"\275\210\250\255\016w\253\214|\0028\340,x#\364\015~"
 1152      0E77AB8C 
 1152      7C0238E0 
 1152      2C7823F4 
 1152      0D7E
 1153 0337 54F558B2 		.ascii	"T\365X\262\036\303PZw\250\367+\016DD\270\341\324\230"
 1153      1EC3505A 
 1153      77A8F72B 
 1153      0E4444B8 
ARM GAS  /tmp/ccVr2doo.s 			page 94


 1153      E1D498
 1154 034a B11A4A82 		.ascii	"\261\032J\202z\204\276Y\313\310\341\034\254\006\233"
 1154      7A84BE59 
 1154      CBC8E11C 
 1154      AC069B
 1155 0359 2F32B6B9 		.ascii	"/2\266\271G\311\231\027\261j0\201\211,~\353\223\256"
 1155      47C99917 
 1155      B16A3081 
 1155      892C7EEB 
 1155      93AE
 1156 036b 88C9E26B 		.ascii	"\210\311\342k,\253\256\037\"\364-8\0179\234\015z\020"
 1156      2CABAE1F 
 1156      22F42D38 
 1156      0F399C0D 
 1156      7A10
 1157 037d 88158EF0 		.ascii	"\210\025\216\360\012WPm]\232\340(n\370Qi\246\250\203"
 1157      0A57506D 
 1157      5D9AE028 
 1157      6EF85169 
 1157      A6A883
 1158 0390 22E42DE9 		.ascii	"\"\344-\351\331\336\344\026\342Q\270\360\274\274J\232"
 1158      D9DEE416 
 1158      E251B8F0 
 1158      BCBC4A9A 
 1159 03a0 9E7A2A7F 		.ascii	"\236z*\177.UsS\266\010R_S\233\213)m~\177V\033m\\1\324"
 1159      2E557353 
 1159      B608525F 
 1159      539B8B29 
 1159      6D7E7F56 
 1160 03b9 978A7129 		.ascii	"\227\212q)%\306\345g\305\320\354\342\035\351\273\034"
 1160      25C6E567 
 1160      C5D0ECE2 
 1160      1DE9BB1C 
 1161 03c9 3285183E 		.ascii	"2\205\030>\270\222\022\303H\325\005\017|%6\320\262\352"
 1161      B89212C3 
 1161      48D5050F 
 1161      7C2536D0 
 1161      B2EA
 1162 03db 45733A82 		.ascii	"Es:\202\361\320\326\204b\241\272G\257T\354\217\224b"
 1162      F1D0D684 
 1162      62A1BA47 
 1162      AF54EC8F 
 1162      9462
 1163 03ed 67068F76 		.ascii	"g\006\217v:r>\020\212e\262\370\366\007\241\277\225t"
 1163      3A723E10 
 1163      8A65B2F8 
 1163      F607A1BF 
 1163      9574
 1164 03ff C526436F 		.ascii	"\305&CoB\2618\002\023r9\253\266uo\221\0225\336T\376"
 1164      42B13802 
 1164      137239AB 
 1164      B6756F91 
 1164      1235DE54 
 1165 0414 DFA38E19 		.ascii	"\337\243\216\031\"-=\335\266\352x\266\235\200\271\303"
 1165      222D3DDD 
 1165      B6EA78B6 
 1165      9D80B9C3 
ARM GAS  /tmp/ccVr2doo.s 			page 95


 1166 0424 555629B8 		.ascii	"UV)\270\206u\021/\370\012\2016\220\200\271\316\367\212"
 1166      8675112F 
 1166      F80A8136 
 1166      9080B9CE 
 1166      F78A
 1167 0436 03F4A50E 		.ascii	"\003\364\245\016\360\320\332Um\346|(\016\220\305\342"
 1167      F0D0DA55 
 1167      6DE67C28 
 1167      0E90C5E2 
 1168 0446 C736FEF4 		.ascii	"\3076\376\364\3433\226\233\002\375\211\003\\\347\226"
 1168      E333969B 
 1168      02FD8903 
 1168      5CE796
 1169 0455 33126730 		.ascii	"3\022g0\223\245\225\320r\273K\033GK\207m;\315`)\346"
 1169      93A595D0 
 1169      72BB4B1B 
 1169      474B876D 
 1169      3BCD6029 
 1170 046a 8BAB887D 		.ascii	"\213\253\210}\200-\231\205\001W ;Y\376,V\375\207\200"
 1170      802D9985 
 1170      0157203B 
 1170      59FE2C56 
 1170      FD8780
 1171 047d BD4C69B7 		.ascii	"\275Li\267\003Q\346\372\345\010p\337O\273\364\366\226"
 1171      0351E6FA 
 1171      E50870DF 
 1171      4FBBF4F6 
 1171      96
 1172 048e B6FDDB31 		.ascii	"\266\375\3331\225]\330a\212!YL4~\3405\212\230\234\202"
 1172      955DD861 
 1172      8A21594C 
 1172      347EE035 
 1172      8A989C82 
 1173 04a2 F34CDAC1 		.ascii	"\363L\332\301\330@k\014\354\271\364\032*xY\375\2314"
 1173      D8406B0C 
 1173      ECB9F41A 
 1173      2A7859FD 
 1173      9934
 1174 04b4 B7677FDB 		.ascii	"\267g\177\333\206\354\224\267O7M\024\020\347kz\373F"
 1174      86EC94B7 
 1174      4F374D14 
 1174      10E76B7A 
 1174      FB46
 1175 04c6 CADB0349 		.ascii	"\312\333\003Ios&s\\o;_\352\355\233)o\017&\274}\224{"
 1175      6F732673 
 1175      5C6F3B5F 
 1175      EAED9B29 
 1175      6F0F26BC 
 1176 04dd DB642AA5 		.ascii	"\333d*\245\337,\031\311\312\360\213%\336\355\022[\272"
 1176      DF2C19C9 
 1176      CAF08B25 
 1176      DEED125B 
 1176      BA
 1177 04ee 9E13DA5B 		.ascii	"\236\023\332[K%\244\273%\204f\325\250/\337\334\342b"
 1177      4B25A4BB 
 1177      258466D5 
 1177      A82FDFDC 
ARM GAS  /tmp/ccVr2doo.s 			page 96


 1177      E262
 1178 0500 D5C80609 		.ascii	"\325\310\006\011\206\200i\337\362\240m\310\260\225\306"
 1178      868069DF 
 1178      F2A06DC8 
 1178      B095C6
 1179 050f 44A6D6E2 		.ascii	"D\246\326\342e\310\366\205\333\334\247\323D\231\347"
 1179      65C8F685 
 1179      DBDCA7D3 
 1179      4499E7
 1180 051e 891DB016 		.ascii	"\211\035\260\026.\334\264L\2446\276\257\206S\276\352"
 1180      2EDCB44C 
 1180      A436BEAF 
 1180      8653BEEA 
 1181 052e DAD37FCD 		.ascii	"\332\323\177\315\314\371H\370j:\213\217\364\014|\347"
 1181      CCF948F8 
 1181      6A3A8B8F 
 1181      F40C7CE7 
 1182 053e 4AF86A37 		.ascii	"J\370j7\362\373`\004}\3057\274\303}\205B\272\231\265"
 1182      F2FB6004 
 1182      7DC537BC 
 1182      C37D8542 
 1182      BA99B5
 1183 0551 EE4049DD 		.ascii	"\356@I\335\315\370\273\3667\232}\021\341~\342\213HH"
 1183      CDF8BBF6 
 1183      379A7D11 
 1183      E17EE28B 
 1183      4848
 1184 0563 766E6E1E 		.ascii	"vnn\036\376-ZZ\\\224\027(^\224W\2604\360i`E`Y\321\222"
 1184      FE2D5A5A 
 1184      5C941728 
 1184      5E9457B0 
 1184      34F06960 
 1185 057c DC45440D 		.ascii	"\334ED\015,+.*X\"\177V\020(\242E_\026\312\201\305\337"
 1185      2C2B2E2A 
 1185      58227F56 
 1185      1028A245 
 1185      5F16CA81 
 1186 0592 16C90585 		.ascii	"\026\311\005\205\205\305Z\3767\376\374\271\013\211\354"
 1186      85C55AFE 
 1186      37FEFCB9 
 1186      0B89EC
 1187 05a1 F3F988EA 		.ascii	"\363\371\210\352\363\347\317YH2\331\352\373>\377\327"
 1187      F3E7CF59 
 1187      4832D9EA 
 1187      FB3EFFD7 
 1188 05b1 BE05BE59 		.ascii	"\276\005\276Y\376\3349\237\373\276X\274`\266\203\374"
 1188      FEDC399F 
 1188      FBBE58BC 
 1188      60B683FC 
 1189 05c1 0FDAD84B 		.ascii	"\017\332\330K\305"
 1189      C5
 1190              		.text
 1191              		.section	.gnu.lto__aosSysShellcmdMemdumpCallback.8724139b4ff04bd4,"e",%progbits
 1192 0000 789C8D9B 		.ascii	"x\234\215\233\011T\024I\232\30732\223\242(N\361BQ\251"
 1192      09541449 
 1192      9AC73332 
 1192      93A2284E 
ARM GAS  /tmp/ccVr2doo.s 			page 97


 1192      F14251A9 
 1193 0014 54114139 		.ascii	"T\021A9\275\217\276\354\356\231\356\2317\323\263\323"
 1193      BD8FBEEC 
 1193      EE99EE99 
 1193      37D3B3D3 
 1194 0024 33EFCDEC 		.ascii	"3\357\315\354\233}\373\230nz\332]\217\031\300\331\351"
 1194      9B7DFB98 
 1194      6E7ADA5D 
 1194      8F19C0D9 
 1194      E9
 1195 0035 DD376F0A 		.ascii	"\3357o\012\345\020\017\020\025\021\224C\020A<\360FA"
 1195      E5100F10 
 1195      15119443 
 1195      10413CF0 
 1195      4641
 1196 0047 11444511 		.ascii	"\021DE\021\274P\333\013iAD\271\274P<@6\"2220\263\252"
 1196      BC50DB0B 
 1196      694144B9 
 1196      BC503C40 
 1196      36223232 
 1197 005f E4754756 		.ascii	"\344uGV\345\027\361\377G\374\362\213\217$\2534r\200"
 1197      E517F1FF 
 1197      47FCF28B 
 1197      8F24AB34 
 1197      7280
 1198 0071 8B9ACB71 		.ascii	"\213\232\313q\177\0209.K\3408\360\001\007x\213\305\362"
 1198      7F10392E 
 1198      4BE038F0 
 1198      0107788B 
 1198      C5F2
 1199 0083 B1638C91 		.ascii	"\261c\214\221\347\205\344\270\037\203E\213i\326\223"
 1199      E785E4B8 
 1199      1F83458B 
 1199      69D693
 1200 0092 D7851EA2 		.ascii	"\327\205\036\242\305E\340\305{\011\257]\340\031\207"
 1200      C545E0C5 
 1200      7B09AF5D 
 1200      E01987
 1201 00a1 CD2FE3A6 		.ascii	"\315/\343\246\3003\"\230Cz;\360\006\022s$1\003\2159"
 1201      C0332298 
 1201      437A3BF0 
 1201      06127324 
 1201      31038D39 
 1202 00b5 F2461273 		.ascii	"\362F\022s\"1#\2159\361&\022s&1\023\2159\363.$\346J"
 1202      2231238D 
 1202      39F12612 
 1202      73263113 
 1202      8D39F32E 
 1203 00cc 622E34E6 		.ascii	"b.4\346\312\273\221\230;\211\271\321\230;\357Ab\203"
 1203      CABB9198 
 1203      3B89B9D1 
 1203      983BEF41 
 1203      6283
 1204 00de 48CC83C6 		.ascii	"H\314\203\306\006\361\236$6\230\304<il0?\204\304\206"
 1204      06F19E24 
 1204      3698C43C 
 1204      696C303F 
ARM GAS  /tmp/ccVr2doo.s 			page 98


 1204      84C486
 1205 00f1 92D8101A 		.ascii	"\222\330\020\032\033\312\017#\261\341$6\214\306\206"
 1205      1BCA0F23 
 1205      B1E12436 
 1205      8CC686
 1206 0100 F35E2436 		.ascii	"\363^$6\202\304\274hl\004?\222\304\274Il$\215y\363\243"
 1206      82C4BC68 
 1206      6C043F92 
 1206      C4BC496C 
 1206      248D79F3 
 1207 0115 486C3489 		.ascii	"Hl4\211\215\242\261\321\374\030\022\363!\26114\346\303"
 1207      8DA2B1D1 
 1207      FC1812F3 
 1207      21B13134 
 1207      E6C3
 1208 0127 9B494C22 		.ascii	"\233IL\"13\215I\374X\022\033Gbcil\034?\236\304|Il<\215"
 1208      31338D49 
 1208      FC58121B 
 1208      47626369 
 1208      6C1C3F9E 
 1209 0141 F9F21348 		.ascii	"\371\362\023H\314\217\304&\320\230\037?\221\304\374"
 1209      CC8FC426 
 1209      D0981F3F 
 1209      91C4FC
 1210 0150 496C228D 		.ascii	"Il\"\215\371\363\001$6\211\304\002hl\022\037Hb\223I"
 1210      F9F30124 
 1210      3689C402 
 1210      686C121F 
 1210      48629349 
 1211 0164 6C321FD8 		.ascii	"l2\037\330\221ww(\312\251\365\267\263\002\340\231@\020"
 1211      91777728 
 1211      CAA9F5B7 
 1211      B302E099 
 1211      4010
 1212 0176 467A07F1 		.ascii	"Fz\007\361\301\350\225h\021C8\321\302\007\203P\034\000"
 1212      C1E89568 
 1212      114338D1 
 1212      C2078350 
 1212      1C00
 1213 0188 21CA8B50 		.ascii	"!\312\213P\322\265\322\030\306\007e<z2\023\312\314\275"
 1213      D2B5D218 
 1213      C607653C 
 1213      7A3213CA 
 1213      CCBD
 1214 019a BF26C911 		.ascii	"\277&\311\021\312\314\0053\344NS\370\251De\032R\231"
 1214      CACC0533 
 1214      E44E53F8 
 1214      A944651A 
 1214      5299
 1215 01ac 0AA6CBE7 		.ascii	"\012\246\313\347\247)/\246\223\236\225\306\031\374\024"
 1215      A7292FA6 
 1215      939E95C6 
 1215      19FC14
 1216 01bb A23293A8 		.ascii	"\2422\223\250\314\244S\237\305\317i]\236\357\003c\263"
 1216      CCA4539F 
 1216      C5CF695D 
 1216      9EEF0363 
ARM GAS  /tmp/ccVr2doo.s 			page 99


 1216      B3
 1217 01cc D37B6E9A 		.ascii	"\323{n\232al6\215\315\001\000\277\262\030\001\367/^"
 1217      616C368D 
 1217      CD0100BF 
 1217      B21801F7 
 1217      2F5E
 1218 01de 101D0C8E 		.ascii	"\020\035\014\216F'\223\263\213\253\233\273\307 \317"
 1218      462793B3 
 1218      8BAB9BBB 
 1218      C720CF
 1219 01ed C143860E 		.ascii	"\301C\206\016\033\3565b\244\367\250\321c|\314\322\330"
 1219      1BEE3562 
 1219      A4F7A8D1 
 1219      637CCCD2 
 1219      D8
 1220 01fe 71E37D27 		.ascii	"q\343}'\370M\364\017\230490(8$4l\356\224\251\323\246"
 1220      F84DF40F 
 1220      98343930 
 1220      28382434 
 1220      6CEE94A9 
 1221 0214 CF98396B 		.ascii	"\317\2309k\366\034\360/!\214\003\025\"0\252\015\207"
 1221      F61CF02F 
 1221      218C0315 
 1221      2230AA0D 
 1221      87
 1222 0225 7F66E89F 		.ascii	"\177f\350\237N\026\322\004pgi\346K\227$![\340\200\010"
 1222      4E16D204 
 1222      706769E6 
 1222      4B972421 
 1222      5BE08008 
 1223 0239 DFAEAF39 		.ascii	"\337\256\2579p\326\204\336\002`\206oW\344\026t\273\371"
 1223      70D684DE 
 1223      0260866F 
 1223      57E41674 
 1223      BBF9
 1224 024b 17C0F959 		.ascii	"\027\300\371Y*\322\356\004WV\305\257X\003\262\005\236"
 1224      2AD2EE04 
 1224      5756C5AF 
 1224      5803B205 
 1224      9E
 1225 025c 4B87FDCB 		.ascii	"K\207\375\313\2007(\005\336X\013\034\005\376\260\377"
 1225      80372805 
 1225      DE580B1C 
 1225      05FEB0FF 
 1226 026c 91B696BF 		.ascii	"\221\266\226\277\013>\200\203/\357\356\314,t\361\313"
 1226      0B3E8083 
 1226      2FEFEECC 
 1226      2C74F1CB 
 1227 027c B758965A 		.ascii	"\267X\226Z*j\2752,\025b\266 \200c@\0300\024\236\203"
 1227      2A6ABD32 
 1227      2C1562B6 
 1227      20806340 
 1227      1830149E 
 1228 0291 83CB811F 		.ascii	"\203\313\201\037\034\321U\262=\306M\230\200GoI\274{"
 1228      1CD155B2 
 1228      3DC64D98 
 1228      80476F49 
ARM GAS  /tmp/ccVr2doo.s 			page 100


 1228      BC7B
 1229 02a3 5E40A3A1 		.ascii	"^@\243\241q\307\010y4\017\216kF\363pt\005\036\335}\350"
 1229      71C70879 
 1229      340F8E6B 
 1229      46F37074 
 1229      051EDD7D 
 1230 02b8 DE6C6112 		.ascii	"\336la\022\036\034w\245o\255\201X\367z\313\203EP\251"
 1230      1E1C77A5 
 1230      6FAD8158 
 1230      F77ACB83 
 1230      4550A9
 1231 02cb 190CAB14 		.ascii	"\031\014\253\0248\001\37484\246i\357\333TW\203\210\026"
 1231      3801FC38 
 1231      34A669EF 
 1231      DB545783 
 1231      8816
 1232 02dd 86965305 		.ascii	"\206\226S\005\014\260\226q\010I\314\326\356J\007!\004"
 1232      0CB09671 
 1232      0849CCD6 
 1232      EE4A0721 
 1232      04
 1233 02ee 2BAFDCF1 		.ascii	"+\257\334\361\372\271\213o\036V>\335 d\036\260X\022"
 1233      FAB98B6F 
 1233      1E563EDD 
 1233      20641EB0 
 1233      5812
 1234 0300 3FCE161C 		.ascii	"?\316\026\034\300\311w\304\261\310)\340\013\307t\256"
 1234      C0C977C4 
 1234      B1C829E0 
 1234      0BC774AE 
 1235 0310 49AE7212 		.ascii	"I\256r\022\246\341\361\217\367\255Ov$\343\357\345\012"
 1235      A6E1F18F 
 1235      F7AD4F76 
 1235      24E3EFE5 
 1235      0A
 1236 0321 96AD161E 		.ascii	"\226\255\026\036\215>\2557\272\032\217n=\265\264\231"
 1236      8D3EAD37 
 1236      BA1A8F6E 
 1236      3DB5B499 
 1237 0331 1766E1D1 		.ascii	"\027f\341\321'\0364\276\340\311\350\232\006a\243\245"
 1237      271E34BE 
 1237      E0C9E89A 
 1237      0661A3A5 
 1238 0341 22C69C2D 		.ascii	"\"\306\234-\030\300\031y\370\024o\020\242\014>\213\007"
 1238      18C01979 
 1238      F8146F10 
 1238      A20C3E8B 
 1238      07
 1239 0352 5F3D5003 		.ascii	"_=P\003\245\347\340\301\227\256/{\254X?}\250\016\256"
 1239      A5E7E0C1 
 1239      97AE2F7B 
 1239      AC583F7D 
 1239      A80EAE
 1240 0365 D10E3E07 		.ascii	"\321\016>\007|\213/;TX\336\366'\300e\036\007)\353\257"
 1240      7C8B2F3B 
 1240      5458DEF6 
 1240      27C0651E 
ARM GAS  /tmp/ccVr2doo.s 			page 101


 1240      0729EBAF 
 1241 0379 F9C40300 		.ascii	"\371\304\003\000\2119\362\210\271\000\033\243\210^9"
 1241      8939F288 
 1241      B9001BA3 
 1241      885E39
 1242 0388 E0691AD0 		.ascii	"\340i\032\320KG\374\322\210^:\341\245\233\320Kg|\326"
 1242      4B47FCD2 
 1242      885E3AE1 
 1242      A59BD04B 
 1242      677CD6
 1243 039b 05BD7445 		.ascii	"\005\275tE\215\033j\334Q\343\201\232A\250\361D\315`"
 1243      8D1B6ADC 
 1243      51E3819A 
 1243      41A8F144 
 1243      CD60
 1244 03ad D40C41CD 		.ascii	"\324\014A\315P\324\014C\315p\324x\241f\004jF\242\306"
 1244      50D40C43 
 1244      CD70D478 
 1244      A166046A 
 1244      46A2C6
 1245 03c0 1B35A350 		.ascii	"\0335\243P3\0325cP\343\003\033'3lL\022l\234\307\242"
 1245      331A3563 
 1245      50E3031B 
 1245      27336C4C 
 1245      126C9CC7 
 1246 03d5 73E35033 		.ascii	"s\343P3\036\005|Q`\002\012\370\241s\023\3219\177t.\000"
 1246      1E057C51 
 1246      60020AF8 
 1246      A17313D1 
 1246      397F742E 
 1247 03ea 9D9B84CE 		.ascii	"\235\233\204\316MF\347\002\321\271 t.\030\235\013A\347"
 1247      4D46E702 
 1247      D1B92074 
 1247      2E189D0B 
 1247      41E7
 1248 03fc 42D1B930 		.ascii	"B\321\2710tn\012:7\025\235\233\206\316MG\347f \"3a\343"
 1248      746E0A3A 
 1248      37159D9B 
 1248      86CE4D47 
 1248      E7662022 
 1249 0413 320BAF78 		.ascii	"2\013\257x6n\347\340v.n?\300\313\377\020\361\372\010"
 1249      366EE7E0 
 1249      762E6E3F 
 1249      C0CBFF10 
 1249      F1FA08
 1250 0426 BFFC18B7 		.ascii	"\277\374\030\267\237\340\0134\017\223\376\024\011\177"
 1250      9FE00B34 
 1250      0F93FE14 
 1250      097F
 1251 0434 867B7F01 		.ascii	"\206{\177\001P.\177\011PR\376\022\240]\361+\200\316"
 1251      502E7F09 
 1251      5052FE12 
 1251      A05DF12B 
 1251      80CE
 1252 0446 FF1AA041 		.ascii	"\377\032\240A\177\304\335\377\204\207r\334J\201C\233"
 1252      7FC4DDFF 
 1252      848772DC 
ARM GAS  /tmp/ccVr2doo.s 			page 102


 1252      4A81439B 
 1253 0456 4304960A 		.ascii	"C\004\226\012\216[%\360\362\233\030\370\246\005\304"
 1253      8E5B25F0 
 1253      F29B18F8 
 1253      A605C4
 1254 0465 36545DAB 		.ascii	"6T]\253\251\002(\2113\205/\300$\371\272\256\022\204"
 1254      A9022889 
 1254      33852FC0 
 1254      24F9BAAE 
 1254      1284
 1255 0477 DEC2C37D 		.ascii	"\336\302\303}<\356\324\006\226nXy,\265\332E\356\004"
 1255      3CEED406 
 1255      966E5879 
 1255      2CB5DA45 
 1255      EE04
 1256 0489 60826C6B 		.ascii	"`\202lkIIsC[_\304\225 +7\257I\310\007y1P\030&\212c\246"
 1256      49497343 
 1256      5B5FC495 
 1256      202B37AF 
 1256      49C80779 
 1257 04a4 F025A845 		.ascii	"\360%\250E\311\011\352@>\340:@\234Y\036\313\303\316"
 1257      C909EA40 
 1257      3EE03A40 
 1257      9C591ECB 
 1257      C3CE
 1258 04b6 9985B5FD 		.ascii	"\231\205\265\375N\261`i\2141[pM\027\340\316\001\347"
 1258      4EB16069 
 1258      8C315B70 
 1258      4D17E0CE 
 1258      01E7
 1259 04c8 412CE064 		.ascii	"A,\340d\345\013\017\323\267\270J\037d[6B!7\274\333R"
 1259      E50B0FD3 
 1259      B7B84A1F 
 1259      645B3642 
 1259      2137BCDB 
 1260 04dd 8FD601D4 		.ascii	"\217\326\001\324\177#\026w\007\027\200$\357\271\213"
 1260      7F231677 
 1260      07178024 
 1260      EFB98B
 1261 04ec F074B6E0 		.ascii	"\360t\266\340\201V\321Xu\222\254\201\007\001\312\032"
 1261      8156D158 
 1261      7592AC81 
 1261      0701CA1A 
 1262 04fc C4437119 		.ascii	"\304Cq\031u\034^C\007\210\317\331\337\3627<\356\235"
 1262      751C5E43 
 1262      0788CFD9 
 1262      DFF2373C 
 1262      EE9D
 1263 050e 390C4AC7 		.ascii	"9\014J\307\225\341\222<\207_\302h\322\262Gw\214hu\236"
 1263      95E1923C 
 1263      875FC268 
 1263      D2B24777 
 1263      8C68759E 
 1264 0522 E0DDCE9E 		.ascii	"\340\335\316\236yh\317\303\223\327n\235\276\010\327"
 1264      7968CFC3 
 1264      93D76E9D 
 1264      BE08D7
ARM GAS  /tmp/ccVr2doo.s 			page 103


 1265 0531 9607D0BE 		.ascii	"\226\007\320\276\250\207c\301e\264`T\327\322*rq\367"
 1265      A88763C1 
 1265      65B46054 
 1265      D7D22A72 
 1265      71F7
 1266 0543 E5164B4E 		.ascii	"\345\026KN\023V\271\002{\312S\276\012{j%\201V\362\232"
 1266      1356B902 
 1266      7BCA53BE 
 1266      0A7B6A25 
 1266      8156F29A 
 1267 0557 55C93617 		.ascii	"U\3116\027$\371#\225\274\216)\014\306+v8\235\227\265"
 1267      24F92395 
 1267      BC8E290C 
 1267      C62B7638 
 1267      9D97B5
 1268 056a 87272B8E 		.ascii	"\207'+\216\3139\336\222\"\310TD}\3607T\360'\356oY\011"
 1268      CB39DE92 
 1268      22C85444 
 1268      7DF03754 
 1268      F027EE6F 
 1269 0580 A4CF19F0 		.ascii	"\244\317\031\360{\257\274\\n`\301\337T\300\337\322\003"
 1269      7BAFBC5C 
 1269      6E60C1DF 
 1269      54C0DFD2 
 1269      03
 1270 0591 2FAAE00D 		.ascii	"/\252\340\015{\236\237\375\200ro\266\311\375\266\312"
 1270      7B9E9FFD 
 1270      80726FB6 
 1270      C9FDB6CA 
 1271 05a1 FD1D2ABC 		.ascii	"\375\035*\274\226J\203\035\320w(\225F]\320\202V\362"
 1271      964A831D 
 1271      D0772895 
 1271      465DD082 
 1271      56F2
 1272 05b3 273BA0EF 		.ascii	"';\240\357R\311&\006\264c\352\356+O\001\005\375\210"
 1272      52C92606 
 1272      B463EAEE 
 1272      2B4F0105 
 1272      FD88
 1273 05c5 8236E883 		.ascii	"\2026\350\203nVA\367\246\354Xk\224~\305\200.\331\331"
 1273      6E5641F7 
 1273      A6EC586B 
 1273      947EC580 
 1273      2ED9D9
 1274 05d8 9E21B0A0 		.ascii	"\236!\260\240\357)\240[\364@\033T\320\306\276\363I\241"
 1274      EF29A05B 
 1274      F4401B54 
 1274      D0C6BEF3 
 1274      49A1
 1275 05ea 14F4339B 		.ascii	"\024\3643\233\240\357[\005-j\251\264\332\001\375\200"
 1275      A0EF5B05 
 1275      2D6AA9B4 
 1275      DA01FD80 
 1276 05fa 5279A80B 		.ascii	"Ry\250\013\332A+\331f\007t;\225\354`@;ml<U\251\202\356"
 1276      DA412BD9 
 1276      6607743B 
 1276      95EC6040 
ARM GAS  /tmp/ccVr2doo.s 			page 104


 1276      3B6D6C3C 
 1277 0612 A7A08DFA 		.ascii	"\247\240\215\372\240;U\320\226\266\233\211\316\322\357"
 1277      A03B55D0 
 1277      96B69B89 
 1277      CED2EF
 1278 0621 19D0B9B1 		.ascii	"\031\320\271\261\233k\\X\320]\012\350Gz\240\215*hSQ"
 1278      9B6B5C58 
 1278      D05D0AE8 
 1278      477AA08D 
 1278      2A685351 
 1279 0635 C6063F0A 		.ascii	"\306\006?\012:\357\276-\320\217\255\2026h\251<\261\003"
 1279      3AEFBE2D 
 1279      D08FAD82 
 1279      3668A93C 
 1279      B103
 1280 0647 FA29A5F2 		.ascii	"\372)\245\362L\027\264\243V\262\333\016\350\347T\362"
 1280      4C17B4A3 
 1280      56B2DB0E 
 1280      E8E754F2 
 1281 0657 0503DAB9 		.ascii	"\005\003\332\271\353dq\206\012\272\370\276\002\332\244"
 1281      EB647186 
 1281      0ABAF8BE 
 1281      02DAA4
 1282 0666 0FBA4705 		.ascii	"\017\272G\005\335\270\347y\203\253\364\037\014\350\226"
 1282      DDB8E779 
 1282      83ABF41F 
 1282      0CE896
 1283 0675 C7C51B1D 		.ascii	"\307\305\033\035X\320/\025\320\257\364@\233T\320.\005"
 1283      58D02F15 
 1283      D0AFF440 
 1283      9B54D02E 
 1283      05
 1284 0686 45D93E6A 		.ascii	"E\331>j\311\266\011\372\265U\320F-\2257v@\367R*}\272"
 1284      C9B609FA 
 1284      B555D046 
 1284      2D953776 
 1284      40F7522A 
 1285 069c A09DB492 		.ascii	"\240\235\264\222o\355\200\356\247\222\026^\005\355Z"
 1285      6FED80EE 
 1285      A792165E 
 1285      05ED5A
 1286 06ab 9DB1E60D 		.ascii	"\235\261\346\015\247\326h\012\332E\037t\014OA\267\305"
 1286      A7D6680A 
 1286      DA451F74 
 1286      0C4F41B7 
 1286      C5
 1287 06bc EF2C3549 		.ascii	"\357,5I\021\014\350\037\313W\345\015(\035Ky\002z\031"
 1287      110CE81F 
 1287      CB57E50D 
 1287      281D4B79 
 1287      027A19
 1288 06cf AF03DA45 		.ascii	"\257\003\332E\005\355\326\321\365\334K\255\3216A\307"
 1288      05EDD6D1 
 1288      F5DC4BAD 
 1288      D13641C7 
 1289 06df F2D6409B 		.ascii	"\362\326@\233\264T\342x\333\240\343y\205J\002\257\007"
 1289      B454E278 
ARM GAS  /tmp/ccVr2doo.s 			page 105


 1289      DBA0E379 
 1289      854A02AF 
 1289      07
 1290 06f0 DA592BB9 		.ascii	"\332Y+\271\334\252\244\014:\221J\256`@\273\337\332\221"
 1290      DCAAA40C 
 1290      3A914AAE 
 1290      6040BBDF 
 1290      DA91
 1291 0702 D1A4827E 		.ascii	"\321\244\202~DA\273\352\203^\251\202\276X\231\363\302"
 1291      4441BBEA 
 1291      835EA982 
 1291      BE5899F3 
 1291      C2
 1292 0713 515AC880 		.ascii	"QZ\310\200\356\250\276\266\302\215\005\275J\001\275"
 1292      EEA8BEB6 
 1292      C28D05BD 
 1292      4A01BD
 1293 0722 5A0FB4AB 		.ascii	"Z\017\264\253\012\332cW\326\343\301j\215\266\011:\311"
 1293      0ADA6357 
 1293      D6E3C16A 
 1293      8DB6093A 
 1293      C9
 1294 0733 2A68172D 		.ascii	"*h\027-\225d;\240\327P*)\272\240]\265\222k\355\200^"
 1294      95643BA0 
 1294      D7502A29 
 1294      BAA05DB5 
 1294      926BED80 
 1295 0748 4725D733 		.ascii	"G%\3273\240\007\355^]t^\005\335OA\273\351\203NUA\337"
 1295      A007ED5E 
 1295      5D745E05 
 1295      DD4F41BB 
 1295      E9834E55 
 1296 075e 893FB2DA 		.ascii	"\211?\262\332EZ\302\200\316\273\025w\315\231\005\275"
 1296      455AC280 
 1296      CEBB1577 
 1296      CD9905BD 
 1297 076e 41019DA6 		.ascii	"A\001\235\246\007\332M\005\355\231\277\265\323]\255"
 1297      07DA4D05 
 1297      ED99BFB5 
 1297      D35DAD
 1298 077d D1ADB640 		.ascii	"\321\255\266@o\264\012\332MK%\335\016\350\014Je\223"
 1298      6FB40ADA 
 1298      4D4B25DD 
 1298      0EE80C4A 
 1298      6593
 1299 078f 2E6877AD 		.ascii	".hw\255\344f;\2403\251d\026\003zp\342\303\243\037R\316"
 1299      E4663BA0 
 1299      33A96416 
 1299      037A70E2 
 1299      C3A31F52 
 1300 07a4 FB5B15CE 		.ascii	"\373[\025\316\356\372\234\263U\316--\261W\234\244\177"
 1300      EEFA9CB3 
 1300      55CE2D2D 
 1300      B1579CA4 
 1300      7F
 1301 07b5 CA9C8720 		.ascii	"\312\234\207 \323\333o\372\212\\U\316CA\216\302y\213"
 1301      D3DB6FFA 
ARM GAS  /tmp/ccVr2doo.s 			page 106


 1301      8A5C55CE 
 1301      43418EC2 
 1301      798B
 1302 07c7 1E677795 		.ascii	"\036gw\225\363\220\254\352\313"
 1302      F390ACEA 
 1302      CB
 1303 07d0 2E947389 		.ascii	".\224s\211M\316\271V9{h\241\344\331\341\274\225B\311"
 1303      4DCEB956 
 1303      397B68A1 
 1303      E4D9E1BC 
 1303      9542C9
 1304 07e3 D7E53C48 		.ascii	"\327\345<H+\271\315\272$\346\\@%\013\031\316C\333\266"
 1304      2BB9CDBA 
 1304      24E65C40 
 1304      250B19CE 
 1304      43DBB6
 1305 07f6 B48552CE 		.ascii	"\264\205R\316\315\224\263\207>\347\355*\347\344\247"
 1305      CD94B387 
 1305      3EE7ED2A 
 1305      E7E4A7
 1306 0805 D7E38DD2 		.ascii	"\327\343\215\3222\300\200~S\262\265Z`A\027)\240w\350"
 1306      32C0807E 
 1306      53B2B55A 
 1306      60411729 
 1306      A077E8
 1307 0818 81F65041 		.ascii	"\201\366PA\017\353}\275\302DA\267\332\004\275\323*h"
 1307      0FEB7DBD 
 1307      C24441B7 
 1307      DA04BDD3 
 1307      2A68
 1308 082a 4F2D955D 		.ascii	"O-\225]v@\357\246T\212uA\017\326J\356\261\003z/\225"
 1308      7640EFA6 
 1308      548A7541 
 1308      0FD64AEE 
 1308      B1037A2F 
 1309 083f DCC7801E 		.ascii	"\334\307\200\036\336\265\255\321\217\202~FA\017\322"
 1309      DEB5ADD1 
 1309      8F827E46 
 1309      410FD2
 1310 084e 07BD5F05 		.ascii	"\007\275_\005\275\371\334\343\303&)\221\005\275\267"
 1310      BDF9DCE3 
 1310      C3262991 
 1310      05BDB7
 1311 085d B1AADFC8 		.ascii	"\261\252\337\310\202>\240\200>\250\007z\220\012\332"
 1311      823EA080 
 1311      3EA8077A 
 1311      900ADA
 1312 086c ABE56A9C 		.ascii	"\253\345j\234\221\202\356\261\011\372\220U\320C\264"
 1312      9182EEB1 
 1312      09FA9055 
 1312      D043B4
 1313 087b 544AEC80 		.ascii	"TJ\354\200>L\251\034\321\005=T+Yj\007t\031\225<\312"
 1313      3E4CA91C 
 1313      D1053D54 
 1313      2B596A07 
 1313      7419953C 
 1314 0890 801E9178 		.ascii	"\200\036\221x\351\206\017\005\235\327\241\200\366\324"
ARM GAS  /tmp/ccVr2doo.s 			page 107


 1314      E9860F05 
 1314      9DD7A180 
 1314      F6D4
 1315 089e 077D8CB9 		.ascii	"\007}\214\271\3478Yv@\224\222Y\320\367\256\037\334-"
 1315      E7385976 
 1315      40949259 
 1315      D0F7AE1F 
 1315      DC2D
 1316 08b0 B2A0CB15 		.ascii	"\262\240\313\025\320\307\365@{\252\240G\276\330r\320"
 1316      D0C7F540 
 1316      7BAAA047 
 1316      BED872D0 
 1317 08c0 40411774 		.ascii	"@A\027t\330\002]a\025\3640-\225J;\240OP*U\272\240\207"
 1317      D8025D61 
 1317      15F4302D 
 1317      954A3BA0 
 1317      4F502A55 
 1318 08d7 6B254FDA 		.ascii	"k%O\332\001}\212J\236f@{\257+\336:B-\321\024\364`}\320"
 1318      017D8A4A 
 1318      9E66407B 
 1318      AF2BDE3A 
 1318      422DD114 
 1319 08ef D52AE898 		.ascii	"\325*\350\230{\227w:J\251,\350\372M\225i\0032\372\214"
 1319      7B97773A 
 1319      4AA92CE8 
 1319      FA4D9569 
 1319      0332FA8C 
 1320 0903 02FAAC1E 		.ascii	"\002\372\254\036\350\301*\350Q\331q\311\016j\215\266"
 1320      E8C12AE8 
 1320      51D971C9 
 1320      0E6A8DB6 
 1321 0913 09BAC62A 		.ascii	"\011\272\306*h/-\225sv@\327R*u\272\240Gh%\317\333\001"
 1321      682F2D95 
 1321      737640D7 
 1321      522A75BA 
 1321      A0476825 
 1322 092a 7D814A5E 		.ascii	"}\201J^d@\217\356\336\236:D\255\321\024\364\020}\320"
 1322      64408FEE 
 1322      DE9E3A44 
 1322      ADD114F4 
 1322      107DD0
 1323 093d 9754D0AF 		.ascii	"\227T\320\257n\256)t\2266\261\240/oh*u`A_V@\327\353"
 1323      6EAE2974 
 1323      9636B1A0 
 1323      2F6F682A 
 1323      7560415F 
 1324 0955 811EA282 		.ascii	"\201\036\242\202\036\323[\272BTk\264M\320W\254\202\036"
 1324      1ED35BBA 
 1324      42546BB4 
 1324      4DD057AC 
 1324      821E
 1325 0967 A9A572D5 		.ascii	"\251\245r\325\016\350k\224\312\217\272\240\275\265\222"
 1325      0EE86B94 
 1325      CA8FBAA0 
 1325      BDB592
 1326 0976 D7ED80BE 		.ascii	"\327\355\200\276A%o2\240}^u\255\360Pk4\005=T\037\364"
 1326      41256F32 
ARM GAS  /tmp/ccVr2doo.s 			page 108


 1326      A07D5E75 
 1326      ADF0506B 
 1326      34053D54 
 1327 098c 2DE62E7A 		.ascii	"-\346.z\303\362\247\356\322\026\026\364\305\332\354"
 1327      C3F2A7EE 
 1327      D21616F4 
 1327      C5DAEC
 1328 099b 2B0616F4 		.ascii	"+\006\026\364m\005t\203\036\350\241*h\363\321[9\202"
 1328      6D057483 
 1328      1EE8A12A 
 1328      68F3D15B 
 1328      3982
 1329 09ad 5AA36D82 		.ascii	"Z\243m\202\276c\025\364(-\225F;\240\177\242T\356\352"
 1329      BE6315F4 
 1329      282D9546 
 1329      3BA07FA2 
 1329      54EEEA
 1330 09c0 821EAD95 		.ascii	"\202\036\255\225l\262\003\272\231J\336c@KG\327\265\271"
 1330      6CB203BA 
 1330      994ADE63 
 1330      404B47D7 
 1330      B5B9
 1331 09d2 A835BA53 		.ascii	"\2505\272S\001=L\037t\013\003\272\257x\203A*`A\347>"
 1331      013D4C1F 
 1331      740B03BA 
 1331      AF788341 
 1331      2A6041E7 
 1332 09e7 6B7BE2CE 		.ascii	"k{\342\316\202\276\257\200n\325\003=L\005=\366Lq-\257"
 1332      82BEAF80 
 1332      6ED5033D 
 1332      4C053DF6 
 1332      4C712DAF 
 1333 09fb D6E84E5B 		.ascii	"\326\350N[\240\037X\005=FK\345\241\035\320m\224J\273"
 1333      A01F5805 
 1333      3D464BE5 
 1333      A11DD06D 
 1333      944ABB
 1334 0a0e 2E681FAD 		.ascii	".h\037\255d\207\035\320\235T\262\213\001=\256\2739\323"
 1334      64871DD0 
 1334      9D54B28B 
 1334      013DAEBB 
 1334      39D3
 1335 0a20 44419750 		.ascii	"DA\227P\320\303\365A?bjtV\317\011\203\264k@F\357*.7"
 1335      D0C3F541 
 1335      3F626A74 
 1335      56CF0983 
 1335      B46B4046 
 1336 0a38 B1A01F2B 		.ascii	"\261\240\037+\240\237\350\201\036\256\202\036\337\270"
 1336      A09FE881 
 1336      1EAE821E 
 1336      DFB8
 1337 0a46 2A51055D 		.ascii	"*Q\005]f\023\364S\253\240\315Z*\317\354\200\356\246"
 1337      6613F453 
 1337      ABA0CD5A 
 1337      2ACFEC80 
 1337      EEA6
 1338 0a58 549EEB82 		.ascii	"T\236\353\202\226\264\222/\354\200\356\241\222/\031"
ARM GAS  /tmp/ccVr2doo.s 			page 109


 1338      96B4922F 
 1338      EC80EEA1 
 1338      922F19
 1339 0a67 D0BEA93F 		.ascii	"\320\276\251?\2567R\320\255\024\264\227>\350W*\350C"
 1339      AE3752D0 
 1339      AD14B497 
 1339      3EE8572A 
 1339      E843
 1340 0a79 8F3B3B78 		.ascii	"\217;;xi?`\3760\354\276\177\276\177\300\037\206\257"
 1340      693F60FE 
 1340      30ECBE7F 
 1340      BE7FC01F 
 1340      86AF
 1341 0a8b 15D06FF4 		.ascii	"\025\320o\364@{\251\240'\334=\\\017(\350v\233\240{\255"
 1341      407BA9A0 
 1341      27DC3D5C 
 1341      0F28E876 
 1341      9BA07BAD 
 1342 0a9f 821EABA5 		.ascii	"\202\036\253\245\322g\007\364[J\245_\027\3648\255\244"
 1342      D26707F4 
 1342      5B4AA55F 
 1342      17F438AD 
 1342      A4
 1343 0ab0 45B0FD87 		.ascii	"E\260\375\207a\214\240H.\025T\320~\007\262*\015\024"
 1343      618CA048 
 1343      2E1554D0 
 1343      7E07B22A 
 1343      0D14
 1344 0ac2 740F053D 		.ascii	"t\017\005=B\037\3642\201\202.\334\035S\313KelF'\276"
 1344      421FF432 
 1344      81822EDC 
 1344      1D53CB4B 
 1344      656C4627 
 1345 0ad7 8DAD1870 		.ascii	"\215\255\030p\327\021+\020\320q\202\016\350\021*\350"
 1345      D7112B10 
 1345      D071820E 
 1345      E8112AE8 
 1346 0ae7 899D970B 		.ascii	"\211\235\227\013U\320ol\202\216\027\254\201\036\257"
 1346      55D06F6C 
 1346      828E17AC 
 1346      811EAF
 1347 0af6 A5926095 		.ascii	"\245\222`\225\212\014z9\245\222(\350\201\366\325J\256"
 1347      8A0C7A39 
 1347      A59228E8 
 1347      81F6D54A 
 1347      AE
 1348 0b07 B02E8941 		.ascii	"\260.\211A\257\244\222\253\030\320\376\325\3476:P\320"
 1348      AFA492AB 
 1348      18D0FED5 
 1348      E7363A50 
 1348      D0
 1349 0b18 055D0AE8 		.ascii	"\005]\012\350\221\372\240W\253\240\273c\256\0268I\225"
 1349      91FAA057 
 1349      ABA0BB63 
 1349      AE163849 
 1349      95
 1350 0b29 04F430E4 		.ascii	"\004\3640\344\332~\342P-s\037=\034$)\240\223\365@\217"
ARM GAS  /tmp/ccVr2doo.s 			page 110


 1350      DA7EE250 
 1350      2D731F3D 
 1350      1C2429A0 
 1350      93F5408F 
 1351 0b3d 5441075C 		.ascii	"TA\007\\\253\214WA\357\350\262\005z\215U\320\023\264"
 1351      AB8C5741 
 1351      EFE8B205 
 1351      7A8D55D0 
 1351      13B4
 1352 0b4f 5452EC80 		.ascii	"TR\354\200^K\251\254\323\005\355\247\225\\oU\262\034"
 1352      5E4BA9AC 
 1352      D305EDA7 
 1352      955C6F55 
 1352      B21C
 1353 0b61 834EA592 		.ascii	"\203N\245\222\033\030\320\223\236$\256\025)\3502\012"
 1353      1B18D093 
 1353      9E24AE15 
 1353      29E8320A 
 1354 0b71 DA5B1F74 		.ascii	"\332[\037t\032\223\321E\375\355\202t\232\200\366\302"
 1354      1A93D145 
 1354      FDED8274 
 1354      9A80F6C2 
 1355 0b81 AEF9CBF6 		.ascii	"\256\371\313\366\362*\350\021`\243\002:]\017\264\267"
 1355      F22AE811 
 1355      60A3023A 
 1355      5D0FB4B7 
 1356 0b91 0A7AF2F2 		.ascii	"\012z\362\362\226m\370\256\003\240i\224\363r\207Q\372"
 1356      966DF8AE 
 1356      03A06994 
 1356      F3728751 
 1356      FA
 1357 0ba2 93C85027 		.ascii	"\223\310P'qvS\322q\223TC&1\022M\342p\377\313f\346\036"
 1357      717653D2 
 1357      71935443 
 1357      2631124D 
 1357      E270FFCB 
 1358 0bb9 D31B6C52 		.ascii	"\323\033lR&\261\231\235\304=\221x\250\223\010\274\020"
 1358      26B1999D 
 1358      C43D9178 
 1358      A89308BC 
 1358      10
 1359 0bca FB467D32 		.ascii	"\373F}2\177\274\353oi\364;\010\350#_\364\201\257\374"
 1359      7FBCEB6F 
 1359      69F43B08 
 1359      E8235FF4 
 1359      81AFFC
 1360 0bdd 2D043887 		.ascii	"-\0048\207LA\223\007\243\322\361\027'\262\324<\350\272"
 1360      4C419307 
 1360      A3D2F117 
 1360      27B2D43C 
 1360      E8BA
 1361 0bef 7FF1A620 		.ascii	"\177\361\246 \325\223\331\215F\0036\344\237mU\036\007"
 1361      D593D98D 
 1361      460336E4 
 1361      9F6D551E 
 1361      07
 1362 0c00 E534C1E9 		.ascii	"\3454\301\351\214\201\377KX\016\344\340\371\371\340"
ARM GAS  /tmp/ccVr2doo.s 			page 111


 1362      8C81FF4B 
 1362      580EE4E0 
 1362      F9F9E0
 1363 0c0f B9047555 		.ascii	"\271\004uU^wW>\026\356M\330UV\355\302\314\006}\334\214"
 1363      5E77573E 
 1363      16EE4DD8 
 1363      5556EDC2 
 1363      CC067DDC 
 1364 0c24 C740BF2D 		.ascii	"\307@\277-\002\\\305\350L\341\023\330s\331f\003\264"
 1364      025CC5E8 
 1364      4CE113D8 
 1364      73D96603 
 1364      B4
 1365 0c35 FE10BE81 		.ascii	"\376\020\276\201\235+~Z\375J@\037\257\032A?\000\271"
 1365      9D2B7E5A 
 1365      FD4A401F 
 1365      AF1A413F 
 1365      00B9
 1366 0c47 F04E152E 		.ascii	"\360N\025.\374\266\200:\300h\311\205\3644\203\0345\000"
 1366      FCB6803A 
 1366      C068C985 
 1366      F434831C 
 1366      3500
 1367 0c59 7C1B8B7D 		.ascii	"|\033\213}\203\261/\340\036\000\374\231\354\256\332"
 1367      83B12FE0 
 1367      1E00FC99 
 1367      ECAEDA
 1368 0c68 7A8BD3B8 		.ascii	"z\213\323\270-\026\374S\210\276I`&_\307@?`+,\255p~\353"
 1368      2D16FC53 
 1368      88BE4960 
 1368      265FC740 
 1368      3F602B2C 
 1369 0c80 4D5074AE 		.ascii	"MPt\2566K9m\226\346[\315\322g]\225\200G\211\272\015"
 1369      364B396D 
 1369      96E65BCD 
 1369      D2675D95 
 1369      804789BA 
 1370 0c95 262AD42E 		.ascii	"&*\324.@\034\025q\007\255\270\316\207\271\205V\305{"
 1370      401C1571 
 1370      07ADB8CE 
 1370      87B98556 
 1370      C57B
 1371 0ca7 BAF6CAE2 		.ascii	"\272\366\312\342\333e\361\"$\216\326\033\302\251\213"
 1371      DB65F122 
 1371      248ED61B 
 1371      C2A98B
 1372 0cb6 7DF42ABB 		.ascii	"}\364*\273\311\325\372bw\310\213\275\210\256\356\354"
 1372      C9D5FA62 
 1372      77C88BBD 
 1372      88AEEEEC 
 1373 0cc6 34E6E36B 		.ascii	"4\346\343k\011\217.\353>\326\206\375\274\340\231<a\""
 1373      098F2EEB 
 1373      3ED686FD 
 1373      BCE0993C 
 1373      6122
 1374 0cd8 9E44A3E5 		.ascii	"\236D\243\345i\235\011}b\357\221-\214\005\273\320\374"
 1374      699D097D 
ARM GAS  /tmp/ccVr2doo.s 			page 112


 1374      62EF912D 
 1374      8C05BBD0 
 1374      FC
 1375 0ce9 76923F19 		.ascii	"v\222?\031*\3664e\210a!\3709\020\234\024\274*\330\245"
 1375      2AF63465 
 1375      886121F8 
 1375      39109C14 
 1375      BC2AD8A5 
 1376 0cfd 5808A32E 		.ascii	"X\010\243.\037ke\375ud\367X\221\335\313\310\356\203"
 1376      1F6B65FD 
 1376      7564F758 
 1376      91DDCBC8 
 1376      EE83
 1377 0d0f B268BDA1 		.ascii	"\262h\275\241J^\361d\321\347;\257\344\231\254/z?\\\364"
 1377      4A5EF164 
 1377      D1E73BAF 
 1377      E499AC2F 
 1377      7A3F5CF4 
 1378 0d23 031093F3 		.ascii	"\003\020\223\363\254\033V\206-\370c\327\206G]m\216x"
 1378      AC1B5686 
 1378      2DF863D7 
 1378      86475D6D 
 1378      8E78
 1379 0d35 C4B28A17 		.ascii	"\304\262\212\027\015B\246\345\242\307;\203\016`R\313"
 1379      0D42A6E5 
 1379      A2C73B83 
 1379      0E6052CB 
 1380 0d45 0EC4D7D5 		.ascii	"\016\304\327\325W\367\0009C\307d\012\037d\012\263\344"
 1380      57F70039 
 1380      43C7640A 
 1380      1F640AB3 
 1380      E4
 1381 0d56 74BE3145 		.ascii	"t\2761E>\351\003\317\243\322j\226\337\232\337\271\312"
 1381      3EE903CF 
 1381      A3D26A96 
 1381      DF9ADFB9 
 1381      CA
 1382 0d67 E3D2F1F7 		.ascii	"\343\322\361\367\201\016\312;\312\007F\363W\346\226"
 1382      810ECA3B 
 1382      CA0746F3 
 1382      57E696
 1383 0d76 B922E6E3 		.ascii	"\271\"\346\343\001\017\016\341*E/\203/\340@\211\340"
 1383      010F0EE1 
 1383      2A452F83 
 1383      2FE04089 
 1383      E0
 1384 0d87 9D0DEB2D 		.ascii	"\235\015\353-6I\027dU\011\012C\223t\213\210\336[\331"
 1384      36491764 
 1384      55090A43 
 1384      93748B88 
 1384      DE5BD9
 1385 0d9a B587D55D 		.ascii	"\265\207\325]{)3/\337 \305\360\362\256\365C\003\222"
 1385      7B29332F 
 1385      DF20C5F0 
 1385      F2AEF543 
 1385      0392
 1386 0dac 2FAD5AE5 		.ascii	"/\255Z\345\250\354\3326\230k\023\301\021x\331\221\034"
ARM GAS  /tmp/ccVr2doo.s 			page 113


 1386      A8ECDA36 
 1386      986B13C1 
 1386      1178D991 
 1386      1C
 1387 0dbd 288523F1 		.ascii	"(\205#\361\006\234\205W(\241\035\214vb|fY\202\257<\203"
 1387      069C8557 
 1387      28A11D8C 
 1387      76627C66 
 1387      5982AF3C 
 1388 0dd2 3FC91BF2 		.ascii	"?\311\033\362Pb\347v'4S\003\000\240\014]\257\027\000"
 1388      5062E776 
 1388      27345303 
 1388      00A00C5D 
 1388      AF1700
 1389 0de5 0E9A1B8C 		.ascii	"\016\232\033\214\022*\004\276\201\303\035\320\233\217"
 1389      122A04BE 
 1389      81C31DD0 
 1389      9B8F
 1390 0df3 43D0A50A 		.ascii	"C\320\245\012;v\272~\020\256\211p\337>\250\232+k!\241"
 1390      3B76BA7E 
 1390      10AE8970 
 1390      DF3EA89A 
 1390      2B6B21A1 
 1391 0e07 575DF9D7 		.ascii	"W]\371\327\005Y\310\010\216\312{\367\005\370\204\205"
 1391      0559C808 
 1391      8ECA7BF7 
 1391      05F88485 
 1392 0e17 6180308E 		.ascii	"a\2000\216\011\336\201k\235\241}\350eOn\2450\027\227"
 1392      09DE816B 
 1392      9DA17DE8 
 1392      654F6EA5 
 1392      301797
 1393 0e2a 370095A7 		.ascii	"7\000\225\247\014,.}\365\003\212\3139\246\270\224#\313"
 1393      0C2C2E7D 
 1393      F5038ACB 
 1393      39A6B894 
 1393      23CB
 1394 0e3c B199C23C 		.ascii	"\261\231\302<Z\\\004\370f@1\021\230\3521u`\365H)\272"
 1394      5A5C04F8 
 1394      66403111 
 1394      98EA3175 
 1394      60F54829 
 1395 0e51 52EA683D 		.ascii	"R\352h=\267\2163\325\303I\273\301u\236\\WX\335\340\005"
 1395      B78E33D5 
 1395      C349BBC1 
 1395      759E5C57 
 1395      58DDE005 
 1396 0e65 CF49F5A8 		.ascii	"\317I\365\250\2247\370\011\266z8k\305u\236aWY\025\337"
 1396      9437F809 
 1396      B67A386B 
 1396      C5759E61 
 1396      575915DF 
 1397 0e79 F19C548F 		.ascii	"\361\234T\217\223\262\370)\245zLc\252\307\205\330\267"
 1397      93B2F829 
 1397      A57A4C63 
 1397      AAC785D8 
 1397      B7
ARM GAS  /tmp/ccVr2doo.s 			page 114


 1398 0e8a B982F5C5 		.ascii	"\271\202\365\305\236f\252\307g\332}\035\240\263\257"
 1398      9E66AAC7 
 1398      67DA7D1D 
 1398      A0B3AF
 1399 0e99 ABADECEB 		.ascii	"\253\255\354\3533x_\313_\212;\313\224\013G\255\354$"
 1399      33785FCB 
 1399      5F8A3BCB 
 1399      940B47AD 
 1399      EC24
 1400 0eab 1DD91A2B 		.ascii	"\035\331\032+\262\347\030\331ZR.\246\277[.b\367\256"
 1400      B2E718D9 
 1400      5A522EA6 
 1400      BF5B2E62 
 1400      F7AE
 1401 0ebd 5BED6E7D 		.ascii	"[\355n}\225u\244\\\024\364\300rQ\216\313E\352\355\345"
 1401      9575A45C 
 1401      14F4C072 
 1401      518ECB45 
 1401      EAEDE5
 1402 0ed0 479D49B9 		.ascii	"G\235I\271\270\323\246W.\316+\345\"\263\001\225\013"
 1402      B8D3A657 
 1402      2ECE2BE5 
 1402      22B30195 
 1402      0B
 1403 0ee1 9C73E332 		.ascii	"\234s\3432\205\2172\2059\264\\\340\223\343\341y\271"
 1403      858F3285 
 1403      39B45CE0 
 1403      93E3E179 
 1403      B9
 1404 0ef2 5CE0B7BE 		.ascii	"\\\340\267\276\372\345\342\202\274\225\307\243\372\360"
 1404      FAE5E282 
 1404      BC95C7A3 
 1404      FAF0
 1405 0f00 6E41C0E3 		.ascii	"nA\300\343&\300\241\244 \224[-\010\027\325\202P\274"
 1405      26C0A1A4 
 1405      20945B2D 
 1405      0817D582 
 1405      50BC
 1406 0f12 35E182B3 		.ascii	"5\341\202\263\224\307\026\204\263\226;\333M\003\013"
 1406      94C71684 
 1406      B3963BDB 
 1406      4D030B
 1407 0f21 C2255810 		.ascii	"\302%X\020\220\034\270\214\013\002\3344s\360\032&\320"
 1407      901CB88C 
 1407      0B02DC34 
 1407      73F01A26 
 1407      D0
 1408 0f32 82D0590F 		.ascii	"\202\320Y\017\013\002\236\301\037\321&\"\025\000\366"
 1408      0B029EC1 
 1408      1FD12622 
 1408      1500F6
 1409 0f41 729A8A92 		.ascii	"r\232\212\222b\032|\003\373;\2437\216\323\020\375\031"
 1409      621A7C03 
 1409      FB3BA337 
 1409      8ED310FD 
 1409      19
 1410 0f52 EF56003C 		.ascii	"\357V\000<x\236\272\345\347A\251\351\227=\321N\237\273"
ARM GAS  /tmp/ccVr2doo.s 			page 115


 1410      789EBAE5 
 1410      E741A9E9 
 1410      973DD14E 
 1410      9FBB
 1411 0f64 D6198E98 		.ascii	"\326\031\216\230Ioa0\320c\015\325\027x\264\2273\005"
 1411      496F6130 
 1411      D0630DD5 
 1411      1778B497 
 1411      3305
 1412 0f76 BFF7FAFB 		.ascii	"\277\367\372\373\263\336\352\036\3306\004\177\303J\336"
 1412      B3DEEA1E 
 1412      D836047F 
 1412      C34ADE
 1413 0f85 0057756F 		.ascii	"\000WuoJu\376D\276f]o(\376z\225\254w\235\354\326\336"
 1413      4A75FE44 
 1413      BE665D6F 
 1413      28FE7A95 
 1413      AC779DEC 
 1414 0f9b 842333E4 		.ascii	"\204#3\344\351"
 1414      E9
 1415 0fa0 4E843396 		.ascii	"N\2043\226/5~\353\257\177\251o\310\027i\"\371U@\223"
 1415      2F357EEB 
 1415      AF7FA96F 
 1415      C8176922 
 1415      F9554093 
 1416 0fb4 5FBEF5F3 		.ascii	"_\276\365\363O\027\034\344;\253\233\370\316\212\244"
 1416      4F171CE4 
 1416      3BAB9BF8 
 1416      CE8AA4
 1417 0fc3 C10FB264 		.ascii	"\301\017\262d\000T\205\016\033a\026X\277\231\273\245"
 1417      0054850E 
 1417      1B611658 
 1417      BF99BBA5 
 1418 0fd3 6641D3FA 		.ascii	"fA\323\372\202\014\243t\212dA\000\376\310\351\370\221"
 1418      820CA374 
 1418      8A644100 
 1418      FEC8E9F8 
 1418      91
 1419 0fe4 FF62EFE5 		.ascii	"\377b\357\345&\201\333\312\275\\\303\373\022\272c\225"
 1419      2681DBCA 
 1419      BD5CC3FB 
 1419      12BA6395 
 1420 0ff4 D01804A8 		.ascii	"\320\030\004\250\021\335\265c\305\237t\025"
 1420      11DDB563 
 1420      C59F7415 
 1421 1000 75AEE15D 		.ascii	"u\256\341]k\212f$\330D\005\233q\236\006\220\364\204"
 1421      6B8A6624 
 1421      D844059B 
 1421      719E0690 
 1421      F484
 1422 1012 BFAC1B12 		.ascii	"\277\254\033\022\256\221d\231\364^\177C\337\263:\365"
 1422      AE916499 
 1422      F45E7F43 
 1422      DFB33AF5 
 1423 1022 7D38595A 		.ascii	"}8YZ\344\213{_w\342:\177\346\267Z\325+\305\311\362@"
 1423      E48B7B5F 
 1423      77E23A7F 
ARM GAS  /tmp/ccVr2doo.s 			page 116


 1423      E6B75AD5 
 1423      2BC5C9F2 
 1424 1037 D67B4893 		.ascii	"\326{H\223\345!I\226\311p\306L\262\004\352'K\233|-'"
 1424      E5214996 
 1424      C970C64C 
 1424      B204EA27 
 1424      4B9B7C2D 
 1425 104c DB4B9676 		.ascii	"\333K\226v\235d\011\202\252v\223\245CM\226C7\236ov\222"
 1425      9D640982 
 1425      AA7693A5 
 1425      434D9643 
 1425      379E6F76 
 1426 1061 EEB3C9D2 		.ascii	"\356\263\311\322\223\222\273\32680[:\225l\351z_D\217"
 1426      9392BBD6 
 1426      38305B3A 
 1426      956CE97A 
 1426      5F448F
 1427 1074 6C67CB63 		.ascii	"lg\313czq\237\350*\352\\\304\2476\263\345\031\025\354"
 1427      7A719FE8 
 1427      2AEA5CC4 
 1427      A736B3E5 
 1427      1915EC
 1428 1087 C6D91244 		.ascii	"\306\331\022D\263\245A--\301\357\365 \340\271\235\322"
 1428      B3A5412D 
 1428      2DC1EFF5 
 1428      20E0B99D 
 1428      D2
 1429 1098 F242BEBA 		.ascii	"\362B\276\272=\272\023\327yV\361\322Niy%\353\275\326"
 1429      3DBA13D7 
 1429      7956F1D2 
 1429      4E697925 
 1429      EBBDD6
 1430 10ab 94961038 		.ascii	"\224\226\0208c&[B\365\263\345\215|1C\354eK\257N\266"
 1430      63265B42 
 1430      F5B3E58D 
 1430      7C3143EC 
 1430      654BAF4E 
 1431 10c0 844155BB 		.ascii	"\204AU\273\331\322\247f\313\201\222\015\275F)A`\262"
 1431      D9D2A766 
 1431      CB81920D 
 1431      BD462941 
 1431      60B2
 1432 10d2 E574D3C1 		.ascii	"\345t\323\3018\323\300ly\253dK\377\373\"\262\2106\263"
 1432      38D3C06C 
 1432      79AB644B 
 1432      FFFB22B2 
 1432      8836B3
 1433 10e5 2546542E 		.ascii	"%FT.\356R\361=\237\346,\263\246\210\263%\226\012\306"
 1433      EE52F13D 
 1433      9FE62CB3 
 1433      A688B325 
 1433      960AC6
 1434 10f8 89285BC2 		.ascii	"\211([\302h\266t6$\234'\3312\345\275\236f\304[\235\372"
 1434      68B67436 
 1434      249C27D9 
 1434      32E5BD9E 
 1434      66C45B9D 
ARM GAS  /tmp/ccVr2doo.s 			page 117


 1435 110d 5B776495 		.ascii	"[wd\225 \342\253\273\\w\342:\017\\\022\255\352\275\306"
 1435      20E2ABBB 
 1435      5C77E23A 
 1435      0F5C12AD 
 1435      EABDC6
 1436 1120 D9B742D6 		.ascii	"\331\267B\326[)*\331\222N\262e*\2341\223-\323\364\263"
 1436      5B292AD9 
 1436      924EB265 
 1436      2A9C3193 
 1436      2DD3F4B3 
 1437 1134 6595882F 		.ascii	"e\225\210/\346T{\331\262Z\324f\313t\250j7[\222D\232"
 1437      E6547BD9 
 1437      B25AD466 
 1437      CB74A86A 
 1437      375B9244 
 1438 1149 2D7B8F5D 		.ascii	"-{\217]\270\351.\025\262\331\322\330wq\247\303\300l"
 1438      B8E92E15 
 1438      B2D9D2D8 
 1438      7771A7C3 
 1438      C06C
 1439 115b 491649B6 		.ascii	"I\026I\266\254y_D)\266\263e-\275\270\353t\025\365\036"
 1439      AC795F44 
 1439      29B6B365 
 1439      2DBDB8EB 
 1439      7415F51E 
 1440 116f 49D9CC96 		.ascii	"I\331\314\226T*\270\001g\313t\345\331\307\254\202\333"
 1440      542AB801 
 1440      67CB74E5 
 1440      D9C7AC82 
 1440      DB
 1441 1180 776295BB 		.ascii	"wb\225\273\230\245\033V\3265V\223'F3\330?qD|CZqs\317"
 1441      98A51B56 
 1441      D6355693 
 1441      274633D8 
 1441      3F71447C 
 1442 1199 0DB777BE 		.ascii	"\015\267w\276\023\237&\242\357\304o\024\361w\342\343"
 1442      139F26A2 
 1442      EFC46F14 
 1442      F177E2E3 
 1443 11a9 CD7A0FED 		.ascii	"\315z\017\355\010\326t\025k\335\245\262\034'\351,\301"
 1443      08D67415 
 1443      6BDDA5B2 
 1443      1C27E92C 
 1443      C1
 1444 11ba 3A190D38 		.ascii	":\031\0158\260\177\337[\345S\264\234}pI\201 C$\017\223"
 1444      B07FDF5B 
 1444      E553B49C 
 1444      7D704981 
 1444      2043240F 
 1445 11cf 36E139CF 		.ascii	"6\3419\317@s\306\317\202{Bm\330lVm\256\234N:\343*\335"
 1445      4073C6CF 
 1445      827B426D 
 1445      D86C566D 
 1445      AE9C4E3A 
 1446 11e6 263641F8 		.ascii	"&6A\3706bO\3623g\326&\030d*6Y\242\374L\010y\274\261"
 1446      36624FF2 
 1446      3367D626 
ARM GAS  /tmp/ccVr2doo.s 			page 118


 1446      18642A36 
 1446      59A2FC4C 
 1447 11fe E991AD7A 		.ascii	"\351\221\255z\034n\336\277\312Yj%\036!h\300\271\244"
 1447      1C6EDEBF 
 1447      CA596A25 
 1447      1E2168C0 
 1447      B9A4
 1448 1210 0BE5EEAC 		.ascii	"\013\345\356\254G(\310Q<\2660\036\3756=rU\217\355\017"
 1448      4728C851 
 1448      3CB6301E 
 1448      FD363D72 
 1448      558FED0F 
 1449 1224 FA4B4DD2 		.ascii	"\372KM\322\013\342\021\206\006\324\266t\354\006\254"
 1449      0BE21186 
 1449      06D4B674 
 1449      EC06AC
 1450 1233 C71490A7 		.ascii	"\307\024\220\247xle<\362zmy\344\253\036\375\373\037"
 1450      786C653C 
 1450      F27A6D79 
 1450      E4AB1EFD 
 1450      FB1F
 1451 1245 6C33496B 		.ascii	"l3IkE\331c*~\272\327X\265\337\304zL\003\333\024\217"
 1451      45D9632A 
 1451      7EBAD758 
 1451      B5DFC47A 
 1451      4C03DB14 
 1452 125a 02C6A3C0 		.ascii	"\002\306\243\300\246G\241\352Q\334\027_ J\271\304c:"
 1452      A647A1EA 
 1452      51DC175F 
 1452      204AB9C4 
 1452      633A
 1453 126c 1A70E66C 		.ascii	"\032p\346l\225\221\265\230\001\266+\026E\214\305\016"
 1453      9591B598 
 1453      01B62B16 
 1453      458CC50E 
 1454 127c 9B163B54 		.ascii	"\233\026;T\213Gui\265F\351\252\310\\\216\324\237\216"
 1454      8B477569 
 1454      B546E9AA 
 1454      C85C8ED4 
 1454      9F8E
 1455 128e 75B80CBC 		.ascii	"u\270\014\274\034;\025\217]\214G\261M\217\335\252G_"
 1455      1C3B158F 
 1455      5D8C47B1 
 1455      4D8FDDAA 
 1455      475F
 1456 12a0 595DA3BB 		.ascii	"Y]\243\273tOd\0365\236<V\276l\000\2521\240X\361\330"
 1456      744F641E 
 1456      359E3C56 
 1456      BE6C00AA 
 1456      31A058F1 
 1457 12b5 C378ECB7 		.ascii	"\303x\354\267\351\261W\365x\332\234\265\232\227\326"
 1457      E9B157F5 
 1457      78DA9CB5 
 1457      9A97D6
 1458 12c4 3AC81E33 		.ascii	":\310\0363\321\200\376\376]w\006\\\362Y`\237\342\261"
 1458      D180FEFE 
 1458      5D77065C 
ARM GAS  /tmp/ccVr2doo.s 			page 119


 1458      F259609F 
 1458      E2B1
 1459 12d6 9FF128B1 		.ascii	"\237\361(\261\351q@\365\310\311\252\275\302KG\210\307"
 1459      E97140F5 
 1459      C8C9AABD 
 1459      C24B4788 
 1459      C7
 1460 12e7 6C346067 		.ascii	"l4`g]J\241\023\3531\007\034T<\0161\036e6=JT\217\315"
 1460      5D4AA113 
 1460      EB31071C 
 1460      543C0E31 
 1460      1E65363D 
 1461 12ff EB4E3E74 		.ascii	"\353N>t\223N\023\217\271x\247\227\275\230\315Z|\000"
 1461      934E138F 
 1461      B978A797 
 1461      BD98CD5A 
 1461      7C00
 1462 1311 0E2B1647 		.ascii	"\016+\026G\030\213\3436-JU\213\266\253\017\223\\\244"
 1462      188BE336 
 1462      2D4A558B 
 1462      B6AB0F93 
 1462      5CA4
 1463 1323 76D6A2ED 		.ascii	"v\326\242\355\326\223\203n\003=\312\024\217\243\214"
 1463      D693836E 
 1463      033DCA14 
 1463      8FA38C
 1464 1332 47B34D8F 		.ascii	"G\263M\217c\252\307\263\224\353\317\335\2445\006\346"
 1464      63AAC7B3 
 1464      94EBCFDD 
 1464      A43506E6 
 1465 1342 D977ECFA 		.ascii	"\331w\354\372\204[\003.\2077(W<\2163\036\2556=*T\217"
 1465      845B032E 
 1465      87372857 
 1465      3C8E331E 
 1465      AD363D2A 
 1466 1358 1D6539C5 		.ascii	"\035e9\305&)\235x|\210\006\244/\255n\034\220\272\037"
 1466      26299D78 
 1466      7C8806A4 
 1466      2FAD6E1C 
 1466      90BA1F
 1467 136b 814AC5E3 		.ascii	"\201J\305\343\004\343\321n\323\243J\365\270\326T\326"
 1467      04E3D16E 
 1467      D3A34AF5 
 1467      B8D654D6 
 1468 137b EC2CDD36 		.ascii	"\354,\33560\025\361x{\375r0\260\"\236T<N1\036\217lz"
 1468      3015F178 
 1468      7BFD7230 
 1468      B0229E54 
 1468      3C4E311E 
 1469 1392 9C563DB2 		.ascii	"\234V=\262\222N=w\225Z\211\307\307h\300\321\3267\017"
 1469      924E3D77 
 1469      955A89C7 
 1469      C768C0D1 
 1469      D6370F
 1470 13a5 1D588F4F 		.ascii	"\035X\217O@\265\342q\206\361xf\323\343\254\352q\"c}"
 1470      40B5E271 
 1470      86F17866 
ARM GAS  /tmp/ccVr2doo.s 			page 120


 1470      D3E3ACEA 
 1470      7122637D 
 1471 13b9 2A90763B 		.ascii	"*\220v;2\327\343\342\231g\031\356\003\257G\215\342q"
 1471      32D7E3E2 
 1471      996719EE 
 1471      03AF478D 
 1471      E271
 1472 13cb 8EF1E8B1 		.ascii	"\216\361\350\261\351Q\253z\034[\323\275\334(\225\020"
 1472      E951AB7A 
 1472      1C5BD3BD 
 1472      DC289510 
 1473 13db 8F79F813 		.ascii	"\217y\370\023\205\003\365\355\003X}\012\352\024\217"
 1473      8503F5ED 
 1473      03587D0A 
 1473      EA148F
 1474 13ea F3EC6F0F 		.ascii	"\363\354o\017\233\036\027T\217-EW\237\232\244D#\363"
 1474      9B1E1754 
 1474      8F2D4557 
 1474      9F9AA444 
 1474      23F3
 1475 13fc 99F0A6EC 		.ascii	"\231\360\246\354\206\237\006\\swpQ\361\270\304\376\366"
 1475      869F065C 
 1475      73777051 
 1475      F1B8C4FE 
 1475      F6
 1476 140d B0E97159 		.ascii	"\260\351qY\365X\326\233\321\347(\245\020\217\317p)I"
 1476      F558D69B 
 1476      D1E728A5 
 1476      108FCF70 
 1476      2949
 1477 141f 39F70BD6 		.ascii	"9\367\013\326\342sP\257X\\\241\026\3619\005}{\311GT"
 1477      E27350AF 
 1477      585CA116 
 1477      F139057D 
 1477      7BC94754 
 1478 1433 33DF71F9 		.ascii	"3\337q\371Y:zf\011\256\312._\300\033\2014\346\231\353"
 1478      593A7A66 
 1478      09AECA2E 
 1478      5FC01B81 
 1478      34E699EB 
 1479 1447 CF0100D7 		.ascii	"\317\001\000\327D\357l\341\013\371\363\237noU\205v\372"
 1479      44EF6CE1 
 1479      0BF9F39F 
 1479      6E6F5585 
 1479      76FA
 1480 1459 1276FA51 		.ascii	"\022v\372Q\224\237f\256\024f\237}\335^\205\277o\315"
 1480      949F66AE 
 1480      14669F7D 
 1480      DD5E85BF 
 1480      6FCD
 1481 146b AF12E6A8 		.ascii	"\257\022\346\250\377\232\257\013\360\320\340S\374\004"
 1481      FF9AAF0B 
 1481      F0D0E053 
 1481      FC04
 1482 1479 E65310E0 		.ascii	"\346S\020\340-\226\356H\032\003\217\206\242\335\350"
 1482      2D96EE48 
 1482      1A038F86 
ARM GAS  /tmp/ccVr2doo.s 			page 121


 1482      A2DDE8
 1483 1488 6BD2C6A2 		.ascii	"k\322\306\242bt0\025\355C\007\227\242\375\350\340Vt"
 1483      62743015 
 1483      ED430797 
 1483      A2FDE8E0 
 1483      5674
 1484 149a 081D3C8A 		.ascii	"\010\035<\212J\320\301\263\250\024\035\206\324\224\241"
 1484      4AD0C1B3 
 1484      A8141D86 
 1484      D494A1
 1485 14a9 C3B09A72 		.ascii	"\303\260\232rt\360\2529\216\016#k\232\320aTM3:\214\251"
 1485      74F0AA39 
 1485      8E0E236B 
 1485      9AD06154 
 1485      4D333A8C 
 1486 14be B98F0EE6 		.ascii	"\271\217\016\346\232Vt\030[\323\206\016\343\333\332"
 1486      9A567418 
 1486      5BD3860E 
 1486      E3DBDA
 1487 14cd D161425B 		.ascii	"\321aB[\027:Ll{\204\016\001mO\321af[\031\372\232r\374"
 1487      173A4C6C 
 1487      7B840E01 
 1487      6D4FD161 
 1487      665B19FA 
 1488 14e4 A935F283 		.ascii	"\2515\362\203r\036\360\340\272\350=\273\264-\271\\\200"
 1488      721EF0E0 
 1488      BAE83DBB 
 1488      B42DB95C 
 1488      80
 1489 14f5 F1593C5C 		.ascii	"\361Y<\\\031P\377\235\"\307\215\012\012\012\206\377"
 1489      1950FF9D 
 1489      22C78D0A 
 1489      0A0A86FF 
 1490 1505 7DB33832 		.ascii	"}\26382\"8*\362\233\340\360\305Q\377\031\365CTt\304"
 1490      22382AF2 
 1490      9BE0F0C5 
 1490      51FF19F5 
 1490      435474C4 
 1491 1519 C2A06F38 		.ascii	"\302\240o8CTtdD\370B1<\362/\337\240\346\357\342\237"
 1491      43547464 
 1491      44F84231 
 1491      3CF22FDF 
 1491      A0E6EFE2 
 1492 152e C3A32284 		.ascii	"\303\243\"\204\210E\337\202\357@\244\343w\013\302\243"
 1492      8845DF82 
 1492      EF40A4E3 
 1492      770BC2A3 
 1493 153e BE0FE1E4 		.ascii	"\276\017\341\344c(9\206\221\343\024r\234J\216\323\310"
 1493      63283986 
 1493      91E31472 
 1493      9C4A8ED3 
 1493      C8
 1494 154f 713A39CE 		.ascii	"q:9\316\340\034\"\303\027\206\3406\024\267a\270\235"
 1494      E01C22C3 
 1494      1786E036 
 1494      14B761B8 
 1494      9D
ARM GAS  /tmp/ccVr2doo.s 			page 122


 1495 1560 82DBA9B8 		.ascii	"\202\333\251\270\235\206\333\351\270\205\375\243#\376"
 1495      9D86DBE9 
 1495      B885FDA3 
 1495      23FE
 1496 156e 11CD3946 		.ascii	"\021\3159F.\3766<:\234s\300\255\370\347\250(N\010\214"
 1496      2EFE363C 
 1496      3A9C73C0 
 1496      ADF8E7A8 
 1496      284E088C 
 1497 1582 E68C8181 		.ascii	"\346\214\201\201\321\341\177^\020\301\005~\375\371\247"
 1497      D1E17F5E 
 1497      10C1057E 
 1497      FDF9A7
 1498 1591 BFFBF2AB 		.ascii	"\277\373\362\253_\233\321\317\274O\276\376\334L~>\377"
 1498      5F9BD1CF 
 1498      BC4FBEFE 
 1498      DC4C7E3E 
 1498      FF
 1499 15a2 F567F28B 		.ascii	"\365g\362\213\257\277\374\367\317\315\023\377{\376<"
 1499      AFBFFCF7 
 1499      CFCD13FF 
 1499      7BFE3C
 1500 15b1 7F1327E1 		.ascii	"\177\023'\341\271\370.\201\247C\376\341\0332\363\017"
 1500      B9F82E81 
 1500      A743FEE1 
 1500      1B32F30F 
 1501 15c1 EAD17756 		.ascii	"\352\321wVP\330w\260\007\364\306q\253=\314h^6;\310S"
 1501      50D877B0 
 1501      07F4C671 
 1501      AB3DCC68 
 1501      5E363BC8 
 1502 15d6 B6D18184 		.ascii	"\266\321\201\204\255w\200\3134\333\352\340\371\373\250"
 1502      AD7780CB 
 1502      34DBEAE0 
 1502      F9FBA8
 1503 15e5 F0BF44CC 		.ascii	"\360\277D\3146\373F\231\277\372\015Z\276\2113}\365\327"
 1503      36FB4699 
 1503      BFFA0D5A 
 1503      BE89337D 
 1503      F5D7
 1504 15f7 E8F98B17 		.ascii	"\350\371\213\027E\3156qnfs`\340\367\021\013\376:\331"
 1504      45CD3671 
 1504      6E667360 
 1504      E0F7110B 
 1504      FE3AD9
 1505 160a 1CF8BD89 		.ascii	"\034\370\275\211\363FB\277\211\234\277(\332\034\375"
 1505      F34642BF 
 1505      899CBF28 
 1505      DA1CFD
 1506 1619 FDFC2833 		.ascii	"\375\374(3\212\340E\004\2318w\324\025\223\204}\243M"
 1506      8AE04504 
 1506      993877D4 
 1506      1593847D 
 1506      A34D
 1507 162b 5C98DA37 		.ascii	"\\\230\3327\334\214\317\233\027\177g\016_\260\300\214"
 1507      DC8CCF9B 
 1507      177F670E 
ARM GAS  /tmp/ccVr2doo.s 			page 123


 1507      5FB0C08C 
 1508 163b C999C317 		.ascii	"\311\231\303\027}k\206\204\314Q\021\337`\267 \354\206"
 1508      7D6B8684 
 1508      CC5111DF 
 1508      60B720EC 
 1508      86
 1509 164c 63FF1712 		.ascii	"c\377\027\0228\343\237&.\020)\3746\"\374[\334w\361\222"
 1509      38E39F26 
 1509      2E1029FC 
 1509      3622FC5B 
 1509      DC77F192 
 1510 1660 E8BF2E89 		.ascii	"\350\277.\211\226\027\374]\344\342\205Dfa\304\302\305"
 1510      9617FC5D 
 1510      E4E28544 
 1510      6661C4C2 
 1510      C5
 1511 1671 913FC0C1 		.ascii	"\221?\300\301\023P\357\337}\037\021\031a\016\207\377"
 1511      1350EFDF 
 1511      7D1F1119 
 1511      610E87FF 
 1512 1681 2F81135B 		.ascii	"/\201\023[l\236IzEF\374\205x\270\230\221+q\030o\333"
 1512      6C9E497A 
 1512      4546FC85 
 1512      78B89891 
 1512      2B71186F 
 1513 1696 E1B79FFC 		.ascii	"\341\267\237\374*\210t\322\012\303 #k4c\016&n\236m\311"
 1513      2A8874D2 
 1513      0AC32023 
 1513      6B34630E 
 1513      266E9E6D 
 1514 16ab E8EF23CC 		.ascii	"\350\357#\314~\250\247\237\262p\363\304\371\213\340"
 1514      7EA8A79F 
 1514      B270F3C4 
 1514      F98BE0
 1515 16ba 6E592253 		.ascii	"nY\"S\360\207Z&3\271\356&\356g\357\241&\367e\364\340"
 1515      F0875A26 
 1515      33B9EE26 
 1515      EE67EFA1 
 1515      26F765F4 
 1516 16cf CEFB3670 		.ascii	"\316\3736p\361\242\005?\340\236\376\362\354d\275\177"
 1516      F1A2053F 
 1516      E09EFEF2 
 1516      EC64BD7F 
 1517 16df 7B0FBD77 		.ascii	"{\017\275w\324\376'r>\271\252\363\027\315\217\236\037"
 1517      D4FE2772 
 1517      3EB9AAF3 
 1517      17CD8F9E 
 1517      1F
 1518 16f0 BE60FEFF 		.ascii	"\276`\376\377FG|K\245\035\315(\305L\334\317\337C\031"
 1518      46477C4B 
 1518      A51DCD28 
 1518      C54CDCCF 
 1518      DF4319
 1519 1703 76648497 		.ascii	"vd\204\227,\242\202\214\336\377\003)\031HA"
 1519      2CA2828C 
 1519      DEFF0329 
 1519      194841
ARM GAS  /tmp/ccVr2doo.s 			page 124


 1520              		.text
 1521              		.section	.gnu.lto_CSWTCH.63.8724139b4ff04bd4,"e",%progbits
 1522 0000 789C65CB 		.ascii	"x\234e\313;\012\302@\020\306\361\3752\032\222B/\340"
 1522      3B0AC240 
 1522      10C6F1FD 
 1522      321A9242 
 1522      2FE0
 1523 0012 49BC8627 		.ascii	"I\274\206'\361\010&Z(\201\240\225XH|\240\250\007P\360"
 1523      F108265A 
 1523      2881A095 
 1523      58487CA0 
 1523      A80750F0 
 1524 0026 FDD6C2D6 		.ascii	"\375\326\302\326R\013\301F\220\200\027\320\331]\273"
 1524      520BC146 
 1524      908017D0 
 1524      D95DBB
 1525 0035 DD62F8CF 		.ascii	"\335b\370\317\360[G@\344 x\352W'4\007\227\257[\202\357"
 1525      F05B4740 
 1525      E42078EA 
 1525      57273407 
 1525      97AF5B82 
 1526 004a 3911892E 		.ascii	"9\021\211.\351\343\3433o\330!E\004\330\246\201\376x"
 1526      E9E3E333 
 1526      6FD82145 
 1526      04D8A681 
 1526      FE78
 1527 005c 8B5FD026 		.ascii	"\213_\320&i\032K\231\376\263VOk\2230\015)\343\005\243"
 1527      691A4B99 
 1527      FEB3564F 
 1527      6B93300D 
 1527      29E305A3 
 1528 0070 764A1B32 		.ascii	"vJ\0332MB\231^\320\231\375\215e\232\2442\343\312{\350"
 1528      4D42995E 
 1528      D099FD8D 
 1528      659AA432 
 1528      E3CA7BE8 
 1529 0084 6A03D3D8 		.ascii	"j\003\323\330\312\204\305\370\356h#\327\370Z\365);)"
 1529      CA84C5F8 
 1529      EE6823D7 
 1529      F85AF529 
 1529      3B29
 1530 0096 945B857C 		.ascii	"\224[\205|D\026N\310\340\210\022p\340\330\313\330ql"
 1530      44164EC8 
 1530      E0881270 
 1530      E0D8CBD8 
 1530      716C
 1531 00a8 656C38D6 		.ascii	"el8\3262V\034K\031\013\216\271\214\031\307\224C\340"
 1531      32561C4B 
 1531      190B8EB9 
 1531      8C19C794 
 1531      43E0
 1532 00ba 8CACF801 		.ascii	"\214\254\370\001\274\304f\270"
 1532      BCC466B8 
 1533              		.text
 1534              		.section	.gnu.lto_CSWTCH.64.8724139b4ff04bd4,"e",%progbits
 1535 0000 789C65CB 		.ascii	"x\234e\313;\012\302@\020\306\361\3752\032\222B/\340"
 1535      3B0AC240 
ARM GAS  /tmp/ccVr2doo.s 			page 125


 1535      10C6F1FD 
 1535      321A9242 
 1535      2FE0
 1536 0012 49BC8627 		.ascii	"I\274\206'\361\010&Z(\201\240\225XH|\240\250\007P\360"
 1536      F108265A 
 1536      2881A095 
 1536      58487CA0 
 1536      A80750F0 
 1537 0026 FDD6C2D6 		.ascii	"\375\326\302\326R\013\301F\220\200\027\320\331]\273"
 1537      520BC146 
 1537      908017D0 
 1537      D95DBB
 1538 0035 DD62F8CF 		.ascii	"\335b\370\317\360[G@\344 x\352W'4\007\227\257[\202\357"
 1538      F05B4740 
 1538      E42078EA 
 1538      57273407 
 1538      97AF5B82 
 1539 004a 3911892E 		.ascii	"9\021\211.\351\343\3433o\330!E\004\330\246\201\376x"
 1539      E9E3E333 
 1539      6FD82145 
 1539      04D8A681 
 1539      FE78
 1540 005c 8B5FD026 		.ascii	"\213_\320&i\032K\231\376\263VOk\2230\015)\343\005\243"
 1540      691A4B99 
 1540      FEB3564F 
 1540      6B93300D 
 1540      29E305A3 
 1541 0070 764A1B32 		.ascii	"vJ\0332MB\231^\320\231\375\215e\232\2442\343\312{\350"
 1541      4D42995E 
 1541      D099FD8D 
 1541      659AA432 
 1541      E3CA7BE8 
 1542 0084 6A03D3D8 		.ascii	"j\003\323\330\312\204\305\370\356h#\327\370Z\365);)"
 1542      CA84C5F8 
 1542      EE6823D7 
 1542      F85AF529 
 1542      3B29
 1543 0096 945B857C 		.ascii	"\224[\205|D\026N\310\340\210\022p\340\330\313\330ql"
 1543      44164EC8 
 1543      E0881270 
 1543      E0D8CBD8 
 1543      716C
 1544 00a8 656C38D6 		.ascii	"el8\3262V\034K\031\013\216\271\214\031\307\224C\340"
 1544      32561C4B 
 1544      190B8EB9 
 1544      8C19C794 
 1544      43E0
 1545 00ba 8CACF801 		.ascii	"\214\254\370\001\274\304f\270"
 1545      BCC466B8 
 1546              		.text
 1547              		.section	.gnu.lto_CSWTCH.65.8724139b4ff04bd4,"e",%progbits
 1548 0000 789C65CB 		.ascii	"x\234e\313;\012\302@\020\306\361\3752\032\222B/\340"
 1548      3B0AC240 
 1548      10C6F1FD 
 1548      321A9242 
 1548      2FE0
 1549 0012 49BC8627 		.ascii	"I\274\206'\361\010&Z(\201\240\225XH|\240\250\007P\360"
ARM GAS  /tmp/ccVr2doo.s 			page 126


 1549      F108265A 
 1549      2881A095 
 1549      58487CA0 
 1549      A80750F0 
 1550 0026 FDD6C2D6 		.ascii	"\375\326\302\326R\013\301F\220\200\027\320\331]\273"
 1550      520BC146 
 1550      908017D0 
 1550      D95DBB
 1551 0035 DD62F8CF 		.ascii	"\335b\370\317\360[G@\344 x\352W'4\007\227\257[\202\357"
 1551      F05B4740 
 1551      E42078EA 
 1551      57273407 
 1551      97AF5B82 
 1552 004a 3911892E 		.ascii	"9\021\211.\351\343\3433o\330!E\004\330\246\201\376x"
 1552      E9E3E333 
 1552      6FD82145 
 1552      04D8A681 
 1552      FE78
 1553 005c 8B5FD026 		.ascii	"\213_\320&i\032K\231\376\263VOk\2230\015)\343\005\243"
 1553      691A4B99 
 1553      FEB3564F 
 1553      6B93300D 
 1553      29E305A3 
 1554 0070 764A1B32 		.ascii	"vJ\0332MB\231^\320\231\375\215e\232\2442\343\312{\350"
 1554      4D42995E 
 1554      D099FD8D 
 1554      659AA432 
 1554      E3CA7BE8 
 1555 0084 6A03D3D8 		.ascii	"j\003\323\330\312\204\305\370\356h#\327\370Z\365);)"
 1555      CA84C5F8 
 1555      EE6823D7 
 1555      F85AF529 
 1555      3B29
 1556 0096 945B857C 		.ascii	"\224[\205|D\026N\310\340\210\022p\340\330\313\330ql"
 1556      44164EC8 
 1556      E0881270 
 1556      E0D8CBD8 
 1556      716C
 1557 00a8 656C38D6 		.ascii	"el8\3262V\034K\031\013\216\271\214\031\307\224C\340"
 1557      32561C4B 
 1557      190B8EB9 
 1557      8C19C794 
 1557      43E0
 1558 00ba 8CACF801 		.ascii	"\214\254\370\001\274\304f\270"
 1558      BCC466B8 
 1559              		.text
 1560              		.section	.gnu.lto_CSWTCH.66.8724139b4ff04bd4,"e",%progbits
 1561 0000 789C65CB 		.ascii	"x\234e\313;\012\302@\020\306\361\3752\032\222B/\340"
 1561      3B0AC240 
 1561      10C6F1FD 
 1561      321A9242 
 1561      2FE0
 1562 0012 49BC8627 		.ascii	"I\274\206'\361\010&Z(\201\240\225XH|\240\250\007P\360"
 1562      F108265A 
 1562      2881A095 
 1562      58487CA0 
 1562      A80750F0 
ARM GAS  /tmp/ccVr2doo.s 			page 127


 1563 0026 FDD6C2D6 		.ascii	"\375\326\302\326R\013\301F\220\200\027\320\331]\273"
 1563      520BC146 
 1563      908017D0 
 1563      D95DBB
 1564 0035 DD62F8CF 		.ascii	"\335b\370\317\360[G@\344 x\352W'4\007\227\257[\202\357"
 1564      F05B4740 
 1564      E42078EA 
 1564      57273407 
 1564      97AF5B82 
 1565 004a 3911892E 		.ascii	"9\021\211.\351\343\3433o\330!E\004\330\246\201\376x"
 1565      E9E3E333 
 1565      6FD82145 
 1565      04D8A681 
 1565      FE78
 1566 005c 8B5FD026 		.ascii	"\213_\320&i\032K\231\376\263VOk\2230\015)\343\005\243"
 1566      691A4B99 
 1566      FEB3564F 
 1566      6B93300D 
 1566      29E305A3 
 1567 0070 764A1B32 		.ascii	"vJ\0332MB\231^\320\231\375\215e\232\2442\343\312{\350"
 1567      4D42995E 
 1567      D099FD8D 
 1567      659AA432 
 1567      E3CA7BE8 
 1568 0084 6A03D3D8 		.ascii	"j\003\323\330\312\204\305\370\356h#\327\370Z\365);)"
 1568      CA84C5F8 
 1568      EE6823D7 
 1568      F85AF529 
 1568      3B29
 1569 0096 945B857C 		.ascii	"\224[\205|D\026N\310\340\210\022p\340\330\313\330ql"
 1569      44164EC8 
 1569      E0881270 
 1569      E0D8CBD8 
 1569      716C
 1570 00a8 656C38D6 		.ascii	"el8\3262V\034K\031\013\216\271\214\031\307\224C\340"
 1570      32561C4B 
 1570      190B8EB9 
 1570      8C19C794 
 1570      43E0
 1571 00ba 8CACF801 		.ascii	"\214\254\370\001\274\304f\270"
 1571      BCC466B8 
 1572              		.text
 1573              		.section	.gnu.lto_aosSysInit.8724139b4ff04bd4,"e",%progbits
 1574 0000 789C8D96 		.ascii	"x\234\215\226\337S\023W\024\307\357\331K\302\022\002"
 1574      DF531357 
 1574      14C7EFD9 
 1574      4BC21202 
 1575 0010 525AAB2D 		.ascii	"RZ\253-\322b\261\017\266\235\204\361/\350L\377\200>"
 1575      D262B10F 
 1575      B69D84F1 
 1575      2FE84CFF 
 1575      803E
 1576 0022 F4A18F9D 		.ascii	"\364\241\217\2356\315\014L-\314\020\352\264O.I\004*"
 1576      36CD0C4C 
 1576      2DCC10EA 
 1576      B44F2E49 
 1576      042A
ARM GAS  /tmp/ccVr2doo.s 			page 128


 1577 0034 8833B616 		.ascii	"\2103\266\026\302\214\263\251\031\247\265\235\261\372"
 1577      C28CB3A9 
 1577      19A7B59D 
 1577      B1FA
 1578 0042 08548D58 		.ascii	"\010T\215X\265\376\200\"\255hQ~\024\177$ \202\002\265"
 1578      B5FE8022 
 1578      AD68517E 
 1578      147F2420 
 1578      8202B5
 1579 0055 C62AF49C 		.ascii	"\306*\364\234\273\233t7\273\011\356dg\262{\316=\237"
 1579      BB9B7437 
 1579      BB09EE64 
 1579      67B27BCE 
 1579      3D9F
 1580 0067 73BEE79E 		.ascii	"s\276\347\236\233\310\014X\242\210\261\317\031c\225"
 1580      9BC80C58 
 1580      A288B1CF 
 1580      196395
 1581 0076 78036720 		.ascii	"x\003g )\212\362va\263,\001\210o\212\014l\247\004;a"
 1581      298AF276 
 1581      61B32C01 
 1581      886F8A0C 
 1581      6CA7043B 
 1582 008b 2FEFE230 		.ascii	"/\357\3420\320z\247W\332\372\035Z\224x\327}\317\264"
 1582      D07AA757 
 1582      DAFA1D5A 
 1582      9478D77D 
 1582      CFB4
 1583 009d 32AC7095 		.ascii	"2\254p\2253\026\301[\273\240\017\2662\206\256\323\307"
 1583      3316C15B 
 1583      BBA00FB6 
 1583      3286AED3 
 1583      C7
 1584 00ae 56F69738 		.ascii	"V\366\2278\013t\023\364\203\023Lo\201\231\334\204\303"
 1584      0B7413F4 
 1584      83134C6F 
 1584      8199DC84 
 1584      C3
 1585 00bf CFE044D7 		.ascii	"\317\340D\327\343\370\015\215?\2158\342\312\312j\253"
 1585      E3F80D8D 
 1585      3F8D38E2 
 1585      CACA6AAB 
 1586 00cf 121FEA87 		.ascii	"\022\037\352\207}_\017\276U\016L\245e\355\234Q\002\005"
 1586      7D5F0FBE 
 1586      550E4CA5 
 1586      65ED9C51 
 1586      0205
 1587 00e1 A0C419EB 		.ascii	"\240\304\031\353\340\222\366\020\302\2079\010G\027\306"
 1587      E092F610 
 1587      C2873908 
 1587      4717C6
 1588 00f0 B7512C8A 		.ascii	"\267Q,\212}\340\373K\253Ea\0106\313*\227\"\\\302\330"
 1588      7DE0FB4B 
 1588      AB456108 
 1588      36CB2A97 
 1588      225CC2D8 
 1589 0104 27200C64 		.ascii	"' \014d\212O\355I\361N\314\235\303*\300I\250Py\201X"
ARM GAS  /tmp/ccVr2doo.s 			page 129


 1589      8A4FED49 
 1589      F14ECC9D 
 1589      C32AC049 
 1589      A8507981 
 1590 0119 9E1A97EC 		.ascii	"\236\032\227\354\226;\"\034\353\200\270\276\2743\264"
 1590      963B221C 
 1590      EB80B8BE 
 1590      BC33B4
 1591 0128 3021D372 		.ascii	"0!\323r'd{:c\\\253l\364\372\331a8\0041Py!\014\340B8"
 1591      27647B3A 
 1591      635CAB6C 
 1591      F4FAD961 
 1591      38043150 
 1592 0142 0515C2D2 		.ascii	"\005\025\302\322\333\025?(\334\333\024\245\212b\234"
 1592      DB153F28 
 1592      DCDB14A5 
 1592      8A629C
 1593 0151 463F4185 		.ascii	"F?A\205_\320O\3452\233\205\340\342\243\223\311\3167"
 1593      5FD04FE5 
 1593      329B85E0 
 1593      E2A393C9 
 1593      CE37
 1594 0163 490D23B0 		.ascii	"I\015#\260\310\002t\305H\0243\260\030\316\022\360\014"
 1594      C80274C5 
 1594      481433B0 
 1594      18CE12F0 
 1594      0C
 1595 0174 01E11CBE 		.ascii	"\001\341\034\2764\206(\006\006\277\242E0\016.\355\257"
 1595      34862806 
 1595      06BFA245 
 1595      300E2EED 
 1595      AF
 1596 0185 24B4D1C1 		.ascii	"$\264\321\301ma\270c\244\236\231Q\002\027\210q^0.f1"
 1596      6D61B863 
 1596      A49E9951 
 1596      02178871 
 1596      5E302E66 
 1597 019a 4A907149 		.ascii	"J\220qIg$\207\256\272u\304\332B\015\032\205\352\333"
 1597      672487AE 
 1597      BA75C4DA 
 1597      420D1A85 
 1597      EADB
 1598 01ac D776D459 		.ascii	"\327v\324Ys\204\032\214:\225\302\020\272uk\373\3517"
 1598      73841A8C 
 1598      3A95C210 
 1598      BA756BFB 
 1598      E937
 1599 01be A831F24A 		.ascii	"\2501\362J\2217\214\253\250\205O'l[\270.\202-fp9\273"
 1599      91378CAB 
 1599      A8854F27 
 1599      6C5BB82E 
 1599      822D6670 
 1600 01d4 8565966A 		.ascii	"\205e\226j\313b\324lsf\317\301\357\224\331\2105\263"
 1600      CB62D46C 
 1600      7366CFC1 
 1600      EF94D988 
 1600      35B3
ARM GAS  /tmp/ccVr2doo.s 			page 130


 1601 01e6 681F9ACB 		.ascii	"h\037\232\313\341\017\221\233\276\253\007v\267\214\272"
 1601      E10F919B 
 1601      BEAB0776 
 1601      B78CBA
 1602 01f5 F40E474B 		.ascii	"\364\016GKU\376<\\\201\032\255\303\243\242\303/\220"
 1602      55FE3C5C 
 1602      811AADC3 
 1602      A3A2C32F 
 1602      90
 1603 0206 323DA99E 		.ascii	"2=\251\236\323\313#\3344\026\016\343X\204)\376T{r\303"
 1603      D3CB23DC 
 1603      34160EE3 
 1603      588429FE 
 1603      547B72C3 
 1604 021a 36311FC2 		.ascii	"61\037\302j\234\231k8)W\305\314\374)\344M\315\037\272"
 1604      6A9C996B 
 1604      382957C5 
 1604      CCFC29E4 
 1604      4DCD1FBA 
 1605 022e 2676F57A 		.ascii	"&v\365z\220s\325\264+\224lui5\275\010\327\251\2461\275"
 1605      9073D5B4 
 1605      2B946C75 
 1605      6935BD08 
 1605      D7A9A631 
 1606 0243 A6B6816F 		.ascii	"\246\266\201o\023\222V\323\324\335\216\362#n\225o\200"
 1606      139256D3 
 1606      D4DD8EF2 
 1606      236E956F 
 1606      80
 1607 0254 1BA22C49 		.ascii	"\033\242,I\260\030\214\013\325\327\326j\"\207VT\313"
 1607      B0188C0B 
 1607      D5D7D66A 
 1607      22875654 
 1607      CB
 1608 0265 A243E51B 		.ascii	"\242C\345\033aR\304\325w@8yx\314\245\253\371X$6\005"
 1608      6152C4D5 
 1608      77403879 
 1608      78CCA5AB 
 1608      F9582436 
 1609 027a 35DDD42E 		.ascii	"5\335\324.\262\236\2722\366\0257\210\271\036\376J\213"
 1609      B29EBA32 
 1609      F6153788 
 1609      B91EFE4A 
 1609      8B
 1610 028b 394DCDB4 		.ascii	"9M\315\264QR\027n&\227p73\302\335\022\302=<:\034*\326"
 1610      5152176E 
 1610      26977037 
 1610      33C2DD12 
 1610      C23D3C3A 
 1611 02a2 8473E72A 		.ascii	"\204s\347*\360\311\205\037\307J\322\302\335\241\002"
 1611      F0C9851F 
 1611      C74AD2C2 
 1611      DDA102
 1612 02b1 6FEB0576 		.ascii	"o\353\005v\234\357\357\201l\341\022i\341nR\242\311g"
 1612      9CEFEF81 
 1612      6CE11269 
 1612      E16E52A2 
ARM GAS  /tmp/ccVr2doo.s 			page 131


 1612      C967
 1613 02c3 146E26A7 		.ascii	"\024n&\247p3\272p\263\371\205\273K\3029r\0117\227\026"
 1613      7033BA70 
 1613      B3F985BB 
 1613      4BC23972 
 1613      09379716 
 1614 02d7 EE1E0937 		.ascii	"\356\036\0117\007\241h\357\244\355\260\274\024\341\244"
 1614      07A168EF 
 1614      A4EDB0BC 
 1614      14E1A4
 1615 02e6 CE3CB9A9 		.ascii	"\316<\271\251\374e\322\370\233\303\013\357\223\353\001"
 1615      FC65D2F8 
 1615      9BC30BEF 
 1615      93EB01
 1616 02f5 6E9AF40A 		.ascii	"n\232\364\012\313\370T\304\250s\346\312\000\356Se\013"
 1616      CBF854C4 
 1616      A873E6CA 
 1616      00EE5365 
 1616      0B
 1617 0306 E2B07880 		.ascii	"\342\260x\200/\021\336ReG\336\024\341\205\350\263\250"
 1617      2F11DE52 
 1617      6547DE14 
 1617      E185E8B3 
 1617      A8
 1618 0317 8FE9DA92 		.ascii	"\217\351\332\222-\345\232\313Y4W\302\262\320\313i?\227"
 1618      2DE59ACB 
 1618      593457C2 
 1618      B2D0CB69 
 1618      3F97
 1619 0329 AFC0DF69 		.ascii	"\257\300\337iE\036b\030c]\257\012|\377\362\361Y\201"
 1619      451E6218 
 1619      635DAF0A 
 1619      7CFFF2F1 
 1619      5981
 1620 033b DF886F62 		.ascii	"\337\210ob\3726\232T\026\007i\204\232\313T^\005\217"
 1620      FA369A54 
 1620      16076984 
 1620      9ACB545E 
 1620      058F
 1621 034d 88FF8FCE 		.ascii	"\210\377\217\316_J\2349!\223\1777\002~\220(L*s\270?"
 1621      5F4A9C39 
 1621      21937F37 
 1621      027E9028 
 1621      4C2A73B8 
 1622 0362 464F544F 		.ascii	"FOTO\345\233\3059\225\230\264\375\245z-\202\347?\203"
 1622      E59BC539 
 1622      9598B4FD 
 1622      A57A2D82 
 1622      E73F83
 1623 0375 7FB3CFA9 		.ascii	"\177\263\317\251j\213\036\3251\252\313\254\307\026x"
 1623      6A8B1ED5 
 1623      31AACBAC 
 1623      C71678
 1624 0384 4AF93CB1 		.ascii	"J\371<\261\377\251\251\206\225L6\253\342 z]\2442c\277"
 1624      FFA9A986 
 1624      954C36AB 
 1624      E2207A5D 
ARM GAS  /tmp/ccVr2doo.s 			page 132


 1624      A43263BF 
 1625 0398 0BF45414 		.ascii	"\013\364T\024\311\332\013d\027Z\331\315R>vPJ\263C\322"
 1625      C9DA0B64 
 1625      175AD9CD 
 1625      523E7650 
 1625      4AB343D2 
 1626 03ac FFEC7B79 		.ascii	"\377\354{y\331a{\266le\357\312\313n\311\260[\015\354"
 1626      D9617BB6 
 1626      6C65EFCA 
 1626      CB6EC9B0 
 1626      5B0DEC
 1627 03bf 0779D96D 		.ascii	"\007y\331m\366\354\"+\373\313\274\354\335\031v\273\201"
 1627      F6EC222B 
 1627      FBCBBCEC 
 1627      DD1976BB 
 1627      81
 1628 03d0 7DEC563E 		.ascii	"}\354V>v\207=\333ee\357\311\313\356\314\260\367\352"
 1628      76873DDB 
 1628      6565EFC9 
 1628      CBEECCB0 
 1628      F7EA
 1629 03e2 EC790846 		.ascii	"\354y\010Fo\353l\272\3329h\377\240\202qz\334\344\361"
 1629      6FEB6CBA 
 1629      DA3968FF 
 1629      A082717A 
 1629      DCE4F1
 1630 03f5 78F1E36B 		.ascii	"x\361\343kh\364{\003\215>\357\207\015\201\017\002_\004"
 1630      68F47B03 
 1630      8D3EEF87 
 1630      0D810F02 
 1630      5F04
 1631 0407 9AFC9F7A 		.ascii	"\232\374\237z|\354\015\315\370\211\277\261\336\277\335"
 1631      7CEC0DCD 
 1631      F889BFB1 
 1631      DEBFDD
 1632 0416 FB4E6DDD 		.ascii	"\373Nm\335Gu\357\276\347m\010x\033\233\274u\365\276"
 1632      4775EFBE 
 1632      E76D0878 
 1632      1B9BBC75 
 1632      F5BE
 1633 0428 ED9F7DEC 		.ascii	"\355\237}\354\367\372jw4yj\231\347\231\\\375;\374\365"
 1633      F7FA6A77 
 1633      34796A99 
 1633      E7995CFD 
 1633      3BFCF5
 1634 043b 4D0174FF 		.ascii	"M\001t\377\017\034b[@"
 1634      0F1C625B 
 1634      40
 1635              		.text
 1636              		.section	.gnu.lto__shellcmd_config.8724139b4ff04bd4,"e",%progbits
 1637 0000 789CE360 		.ascii	"x\234\343``dhe``\320e\200\200\351\314\214}\315\357\357"
 1637      60646865 
 1637      6060D065 
 1637      8080E9CC 
 1637      8C7DCDEF 
 1638 0015 71F431CF 		.ascii	"q\3641\317g\006J\001\271sW\234\371\317\331\302\330\324"
 1638      67064A01 
ARM GAS  /tmp/ccVr2doo.s 			page 133


 1638      B973579C 
 1638      F9CFD9C2 
 1638      D8D4
 1639 0027 D8D1D0F0 		.ascii	"\330\321\320\360\240{-\253\304|f\306\231\314\020\245"
 1639      A07B2DAB 
 1639      C47C66C6 
 1639      99CC10A5 
 1640 0037 ADB3FE4D 		.ascii	"\255\263\376MbW\224\237\3370Ca>3\023H\344\371\245\333"
 1640      6257949F 
 1640      DF304361 
 1640      3E331348 
 1640      E4F9A5DB 
 1641 004b CB5840AA 		.ascii	"\313X@\252g44,`\233\317\314\314\270\207Q\021\254\266"
 1641      6734342C 
 1641      609BCFCC 
 1641      CCB88751 
 1641      11ACB6
 1642 005e F9EEDB57 		.ascii	"\371\356\333Wl\226\333\033:\0264\030\314gf\231\0014"
 1642      6C96DB1B 
 1642      3A163418 
 1642      CC676699 
 1642      0134
 1643 0070 7E2F630B 		.ascii	"~/c\013\343\014fF\306\335`\232\211q\027\2434\003\343"
 1643      E30C6646 
 1643      C6DD609A 
 1643      897117A3 
 1643      3403E3
 1644 0083 3E464B06 		.ascii	">FK\006\031==} J\316/J\325/.J\326O\314/\216/\256,.I"
 1644      193D3D7D 
 1644      204ACE2F 
 1644      4AD52F2E 
 1644      4AD64FCC 
 1645 009e CDD54B66 		.ascii	"\315\325Kf\340\313\315O)\315I\265J\316\317K\313Lg\000"
 1645      E0CBCD4F 
 1645      29CD49B5 
 1645      4ACECF4B 
 1645      CB4C6700 
 1646 00b2 00D53F3B 		.ascii	"\000\325?;e"
 1646      65
 1647              		.text
 1648              		.section	.gnu.lto__shellcmd_info.8724139b4ff04bd4,"e",%progbits
 1649 0000 789CE360 		.ascii	"x\234\343``dhe``\320f\200\200\351\314\214}\315\357\357"
 1649      60646865 
 1649      6060D066 
 1649      8080E9CC 
 1649      8C7DCDEF 
 1650 0015 71F431CF 		.ascii	"q\3641\317g\006J\001\271sW\234\371\317\331\302\330\324"
 1650      67064A01 
 1650      B973579C 
 1650      F9CFD9C2 
 1650      D8D4
 1651 0027 D8D1D0F0 		.ascii	"\330\321\320\360\240{\005\253\304|f\306\231\314\020"
 1651      A07B05AB 
 1651      C47C66C6 
 1651      99CC10
 1652 0036 A557EF5C 		.ascii	"\245W\357\\\177\306\250(?\277a\206\302|f&\220\310\272"
 1652      7FC6A828 
ARM GAS  /tmp/ccVr2doo.s 			page 134


 1652      3FBF6186 
 1652      C27C6626 
 1652      90C8BA
 1653 0049 4D67DAB9 		.ascii	"Mg\332\271A\252g44,`\233\317\314\314\270\207Q\021\254"
 1653      41AA6734 
 1653      342C609B 
 1653      CFCCCCB8 
 1653      875111AC 
 1654 005d 76CEA52D 		.ascii	"v\316\245-\353\330-\2677t,h0\230\317\3142\003h\374^"
 1654      EBD82DB7 
 1654      37742C68 
 1654      3098CFCC 
 1654      320368FC 
 1655 0072 C616C619 		.ascii	"\306\026\306\031\314\214\214\273\3014\023\343.Fi\006"
 1655      CC8C8CBB 
 1655      C13413E3 
 1655      2E466906 
 1656 0082 C67D8C96 		.ascii	"\306}\214\226\0142zz\372@\224\234_\224\252_\\\224\254"
 1656      0C327A7A 
 1656      FA40949C 
 1656      5F94AA5F 
 1656      5C94AC
 1657 0095 9F985F1C 		.ascii	"\237\230_\034_\\Y\\\222\232\253\227\314\300\223\233"
 1657      5F5C595C 
 1657      929AAB97 
 1657      CCC0939B 
 1658 00a5 9F529A93 		.ascii	"\237R\232\223j\225\231\227\226\317\000\000^H:e"
 1658      6A959997 
 1658      96CF0000 
 1658      5E483A65 
 1659              		.text
 1660              		.section	.gnu.lto__shellcmd_shutdown.8724139b4ff04bd4,"e",%progbits
 1661 0000 789CE360 		.ascii	"x\234\343``dhe``\320g\200\200\351\314\214}\315\357\357"
 1661      60646865 
 1661      6060D067 
 1661      8080E9CC 
 1661      8C7DCDEF 
 1662 0015 71F431CF 		.ascii	"q\3641\317g\006J\001\271sW\234\371\317\331\302\330\324"
 1662      67064A01 
 1662      B973579C 
 1662      F9CFD9C2 
 1662      D8D4
 1663 0027 D8D1D0F0 		.ascii	"\330\321\320\360\240{7\253\304|f\306\231\314\020\245"
 1663      A07B37AB 
 1663      C47C66C6 
 1663      99CC10A5 
 1664 0037 5F27B74E 		.ascii	"_'\267N`T\224\237\3370Ca>3\023Hd\361\231?\355\254 \325"
 1664      6054949F 
 1664      DF304361 
 1664      3E331348 
 1664      64F1993F 
 1665 004f 331A1A16 		.ascii	"3\032\032\026\260\315gff\334\303\250\010V\273\243i\313"
 1665      B0CD6766 
 1665      66DCC3A8 
 1665      0856BBA3 
 1665      69CB
 1666 0061 2F66CBED 		.ascii	"/f\313\355\015\035\013\032\014\3463\263\314\000\032"
ARM GAS  /tmp/ccVr2doo.s 			page 135


 1666      0D1D0B1A 
 1666      0CE633B3 
 1666      CC001A
 1667 0070 BF97B185 		.ascii	"\277\227\261\205q\0063#\343n0\315\304\270\213Q\232\201"
 1667      71063323 
 1667      E36E30CD 
 1667      C4B88B51 
 1667      9A81
 1668 0082 711FA325 		.ascii	"q\037\243%\203\214\236\236>\020%\347\027\245\352\027"
 1668      838C9E9E 
 1668      3E1025E7 
 1668      17A5EA17 
 1669 0092 1725EB27 		.ascii	"\027%\353'\346\027\307\027W\026\227\244\346\352%3\010"
 1669      E617C717 
 1669      571697A4 
 1669      E6EA2533 
 1669      08
 1670 00a3 405856C5 		.ascii	"@XV\305\031\245%)\371\345y\014\000\022\373;\353"
 1670      19A52529 
 1670      F9E5790C 
 1670      0012FB3B 
 1670      EB
 1671              		.text
 1672              		.section	.gnu.lto__shellcmd_memdump.8724139b4ff04bd4,"e",%progbits
 1673 0000 789CE360 		.ascii	"x\234\343``dhe``\320c\200\200\351\314\214}\315\357\357"
 1673      60646865 
 1673      6060D063 
 1673      8080E9CC 
 1673      8C7DCDEF 
 1674 0015 71F431CF 		.ascii	"q\3641\317g\006J\001\271sW\234\371\317\331\302\330\324"
 1674      67064A01 
 1674      B973579C 
 1674      F9CFD9C2 
 1674      D8D4
 1675 0027 D8D1D0F0 		.ascii	"\330\321\320\360\240\3734\253\304|f\306\231\314\020"
 1675      A0FB34AB 
 1675      C47C66C6 
 1675      99CC10
 1676 0036 A5337F5C 		.ascii	"\2453\177\\8\317\257(?\277a\206\302|f&\220\310\305\335"
 1676      38CFAF28 
 1676      3FBF6186 
 1676      C27C6626 
 1676      90C8C5DD 
 1677 004a 1F5FB282 		.ascii	"\037_\262\202T\317hhX\3006\237\231\231q\017\243\"X\355"
 1677      54CF6868 
 1677      58C0369F 
 1677      9999710F 
 1677      A32258ED 
 1678 005e AB354BBF 		.ascii	"\2535K\2770Zno\350X\320`0\237\231e\006\320\370\275\214"
 1678      305A6E6F 
 1678      E858D060 
 1678      309F9965 
 1678      06D0F8BD 
 1679 0073 2D8C3398 		.ascii	"-\2143\230\031\031w\203i&\306]\214\322\014\214\373\030"
 1679      19197783 
 1679      6926C65D 
 1679      8CD20C8C 
ARM GAS  /tmp/ccVr2doo.s 			page 136


 1679      FB18
 1680 0085 2D1964F4 		.ascii	"-\031d\364\364\364\201(9\277(U\277\270(Y?1\2778\276"
 1680      F4F48128 
 1680      39BF2855 
 1680      BFB82859 
 1680      3F31BF38 
 1681 009a B8B2B824 		.ascii	"\270\262\270$5W/\231\201?7?\2454'\325*757\2454\267\200"
 1681      35572F99 
 1681      813F373F 
 1681      A53427D5 
 1681      2A373537 
 1682 00b2 010079AF 		.ascii	"\001\000y\257<\255"
 1682      3CAD
 1683              		.text
 1684              		.section	.gnu.lto__shellcmd_kerneltest.8724139b4ff04bd4,"e",%progbits
 1685 0000 789CE360 		.ascii	"x\234\343``dhe``\320f\200\200\351\314\214}\315\357\357"
 1685      60646865 
 1685      6060D066 
 1685      8080E9CC 
 1685      8C7DCDEF 
 1686 0015 71F431CF 		.ascii	"q\3641\317g\006J\001\271sW\234\371\317\331\302\330\324"
 1686      67064A01 
 1686      B973579C 
 1686      F9CFD9C2 
 1686      D8D4
 1687 0027 D8D1D0F0 		.ascii	"\330\321\320\360\240\373\035\253\304|f\306\231\314\020"
 1687      A0FB1DAB 
 1687      C47C66C6 
 1687      99CC10
 1688 0036 A51D4F76 		.ascii	"\245\035Ov\035aU\224\237\3370Ca>3\023H\244\363\372\333"
 1688      1D615594 
 1688      9FDF3043 
 1688      613E3313 
 1688      48A4F3FA 
 1689 004b 0BCC20D5 		.ascii	"\013\314 \3253\032\032\026\260\315gff\334\303\250\010"
 1689      331A1A16 
 1689      B0CD6766 
 1689      66DCC3A8 
 1689      08
 1690 005c 56BB65CF 		.ascii	"V\273e\317\315S\314\226\333\033:\0264\030\314gf\231"
 1690      CD53CC96 
 1690      DB1B3A16 
 1690      3418CC67 
 1690      6699
 1691 006e 01347E2F 		.ascii	"\0014~/c\013\343\014fF\306\335`\232\211q\027\2434\003"
 1691      630BE30C 
 1691      6646C6DD 
 1691      609A8971 
 1691      17A33403 
 1692 0082 E33E464B 		.ascii	"\343>FK\006\031==} J\316/J\325/.J\326O\314/\216/\256"
 1692      06193D3D 
 1692      7D204ACE 
 1692      2F4AD52F 
 1692      2E4AD64F 
 1693 009b 2C2E49CD 		.ascii	",.I\315\325Kf\340\311N-\312K\315\261*I-.a\000\000\203"
 1693      D54B66E0 
 1693      C94E2DCA 
ARM GAS  /tmp/ccVr2doo.s 			page 137


 1693      4BCDB12A 
 1693      492D2E61 
 1694 00b2 A43ADB   		.ascii	"\244:\333"
 1695              		.text
 1696              		.section	.gnu.lto_aosSysStartUptimeS.8724139b4ff04bd4,"e",%progbits
 1697 0000 789C7592 		.ascii	"x\234u\222\313k\023Q\024\306\31777\231L\324\330? \276"
 1697      CB6B1351 
 1697      14C6CF37 
 1697      37994CD4 
 1697      D83F20BE 
 1698 0014 B615CD14 		.ascii	"\266\025\315\024]\270-\370\007\270p\345\252\3248\220"
 1698      5DB82DF8 
 1698      07B870E5 
 1698      AAD43890 
 1699 0024 609AC024 		.ascii	"`\232\300$\012\256z\363\200\024k+\026%\006,\011\006"
 1699      0AAE7AF3 
 1699      80146B2B 
 1699      1625062C 
 1699      0906
 1700 0036 B11BAD82 		.ascii	"\261\033\255\202\233V\243\323\252\365\325\332\320\205"
 1700      9B56A3D3 
 1700      AAF5D5DA 
 1700      D085
 1701 0044 1B21942E 		.ascii	"\033!\224.R\024QPt%\215\347\316\004LS\275\314\353\316"
 1701      52145150 
 1701      74258DE7 
 1701      CE044C53 
 1701      BDCCEBCE 
 1702 0058 F9CEF73B 		.ascii	"\371\316\367;\367\334k\020hU#\312\022\321~\276!\010"
 1702      F7DC6B10 
 1702      685523CA 
 1702      12D17EBE 
 1702      2108
 1703 006a 9A947230 		.ascii	"\232\224r0\22054\300\375\222\006hT\303(\256\212\222"
 1703      903534C0 
 1703      FD920668 
 1703      54C328AE 
 1703      8A92
 1704 007c C062B135 		.ascii	"\300b\2615\247\365\337\345\210tJ\217\216o\310\206\024"
 1704      A7F5DFE5 
 1704      88744A8F 
 1704      8E6FC886 
 1704      14
 1705 008d 154154E6 		.ascii	"\025AT\346\333\033\230G?\021K7\036n\335\010\351\276"
 1705      DB1B9847 
 1705      3F114B37 
 1705      1E6EDD08 
 1705      E9BE
 1706 009f 4E088FA1 		.ascii	"N\010\217\2413\215hv\315\357\310\255vQ:\315\025L]\377"
 1706      338D6876 
 1706      CDEFC8AD 
 1706      76513ACD 
 1706      154C5DFF 
 1707 00b3 75C4D0A9 		.ascii	"u\304\320\251\"82.H\331\372 \035\242+B\363&y\236|A\276"
 1707      2238322E 
 1707      48D9FA20 
 1707      1DA22B42 
ARM GAS  /tmp/ccVr2doo.s 			page 138


 1707      F326799E 
 1708 00ca FAA375CC 		.ascii	"\372\243u\314\265`\343\351\231\345v\260\200\\\326\250"
 1708      B560E3E9 
 1708      99E576B0 
 1708      805CD6A8 
 1709 00da 08ADAC52 		.ascii	"\010\255\254R\361\004\005\260\213P\322\365\366\265z"
 1709      F10405B0 
 1709      8B50D2F5 
 1709      F6B57A
 1710 00e9 6C1B9F57 		.ascii	"l\033\237W\370\267\240\202\362]\257O\0348\350\326\344"
 1710      F8B7A082 
 1710      F25DAF4F 
 1710      1C38E8D6 
 1710      E4
 1711 00fa 46BBD478 		.ascii	"F\273\324x\012\035u\006\021\236A\237\026z\017\320W\026"
 1711      0A1D7506 
 1711      119E419F 
 1711      167A0FD0 
 1711      5716
 1712 010c 4269088E 		.ascii	"Bi\010\216\307\364\323g\344\232\227g\177\267\326\204"
 1712      C7F4D367 
 1712      E49A9767 
 1712      7FB7D684 
 1713 011c 3264FD64 		.ascii	"2d\375d\376[\323\230\344\276\350\350\255W\257\011\257"
 1713      FE5BD398 
 1713      E4BEE8E8 
 1713      AD57AF09 
 1713      AF
 1714 012d 980F1F97 		.ascii	"\230\017\037\227\032\270\203\032*\"\200E\266\302\002"
 1714      1AB8831A 
 1714      2A228045 
 1714      B6C202
 1715 013c C20C7DCE 		.ascii	"\302\014}\316?\231\312\013)Vk\233\377\\\263Q\026>V\276"
 1715      3F99CA0B 
 1715      29566B9B 
 1715      FF5CB351 
 1715      163E56BE 
 1716 0150 50FC6E5A 		.ascii	"P\374nZp\007-XS\335\331N\333\205%E{\251h\034\231+9\267"
 1716      70072D58 
 1716      53DDD94E 
 1716      DB852545 
 1716      7BA9681C 
 1717 0168 5DF99894 		.ascii	"]\371\230\224\207\224\307+\326y\233\365\232u\254\370"
 1717      8794C72B 
 1717      D6799BF5 
 1717      9A75ACF8 
 1718 0178 B970ABE1 		.ascii	"\271p\253\341S\376@\233G\000o\020\356\346x\211\273\313"
 1718      53FE409B 
 1718      47006F10 
 1718      EEE67889 
 1718      BBCB
 1719 018a C2EFA5BD 		.ascii	"\302\357\245\275U\366\221pE\354Q\235\371>\363\351Lo"
 1719      55F69170 
 1719      45EC519D 
 1719      F93EF3E9 
 1719      4C6F
 1720 019c 5B423B0A 		.ascii	"[B;\012\015\325:\333\320U\350^,+\247w\235B\347\247\306"
ARM GAS  /tmp/ccVr2doo.s 			page 139


 1720      0DD53ADB 
 1720      D055E85E 
 1720      2C2BA777 
 1720      9D42E7A7 
 1721 01b1 1EE803F7 		.ascii	"\036\350\003\367\325\3561\256\017+,\273\351\035\255"
 1721      D5EE31AE 
 1721      0F2B2CBB 
 1721      E91DAD
 1722 01c0 F718E8B6 		.ascii	"\367\030\350\266\357\003a\225\263\276\"W\275\267\251"
 1722      EF036195 
 1722      B3BE2257 
 1722      BDB7A9
 1723 01cf B955A931 		.ascii	"\271U\2511.\340\235\251\234\243\246\373\"\021\223\257"
 1723      2EE09DA9 
 1723      9CA3A6FB 
 1723      221193AF 
 1724 01df 68CAB6CC 		.ascii	"h\312\266\314\264\0355\207S\351\241\364\245t\306\032"
 1724      B41D3587 
 1724      53E9A1F4 
 1724      A574C61A 
 1725 01ef 8944E984 		.ascii	"\211D\351\204\027<o\331I+a\236\214\305\317\306O\235"
 1725      173C6FD9 
 1725      492B619E 
 1725      8CC5CFC6 
 1725      4F9D
 1726 0201 36536933 		.ascii	"6Si36\234\340\027?\354\314\321d<aFc\312`(\023\037\261"
 1726      369CE017 
 1726      3FECCCD1 
 1726      643C6146 
 1726      63CA6028 
 1727 0218 EC488C0E 		.ascii	"\354H\214\016\377/\317\316\230\361d4q\341\234\305)\027"
 1727      FF2FCFCE 
 1727      98F16434 
 1727      71E19CC5 
 1727      2917
 1728 022a 332CFD03 		.ascii	"3,\375\003\301X\025\011"
 1728      C1581509 
 1729              		.text
 1730              		.section	.gnu.lto_aosSysGetUptimeX.8724139b4ff04bd4,"e",%progbits
 1731 0000 789C8D53 		.ascii	"x\234\215S[KTQ\024\336\353\354\271:c\276\006VJ$b\324"
 1731      5B4B5451 
 1731      14DEEBEC 
 1731      B93A63BE 
 1731      06564A24 
 1732 0016 8CE4434F 		.ascii	"\214\344CO\201\320\017\350\241\307\002\261i\300!/03"
 1732      81D00FE8 
 1732      A1C702B1 
 1732      69C0212F 
 1732      3033
 1733 0028 063D79E6 		.ascii	"\006=y\346\302\2148j\021^\262\034'\260A\211P\203\300"
 1733      C28C386A 
 1733      115EB21C 
 1733      27B04189 
 1733      5083C0
 1734 003b 6B7A34D3 		.ascii	"kz4\323\274\345%3'\301L\241($\237\224\010uZ\353\354"
 1734      BCE52533 
 1734      27C14CA1 
ARM GAS  /tmp/ccVr2doo.s 			page 140


 1734      28249F94 
 1734      08755AEB 
 1735 0050 D2992268 		.ascii	"\322\231\"h\230\263\317^k}k\255o\177k\037\003\003vU"
 1735      98B3CF5E 
 1735      6B7D6BAD 
 1735      6F7F6B1F 
 1735      03037655 
 1736 0064 C3583763 		.ascii	"\303X7c\3548>\300\031H\262,\347\353=\006\011@\335\311"
 1736      EC383EC0 
 1736      1948B22C 
 1736      E7EB3D06 
 1736      0940DDC9 
 1737 0078 06601512 		.ascii	"\006`\025\022T\300m\336\310a$\370\251W\312i\303\210"
 1737      54C06DDE 
 1737      C86124F8 
 1737      A957CA69 
 1737      C388
 1738 008a AC34EEE4 		.ascii	"\2544\356\344\255\313s2\217p\306\232\360\021?\350\203"
 1738      ADCB7332 
 1738      8F70C69A 
 1738      F0113FE8 
 1738      83
 1739 009b 1C04AE7A 		.ascii	"\034\004\256z\303\337\315\265\030\003\320\240Y7\371"
 1739      C3DFCDB5 
 1739      1803D0A0 
 1739      5937F9
 1740 00aa 6C22854C 		.ascii	"l\"\205L\0112\321l\333\250\016I<\003\030\356;C\363>"
 1740      0932D16C 
 1740      DBA80E49 
 1740      3C0318EE 
 1740      3B43F33E 
 1741 00be 53765496 		.ascii	"SvT\226\275\2622\032\345\362\251\010\347\360\0348\226"
 1741      BDB2321A 
 1741      E5F2A908 
 1741      E7F01C38 
 1741      96
 1742 00cf 84014887 		.ascii	"\204\001H\207~Hg\014}Xz\020\262\031\245\254?\335\257"
 1742      7E48670C 
 1742      7D587A10 
 1742      B219A5AC 
 1742      3FDDAF
 1743 00e2 4FD5697E 		.ascii	"O\325i~u\205!\320II^`I0\002\200\002:\204\016\203\016"
 1743      758521D0 
 1743      49495E60 
 1743      49300280 
 1743      023A840E 
 1744 00f8 0343F186 		.ascii	"\003C\361\206!\215 g@\263\376\361\360\256Y\220S(\357"
 1744      218D2067 
 1744      40B3FEF1 
 1744      F0AE5990 
 1744      5328EF
 1745 010b 4147E811 		.ascii	"AG\350\021\360\223*\273\217\325\273?tY\255*\273\361"
 1745      F0932ABB 
 1745      8FD5BB3F 
 1745      7459AD2A 
 1745      BBF1
 1746 011d 68DECE46 		.ascii	"h\336\316F@\276\023\220!\30250J\034%x\201\034G\210#"
ARM GAS  /tmp/ccVr2doo.s 			page 141


 1746      40BE1390 
 1746      21C23530 
 1746      4A1C2578 
 1746      811C4788 
 1747 0132 4BEA0A2F 		.ascii	"K\352\012/!\013\251H\302\231Xf\031*}\371\007\005\330"
 1747      210BA948 
 1747      C2995866 
 1747      192A7DF9 
 1747      0705D8
 1748 0145 41013523 		.ascii	"A\0015#\271\3068zT\366c*\373W\270\303\027\271;\027\264"
 1748      B9C6387A 
 1748      54F6632A 
 1748      FB57B8C3 
 1748      17B93B17 
 1749 015a 8ABC1F0F 		.ascii	"\212\274\037\017\342\030\216\316F\333\253\256\244\001"
 1749      E2188ECE 
 1749      46DBABAE 
 1749      A401
 1750 0168 8AA49570 		.ascii	"\212\244\225p\321q\332ii\321\321\242\007\022\316H\333"
 1750      D171DA69 
 1750      69D1D1A2 
 1750      0712CE48 
 1750      DB
 1751 0179 145A4C8C 		.ascii	"\024ZL\214\012\230\011\231J\013c!\316h\242\032\220\025"
 1751      0A980999 
 1751      4A0B6321 
 1751      CE68A21A 
 1751      9015
 1752 018b C6AAB924 		.ascii	"\306\252\271$\014\037\032_\301;\360%\0363\023\2110\007"
 1752      0C1F1A5F 
 1752      C13BF025 
 1752      1E331389 
 1752      3007
 1753 019d A456EBDB 		.ascii	"\244V\353\333Z5\220X\\\325'\334>\0357\372\301\3531\240"
 1753      5A359058 
 1753      5CD527DC 
 1753      3E1D37FA 
 1753      C1EB31A0 
 1754 01b1 A7950BFA 		.ascii	"\247\225\013\372K+cs\020\205V\224I\017\223\340\007\230"
 1754      4B2B6373 
 1754      10855694 
 1754      490F93E0 
 1754      0798
 1755 01c3 208130D2 		.ascii	" \2010\322w\267\262K\227\333A\0152#\334\000S\010\273"
 1755      77B7B24B 
 1755      97DB410D 
 1755      3223DC00 
 1755      5308BB
 1756 01d6 27A6380D 		.ascii	"'\2468\015\271\324\256\301(zI\211\275\214\177\3652\266"
 1756      B9D4AEC1 
 1756      287A4989 
 1756      BD8C7FF5 
 1756      32B6
 1757 01e8 D294937B 		.ascii	"\322\224\223{\245\300k\3525C\275`\026\235l\023|k\335"
 1757      A5C06BEA 
 1757      3543BD60 
 1757      169D6C13 
ARM GAS  /tmp/ccVr2doo.s 			page 142


 1757      7C6BDD
 1758 01fb 350BC1D4 		.ascii	"5\013\301\324\244\353\301\023E\366\023\227\265\355\272"
 1758      A4EBC113 
 1758      45F61397 
 1758      B5EDBA
 1759 020a 1319AAD2 		.ascii	"\023\031\252\322j4\361\356\314\243\346s\252\372\013"
 1759      6A34F1EE 
 1759      CCA3E673 
 1759      AAFA0B
 1760 0219 442BF50F 		.ascii	"D+\365\017\036\246&\034$b\030\274\301\336(\247\031\017"
 1760      1EA6261C 
 1760      246218BC 
 1760      C1DE28A7 
 1760      190F
 1761 022b E16B0904 		.ascii	"\341k\011\004\247\026\365t\333\302\334\214Ix\034:\333"
 1761      A716F574 
 1761      DBC2DC8C 
 1761      49781C3A 
 1761      DB
 1762 023c 6E702F56 		.ascii	"np/VNS\014s\012\020\2629\320\233&<Ztb\361\301\352\271"
 1762      4E530C73 
 1762      0A10B239 
 1762      D09B263C 
 1762      5A7462F1 
 1763 0253 294E67D6 		.ascii	")Ng\326\002\300\"\036\005A]\001\020\030#\302\0203\323"
 1763      02C0221E 
 1763      05415D01 
 1763      101823C2 
 1763      1033D3
 1764 0266 727FD92C 		.ascii	"r\177\331,0\212\377\002\274\025\250\346@\315\312\266"
 1764      308AFF02 
 1764      BC15A8E6 
 1764      40CDCAB6 
 1765 0276 24802988 		.ascii	"$\200)\210E\340\223\255\355~\275\000V\300\222\200\365"
 1765      45E093AD 
 1765      ED7EBD00 
 1765      56C09280 
 1765      F5
 1766 0287 04F66276 		.ascii	"\004\366bv\2012!\3600\273s\367\3639\241=\307Qc\224("
 1766      813221F0 
 1766      30BB73F7 
 1766      F339A13D 
 1766      C7516394 
 1767 029c AF5601F9 		.ascii	"\257V\001\371\260\226\362\276+v\004\205\366\210\331"
 1767      B096F2BE 
 1767      2B760485 
 1767      F688D9
 1768 02ab E9C338DB 		.ascii	"\351\3038\333\337c\365D>\364$\216\365\335\341X\227!"
 1768      DF63F544 
 1768      3EF4248E 
 1768      F5DDE158 
 1768      9721
 1769 02bd 170BB26F 		.ascii	"\027\013\262o\340}\030\335\224\250\226\372\241\2048"
 1769      E07D18DD 
 1769      94A896FA 
 1769      A18438
 1770 02cc 885BE655 		.ascii	"\210[\346U\310<f\261X\361o+s\332\255.\247\315ZX\346"
ARM GAS  /tmp/ccVr2doo.s 			page 143


 1770      C83C66B1 
 1770      58F16F2B 
 1770      73DAAD2E 
 1770      A7CD5A58 
 1771 02e1 2A70DD72 		.ascii	"*p\335r\271\355%\026\033\223\312\335\332r\227\335\346"
 1771      B9ED2516 
 1771      1B93CADD 
 1771      DA7297DD 
 1771      E6
 1772 02f2 3A235037 		.ascii	":#P7\354\316R{\261\365b\221\343\232\343\322ek\231\313"
 1772      ECCE527B 
 1772      B1F56291 
 1772      E39AE3D2 
 1772      656B99CB 
 1773 0306 EA745B1D 		.ascii	"\352t[\035\245\266\342\362\353v\253\255\310\355(\261"
 1773      A5B6E2F2 
 1773      EB76ABAD 
 1773      C8ED28B1 
 1774 0316 5B8AD8F9 		.ascii	"[\212\330\371\177\201\213\012\213\361\205\213\323}\266"
 1774      7F818B0A 
 1774      8BF1858B 
 1774      D37DB6
 1775 0325 D4518C19 		.ascii	"\324Q\214\031\324\266\200\322\234\230w\372\277\232\334"
 1775      D4B680D2 
 1775      9C9877FA 
 1775      BF9ADC
 1776 0334 7423F427 		.ascii	"t#\364'\320[\225\306"
 1776      D05B95C6 
 1777              		.text
 1778              		.section	.gnu.lto_aosSysGetDateTime.8724139b4ff04bd4,"e",%progbits
 1779 0000 789C6D92 		.ascii	"x\234m\222\317k\023Q\020\307\347\273\263I\267M\364\037"
 1779      CF6B1351 
 1779      10C7E7BB 
 1779      B349B74D 
 1779      F41F
 1780 0012 88621143 		.ascii	"\210b\021C\351\301\004<\010\275\365?\021\211=J!\311"
 1780      E9C1043C 
 1780      08BDF53F 
 1780      11893D4A 
 1780      21C9
 1781 0024 C553DFAE 		.ascii	"\305S\337\256\261\251\255T\220\326\230C\272!1(^\212"
 1781      B1A9AD54 
 1781      90D69843 
 1781      BA213128 
 1781      5E8A
 1782 0036 206AFD95 		.ascii	" j\375\225m\324jc\205\222C\241*9T\250 V\245'\017\262"
 1782      6DD46A63 
 1782      859243A1 
 1782      2A3954A8 
 1782      2056A527 
 1783 004c E9BCDD80 		.ascii	"\351\274\335\200U|\354\2037o>\357;\337\031\326\"\320"
 1783      557CEC83 
 1783      376F3EEF 
 1783      3BDF19D6 
 1783      22D0
 1784 005e AC419424 		.ascii	"\254A\224$\242\343\262\301\004C)5>`[\006\020\234\224"
 1784      A2E3B2C1 
ARM GAS  /tmp/ccVr2doo.s 			page 144


 1784      04432935 
 1784      3E605B06 
 1784      109C94
 1785 0071 059A3230 		.ascii	"\005\23220\205\353\\b\264\212\273+\306\350\035\311("
 1785      85EB5C62 
 1785      B48ABB2B 
 1785      C6E81DC9 
 1785      28
 1786 0082 AFF4F0EC 		.ascii	"\257\364\360\354\216\332T\3542QYv\270\360\004\243\002"
 1786      8EDA54EC 
 1786      32515976 
 1786      B8F004A3 
 1786      02
 1787 0093 769DCAAF 		.ascii	"v\235\312\257\370\274\344\000S\302\205\366\203\365!"
 1787      F8BCE400 
 1787      53C285F6 
 1787      83F521
 1788 00a2 1D1A1896 		.ascii	"\035\032\030\226\320\236\366\213\340\023 9/uj\217\255"
 1788      D09EF68B 
 1788      E0132039 
 1788      2F756A8F 
 1788      AD
 1789 00b3 9186528E 		.ascii	"\221\206R\216\362>\335fu\312e\306s\260H\342\031\022"
 1789      F23EDD66 
 1789      75CA65C6 
 1789      73B048E2 
 1789      1912
 1790 00c5 788A0491 		.ascii	"x\212\004\221\334\211\364\013\214\220~\322\354\335l"
 1790      DC89F40B 
 1790      8C907ED2 
 1790      ECDD6C
 1791 00d4 9AA1B825 		.ascii	"\232\241\270%\341\342\275\325\337\361P\334\323i\373"
 1791      E1E2BDD5 
 1791      DFF150DC 
 1791      D369FB
 1792 00e3 D6926FF2 		.ascii	"\326\222o\362\311@}\266\320\376p4YW\236\030\366\267"
 1792      C9407DB6 
 1792      D0FE7034 
 1792      59579E18 
 1792      F6B7
 1793 00f5 23AEA3D4 		.ascii	"#\256\243\324\325q\227M\254\206\025<\251\320\324\025"
 1793      D571974D 
 1793      AC86153C 
 1793      A9D0D415 
 1794 0105 F4127EE7 		.ascii	"\364\022~\347\276\277x$j\242\205d\277)\274DT\346D\320"
 1794      BEBF7824 
 1794      6AA28564 
 1794      BF29BC44 
 1794      54E644D0 
 1795 0119 77CB9D88 		.ascii	"w\313\235\210\247\374^Qy\273\333\270\261\260u:*\036"
 1795      A7FC5E51 
 1795      79BBDBB8 
 1795      B1B0753A 
 1795      2A1E
 1796 012b 025B734C 		.ascii	"\002[sLz*&\224Gt\215\2150\260%\370\206+\325\372\336"
 1796      7A2A2694 
 1796      47748D8D 
ARM GAS  /tmp/ccVr2doo.s 			page 145


 1796      30B025F8 
 1796      862BD5FA 
 1797 0140 9940472A 		.ascii	"\231@G*T\356n\364\006\013pl\313\345H\231\265\362+\024"
 1797      54EE6EF4 
 1797      060B706C 
 1797      CBE54899 
 1797      B5F22B14 
 1798 0154 02B3F397 		.ascii	"\002\263\363\227\177t-\335H\024\377\222\321:\207\006"
 1798      7F742DDD 
 1798      4814FF92 
 1798      D13A8706 
 1799 0164 B73EAE6D 		.ascii	"\267>\256m\242\201:\\\036\300\232<\304km_2+%\257\026"
 1799      A2813A5C 
 1799      1EC09A3C 
 1799      C46B6D5F 
 1799      322B25AF 
 1800 0179 E0334A0D 		.ascii	"\3403J\015k\2157\302\205\356\337\012'\304\317\216\263"
 1800      6B8D37C2 
 1800      85EEDF0A 
 1800      27C4CF8E 
 1800      B3
 1801 018a 1FD3840A 		.ascii	"\037\323\204\012\010Kw\024\002\353\002\270<(^\247\253"
 1801      084B7714 
 1801      02EB02B8 
 1801      3C285EA7 
 1801      AB
 1802 019b 8D3DE37F 		.ascii	"\215=\343\177^\207\312,\277\012\332}\257\207\265\252"
 1802      5E87CA2C 
 1802      BF0ADA7D 
 1802      AF87B5AA 
 1803 01ab 35E32FB5 		.ascii	"5\343/\265w\302T\230\017w\024\003a\003\011\227\343\364"
 1803      77C25498 
 1803      0F771403 
 1803      61030997 
 1803      E3F4
 1804 01bd 15AD6EE0 		.ascii	"\025\255n\340K?\020\346\313\376\347nl\354\221\232\021"
 1804      4B3F10E6 
 1804      CBFEE76E 
 1804      6CEC919A 
 1804      11
 1805 01ce 0726E13D 		.ascii	"\007&\341=\306\350;\234\352r\177dz\3151\376\014\227"
 1805      C6E83B9C 
 1805      EA727F64 
 1805      7ACD31FE 
 1805      0C97
 1806 01e0 E8582A95 		.ascii	"\350X*\225\226/3\231\235H\347\262\231\364\371\311\334"
 1806      962F3399 
 1806      9D48E7B2 
 1806      99F4F9C9 
 1806      DC
 1807 01f1 B9DCA55C 		.ascii	"\271\334\245\\~\342b*C\306\205<g\363\231\003@\017\334"
 1807      7EE2622A 
 1807      43C6853C 
 1807      67F39903 
 1807      400FDC
 1808 0204 CB       		.ascii	"\313"
 1809              		.text
ARM GAS  /tmp/ccVr2doo.s 			page 146


 1810              		.section	.gnu.lto__aosSysPrintSystemInfo.8724139b4ff04bd4,"e",%progbits
 1811 0000 789C9D7C 		.ascii	"x\234\235|\011X\024G\332\177W\367\\\014\003x\341\205"
 1811      09581447 
 1811      DA7F57F7 
 1811      5C0C0378 
 1811      E185
 1812 0012 C77422DE 		.ascii	"\307t\"\336\007\361\310a\342&FM\342F\324\025\223l\256"
 1812      07F1C861 
 1812      E226464D 
 1812      E246D415 
 1812      936CAE
 1813 0025 CD477036 		.ascii	"\315Gp6\222\010\370qd\223\335\347\371\357\010\010*\202"
 1813      9208F871 
 1813      6493DDE7 
 1813      F9EF0808 
 1813      2A82
 1814 0037 378291FB 		.ascii	"7\202\221\373PDP\361@\020\020DQ\024\357\013\025\211"
 1814      504450F1 
 1814      40101044 
 1814      5114EF0B 
 1814      1589
 1815 0049 A2A2A280 		.ascii	"\242\242\242\200\022\203J\024\376\365Vu\36743\303@\276"
 1815      12834A14 
 1815      FEF55675 
 1815      F73433C3 
 1815      40BE
 1816 005b 3CA6ACA9 		.ascii	"<\246\254\251\256\337{\325\257\336\252\356\256V\303"
 1816      AEDF7BD5 
 1816      AFDEAAEE 
 1816      AE56C3
 1817 006a 20C6F563 		.ascii	" \306\365c\206\361U2\314q\226a\320h\006\261F\243\361"
 1817      86F15532 
 1817      CC719661 
 1817      D06806B1 
 1817      46A3F1
 1818 007d 3DF5120D 		.ascii	"=\365\022\015\213z\0125\216U\334\310+\033\2420j\225"
 1818      8B7A0A35 
 1818      8E55DCC8 
 1818      2B1BA230 
 1818      6A95
 1819 008f 8965792E 		.ascii	"\211ey.\012\243N\201z\010\327\224\250\233PS\261\352"
 1819      0AA34E81 
 1819      7A08D794 
 1819      A89B5053 
 1819      B1EA
 1820 00a1 15D9AB9C 		.ascii	"\025\331\253\234q/M\363\331G#q/5r\022\256iX;\\\323\343"
 1820      712F4DF3 
 1820      D9472371 
 1820      2F357212 
 1820      AE69583B 
 1821 00b8 6B5AFAB7 		.ascii	"kZ\372\267\316\216\325\231\265hY{\241\305Ih\261\227"
 1821      CE8ED599 
 1821      B568597B 
 1821      A1C54968 
 1821      B197
 1822 00ca FA882D3A 		.ascii	"\372\210-:\326Ahq\024Z\034\220\243\240\303Q\322\346"
 1822      D6416871 
ARM GAS  /tmp/ccVr2doo.s 			page 147


 1822      145A1C90 
 1822      A3A0C351 
 1822      D2E6
 1823 00dc 24D854A2 		.ascii	"$\330T\242\351\306\252p\355M\334\277;\376[\203\373w"
 1823      E9C6AA70 
 1823      ED4DDCBF 
 1823      3BFE5B83 
 1823      FB77
 1824 00ee 972CEF21 		.ascii	"\227,\357!\370W\242\351\311r\233\032\037C\257^\265\253"
 1824      F857A2E9 
 1824      C9729B1A 
 1824      1F43AF5E 
 1824      B5AB
 1825 0100 A3D4B857 		.ascii	"\243\324\270W/\3269\374\3065\320\243\177\236\220:\030"
 1825      2FD639FC 
 1825      C635D0A3 
 1825      7F9E903A 
 1825      18
 1826 0111 B738B3BD 		.ascii	"\2678\263\275\327W\305c\257\264.\017Snb/u\275\331>f"
 1826      D757C563 
 1826      AFB42E0F 
 1826      536E622F 
 1826      75BDD93E 
 1827 0126 2D7DD8BE 		.ascii	"-}\330\276f-}\331~f-\375X\241\246\355O\257\350\372#"
 1827      662D7DD9 
 1827      7E662DFD 
 1827      58A1A6ED 
 1827      4FAFE8FA 
 1828 013b 17C12217 		.ascii	"\027\301\"\027v\000\325\246\035H\265\353\006\240\201"
 1828      7600D5A6 
 1828      1D48B5EB 
 1828      06A081
 1829 014a C2B581EC 		.ascii	"\302\265\201\354`\0017H\300\015B\203\205k\203\021/\324"
 1829      60013748 
 1829      C00D4283 
 1829      856B8311 
 1829      2FD4
 1830 015c F4528D67 		.ascii	"\364R\215g_\021\"\365\252\020\251W\320\020\341\332\253"
 1830      5F1122F5 
 1830      AA10A957 
 1830      D010E1DA 
 1830      AB
 1831 016d 526D08EB 		.ascii	"Rm\010\353*\364\032%\364re\207\012\026\217\022,\036"
 1831      2AF41A25 
 1831      F4726587 
 1831      0A168F12 
 1831      2C1E
 1832 017f CA0E336B 		.ascii	"\312\0163k\031\306\0167k\031\316\2160k\031\301\0125"
 1832      19C60E37 
 1832      6B19CE8E 
 1832      306B19C1 
 1832      0A35
 1833 0191 ED48C1DE 		.ascii	"\355H\301\336\221h\224\240u\024B\244f\324 \346\277,"
 1833      916894A0 
 1833      751442A4 
 1833      66D420E6 
 1833      BF2C
ARM GAS  /tmp/ccVr2doo.s 			page 148


 1834 01a3 A750AAD4 		.ascii	"\247P\252\324\032;\255\275\316\301\321\251[\367\036"
 1834      1A3BADBD 
 1834      CEC1D1A9 
 1834      5BF71E
 1835 01b2 3D7B39F7 		.ascii	"={9\367\356\323\267_\177\227\001\003\007\015\326\363"
 1835      EED3B75F 
 1835      7F970103 
 1835      070DD6F3 
 1836 01c2 AFBC3AC4 		.ascii	"\257\274:\304u\350\260\341#F\216B\377\345z2\250X\201"
 1836      75E8B0E1 
 1836      23468E42 
 1836      FFE57A32 
 1836      A85881
 1837 01d5 3450A849 		.ascii	"4P\250I\215!\377uc\244\0265maVq\0339t(\2746\217\035"
 1837      8D21FF75 
 1837      63A41635 
 1837      6D615671 
 1837      1B397428 
 1838 01ed B1052B33 		.ascii	"\261\005+3\026o\\\3353\314\270\264o\002\3070\261\234"
 1838      166F5CDD 
 1838      33CCB8B4 
 1838      6F02C730 
 1838      B19C
 1839 01ff D08941F9 		.ascii	"\320\211A\371h\004\356W\035\034\367L\027\305%p\010)"
 1839      6804EE57 
 1839      1D1CF74C 
 1839      17C52570 
 1839      0829
 1840 0211 F0CFF5C7 		.ascii	"\360\317\365\307\367\224k\341'\213\364\370g^\335\235"
 1840      F7946BE1 
 1840      278BF4F8 
 1840      675EDD9D 
 1841 0221 1FB9C188 		.ascii	"\037\271\301\210\301\325\233\333\343\266\352\206\245"
 1841      C1D59BDB 
 1841      E3B6EA86 
 1841      A5
 1842 022e 198DC1C6 		.ascii	"\031\215\301\306\342\252t\3168$\201\343P!\342\260DT"
 1842      E2AA74CE 
 1842      382481E3 
 1842      5021E2B0 
 1842      4454
 1843 0240 805CD001 		.ascii	"\200\\\320\001\344\3020\270\015K.B\3030\340T\365\375"
 1843      E4C230B8 
 1843      0D4B2E42 
 1843      C330E054 
 1843      F5FD
 1844 0252 29DC5082 		.ascii	")\334P\202]\3758y\207\002cWc\354\223\2761\306b\224\300"
 1844      5DFD3879 
 1844      87026357 
 1844      63EC93BE 
 1844      31C66294 
 1845 0267 29D0410A 		.ascii	")\320A\012\236\340\202\334\010T\201\241\305h\030\003"
 1845      9EE082DC 
 1845      085481A1 
 1845      C5681803 
 1846 0277 889A5DAD 		.ascii	"\210\232]\255\033\034T\012\301^T\202T\010\267\266%\307"
 1846      1B1C540A 
ARM GAS  /tmp/ccVr2doo.s 			page 149


 1846      C15E5482 
 1846      5408B7B6 
 1846      25C7
 1847 0289 9F75A2C6 		.ascii	"\237u\242\306\016\301?s\013_&\251\251\261\211,\376\275"
 1847      0EC13F73 
 1847      0B5F26A9 
 1847      A9B1892C 
 1847      FEBD
 1848 029b 24AC351C 		.ascii	"$\2545\034qnDeV\361\256T\3265\305X\214\375o\256\033"
 1848      716E4465 
 1848      56F1AE54 
 1848      D635C558 
 1848      8CFD6FAE 
 1849 02b0 B4C6683C 		.ascii	"\264\306h<fT$pJt\230j-\305&\037\002\223\341?\223Bt\004"
 1849      66542470 
 1849      4A74986A 
 1849      2DC5261F 
 1849      0293E13F 
 1850 02c8 B91275A0 		.ascii	"\271\022u\240\265\014ke\030;|5\377\342\211dG\252\370"
 1850      B50C6B65 
 1850      183B7C35 
 1850      FFE28964 
 1850      47AAF8
 1851 02db 06F43EBB 		.ascii	"\006\364>\273\247`\275\206j6\252\360\357\246\272\350"
 1851      A760BD86 
 1851      6A36AAF0 
 1851      EFA6BAE8 
 1852 02eb 231A6E02 		.ascii	"#\032n\002\321\334\234\036\367X\2155C\344/\235\356\266"
 1852      D1DC9C1E 
 1852      F7588D35 
 1852      43E42F9D 
 1852      EEB6
 1853 02fd 56D0AC42 		.ascii	"V\320\254B\345T\3631\254\371\250\250\031\035G\256\030"
 1853      E554F331 
 1853      ACF9A8A8 
 1853      191D47AE 
 1853      18
 1854 030e F3FC5665 		.ascii	"\363\374Ve\213\003\367\006\301/\375\2556\325\001\360"
 1854      8B03F706 
 1854      C12FFDAD 
 1854      36D501F0 
 1855 031e 3858972A 		.ascii	"8X\227*\373&\205P\274\032\2350\0136\301W\020|\332\211"
 1855      FB268550 
 1855      BC1A9D30 
 1855      0B36C157 
 1855      107CDA89 
 1856 0332 D22247EE 		.ascii	"\322\"G\356=\202\217\253]qF-\340k+{$K\370\223\326\360"
 1856      3D828FAB 
 1856      5D71462D 
 1856      E06B2B7B 
 1856      244BF893 
 1857 0348 A7087EFF 		.ascii	"\247\010~\377\271\337\013\035\270\367\351`\031\317\327"
 1857      B9DF0B1D 
 1857      B8F7E960 
 1857      19CFD7
 1858 0357 B102FED4 		.ascii	"\261\002\376\324\225\336&\374ik\3703\004\177\257hi\010"
 1858      95DE26FC 
ARM GAS  /tmp/ccVr2doo.s 			page 150


 1858      696BF833 
 1858      047FAF68 
 1858      6908
 1859 0369 E2A6137C 		.ascii	"\342\246\023|T\346\372\014G\001_vu\220\210\327\240\263"
 1859      54E6FA0C 
 1859      47015F76 
 1859      759088D7 
 1859      A0B3
 1860 037b D6F0E708 		.ascii	"\326\360\347\010>6\256i\013\307\375\215\3407\357\253"
 1860      3E36AE69 
 1860      0BC7FD8D 
 1860      E037EFAB 
 1861 038b 0B5108F8 		.ascii	"\013Q\010\370\343_l2\026\207\352\001}\336\032\372\002"
 1861      E35F6C32 
 1861      1687EA01 
 1861      7DDE1AFA 
 1861      02
 1862 039c 413FAD8A 		.ascii	"A?\255\212>\356\300}M\320\221\371\251\277\000\032\250"
 1862      3EEEC07D 
 1862      4DD091F9 
 1862      A9BF001A 
 1862      A8
 1863 03ad 76E96AB7 		.ascii	"v\351j\267\024A\273\035\272h\015\177\011\271\302\210"
 1863      1441BB1D 
 1863      BA680D7F 
 1863      09B9C288 
 1864 03bd 63DCC1B6 		.ascii	"c\334\301\266\350\203\012:\302\032\374s\303\266\222"
 1864      E8830A3A 
 1864      C21AFC73 
 1864      C3B692
 1865 03cc 173A3AC0 		.ascii	"\027::\300\305 \366AF\316\177\270\357\211\206\273\027"
 1865      C520F641 
 1865      46CE7FB8 
 1865      EF8986BB 
 1865      17
 1866 03dd B6472B04 		.ascii	"\266G+\004f5<\354\237\023b\\\026\362^\002\247EW\250"
 1866      66353CEC 
 1866      9F13625C 
 1866      16F25E02 
 1866      A74557A8 
 1867 03f1 864AACE1 		.ascii	"\206J\254\341\262\244\341*r\335qNYllm\013\307\341\234"
 1867      B2A4E12A 
 1867      72DD714E 
 1867      596C6C6D 
 1867      0BC7E19C 
 1868 0405 95943625 		.ascii	"\225\2246%\027!Lv{\026\012\016\027:\005.\034\224PSA"
 1868      17214C76 
 1868      7B160A0E 
 1868      173A052E 
 1868      1C945053 
 1869 041a 4D0D350D 		.ascii	"M\0155\015\324\354\240\246\205\232=\324tPs\200\232#"
 1869      D4ECA0A6 
 1869      859A3DD4 
 1869      74507380 
 1869      9A23
 1870 042c D49CA0D6 		.ascii	"\324\234\240\326\015j\335\241\326\003j=\241\350\005"
 1870      0D6ADDA1 
ARM GAS  /tmp/ccVr2doo.s 			page 151


 1870      D6036A3D 
 1870      A1E805
 1871 043b 85332E1C 		.ascii	"\2053.\034{C\321\007\212\276P\364\203\242?\024.P\014"
 1871      7B43D107 
 1871      8ABE50F4 
 1871      83A23F14 
 1871      2E500C
 1872 044e 00D840E8 		.ascii	"\000\330@\350<\010\212\301P\350\301*\036\027N\257\300"
 1872      3C088AC1 
 1872      50E8C12A 
 1872      1E174EAF 
 1872      C0
 1873 045f D557A136 		.ascii	"\325W\2416\004j\256P\033\012\265aP\033N\2307\002\252"
 1873      046AAE50 
 1873      1B0AB561 
 1873      501B4E98 
 1873      3702AA
 1874 0472 23A17114 		.ascii	"#\241q\024\324FCm\014\324\306B1\016\0127h{\015j\343"
 1874      D446436D 
 1874      0CD4C642 
 1874      310E0A37 
 1874      687B0D6A 
 1875 0487 A136016A 		.ascii	"\2416\001j\023\2416\011\027\335^\207\332\033P{\023j"
 1875      13A13609 
 1875      17DD5E87 
 1875      DA1B507B 
 1875      136A
 1876 0499 6F413119 		.ascii	"oA1\031\212\267\241x\007\212)P\374\005\212w\241x\017"
 1876      8AB7A178 
 1876      078A2950 
 1876      FC058A77 
 1876      A1780F
 1877 04ac 8AA950BC 		.ascii	"\212\251P\274\017\246N\203b:\0243\240\370\000\027\335"
 1877      0FA64E83 
 1877      623A1433 
 1877      A0F80017 
 1877      DD
 1878 04bd 3F84E223 		.ascii	"?\204\342#\3709\023j\177\205\342c@\314\202\232;\024"
 1878      F839136A 
 1878      7F85E263 
 1878      40CC829A 
 1878      3B14
 1879 04cf B3E1E71C 		.ascii	"\263\341\347\034\250\315\205\342o\360s\036\324<\240"
 1879      A8CD85E2 
 1879      6FF0731E 
 1879      D43CA0
 1880 04de 980F3F3F 		.ascii	"\230\017??\201\332\247P\373\014\002\363w\342\360\347"
 1880      81DAA750 
 1880      FB0C02F3 
 1880      77E2F0E7 
 1881 04ee A4FC824C 		.ascii	"\244\374\202L\233/\011\371\277\302\027\325_\343\242"
 1881      9B2F09F9 
 1881      BFC217D5 
 1881      5FE3A2
 1882 04fd C73FA0F8 		.ascii	"\307?\240\370\006\212\205\010R\2407\202l\266\015\221"
 1882      068A8508 
 1882      52A03782 
ARM GAS  /tmp/ccVr2doo.s 			page 152


 1882      6CB60D91 
 1883 050d 6E998820 		.ascii	"n\231\210 \267#\302\370,D\250\233\215\010\003w\000\037"
 1883      B723C2F8 
 1883      2C44A89B 
 1883      8D080377 
 1883      001F
 1884 051f D4BB68C7 		.ascii	"\324\273h\307\034D\2043L\004\307\274\214;\337\003\031"
 1884      1C448433 
 1884      4C04C7BC 
 1884      8C3BDF03 
 1884      19
 1885 0530 8B196625 		.ascii	"\213\031f%\307\222z\010\256?Da\211\271\351\034\311Q"
 1885      C7927A08 
 1885      AE3F4461 
 1885      89B9E91C 
 1885      C951
 1886 0542 30DBB756 		.ascii	"0\333\267V\264\331\205\242\340%\232\004\256g,\207\363"
 1886      B4D985A2 
 1886      E0259A04 
 1886      AE672C87 
 1886      F3
 1887 0553 15BA8642 		.ascii	"\025\272\206B\021\023\307-\214\343\274aj\226o\213R\361"
 1887      1113C72D 
 1887      8CE3BC61 
 1887      6A966F8B 
 1887      52F1
 1888 0565 FF9B608C 		.ascii	"\377\233`\214\301\323\250\027@\366\277,\335\354\010"
 1888      C1D3A817 
 1888      40F6BF2C 
 1888      DDEC08
 1889 0574 9018A331 		.ascii	"\220\030\24311\037s\334\031U!\236\010D\32716\201\353"
 1889      311F73DC 
 1889      1955219E 
 1889      0844D731 
 1889      3681EB
 1890 0587 8DB58427 		.ascii	"\215\265\204'\036\260\256\245O,\007\333\245jA\013d\303"
 1890      1EB0AEA5 
 1890      4F2C07DB 
 1890      A56A410B 
 1890      64C3
 1891 0599 436D5B1D 		.ascii	"Cm[\035\371\377P\025}\241\377\375#-\0078I\005\233\300"
 1891      F9FF5015 
 1891      7DA1FFFD 
 1891      232D0738 
 1891      49059BC0 
 1892 05ad F543BF8A 		.ascii	"\365C\277\212*n` \356\022q6\243U\315/C\024\325\037P"
 1892      2A6E6020 
 1892      EE127136 
 1892      A355CD2F 
 1892      4314D51F 
 1893 05c2 671A776E 		.ascii	"g\032wn\325\210\250}\3300\027tSD\325PT\336\262\342\024"
 1893      D588A87D 
 1893      D8301774 
 1893      5344D550 
 1893      54DEB2E2 
 1894 05d7 0DBF5240 		.ascii	"\015\277R@\015 \371\"uy8+\242\0320j \272%\242n\023w"
 1894      0D20F922 
ARM GAS  /tmp/ccVr2doo.s 			page 153


 1894      7579382B 
 1894      A21A306A 
 1894      20BA25A2 
 1895 05ee 0611776E 		.ascii	"\006\021wn\331t\347\216\311\235\314\263\017\252\025"
 1895      D974E78E 
 1895      C99DCCB3 
 1895      0FAA15
 1896 05fd FC56240B 		.ascii	"\374V$\013\331\351s\253\2379\312\375qF\265\242\216\273"
 1896      D9E973AB 
 1896      9F39CAFD 
 1896      7146B5A2 
 1896      8EBB
 1897 060f 5DF3671B 		.ascii	"]\363g\033\361\347\236\210\272OQ\315\233\033\023\265"
 1897      F1E79E88 
 1897      BA4F51CD 
 1897      9B1B13B5 
 1898 061f 7C8E801A 		.ascii	"|\216\200\032\014\2505\341\017.*DT\015F\351Q\235\210"
 1898      0CA835E1 
 1898      0F2E2A44 
 1898      540D46E9 
 1898      519D88
 1899 0632 7A20F3A7 		.ascii	"z \363\247\321\246?\017M\376\034\013)\334\241\343\177"
 1899      D1A63F0F 
 1899      4DFE1C0B 
 1899      29DCA1E3 
 1899      7F
 1900 0643 1574F000 		.ascii	"\025t\360\000\210\270\\wU#\367\347\025T/\352h\350\232"
 1900      88B85C77 
 1900      5523F7E7 
 1900      15542FEA 
 1900      68E89A
 1901 0656 3FF9C49F 		.ascii	"?\371\304\237F\021\365\210\242jZ\356\035\322\361\365"
 1901      4611F588 
 1901      A26A5AEE 
 1901      1DD2F1F5 
 1902 0666 02EA5540 		.ascii	"\002\352U@\255L\017/\327\212\250&\214\032\202\036\213"
 1902      AD4C0F2F 
 1902      D78AA826 
 1902      8C1A821E 
 1902      8B
 1903 0677 A826993F 		.ascii	"\250&\231?Om\372\363\233\311\237\345\025\327w#\376\271"
 1903      4F6DFAF3 
 1903      9BC99FE5 
 1903      15D77723 
 1903      FEB9
 1904 0689 DC9FA4AB 		.ascii	"\334\237\244\253\233J\025\355\375y\"\352\370\375\317"
 1904      9B4A15ED 
 1904      FD7922EA 
 1904      F8FDCF
 1905 0698 F8D32CA2 		.ascii	"\370\323,\242\236RT\362\232\355M\210\017ge\\X\2625i"
 1905      9E5254F2 
 1905      9AED4D88 
 1905      0F67655C 
 1905      58B23569 
 1906 06ac B793DC1F 		.ascii	"\267\223\334\037g\364LD=\027\374\251C\301\321\367\253"
 1906      67F44C44 
 1906      3D17FCA9 
ARM GAS  /tmp/ccVr2doo.s 			page 154


 1906      43C1D1F7 
 1906      AB
 1907 06bd BDA1318E 		.ascii	"\275\2411\216\0039Q!\215\325d\303\340\212\314\035tM"
 1907      03395121 
 1907      8DD564C3 
 1907      E08ACC1D 
 1907      744D
 1908 06cf E1E816E4 		.ascii	"\341\350\026\344\322\265\2623(\015\245`\011C\321\037"
 1908      D2B5B233 
 1908      280DA560 
 1908      0943D11F 
 1909 06df 58126A81 		.ascii	"X\022j\201e\004\275\300\215Xb\310\3760D\005\262T\346"
 1909      6504BDC0 
 1909      8D5862C8 
 1909      FE304405 
 1909      B254E6
 1910 06f2 C9F84D95 		.ascii	"\311\370M\225d\215\262G\305\241S\320K\334\031\307Qo"
 1910      648DB247 
 1910      C5A153D0 
 1910      4BDC19C7 
 1910      516F
 1911 0704 2388ADA6 		.ascii	"#\210\255\246 F\235,\271\213\3705\202c\303\000p\343"
 1911      20469D2C 
 1911      B98BF835 
 1911      8263C300 
 1911      70E3
 1912 0716 54452292 		.ascii	"TE\"\222\007q8j\023\0353\262$\034\227\012\366\375\233"
 1912      0771386A 
 1912      131D33B2 
 1912      241C970A 
 1912      F6FD9B
 1913 0729 4F124023 		.ascii	"O\022@#\000t >\367\241Z\316\326\221h\011+\200\2021\010"
 1913      0074203E 
 1913      F7A15ACE 
 1913      D6916809 
 1913      2B808231 
 1914 073e 5B2B0464 		.ascii	"[+\004d\375\212\254\204$$\333j\341\255\017\344Di\273"
 1914      FD8AAC84 
 1914      2424DB6A 
 1914      E1AD0FE4 
 1914      4469BB
 1915 0751 15C2C256 		.ascii	"\025\302\302V\252\271\351e\274z\274[\0027\212t\030\347"
 1915      AAB9E965 
 1915      BC7ABC5B 
 1915      02378A74 
 1915      18E7
 1916 0763 226CD00E 		.ascii	"\"l\320\016\236H)vt\033\233\300\215F\241\354\370\030"
 1916      9E482976 
 1916      741B9BC0 
 1916      8D46A1EC 
 1916      F818
 1917 0775 BA2F5CCA 		.ascii	"\272/\\\312\272\311\203;\306\"\270cR %\266\017\356X"
 1917      BAC9833B 
 1917      C622B863 
 1917      522025B6 
 1917      0FEE58
 1918 0788 04F90285 		.ascii	"\004\371\002\205\261.\344J\336\306\342d\322}\031\366"
ARM GAS  /tmp/ccVr2doo.s 			page 155


 1918      B12EE44A 
 1918      DEC6E264 
 1918      D27D19F6 
 1919 0798 209D0529 		.ascii	" \235\005)\313\3304H\244\313q7j\371re\327\255[\001\326"
 1919      CBD83448 
 1919      A4CB7137 
 1919      6AF97265 
 1919      D7AD5B01 
 1920 07ad 21B02E82 		.ascii	"!\260.\202Xgf\016ki\316\312\016\315\251!NERs\242\250"
 1920      5867660E 
 1920      6B69CECA 
 1920      0ECDA921 
 1920      4E455273 
 1921 07c3 39217BC2 		.ascii	"9!{\302\312\337\000s\3428\256K\342"
 1921      CADF0073 
 1921      E238AE4B 
 1921      E2
 1922 07d0 577528BE 		.ascii	"Wu(\276E\007\342WS\361k\350\020w\036\275\265\035\312"
 1922      4507E257 
 1922      53F16BE8 
 1922      10771EBD 
 1922      B51DCA
 1923 07e3 DBE708F2 		.ascii	"\333\347\010\362\326Qy\353\205\350\275\010\027\315U"
 1923      D65179EB 
 1923      85E8BD08 
 1923      17CD55
 1924 07f2 608BA1A5 		.ascii	"`\213\241\245\372O\304S\2156@<Y\210g4\353\206\205\320"
 1924      FA4FC453 
 1924      8D36403C 
 1924      59886734 
 1924      EB8685D0 
 1925 0806 1141D605 		.ascii	"\021A\326\005\270Y\031\220\215\022]b\254\015\010g\351"
 1925      B8591990 
 1925      8D125D62 
 1925      AC0D0867 
 1925      E9
 1926 0817 616C871E 		.ascii	"al\207\0366n\231\011.n\242.\376\"\021\004\250\335u\213"
 1926      366E9909 
 1926      2E6EA22E 
 1926      FE221104 
 1926      A8DD758B 
 1927 082b 364B1489 		.ascii	"6K\024\211\263f\221\302\322\242x\033\026\375\004\026"
 1927      B36691C2 
 1927      D2A2781B 
 1927      16FD0416 
 1928 083b 25508B12 		.ascii	"%P\213\022-8\242\354\222\374\244N8\222L\305\247X\345"
 1928      2D38A2EC 
 1928      92FCA44E 
 1928      38924CC5 
 1928      A758E5
 1929 084e 889508A6 		.ascii	"\210\225\010\246v\302\2214*/\335\202#`1\345\310\237"
 1929      76C29134 
 1929      2A2FDD82 
 1929      236031E5 
 1929      C89F
 1930 0860 09A91A6D 		.ascii	"\011\251\032m\221X\262\025X\242j\317\222\260#\253\017"
 1930      9158B215 
ARM GAS  /tmp/ccVr2doo.s 			page 156


 1930      58A26ACF 
 1930      92B023AB 
 1930      0F
 1931 0871 38D0DD3D 		.ascii	"8\320\335=\334(f\234\310\315p2\311\313`E\201{.\337\212"
 1931      DC28669C 
 1931      C8CD7032 
 1931      C9CB6045 
 1931      817B2EDF 
 1932 0886 57D031DA 		.ascii	"W\3201\332&\261&\323\332\030)-}\336\336\241\317\277"
 1932      26B126D3 
 1932      DA18292D 
 1932      7DDEDEA1 
 1932      CFBF
 1933 0898 51D66451 		.ascii	"Q\326dQ\247\263\255\261\246+&\355\220h\263\323\232I"
 1933      A7B3ADB1 
 1933      A62B26ED 
 1933      9068B3D3 
 1933      9A49
 1934 08aa 2A4B9376 		.ascii	"*K\223v\3310\211\320&\207\232\264\333\2026\352.\311"
 1934      D93089D0 
 1934      26879AB4 
 1934      DB8236EA 
 1934      2EC9
 1935 08bc DFD3096D 		.ascii	"\337\323\011m\366R\361\373\254\322\306J\010s;\241\315"
 1935      F652F1FB 
 1935      ACD2C64A 
 1935      08733BA1 
 1935      CD
 1936 08cd 7E2A2FCF 		.ascii	"~*/\317\2026\032l\261\005m:\217\251\032\345K\2749\000"
 1936      82361A6C 
 1936      B1056D3A 
 1936      8FA91AE5 
 1936      4BBC3900 
 1937 08e1 BCD1B4E7 		.ascii	"\274\321\264\347M\360\305\355\271\302}?\344\332\202"
 1937      4DF0C5ED 
 1937      B9C27D3F 
 1937      E4DA82
 1938 08f0 D88BA71D 		.ascii	"\330\213\247\035M\002\013$\201\011\311-\371j:H\205\022"
 1938      4D020B24 
 1938      8109C92D 
 1938      F96A3A48 
 1938      8512
 1939 0902 6F8AAC0D 		.ascii	"o\212\254\015\222\332\322\351\203\035:\375\224\362\246"
 1939      92DAD2E9 
 1939      831D3AFD 
 1939      94F2A6
 1940 0911 987A5D62 		.ascii	"\230z]b\2157]1\351\220\304\233Rk&i,M:l\303$\302\233"
 1940      8D375D31 
 1940      E990C49B 
 1940      526B2669 
 1940      2C4D3A6C 
 1941 0929 23D4A432 		.ascii	"#\324\2442\013\336\330uI\376\321Nxs\214\212/\267\312"
 1941      0BDED875 
 1941      49FED14E 
 1941      78738C8A 
 1941      2FB7CA
 1942 093c 1B2B213C 		.ascii	"\033+!<\336\011oNPy\025\026\274\321b\213-x\323yL\325"
ARM GAS  /tmp/ccVr2doo.s 			page 157


 1942      DE096F4E 
 1942      50791516 
 1942      BCD1628B 
 1942      2D78D379 
 1943 0952 E8A4C49B 		.ascii	"\350\244\304\233S\300\033m{\336\244g\335\275\2521I\020"
 1943      53C01B6D 
 1943      7BDEA467 
 1943      DDBDAA31 
 1943      4910
 1944 0964 1E38E00B 		.ascii	"\0368\340\013\361\033\312\252\204Q9-\021\345\214\265"
 1944      F11BCAAA 
 1944      8451392D 
 1944      11E58CB5 
 1945 0974 51B1B3F4 		.ascii	"Q\261\263\364\362l\207^\376A\211r\216\272y\336\032Q"
 1945      F26C875E 
 1945      FE418972 
 1945      8EBA79DE 
 1945      1A51
 1946 0986 BA62D205 		.ascii	"\272b\322\005\211(\027\255\231\244\2654\351\222\015"
 1946      892817AD 
 1946      99A4B534 
 1946      E9920D
 1947 0995 9308512E 		.ascii	"\223\010Q.S\223*-\210b\337%\371W:!\312U*\376\232U\242"
 1947      53932A2D 
 1947      8862DF25 
 1947      F9573A21 
 1947      CA552AFE 
 1948 09ac 58096155 		.ascii	"X\011aU'D\271N\345U[\020E\207-\266 J\3471U\243_%\242"
 1948      2744B94E 
 1948      E5555B10 
 1948      45872DB6 
 1948      204AE731 
 1949 09c5 DC00A2E8 		.ascii	"\334\000\242\350\332\023\345\322\365\224DD\023\014,"
 1949      DA13E5D2 
 1949      F5944444 
 1949      130C2C
 1950 09d4 D4675233 		.ascii	"\324gR3\242\355L\002oJ\314;\274\254\322\235\216Q\215"
 1950      A2ED4C02 
 1950      6F4ACC3B 
 1950      BCACD29D 
 1950      8E518D
 1951 09e7 449B5BD6 		.ascii	"D\233[\326\306\310\336\322\347\333\035\372\334Fis\207"
 1951      C6C8DED2 
 1951      E7DB1DFA 
 1951      DC466973 
 1951      87
 1952 09f8 3A5D6B8D 		.ascii	":]k\2156]\260\350\256\304\232{\326,\322YZt\337\206E"
 1952      365DB0E8 
 1952      AEC49A7B 
 1952      D62CD259 
 1952      5A74DF86 
 1953 0a0d 843575D4 		.ascii	"\2045u\324\242\007\026\254q\350\222\374\207\235\260"
 1953      A20716AC 
 1953      71E892FC 
 1953      879DB0
 1954 0a1c A69E8A6F 		.ascii	"\246\236\212o\260\312\032+\021l\354\2045\217\250\274"
 1954      B0CA1A2B 
ARM GAS  /tmp/ccVr2doo.s 			page 158


 1954      116CEC84 
 1954      358FA8BC 
 1955 0a2c C716AC71 		.ascii	"\307\026\254q\304\026[\260\246\323\220\252Q\223D\232"
 1955      C4165BB0 
 1955      A6D390AA 
 1955      5193449A 
 1956 0a3c DF80348E 		.ascii	"\337\2004\216\355I\223{:v\243\212\222\006~>\276q\246"
 1956      ED49937B 
 1956      3A76A38A 
 1956      92067E3E 
 1956      BE71A6
 1957 0a4f 52B63B7A 		.ascii	"R\266;z\"\311K/\211\014\023f\366\357\022k\232\255\215"
 1957      22C94B2F 
 1957      890C1366 
 1957      F6EF126B 
 1957      9AAD8D
 1958 0a62 9183A5CF 		.ascii	"\221\203\245\317O;\3649e;a\3153\352\364sk\254\351\212"
 1958      4F3BF439 
 1958      653B61CD 
 1958      33EAF473 
 1958      6BACE98A 
 1959 0a76 492D126D 		.ascii	"I-\022m\376\260f\222\243\245I/l\230Dh\363\222\232\324"
 1959      FEB06692 
 1959      A3A5492F 
 1959      6C984468 
 1959      F3929AD4 
 1960 0a8a 6A411BA7 		.ascii	"jA\033\247.\311o\353\2046F\216\210_\302Y\243\215\225"
 1960      2EC96FEB 
 1960      8436468E 
 1960      885FC259 
 1960      A38D95
 1961 0a9d 100673B6 		.ascii	"\020\006s\266i\023B\345\205r\346\264\351\206-\266\240"
 1961      691342E5 
 1961      8572E6B4 
 1961      E9862DB6 
 1961      A0
 1962 0aae 4DE73155 		.ascii	"M\3471U\243\245\234\310\2330\016\363\246[{\336\334\210"
 1962      A3A59CC8 
 1962      9B300EF3 
 1962      A65B7BDE 
 1962      DC88
 1963 0ac0 4D8D1678 		.ascii	"M\215\026x\003\333\273\206\314\242\315\262\354\025\316"
 1963      03DBBB86 
 1963      CCA2CDB2 
 1963      EC15CE
 1964 0acf 8902EF6C 		.ascii	"\211\002\357l\257\273\311\322AZ\306\211\274Y\316Y\031"
 1964      AFBBC9D2 
 1964      415AC689 
 1964      BC59CE59 
 1964      19
 1965 0ae0 24274BA7 		.ascii	"$'K\247Wt\350\364\026\312\233\010\352\365J\316\012o"
 1965      5774E8F4 
 1965      16CA9B08 
 1965      EAF54ACE 
 1965      0A6F
 1966 0af2 BA625224 		.ascii	"\272bR$'\362&\312\232I\335\254\334\000\3330\211\360"
 1966      27F226CA 
ARM GAS  /tmp/ccVr2doo.s 			page 159


 1966      9A49DDAC 
 1966      DC00DB30 
 1966      89F0
 1967 0b04 66353569 		.ascii	"f55i\015g\316\233\356]\222\277\266C\371\2247\353\250"
 1967      0D67CE9B 
 1967      EE5D92BF 
 1967      B643F994 
 1967      37EBA8
 1968 0b17 F8F55679 		.ascii	"\370\365Vyc%\204\033:\341M4\225\267\321\2027=\260\305"
 1968      6325841B 
 1968      3AE14D34 
 1968      95B7D182 
 1968      373DB0C5 
 1969 0b2b 16BCE93C 		.ascii	"\026\274\351<\246j\024#\361&\026x\323\203\201g\316\\"
 1969      A66A1423 
 1969      F1261678 
 1969      D3838167 
 1969      CE5C
 1970 0b3d 4BF0E60D 		.ascii	"K\360\346\015\210<t\3062\013\356Gfj7\232\236\336\300"
 1970      883C74C6 
 1970      320BEE47 
 1970      666A379A 
 1970      9EDEC0
 1971 0b50 436AD000 		.ascii	"Cj\320\000\240Mp\333\326\023_\314\254\014\016\265\037"
 1971      A04D70DB 
 1971      D6135FCC 
 1971      AC0C0EB5 
 1971      1F
 1972 0b61 BF13DE7D 		.ascii	"\277\023\336}%\376[\320\030\307}!(l\336\034\235\252"
 1972      25FE5BD0 
 1972      18C77D21 
 1972      286CDE1C 
 1972      9DAA
 1973 0b73 73CB2657 		.ascii	"s\313&W\323\021\350\375E\322\273\231sc\356\240\320_"
 1973      D311E8FD 
 1973      45D2BB99 
 1973      7363EEA0 
 1973      D05F
 1974 0b85 4B2F2093 		.ascii	"K/ \2238\351\301\216\032\341[ej86L\361G\360\346\213"
 1974      38E9C18E 
 1974      1AE15B65 
 1974      6A38364C 
 1974      F147F0E6 
 1975 0b9a 0C312C82 		.ascii	"\0141,\2025\306\3579\272\201\003\014\271\246lmk{W\260"
 1975      35C6EF39 
 1975      BA81030C 
 1975      B9A66C6D 
 1975      6B7B57B0 
 1976 0bae 39647358 		.ascii	"9dsX\334\356,\371#\2473`4\355\212\342A\3136,\366\013"
 1976      DCEE2CF9 
 1976      23A73360 
 1976      34ED8AE2 
 1976      41CB362C 
 1977 0bc4 DC61DFF2 		.ascii	"\334a\337\362\372\014;\252\011a\313\\\210,\325\022\243"
 1977      FA0C3BAA 
 1977      0961CB5C 
 1977      882CD512 
ARM GAS  /tmp/ccVr2doo.s 			page 160


 1977      A3
 1978 0bd5 B1989302 		.ascii	"\261\230\223\002\220\261\311\236\202z\231y\232\214$"
 1978      90B1C99E 
 1978      827A9979 
 1978      9A8C24
 1979 0be4 57BFB4E2 		.ascii	"W\277\264\342j6q5Qr5It\3656\022\344\311|S\037;\364`"
 1979      6A367135 
 1979      51723549 
 1979      74F53612 
 1979      E4C97C53 
 1980 0bfc 1D927C7B 		.ascii	"\035\222|{rr/\007\235\3105M^\341\372\355\254i@\342#"
 1980      72722F07 
 1980      9DC8354D 
 1980      5EE1FAED 
 1980      AC6940E2 
 1981 0c11 04839CCD 		.ascii	"\004\203\234\315\014JG\026\261\337t\277n\235\026\033"
 1981      0C4A4716 
 1981      B1DF74BF 
 1981      6E9D161B 
 1982 0c21 B41A5FCE 		.ascii	"\264\032_\316A0\217\222\245\251\235\202\015\002\201"
 1982      41308F92 
 1982      A5A99D82 
 1982      0D0281
 1983 0c30 E51F5371 		.ascii	"\345\037Sq\275\315\375c-\374\223\213\313fA\\\252$.\215"
 1983      BDCDFD63 
 1983      2DFC938B 
 1983      CB66415C 
 1983      AA242E8D 
 1984 0c44 FA572DF9 		.ascii	"\372W-\371\347\214E\012\356\331U\305\257\210&\356!\242"
 1984      E78C450A 
 1984      EED955C5 
 1984      AF8826EE 
 1984      21A2
 1985 0c56 713947BB 		.ascii	"q9G\273\3641S\331\302\331T\231\256\003\225\351R&\330"
 1985      F43153D9 
 1985      C2D95499 
 1985      AE0395E9 
 1985      5226D8
 1986 0c69 42555695 		.ascii	"BUV\225V(%\225}\004\225\332\210\354U7\211J\216D-A\214"
 1986      56282595 
 1986      7D0495DA 
 1986      88EC5537 
 1986      894A8E44 
 1987 0c80 5ADFFF4B 		.ascii	"Z\337\377K\324\266J:3D\235\315W\342UB\340\260PA\253"
 1987      D4B64A3A 
 1987      33449DCD 
 1987      57E25542 
 1987      E0B05041 
 1988 0c95 FDD2CB47 		.ascii	"\375\322\313G\0371\246\261Jx0\230\366\351g\246\265\311"
 1988      1F31A6B1 
 1988      4A783098 
 1988      F6E967A6 
 1988      B5C9
 1989 0ca7 B6A7AD1C 		.ascii	"\266\247\255\034y\030!i\315\024\265\036\026<\355\213"
 1989      79182169 
 1989      CD14B51E 
 1989      163CED8B 
ARM GAS  /tmp/ccVr2doo.s 			page 161


 1990 0cb7 450A3A75 		.ascii	"E\012:u\217[\266\206\210\0236\344IX\344\336B9\371\317"
 1990      8F5BB686 
 1990      881336E4 
 1990      4958E4DE 
 1990      4239F9CF 
 1991 0ccb E1D97F01 		.ascii	"\341\331\177\001\377\177\011&\001\345\024\332\016\""
 1991      FF7F0926 
 1991      01E514DA 
 1991      0E22
 1992 0cd9 B623618C 		.ascii	"\266#a\214\210\245\031\231\203hs\1773K\363m[ZK,\315"
 1992      88A51999 
 1992      8368737F 
 1992      334BF36D 
 1992      5B5A4B2C 
 1993 0cee 922CCD16 		.ascii	"\222,\315\026Y\365\025\025\347b&\256\226\265\031\356"
 1993      59F51515 
 1993      E76226AE 
 1993      96B519EE 
 1994 0cfe 26C2AA1D 		.ascii	"&\302\252\035\222\270\235D\\HS\330s%\225\227\205\255"
 1994      92B89D44 
 1994      5C4853D8 
 1994      73259597 
 1994      85AD
 1995 0d10 EE0F1387 		.ascii	"\356\017\023\207d\354\254\275Y\034m\037@/m\027r\343"
 1995      64ECACBD 
 1995      591C6D1F 
 1995      402F6D17 
 1995      72E3
 1996 0d22 72356DCE 		.ascii	"r5m\316\306m\003\250\207\231\021\375i\333@3\223\232"
 1996      C66D03A8 
 1996      879911FD 
 1996      69DB4033 
 1996      939A
 1997 0d34 2D4D924F 		.ascii	"-M\222O\344d\222\037vI\0239G\"\272(\017\324\010\203"
 1997      E464921F 
 1997      76491339 
 1997      4722BA28 
 1997      0FD40883 
 1998 0d48 E1905778 		.ascii	"\341\220Wx\241\204\021\230\036\022\037\206h\227\035"
 1998      A1841198 
 1998      1E121F86 
 1998      68971D
 1999 0d57 C8D46D25 		.ascii	"\310\324m%\347(\215\230\002^\031\224\217\203N\377\207"
 1999      E7288D98 
 1999      025E1994 
 1999      8F834EFF 
 1999      87
 2000 0d68 3CBA5BB2 		.ascii	"<\272[\262i\017\344\357\257\030\246\031}\005\312\034"
 2000      690FE4EF 
 2000      AF18A619 
 2000      7D05CA1C 
 2001 0d78 D6FE00C9 		.ascii	"\326\376\000\311E\307beN\301b:c\205\334\230\241\243"
 2001      45C76265 
 2001      4EC1623A 
 2001      6385DC98 
 2001      A1A3
 2002 0d8a 1CDA85FB 		.ascii	"\034\332\205\373|)\245=8AdT\020\313\011\323\336\241"
ARM GAS  /tmp/ccVr2doo.s 			page 162


 2002      7C29A53D 
 2002      38416454 
 2002      10CB09D3 
 2002      DEA1
 2003 0d9c 9DBEC49A 		.ascii	"\235\276\304\232\233\302\343\2128\232&\325h/MZ\315\350"
 2003      9BC2E38A 
 2003      389A26D5 
 2003      682F4D5A 
 2003      CDE8
 2004 0dae 4BC8A3CA 		.ascii	"K\310\243\312&-\010r:\367-\026\001G\216\212e\354\317"
 2004      262D0872 
 2004      3AF72D16 
 2004      01478E8A 
 2004      65ECCF
 2005 0dc1 CE74A459 		.ascii	"\316t\244Y}\2209\247,\347\234\334\273Z\342\335>\311"
 2005      7D9039A7 
 2005      2CE79CDC 
 2005      BB5AE2DD 
 2005      3EC9
 2006 0dd3 BB5C4A82 		.ascii	"\273\\J\202\315a\313\225T^&\266|P\034\36791\274\307"
 2006      CD61CB95 
 2006      545E26B6 
 2006      7C501CF7 
 2006      3931BCC7 
 2007 0de7 1FE28245 		.ascii	"\037\342\202E\035<\271\3539G\273\345@\232\247\0166\243"
 2007      1D3CB9EB 
 2007      3947BBE5 
 2007      409AA70E 
 2007      36A3
 2008 0df9 BFE3FE0A 		.ascii	"\277\343\376\012\006\260\335\257>8\004\221\351\371<"
 2008      06B0DDAF 
 2008      3E380491 
 2008      E9F93C
 2009 0e08 B1710B12 		.ascii	"\261q\013\022=\276WZ[\251\2458X\032\2367\244U\012>k"
 2009      3DBE575A 
 2009      5BA9A538 
 2009      581A9E37 
 2009      A4550A3E 
 2010 0e1d D07ED1E7 		.ascii	"\320~\321\347\317!\254\354\325\232\032\374\367\337{"
 2010      CF21ACEC 
 2010      D59A1AFC 
 2010      F7DF7B
 2011 0e2c E0862F48 		.ascii	"\340\206/H\303\246[\307YP\327\343\334`,\267W\233\370"
 2011      C3A65BC7 
 2011      5950D7E3 
 2011      DC602CB7 
 2011      579BF8
 2012 0e3f D616DBF3 		.ascii	"\326\026\333\363\",2\327\231\256\323\203\343\270\341"
 2012      222C32D7 
 2012      99AED383 
 2012      E3B8E1
 2013 0e4e 587249E9 		.ascii	"XrI\351\332K\344\346O\207\264(\217\023^\337\300\232"
 2013      DA4BE4E6 
 2013      4F87B428 
 2013      8F135EDF 
 2013      C09A
 2014 0e60 6AB64D10 		.ascii	"j\266M\020^\337\344s\322\353\233\243O\032*8>Cx\0233"
ARM GAS  /tmp/ccVr2doo.s 			page 163


 2014      5EDFE473 
 2014      D2EB9BA3 
 2014      4F1A2A38 
 2014      3E437813 
 2015 0e75 0E00F5CB 		.ascii	"\016\000\365\313c\213\225\322\233\030\314d7t\200\343"
 2015      638B95D2 
 2015      9B18CC64 
 2015      377480E3 
 2016 0e85 89385440 		.ascii	"\2118T@\267\036\345\025\007V+\370l\371\373\233\246\245"
 2016      B71EE515 
 2016      07562BF8 
 2016      6CF9FB9B 
 2016      A6A5
 2017 0e97 15463B11 		.ascii	"\025F;\021\325\312\302\373\233B\021U\304\301\373\233"
 2017      D5CAC2FB 
 2017      9B421155 
 2017      C4C1FB9B 
 2018 0ea7 C1F4FDCD 		.ascii	"\301\364\375\315\241j\262\241\020\016\254\334m\272U"
 2018      A16AB2A1 
 2018      100EACDC 
 2018      6DBA55
 2019 0eb6 6DFF56AE 		.ascii	"m\377V\256q\031\016*\356y\220{\213\274\230~\232e\353"
 2019      71190E2A 
 2019      EE79907B 
 2019      8BBC987E 
 2019      9A65EB
 2020 0ec9 C5743127 		.ascii	"\305t1'\1771\335\232V\262\331\201\337\307\312^\025\346"
 2020      7F31DD9A 
 2020      56B2D981 
 2020      DFC7CA5E 
 2020      15E6
 2021 0edb 1446A64A 		.ascii	"\024F\246J\257r\363\311\253\302\022Nx\231t\210\243o"
 2021      AF72F3C9 
 2021      ABC2124E 
 2021      78997488 
 2021      A36F
 2022 0eed A6099F8E 		.ascii	"\246\011\237\216E\364\240\257\302\364\362]\302k\344"
 2022      45F4A0AF 
 2022      C2F4F25D 
 2022      C26BE4
 2023 0efc F54FD19E 		.ascii	"\365O\321\236\202[*\372\2638\304HNo<L{\031\253\303\273"
 2023      825B2AFA 
 2023      B338C448 
 2023      4E6F3C4C 
 2023      7B19ABC3 
 2024 0f11 AB2570D2 		.ascii	"\253%p\322+\201\033\217\016s.\250\224\243\033\254\347"
 2024      2B811B8F 
 2024      0E732EA8 
 2024      94A31BAC 
 2024      E7
 2025 0f22 89AB1E3A 		.ascii	"\211\253\036:\320\244\203\257M@G\360\356*\006\236i3"
 2025      D0A483AF 
 2025      4D4047F0 
 2025      EE2A069E 
 2025      6933
 2026 0f34 A84C5CA9 		.ascii	"\250L\\\251'\232\264\225/O}L\304O@\025\241{\227+\320"
 2026      279AB495 
ARM GAS  /tmp/ccVr2doo.s 			page 164


 2026      2F4F7D4C 
 2026      C44F4015 
 2026      A17B972B 
 2027 0f49 519112C3 		.ascii	"Q\221\022\3031\257z\002\017\2353\263\016\333\231\310"
 2027      31AF7A02 
 2027      0F9D33B3 
 2027      0EDB99C8 
 2028 0f59 5FFEE03F 		.ascii	"_\376\340?\024\316\233\231\222X\007\0079lY3\021\035"
 2028      14CE9B99 
 2028      92580707 
 2028      396C5933 
 2028      111D
 2029 0f6b 23D628E8 		.ascii	"#\326(\350\324H\336]\271\335Q\310\217EN\011\334$T\316"
 2029      D448DE5D 
 2029      B9DD51C8 
 2029      8F454E09 
 2029      DC2454CE 
 2030 0f7f B9C5C083 		.ascii	"\271\305\300\203T\006\035\247\351\366E\370\347T\331"
 2030      54061DA7 
 2030      E9F645F8 
 2030      E754D9
 2031 0f8e 2B581FCD 		.ascii	"+X\037\315\277'\225\264\345Us\3655\316\235\252?\321"
 2031      BF2795B4 
 2031      E55573F5 
 2031      35CE9DAA 
 2031      3FD1
 2032 0fa0 91FA7DBD 		.ascii	"\221\372}\275A}\005\250'\013\311I3\365C\260>\252>SM"
 2032      417D05A8 
 2032      270BC949 
 2032      33F543B0 
 2032      3EAA3E53 
 2033 0fb5 5B5CCDD5 		.ascii	"[\\\315\325\347\017\350T\375\251\216\324g\017\004\365"
 2033      E70FE854 
 2033      FDA98ED4 
 2033      670F04F5 
 2034 0fc5 A7413D1C 		.ascii	"\247A=\034{Cg\314\324\017\305\372h\364\217?\360\242"
 2034      7B4367CC 
 2034      D40FC5FA 
 2034      68F48F3F 
 2034      F0A2
 2035 0fd7 4DC32CA2 		.ascii	"M\303,\242\317u\252\377l\207\321\327\201\376s\240\037"
 2035      CF75AAFF 
 2035      6C87D1D7 
 2035      81FE73A0 
 2035      1F
 2036 0fe8 0EE2A1F3 		.ascii	"\016\342\241\363\224)\367JOUiM\352\342\2567\326\221"
 2036      9429F74A 
 2036      4F55694D 
 2036      EAE2AE37 
 2036      D691
 2037 0ffa 093E0929 		.ascii	"\011>\011)\321\005"
 2037      D105
 2038 1000 698FD7BB 		.ascii	"i\217\327\27347ME\370A \325UWe\230\364;k6:R\214\002"
 2038      34374D45 
 2038      F84120D5 
 2038      55576598 
 2038      F43B6B36 
ARM GAS  /tmp/ccVr2doo.s 			page 165


 2039 1018 5D94307D 		.ascii	"]\2240}\302N\254S\2300\265U\317\324&\314\222\210mI\016"
 2039      C24EAC53 
 2039      9830B555 
 2039      CFD426CC 
 2039      92886D49 
 2040 102d 14836F25 		.ascii	"\024\203o%$L\337=\017\253Y\023\246\241\352\205\014\223"
 2040      244CDF3D 
 2040      0FAB5913 
 2040      A6A1EA85 
 2040      0C93
 2041 103f 16917C40 		.ascii	"\026\221|@\300\260\350\262\204\351Wv\364.\0221\277\226"
 2041      C0B0E8B2 
 2041      84E95776 
 2041      F42E1231 
 2041      BF96
 2042 1051 36576D92 		.ascii	"6Wm\222\331&\355\222'\341]r\245\200\211\340\372G\326"
 2042      D926ED92 
 2042      27E15D72 
 2042      A58089E0 
 2042      FA47D6
 2043 1064 C5D0B4BB 		.ascii	"\305\320\264\273\222si\317\375\312\210o)|\204y\364k"
 2043      927369CF 
 2043      FDCA886F 
 2043      297C8479 
 2043      F46B
 2044 1076 3B8FFE15 		.ascii	";\217\376\025\022};\313\350'\223\350_\225\270\177M\034"
 2044      127D3BCB 
 2044      E82793E8 
 2044      5F95B87F 
 2044      4D1C
 2045 1088 FDB83C67 		.ascii	"\375\270<g\252n$\326(Z\360#m\032enAz\347\263\257\252"
 2045      AA6E24D6 
 2045      285AF023 
 2045      6D1A656E 
 2045      417AE7B3 
 2046 109e 230B6A1C 		.ascii	"#\013j\034\301\202\353\022\375\253-,\030\2155\342\234"
 2046      C182EB12 
 2046      FDAB2D2C 
 2046      188D35E2 
 2046      9C
 2047 10af B819AFA4 		.ascii	"\270\031\257\244\035\277\220\377\325\224\321o\256[\363"
 2047      1DBF90FF 
 2047      D594D16F 
 2047      AE5BF3
 2048 10be BB9A3F24 		.ascii	"\273\232?$\244\303\327\001p3b\335jN\236\321\337@7\304"
 2048      A4C3D701 
 2048      703362DD 
 2048      6A4E9ED1 
 2048      DF4037C4 
 2049 10d2 74789366 		.ascii	"tx\223f\364\326G\033\2624\374I\001\365&\240Z\3326\335"
 2049      F4D6471B 
 2049      B234FC49 
 2049      01F526A0 
 2049      5ADA36DD 
 2050 10e6 9250708A 		.ascii	"\222Pp\212\346-T#\242n\221\214\376\012\231\236x\212"
 2050      E62D5423 
 2050      A26E918C 
ARM GAS  /tmp/ccVr2doo.s 			page 166


 2050      FE0A999E 
 2050      788A
 2051 10f8 7C4D0235 		.ascii	"|M\0025ZxA_p\377jfoj\374\030\363Xmc;\215\325\355\216"
 2051      5A78415F 
 2051      70FF6A66 
 2051      6F6AFC18 
 2051      F3586D63 
 2052 1111 62051BBD 		.ascii	"b\005\033\275I\350\2164Z\265\342\\9,\234g\030#r\251"
 2052      49E88E34 
 2052      5AB5E25C 
 2052      392C9C67 
 2052      182372A9 
 2053 1125 197D8DB1 		.ascii	"\031}\215\261\317\036\337\277b\307\337\025|\232\014"
 2053      CF1EDFBF 
 2053      62C7DF15 
 2053      7C9A0C
 2054 1134 E25A0BFF 		.ascii	"\342Z\013\377\210\227|\332\221\275\034a\221o\243\273"
 2054      88977CDA 
 2054      91BD1C61 
 2054      916FA3BB 
 2055 1144 38C331E8 		.ascii	"8\3031\350\036\276\320;'\023\242\261\375\356\2510;\276"
 2055      1EBED03B 
 2055      2713A2B1 
 2055      FDEEA930 
 2055      3BBE
 2056 1156 45BEBE45 		.ascii	"E\276\276E\207\356\315\226\0165df?\203\273\273\221\350"
 2056      87EECD96 
 2056      0E356466 
 2056      3F83BBBB 
 2056      91E8
 2057 1168 3E41D661 		.ascii	">A\326a\244s~\323H\334\255qI\350\013G>\230\243\310w"
 2057      A4737ED3 
 2057      48DCAD71 
 2057      49E80B47 
 2057      3E98A3C8 
 2058 117d 00F9A8A8 		.ascii	"\000\371\250\250\340\260\204\334\235]\017\310)\350\001"
 2058      E0B084DC 
 2058      9D5D0FC8 
 2058      29E801
 2059 118c 413EC4C8 		.ascii	"A>\304\310>k\377\213{m\270~>\314\221_&\000\377\002\300"
 2059      3E6BFF8B 
 2059      7B6DB87E 
 2059      3ECC915F 
 2059      2600FF02 
 2060 11a1 D0D6E042 		.ascii	"\320\326\340B\225\010\314\315n\000\340\273\250\236\000"
 2060      9508CCCD 
 2060      6E00E0BB 
 2060      A89E00
 2061 11b0 1B30B0EF 		.ascii	"\0330\260\3579\0006\276\330\242\345W\011\270\367\000"
 2061      390036BE 
 2061      D8A2E557 
 2061      09B8F700 
 2062 11c0 B77445CC 		.ascii	"\267tE\314n{\021w0\373\243\004n*j$\250G\030\325\377"
 2062      6E7B1177 
 2062      30FBA304 
 2062      6E2A6A24 
 2062      A84718D5 
ARM GAS  /tmp/ccVr2doo.s 			page 167


 2063 11d5 EA6F75B0 		.ascii	"\352ou\260ihXz9E\307o\341d<Y\235|\346k\021W\353\004"
 2063      6968587A 
 2063      3945C76F 
 2063      E1643C59 
 2063      9D7CE66B 
 2064 11ed 34794C60 		.ascii	"4yL`M\030\326/'\005\341i=`C\311\005\205p~libc\266\332"
 2064      4D18D62F 
 2064      2705E169 
 2064      3D6043C9 
 2064      0585707E 
 2065 1207 1A29DF8F 		.ascii	"\032)\337\217%\307w\1773\221\362ZU\363Y\216\317\021"
 2065      25C7777F 
 2065      3391F25A 
 2065      55F3598E 
 2065      CF11
 2066 1219 944D0340 		.ascii	"\224M\003@EIR\262de\015vm:z\"\322\353w\262F\317 \211"
 2066      454952B2 
 2066      64650D76 
 2066      6D3A7A22 
 2066      D2EB77B2 
 2067 1231 6460FB44 		.ascii	"d`\373DP-N\303\261\346\324jv\350\224Z\315\204Z\332\216"
 2067      502D4EC3 
 2067      B1E6D46A 
 2067      76E8945A 
 2067      CD845ADA 
 2068 1246 A6E15329 		.ascii	"\246\341S)\015?\023\027\354\321\2022Y\226\032$f]\234"
 2068      0D3F1317 
 2068      ECD18232 
 2068      59961A24 
 2068      665D9C
 2069 1259 A5068BC6 		.ascii	"\245\006\213\306)\310\022\025/\344\305q\346\266ew\276"
 2069      29C81215 
 2069      2FE4C571 
 2069      E6B66577 
 2069      BE
 2070 126a 443DEFC8 		.ascii	"D=\357\310\266\226\001`[\213D\373?\314\226(\274O\037"
 2070      B6960160 
 2070      5B8B44FB 
 2070      3FCC9628 
 2070      BC4F1F
 2071 127d 4757C816 		.ascii	"GW\310\026A\375k\346\352[\007u\252\376EG\352\353\006"
 2071      41FD6BE6 
 2071      EA5B0775 
 2071      AAFE4547 
 2071      EAEB06
 2072 1290 83FA9752 		.ascii	"\203\372\227R\206j5S?\036\353\243\352O\331\321\226\011"
 2072      866A3553 
 2072      3F1EEBA3 
 2072      EA4FD9D1 
 2072      9609
 2073 12a2 E6EA1B5C 		.ascii	"\346\352\033\\;U\337\326\221\372\374\241\240\336\250"
 2073      3B55DFD6 
 2073      91FAFCA1 
 2073      A0DEA8
 2074 12b1 1017E825 		.ascii	"\020\027\350%\212\366\352'b}\230\213\233l\246\307`\205"
 2074      8AF6EA27 
 2074      627D988B 
ARM GAS  /tmp/ccVr2doo.s 			page 168


 2074      9B6CA6C7 
 2074      6085
 2075 12c3 E950DECD 		.ascii	"\351P\336\315\027\217\024|\013';\210u*\341\361\262v"
 2075      178F147C 
 2075      0B273B88 
 2075      752AE1F1 
 2075      B276
 2076 12d5 1B5EBCBB 		.ascii	"\033^\274\273V\010L\014U\220\364\270jg\301\001\304\207"
 2076      56084C0C 
 2076      5590F4B8 
 2076      6A67C101 
 2076      C487
 2077 12e7 2A644713 		.ascii	"*dG\023[\356\027\335\224\216\243afs\375\320R\021\025"
 2077      5BEE17DD 
 2077      948EA361 
 2077      6673FDD0 
 2077      521115
 2078 12fa A680F4F8 		.ascii	"\246\200\364\370\017268>\023!1\342\244\364\017\014\273"
 2078      0F323638 
 2078      3E132131 
 2078      E2A4F40F 
 2078      0CBB
 2079 130c 1DBA6A34 		.ascii	"\035\272j4\277F!\333oo\213\214\217\221v\316M\275`\277"
 2079      BF4621DB 
 2079      6F6F8B8C 
 2079      8F9176CE 
 2079      4DBD60BF 
 2080 1320 1DAE8069 		.ascii	"\035\256\200i\267\014K\031\230CN}\305\306\246\251\371"
 2080      B70C4B19 
 2080      98434E7D 
 2080      C5C6A6A9 
 2080      F9
 2081 1331 6801F501 		.ascii	"h\001\365\001\240\256=\2739E\322\356\234\300}\210\226"
 2081      A0AE3DBB 
 2081      3945D2EE 
 2081      9CC07D88 
 2081      96
 2082 1342 13D00A0C 		.ascii	"\023\320\012\014\032\224\003SU\177\341Q\224\2354U\223"
 2082      1A940353 
 2082      557FE151 
 2082      949D3455 
 2082      93
 2083 1353 C6D998A9 		.ascii	"\306\331\230\251\021\246\370\\_U\223\305\361\333\004"
 2083      11A6F85C 
 2083      5F5593C5 
 2083      F1DB04
 2084 1362 551F91B4 		.ascii	"U\037\221\264\020\265\347w\323n\032O\314\231h\245\350"
 2084      10B5E777 
 2084      D36E1A4F 
 2084      CC9968A5 
 2084      E8
 2085 1373 69A4C234 		.ascii	"i\244\3024S\3716\371\331\322\203;lm\341\243\024\362"
 2085      53F936F9 
 2085      D9D2833B 
 2085      6C6DE1A3 
 2085      14F2
 2086 1385 2D7C51D2 		.ascii	"-|Q\322\305\020'\276ZP\372W\300\354Z{i\203\235|\013"
ARM GAS  /tmp/ccVr2doo.s 			page 169


 2086      C51027BE 
 2086      5A50FA57 
 2086      C0EC5A7B 
 2086      69839D7C 
 2087 139a FF315A25 		.ascii	"\3771Z%*]\255\020\017\227n6>y1\311\306\300\25719\266"
 2087      2A5DAD10 
 2087      0F976E36 
 2087      3E7931C9 
 2087      C6C0AF31 
 2088 13b0 3EF2E90D 		.ascii	">\362\351\0155\377H!\033\370\260\372\233G\244\004KO"
 2088      35FF4821 
 2088      1BF8B0FA 
 2088      9B47A404 
 2088      4B4F
 2089 13c2 63AE1575 		.ascii	"c\256\025u\254Sti]\314&\353\342z\021\265\201\242\244"
 2089      AC537469 
 2089      5DCC26EB 
 2089      E27A11B5 
 2089      81A2A4
 2090 13d5 63223ABC 		.ascii	"c\":\274'\212V\270\240\321.h$<\2670\246\257\274\305"
 2090      278A56B8 
 2090      A0D12E68 
 2090      243CB730 
 2090      A6AFBCC5 
 2091 13e9 F12D8211 		.ascii	"\361-\202\021\263@\334\312\210\303mZ\371H\272\243\215"
 2091      B340DCCA 
 2091      88C36D5A 
 2091      F948BAA3 
 2091      8D
 2092 13fa A2B8182C 		.ascii	"\242\270\030,\016\215\002\240\364y\205\016\357\346b"
 2092      0E8D02A0 
 2092      F479850E 
 2092      EFE662
 2093 1409 152EF4B0 		.ascii	"\025.\364\260#v\277\325\226\373\233L\356o\271\222\272"
 2093      2376BFD5 
 2093      96FB9B4C 
 2093      EE6FB992 
 2093      BA
 2094 141a 54C78728 		.ascii	"T\307\207(e\351>-/5^-w\377\015\364\213\250y3u$n\311"
 2094      65E93E2D 
 2094      2F355E2D 
 2094      77FF0DF4 
 2094      8BA87933 
 2095 1432 CB9FF928 		.ascii	"\313\237\371(\0014\033@\017\242\237\347\250\344\264"
 2095      01341B40 
 2095      0FA29FE7 
 2095      A8E4B4
 2096 1441 9F83E244 		.ascii	"\237\203\342DP<5\027\376t\311\333&\342m\202\010O\024"
 2096      503C3517 
 2096      FE74C9DB 
 2096      26E26D82 
 2096      084F14
 2097 1454 E0A305EF 		.ascii	"\340\243\005\3576\031\367\264\331\362.\311\344\335\271"
 2097      3619F7B4 
 2097      D9F22EC9 
 2097      E4DDB9
 2098 1463 A3BFED70 		.ascii	"\243\277\355p\342\267+e\367\200\267\367_\336\255\223"
ARM GAS  /tmp/ccVr2doo.s 			page 170


 2098      E2B72B65 
 2098      F780B7F7 
 2098      5FDEAD93 
 2099 1473 7B370425 		.ascii	"{7\004%\213\232R\250w\233\217\034\251@\374~\245lV\247"
 2099      8B9A52A8 
 2099      779B8F1C 
 2099      A940FC7E 
 2099      A56C56A7 
 2100 1487 16169A62 		.ascii	"\026\026\232b\262\217\314\352T\021\225FQ\322\333\017"
 2100      B28FCCEA 
 2100      54119546 
 2100      51D2DB0F 
 2101 1497 1D52A374 		.ascii	"\035R\243t\005\370\012c\334\205mC\2723\354\031\266\210"
 2101      05F80A63 
 2101      DC856D43 
 2101      BA33EC19 
 2101      B688
 2102 14a9 F2B62AC4 		.ascii	"\362\266*\304C\253\233\214Olz\232a\362\364b\344\211"
 2102      43AB9B8C 
 2102      4F6C7A9A 
 2102      61F2F462 
 2102      E489
 2103 14bb 32963F22 		.ascii	"2\226?\"\267\271\242\340TU\273C\270\375\3206QG\346\237"
 2103      B7B9A2E0 
 2103      5455BB43 
 2103      B8FDD036 
 2103      5147E69F 
 2104 14cf F174BB88 		.ascii	"\361t\273\210\312\242(\351[\006\035\322\240l\005q\223"
 2104      CAA228E9 
 2104      5B061DD2 
 2104      A06C0571 
 2104      93
 2105 14e0 8E6C679E 		.ascii	"\216lg\236\356\353\005\236\356\020\345\355T\230\216"
 2105      EEEB059E 
 2105      EE10E5ED 
 2105      54988E
 2106 14ef E7A6ECB1 		.ascii	"\347\246\354\261u<w\227\311\323\312u\367\312\224\374"
 2106      753C7797 
 2106      C9D3CA75 
 2106      F7CA94FC 
 2107 14ff 39F9989E 		.ascii	"9\371\230\236\330y\376\232\331\230\346\210:v+\272t<"
 2107      D879FE9A 
 2107      D998E688 
 2107      3A762BBA 
 2107      743C
 2108 1511 37871CCF 		.ascii	"7\207\034\317\335#\242\366RTgLMv\004\246\356\023Q\271"
 2108      DD23A2F6 
 2108      5254674C 
 2108      4D7604A6 
 2108      EE1351B9 
 2109 1525 F2913BFC 		.ascii	"\362\221;\374\272\015\177\366w}\345\241\011(O\324\221"
 2109      BA0D7FF6 
 2109      777DE5A1 
 2109      09284FD4 
 2109      91
 2110 1536 DFB59527 		.ascii	"\337\265\225'\233\214\334\001\021U@Q\235\2542\333t\260"
 2110      9B8CDC01 
ARM GAS  /tmp/ccVr2doo.s 			page 171


 2110      11554051 
 2110      9DAC32DB 
 2110      74B0
 2111 1548 CA148AA0 		.ascii	"\312\024\212\240\"\012\272u:!Lx\214d\207\016\322\254"
 2111      220ABA75 
 2111      3A214C78 
 2111      8C64870E 
 2111      D2AC
 2112 155a 354A988B 		.ascii	"5J\230\2131\306=Gl\371Yl\362\363\350\215\232u:\276Z"
 2112      31C63D47 
 2112      6CF9596C 
 2112      F2F3E88D 
 2112      9A753ABE 
 2113 156f 29F3B3ED 		.ascii	")\363\263\355\305:}{7KD\335\207\250\356%\327+\362\324"
 2113      C53A7D7B 
 2113      374B44DD 
 2113      87A8EE25 
 2113      D72BF2D4 
 2114 1583 FC3DA56C 		.ascii	"\374=\245l\000\236\227\244=a\345n\272\243R\021u\230"
 2114      009E97A4 
 2114      3D61E56E 
 2114      BAA35211 
 2114      7598
 2115 1595 A2965FAA 		.ascii	"\242\226_\252\011Q\361\217\345\264\336\275\372R\263"
 2115      0951F18F 
 2115      E5B4DEBD 
 2115      FA52B3
 2116 15a4 7482BB85 		.ascii	"t\202\273\205\004\347\210\210*\243\250\214\312_\016"
 2116      04E78888 
 2116      2AA3A88C 
 2116      CA5F0E
 2117 15b3 737CABDC 		.ascii	"s|\253\334\300\274U\027\362$\362\326\350\300\302\243"
 2117      C0BC5517 
 2117      F224F2D6 
 2117      E8C0C2A3 
 2118 15c3 22EA9834 		.ascii	"\"\352\2304\330a\211\007\254\223WX\324\312\333-jgW\245"
 2118      D8618907 
 2118      AC935758 
 2118      D4CADB2D 
 2118      6A6757A5 
 2119 15d7 9ED7F2CB 		.ascii	"\236\327\362\313T\262[\201\035%\305[\332}11\005\035"
 2119      54B25B81 
 2119      1D25C55B 
 2119      DA7D3131 
 2119      051D
 2120 15e9 17D59C90 		.ascii	"\027\325\234\220\026\265\030\343\223\243\266b]a\212"
 2120      16B518E3 
 2120      93A3B662 
 2120      5D618A
 2121 15f8 F5F1F2CB 		.ascii	"\365\361\362\313\225\032>J%\013\333\313\333\217#\332"
 2121      951A3E4A 
 2121      250BDBCB 
 2121      DB8F23DA 
 2122 1608 65757774 		.ascii	"euwtR\324q\212\006 \357\305\201\006\216\337\250\222"
 2122      52D4718A 
 2122      0620EFC5 
 2122      81068EDF 
ARM GAS  /tmp/ccVr2doo.s 			page 172


 2122      A892
 2123 161a DD6B1C6F 		.ascii	"\335k\034o8:[JS\034\334g\234\026Ag\204\264,\254:d\027"
 2123      383A5B4A 
 2123      531CDC67 
 2123      9C164167 
 2123      84B42CAC 
 2124 1631 1E532F6C 		.ascii	"\036S/l5'm\224=7\233kqlzn\012\327\335\374\275\344\337"
 2124      35276D94 
 2124      3D379B6B 
 2124      716C7A6E 
 2124      0AD7DDFC 
 2125 1648 D0399078 		.ascii	"\3209\220xVAw\202\371k\227\355T\011\217i\277O\340\346"
 2125      56417782 
 2125      F96B97ED 
 2125      54098F69 
 2125      BF4FE0E6 
 2126 165c A1F30AD8 		.ascii	"\241\363\012\330\012\332\323\255`\350\275\214\253Z\341"
 2126      0ADAD3AD 
 2126      60E8BD8C 
 2126      AB5AE1
 2127 166b EAFF4BE0 		.ascii	"\352\377K\340<\320\005\330\011\352`'xQ!\334\376M\264"
 2127      3CD005D8 
 2127      09EA6027 
 2127      785121DC 
 2127      FE4DB4
 2128 167e 628A077C 		.ascii	"b\212\007|\022\243\020\037F\274\322v*C\272\207\300\367"
 2128      12A3101F 
 2128      46BCD276 
 2128      2A43BA87 
 2128      C0F7
 2129 1690 D6E7857B 		.ascii	"\326\347\205{\353\3271\252\263\263\356\227M\321.\212"
 2129      EBD731AA 
 2129      B3B3EE97 
 2129      4DD12E8A 
 2130 16a0 C909D7F1 		.ascii	"\311\011\327\361\361*\331\032Z\277\272)U\232\213\364"
 2130      F12AD91A 
 2130      5ABFBA29 
 2130      559A8BF4 
 2131 16b0 D6BA520C 		.ascii	"\326\272R\014\334\025\032\355\314k\267s\020\237\241"
 2131      DC151AED 
 2131      CC6BB773 
 2131      109FA1
 2132 16bf 9265A43F 		.ascii	"\222e\244?*\352\303\235\344\271\327\005]\025Q\327\310"
 2132      2AEAC39D 
 2132      E4B9D705 
 2132      5D1551D7 
 2132      C8
 2133 16d0 DEF175B2 		.ascii	"\336\361u\262e\304\246\277*\231\016\374k\334\243\264"
 2133      65C4A6BF 
 2133      2A990EFC 
 2133      6BDCA3B4 
 2134 16e0 616AD59F 		.ascii	"aj\325\2375\365\272\250\264\232\232z\255\376^\231\003"
 2134      35F5BAA8 
 2134      B49A9A7A 
 2134      ADFE5E99 
 2134      03
 2135 16f1 9F25A0E6 		.ascii	"\237%\240\346\003\252\340\310\232\354vO\001>A\277\212"
ARM GAS  /tmp/ccVr2doo.s 			page 173


 2135      03AAE0C8 
 2135      9AEC764F 
 2135      013E41BF 
 2135      8A
 2136 1702 A81BC2CC 		.ascii	"\250\033\302\314\000;\207\310\036Q\303+\305H\341y\315"
 2136      003B87C8 
 2136      1E51C32B 
 2136      C548E179 
 2136      CD
 2137 1713 1B5D62C4 		.ascii	"\033]b\304\315\216\030\001\337\341\314C5\035Q\002\036"
 2137      CD8E1801 
 2137      DFE1CC43 
 2137      351D5102 
 2137      1E
 2138 1724 E078A05B 		.ascii	"\340x\240[\300\011\007\340\304m\361\356\340-\252\375"
 2138      C00907E0 
 2138      C46DF1EE 
 2138      E02DAAFD 
 2139 1734 4D6C4067 		.ascii	"Ml@g\003|\307\024\265\310\215Q\015N|\201J\226\031\214"
 2139      037CC714 
 2139      B5C88D51 
 2139      0D4E7C81 
 2139      4A96198C 
 2140 1748 59058FCD 		.ascii	"Y\005\217\315Rt\255\350\377\335\256\015\260\360\305"
 2140      5274ADE8 
 2140      FFDDAE0D 
 2140      B0F0C5
 2141 1757 8E88BA4F 		.ascii	"\216\210\272O\006\370M1\245\354\336k+\245\324\265K)"
 2141      06F84D31 
 2141      A5ECDE6B 
 2141      2BA5D4B5 
 2141      4B29
 2142 1769 596DB752 		.ascii	"Ym\267R\235\3702\225\354\211FeC\324a\235<\245\274\215"
 2142      9DF83295 
 2142      EC894665 
 2142      43D4619D 
 2142      3CA5BC8D 
 2143 177d 1E889A1E 		.ascii	"\036\210\232\036J)%4\361\340^%|\207j\256\346\323X\362"
 2143      4A292534 
 2143      F1E05E25 
 2143      7C876AAE 
 2143      E6D358F2 
 2144 1791 B96C3DA8 		.ascii	"\271l=\250\001\002T\227f\222\335\035}\300\375\031|\324"
 2144      01025497 
 2144      6692DD1D 
 2144      7DC0FD19 
 2144      7CD4
 2145 17a3 4860A881 		.ascii	"H`\250\201\310\372;\035\335\274\223=\2405\216{\013c"
 2145      C8FA3B1D 
 2145      DDBC933D 
 2145      A0358E7B 
 2145      0B63
 2146 17b5 D6C63478 		.ascii	"\326\3064x\322\341\320\303\322\201\0211p(\206A\215\012"
 2146      D2E1D0C3 
 2146      D2811131 
 2146      70288641 
 2146      8D0A
ARM GAS  /tmp/ccVr2doo.s 			page 174


 2147 17c7 E1254BE4 		.ascii	"\341%K\344eg\332}2"
 2147      6567DA7D 
 2147      32
 2148 17d0 456C5C66 		.ascii	"El\\fl\0226\263\017\035\321#\205\013\225\232/J}\273"
 2148      6C1236B3 
 2148      0F1DD123 
 2148      850B959A 
 2148      2F4A7DBB 
 2149 17e4 03A94E20 		.ascii	"\003\251N \365\261\205\324w0\002'(\"\304\2166M\351@"
 2149      F5B185D4 
 2149      77300227 
 2149      2822C48E 
 2149      364DE940 
 2150 17f8 423790D0 		.ascii	"B7\220\320DIRp\277\240^P\370\227\016\272w\207\356\277"
 2150      44495270 
 2150      BFA05E50 
 2150      F8970EBA 
 2150      7787EEBF 
 2151 180c 8979A6EC 		.ascii	"\211y\246\354\201V\350\2167ABfq\225\246'}\234\372\340"
 2151      8156E88E 
 2151      37414266 
 2151      7195A627 
 2151      7D9CFAE0 
 2152 1820 994AEC33 		.ascii	"\231J\3543J\3543\364\326\355u*\323K\241\333\203\305"
 2152      4AEC33F4 
 2152      D6ED752A 
 2152      D34BA1DB 
 2152      83C5
 2153 1832 1ED15282 		.ascii	"\036\321R\202\032\226\362,\234<V\341H\227'\243\304."
 2153      1A96F22C 
 2153      9C3C56E1 
 2153      489727A3 
 2153      C42E
 2154 1844 A3C51EC3 		.ascii	"\243\305\036\303\213\327_&\317`\225\244\307\213qb\217"
 2154      8BD75F26 
 2154      CF6095A4 
 2154      C78B7162 
 2154      8F
 2155 1855 5849C888 		.ascii	"XI\310\210\350\242\032\362\370TM\036]<y\333\344\234"
 2155      E8A21AF2 
 2155      F8544D1E 
 2155      5D3C79DB 
 2155      E49C
 2156 1867 743C5087 		.ascii	"t<P\207\224\350\211B|\2241\362P!}\317\245]\311\215\022"
 2156      94E88942 
 2156      7C9431F2 
 2156      50217DCF 
 2156      A55DC98D 
 2157 187c 27304776 		.ascii	"'0Gv\336U\237Z\243\2130e~\227\335WD\257\014U\361W\344"
 2157      DE559F5A 
 2157      A38B3065 
 2157      7E97DD57 
 2157      44AF0C55 
 2158 1893 AB5CFD95 		.ascii	"\253\\\375\225})\355\022\315\024\324\214)Ih\364\224"
 2158      7D29ED12 
 2158      CD14D48C 
 2158      294968F4 
ARM GAS  /tmp/ccVr2doo.s 			page 175


 2158      94
 2159 18a4 4E9997B9 		.ascii	"N\231\227\2719\267X\376W\001\3659\240jb\266\304J\033"
 2159      39B758FE 
 2159      5701F539 
 2159      A06A62B6 
 2159      C44A1B
 2160 18b7 147843FA 		.ascii	"\024xC\372\005z&\242\236\223)3\231\014\365\2248\356"
 2160      057A26A2 
 2160      9E932933 
 2160      990CF594 
 2160      38EE
 2161 18c9 1B691D2A 		.ascii	"\033i\035*\314B\324\311w;\030A8\201\202Z\204\001\027"
 2161      CC42D4C9 
 2161      773B1841 
 2161      3881825A 
 2161      840117
 2162 18dc C8F15E07 		.ascii	"\310\361^\007}{\222\247+\355\373N\355\240o/\350\373"
 2162      7D7B92A7 
 2162      2BEDFB4E 
 2162      EDA06F2F 
 2162      E8FB
 2163 18ee 02F77D88 		.ascii	"\002\367}\210b\215\012\033\241zi\012\325/\245\347.\263"
 2163      628D0A1B 
 2163      A17A690A 
 2163      D52FA5E7 
 2163      2EB3
 2164 1900 FC1379A8 		.ascii	"\374\023y\250\222\257\325\336\326\265\017U\253\350t"
 2164      92AFD5DE 
 2164      D6B50F55 
 2164      ABE874
 2165 190f 1B0DD5EA 		.ascii	"\033\015\325\352k5\367\235\370\026\225\354\003\253\340"
 2165      6B35F79D 
 2165      F81695EC 
 2165      03ABE0
 2166 191e 8397B66B 		.ascii	"\203\227\266k\344\241\032\216\214J\001\265D\011\241"
 2166      E4A11A8E 
 2166      8C4A01B5 
 2166      4409A1
 2167 192d 7A177B89 		.ascii	"z\027{\211\2157\275q\203O\320\217X\274qS2(X\371\026"
 2167      8D37BD71 
 2167      834FD08F 
 2167      58BC7153 
 2167      322858F9 
 2168 1942 D99667EE 		.ascii	"\331\226g\356\263\265-\017QJ^l]\323\026\242\343W\250"
 2168      B3B52D0F 
 2168      514A5E6C 
 2168      5DD316A2 
 2168      E357A8
 2169 1955 650F1C13 		.ascii	"e\017\034\023\357\354\210\263\227\347\310\251(T)\344"
 2169      EFEC88B3 
 2169      97E7C8A9 
 2169      285429E4 
 2170 1965 A0A54AE2 		.ascii	"\240\245J\342ESX\3752%\237\254\226m9^\336Y\261\305A"
 2170      455358FD 
 2170      32259FAC 
 2170      966D395E 
 2170      DE59B1C5 
ARM GAS  /tmp/ccVr2doo.s 			page 176


 2171 197a F242077B 		.ascii	"\362B\007{\2160\021\025NQE+\317\234\340\350\227i\010"
 2171      8E301115 
 2171      4E51452B 
 2171      CF9CE0E8 
 2171      976908
 2172 198d 2D53BA48 		.ascii	"-S\272H\237\304\235\210\374/M\360\357\233\331k\375#"
 2172      9FC49D88 
 2172      FC2F4DF0 
 2172      EF9BD96B 
 2172      FD23
 2173 199f B8E54AE9 		.ascii	"\270\345J\351#\270\025J\372\021\334f\361#\270iT\310"
 2173      23B8154A 
 2173      FA11DC66 
 2173      F123B869 
 2173      54C8
 2174 19b1 2F8712EF 		.ascii	"/\207\022\357\250\251\252\203\241SP\204\222\234\007"
 2174      A8A9AA83 
 2174      A1535084 
 2174      929C07
 2175 19c0 903E959B 		.ascii	"\220>\225\233\216;\222/\343p\343\3160au\231\201\333"
 2175      8E3B922F 
 2175      E370E3CE 
 2175      30617599 
 2175      81DB
 2176 19d2 3174D3E5 		.ascii	"1t\323\345\212\007N\024\032\215\320J\245\013\331\303"
 2176      8A074E14 
 2176      1A8DD04A 
 2176      A50BD9C3 
 2177 19e2 D97A1E15 		.ascii	"\331z\036\025i\012\347\226\303\225U\216|\206\020\230"
 2177      690AE796 
 2177      C395558E 
 2177      7C861098 
 2178 19f2 2F01B0E5 		.ascii	"/\001\260\345v\360K;y8\277BQb`V\321\300T\255?X\316\361"
 2178      76F04B3B 
 2178      7938BF42 
 2178      51626056 
 2178      D1C054AD 
 2179 1a0a 87E4A886 		.ascii	"\207\344\250\206\246\326\003\322\222\003\347Z\276B\253"
 2179      A6D603D2 
 2179      9203E75A 
 2179      BE42AB
 2180 1a19 45D41AF0 		.ascii	"E\324\032\360\037\033\206M\206\020>@\3015\215/\223\236"
 2180      1F1B864D 
 2180      86103E40 
 2180      C1358D2F 
 2180      939E
 2181 1a2b C29D9CE9 		.ascii	"\302\235\234\351\037HP\322\300\231\032T\346\015\352"
 2181      1F4850D2 
 2181      C0991A54 
 2181      E60DEA
 2182 1a3a 760DF049 		.ascii	"v\015\360I\272\370\315\235\324\032\012\323\344F\304"
 2182      BAF8CD9D 
 2182      D41A0AD3 
 2182      E446C4
 2183 1a49 29074CAD 		.ascii	")\007L\255\015JU\254p\310^\224\201\242\225*\264^\251"
 2183      0D4A55AC 
 2183      70C85E94 
ARM GAS  /tmp/ccVr2doo.s 			page 177


 2183      81A2952A 
 2183      B45EA9
 2184 1a5c B2406496 		.ascii	"\262@d\226\261\331\336\014\332\010\020U{H\014\206\254"
 2184      B1D9DE0C 
 2184      DA081055 
 2184      7B480C86 
 2184      AC
 2185 1a6d 539A35C6 		.ascii	"S\2325\306\342\306\265\320\2106\341\032\203\230\203"
 2185      E2C6B5D0 
 2185      8836E11A 
 2185      839883
 2186 1a7c F0B5BD31 		.ascii	"\360\265\2751\355\336Q\362\257N\014Ep\242/9!\347\231"
 2186      EDDE51F2 
 2186      AF4E0C45 
 2186      70A22F39 
 2186      21E799
 2187 1a8f 963FA3A1 		.ascii	"\226?\243\241Q\372\032\004d\335:`\324(`\0146+y\"\362"
 2187      51FA1A04 
 2187      64DD3A60 
 2187      D428600C 
 2187      362B7922 
 2188 1aa4 C8CAEBE5 		.ascii	"\310\312\353\345j\334\202\342\224\012\364\213\0228\022"
 2188      6ADC82E2 
 2188      940AF48B 
 2188      123812
 2189 1ab3 AF847FC2 		.ascii	"\257\204\177\302bkQ\351\035\035\177^#\177\311\235\235"
 2189      626B51E9 
 2189      1D1D7F5E 
 2189      237FC99D 
 2189      9D
 2190 1ac4 73D19EA0 		.ascii	"s\321\236\240\023\000\215\022\225\012<\326!7\352O\326"
 2190      13008D12 
 2190      950A3CD6 
 2190      2137EA4F 
 2190      D6
 2191 1ad5 64736093 		.ascii	"ds`\223\371x\377#\226\323\200\003\014J\202!O\340\276"
 2191      F978FF23 
 2191      96D38003 
 2191      0C4A8221 
 2191      4FE0BE
 2192 1ae8 81C5F846 		.ascii	"\201\305\370FFYM&\013\316\232\367\377\237X\316\016b"
 2192      46594D26 
 2192      0BCE9AF7 
 2192      FF9F58CE 
 2192      0E62
 2193 1afa C4A06425 		.ascii	"\304\240d%]\221\257\237I\312b\205\025\231\3045\201\363"
 2193      5D91AF9F 
 2193      49CA6285 
 2193      1599C435 
 2193      81F3
 2194 1b0c 84C84374 		.ascii	"\204\310Ct\031\224\242\204U\371[bDfYpv\177kB\261\021"
 2194      1994A284 
 2194      55F95B62 
 2194      44665970 
 2194      767F6B42 
 2195 1b22 5A2A3455 		.ascii	"Z*4U4\0022\334\363\340}\327\224 &\216\373\000\356\255"
 2195      340232DC 
ARM GAS  /tmp/ccVr2doo.s 			page 178


 2195      F3E07DD7 
 2195      9420268E 
 2195      FB00EEAD 
 2196 1b36 1F37AC57 		.ascii	"\0377\254WHi\316\013t\304p\316\220\346\322\224nt.\344"
 2196      4869CE0B 
 2196      74C470CE 
 2196      90E6D294 
 2196      6E742EE4 
 2197 1b4a BD46BB7F 		.ascii	"\275F\273\177( *\017\265\220hwG\306\342\353\015%,J'"
 2197      28202A0F 
 2197      B5906877 
 2197      47C6E2EB 
 2197      0D252C4A 
 2198 1b5f B3066FBF 		.ascii	"\263\006o\277^^q\246]?\302\275\001|&,\356Z\206\216\266"
 2198      5E5E71A6 
 2198      5D3FC2BD 
 2198      017C262C 
 2198      EE5A868E 
 2199 1b74 CDC470A1 		.ascii	"\315\304p\241+\026\032\373\006m\375+\276\200\205\346"
 2199      2B161AFB 
 2199      066DFD2B 
 2199      BE8085E6 
 2200 1b84 4634976A 		.ascii	"F4\227j\004\241\307N\355q@[,d~\214;S\231Y\222\314Y\324"
 2200      04A1C74E 
 2200      ED71405B 
 2200      2C647E8C 
 2200      3B539959 
 2201 1b9c A4F41D29 		.ascii	"\244\364\035)5\366\200\366\022\320[E5\031\202\032w\334"
 2201      35F680F6 
 2201      12D05B45 
 2201      3519821A 
 2201      77DC
 2202 1bae 17775C16 		.ascii	"\027w\\\026\321\034\251\024:F\235\032\2002,\264\314"
 2202      D11CA914 
 2202      3A469D1A 
 2202      80322CB4 
 2202      CC
 2203 1bbf C67DA996 		.ascii	"\306}\251\226BI\313\034\260<C\024Y.\210\234\213/`\221"
 2203      4249CB1C 
 2203      B03C4314 
 2203      592E889C 
 2203      8B2F6091 
 2204 1bd3 75454B0A 		.ascii	"uEK\012UT$|F\273\315B\342\337pW*\361\344\265,A\342<"
 2204      5554247C 
 2204      46BBCD42 
 2204      E2DF7057 
 2204      2AF1E4B5 
 2205 1beb 90B84D94 		.ascii	"\220\270M\224xE\220\350\201/\300\355b~\324\0015\225"
 2205      784590E8 
 2205      812FC0ED 
 2205      627ED401 
 2205      3595
 2206 1bfd 784F8D32 		.ascii	"xO\2152-\004\316\307=\251\300\353\3272\034i\333' \320"
 2206      2D04CEC7 
 2206      3DA9C0EB 
 2206      D7321C69 
 2206      DB2720D0 
ARM GAS  /tmp/ccVr2doo.s 			page 179


 2207 1c11 B2EBA7F8 		.ascii	"\262\353\247\370\212\360\026q\203%C\204\264\264\335"
 2207      8AF01671 
 2207      83254384 
 2207      B4B4DD
 2208 1c20 9496C29F 		.ascii	"\224\226\302\237/\211F|\270\035%\377\002\262\352$\027"
 2208      2F89467C 
 2208      B81D25FF 
 2208      02B2EA24 
 2208      17
 2209 1c31 36B65BAB 		.ascii	"6\266[\253\014(\013'\030\302\303l\232\226.5\335\034"
 2209      0C280B27 
 2209      18C2C36C 
 2209      9A962E35 
 2209      DD1C
 2210 1c43 C8A70BA0 		.ascii	"\310\247\013\240\177\002h\177qp\215\264}\256\305Y\351"
 2210      7F02687F 
 2210      71708DB4 
 2210      7DAEC559 
 2210      E9
 2211 1c54 3BB44304 		.ascii	";\264C\004\355$K\325Gd@g\223\360`\207>5\255Y\270\023"
 2211      ED244BD5 
 2211      47644067 
 2211      93F06087 
 2211      3E35AD59 
 2212 1c6a B0D06CCD 		.ascii	"\260\320l\315\3222h\227\222\236\022\331\235kk\353\234"
 2212      D2326897 
 2212      929E12D9 
 2212      9D6B6BEB 
 2212      9C
 2213 1c7b A36C774A 		.ascii	"\243lwJ$!f\225\226/\265\223\3558\316\237lJm\367\331"
 2213      24216695 
 2213      962FB593 
 2213      ED38CE9F 
 2213      6C4A6DF7 
 2214 1c90 F61768B7 		.ascii	"\366\027h\267\2301\367(e\247D\352}h\276\377L~\207\271"
 2214      9831F728 
 2214      65A744EA 
 2214      7D68BEFF 
 2214      4C7E87B9 
 2215 1ca4 D0E26677 		.ascii	"\320\342fwa\012l7\332\257=\336h\037\344\336\275J\213"
 2215      610A6C37 
 2215      DAAF3DDE 
 2215      681FE4DE 
 2215      BD4A8B
 2216 1cb7 5B1B3D1C 		.ascii	"[\033=\034\004\312U\302\215\015\034jD\373\225n\235\335"
 2216      04CA55C2 
 2216      8D0D1C6A 
 2216      44FB956E 
 2216      9DDD
 2217 1cc9 A9E499C6 		.ascii	"\251\344\231\306'\357XK\276\202\257\264\223\355\012"
 2217      27EF584B 
 2217      BE82AFB4 
 2217      93ED0A
 2218 1cd8 96E43D8A 		.ascii	"\226\344=\212n\367\030p8\312\027\3359\240\354\322\235"
 2218      6EF71870 
 2218      38CA17DD 
 2218      39A0ECD2 
ARM GAS  /tmp/ccVr2doo.s 			page 180


 2218      9D
 2219 1ce9 4A0DB953 		.ascii	"J\015\271S)\020Q\205d\200>\023\357T\016\026\330\012"
 2219      29105185 
 2219      64803E13 
 2219      EF540E16 
 2219      D80A
 2220 1cfb 7751BB70 		.ascii	"wQ\273p\327\307\307\267:\362\367\354do,\326\254\277"
 2220      D7C7C7B7 
 2220      3AF2F7EC 
 2220      646F2CD6 
 2220      ACBF
 2221 1d0d FB7BBB27 		.ascii	"\373{\273'\372\037\242\203\242\246b\245\351\237\213"
 2221      FA1FA283 
 2221      A2A662A5 
 2221      E99F8B
 2222 1d1c B85B60EB 		.ascii	"\270[`\353\036\267\304\024\2033\333\032\266\261\374"
 2222      1EB7C414 
 2222      8333DB1A 
 2222      B6B1FC
 2223 1d2b 0B41C7F7 		.ascii	"\013A\307\367\000X\037U\234$\322\015\267\375\200\016"
 2223      00581F55 
 2223      9C24D20D 
 2223      B7FD800E 
 2224 1d3b 891A4A95 		.ascii	"\211\032J\225]y<\250\007\377\017\213\230#\024s\350A"
 2224      5D793CA8 
 2224      07FF0F8B 
 2224      98231473 
 2224      E841
 2225 1d4d 458A23BF 		.ascii	"E\212#\277N+\373\267\"jo\304\247\250L\230\201\250L\304"
 2225      4E2BFBB7 
 2225      226A6FC4 
 2225      A7A84C98 
 2225      81A84CC4 
 2226 1d61 1C559A9E 		.ascii	"\034U\232\236\026\375a3`\307\332\005L\342\325\"\274"
 2226      16FD6133 
 2226      60C7DA05 
 2226      4CE2D522 
 2226      BC
 2227 1d72 9A95C356 		.ascii	"\232\225\303V\2477\323\200\202\023\223\246\010K,\323"
 2227      A737D380 
 2227      821393A6 
 2227      084B2CD3 
 2228 1d82 8CBE817E 		.ascii	"\214\276\201~\347\367\277\344\370\035Z\331\252\264-"
 2228      E7F7BFE4 
 2228      F81D5AD9 
 2228      AAB42D
 2229 1d91 F1529AF4 		.ascii	"\361R\232\364\360\352\267\275\231\364\325\364q\262B"
 2229      F0EAB7BD 
 2229      99F4D5F4 
 2229      71B242
 2230 1da0 9DC04A5C 		.ascii	"\235\300J\\\327\372\341^);\023\303\024|\256\034x\245"
 2230      D7FAE15E 
 2230      293B13C3 
 2230      147CAE1C 
 2230      78A5
 2231 1db2 3CF2A6F4 		.ascii	"<\362\246\364\250(\207|s_AP'1j\310\246l8\351\320v43"
 2231      A828877C 
ARM GAS  /tmp/ccVr2doo.s 			page 181


 2231      735F4150 
 2231      27316AC8 
 2231      A66C38E9 
 2232 1dca CB893FA8 		.ascii	"\313\211?\250\225=a\252\330z\356\211\322\244\257\016"
 2232      953D61AA 
 2232      D87AEE89 
 2232      D2A4AF0E 
 2233 1dda F4B9A353 		.ascii	"\364\271\243S\004y\032_\030J^h\227\334=\275\007\361"
 2233      04791A5F 
 2233      184A5E68 
 2233      97DC3DBD 
 2233      07F1
 2234 1dec C7B4B227 		.ascii	"\307\264\262'\020;\327\035\335\"\275;\330\346\014O "
 2234      103BD71D 
 2234      DD22BD3B 
 2234      D8E60C4F 
 2234      20
 2235 1dfd CE10D459 		.ascii	"\316\020\324Y\214\032vn\007\004{G\271\361\244\212?\257"
 2235      8C1A766E 
 2235      07047B47 
 2235      B9F1A48A 
 2235      3FAF
 2236 1e0f 95DD821F 		.ascii	"\225\335\202\037\276\231t\337\364\312\241\017\334\202"
 2236      BE9974DF 
 2236      F4CAA10F 
 2236      DC82
 2237 1e1d 9F23B0F3 		.ascii	"\237#\260\363\0306\274\351 \3006<)H\261\347\257\313"
 2237      1836BCE9 
 2237      20C0363C 
 2237      2948B1E7 
 2237      AFCB
 2238 1e2f 612F7242 		.ascii	"a/rBnH\317\017\223\007\001\354\002\201]\304\260\221"
 2238      6E48CF0F 
 2238      930701EC 
 2238      02815DC4 
 2238      B091
 2239 1e41 E71AC993 		.ascii	"\347\032\311\223\260\223q\241\016\374]yPv/?\277\332"
 2239      B09371A1 
 2239      0EFC5D79 
 2239      50762F3F 
 2239      BFDA
 2240 1e53 F41C7B20 		.ascii	"\364\034{ \004\345\022\201]\306\260\021\030\206\357"
 2240      04E51281 
 2240      5DC6B011 
 2240      1886EF
 2241 1e62 9B10B957 		.ascii	"\233\020\271W\012.\206a\0310v\3548\374\307\313\317\337"
 2241      0A2E8661 
 2241      193076EC 
 2241      38FCC7CB 
 2241      CFDF
 2242 1e74 302EC0DF 		.ascii	"0.\300\337k\234\247_\3007\001?\007\004\032|\306z1\252"
 2242      6B9CA75F 
 2242      C037013F 
 2242      07041A7C 
 2242      C67A31AA 
 2243 1e88 80407F83 		.ascii	"\200@\177\203\247\217]\200a\261\247\277g\240\237?\273"
 2243      A78F5D80 
ARM GAS  /tmp/ccVr2doo.s 			page 182


 2243      61B1A7BF 
 2243      67A09F3F 
 2243      BB
 2244 1e99 2090F3F7 		.ascii	" \220\363\367\364\321\340\377\277\011\360\376\267\001"
 2244      F4D1E0FF 
 2244      BF09F0FE 
 2244      B701
 2245 1ea7 79A3EF75 		.ascii	"y\243\357u~?\032\374\027y.\376\346[\317\000\203\275"
 2245      7E3F1AFC 
 2245      17792EFE 
 2245      E65BCF00 
 2245      83BD
 2246 1eb9 F8C3E0BB 		.ascii	"\370\303\340\273@\272\000=UA\213\003\275}\014v\037M"
 2246      40BA003D 
 2246      55418B03 
 2246      BD7D0C76 
 2246      1F4D
 2247 1ecb 9D37FDB3 		.ascii	"\2357\375\263\251\363f0:\037\277\005A\213\014z_O\037"
 2247      A9F36630 
 2247      3A1FBF05 
 2247      418B0C7A 
 2247      5F4F1F
 2248 1ede 03C3B906 		.ascii	"\003\303\271\0060.S\335\275\347\371\351\347\372\375"
 2248      302E53DD 
 2248      BDE7F9E9 
 2248      E7FAFD
 2249 1eed CBE0EFEE 		.ascii	"\313\340\357\356\351\353\371\235\301\307\340\033\250"
 2249      E9EBF99D 
 2249      C1C7E01B 
 2249      A8
 2250 1efa FFF1B5B1 		.ascii	"\377\361\265\261\2571v\213\027y\006\376\323\317\337"
 2250      AF31768B 
 2250      177906FE 
 2250      D3CFDF
 2251 1f09 8719ED31 		.ascii	"\207\031\3551\337}\302\370\017&\272M\322\177\344\375"
 2251      DF7DC2F8 
 2251      0F26BA4D 
 2251      D27FE4FD 
 2252 1f19 DD42FD5C 		.ascii	"\335B\375\\\203?\264{\372z\031\364\377\362\016\\\250"
 2252      833FB47B 
 2252      FA7A19F4 
 2252      FFF20E5C 
 2252      A8
 2253 1f2a 9FEE3157 		.ascii	"\237\3561W\357\351\273@\377\301\334O\030\007pK\377\243"
 2253      EFE9BB40 
 2253      FFC1DC4F 
 2253      1807704B 
 2253      FFA3
 2254 1f3c A7BFB7A7 		.ascii	"\247\277\267\247o c?\315\317?\320\360\323\030\367\211"
 2254      6F20633F 
 2254      CDCF3FD0 
 2254      F0D318F7 
 2254      89
 2255 1f4d 1F300E9E 		.ascii	"\0370\016\236\376^\013\275\003\015^\201A\376\006\306"
 2255      FE5E0BBD 
 2255      030D5E81 
 2255      41FE06C6 
ARM GAS  /tmp/ccVr2doo.s 			page 183


 2256 1f5d 6EEA3CF7 		.ascii	"n\352<\367\037\337\2301\306\235q\"\210\177\372\033\376"
 2256      1FDF9831 
 2256      C69D7122 
 2256      887FFA1B 
 2256      FE
 2257 1f6e 37C8E0EB 		.ascii	"7\310\340\353\3653\243v\015\322\273\177\364oF1o\252"
 2257      F533A376 
 2257      0DD2BB7F 
 2257      F46F4631 
 2257      6FAA
 2258 1f80 3BF9F183 		.ascii	";\371\361\203\367\373\214\375\373s\346\314\2375g\352"
 2258      F7FB8CFD 
 2258      FB73E6CC 
 2258      9F3567EA 
 2259 1f90 F419F318 		.ascii	"\364\031\363\030-\261z\314\373\263\3463\375\\\203\306"
 2259      2DB17ACC 
 2259      FBB3E633 
 2259      FD5C83C6 
 2260 1fa0 923F7AD7 		.ascii	"\222?z\327\000\375p\017\017l\010\3719\202\351\341oX"
 2260      00FD700F 
 2260      0F6C08F9 
 2260      3982E9E1 
 2260      6F58
 2261 1fb2 64C0D1D1 		.ascii	"d\300\321\321{a\313\274\027x\006\032\030u@\240\347\267"
 2261      7B61CBBC 
 2261      1778061A 
 2261      187540A0 
 2261      E7B7
 2262 1fc4 8B0C8CF2 		.ascii	"\213\014\214\362[C\240'\243\362\\\264x\241'\323\347"
 2262      5B43A027 
 2262      A3F25CB4 
 2262      78A127D3 
 2262      E7
 2263 1fd5 1DB163E0 		.ascii	"\035\261c\340\317\213\015\372 \337\037|\375\376\345"
 2263      CF8B0DFA 
 2263      20DF1F7C 
 2263      FDFEE5
 2264 1fe4 FB1746BB 		.ascii	"\373\027F\273\330\3370\206v\371\020\007o\366\314\331"
 2264      D8DF3086 
 2264      76F91007 
 2264      6FF6CCD9 
 2265 1ff4 1F4ED64B 		.ascii	"\037N\326K\212\211\273\364\327\034\017\275"
 2265      8A89BBF4 
 2265      D71C0FBD 
 2266 2000 B7CFE245 		.ascii	"\267\317\342E4r\336\276^~>\213=\003\275\261\036=1\007"
 2266      3472DEBE 
 2266      5E7E3E8B 
 2266      3D03BDB1 
 2266      1E3D3107 
 2267 2014 8F4780B7 		.ascii	"\217G\200\267\237o\000\257e\354\340\232\367\"\203?\243"
 2267      9F6F00AF 
 2267      65ECE09A 
 2267      F722833F 
 2267      A3
 2268 2025 C3D68A96 		.ascii	"\303\326\212\2263\212\017\247Mcz\276#^4\2310\301\212"
 2268      338A0FA7 
 2268      4D637ABE 
ARM GAS  /tmp/ccVr2doo.s 			page 184


 2268      235E3499 
 2268      30C18A
 2269 2038 DE760AFC 		.ascii	"\336v\012\374\374\365\276~\201z\317\037=\275\027\201"
 2269      FCF5BE7E 
 2269      817ACF1F 
 2269      3DBD1781 
 2270 2048 6763B54C 		.ascii	"gc\265L\3679sg\314\233:\037\243\364\036\237{\314\237"
 2270      F7397367 
 2270      CC9B3A1F 
 2270      A3F41E9F 
 2270      7BCC9F
 2271 205b E18E032D 		.ascii	"\341\216\003-\230\311h\004O\305\000\316\2325\235\031"
 2271      98C96804 
 2271      4FC500CE 
 2271      9A359D19 
 2272 206b D82E808B 		.ascii	"\330.\200\213\015\376\336\213\027N\235%\006\321~\332"
 2272      0DFEDE8B 
 2272      174E9D25 
 2272      06D17EDA 
 2273 207b 42EF6FBD 		.ascii	"B\357o\275\347x\214\2337\037\333l\352\311\350\304\013"
 2273      E7788C9B 
 2273      371FDB6C 
 2273      EAC9E8C4 
 2273      0B
 2274 208c 1F4D9DC5 		.ascii	"\037M\235\305\330\177\033\344\275h\001\211\237\344\343"
 2274      D87F1BE4 
 2274      BD680189 
 2274      9FE4E3
 2275 209b 02468305 		.ascii	"\002F\203\005\216!}\377\032\344\253\037?I?\336m\374"
 2275      8E217DFF 
 2275      1AE4AB1F 
 2275      3F493FDE 
 2275      6DFC
 2276 20ad 44C6EEB5 		.ascii	"D\306\356\265\327'\273\2755y\302$F\011\341a4B|\030\025"
 2276      D727BBBD 
 2276      3579C224 
 2276      4609E161 
 2276      34427C18 
 2277 20c2 0D8656A0 		.ascii	"\015\206V\240\350\314\351\230\240A\214c;\377\030\273"
 2277      E8CCE998 
 2277      A0418C63 
 2277      3BFF18BB 
 2278 20d2 57E9E500 		.ascii	"W\351\345\000\246\307\264\251\263f\314\236>u\236~\250"
 2278      A6C7B4A9 
 2278      B366CC9E 
 2278      3E759E7E 
 2278      A8
 2279 20e3 7EFE4C77 		.ascii	"~\376Lw\354/\243$\203\334\313\325mb\320\030W\267\361"
 2279      EC2FA324 
 2279      83DCCBD5 
 2279      6D62D018 
 2279      57B7F1
 2280 20f6 B4D00F77 		.ascii	"\264\320\017w\015\030\301(a\0360N\3200Y*\230>\202.\270"
 2280      0D18C128 
 2280      611E304E 
 2280      D030592A 
 2280      983E822E 
ARM GAS  /tmp/ccVr2doo.s 			page 185


 2281 210b A8F73704 		.ascii	"\250\3677\004\370-\012\012\024L\321\007\0050}}<\177"
 2281      F82D0A0A 
 2281      144CD107 
 2281      05307D7D 
 2281      3C7F
 2282 211d F2F609F2 		.ascii	"\362\366\011\362\321\033~Z\214IkX\240\377\336;0\020"
 2282      D11B7E5A 
 2282      8C496B58 
 2282      A0FFDE3B 
 2282      3010
 2283 212f 8F5E5F72 		.ascii	"\217^_r\035K\016\322{-\362\363\372A\357\365\263\027"
 2283      1D4B0ED2 
 2283      7B2DF2F3 
 2283      FA41EFF5 
 2283      B317
 2284 2141 B66904F3 		.ascii	"\266i\004\363\001\235\330?\030\374}\015\213\306\211"
 2284      019DD83F 
 2284      18FC7D0D 
 2284      8BC689
 2285 2150 21F20BC0 		.ascii	"!\362\013\300S\335\307\307\317w\234\341\247\300q\230"
 2285      53DDC7C7 
 2285      CF779CE1 
 2285      A7C07198 
 2286 2160 F6E3A6B9 		.ascii	"\366\343\246\271{\314\364\0307\015\346\377L_\257EA\013"
 2286      7BCCF418 
 2286      370DE6FF 
 2286      4C5FAF45 
 2286      410B
 2287 2172 0CE3BC7C 		.ascii	"\014\343\274|\002\274\003\276\371\316\313k\354\302v"
 2287      02BC03BE 
 2287      F9CECB6B 
 2287      ECC276
 2288 2181 F9018FB7 		.ascii	"\371\001\217\267<?,d\272\271{\314\323\303\264_\354\357"
 2288      3C3F2C64 
 2288      BAB97BCC 
 2288      D3C3B45F 
 2288      ECEF
 2289 2193 3D5AEFEA 		.ascii	"=Z\357\352\306\260\376\214\332\307\340\343\347\3773"
 2289      C6B0FE8C 
 2289      DAC7E0E3 
 2289      E7FF33
 2290 21a2 33AA23FD 		.ascii	"3\252#\375\376\201 \210*Z\210Ea9\203\250D=\315\021\372"
 2290      FE812088 
 2290      2A5A8845 
 2290      613983A8 
 2290      443DCD11 
 2291 21b7 E10B262F 		.ascii	"\341\013&/\234\35439`\262O\300\344 \354\312\000WY\244"
 2291      9CEC3339 
 2291      60B24FC0 
 2291      E420ECCA 
 2291      005759A4 
 2292 21cb C462022D 		.ascii	"\304b\002-\230^\363>\231\215\203>C?s\366\007s\346\271"
 2292      985EF33E 
 2292      998D833E 
 2292      433F73F6 
 2292      0773E6B9 
 2293 21df 63BACD99 		.ascii	"c\272\315\231\3158yz\005z\377\210\243\271\020\347\257"
ARM GAS  /tmp/ccVr2doo.s 			page 186


 2293      CD38797A 
 2293      057AFF88 
 2293      A3B910E7 
 2293      AF
 2294 21f0 05014C4F 		.ascii	"\005\001LO\3679\323?\2315C?\355\023\217\371s\334IW\246"
 2294      F739D33F 
 2294      9935433F 
 2294      ED138FF9 
 2294      73DC4957 
 2295 2205 37302550 		.ascii	"70%P\217\263\207>\300\340\033\200\377\362\367\366\375"
 2295      8FB3873E 
 2295      C0E01B80 
 2295      FFF2F7F6 
 2295      FD
 2296 2216 8E7199EB 		.ascii	"\216q\231\353\357\207C\355\035\370\263\007m\035\376"
 2296      EF8743ED 
 2296      1DF8B307 
 2296      6D1DFE
 2297 2225 E9B4D9B3 		.ascii	"\351\264\331\263&\272\215w\033\301\250\335\375|\027"
 2297      26BA8D77 
 2297      1BC1A8DD 
 2297      FD7C17
 2298 2234 78E2ACE0 		.ascii	"x\342\254\340\021D\376\326\314\0172\004@E\373\231a\201"
 2298      1144FED6 
 2298      CC0F3204 
 2298      4045FB99 
 2298      6181
 2299 2246 2FADDACD 		.ascii	"/\255\332\315_\030\344Ok\036\2368\273\220\376\037\370"
 2299      5F18E44F 
 2299      6B1E9E38 
 2299      BB90FE1F 
 2299      F8
 2300 2257 7BC3DFFF 		.ascii	"{\303\337\377\037c\234\277B"
 2300      1F639CBF 
 2300      42
 2301              		.text
 2302              		.section	.gnu.lto__aosSysShellcmdInfoCallback.8724139b4ff04bd4,"e",%progbits
 2303 0000 789C6590 		.ascii	"x\234e\220\317K\033A\024\307\337w\337\270\246E=W\266"
 2303      CF4B1B41 
 2303      14C7DF77 
 2303      DFB8A645 
 2303      3D57B6
 2304 0013 52C1D2A0 		.ascii	"R\301\322\240\245\011^=\371\237H\010\301S\020v\203\340"
 2304      A5095E3D 
 2304      F99F4808 
 2304      C1531076 
 2304      83E0
 2305 0025 C9C9A215 		.ascii	"\311\311\242\025\177`mi\021\225eU(\211 \210 \025\265"
 2305      7F606D69 
 2305      11956555 
 2305      28892088 
 2305      2015B5
 2306 0038 4DD7DA22 		.ascii	"M\327\332\"-\342\241\204\036\005\213^T\2744B/\215\276"
 2306      2DE2A184 
 2306      1E058B5E 
 2306      54BC3442 
 2306      2F8DBE
ARM GAS  /tmp/ccVr2doo.s 			page 187


 2307 004b 590BA538 		.ascii	"Y\013\2458\314\014\357;\363>\357;\363\022\004\332\002"
 2307      CC0CEF3B 
 2307      F33EEF3B 
 2307      F31204DA 
 2307      02
 2308 005c 519A88DA 		.ascii	"Q\232\210\332d\201\011\226\326\272\267\261\230\260\200"
 2308      64810996 
 2308      D6BAB7B1 
 2308      98B080
 2309 006b 38D209D0 		.ascii	"8\322\011\320\260\205a\274\340Y\306\221\037\374n\232"
 2309      B08561BC 
 2309      E059C691 
 2309      1FFC6E9A 
 2310 007b E6501295 		.ascii	"\346P\022\225\310\327\3376\276\3367\022h\0279\261\\"
 2310      C8D7DF36 
 2310      BEDE3712 
 2310      681739B1 
 2310      5C
 2311 008c AAB57496 		.ascii	"\252\265t\226\204\323\321l\265cw\357\371\304\014B\266"
 2311      84D3D16C 
 2311      B56377EF 
 2311      F9C40C42 
 2311      B6
 2312 009d 684EF277 		.ascii	"hN\362w\340`\033\016\231\201\367\350\224\374\255\263"
 2312      E0601B0E 
 2312      9981F7E8 
 2312      94FCADB3 
 2313 00ad D3417E04 		.ascii	"\323A~\004\222\360x5(7%\337j\355\353\250Vb\3758d\306"
 2313      92F07835 
 2313      283725DF 
 2313      6AEDEBA8 
 2313      5662FD38 
 2314 00c3 07F07FA4 		.ascii	"\007\360\177\244\234\011[AR\200\313\315\225b\013?\211"
 2314      9C095B41 
 2314      5280CBCD 
 2314      95620B3F 
 2314      89
 2315 00d4 E1A5F1E3 		.ascii	"\341\245\361\343C6\260\370V[\347u\244\304\024\037\357"
 2315      4336B0F8 
 2315      565BE775 
 2315      A4C4141F 
 2315      EF
 2316 00e5 D096D051 		.ascii	"\320\226\320QL\327\336\235\364\360\323\030\036\255\376"
 2316      4CD7DE9D 
 2316      F4F0D318 
 2316      1EADFE
 2317 00f4 7965FF75 		.ascii	"ye\377u>qna\205\335;\260\022\370\023\222d\230\237\353"
 2317      3E716E61 
 2317      85DD3BB0 
 2317      12F81392 
 2317      64989FEB 
 2318 0108 F537CDB6 		.ascii	"\3657\315\2662\3772\277\331\203-\235$Z\373\336\020\351"
 2318      32FF32BF 
 2318      D9832D9D 
 2318      245AFBDE 
 2318      10E9
 2319 011a FAF5988E 		.ascii	"\372\365\230\216\216\246\361\262Z\177\240\244\213\025"
ARM GAS  /tmp/ccVr2doo.s 			page 188


 2319      8EA6F1B2 
 2319      5A7FA0A4 
 2319      8B15
 2320 0128 C34C3299 		.ascii	"\303L2\231\327)\350\210h\212\255[Q\024q\201\321\305"
 2320      D729E888 
 2320      688AAD5B 
 2320      51147181 
 2320      D1C5
 2321 013a F3FDEEB8 		.ascii	"\363\375\356\270\206T\016\312\007\327\367F\340\027\023"
 2321      86540ECA 
 2321      07D7F746 
 2321      E01713
 2322 0149 2137CCB1 		.ascii	"!7\314\261T\305g\214\200\002\266\344\366\307\302\372"
 2322      54C5678C 
 2322      8002B6E4 
 2322      F6C7C2FA 
 2323 0159 154CBF6D 		.ascii	"\025L\277m<\303\0278!7\322%\374\305_\373Kl*\240+\356"
 2323      3CC31738 
 2323      2137D225 
 2323      FCC55FFB 
 2323      4B6C2AA0 
 2324 016f EF24E39F 		.ascii	"\357$\343\237\033\321\303T*-3;\340\346\322\236\233M"
 2324      1BD1C354 
 2324      2A2D333B 
 2324      E0E6D29E 
 2324      9B4D
 2325 0181 6706BC3E 		.ascii	"g\006\274>o\310+\344\362\251,\331^\301\315e\362*\343"
 2325      6FC82BE4 
 2325      F2A92CD9 
 2325      5EC1CD65 
 2325      F22AE3
 2326 0194 F667CD36 		.ascii	"\366g\3156x\003\204\300\234\372"
 2326      780384C0 
 2326      9CFA
 2327              		.text
 2328              		.section	.gnu.lto_aosSysStart.8724139b4ff04bd4,"e",%progbits
 2329 0000 789C8D55 		.ascii	"x\234\215UKOSA\030\235s\247/*\340\023+\226G\321\025"
 2329      4B4F5341 
 2329      189D73A7 
 2329      2F2AE013 
 2329      2B9647D1 
 2330 0015 89290D7B 		.ascii	"\211)\015{\023\376\211!\204D\026HB\331\270\342R\312"
 2330      13FE8921 
 2330      84441648 
 2330      42D9B8E2 
 2330      52CA
 2331 0027 23D62001 		.ascii	"#\326 \001\015\355\202\264Z\025\225\2471\321\360\020"
 2331      0DED82B4 
 2331      5A1595A7 
 2331      31D1F010 
 2332 0037 2F28A888 		.ascii	"/(\250\210\202((\005\021\021\020\020A\027.\334\2003"
 2332      82282805 
 2332      11111010 
 2332      41172EDC 
 2332      8033
 2333 0049 735B68A1 		.ascii	"s[h\241\005nz\233\336\373\315w\276s\3167\337\324@@\312"
 2333      056E7A9B 
ARM GAS  /tmp/ccVr2doo.s 			page 189


 2333      DEFBCD77 
 2333      BE73CE37 
 2333      DFD44040 
 2334 005e 7484E410 		.ascii	"t\204\344\020BR\331\015J \311\262\234\243/3H\200\370"
 2334      4252D90D 
 2334      4A20C9B2 
 2334      9CA32F33 
 2334      4880F8
 2335 0071 251B404A 		.ascii	"%\033@J%\224\342\032m\240\350\257Z\354\2242\233XDV\032"
 2335      2594E21A 
 2335      6DA0E8AF 
 2335      5AEC9432 
 2335      9B584456 
 2336 0086 7AB3E7E4 		.ascii	"z\263\347\344Q\231z)!\036v\253\027\272\220I\010[:\367"
 2336      51997A29 
 2336      211E76AB 
 2336      17BA9049 
 2336      085B3AF7 
 2337 009a 70E34682 		.ascii	"p\343F\202N\023\014\241\033:V\215\220\3661\255\"olV"
 2337      4E130CA1 
 2337      1B3A568D 
 2337      90F631AD 
 2337      226F6C56 
 2338 00ae C9CAE010 		.ascii	"\311\312\340\020\352\256/\2363\352\211\227\302\300\276"
 2338      EAAE2F9E 
 2338      33EA8997 
 2338      C2C0BE
 2339 00bd 24425C94 		.ascii	"$B\\\224pl\015d\205\220\253TR\037\312\331\303**|\315"
 2339      706C0D64 
 2339      8590AB54 
 2339      521FCAD9 
 2339      C32A2A7C 
 2340 00d2 0BD90287 		.ascii	"\013\331\002\207\2417\336\033\336\214s\302Qf\360R\352"
 2340      A137DE1B 
 2340      DE8C73C2 
 2340      5166F052 
 2340      EA
 2341 00e3 A10C193D 		.ascii	"\241\014\031=p\202\207j\312\327g\0145\214\226\006;W"
 2341      7082876A 
 2341      CAD7670C 
 2341      358C9606 
 2341      3B57
 2342 00f5 6AFC9C0C 		.ascii	"j\374\234\014{9158\212;\360\303K\265\350e\211x\012\263"
 2342      7B393135 
 2342      388A3BF0 
 2342      C34BB5E8 
 2342      6589780A 
 2343 010a 8874D555 		.ascii	"\210t\325Uw\350lm\274\260\3571\003\321\341\031[\350"
 2343      77E86C6D 
 2343      BCB0EF31 
 2343      03D1E119 
 2343      5BE8
 2344 011c 1622B801 		.ascii	"\026\"\270\001W*'\214\034\255\232\305\357\262\270\036"
 2344      572A278C 
 2344      1CAD9AC5 
 2344      EFB2B81E 
 2345 012c 0A6CAABA 		.ascii	"\012l\252\272>\206\303\226(\025\253\267E}\003\316\243"
ARM GAS  /tmp/ccVr2doo.s 			page 190


 2345      3E86C396 
 2345      2815ABB7 
 2345      457D03CE 
 2345      A3
 2346 013d 1F662F8D 		.ascii	"\037f/\215\023\354\333\243\2637z\270p<\017\262\337\237"
 2346      13ECDBA3 
 2346      B3377AB8 
 2346      703C0FB2 
 2346      DF9F
 2347 014f EE8B1874 		.ascii	"\356\213\030t-\234\354@,\262\026Nu0D\365\245Ju\336\345"
 2347      2D9CEC40 
 2347      2CB2164E 
 2347      753044F5 
 2347      A54A75DE 
 2348 0164 6CD566A4 		.ascii	"l\325f\244{e7\013\037\342)\323\303\356\026\221\342\026"
 2348      7B65370B 
 2348      1FE229D3 
 2348      C3EE1691 
 2348      E216
 2349 0176 29F17885 		.ascii	")\361x\205\0145\3455K\361\322\004\262\002G\317\277\241"
 2349      0C35E535 
 2349      4BF1D204 
 2349      B20247CF 
 2349      BFA1
 2350 0188 F9467344 		.ascii	"\371FsD\217\203D\325\027NNg\326\325\222\234-\372.\242"
 2350      8F8344D5 
 2350      174E4E67 
 2350      D6D5929C 
 2350      2DFA2EA2 
 2351 019c 61ABF106 		.ascii	"a\253\361\006:\0141L\202a\350\032\251>\274i\211\007"
 2351      3A0C314C 
 2351      8261E81A 
 2351      A93EBC69 
 2351      8907
 2352 01ae 72E130DE 		.ascii	"r\3410\336q\027\336\356va\266\271\316\364\210\341\000"
 2352      7117DEEE 
 2352      7661B6B9 
 2352      CEF488E1 
 2352      00
 2353 01bf 23C20A88 		.ascii	"#\302\012\210r\004\243\260\011\352qjMCxM\210\232J\240"
 2353      7204A3B0 
 2353      09EA716A 
 2353      4D43784D 
 2353      889A4AA0 
 2354 01d3 63325185 		.ascii	"c2Q\205?\302H\341}\020\274\355I\323H\002\003\257\025"
 2354      3FC248E1 
 2354      7D10BCED 
 2354      49D34802 
 2354      03AF15
 2355 01e6 8E1CC598 		.ascii	"\216\034\305\230\300\225\202\270\037\030\356**-\034"
 2355      C09582B8 
 2355      1F18EE2A 
 2355      2A2D1C
 2356 01f5 9630DC83 		.ascii	"\2260\334\203\365\360c\214\036\012\323x\037\307\367"
 2356      F5F0638C 
 2356      1E0AD378 
 2356      1FC7F7
ARM GAS  /tmp/ccVr2doo.s 			page 191


 2357 0204 ECE344A8 		.ascii	"\354\343D\250\217\237\324>V\016\324v'p%\307 \3413\314"
 2357      8F9FD43E 
 2357      560ED476 
 2357      277025C7 
 2357      20E133CC 
 2358 0218 B0B25D77 		.ascii	"\260\262]w\234\363\362\375]\220\242\355\272\023\036"
 2358      9CF3F2FD 
 2358      5D90A2ED 
 2358      BA131E
 2359 0227 AA61FE4F 		.ascii	"\252a\376O\356\234\231\244]\366'\371\371tE\0128\211"
 2359      EE9C99A4 
 2359      5DF627F9 
 2359      F974450A 
 2359      3889
 2360 0239 292E2010 		.ascii	"). \020\024\320\331\240\334\212\333\346\227\204i\266"
 2360      14D0D9A0 
 2360      DC8ADBE6 
 2360      978469B6 
 2361 0249 4E25F845 		.ascii	"N%\370E%\270\205o\332\205o\362\363\375\037\211\177\012"
 2361      25B8856F 
 2361      DA856FF2 
 2361      F3FD1F89 
 2361      7F0A
 2362 025b 5F39FE4C 		.ascii	"_9\376Lt|\023f\267\360\277\251\370\017\272\227\335\022"
 2362      747C1366 
 2362      B7F0BFA9 
 2362      F80FBA97 
 2362      DD12
 2363 026d C74F862C 		.ascii	"\307O\206,a\216\017\335i>t\226h\332\315\036\252e\332"
 2363      618E0FDD 
 2363      693E7496 
 2363      68DACD1E 
 2363      AA65DA
 2364 0280 BF1F78E2 		.ascii	"\277\037x\342\346cO\\\012\026D\247\202i\316\245\373"
 2364      E6634F5C 
 2364      0A1644A7 
 2364      8269CEA5 
 2364      FB
 2365 0291 01E35630 		.ascii	"\001\343V0\025\213\260\271\271\321<\3267\036\250\247"
 2365      158BB0B9 
 2365      B9D13CD6 
 2365      371EA8A7 
 2366 02a1 DB2AD2F0 		.ascii	"\333*\322\360#\324\305%U\304\376\256/\357\351\372\312"
 2366      23D4C525 
 2366      55C4FEAE 
 2366      2FEFE9FA 
 2366      CA
 2367 02b2 962B3FC5 		.ascii	"\226+?\305\254\246\213c\347\346b\324\015`\361P>\200"
 2367      ACA68B63 
 2367      E7E662D4 
 2367      0D60F150 
 2367      3E80
 2368 02c4 AB0736E1 		.ascii	"\253\0076\341W\314S\022\334\206\265p\033\"N\311D/\315"
 2368      57CC5312 
 2368      DC86B570 
 2368      1B224EC9 
 2368      442FCD
ARM GAS  /tmp/ccVr2doo.s 			page 192


 2369 02d7 C07A48EB 		.ascii	"\300zH\353oU\253\337\331W\037\317\033v\006\375\004\177"
 2369      6F55ABDF 
 2369      D9571FCF 
 2369      1B7606FD 
 2369      047F
 2370 02e9 78C3CE92 		.ascii	"x\303\316\22258|\255A\272\374rQ\250\177\000\016\205"
 2370      35387CAD 
 2370      41BAFC72 
 2370      51A87F00 
 2370      0E85
 2371 02fb 3FA658AD 		.ascii	"?\246X\255Y\354\223WT\234\237e/\316\313\312-\262_\260"
 2371      59EC9357 
 2371      549C9F65 
 2371      2FCECBCA 
 2371      2DB25FB0 
 2372 030f 5FB697E4 		.ascii	"_\266\227\344\027Z\363\210d$ia\361\202Kj\274\240\310"
 2372      175AF388 
 2372      64246961 
 2372      F1824B6A 
 2372      BCA0C8
 2373 0322 5E529C9F 		.ascii	"^R\234\237[h\275H\376\003\2443!w"
 2373      5B68BD48 
 2373      FE03A433 
 2373      2177
 2374              		.text
 2375              		.section	.gnu.lto_aosSysSetDateTime.8724139b4ff04bd4,"e",%progbits
 2376 0000 789C6D51 		.ascii	"x\234mQMk\023Q\024\275g\356$\235&\321?\020\305\"\206"
 2376      4D6B1351 
 2376      14BD67EE 
 2376      249D26D1 
 2376      3F10C522 
 2377 0015 D28509B8 		.ascii	"\322\205\011\270\020\272\353?\021\211]J!\311\306U\337"
 2377      10BAEB3F 
 2377      11895D4A 
 2377      21C9C655 
 2377      DF
 2378 0026 8CB1A9AD 		.ascii	"\214\261\251\255T\220\326\230E:\2411(n\212 h\375\312"
 2378      5490D698 
 2378      453AA131 
 2378      286E8A20 
 2378      68FDCA
 2379 0039 346AB5B1 		.ascii	"4j\265\261B\311\302\205\221,*D\020\211\322\205\270\220"
 2379      42C9C285 
 2379      912C2A44 
 2379      1089D285 
 2379      B890
 2380 004b 89F7CD14 		.ascii	"\211\367\315\024\324\342c\036\274\373\316\275\347\234"
 2380      D4E2631E 
 2380      BCFBCEBD 
 2380      E79C
 2381 0059 77C622D0 		.ascii	"w\306\"\320\202A\224\"\242\343\262\301\004C)55b[\006"
 2381      82419422 
 2381      A2E3B2C1 
 2381      04432935 
 2381      35625B06 
 2382 006d 109C9405 		.ascii	"\020\234\224\005\23250\213\353\\f\264J\375\015c\342"
 2382      9A35308B 
ARM GAS  /tmp/ccVr2doo.s 			page 193


 2382      EB5C66B4 
 2382      4AFD0D63 
 2382      E2
 2383 007e 8E20CA2B 		.ascii	"\216 \312+\3778\273\247v\025\273LT\221\035.<\306\204"
 2383      FF38BBA7 
 2383      7615BB4C 
 2383      54911D2E 
 2383      3CC684
 2384 0091 34F69CEA 		.ascii	"4\366\234\352\317\304\222`\200)\345r\373\301vL\227\006"
 2384      CFC49260 
 2384      8029E572 
 2384      FBC1764C 
 2384      9706
 2385 00a3 C6A4B4E7 		.ascii	"\306\244\264\347\374\022\370\004H\316\253\235\265G\326"
 2385      FC12F804 
 2385      48CEAB9D 
 2385      B547D6
 2386 00b2 78432947 		.ascii	"xC)Gy\037o\263:\3452\343\031X(\361\024I<A\222H\356\204"
 2386      791F6FB3 
 2386      3AE532E3 
 2386      195828F1 
 2386      14493C41 
 2387 00ca FA39C649 		.ascii	"\3729\306I\2174\2077\233fHnI\271ro\363W\"$\3674l\337"
 2387      8F348737 
 2387      9B66486E 
 2387      49B9726F 
 2387      F3572224 
 2388 00e2 5AF54D3E 		.ascii	"Z\365M>\031\260/\024\333\037\216\246\352\312\023\303"
 2388      19B02F14 
 2388      DB1F8EA6 
 2388      EACA13C3 
 2389 00f2 7E37E23A 		.ascii	"~7\342:J]\235r\331\304f\250\340\211BS+\350%\375{\367"
 2389      4A5D9D72 
 2389      D9C466A8 
 2389      E0894253 
 2389      2BE825FD 
 2390 0108 FD952351 		.ascii	"\375\225#Q\023-\244\016\036\205\027\210JN\004}\267\336"
 2390      132DA40E 
 2390      1E851788 
 2390      4A4E047D 
 2390      B7DE
 2391 011a 8978CA1F 		.ascii	"\211x\312\037\226\224\327\357\342\306r\377tTr\012l-"
 2391      9694D7EF 
 2391      E2C672FF 
 2391      7454720A 
 2391      6C2D
 2392 012c 32E9544C 		.ascii	"2\351TL(\217\350\032\033aaK\361\025s\265\372\340L\300"
 2392      288FE81A 
 2392      1B61614B 
 2392      F11573B5 
 2392      FAE04CC0 
 2393 0140 230AD5BB 		.ascii	"#\012\325\273;\303\321\"\034\333r9Ra\315\374\022EP\225"
 2393      3BC3D122 
 2393      1CDB7239 
 2393      5261CDFC 
 2393      12455095 
 2394 0154 0D41972E 		.ascii	"\015A\227.\177\353Y\372-Q\020^!)W\337;\316~\\\017\010"
ARM GAS  /tmp/ccVr2doo.s 			page 194


 2394      7FEB59FA 
 2394      2D51105E 
 2394      212957DF 
 2394      3BCE7E5C 
 2395 016a E398CB23 		.ascii	"\343\230\313#\332GhjK\346\\\266D\341J\25510\376\247"
 2395      DA47686A 
 2395      4BE65CB6 
 2395      44E14AAD 
 2395      3130FEA7 
 2396 017e 305A61F9 		.ascii	"0Za\371\301x\255\025\376\246\217\341pg\254\316a\004"
 2396      C178AD15 
 2396      FEA68FE1 
 2396      7067ACCE 
 2396      6104
 2397 0190 EFBB5BBB 		.ascii	"\357\273[\273h\240.\324ql\313 \336\350\200\004\331("
 2397      68A02ED4 
 2397      716CCB20 
 2397      DEE88004 
 2397      D928
 2398 01a2 7B6B41FB 		.ascii	"{kA\373|\340$\206\266\364\205V\336J\337!\2575\037\377"
 2398      7CE02486 
 2398      B6F48556 
 2398      DE4ADF21 
 2398      AF351FFF 
 2399 01b6 B8DD09DC 		.ascii	"\270\335\011\334&\350\013Z\275`JC2\363y\377S/>\371P"
 2399      26E80B5A 
 2399      BD604A43 
 2399      32F379FF 
 2399      532F3EF9 
 2400 01cb CD0B6A12 		.ascii	"\315\013j\022\336a\222\006pj\353\007\221\351\265\310"
 2400      DE619206 
 2400      706AEB07 
 2400      91E9B5C8 
 2401 01db F8132ED1 		.ascii	"\370\023.\321\261t:#_v&7\235\311\347\262\231\3633\371"
 2401      B1743A23 
 2401      5F762637 
 2401      9DC9E7B2 
 2401      99F333F9 
 2402 01ef 73F94BF9 		.ascii	"s\371K\371\302\364\305t\226\214\013\005\316\025\262"
 2402      C2F4C574 
 2402      968C0B05 
 2402      CE15B2
 2403 01fe BF019C1A 		.ascii	"\277\001\234\032\335\202"
 2403      DD82
 2404              		.text
 2405              		.section	.gnu.lto__aosSysShellcmdConfigCallback.8724139b4ff04bd4,"e",%progbits
 2406 0000 789C8598 		.ascii	"x\234\205\230yPTG\036\307_\367\233\363\315\301}\016"
 2406      79505447 
 2406      1EC75FF7 
 2406      9BF3CDC1 
 2406      7D0E
 2407 0012 C77B46D4 		.ascii	"\307{F\324hP\222\230Mbj\267v\377\334\312\326\232\324"
 2407      68509298 
 2407      4D626AB7 
 2407      76FFDCCA 
 2407      D69AD4
 2408 0025 1EB5FF6C 		.ascii	"\036\265\377lm\261:\211T\"$\014f7U[\225\221\313\013"
ARM GAS  /tmp/ccVr2doo.s 			page 195


 2408      6DB13A89 
 2408      5422240C 
 2408      6637555B 
 2408      9591CB0B 
 2409 0039 4589A828 		.ascii	"E\211\250(8\010A`\215\007\212A\001\201\010\262\342\221"
 2409      38084160 
 2409      8D078A41 
 2409      018108B2 
 2409      E291
 2410 004b 78C61B15 		.ascii	"x\306\033\025O\224#*\211\007\327\366\257\373\275y\217"
 2410      4F94232A 
 2410      8907D7F6 
 2410      AFFBBD79 
 2410      8F
 2411 005c 719C4C69 		.ascii	"q\234Li\363^\367\357\373\373v\177\272_\277\2361q\210"
 2411      F35EF7EF 
 2411      FBFB767F 
 2411      BA5FBF9E 
 2411      317188
 2412 006f 1B8FE4B8 		.ascii	"\033\217\344\270\303\210\343b1\307\241I\034\302n\267"
 2412      C388E362 
 2412      31C7A149 
 2412      1CC26EB7 
 2413 007f FBB7C6C5 		.ascii	"\373\267\306\305&\214\371\302\274s\263tn!\341\301\263"
 2413      268CF9C2 
 2413      BC73B374 
 2413      6E21E1C1 
 2413      B3
 2414 0090 9A609DDB 		.ascii	"\232`\235\333\312c\035i\023\241\206\375\265\352\260"
 2414      CA631D69 
 2414      13A186FD 
 2414      B5EAB0
 2415 009f FEE69267 		.ascii	"\376\346\222gV\250)}\222\367:\251\321c\203\034c\222"
 2415      56A8297D 
 2415      92F73AA9 
 2415      D163831C 
 2415      6392
 2416 00b1 630CD8E8 		.ascii	"c\014\330\350ScD\361\262\207\011\233\3456\253\334f\306"
 2416      536344F1 
 2416      B287099B 
 2416      E536ABDC 
 2416      66C6
 2417 00c3 425FE5F5 		.ascii	"B_\345\365$\250Y{ys,\251\021\260\305'\306\342\325[\261"
 2417      24A8597B 
 2417      79732CA9 
 2417      11B0C527 
 2417      C6E2D55B 
 2418 00d8 4D6E0B96 		.ascii	"Mn\013\226\333l\330.\353\203e\275\035\007\371\304\004"
 2418      DB6CD82E 
 2418      EB8365BD 
 2418      1D07F9C4 
 2418      04
 2419 00e9 79F5C138 		.ascii	"y\365\3018Dn\013\227\333Bp\250\254\017\227\365\2418"
 2419      446E0B97 
 2419      DB4270A8 
 2419      AC0F97F5 
 2419      A138
ARM GAS  /tmp/ccVr2doo.s 			page 196


 2420 00fb CC2726CC 		.ascii	"\314'&\314\253\017\307\021r[\264\334\026\201#e}\264"
 2420      AB0FC711 
 2420      725BB4DC 
 2420      16812365 
 2420      7DB4
 2421 010d AC8FC451 		.ascii	"\254\217\304Q>1Q^}4\216)\256\255~\213\264\305\335\377"
 2421      3E31515E 
 2421      7D348E29 
 2421      AEAD7E8B 
 2421      B4C5DDFF 
 2422 0121 E1BC91B4 		.ascii	"\341\274\221\264\305\340\330\302ug\336\200\232\007\275"
 2422      C5E0D8C2 
 2422      7567DE80 
 2422      9A07BD
 2423 0130 DB045213 		.ascii	"\333\004R\023\213\035U\027\012^\203\232K[\037\331H\215"
 2423      8B1D5517 
 2423      0A5E839A 
 2423      4B5B1FD9 
 2423      488D
 2424 0142 C3AB8F43 		.ascii	"\303\253\217C\222|\025\217\022\345\253\004\357U\"\026"
 2424      927C158F 
 2424      12E5AB04 
 2424      EF552216 
 2425 0152 491FA613 		.ascii	"I\037\246\023\245D\372\024A\224\2427^B\210^\271M\210"
 2425      A544FA14 
 2425      4194A237 
 2425      5E42885E 
 2425      B94D88
 2426 0165 FB02F33A 		.ascii	"\373\002\363:\275\301h2\013\026\253\315\036\024\034"
 2426      BDC16832 
 2426      0B16ABCD 
 2426      1E141C
 2427 0174 121A161E 		.ascii	"\022\032\026\036\021\031\025\035\023\353\210\213OH\024"
 2427      1119151D 
 2427      13EB888B 
 2427      4F4814
 2428 0183 25F4052A 		.ascii	"%\364\005*\344\327\363\250;\273\354\211u\025\357\341"
 2428      E4D7F3A8 
 2428      3BBBEC89 
 2428      7515EFE1 
 2429 0193 39A423B7 		.ascii	"9\244#\267k\217\324w\011p\213\220Hn\227WT\017\331_\256"
 2429      6B8FD477 
 2429      09708B90 
 2429      486E9757 
 2429      540FD95F 
 2430 01a8 2669DD6D 		.ascii	"&i\335m\353\307\022J\353O\270\315\036\036s%$\274\011"
 2430      EBC7124A 
 2430      EB4FB8CD 
 2430      1E1E7325 
 2430      24BC09
 2431 01bb 39502372 		.ascii	"9P#rp\360A\315\350e\022\276\377\336\255\317\370D\304"
 2431      70F041CD 
 2431      E86512BE 
 2431      FFDEADCF 
 2431      F844C4
 2432 01ce 91CBEB5F 		.ascii	"\221\313\353_\227\325X\247V\271\335\331\356\266\216"
 2432      97D558A7 
ARM GAS  /tmp/ccVr2doo.s 			page 197


 2432      56B9DDD9 
 2432      EEB68E
 2433 01dd E88DEE36 		.ascii	"\350\215\3566\235\207\347\321\001\304O\220\222:\"nA"
 2433      9D87E7D1 
 2433      01C44F90 
 2433      923A226E 
 2433      41
 2434 01ee 538962A0 		.ascii	"S\211b\240\241v\261\235\237B\325[\226]\377\216\0075"
 2434      A176B19D 
 2434      9F42D55B 
 2434      965DFF8E 
 2434      0735
 2435 0200 F1BD19C3 		.ascii	"\361\275\031\303\324\030\265>\247\206\365\335F\325C"
 2435      D418B53E 
 2435      A786F5DD 
 2435      46D543
 2436 020f DFDC9CC3 		.ascii	"\337\334\234\303\317\240\342\2743\243E\006\331z\310"
 2436      CFA0E2BC 
 2436      33A34506 
 2436      D97AC8
 2437 021e C1C43AF4 		.ascii	"\301\304:\364\355sb\035\021\037DS9\320,\336\266v\227"
 2437      ED73621D 
 2437      111F4453 
 2437      39D02CDE 
 2437      B67697
 2438 0231 C0A750FD 		.ascii	"\300\247P\375\205\235\015\313\370\244Jj~{\304N\022\344"
 2438      859D0DCB 
 2438      F8A44A6A 
 2438      7E7BC44E 
 2438      12E4
 2439 0243 8A60DFEE 		.ascii	"\212`\337\356\223\001>$\274\247n\254\330f\320\241\016"
 2439      93013E24 
 2439      BCA76EAC 
 2439      D866D0A1 
 2439      0E
 2440 0254 94045C80 		.ascii	"\224\004\\\200\306!d@\244\345\3133+\317\361\374\233"
 2440      C6216440 
 2440      A4E5CB33 
 2440      2BCFF1FC 
 2440      9B
 2441 0265 34E9B2B3 		.ascii	"4\351\262\263\333\257Y\344\244\003\243\221[r\334\207"
 2441      DBAF59E4 
 2441      A403A391 
 2441      5B72DC87 
 2442 0275 DD74509D 		.ascii	"\335tP\235\376\263\216Wl>\031\304\346e2\271m80\272\305"
 2442      FEB38E57 
 2442      6C3E19C4 
 2442      E66532B9 
 2442      6D3830BA 
 2443 028a C8E6A51C 		.ascii	"\310\346\245\034C\177\363\307\226 \376\035\232z{[\335"
 2443      437FF3C7 
 2443      9620FE1D 
 2443      9A7A7B5B 
 2443      DD
 2444 029b 5798A46E 		.ascii	"W\230\244n#\251\273GC\213\334,\265\036\035a\251\273"
 2444      23A9BB47 
 2444      438BDC2C 
ARM GAS  /tmp/ccVr2doo.s 			page 198


 2444      B51E1D61 
 2444      A9BB
 2445 02ad 48EAC37E 		.ascii	"H\352\303~:|\024%\241\377\221NCw\241\327\307H\2579\216"
 2445      3A7C1425 
 2445      A1FF914E 
 2445      4377A1D7 
 2445      C748AF39 
 2446 02c2 8781286D 		.ascii	"\207\201(m;O\351\333\334c\343K\334m\235\377\331\262"
 2446      3B4FE9DB 
 2446      DC63E34B 
 2446      DC6D9DFF 
 2446      D9B2
 2447 02d4 BF13BD8B 		.ascii	"\277\023\275\2138h\306\204\236\201\007\376:\270\322"
 2447      3868C684 
 2447      9E8107FE 
 2447      3AB8D2
 2448 02e3 4361805B 		.ascii	"Ca\200[#\024&(\314P\010PX\240\260Ba\203\302\016\301"
 2448      23142628 
 2448      CC500850 
 2448      58A0B042 
 2448      6183C20E 
 2449 02f8 4170154C 		.ascii	"Ap\025L\012c\010\\\205\222\302\024\006E8\334F@C$\024"
 2449      0A63085C 
 2449      8592C214 
 2449      064538DC 
 2449      46404324 
 2450 030d 5150170D 		.ascii	"QP\027\015E\0144\304B\341\200\"\016\212x(\022\240H\204"
 2450      450C34C4 
 2450      42E18022 
 2450      0E8A7828 
 2450      12A04884 
 2451 0321 42844282 		.ascii	"B\204B\202b\022x\274D\012\363d\270\235\206`\221LG0\333"
 2451      621278BC 
 2451      440AF364 
 2451      B89D8660 
 2451      914C4730 
 2452 0336 C91C8C6B 		.ascii	"\311\034\214k6\202E\307q+xn\234|x\344n\343\270\002\036"
 2452      368245C7 
 2452      712B786E 
 2452      9C7C78E4 
 2452      6EE3B802 
 2453 034b B39BC5E4 		.ascii	"\263\233\305\344\346\026\312\275\322>6b\0058e\37444"
 2453      E616CABD 
 2453      D23E3662 
 2453      053865FC 
 2453      3434
 2454 035d 83F12BE0 		.ascii	"\203\361+\340\371\341\232}\243\230\306\334C\331\353"
 2454      F9E19A7D 
 2454      A398C6DC 
 2454      43D9EB
 2455 036c 566C1F76 		.ascii	"Vl\037v\262\030\230\226\255\267\326\254\267\3034\351"
 2455      B2189896 
 2455      ADB7D6AC 
 2455      B7C334E9 
 2456 037c E8D3B4B9 		.ascii	"\350\323\264\271\242\262\207\257B\225\213a\227 ]*\343"
 2456      A2B287AF 
 2456      42958B61 
ARM GAS  /tmp/ccVr2doo.s 			page 199


 2456      97205D2A 
 2456      E3
 2457 038d A7A3E330 		.ascii	"\247\243\3430\023\350;T\205\270>\224'2-<\211e5\307\306"
 2457      13E83B54 
 2457      85B83E94 
 2457      27322D3C 
 2457      896535C7 
 2458 03a2 CDB9287B 		.ascii	"\315\271({\261\311\303\013%<\231\012\364=\312E\034\313"
 2458      B1C9C30B 
 2458      253C990A 
 2458      F43DCA45 
 2458      1CCB
 2459 03b4 BCBCA7A7 		.ascii	"\274\274\247\247T\220~\343qo \211,0\215\3276T\037\026"
 2459      54907EE3 
 2459      716F2089 
 2459      2C308DD7 
 2459      36541F16 
 2460 03c8 207E034D 		.ascii	" ~\003MnE'\220D\247\022\235$2\017o\2031\\m\357@\262"
 2460      6E452790 
 2460      44A7129D 
 2460      24320F6F 
 2460      83315C6D 
 2461 03df 059AAE0C 		.ascii	"\005\232\256\014Aw`\355\345\026\004C@4\244O/\217R\273"
 2461      417760ED 
 2461      E5160443 
 2461      4034A44F 
 2461      2F8F52BB 
 2462 03f3 1F60A443 		.ascii	"\037`\244C\247\220\"\321_\312>>\205\016\272\017\345"
 2462      A79022D1 
 2462      5FCA3E3E 
 2462      850EBA0F 
 2462      E5
 2463 0404 963F6A31 		.ascii	"\226?j1\302j\341|zm/\241\017\344i\3505i\272\324\335"
 2463      C26AE17C 
 2463      7A6D2FA1 
 2463      0FE469E8 
 2463      3569BAD4 
 2464 0419 BECD004D 		.ascii	"\276\315\000Ml\364AtQ\201\014\235\241\035\014f\000\257"
 2464      6CF44174 
 2464      51810C9D 
 2464      A11D0C66 
 2464      00AF
 2465 042b 0C5721A8 		.ascii	"\014W!\250.\343\001\331\317\273N\344X\030A+\271\255"
 2465      2EE301D9 
 2465      CFBB4EE4 
 2465      5818412B 
 2465      B9AD
 2466 043d D9FED33D 		.ascii	"\331\376\323=\233\017\301\263\224\340\017\214`\256\310"
 2466      9B0FC1B3 
 2466      94E00F8C 
 2466      60AEC8
 2467 044c B4C93E7D 		.ascii	"\264\311>}\011)\241[\3139F\220<\016\241\314\255\177"
 2467      0929A15B 
 2467      CB394690 
 2467      3C0EA1CC 
 2467      AD7F
 2468 045e 782113E8 		.ascii	"x!\023\350\211\340\351@\325y\236\231\231\310\355\371"
ARM GAS  /tmp/ccVr2doo.s 			page 200


 2468      89E0E940 
 2468      D5799E99 
 2468      99C8EDF9 
 2469 046e D1C75576 		.ascii	"\321\307Uv\037\263\363\324\354\202w\272\250\326\340"
 2469      1FB3F3D4 
 2469      EC8277BA 
 2469      A8D6E0
 2470 047d 7FBA2E32 		.ascii	"\177\272.23\310\334\337x\244\320&\275\313\246+\014h"
 2470      33C8DCDF 
 2470      78A4D026 
 2470      BDCBA62B 
 2470      0C68
 2471 048f 0C567B9E 		.ascii	"\014V{\236\330\324\351\012G\227\310tQ\032\227\265\323"
 2471      D8D4E90A 
 2471      4797C874 
 2471      511A97B5 
 2471      D3
 2472 04a0 75466661 		.ascii	"uFfaP\247\313\260\343\333\255a\312l]i\357\320\253#."
 2472      50A7CBB0 
 2472      E3DBAD61 
 2472      CA6C5D69 
 2472      EFD0AB23 
 2473 04b5 E9C87988 		.ascii	"\351\310y\210\331l\335\267\243+\336\3512\236+?m\226"
 2473      D96CDDB7 
 2473      A32BDEE9 
 2473      329E2B3F 
 2473      6D96
 2474 04c7 D7684E69 		.ascii	"\327hNi\376\350p\257\234\326\310t'\213\032\373\314L"
 2474      FEE870AF 
 2474      9CD6C874 
 2474      278B1AFB 
 2474      CC4C
 2475 04d9 B7F653D4 		.ascii	"\267\366S\324Mt\004N\367\362.\232\232\264\027m\030H"
 2475      4D74044E 
 2475      F7F22E9A 
 2475      9AB4176D 
 2475      1848
 2476 04eb 4DD9019B 		.ascii	"M\331\001\233Uy:\004\221\231\333\300\266\266\253(\205"
 2476      55793A04 
 2476      9199DBC0 
 2476      B6B6AB28 
 2476      85
 2477 04fc 64A126A6 		.ascii	"d\241&\246\334\236\247q\362\232\310+\257n\235\306,L"
 2477      DC9EA771 
 2477      F29AC82B 
 2477      AF6E9DC6 
 2477      2C4C
 2478 050e FEE15C53 		.ascii	"\376\341\\S\341\254\030\\v\200\227\336gp\"\000\316\371"
 2478      E1AC185C 
 2478      768097DE 
 2478      67702200 
 2478      CEF9
 2479 0520 15D71FEA 		.ascii	"\025\327\037\352U8\221\350\272\002\247G\013gD\036\205"
 2479      553891E8 
 2479      BA02A747 
 2479      0B67441E 
 2479      85
ARM GAS  /tmp/ccVr2doo.s 			page 201


 2480 0531 498563CE 		.ascii	"I\205c\316~\320lW\341\014)p\324\010\341r\311!\023D`"
 2480      7ED06C57 
 2480      E10C2970 
 2480      D408E172 
 2480      C9211344 
 2481 0546 1271B9FD 		.ascii	"\022q\271\375\230Q\305W\373\323\252M\002\303`E7\274"
 2481      9851C557 
 2481      FBD3AA4D 
 2481      02C36045 
 2481      37BC
 2482 0558 F42C03C7 		.ascii	"\364,\003\307*t*\275\355\243\267d_3$N\226a\355\017\010"
 2482      2A742ABD 
 2482      EDA3B764 
 2482      5F33244E 
 2482      9661ED0F 
 2483 056d 0B01AC9B 		.ascii	"\013\001\254\233\000\313LsZ\327\025\237\213\366\302"
 2483      00CB4C73 
 2483      5AD7159F 
 2483      8BF6C2
 2484 057c DAA3C012 		.ascii	"\332\243\300\022\374\303\272\245\302\332\265){(H\372"
 2484      FCC3BAA5 
 2484      C2DAB529 
 2484      7B2848FA 
 2485 058c 1B831505 		.ascii	"\033\203\025\005\260j\366\366\256\345UX\321\350\266"
 2485      B06AF6F6 
 2485      AEE55558 
 2485      D1E8B6
 2486 059b 02EB8E3F 		.ascii	"\002\353\216?X\202\212\302v\364\3106\253\012\353\346"
 2486      58828AC2 
 2486      76F4C836 
 2486      AB0AEBE6 
 2487 05ab F3B0EC2B 		.ascii	"\363\260\354+\236U\032UX#\006\025\326\017\255[\232\021"
 2487      9E551A55 
 2487      58230615 
 2487      D60FAD5B 
 2487      9A11
 2488 05bd 839588EE 		.ascii	"\203\225\210\356za\005\345\217\236\344\275\333ao\177"
 2488      7A6105E5 
 2488      8F9EE4BD 
 2488      DB616F7F 
 2489 05cd A1251016 		.ascii	"\241%\020\026\014Xz\001K2U\007\257\331\220\027\341\305"
 2489      0C587A01 
 2489      4B325507 
 2489      AFD99017 
 2489      E1C5
 2490 05df D2AA60B1 		.ascii	"\322\252`\261\370\307rO\305\262nk\375\270N\372\273\346"
 2490      F8C7724F 
 2490      C5B26E6B 
 2490      FDB84EFA 
 2490      BBE6
 2491 05f1 01DB545E 		.ascii	"\001\333T^\377\251\366\371\272\257P\351\363G\305\242"
 2491      FFA9F6F9 
 2491      BAAF50E9 
 2491      F347C5A2 
 2492 0601 8E3964E9 		.ascii	"\2169d\351\261\203\202B\245\033vC_*\241\267[6\032\374"
 2492      B1838242 
 2492      A51B7643 
ARM GAS  /tmp/ccVr2doo.s 			page 202


 2492      5F2AA1B7 
 2492      5B361AFC 
 2493 0615 2FA173B5 		.ascii	"/\241s\265M\343A\214J\024\352\367R\011\333\343Y\251"
 2493      4DE3418C 
 2493      4A14EAF7 
 2493      5209DBE3 
 2493      59A9
 2494 0627 A1F22430 		.ascii	"\241\362$0\025x\264\320\200J%\274\373\311\343\020/\225"
 2494      1578B4D0 
 2494      804A25BC 
 2494      FBC9E310 
 2494      2F95
 2495 0639 FB0A15AB 		.ascii	"\373\012\025\253\177*\203*\225\326\266\213\317\014\322"
 2495      7F2A832A 
 2495      95D6B68B 
 2495      CF0CD2
 2496 0648 3C462506 		.ascii	"<F%\006\250\024\035\274\325\035\244b\211E?*X\036\370"
 2496      A8141DBC 
 2496      D51DA462 
 2496      89453F2A 
 2496      581EF8
 2497 065b C3625507 		.ascii	"\303bU\007\035\261sd\330\244b\031y\036K\344\335\255"
 2497      1DB17364 
 2497      D8A46219 
 2497      791E4BE4 
 2497      DDAD
 2498 066d 557A15CB 		.ascii	"Uz\025\313e\015\226#\373O\257\221_#\357\240\207^,Q\365"
 2498      650D9623 
 2498      FB4FAF91 
 2498      5F23EFA0 
 2498      875E2C51 
 2499 0682 A74FA9EF 		.ascii	"\247O\251\357\316\336\341A!\020\026\035`y\244b\211\256"
 2499      CEDEE141 
 2499      2110161D 
 2499      6079A462 
 2499      89AE
 2500 0694 ADAA0AF2 		.ascii	"\255\252\012\362by\254`\261\371\3072\244bY\326\261\273"
 2500      6279AC60 
 2500      B1F9C732 
 2500      A46259D6 
 2500      B1BB
 2501 06a6 0B491F69 		.ascii	"\013I\037i\260\334\351\310\276j\324b\371I\301\362\263"
 2501      B0DCE9C8 
 2501      BE6AD462 
 2501      F949C1F2 
 2501      B3
 2502 06b7 3F2C3675 		.ascii	"?,6u\3201\2459\215\266\200Xb\233\257VZ\374`\321pp\344"
 2502      D031A539 
 2502      8DB68058 
 2502      629BAF56 
 2502      5AFC60D1 
 2503 06ce 14DF33A9 		.ascii	"\024\3373\251\034\306\002s\320\003\207\307*\207\270"
 2503      1CC60273 
 2503      D00387C7 
 2503      2A87B8
 2504 06dd ADAB9B0C 		.ascii	"\255\253\233\014\352\011\244lM\247\225Y\330\003\276"
 2504      EA09A46C 
ARM GAS  /tmp/ccVr2doo.s 			page 203


 2504      4DA79559 
 2504      D803BE
 2505 06ec 319FB097 		.ascii	"1\237\260\227\330\022\321\337\273\333QB\317\303O\031"
 2505      D812D1DF 
 2505      BBDB5142 
 2505      CFC34F19 
 2506 06fc B4D9B027 		.ascii	"\264\331\260'?\352\257\300\222\213A\213\203\370\357"
 2506      3FEAAFC0 
 2506      928B418B 
 2506      83F8EF
 2507 070b 06F3365A 		.ascii	"\006\3636Zdh\345\367\010\245x\364L\3016L\204\0046\351"
 2507      6468E5F7 
 2507      08A578F4 
 2507      4CC1364C 
 2507      840436E9 
 2508 071f 83874F20 		.ascii	"\203\207O \375:\330\335\273\274\256\234\342\203A\000"
 2508      FD3AD8DD 
 2508      BBBCAE9C 
 2508      E2834100 
 2509 072f F28737BA 		.ascii	"\362\2077\272-o7\270\227\022\241\236C#\350m:\230\370"
 2509      2D6F37B8 
 2509      9712A19E 
 2509      4323E86D 
 2509      3A98F8
 2510 0742 BD0FD788 		.ascii	"\275\017\327\210\312`\232{\013\352n\362l0A\023p\210"
 2510      CA609A7B 
 2510      0BEA6EF2 
 2510      6C304113 
 2510      7088
 2511 0754 13B79051 		.ascii	"\023\267\220Q\224\002\361#K\272d\376\301D@3tm\226\365"
 2511      9402F123 
 2511      4BBA64FE 
 2511      C1444033 
 2511      746D96F5 
 2512 0768 212FD0D3 		.ascii	"!/\320\323\235yL\321\357\177\225E\207\022\001\333\356"
 2512      9D794CD1 
 2512      EF7F9545 
 2512      871201DB 
 2512      EE
 2513 0779 958C61A4 		.ascii	"\225\214a\244\222\244\370fY\177-}U&\"\204\306\331\233"
 2513      92A4F866 
 2513      597F2D7D 
 2513      55262284 
 2513      C6D99B
 2514 078c B2B9EBB8 		.ascii	"\262\271\353\270l\022\376\002\023\372\256tc\331\244"
 2514      6C12FE02 
 2514      13FAAE74 
 2514      63D9A4
 2515 079b E44D161D 		.ascii	"\344M\026\035A\004\023M\"I%IqvO\335R\372\036\027Q\037"
 2515      4104134D 
 2515      22492549 
 2515      71764FDD 
 2515      52FA1E17 
 2516 07b1 799B9133 		.ascii	"y\233\2213n\037\312\227\017\033Q>3%\225\300\202@\331"
 2516      6E1FCA97 
 2516      0F1B513E 
 2516      332595C0 
ARM GAS  /tmp/ccVr2doo.s 			page 204


 2516      8240D9
 2517 07c4 98CE5430 		.ascii	"\230\316T0\355h\244\207\237\004\211O"
 2517      ED68A487 
 2517      9F04894F 
 2518 07d0 E477FD9A 		.ascii	"\344w\375\232\251\242\231\360Z\311W\353\014\220\330"
 2518      A9A299F0 
 2518      5AC957EB 
 2518      0C90D8
 2519 07df 848C2807 		.ascii	"\204\214(\007;X\177\344U\035C\302\330\273\254\326\317"
 2519      3B587FE4 
 2519      551D43C2 
 2519      D8BBACD6 
 2519      CF
 2520 07f0 BBEC03EF 		.ascii	"\273\354\003\357`\350\267\203\\L\326_\014=\3765t|\372"
 2520      60E8B783 
 2520      5C4CD65F 
 2520      0C3DFE35 
 2520      747CFA
 2521 0803 82E31F89 		.ascii	"\202\343\037\211Dy\370\227\216\177\371\230\035\377 "
 2521      4479F897 
 2521      8E7FF998 
 2521      1DFF20
 2522 0812 D7F50E14 		.ascii	"\327\365\016\024\340(\271\344\027s-\305\336\243ds\357"
 2522      E028B9E4 
 2522      17732DC5 
 2522      DEA36473 
 2522      EF
 2523 0823 C6BA1A79 		.ascii	"\306\272\032yh\261\201\346e\031\235\0272\013e_v\312"
 2523      68B181E6 
 2523      65199D17 
 2523      320B655F 
 2523      76CA
 2524 0835 F3E86092 		.ascii	"\363\350`\222\365K\335\017\345m\213\314\303r\306\013"
 2524      F54BDD0F 
 2524      E56D8BCC 
 2524      C372C60B 
 2525 0845 F27E8D59 		.ascii	"\362~\215Y\\\\\240E\265\342\371\274\361D\002\337\035"
 2525      5C5CA045 
 2525      B5E2F9BC 
 2525      F14402DF 
 2525      1D
 2526 0856 208D9955 		.ascii	" \215\231U%\004Z\327\005l\311(\261\211/\210\245/\214"
 2526      25045AD7 
 2526      056CC928 
 2526      B1892F88 
 2526      A52F8C
 2527 0869 951363C5 		.ascii	"\225\023c\305\027\304\322]t\325\304X\351\005\261t\247"
 2527      17C4D25D 
 2527      74D5C458 
 2527      E905B174 
 2527      A7
 2528 087a 2924B17D 		.ascii	")$\261}h\223[\027`\237X\215\275\373\304\251\273'\236"
 2528      68935B17 
 2528      609F588D 
 2528      BDFBC4A9 
 2528      BB279E
 2529 088d E9250F62 		.ascii	"\351%\017b\033\305K \250j\\\335\246\234P\312{\310\374"
ARM GAS  /tmp/ccVr2doo.s 			page 205


 2529      1BC54B20 
 2529      A86A5CDD 
 2529      A69C50CA 
 2529      7BC8FC
 2530 08a0 4C466BB0 		.ascii	"LFk\260\274Q\024a\330(\034\024M\002\031!\3518\351\217"
 2530      BC511461 
 2530      D8281C14 
 2530      4D021921 
 2530      E938E98F 
 2531 08b4 B26904D8 		.ascii	"\262i\004\3300\276\304l\303H\250\032\335}A}\267\256"
 2531      30BEC46C 
 2531      C348A81A 
 2531      DD7D417D 
 2531      B7AE
 2532 08c6 385EDC89 		.ascii	"8^\334\211\331\367\227ID\264*g\260\333\304\216\364\320"
 2532      D9F79749 
 2532      44B42A67 
 2532      B0DBC48E 
 2532      F4D0
 2533 08d8 93B68BBB 		.ascii	"\223\266\213\273.\370\036\351\327b\330\015\2131\335"
 2533      2EF81EE9 
 2533      D762D80D 
 2533      8B31DD
 2534 08e7 0DF3E937 		.ascii	"\015\363\3517\260\027\214r\235:\312\343'\233\312\315"
 2534      B0178C72 
 2534      9D3ACAE3 
 2534      279BCACD 
 2535 08f7 D2097994 		.ascii	"\322\011y\224I \250\337\263{\314\240\214\262\221tr\012"
 2535      4920A8DF 
 2535      B37BCCA0 
 2535      8CB29174 
 2535      720A
 2536 0909 5A8FE5AF 		.ascii	"Z\217\345\257`\033\350('\301\260\340]\325p\350\375\000"
 2536      601BE828 
 2536      27C1B0E0 
 2536      5DD570E8 
 2536      FD00
 2537 091b 3625AACD 		.ascii	"6%\252\315\231\316U\207m\322\015\331f*\010\206w\025"
 2537      99CE5587 
 2537      6DD20DD9 
 2537      662A0886 
 2537      7715
 2538 092d 3EB2686D 		.ascii	">\262hm\246\241\215\212\315&\272\372\231GS@\217R\325"
 2538      A6A18D8A 
 2538      CD26BAFA 
 2538      99475340 
 2538      8F52D5
 2539 0940 63DF8D3D 		.ascii	"c\337\215=\005\026i@\366x\031\004GW}\337\022\244\365"
 2539      05166940 
 2539      F6781904 
 2539      47577DDF 
 2539      12A4F5
 2540 0953 988ECA14 		.ascii	"\230\216\312\024\217\315\032\217\326\200\036\036\325"
 2540      8FCD1A8F 
 2540      D6801E1E 
 2540      D5
 2541 0960 A3F6EE78 		.ascii	"\243\366\356x\243 \215\312\0363@p\354V\337\016\244\365"
ARM GAS  /tmp/ccVr2doo.s 			page 206


 2541      A3208DCA 
 2541      1E334070 
 2541      EC56DF0E 
 2541      A4F5
 2542 0972 7805952B 		.ascii	"x\005\225+\036[4\036w\002zT\250\036u\267\367\025\353"
 2542      1E5B341E 
 2542      77027A54 
 2542      A81E75B7 
 2542      F715EB
 2543 0985 A412CC3C 		.ascii	"\244\022\314<\222A0t\267\3761\257\365\230\211*\025\217"
 2543      92413074 
 2543      B7FE31AF 
 2543      F598892A 
 2543      158F
 2544 0997 AF341EF7 		.ascii	"\2574\036\367\003zT\251\036\247\317\346<1Ku\262\307"
 2544      037A54A9 
 2544      1EA7CFE6 
 2544      3C314B75 
 2544      B2C7
 2545 09a9 2C10EC2D 		.ascii	",\020\354-\356\213\326Z\244\240\255\212E\265\306b0\240"
 2545      EE8BD65A 
 2545      A4A0AD8A 
 2545      45B5C662 
 2545      30A0
 2546 09bb 458D6AD1 		.ascii	"E\215j\321_\343\371\321\"u\313\026\257\202\340\336x"
 2546      5FE3F9D1 
 2546      2275CB16 
 2546      AF82E0DE 
 2546      78
 2547 09cc D3C109A8 		.ascii	"\323\301\011\250^C\265\212\307\1775\036\217\002zlS="
 2547      5E43B58A 
 2547      C77F351E 
 2547      8F027A6C 
 2547      533D
 2548 09de C66E7775 		.ascii	"\306nwu\232\245\307X\363\363A\313\371\201\356\011\253"
 2548      9AA5C758 
 2548      F3F341CB 
 2548      F981EE09 
 2548      AB
 2549 09ef D78ABE56 		.ascii	"\327\212\276V<\266k<\036\007\364\330\241z,\271\341\331"
 2549      3CB66B3C 
 2549      1E07F4D8 
 2549      A17A2CB9 
 2549      E1D9
 2550 0a01 64957279 		.ascii	"d\225ry\346\361:\010\036\025\335/\232\260tg\243\235"
 2550      E6F13A08 
 2550      1E15DD2F 
 2550      9AB07467 
 2550      A39D
 2551 0a13 8AC72E8D 		.ascii	"\212\307.\215\307p@\217:\325ci\363\301\012\233T${\274"
 2551      C770408F 
 2551      3AD56369 
 2551      F3C10A9B 
 2551      54247BBC 
 2552 0a27 0182CDB9 		.ascii	"\001\202\315\271=G\315Z\217_\241\335\212\307\036\215"
 2552      3D47CD5A 
 2552      8F5FA1DD 
ARM GAS  /tmp/ccVr2doo.s 			page 207


 2552      8AC71E8D 
 2553 0a37 C778408F 		.ascii	"\307x@\217z\325\343N}i\241N\332\314kX5\347\254\314\361"
 2553      7AD5E34E 
 2553      7D69A14E 
 2553      DACC6B58 
 2553      35E7ACCC 
 2554 0a4c 61B557F1 		.ascii	"a\265W\361\370F\343Q\331\031\310\243A\365X\267\333\323"
 2554      F846E351 
 2554      D919C8A3 
 2554      41F558B7 
 2554      DBD3
 2555 0a5e 8FA46DBC 		.ascii	"\217\244m\274\346\021\\\223W^\206&>\202\373\024\217"
 2555      E6115C93 
 2555      575E8626 
 2555      3E82FB14 
 2555      8F
 2556 0a6f FD1A8FEA 		.ascii	"\375\032\217\352\200\036\215\252\307\267g\177l\326K"
 2556      801E8DAA 
 2556      C7B7677F 
 2556      6CD64B
 2557 0a7e 8D5A8FE6 		.ascii	"\215Z\217\346\372\306R\237\307\274I\361h\226=`\213M"
 2557      FAC6529F 
 2557      C7BC49F1 
 2557      68963D60 
 2557      8B4D
 2558 0a90 BC38D8F1 		.ascii	"\2748\330\361\224\227O\332\371\345\015\235u<\333a_\362"
 2558      94974FDA 
 2558      F9E50D9D 
 2558      753CDB61 
 2558      5FF2
 2559 0aa2 717DB304 		.ascii	"q}\263\004~\013@\007\230\3534\262\273jOLo\221\023S\013"
 2559      7E0B4007 
 2559      98EB34B2 
 2559      BB6A4F4C 
 2559      6F911353 
 2560 0ab7 7678F8B7 		.ascii	"vx\370\267\3414}\267}\310\241f\361\006\315!A\255\230"
 2560      E1347DB7 
 2560      7DC8A166 
 2560      F106CD21 
 2560      41AD98
 2561 0aca 1E8C7F26 		.ascii	"\036\214\177&\227\323\035\361\215\325\005\360\216\314"
 2561      97D31DF1 
 2561      8DD505F0 
 2561      8ECC
 2562 0ad8 3FB4BAC9 		.ascii	"?\264\272\311\306\336\305\030\265aG\002\374\\'v\365"
 2562      C6DEC518 
 2562      B5614702 
 2562      FC5C2776 
 2562      F5
 2563 0ae9 9F3E4EBF 		.ascii	"\237>N\277A\240\002\036~\370v\263/\352\003\010\223\016"
 2563      41A0021E 
 2563      7EF876B3 
 2563      2FEA0308 
 2563      930E
 2564 0afb 4CA64926 		.ascii	"L\246I&Ct\334\305\212\202i$[b\343\236\202\026\276\214"
 2564      4374DCC5 
 2564      8A826924 
ARM GAS  /tmp/ccVr2doo.s 			page 208


 2564      5B62E39E 
 2564      8216BE8C 
 2565 0b0f 4722C811 		.ascii	"G\"\310\021S\300\257}\034\0277s\346,\362o^F\246s\226"
 2565      53C0AF7D 
 2565      1C173773 
 2565      E62CF26F 
 2565      5E46A673 
 2566 0b24 2B73DEAC 		.ascii	"+s\336\254\324\014\327?\\\237\273\262\234\013g\316\343"
 2566      D40CD73F 
 2566      5C9FBBB2 
 2566      9C0B67CE 
 2566      E3
 2567 0b35 0CAEAC4C 		.ascii	"\014\256\254Lg\352B]j\346\207\363\240\370\314\220\351"
 2567      67EA425D 
 2567      6AE687F3 
 2567      A0F8CC90 
 2567      E9
 2568 0b46 CCFA2CF5 		.ascii	"\314\372,\365c\236\374\307\363\263\254\311\311\363S"
 2568      639EFCC7 
 2568      F3B3ACC9 
 2568      C9F353
 2569 0b55 B39C53B2 		.ascii	"\263\234S\262\322\026:9\375\347\316\324L\316\2600#="
 2569      D2163A39 
 2569      FDE7CED4 
 2569      4CCEB030 
 2569      233D
 2570 0b67 6B01A79B 		.ascii	"k\001\247\233\237\3729\247_\220\261(\2233.LK_\224\345"
 2570      9FFA39A7 
 2570      5F90B128 
 2570      93332E4C 
 2570      4B5F94E5 
 2571 0b7b E48C2EE7 		.ascii	"\344\214.\347\274\214\364\371\334\214E\351\037\245g"
 2571      BC8CF4F9 
 2571      DC8C45E9 
 2571      1FA567
 2572 0b8a FC2B5DCC 		.ascii	"\374+]\314\370$+-#]\234\232\344\232*fd\212i\351$i\332"
 2572      F8242B2D 
 2572      235D9C9A 
 2572      E49A2A66 
 2572      648A69E9 
 2573 0ba1 7C91948B 		.ascii	"|\221\224\213\234\264V\340R \375,H/\272\234YbV\206\230"
 2573      9CB456E0 
 2573      5220FD2C 
 2573      482FBA9C 
 2573      59625686 
 2574 0bb6 94327B51 		.ascii	"\2242{QrR\312k\254\020\241\230\343-\004.\364/\256\324"
 2574      7252CA6B 
 2574      AC10A198 
 2574      E32D042E 
 2574      F42FAED4 
 2575 0bca 0F9D73C4 		.ascii	"\017\235s\304$\2278\367\275?\377~\356\037\005N\230K"
 2575      249738F7 
 2575      BD3FFF7E 
 2575      EE1F054E 
 2575      984B
 2576 0bdc 7D5C7304 		.ascii	"}\\s\004\316.\212\311\311\013\234\037\177\362\212\230"
 2576      CE2E8AC9 
ARM GAS  /tmp/ccVr2doo.s 			page 209


 2576      C90B9C1F 
 2576      7FF28A98 
 2577 0bec BC40E01C 		.ascii	"\274@\340\034\"\371\274\227\231\226N2/Hs\211\320\"f"
 2577      22F9BC97 
 2577      99964E32 
 2577      2F487389 
 2577      D02266
 2578 0bff 39FF9D35 		.ascii	"9\377\2355S\340\242 \324;8H&\376\365w\177\020\270W@"
 2578      53E0A220 
 2578      D43B3848 
 2578      26FEF577 
 2578      7F10B857 
 2579 0c14 F327E8CB 		.ascii	"\363'\350\313\002\247\250\366\216u:\343\003\032H\272"
 2579      02A7A8F6 
 2579      8E753AE3 
 2579      031A48BA 
 2580 0c24 49624992 		.ascii	"IbI\222hj\220\341r\245\375\363c\232\303%\246f:IG\254"
 2580      686A90E1 
 2580      72A5FDF3 
 2580      639AC325 
 2580      A6663A49 
 2581 0c3a 22FD0031 		.ascii	"\"\375\0001\201\263\261\033\012N\340,\354\216\360\363"
 2581      81B3B11B 
 2581      0A4EE02C 
 2581      EC8EF0F3 
 2582 0c4a 860146DA 		.ascii	"\206\001F\332y\032Fizo\031T\201\373?\360$E\214"
 2582      791A4669 
 2582      7A6F1954 
 2582      81FB3FF0 
 2582      24458C
 2583              		.text
 2584              		.section	.gnu.lto_aosSysShutdownInit.8724139b4ff04bd4,"e",%progbits
 2585 0000 789C8D95 		.ascii	"x\234\215\225\341OSW\024\300\357\351}\357\365\025d\272"
 2585      E14F5357 
 2585      14C0EFE9 
 2585      7DEFF515 
 2585      64BA
 2586 0012 7DD81796 		.ascii	"}\330\027\226\330\016\023gL\012\321\017\373\270%\373"
 2586      D80E1367 
 2586      4C0AD10F 
 2586      FBB825FB 
 2587 0022 0FF60F98 		.ascii	"\017\366\017\230\016\232I2[\323vY\366\211[h-\250\303"
 2587      0E9A4932 
 2587      5BD37659 
 2587      F6895B68 
 2587      2DA8C3
 2588 0035 8C8C004B 		.ascii	"\214\214\000K\272\3265\204F\027\234n\270\350\006TDt"
 2588      BAD63584 
 2588      46179C6E 
 2588      B8E80654 
 2588      4474
 2589 0047 205095B2 		.ascii	" P\225\262M'(\012\012\024H\030\304\205m\260s\337\275"
 2589      4D27280A 
 2589      0A144818 
 2589      C4856DB0 
 2589      73DFBD
 2590 005a A5ED683A 		.ascii	"\245\355h:_\372z\357\3559\347\327\363{\357\266O'@\016"
ARM GAS  /tmp/ccVr2doo.s 			page 210


 2590      5FFA7AEF 
 2590      ED39E7D7 
 2590      F37BEFB6 
 2590      4F27400E 
 2591 006e 9A098911 		.ascii	"\232\011\211\021BN\340\011\026\002&\306\330\273f\277"
 2591      424EE009 
 2591      160226C6 
 2591      D8BB66BF 
 2592 007e 6ED2F4D4 		.ascii	"n\322\364\324\271T\211\306t\263\034\251\034\0259\252"
 2592      B95489C6 
 2592      74B31CA9 
 2592      1C1539AA 
 2593 008e 72D43271 		.ascii	"r\3242q\320\215ZP\344\304\257\253\3333m{f\336\236\351"
 2593      D08D5A50 
 2593      E4C4AFAB 
 2593      DB336D7B 
 2593      66DE9EE9 
 2594 00a2 00C68CE9 		.ascii	"\000\306\214\351@\352LTQ5\263\016up\206\266Q\030\010"
 2594      40EA4C54 
 2594      5135B30E 
 2594      757086B6 
 2594      511808
 2595 00b5 CD5D311D 		.ascii	"\315]1\035\350\3028K\264\365\275=\303\222\214F(!\035"
 2595      E8C2384B 
 2595      B4F5BD3D 
 2595      C3928C46 
 2595      28211D
 2596 00c8 788A03AE 		.ascii	"x\212\003\256\302\001Ll\334\032k*\245{\201\340\374R"
 2596      C2014C6C 
 2596      DC1A6B2A 
 2596      A57B81E0 
 2596      FC52
 2597 00da D370E5FE 		.ascii	"\323p\345\376N\306\352Yb0H\331\256\010\005\370\021("
 2597      4EC6EA59 
 2597      623048D9 
 2597      AE0805F8 
 2597      1128
 2598 00ec D6C0E172 		.ascii	"\326\300\341r\250*'\004?\301\312\237`?\341\3713\027"
 2598      A82A2704 
 2598      3FC1CA9F 
 2598      603FE1F9 
 2598      3317
 2599 00fe 375BCB34 		.ascii	"7[\3134EB\241\0274\274 \204\\\270\253&\330\346V\210"
 2599      4542A117 
 2599      34BC2084 
 2599      5CB8AB26 
 2599      D8E65688 
 2600 0112 2586A6A0 		.ascii	"%\206\246\240\345\213\207\366R\300B\023\302\214\302"
 2600      E58B87F6 
 2600      52C04213 
 2600      C28CC2
 2601 0121 53942457 		.ascii	"S\224$WW\267(\260\004!\247\251I,\374\270X\200\206dh"
 2601      57B728B0 
 2601      0421A7A9 
 2601      492CFCB8 
 2601      58808664 
 2602 0136 A9770438 		.ascii	"\251w\0048*L!L\271J*\372\264\325\334Ly3{\240\017\312"
ARM GAS  /tmp/ccVr2doo.s 			page 211


 2602      2A4C214C 
 2602      B94A2AFA 
 2602      B4D5DC4C 
 2602      79337BA0 
 2603 014c 491A0256 		.ascii	"I\032\002V\343\3130\030\216\337\336\262\004\240\336"
 2603      E3CB3018 
 2603      8EDFDEB2 
 2603      04A0DE
 2604 015b AF472836 		.ascii	"\257G(6\312\273\353\207\000\020\254\216P\205\314C(:"
 2604      CABBEB87 
 2604      0010AC8E 
 2604      5085CC43 
 2604      283A
 2605 016d BB62123C 		.ascii	"\273b\022<\016\233\276\376\367\031\265\342,3\216\270"
 2605      0E9BBEFE 
 2605      F719B5E2 
 2605      2C338EB8 
 2606 017d 4EF2AF09 		.ascii	"N\362\257\011&\234\034Y^\2036h\365+<D \001\025|\270"
 2606      269C1C59 
 2606      5E833668 
 2606      F52B3C44 
 2606      2001157C 
 2607 0192 869F6174 		.ascii	"\206\237at\371Is+5\312\375\211\315i5\310\202\260\203"
 2607      F949732B 
 2607      35CAFD89 
 2607      CD6935C8 
 2607      82B083
 2608 01a5 D0D37C2B 		.ascii	"\320\323|+X\306\011\001\306\254\0305z\206\001\301\271"
 2608      58C60901 
 2608      C6AC1835 
 2608      7A8601C1 
 2608      B9
 2609 01b6 2E38DF77 		.ascii	".8\337w\205{t\311\031\236W\261\223\035\230\323\323\227"
 2609      857B74C9 
 2609      199E57B1 
 2609      931D98D3 
 2609      D397
 2610 01c8 BB2C42DB 		.ascii	"\273,B\333\206\313\211\027\2437\224\\\352\015N\035\024"
 2610      86CB8917 
 2610      A337945C 
 2610      EA0D4E1D 
 2610      14
 2611 01d9 D421416D 		.ascii	"\324!AmK5i\022\272P\030\032\213\247\322\252\200\276"
 2611      4B356912 
 2611      BA50181A 
 2611      8BA7D2AA 
 2611      80BE
 2612 01eb 89CBAFE2 		.ascii	"\211\313\257\342s=y\255\336\342\320\233\002\372\263"
 2612      733D79AD 
 2612      DEE2D09B 
 2612      02FAB3
 2613 01fa 8036DDF9 		.ascii	"\2006\335\371\354\2172I\035X(HeC\227\306\345\035\252"
 2613      EC8F3249 
 2613      1D582848 
 2613      654397C6 
 2613      E51DAA
 2614 020d C0656743 		.ascii	"\300egC\377\305\274VG8uXPo\013\352\347c?\274'\241\367"
ARM GAS  /tmp/ccVr2doo.s 			page 212


 2614      FFC5BC56 
 2614      47387558 
 2614      506F0BEA 
 2614      E7633FBC 
 2615 0224 0B4317AF 		.ascii	"\013C\027\257\3749.\375\367\3412\335\375\365c5\027:"
 2615      FC392EFD 
 2615      F7E132DD 
 2615      FDF56335 
 2615      173A
 2616 0236 C6A1A302 		.ascii	"\306\241\243\002:\216P\3027\023}\324\033O\021c3=\007"
 2616      3A8E50C2 
 2616      37137DD4 
 2616      1B4F1163 
 2616      333D07
 2617 0249 7FF41F71 		.ascii	"\177\364\037q\353\215\213\237\006Zh\323\250\035\324"
 2617      EB8D8B9F 
 2617      065A68D3 
 2617      A81DD4
 2618 0258 848424DF 		.ascii	"\204\204$\3374\021\252\031\024\345<\376$\263\224\331"
 2618      3411AA19 
 2618      14E53CFE 
 2618      24B394D9 
 2619 0268 35411934 		.ascii	"5A\0314(\301\350\342\232\247\020\311\334A\261\177\270"
 2619      28C1E8E2 
 2619      9AA710C9 
 2619      DC41B17F 
 2619      B8
 2620 0279 C349186A 		.ascii	"\303I\030jnX\231\322y\377:\3747S\217Q\3418\371`(\011"
 2620      6E5899D2 
 2620      79FF3AFC 
 2620      37538F51 
 2620      E138F960 
 2621 028f 9D10C34D 		.ascii	"\235\020\303Md\201{X\010w\321\212G\256\2664~\253Uu\363"
 2621      64817B58 
 2621      0877D18A 
 2621      47AEB634 
 2621      7EAB5575 
 2622 02a4 5D8AB625 		.ascii	"]\212\266%0\201i\355T^\232\201\223'&K8\253\321\210\226"
 2622      308169ED 
 2622      545E9A81 
 2622      9327264B 
 2622      38ABD188 
 2623 02b9 420AAAC4 		.ascii	"B\012\252\304\257o\022\031\230p\266>\034\320loEX;\206"
 2623      AF6F1219 
 2623      9870B63E 
 2623      1CD06C6F 
 2623      45583B86 
 2624 02cd 77F1926F 		.ascii	"w\361\222oV7B\273yI\273QR\006\277\200M\224\374\212%"
 2624      563742BB 
 2624      7949BB51 
 2624      5206BF80 
 2624      4D94FC8A 
 2625 02e2 11FA8A21 		.ascii	"\021\372\212!\256\346\213\277X{\337\020\277)\305\377"
 2625      AEE68BBF 
 2625      587BDF10 
 2625      BF29C5FF 
 2626 02f2 2A2AFE9B 		.ascii	"**\376\233\024\377\177\323\373\305L\037\0245\375=c\372"
ARM GAS  /tmp/ccVr2doo.s 			page 213


 2626      14FF7FD3 
 2626      FBC54C1F 
 2626      1435FD3D 
 2626      63FA
 2627 0304 50982E9D 		.ascii	"P\230.\235[\233Pl\357\010\323\335\274d\344\332\345>"
 2627      5B9B506C 
 2627      EF08D3DD 
 2627      BC64E4DA 
 2627      E53E
 2628 0316 256BBA07 		.ascii	"%k\272\007\2462\246\3239\246Z\276il]\230\016K\323\256"
 2628      A632A6D3 
 2628      39A65ABE 
 2628      696C5D98 
 2628      0E4BD3AE 
 2629 032a F562A68F 		.ascii	"\365b\246\217^\332\364q1\323\231\242\246O2\246O\205"
 2629      5EDAF471 
 2629      31D399A2 
 2629      A64F32A6 
 2629      4F85
 2630 033c E944F7F9 		.ascii	"\351D\367\371^\213\355H\216i_\240\377K5\327t6c:\227"
 2630      5E8BED48 
 2630      8E695FA0 
 2630      FF4B35D7 
 2630      7436633A 
 2631 0351 636ACE37 		.ascii	"cj\3167\275 MG\245\351wEM\237\275\264\351\363b\246\363"
 2631      BD204D47 
 2631      A5E97745 
 2631      4D9FBDB4 
 2631      E9F362A6 
 2632 0366 454D1732 		.ascii	"EM\0272\246\213\302t\243\243\345\236\331V'L_\345%\241"
 2632      A68BC274 
 2632      A3A3E59E 
 2632      D956274C 
 2632      5FE525A1 
 2633 037a E0CA4669 		.ascii	"\340\312Fi\326\3645HgL\227rL\371s\221)\334\024\273\001"
 2633      D6F43548 
 2633      674C9772 
 2633      4CF97391 
 2633      29DC14BB 
 2634 038f F1D7BD0C 		.ascii	"\361\327\275\014\365\321g\353\207\214d~\234\242 \262"
 2634      F5D167EB 
 2634      878C647E 
 2634      9CA220B2 
 2635 039f F8C38790 		.ascii	"\370\303\207\2207\354\366J|U\273=\316J\257\247\272\322"
 2635      37ECF64A 
 2635      7C55BB3D 
 2635      CE4AAFA7 
 2635      BAD2
 2636 03b1 E1F61EF1 		.ascii	"\341\366\036\361~\352\3659\217\331\253\211\356=\372"
 2636      7EEAF539 
 2636      8FD9AB89 
 2636      EE3DFA
 2637 03c0 B1AFC6FD 		.ascii	"\261\257\306\375\211\353u\217\323\353sx|\265\256\017"
 2637      89EB758F 
 2637      D3EB7378 
 2637      7CB5AE0F 
 2638 03d0 AD326AB7 		.ascii	"\2552j\267\227\220\275\231\270\325\347\266\036\255\375"
ARM GAS  /tmp/ccVr2doo.s 			page 214


 2638      9790BD99 
 2638      B8D5E7B6 
 2638      1EADFD
 2639 03df C0E97139 		.ascii	"\300\351q9|N\3531w\215sg\274\306\351<\356\375\010\337"
 2639      7C4EEB31 
 2639      778D7367 
 2639      BCC6E93C 
 2639      EEFD08DF 
 2640 03f3 B2F17DB9 		.ascii	"\262\361}\271q\237\307\341\362\036w{|\016_\255\333\225"
 2640      719FC7E1 
 2640      F21E777B 
 2640      7C0E5FAD 
 2640      DB95
 2641 0405 4DFA178F 		.ascii	"M\372\027\217\231\233\342"
 2641      999BE2
 2642              		.text
 2643              		.section	.gnu.lto_aosSysStop.8724139b4ff04bd4,"e",%progbits
 2644 0000 789C7D50 		.ascii	"x\234}PMK\033Q\024\275\347\3357\231\211\350/H)n\263"
 2644      4D4B1B51 
 2644      14BDE7DD 
 2644      379989E8 
 2644      2F48296E 
 2645 0015 49A42BC1 		.ascii	"I\244+\301\215\177\241\376\201R\202K\021\214\033W>\223"
 2645      8D7FA1FE 
 2645      8152824B 
 2645      118C1B57 
 2645      3E93
 2646 0027 5885D8A4 		.ascii	"X\205\330\244\004j\232\205L\250\210\026$\352\322\357"
 2646      046A9A85 
 2646      4CA88816 
 2646      24EAD2EF 
 2647 0037 F17BE342 		.ascii	"\361{\343B\244\324\205X\212\245BKh\3542\012\023\337"
 2647      A4D48558 
 2647      8AA5424B 
 2647      68EC320A 
 2647      13DF
 2648 0049 9B8CA594 		.ascii	"\233\214\245\224\322\307\0338o\356=\347\334{\034\002"
 2648      D2C71B38 
 2648      6FEE3DE7 
 2648      DC7B1C02 
 2649 0059 DD83E829 		.ascii	"\335\203\350)\021=\327\037\"\004\241\224\352\267'\034"
 2649      113DD71F 
 2649      2204A194 
 2649      EAB7271C 
 2650 0069 0119220E 		.ascii	"\001\031\"\016\321\236#\005\237\337\336\365J\325a\325"
 2650      D19E2305 
 2650      9FDFDEF5 
 2650      4AD561D5 
 2651 0079 8A93B654 		.ascii	"\212\223\266T\235\026\020\324\224\003\032\027,-\214"
 2651      9D1610D4 
 2651      94031A17 
 2651      2C2D8C
 2652 0088 0B49BF4F 		.ascii	"\013I\277O\221\313\214\375\251\233u\021_\324}\312+\317"
 2652      91CB8CFD 
 2652      A99B7511 
 2652      5FD47DCA 
 2652      2BCF
ARM GAS  /tmp/ccVr2doo.s 			page 215


 2653 009a F65DAB33 		.ascii	"\366]\2533\305.\023U\370\261\015\033\210\023\351\326"
 2653      C52E1355 
 2653      F8B10D1B 
 2653      8813E9D6 
 2654 00aa EB35FF6D 		.ascii	"\3535\377mWD\206%l\232\2014X9\267<\345\267\246\224w"
 2654      57448625 
 2654      6C9A8134 
 2654      5839B73C 
 2654      E5B7A694 
 2655 00bf 5347E963 		.ascii	"SG\351c#i\203\\\326\225<\323\355\335R/\224g\260\010"
 2655      2369835C 
 2655      D6953CD3 
 2655      EDDD522F 
 2655      9467B008 
 2656 00d3 7056E319 		.ascii	"pV\343\031\346\342\344\305\011\007\217:r\325E\177 P"
 2656      E6E2E4C5 
 2656      09078F3A 
 2656      72D5457F 
 2656      2050
 2657 00e5 D31E734B 		.ascii	"\323\036sK\247\255h\016\231\011\307eQ1*\330B\016\246"
 2657      A7AD680E 
 2657      9909C765 
 2657      51312AD8 
 2657      420EA6
 2658 00f8 F4EAE8CD 		.ascii	"\364\352\350\315fWA\017\307\020\330F\314e\251\331\331"
 2658      6657410F 
 2658      C710D846 
 2658      CC65A9D9 
 2658      D9
 2659 0109 EA075FFC 		.ascii	"\352\007_\374\213mUXh\366\216a\273\034!\343k\242R2\360"
 2659      8B6D5558 
 2659      68F68E61 
 2659      BB1C21E3 
 2659      6BA25232 
 2660 011e FD81CCD6 		.ascii	"\375\201\314\326\367\372\3252\014w\216\241\331\205l"
 2660      F7FAD532 
 2660      0C778EA1 
 2660      D9856C
 2661 012d E3B3630C 		.ascii	"\343\263c\014l\374-f\317\233\235\365\317O\227\307gX"
 2661      6CFC2D66 
 2661      CF9B9DF5 
 2661      CF4F97C7 
 2661      6758
 2662 013f C03C5C76 		.ascii	"\300<\\v\340im\354\"\026T6J\323\253\221\236\232q\350"
 2662      E0696DEC 
 2662      22165436 
 2662      4AD3AB91 
 2662      9E9A71E8 
 2663 0153 76398A3D 		.ascii	"v9\212=\335\366\256\235\324>z\350\033rW\007\247\177"
 2663      DDF6AE9D 
 2663      D43E7AE8 
 2663      1B725707 
 2663      A77F
 2664 0165 B82DE4DF 		.ascii	"\270-\344\337\267\327\211\352u\016\214H0\242\365\353"
 2664      B7D789EA 
 2664      750E8C48 
 2664      30A2F5EB 
ARM GAS  /tmp/ccVr2doo.s 			page 216


 2665 0175 312693CC 		.ascii	"1&\223\314W\377\331\177\2229\014\223\361\276\274nr;"
 2665      57FFD97F 
 2665      92390C93 
 2665      F1BEBC6E 
 2665      723B
 2666 0187 991670D4 		.ascii	"\231\026p\324\216\346'2\325f\030\2159yF \235\361\314"
 2666      8EE62732 
 2666      D566188D 
 2666      39794620 
 2666      9DF1CC
 2667 019a EB492291 		.ascii	"\353I\"\221\32475<2\230L\217\244\222/\207\323/\322c"
 2667      D437353C 
 2667      32984C8F 
 2667      A4922F87 
 2667      D32FD263 
 2668 01ae E9D1C1A1 		.ascii	"\351\321\301\241D\212\036\000\010\343\273\377"
 2668      448A1E00 
 2668      08E3BBFF 
 2669              		.text
 2670              		.section	.gnu.lto_aosSysDeinit.8724139b4ff04bd4,"e",%progbits
 2671 0000 789C454D 		.ascii	"x\234EM1\017\301`\024\274\373\276\242\213\177\200\335"
 2671      310FC160 
 2671      14BCFBBE 
 2671      A28B7F80 
 2671      DD
 2672 0011 D226FE00 		.ascii	"\322&\376\000\377D\2441\212D-&\217\245C%\022\"\215\211"
 2672      FF44A431 
 2672      8A442D26 
 2672      8FA54325 
 2672      12228D89 
 2673 0025 CD28462C 		.ascii	"\315(F,\215_ b0\033\214V[\371Z\022\227w\311\273\334"
 2673      8D5F2062 
 2673      301B8C56 
 2673      5BF95A12 
 2673      9777C9BB 
 2674 003a DD7B3688 		.ascii	"\335{6\2109\200\212a\331\220\032T\"\322(\214lEf\233"
 2674      39808A61 
 2674      D9901A54 
 2674      22D2288C 
 2674      6C45669B 
 2675 004e D8C45071 		.ascii	"\330\304Pq\310\251\2164O\301c\257\252\033\343H\034\335"
 2675      C8A98E34 
 2675      4FC163AF 
 2675      AA1BE348 
 2675      1CDD
 2676 0060 EA77398B 		.ascii	"\352w9\213^i`i\370\005\017\254\002&z\337%\213b\336\372"
 2676      5E696069 
 2676      F8050FAC 
 2676      02267ADF 
 2676      258B62DE 
 2677 0075 593C326F 		.ascii	"Y<2o\276\001\333K.\226\344\035H\374L8\273\276\\\005"
 2677      BE01DB4B 
 2677      2E96E41D 
 2677      48FC4C38 
 2677      BBBE5C05 
 2678 0089 841AE945 		.ascii	"\204\032\351E\213\022\003\023\255\276bd\304\223\343"
 2678      8B120313 
ARM GAS  /tmp/ccVr2doo.s 			page 217


 2678      ADBE6264 
 2678      C493E3
 2679 0098 F5F15DCB 		.ascii	"\365\361]\313\332)B\315\177\022(9\216k\306\353\366\332"
 2679      DA2942CD 
 2679      7F122839 
 2679      8E6BC6EB 
 2679      F6DA
 2680 00aa AEDFF3DC 		.ascii	"\256\337\363\334V\327o\372\003\277\337\3568\036>\376"
 2680      56D76FFA 
 2680      03BFDFEE 
 2680      381E3EFE 
 2681 00ba F23E86   		.ascii	"\362>\206"
 2682              		.text
 2683              		.section	.gnu.lto_aosSysShutdownToBootloader.8724139b4ff04bd4,"e",%progbits
 2684 0000 789C9D55 		.ascii	"x\234\235UkP\033U\024\276g\357f\263\201\000m\265V\245"
 2684      6B501B55 
 2684      14BE67EF 
 2684      66B38100 
 2684      6DB556A5 
 2685 0014 DA607FD4 		.ascii	"\332`\177\324\372 8u\034\307_VFg:#\323\031\360\177'"
 2685      FA203875 
 2685      1CC75F56 
 2685      46673A23 
 2685      D319F07F 
 2686 0029 84289992 		.ascii	"\204(\231\222\244&\251\332_] <\002\265t|LA\007\022\205"
 2686      A426A9DA 
 2686      5F5D203C 
 2686      02B5747C 
 2686      4C410712 
 2687 003e 5850076B 		.ascii	"XP\007kku\344\231\002\005A\004\354\203\322BK\012R\250"
 2687      6B75E499 
 2687      02054104 
 2687      EC83D242 
 2687      4B0A52A8 
 2688 0052 C476F047 		.ascii	"\304v\360G\025\037\340\271w\003\004J\231\216;\331\315"
 2688      151FE0B9 
 2688      7703044A 
 2688      998E3BD9 
 2688      CD
 2689 0063 DD73CFF9 		.ascii	"\335s\317\371\316w^we\002\344\242D\310?\204\220\275"
 2689      CE775E77 
 2689      6502E4A2 
 2689      44C83F84 
 2689      90BD
 2690 0075 78834C40 		.ascii	"x\203L@P\024\345Em\256,\010\264(4l\020\225\030i\326"
 2690      5014E545 
 2690      6DAE2C08 
 2690      B428346C 
 2690      10951869 
 2691 008a 57B34554 		.ascii	"W\263ET\364T\020\303\325\32762\311\007#UO\240D\0244"
 2691      F45410C3 
 2691      D5D73632 
 2691      C9072355 
 2691      4FA04414 
 2692 009f A8CD75D4 		.ascii	"\250\315u\324\177\275\006\264\334\036\244\310\"W\326"
 2692      7FBD06B4 
 2692      DC1EA4C8 
ARM GAS  /tmp/ccVr2doo.s 			page 218


 2692      2257D6
 2693 00ae 02F09522 		.ascii	"\002\360\225\"\0039(PQ#i\341 \224\321\243\024\332\212"
 2693      03392850 
 2693      512369E1 
 2693      2094D1A3 
 2693      14DA8A
 2694 00c1 AE7F2F6C 		.ascii	"\256\177/l?\206\333J\360h\325c\343\312\200B}\224\220"
 2694      3F86DB4A 
 2694      F068D563 
 2694      E3CA8042 
 2694      7D9490
 2695 00d4 0ABCD50B 		.ascii	"\012\274\325\013\032`;*\026\317\367yc\351\026 \270>"
 2695      1A603B2A 
 2695      16CFF779 
 2695      63E91620 
 2695      B83E
 2696 00e6 E1ED316E 		.ascii	"\341\3551n\013(J\236\022\354(\244\212\336G\001\032\201"
 2696      0B284A9E 
 2696      12EC28A4 
 2696      8ADE4701 
 2696      1A81
 2697 00f8 A20DEC48 		.ascii	"\242\015\354H\204\224DBP\202\226M\260\2150\375\261\257"
 2697      84944442 
 2697      5082964D 
 2697      B08D30FD 
 2697      B1AF
 2698 010a E73E8C93 		.ascii	"\347>\214\223\304\010(4#\265eR\324]\256&D\013<\214\234"
 2698      C4082834 
 2698      23B56552 
 2698      D45DAE26 
 2698      440B3C8C 
 2699 011f BFBA2B83 		.ascii	"\277\272+\203[\362\315(e\010\"Z+H\313\205\247Q\330\302"
 2699      5BF2CD28 
 2699      6508225A 
 2699      2B48CB85 
 2699      A751D8C2 
 2700 0133 84D0862B 		.ascii	"\204\320\206+D\373\352\254&\250\314\315\027)\301N/\274"
 2700      44FBEAAC 
 2700      26A8CCCD 
 2700      1729C14E 
 2700      2FBC
 2701 0145 7FFEF6F3 		.ascii	"\177\376\366\363\011\200$\005\001\037\224\262\207\004"
 2701      09802405 
 2701      011F94B2 
 2701      8704
 2702 0153 8CAE8C4B 		.ascii	"\214\256\214KQ\207\017\015!\245\224||sn\236\202\022"
 2702      51870F0D 
 2702      21A5947C 
 2702      7C736E9E 
 2702      8212
 2703 0165 24E41015 		.ascii	"$\344\020\025\324\227||\011C\276\377\217\216\035\214"
 2703      D4977C7C 
 2703      0943BEFF 
 2703      8F8E1D8C 
 2704 0175 0EF35A59 		.ascii	"\016\363ZY\333;\257\363@^\256\354\243\310\017\203\204"
 2704      DB3BAFF3 
 2704      405EAEEC 
ARM GAS  /tmp/ccVr2doo.s 			page 219


 2704      A3C80F83 
 2704      84
 2705 0186 76F0307C 		.ascii	"v\3600|-\371\025\362\232n\324\315\324\010L\271\222\262"
 2705      2DF915F2 
 2705      9A6ED4CD 
 2705      D4084CB9 
 2705      92B2
 2706 0198 B80FE7DF 		.ascii	"\270\017\347\337\272*\037\306,\313<\231-\3374\215K\352"
 2706      BA2A1FC6 
 2706      2CCB3C99 
 2706      2DDF348D 
 2706      4BEA
 2707 01aa 6B301F5D 		.ascii	"k0\037]\241(\034\370\267B\037\200\352\\VR\037\325\301"
 2707      A1281CF8 
 2707      B7421F80 
 2707      EA5C5652 
 2707      1FD5C1
 2708 01bd 1948840E 		.ascii	"\031H\204\016H\3441\316\372\313\302q)\365\312\021\276"
 2708      48E431CE 
 2708      FACBC271 
 2708      29F5CA11 
 2708      BE
 2709 01ce 17039D10 		.ascii	"\027\003\235\020\200r5\261]\220B&\3003\332\376\354\222"
 2709      807235B1 
 2709      5D904226 
 2709      C033DAFE 
 2709      EC92
 2710 01e0 B76E6FCD 		.ascii	"\267no\315\014\207\217\201^\317)\257\010?0\034\302\""
 2710      0C878F81 
 2710      5ECF29AF 
 2710      083F301C 
 2710      C222
 2711 01f2 A233A7AE 		.ascii	"\2423\247\256\024\010,\"\3404?\237\3713BSXA\302\377"
 2711      14082C22 
 2711      E0343F9F 
 2711      F9334253 
 2711      5841C2FF 
 2712 0206 194BD45A 		.ascii	"\031K\324Z<b\241\233\363\210\224\362\323\223C_\306\253"
 2712      3C62A19B 
 2712      F38894F2 
 2712      D393435F 
 2712      C6AB
 2713 0218 9BFEBF04 		.ascii	"\233\376\277\004\037\325C\017\244\224\363\272\302\217"
 2713      1FD5430F 
 2713      A494F3BA 
 2713      C28F
 2714 0226 0B2CFB4A 		.ascii	"\013,\373J&3\227\374}\353\375\255N\307\210\352\001\240"
 2714      263397FC 
 2714      7DEBFDAD 
 2714      4EC788EA 
 2714      01A0
 2715 0238 7791A438 		.ascii	"w\221\2448\335<7Dx\3329\311/\026I\322\377A\362\247\265"
 2715      DD3C3744 
 2715      78DA39C9 
 2715      2F1649D2 
 2715      FF41F2A7 
 2716 024d 49F63192 		.ascii	"I\3661\222,\227\320\257\222\234j\037,\351z}\311\337"
ARM GAS  /tmp/ccVr2doo.s 			page 220


 2716      2C97D0AF 
 2716      929C6A1F 
 2716      2CE97A7D 
 2716      C9DF
 2717 025f 62EDF440 		.ascii	"b\355\364@``\221\244\346vU\353S\221\326\020Wk\213\270"
 2717      606091A4 
 2717      E67655EB 
 2717      5391D610 
 2717      576B8BB8 
 2718 0273 0A2A22EA 		.ascii	"\012*\"\352\317\254-*\251\344\243\361\334N\012\364\267"
 2718      CFAC2D2A 
 2718      A9E4A3F1 
 2718      DC4E0AF4 
 2718      B7
 2719 0284 9E5BE8A9 		.ascii	"\236[\350\251\002\377\337\235\031\253\031'T\260v\204"
 2719      02FFDF9D 
 2719      19AB1927 
 2719      54B07684 
 2720 0294 B3CC389A 		.ascii	"\263\3148\232\303:X\251\271\256\232\252\241\015\016"
 2720      C33A58A9 
 2720      B9AE9AAA 
 2720      A10D0E
 2721 02a3 770E60A8 		.ascii	"w\016`\250\325\340\243\353\341<\032\302\271HF\032\336"
 2721      D5E0A3EB 
 2721      E13C1AC2 
 2721      B948461A 
 2721      DE
 2722 02b4 2B3E2E61 		.ascii	"+>.a\320jkm\200\013<#\242j\326VR8\030\303\260\212\371"
 2722      D06A6B6D 
 2722      800B3C23 
 2722      A26AD656 
 2722      523818C3 
 2723 02cb EE7D3008 		.ascii	"\356}0\010)\234\021\\D\014T\250\252;\344\245I\217\373"
 2723      299C115C 
 2723      440C54A8 
 2723      AA3BE4A5 
 2723      498FFB
 2724 02de 9472DCBE 		.ascii	"\224r\334\276\237\231\334j\366\027h\231I97\331\010C"
 2724      9F99DC6A 
 2724      F6176899 
 2724      493937D9 
 2724      0843
 2725 02f0 90A49A5C 		.ascii	"\220\244\232\\B\023\037}\200\227m\266\241}\344$]6\343"
 2725      42131F7D 
 2725      80976DB6 
 2725      A17DE424 
 2725      5D36E3
 2726 0303 D21D331E 		.ascii	"\322\0353\036*\035]\2770\344+\346y\030\247\3702\237"
 2726      2A1D5DBF 
 2726      30E42BE6 
 2726      7918A7F8 
 2726      329F
 2727 0315 E711560A 		.ascii	"\347\021V\0129:\015\233\356)\015\017\302U\226\206+w"
 2727      393A0D9B 
 2727      EE290D0F 
 2727      C2559686 
 2727      2B77
ARM GAS  /tmp/ccVr2doo.s 			page 221


 2728 0327 A62134FD 		.ascii	"\246!4\375\356\206\306\347p\356a\224\347B\303\335\021"
 2728      EE86C6E7 
 2728      70EE6194 
 2728      E742C3DD 
 2728      11
 2729 0338 08610B30 		.ascii	"\010a\0130\356:\325\247.\332\247\310}\006/\037\277\024"
 2729      EE3AD5A7 
 2729      2EDAA7C8 
 2729      7D062F1F 
 2729      BF14
 2730 034a AFC23F84 		.ascii	"\257\302?\204\244\340Z\004\274\376\273c\375K]\3670\214"
 2730      A4E05A04 
 2730      BCFEBB63 
 2730      FD4B5DF7 
 2730      308C
 2731 035c 715C2982 		.ascii	"q\\)\202;\216\270a(40Xl\006\335\275\025\361\227\273"
 2731      3B8EB861 
 2731      28343058 
 2731      6C06DDBD 
 2731      15F197BB 
 2732 0370 1491278D 		.ascii	"\024\221'\215\025rb\315B^_(\344\244Z\310\3023G\032\343"
 2732      157262CD 
 2732      425E5F28 
 2732      E4A45AC8 
 2732      C233471A 
 2733 0385 58248920 		.ascii	"X$\211 \300\024NLr\242\217n&\323\220;6Y\326\324\003"
 2733      C0144E4C 
 2733      72A28F6E 
 2733      26D3903B 
 2733      3659D6D4 
 2734 039a ECDCC46C 		.ascii	"\354\334\304l\223 S\256mi\237\320'u\203Z\366G\230\203"
 2734      932053AE 
 2734      6D699FD0 
 2734      2775835A 
 2734      F6479883 
 2735 03ae DFEB4F5C 		.ascii	"\337\353O\\\210\025q\236\341\006$\021v\200\210\354X"
 2735      8815719E 
 2735      E1062411 
 2735      768088EC 
 2735      58
 2736 03bf 0C052A1B 		.ascii	"\014\005*\0336\261\323w\225sQ\313\216j\002\323\013G"
 2736      36B1D377 
 2736      957351CB 
 2736      8E6A02D3 
 2736      0B47
 2737 03d1 231B00F6 		.ascii	"#\033\000\366\205RD>\000S\300s\372Q\276\347t\302\326"
 2737      8552443E 
 2737      0053C073 
 2737      FA51BEE7 
 2737      74C2D6
 2738 03e4 4F147ED5 		.ascii	"O\024~\325\262\363x\331\307(\014[\311M\310\013y\303"
 2738      B2F378D9 
 2738      C7280C5B 
 2738      C94DC80B 
 2738      79C3
 2739 03f6 6FF278D8 		.ascii	"o\362x\330UJA\205\311\013\262\327\315\311\311F\374\231"
 2739      554A4185 
ARM GAS  /tmp/ccVr2doo.s 			page 222


 2739      C90BB2D7 
 2739      CDC9C946 
 2739      FC99
 2740 0408 1D4E8BD1 		.ascii	"\035N\213\321\3454\033M\016\327\036\327\001\227\333"
 2740      E5341B4D 
 2740      0ED71ED7 
 2740      0197DB
 2741 0417 624B3613 		.ascii	"bK6\023\331\225\275\337\235\345x\333\376\314\313\351"
 2741      D995BDDF 
 2741      9DE578DB 
 2741      FECCCBE9 
 2742 0427 E9BBD35F 		.ascii	"\351\273\323_0\354L\263\246;\236~\351\325\327\014V\273"
 2742      30EC4CB3 
 2742      A63B9E7E 
 2742      E9D5D70C 
 2742      56BB
 2743 0439 D961DB67 		.ascii	"\331a\333gr[3s,\006\207\323`w\270\015\246\267L\326\034"
 2743      725B3373 
 2743      2C0687D3 
 2743      6077B80D 
 2743      A6B74CD6 
 2744 044e 130A9262 		.ascii	"\023\012\222b\310\243Q\270\250\313q\255\016\227\333"
 2744      C8A351B8 
 2744      A8CB71AD 
 2744      0E97DB
 2745 045d 6931D992 		.ascii	"i1\331\222\263\311+\352\366^\213\323n\3111\246f[3\255"
 2745      B3C92BEA 
 2745      F65E8BD3 
 2745      6EC931A6 
 2745      665B33AD 
 2746 0471 BB338C0E 		.ascii	"\2733\214\016\027\032\330l\016\273\321\362\216\333\270"
 2746      171AD86C 
 2746      0EBBD1F2 
 2746      8EDBB8
 2747 0480 333DCD98 		.ascii	"3=\315\230\232\226\261+\303\230\312Pv\331\3159\373\263"
 2747      9A96B12B 
 2747      C398CA50 
 2747      76D9CD39 
 2747      FBB3
 2748 0492 2C46B3CD 		.ascii	",F\263\315eu\355y\303lF\030\331\274\317e\3152X\211\326"
 2748      6575ED79 
 2748      C36C4618 
 2748      D9BCCF65 
 2748      CD325889 
 2749 04a7 66B1399C 		.ascii	"f\2619\234\007\310\223w\303u\272\031\015\025 \033\003"
 2749      07C89377 
 2749      C375BA19 
 2749      0D15201B 
 2749      03
 2750 04b8 44E3FF00 		.ascii	"D\343\377\000\312\317\227\300"
 2750      CACF97C0 
 2751              		.text
 2752              		.section	.gnu.lto_aosSysGetStdGpioCallback.8724139b4ff04bd4,"e",%progbits
 2753 0000 789C458E 		.ascii	"x\234E\216\275J\003Q\020\205\317\271w\215\253\350\023"
 2753      BD4A0351 
 2753      1085CFB9 
 2753      778DABE8 
ARM GAS  /tmp/ccVr2doo.s 			page 223


 2753      13
 2754 0011 44259590 		.ascii	"D%\225\220f\267\266\363MD\226\224\022\310\332XevYTT"
 2754      66B7B6F3 
 2754      4D449694 
 2754      12C8DA58 
 2754      65765954 
 2755 0026 54341253 		.ascii	"T4\022S\304\025,\264\013\202\215\277,\010\202\222J0"
 2755      C4152CB4 
 2755      0B828DBF 
 2755      2C088292 
 2755      4A30
 2756 0038 A5850F60 		.ascii	"\245\205\017`cc\2258W\013\207;p\277\341\314\307\370"
 2756      63639538 
 2756      570B873B 
 2756      70BFE1CC 
 2756      C7F8
 2757 004a 20DE00CC 		.ascii	" \336\000\314i\317j\323\202FD\026\307\023\337\220\277"
 2757      69CF6AD3 
 2757      82464416 
 2757      C713DF90 
 2757      BF
 2758 005b 3FF189A6 		.ascii	"?\361\211\246a\223{\266m\371\236v\277\247vm\256AO\261"
 2758      61937BB6 
 2758      6DF99E76 
 2758      BFA7766D 
 2758      AE414FB1 
 2759 006f F572F53C 		.ascii	"\365r\365<\351\220\254(f\203\223k\257z.\222J\321>\230"
 2759      E990AC28 
 2759      6683936B 
 2759      AF7A2E92 
 2759      4AD13E98 
 2760 0083 FF7A5CDF 		.ascii	"\377z\\\337\332gn\015:\232\277e\2317,\303\025\357X\005"
 2760      DA676E0D 
 2760      3A9ABF65 
 2760      99372CC3 
 2760      15EF5805 
 2761 0097 74E3E372 		.ascii	"t\343\343rx4]\362\\\300\215\357Y\322\223\200\336\353"
 2761      78345DF2 
 2761      5CC08DEF 
 2761      59D29380 
 2761      DEEB
 2762 00a9 5821C3D1 		.ascii	"X!\303\321\206\024\203c\036\266\236\026\014\260m\241"
 2762      86148363 
 2762      1EB69E16 
 2762      0CB06DA1 
 2763 00b9 07894729 		.ascii	"\007\211G)\200\035k\376 Q\370dz\332\353\237Y\267\256"
 2763      801D6BFE 
 2763      2051F864 
 2763      7ADAEB9F 
 2763      59B7AE
 2764 00cc CEEE457F 		.ascii	"\316\356E\1774\2211M6E*\271\265\035\253J>0sf\325\360"
 2764      3491314D 
 2764      36452AB9 
 2764      B51DAB4A 
 2764      3E307366 
 2765 00e2 5F03CC04 		.ascii	"_\003\314\004A\250/\2527ja\334\210\302\345z\274\024"
 2765      41A82FAA 
ARM GAS  /tmp/ccVr2doo.s 			page 224


 2765      376A61DC 
 2765      88C2E57A 
 2765      BC14
 2766 00f4 AFC5ABB5 		.ascii	"\257\305\253\265\225 \302\017\035\240R\364"
 2766      9520C20F 
 2766      1DA052F4 
 2767              		.text
 2768              		.section	.gnu.lto_.symbol_nodes.8724139b4ff04bd4,"e",%progbits
 2769 0000 789C7598 		.ascii	"x\234u\230mW\024G\026\307\253\352\302\360\244\014\003"
 2769      6D571447 
 2769      16C7ABEA 
 2769      C2F0A40C 
 2769      03
 2770 0011 EDA868C4 		.ascii	"\355\250h\304\020\242y01\306\230\230\030\215\311\272"
 2770      10A27930 
 2770      31C69898 
 2770      188DC9BA 
 2771 0021 1F61BF80 		.ascii	"\037a\277\200\273g\367\034\367\234}\271{\2169'\205c"
 2771      BB67F71C 
 2771      F79C7DB9 
 2771      7B8E3927 
 2771      8563
 2772 0033 9344D728 		.ascii	"\223D\327(Dq\011\033Q\207\021\020\"\270*\212Oq\031\333"
 2772      4471091B 
 2772      51871110 
 2772      22B82A8A 
 2772      4F7119DB 
 2773 0047 A0CB938A 		.ascii	"\240\313\223\212\200J\242\3160(\242\242\022EA\321\255"
 2773      804AA2CE 
 2773      3028A2A2 
 2773      124541D1 
 2773      AD
 2774 0058 BA3DD353 		.ascii	"\272=\323S\236\324\314\233\373\273\367\177\357\255\352"
 2774      9ED4CC9B 
 2774      FBBBF77F 
 2774      EFADEA
 2775 0067 EEAAEA86 		.ascii	"\356\252\352\206TB\311\037\246\020B\330\011\312Y\241"
 2775      5442C91F 
 2775      A61042D8 
 2775      09CA59A1 
 2776 0077 F825D1E2 		.ascii	"\370%\321\342\016B8!\207\013\233\013]B\026\277\344\177"
 2776      0E423821 
 2776      870B9B0B 
 2776      5D4216BF 
 2776      E47F
 2777 0089 C207B3A5 		.ascii	"\302\007\263\245\335\010\2440\237\020`\003\214\303\013"
 2777      DD08A430 
 2777      9F106003 
 2777      8CC30B
 2778 0098 D94D3BE2 		.ascii	"\331M;\342\331\337\001\303\354r\240\322\262\020\343"
 2778      D9DF01C3 
 2778      EC72A0D2 
 2778      B210E3
 2779 00a7 490993CF 		.ascii	"I\011\223\3173X\223/\263:)ON4\001v\203q\222\260E\027"
 2779      3358932F 
 2779      B33A294F 
 2779      4E340176 
ARM GAS  /tmp/ccVr2doo.s 			page 225


 2779      837192B0 
 2780 00bd 4BC25925 		.ascii	"K\302Y%w\263\3056\\`\013\355y^g\334\225\250\216\015"
 2780      77B3C536 
 2780      5C600BED 
 2780      795E67DC 
 2780      95A88E0D 
 2781 00d1 024F5145 		.ascii	"\002OQEz\330l.\234\035\025o\002O=;2\362\034t\342\317"
 2781      7AD86C2E 
 2781      9C1D156F 
 2781      024F3D3B 
 2781      32F21C74 
 2782 00e7 8CA7DD1B 		.ascii	"\214\247\335\033\257Y\034\353z\244\360\323\250\362\013"
 2782      AF591CEB 
 2782      7AA4F0D3 
 2782      A8F20B
 2783 00f6 E3E9AA52 		.ascii	"\343\351\252R\356(a\3063^\230\212SD\213\201Oz\036\375"
 2783      EE2861C6 
 2783      335E988A 
 2783      53448B81 
 2783      4F7A1EFD 
 2784 010a E5A14C48 		.ascii	"\345\241LH\341\216\345\242\250\237\361\311\332\201h"
 2784      E18EE5A2 
 2784      A89FF1C9 
 2784      DA8168
 2785 0119 0970AAAF 		.ascii	"\011p\252\257\2110\236\231\360^U\300\233\370l\266\303"
 2785      89309E99 
 2785      F05E55C0 
 2785      9BF86CB6 
 2785      C3
 2786 012a 3CB43BE0 		.ascii	"<\264;\340u\264;\341\015\264~\230\213\266\022^C\033"
 2786      75B43BE1 
 2786      0DB47E98 
 2786      8BB6125E 
 2786      431B
 2787 013c 8057D1EE 		.ascii	"\200W\321\356\2029h\253\340\025\264\325P\200\266\006"
 2787      823968AB 
 2787      E015B4D5 
 2787      5080B606 
 2788 014c 5E46BB1B 		.ascii	"^F\273\033\362\321\326B\036\332:\230\215\366\007x\011"
 2788      F2D1D642 
 2788      1EDA3A98 
 2788      8DF60778 
 2788      09
 2789 015d ED1E9885 		.ascii	"\355\036\230\205\3661\233\201v\214\315D;\316\246\243"
 2789      F6319B81 
 2789      768CCD44 
 2789      3BCEA6A3 
 2790 016d 7DC272D1 		.ascii	"}\302r\321>eS\321N\260ih\237\261)h\2373/\332B\310A\273"
 2790      3E6553D1 
 2790      4EB06968 
 2790      9FB12968 
 2790      9F332FDA 
 2791 0185 060CB43E 		.ascii	"\006\014\264>\360\240]\013\331hMp\243-\202,\264_\302"
 2791      F0A05D0B 
 2791      D9684D70 
 2791      A32D822C 
 2791      B45FC2
ARM GAS  /tmp/ccVr2doo.s 			page 226


 2792 0198 64B45F41 		.ascii	"d\264_A&\332z\310@\333\000\223\320\356\2054\264\377"
 2792      26DA7AC8 
 2792      40DB0093 
 2792      D0EE8534 
 2792      B4FF
 2793 01aa 8174B4FB 		.ascii	"\201t\264\373 \005\355~HE{\000\222\3216\202\013m\010"
 2793      2005ED7E 
 2793      48457B00 
 2793      92D13682 
 2793      0B6D08
 2794 01bd 3E942B8B 		.ascii	">\224+\213$\207\341#\033\372a\211\015\021\370\030\201"
 2794      2487E123 
 2794      1BFA6189 
 2794      0D11F818 
 2794      81
 2795 01ce 0D32EED6 		.ascii	"\0152\356\326?\351\344\255\260\024\333\364\260w\355"
 2795      3FE9E4AD 
 2795      B014DBF4 
 2795      B077ED
 2796 01dd 957A912D 		.ascii	"\225z\221-\260\241\227\275c\303%6\337\206\313\354m\033"
 2796      B0A197BD 
 2796      63C32536 
 2796      DF86CBEC 
 2796      6D1B
 2797 01ef FAD85BF6 		.ascii	"\372\330[\366j\036b<K\337\230\335b\334\223@\272\315"
 2797      6A1E623C 
 2797      4BDF98DD 
 2797      62DC9340 
 2797      BACD
 2798 0201 787682E9 		.ascii	"xv\202\351\234\201\367p\207^a<gb[W\366o3\036\261e8\341"
 2798      9C81F770 
 2798      875E613C 
 2798      67625B57 
 2798      F66F331E 
 2799 0219 AFE113CC 		.ascii	"\257\341\023\314\274\306\270\221pC\335d|J\202\221\216"
 2799      BCC6B891 
 2799      7043DD64 
 2799      7C4A8291 
 2799      8E
 2800 022a C122EC73 		.ascii	"\301\"\354s\034\336\307>w\030\367&\230\357U\306\247"
 2800      1CDEC73E 
 2800      7718F726 
 2800      98EF55C6 
 2800      A7
 2801 023b CA550DBA 		.ascii	"\312U\015\272!\206\031\237\246nK\245\356.\343\323\365"
 2801      2186199F 
 2801      A66E4BA5 
 2801      EE2EE3D3 
 2801      F5
 2802 024c 9BF21EE3 		.ascii	"\233\362\036\343\271\011\006\273\317\370\214\177\017"
 2802      B90906BB 
 2802      CFF88C7F 
 2802      0F
 2803 0259 3FD3F51B 		.ascii	"?\323\365\033a|f\202\015\373\015\360\227~\263\371\012"
 2803      617C6682 
 2803      0DFB0DF0 
 2803      977EB3F9 
ARM GAS  /tmp/ccVr2doo.s 			page 227


 2803      0A
 2804 026a 970B6503 		.ascii	"\227\013e\003\360Yze=\360<\275\362=\360\331z\345W\306"
 2804      F0597A65 
 2804      3DF03CBD 
 2804      F23DF0D9 
 2804      7AE557C6 
 2805 027e 5FD62B4D 		.ascii	"_\326+M\300\363\365\312!\340\257\350\225m\300\013\364"
 2805      C0F3F5CA 
 2805      21E0AFE8 
 2805      956DC00B 
 2805      F4
 2806 028f CA41E0AF 		.ascii	"\312A\340\257\352\225S\300\347\350\225\237\200\317\325"
 2806      EA9553C0 
 2806      E7E8959F 
 2806      80CFD5
 2807 029e 2B2DC05F 		.ascii	"+-\300_\323+'\201\277\256W,\340o\350\225f\340o\352\225"
 2807      D32B2781 
 2807      BFAE572C 
 2807      E06FE895 
 2807      66E06FEA 
 2808 02b3 73C0E7E9 		.ascii	"s\300\347\351\225Q\306\337\322+\017\031\177[\257<`|"
 2808      9551C6DF 
 2808      D22B0F19 
 2808      7F5BAF3C 
 2808      607C
 2809 02c5 BE5ED904 		.ascii	"\276^\331\004\374\035\275R\006|\201^\371\027\360w\365"
 2809      FC1DBD52 
 2809      067C815E 
 2809      F917F077 
 2809      F5
 2810 02d6 4A29F085 		.ascii	"J)\360\205ze\013\360\367\364\312f\340\213\364\312\267"
 2810      7A650BF0 
 2810      F7F4CA66 
 2810      E08BF4CA 
 2810      B7
 2811 02e7 C0DFD72B 		.ascii	"\300\337\327+\377\005\376\201^\371\037\360\305z\345"
 2811      FF05FE81 
 2811      5EF91FF0 
 2811      C57AE5
 2812 02f6 34F00FF5 		.ascii	"4\360\017\365\312:\340\037\351\225\023\300\227\350\225"
 2812      CA3AE01F 
 2812      E99513C0 
 2812      97E895
 2813 0305 1F817FAC 		.ascii	"\037\201\177\254W\216\002_\252W\332\200/\323+\255\300"
 2813      578E025F 
 2813      AA57DA80 
 2813      2FD32BAD 
 2813      C0
 2814 0316 3FD12B47 		.ascii	"?\321+G\200/\327+\207\201\177\252W\332\201\177\246W"
 2814      802FD72B 
 2814      87817FAA 
 2814      57DA817F 
 2814      A657
 2815 0328 3A80FF4E 		.ascii	":\200\377N\257\234\005\276B\257t\002\377\275V\001r5"
 2815      AF9C05BE 
 2815      42AF7402 
 2815      FFBD5601 
ARM GAS  /tmp/ccVr2doo.s 			page 228


 2815      7235
 2816 033a FADD5200 		.ascii	"\372\335R\000\344J\024\003T\362\365\266\357\026R3\005"
 2816      E44A1403 
 2816      54F2F5B6 
 2816      EF165233 
 2816      05
 2817 034b C82F647D 		.ascii	"\310/d}\375\246dj\245\000\\s\222\035\\\001\256\001'"
 2817      FDA6646A 
 2817      A5005C73 
 2817      921D5C01 
 2817      AE0127
 2818 035e EA0A919D 		.ascii	"\352\012\221\235?\236\275A\250I\343\034P\330R8\242\260"
 2818      3F9EBD41 
 2818      A849E31C 
 2818      50D85238 
 2818      A2B0
 2819 0370 E952F215 		.ascii	"\351R\362\025\266\024\216(,\346\025\317W\330R8\242\260"
 2819      B6148E28 
 2819      2CE615CF 
 2819      57D85238 
 2819      A2B0
 2820 0382 99AEE42B 		.ascii	"\231\256\344+l\245\313\351G\363\005G\310\265\346\206"
 2820      6CA5CBE9 
 2820      47F30547 
 2820      C8B5E686 
 2821 0392 32A0910C 		.ascii	"2\240\221\014\311e\241\276S\214\0062\301\325OF\307\366"
 2821      C965A1BE 
 2821      538C0632 
 2821      C1D54F46 
 2821      C7F6
 2822 03a4 35531A11 		.ascii	"5S\032\021\034\216r\300-sn\266<\355\241\324B\016\227"
 2822      1C8E72C0 
 2822      2D736EB6 
 2822      3CEDA1D4 
 2822      420E97
 2823 03b7 1FADA3D4 		.ascii	"\037\255\243\324\314\226\371m\373o\014\210\376\3312"
 2823      CC96F96D 
 2823      FB6F0C88 
 2823      FED932
 2824 03c6 DF663347 		.ascii	"\337f3G\346l\333Rz_\314\001\271\256~\347e1n\216\314"
 2824      E66CDB52 
 2824      7A5FCC01 
 2824      B9AE7EE7 
 2824      65316E8E 
 2825 03db 2F7FDCBA 		.ascii	"/\177\334\272\210\006\2742\0351\342\225\031k\277?\263"
 2825      8806BC32 
 2825      1D31E295 
 2825      196BBF3F 
 2825      B3
 2826 03ec 849A5325 		.ascii	"\204\232S%\216\337m\236O\255\2512\367\354\221\216\005"
 2826      8EDF6D9E 
 2826      4FADA932 
 2826      F7EC918E 
 2826      05
 2827 03fd D4CC95B9 		.ascii	"\324\314\225\271\210V\256\274\242\375\241\3614\032\311"
 2827      8856AEBC 
 2827      A2FDA1F1 
ARM GAS  /tmp/ccVr2doo.s 			page 229


 2827      341AC9
 2828 040c 85D441E7 		.ascii	"\205\324A\347y\244\336 \2277\204K\230|\036\251\327\343"
 2828      79A4DE20 
 2828      9737844B 
 2828      987C1EA9 
 2828      D7E3
 2829 041e 8F37ED96 		.ascii	"\2177\355\226\363\364\322\206\242\370'HK\265\311'\022"
 2829      F3F4D286 
 2829      A2F82748 
 2829      4BB5C927 
 2829      12
 2830 042f 6E46A3E2 		.ascii	"nF\243\342\306M\216'O\276\035E\361\034'\307R\304s\314"
 2830      C64D8E27 
 2830      4FBE1D45 
 2830      F11C27C7 
 2830      52C473CC 
 2831 0443 0C394D32 		.ascii	"\0149M2\373c\331I\356\272\356\332nq\240\244\223\030"
 2831      FB63D949 
 2831      EEBAEEDA 
 2831      6E71A0A4 
 2831      9318
 2832 0455 36A638D8 		.ascii	"6\2468\330\355r\360!u\260\224\022\310\012\221A\377\301"
 2832      ED72F021 
 2832      75B09412 
 2832      C80A9141 
 2832      FFC1
 2833 0467 B9E27927 		.ascii	"\271\342y'e5\015\372G1\232\224\2051Y\225u\240\244/\207"
 2833      65350DFA 
 2833      47319A94 
 2833      85315995 
 2833      75A0A42F 
 2834 047c 368AAE59 		.ascii	"6\212\256Y\305E\275-@\2733\004\336\227o\326F7\001\317"
 2834      C545BD2D 
 2834      40BB3304 
 2834      DE976FD6 
 2834      463701CF 
 2835 0490 5D826FD9 		.ascii	"]\202o\331\002\360\204H\350\354\306YbR\236a\202\272"
 2835      02F08448 
 2835      E8ECC659 
 2835      62529E61 
 2835      82BA
 2836 04a2 78DC9E3B 		.ascii	"x\334\236;6\0062\222<{k\276r\323R\321\322\263\011\033"
 2836      36063292 
 2836      3C7B6BBE 
 2836      72D352D1 
 2836      D2B3091B 
 2837 04b6 C9E97950 		.ascii	"\311\351yP-\315$\220}\317\271\222\350\367\211H\005#"
 2837      2DCD2490 
 2837      7DCFB992 
 2837      E8F78948 
 2837      0523
 2838 04c8 444E076F 		.ascii	"DN\007o\365S\271L\005\257\271R\024\240\362.\011.\256"
 2838      F553B94C 
 2838      05AFB952 
 2838      14A0F22E 
 2838      092EAE
 2839 04db 3E57C9E4 		.ascii	">W\311\34422\262\261\211\337-\243\210\021w\222\321\322"
ARM GAS  /tmp/ccVr2doo.s 			page 230


 2839      3232B2B1 
 2839      89DF2DA3 
 2839      88117792 
 2839      D1D2
 2840 04ed 35584271 		.ascii	"5XBq8\303\356\320-\2063\232\216o\231IK\305\274\275\021"
 2840      38C3EED0 
 2840      2D86339A 
 2840      8E6F9949 
 2840      4BC5BCBD 
 2841 0502 F2B4A669 		.ascii	"\362\264\246i\202\211\351z\215\203E\345\355\204\372"
 2841      8289E97A 
 2841      8D8345E5 
 2841      ED84FA
 2842 0511 A98CFE54 		.ascii	"\251\214\376TY\261\227\311;\3565\366><\263\224\372\\"
 2842      59B197C9 
 2842      3BEE35F6 
 2842      3E3CB394 
 2842      FA5C
 2843 0523 325A5A7F 		.ascii	"2ZZ\177a\004'\3415&:6.\240a\214\226]=%V\246\330\035"
 2843      610427E1 
 2843      35263A36 
 2843      2EA0618C 
 2843      965D3D25 
 2844 053b 5EA3B67C 		.ascii	"^\243\266|\353\\\032L\221\321a\253\241\234\312\375\340"
 2844      EB5C1A4C 
 2844      91D161AB 
 2844      A19CCAFD 
 2844      E0
 2845 054c 35AA6BB7 		.ascii	"5\252k\267\347Q\177\272\214\266\224\027?\301\035\340"
 2845      E7517FBA 
 2845      8CB69417 
 2845      3FC11DE0 
 2846 055c 356E0F3F 		.ascii	"5n\017?\234F}\0312\332WW\036\026\353S\260\261\247\342"
 2846      9C467D19 
 2846      32DA5757 
 2846      1E16EB53 
 2846      B0B1A7E2 
 2847 0570 5E0E0D63 		.ascii	"^\016\015c\264\376\233\332\016\261\2023EtW\340\216\233"
 2847      B4FE9BDA 
 2847      0EB18233 
 2847      457457E0 
 2847      8E9B
 2848 0582 06336574 		.ascii	"\0063et\335\315c\313\344\226\360\032\025-\347'\311\353"
 2848      DDCD63CB 
 2848      E496F01A 
 2848      152DE727 
 2848      C9EB
 2849 0594 15C1A19D 		.ascii	"\025\301\241\235C\013\344~\360\032O\307\327\247S_6\316"
 2849      430BE47E 
 2849      F01A4FC7 
 2849      D7A7535F 
 2849      36CE
 2850 05a6 A0EAEA5C 		.ascii	"\240\352\352\\\032\020h\014t\027\245\3220\006\327\235"
 2850      1A10680C 
 2850      7417A5D2 
 2850      3006D79D 
 2851 05b6 BB942777 		.ascii	"\273\224'w\205\327\030\335\331\350\242\301\034\031\334"
ARM GAS  /tmp/ccVr2doo.s 			page 231


 2851      85D718DD 
 2851      D9E8A2C1 
 2851      1C19DC
 2852 05c5 DC10982E 		.ascii	"\334\020\230.\267\204\327\330^$N\035\277W\006\037\354"
 2852      B784D7D8 
 2852      5E244E1D 
 2852      BF57061F 
 2852      EC
 2853 05d6 2E35A8E5 		.ascii	".5\250\345\225=\217\254\027\013t\252\014\216\015\257"
 2853      953D8FAC 
 2853      170B74AA 
 2853      0C8E0DAF 
 2854 05e6 CFA20181 		.ascii	"\317\242\001\201\306\261\276\035@\303\030<\266yh\222"
 2854      C6B1BE1D 
 2854      40C3183C 
 2854      B6796892 
 2855 05f6 DC1A5EE3 		.ascii	"\334\032^\343tC\033\243\301\\,\357\337\226.w\206\327"
 2855      74431BA3 
 2855      C15C2CEF 
 2855      DF962E77 
 2855      86D7
 2856 0608 B8BA611D 		.ascii	"\270\272a\035\243\376\031x\003{\267\244RK\240\021j\352"
 2856      A3FE1978 
 2856      037BB7A4 
 2856      524BA011 
 2856      6AEA
 2857 061a A2D4374B 		.ascii	"\242\3247K\006\017T4\273h@\240q\347|\015\245a\014\266"
 2857      060F5434 
 2857      BB6840A0 
 2857      71E77C0D 
 2857      A5610CB6 
 2858 062e B4962553 		.ascii	"\264\226%S3O\004{\232\277\2444\230'\203\367\327}+\226"
 2858      334F047B 
 2858      9ABFA434 
 2858      982783F7 
 2858      D77D2B96 
 2859 0642 3EE2D703 		.ascii	">\342\327\003U@\003+\301\033\"\235\346\023q\243\005"
 2859      5540032B 
 2859      C11B229D 
 2859      E61371A3 
 2859      05
 2860 0653 660F375F 		.ascii	"f\0177_t\323\360*\031D\014\3745\026\364\375\335\011"
 2860      74D3F02A 
 2860      19440CFC 
 2860      3516F4FD 
 2860      DD09
 2861 0665 5A02B3B1 		.ascii	"Z\002\263\261\306\267\332)\267V\307\202\376\317\343"
 2861      C6B7DA29 
 2861      B756C782 
 2861      FECFE3
 2862 0674 3D3F8F05 		.ascii	"=?\217\005\203_8A\223\307\202a\356\004\003r\325\204"
 2862      835F3841 
 2862      93C78261 
 2862      EE040372 
 2862      D584
 2863 0686 48F5CF57 		.ascii	"H\365\317WLQ\246:f\245\342\004T\307R\235\210\352\230"
 2863      4C51A63A 
ARM GAS  /tmp/ccVr2doo.s 			page 232


 2863      66A5E204 
 2863      54C7529D 
 2863      88EA98
 2864 0699 556A8DEA 		.ascii	"Uj\215\352X\252\023Q\035\263Z\255Q\035Ku\"\252c\326"
 2864      58AA1351 
 2864      1DB35AAD 
 2864      511D4B75 
 2864      22AA63D6 
 2865 06ad AA35AA63 		.ascii	"\2525\252c\251NDu\314:\265Fu,\351\014\304j\204s\222"
 2865      A94E4475 
 2865      CC3AB546 
 2865      752CE90C 
 2865      C46A8473 
 2866 06c2 8C3A87E2 		.ascii	"\214:\207\342I\362\3209\320N\222\007\361\023\355$\371"
 2866      49F2D039 
 2866      D04E9207 
 2866      F113ED24 
 2866      F9
 2867 06d3 357644BA 		.ascii	"5vD\272\2043\022;\337\244s?v\036\246(N@u,\325\211\250"
 2867      8433123B 
 2867      DFA4733F 
 2867      761EA628 
 2867      4E40752C 
 2868 06ea 8E381D5A 		.ascii	"\2168\035Z\311#g\374V2\344\214\337J\342gn\033\211\037"
 2868      C92367FC 
 2868      5632E48C 
 2868      DF4AE267 
 2868      6E1B891F 
 2869 06fe C5ED64CC 		.ascii	"\305\355d\314\311o'\217\235\374N\222\205\177\007\345"
 2869      C96F278F 
 2869      9DFC4E92 
 2869      857F07E5 
 2870 070e 0BF2207D 		.ascii	"\013\362 }\346\320J\207D\263\030\372\343(\316\015\201"
 2870      E6D04A87 
 2870      44B318FA 
 2870      E328CE0D 
 2870      81
 2871 071f CF11FF26 		.ascii	"\317\021\377&;!\006%z\352\366Xi4\370\017\201!R\332|"
 2871      3B210625 
 2871      7AEAF658 
 2871      6934F80F 
 2871      812152DA 
 2872 0734 415CDA6A 		.ascii	"A\\\332j'\034\376\002\303\027\356mL\223+.V\350\347N"
 2872      271CFE02 
 2872      C317EE6D 
 2872      4C932B2E 
 2872      56E8E74E 
 2873 0748 BB601CC3 		.ascii	"\273`\034\303q\364\331c\333\311\012\007\025\016+\354"
 2873      71F4D963 
 2873      DBC90A07 
 2873      150E2BEC 
 2874 0758 ABA4F1E6 		.ascii	"\253\244\361\346\225J~\224;v\213)V\3059\\\245\344T\307"
 2874      954A7E94 
 2874      3B768B29 
 2874      56C5395C 
 2874      A5E454C7 
 2875 076c 6BC3C8ED 		.ascii	"k\303\310\355\304nZ\253$5(\274O\031x\2772\321\203\222"
ARM GAS  /tmp/ccVr2doo.s 			page 233


 2875      C46E5AAB 
 2875      243528BC 
 2875      4F1978BF 
 2875      32D18392 
 2876 0780 C7EDE208 		.ascii	"\307\355\342\010:m\321N\207\244c\263\377\220r\011'\224"
 2876      3A6DD14E 
 2876      87A463B3 
 2876      FF907209 
 2876      2794
 2877 0792 69879578 		.ascii	"i\207\225x8\036\367\365+#\364\307\343A\301\347Ig\364"
 2877      381EF7F5 
 2877      2B23F4C7 
 2877      E341C1E7 
 2877      4967F4
 2878 07a5 F1E643D7 		.ascii	"\361\346C\327\013\034r\036{\027\231\210/\323.\3624\376"
 2878      0B1C721E 
 2878      7B179988 
 2878      2FD32EF2 
 2878      34FE
 2879 07b7 E6ED224F 		.ascii	"\346\355\"Ob\253\314\225\324\025\305F\361\026\355!\317"
 2879      62ABCC95 
 2879      D415C546 
 2879      F116ED21 
 2879      CF
 2880 07c8 9D15D443 		.ascii	"\235\025\324C\2369\255z"
 2880      9E39AD7A 
 2881 07d0 49843C89 		.ascii	"I\204<\211\276gz\305]\352\363\265\317\241A*x\015E\026"
 2881      BE677AC5 
 2881      5DEAF3B5 
 2881      CFA1412A 
 2881      780D4516 
 2882 07e4 9F623207 		.ascii	"\237b2\007\331\262\331\014\217\315\224KZ\362\326\322"
 2882      D9B2D90C 
 2882      8FCD944B 
 2882      5AF2D6D2 
 2883 07f4 DE69F2F5 		.ascii	"\336i\362\365 \271\244\254h\012\2652\221\257<~\344\021"
 2883      20B9A4AC 
 2883      680AB532 
 2883      91AF3C7E 
 2883      E411
 2884 0806 AF39E4DD 		.ascii	"\2579\344\335\273v\271\345\301\336+.\241\252\370\250"
 2884      BB76B9E5 
 2884      C1DE2B2E 
 2884      A1AAF8A8 
 2885 0816 4B1EDDBD 		.ascii	"K\036\335\275\244\2206\216\224\314\246\346\014\301="
 2885      A490368E 
 2885      94CCA6E6 
 2885      0CC13D
 2886 0825 04591CBA 		.ascii	"\004Y\034\272r\016\310\376Y\230\217l\255D\3365\261\357"
 2886      720EC8FE 
 2886      59988F6C 
 2886      AD44DE35 
 2886      B1EF
 2887 0837 923859FF 		.ascii	"\2228Y\377\2508\226\352DT\307\374\263Z\243:\226\352"
 2887      A83896EA 
 2887      4454C7FC 
 2887      B35AA33A 
ARM GAS  /tmp/ccVr2doo.s 			page 234


 2887      96EA
 2888 0849 4454C7FC 		.ascii	"DT\307\374\213Z\243:\226\352DT\307\\\245\326Hg\200\\"
 2888      8B5AA33A 
 2888      96EA4454 
 2888      C75CA5D6 
 2888      4867805C 
 2889 085d BE6B8D89 		.ascii	"\276k\215\211\264Up\221\370\250\375\347\377\012\301"
 2889      B4557091 
 2889      F8A8FDE7 
 2889      FF0AC1
 2890 086c 99D78ED7 		.ascii	"\231\327\216\327t\343k\374\242\250\260\277p\"\252#\316"
 2890      74E36BFC 
 2890      A2A8B0BF 
 2890      7022AA23 
 2890      CE
 2891 087d 1945511D 		.ascii	"\031EQ\035q\264\\\022g\226\375]R x-\265y\005\306\355"
 2891      71B45C12 
 2891      6796FD5D 
 2891      5220782D 
 2891      B57905C6 
 2892 0892 4F180A7D 		.ascii	"O\030\012}\244\210\332\377\036(\020\354\036\25581O\356"
 2892      A488DAFF 
 2892      1E2810EC 
 2892      1EAD3831 
 2892      4FEE
 2893 08a4 F33E39C1 		.ascii	"\363>9\301\316\023] G\350#&\265\035+%\251/\032/M!\344"
 2893      CE135D20 
 2893      47E82326 
 2893      B51D2B25 
 2893      A92F1A2F 
 2894 08bb FFDE5AAB 		.ascii	"\377\336Z\253{"
 2894      7B
 2895              		.text
 2896              		.section	.gnu.lto_.refs.8724139b4ff04bd4,"e",%progbits
 2897 0000 789C2592 		.ascii	"x\234%\222\333jSQ\020\206g\276\275\223\225d\357\244"
 2897      DB6A5351 
 2897      108667BE 
 2897      BD939564 
 2897      EFA4
 2898 0012 AD4D9A36 		.ascii	"\255M\2326m\2324I\223\354\234\317M\233\232z\000\317"
 2898      6D9A3449 
 2898      93EC9CCF 
 2898      4D9B9A7A 
 2898      00CF
 2899 0024 E285208A 		.ascii	"\342\205 \212\276L\257\274\3615|\011\257\264TmUD\245"
 2899      BE4CAFBC 
 2899      F1357C09 
 2899      AFB4546D 
 2899      5544A5
 2900 0037 E295A22F 		.ascii	"\342\225\242/ \242\210\"\212\256\342\305\307\317\014"
 2900      20A28822 
 2900      8AAEE2C5 
 2900      C7CF0C
 2901 0046 CCACF967 		.ascii	"\314\254\371gVDT\036 \342\212(\250#j \201\203\253\204"
 2901      5644541E 
 2901      20E28A28 
 2901      A8236A20 
ARM GAS  /tmp/ccVr2doo.s 			page 235


 2901      8183AB84 
 2902 005a 888431CB 		.ascii	"\210\2041\313\242+\230\202h\021\023\210\3260\035\321"
 2902      A22B9882 
 2902      68111388 
 2902      D6301DD1 
 2903 006a 6E384ACC 		.ascii	"n8J\314%\352\212\027\022\337W?\241\336\214\3061a[l;"
 2903      25EA8A17 
 2903      12DF573F 
 2903      A1DE8CC6 
 2903      31615B6C 
 2904 007f 18474F30 		.ascii	"\030GO0\357j\222Tv_\026H\207X\014\261\024!\023a\331"
 2904      EF6A9254 
 2904      765F1648 
 2904      87580CB1 
 2904      14211361 
 2905 0094 63C5239B 		.ascii	"c\305#\233`5An\216\374\034kI\012I\212iJi\3263\2243T"
 2905      6035416E 
 2905      8EFC1C6B 
 2905      490A498A 
 2905      694A69D6 
 2906 00ac B254B304 		.ascii	"\262T\263\004yjy\352E\032E\232eZe\332\001\235\200n\203"
 2906      796A79EA 
 2906      451A459A 
 2906      655A65DA 
 2906      019D806E 
 2907 00c1 5E837E9B 		.ascii	"^\203~\233A\233a\217Q\217\215!\343!\233c\266\306L&l"
 2907      419B618F 
 2907      518F8D21 
 2907      E3219B63 
 2907      B6C64C26 
 2908 00d6 4F383965 		.ascii	"O89e:%} ,\036\212\354<\027y(/\204\312{\241\372A\344"
 2908      3A257D20 
 2908      2C1E8AEC 
 2908      3C177928 
 2908      2F84CA7B 
 2909 00ee 917C14D9 		.ascii	"\221|\024\331\223O\302\370\263\260aI}\261\372\325\306"
 2909      934FC2F8 
 2909      B3B06149 
 2909      7DB1FAD5 
 2909      C6
 2910 00ff 96AD6FC2 		.ascii	"\226\255o\302\246%\365\335\352\017\033[\266\177\012"
 2910      A625F5DD 
 2910      EA0F1B5B 
 2910      B67F0A
 2911 010e 134BEA97 		.ascii	"\023K\352\227\325\3376\266L\377\010'-\251\277Vw\225"
 2911      D5DF36B6 
 2911      4CFF0827 
 2911      2DA9BF56 
 2911      7795
 2912 0120 E9AE9A1D 		.ascii	"\351\256\232\035\226X&K\2165\212\254\233SdXa\225<\005"
 2912      9658264B 
 2912      8E358AAC 
 2912      9B536458 
 2912      61953C05 
 2913 0134 4A94CD69 		.ascii	"J\224\315i\002\3524i\323\245\317\320\234\241F\203\026"
 2913      02EA3469 
 2913      D3A5CFD0 
ARM GAS  /tmp/ccVr2doo.s 			page 236


 2913      9CA14683 
 2913      16
 2914 0145 1D7A0C18 		.ascii	"\035z\014\030\315\235\305Gc\216z\256\372!\273P5\006"
 2914      CD9DC547 
 2914      638E7AAE 
 2914      FA21BB50 
 2914      3506
 2915 0157 63D44430 		.ascii	"c\324D0\021\331\227\030\306\343\261x<\021\237\247\022"
 2915      11D99718 
 2915      C6E3B178 
 2915      3C119FA7 
 2915      12
 2916 0168 E740121C 		.ascii	"\347@\022\034\312\014\317dV\317\361N\364<oD/\020\326"
 2916      CA0CCF64 
 2916      56CFF14E 
 2916      F43C6F44 
 2916      2F10D6
 2917 017b 8B2CE825 		.ascii	"\213,\350%\034\367\262z\316\377k\035w\274\"\276\332"
 2917      1CF7B27A 
 2917      CEFF6B1D 
 2917      77BC22BE 
 2917      DA
 2918 018c 72BDCA4B 		.ascii	"r\275\312K\321\365k\362J\302T\242TcT=*\036A\202\332"
 2918      D1F56BF2 
 2918      4AC254A2 
 2918      5463543D 
 2918      2A1E4182 
 2919 01a1 0CB55982 		.ascii	"\014\265Y\202Y\352\3634\2224R\324S4\027i-\321\312\320"
 2919      59EAF334 
 2919      923452D4 
 2919      53341769 
 2919      2DD1CAD0 
 2920 01b5 CCD0CED2 		.ascii	"\314\320\316\322Y\245\223\243\235\243[\240W\244W\242"
 2920      59A593A3 
 2920      9DA35BA0 
 2920      57A457A2 
 2921 01c5 5BA25F61 		.ascii	"[\242_aPe\020\320\017\0306\0305\031\265\030\266\304"
 2921      506510D0 
 2921      0F183618 
 2921      3519B518 
 2921      B6C4
 2922 01d7 DC5531F7 		.ascii	"\334U1\367\324\276u_\345\265\354i\364:F\355G\021\343"
 2922      D4BE755F 
 2922      E5B5EC69 
 2922      F43A46ED 
 2922      4711E3
 2923 01ea 60421CD9 		.ascii	"`B\034\331\031\336Z\254\325#\261v#z\303N\207{\3638c"
 2923      19DE5AAC 
 2923      D523B176 
 2923      237AC34E 
 2923      877BF338 
 2924 01ff A2C7964D 		.ascii	"\242\307\226M\\o\331R\307\271m\023b\354\032|\275C\\"
 2924      5C6FD952 
 2924      C7B96D13 
 2924      62EC1A7C 
 2924      BD435C
 2925 0212 E51F0773 		.ascii	"\345\037\007sX\354"
ARM GAS  /tmp/ccVr2doo.s 			page 237


 2925      58EC
 2926              		.text
 2927              		.section	.gnu.lto_.decls.8724139b4ff04bd4,"e",%progbits
 2928 0000 789CA4BD 		.ascii	"x\234\244\275\007\230,\311Q <\325\331f\246\307\255\336"
 2928      07982CC9 
 2928      51203CD5 
 2928      D966A6C7 
 2928      ADDE
 2929 0012 3E6977B5 		.ascii	">iw\265\253=-z\362fW\006\201\016#\011\020HB\302\335"
 2929      AB3D2D7A 
 2929      F2665706 
 2929      810E2309 
 2929      104842C2 
 2930 0027 7D701277 		.ascii	"}p\022w\240\003N8\001w\034\350\027B?\364x\357\275\367"
 2930      A0034E38 
 2930      01771CE8 
 2930      17423FF4 
 2930      78EFBDF7 
 2931 003b DE7BEFBD 		.ascii	"\336{\357\275wo\274\367\336{\377GfduWuu\277\225\370"
 2931      776FBCF7 
 2931      DE7BFF47 
 2931      66647557 
 2931      7575BF95 
 2932 0050 67375E77 		.ascii	"g7^wV\207\317\310\310\310,gk#\330\314n\330\330\004\177"
 2932      5687CFC8 
 2932      C8C82C67 
 2932      6B23D8CC 
 2932      6ED8D804 
 2933 0065 C0C6E6AF 		.ascii	"\300\306\346\257^\263\261y\204\277\017\333\330\330\214"
 2933      5EB3B179 
 2933      84BF0FDB 
 2933      D8D88C
 2934 0074 00FC0EFF 		.ascii	"\000\374\016\377\324\002\314\000|\027`\031\000\320m"
 2934      D402CC00 
 2934      7C176019 
 2934      00D06D
 2935 0083 CE004E00 		.ascii	"\316\000N\000>\012p\013\000ll4\000z\000\007\200\227"
 2935      3E0A700B 
 2935      006C6C34 
 2935      007A0007 
 2935      8097
 2936 0095 015E05F8 		.ascii	"\001^\005\370\000\300[\000\037\001\370\004\300\333\000"
 2936      00C05B00 
 2936      1F01F804 
 2936      C0DB00
 2937 00a4 5F00F812 		.ascii	"_\000\370\022\300/\003\3749\300\037\002|\023\340/\201"
 2937      C02F03FC 
 2937      39C01F02 
 2937      7C13E02F 
 2937      81
 2938 00b5 CDFF82CF 		.ascii	"\315\377\202\317a\370\374\033\370\374\337\000\213\360"
 2938      61F8FC1B 
 2938      F8FCDF00 
 2938      8BF0
 2939 00c3 7D09E01F 		.ascii	"}\011\340\037\341\373\033\360\371C\370\374\021\300\277"
 2939      E1FB1BF0 
 2939      F943F8FC 
ARM GAS  /tmp/ccVr2doo.s 			page 238


 2939      11C0BF
 2940 00d2 027C1BDA 		.ascii	"\002|\033\332?\201O\027\0007\000/\000\177\200\020\200"
 2940      3F814F17 
 2940      0037002F 
 2940      007F8010 
 2940      80
 2941 00e3 30802880 		.ascii	"0\200(\200x\200\024\200L\200<\200\"\2002\200J\200\377"
 2941      78801480 
 2941      4C803C80 
 2941      22803280 
 2941      4A80FF
 2942 00f6 A302BE00 		.ascii	"\243\002\276\000^\000\276\000\201\000\301\000\341\000"
 2942      5E00BE00 
 2942      8100C100 
 2942      E100
 2943 0104 5100B100 		.ascii	"Q\000\261\000\011\000)\000\031\000\331\000\371\000/"
 2943      09002900 
 2943      1900D900 
 2943      F9002F
 2944 0113 017C0464 		.ascii	"\001|\004d\027\302\347w\340\323\007>K\000*\000\252\001"
 2944      17C2E777 
 2944      E0D3073E 
 2944      4B002A00 
 2944      AA01
 2945 0125 EA54E8B3 		.ascii	"\352T\350\263i\370\274\200\317s\200)\370>\016\360}\200"
 2945      69F8BC80 
 2945      CF738029 
 2945      F83E0EF0 
 2945      7D80
 2946 0137 DF84F63C 		.ascii	"\337\204\366<|\256\003l\001\034\003\234\002\334\000"
 2946      7CAE036C 
 2946      011C039C 
 2946      02DC00
 2947 0146 3C006888 		.ascii	"<\000h\210\215\215=\300{\000^\001x\023\340C\000\037"
 2947      8D8D3DC0 
 2947      7B005E01 
 2947      7813E043 
 2947      001F
 2948 0158 07F824C0 		.ascii	"\007\370$\300\247\001\336\006\370\"\300/\003|\025\340"
 2948      A701DE06 
 2948      F822C02F 
 2948      037C15E0 
 2949 0168 D701BE06 		.ascii	"\327\001\276\006\360[\000\337\000 \000\277\015\360m"
 2949      F05B00DF 
 2949      002000BF 
 2949      0DF06D
 2950 0177 005B80FF 		.ascii	"\000[\200\377\002\360G\000\177\012\360?\001\376\006"
 2950      02F04700 
 2950      7F0AF03F 
 2950      01FE06
 2951 0186 E01F00FE 		.ascii	"\340\037\000\376/\300\277\002x\002\004\003\204\002D"
 2951      2FC0BF02 
 2951      78020403 
 2951      840244
 2952 0195 024403C4 		.ascii	"\002D\003\304\002$\001\244\000\244\001\344\003\224\003"
 2952      022401A4 
 2952      00A401E4 
ARM GAS  /tmp/ccVr2doo.s 			page 239


 2952      039403
 2953 01a4 D402B400 		.ascii	"\324\002\264\000\364\000\214\002<\007\230\005\230\007"
 2953      F4008C02 
 2953      3C079805 
 2953      9807
 2954 01b2 58055807 		.ascii	"X\005X\0078\004\270\006\270\005\260Q\203\016\000O\001"
 2954      3804B806 
 2954      B805B051 
 2954      830E004F 
 2954      01
 2955 01c3 5E03780B 		.ascii	"^\003x\013\340\023\000\237\001\370\034\300\027\000\276"
 2955      E013009F 
 2955      01F81CC0 
 2955      1700BE
 2956 01d2 08F08B00 		.ascii	"\010\360\213\000_\001\364_\201\317o\002|\013\340\367"
 2956      5F01F45F 
 2956      81CF6F02 
 2956      7C0BE0F7 
 2957 01e2 00FE00E0 		.ascii	"\000\376\000\340\277\002\374!\300\177\003\370.\300\177"
 2957      BF02FC21 
 2957      C07F03F8 
 2957      2EC07F
 2958 01f1 07F81380 		.ascii	"\007\370\023\200\357\001\374\031\300_\000|\037\340\257"
 2958      EF01FC19 
 2958      C05F007C 
 2958      1FE0AF
 2959 0200 00FE06E0 		.ascii	"\000\376\006\340\007\000\177\017\360\277\001\376\021"
 2959      07007F0F 
 2959      F0BF01FE 
 2959      11
 2960 020d E09F007E 		.ascii	"\340\237\000~\010\360#\200\037\003\374\004\340\337\000"
 2960      08F02380 
 2960      1F03FC04 
 2960      E0DF00
 2961 021c 0C00AE00 		.ascii	"\014\000\256\000\356\000\236\000\336\000\276\000\376"
 2961      EE009E00 
 2961      DE00BE00 
 2961      FE
 2962 0229 008100C1 		.ascii	"\000\201\000\301\000\241\000\341\000\221\000\321\000"
 2962      00A100E1 
 2962      009100D1 
 2962      00
 2963 0236 B100F100 		.ascii	"\261\000\361\000\211\000\311\000\251\000\005\000E\000"
 2963      8900C900 
 2963      A9000500 
 2963      4500
 2964 0244 25006500 		.ascii	"%\000e\000\025\0005\000u\000\317\001V\001\376\257\006"
 2964      15003500 
 2964      7500CF01 
 2964      5601FEAF 
 2964      06
 2965 0255 FA1502C3 		.ascii	"\372\025\002\303\021\340%\200'\000O\001\336\007\360"
 2965      11E02580 
 2965      27004F01 
 2965      DE07F0
 2966 0264 2AC0FB01 		.ascii	"*\300\373\001>A\003G\3627\0024\257\302\347_\001|R\213"
 2966      3E410347 
ARM GAS  /tmp/ccVr2doo.s 			page 240


 2966      F2370234 
 2966      AFC2E75F 
 2966      017C528B 
 2967 0278 638BA27C 		.ascii	"c\213\242|J\213c\357\323\360\271\0111\363&|\352\001"
 2967      4A8B63EF 
 2967      D3F0B909 
 2967      31F3267C 
 2967      EA01
 2968 028a 4E01BF19 		.ascii	"N\001\277\031\3403\360\375O\300\367c\360\275\003`\211"
 2968      E033F0FD 
 2968      4FC0F763 
 2968      F0BD0360 
 2968      89
 2969 029b C60C1C7B 		.ascii	"\306\014\034{\007\340K\324\227\004\343\226\3060\035"
 2969      07E04BD4 
 2969      9704E396 
 2969      C6301D
 2970 02aa 373AE0A5 		.ascii	"7:\340\245\201\337\216\001\267\011\340\010\240\017\240"
 2970      81DF8E01 
 2970      B709E008 
 2970      A00FA0
 2971 02b9 1DA01100 		.ascii	"\035\240\021\000\376g\261\372E-\306\317\237\362xR\361"
 2971      FE67B1FA 
 2971      452DC6CF 
 2971      9FF27852 
 2971      F1
 2972 02ca FEB237D3 		.ascii	"\376\2627\323{\225\332\012\237O\000\236\362\3341\303"
 2972      7B95DA0A 
 2972      9F4F009E 
 2972      F2DC31C3 
 2973 02da F347A406 		.ascii	"\363G\244\006\355\370\005\240\371E\200o\000\375_\023"
 2973      EDF805A0 
 2973      F945806F 
 2973      00FD5F13 
 2974 02ea A4A31F74 		.ascii	"\244\243\037t<\374\212\026c\224\362\377\026\217\007"
 2974      3CFC8A16 
 2974      6394F2FF 
 2974      168F07
 2975 02f9 E9DF26F0 		.ascii	"\351\337&\360\370%+\374\375\011\346\014\352\243_\345"
 2975      F8252BFC 
 2975      FD09E60C 
 2975      EAA35FE5 
 2976 0309 3E0B8263 		.ascii	">\013\202c\201\000_\326b\336\371\012|\376=\301\334\365"
 2976      81005FD6 
 2976      62DEF90A 
 2976      7CFE3DC1 
 2976      DCF5
 2977 031b 552DE6A3 		.ascii	"U-\346\243_\323b~\372u-\346\252\337\320b\256\372\232"
 2977      5FD3627E 
 2977      FA752DE6 
 2977      AADFD062 
 2977      AEFA9A
 2978 032e 16F3D76F 		.ascii	"\026\363\327oj1\227\375\226\026\363\332\327\265\230"
 2978      6A3197FD 
 2978      9616F3DA 
 2978      D7B598
 2979 033d E3BEA1C5 		.ascii	"\343\276\241\305\334\367M-\346\275\337\206\317oi1'~"
ARM GAS  /tmp/ccVr2doo.s 			page 241


 2979      DCF74D2D 
 2979      E6BDDF86 
 2979      CF6F6931 
 2979      277E
 2980 034f 1B3E3D08 		.ascii	"\033>=\010\346\305\337\201\357\277\013\360{\364Sm\312"
 2980      E6C5DF81 
 2980      EFBF0BF0 
 2980      7BF4536D 
 2980      CA
 2981 0360 A1BFCFFB 		.ascii	"\241\277\317\373\362\307D\336\217\177\000\237\377H0"
 2981      F2C744DE 
 2981      8F7F009F 
 2981      FF4830
 2982 036f DFFE172D 		.ascii	"\337\376\027-\033F\306\234B\373\212\366\021\3557\232"
 2982      1B46C69C 
 2982      42FB8AF6 
 2982      11ED379A 
 2983 037f 3B82F978 		.ascii	";\202\371x\366\344\343\371\017\2658\266\251\377~\317"
 2983      F6E4E3F9 
 2983      0FB538B6 
 2983      A9FF7ECF 
 2984 038f 42FF9C03 		.ascii	"B\377\234\003\355K<\256D\037\232\347\342?\322\232\342"
 2984      ED4B3CAE 
 2984      441F9AE7 
 2984      E23FD29A 
 2984      E2
 2985 03a0 EB3BF0F9 		.ascii	"\353;\360\371\337\000\276\013\020\001|\377\030>\257"
 2985      DF00BE0B 
 2985      10017CFF 
 2985      183EAF
 2986 03af 55C88BB2 		.ascii	"U\310\213\262\246\271\353\177\302\227?\327b\356\210"
 2986      A6B9EB7F 
 2986      C2973FD7 
 2986      62EE88
 2987 03be E4B9C4FC 		.ascii	"\344\271\304\374\257N\022\317R\271,\367s?|\314F\036"
 2987      AF4E12CF 
 2987      52B92CF7 
 2987      733F7CCC 
 2987      461E
 2988 03d0 9BA20EDF 		.ascii	"\233\242\016\337\207\317D.\373\317\250\377\005\324\341"
 2988      87CF442E 
 2988      FBCFA8FF 
 2988      05D4E1
 2989 03df 2FA19D40 		.ascii	"/\241\235@0\227\357\301\261-\201\271\336f[\300\030\234"
 2989      3097EFC1 
 2989      B12D81B9 
 2989      DE665BC0 
 2989      189C
 2990 03f1 E771FBD7 		.ascii	"\347q\373\327\264\317\001\376\011\340\207Z\314k?\322"
 2990      B4CF01FE 
 2990      09E0875A 
 2990      CC6B3FD2 
 2991 0401 628EA3FA 		.ascii	"b\216\243\372\323|GU\246\371\206\216\321:\263\230\273"
 2991      D37C4755 
 2991      A6F9868E 
 2991      D13AB398 
 2991      BB
ARM GAS  /tmp/ccVr2doo.s 			page 242


 2992 0412 07DD5F36 		.ascii	"\007\335_6\323\235\352\375Q+\372\376+|\376\370\005}"
 2992      D39DEAFD 
 2992      512BFAFE 
 2992      2B7CFEF8 
 2992      057D
 2993 0424 FE63DE3F 		.ascii	"\376c\336?\264O\351\034A\373\362A\242\253\250c\032\317"
 2993      B44FE91C 
 2993      41FBF241 
 2993      A2ABA863 
 2993      1ACF
 2994 0436 C502EF4B 		.ascii	"\305\002\357K\351\037\355W\261\037\351|\371n\361E\343"
 2994      E91FED57 
 2994      B11FE97C 
 2994      F96EF145 
 2994      E3
 2995 0447 9FCEAF74 		.ascii	"\237\316\257t^\247s\354O\3708 \222\330\242s\025\025"
 2995      5EA773EC 
 2995      4FF83820 
 2995      92D8A273 
 2995      1515
 2996 0459 43E7100D 		.ascii	"C\347\020\015\217\247\177\260\"\377\025\240\267\225"
 2996      8FA77FB0 
 2996      22FF15A0 
 2996      B795
 2997 0467 C8EF2268 		.ascii	"\310\357\"h\177\011@1\300\277q_\320\374\221\011\337"
 2997      7F094031 
 2997      C0BF715F 
 2997      D0FC9109 
 2997      DF
 2998 0478 D3A84D00 		.ascii	"\323\250M\000\371\000YZ<n\313\347\273rhW\002\324\232"
 2998      F900595A 
 2998      3C6ECBE7 
 2998      BB726857 
 2998      02D49A
 2999 048b C52AFDFB 		.ascii	"\305*\375\373\220\026}/\372\235\316\273t\274\213\365"
 2999      90167D2F 
 2999      FA9DCEBB 
 2999      74BC8BF5 
 3000 049b C134FCDE 		.ascii	"\3014\374\336\244\305<0Mm\200\3573\000\215Z\254\033"
 3000      A4C53C30 
 3000      4D6D80EF 
 3000      33008D5A 
 3000      AC1B
 3001 04ad BE2C198F 		.ascii	"\276,\031\217\324^ZOP\337O\000\214j\361\373{\270\235"
 3001      D45E5A4F 
 3001      50DF4F00 
 3001      8C6AF1FB 
 3001      7BB89D
 3002 04c0 E67F346F 		.ascii	"\346\1774o\276bA6\225[D\270L.\177\026`\016\240\206\373"
 3002      BE624136 
 3002      955B44B8 
 3002      4C2E7F16 
 3002      600EA086 
 3003 04d5 9ACA92EA 		.ascii	"\232\312\222\352C\345R\235\346\001\312\340\267\005\370"
 3003      43E5529D 
 3003      E601CAE0 
 3003      B705F8
ARM GAS  /tmp/ccVr2doo.s 			page 243


 3004 04e4 CC23725D 		.ascii	"\314#r]\250O^\341\363\354?\36097\337\202^4GJs,\255\207"
 3004      A84F5EE1 
 3004      F3EC3FF0 
 3004      3937DF82 
 3004      5E34474A 
 3005 04fc A4F5D112 		.ascii	"\244\365\321\022\374\276\014\320\014\264?\206\366*\367"
 3005      FCBE0CD0 
 3005      0CB43F86 
 3005      F62AF7
 3006 050b 2B65F526 		.ascii	"+e\365&\237\303?d\201/\3155o\331\310\343\234\332Kk-"
 3006      9FC33F64 
 3006      812FCD35 
 3006      6FD9C8E3 
 3006      9CDA4B6B 
 3007 0520 CAFF9734 		.ascii	"\312\377\2274\350\003\321f\352\337\357r\371\277kc\331"
 3007      E803D166 
 3007      EADFEF72 
 3007      F9BF6B63 
 3007      D9
 3008 0531 5EEA0B3A 		.ascii	"^\352\013:6\326\270Oh\275\266\256\305\332m\203\306\210"
 3008      36D6B84F 
 3008      68BDB6AE 
 3008      C5DA6D83 
 3008      C688
 3009 0543 16F5A63A 		.ascii	"\026\365\246:~@\222\363\244~\241\241\367q\356\023\252"
 3009      7E4092F3 
 3009      A47EA1A1 
 3009      F771EE13 
 3009      AA
 3010 0554 FFBA4AA9 		.ascii	"\377\272J\251;\315Y\337\264\261</\320\261J\365\241\375"
 3010      3BCD59DF 
 3010      B4B13C2F 
 3010      D0B14AF5 
 3010      A1FD
 3011 0566 F606EF47 		.ascii	"\366\006\357GQg:g|K\242#\315\331[Z\264\365c\004\353"
 3011      51673A67 
 3011      7C4BA223 
 3011      CDD95B5A 
 3011      B4F56304 
 3012 057b C56DAD49 		.ascii	"\305m\255Io1\226h\235\271\303\355\243u\346.\267\217"
 3012      6F319668 
 3012      9DB9C3ED 
 3012      A375E62E 
 3012      B78F
 3013 058d FA6E0FBE 		.ascii	"\372n\017\276;Kl\243}Bm\023\347\026j+\255E\367\265\246"
 3013      3B4B6CA3 
 3013      7D426D13 
 3013      E7166A2B 
 3013      AD45F7B5 
 3014 05a2 39499C8F 		.ascii	"9I\234\217h\275z\2405\315K\264n=\324b\015{\2445\315"
 3014      68BD7AA0 
 3014      35CD4BB4 
 3014      6E3DD462 
 3014      0D7BA435 
 3015 05b7 3FE2BC42 		.ascii	"?\342\274B\353\334c\255i\236\242\265\357\211\026k\341"
 3015      EBDC63AD 
 3015      699EA2B5 
ARM GAS  /tmp/ccVr2doo.s 			page 244


 3015      EF89166B 
 3015      E1
 3016 05c8 532DD6C5 		.ascii	"S-\326\305gZ\345|H\377h\336\371$\237;\314\375K\347\225"
 3016      675AE57C 
 3016      48FF68DE 
 3016      F9249F3B 
 3016      CCFD4BE7 
 3017 05dd 4FD998EA 		.ascii	"O\331\230\352\034\261\356\021\353 \261.\022\353$\261"
 3017      1CB1EE11 
 3017      EB20B12E 
 3017      12EB24B1 
 3018 05ed 6E12EB28 		.ascii	"n\022\353(\261\256\022\353,\261\356\022\3530\261.\023"
 3018      B1AE12EB 
 3018      2CB1EE12 
 3018      EB30B12E 
 3018      13
 3019 05fe EB34B16E 		.ascii	"\3534\261n\023\3538\261\256\023\353<\261\356\023\353"
 3019      13EB38B1 
 3019      AE13EB3C 
 3019      B1EE13EB 
 3020 060e 40B12E34 		.ascii	"@\261.4\257\247\244\177o9`\314\323\276\244\375\357,"
 3020      AFA7A47F 
 3020      6F3960CC 
 3020      D3BEA4FD 
 3020      EF2C
 3021 0620 F99DDAEE 		.ascii	"\371\235\332\356\316\365\365\347v\204s\373\342\315r"
 3021      CEF5F5E7 
 3021      768473FB 
 3021      E2CD72
 3022 062f DD87DF85 		.ascii	"\335\207\337\205\217'\2679\220\373\"\222\373(\321\214"
 3022      8F27B739 
 3022      90FB2292 
 3022      FB28D18C 
 3023 063f CFC7DF85 		.ascii	"\317\307\337\205\317_p\373\177\300\375\362O\334_?1\343"
 3023      CF5F70FB 
 3023      7FC0FDF2 
 3023      4FDC5F3F 
 3023      31E3
 3024 0651 F3E977E1 		.ascii	"\363\351w\341\363}\356\303\277\347\276\375!\367\371"
 3024      F37DEEC3 
 3024      BFE7BEFD 
 3024      21F7F9
 3025 0660 BF99F1A1 		.ascii	"\277\231\361\241\363\351Gl0f\351\3308\347\363\305\012"
 3025      F3E9476C 
 3025      3066E9D8 
 3025      38E7F3C5 
 3025      0A
 3026 0671 30BFD09A 		.ascii	"0\277\320\232\346\325\237\207\366\245\026\347k:\316"
 3026      E6D59F87 
 3026      F6A516E7 
 3026      6B3ACE
 3027 0680 C47997CE 		.ascii	"\304y\227\316\267W\222yG\234_f\010\316=t\016\272\326"
 3027      B7579279 
 3027      479C5F66 
 3027      08CE3D74 
 3027      0EBAD6
 3028 0693 E27C24CE 		.ascii	"\342|$\316\215t<\336hq\015v\013\237w4\367\003\355\010"
ARM GAS  /tmp/ccVr2doo.s 			page 245


 3028      8D743CDE 
 3028      68710D76 
 3028      0B9F7734 
 3028      F703ED08 
 3029 06a7 D0DCC3F7 		.ascii	"\320\334\303\367\007:G@\273\233\240-t.\247\363\322\241"
 3029      073A4740 
 3029      BB9BA02D 
 3029      742EA7F3 
 3029      D2A1
 3030 06b9 8D69BEA4 		.ascii	"\215i\276\244s\025]S\331\331\340\232\210\"\256\362u"
 3030      73155D53 
 3030      D9D9E09A 
 3030      8822AEF2 
 3030      75
 3031 06ca 085D8FA8 		.ascii	"\010]\217\250u\2706\031\345k\025\232+\351\234.\316\357"
 3031      75B83619 
 3031      E56B159A 
 3031      2BE99C2E 
 3031      CEEF
 3032 06dc 742EA375 		.ascii	"t.\243uw\015\257\327\313x\375^\304\353y\351\337\337"
 3032      770DAFD7 
 3032      CB78FD5E 
 3032      C4EB79E9 
 3032      DFDF
 3033 06ee DA615ED6 		.ascii	"\332a^\326\000\317t\265i|R\035\251\350l\370\314\001"
 3033      00CF74B5 
 3033      697C521D 
 3033      A9E86CF8 
 3033      CC01
 3034 0700 C853E33C 		.ascii	"\310S\343<\371\015\013y\365/\315x\210c\327\032\217_"
 3034      F90D0B79 
 3034      F52FCD78 
 3034      8863D71A 
 3034      8F5F
 3035 0712 B7C0E3CF 		.ascii	"\267\300\343\317\315x\350\340\323Vg\235\307\251\205"
 3035      CD78E8E0 
 3035      D356679D 
 3035      C7A985
 3036 0721 1CF9A766 		.ascii	"\034\371\247f<\304\334b\215\307'-\350\361\307?\243-"
 3036      3CC4DC62 
 3036      8DC7272D 
 3036      E8F1C73F 
 3036      A32D
 3037 0733 C796F490 		.ascii	"\307\226\364\220\324.\322\265\214X\347\211\361\365\307"
 3037      D42ED2B5 
 3037      8C58E789 
 3037      F1F5C7
 3038 0742 3CE6A435 		.ascii	"<\346\2445\237\245Z\217\206\377\333|\375)\255\353h\375"
 3038      9FA55A8F 
 3038      86FFDB7C 
 3038      FD29ADEB 
 3038      68FD
 3039 0754 4775A27D 		.ascii	"Gu\242}\376\007je]\367wp\334\321F>\337Q\376\264\036"
 3039      FE076A65 
 3039      5DF77770 
 3039      DCD1463E 
 3039      DF51FEB4 
ARM GAS  /tmp/ccVr2doo.s 			page 246


 3040 0769 FD18D74D 		.ascii	"\375\030\327M\224%\352$\352(\312\246\276\240\353q\261"
 3040      9425EA24 
 3040      EA28CAA6 
 3040      BEA0EB71 
 3040      B1
 3041 077a BE14E553 		.ascii	"\276\024\345S\263\353x\274I\377\376\305\202L\272\017"
 3041      B3EB78BC 
 3041      49FFFEC5 
 3041      824CBA0F 
 3042 078a F171F0E7 		.ascii	"\361q\360\347'\000>\0110\006t\237\202\317+ZS\351p\217"
 3042      27003E09 
 3042      3006749F 
 3042      82CF2B5A 
 3042      53E9708F 
 3043 079e E240B24E 		.ascii	"\342@\262N\372e\276\306>\344z<7\263\313\015d\374\235"
 3043      FA65BEC6 
 3043      3EE47A3C 
 3043      37B3CB0D 
 3043      64FC9D
 3044 07b1 8D721EA7 		.ascii	"\215r\036\2475\223\013\360\372\022\360\374M\370\374"
 3044      35930BF0 
 3044      FA12F0FC 
 3044      4DF8FC
 3045 07c0 6B1B9CD7 		.ascii	"k\033\234\327\251\215\324V:g\322\271\221\316\227t"
 3045      A98DD456 
 3045      3A67D2B9 
 3045      91CE9774 
 3046 07d0 9EA4B981 		.ascii	"\236\244\271\201\372\341\367\001\367?\353po\344\227"
 3046      FAE1F701 
 3046      F73FEB70 
 3046      6FE497
 3047 07df E0F32590 		.ascii	"\340\363%\220\373\313:S\337\213s\2428g\275\217\340~"
 3047      FBCB3A53 
 3047      DF8B73A2 
 3047      3867BD8F 
 3047      E07E
 3048 07f1 C9AFE870 		.ascii	"\311\257\350p\357\344Wu\270\247\362en\013\255\231\305"
 3048      EFE45775 
 3048      B8A7F265 
 3048      6E0BAD99 
 3048      C5
 3049 0802 D813E7DD 		.ascii	"\330\023\347\335\237\207\337>\2473\3454q\276\025\353"
 3049      9F87DF3E 
 3049      A733E534 
 3049      71BE15EB 
 3050 0812 C9383AB7 		.ascii	"\3118:\267\001\370I\346J\272?\363\025\235i\016\025\347"
 3050      01F849E6 
 3050      4ABA3FF3 
 3050      159D690E 
 3050      15E7
 3051 0824 6AB1B610 		.ascii	"j\261\266\020k\211/K\346A:G\213k=\272\267\363U\235i"
 3051      6B892F4B 
 3051      E6413A47 
 3051      8B6B3DBA 
 3051      B7F3559D 
 3052 0839 0D27CEE9 		.ascii	"\015'\316\351t\357\347\327t\246\2746\004\355V\225i\354"
 3052      74EFE7D7 
ARM GAS  /tmp/ccVr2doo.s 			page 247


 3052      74A6BC36 
 3052      04ED5695 
 3052      69EC
 3053 084b FFBA0EFB 		.ascii	"\377\272\016\373\354\227\010\356\033\375\206\316\264"
 3053      EC9708EE 
 3053      1BFD86CE 
 3053      B4
 3054 0858 3EA46B01 		.ascii	">\244k\0011\236\305\034\372\363<W\212u7\335g\372\032"
 3054      319EC51C 
 3054      FAF33C57 
 3054      8A7537DD 
 3054      67FA1A
 3055 086b ED03808F 		.ascii	"\355\003\200\217kq\377\351\267t\230\203i\275\371E\370"
 3055      6B71FFE9 
 3055      B7749883 
 3055      69BDF945 
 3055      F8
 3056 087c FE8B00BF 		.ascii	"\376\213\000\277\000P\010\277\247\003\204\002DR\035"
 3056      005008BF 
 3056      A7038402 
 3056      44521D
 3057 088b 293D400E 		.ascii	")=@\016\2153\200\011\240\355\001\030\000\370\177\001"
 3057      8D338009 
 3057      A0ED0118 
 3057      00F87F01 
 3058 089b 0C009E00 		.ascii	"\014\000\236\000n\000\256\000\036\000\356*\214\325g"
 3058      6E00AE00 
 3058      1E00EE2A 
 3058      8CD567
 3059 08aa 5ACC8574 		.ascii	"Z\314\205t\337H\334c\242s>\215'\272\366\370\006\310"
 3059      DF48DC63 
 3059      A2733E8D 
 3059      27BAF6F8 
 3059      06C8
 3060 08bc FB6D1DEE 		.ascii	"\373m\035\356\335\320\230\246\353~Z{\323\375\211\377"
 3060      DDD098A6 
 3060      EB7E5A7B 
 3060      D3FD89FF 
 3061 08cc BFF338CD 		.ascii	"\277\3638\315\271\346{\034^Z\\CX\252\331\276\245\303"
 3061      B9E67B1C 
 3061      5E5A5C43 
 3061      58AAD9BE 
 3061      A5C3
 3062 08de 78FD0A8F 		.ascii	"x\375\012\217{:\236h^\374\252\205\234Dc\342\031\217"
 3062      7B3A9E68 
 3062      5EFCAA85 
 3062      9C4463E2 
 3062      198F
 3063 08f0 F71F03DD 		.ascii	"\367\037\003\335\337\351\220\336|^\022\371}\231\367"
 3063      DFE990DE 
 3063      7C5E12F9 
 3063      7D99F7
 3064 08ff D3BFEA78 		.ascii	"\323\277\352xM\012\237\256\000\377\002\340\256\3031"
 3064      4D0A9FAE 
 3064      00FF02E0 
 3064      AEC331
 3065 090e F003F8F4 		.ascii	"\360\003\370\364\000\360\004X\001\036^\360\371\217\032"
ARM GAS  /tmp/ccVr2doo.s 			page 248


 3065      00F00458 
 3065      011E5EF0 
 3065      F98F1A
 3066 091d 1C132FD3 		.ascii	"\034\023/\323\272A\207s\030\335\023\364\201\357:Z\003"
 3066      BA418773 
 3066      18DD13F4 
 3066      81EF3A5A 
 3066      03
 3067 092e E8704EA3 		.ascii	"\350pN\243c\351\221`n\240s\227\201\342\352L\373\200"
 3067      63E99160 
 3067      6EA07397 
 3067      81E2EA4C 
 3067      FB80
 3068 0940 745EFB1A 		.ascii	"t^\373\032\267\205\372\237\256{\350\036\031\335+\263"
 3068      B785FA9F 
 3068      AE7BE81E 
 3068      19DD2BB3 
 3069 0950 E17994FA 		.ascii	"\341y\224\372K\334;\222\376\005\275 \177\370\351pl\321"
 3069      4BDC3B92 
 3069      FE05BD20 
 3069      7FF8E970 
 3069      6CD1
 3070 0962 DCF1415A 		.ascii	"\334\361AZ\327H\362\311\253jS\376\240{\205t/\3565\265"
 3070      D748F2C9 
 3070      AB6A53FE 
 3070      A07B8574 
 3070      2FEE35B5 
 3071 0976 E5FC4163 		.ascii	"\345\374Ac\314\332\036\013\315\037K<7\320\034!\326\317"
 3071      CCDA1E0B 
 3071      CD1F4B3C 
 3071      37D01C21 
 3071      D6CF
 3072 0988 622EA0F5 		.ascii	"b.\240\365\263t|\004\300\367O\253\225cS\034\337\342"
 3072      B3747C04 
 3072      C0F74FAB 
 3072      9563531C 
 3072      DFE2
 3073 099a F8A77D42 		.ascii	"\370\247}B\367Q\003y\237\320>\015\202\357\301t\214\250"
 3073      F7510379 
 3073      9FD03E0D 
 3073      82EFC174 
 3073      8CA8
 3074 09ac 719F3544 		.ascii	"q\2375D\367\356\365\2628\346\305\374#\216K\363<d^\017"
 3074      F7EEF5B2 
 3074      38E6C5FC 
 3074      238E4BF3 
 3074      3C645E0F 
 3075 09c0 D33E918E 		.ascii	"\323>\221\216\037\351\330\241c\211\306\3517x\255L\307"
 3075      1FE9D8A1 
 3075      6389C6E9 
 3075      3778AD4C 
 3075      C7
 3076 09d1 0BDDC3A4 		.ascii	"\013\335\303\244}G\3673\251?\203-\304\245Nk\3327\240"
 3076      7D47F733 
 3076      A93F832D 
 3076      C4A54E6B 
 3076      DA37A0
ARM GAS  /tmp/ccVr2doo.s 			page 249


 3077 09e4 6B642A2F 		.ascii	"kd*/\024\004}\026h\302\340S\315c\321<N\305|@\375@\367"
 3077      14047D16 
 3077      68C2E053 
 3077      CD63D13C 
 3077      4EC57C40 
 3078 09fb 95C375A6 		.ascii	"\225\303u\246:_\260\221\257\323\351>\252\346\005\353"
 3078      3A5FB091 
 3078      AFD3E93E 
 3078      AAE605EB 
 3079 0a0b 749A33F5 		.ascii	"t\2323\365\\\007\032\327\322\032O\314Sb\036\242s\002"
 3079      5C071AD7 
 3079      D21A4FCC 
 3079      53621EA2 
 3079      7302
 3080 0a1d E541F304 		.ascii	"\345A\363\0045\207\356#\323\272\352\013<N\314\307o\034"
 3080      3587EE23 
 3080      D3BAEA0B 
 3080      3C4ECCC7 
 3080      6F1C
 3081 0a2f D7E7AF78 		.ascii	"\327\347\257x\233~\377\266\005?\274\007\360\336\224"
 3081      9B7EFFB6 
 3081      053FBC07 
 3081      F0DE94
 3082 0a3e F8E1A33C 		.ascii	"\370\341\243<v\304\261*\352a)\327G\320y\306\212\237"
 3082      76C4B12A 
 3082      EA6129D7 
 3082      47D079C6 
 3082      8A9F
 3083 0a50 E87E7BE4 		.ascii	"\350~{\344\273\214aq\217\323<\217J\307%\355[[\311>\004"
 3083      BB8C6171 
 3083      8FD33C8F 
 3083      4AC725ED 
 3083      5B5BC93E 
 3084 0a65 DD8FB697 		.ascii	"\335\217\266\227\214\315/\252-\373\226\356c\250%\343"
 3084      8CCD2FAA 
 3084      2DFB96EE 
 3084      63A825E3 
 3085 0a75 E4F701FF 		.ascii	"\344\367\001\377w%\371\212\356\275?X\250\177\242\210"
 3085      7725F98A 
 3085      EEBD3F58 
 3085      A87FA288 
 3086 0a85 B0E09A70 		.ascii	"\260\340\232p\345\020H\204'zA\015\315\360\336\362\036"
 3086      E5104884 
 3086      277A410D 
 3086      CDF0DEF2 
 3086      1E
 3087 0a96 3D349FEA 		.ascii	"=4\237\352\205\017B3\3441\375\271\035Q\011\024\3631"
 3087      850F4233 
 3087      E431FDB9 
 3087      1D510914 
 3087      F331
 3088 0aa8 7C60CC81 		.ascii	"|`\314\201h\331\367\206\236\301A\307\267\013\014\370"
 3088      68D9F786 
 3088      9EC141C7 
 3088      B70B0CF8 
 3089 0ab8 67FB4D1B 		.ascii	"g\373M\033\241A &\246\025\015\351iZ\362I\206\232?\337"
 3089      A1412026 
ARM GAS  /tmp/ccVr2doo.s 			page 250


 3089      A6150DE9 
 3089      695AF249 
 3089      869A3FDF 
 3090 0acc 1E64FB72 		.ascii	"\036d\373r\010G5\010\002\353\240&\201\010\315\302\313"
 3090      08473508 
 3090      02EBA026 
 3090      8108CDC2 
 3090      CB
 3091 0add 42A3F036 		.ascii	"B\243\3606\247)nO\2525\342\271[\307\363\337JLqt\360"
 3091      A7296E4F 
 3091      AA35E2B9 
 3091      5BC7F3DF 
 3091      4A4C7174 
 3092 0af2 35185C0D 		.ascii	"5\030\\\015\311n\006\273\257\013-\360s\235\360\272P"
 3092      C96E06BB 
 3092      AF0B2DF0 
 3092      739DF0BA 
 3092      50
 3093 0b03 2BBC0E04 		.ascii	"+\274\016\004\255\202\003\342M\344,\005:\220/1\035\232"
 3093      AD8203E2 
 3093      4DE42C05 
 3093      3A902F31 
 3093      1D9A
 3094 0b15 1E239BD4 		.ascii	"\036#\233\324h\244-4#r[\356\034\320\310f\246\342\\\333"
 3094      68A42D34 
 3094      23725BEE 
 3094      1CD0C866 
 3094      A6E25CDB 
 3095 0b29 82967C8D 		.ascii	"\202\226|\215\241V\236\225gj\310\267\331\367\233\322"
 3095      A1569E95 
 3095      676AC8B7 
 3095      D9F79BD2 
 3096 0b39 D0253B85 		.ascii	"\320%;\205\352]\240R\267L\245\300\222\352[;\362\307"
 3096      EA5DA052 
 3096      B74CA5C0 
 3096      92EA5B3B 
 3096      F2C7
 3097 0b4b 8CE62AFD 		.ascii	"\214\346*\375\300\240U\320\364(hn\023\013jdf\364\312"
 3097      C0A055D0 
 3097      F428686E 
 3097      130B6A64 
 3097      66F4CA
 3098 0b5e CCE8E366 		.ascii	"\314\350\343f\220\332\274\352>\007\341\331\313\317R"
 3098      90DABCEA 
 3098      3E07E1D9 
 3098      CBCF52
 3099 0b6d 296A7357 		.ascii	")jsW\302;\005\017[\006C\350\253\324R\241\036\370\016"
 3099      C23B050F 
 3099      5B0643E8 
 3099      ABD452A1 
 3099      1EF80E
 3100 0b80 C808DFA6 		.ascii	"\310\010\337\246\377|\026\376a*\004S\025\3246B\007\374"
 3100      FF7C16FE 
 3100      612A0453 
 3100      15D43642 
 3100      07FC
 3101 0b92 DE0EBF0B 		.ascii	"\336\016\277\013m\234\000\024\021\372\205g\302\240@"
ARM GAS  /tmp/ccVr2doo.s 			page 251


 3101      6D9C0014 
 3101      11FA8567 
 3101      C2A040
 3102 0ba1 E72B1B64 		.ascii	"\347+\033d~P\240\21554\273k\251t\241\3232\353:\372\025"
 3102      7E50A08D 
 3102      3534BB6B 
 3102      A974A1D3 
 3102      32EB3AFA 
 3103 0bb6 F40FF3DA 		.ascii	"\364\017\363\332\255\262'^\0023znvz\201\274lY\342\220"
 3103      ADB2275E 
 3103      02337A6E 
 3103      767A81BC 
 3103      6C59E290 
 3104 0bca 65894015 		.ascii	"e\211@\025p\322\340\343,u\301\260L\334\010s\001\375"
 3104      70D2E0E3 
 3104      2C75C1B0 
 3104      4CDC0873 
 3104      01FD
 3105 0bdc A0EE0A9A 		.ascii	"\240\356\012\232\353#$\024\305\315\027\036\265\251\024"
 3105      EB232414 
 3105      C5CD171E 
 3105      B5A914
 3106 0beb 3E1E0541 		.ascii	">\036\005Ac2\037\037-\006\264:(BJ\2117\023Qi\320H\025"
 3106      63321F1F 
 3106      2D06B43A 
 3106      28424A89 
 3106      37135169 
 3107 0c02 792E5364 		.ascii	"y.Sd\234\367\205*\266\341\256H\017}\201\336\232,\370"
 3107      9CF7852A 
 3107      B6E1AE48 
 3107      0F7D81DE 
 3107      9A2CF8
 3108 0c15 426CE936 		.ascii	"Bl\3516\353\212q\336\025\223/\350\012\340\314\034c\372"
 3108      EB8A71DE 
 3108      15932FE8 
 3108      0AE0CC1C 
 3108      63FA
 3109 0c27 7D927B65 		.ascii	"}\222{e\302\350\221\230\242\2322G2\217V\206\214x\254"
 3109      C2E89198 
 3109      A29A3247 
 3109      328F5686 
 3109      8C78AC
 3110 0c3a 73EDCD69 		.ascii	"s\355\315i\205).LN\356\365P\233\242\222\3321-\323g\006"
 3110      85292E4C 
 3110      4EEEF550 
 3110      9BA292DA 
 3110      312DD367 
 3111 0c4f 1D3AC31C 		.ascii	"\035:\303\034:~\325p\343@N\230(\342\342{3M\004\375\353"
 3111      3A7ED570 
 3111      E3404E98 
 3111      28E2E27B 
 3111      334D04FD 
 3112 0c64 02E00ADE 		.ascii	"\002\340\012\336\224\336\220f \257\332\010\237\177]"
 3112      94DE9066 
 3112      20AFDA08 
 3112      9F7F5D
 3113 0c73 7807C4CD 		.ascii	"x\007\304\315\202\2709Ao#\314\003\302\0020\2131\330"
ARM GAS  /tmp/ccVr2doo.s 			page 252


 3113      82B83941 
 3113      6F23CC03 
 3113      C202308B 
 3113      31D8
 3114 0c85 B2033106 		.ascii	"\262\0031\006\300>\372w\366\035\230z\257\2357\330\353"
 3114      C03EFA77 
 3114      F61D987A 
 3114      AF9D37D8 
 3114      EB
 3115 0c96 3903F717 		.ascii	"9\003\367\0271\000\344\245\203\326`\"\325vQ\320K\264"
 3115      3100E4A5 
 3115      83D66022 
 3115      D57651D0 
 3115      4BB4
 3116 0ca8 5D120772 		.ascii	"]\022\007r\335\352\365\274 \305\203_$x\313h\3252\206"
 3116      DDEAF5BC 
 3116      20C5835F 
 3116      2478CB68 
 3116      D53286
 3117 0cbb C9486682 		.ascii	"\311Hf\202\026\007\372\373\240Y\326\023\232D\250>\006"
 3117      1607FAFB 
 3117      A059D613 
 3117      9A44A83E 
 3117      06
 3118 0ccc 4EFA442A 		.ascii	"N\372D*a\225*\364\366\353\302\012\3523\231S\367\350"
 3118      61952AF4 
 3118      F6EBC20A 
 3118      EA339953 
 3118      F7E8
 3119 0cde 8CB4AF40 		.ascii	"\214\264\257@\263$\263m\324\021\223D\265\000m\017w\257"
 3119      B324B36D 
 3119      D4119344 
 3119      B5006D0F 
 3119      77AF
 3120 0cf0 48DD9360 		.ascii	"H\335\223`\036\343_\021\250=\302:0[c\3146\204'\310\021"
 3120      1EE35F11 
 3120      A83DC23A 
 3120      305B63CC 
 3120      368427C8 
 3121 0d05 BF0341CB 		.ascii	"\277\003A\313\301q\251\232\\bg\266m\257y\353\311\015"
 3121      C171A99A 
 3121      5C6267B6 
 3121      6DAF79EB 
 3121      C90D
 3122 0d17 3682E7AE 		.ascii	"6\202\347\256\353a\354`Z-\011\037y\324\022\177l\\\315"
 3122      EB61EC60 
 3122      5A2D091F 
 3122      79D4127F 
 3122      6C5CCD
 3123 0d2a A70F2833 		.ascii	"\247\017(3\316\016xoW\026\261C%c.N$\016\211\012z\306"
 3123      CE0E786F 
 3123      5716B143 
 3123      25632E4E 
 3123      240E890A 
 3124 0d40 97888268 		.ascii	"\227\210\202hOATr_=!\033o\373\262\3608\020\303\374$"
 3124      4F415472 
 3124      5F3D211B 
ARM GAS  /tmp/ccVr2doo.s 			page 253


 3124      6FFBB2F0 
 3124      3810C3FC 
 3125 0d55 FBA24165 		.ascii	"\373\242Ae\014\363\315\201O\305\234a\306\001\014a\033"
 3125      0CF3CD81 
 3125      4FC59C61 
 3125      C6010C61 
 3125      1B
 3126 0d66 D81EFD0C 		.ascii	"\330\036\375\014a.lq\002\032\252\207\306P\235\275\351"
 3126      612E6C71 
 3126      021AAA87 
 3126      C6509DBD 
 3126      E9
 3127 0d77 707526B3 		.ascii	"pu&\263h\200{JY\276\316J\244\037[$\017p\211\373*\331"
 3127      68807B4A 
 3127      59BECE4A 
 3127      A41F5B24 
 3127      0F7089FB 
 3128 0d8d 61D4646D 		.ascii	"a\324dmzcW'\274\374\354\231\305\374c#\234q\352sH>\027"
 3128      7A635727 
 3128      BCFCEC99 
 3128      C5FC6323 
 3128      9C71EA73 
 3129 0da4 C6746730 		.ascii	"\306tg04?\316\377r\366\024Zv\0028\247 \351\314\262e"
 3129      343FCEFF 
 3129      72F6145A 
 3129      760238A7 
 3129      20E9CCB2 
 3130 0db9 88BFF271 		.ascii	"\210\277\362q\314\216\024y\3232r\235(\021t\\\035J\362"
 3130      CC8E1479 
 3130      D332729D 
 3130      2811745C 
 3130      1D4AF2
 3131 0dcc 14309EEC 		.ascii	"\0240\236\354\240\331\352\353V\346d5\026\257x,^b,\266"
 3131      A0D9EAEB 
 3131      56E66435 
 3131      16AF782C 
 3131      5E622CB6 
 3132 0de0 B4854E70 		.ascii	"\264\205NpZ=\235\224\202\253<\325\030\213\303l>\333"
 3132      5A3D9D94 
 3132      82AB3CD5 
 3132      188BC36C 
 3132      3EDB
 3133 0df2 5BA851C4 		.ascii	"[\250Q\304\342\0150\273f\314ni,^a,\336\262X\364\354"
 3133      E20D30BB 
 3133      66CC6E69 
 3133      2C5E612C 
 3133      DEB258F4 
 3134 0e07 08AE7344 		.ascii	"\010\256sD~*h\246\007\204|\325\252*\367\\\225;T\305"
 3134      7E2A68A6 
 3134      07847CD5 
 3134      AA2AF75C 
 3134      953B54C5 
 3135 0e1b 753CBFCA 		.ascii	"u<\277\312\011I\011\015\266J\3778\035\252\362*4\207"
 3135      0949090D 
 3135      B64AFF38 
 3135      1DAAF22A 
 3135      3487
ARM GAS  /tmp/ccVr2doo.s 			page 254


 3136 0e2d 77A65D6C 		.ascii	"w\246]l\3155y\004^\017\214\227A\365\004\031\342w H\031"
 3136      CD357904 
 3136      5E0F8C97 
 3136      41F50419 
 3136      E2772048 
 3137 0e42 1F76E596 		.ascii	"\037v\345\226\275\004\315\235\005\257i\225UU\\U\250"
 3137      BD04CD9D 
 3137      05AF6995 
 3137      55555C55 
 3137      A8
 3138 0e53 8A8B8AA9 		.ascii	"\212\213\212\251\342r\353\366\253H\372\036Z\271\364"
 3138      E272EBF6 
 3138      AB48FA1E 
 3138      5AB9F4
 3139 0e62 36AD72A7 		.ascii	"6\255r\247x\323\001:\223\345wbo\256\212\273\352u\301"
 3139      78D3013A 
 3139      93E57762 
 3139      6FAE8ABB 
 3139      EA75C1
 3140 0e75 4D457979 		.ascii	"MEyyPU(C\374\016\004}\235\233\261\004\371\331Cs\317"
 3140      50552843 
 3140      FC0E047D 
 3140      9D9BB104 
 3140      F9D94373 
 3141 0e8a D7F55667 		.ascii	"\327\365VgU\025/\256\212'\252\222s\036\030\247GZ\232"
 3141      55152FAE 
 3141      8A27AA92 
 3141      731E18A7 
 3141      475A9A
 3142 0e9d 776AC7FB 		.ascii	"wj\307\373R\235P\227%\372s\362\342\301\276\326\\\027"
 3142      529D5097 
 3142      25FA73F2 
 3142      E2C1BED6 
 3142      5C17
 3143 0eaf 1FD0C59B 		.ascii	"\037\320\305\233\351\342Ku\361B]|\231.\003\035c\321"
 3143      E9E24B75 
 3143      F1425D7C 
 3143      992E031D 
 3143      63D1
 3144 0ec1 3AE24F58 		.ascii	":\342OXD\267\244O\226\331\011v\230\216\275X6u\013~I"
 3144      44B7A44F 
 3144      96D90976 
 3144      988EBD58 
 3144      36750B7E 
 3145 0ed6 3066533F 		.ascii	"0fS?\025\224A*;\033!\0008\006\2520\035\323\003,\035"
 3145      1594412A 
 3145      3B1B2100 
 3145      3806AA30 
 3145      1DD3032C 
 3146 0eeb BF84BFC1 		.ascii	"\277\204\277\301?4\357\370\324\224\360\244\366\0264"
 3146      3F34EFF8 
 3146      D494F0A4 
 3146      F61634
 3147 0efa CFA65BDB 		.ascii	"\317\246[\333\035\255\332\030\314m\014B\033\375\033"
 3147      1DADDA18 
 3147      CC6D0C42 
 3147      1BFD1B
ARM GAS  /tmp/ccVr2doo.s 			page 255


 3148 0f09 AFFBEC91 		.ascii	"\257\373\354\221\366\347\350\220\215\332\360\347\011"
 3148      F6E7E890 
 3148      8DDAF0E7 
 3148      09
 3149 0f16 31980651 		.ascii	"1\230\006Q\336tf\204\302\306P\320(\204\331\030Fm\014"
 3149      DE746684 
 3149      C2C650D0 
 3149      2884D918 
 3149      466D0C
 3150 0f29 461BC398 		.ascii	"F\033\303\230\215\205\033g\331\234_\037\253\022\263"
 3150      8D851B67 
 3150      D99C5F1F 
 3150      AB12B3
 3151 0f38 667DEDAD 		.ascii	"f}\355\255*\023\301\225\011Ge\326zv\312x\004\367\323"
 3151      2A13C195 
 3151      094765D6 
 3151      7A76CA78 
 3151      04F7D3
 3152 0f4b 76F45E4F 		.ascii	"v\364^O\034\327f\211\026\256\255Q7\231\316\346\332D"
 3152      1CD76689 
 3152      16AEAD51 
 3152      3799CEE6 
 3152      DA44
 3153 0f5d 8136914C 		.ascii	"\2016\221L\233h\252M\004j\023\315\2649l8\035\342\332"
 3153      9B68AA4D 
 3153      046A13CD 
 3153      B4396C38 
 3153      1DE2DA
 3154 0f70 7C98F658 		.ascii	"|\230\366XZZ\224\255Ueb\27121\250\314r|\340\250\006"
 3154      5A5A94AD 
 3154      556562B9 
 3154      3231A8CC 
 3154      727CE0A8 
 3155 0f85 693F4269 		.ascii	"i?Bi\223\223\022y\357\027S\317\314,\336\205;\231\353"
 3155      93931279 
 3155      EF1753CF 
 3155      CC2CDE85 
 3155      3B99EB
 3156 0f98 120FBAC4 		.ascii	"\022\017\272\3041]\022\250"
 3156      315D12A8 
 3157 0fa0 2EB1A84B 		.ascii	".\261\250K\002\323\245\321/ \314\272'\022\271\3605\034"
 3157      02D3A5D1 
 3157      2F20CCBA 
 3157      2712B9F0 
 3157      351C
 3158 0fb2 90E2087C 		.ascii	"\220\342\010|\202#\260w\370\344H,f\3510\210\364\013"
 3158      8223B077 
 3158      F8E4482C 
 3158      66E93088 
 3158      F40B
 3159 0fc4 3EB23317 		.ascii	">\2623\027\236\014\302\223\230\360\024*<\021\205\247"
 3159      9E0CC293 
 3159      98F0142A 
 3159      3C1185A7 
 3160 0fd4 30E12507 		.ascii	"0\341%\007k\031v\310\257\205\362\337\230>.\266\263\252"
 3160      6B1976C8 
 3160      AF85F2DF 
ARM GAS  /tmp/ccVr2doo.s 			page 256


 3160      983E2EB6 
 3160      B3AA
 3161 0fe6 4C1A5726 		.ascii	"L\032W&\025=\221\346\336\022\306\227\017\255\264\355"
 3161      153D91E6 
 3161      DE12C697 
 3161      0FADB4ED 
 3162 0ff6 D633DCA9 		.ascii	"\3263\334\251\345AB\273\305\345"
 3162      E54142BB 
 3162      C5E5
 3163 1000 A2AA50A1 		.ascii	"\242\252P\241M\006h\223\316\264\311\244\332\244\241"
 3163      4D066893 
 3163      CEB4C9A4 
 3163      DAA4A1
 3164 100f 36994C1B 		.ascii	"6\231L\033q\001\362\004\027 \221G\245cj\253\312dse\262"
 3164      7101F204 
 3164      17209147 
 3164      A5636AAB 
 3164      CA647365 
 3165 1024 5099A5D2 		.ascii	"P\231\245\322\232z\276x\361\246\375\320\327\220\267"
 3165      9A7ABE78 
 3165      F1A6FDD0 
 3165      D790B7
 3166 1033 A231179E 		.ascii	"\2421\027\236\243\302\000\267\021r\251\360l\024\236"
 3166      A3C200B7 
 3166      1172A9F0 
 3166      6C149E
 3167 1042 CB847BD7 		.ascii	"\313\204{\327\345U\362\344D\233\225\205\321\015z\253"
 3167      E555F2E4 
 3167      449B9585 
 3167      D10D7AAB 
 3168 1052 C2F3B9F0 		.ascii	"\302\363\271\360<\024\336\347\357\325\300G\032\315\376"
 3168      3C14DEE7 
 3168      EFD5C047 
 3168      1ACDFE
 3169 1061 DB7B49F3 		.ascii	"\333{I\363<&\242i\267\024\227\035\\\250\315u)\004]\012"
 3169      3C26A269 
 3169      B714971D 
 3169      5CA8CD75 
 3169      29045D0A 
 3170 1075 982E4554 		.ascii	"\230.ET\227|\324\245\210\351R\036\023\350\317\327,\277"
 3170      977CD4A5 
 3170      88E9521E 
 3170      13E8CFD7 
 3170      2CBF
 3171 1087 00CDFB8E 		.ascii	"\000\315\373\216\231\027\2242%\\\227b\324e$lf\221w\351"
 3171      99179432 
 3171      255C9762 
 3171      D465246C 
 3171      669177E9 
 3172 109b 2FD2249D 		.ascii	"/\322$\235\026\356\305sv3\315\341u\375\235\356\202\271"
 3172      16EEC573 
 3172      7633CDE1 
 3172      75FD9DEE 
 3172      82B9
 3173 10ad 2E65A04B 		.ascii	".e\240K)\323\245\234\352R\202\272\2243]\222\272\347"
 3173      29D3A59C 
 3173      EA5282BA 
ARM GAS  /tmp/ccVr2doo.s 			page 257


 3173      94335D92 
 3173      BAE7
 3174 10bf 166C91DF 		.ascii	"\026l\221\337\373\241yq04\357lU\227J\256K\005\037\270"
 3174      FBA17971 
 3174      3034EF6C 
 3174      55974AAE 
 3174      4B051FB8 
 3175 10d3 99BDFF82 		.ascii	"\231\275\377\202\244\257\323\245W\254\177\027\037\266"
 3175      A4AFD3A5 
 3175      57AC7F17 
 3175      1FB6
 3176 10e1 53D42D7B 		.ascii	"S\324-{\263\356\355\012U\252A\225*\246J\015U\245\022"
 3176      B3EEED0A 
 3176      55AA4195 
 3176      2AA64A0D 
 3176      55A512
 3177 10f4 55A961AA 		.ascii	"U\251a\252L\304e\370i\254\312\256\345\262\335PvEbJ\247"
 3177      4CC465F8 
 3177      69ACCAAE 
 3177      E5B2DD50 
 3177      7645624A 
 3178 1109 98B2A8B4 		.ascii	"\230\262\250\264\271\232\302dE@\324\251\260\017m\204"
 3178      B99AC264 
 3178      4540D4A9 
 3178      B00F6D84 
 3179 1119 7A2AAD16 		.ascii	"z*\255\026\245\3253i\005\311\247\011\260\354`iYX\316"
 3179      A5D53369 
 3179      05C9A709 
 3179      B0EC6069 
 3179      5958CE
 3180 112c 6FF5D192 		.ascii	"o\365\321\222Hl\024\346\337\026\353\325t\237\342/\035"
 3180      486C14E6 
 3180      DF16EBD5 
 3180      749FE22F 
 3180      1D
 3181 113d 847F56D3 		.ascii	"\204\177V\323C\315\345\265e\016$\016\177\017XJ\317W"
 3181      43CDE5B5 
 3181      650E240E 
 3181      7F0F584A 
 3181      CF57
 3182 114f 5672CD90 		.ascii	"Vr\315\220\271[T\322\242\254\371\266z\326\201\344#Q"
 3182      B95B54D2 
 3182      A2ACF9B6 
 3182      7AD681E4 
 3182      2351
 3183 1161 9977FD92 		.ascii	"\231w\375\222\203\202\250UA44Y\377\334NZ\311\301rH\342"
 3183      8382A855 
 3183      41343459 
 3183      FFDC4E5A 
 3183      C9C17248 
 3184 1176 8576152F 		.ascii	"\205v\025/\235\347+\373\262\034\231\222pHhR15\305\031"
 3184      9DE72BFB 
 3184      B21C9992 
 3184      70486852 
 3184      3135C519 
 3185 118a F829CEC0 		.ascii	"\370)\316\300\361\023E\275\266\257D0\237\270\031^R\011"
 3185      F11345BD 
ARM GAS  /tmp/ccVr2doo.s 			page 258


 3185      B6AF4430 
 3185      9FB8195E 
 3185      5209
 3186 119c 7FF53EA1 		.ascii	"\177\365>\241S\205\323?,vU\257@-\245R#\277\336\273\273"
 3186      5385D33F 
 3186      2C7655AF 
 3186      402DA552 
 3186      23BFDEBB 
 3187 11b1 44B5542E 		.ascii	"D\265T.\374,\221\333\015B\230\222\200\232]\025\236g"
 3187      FC2C91DB 
 3187      0D429892 
 3187      809A5D15 
 3187      9E67
 3188 11c3 4FEAD1AE 		.ascii	"O\352\321\256\313\301\276-\253tB\017\330'%\335\233\361"
 3188      CBC1BE2D 
 3188      AB74420F 
 3188      D82725DD 
 3188      9BF1
 3189 11d5 AB124807 		.ascii	"\253\022H\007\222&\267.\177\232\364\341w\317\265\202"
 3189      9226B72E 
 3189      7F9AF4E1 
 3189      77CFB582 
 3190 11e5 7B4286B1 		.ascii	"{B\206\261\3219\332\003\205\230\271\257\006\200\327"
 3190      D139DA03 
 3190      8598B9AF 
 3190      0680D7
 3191 11f4 A0CC573E 		.ascii	"\240\314W>\215\205? \013\334\277;U]\312\305\371\220"
 3191      8D853F20 
 3191      0BDCBF3B 
 3191      555DCAC5 
 3191      F990
 3192 1206 8266A9E2 		.ascii	"\202f\251\342.V\266\344\030\226\371wD\364\357V\367\305"
 3192      2E56B6E4 
 3192      1896F977 
 3192      44F4EF56 
 3192      F7C5
 3193 1218 BA2D3940 		.ascii	"\272-9@\346\365\236\367\215t\224}\024\012 \370s\206"
 3193      E6F59EF7 
 3193      8D74947D 
 3193      140A20F8 
 3193      7386
 3194 122a 435D87FB 		.ascii	"C]\207\373\317\005<D1.z\242\362\034\311\031\242\373"
 3194      CF053C44 
 3194      312E7AA2 
 3194      F21CC919 
 3194      A2FB
 3195 123c FB2DA7EB 		.ascii	"\373-\247\353p\255\304dHj\336q\025#\241E\353s\350\211"
 3195      70ADC464 
 3195      486ADE71 
 3195      1523A145 
 3195      EB73E889 
 3196 1250 3116CCEA 		.ascii	"1\026\314\352\356\304\345_\025\236\031w\002&\275\311"
 3196      EEC4E55F 
 3196      159E1977 
 3196      0226BDC9 
 3197 1260 605B6080 		.ascii	"`[`\200!\331\225P\205\204~ \232VY\256H\221\342!\376"
 3197      21D99550 
ARM GAS  /tmp/ccVr2doo.s 			page 259


 3197      85847E20 
 3197      9A5659AE 
 3197      4891E221 
 3198 1275 499A9BA1 		.ascii	"I\232\233\241\373{\302\204J/\214*\320\261ZVl\035\210"
 3198      FB7BC284 
 3198      4A2F8C2A 
 3198      D0B15A56 
 3198      6C1D88
 3199 1288 550B73ED 		.ascii	"U\013s\3554\272I\230Q=\023&\001\246T\322\355\203\370"
 3199      34BA4998 
 3199      513D1326 
 3199      01A654D2 
 3199      ED83F8
 3200 129b A7C89FAA 		.ascii	"\247\310\237\252C\327\011\026\324\371,\356\036\234\007"
 3200      43D70916 
 3200      D4F92CEE 
 3200      1E9C07
 3201 12aa 34CC3BBC 		.ascii	"4\314;\274lY\316\220u94\265\325\307\357;\222b5\365\241"
 3201      6C59CE90 
 3201      753934B5 
 3201      D5C7EF3B 
 3201      926235F5 
 3202 12bf 2663FFE6 		.ascii	"&c\377\346Z\240\233#\317\236\361\222>\220$\245\215\032"
 3202      5AA09B23 
 3202      CF9EF192 
 3202      3E9024A5 
 3202      8D1A
 3203 12d1 98536681 		.ascii	"\230Sf\201G\037\360Z\200OS\351ey\177D\234\037\331\000"
 3203      471FF05A 
 3203      804F53E9 
 3203      65797F44 
 3203      9C1FD900 
 3204 12e5 5DE0C2E7 		.ascii	"]\340\302\347A\360\022\300\"\300\262\324\320\207\330"
 3204      41F012C0 
 3204      22C0B2D4 
 3204      D087D8
 3205 12f4 A7E9CC50 		.ascii	"\247\351\314P\030\372\015\234\300d\247\213J\262l\000"
 3205      18FA0D9C 
 3205      C064A78B 
 3205      4AB26C00 
 3206 1304 EC85D827 		.ascii	"\354\205\330'\210\335Kc\\\201\216n\227t\323\314\353"
 3206      88DD4B63 
 3206      5C818E6E 
 3206      9774D3CC 
 3206      EB
 3207 1315 B8CCA0BD 		.ascii	"\270\314\240\2754g\205\273\270\013S\034\0303\342\370"
 3207      346785BB 
 3207      B80B531C 
 3207      1833E2F8 
 3208 1325 B265535A 		.ascii	"\262eSZ_l\012\215\330\350\332=\331\276\307\212L\324"
 3208      5F6C0A8D 
 3208      D8E8DA3D 
 3208      D9BEC78A 
 3208      4CD4
 3209 1337 2A0B73FA 		.ascii	"*\013s\372A\253=\237\261\177!\233\314\355Bj\321D\211"
 3209      41AB3D9F 
 3209      B17F219B 
ARM GAS  /tmp/ccVr2doo.s 			page 260


 3209      CCED426A 
 3209      D14489
 3210 134a C672E8AE 		.ascii	"\306r\350\256)CWXW\3215Lp@\311\242\012'\202\017@\363"
 3210      29435758 
 3210      57D1354C 
 3210      7040C9A2 
 3210      0A27820F 
 3211 1360 E172384C 		.ascii	"\341r8Lk5\217o\362<\276\201y|5\2543\221W\031o\322\342"
 3211      6B358F6F 
 3211      F23CBE81 
 3211      797C35AC 
 3211      33915719 
 3212 1377 7BEE79BF 		.ascii	"{\356y\277\0123\330\021M\353\247\036C\375\212\345\320"
 3212      0A33D811 
 3212      4DEBA71E 
 3212      43FD8AE5 
 3212      D0
 3213 1388 3688DF62 		.ascii	"6\210\337b\316\332\241i}\023\323\372\016K\353\315K\001"
 3213      CEDAA169 
 3213      7D13D3FA 
 3213      0E4BEBCD 
 3213      4B01
 3214 139a D7B4F27F 		.ascii	"\327\264\362\177\203\256U$\343\364\015\034\247\231\333"
 3214      83AE5524 
 3214      E3F40D1C 
 3214      A799DB
 3215 13a9 8D7B7A72 		.ascii	"\215{zr\206\306\372\027D\007\332\331z\262*\274M\272"
 3215      86C6FA17 
 3215      4407DAD9 
 3215      7AB22ABC 
 3215      4DBA
 3216 13bb 29B20FA6 		.ascii	")\262\017\246\036\250lY\332\020\366@\332.*\273\037\344"
 3216      1EA86C59 
 3216      DA10F640 
 3216      DA2E2ABB 
 3216      1FE4
 3217 13cd 9E45888B 		.ascii	"\236E\210\213\0063N]\320\225\223%\352CK\324\302\221"
 3217      06334E5D 
 3217      D0959325 
 3217      EA434BD4 
 3217      C291
 3218 13df 8AEE4FE6 		.ascii	"\212\356O\346$e\267;\222`\344\260;\324\\f\334S\221r"
 3218      2465B73B 
 3218      9260E4B0 
 3218      3BD45C66 
 3218      DC539172 
 3219 13f3 38563185 		.ascii	"8V1\205\251\253\215\364'\314\325b&\372\2162\023}\007"
 3219      A9AB8DF4 
 3219      27CCD562 
 3219      26FA8E32 
 3219      137D07
 3220 1406 2D4CBF3E 		.ascii	"-L\277>\254r \321(!\270\371\372\304I\354NwYw\236\253"
 3220      AC7220D1 
 3220      2821B8F9 
 3220      FAC449EC 
 3220      4E775977 
 3221 141c 18099571 		.ascii	"\030\011\225q\0062N\251\214\013&#\350$`\326\216$!\007"
ARM GAS  /tmp/ccVr2doo.s 			page 261


 3221      06324EA9 
 3221      8C0B2623 
 3221      E82460D6 
 3221      8E242107 
 3222 1430 AFDA464F 		.ascii	"\257\332FO\255e\016\227\0268\\1\016\246\031\364\333"
 3222      AD650E97 
 3222      16385C31 
 3222      0EA619F4 
 3222      DB
 3223 1441 F67C061D 		.ascii	"\366|\006\035m\353.p\226\316E\360\213i.\272\241s\321"
 3223      6DEB2E70 
 3223      96CE45F0 
 3223      8B692EBA 
 3223      A173D1
 3224 1454 B53817B5 		.ascii	"\2658\027\265>/\274\260\227\006\357\215l.\272\305\340"
 3224      3E2FBCB0 
 3224      9706EF8D 
 3224      6C2EBAC5 
 3224      E0
 3225 1465 BD65C15B 		.ascii	"\275e\301[\3648\027\247\027qA?\341o\336'A\375k\206y"
 3225      F43817A7 
 3225      1771413F 
 3225      E16FDE27 
 3225      41FD6B86 
 3226 147a C73027E6 		.ascii	"\3070'\346\323\222y\005\250\241\011>\343\302\323z-\374"
 3226      D3927905 
 3226      A8A1093E 
 3226      E3C2D37A 
 3226      2DFC
 3227 148c C0A3F41E 		.ascii	"\300\243\364\036;\276j(&\212o>i\351\322\253jv\233G\351"
 3227      3BBE6A28 
 3227      268A6F3E 
 3227      69E9D2AB 
 3227      6A769B47 
 3228 14a1 3B742EBE 		.ascii	";t.\276\235\233 \346Aj \257\013\217,H]\310\023d\210"
 3228      9D9B20E6 
 3228      416A20AF 
 3228      0B8F2C48 
 3228      5DC81364 
 3229 14b6 DFE90437 		.ascii	"\337\351\0047\321\331k}E\342JP\366\003.\012j\273*\317"
 3229      D1D96B7D 
 3229      45E24A50 
 3229      F6032E0A 
 3229      6ABB2ACF 
 3230 14ca 148B5F13 		.ascii	"\024\213_\023\266\033\345NI\360;\035\002\327\013[\326"
 3230      B61BE54E 
 3230      49F03B1D 
 3230      02D70B5B 
 3230      D6
 3231 14db B9BB73EE 		.ascii	"\271\273s\356\217\274\260\216I\217\344\226\351$\345"
 3231      8FBCB08E 
 3231      498FE496 
 3231      E924E5
 3232 14ea E5532C2F 		.ascii	"\345S,/\347\013\007\347\025U\225'X\346A\330\312\231"
 3232      E70B07E7 
 3232      15559527 
 3232      58E641D8 
ARM GAS  /tmp/ccVr2doo.s 			page 262


 3232      CA99
 3233 14fc CA7647D9 		.ascii	"\312vG\331^LvV\210o#/\225;\331\366\361\235\337\206\365"
 3233      5E4C7656 
 3233      886F232F 
 3233      953BD9F6 
 3233      F19DDF86 
 3234 1511 9ACE87EB 		.ascii	"\232\316\207\353\342M\230.\213\023+\245|\335\326E\333"
 3234      E24D982E 
 3234      8B132BA5 
 3234      7CDDD645 
 3234      DB
 3235 1522 89255305 		.ascii	"\211%S\005\204\357\323\321\025\307q\357\326\337\232"
 3235      84EFD3D1 
 3235      15C771EF 
 3235      D6DF9A
 3236 1531 2BE307CA 		.ascii	"+\343\007\312\3702e\374\2512>\250\214?SF\334[y\302\367"
 3236      F83265FC 
 3236      A9323EA8 
 3236      8C3F5346 
 3236      DC5B79C2 
 3237 1546 56CA562A 		.ascii	"V\312V*\243\254\027\375\201\\\231\000T\246'\261\323"
 3237      A3AC17FD 
 3237      815C9900 
 3237      54A627B1 
 3237      D3
 3238 1557 95138FD0 		.ascii	"\225\023\217\320v\324L\316\2213_\201\320\3709\337\330"
 3238      76D44CCE 
 3238      91335F81 
 3238      D0F839DF 
 3238      D8
 3239 1568 5D5164A6 		.ascii	"]Qd\246`\320&\210i\023B\265\011DmB\2306\335w\321\021"
 3239      60D02688 
 3239      691342B5 
 3239      09446D42 
 3239      9836DD77 
 3240 157e D6F74342 		.ascii	"\326\367CB\271t\017\224\3368\356\261\240\010)\323\306"
 3240      B9740F94 
 3240      DE38EEB1 
 3240      A00829D3 
 3240      C6
 3241 158f 5718E51E 		.ascii	"W\030\345\036\212\334\303\030w\337\373p\017\236G;\330"
 3241      8ADCC318 
 3241      77DFFB70 
 3241      0F9E473B 
 3241      D8
 3242 15a0 C65B5A6B 		.ascii	"\306[Zk\270\365B>\202K\013Gi\351\315\235\305\366|\225"
 3242      B8F5423E 
 3242      824B0B47 
 3242      69E9CD9D 
 3242      C5F67C95 
 3243 15b4 4B1DBD77 		.ascii	"K\035\275w\260\275\355`.=\222`G\331@Z}\202,\360;]!\225"
 3243      B0BDED60 
 3243      2E3D9260 
 3243      47D9405A 
 3243      7D822CF0 
 3244 15cc 168AD23F 		.ascii	"\026\212\322?D3\310b\301\231\365^\217\341\302\243Q\370"
 3244      4433C862 
ARM GAS  /tmp/ccVr2doo.s 			page 263


 3244      C199F55E 
 3244      8FE1C2A3 
 3244      51F8
 3245 15de 636AE208 		.ascii	"cj\342\010\017\231gt\2505\334\247\360\025M2]\351\265"
 3245      0F996774 
 3245      A835DCA7 
 3245      F0154D32 
 3245      5DE9B5
 3246 15f1 4F07E7E9 		.ascii	"O\007\347\351\315u\211\003]b\231.\361T\227\030\324%"
 3246      CD758903 
 3246      5D62992E 
 3246      F1549718 
 3246      D425
 3247 1603 9EE91258 		.ascii	"\236\351\022XxR\302\307\371\247\240y\333\034\031h}s"
 3247      7852C2C7 
 3247      F9A7A079 
 3247      DB1C1968 
 3247      7D73
 3248 1615 2E91EB92 		.ascii	".\221\353\222\200\272\204ef\364\363\005\370\247\331"
 3248      80BA8465 
 3248      66F4F305 
 3248      F8A7D9
 3249 1624 82DBE38C 		.ascii	"\202\333\343\214\373e\213\352\222\353~\362\226b\375"
 3249      FB658BEA 
 3249      92EB7EF2 
 3249      9662FD
 3250 1633 0DAA2431 		.ascii	"\015\252$1UR\250*\211\250J\012S\245\252s+\203\273\305"
 3250      5552A82A 
 3250      89A84A0A 
 3250      53A5AA73 
 3250      2B83BBC5 
 3251 1647 914640D2 		.ascii	"\221F@\322@\255uU\322\270*\251\250J]\212g\033\037\230"
 3251      40AD7555 
 3251      D2B82AA9 
 3251      A84A5D8A 
 3251      671B1F98 
 3252 165b 4ED02CF5 		.ascii	"N\320,\365\3378\341{\001G\354\304F\355\345\200\"@2@"
 3252      DF38E17B 
 3252      0147ECC4 
 3252      46EDE580 
 3252      22403240 
 3253 166f 9774A64B 		.ascii	"\227t\246K&\325%\015u\311d\272\024\373\216\337q]>\013"
 3253      26D5250D 
 3253      75C964BA 
 3253      14FB8EDF 
 3253      715D3E0B 
 3254 1683 CDB3EAD2 		.ascii	"\315\263\352\322T\353\361\221\315u\311B]\374\222\263"
 3254      54EBF191 
 3254      CD75C942 
 3254      5DFC92B3 
 3255 1693 8AF9A6C8 		.ascii	"\212\371\246\310\347h\341\0366\224\300\207B0]t\016\257"
 3255      E768E11E 
 3255      3694C087 
 3255      42305D74 
 3255      0EAF
 3256 16a5 25F728C2 		.ascii	"%\367(\302%\027t\311a\272\344Q]\262Q\227<\246\313^\274"
 3256      251774C9 
ARM GAS  /tmp/ccVr2doo.s 			page 264


 3256      61BAE451 
 3256      5DB25197 
 3256      3CA6CB5E 
 3257 16ba 7F90F5A5 		.ascii	"\177\220\365\245\177>\027\236\216\302\233\213\303\306"
 3257      7F3E179E 
 3257      8EC29B8B 
 3257      C3C6
 3258 16c8 789FD0E9 		.ascii	"x\237\320\351\316? \342\222\013\277b~r[\011P\354\310"
 3258      CE3F20E2 
 3258      920BBF62 
 3258      7E725B09 
 3258      50ECC8
 3259 16db 1482F002 		.ascii	"\024\202\360\002&\274\210\012\317G\341EL\370DSJ=\217"
 3259      26BC880A 
 3259      CF47E145 
 3259      4CF84453 
 3259      4A3D8F
 3260 16ee 8FFF441D 		.ascii	"\217\377D\035\221\355\375?\254/\276\271*\305\250Jn\335"
 3260      91EDFD3F 
 3260      AC2FBEB9 
 3260      2AC5A84A 
 3260      6EDD
 3261 1700 7634CFFB 		.ascii	"v4\317\373\006\032\017\345\307\2613*s\331\245\004w-"
 3261      061A0FE5 
 3261      C7B1332A 
 3261      73D9A504 
 3261      772D
 3262 1712 6C84322A 		.ascii	"l\2042*\273\004e\2271\331\271g\333\371\326Ss9\227V\213"
 3262      BB046597 
 3262      31D9B967 
 3262      DBF9D653 
 3262      73399756 
 3263 1727 897F3D75 		.ascii	"\211\177=u\357\275(\354c4\037\205M\2578\232\313\252"
 3263      EFBD28EC 
 3263      63341F85 
 3263      4DAF389A 
 3263      CBAA
 3264 1739 203845C1 		.ascii	" 8E\301J\232\312*GY\225L\326aw\3656\257\312\262i\004"
 3264      4A9ACA2A 
 3264      4759954C 
 3264      D66177F5 
 3264      36AFCAB2 
 3265 174f F5B46E3C 		.ascii	"\365\264n<\360\2046G\331\267Ge\244\360T\277D\023\232"
 3265      F0843647 
 3265      D9B74765 
 3265      A4F054BF 
 3265      44139A
 3266 1762 5F56FF2A 		.ascii	"_V\377*\017\220l\007\211\261O\270\261.3\376\031|`\032"
 3266      0F906C07 
 3266      89B14FB8 
 3266      B12E33FE 
 3266      197C601A 
 3267 1776 E8EA32CB 		.ascii	"\350\3522\313\275n\332\216\344c\231 \226]Ox\33151t\233"
 3267      BD6EDA8E 
 3267      E4639920 
 3267      965D4F78 
 3267      D9353174 
ARM GAS  /tmp/ccVr2doo.s 			page 265


 3268 178b 62BD879B 		.ascii	"b\275\207\233\270\241\215\350\326}\337\373(\305\006"
 3268      B8A18DE8 
 3268      D67DDFFB 
 3268      28C506
 3269 179a 5F3D9856 		.ascii	"_=\230V\307\272\260\231\232\326\304L\243\005\311\304"
 3269      C7BAB099 
 3269      9AD6C44C 
 3269      A305C9C4 
 3270 17aa 710C9734 		.ascii	"q\014\2274E\367v\207\366\032=4\\-jFwiB\222\216\224\241"
 3270      45F77687 
 3270      F61A3D34 
 3270      5C2D6A46 
 3270      77694292 
 3271 17c1 5A738FFB 		.ascii	"Zs\217\373k|\207\373)4\267;\3436\370"
 3271      6B7C87FB 
 3271      2934B73B 
 3271      E336F8
 3272 17d0 A64132D5 		.ascii	"\246A2\325r'\244\257\326\221\324\"nD\354\306\253\244"
 3272      7227A4AF 
 3272      D691D422 
 3272      6E44ECC6 
 3272      ABA4
 3273 17e2 13BFC764 		.ascii	"\023\277\307d\335\017\023\322\217\215\316 w\177=\031"
 3273      DD0F13D2 
 3273      8F8DCE20 
 3273      777F3D19 
 3274 17f2 C3C6F469 		.ascii	"\303\306\364if\265\275\345\002\271\207XX\333\011\015"
 3274      66B5BDE5 
 3274      02B98758 
 3274      58DB090D 
 3275 1802 17F51D4E 		.ascii	"\027\365\035Nd\221W|\033y\023*\262\205\015w\257\230"
 3275      6491577C 
 3275      1B79132A 
 3275      B2850D77 
 3275      AF98
 3276 1814 1EE5B9CE 		.ascii	"\036\345\271\316~\3402@\244K\326\262\307\034OBN8\321"
 3276      7EE03240 
 3276      A44BD6B2 
 3276      C71C4F42 
 3276      4E38D1
 3277 1827 79D28546 		.ascii	"y\322\205FA4\250 \212\314\033H\260\225\326PCD\272\000"
 3277      4134A820 
 3277      8ACC1B48 
 3277      B095D650 
 3277      4344BA00 
 3278 183b 18267C9D 		.ascii	"\030&|\235\233\022\026\223\341@n\031sm\370\321\366\240"
 3278      9B121693 
 3278      E1406E19 
 3278      736DF8D1 
 3278      F6A0
 3279 184d 8A9E6F79 		.ascii	"\212\236oyf~\312\005:\243\035:\203\235\257\032EA\302"
 3279      667ECA05 
 3279      3AA31D3A 
 3279      839DAF1A 
 3279      4541C2
 3280 1860 3879264C 		.ascii	"8y&L\000<\007\030\003\230$\222\205\324\346\300\263\350"
 3280      003C0718 
ARM GAS  /tmp/ccVr2doo.s 			page 266


 3280      03982492 
 3280      85D4E6C0 
 3280      B3E8
 3281 1872 133C0303 		.ascii	"\023<\003\003\213\004\241\213 \335\013\026G7Y\304\220"
 3281      8B04A18B 
 3281      20DD0B16 
 3281      473759C4 
 3281      90
 3282 1883 FE8ED04B 		.ascii	"\376\216\320K\364B\267\025l\323\312k\"K\207K)\361\304"
 3282      F442B715 
 3282      6CD3CA6B 
 3282      224B874B 
 3282      29F1C4
 3283 1896 951CFD6D 		.ascii	"\225\034\375m9\366\016\262\006\243\205>\005k\363\265"
 3283      39F60EB2 
 3283      06A3853E 
 3283      056BF3B5 
 3284 18a6 F442345F 		.ascii	"\364B4_KS\275G\024\350\2465 \2550\012b\177\364\262e"
 3284      4B53BD47 
 3284      14E8A635 
 3284      20AD300A 
 3284      627FF4B2 
 3285 18bb 4FEDBDBB 		.ascii	"O\355\275\273\247\200A\177y\374\212\023q\305K/\304\262"
 3285      A780417F 
 3285      79FC8A13 
 3285      71C54B2F 
 3285      C4B2
 3286 18cd F2099695 		.ascii	"\362\011\226\225\341\025\323\023|\317\323@\323\354R"
 3286      E115D313 
 3286      7CCFD340 
 3286      D3EC52
 3287 18dc DA45B540 		.ascii	"\332E\265@\374\021\227'\207'\230\034vsg\236;\221P\374"
 3287      FC119727 
 3287      8727981C 
 3287      7673679E 
 3287      3B9150FC 
 3288 18f0 69DEA3B6 		.ascii	"i\336\243\266\335\226\304a#\377\360\274\216\216\332"
 3288      DD96C461 
 3288      23FFF0BC 
 3288      8E8EDA
 3289 18ff 8FE9857F 		.ascii	"\217\351\205\177\227,\026>\206\213\205\336\225\312?"
 3289      972C163E 
 3289      868B85DE 
 3289      95CA3F
 3290 190e 23E988B9 		.ascii	"#\351\210\271Q\352\226c\213\221]\354fx\217\313g%g\372"
 3290      51EA9663 
 3290      8B915DEC 
 3290      66788FCB 
 3290      672567FA 
 3291 1922 570823A1 		.ascii	"W\010#\241\266,\203\201K8n\313g\263\353\354I\025\222"
 3291      B62C8381 
 3291      4B386ECB 
 3291      67B3EBEC 
 3291      491592
 3292 1935 47454595 		.ascii	"GEE\225\331\2226l\3704\373\266\353\311\0106\274\334"
 3292      D992366C 
 3292      F834FBB6 
ARM GAS  /tmp/ccVr2doo.s 			page 267


 3292      EBC90836 
 3292      BCDC
 3293 1947 B383ECC9 		.ascii	"\263\203\354\311\0046\226\302}\332\264V\244lZ\222\242"
 3293      043696C2 
 3293      7DDAB456 
 3293      A46C5A92 
 3293      A2
 3294 1958 6A2AF106 		.ascii	"j*\361\006[\304s\226\217\263\244\301\253+\300\220\354"
 3294      5BC47396 
 3294      8FB3A4C1 
 3294      AB2BC090 
 3294      EC
 3295 1969 FF8EB005 		.ascii	"\377\216\260\005\241\262\0014;\340fSm$\337\006(\246"
 3295      A1B20134 
 3295      3BE06653 
 3295      6D24DF06 
 3295      28A6
 3296 197b 671D5F95 		.ascii	"g\035_\225\010Y\347\004T\312\266\261\037zR\212\016\034"
 3296      0859E704 
 3296      54CAB6B1 
 3296      1F7A528A 
 3296      0E1C
 3297 198d C90DEA38 		.ascii	"\311\015\35289|\331\307\2670\024\344\273\026\311\317"
 3297      397CD9C7 
 3297      B73014E4 
 3297      BB16C9CF 
 3298 199d DA8F6FED 		.ascii	"\332\217o\355\210\257\216\221g\334\307\235:\222\000"
 3298      88AF8E91 
 3298      67DCC79D 
 3298      3A9200
 3299 19ac 6CA40C35 		.ascii	"l\244\0145@&\211b\015\355@\371\244\237r|\001\373Y0w"
 3299      40268962 
 3299      0DED40F9 
 3299      A49F727C 
 3299      01FB5930 
 3300 19c1 8646CD01 		.ascii	"\206F\315\001\260?\342\354\317!R\216\001N\000N\001\316"
 3300      B03FE2EC 
 3300      CF21528E 
 3300      014E004E 
 3300      01CE
 3301 19d3 88F40CE7 		.ascii	"\210\364\014\347.)\\\355E?\354\001\301\032'4\371!\311"
 3301      2E295CED 
 3301      453FEC01 
 3301      C11A2734 
 3301      F921C9
 3302 19e6 6CB36223 		.ascii	"l\263b#\356\215R7\203\267\233\203\260\012~[T\340g\231"
 3302      EE8D5237 
 3302      83B79B83 
 3302      B00A7E5B 
 3302      54E06799 
 3303 19fa E10FC6BF 		.ascii	"\341\017\306\277\232b\334\334X\340\350\246q0O\344\350"
 3303      9A62DCDC 
 3303      58E0E8A6 
 3303      71304FE4 
 3303      E8
 3304 1a0b 17F14F52 		.ascii	"\027\361OR\304\235\223C+\330\342(\003\375\007c\337\027"
 3304      C49D9343 
ARM GAS  /tmp/ccVr2doo.s 			page 268


 3304      2BD8E228 
 3304      03FD0763 
 3304      DF17
 3305 1a1d 6AA0E874 		.ascii	"j\240\350tcb\237\343\233\316eHw\224\312\033\036*\234"
 3305      63629FE3 
 3305      9BCE6548 
 3305      7794CA1B 
 3305      1E2A9C
 3306 1a30 499D8E67 		.ascii	"I\235\216g\364\362J\315\313\226\235w\361\356\316\243"
 3306      F4F24ACD 
 3306      CB969D77 
 3306      F1EECEA3 
 3307 1a40 63362B60 		.ascii	"c6+`\207\220.d\327x\177\323iKz\261\221\235v\332D,\347"
 3307      87902E64 
 3307      D7787FD3 
 3307      694B7AB1 
 3307      919D76DA 
 3308 1a57 F66B4BB9 		.ascii	"\366kK\271]S\231\033\365\340\3046\356\370&\325\345-"
 3308      5D53991B 
 3308      F5E0C436 
 3308      EEF826D5 
 3308      E52D
 3309 1a69 992F4BF7 		.ascii	"\231/K\3671\030\332]\264\302%\2502\007t\367\360)\352"
 3309      3118DA5D 
 3309      B4C225A8 
 3309      320774F7 
 3309      F029EA
 3310 1a7c 6896C980 		.ascii	"h\226\311\200\344!\221\024\302\372\337\307A\230\002"
 3310      E4219114 
 3310      C2FADFC7 
 3310      419802
 3311 1a8b BC4E8E2F 		.ascii	"\274N\216/\246\021\033\276q\317<'\263\272\225\340R\305"
 3311      A6111BBE 
 3311      71CF3C27 
 3311      B3BA95E0 
 3311      52C5
 3312 1a9d 86E153C5 		.ascii	"\206\341S\305\036\300\314[\200G\200;i.\356L 5\345L\304"
 3312      1EC0CC5B 
 3312      8047803B 
 3312      692EEE4C 
 3312      2035E54C 
 3313 1ab2 0DF4FC15 		.ascii	"\015\364\374\025\027a\365d\370D\"\311Gtz:|Z\201^*\315"
 3313      1761F564 
 3313      F84422C9 
 3313      47747A3A 
 3313      7C5A815E 
 3314 1ac8 8073A359 		.ascii	"\200s\243Y9|:\356\246\323q\315\316\372\017\311\015\372"
 3314      397C3AEE 
 3314      A6D371CD 
 3314      CEFA0FC9 
 3314      0DFA
 3315 1ada D323FAB4 		.ascii	"\323#\372\264\302\216\270\330\262F\370tg\263\223b\342"
 3315      C28EB8D8 
 3315      B246F874 
 3315      67B39362 
 3315      E2
 3316 1aeb 725513C1 		.ascii	"rU\023\301M-\235\270\016\003=2u\212+{\224x)\321~\215"
ARM GAS  /tmp/ccVr2doo.s 			page 269


 3316      4D2D9DB8 
 3316      0E033D32 
 3316      758A2B7B 
 3316      947829D1 
 3317 1b01 B28D6777 		.ascii	"\262\215gw\265TI\0175\237\340\226W\212\334U$\014\225"
 3317      B554490F 
 3317      359FE096 
 3317      578ADC55 
 3317      240C95
 3318 1b14 A86BF7A8 		.ascii	"\250k\367\250t$\251\330H\216\233\252\321+4\362\002I"
 3318      7424A9D8 
 3318      488E9BAA 
 3318      D12B34F2 
 3318      0249
 3319 1b26 DE728DDA 		.ascii	"\336r\215\332\0222\241\242@\242\305\244\255\000\345"
 3319      1232A1A2 
 3319      40A2C5A4 
 3319      AD00E5
 3320 1b35 3EB38F82 		.ascii	">\263\217\202\250\274\264\"X\266\217\357+S\317\217\253"
 3320      A8BCB422 
 3320      58B68FEF 
 3320      2B53CF8F 
 3320      AB
 3321 1b46 4702A3EE 		.ascii	"G\002\243\356\217\355\254^\342 x\002c\177d,\004\252"
 3321      8FEDAC5E 
 3321      E2207802 
 3321      637F642C 
 3321      04AA
 3322 1b58 9F09016A 		.ascii	"\237\011\001ji\277^\361\213\272\200\033\273\250\313"
 3322      69BF5EF1 
 3322      8BBA801B 
 3322      BBA8CB
 3323 1b67 5FFDC24D 		.ascii	"_\375\302M\342\303\367\341n%\370\206]\323d\001\235\367"
 3323      E2C3F7E1 
 3323      6E25F886 
 3323      5DD36401 
 3323      9DF7
 3324 1b79 EAE1B46B 		.ascii	"\352\341\264k\2633iC\223\233&\312\326\265V.\001\013"
 3324      B3336943 
 3324      939B26CA 
 3324      D6B5562E 
 3324      010B
 3325 1b8b B2AC1F4D 		.ascii	"\262\254\037M\242ecm|\315PL\003c\263\347\254\310\216"
 3325      A265636D 
 3325      7CCD504C 
 3325      0363B3E7 
 3325      ACC88E
 3326 1b9e 8C22CBF4 		.ascii	"\214\"\313\364\261\332Y-\231g\015\222\031\353\272gO"
 3326      B1DA592D 
 3326      99670D92 
 3326      19EBBA67 
 3326      4F
 3327 1baf 471186DF 		.ascii	"G\021\206\337B\2544\374\302@@\244e=\021\2753N:~B9\272"
 3327      42AC34FC 
 3327      C24040A4 
 3327      653D11BD 
 3327      334E3A7E 
ARM GAS  /tmp/ccVr2doo.s 			page 270


 3328 1bc6 69FCBC6D 		.ascii	"i\374\274ma\370H\366Rm\030:U?\034\324\2170\252\277\375"
 3328      61F848F6 
 3328      526D183A 
 3328      553F1CD4 
 3328      8F30AABF 
 3329 1bdb 50B4A926 		.ascii	"P\264\251&k\250\356\350\324N\222\212\354bc\3177/Fci"
 3329      6BA8EEE8 
 3329      D44E928A 
 3329      EC6263CF 
 3329      372F4663 
 3330 1bf0 D72E5AAD 		.ascii	"\327.Z\255\330\265\243\263q\302\341\251\232\334#\355"
 3330      D8B5A3B3 
 3330      71C2E1A9 
 3330      9ADC23ED 
 3331 1c00 D462678F 		.ascii	"\324bg\217@\334\354X\243t\301\267\233X\332@\214\003"
 3331      40DCEC58 
 3331      A374C1B7 
 3331      9B58DA40 
 3331      8C03
 3332 1c12 46F16AE5 		.ascii	"F\361j\345\366\243K\206\313\037\221P$\216>=9r\260D\234"
 3332      F6A34B86 
 3332      CB1F9150 
 3332      248E3E3D 
 3332      3972B044 
 3333 1c27 608578B1 		.ascii	"`\205x\261\3355G\\\016\320\376H\035\236Jv\"i\310\315"
 3333      DD35475C 
 3333      0ED0FE48 
 3333      1D9E4A76 
 3333      2269C8CD 
 3334 1c3b 75A57242 		.ascii	"u\245rB \271\330\010\357n\277\023\317)\316\320\003\367"
 3334      20B9D808 
 3334      EF6EBF13 
 3334      CF29CED0 
 3334      03F7
 3335 1c4d 317D3E3A 		.ascii	"1}>:R\204\277N'\327/\361\222\272\234\326\320\307\375"
 3335      5284BF4E 
 3335      27D72FF1 
 3335      92BA9CD6 
 3335      D0C7FD
 3336 1c60 31D5D6AF 		.ascii	"1\325\326\257;\310P\363\265\234\232)\261P4\333\256&"
 3336      3BC850F3 
 3336      B59C9A29 
 3336      B15034DB 
 3336      AE26
 3337 1c72 35C86970 		.ascii	"5\310ip\337#\324\336J)\220\251\266Tp46W\244H\026\012"
 3337      DF23D4DE 
 3337      4A2990A9 
 3337      B6547034 
 3337      3657A448 
 3338 1c88 AF0A596A 		.ascii	"\257\012Yj\275\220\252\206\236T\263U\253\372\011Jd="
 3338      BD90AA86 
 3338      9E54B355 
 3338      ABFA094A 
 3338      643D
 3339 1c9a D8157E50 		.ascii	"\330\025~P\241\"\355(\353\246\271\251\234/~\274\351"
 3339      A122ED28 
 3339      EBA6B9A9 
ARM GAS  /tmp/ccVr2doo.s 			page 271


 3339      9C2F7EBC 
 3339      E9
 3340 1cab 2A322138 		.ascii	"*2!8\275\221\327V\315l\0319\02150\350D\006\021\373~"
 3340      BD91D756 
 3340      CD6C1939 
 3340      113530E8 
 3340      440611FB 
 3341 1cc0 B3B590C7 		.ascii	"\263\265\220\307\356\024\333\213\277x\236\250&S\370"
 3341      EE14DB8B 
 3341      BF789EA8 
 3341      2653F8
 3342 1ccf A34B5E78 		.ascii	"\243K^x\261\236\254b\243\376ym\220@v\260\321_\335\277"
 3342      B19EAC62 
 3342      A3FE796D 
 3342      904076B0 
 3342      D15FDDBF 
 3343 1ce3 6A474EB0 		.ascii	"jGN\260\261\222\345\271\251V$\212\022\260\253T\226("
 3343      B192E5B9 
 3343      A956248A 
 3343      12B0AB54 
 3343      9628
 3344 1cf5 A22A432B 		.ascii	"\242*C+\365\304\015\353\261\343\366\200\036\265\"\371"
 3344      F5C40DEB 
 3344      B1E3F680 
 3344      1EB522F9 
 3345 1d05 952988F2 		.ascii	"\225)\210\362\357W\302\365\322\354R.\033\"\025bvi\236"
 3345      EF57C2F5 
 3345      D2EC522E 
 3345      1B221562 
 3345      76699E
 3346 1d18 F69952BF 		.ascii	"\366\231R\277\340\002\252J\036\373U\020\373\325\322"
 3346      E002AA4A 
 3346      1EFB5510 
 3346      FBD5D2
 3347 1d27 D4F2D040 		.ascii	"\324\362\320@zp\020\002/\241\030\024\250|\321 \334h"
 3347      7A701002 
 3347      2FA11814 
 3347      A87CD120 
 3347      DC68
 3348 1d39 247188FE 		.ascii	"$q\210\376]\275Pd\031[<\261\321\0277\354\302/\003\350"
 3348      5DBD5064 
 3348      195B3CB1 
 3348      D11737EC 
 3348      C22F03E8 
 3349 1d4d 66756751 		.ascii	"fugQ\320gI$\263\237\204\266G\273[\317\206\300\203\353"
 3349      D0674924 
 3349      B39F84B6 
 3349      47BB5BCF 
 3349      86C083EB 
 3350 1d61 DB00FAD6 		.ascii	"\333\000\372\326K\365\335\250'\325\250\200\230\013\353"
 3350      4BF5DDA8 
 3350      27D5A880 
 3350      980BEB
 3351 1d70 5E980B0F 		.ascii	"^\230\013\017\352H\235iJ\254U[\304\347\311P\274\246"
 3351      EA489D69 
 3351      4AAC555B 
 3351      C4E7C950 
ARM GAS  /tmp/ccVr2doo.s 			page 272


 3351      BCA6
 3352 1d82 F809BFA6 		.ascii	"\370\011\277\246\270\366:&\304\226$\353\371y\307\303"
 3352      B8F63A26 
 3352      C49624EB 
 3352      F979C7C3 
 3353 1d92 5A81E461 		.ascii	"Z\201\344a#\3325\333\337\342)\201f\020\320baP\3066E"
 3353      23DA35DB 
 3353      DFE22981 
 3353      6610D062 
 3353      6150C636 
 3354 1da7 67E8481D 		.ascii	"g\350H\035R'\256\246\371\250-Q\267Z\241\016\230\270"
 3354      5227AEA6 
 3354      F9A82D51 
 3354      B75AA10E 
 3354      98B8
 3355 1db9 9CB22303 		.ascii	"\234\262#\003H=Z^\022\355H\306\2611~\030\345\245\262"
 3355      483D5A5E 
 3355      12ED48C6 
 3355      B1317E18 
 3355      E5A5B2
 3356 1dcc 5CC958D8 		.ascii	"\\\311X\330\367\247K\360\200\223\007\035\231C\352i\257"
 3356      F7A74BF0 
 3356      8093071D 
 3356      9943EA69 
 3356      AF
 3357 1ddd B35E0D59 		.ascii	"\263^\015Yg\015\365\335\352\305\243\255\300K\034Z\026"
 3357      670DF5DD 
 3357      EAC5A3AD 
 3357      C04B1C5A 
 3357      16
 3358 1dee 569344F4 		.ascii	"V\223D\364\\'\014\276.P\255\327\212\247-\236\003\264"
 3358      5C270CBE 
 3358      2E50ADD7 
 3358      8AA72D9E 
 3358      03B4
 3359 1e00 61E8EC8A 		.ascii	"a\350\354\212a\350\303\036\200>i?\356\324\020\234\322"
 3359      61E8C31E 
 3359      803E693F 
 3359      EED4109C 
 3359      D2
 3360 1e11 28F30E05 		.ascii	"(\363\016\005s\363e\340N\241\004\275\333\262.\274\027"
 3360      73F365E0 
 3360      4EA104BD 
 3360      DBB22EBC 
 3360      17
 3361 1e22 73866BDA 		.ascii	"s\206k\332x\336\372\002M\000>\315\371|\367#\231.\256"
 3361      78DEFA02 
 3361      4D003ECD 
 3361      F97CF723 
 3361      992EAE
 3362 1e35 2E867A3C 		.ascii	".\206z<\234\310>:\240\357\334\367QEN\261\021\025\220"
 3362      9CC83E3A 
 3362      A0EFDCF7 
 3362      51454EB1 
 3362      111590
 3363 1e48 B72A2B34 		.ascii	"\267*+4\344\373\357#j\323\351\355\234\231\265\025\311"
 3363      E4FBEF23 
ARM GAS  /tmp/ccVr2doo.s 			page 273


 3363      6AD3E9ED 
 3363      9C99B515 
 3363      C9
 3364 1e59 A69C9AFD 		.ascii	"\246\234\232\375h\332\017\032U\033wmi\035\332\023\325"
 3364      68DA0F1A 
 3364      551B776D 
 3364      691DDA13 
 3364      D5
 3365 1e6a AE213728 		.ascii	"\256!7(d\377\352l\327\211\270\330\263\306\360`\335\212"
 3365      64FFEA6C 
 3365      D789B8D8 
 3365      B3C6F060 
 3365      DD8A
 3366 1e7c 23F1C6C6 		.ascii	"#\361\306\306\234\377)\314\325\241\254\241\255\270\036"
 3366      9CFF29CC 
 3366      D5A1ACA1 
 3366      ADB81E
 3367 1e8b 3ED363C1 		.ascii	">\323c\301\311+\316\316\002\222\200\323\037p\027\206"
 3367      C92BCECE 
 3367      029280D3 
 3367      1F701786 
 3368 1e9b C105D3E0 		.ascii	"\301\005\323\340\002\223L\311IE\276\274\315\227\366"
 3368      02934CC9 
 3368      4945BEBC 
 3368      CD97F6
 3369 1eaa DF1827B0 		.ascii	"\337\030'\260\264\276\225\365\337 d\331\001\226e\247"
 3369      B4BE95F5 
 3369      DF2064D9 
 3369      019665A7 
 3370 1eba 79FFCD41 		.ascii	"y\377\315A\337\315\000\314\002L\001LJ\373\361&W\322"
 3370      DFCD00CC 
 3370      024C014C 
 3370      4AFBF126 
 3370      57D2
 3371 1ecc 31E30A21 		.ascii	"1\343\012!\262\341H\363G\036\211\247\227\3029\320\323"
 3371      B2E148F3 
 3371      471E89A7 
 3371      97C239D0 
 3371      D3
 3372 1edd 08C2738E 		.ascii	"\010\302s\216o:\321\240X\376\347J\215\230\260\314\037"
 3372      6F3AD1A0 
 3372      58FEE74A 
 3372      8D98B0CC 
 3372      1F
 3373 1eee 3BDE7665 		.ascii	";\336ve\252\241\005\326\217\354\357e\356\265\203F\022"
 3373      AAA105D6 
 3373      8FECEF65 
 3373      EEB58346 
 3373      12
 3374 1eff C5561F34 		.ascii	"\305V\0374O\025\002\371\252Z\272\024\0120[\333,\324"
 3374      4F1502F9 
 3374      AA5ABA14 
 3374      0A305BDB 
 3374      2CD4
 3375 1f11 92A262A6 		.ascii	"\222\242b\246^\033\014\303&\216\217\243\323FhT\233Y"
 3375      5E1B0CC3 
 3375      268E8FA3 
ARM GAS  /tmp/ccVr2doo.s 			page 274


 3375      D3466854 
 3375      9B59
 3376 1f23 7350CFB9 		.ascii	"sP\317\271\323\234\322F\314\271\327\250\315\026Z9\244"
 3376      D39CD246 
 3376      CCB9D7A8 
 3376      CD165A39 
 3376      A4
 3377 1f34 509EBB56 		.ascii	"P\236\273V\255\346Zj{\023I@eN\370\306\212T\231\002)"
 3377      ADE65A6A 
 3377      7B134940 
 3377      654EF8C6 
 3377      8A549902 
 3378 1f49 73D0E5A2 		.ascii	"s\320\345\242\206\353BGF;\327\3344\030K-\367v\015x\276"
 3378      86EB4247 
 3378      463BD7DC 
 3378      34184B2D 
 3378      F7760D78 
 3379 1f5e 9A396195 		.ascii	"\2329a\225\367\366\022\364\360\032\300\012\300\002\300"
 3379      F7F612F4 
 3379      F01AC00A 
 3379      C002C0
 3380 1f6d 22C03CC0 		.ascii	"\"\300<\300\262Z\262(\355- .\254\327io\014qa\246\310"
 3380      B25AB228 
 3380      ED2D202E 
 3380      ACD7696F 
 3380      0C7161A6 
 3381 1f82 914E03F6 		.ascii	"\221N\003\366Q!=\223\032\336-\317L\351\345 \232\344"
 3381      51213D93 
 3381      1ADE2DCF 
 3381      4CE9E520 
 3381      9AE4
 3382 1f94 A37589E0 		.ascii	"\243u\211\340\352X\340\261/\261.\304"
 3382      EA58E0B1 
 3382      2FB12EC4 
 3383 1fa0 DCBA3892 		.ascii	"\334\2728\222\213\321\037\014X.\034\333\344j\203y\327"
 3383      8BD11F0C 
 3383      582E1CDB 
 3383      E46A8379 
 3383      D7
 3384 1fb1 74669368 		.ascii	"tf\223h\014\264f\010\264\006\202\004\246\275\306Z\""
 3384      0CB46608 
 3384      B4068204 
 3384      A6BDC65A 
 3384      22
 3385 1fc2 17B0D044 		.ascii	"\027\260\320D\"\230\373\250%\371\234\277\311;Uf\350"
 3385      2298FBA8 
 3385      25F99CBF 
 3385      C93B5566 
 3385      E8
 3386 1fd3 AD49D401 		.ascii	"\255I\324\001\321\337c+\2466\316\335\264Rk1C\357\215"
 3386      D1DF632B 
 3386      A636CEDD 
 3386      B4526B31 
 3386      43EF8D
 3387 1fe6 E3FEA235 		.ascii	"\343\376\2425h7G7U\246!2\355i\034\006\221$\214\024z"
 3387      68374737 
 3387      55A62132 
ARM GAS  /tmp/ccVr2doo.s 			page 275


 3387      ED691C06 
 3387      91248C14 
 3388 1ffb A17C0A57 		.ascii	"\241|\012W\307"
 3388      C7
 3389 2000 142949E6 		.ascii	"\024)I\346\356\011$a\006\266\344\207\322HH\343\370\246"
 3389      EE092461 
 3389      06B6E487 
 3389      D24848E3 
 3389      F8A6
 3390 2012 82C9C215 		.ascii	"\202\311\302\025\0230\353\344\301\357\271\360\273\220"
 3390      1330EBE4 
 3390      C1EFB9F0 
 3390      BB90
 3391 2020 C3095845 		.ascii	"\303\011XE\013}\275\013p\000\260\016p\010\260\003\260"
 3391      0B7DBD0B 
 3391      7000B00E 
 3391      7008B003 
 3391      B0
 3392 2031 01B00DB0 		.ascii	"\001\260\015\260\011\260%[\234DKuM\266\242\253\304\270"
 3392      09B0255B 
 3392      9C444B75 
 3392      4DB6A2AB 
 3392      C4B8
 3393 2043 89185280 		.ascii	"\211\030R\200=\037\003c:\312b\317\177\036s\371LG\361"
 3393      3D1F0363 
 3393      3ACA62CF 
 3393      7F1E73F9 
 3393      4C47F1
 3394 2056 A99EC460 		.ascii	"\251\236\304`\202\314\330J\010\265\177\331\262\005G"
 3394      82CCD84A 
 3394      08B57FD9 
 3394      B20547
 3395 2065 FF310B84 		.ascii	"\3771\013\204c5\275\320\357f\246\242Wv\323\305\236l"
 3395      6335BDD0 
 3395      EF66A6A2 
 3395      5776D3C5 
 3395      9E6C
 3396 2077 1D7CC2AA 		.ascii	"\035|\302\252,\372\001\270w\341{\215\016$\003Uj\016"
 3396      2CFA01B8 
 3396      77E17B8D 
 3396      0E240355 
 3396      6A0E
 3397 2089 EEF226A4 		.ascii	"\356\362&\244\020\033k\307\201\203\204Tbc>5\240NO\032"
 3397      101B6BC7 
 3397      81838454 
 3397      62633E35 
 3397      A04E4F1A 
 3398 209d B1B19A9F 		.ascii	"\261\261\232\237U-\220Nl\0046\217l\301d\316\031t\371"
 3398      552D904E 
 3398      6C04368F 
 3398      6CC164CE 
 3398      1974F9
 3399 20b0 BE41C6F1 		.ascii	"\276A\306\361{w\\\327\200\003\231\307\206\327\374a\023"
 3399      7B775CD7 
 3399      800399C7 
 3399      86D7FC61 
 3399      13
ARM GAS  /tmp/ccVr2doo.s 			page 276


 3400 20c1 216BD868 		.ascii	"!k\330hM\256\375\000\331e\337\365}\355;\003N\002\037"
 3400      4DAEFD00 
 3400      D965DFF5 
 3400      7DED3B03 
 3400      4E021F
 3401 20d4 4AC6D9E1 		.ascii	"J\306\331\341\362\376\303s\203\236\206\340\026\201\026"
 3401      F2FEC373 
 3401      839E86E0 
 3401      168116
 3402 20e3 6617E00D 		.ascii	"f\027\340\015\027\215\225KN\220\340$\203\355\224\002"
 3402      178D954B 
 3402      4E90E024 
 3402      83ED9402 
 3403 20f3 F2990239 		.ascii	"\362\231\0029\311\034\371\306\210|\252@\226\355&\001"
 3403      C91CF9C6 
 3403      887CAA40 
 3403      96ED2601 
 3404 2103 EE8C11F7 		.ascii	"\356\214\021\367\322\212\026\212$$\236\344\023\3568"
 3404      D28A168A 
 3404      24249EE4 
 3404      13EE38
 3405 2112 05ED4577 		.ascii	"\005\355Ew\3153\301\003\300\025\300\023\300\000p\017"
 3405      CD33C103 
 3405      C015C013 
 3405      C000700F 
 3406 2122 3DE7069F 		.ascii	"=\347\006\237\017\360\371(\313GF\241\327\012\241\346"
 3406      0FF0F928 
 3406      CB4746A1 
 3406      D70AA1E6 
 3407 2132 FB303B46 		.ascii	"\3730;F\334s+\226\233po\322E\334[\005\256Ye\334jd{c"
 3407      DC732B96 
 3407      9B706FD2 
 3407      45DC5B05 
 3407      AE5965DC 
 3408 214a 1955E2CF 		.ascii	"\031U\342\317Q#\356\225\025u\305\032:c\2614S\266\273"
 3408      5123EE95 
 3408      1575C51A 
 3408      3A63B134 
 3408      53B6BB
 3409 215d 2047F6D2 		.ascii	" G\366\322\260\310\204\017Z\224\244\207\244jI\257\003"
 3409      B0C8840F 
 3409      5A94A487 
 3409      A46A49AF 
 3409      03
 3410 216e 0B99D8A5 		.ascii	"\013\231\330\245\274\024\007\313\205\241\267\306\322"
 3410      BC1407CB 
 3410      85A1B7C6 
 3410      D2
 3411 217b E90BCFCB 		.ascii	"\351\013\317\313\256'RA>\032i\361\343\213\202|\231\240"
 3411      AE275241 
 3411      3E1A69F1 
 3411      E38B827C 
 3411      99A0
 3412 218d EBE5D623 		.ascii	"\353\345\326#\276jz/\215\333\353\023\037\353\347\272"
 3412      BE6A7A2F 
 3412      8DDBEB13 
 3412      1FEBE7BA 
ARM GAS  /tmp/ccVr2doo.s 			page 277


 3413 219d FC35B830 		.ascii	"\3745\2700\364\32301\021\205\325\211\374\364f1]U\266"
 3413      F4D33031 
 3413      1185D589 
 3413      FCF46631 
 3413      5D55B6
 3414 21b0 F704F529 		.ascii	"\367\004\365).\036\015\320\340\035=6B\240\346\011\262"
 3414      2E1E0DD0 
 3414      E01D3D36 
 3414      42A0E609 
 3414      B2
 3415 21c1 C0EF4050 		.ascii	"\300\357@P\024\273vc\375\"\332 .\255\000\215\212\310"
 3415      14BB7663 
 3415      FD22DA20 
 3415      2EAD008D 
 3415      8AC8
 3416 21d3 09CA575C 		.ascii	"\011\312W\\Ra\3322\010\246\334\203\220{0\343>;\034\021"
 3416      5261DA32 
 3416      08A6DC83 
 3416      907B30E3 
 3416      3E3B1C11 
 3417 21e7 62FD6291 		.ascii	"b\375b\221\020\316\275\012\271oz\366?\360\023\226o\320"
 3417      10CEBD0A 
 3417      B96F7AF6 
 3417      3FF01396 
 3417      6FD0
 3418 21f9 55E15D4B 		.ascii	"U\341]K#7m\211\2326v8q\252\270\\8\014L\013\325Pf\341"
 3418      23376D89 
 3418      9A367638 
 3418      71AAB85C 
 3418      380C4C0B 
 3419 2211 5478080A 		.ascii	"Tx\010\012\017g\302c\027O\276n\375L>\227\335\216\347"
 3419      0F67C263 
 3419      174FBE6E 
 3419      FD4C3E97 
 3419      DD8EE7
 3420 2224 0CC5C5D5 		.ascii	"\014\305\305\325S\276\270\332i\314\252RX\032\251\301"
 3420      53BEB8DA 
 3420      69CCAA52 
 3420      581AA9C1 
 3421 2234 BB516C84 		.ascii	"\273Ql\204(*,\002\205E1a\023E\331\371\326\227\363\321"
 3421      282A2C02 
 3421      85453161 
 3421      1345D9F9 
 3421      D697F3D1 
 3422 2248 5CDA354A 		.ascii	"\\\3325J\023\327\311O\371:\3714\360\362\317\315\205"
 3422      13D7C94F 
 3422      F93AF934 
 3422      F0F2CFCD 
 3422      85
 3423 2259 C568F0CE 		.ascii	"\305h\360\316\012\033!\226\012\213Fa\261L\330B\325f"
 3423      0A1B2196 
 3423      0A8B4661 
 3423      B14CD842 
 3423      D566
 3424 226b 92756171 		.ascii	"\222uaq\\X(\206H\306r\243\033\257\330\267\250\037\003"
 3424      5C582886 
 3424      48C672A3 
ARM GAS  /tmp/ccVr2doo.s 			page 278


 3424      1BAFD8B7 
 3424      A81F03
 3425 227e 3BB394F7 		.ascii	";\263\224\367\247\304k\360\3122\033!\201J\213Ci\011"
 3425      A7C46BF0 
 3425      CA321B21 
 3425      814A8B43 
 3425      6909
 3426 2290 4CDADDED 		.ascii	"L\332\335\355f\202\365\200L\344\322\222\260\023\223"
 3426      6682F580 
 3426      4CE4D292 
 3426      B01393
 3427 229f 0F8B8EF8 		.ascii	"\017\213\216\370\206\301kt\203\377\244\271A\364+\025"
 3427      86C16B74 
 3427      83FFA4B9 
 3427      41F42B15 
 3428 22af BEF9FC7A 		.ascii	"\276\371\374zKq\3122\031\204'\261NL\241\302\023Qx\012"
 3428      4B71CA32 
 3428      198427B1 
 3428      4E4CA1C2 
 3428      1351780A 
 3429 22c3 13BE9EE0 		.ascii	"\023\276\236\340\332a]x*\027\236\203\373\034W\225\256"
 3429      DA615D78 
 3429      2A179E83 
 3429      FB1C5795 
 3429      AE
 3430 22d4 C9FCDCFF 		.ascii	"\311\374\334\377\347\241y\224\353?\310O[F\323\265\312"
 3430      E7A17994 
 3430      EB3FC84F 
 3430      5B46D3B5 
 3430      CA
 3431 22e5 E1FA51BB 		.ascii	"\341\372Q\273\342|{:\010Oc\3023\250\360T\024\236\301"
 3431      E27C7B3A 
 3431      084F63C2 
 3431      33A8F054 
 3431      149EC1
 3432 22f8 842779AD 		.ascii	"\204'y\255Yws&\227\355\215\206\267\0057\267\360\313"
 3432      59777326 
 3432      97ED8D86 
 3432      B70537B7 
 3432      F0CB
 3433 230a FCB7D83E 		.ascii	"\374\267\330>FI\265\253\"\202\2624x\235\202\215\220"
 3433      4649B5AB 
 3433      2282B234 
 3433      789D828D 
 3433      90
 3434 231b 4D8565A2 		.ascii	"M\205e\242\260l&\354\261\241.\227_\317\361I\272\024"
 3434      B06C26EC 
 3434      B1A12E97 
 3434      5FCFF149 
 3434      BA14
 3435 232d 4D89F6B1 		.ascii	"M\211\366\261>0sE\303\261\217G\"\346\017\371\005\314"
 3435      3E307345 
 3435      C3B18F47 
 3435      22E60FF9 
 3435      05CC
 3436 233f 4BF49C73 		.ascii	"K\364\234s\325vc\257\242\217\3634x\275\206\215\220O"
 3436      D57663AF 
ARM GAS  /tmp/ccVr2doo.s 			page 279


 3436      A28FF334 
 3436      78BD868D 
 3436      904F
 3437 2351 85E7A2F0 		.ascii	"\205\347\242\360|&\274\252a&\310\372%\026\005\\\332"
 3437      7C26BCAA 
 3437      6126C8FA 
 3437      2516055C 
 3437      DA
 3438 2362 3B4C5875 		.ascii	";LXua\353\202b \232\256I+\244\314\013\220y!\216\215"
 3438      61EB8262 
 3438      209AAE49 
 3438      2BA4CC0B 
 3438      9079218E 
 3439 2377 738F311E 		.ascii	"s\2171\036\023o\323\020\271\351\211\264~WQ1\227U\204"
 3439      136FD310 
 3439      B9E989B4 
 3439      7E575131 
 3439      975584
 3440 238a 96CD4665 		.ascii	"\226\315Fe\376\273\271,\323I\201\022*\253\030e\2250"
 3440      FEBBB92C 
 3440      D3498112 
 3440      2AAB1865 
 3440      9530
 3441 239c 59913197 		.ascii	"Y\2211\227\377\214\242>AW\2539\347/\270]\241\214\213"
 3441      FF8CA23E 
 3441      4157AB39 
 3441      E72FB85D 
 3441      A18C8B
 3442 23af 2A4551C5 		.ascii	"*EQ\305W\303.\342\205\370*\266a\271\356\247\270\233"
 3442      57C32EE2 
 3442      85F82AB6 
 3442      61B9EEA7 
 3442      B89B
 3443 23c1 A75C834E 		.ascii	"\247\\\203N\267\021*\250\3542\224]\301d7\357^\277d\375"
 3443      B7112AA8 
 3443      EC32945D 
 3443      C16437EF 
 3443      5EBF64FD 
 3444 23d5 1E002E6C 		.ascii	"\036\000.l\013\303%\274%\3677\370\325\030t\\\004<n\035"
 3444      0BC325BC 
 3444      25F737F8 
 3444      D518745C 
 3444      043C6E1D 
 3445 23e9 2AAED6A9 		.ascii	"*\256\326\251\322\340\025\0246B5\225U\211\262\252\231"
 3445      D2E01514 
 3445      36423595 
 3445      5589B2AA 
 3445      99
 3446 23fa ACE4EBB6 		.ascii	"\254\344\353\266<\353\027\012\324pa38.|\227\263\374"
 3446      3CEB170A 
 3446      D4706133 
 3446      382E7C97 
 3446      B3FC
 3447 240c F99D17DE 		.ascii	"\371\235\027\336t \254\336\236])Fa\255\006\257[\201"
 3447      7420ACDE 
 3447      9E5D2946 
 3447      61AD06AF 
ARM GAS  /tmp/ccVr2doo.s 			page 280


 3447      5B81
 3448 241e A98D4AAB 		.ascii	"\251\215J\253AiuL\332\211\333h6\277\333!\232n\003\306"
 3448      4169754C 
 3448      DA89DB68 
 3448      36BFDB21 
 3448      9A6E03C6 
 3449 2432 941CEE3A 		.ascii	"\224\034\356:\2221\234\033s\273\273\247\035\311\024"
 3449      92319C1B 
 3449      73BBBBA7 
 3449      1DC914
 3450 2441 36D22A0A 		.ascii	"6\322*\012\262i\024\177\204^hIe\211gN?\202\013\366\366"
 3450      B269147F 
 3450      845E6849 
 3450      6589674E 
 3450      3F820BF6 
 3451 2456 9B194F7B 		.ascii	"\233\031O{\262\206\310>\005\243G\3168\253\006\273\031"
 3451      B286C83E 
 3451      05A347CE 
 3451      38AB06BB 
 3451      19
 3452 2467 341FB331 		.ascii	"4\037\2631\206\221\320\242a$tVm\006\305\232\260\213"
 3452      8691D0A2 
 3452      61247456 
 3452      6D06C59A 
 3452      B08B
 3453 2479 D20A57B2 		.ascii	"\322\012W\262\035\311%R\267\006\205\317:\023\203#\356"
 3453      1DC92552 
 3453      B70685CF 
 3453      3A138323 
 3453      EE
 3454 248a C4B6CF5C 		.ascii	"\304\266\317\\\362}\335\3446\331\004m#th\370\036\220"
 3454      F27DDDE4 
 3454      36D9046D 
 3454      237468F8 
 3454      1E90
 3455 249c 64E3C667 		.ascii	"d\343\306g\245\340\301\201x\"q|\357\371\214`\221X\350"
 3455      A5E0C181 
 3455      7822717C 
 3455      EFF98C60 
 3455      9158E8
 3456 24af 043D2CD1 		.ascii	"\004=,\321\017g\205v\352I$\243\327\034\217u5\230\316"
 3456      0F678576 
 3456      EA4924A3 
 3456      D71C8F75 
 3456      3598CE
 3457 24c2 67414D3E 		.ascii	"gAM>\224\257;\350\350\3637$\273\200\2320\363\267\001"
 3457      94AF3BE8 
 3457      E8F33724 
 3457      BB809A30 
 3457      F3B701
 3458 24d5 973E2835 		.ascii	"\227>(5L\243Dq\222\241\340}\251\354$C\027\010k\347\350"
 3458      4CA34471 
 3458      92A1E07D 
 3458      A9EC2443 
 3458      17086BE7 
 3459 24ea 16AA232B 		.ascii	"\026\252#+\233C}\274\314\353\205r\256\007`\000\240_"
 3459      9B437DBC 
ARM GAS  /tmp/ccVr2doo.s 			page 281


 3459      CCEB8572 
 3459      AE076000 
 3459      A05F
 3460 24fc 2329E92E 		.ascii	"#)\351.\252\237\"\177zr\240[\301\337|\243\340\241\350"
 3460      AA9F227F 
 3460      7A72A05B 
 3460      C1DF7CA3 
 3460      E0A1E8
 3461 250f 8D503743 		.ascii	"\215P7C\366\367\230\366\215\226\2657\020,\252:2\312"
 3461      F6F798F6 
 3461      8D96B537 
 3461      102CAA3A 
 3461      32CA
 3462 2521 5A54A41E 		.ascii	"ZT\244\036]\351\335\326\026\254\265r\031\373 \347cE"
 3462      5DE9DDD6 
 3462      16ACB572 
 3462      19FB20E7 
 3462      6345
 3463 2533 51A05EEE 		.ascii	"Q\240^\356\352\366\264%}\310\352\360\312\367\330\231"
 3463      EAF6B425 
 3463      7DC8EAF0 
 3463      CAF7D899 
 3464 2543 8C6063DD 		.ascii	"\214`c\335\335/\334\231\314`\243.\277 \215_\212\224"
 3464      DD2FDC99 
 3464      CC60A32E 
 3464      BF208D5F 
 3464      8A94
 3465 2555 4DC371D5 		.ascii	"M\303q\325\177\377\373|S\372\206\366\207\333\322\220"
 3465      7FFFFB7C 
 3465      53FA86F6 
 3465      87DBD290 
 3466 2565 A79DF4FC 		.ascii	"\247\235\364\374\342\343\374;\271\215\356\006\303\212"
 3466      E2E3FC3B 
 3466      B98DEE06 
 3466      C38A
 3467 2573 81D0358A 		.ascii	"\201\3205\2120\014\232L\202&\342\202\307\354\022u\272"
 3467      300C9A4C 
 3467      8226E282 
 3467      C7EC1275 
 3467      BA
 3468 2584 1791F714 		.ascii	"\027\221\367\024\317\263\016\001Z\003G7\371\273^cq\011"
 3468      CFB30E01 
 3468      5A034737 
 3468      F9BB5E63 
 3468      7109
 3469 2596 F81C4275 		.ascii	"\370\034Bu\014~\022F9\0055u\012L\234\006\030\007\230"
 3469      0C7E1246 
 3469      39053575 
 3469      0A4C9C06 
 3469      180798
 3470 25a9 90F6C941 		.ascii	"\220\366\311A\322\033!L\006\275\313\177\204SX8!\317"
 3470      D21B214C 
 3470      06BDCB7F 
 3470      84535838 
 3470      21CF
 3471 25bb B173F4B8 		.ascii	"\261s\364\270\350\2457\331\322E\257\034\333\324\203"
 3471      E8A537D9 
ARM GAS  /tmp/ccVr2doo.s 			page 282


 3471      D245AF1C 
 3471      DBD483
 3472 25ca 54183825 		.ascii	"T\0308%e~\251\311nYX\024\350S.\004a\340\377\021l\350"
 3472      657EA9C9 
 3472      6E595814 
 3472      E8532E04 
 3472      61E0FF11 
 3473 25e0 7FF41FDC 		.ascii	"\177\364\037\334\036\247\237\002\375N\341Q\374\023\350"
 3473      1EA79F02 
 3473      FD4EE151 
 3473      FC13E8
 3474 25ef 1FC7B3E1 		.ascii	"\037\307\263\341\017\362\022\217\341\207\370\017\036"
 3474      0FF2128F 
 3474      E187F80F 
 3474      1E
 3475 25fc 53712EE2 		.ascii	"Sq.\342\2634\004\244A\356\254)a\215\277\013\374w\221"
 3475      B33404A4 
 3475      41EEAC29 
 3475      618DBF0B 
 3475      FC7791
 3476 260f 0912A056 		.ascii	"\011\022\240V&B~H\305\305I)\004\205\306&\2066F\246\342"
 3476      26427E48 
 3476      C5C54929 
 3476      0485C626 
 3476      863646A6 
 3477 2624 1FFF4EA7 		.ascii	"\037\377N\247\330\347\255\335v+\302\222\013u\350\355"
 3477      D8E7ADDD 
 3477      762BC292 
 3477      0B75E8ED 
 3478 2634 E00F7F49 		.ascii	"\340\017\177Ip\012\376\240\015\346\217\271\301A\201"
 3478      700AFEA0 
 3478      0DE68FB9 
 3478      C14181
 3479 2643 189C7023 		.ascii	"\030\234p#\267h=\335\351\347\222\015\315K\260\024\354"
 3479      B7683DDD 
 3479      E9E7920D 
 3479      CD4BB014 
 3479      EC
 3480 2654 D5DD8C9F 		.ascii	"\325\335\214\237\015\273\030\236\032l\331M:s\320Q\374"
 3480      0DBB189E 
 3480      1A6CD94D 
 3480      3A73D051 
 3480      FC
 3481 2665 8C02FD6E 		.ascii	"\214\002\375n#\314jV\004aF\263L\225\230\327\320\373"
 3481      23CC6A56 
 3481      046146B3 
 3481      4C9598D7 
 3481      D0FB
 3482 2677 426BA793 		.ascii	"Bk\247\223\037\010)Cf\005\256\267\035\266\244\006\033"
 3482      1F082943 
 3482      6605AEB7 
 3482      1DB6A406 
 3482      1B
 3483 2688 270B73D9 		.ascii	"'\013s\331\016j\225\215\260H\037\014C\217\014\024m\373"
 3483      0E6A958D 
 3483      B0481F0C 
 3483      438F0C14 
ARM GAS  /tmp/ccVr2doo.s 			page 283


 3483      6DFB
 3484 269a 694913FE 		.ascii	"iI\023\376\\\276\033\026\247\241?/S\306K\032v\011x\261"
 3484      5CBE1B16 
 3484      A7A13F2F 
 3484      53C64B1A 
 3484      760978B1 
 3485 26ae 4B739623 		.ascii	"Ks\226#iG\214\326\331\365M\035\305X\245\030+\210Q\342"
 3485      69478CD6 
 3485      D9F54D1D 
 3485      C558A518 
 3485      2B8851E2 
 3486 26c2 B2E9A207 		.ascii	"\262\351\242\007}\217@\345\315\351\2176\365y\005\030"
 3486      7D8F40E5 
 3486      CDE98F36 
 3486      F5790518 
 3487 26d2 525C0C5A 		.ascii	"R\\\014ZC1a\327\200/\210*\013k@@\233\350\230u\246\355"
 3487      433161D7 
 3487      802F882A 
 3487      0B6B4040 
 3487      9BE89875 
 3488 26e8 F0419DBF 		.ascii	"\360A\235\277=\311v\306\253\271R\333\237\333Y\275\367"
 3488      3DC976C6 
 3488      ABB952DB 
 3488      9FDB59BD 
 3488      F7
 3489 26f9 6953F38A 		.ascii	"iS\363\212\015\2750\235i\3360|\230&p/m\036\350\006\002"
 3489      0DBD309D 
 3489      69DE307C 
 3489      9826702F 
 3489      6D1EE806 
 3490 270e FC020CC9 		.ascii	"\374\002\014\311\302\327)\222\260!q\322\206\271\223"
 3490      C2D72992 
 3490      B02171D2 
 3490      86B993
 3491 271d B698D892 		.ascii	"\266\230\330\222\370DX\256-\241\330\331\263l\037[v\345"
 3491      F84458AE 
 3491      2DA1D8D9 
 3491      B36C1F5B 
 3491      76E5
 3492 272f FBB220DE 		.ascii	"\373\262 \336<\026\371\3208\245a\307`e\267\203\226\316"
 3492      3C16F9D0 
 3492      38A561C7 
 3492      6065B783 
 3492      96CE
 3493 2741 7A94042A 		.ascii	"z\224\004*nq\262\021\3664\322\263<\333\023\005\323\312"
 3493      6E71B211 
 3493      F634D2B3 
 3493      3CDB1305 
 3493      D3CA
 3494 2753 5348F401 		.ascii	"SH\364\001\021r\274\316\254\260\267e7\377\313R\342\201"
 3494      1172BCCE 
 3494      ACB0B765 
 3494      37FFCB52 
 3494      E281
 3495 2765 869F09BF 		.ascii	"\206\237\011\277\254\367\371M\246\006\034\021vQ\217"
 3495      ACF7F94D 
 3495      A6061C11 
ARM GAS  /tmp/ccVr2doo.s 			page 284


 3495      76518F
 3496 2774 8A81B497 		.ascii	"\212\201\264\227\245^\372\256\264\002:\242^:\324p7\225"
 3496      A55EFAAE 
 3496      B4023AA2 
 3496      5E3AD470 
 3496      3795
 3497 2786 2D657A3B 		.ascii	"-ez;\232\202)h\374\210\007\023\240\011\333\022?m\233"
 3497      9A822968 
 3497      FC880713 
 3497      A009DB12 
 3497      3F6D9B
 3498 2799 FBE998F9 		.ascii	"\373\351\230\371)r\341x\336\216\270\276\304\3744S\262"
 3498      2972E178 
 3498      DE8EB8BE 
 3498      C4FC3453 
 3498      B2
 3499 27aa 10A1E3CC 		.ascii	"\020\241\343\314fb\350^\261+\350\240b\274N$\274N\314"
 3499      6662E85E 
 3499      B12BE8A0 
 3499      62BC4E24 
 3499      BC4ECC
 3500 27bd 799D325E 		.ascii	"y\2352^Y\367\317W\034I\352K\326\356\327[\231\232o"
 3500      59F7CF57 
 3500      1C49EA4B 
 3500      D6EED75B 
 3500      999A6F
 3501 27d0 22EC10BD 		.ascii	"\"\354\020\275x\345\234G\327~M\217\216\035\244\367\337"
 3501      78E59C47 
 3501      D77E4D8F 
 3501      8E1DA4F7 
 3501      DF
 3502 27e1 5CE0C1D4 		.ascii	"\\\340\301\324\371\324M\235\361>\272K<\030mp\273\263"
 3502      F9D44D9D 
 3502      F13EBA4B 
 3502      3C186D70 
 3502      BBB3
 3503 27f3 7EE3DC35 		.ascii	"~\343\3345u\313\225\350\226\200\261\315G\302-Y\014\260"
 3503      75CB95E8 
 3503      9680B1CD 
 3503      47C22D59 
 3503      0CB0
 3504 2805 8BF3E3D1 		.ascii	"\213\363\343\321\003X\302\231\304\2223sKn\230%\007\273"
 3504      0358C299 
 3504      C4923373 
 3504      4B6E9825 
 3504      07BB
 3505 2817 B7067B32 		.ascii	"\267\006{2a\325\022\305}\0232U\356\251*w\242*\036\205"
 3505      61D512C5 
 3505      7D133255 
 3505      EEA92A77 
 3505      A22A1E85 
 3506 282b 1D7776A6 		.ascii	"\035wv\246\036\2322\016w@\023n%\272\334\232\353\362"
 3506      1E9A320E 
 3506      7740136E 
 3506      25BADC9A 
 3506      EBF2
 3507 283d C074192A 		.ascii	"\300t\031*\212\216 d\207\367\320\312\376\261\236\270"
ARM GAS  /tmp/ccVr2doo.s 			page 285


 3507      8A8E2064 
 3507      87F7D0CA 
 3507      FEB19EB8 
 3508 284d BF87358E 		.ascii	"\277\2075\216\206\"\342\005\246\330\221\312\226k\266"
 3508      8622E205 
 3508      A6D891CA 
 3508      966BB6
 3509 285c EA77DFA9 		.ascii	"\352w\337\251\265\252\231\253\0264s\321r\315\036=\347"
 3509      B5AA99AB 
 3509      163473D1 
 3509      72CD1E3D 
 3509      E7
 3510 286d AB69772F 		.ascii	"\253iw/\201f\017\363\232L\230\222\201\352\203\024K0"
 3510      81660FF3 
 3510      9A4C9892 
 3510      81EA8314 
 3510      4B30
 3511 287f 684D8AC1 		.ascii	"hM\212\301w\231b\357:\220\335\265\222\201\234\332\333"
 3511      779962EF 
 3511      3A90DDB5 
 3511      92819CDA 
 3511      DB
 3512 2890 5B24A6BB 		.ascii	"[$\246\273a\027\025\2100\274C1\204G\243\355\202\233"
 3512      61171588 
 3512      30BC4331 
 3512      8447A3ED 
 3512      829B
 3513 28a2 F6E76853 		.ascii	"\366\347hSn\276\207\226\232\277\263\274\021\346D\242"
 3513      6EBE8796 
 3513      9ABFB3BC 
 3513      11E644A2 
 3514 28b2 D0E2F002 		.ascii	"\320\342\360\002\2574\025\251\301F~\306V\222\206\253"
 3514      AF3415A9 
 3514      C1467EC6 
 3514      569286AB 
 3515 28c2 7FE3ADC3 		.ascii	"\177\343\255\303huQ1\365\275$\352{)\325\377\331=\347"
 3515      68755131 
 3515      F5BD24EA 
 3515      7B29D5FF 
 3515      D93DE7
 3516 28d5 4B4DF211 		.ascii	"KM\362\021=w\327R\334\2547\267\011P\004O\243\\\301\033"
 3516      3D77D752 
 3516      DCAC37B7 
 3516      0950044F 
 3516      A35CC11B 
 3517 28e9 6CF23413 		.ascii	"l\3624\023-\3701\233\232S\007\0165\3449\232\321[\031"
 3517      2DF8319B 
 3517      9A53070E 
 3517      35E4399A 
 3517      D15B19
 3518 28fc 568FF78C 		.ascii	"V\217\367\214.\031\223\323\204\313L\231\023;\306vX\264"
 3518      2E1993D3 
 3518      84CB4C99 
 3518      133BC676 
 3518      58B4
 3519 290e EC60D482 		.ascii	"\354`\324\202\317\217\215\231\"\020\217\305\306\036"
 3519      CF8F8D99 
ARM GAS  /tmp/ccVr2doo.s 			page 286


 3519      22108FC5 
 3519      C61E
 3520 291c 14E9A54A 		.ascii	"\024\351\245J\177G\232*\202\251\322A\242\322\271-\236"
 3520      7F479A2A 
 3520      82A9D241 
 3520      A2D2B92D 
 3520      9E
 3521 292d 41CEDC5F 		.ascii	"A\316\334_\0235o\244\260\3566|\220b\011\376\022\177"
 3521      13356FA4 
 3521      B0EE367C 
 3521      906209FE 
 3521      127F
 3522 293f F99B2B1D 		.ascii	"\371\233+\035\302\224\036\363\365\274\262#g\026\224"
 3522      C2941EF3 
 3522      F5BCB223 
 3522      671694
 3523 294e 66DC93E7 		.ascii	"f\334\223\347\375\317uF3\302P\275\332p\277S\265Q\347"
 3523      FDCF7546 
 3523      33C250BD 
 3523      DA70BF53 
 3523      B551E7
 3524 2961 703C9876 		.ascii	"p<\230v\026\023\240\262\252s$\3259B\3249{z\360\375\\"
 3524      1613A0B2 
 3524      AA7324D5 
 3524      3942D439 
 3524      7B7AF0FD 
 3525 2976 E5932FB3 		.ascii	"\345\223/\263\036n\206|\0048B\250D\343Ps\215\243\230"
 3525      1E6E867C 
 3525      043842A8 
 3525      44E35073 
 3525      8DA398
 3526 2989 C6F155F1 		.ascii	"\306\361U\361\323v$\350\011^FV\356\333\214s\300\255"
 3526      D37624E8 
 3526      095E4656 
 3526      EEDB8C73 
 3526      C0AD
 3527 299b 4A74F3FD 		.ascii	"Jt\363\375\200_6\206\001\250\020\203\332\375\314'i\003"
 3527      805F3686 
 3527      01A81083 
 3527      DAFDCC27 
 3527      6903
 3528 29ad EE822231 		.ascii	"\356\202\"1\253\305i\365B,r\251\012\276\337\266~cU\002"
 3528      ABC569F5 
 3528      422C72A9 
 3528      0ABEDFB6 
 3528      7E635502 
 3529 29c1 B5315EB4 		.ascii	"\2651^\264\361\276\336eW\340Fn\024\221,\261_\000K\210"
 3529      F1BEDE65 
 3529      57E0466E 
 3529      14912CB1 
 3529      5F004B88 
 3530 29d5 9658196D 		.ascii	"\226X\031mne\"\263r7j\363\035R\361\304J\001 \237\363"
 3530      6E6522B3 
 3530      72376AF3 
 3530      1D52F1C4 
 3530      4A01209F 
 3531 29ea 93513BF9 		.ascii	"\223Q;\3714\237\202\007\373f\233'5\246i\376\3068\315"
ARM GAS  /tmp/ccVr2doo.s 			page 287


 3531      349F8207 
 3531      FB669B27 
 3531      35A669FE 
 3531      C638CD
 3532 29fd 2F7D944D 		.ascii	"/}\224M\363I\242*B*\020\320&\316\216iL\213(CC\232\236"
 3532      F349A22A 
 3532      422A10D0 
 3532      26CE8E69 
 3532      4C8B2843 
 3533 2a14 D43F31CB 		.ascii	"\324?1\313\230\177-\272z9k\375\237\305#\031(\360&\250"
 3533      987F2DBA 
 3533      7A396BFD 
 3533      9FC52319 
 3533      28F026A8 
 3534 2a28 A1D6141C 		.ascii	"\241\326\024\034\231x\320\253b{Seu\024fS\307e\211\216"
 3534      9978D0AB 
 3534      627B5365 
 3534      75146653 
 3534      C765898E 
 3535 2a3c DBE9F6E8 		.ascii	"\333\351\366\350\026\035\007\2315\241*\232&\371\257"
 3535      161D0799 
 3535      35A12A9A 
 3535      26F9AF
 3536 2a4b 502C215D 		.ascii	"P,!]\342\270ts\307\3450\225\203jN\212Ud\035U\356J-\317"
 3536      E2B87473 
 3536      C7E53095 
 3536      836A4E8A 
 3536      55641D55 
 3537 2a63 15278C87 		.ascii	"\025'\214\207F\022_n0x\200\016j6\367\345J\230\345\232"
 3537      46125F6E 
 3537      3078800E 
 3537      6A36F7E5 
 3537      4A98E59A 
 3538 2a77 33CB63CC 		.ascii	"3\313c\314:\267;\306\034\211\373\313\214\331yVi\220"
 3538      3AB73BC6 
 3538      1C89FBCB 
 3538      8CD97956 
 3538      6990
 3539 2a89 2D57ACB3 		.ascii	"-W\254\263\216'V\350QZ\273\344Kx\345\233\363*`\274\022"
 3539      8E2756E8 
 3539      515ABBE4 
 3539      4B78E59B 
 3539      F32A60BC 
 3540 2a9e D757A3F4 		.ascii	"\327W\243\364$\010y%mw\205\210\243vt@c\234\223)\257"
 3540      24087925 
 3540      6D778588 
 3540      A3767440 
 3540      639C9329 
 3541 2ab3 4209AF42 		.ascii	"B\011\257Bs^E\214\327\334uv\216-IE^3\323\353\227\312"
 3541      735E458C 
 3541      D7DC7576 
 3541      8E2D4945 
 3541      5E33D3EB 
 3542 2ac9 0717D16B 		.ascii	"\007\027\321koK\264\322\322%\270\242\364\217\024h\273"
 3542      6F4BB4D2 
 3542      D225B8A2 
 3542      F48F1468 
ARM GAS  /tmp/ccVr2doo.s 			page 288


 3542      BB
 3543 2ada 0AB478F7 		.ascii	"\012\264x\367\235n\331\363\215J\265\322\022\247L+\336"
 3543      9D6ED9F3 
 3543      8D4AB5D2 
 3543      12A74C2B 
 3543      DE
 3544 2aeb 151FDF11 		.ascii	"\025\037\337\021\357\300:\032\016\361xx\360zl\266\267"
 3544      EFC03A1A 
 3544      0EF17878 
 3544      F07A6CB6 
 3544      B7
 3545 2afc DACF15B4 		.ascii	"\332\317\025\264\237\313\305~nq_>\027\023\375\314\220"
 3545      9FCBC57E 
 3545      6E715F3E 
 3545      1713FDCC 
 3545      90
 3546 2b0d C9058025 		.ascii	"\311\005\200%\024K\\Pl\356\202J\346\202\2460\2573{R"
 3546      144B5C50 
 3546      6CEE824A 
 3546      E682A630 
 3546      AF337B52 
 3547 2b21 862E6819 		.ascii	"\206.h\031]qQVo\364\\F\265\314\266\230\246\313\020\235"
 3547      5D715156 
 3547      6FF45C46 
 3547      B5CCB698 
 3547      A6CB109D 
 3548 2b35 D4B66A99 		.ascii	"\324\266j\231m5\242m\211\317\335\007q\364\327\030m\333"
 3548      6D35A26D 
 3548      89CFDD07 
 3548      71F4D718 
 3548      6DDB
 3549 2b47 B83C5CB7 		.ascii	"\270<\\\267^\250\324Q\333j\215\203?\310\340\346(\332"
 3549      5EA8D451 
 3549      DB6A8D83 
 3549      3FC8E0E6 
 3549      28DA
 3550 2b59 366DB20D 		.ascii	"6m\262\015\260\204*\211mU\346\266\3253\333\316fV\217"
 3550      B0842A89 
 3550      6D55E6B6 
 3550      D533DBCE 
 3550      66568F
 3551 2b6c B4A4036D 		.ascii	"\264\244\003ms\311>;S\031g\015\324%\276c%\3324\310\032"
 3551      73C93E3B 
 3551      5319670D 
 3551      D425BE63 
 3551      25DA34C8 
 3552 2b81 7190CD26 		.ascii	"q\220\315&o\306Xw~3U\260\3118\325me\304\210EB\353\267"
 3552      6FC65877 
 3552      7E3355B0 
 3552      C938D56D 
 3552      65C48845 
 3553 2b98 8CFA0192 		.ascii	"\214\372\001\222\320 \321\257\301\\\277\026\246\237"
 3553      D020D1AF 
 3553      C15CBF16 
 3553      A69F
 3554 2ba6 7B5BD24B 		.ascii	"{[\322Kd\016\325\333[;\333\020K\325\211@\263!\326*\341"
 3554      640ED5DB 
ARM GAS  /tmp/ccVr2doo.s 			page 289


 3554      5B3BDB10 
 3554      4BD58940 
 3554      B321D62A 
 3555 2bbb D56ACEAB 		.ascii	"\325j\316\253\215\361\362<?\334w&W\310,\317c{H\034\026"
 3555      8DF1F23C 
 3555      3FDC7726 
 3555      57C82CCF 
 3555      637B481C 
 3556 2bd0 0F3DF221 		.ascii	"\017=\362!\326.\341\325n\316\253\203\361*\365\032\030"
 3556      D62EE1D5 
 3556      6ECEAB83 
 3556      F12AF51A 
 3556      18
 3557 2be1 85E1FA14 		.ascii	"\205\341\372\024o?~p\233\326\213}0+\357\203N\011\257"
 3557      6F3F7E70 
 3557      9BD68B7D 
 3557      302BEF83 
 3557      4E09AF
 3558 2bf4 4E735E5D 		.ascii	"Ns^]\214\327CY\356\2353\211D^\206<\003+JX\036\271}\325"
 3558      8CD74359 
 3558      EE9D3389 
 3558      445E863C 
 3558      032B4A58 
 3559 2c0c 38C9521B 		.ascii	"8\311R\033\273%\274\272\315y\365 \257\200E\203\023)"
 3559      BB25BCBA 
 3559      CD79F520 
 3559      AF804583 
 3559      1329
 3560 2c1e 475E4D6B 		.ascii	"G^Mk\251\017j\256\327\302\236\334\306^\011\257^s^}\214"
 3560      A90F6AAE 
 3560      D7C29EDC 
 3560      C65E09AF 
 3560      5E735E7D 
 3561 2c33 97775766 		.ascii	"\227wWf\273\2064!\257{\237\300p\352\374#\340\265\362"
 3561      BB863421 
 3561      AF7B9FC0 
 3561      70EAFC23 
 3561      E0B5F2
 3562 2c46 204F23FD 		.ascii	" O#\375\022^\375\346\274\006\030\257\345\353\312\013"
 3562      125EFDE6 
 3562      BC0618AF 
 3562      E5EBCA0B 
 3563 2c56 81F4232F 		.ascii	"\201\364#/\305\235\300\264\2225\215\215!\255\351\332"
 3563      C59DC0B4 
 3563      92358D8D 
 3563      21ADE9DA 
 3564 2c66 9B92B884 		.ascii	"\233\222\270\204lG\262\216t\323\245\005\276\316\326"
 3564      6C47B28E 
 3564      74D3A505 
 3564      BECED6
 3565 2c75 E88461D0 		.ascii	"\350\204a\320BJ\2325Y\022\250\221\006\351\010\374h\212"
 3565      424A9A35 
 3565      5912A891 
 3565      06E908FC 
 3565      688A
 3566 2c87 D251698D 		.ascii	"\322Qi\215y\347\363\320!p\353\006\243uI\306\320\002"
 3566      79E7F3D0 
ARM GAS  /tmp/ccVr2doo.s 			page 290


 3566      2170EB06 
 3566      A37549C6 
 3566      D002
 3567 2c99 2C615062 		.ascii	",aPb\336\240\271ycX\220\035\245G\023r\372\324jA\326"
 3567      DEA0B979 
 3567      6358901D 
 3567      A5471372 
 3567      FAD46A41 
 3568 2cae 59569C29 		.ascii	"YV\234)X\0351\023T\227qq\304\344\014\017\217\260te0"
 3568      581D3113 
 3568      54977171 
 3568      C4E40C0F 
 3568      8FB07465 
 3569 2cc3 341F26D9 		.ascii	"4\037&\331\327xy\302D*0,\341\271D\227\347\342\014:\311"
 3569      D77879C2 
 3569      442A302C 
 3569      E1B94497 
 3569      E7E20C3A 
 3570 2cd8 74B89E4E 		.ascii	"t\270\236N\272q$y\357\375\251&\362iK\023\371\014\036"
 3570      BA712479 
 3570      EFFDA926 
 3570      F2694B13 
 3570      F90C1E
 3571 2ceb 34CDBE5A 		.ascii	"4\315\276Z\275\371\354\013G\346\020+r\250u\217H-\322"
 3571      BDF9EC0B 
 3571      47E6102B 
 3571      72A8758F 
 3571      482DD2
 3572 2cfe 4AABB005 		.ascii	"J\253\260\005j\321\274h\221\2411\331\325\001K\203\344"
 3572      6AD1BC68 
 3572      91A131D9 
 3572      D5014B83 
 3572      E4
 3573 2d0f 58C3AFB9 		.ascii	"X\303\257\271\032\374\015\315e*\212$L\031\253\202YZ"
 3573      1AFC0DCD 
 3573      652A8A24 
 3573      4C19AB82 
 3573      595A
 3574 2d21 154C8936 		.ascii	"\025L\2116-2\233\246\373v\223\355H=\332\264:5\263c\317"
 3574      2D329BA6 
 3574      FB7693ED 
 3574      483DDAB4 
 3574      3A35B363 
 3575 2d36 FD725B63 		.ascii	"\375r[c?\325\341\331\374{l\321/,I\274\262$rXf\034b7"
 3575      3FD5E1D9 
 3575      FC7B6CD1 
 3575      2F2C49BC 
 3575      B2247258 
 3576 2d4e 4BA17EBF 		.ascii	"K\241~\277G\016V\326\347\253\262\314\035\351\271\332"
 3576      470E56D6 
 3576      E7ABB2CC 
 3576      1DE9B9DA 
 3577 2d5e AD2621EF 		.ascii	"\255&!\357\303\233F2\027}4\212K7\327@\236\234\350\240"
 3577      C39B4632 
 3577      177D348A 
 3577      4B37D740 
 3577      9E9CE8A0 
ARM GAS  /tmp/ccVr2doo.s 			page 291


 3578 2d72 72A24816 		.ascii	"r\242H\026\232\353\262t\277!\246\373\224\371\355p\254"
 3578      9AEBB274 
 3578      BF21A6FB 
 3578      94F9ED70 
 3578      AC
 3579 2d83 18378CE9 		.ascii	"\0307\214\351\336k*2\334\301\230b7\321\275\231uG\015"
 3579      DE6B2A32 
 3579      DCC19862 
 3579      37D1BD99 
 3579      75470D
 3580 2d96 B23AC65F 		.ascii	"\262:\306_e'\361\3576\365\357\226\350\337\206\320\302"
 3580      6527F1EF 
 3580      36F5EF96 
 3580      E8DF86D0 
 3580      C2
 3581 2da7 DFE18ED9 		.ascii	"\337\341\216\331\355\263\367\357c\216\001\024aE\342"
 3581      EDB3F7EF 
 3581      638E0114 
 3581      6145E2
 3582 2db6 9815D131 		.ascii	"\230\025\3211;\3141)\373\011\303\216d\340}V\312\361"
 3582      3BCC3129 
 3582      FB09C38E 
 3582      64E07D56 
 3582      CAF1
 3583 2dc8 1097D34C 		.ascii	"\020\227\323L\235Q\251=T\352\241t\246S\260\272\261p"
 3583      9D51A93D 
 3583      54EAA174 
 3583      A653B0BA 
 3583      B170
 3584 2dda 4075DA17 		.ascii	"@u\332\027u\332\357\357\233Uq\245.g\354\267\006\231"
 3584      75DAEFEF 
 3584      9B5571A5 
 3584      2E67ECB7 
 3584      0699
 3585 2dec 528023EC 		.ascii	"R\200#\354J\224\332\025\225:dJM\235\235M9\020\337W\360"
 3585      4A94DA15 
 3585      953A644A 
 3585      4D9D9D4D 
 3585      3910DF57 
 3586 2e01 AA881C8F 		.ascii	"\252\210\034\217\277`\032\320;\274\320U\307\025]\247"
 3586      BF601AD0 
 3586      3BBCD055 
 3586      C7155DA7 
 3587 2e11 D687D109 		.ascii	"\326\207\321\011U\340\330\250\300\342L\246\236+0\264"
 3587      55E0D8A8 
 3587      C0E24CA6 
 3587      9E2B30B4 
 3588 2e21 6B7FEDC3 		.ascii	"k\177\355\303\207\021`\011G\022\025\216D\025N\231\012"
 3588      87116009 
 3588      4712158E 
 3588      44154E99 
 3588      0A
 3589 2e32 B7D797FD 		.ascii	"\267\327\227\375\216\244\007U8^.\030C/\320\333\306P"
 3589      8EA40755 
 3589      385E2E18 
 3589      432FD0DB 
 3589      C650
ARM GAS  /tmp/ccVr2doo.s 			page 292


 3590 2e44 87E08CC0 		.ascii	"\207\340\214\300\017)\012\000\372\320\304\013YD\324"
 3590      0F290A00 
 3590      FAD0C40B 
 3590      5944D4
 3591 2e53 9E163C28 		.ascii	"\236\026<(\037\243{\254\300;\336\314\223?-\363R\026"
 3591      1FA37BAC 
 3591      C03BDECC 
 3591      933F2DF3 
 3591      5216
 3592 2e65 395762E4 		.ascii	"9Wb\344\014$\344\016a\241\000\207\204s\354\220\246\335"
 3592      0C24E40E 
 3592      61A10087 
 3592      8473EC90 
 3592      A6DD
 3593 2e77 AD0762D5 		.ascii	"\255\007b\325\0377\324\037\327F\177$=\367\027\207\317"
 3593      1F37D41F 
 3593      D7467F24 
 3593      3DF71787 
 3593      CF
 3594 2e88 EAC0A772 		.ascii	"\352\300\247r\312\015\356\032\212\"\234I\234q&:\343"
 3594      CA0DEE1A 
 3594      8A229C49 
 3594      9C71263A 
 3594      E3
 3595 2e99 9639E328 		.ascii	"\2269\343(i/\334\236\314\2433<\242|\373\011Y\303Fnd"
 3595      692FDC9E 
 3595      CCA3333C 
 3595      A27CFB09 
 3595      59C3466E 
 3596 2eae FE314B30 		.ascii	"\3761K0\367Z\236`V\226\0023\005c\202y@\005W=\307\033"
 3596      F75A9E60 
 3596      56960233 
 3596      05638279 
 3596      4005573D 
 3597 2ec4 ED8D09E6 		.ascii	"\355\215\011\346\021\017ZJ\220\362\345\237\213\216\035"
 3597      110F5A4A 
 3597      90F2E59F 
 3597      8B8E1D
 3598 2ed3 3C9B8BA9 		.ascii	"<\233\213\251\327\220m\224\330p>\337C\253\023\301M\307"
 3598      D7906D94 
 3598      D8703EDF 
 3598      43AB13C1 
 3598      4DC7
 3599 2ee5 250EBAC6 		.ascii	"%\016\272\306u\331Y\016G\301\0358\010\036:p\200\253"
 3599      75D9590E 
 3599      47C11D38 
 3599      081E3A70 
 3599      80AB
 3600 2ef7 8E3B2076 		.ascii	"\216; v4`\233f\241%\230]\207\036>\331\337\357\331<l"
 3600      34609B66 
 3600      A125985D 
 3600      871E3ED9 
 3600      DFEFD93C 
 3601 2f0c 3010D737 		.ascii	"0\020\3277)\236pgLD\006Jz':\302SG\035\021\321\221\324"
 3601      299E7067 
 3601      4C44064A 
 3601      7A273AC2 
ARM GAS  /tmp/ccVr2doo.s 			page 293


 3601      53471D11 
 3602 2f23 A62743AF 		.ascii	"\246'C\2572M|+\013s\260+\350\240D\375{\363\313\202\234"
 3602      324D7C2B 
 3602      0B73B02B 
 3602      E8A044FD 
 3602      7BF3CB82 
 3603 2f38 8D5B84DE 		.ascii	"\215[\204\336\250\277OF\033\344T\276G\350\203\307b."
 3603      A8BF4F46 
 3603      1BE454BE 
 3603      47E883C7 
 3603      622E
 3604 2f4a 7ADC1CC9 		.ascii	"z\334\034\311\032r\252k\235\\\265\265tq\260\237\216"
 3604      1A72AA6B 
 3604      9D5CB5B5 
 3604      7471B09F 
 3604      8E
 3605 2f5b 08FE3AE5 		.ascii	"\010\376:\345\305\301\251\247\331\215\216\344\032\251"
 3605      C5C1A9A7 
 3605      D98D8EE4 
 3605      1AA9
 3606 2f69 63F3B266 		.ascii	"c\363\262f\355-Q\007X\241\316\330\330\213r\222:,\020"
 3606      ED2D5107 
 3606      58A1CED8 
 3606      D88B7292 
 3606      3A2C10
 3607 2f7c 904CF112 		.ascii	"\220L\361\022D\335\345+\272\313\267\2462\327V\034\300"
 3607      44DDE52B 
 3607      BACBB7A6 
 3607      32D7561C 
 3607      C0
 3608 2f8d B7A4A96E 		.ascii	"\267\244\251nk\304%\370)\303\022\274t\222\355\021\035"
 3608      6BC425F8 
 3608      29C312BC 
 3608      7492ED11 
 3608      1D
 3609 2f9e F754     		.ascii	"\367T"
 3610 2fa0 30F35471 		.ascii	"0\363Tq\203\373\220\216\004\277\3064|^\3456\345\300"
 3610      83FB908E 
 3610      04BFC634 
 3610      7C5EE536 
 3610      E5C0
 3611 2fb2 792C06D8 		.ascii	"y,\006\330\305\272\3611H\267\321B$<BD\036\241\214\307"
 3611      C5BAF131 
 3611      48B7D142 
 3611      243C4244 
 3611      1EA18CC7 
 3612 2fc6 CA56C38E 		.ascii	"\312V\303\216-\211C\036\255U5\317U\306\275<\364vK\325"
 3612      2D89431E 
 3612      AD5535CF 
 3612      55C6BD3C 
 3612      F4764BD5 
 3613 2fda 4894F53C 		.ascii	"H\224\365<\020A\355\010\027\355\230\254\2142h\271\016"
 3613      1041ED08 
 3613      17ED98AC 
 3613      8C3268B9 
 3613      0E
 3614 2feb 27AFC51A 		.ascii	"'\257\305\032ZU\024A\010\223\210\017\023\305G2\361>"
ARM GAS  /tmp/ccVr2doo.s 			page 294


 3614      5A551441 
 3614      0893880F 
 3614      13C54732 
 3614      F13E
 3615 2ffd BB75F9   		.ascii	"\273u\371"
 3616 3000 02C946F1 		.ascii	"\002\311F\361\036\203\347q\222Yg\3364\353DI8D\211\034"
 3616      1E83E771 
 3616      925967DE 
 3616      34EB4449 
 3616      3844891C 
 3617 3014 A21987E7 		.ascii	"\242\031\207\347\245^\233\266\244\0069\244$d\217\210"
 3617      A55E9BB6 
 3617      A40639A4 
 3617      24648F88 
 3618 3024 0A8C7E9A 		.ascii	"\012\214~\232)@\311c$\3441\"y,#\257\231\272u\327\221"
 3618      2940C963 
 3618      24E43122 
 3618      792C23AF 
 3618      99BA75D7 
 3619 3039 71240FAA 		.ascii	"q$\017\252\230\205\362p\005\033\217}%\361V\236\344\023"
 3619      9885F270 
 3619      051B8F7D 
 3619      25F1569E 
 3619      E413
 3620 304b AFB374A5 		.ascii	"\257\263t\245O\320M\365\222l-\221\240\223\346\354D\235"
 3620      4FD04DF5 
 3620      926C2D91 
 3620      A093E6EC 
 3620      449D
 3621 305d A40A6ADB 		.ascii	"\244\012j\333\031\030\024M\335lp\214K\363\302\336\002"
 3621      1918144D 
 3621      DD6C708C 
 3621      4BF3C2DE 
 3621      02
 3622 306e 24214EA2 		.ascii	"$!N\242m\234\250m\022\323\266\311;nBMb\337\217\227<"
 3622      6D9CA86D 
 3622      12D3B6C9 
 3622      3B6E424D 
 3622      62DF8F97 
 3623 3083 572E0D8B 		.ascii	"W.\015\213Y\367\261\306~\332\203\3678\2658Y\302#Y\344"
 3623      59F7B1C6 
 3623      7EDA83F7 
 3623      38B53859 
 3623      C22359E4 
 3624 3097 91C27854 		.ascii	"\221\302xT'\032\014ZR\216<\032n\006'M\231\352\035S\246"
 3624      271A0C5A 
 3624      528E3C1A 
 3624      6E06274D 
 3624      99EA1D53 
 3625 30ac 4A953048 		.ascii	"J\2250H\025\031\2441\006\003\217\035\343\204\364 \203"
 3625      1519A431 
 3625      06038F1D 
 3625      E384F420 
 3625      83
 3626 30bd E2B88D5E 		.ascii	"\342\270\215^\235\230\212p\0231#q\324\316\230\2072p"
 3626      9D988A70 
 3626      13312371 
ARM GAS  /tmp/ccVr2doo.s 			page 295


 3626      D4CE9887 
 3626      3270
 3627 30cf 28EE3465 		.ascii	"(\3564e\0068\221\031\244\251\277;\037pT\344\353,\220"
 3627      06389119 
 3627      A4A9BF3B 
 3627      1F7054E4 
 3627      EB2C90
 3628 30e2 98AD93E5 		.ascii	"\230\255\223\345\353\354\207(\275\243\237)_\323\237"
 3628      EBEC8728 
 3628      BDA39F29 
 3628      5FD39F
 3629 30f1 4DF93A47 		.ascii	"M\371:G\347\210x}\347Q\235\366,l\341\220x\316\240za"
 3629      E788787D 
 3629      E7519DF6 
 3629      2C6CE190 
 3629      78CEA07A 
 3630 3106 C1FAAE67 		.ascii	"\301\372\256g\036\355\213\\1lkw][t\230\255\304\232\311"
 3630      1EED8B5C 
 3630      316C6B77 
 3630      5D5B7498 
 3630      ADC49AC9 
 3631 311a 30A9A248 		.ascii	"0\251\242HB\272\350\006!\223\246\252t\321\023\371\314"
 3631      42BAE806 
 3631      2193A6AA 
 3631      74D113F9 
 3631      CC
 3632 312b 1393CB0F 		.ascii	"\023\223\313\017\307\266d\015\255\212Z\016\312s$\007"
 3632      C7B6640D 
 3632      AD8A5A0E 
 3632      CA732407 
 3633 313b D8884FCA 		.ascii	"\330\210O\312\370\201\225\247\366\026\002\313?\306\023"
 3633      F88195A7 
 3633      F61602CB 
 3633      3FC613
 3634 314a 82FF5D3C 		.ascii	"\202\377]<\335Y\343\223\032\213\265J\021\230\210\026"
 3634      DD59E393 
 3634      1A8BB54A 
 3634      11988816 
 3635 315a DC4D7616 		.ascii	"\334Mv\026\253\214i\272\230\2474\177\357rS\001S\202"
 3635      AB8C69BA 
 3635      98A7347F 
 3635      EF725301 
 3635      5382
 3636 316c 071F676A 		.ascii	"\007\037gjNtVk\2052jk\251hk\211W\335\265\263\251VX\304"
 3636      4E74566B 
 3636      85326A6B 
 3636      A9686B89 
 3636      57DDB5B3 
 3637 3184 5A017084 		.ascii	"Z\001p\204\002I\217\027\210v\2263;\347\012C\263U\344"
 3637      02498F17 
 3637      88769633 
 3637      3BE70A43 
 3637      B355E4
 3638 3197 E2A7EBF1 		.ascii	"\342\247\353\361JTJ\326)6\357\336%5T\315jQ\315\235\205"
 3638      4A544AD6 
 3638      2936EFDE 
 3638      253554CD 
ARM GAS  /tmp/ccVr2doo.s 			page 296


 3638      6A51CD9D 
 3639 31ac BA0C5B79 		.ascii	"\272\014[y\2274C\227\000\222Pa\354\222*\332%\025\242"
 3639      97344397 
 3639      00925061 
 3639      EC922ADA 
 3639      2515A2
 3640 31bf AAB54CD5 		.ascii	"\252\265L\325\272\375\344z\035\361y\375\247R\265^gV"
 3640      BAFDE47A 
 3640      1DF179FD 
 3640      A752B55E 
 3640      6756
 3641 31d1 851B9FB6 		.ascii	"\205\033\237\266d\254\302\341H\243\316r\025.\333'l\246"
 3641      64ACC2E1 
 3641      48A3CE72 
 3641      152EDB27 
 3641      6CA6
 3642 31e3 EA3789EA 		.ascii	"\3527\211\352GE^\365p\365\351\006\335\274q\203\316\360"
 3642      47455EF5 
 3642      70F5E906 
 3642      DDBC7183 
 3642      CEF0
 3643 31f5 618A29D4 		.ascii	"a\212)\324\031mh\2406\324\2116\2640\033\216\275\227"
 3643      196D68A0 
 3643      36D48936 
 3643      B4301B8E 
 3643      BD97
 3644 3207 579C4920 		.ascii	"W\234I \332\340\321YT\240|\226\237\362\216&\303\300"
 3644      DAE0D159 
 3644      54A07C96 
 3644      9FF28E26 
 3644      C3C0
 3645 3219 52A8EC8E 		.ascii	"R\250\354\216\2466\331`i\327\211\267s\016\371\342<\011"
 3645      A636D960 
 3645      69D789B7 
 3645      730EF9E2 
 3645      3C09
 3646 322b 47B8B131 		.ascii	"G\270\2611e\323?!)(.\345\242\361\013\226\356\315\353"
 3646      65D33F21 
 3646      29282EE5 
 3646      A2F10B96 
 3646      EECDEB
 3647 323e D459BA37 		.ascii	"\324Y\2727\257:\260,\312Q\352\223.Y\312\353\246N\351"
 3647      AF3AB02C 
 3647      CA51EA93 
 3647      2E59CAEB 
 3647      A64EE9
 3648 3251 109D9219 		.ascii	"\020\235\222\031\\X\2556\315ruu\3118\313\001\226\320"
 3648      5C58AD36 
 3648      CD727575 
 3648      C938CB01 
 3648      96D0
 3649 3263 2A09BE56 		.ascii	"*\011\276V\321\033=\314\033Ky\215\363\316\244\360u\253"
 3649      D11B3DCC 
 3649      1B4B798D 
 3649      F3CEA4F0 
 3649      75AB
 3650 3275 0B3E793D 		.ascii	"\013>y=\323\207\275\025ww\357\252|\\$\275 {@\226c\322"
ARM GAS  /tmp/ccVr2doo.s 			page 297


 3650      D387BD15 
 3650      7777EFAA 
 3650      7C5C24BD 
 3650      207B4096 
 3651 328b F26EFA9C 		.ascii	"\362n\372\234\025xG\012\274\362\276\200n\331&\323\240"
 3651      1578470A 
 3651      BCF2BE80 
 3651      6ED926D3 
 3651      A0
 3652 329c CCBD43A2 		.ascii	"\314\275C\242{\007\275:\033p$\303!\241\037\225\271L"
 3652      7B07BD3A 
 3652      1B7024C3 
 3652      21A11F95 
 3652      B94C
 3653 32ae CE2D535B 		.ascii	"\316-S[\215\374\021\352\245a\321K\235\015\255\213\002"
 3653      8DFC11EA 
 3653      A561D14B 
 3653      9D0DAD8B 
 3653      02
 3654 32bf F7D2E02C 		.ascii	"\367\322\340,\211f\031\031P\204^\211\213zE\027\2152"
 3654      89661919 
 3654      50845E89 
 3654      8B7A4517 
 3654      8D32
 3655 32d1 17957B74 		.ascii	"\027\225{t\\;\220\026tQH\325\356\274\023g\320:K\214"
 3655      5C3B9016 
 3655      745148D5 
 3655      EEBC1367 
 3655      D03A4B8C 
 3656 32e5 93E09884 		.ascii	"\223\340\230\204~L\244\177\316\350{\252\252\372\354"
 3656      7E4CA47F 
 3656      CEE87BAA 
 3656      AAFAEC
 3657 32f4 C820D227 		.ascii	"\310 \322'\306\347\357+\3573\246/G\230\220y$\243\276"
 3657      C6E7EF2B 
 3657      EF33A62F 
 3657      47989079 
 3657      24A3BE
 3658 3307 77DE5EF9 		.ascii	"w\336^\371\300H\005^KG\356\242,0'e\236\233\022=\327"
 3658      C048055E 
 3658      4B47EEA2 
 3658      2C302765 
 3658      9E9B123D 
 3659 331c 16DDC0BB 		.ascii	"\026\335\300\273v\312\030\231C\345}/H\0313\324q\323"
 3659      76CA1899 
 3659      43E57D2F 
 3659      481933D4 
 3659      71D3
 3660 332e C6F08AAB 		.ascii	"\306\360\212\253Z\027\213\250\266\204/\0241\307\001"
 3660      5A178BA8 
 3660      B6842F14 
 3660      31C701
 3661 333d 8A302E31 		.ascii	"\2120.1|\\4|\226\031~\355\2714\245\"\363hx`d|2\341\014"
 3661      7C5C347C 
 3661      96197EED 
 3661      B934A522 
 3661      F3687860 
ARM GAS  /tmp/ccVr2doo.s 			page 298


 3662 3356 FAF27587 		.ascii	"\372\362u\207\003,5\322\235\3139\011\2079\221\303<\343"
 3662      032C35D2 
 3662      9DCB3909 
 3662      873991C3 
 3662      3CE3
 3663 3368 905B9A17 		.ascii	"\220[\232\027\351H\266\221\203!\3746\311\221\334`\243"
 3663      E948B691 
 3663      8321FC36 
 3663      C991DC60 
 3663      A3
 3664 3379 F27279C6 		.ascii	"\362ry\306\316r\375\260h\261~\030\364\231n\346\261\255"
 3664      CE72FDB0 
 3664      68B17E18 
 3664      F4996EE6 
 3664      B1AD
 3665 338b 13574081 		.ascii	"\023W@\201M\247\275\262\235\225%\331\000[\241\036X\026"
 3665      4DA7BDB2 
 3665      9D9525D9 
 3665      005BA11E 
 3665      5816
 3666 339d 3D90DFE5 		.ascii	"=\220\337\345\226'\206\016,\303\256\266yA\000X\302\202"
 3666      9627860E 
 3666      2CC3AEB6 
 3666      79410058 
 3666      C282
 3667 33af C48405D1 		.ascii	"\304\204\005\321\204UfB\231[\240\257\212\270\276\301"
 3667      84556642 
 3667      995BA0AF 
 3667      8AB8BEC1 
 3668 33bf B41E4BAF 		.ascii	"\264\036K\257\371;SM\261 \255)\326$,\326D\026\353\214"
 3668      F93B534D 
 3668      B120AD29 
 3668      D6242CD6 
 3668      4416EB8C 
 3669 33d3 C56CCF64 		.ascii	"\305l\317d\2633\011C\026\217~Q\317q\037\323W#v\344\310"
 3669      B3330943 
 3669      168F7E51 
 3669      CF711FD3 
 3669      572376E4 
 3670 33e8 5AC29DC6 		.ascii	"Z\302\235\306\270\367\272\251{\3219\374mY\370\234\024"
 3670      B8F7BAA9 
 3670      7BD139FC 
 3670      6D59F89C 
 3670      14
 3671 33f9 255E3893 		.ascii	"%^8\223bd\2751\335V\252W\354\021\354\200br\242\216\033"
 3671      6264BD31 
 3671      DD56AA57 
 3671      EC11EC80 
 3671      6272A28E 
 3672 340e DF532769 		.ascii	"\337S'i\314\355\312bnO\214\271\210\245\236F\234c\341"
 3672      CCEDCA62 
 3672      6E4F8CB9 
 3672      88A59E46 
 3672      9C63E1
 3673 3421 90B0856A 		.ascii	"\220\260\205j\345\004\366\351\255\306\334\001\365\370"
 3673      E504F6E9 
 3673      ADC6DC01 
ARM GAS  /tmp/ccVr2doo.s 			page 299


 3673      F5F8
 3674 342f BEE871BF 		.ascii	"\276\350q\277\242\263|1dV\203\234\037\260b\005\034a"
 3674      A2B37C31 
 3674      6456839C 
 3674      1FB06205 
 3674      1C61
 3675 3441 43E2AC0D 		.ascii	"C\342\254\015\321Y\207\314YA\017Y\213\204\354\242E\276"
 3675      D15987CC 
 3675      59410F59 
 3675      8B84ECA2 
 3675      45BE
 3676 3453 770F73CA 		.ascii	"w\017s\312ZHi\321\300Lk\251\203\324\242c\231E'\242E"
 3676      5A4869D1 
 3676      C04C6BA9 
 3676      83D4A263 
 3676      994527A2 
 3677 3468 51E709D5 		.ascii	"Q\347\011\325\230\337O\214\243h\327-z_ \027(0~52Oyb"
 3677      98DF4F8C 
 3677      A368D72D 
 3677      7A5F2017 
 3677      28307E35 
 3678 3480 E10C049E 		.ascii	"\341\014\004\236\313\004&\034\365t\313\\x.\023x!\012"
 3678      CB04261C 
 3678      F574CB5C 
 3678      782E1378 
 3678      210A
 3679 3492 9C384D39 		.ascii	"\2348M9\300\025\032\034\022N\321\205\3317\345\213\326"
 3679      C0151A1C 
 3679      124ED185 
 3679      D937E58B 
 3679      D6
 3680 34a3 7D78457D 		.ascii	"}xE}x)\372\260(:/\325\216\373p\3453,]\001\202p$q\340"
 3680      7829FAB0 
 3680      283A2FD5 
 3680      8EFB70E5 
 3680      332C5D01 
 3681 34bc 91E8C06B 		.ascii	"\221\350\300k\346\300\250\301\354i\0251|\000\3173\207"
 3681      E6C0A8C1 
 3681      EC691531 
 3681      7C00CF33 
 3681      87
 3682 34cd 0ED53B9A 		.ascii	"\016\325;\232\026\015C\246E\303\215\204\303\215\310"
 3682      160D43A6 
 3682      45C38D84 
 3682      C38DC8
 3683 34dc E19671B8 		.ascii	"\341\226q\270\253\314\201\305v\010r\2604\356\\\346#"
 3683      ABCC81C5 
 3683      760872B0 
 3683      34EE5CE6 
 3683      23
 3684 34ed 73ED8D69 		.ascii	"s\355\215i\374\036\255\332\033\353\351\264\276\005\360"
 3684      FC1EADDA 
 3684      1BEBE9B4 
 3684      BE05F0
 3685 34fc 48AD7A10 		.ascii	"H\255z\020\255\312n\366\353\025\353\254\323[R[\267e"
 3685      ADCA6EF6 
 3685      EB15EBAC 
ARM GAS  /tmp/ccVr2doo.s 			page 300


 3685      D35B525B 
 3685      B765
 3686 350e F0D63324 		.ascii	"\360\3263$\341N\242\327\235\250\227\301\226\255\350"
 3686      E14EA2D7 
 3686      9DA897C1 
 3686      96ADE8
 3687 351d 722E9B6C 		.ascii	"r.\233lI\022\352\265\027\335[\203g\226\351mm\250WH\335"
 3687      4912EAB5 
 3687      17DD5B83 
 3687      6796E96D 
 3687      6DA85748 
 3688 3532 48B5B2F7 		.ascii	"H\265\262\367\350C\016\334le\3677\327^\266(\303*H\201"
 3688      E8430EDC 
 3688      6C65F737 
 3688      D75EB628 
 3688      C32A4881 
 3689 3546 7731E8B7 		.ascii	"w1\350\267,\333Ls\267\225=\004\302\226\367\262\317`"
 3689      2CDB4C73 
 3689      B7953D04 
 3689      C296F7B2 
 3689      CF60
 3690 3558 CB158615 		.ascii	"\313\025\206\025\034\022\\m19-\016\034Z_\032z\331\202"
 3690      1C125C6D 
 3690      31392D0E 
 3690      1C5A5F1A 
 3690      7AD982
 3691 356b 3F3C6DB9 		.ascii	"?<m\271?\366Z\374\307\305n:\341\263\022`\010.\266&g"
 3691      3FF65AFC 
 3691      C7C56E3A 
 3691      E1B31260 
 3691      082EB626 
 3692 3580 B8D87267 		.ascii	"\270\330rgx3gD6\227%\352H5:\303\317\273\322\335\211"
 3692      78336744 
 3692      369725EA 
 3692      48353AC3 
 3692      CFBBD2DD 
 3693 3595 F463A3B6 		.ascii	"\364c\243\266}\342M\313W\213\372\332Z\272Z4\363\242"
 3693      7DE24DCB 
 3693      578BFADA 
 3693      5ABA5A34 
 3693      F3A2
 3694 35a7 291C7BD3 		.ascii	")\034{\323\317V\354a+\311'@\346\236\376\253\303:{\262"
 3694      CF56EC61 
 3694      2BC92740 
 3694      E69EFEAB 
 3694      C33A7BB2 
 3695 35bb 86525347 		.ascii	"\206RSGk;\224\217\233\012\004\211r\242\214\331\334m"
 3695      6B3B948F 
 3695      9B0A0489 
 3695      72A28CD9 
 3695      DC6D
 3696 35cd D9C80992 		.ascii	"\331\310\011\222\3714X\364idWm\016\326\362pH\360G\237"
 3696      F93458F4 
 3696      6964576D 
 3696      0ED6F270 
 3696      48F0479F 
 3697 35e1 6E5C1514 		.ascii	"n\\\025\024\010\306N\017\301\203\313\336\347\376:\253"
ARM GAS  /tmp/ccVr2doo.s 			page 301


 3697      08C64E0F 
 3697      C183CBDE 
 3697      E7FE3AAB 
 3698 35f1 8E0EA38E 		.ascii	"\216\016\243\216\016\025\035\235\232\334\341%n\006\356"
 3698      0E151D9D 
 3698      9ADCE125 
 3698      6E06EE
 3699 3600 70470386 		.ascii	"pG\003\206\340#q\264\217\350\350p\346\350\255u\377k"
 3699      E02371B4 
 3699      8FE8E870 
 3699      E6E8AD75 
 3699      FF6B
 3700 3612 3B728756 		.ascii	";r\207V&\037t\2669\033S\"\372\252\247\247\255Dk\034"
 3700      261F74B6 
 3700      391B5322 
 3700      FAAAA7A7 
 3700      AD446B1C 
 3701 3626 E391A854 		.ascii	"\343\221\250T\305\324q\240\365\242&\232*\025%*5\037"
 3701      C5D471A0 
 3701      F5A2269A 
 3701      2A15252A 
 3701      351F
 3702 3638 D97DA732 		.ascii	"\331}\2472\345\311]\034\244\200#DH\324\212\020\325\212"
 3702      E5C95D1C 
 3702      A4802344 
 3702      48D48A10 
 3702      D58A
 3703 364a 616A6525 		.ascii	"aje%\246\315\333\023\2577\005ky-g\256\241\024\2637\275"
 3703      A6CDDB13 
 3703      AF37056B 
 3703      792D67AE 
 3703      A114B337 
 3704 365f A9260ED5 		.ascii	"\251&\016\325\352\336\363\032VN\021\312\263\206\263"
 3704      EADEF31A 
 3704      564E11CA 
 3704      B386B3
 3705 366e FD4719B2 		.ascii	"\375G\031\262\227L%\310z)Q\354\245\236\315\354\2170"
 3705      974C25C8 
 3705      7A2951EC 
 3705      A59ECDEC 
 3705      8F30
 3706 3680 19704488 		.ascii	"\031pD\210\3472\256\216\246\255_S\224LMO\022M\217.*"
 3706      E732AE8E 
 3706      A6AD5F53 
 3706      944C4D4F 
 3706      124D8F2E 
 3707 3695 C81157E9 		.ascii	"\310\021W\351\275\277\310\272\003\020\204X\211\335\261"
 3707      BDBFC8BA 
 3707      03108458 
 3707      89DDB1
 3708 36a4 A2DD29CC 		.ascii	"\242\335)\314\356\200\232\333\033B\322\321\356\306\220"
 3708      EE809ADB 
 3708      1B42D2D1 
 3708      EEC690
 3709 36b3 D90D3D69 		.ascii	"\331\015=i\300\306H\312\271\267\225\313\244\323,\006"
 3709      C0C648CA 
 3709      B9B795CB 
ARM GAS  /tmp/ccVr2doo.s 			page 302


 3709      A4D32C06 
 3710 36c3 FE4CB35B 		.ascii	"\376L\263[\002\256l\322\215\201?\270\037\030\203^\243"
 3710      02AE6CD2 
 3710      8D813FB8 
 3710      1F18835E 
 3710      A3
 3711 36d4 B7BF66A0 		.ascii	"\267\277f\240E?3\347\340\221\355\024L\373Y\3009\023"
 3711      453F33E7 
 3711      E091ED14 
 3711      4CFB59C0 
 3711      3913
 3712 36e6 B9141EB4 		.ascii	"\271\024\036\264\356\310v@\250\004\223cr\250c\262E\307"
 3712      EEC87640 
 3712      A8049363 
 3712      72A863B2 
 3712      45C7
 3713 36f8 B83F8C55 		.ascii	"\270?\214U\351\304Rc\226\354\213\325\012`\011\251\022"
 3713      E9C45263 
 3713      96EC8BD5 
 3713      0A6009A9 
 3713      12
 3714 3709 EFA48ADE 		.ascii	"\357\244\212\336\311e\336\011+\014\254\025H\347\233"
 3714      C965DE09 
 3714      2B0CAC15 
 3714      48E79B
 3715 3718 3FFDF91F 		.ascii	"?\375\371\037\331j\270\200\352\220/\352\2608<V#n\177"
 3715      D96AB880 
 3715      EA902FEA 
 3715      B0383C56 
 3715      236E7F
 3716 372b 2C4EBF9D 		.ascii	",N\277\235\223\266\315\2624 \011y\022\025\362D\025\012"
 3716      93B6CDB2 
 3716      34200979 
 3716      1215F244 
 3716      150A
 3717 373d 990A86C1 		.ascii	"\231\012\206\301\326\004-\311\371OVw(3\335j\313\255"
 3717      D6042DC9 
 3717      F94F5677 
 3717      2833DD6A 
 3717      CBAD
 3718 374f 4F142554 		.ascii	"O\024%T\205bQ\205\212\221\253Tqh\014\345\353\274\203"
 3718      85625185 
 3718      8A91AB54 
 3718      71680CE5 
 3718      EBBC83
 3719 3762 B81B004B 		.ascii	"\270\033\000K(\222\350P$\352P\312tx,[\216&\244\001u"
 3719      2892E850 
 3719      24EA50CA 
 3719      74782C5B 
 3719      8E26A401 
 3720 3777 88AFF3AA 		.ascii	"\210\257\363\252\022WV}\273\366\001}\3069\260L\302\241"
 3720      1257567D 
 3720      BBF6017D 
 3720      C639B04C 
 3720      C2A1
 3721 3789 4CE450CE 		.ascii	"L\344P\3168$_\236\270:\223nn\305|\331\214\223i\026\355"
 3721      38245F9E 
ARM GAS  /tmp/ccVr2doo.s 			page 303


 3721      B83A936E 
 3721      6EC57CD9 
 3721      8C936916 
 3722 379e 37CDA215 		.ascii	"7\315\242\025\022\016\025\"\207J\314\033k\027gz2\207"
 3722      120E1522 
 3722      874ACC1B 
 3722      6B17677A 
 3722      3287
 3723 37b0 1C0C653E 		.ascii	"\034\014e>=\342\251\264\323;\347\374\036#\207*\011\207"
 3723      3DE2A9B4 
 3723      D33BE7FC 
 3723      1E23872A 
 3723      0987
 3724 37c2 2A914335 		.ascii	"*\221C5\343\020\3226\237'{<\356\242"
 3724      E310D236 
 3724      9F277B3C 
 3724      EEA2
 3725 37d0 B577C1D0 		.ascii	"\265w\301\320\350\272\337JW\275\225\361\301$\203\255"
 3725      E8BADF4A 
 3725      57BD95F1 
 3725      C12483AD 
 3726 37e0 5063FB84 		.ascii	"Pc\373\204\345\225\220\220\337'\245\037\304\225\353"
 3726      E5959090 
 3726      DF27A51F 
 3726      C495EB
 3727 37ef C069A49E 		.ascii	"\300i\244\2364c#b/\261D\365\3414\303p3\273$ua\337\335"
 3727      34632362 
 3727      2FB144F5 
 3727      E134C370 
 3727      33BB2475 
 3728 3806 E0120AC9 		.ascii	"\340\022\012\311\000\350\204z\320gK\363s\0229up\244"
 3728      00E8847A 
 3728      D0674BF3 
 3728      73123975 
 3728      70A4
 3729 3818 D6F62DBA 		.ascii	"\326\366-\272\034\267\245/<Y\2718\277q$=\310j\270l\271"
 3729      1CB7A52F 
 3729      3C59B938 
 3729      BF71243D 
 3729      C86AB86C 
 3730 382d 5345663E 		.ascii	"SEf>\370\242\323Z\315\262\011\340\270\310w\310\231\254"
 3730      F8A2D35A 
 3730      CDB209E0 
 3730      B8C877C8 
 3730      99AC
 3731 383f 21455370 		.ascii	"!ESp\370\206\275\"\037\265\200D9Q\366c\250\227l\231"
 3731      F886BD22 
 3731      1FB58044 
 3731      3951F663 
 3731      A8976C99 
 3732 3853 D42ACB47 		.ascii	"\324*\313Gmb>\332N\333xI\372\270f+hU\365\313\277+\345"
 3732      6D623EDA 
 3732      4EDB7849 
 3732      FAB8662B 
 3732      6855F5CB 
 3733 386a D66E2B7D 		.ascii	"\326n+}1X\007G#\276\233\371\015\032\323+\364\016\373"
 3733      31580747 
ARM GAS  /tmp/ccVr2doo.s 			page 304


 3733      23BE9BF9 
 3733      0D1AD32B 
 3733      F40EFB
 3734 387d ECEF3BFC 		.ascii	"\354\357;\374\360\301\371\342\035\322]\266\357~\377"
 3734      F0C1F9E2 
 3734      1DD25DB6 
 3734      EF7EFF
 3735 388c 81E9EAF3 		.ascii	"\201\351\352\363.4J\350\264}&t\333Jng\276(\342\017\206"
 3735      2E344AE8 
 3735      B47D2674 
 3735      DB4A6E67 
 3735      BE28E20F 
 3736 38a1 07D90214 		.ascii	"\007\331\002\0249\226\370\212wg\336m\235\272\353\305"
 3736      3996F88A 
 3736      7767DE6D 
 3736      9DBAEBC5 
 3737 38b1 7B07DCE5 		.ascii	"{\007\334\345\017L\242'\004-\010\001\252\253\347\367"
 3737      0F4CA227 
 3737      042D0801 
 3737      AAABE7F7 
 3738 38c1 75B4CF8F 		.ascii	"u\264\317\217\350`N|\317rd\202\213\241U-\364Pd\014A"
 3738      E8604E7C 
 3738      CF726482 
 3738      8BA1552D 
 3738      F450640C 
 3739 38d6 899E8D2C 		.ascii	"\211\236\215,\020\205^\326\337\223+7_ \245o\341}+\353"
 3739      10855ED6 
 3739      DF932B37 
 3739      5F20A56F 
 3739      E17D2BEB 
 3740 38ea E36F7226 		.ascii	"\343or&m\325\357i\2314\030RT\214G\237\202G\037\362\350"
 3740      6DD5EF69 
 3740      99341852 
 3740      548C479F 
 3740      82471FF2 
 3741 38ff 673CF643 		.ascii	"g<\366Ccb\235\31052\011\330\350\202\010\270\307\206"
 3741      63629DC8 
 3741      353209D8 
 3741      E88208B8 
 3741      C786
 3742 3911 7B4E6937 		.ascii	"{Ni7\221\337_m\274=`\320\366\205\267\007\320\024\365"
 3742      91DF5F6D 
 3742      BC3D60D0 
 3742      F685B707 
 3742      D014F5
 3743 3924 18EEA906 		.ascii	"\030\356\251\006\205\226\232\331\225S\371m]\006C\262"
 3743      85969AD9 
 3743      9553F96D 
 3743      5D0643B2 
 3744 3934 8330041A 		.ascii	"\2030\004\032\015p\215Dn6\364\010\325h\230i\324X\025"
 3744      0D708D44 
 3744      6E36F408 
 3744      D5689869 
 3744      D45815
 3745 3947 B967477C 		.ascii	"\271gG|\177\016\267\366\017\027\2735\300\246\031\330"
 3745      7F0EB7F6 
 3745      0F17BB35 
ARM GAS  /tmp/ccVr2doo.s 			page 305


 3745      C0A619D8 
 3746 3957 0C26BE14 		.ascii	"\014&\276\024f0\340#\355G8\017\323M\363#\310c\224\361"
 3746      6630E023 
 3746      ED47380F 
 3746      D34DF323 
 3746      C86394F1 
 3747 396b 5874BB09 		.ascii	"Xt\273\011p \341\310#zg%OGU\241w\247\367\222\334b\203"
 3747      7020E1C8 
 3747      237A6725 
 3747      4F4755A1 
 3747      77A7F792 
 3748 3982 3B61297E 		.ascii	";a)~\2143\021\3575\037C\026\317\031\213\352\205\244"
 3748      8C3311EF 
 3748      351F4316 
 3748      CF198BEA 
 3748      85A4
 3749 3994 1C679282 		.ascii	"\034g\222\202,\372}\312\013\011g\321\356N\202\361\031"
 3749      2CFA7DCA 
 3749      0B0967D1 
 3749      EE4E82F1 
 3749      19
 3750 39a5 0CE366F4 		.ascii	"\014\343f\364\343H?\301\350}*7r\005R\200\364\3369\001"
 3750      E3483FC1 
 3750      E87D2A37 
 3750      72055280 
 3750      F4DE3901 
 3751 39b9 1FE7E40F 		.ascii	"\037\347\344\017=\022\015&\3158L\"\207)\306a\242\300"
 3751      3D120D26 
 3751      CD384C22 
 3751      8729C661 
 3751      A2C0
 3752 39cb 334F2075 		.ascii	"3O u\310!$\376,S\317Y\364\0335\2306\243\237F\372\031"
 3752      C82124FE 
 3752      2C53CF59 
 3752      F41B3598 
 3752      36A39F46 
 3753 39e1 461F78E5 		.ascii	"F\037x\345_#\220n\244\037t\271Kp\340\364\027R\025f\315"
 3753      5F23906E 
 3753      A41F74B9 
 3753      4B70E0F4 
 3753      17521566 
 3754 39f6 58CC228B 		.ascii	"X\314\"\2139\306\242\367\332'\213\220)d\341?~\327/p"
 3754      39C6A2F7 
 3754      DA278B90 
 3754      2964E13F 
 3754      7ED72F70 
 3755 3a0a 16734615 		.ascii	"\026sF\025\346\315\350\347\221~\201\321\037E\364\264"
 3755      E6CDE8E7 
 3755      917E81D1 
 3755      1F45F4B4 
 3756 3a1a 3A904DA4 		.ascii	":\220M\244\017\357{\336\256\346\364\007R\025\026\315"
 3756      0FEF7BDE 
 3756      AEE6F407 
 3756      521516CD 
 3757 3a2a 582C228B 		.ascii	"X,\"\213%\306\":\245/\317\201\234#\213\256\347\373\231"
 3757      25C6223A 
 3757      A52FCF81 
ARM GAS  /tmp/ccVr2doo.s 			page 306


 3757      9C238BAE 
 3757      E7FB99
 3758 3a3d 3A851796 		.ascii	":\205\027\226\315\350\227\221~\205\321?\272\257\177"
 3758      CDE89791 
 3758      7E85D13F 
 3758      BAAF7F
 3759 3a4c 93B87E88 		.ascii	"\223\270~\210\221\273\215\236\265\210\026,H5X5\343\260"
 3759      91BB8D9E 
 3759      B588162C 
 3759      48355835 
 3759      E3B0
 3760 3a5e 8A1CD618 		.ascii	"\212\034\326\030\207\250%\377\\\015\011F\026\207>\305"
 3760      87A825FF 
 3760      5C0D0946 
 3760      16873EC5 
 3761 3a6e 87CE0A0D 		.ascii	"\207\316\012\015\326\315\350\327\221~\203\321w\2366"
 3761      D6CDE8D7 
 3761      917E83D1 
 3761      779E36
 3762 3a7d 1D139280 		.ascii	"\035\023\222\200\364\275'7\365N\234~B\252\302\246\031"
 3762      F4BD2737 
 3762      F54E9C7E 
 3762      42AAC2A6 
 3762      19
 3763 3a8e 8B4D64B1 		.ascii	"\213Md\261\305X\014lO&\013$\017Y\244\304\026\347+Ca"
 3763      C5580C6C 
 3763      4F260B24 
 3763      0F59A4C4 
 3763      16E72B43 
 3764 3aa3 DB8C7E1B 		.ascii	"\333\214~\033\351w\030}YH\\\226=\251F\372\201\326\304"
 3764      E977187D 
 3764      59485C96 
 3764      3DA946FA 
 3764      81D6C4
 3765 3ab6 1E0DA71F 		.ascii	"\036\015\247\037\224\252\260k\306b\027Y\3541\026[q\247"
 3765      94AAB06B 
 3765      C6621759 
 3765      EC31165B 
 3765      71A7
 3766 3ac8 070EA413 		.ascii	"\007\016\244\023Y\214\307\247|F\241\301\276\031\371"
 3766      598CC7A7 
 3766      7C46A1C1 
 3766      BE19F9
 3767 3ad7 3E921F30 		.ascii	">\222\0370\362\354\236\260)\035\031C\362\260\234\310"
 3767      F2EC9EB0 
 3767      291D1943 
 3767      F2B09CC8 
 3768 3ae7 5AB11F3A 		.ascii	"Z\261\037:\245\032\034\232\2618D\026G\214\305M\345}"
 3768      A51A1C9A 
 3768      B1384416 
 3768      478CC54D 
 3768      E57D
 3769 3af9 A9035946 		.ascii	"\251\003YF\026\001\307\371!\312~86\243?F\372\023F_\370"
 3769      1601C7F9 
 3769      21CA7E38 
 3769      36A33F46 
 3769      FA13465F 
ARM GAS  /tmp/ccVr2doo.s 			page 307


 3770 3b0e 907BA326 		.ascii	"\220{\243&\007H_Y8\023(\006\343C\267D\205S3\026\247"
 3770      07485F59 
 3770      38132806 
 3770      E343B744 
 3770      85533316 
 3771 3b23 C8E20C07 		.ascii	"\310\342\014\007u\335@\245\212\334!\213\350\271\260"
 3771      75DD40A5 
 3771      8ADC218B 
 3771      E8B9B0
 3772 3b32 74653F9C 		.ascii	"te?\234\233\321\237#\375\005\243?vk\337p\">\317\030"
 3772      9BD19F23 
 3772      FD05A33F 
 3772      766BDF70 
 3772      223ECF18 
 3773 3b46 7DA421FE 		.ascii	"}\244!\376D%\016I\251\012\227f,.\221\305\025cq\036u"
 3773      44250E49 
 3773      A90A9766 
 3773      2C2E91C5 
 3773      1563711E 
 3774 3b5b 3D4D4814 		.ascii	"=MH\024\2628(]\257pT\250pmF\177\215\3647\214\276\330"
 3774      B238285D 
 3774      AF7054A8 
 3774      706D467F 
 3774      8DF4378C 
 3775 3b71 FDF2CA81 		.ascii	"\375\362\312\201\244#\375y\311r\234H\177 U\341\326\214"
 3775      A423FD79 
 3775      C9729C48 
 3775      7F2055E1 
 3775      D68C
 3776 3b83 C52DB2B8 		.ascii	"\305-\262\270c,\032jW7\010)E\026\243\201\336m\366\012"
 3776      632C1A6A 
 3776      57370829 
 3776      4516A381 
 3776      DE6DF60A 
 3777 3b97 15EECDE8 		.ascii	"\025\356\315\350\357\221\376\201\321\317\206\271\272"
 3777      EF91FE81 
 3777      D1CF86B9 
 3777      BA
 3778 3ba4 684813D2 		.ascii	"hH\023\322\257-\373G\211\035\271!U\341\321\214\305#"
 3778      AF2DFB47 
 3778      891DB921 
 3778      55E1D18C 
 3778      C523
 3779 3bb6 B230D851 		.ascii	"\2620\330Q\0265\225\033a*2\200,&\362\334\257\035\024"
 3779      1635951B 
 3779      612A3280 
 3779      2C26F2DC 
 3779      AF1D14
 3780 3bc9 2AB8D8C9 		.ascii	"*\270\330\311\351\241M\351]\031\275\267\357\343\206"
 3780      E9A14DE9 
 3780      5D19BDB7 
 3780      EFE386
 3781 3bd8 406690DE 		.ascii	"@f\220\336\257,bS\314*\023R\025\334\314X\270!\013w\306"
 3781      AF2C6253 
 3781      CC2A1352 
 3781      15DCCC58 
 3781      B8210B77 
ARM GAS  /tmp/ccVr2doo.s 			page 308


 3782 3bed 22A261BA 		.ascii	"\"\242a\272B ;\310\342\342\304\177\317Q\221\033=\314"
 3782      42203BC8 
 3782      E2E2C47F 
 3782      CF51911B 
 3782      3DCC
 3783 3bff E83D90DE 		.ascii	"\350=\220\336\223\321o\217\216BG\\#}HQH\2428\"\006\245"
 3783      93D16F8F 
 3783      8E42475C 
 3783      237D4851 
 3783      48A23822 
 3784 3c15 2A7899B1 		.ascii	"*x\231\261\360B\026\336\214\305\342NS\237\212\370|\030"
 3784      F04216DE 
 3784      8CC5E24E 
 3784      539F8AF8 
 3784      7C18
 3785 3c27 D3F3E574 		.ascii	"\323\363\345t\243R\005\0373z\037\244\367e\364\036\355"
 3785      A352051F 
 3785      337A1FA4 
 3785      F765F41E 
 3785      ED
 3786 3c38 2E6BF624 		.ascii	".k\366$\032\351=Z\243\003E/vJU\3603c\341\207,\374\031"
 3786      1AE93D5A 
 3786      A303452F 
 3786      764A55F0 
 3786      3363E187 
 3787 3c4f 8BE2A188 		.ascii	"\213\342\241\210^\025\311F\026\351\023q0T\315U\0100"
 3787      5E15C946 
 3787      16E91371 
 3787      3054CD55 
 3787      0830
 3788 3c61 A30F40FA 		.ascii	"\243\017@\372@F\357\3275\232cO\252\220\336\267\3458"
 3788      4046EFD7 
 3788      359A634F 
 3788      AA90DEB7 
 3788      E538
 3789 3c73 DF38289B 		.ascii	"\3378(\233$*\004\231\261\010B\026\301\214\305LNL\205"
 3789      242A0499 
 3789      B1084216 
 3789      C18CC54C 
 3789      4E4C85
 3790 3c86 8A74218B 		.ascii	"\212t!\213\320\236,w{\205\012!f\364!H\037\312\350\023"
 3790      D09E2C77 
 3790      7B850A21 
 3790      66F42148 
 3790      1FCAE813 
 3791 3c9a 7CCF9F3B 		.ascii	"|\317\237;\220\011\244\317\332\350{M\034\223R\015\302"
 3791      9009A4CF 
 3791      DAE87B4D 
 3791      1C93520D 
 3791      C2
 3792 3cab CC388421 		.ascii	"\3148\204!\207p\306\341\270\256\275OM6\220CmH\357\212"
 3792      8770C6E1 
 3792      B8AEBD4F 
 3792      4D369043 
 3792      6D48EF8A 
 3793 3cbf 5AA14184 		.ascii	"Z\241A\204\031}\004\322G2\372\353<\337x\230\343\220"
 3793      197D04D2 
ARM GAS  /tmp/ccVr2doo.s 			page 309


 3793      4732FAEB 
 3793      3CDF7898 
 3793      E390
 3794 3cd1 BE7C3768 		.ascii	"\276|7hXL+\007R\025\242\314XD!\213h\306b!h\353\316\216"
 3794      584C2B07 
 3794      5215A2CC 
 3794      5844218B 
 3794      68C66221 
 3795 3ce9 787C0417 		.ascii	"x|\004\0275\353\251i\032\205\0121f\3641H\037\313\350"
 3795      35EBA969 
 3795      1A850A31 
 3795      66F43148 
 3795      1FCBE8
 3796 3cfc 274EEA67 		.ascii	"'N\352g\365$\034\351\353rF\202E'nHU\2103c\021\207,\342"
 3796      F5241CE9 
 3796      EB724682 
 3796      45276E48 
 3796      55883363 
 3797 3d14 D18F11F5 		.ascii	"\321\217\021\365\335\204\244#\213\363\223\352\367*4"
 3797      DD84A423 
 3797      8BF393EA 
 3797      F72A34
 3798 3d23 4830234F 		.ascii	"H0#O@\362DFn(\353\336u$eH\276\264u\024(\016\311\005"
 3798      40F24446 
 3798      6E28EBDE 
 3798      75246548 
 3798      BEB47514 
 3799 3d3b A9064966 		.ascii	"\251\006If,\222\220E2cq2t\331\255&m\310\"\340qp\221"
 3799      2C929045 
 3799      32637132 
 3799      74D9AD26 
 3799      6DC822E0 
 3800 3d52 28544831 		.ascii	"(TH1\243OA\372TF_8\327\0123\306(\322\217fF\356\312\256"
 3800      A34F41FA 
 3800      54465F38 
 3800      D70A33C6 
 3800      28D28F66 
 3801 3d6a 413D925D 		.ascii	"A=\222]\203\232n'y3\332\330\242\207\023\331D\272\271"
 3801      839A6E27 
 3801      7933DAD8 
 3801      A28713D9 
 3801      44BAB9
 3802 3d7d D0A5135B 		.ascii	"\320\245\023[ktB\006\310\227\222\372\344\346\345\310"
 3802      6B744206 
 3802      C89792FA 
 3802      E4E6E5C8 
 3803 3d8d 9E35542A 		.ascii	"\2365T*{ZR\226\035\256x\324\231YW%:\311\273\302\350"
 3803      7B5A5296 
 3803      1DAE78D4 
 3803      99595725 
 3803      3AC9BBC2 
 3804 3da2 99C8432F 		.ascii	"\231\310C/\371\222'\327\356\005\217\017\353\274{\025"
 3804      F99227D7 
 3804      EE058F0F 
 3804      EBBC7B15 
 3805 3db2 6FA0CEB4 		.ascii	"o\240\316\264\303\307:[\300\266\376\370>\366\000KJA"
 3805      C3C73A5B 
ARM GAS  /tmp/ccVr2doo.s 			page 310


 3805      C0B6FEF8 
 3805      3EF6004B 
 3805      4A41
 3806 3dc4 7D976DF7 		.ascii	"}\227m\367L\310\001\310\263\223\276*\354\356U||:\250"
 3806      4CC801C8 
 3806      B393BE2A 
 3806      ECEE557C 
 3806      7C3AA8
 3807 3dd7 CC9ECC2E 		.ascii	"\314\236\314.\347o\272\275\227\006G\355\350\201\336"
 3807      E76FBABD 
 3807      970647ED 
 3807      E881DE
 3808 3de6 CA4DD665 		.ascii	"\312M\326e\326\005\001e\367\300\354\232\270\036\200"
 3808      D6050165 
 3808      F7C0EC9A 
 3808      B81E80
 3809 3df5 65C58147 		.ascii	"e\305\201G',+TB>\020\244\361\2365\255\217\351\221?\241"
 3809      272C2B54 
 3809      423E10A4 
 3809      F19E35AD 
 3809      8FE9913F 
 3810 3e0a 5B1C0538 		.ascii	"[\034\0058g\244\354\015\330\221+\354%o\317H_\007\316"
 3810      67A4EC0D 
 3810      D8912BEC 
 3810      256FCF48 
 3810      5F07CE
 3811 3e1d 68E6532E 		.ascii	"h\346S.\206f5cR\250`R(2)bL\\c\263\023\265\304\367\243"
 3811      86663563 
 3811      52A86052 
 3811      28322962 
 3811      4C5C63B3 
 3812 3e36 8C495B4B 		.ascii	"\214I[K(\213R\306\344\223F&\305\012&\305\"\223\022\306"
 3812      288B52C6 
 3812      E4934626 
 3812      C50A26C5 
 3812      229312C6 
 3813 3e4a 64F2EEF9 		.ascii	"d\362\356\371\260@\022\220\311N\355\302\216\2123i\375"
 3813      B0401290 
 3813      C94EEDC2 
 3813      8E8A3369 
 3813      FD
 3814 3e5b 849149A9 		.ascii	"\204\221I\251\202I\251\310\244\2141\031\316i\210u$\371"
 3814      8249A9C8 
 3814      A48C3119 
 3814      CE698875 
 3814      24F9
 3815 3e6d C8A42F31 		.ascii	"\310\244/1\310\313\2213\33111)W0)\027\231T0&\241\021"
 3815      C8CB9133 
 3815      D9313129 
 3815      57302917 
 3815      99543026 
 3816 3e83 93C5C47C 		.ascii	"\223\305\304|'\303\342S>h\256\256k\214\323\276\325\360"
 3816      27C3E253 
 3816      3E68AEAE 
 3816      6B8CD3BE 
 3816      D5F0
 3817 3e95 D12443F4 		.ascii	"\321$C\364\007\205J;\266\225\341\232\024\326\254&}\250"
ARM GAS  /tmp/ccVr2doo.s 			page 311


 3817      07854A3B 
 3817      B695E19A 
 3817      14D6AC26 
 3817      7DA8
 3818 3ea7 C56E72B4 		.ascii	"\305nr\264\233\226o_Ld\323\007}\177\235\342\011\325"
 3818      9B966F5F 
 3818      4C64D307 
 3818      7D7F9DE2 
 3818      09D5
 3819 3eb9 5C0D1363 		.ascii	"\\\015\023cz\244\312\216n]\3240=\212\302\326\0164d\022"
 3819      7AA4CA8E 
 3819      6E5DD430 
 3819      3D8AC2D6 
 3819      0E346412 
 3820 3ecd D9DC9554 		.ascii	"\331\334\225T.9qc.\022_*s3x\023\366\014\256Z;\363\265"
 3820      2E397163 
 3820      2E125F2A 
 3820      73337813 
 3820      F60CAE5A 
 3821 3ee4 6C2D0EDF 		.ascii	"l-\016\337:\306d3\371t\313\221,\"\023\227\350\304\007"
 3821      3AC66433 
 3821      F974CB91 
 3821      2C221397 
 3821      E8C407
 3822 3ef7 3559FFE8 		.ascii	"5Y\377\350\213\366?\032\355\244[\031\261[\203#Z\262"
 3822      8BF63F1A 
 3822      EDA45B19 
 3822      B15B8323 
 3822      5AB2
 3823 3f09 8D142925 		.ascii	"\215\024)%E!\312\347=7Q\005dD\303#W\351\2623\021\315"
 3823      4521CAE7 
 3823      3D375105 
 3823      6444C323 
 3823      57E9B233 
 3824 3f1f B2B06FE1 		.ascii	"\262\260o\341\343W\010\254\331H\265'\347\310<b\275>"
 3824      E35708AC 
 3824      D948B527 
 3824      E7C83C62 
 3824      BD3E
 3825 3f31 5BF93287 		.ascii	"[\3712\207V`\336&c~5\0367\243Ul\302(\361\016\274r|e"
 3825      5660DE26 
 3825      637E351E 
 3825      37A3556C 
 3825      C228F10E 
 3826 3f49 5BF7ED32 		.ascii	"[\367\3552%:D%\266\233\307w-]Lh#t\332)\257\005\\[L\211"
 3826      253A4425 
 3826      B69BC777 
 3826      2D5D4C68 
 3826      2374DA29 
 3827 3f63 D710D78F 		.ascii	"\327\020\327\217\361\323\353y\321\202\245+\011\273@"
 3827      F1D3EB79 
 3827      D182A52B 
 3827      09BB40
 3828 3f72 1B4BD49D 		.ascii	"\033K\324\235IM?`\373\213\335v\342\375\217s\363\323"
 3828      494D3F60 
 3828      FB8BDD76 
 3828      E2FD8F73 
ARM GAS  /tmp/ccVr2doo.s 			page 312


 3828      F3D3
 3829 3f84 DBA6736E 		.ascii	"\333\246sn=v\354`\336\315F\242\365\223\004}v\257\330"
 3829      3D76EC60 
 3829      DECD46A2 
 3829      F593047D 
 3829      76AFD8
 3830 3f97 08BD767C 		.ascii	"\010\275v|\323q`({"
 3830      D3716028 
 3830      7B
 3831 3fa0 54F6484E 		.ascii	"T\366HN\370Ybg\2774%\217W\005\351H\000*?{\224|\247\265"
 3831      F8596267 
 3831      BF34258F 
 3831      5705E948 
 3831      002A3F7B 
 3832 3fb8 46274052 		.ascii	"F'@R\220\222\252\027\323:\374\010{Z\277\345\014EO:\016"
 3832      9092AA17 
 3832      D33AFC08 
 3832      7B5ABFE5 
 3832      0C454F3A 
 3833 3fcd F10C350A 		.ascii	"\361\0145\012\331i\004`X\232\0127\203\234\353\327\361"
 3833      D9690460 
 3833      589A0A37 
 3833      839CEBD7 
 3833      F1
 3834 3fde 1D18833C 		.ascii	"\035\030\203<\331\016YI\206H0,@\336\204P\021\032\354"
 3834      D90E5949 
 3834      8648302C 
 3834      40DE8450 
 3834      111AEC
 3835 3ff1 CC51CD9F 		.ascii	"\314Q\315\237\263q\221\373\006\246Y\350T\3660"
 3835      B37191FB 
 3835      06A659E8 
 3835      54F630
 3836 4000 6F0BE83C 		.ascii	"o\013\350<\313\336T\347\006\331[\311\262/\260\001(\327"
 3836      CBDE54E7 
 3836      06D95BC9 
 3836      B22FB001 
 3836      28D7
 3837 4012 FD869659 		.ascii	"\375\206\226Y\011c\240\017\032}\032jH\376\2720\006\330"
 3837      0963A00F 
 3837      1A7D1A6A 
 3837      48FEBA30 
 3837      06D8
 3838 4024 F58A7452 		.ascii	"\365\212tR\217\343\3579\033\177\231\273%\211j\022\201"
 3838      8FE3EF39 
 3838      1B7F99BB 
 3838      25896A12 
 3838      81
 3839 4035 3E6F6F0E 		.ascii	">oo\016\317p %\330p]\015\330\226\315r\336\262YnR\014"
 3839      CF702025 
 3839      D8705D0D 
 3839      D896CD72 
 3839      DEB2596E 
 3840 404b D0F4F533 		.ascii	"\320\364\3653w;\322\210D\265\336\265\253\312\223\206"
 3840      773BD288 
 3840      44B5DEB5 
 3840      ABCA9386 
ARM GAS  /tmp/ccVr2doo.s 			page 313


 3841 405b 53A0C3B4 		.ascii	"S\240\303\264,\372]\206\246\227\224\017OV\342U^\025"
 3841      2CFA5D86 
 3841      A697940F 
 3841      4F56E255 
 3841      5E15
 3842 406d EFC926F4 		.ascii	"\357\311&\364\031\231\353f\271\022\332\346\275\321\010"
 3842      1999EB66 
 3842      B912DAE6 
 3842      BDD108
 3843 407c B5607C6C 		.ascii	"\265`|l(\237l\367\261C\3519\257\011`\275\364\302\016"
 3843      289F6CF7 
 3843      B143E939 
 3843      AF0960BD 
 3843      F4C20E
 3844 408f 9DD87D15 		.ascii	"\235\330}\025w\015gy/-\275hj^\330\345\317s\237\344S"
 3844      770D6779 
 3844      2F2DBD68 
 3844      6A5ED8E5 
 3844      CF739FE4 
 3845 40a4 A7056C49 		.ascii	"\247\005lI\010t\013\331\337cg\004\3513@)\252i\270\230"
 3845      08740BD9 
 3845      DF636704 
 3845      E9334029 
 3845      AA69B898 
 3846 40b8 9EBE67F9 		.ascii	"\236\276g\371\211z\364!\367K\274\333\347\241\313\027"
 3846      897AF421 
 3846      F74BBCDB 
 3846      E7A1CB17 
 3847 40c8 00E60096 		.ascii	"\000\346\000\226\001\026\215!\014\275n\013\272\323\347"
 3847      01168D21 
 3847      0CBD6E0B 
 3847      BAD3E7
 3848 40d7 AAF77111 		.ascii	"\252\367q\021\246\207\244\311\037H\267a\330z\353e\313"
 3848      A687A4C9 
 3848      1F48B761 
 3848      D87AEB65 
 3848      CB
 3849 40e8 B27CDE5D 		.ascii	"\262|\336]\026\235\012\347\347\373\364<\324\206b\337"
 3849      169D0AE7 
 3849      E7FBF43C 
 3849      D48662DF 
 3850 40f8 BB5CE85F 		.ascii	"\273\\\350_\355jp\267\263\021V\200t\234\307\233\351"
 3850      ED6A70B7 
 3850      B3115680 
 3850      749CC79B 
 3850      E9
 3851 4109 B55FE318 		.ascii	"\265_\343\030o\253,\336\"\357\032\002\235\310<F\213"
 3851      6FAB2CDE 
 3851      22EF1A02 
 3851      9DC83C46 
 3851      8B
 3852 411a F8EEF827 		.ascii	"\370\356\370'\374\335\361#\221\255\035\374iH\315\364"
 3852      FCDDF123 
 3852      91AD1DFC 
 3852      6948CDF4 
 3853 412a 0D8C058F 		.ascii	"\015\214\005\217\233q\374\361T\006\372\273\370b\255"
 3853      9B71FCF1 
ARM GAS  /tmp/ccVr2doo.s 			page 314


 3853      5406FABB 
 3853      F862AD
 3854 4139 27FCC55A 		.ascii	"'\374\305Z)\236\251\221Zr\204\314|\247\263c\354\311"
 3854      299EA991 
 3854      5A7284CC 
 3854      7CA7B363 
 3854      ECC9
 3855 414b 25362CDC 		.ascii	"%6,\334\235o\3551\016\262x\273\366\252mU\023\303\307"
 3855      9D6FED31 
 3855      0EB278BB 
 3855      F6AA6D55 
 3855      13C3C7
 3856 415e 710771EF 		.ascii	"q\007q\357P\231\311\367\301>9MU\330a\207\354Z\377\003"
 3856      5099C9F7 
 3856      C13E394D 
 3856      55D86187 
 3856      EC5AFF03 
 3857 4172 59281C8A 		.ascii	"Y(\034\212\003%s\302o\007\317 \301!a\027S\351xo\300"
 3857      032573C2 
 3857      6F07CF20 
 3857      C1216117 
 3857      53E9786F 
 3858 4187 BCF513DB 		.ascii	"\274\365\023\333\3074\225\036\211\2514\247\261\250X"
 3858      C734951E 
 3858      89A934A7 
 3858      B1A858
 3859 4196 26E85896 		.ascii	"&\350X\226JO$\251\364b\247%TC\374\320\216\201\225\260"
 3859      4A4F24A9 
 3859      F462A725 
 3859      5443FCD0 
 3859      8E8195B0 
 3860 41aa 64276B74 		.ascii	"d'kt\302)\030$%\355\212\312\361\261%\311H*\276\362\363"
 3860      C2291824 
 3860      25ED8ACA 
 3860      F1B125C9 
 3860      482ABEF2 
 3861 41bf 29BEF273 		.ascii	")\276\362s13\274\334\226\244\263\337Hw\363\316\243\003"
 3861      3133BCDC 
 3861      96A4B3DF 
 3861      4877F3CE 
 3861      A303
 3862 41d1 70A1FFEB 		.ascii	"p\241\377\353c\014\266\302\215\235\336&\306\340m0\274"
 3862      630CB6C2 
 3862      8D9DDE26 
 3862      C6E06D30 
 3862      BC
 3863 41e2 C4BEE2A5 		.ascii	"\304\276\342\245}n\301/\011\2469\213\036\027\256\354"
 3863      7D6EC12F 
 3863      09A6398B 
 3863      1E17AEEC 
 3864 41f2 5E17AEED 		.ascii	"^\027\256\355\360\334\036\177\035\351S|\035\251\367"
 3864      F0DC1E7F 
 3864      1DE9537C 
 3864      1DA9F7
 3865 4201 6A5A8740 		.ascii	"jZ\207@\262\221\177R\334\311\220=c\016@\371?\210L\223"
 3865      B2917F52 
 3865      DCC9903D 
ARM GAS  /tmp/ccVr2doo.s 			page 315


 3865      630E40F9 
 3865      3F884C93 
 3866 4215 DD8675B2 		.ascii	"\335\206u\262\247-\321_\204{`\373\010l\231\012G\217"
 3866      A72DD15F 
 3866      847B60FB 
 3866      086C990A 
 3866      478F
 3867 4227 8FFFFEF8 		.ascii	"\217\377\376\370\357\354\207(\242\331\231Y\335\262\223"
 3867      EFEC8728 
 3867      A2D99959 
 3867      DDB293
 3868 4236 3E2C69B3 		.ascii	">,i\263\340\275.\207G.n\311)Z\252\223\000\3530\301U"
 3868      E0BD2E87 
 3868      472E6EC9 
 3868      295AAA93 
 3868      00EB30C1 
 3869 424b FFB2F039 		.ascii	"\377\262\3609\256\347\333\257\263\023\275n\372g\302"
 3869      AEE7DBAF 
 3869      B313BD6E 
 3869      FA67C2
 3870 425a AD9D7114 		.ascii	"\255\235q\024\323w\302\372~\2162eo\346\240\004\360\253"
 3870      D377C2FA 
 3870      7E8E3265 
 3870      6FE6A004 
 3870      F0AB
 3871 426c 71C81B49 		.ascii	"q\310\033I\214\203\331\374\212\\\033FC\207\207\013\240"
 3871      8C83D9FC 
 3871      8A5C1B46 
 3871      4387870B 
 3871      A0
 3872 427d 1900DCF5 		.ascii	"\031\000\334\365\322\007&\305AR\361\376\234\360\035"
 3872      D20726C5 
 3872      4152F1FE 
 3872      9CF01D
 3873 428c 3D225ACD 		.ascii	"=\"Z\315>\007qo\230t\277\264\256\373\205\035\016\371"
 3873      3E07716F 
 3873      9874BFB4 
 3873      AEFB851D 
 3873      0EF9
 3874 429e 196F4385 		.ascii	"\031oC\205\023\351\306>\025_\257\376\024_\257\336\327"
 3874      13E9C63E 
 3874      155FAFFE 
 3874      145FAFDE 
 3874      D7
 3875 42af B919CBDF 		.ascii	"\271\031\313\337\334h\017^\367\213/\254\327\230z\225"
 3875      DC680F5E 
 3875      F78B2FAC 
 3875      D7987A95 
 3876 42bf B9D259F0 		.ascii	"\271\322Y\360\325\323\256\265e\237\374\324m1\221\234"
 3876      D5D3AEB5 
 3876      659FFCD4 
 3876      6D31919C 
 3877 42cf BAB561BF 		.ascii	"\272\265a\277\010>\320U\336z|X\325\355v\263\206\364"
 3877      083ED055 
 3877      DE7A7C58 
 3877      D5ED76B3 
 3877      86F4
ARM GAS  /tmp/ccVr2doo.s 			page 316


 3878 42e1 6357F64F 		.ascii	"cW\366O\366\326hX?\302\377\274\013\2235\262.\364\247"
 3878      F6D66858 
 3878      3FC2FFBC 
 3878      0B9335B2 
 3878      2EF4A7
 3879 42f4 F4018012 		.ascii	"\364\001\200\022\250\177\235\211\362\327\353M]\211\277"
 3879      A87F9D89 
 3879      F2D7EB4D 
 3879      5D89BF
 3880 4303 43A2AF0C 		.ascii	"C\242\257\014<ws\300w\015\363\256\234y\1774\355\024"
 3880      3C7773C0 
 3880      770DF3AE 
 3880      9C797F34 
 3880      ED14
 3881 4315 B1178395 		.ascii	"\261\027\203\225\236\010\025{\321J\237\004\363>\011"
 3881      9E08157B 
 3881      D14A9F04 
 3881      F33E09
 3882 4324 01BC7080 		.ascii	"\001\274p\200 \2000\275\2448\350}?\353wPA\360\323\243"
 3882      208030BD 
 3882      A438E87D 
 3882      3FEB7750 
 3882      41F0D3A3 
 3883 4338 084F3DBE 		.ascii	"\010O=\276\364S&D\362\340\244XSO\006\277\250'7b\315"
 3883      F4532644 
 3883      F2E0A458 
 3883      534F06BF 
 3883      A8273762 
 3884 434d 7AD28AFE 		.ascii	"z\322\212\376\027\246(\034}\177\014\325\006\034\316"
 3884      17A6281C 
 3884      7D7F0CD5 
 3884      061CCE
 3885 435c A2901278 		.ascii	"\242\220\022x\351MO\3112\222\200\212\254\363\247ZF\242"
 3885      E94D4FC9 
 3885      3292808A 
 3885      ACF3A75A 
 3885      46A2
 3886 436e 3464043B 		.ascii	"4d\004;\337\243e/WEVXCm\270\013\311\264\027\236\202"
 3886      DFA3652F 
 3886      57455658 
 3886      436DB80B 
 3886      C9B4179E 
 3887 4383 2B432D79 		.ascii	"+C-yF\210\000c\243\364O\231s\242\201c\014@\2544`\017"
 3887      46880063 
 3887      A3F44F99 
 3887      73A28163 
 3887      0C40AC34 
 3888 4399 62F5380B 		.ascii	"b\3658\013R%<8\266\325\347\253\236\360W*\323`=\267{"
 3888      52253C38 
 3888      B6D5E7AB 
 3888      9EF0572A 
 3888      D3603DB7 
 3889 43ae 11329D60 		.ascii	"\0212\235`\305W\032Qs\"\255\263\246\245\364@\334\205"
 3889      C5571A51 
 3889      7322ADB3 
 3889      A6A5F440 
 3889      DC85
ARM GAS  /tmp/ccVr2doo.s 			page 317


 3890 43c0 9A6CA081 		.ascii	"\232l\240\2015\313\203/=\265lN\234us\200\3601\263\030"
 3890      35CB832F 
 3890      3DB56C4E 
 3890      9C757380 
 3890      F031B318 
 3891 43d4 F2DE3572 		.ascii	"\362\3365r\311\214\2525\020\362\200\215\316\264\253"
 3891      C98CAA35 
 3891      10F2808D 
 3891      CEB4AB
 3892 43e3 24E5154E 		.ascii	"$\345\025N\211\300-I/\235\010\026\343\273Ve\347U\223"
 3892      89C02D49 
 3892      2F9D0816 
 3892      E3BB5665 
 3892      E75593
 3893 43f6 643D9FAC 		.ascii	"d=\237\254\347\305Jd\322\330\270 +V6\262\371B\034pX"
 3893      E7C54A64 
 3893      D2D8B820 
 3893      2B5636B2 
 3893      F9421C70 
 3894 440b 359121A3 		.ascii	"5\221!\243T<(,\361\015\334\027\210\007k\266\355\314"
 3894      543C282C 
 3894      F10DDC17 
 3894      88076BB6 
 3894      EDCC
 3895 441d D1CD8B8F 		.ascii	"\321\315\213\217\211\244\227\220\373\031\257l\345\350"
 3895      89A49790 
 3895      FB19AF6C 
 3895      E5E8
 3896 442b 8AE7B025 		.ascii	"\212\347\260%\231\336\016\265\243`.\251%,\277L\215\372"
 3896      99DE0EB5 
 3896      A3602EA9 
 3896      252CBF4C 
 3896      8DFA
 3897 443d 25838FA8 		.ascii	"%\203\217\250L\360p*@\032@:@\2124x\036\022$V$\350-Z"
 3897      4CF0702A 
 3897      401A403A 
 3897      408A3478 
 3897      1E122456 
 3898 4455 C17B3833 		.ascii	"\301{83\315\253\315\226\004}\202uG\216k\266\207\331"
 3898      CDABCD96 
 3898      047D8275 
 3898      478E6BB6 
 3898      87D9
 3899 4467 4E845178 		.ascii	"N\204Qx\326\273\013\247\265\362\341z\036\2573\014\364"
 3899      D6BB0BA7 
 3899      B5F2E17A 
 3899      1EAF330C 
 3899      F4
 3900 4478 1DAA0B21 		.ascii	"\035\252\013!\227\347z\222\212\354\373k\002\263\370"
 3900      97E77A92 
 3900      8AECFB6B 
 3900      02B3F8
 3901 4487 7307BF0C 		.ascii	"s\007\277\014\315\375\300[\353/\310\316\327\3433\017"
 3901      CDFDC05B 
 3901      EB2FC8CE 
 3901      D7E3330F 
 3902 4497 F330E7F5 		.ascii	"\3630\347\365\2476\032dOo\244\273W906\361\261\363\005"
ARM GAS  /tmp/ccVr2doo.s 			page 318


 3902      A7361A64 
 3902      4F6FA4BB 
 3902      57393036 
 3902      F1B1F305 
 3903 44ab FA274882 		.ascii	"\372'H\202\317\010\230\011\216v \031(\324w\335\315\315"
 3903      CF089809 
 3903      8E762019 
 3903      28D477DD 
 3903      CDCD
 3904 44bd 81E46323 		.ascii	"\201\344c#,s\261^M*\2601\321\261X\241\274\343\260\030"
 3904      2C73B15E 
 3904      4D2AB031 
 3904      D1B158A1 
 3904      BCE3B018 
 3905 44d1 EC2C9105 		.ascii	"\354,\221\005_\205W\212\2773iD\242\344\370\350\006\345"
 3905      5F85578A 
 3905      BF336944 
 3905      A2E4F8E8 
 3905      06E5
 3906 44e3 95FCA50A 		.ascii	"\225\374\245\012\242\322\321\225\004Y\304\226\311\272"
 3906      A2D2D195 
 3906      0459C496 
 3906      C9BA
 3907 44f1 A09C47AC 		.ascii	"\240\234G\254\320wQ\352\215\327\324\302!^O\325W\226"
 3907      D07751EA 
 3907      8DD7D4C2 
 3907      215E4FD5 
 3907      5796
 3908 4503 5459BFF0 		.ascii	"TY\277\360\262R\017\225K\205\236W.\241\345\015\227\262"
 3908      B2520F95 
 3908      4B859E57 
 3908      2EA1E50D 
 3908      97B2
 3909 4515 CA057E96 		.ascii	"\312\005~\226\310\251\322\233\312\217\245\355\207~\015"
 3909      C8A9D29B 
 3909      CA8FA5ED 
 3909      877E0D
 3910 4524 E9E19E28 		.ascii	"\351\341\236(\016\275w\266F'T\203=R\322\246\245\313"
 3910      0EBD77B6 
 3910      46275483 
 3910      3D52D2A6 
 3910      A5CB
 3911 4536 643D1943 		.ascii	"d=\031C\322\207\212\330l\331\272\223\366\205Id\235h"
 3911      D2878AD8 
 3911      6CD9BA93 
 3911      F6854964 
 3911      9D68
 3912 4548 9A8FEF59 		.ascii	"\232\217\357Y\251=\231E\242\021\337\373<[\262\212\215"
 3912      A93D9945 
 3912      A211DFFB 
 3912      3C5BB28A 
 3912      8D
 3913 4559 9D85922C 		.ascii	"\235\205\222,\015\331\306\306\365z\220\301\221\234`"
 3913      0DD9C6C6 
 3913      F57A90C1 
 3913      919C60
 3914 4568 23A67070 		.ascii	"#\246pp\207=M\324\355\247|\032L\353~p:!wH\335\276:\326"
ARM GAS  /tmp/ccVr2doo.s 			page 319


 3914      873D4DD4 
 3914      EDA77C1A 
 3914      4CEB7E70 
 3914      3A217748 
 3915 4580 AD219E9F 		.ascii	"\255!\236\237d\215\233\260\232\012{\022\205\215\241"
 3915      648D9BB0 
 3915      9A0A7B12 
 3915      858DA1
 3916 458f BE95FF45 		.ascii	"\276\225\377E\022\360\373\312YA\226\362\022\300v0\271"
 3916      12F0FBCA 
 3916      594196F2 
 3916      12C07630 
 3916      B9
 3917 45a0 43D68527 		.ascii	"C\326\205'CQ\337'\231H\023\326\353\263\253|KV\247\202"
 3917      4351DF27 
 3917      994813D6 
 3917      EBB3AB7C 
 3917      4B56A782 
 3918 45b4 6634BAFB 		.ascii	"f4\272\373\025\251k\272d\275\336\315]C\334n7\376\320"
 3918      15A96BBA 
 3918      64BDDECD 
 3918      5D43DC6E 
 3918      37FED0
 3919 45c7 FAEBAEA8 		.ascii	"\372\353\256\250*=|\250\365\301\360\352\225\316\230"
 3919      2A3D7CA8 
 3919      F5C1F0EA 
 3919      95CE98
 3920 45d6 93DE24A8 		.ascii	"\223\336$\250-\020\267:\201\237\320\257Bd\353I\352\344"
 3920      2D10B73A 
 3920      819FD0AF 
 3920      4264EB49 
 3920      EAE4
 3921 45e8 559C1CBA 		.ascii	"U\234\034\272y\006\264\200-\276\343%,z\235\274lY\251"
 3921      7906B480 
 3921      2DBEE325 
 3921      2C7A9DBC 
 3921      6C59A9
 3922 45fb 4ECB4A45 		.ascii	"N\313JE\021UPl\352\272\026\254\261L\327\012t\003\234"
 3922      1155506C 
 3922      EABA16AC 
 3922      B14CD70A 
 3922      74039C
 3923 460e 6E509AA4 		.ascii	"nP\232\244\036\003I^\306\250\201\031\322\017\010m\034"
 3923      1E03495E 
 3923      C6A88119 
 3923      D20F086D 
 3923      1C
 3924 461f D1C22313 		.ascii	"\321\302#\023\351\3627\242~\337\226\224`o\214'^\357"
 3924      E9F237A2 
 3924      7EDF9694 
 3924      606F8C27 
 3924      5EEF
 3925 4631 DB5BD173 		.ascii	"\333[\321sH)\217\256v{\316\2175\244\205\221\333%\266"
 3925      48298FAE 
 3925      767BCE8F 
 3925      35A48591 
 3925      DB25B6
ARM GAS  /tmp/ccVr2doo.s 			page 320


 3926 4644 36170BFC 		.ascii	"6\027\013\374\005\204\346\373\032\306\005\033\315\003"
 3926      0584E6FB 
 3926      1AC6051B 
 3926      CD03
 3927 4652 A39CCF38 		.ascii	"\243\234\3178\330;\0030\006\360\034`\022`\012`\032`"
 3927      D83B0330 
 3927      06F01C60 
 3927      12600A60 
 3927      1A60
 3928 4664 42DA395D 		.ascii	"B\3329]\327\357m\331\034\306)\241\216\216\037\316\304"
 3928      D7EF6DD9 
 3928      1CC629A1 
 3928      8E8E1FCE 
 3928      C4
 3929 4675 62924792 		.ascii	"b\222G\222\233\327\260w(z\203\002\335|~\332\210y\022"
 3929      9BD7B077 
 3929      287A8302 
 3929      DD7C7EDA 
 3929      887912
 3930 4688 860F9904 		.ascii	"\206\017\231\004\264\026\216n\371!\223\254\004z\232"
 3930      B4168E6E 
 3930      F92193AC 
 3930      047A9A
 3931 4697 26CE3723 		.ascii	"&\3167#\012\336\346\257:\244\265\230\250I\275\025M$"
 3931      0ADEE6AF 
 3931      3AA4B598 
 3931      A849BD15 
 3931      4D24
 3932 46a9 8A8F4AD0 		.ascii	"\212\217J\320k\025\350\346\357]\\\210\345\357\023\255"
 3932      6B15E8E6 
 3932      EF5D5C88 
 3932      E5EF13AD 
 3933 46b9 01F4222B 		.ascii	"\001\364\"+\350\234\273\273\233\241y\207\273\245\031"
 3933      E89CBBBB 
 3933      9BA17987 
 3933      BBA519
 3934 46c8 6AB1262B 		.ascii	"j\261&+^\344\241\021\265\326\331\245&7\030\032\353\345"
 3934      5EE4A111 
 3934      B5D6D9A5 
 3934      2637181A 
 3934      EBE5
 3935 46da DB9B7656 		.ascii	"\333\233vV\326\340\263?[\227\276p\213p^\257\334\344"
 3935      D6E0B33F 
 3935      5B97BE70 
 3935      8B705EAF 
 3935      DCE4
 3936 46ec BB8A76BF 		.ascii	"\273\212v\277&\304\373Sx\352\254\272?\323\342\315\306"
 3936      26C4FB53 
 3936      78EAACBA 
 3936      3FD3E2CD 
 3936      C6
 3937 46fd 0BA08525 		.ascii	"\013\240\205%\352h\227\373$'\022\211\324\243{\336Y*"
 3937      EA6897FB 
 3937      24271289 
 3937      D4A37BDE 
 3937      592A
 3938 470f 128F8DA3 		.ascii	"\022\217\215\243\374\256C\3453t\226\201\317\212,\371"
ARM GAS  /tmp/ccVr2doo.s 			page 321


 3938      FCAE43E5 
 3938      33749681 
 3938      CF8A2CF9 
 3939 471f DCB8FAC4 		.ascii	"\334\270\372\3049(\226\325J\274\211\203\235\033Y\356"
 3939      392896D5 
 3939      4ABC8983 
 3939      9D1B59EE 
 3940 472f 5F953977 		.ascii	"_\2259wML\340\255\267\235\271:R\364\251\027m\032o\310"
 3940      4D4CE0AD 
 3940      B79DB93A 
 3940      52F4A917 
 3940      6D1A6FC8 
 3941 4743 38AF3D2C 		.ascii	"8\257=,4:\223&\244H\317:N\020\024\352l\202:r\"\227\343"
 3941      343A9326 
 3941      A448CF3A 
 3941      4E1014EA 
 3941      6C823A72 
 3942 475a EC7BD954 		.ascii	"\354{\331T\271%Sg\233\253c\033\326\263\230\252\022\344"
 3942      B9255367 
 3942      9BAB631B 
 3942      D6B398AA 
 3942      12E4
 3943 476c 2F4A81D5 		.ascii	"/J\201\325\346\362el\264\241\331E+,\352\361U)\207z\323"
 3943      E6F2656C 
 3943      B4A1D945 
 3943      2B2CEAF1 
 3943      5529877A 
 3944 4781 0B33CCDF 		.ascii	"\0133\314\337o@wr\346\340\367B=\342\231\366R\344\003"
 3944      6F407772 
 3944      E6E0F742 
 3944      3DE299F6 
 3944      52E403
 3945 4794 93A2467F 		.ascii	"\223\242F\177\217\326\025B.G5U\0333\346/\375\234\347"
 3945      8FD61542 
 3945      2E473555 
 3945      1B33E62F 
 3945      FD9CE7
 3946 47a7 FB5B6B7A 		.ascii	"\373[kz\334\337:|\321\272\344a\236\357o\201a\354\005"
 3946      DCDF3A7C 
 3946      D1BAE461 
 3946      9EEF6F81 
 3946      61EC05
 3947 47ba 1F72EC4D 		.ascii	"\037r\354M;\313U\340\006,\207\327\355\350\253[\271>"
 3947      3BCB55E0 
 3947      062C87D7 
 3947      EDE8AB5B 
 3947      B93E
 3948 47cc 348AF721 		.ascii	"4\212\367!"
 3949 47d0 5A8F0076 		.ascii	"Z\217\000v\000v\001\366\000\216\001\016\244\211\226"
 3949      007601F6 
 3949      008E010E 
 3949      A48996
 3950 47df EDA7D207 		.ascii	"\355\247\322\007\005/\351-\252&\265\0310\263\001\203"
 3950      052FE92D 
 3950      AA26B519 
 3950      30B30183 
 3951 47ef 56BE14D3 		.ascii	"V\276\024\323\264\321\265e'\031q\351\233\325\361f\217"
ARM GAS  /tmp/ccVr2doo.s 			page 322


 3951      B4D1B565 
 3951      271971E9 
 3951      9BD5F166 
 3951      8F
 3952 4800 05FE8FA8 		.ascii	"\005\376\217\250G\203~\337gXk\332\360j\331l\0113$\303"
 3952      47837EDF 
 3952      67586BDA 
 3952      F06AD96C 
 3952      093324C3 
 3953 4814 AC7F021C 		.ascii	"\254\177\002\034\326\370~\227\310\332\206\036\241!t"
 3953      D6F87E97 
 3953      C8DA861E 
 3953      A12174
 3954 4823 AA67D777 		.ascii	"\252g\327w\032\002\233\035\310\020\306\232\370\274\366"
 3954      1A029B1D 
 3954      C810C69A 
 3954      F8BCF6
 3955 4832 27FC79ED 		.ascii	"'\374y\355\223n9\341|\367\243YK7\3076\006N\354\310\030"
 3955      936E39E1 
 3955      7CF7A359 
 3955      4B37C736 
 3955      064EECC8 
 3956 4847 22CF9505 		.ascii	"\"\317\225\005@\315\273\200\215\273\214\241)[\262\201"
 3956      40CDBB80 
 3956      8DBB8CA1 
 3956      295BB281 
 3957 4857 8DB5D3FC 		.ascii	"\215\265\323\3743\345\215\204\327`\322\215,d\363{\013"
 3957      33E58D84 
 3957      D760D28D 
 3957      2C64F37B 
 3957      0B
 3958 4868 E56F9EBB 		.ascii	"\345o\236\273\221\271\365V\034Ank\011\313N\344\020\231"
 3958      91B9F556 
 3958      1C416E6B 
 3958      09CB4EE4 
 3958      1099
 3959 487a AF3C3EFC 		.ascii	"\257<>\374\015\271\302\357\307\373%\003\316\304\360"
 3959      0DB9C2EF 
 3959      C7FB2503 
 3959      CEC4F0
 3960 4889 692C5BD2 		.ascii	"i,[\322\257v\224[\273\017 \365Q&\265ag9@G\274\221(\247"
 3960      AF76945B 
 3960      BB0F20F5 
 3960      5126B561 
 3960      67394047 
 3961 48a1 F82C4CA7 		.ascii	"\370,L\247 2\330\233\023\345e\326\255\313\012D\027{"
 3961      2032D89B 
 3961      13E565D6 
 3961      ADCB0A44 
 3961      177B
 3962 48b3 A9AAAEF6 		.ascii	"\251\252\256\366\250\252*t\3217G#\316\342\212\005\036"
 3962      A8AA2A74 
 3962      D1374723 
 3962      CEE28A05 
 3962      1E
 3963 48c4 55C6CD9E 		.ascii	"U\306\315\236\277|\304^^\216\\\237\341f0\260b\365\205"
 3963      BF7CC45E 
ARM GAS  /tmp/ccVr2doo.s 			page 323


 3963      5E8E5C9F 
 3963      E16630B0 
 3963      62F585
 3964 48d7 9BBDB5FA 		.ascii	"\233\275\265\372\"\357,d\311\321\312\035\325Ts3\011"
 3964      22EF2C64 
 3964      C9D1CA1D 
 3964      D5547333 
 3964      09
 3965 48e8 F4C4C5CE 		.ascii	"\364\304\305\316\342\035!\241h\362\362\\W\261\023\011"
 3965      E21D21A1 
 3965      68F2F25C 
 3965      57B11309 
 3966 48f8 C746DD65 		.ascii	"\307F\335e\\\2353\211\303\306\300\352\343\011,3\260"
 3966      5C9D3389 
 3966      C3C6C0EA 
 3966      E3092C33 
 3966      B0
 3967 4909 E117B19F 		.ascii	"\341\027\261\237\351Dr\270o\327\307\202\225'\227|A\230"
 3967      E94472B8 
 3967      6FD7C782 
 3967      9527977C 
 3967      4198
 3968 491b 9FBDD44D 		.ascii	"\237\275\324M]\311\2431\262[\263\374dV\370s7\011\235"
 3968      5DC9A331 
 3968      B25BB3FC 
 3968      6456F873 
 3968      37099D
 3969 492e 43C9A7B6 		.ascii	"C\311\247\266\244\022\231\327\204\204BQR\217\215\265"
 3969      A41299D7 
 3969      84844251 
 3969      528F8DB5 
 3970 493e A1F216D9 		.ascii	"\241\362\026\331i\025\351\273\306\205@\220h|\335\370"
 3970      6915E9BB 
 3970      C6854090 
 3970      687CDDF8 
 3971 494e 817FF2A0 		.ascii	"\201\177\362\240\254\202\016\262\227^\330\033,\012["
 3971      AC820EB2 
 3971      975ED81B 
 3971      2C0A5B
 3972 495d 88F6ABB3 		.ascii	"\210\366\253\263'C\310\2771\350\244\332\216L`\343\274"
 3972      2743C8BF 
 3972      31E8A4DA 
 3972      8E4C60E3 
 3972      BC
 3973 496e 257E98EE 		.ascii	"%~\230\356\357j\351\203\331\037\037u4\253Gu\375\002"
 3973      EF6AE983 
 3973      D91F1F75 
 3973      34AB4775 
 3973      FD02
 3974 4980 1EA186FE 		.ascii	"\036\241\206\376\210\016\002\377\261Y-YD\212\233\230"
 3974      880E02FF 
 3974      B1592D59 
 3974      448A9B98 
 3975 4990 BB127BC9 		.ascii	"\273\022{\311rK\272\031a\317\310\250\347\303\355_\027"
 3975      724BBA19 
 3975      61CFC8A8 
 3975      E7C3ED5F 
ARM GAS  /tmp/ccVr2doo.s 			page 324


 3975      17
 3976 49a1 C2ECD97C 		.ascii	"\302\354\331|\344u\265R\354L\326\031\265\355nRQ*\021"
 3976      E475B552 
 3976      EC4CD619 
 3976      B5ED6E52 
 3976      512A11
 3977 49b4 DF53F5D4 		.ascii	"\337S\365\324X\300\305\346\204b%\032i\257\027B\201M"
 3977      58C0C5E6 
 3977      8462251A 
 3977      69AF1742 
 3977      814D
 3978 49c6 92FD0B76 		.ascii	"\222\375\013v)f\276\216\211\217\"G\275\020\231^\367"
 3978      2966BE8E 
 3978      898F2247 
 3978      BD10995E 
 3978      F7
 3979 49d7 D3CB2F35 		.ascii	"\323\313/5\206\332%\344\335\220\037\006\237 2}o\272"
 3979      86DA25E4 
 3979      DD901F06 
 3979      9F20327D 
 3979      6FBA
 3980 49e9 D7BB615F 		.ascii	"\327\273a_\364s\326\320\253\202\317\273a\267\3766\337"
 3980      F473D6D0 
 3980      AB82CFBB 
 3980      61B7FE36 
 3980      DF
 3981 49fa 8801E480 		.ascii	"\210\001\344\200wC\276\3716\"C\006\020\274\255#[\334"
 3981      7743BEF9 
 3981      36224306 
 3981      10BCAD23 
 3981      5BDC
 3982 4a0c 45B161D8 		.ascii	"E\261a\330\264\027b\354\237\011\321\000\261\000\011"
 3982      B41762EC 
 3982      9F09D100 
 3982      B10009
 3983 4a1b 00F10089 		.ascii	"\000\361\000\211\000q\306q\341\347\377PD\310\036v\355"
 3983      0071C671 
 3983      E1E7FF50 
 3983      44C81E76 
 3983      ED
 3984 4a2c F469CA9C 		.ascii	"\364i\312\234\203\245\373\275\223\355-\335\357\235\336"
 3984      83A5FBBD 
 3984      93ED2DDD 
 3984      EF9DDE
 3985 4a3b 5634A223 		.ascii	"V4\242#gH\333SY\020kg\2116\325\"\355Mx\364\347\311="
 3985      6748DB53 
 3985      59106B67 
 3985      8936D522 
 3985      ED4D78F4 
 3986 4a52 92CE6C4C 		.ascii	"\222\316lL\344\312\316 \321\367\220\232\214\311\020"
 3986      E4CACE20 
 3986      D1F7909A 
 3986      8CC910
 3987 4a61 A338EFD2 		.ascii	"\2438\357\322\275\302\231\270\177\006\257\314N\275r"
 3987      BDC299B8 
 3987      7F06AFCC 
 3987      4EBD72
ARM GAS  /tmp/ccVr2doo.s 			page 325


 3988 4a70 55135F6C 		.ascii	"U\023_l\344W\372\247+\013\233,\220\234-\033\234{\253"
 3988      E457FAA7 
 3988      2B0B9B2C 
 3988      909C2D1B 
 3988      9C7BAB
 3989 4a83 E727B624 		.ascii	"\347'\266$\006\211\222\333\352\006\225\3312GA\324\353"
 3989      068992DB 
 3989      EA0695D9 
 3989      324741D4 
 3989      EB
 3990 4a94 55752CBB 		.ascii	"Uu,\273\331;W6\242\363D\365\256\242{\322\035I\0262\017"
 3990      D93B5736 
 3990      A2F344F5 
 3990      AEA27BD2 
 3990      1D491632 
 3991 4aa9 CD1F9ED4 		.ascii	"\315\037\236\324\222<l\344=\236\0069\220Bl\370\034\356"
 3991      923C6CE4 
 3991      3D9E0639 
 3991      90426CF8 
 3991      1CEE
 3992 4abb BE5F21B5 		.ascii	"\276_!\265\020\244\026\311\244f\357\264\273\312\336"
 3992      10A416C9 
 3992      A466EFB4 
 3992      BBCADE
 3993 4aca 49542493 		.ascii	"IT$\223Zl\034\332\365\251\227\216\244\226\361V\325\017"
 3993      5A6C1CDA 
 3993      F5A9978E 
 3993      A496F156 
 3993      D50F
 3994 4adc 6F1FA8AC 		.ascii	"o\037\250\254\346\336\022\020R\3123c\2314\367>N\275"
 3994      E6DE1210 
 3994      52CA3363 
 3994      9934F73E 
 3994      4EBD
 3995 4aee B29CE95F 		.ascii	"\262\234\351_[n0\330i)g\241\200cZ\316\276m\247}\223"
 3995      5B6E30D8 
 3995      692967A1 
 3995      80635ACE 
 3995      BE6DA77D 
 3996 4b03 3AF280E6 		.ascii	":\362\200\346\370M\034<w \256oc\222\274+\311\260%>\330"
 3996      F84D1C3C 
 3996      7720AE6F 
 3996      6392BC2B 
 3996      C9B0253E 
 3997 4b18 886BD833 		.ascii	"\210k\3303('\226J`]%\263\32433\313\307\216\304!\321"
 3997      2827964A 
 3997      605D25B3 
 3997      D43333CB 
 3997      C78EC421 
 3998 4b2d 466EE79E 		.ascii	"Fn\347\236r[\244ZA\264>|\337'\213\231\032\231\272\265"
 3998      725BA45A 
 3998      41B43E7C 
 3998      DF278B99 
 3998      1A99BAB5 
 3999 4b41 C69871DD 		.ascii	"\306\230q\335\334'\244\2101WWf\317^8\275\340\0244\325"
 3999      DC27A488 
 3999      31575766 
ARM GAS  /tmp/ccVr2doo.s 			page 326


 3999      CF5E38BD 
 3999      E01434D5 
 4000 4b55 AD9E3BA8 		.ascii	"\255\236;\250\011\206I\003@\243\324Qc\336\244\250\015"
 4000      09864903 
 4000      40A3D451 
 4000      63DEA4A8 
 4000      0D
 4001 4b66 5F000612 		.ascii	"_\000\006\022\330\222\271^\351&\311\332\2463\216\257"
 4001      D892B95E 
 4001      E926C9DA 
 4001      A6338EAF 
 4002 4b76 56E8CDA4 		.ascii	"V\350\315\244u\366\346\350\346\373z\027\342:\253\226"
 4002      75F6E6E8 
 4002      E6FB7A17 
 4002      E23AAB96 
 4003 4b86 4F8116B8 		.ascii	"O\201\026\270\363N\270\177\314\277p\264r\032\272\332"
 4003      F34EB87F 
 4003      CCBF70B4 
 4003      721ABADA 
 4004 4b96 BA1D7441 		.ascii	"\272\035tA1\356\262\246\"\345\350\222\205\274\321}z"
 4004      31EEB2A6 
 4004      22E5E892 
 4004      85BCD17D 
 4004      7A
 4005 4ba7 DA45928B 		.ascii	"\332E\222\213\3733x.\366\000\026-\300\252\343E\271\270"
 4005      FB33782E 
 4005      F600162D 
 4005      C0AAE345 
 4005      B9B8
 4006 4bb9 F5D3F8FA 		.ascii	"\365\323\370\372\001q\345M\221\255\276\254`\205#7\003"
 4006      0171E54D 
 4006      91ADBEAC 
 4006      60852337 
 4006      03
 4007 4bca E70ACED9 		.ascii	"\347\012\316\331t\326[\236\325\224o\263\350\340Y\255"
 4007      74D65B9E 
 4007      D5946FB3 
 4007      E8E059AD 
 4008 4bda 15CC6903 		.ascii	"\025\314i\003h7\232\364|x!\203\220\032f\222\303\306"
 4008      68379AF4 
 4008      7C782183 
 4008      901A6692 
 4008      C3C6
 4009 4bec 92EB27A5 		.ascii	"\222\353'\245oB\344/{\350\375]\314\25047z\202\354!{"
 4009      6F42E42F 
 4009      7BE8FD5D 
 4009      CCA83437 
 4009      7A82EC21 
 4010 4c01 ABEB46B6 		.ascii	"\253\353F\266\331\361%\\\014\244\301\034C\027\003\024"
 4010      D9F1255C 
 4010      0CA4C11C 
 4010      43170314 
 4011 4c11 DD78759C 		.ascii	"\335xu\234\331b\372\204\263\246\016\273\327\233\263"
 4011      D962FA84 
 4011      B3A60EBB 
 4011      D79BB3
 4012 4c20 365F1EEF 		.ascii	"6_\036\357|\027\261\331\315\373\012E\346\211Y)}P\300"
ARM GAS  /tmp/ccVr2doo.s 			page 327


 4012      7C17B1D9 
 4012      CDFB0A45 
 4012      E6895929 
 4012      7D50C0
 4013 4c33 5FF040CD 		.ascii	"_\360@\315/\347\370\026\234\306\227\307\342\2155\220"
 4013      2FE7F816 
 4013      9CC697C7 
 4013      E28D3590 
 4014 4c43 96844C05 		.ascii	"\226\204L\005w\027\363\245\372\227P\027\310\261B\272"
 4014      7717F3A5 
 4014      FA975017 
 4014      C8B142BA 
 4015 4c53 156CE936 		.ascii	"\025l\3516\365\264dz\274\263b\251r\311!\276\231G\350"
 4015      F5B4647A 
 4015      BCB362A9 
 4015      72C921BE 
 4015      9947E8
 4016 4c66 2748C2F6 		.ascii	"'H\302\366~\240\007G\000\372\001\006\000\272\001\206"
 4016      7EA00747 
 4016      00FA0106 
 4016      00BA0186 
 4017 4c76 01BA007A 		.ascii	"\001\272\000z\000\006\001F\001z\245\003p\364?c\257\244"
 4017      00060146 
 4017      017AA503 
 4017      70F43F63 
 4017      AFA4
 4018 4c88 D8E3797A 		.ascii	"\330\343yze\257|\336\350\270\336\317\240m4\221\345+"
 4018      65AF7CDE 
 4018      E8B8DECF 
 4018      A06D3491 
 4018      E52B
 4019 4c9a 6C53EC9F 		.ascii	"lS\354\237\014\316p\317\321)\367Ja\333\274q\255F7\221"
 4019      0CCE70CF 
 4019      D129F74A 
 4019      61DBBC71 
 4019      AD463791 
 4020 4cae 323DC46B 		.ascii	"2=\304k#\0246\016\376\307m\004\316\3453\265\253\032"
 4020      2314360E 
 4020      FEC76D04 
 4020      CEE533B5 
 4020      AB1A
 4021 4cc0 D28AC970 		.ascii	"\322\212\311p*r,^\231\014\237\203-\343\262d\350\332"
 4021      2A722C5E 
 4021      990C9F83 
 4021      2DE3B264 
 4021      E8DA
 4022 4cd2 9EFA3132 		.ascii	"\236\37212\2054\013\376}\217\312;\314&\0244\365\265"
 4022      85340BFE 
 4022      7D8FCA3B 
 4022      CC261434 
 4022      F5B5
 4023 4ce4 6E9BB2EB 		.ascii	"n\233\262\353)'e\346N\211\011\364\324\317#\301\216\354"
 4023      292765E6 
 4023      4E8909F4 
 4023      D4CF23C1 
 4023      8EEC
 4024 4cf6 237343E5 		.ascii	"#sC\345Z\216\212\234`c:\254g\304\236\334`\243~7\342"
ARM GAS  /tmp/ccVr2doo.s 			page 328


 4024      5A8E8A9C 
 4024      60633AAC 
 4024      67C49EDC 
 4024      60A37E37 
 4025 4d0b C0CAF3B1 		.ascii	"\300\312\363\261f\355-<\337B\325:P^\245\027\330[\352"
 4025      66ED2D3C 
 4025      DF42D53A 
 4025      505EA517 
 4025      D85BEA
 4026 4d1e E9A520DE 		.ascii	"\351\245 \336\257\271lt\243\377\347\240o\351\271\206"
 4026      AFB96C74 
 4026      A3FFE7A0 
 4026      6FE9B986 
 4027 4d2e 05CBB9CF 		.ascii	"\005\313\271\317\362\3346c\217\004\354\262\010\2437"
 4027      F2DC3663 
 4027      8F04ECB2 
 4027      08A337
 4028 4d3d EBC68386 		.ascii	"\353\306\203\206\354I\331;x\005ppy\261\235\225E\303"
 4028      EC49D93B 
 4028      78057070 
 4028      79B19D95 
 4028      45C3
 4029 4d4f A245F2C0 		.ascii	"\242E\362\300\305\347o\221Z\244\216\276r\235'\244\025"
 4029      C5E76F91 
 4029      5AA48EBE 
 4029      729D27A4 
 4029      15
 4030 4d60 1BFE852D 		.ascii	"\033\376\205-\351\316\226\255]\261\267\264\273,^&\361"
 4030      E9CE96AD 
 4030      5DB1B7B4 
 4030      BB2C5E26 
 4030      F1
 4031 4d71 945F2671 		.ascii	"\224_&q\035\275\355\343H\372\221[F\313E\263\236\214"
 4031      1DBDEDE3 
 4031      48FA915B 
 4031      46CB45B3 
 4031      9E8C
 4032 4d83 61E3AEB4 		.ascii	"a\343\256\264\340NKvX\203\334\366V\314\260\223\342\030"
 4032      E04E4B76 
 4032      5883DCF6 
 4032      56CCB093 
 4032      E218
 4033 4d95 D1B78164 		.ascii	"\321\267\201d*\315\300\246\237Y\325\313B\037L?;/J\006"
 4033      2ACDC0A6 
 4033      9F59D5CB 
 4033      421F4C3F 
 4033      3B2F4A06 
 4034 4da9 336FE208 		.ascii	"3o\342\010\240\217\036\333\264G\344w?M\264\006\245;"
 4034      A08F1EDB 
 4034      B447E477 
 4034      3F4DB406 
 4034      A53B
 4035 4dbb 1DF9C206 		.ascii	"\035\371\302\006'\241\266lA\224n\033\035\023\326[\272"
 4035      27A1B66C 
 4035      41946E1B 
 4035      1D13D65B 
 4035      BA
ARM GAS  /tmp/ccVr2doo.s 			page 329


 4036 4dcc A323A7A8 		.ascii	"\243#\247\250\261KO[\237\331N\231\221\305\256U\026\305"
 4036      B14B4F5B 
 4036      9FD94E99 
 4036      91C5AE55 
 4036      16C5
 4037 4dde 8381F18E 		.ascii	"\203\201\361\216\304\347\263\214EA\210K\230\212\004"
 4037      C4E7B38C 
 4037      4541884B 
 4037      988A04
 4038 4ded B106F17A 		.ascii	"\261\006\361z\030\031\323+6\265\215,\017\200\345!gy"
 4038      1819D32B 
 4038      36B58D2C 
 4038      0F80E521 
 4038      6779
 4039 4dff 0C2C8FA4 		.ascii	"\014,\217\244\371\341b\201\017b\372\350J\372\006\353"
 4039      F9E16281 
 4039      0F62FAE8 
 4039      4AFA06EB 
 4040 4e0f C3170C7A 		.ascii	"\303\027\014z\360\350\304\302\223p\266\015*\316H\207"
 4040      F0E8C4C2 
 4040      9370B60D 
 4040      2ACE4887 
 4041 4e1f 96FD4997 		.ascii	"\226\375I\227e\207\221\333j\222\200\012_\257.vX\263"
 4041      658791DB 
 4041      6A92800A 
 4041      5FAF2E76 
 4041      58B3
 4042 4e31 F9C4B282 		.ascii	"\371\304\262\202@u\270\354\226\356Lr\221\305}m\\\277"
 4042      4075B8EC 
 4042      96EE4C72 
 4042      91C57D6D 
 4042      5CBF
 4043 4e43 9E146263 		.ascii	"\236\024bc\331p\033\343@*\261q\\V\230\353dy\205uaq\205"
 4043      D9701BE3 
 4043      402AB171 
 4043      5C5698EB 
 4043      64798575 
 4044 4e5a 551CECE2 		.ascii	"U\034\354\342BH=R\317\324T}\215\216k~\342\203]zj\362"
 4044      42483D52 
 4044      CFD4547D 
 4044      8D8E6B7E 
 4044      E2835D7A 
 4045 4e70 007BCC28 		.ascii	"\000{\314(\253~\373\274\007\355H'\322\364\247\\\007"
 4045      AB7EFBBC 
 4045      07ED4827 
 4045      D2F4A75C 
 4045      07
 4046 4e81 399309D6 		.ascii	"9\223\011\326P\357-7\004\332\322\011\224G\335c\215}"
 4046      50EF2D37 
 4046      04DAD209 
 4046      9447DD63 
 4046      8D7D
 4047 4e93 521A3F51 		.ascii	"R\032?Qp\011c\363\226n\015X/c\350\372\214\357\271R\354"
 4047      700963F3 
 4047      966E0D58 
 4047      2F63E8FA 
 4047      8CEFB952 
ARM GAS  /tmp/ccVr2doo.s 			page 330


 4048 4ea8 7305B6B4 		.ascii	"s\005\266\264F\242;\264\027\321|\327\353\032&\241+\313"
 4048      46A23BB4 
 4048      17D17CD7 
 4048      EB1A26A1 
 4048      2BCB
 4049 4eba E856DF71 		.ascii	"\350V\337q%\334p\002\352\222\007\360\366=\300\235\321"
 4049      25DC7002 
 4049      EA9207F0 
 4049      F63DC09D 
 4049      D1
 4050 4ecb E3CB3EE7 		.ascii	"\343\313>\347Ej\262\210V\216]\326\026Z\273>\332\340"
 4050      456AB288 
 4050      568E5DD6 
 4050      165ABB3E 
 4050      DAE0
 4051 4edd F00236B6 		.ascii	"\360\0026\266\227\233^a\032A^O@\245\324W\300O;\354\001"
 4051      979B5E61 
 4051      1A415E4F 
 4051      40A5D457 
 4051      C04F3BEC 
 4052 4ef2 E53A28E2 		.ascii	"\345:(\342\351\360\2621\016\224{\356\243?\302\211\334"
 4052      E9F0B231 
 4052      0E947BEE 
 4052      A33FC289 
 4052      DC
 4053 4f03 05B0CE38 		.ascii	"\005\260\3168\266)\326\012\314_\256|\362\017\210>\006"
 4053      B629D60A 
 4053      CC5FAE7C 
 4053      F20F883E 
 4053      06
 4054 4f14 CC2FF588 		.ascii	"\314/\365\210nz\307\235\242N\270\371[D?\005\364}\205"
 4054      6E7AC79D 
 4054      A24EB8F9 
 4054      5B443F05 
 4054      F47D85
 4055 4f27 2E96BD78 		.ascii	".\226\275x\241\177]8\327\277\216K%J@\315\367px&\270"
 4055      A17F5D38 
 4055      D7BF8E4B 
 4055      254A40CD 
 4055      F7707826 
 4056 4f3c 027803F8 		.ascii	"\002x\003\370\000x\001\270\003\2709H\006\332\304!\037"
 4056      007801B8 
 4056      03B83948 
 4056      06DAC421 
 4056      1F
 4057 4f4d 683051B0 		.ascii	"h0Q\260\315GJmi\266\344\353\352}^8\254BH,\333\233\243"
 4057      CD474A6D 
 4057      69B6E4EB 
 4057      EA7D5E38 
 4057      AC42482C 
 4058 4f64 9BBFDE76 		.ascii	"\233\277\336v\347\357y\211\004\266L[\301\026\257\225"
 4058      E7EF7989 
 4058      04B64C5B 
 4058      C116AF95 
 4059 4f74 EB1FD908 		.ascii	"\353\037\331\010\263}\331\262Y9?\275Yt\2550\030\224"
 4059      B37DD9B2 
 4059      59393FBD 
ARM GAS  /tmp/ccVr2doo.s 			page 331


 4059      5974AD30 
 4059      1894
 4060 4f86 24EE216E 		.ascii	"$\356!n\036\350|\372\372\330\355\276\276\264\273\364"
 4060      1EE87CFA 
 4060      FAD8EDBE 
 4060      BEB4BBF4 
 4061 4f96 B8852872 		.ascii	"\270\205(r\266\241G\350\304\352"
 4061      B6A147E8 
 4061      C4EA
 4062 4fa0 E740B710 		.ascii	"\347@\267\020\307\272\012\212T\344\000\303,\247p\243"
 4062      C7BA0A8A 
 4062      54E400C3 
 4062      2CA770A3 
 4063 4fb0 925E4C6F 		.ascii	"\222^Lohe\027\323\337\266\371\006\320\213\351i\022\366"
 4063      686517D3 
 4063      DFB6F906 
 4063      D08BE969 
 4063      12F6
 4064 4fc2 77403692 		.ascii	"w@6\222\375 \007\306&\200\261\361\253-\216r\"W\310&"
 4064      FD2007C6 
 4064      2680B1F1 
 4064      AB2D8E72 
 4064      2257C826 
 4065 4fd6 E6717149 		.ascii	"\346qqI\362\246H5;?bz\261i\220\303\023\033\301\235\360"
 4065      F2A64835 
 4065      3B3F627A 
 4065      B16990C3 
 4065      131BC19D 
 4066 4feb 33D5DEC5 		.ascii	"3\325\336\305\356Wv 3\232^\">Ob\\\207\015v\024E"
 4066      EE577620 
 4066      339A5E22 
 4066      3E4F625C 
 4066      870D7614 
 4067 5000 08E4124D 		.ascii	"\010\344\022M\204\364\010\273T=\230\311\214\035n\377"
 4067      84F408BB 
 4067      543D98C9 
 4067      8C1D6EFF 
 4068 5010 0871FD1C 		.ascii	"\010q\375\034\0239\330\2262\351\314\271x7\253\276\316"
 4068      1339D896 
 4068      32E9CCB9 
 4068      7837ABBE 
 4068      CE
 4069 5021 38842838 		.ascii	"8\204(8\204\210\034B\031\207\365\256\201s[\342\217,"
 4069      84881C42 
 4069      1987F5AE 
 4069      81735BE2 
 4069      8F2C
 4070 5033 8EB6BBD3 		.ascii	"\216\266\273\323D\0267\333\304%\273Y\315\270\204)\270"
 4070      441637DB 
 4070      C425BB59 
 4070      CDB88429 
 4070      B8
 4071 5044 84895CC2 		.ascii	"\204\211\\\302\031\227\255\206\312X\201D\"\227\006\327"
 4071      1997AD86 
 4071      CA588144 
 4071      229706D7 
 4072 5054 969F98EB 		.ascii	"\226\237\230\353\021\241\340\020!r\210d\034\222'\332"
ARM GAS  /tmp/ccVr2doo.s 			page 332


 4072      11A1E010 
 4072      21728864 
 4072      1C9227DA 
 4073 5064 9B084946 		.ascii	"\233\010IF\016^)%\333\342\275:t?8\317\237>\002\314\016"
 4073      0E5E2925 
 4073      DBE2BD3A 
 4073      743F38CF 
 4073      9F3E02CC 
 4074 5079 1F0D11A5 		.ascii	"\037\015\021\245\350\206(\354\206h\306\2508}\375C\244"
 4074      E88628EC 
 4074      8668C6A8 
 4074      387DFD43 
 4074      A4
 4075 508a 94DB3379 		.ascii	"\224\3333y\320)\336\26339\365\232\313fw\252\033\335"
 4075      D029DEB3 
 4075      3339F59A 
 4075      CB6677AA 
 4075      1BDD
 4076 509c 57A697BC 		.ascii	"W\246\227\274\304(\330\304 \233X\306f\370,\315GK<?\217"
 4076      C428D8C4 
 4076      209B58C6 
 4076      66F82CCD 
 4076      474B3C3F 
 4077 50b1 F551622C 		.ascii	"\365Qb,\214\341`l\274\370\265\232\011\016x\305\302\333"
 4077      8CE1606C 
 4077      BCF8B59A 
 4077      090E78C5 
 4077      C2DB
 4078 50c3 2CB797B6 		.ascii	",\267\227\266\371\224\313v\037|ec!\321\201\347\363\333"
 4078      F994CB76 
 4078      1F7C6563 
 4078      21D181E7 
 4078      F3DB
 4079 50d5 9AD563FE 		.ascii	"\232\325c\376\372M\300\203p\201_\244\353\033\032.\224"
 4079      FA4DC083 
 4079      70815FA4 
 4079      EB1B1A2E 
 4079      94
 4080 50e6 F3BB9C8E 		.ascii	"\363\273\234\216JvP\236Pj\365j\357u&\261\250{\331Dl"
 4080      4A76509E 
 4080      506AF56A 
 4080      EF7526B1 
 4080      A87BD944 
 4081 50fb B8DED2E9 		.ascii	"\270\336\322\351\250\024\360\206%\352\342\320\245\026"
 4081      A814F086 
 4081      25EAE2D0 
 4081      A516
 4082 5109 6792C3A8 		.ascii	"g\222\303\250\325..\275SN\342\334\342\312\222\350\375"
 4082      D52E2EBD 
 4082      534EE2DC 
 4082      E2CA92E8 
 4082      FD
 4083 511a 21EEFA76 		.ascii	"!\356\372v\252\365B\032\360\310rx\341\012\371\366\011"
 4083      AAF5421A 
 4083      F0C87278 
 4083      E10AF9F6 
 4083      09
ARM GAS  /tmp/ccVr2doo.s 			page 333


 4084 512b CC19D1DF 		.ascii	"\314\031\321\337\023R\035\360$\015E\377\274\361b,Y\026"
 4084      13521DF0 
 4084      240D45FF 
 4084      BCF1622C 
 4084      5916
 4085 513d 99B8E339 		.ascii	"\231\270\3439\012\214\027\342\025\254\337\355\336\234"
 4085      0A8C17E2 
 4085      15ACDFED 
 4085      DE9C
 4086 514b 384E41BB 		.ascii	"8NA\2738\003\022E&@\2721Y4x\270_8\222\012t\212\353\305"
 4086      38031245 
 4086      2640BA31 
 4086      593478B8 
 4086      5F38920A 
 4087 5163 CD91CACA 		.ascii	"\315\221\312\312\314\222\375B6\221\331S\213\316\246"
 4087      CC92FD42 
 4087      3691D953 
 4087      8BCEA6
 4088 5172 9CF3E083 		.ascii	"\234\363\340\2039'\007\010\342\034\314/\013\217\303"
 4088      39270708 
 4088      E21CCC2F 
 4088      0B8FC3
 4089 5181 F0CA65E1 		.ascii	"\360\312e\341e\310r\363\222\355\3756\313\267\245X`\320"
 4089      65C872F3 
 4089      92EDFD36 
 4089      CBB7A558 
 4089      60D0
 4090 5193 0FC00DAE 		.ascii	"\017\300\015\256\016)\227](>&\303\315w\340Wh\320o\200"
 4090      0E29975D 
 4090      283E26C3 
 4090      CD77E057 
 4090      68D06F80 
 4091 51a7 BEDA7170 		.ascii	"\276\332qp*{\032\316\246\354\036\255\002d]\300p}:N\206"
 4091      2A7B1ACE 
 4091      A6EC1EAD 
 4091      02645DC0 
 4091      707D3A4E 
 4092 51bc 8814973E 		.ascii	"\210\024\227>\\\336\204[\210\270\205\0147\343\"\303"
 4092      5CDE845B 
 4092      88B8850C 
 4092      37E322C3 
 4093 51cc 20BBCA75 		.ascii	" \273\312uB\206[\204\270E\014\3672\352xGv\272\201>\254"
 4093      42865B84 
 4093      B8450CF7 
 4093      32EA7847 
 4093      76BA813E 
 4094 51e1 43B2FF85 		.ascii	"C\262\377\205\270\305\014wr\243\365/H\013vEnAb\261\023"
 4094      B8C50C77 
 4094      72A3F52F 
 4094      480B7645 
 4094      6E4162B1 
 4095 51f6 19C2865F 		.ascii	"\031\302\206_k[<}N\220P\352\300\037\371\271\261\020"
 4095      6B5B3C7D 
 4095      4E9050EA 
 4095      C01FF9B9 
 4095      B110
 4096 5208 38AB313E 		.ascii	"8\2531>%\010/\223\211\336O\330y\301+M\034\350+M\034"
ARM GAS  /tmp/ccVr2doo.s 			page 334


 4096      25082F93 
 4096      89DE4FD8 
 4096      79C12B4D 
 4096      1CE82B4D 
 4097 521d F86532CD 		.ascii	"\370e2\315\025\355\323\342\233\326\016o_[\276\230Ms"
 4097      15EDD3E2 
 4097      9BD60E6F 
 4097      5F5BBE98 
 4097      4D73
 4098 522f 337CCCFB 		.ascii	"3|\314\373\017(\232P\342 >\310\263\014\360i\323\354"
 4098      0F289A50 
 4098      E2203EC8 
 4098      B30CF069 
 4098      D3EC
 4099 5241 B5260EF4 		.ascii	"\265&\016\3641'\207\343=s2\357n\313\274P\205\226U1\313"
 4099      312787E3 
 4099      3D7332EF 
 4099      6ECBBC50 
 4099      85965531 
 4100 5256 CE466F37 		.ascii	"\316Fo7e\035\327#{NF5\342V3\334\375\301\025_-I\377\002"
 4100      651DD723 
 4100      7B4E4635 
 4100      E25633DC 
 4100      FDC1155F 
 4101 526e DE68F3AE 		.ascii	"\336h\363\256\317\273\257u`\007\017\303<\277&\265\235"
 4101      CFBBAF75 
 4101      60070FC3 
 4101      3CBF26B5 
 4101      9D
 4102 527f EEA99B8C 		.ascii	"\356\251\233\214\257\247\306\327\211\306\307{_\215i"
 4102      AFA7C6D7 
 4102      89C6C77B 
 4102      5F8D69
 4103 528e 45E3FBEC 		.ascii	"E\343\373\354\033\362\350\303A\\\014_\371:\305\023j"
 4103      1BF2E8C3 
 4103      415C0C5F 
 4103      F93AC513 
 4103      6A
 4104 529f 44EB81AE 		.ascii	"D\353\201\256\306\334\364\006f\372\300M\354\274,X\350"
 4104      C6DCF406 
 4104      66FAC04D 
 4104      ECBC2C58 
 4104      E8
 4105 52b0 33AD4DE6 		.ascii	"3\255M\3464\2429\215h\372\302x\240,X\016dnjB\334&\206"
 4105      34A2398D 
 4105      68FAC278 
 4105      A02C580E 
 4105      646E6A42 
 4106 52c7 DBE0BB52 		.ascii	"\333\340\273R';eR\257\222\006K3\34263\334\223\375\344"
 4106      273B6552 
 4106      AF92064B 
 4106      33E23633 
 4106      DC93FDE4 
 4107 52db 5BD949EB 		.ascii	"[\331I\353[A\212\333\202\270-\014w\274&dZ6\306jd|[\021"
 4107      5B418ADB 
 4107      82B82D0C 
 4107      77BC2664 
ARM GAS  /tmp/ccVr2doo.s 			page 335


 4107      5A36C66A 
 4108 52f3 B71503D6 		.ascii	"\267\025\003\326\317sC\206[$\303mC\3346\206;P<|%\333"
 4108      CF734386 
 4108      5B24C36D 
 4108      43DC3686 
 4108      3B503C7C 
 4109 5309 BDCC95E1 		.ascii	"\275\314\225\341\266#n;\303\355\3164d\312\026\352\345"
 4109      B6236E3B 
 4109      C3EDCE34 
 4109      64CA16EA 
 4109      E5
 4110 531a 32DC0EC4 		.ascii	"2\334\016\304\355`\270\361Ay\2212\377f\312p;\021\267"
 4110      ED60B8F1 
 4110      41799132 
 4110      FF66CA70 
 4110      3B11B7
 4111 532d 93E1B665 		.ascii	"\223\341\266e\314\312_z\237\"\303\355B\334.\206\273"
 4111      CCCA5F7A 
 4111      9F22C3ED 
 4111      42DC2E86 
 4111      BB
 4112 533e 7BD5702B 		.ascii	"{\325p+\233\204\022d\270\335\210\333\215:\370n\357\311"
 4112      9B841264 
 4112      B8DD88DB 
 4112      8D3AF86E 
 4112      EFC9
 4113 5350 FA225A86 		.ascii	"\372\"Z\206\333\203\270=\014w3<oV\346\007\017\031n/"
 4113      DB83B83D 
 4113      0C77333C 
 4113      6F56E607 
 4113      0F196E2F 
 4114 5364 E2F632DC 		.ascii	"\342\3662\334\260\304\200]\331\251\3220\031n\037\342"
 4114      B0C4805D 
 4114      D9A9D230 
 4114      196E1FE2 
 4115 5374 F631DCAE 		.ascii	"\3661\334\256\207\321q\231\016\036\2628\353G\334~\206"
 4115      87D17199 
 4115      0E1EB238 
 4115      EB47DC7E 
 4115      86
 4116 5385 EBD2121F 		.ascii	"\353\322\022\037/\363\203A\306w\000q\007\030\356\332"
 4116      2FF38341 
 4116      C6770071 
 4116      0718EEDA 
 4117 5395 64F2902C 		.ascii	"d\362\220,)\371\312p\007\021w\220\341v\204\005\314\313"
 4117      29F9CA70 
 4117      07117790 
 4117      E1768405 
 4117      CCCB
 4118 53a7 E2EC4616 		.ascii	"\342\354F\026\277C\210;\304pw.<Zd)aH6\314\207\021w\230"
 4118      BF43883B 
 4118      C470772E 
 4118      3C5A6429 
 4118      614836CC 
 4119 53bf E1CE1FDC 		.ascii	"\341\316\037\334\344\310N0\3223\362&\334\021\304\035"
 4119      E4C84E30 
 4119      D233F226 
ARM GAS  /tmp/ccVr2doo.s 			page 336


 4119      DC11C41D 
 4120 53cf 61B809D5 		.ascii	"a\270\011\325k\336\032\031\256L\207Q\304\035e\270\221"
 4120      6BDE1A19 
 4120      AE4C8751 
 4120      C41D65B8 
 4120      91
 4121 53e0 098FAD32 		.ascii	"\011\217\2552\377n\310\306\305\030\342\2161\334\336"
 4121      FF6EC8C6 
 4121      C518E28E 
 4121      31DCDE
 4122 53ef D0D4473B 		.ascii	"\320\324G;R\202\251&\256\253tY\366\3743\272\3666\245"
 4122      5282A926 
 4122      AEAB7459 
 4122      F6FC33BA 
 4122      F636A5
 4123 5402 907107C9 		.ascii	"\220q\007\311\223\316k\002O\226\354y\006\031\332\265"
 4123      93CE6B02 
 4123      4F96EC79 
 4123      0619DAB5 
 4124 5412 2FC80BC4 		.ascii	"/\310\013\304\014\322\255\246x\302sI\012yn\236B&X\012"
 4124      0CD2ADA6 
 4124      78C27349 
 4124      0A796E9E 
 4124      4226580A 
 4125 5426 59595ABE 		.ascii	"YYZ\276\223eD\272\023bRs\022\325\234dj\006f\033b\214"
 4125      936544BA 
 4125      13625273 
 4125      12D59C64 
 4125      6A06661B 
 4126 543c 26B95BC1 		.ascii	"&\271[\301\245\225c\342M\205\314\364)Y\3554\215<\247"
 4126      A59563E2 
 4126      4D85CCF4 
 4126      2959ED34 
 4126      8D3CA7
 4127 544f D1FDA157 		.ascii	"\321\375\241W\351\262\256\212\220\205\326\014\342\316"
 4127      E9B2AE8A 
 4127      9085D60C 
 4127      E2CE
 4128 545d 30DC5AD7 		.ascii	"0\334Z\327\361+\031\337k\331<:\213\270\263\014w\357"
 4128      F12B19DF 
 4128      6BD93C3A 
 4128      8BB8B30C 
 4128      77EF
 4129 546f A621CF9E 		.ascii	"\246!\317\2364\241K\3077S\272\224\217\255kU\021\241"
 4129      34A14BC7 
 4129      3753BA94 
 4129      8FAD6B55 
 4129      11A1
 4130 5481 4525DDC4 		.ascii	"E%\335\304\353\016\271\362\222\305\343\274\254\302Y"
 4130      EB0EB9F2 
 4130      92C5E3BC 
 4130      ACC259
 4131 5490 100D8C2A 		.ascii	"\020\015\214*;l\302\373Z\340\020\237\015\032\342\222"
 4131      3B6CC2FB 
 4131      5AE0109F 
 4131      0D1AE292 
 4132 54a0 32F5D65F 		.ascii	"2\365\326_t\262D\273mQ\314\374\256\331\271u\342\273"
ARM GAS  /tmp/ccVr2doo.s 			page 337


 4132      74B244BB 
 4132      6D51CCFC 
 4132      AED9B975 
 4132      E2BB
 4133 54b2 201703EC 		.ascii	" \027\003\354\256\274\214\231\037\360\2049I\267\315"
 4133      AEBC8C99 
 4133      1FF08439 
 4133      49B7CD
 4134 54c1 9977DB32 		.ascii	"\231w\3332\353\266\347\0275\305:\322\317\315\363\353"
 4134      EBB6E717 
 4134      35C53AD2 
 4134      CFCDF3EB 
 4135 54d1 9B50736E 		.ascii	"\233Psn;\277\215\2574J\301\267\003\254HX\255\230\263"
 4135      3BBF8DAF 
 4135      344AC1B7 
 4135      03AC4858 
 4135      AD98B3
 4136 54e4 5A65ACA6 		.ascii	"Ze\254\246z\203?C&\221SRx\352\245\0327\342\212\335\014"
 4136      7A833F43 
 4136      26915352 
 4136      78EAA51A 
 4136      37E28ADD 
 4137 54f9 EF71F9AC 		.ascii	"\357q\371\254\364\331P\300\352c\270W\262\014\313\346"
 4137      F4D950C0 
 4137      EA63B857 
 4137      B20CCBE6 
 4138 5509 25BA39BB 		.ascii	"%\2729\273\356\240\247\005\355Jf\261\254_\022e}\270"
 4138      EEA0A705 
 4138      ED4A66B1 
 4138      AC5F1265 
 4138      7DB8
 4139 551b 81FDB281 		.ascii	"\201\375\262\201C>y\275H\226~\351:Nr\225\015\342n2\334"
 4139      433E79BD 
 4139      48967EE9 
 4139      3A4E7295 
 4139      0DE26E32 
 4140 5530 A38BBE10 		.ascii	"\243\213\276\020BV\271\221\361\341\336\242\221\253\007"
 4140      4256B991 
 4140      F1E1DEA2 
 4140      91AB07
 4141 553f 3ABF214F 		.ascii	":\277!O\303\260\201]\223B\253\251-\211\235[\346vn3;"
 4141      C3B0815D 
 4141      9342ABA9 
 4141      2D899D5B 
 4141      E6766E33 
 4142 5554 871747CA 		.ascii	"\207\027G\312\324\344\014\271\355\270\215\244\343M\236"
 4142      D4E40CB9 
 4142      EDB88DA4 
 4142      E34D9E
 4143 5563 09C6C792 		.ascii	"\011\306\307\222\216\356\324\247\330\033\217\355\342"
 4143      8EEED4A7 
 4143      D81B8FED 
 4143      E2
 4144 5570 7C1E9532 		.ascii	"|\036\2252\345-{\325\304\204\354\251{\373\264[\367\304"
 4144      E52D7BD5 
 4144      C484ECA9 
 4144      7BFBB45B 
ARM GAS  /tmp/ccVr2doo.s 			page 338


 4144      F7C4
 4145 5582 6E8DBA29 		.ascii	"n\215\272)\371*\2508\014*ve\277\236\262\271\313\212"
 4145      F92AA838 
 4145      0C2A7665 
 4145      BF9EB2B9 
 4145      CB8A
 4146 5594 9927144B 		.ascii	"\231'\024K\330\221h\270c\256\341\001\323p\"v\"\300\236"
 4146      D89168B8 
 4146      63AEE101 
 4146      D3702276 
 4146      22C09E
 4147 55a7 14FC3CEE 		.ascii	"\024\374<\356\211\246f6\012\306\367\301\242\206G\236"
 4147      89A66636 
 4147      0AC6F7C1 
 4147      A286479E 
 4148 55b7 05BB6A52 		.ascii	"\005\273jR\215\010\206\336\361.\007\313\233\246\307"
 4148      8D0886DE 
 4148      F12E07CB 
 4148      9BA6C7
 4149 55c6 0E165FA1 		.ascii	"\016\026_\241\320\367\330*{\236\370\211\203\324\224"
 4149      D0F7D82A 
 4149      7B9EF889 
 4149      83D494
 4150 55d5 536ACA91 		.ascii	"Sj\312\221h\312}ZK\263\232\333\262\261G\257\325\247"
 4150      68CA7D5A 
 4150      4BB39ADB 
 4150      B2B147AF 
 4150      D5A7
 4151 55e7 EF447D46 		.ascii	"\357D}F\261\204C\211)\207\346\246\2341S\3023\272|\324"
 4151      B1844389 
 4151      2987E6A6 
 4151      9C3153C2 
 4151      33BA7CD4 
 4152 55fb A40335DD 		.ascii	"\244\0035\335\310/\214t\346]\007EyM\2201\332i\327\235"
 4152      C82F8C74 
 4152      E65D0745 
 4152      794D9031 
 4152      DA69D79D 
 4153 560f 4BB89D9B 		.ascii	"K\270\235\233s\273`\334Nb*7\035\311\024r\353\334v\275"
 4153      73BB60DC 
 4153      4E622A37 
 4153      1DC91472 
 4153      EBDC76BD 
 4154 5623 150361B3 		.ascii	"\025\003a\263\341\365\345\313n\356e\032u\227\022f\227"
 4154      E1F5E5CB 
 4154      6EEE651A 
 4154      75971266 
 4154      97
 4155 5634 E6CCAE18 		.ascii	"\346\314\256\030\263\310\216\373V[\222\376Edv\033rc"
 4155      B3C88EFB 
 4155      565B92FE 
 4155      4564761B 
 4155      7263
 4156 5646 E539D2D7 		.ascii	"\3459\322\327\026\235\030\223:~ \313\2277\016\322\370"
 4156      169D1893 
 4156      3A7E20CB 
 4156      97370ED2 
ARM GAS  /tmp/ccVr2doo.s 			page 339


 4156      F8
 4157 5657 BDC5F8BD 		.ascii	"\275\305\370\275e\361\033\356>\022+\2336wd\323\333\035"
 4157      65F11BEE 
 4157      3E122B9B 
 4157      367764D3 
 4157      DB1D
 4158 5669 E2DE6119 		.ascii	"\342\336a\031U\267\024\012}\217Zy\246\036\005:K\023"
 4158      55B7140A 
 4158      7D8F5A79 
 4158      A61E053A 
 4158      4B13
 4159 567b ADA50503 		.ascii	"\255\245\005\003\340\335\205\326\234\250H)\022\205o"
 4159      E0DD85D6 
 4159      9CA84829 
 4159      12856F
 4160 568a 167BA948 		.ascii	"\026{\251H%\347\260\226\327\353@j\2611\273\025\377\177"
 4160      25E7B096 
 4160      D7EB406A 
 4160      B131BB15 
 4160      FF7F
 4161 569c 4823FFE1 		.ascii	"H#\377\341\266\314]GZ\261\321\227\264\030AH'6FF\027"
 4161      B6CC5D47 
 4161      5AB1D197 
 4161      B4184148 
 4161      27364646 
 4162 56b1 6059BA80 		.ascii	"`Y\272\200\015\327\355\215\202\377\257\267+\015\216"
 4162      0DD7ED8D 
 4162      82FFAFB7 
 4162      2B0D8E
 4163 56c0 E2C8D294 		.ascii	"\342\310\322\224J\255\253\325\335B03\266\361\\\033\263"
 4163      4AADABD5 
 4163      DD423033 
 4163      B6F15C1B 
 4163      B3
 4164 56d1 11732C88 		.ascii	"\021s,\210\313\200\275\023\033\201\305x\254X3v y\216"
 4164      CB80BD13 
 4164      1B81C578 
 4164      AC583376 
 4164      20798E
 4165 56e4 D8D8A8AD 		.ascii	"\330\330\250\255\356.I5tw5U\325\022\332\375#\201\270"
 4165      EE2E4935 
 4165      74773555 
 4165      D512DAFD 
 4165      2381B8
 4166 56f7 C48DB88C 		.ascii	"\304\215\270\214\000s\013q\037\346\226\205@\230\373"
 4166      00730B71 
 4166      1FE69685 
 4166      4098FB
 4167 5706 32984302 		.ascii	"2\230C\002\304\015B\3347\346\334\227\371\252\272+[\335"
 4167      C40D42DC 
 4167      37E6DC97 
 4167      F9AABA2B 
 4167      5BDD
 4168 5718 0C131BB3 		.ascii	"\014\023\033\263\004\251\252\314\374\362\345\313\314"
 4168      04A9AACC 
 4168      FCF2E5CB 
 4168      CC
ARM GAS  /tmp/ccVr2doo.s 			page 340


 4169 5725 972F5FBE 		.ascii	"\227/_\276\252\312\346\371;\030\031qn\357Y\236\037\325"
 4169      AACAE6F9 
 4169      3B181971 
 4169      6EEF599E 
 4169      1FD5
 4170 5737 9B46C6B7 		.ascii	"\233F\306\267\324\255t\361\2630\262\350P\355\250t~5"
 4170      D4AD74F1 
 4170      B330B2E8 
 4170      50EDA874 
 4170      7E35
 4171 5749 465AA63F 		.ascii	"FZ\246?\3707~\013\336\327,h\330o7__(\267lk\357&\304"
 4171      F8377E0B 
 4171      DED72C68 
 4171      D86F375F 
 4171      5F28B76C 
 4172 5761 7A7DE1CE 		.ascii	"z}\341\316\313\211\233\223\371mX\366\364\315y\307\222"
 4172      CB899B93 
 4172      F96D58F6 
 4172      F4CD79C7 
 4172      92
 4173 5772 F95D18B9 		.ascii	"\371]\030\271~\277\372e:\177\004#k\032\0367\245\363"
 4173      7EBFFA65 
 4173      3A7F0423 
 4173      6B1A1E37 
 4173      A5F3
 4174 5784 CD1859F5 		.ascii	"\315\030Y\365\305\3433\344\203Gn\274\303\330\214<\255"
 4174      C5E333E4 
 4174      83476EBC 
 4174      C3D88C3C 
 4174      AD
 4175 5795 9AF33FFC 		.ascii	"\232\363?\374e\232k\373~\307\326\313.\316\370\340d\002"
 4175      659A6BFB 
 4175      7EC7D6CB 
 4175      2ECEF8E0 
 4175      6402
 4176 57a7 EC74CFBE 		.ascii	"\354t\317\276\350\264\355\342\356!t\263;\332\221\306"
 4176      E8B4EDE2 
 4176      EE2174B3 
 4176      3BDA91C6 
 4177 57b7 8D71F0DC 		.ascii	"\215q\360\334\024G\324f\027\237v\021\370\366\267\361"
 4177      1447D466 
 4177      179F7611 
 4177      F8F6B7F1 
 4178 57c7 C918814E 		.ascii	"\311\030\201N\214\005}\305\205"
 4178      8C057DC5 
 4178      85
 4179 57d0 B1AD6F45 		.ascii	"\261\255oE\260cca#\216\302z\372\330\311\034Kn\202#\221"
 4179      B0636361 
 4179      238EC27A 
 4179      FAD8C91C 
 4179      4B6E8223 
 4180 57e5 1B6794A0 		.ascii	"\033g\224\240Nh\307/\270I\020\246B\250t\030\376AR\305"
 4180      4E68C72F 
 4180      B84910A6 
 4180      42A87418 
 4180      FE4152C5 
 4181 57f9 534B1515 		.ascii	"SK\025\025\261\252\330\231\200\356\273\371\207\366\336"
ARM GAS  /tmp/ccVr2doo.s 			page 341


 4181      B1AAD899 
 4181      80EEBBF9 
 4181      87F6DE
 4182 5808 36DD77F5 		.ascii	"6\335w\365\345\177oe\304i\265e\346\011\216_\324\007"
 4182      E57F6F65 
 4182      C469B565 
 4182      E6098E5F 
 4182      D407
 4183 581a 8771C397 		.ascii	"\207q\303\227\303]\3742\214\334\277spq\002\277\021#"
 4183      C35DFC32 
 4183      8CDCBF73 
 4183      707102BF 
 4183      1123
 4184 582c 8F2B5B6E 		.ascii	"\217+[n\331\315\211S\316L\234\221\266X\023g\352\027"
 4184      D9CD8953 
 4184      CE4C9C91 
 4184      B6581367 
 4184      EA17
 4185 583e 473FE777 		.ascii	"G?\347w\364\2113t\017&^/O\342\217\323\354\366\217\032"
 4185      F4893374 
 4185      0F265E2F 
 4185      4FE28FD3 
 4185      ECF68F1A 
 4186 5852 474D4830 		.ascii	"GMH0\276x\263\374\233G\234\001\365\007g\2773\251\224"
 4186      BE78B3FC 
 4186      9B479C01 
 4186      F50767BF 
 4186      33A994
 4187 5865 0CE23468 		.ascii	"\014\3424h\306(h\316\034\307k\237\302\030=n\274%\312"
 4187      C62868CE 
 4187      1CC76B9F 
 4187      C2183D6E 
 4187      BC25CA
 4188 5878 CD824E98 		.ascii	"\315\202N\230i\224\"\034\256\200\306/\200P\003\341K"
 4188      6994221C 
 4188      AE80C62F 
 4188      805003E1 
 4188      4B
 4189 5889 08F321CC 		.ascii	"\010\363!\314\205\260\014B5\204E\020\026BX\016a\011"
 4189      85B00C42 
 4189      35844510 
 4189      1642580E 
 4189      6109
 4190 589b 84951016 		.ascii	"\204\225\020\026C\230\007a\251u\204\232\277\314\230"
 4190      43980761 
 4190      A975849A 
 4190      BFCC98
 4191 58aa 07C2E5E6 		.ascii	"\007\302\345\346^\202I0\242\015_\314\263_*`\277\206"
 4191      5E824930 
 4191      A20D5FCC 
 4191      B35F2A60 
 4191      BF86
 4192 58bc 857A6212 		.ascii	"\205zb\022\205\277H\217\206\257\261xp\011\372\336O\""
 4192      85BF488F 
 4192      86AFB178 
 4192      7009FADE 
 4192      4F22
ARM GAS  /tmp/ccVr2doo.s 			page 342


 4193 58ce E8917188 		.ascii	"\350\221q\210\033\350R\362\235\221\245\217\276h\003"
 4193      1BE852F2 
 4193      9D91A58F 
 4193      BE6803
 4194 58dd CF8A62A5 		.ascii	"\317\212b\245\271\306\302\372\3206\360\352h\326\217"
 4194      B9C6C2FA 
 4194      D036F0EA 
 4194      68D68F
 4195 58ec FC2AC24C 		.ascii	"\374*\302Ly\034x\204\365\326_F\320\303\332\240\277\214"
 4195      791C7884 
 4195      F5D65F46 
 4195      D0C3DAA0 
 4195      BF8C
 4196 58fe 26FED442 		.ascii	"&\376\324B\374U\233~i\262\272\351ISwZ\305az\034q\210"
 4196      FC559B7E 
 4196      69B2BAE9 
 4196      4953775A 
 4196      C5617A1C 
 4197 5914 3073CBDA 		.ascii	"0s\313\332\324\2626p\346)\000\301\357\265\214\322\354"
 4197      D4B23670 
 4197      E62900C1 
 4197      EFB58CD2 
 4197      EC
 4198 5925 36F035D1 		.ascii	"6\3605\321\314\357\265\264ux\234\266F\230\271`i\352"
 4198      CCEFB5B4 
 4198      75789CB6 
 4198      4698B960 
 4198      69EA
 4199 5937 9038BC44 		.ascii	"\2208\274D\320\217fuD\326\253@\007\314\210=\250\026"
 4199      D08F6675 
 4199      44D6AB40 
 4199      07CC883D 
 4199      A816
 4200 5949 B4B5A1A5 		.ascii	"\264\265\241\245m\320M\326\307\357\027F>/\347:\374\177"
 4200      6DD04DD6 
 4200      C7EF1746 
 4200      3E2FE73A 
 4200      FC7F
 4201 595b 4D17A8F0 		.ascii	"M\027\250\360\362\245iS\031_\304*\206\271\325\016\272"
 4201      F2A56953 
 4201      195FC42A 
 4201      86B9D50E 
 4201      BA
 4202 596c 30C28568 		.ascii	"0\302\205h\206\262\312\225)\374\251>q\034P\233\026O"
 4202      86B2CA95 
 4202      29FCA93E 
 4202      711C509B 
 4202      164F
 4203 597e 3F668B38 		.ascii	"?f\2138\220\312\252\033\015\007\022Y2\3278\302\016$"
 4203      90CAAA1B 
 4203      0D071259 
 4203      32D738C2 
 4203      0E24
 4204 5990 47623B12 		.ascii	"Gb;\022e\015\202\257\034\304 \270T\272z\013\307_\353"
 4204      650D82AF 
 4204      1CC420B8 
 4204      54BA7A0B 
ARM GAS  /tmp/ccVr2doo.s 			page 343


 4204      C75FEB
 4205 59a3 632C9C63 		.ascii	"c,\234c\316'El\225\246\321\214\255\262\316\0211/\326"
 4205      CE27456C 
 4205      95A6D18C 
 4205      ADB2CE11 
 4205      312FD6
 4206 59b6 45535B4F 		.ascii	"ES[O\251m\332S\266\304\311?Bj\261~vc\363\376\215C\354"
 4206      A96DDA53 
 4206      B6C4C93F 
 4206      426AB17E 
 4206      7663F3FE 
 4207 59cd F17FD665 		.ascii	"\361\177\326e\223\203\374T\217\303<Kdv\315~\223\235"
 4207      9383FC54 
 4207      8FC33C4B 
 4207      6476CD7E 
 4207      939D
 4208 59df 5DB37EBB 		.ascii	"]\263~\273\371IKi)\364[9\227H\200\334\006\013?\033\242"
 4208      F9494B69 
 4208      29F45B39 
 4208      974880DC 
 4208      060B3F1B 
 4209 59f4 F9D94CF9 		.ascii	"\371\331L\371yu\373~s:?\374}|\253\360P\305Pg\370xj\344"
 4209      7975FB7E 
 4209      733A3FFC 
 4209      7D7CABF0 
 4209      50C55067 
 4210 5a0c 6749C5DA 		.ascii	"gI\305\332\005\351\346\301\001\300-I\333QU\267\337\036"
 4210      05E9E6C1 
 4210      01C02D49 
 4210      DB5155B7 
 4210      DF1E
 4211 5a1e DF8D5547 		.ascii	"\337\215UGx\374\332\344q\375\236\315\217\231\035?d["
 4211      78FCDAE4 
 4211      71FD9ECD 
 4211      8F991D3F 
 4211      645B
 4212 5a30 3D4B0EF3 		.ascii	"=K\016\363\355\332\341\233\3178\371\012\344d\323\212"
 4212      EDDAE19B 
 4212      CF38F90A 
 4212      E464D38A 
 4213 5a40 29C7D100 		.ascii	")\307\321\000'\216j\344d\336\246\305\267\320\344%\317"
 4213      278E6AE4 
 4213      64DEA6C5 
 4213      B7D0E425 
 4213      CF
 4214 5a51 66B6212B 		.ascii	"f\266!+\303_>\271\022fo;\246=\\\265\357!c\224\023\032"
 4214      C35F3EB9 
 4214      12666F3B 
 4214      A63D5CB5 
 4214      EF216394 
 4215 5a67 11F67610 		.ascii	"\021\366v\020\366\032L\366vl?q\225\331\264\357`\330"
 4215      F61A4CF6 
 4215      766C3F71 
 4215      95D9B4EF 
 4215      60D8
 4216 5a79 FBC664EF 		.ascii	"\373\306d\357\330\325M\217\354\374\370\370\354]y\274"
 4216      D8D54D8F 
ARM GAS  /tmp/ccVr2doo.s 			page 344


 4216      ECFCF8F8 
 4216      EC5D79BC 
 4217 5a89 E91963FA 		.ascii	"\351\031c\372\221\305\330\342\2651\011\2558\374d\012"
 4217      91C5D8E2 
 4217      B53109AD 
 4217      38FC640A 
 4218 5a99 360392B8 		.ascii	"6\003\222\270]\310\362\3413\325\333\222\314f\354\301"
 4218      5DC8F2E1 
 4218      33D5DB92 
 4218      CC66ECC1 
 4219 5aa9 B4F1A593 		.ascii	"\264\361\245\223\313\323\3427c\037i\306^\263\031\017"
 4219      CBD3E237 
 4219      631F69C6 
 4219      5EB3190F 
 4220 5ab9 26B46E60 		.ascii	"&\264n`\366\246\373\230f\354\017\327~\244\345a\002?"
 4220      F6A6FB98 
 4220      66EC0FD7 
 4220      7EA4E561 
 4220      023F
 4221 5acb 059BB1F2 		.ascii	"\005\233\261\362\314<X-\026b$\306\011\021#*\227\275"
 4221      CC3C582D 
 4221      166224C6 
 4221      0911232A 
 4221      97BD
 4222 5add 488C3FCE 		.ascii	"H\214?\316\207\011\007\207L\016\326\036\256\275\317"
 4222      87090787 
 4222      4C0ED61E 
 4222      AEBDCF
 4223 5aec 6CF30E33 		.ascii	"l\363\0163\034|kp\2204\267\241q~\"\027~\266K\236\364"
 4223      1C7C6B70 
 4223      9034B7A1 
 4223      717E2217 
 4223      7EB64B9E 
 4224 5b01 2CFFC517 		.ascii	",\377\305\027;\361=?\220\006n\013H\355w\361Vm\313Y3"
 4224      3BF13D3F 
 4224      90066E0B 
 4224      48ED77F1 
 4224      566DCB59 
 4225 5b16 30345C7D 		.ascii	"04\\}\034l\333S\222\315\017b\217pX\202~M\004j\347\004"
 4225      1C6CDB53 
 4225      92CD0F62 
 4225      8F705882 
 4225      7E4D046A 
 4226 5b2c 84A3108E 		.ascii	"\204\243\020\216@8\356\260<s\245u\220.?\320\246\216"
 4226      4038EEB0 
 4226      3C73A575 
 4226      902E3FD0 
 4226      A68E
 4227 5b3e A8173F28 		.ascii	"\250\027?(\022\332\307\035l\203\214~\003\214Ba0\270"
 4227      12DAC71D 
 4227      6C838C7E 
 4227      038C4261 
 4227      30B8
 4228 5b50 9DB1899A 		.ascii	"\235\261\211\232\217Yo\356\271|=\374\312S\371\337\335"
 4228      8F596FEE 
 4228      B97C3DFC 
 4228      CA53F9DF 
ARM GAS  /tmp/ccVr2doo.s 			page 345


 4228      DD
 4229 5b61 02A05037 		.ascii	"\002\240P7f\302\011F\034O2\2655\242\022m\244J\364`\345"
 4229      66C20946 
 4229      1C4F32B5 
 4229      35A2126D 
 4229      A44AF460 
 4230 5b76 D14509D6 		.ascii	"\321E\011\326\015E\254)\3125Q\354\230\223\303\3560\216"
 4230      0D45AC29 
 4230      CA3551EC 
 4230      9893C3EE 
 4230      308E
 4231 5b88 B64DCC6E 		.ascii	"\266M\314n\376\024bOQ\354\270\257\237\255bv\363+\231"
 4231      FE14624F 
 4231      51ECB8AF 
 4231      9FAD6276 
 4231      F32B99
 4232 5b9b DF31398D 		.ascii	"\33719\215\330\323\024\373m\355\326!\214sr-C\367\014"
 4232      D8D314FB 
 4232      6DEDD621 
 4232      8C73722D 
 4232      43F70C
 4233 5bae 62CFC4E6 		.ascii	"b\317\304\346a)\203mFl3\305Nk:;\324\316\327\240\214"
 4233      6129836D 
 4233      466C33C5 
 4233      4E6B3A3B 
 4233      D4CED7A0 
 4234 5bc3 37346D1C 		.ascii	"74m\034\347\260\217\242\317\253\206\263f\351Y\030\020"
 4234      E7B08FA2 
 4234      CFAB86B3 
 4234      66E95918 
 4234      10
 4235 5bd4 F2836354 		.ascii	"\362\203cT]r\347\034\366i1\236\266\3243\365\234\307"
 4235      5D72E71C 
 4235      F669319E 
 4235      B6D433F5 
 4235      9CC7
 4236 5be6 7ACED37A 		.ascii	"z\316\323zj_\354\255\017\377ZPy\364O\224=M \277Q\232"
 4236      6A5FECAD 
 4236      0FFF5A50 
 4236      79F44F94 
 4236      3D4D20BF 
 4237 5bfc 604C95BA 		.ascii	"`L\225\272\027\353\2060N\305\013L\177_D\272\027)\335"
 4237      17EB8630 
 4237      4EC50B4C 
 4237      7F5F44BA 
 4237      1729DD
 4238 5c0f 1173BE62 		.ascii	"\021s\276b\235\314#x\353.\361\022b/Ql\323\341\321\017"
 4238      9DCC2378 
 4238      EB2EF112 
 4238      622F516C 
 4238      D3E1D10F 
 4239 5c23 195D3694 		.ascii	"\031]6\224\301^F\354e\212=\325<q'\263\310\2261\330+"
 4239      C15E46EC 
 4239      658A3DD5 
 4239      3C7127B3 
 4239      C89631D8 
 4240 5c38 88BD42B1 		.ascii	"\210\275B\261{foY\307\354Tg1\216\315\253\210\275J\261"
ARM GAS  /tmp/ccVr2doo.s 			page 346


 4240      7B666F59 
 4240      C7EC5467 
 4240      318ECDAB 
 4240      88BD4AB1 
 4241 5c4c 4B1F2DDA 		.ascii	"K\037-\332\302\214\343b\006\333\202\330\026\212\275"
 4241      C28CE362 
 4241      06DB82D8 
 4241      168ABD
 4242 5c5b 3A65C572 		.ascii	":e\305r\206\337\365\014\017\327\020{\215b\347\315\233"
 4242      86DFF50C 
 4242      0FD7107B 
 4242      8D62E7CD 
 4242      9B
 4243 5c6c 5FC5C873 		.ascii	"_\305\310s%\203mEl+\305\036\270\365\375\011\246\177"
 4243      25836D45 
 4243      6C2BC51E 
 4243      B8F5FD09 
 4243      A67F
 4244 5c7e E732D8EB 		.ascii	"\3472\330\353\210\275N\261cg\215b\351\222\247\337\021"
 4244      88BD4EB1 
 4244      63678D62 
 4244      E992A7DF 
 4244      11
 4245 5c8f EC0DC4DE 		.ascii	"\354\015\304\336\240\330\351e\215\273\231\245l-C\367"
 4245      A0D8E965 
 4245      8DBB99A5 
 4245      6C2D43F7 
 4246 5c9f 26626F52 		.ascii	"&boRl\343\254YS\030'\376\"\006{\013\261\267(\366\313"
 4246      6CE3AC59 
 4246      531827FE 
 4246      22067B0B 
 4246      B1B728F6 
 4247 5cb4 D68606A6 		.ascii	"\326\206\006\246\037V2\330\333\210\275M\261\373Z\307"
 4247      1F5632D8 
 4247      DB88BD4D 
 4247      B1FB5AC7 
 4248 5cc4 54331ED1 		.ascii	"T3\036\321\245\014\366\016b\357P\354\345\363\353[\230"
 4248      A50CF60E 
 4248      62EF50EC 
 4248      E5F3EB5B 
 4248      98
 4249 5cd5 B198C960 		.ascii	"\261\230\311`\357\"\366.\305\036\255\033r\222Q\337\323"
 4249      EF22F62E 
 4249      C51EAD1B 
 4249      729251DF 
 4249      D3
 4250 5ce6 18EC3DC4 		.ascii	"\030\354=\304\336\243\330\226}w\0173\213\315D\006{\037"
 4250      DEA3D896 
 4250      7D770F33 
 4250      8BCD4406 
 4250      7B1F
 4251 5cf8 B1F729F6 		.ascii	"\261\367)\366\306\215\226\325\014\3351\014\366\001b"
 4251      C68D96D5 
 4251      0CDD310C 
 4251      F60162
 4252 5d07 1F50ECF7 		.ascii	"\037P\354\367\307\347\256c\372\367\0023\337\036\"\366"
 4252      C7E7AE63 
ARM GAS  /tmp/ccVr2doo.s 			page 347


 4252      FAF70233 
 4252      DF1E22F6 
 4253 5d17 21C55E5C 		.ascii	"!\305^\\8\267\234i\333:F\316\036!\366\021\305\356\234"
 4253      38B79C69 
 4253      DB3A46CE 
 4253      1E21F611 
 4253      C5EE9C
 4254 5d2a BBEF09D3 		.ascii	"\273\357\011\323g'\030\217\363c\304>\246\330EU\017\317"
 4254      6727188F 
 4254      F363C43E 
 4254      A6D84555 
 4254      0FCF
 4255 5d3c 31B2DEC4 		.ascii	"1\262\336\304\360\360\004\261O\220\207\331\343\0261"
 4255      F0F004B1 
 4255      4F9087D9 
 4255      E31631
 4256 5d4b 7AE8246F 		.ascii	"z\350$o\325o\337#\366{\212\335\336\320\364\212y`\365"
 4256      D56FDF23 
 4256      F67B8ADD 
 4256      DED0F48A 
 4256      7960F5
 4257 5d5e 2D43F729 		.ascii	"-C\367)b\237\342\274\270t]c\216'b\016\032{\206\320g"
 4257      629FE2BC 
 4257      B8745D63 
 4257      8E27620E 
 4257      1A7B86D0 
 4258 5d73 14FAF5B5 		.ascii	"\024\372\365\265K\207\231iL\216*\2648\221\020\373\034"
 4258      4B879969 
 4258      4C8E2AB4 
 4258      389110FB 
 4258      1C
 4259 5d84 C9CEBEDF 		.ascii	"\311\316\276\337\302\210\344n\206\205\027\210}A\261"
 4259      C288E46E 
 4259      86851788 
 4259      7D41B1
 4260 5d93 4377DE63 		.ascii	"Cw\336cFm\031s\204\323K\204\276\244\320\262\223S*\235"
 4260      466D1973 
 4260      84D34B84 
 4260      BEA4D0B2 
 4260      93532A9D 
 4261 5da7 FC4AD4B0 		.ascii	"\374J\324\260\033\2277\355L\213\270\256O\016\015\033"
 4261      1B9737ED 
 4261      4C8BB8AE 
 4261      4F0E0D1B 
 4262 5db7 C8C4DFFC 		.ascii	"\310\304\337\374\312b\220\276\2126HK\235\304 \335}\360"
 4262      CA6290BE 
 4262      8A36484B 
 4262      9DC420DD 
 4262      7DF0
 4263 5dc9 DA1C9EAF 		.ascii	"\332\034\236\257Cj\017\326<\256M\014\377\0324\032%\363"
 4263      436A0FD6 
 4263      3CAE4D0C 
 4263      FF1A341A 
 4263      25F3
 4264 5ddb 4FD4FE57 		.ascii	"O\324\376W\334\307\307C\235\344\247\220\235\206\236"
 4264      DCC7C743 
 4264      9DE4A790 
ARM GAS  /tmp/ccVr2doo.s 			page 348


 4264      9D869E
 4265 5dea 9DF3F577 		.ascii	"\235\363\365w\364\227,\251S\370\300o\227\343\357\335"
 4265      F4972CA9 
 4265      53F8C06F 
 4265      97E3EFDD 
 4266 5dfa 6F4F2430 		.ascii	"oO$0\256\314i\371\365#g\024/\345\224\227\365'_\234g"
 4266      AECC69F9 
 4266      F5236714 
 4266      2FE59497 
 4266      F5275F9C 
 4267 5e0f 3A973D0E 		.ascii	":\227=\016t\230\223\366\002\\\000;\367\344\303\246\370"
 4267      749893F6 
 4267      025C003B 
 4267      F7E4C3A6 
 4267      F8
 4268 5e20 6F990C77 		.ascii	"o\231\014w\342[&\313y\352\355\230s\356\321F\273\365"
 4268      E25B26CB 
 4268      79EAED98 
 4268      73EED146 
 4268      BBF5
 4269 5e32 5C8CD35C 		.ascii	"\\\214\323\\\232\345\365\261\021\316L,\202\367P\240"
 4269      9AE5F5B1 
 4269      11CE4C2C 
 4269      82F750A0 
 4270 5e42 7ADA8D5D 		.ascii	"z\332\215]\214\004C\262\205\374H\344d$\345\344\370\231"
 4270      8C0443B2 
 4270      85FC48E4 
 4270      6424E5E4 
 4270      F899
 4271 5e54 F9738CE3 		.ascii	"\371s\214\343\214l\020\275{\343\\c2\177\220v(\177\252"
 4271      8C6C10BD 
 4271      7BE35C63 
 4271      327F9076 
 4271      287FAA
 4272 5e67 F6DBB34E 		.ascii	"\366\333\263N\316rD\325X\247y\250P2\2757\316\250:l="
 4272      CE7244D5 
 4272      58A779A8 
 4272      5032BD37 
 4272      CEA83A6C 
 4273 5e7c A38AA473 		.ascii	"\243\212\244s\243\235\235\2701N\312\375\206\235-\013"
 4273      A39D9DB8 
 4273      314ECAFD 
 4273      869D2D0B 
 4274 5e8c 8D33B01C 		.ascii	"\2153\260\034\304\031xl\331\006'Fy\210._<l\236\213?"
 4274      C419786C 
 4274      D9062746 
 4274      79882E5F 
 4274      3C6C9E8B 
 4275 5ea1 82F59D1B 		.ascii	"\202\365\235\033;\363r2\307\034\236\304q\225N<;\251"
 4275      3BF37232 
 4275      C71C9EC4 
 4275      71954E3C 
 4275      3BA9
 4276 5eb3 3252DF2A 		.ascii	"2R\337*k}$\235\233\004\365M\304\372j\036\216\253J\303"
 4276      6B7D249D 
 4276      9B04F54D 
 4276      C4FA6A1E 
ARM GAS  /tmp/ccVr2doo.s 			page 349


 4276      8EAB4AC3 
 4277 5ec7 0A48FBE6 		.ascii	"\012H\373\346_\231\375<\205?\215\022\322<d\326\023\203"
 4277      5F99FD3C 
 4277      853F8D12 
 4277      D23C64D6 
 4277      1383
 4278 5ed9 177270C9 		.ascii	"\027rp\311\244\206\373G\323\371KXy\355\230\252;N\346"
 4278      A486FB47 
 4278      D3F94B58 
 4278      79ED98AA 
 4278      3B4EE6
 4279 5eec 90A5D2A1 		.ascii	"\220\245\322\241\365\326\212\246\223\212f@E_8\315S\262"
 4279      F5D68AA6 
 4279      938A6640 
 4279      455F38CD 
 4279      53B2
 4280 5efe 789A48B8 		.ascii	"x\232H\270#W\2408cC\315\001\216o\305\332.-\332[\202"
 4280      2357A038 
 4280      6343CD01 
 4280      8E6FC5DA 
 4280      2E2DDA5B 
 4281 5f13 957582D8 		.ascii	"\225u\202\330\202{GF\245\363\267\261\262\013\317/\317"
 4281      827B4746 
 4281      A5F3B7B1 
 4281      B20BCF2F 
 4281      CF
 4282 5f24 B6479DE8 		.ascii	"\266G\235\350\264\212=\224k6\251\356K\250n\216\023O"
 4282      B48A3D94 
 4282      6B36A9EE 
 4282      4BA86E8E 
 4282      134F
 4283 5f36 749AEDB4 		.ascii	"t\232\355\264\234\350\364\352\2474>\215O\2311\367\300"
 4283      9CE8F4EA 
 4283      A7343E8D 
 4283      4F9931F7 
 4283      C0
 4284 5f47 082EFA8B 		.ascii	"\010.\372\213\351\361\256\306\371\025cK\207\275MP\334"
 4284      E9F1AEC6 
 4284      F915634B 
 4284      87BD4D50 
 4284      DC
 4285 5f58 2C10DE45 		.ascii	",\020\336E\316\016\334Lg\304|\244\357X,p\376\302j(o"
 4285      CE0EDC4C 
 4285      67C47CA4 
 4285      EF582C70 
 4285      FEC26A28 
 4286 5f6d FF313D0B 		.ascii	"\3771=\013\012F\220\2530\212\214r\262\207)\221\022\324"
 4286      0A4690AB 
 4286      308A8C72 
 4286      B2872991 
 4286      12D4
 4287 5f7f 3D88252E 		.ascii	"=\210%.\274;\275\264~n\022\361\302V\031%z\264-\020y"
 4287      BC3BBDB4 
 4287      7E6E12F1 
 4287      C2561925 
 4287      7AB42D10 
 4288 5f94 EDA77956 		.ascii	"\355\247yVB\0259\330\351\227\3206"
ARM GAS  /tmp/ccVr2doo.s 			page 350


 4288      421539D8 
 4288      E997D036 
 4289 5fa0 028E7BAA 		.ascii	"\002\216{\252\301\255\231\231C\350\301N\320\261\334"
 4289      C1AD9999 
 4289      43E8C14E 
 4289      D0B1DC
 4290 5faf 3483F4D4 		.ascii	"4\203\364\324\030\314\364hc\273\207I\222\"\304\354\235"
 4290      18CCF468 
 4290      63BB8749 
 4290      9222C4EC 
 4290      9D
 4291 5fc0 0FB08510 		.ascii	"\017\260\205\020\026C\250\2060\017\302\\\247\305x\177"
 4291      1643A886 
 4291      300FC25C 
 4291      A7C5787F 
 4292 5fd0 FA2E6D37 		.ascii	"\372.m7H\0227\301\250j|\214\252\3069\303\354\335{7|"
 4292      481237C1 
 4292      A86A7C8C 
 4292      AAC639C3 
 4292      ECDD7B37 
 4293 5fe5 6AD614A3 		.ascii	"j\326\024\243D\367\266\005&;\321>\257\253\030\337\222"
 4293      44F7B605 
 4293      263BD13E 
 4293      AFAB18DF 
 4293      92
 4294 5ff6 1CE7280B 		.ascii	"\034\347(\013\362\003\202o\300("
 4294      F203826F 
 4294      C028
 4295 6000 57E3EC00 		.ascii	"W\343\354\000\224Jo\214\377\226\321\264O\030\245\274"
 4295      944A6F8C 
 4295      FF96D1B4 
 4295      4F18A5BC 
 4296 6010 0467F612 		.ascii	"\004g\366\022:\263W\226\336\032\312\3305G\031}\264\024"
 4296      3AB35796 
 4296      DE1ACAD8 
 4296      3547197D 
 4296      B414
 4297 6022 B14B29F6 		.ascii	"\261K)\366UC\353W\314\332\004\325Y_BB\3542\212=\274"
 4297      5543EB57 
 4297      CCDA04D5 
 4297      595F4242 
 4297      EC328A3D 
 4298 6037 69FE1686 		.ascii	"i\376\026\206\356-\206\207\345\210]N\261\233\217\355"
 4298      EE2D8687 
 4298      E5885D4E 
 4298      B19B8FED 
 4299 6047 9BE7C44F 		.ascii	"\233\347\304O\266\317\321\347\002_\325NN1\336\265'\237"
 4299      B6CFD1E7 
 4299      025FD54E 
 4299      4E31DEB5 
 4299      279F
 4300 6059 6CCF2B3B 		.ascii	"l\317+;\266\317\301?\303\371rs\302\370\206T\276\364"
 4300      B6CFC13F 
 4300      C3F97273 
 4300      C2F88654 
 4300      BEF4
 4301 606b 03DC6DBE 		.ascii	"\003\334m\276:]\305<\037\006\315\035\251\244 rlM\331"
ARM GAS  /tmp/ccVr2doo.s 			page 351


 4301      3A5DC53C 
 4301      1F06CD1D 
 4301      A9A42072 
 4301      6C4DD9
 4302 607e 8207DB6C 		.ascii	"\202\007\333l|9\226\272\327:\365\233\024~\024\215$\256"
 4302      7C3996BA 
 4302      D73AF59B 
 4302      147E148D 
 4302      24AE
 4303 6090 78B26A8D 		.ascii	"x\262j\215\3435\237\224}\005#\267\016\332\271-\351\237"
 4303      E3359F94 
 4303      7D0523B7 
 4303      0EDAB92D 
 4303      E99F
 4304 60a2 B8F5D0D5 		.ascii	"\270\365\320\325\033!lpZ\334\260\217\367&\177_3\036"
 4304      1B216C70 
 4304      5ADCB08F 
 4304      F7267F5F 
 4304      331E
 4305 60b4 DFAE5EE3 		.ascii	"\337\256^\343L\347\326\032\005\342\356\355NW\363\245"
 4305      4CE7D61A 
 4305      05E2EEED 
 4305      4E57F3A5 
 4306 60c4 0BBAD27D 		.ascii	"\013\272\322}\340\2526\330h\367\341\363\205\024L\010"
 4306      E0AA36D8 
 4306      68F7E1F3 
 4306      85144C08 
 4307 60d4 AF8E4DD8 		.ascii	"\257\216M\330\334\337=n\254\330\237d}\335\224`W\202"
 4307      DCDF3D6E 
 4307      ACD89F64 
 4307      7DDD9460 
 4307      5782
 4308 60e6 84AE7052 		.ascii	"\204\256pR/\017Y\000&\321\327M\311=Q\352{\216\255c\206"
 4308      2F0F5900 
 4308      26D1D74D 
 4308      C93D51EA 
 4308      7B8EAD63 
 4309 60fb 680263EE 		.ascii	"h\002c\356l\306!\332L\207h\311\322-;\030sr\232\315\272"
 4309      6CC621DA 
 4309      4C8768C9 
 4309      D22D3B18 
 4309      73729ACD 
 4310 6110 586C41EC 		.ascii	"XlA\354\026\212}P]\263\220Y\342\2462tk\021[K\261\273"
 4310      168A7D50 
 4310      5DB39059 
 4310      E2A63274 
 4310      6B115B4B 
 4311 6126 479E19C2 		.ascii	"G\236\031\302\230F\313\030\272_#\366k\212];|\331\014"
 4311      9846CB18 
 4311      BA5F23F6 
 4311      6B8A5D3B 
 4311      7CD90C
 4312 6139 86EE6206 		.ascii	"\206\356b\006[\207\330:\212\3355\342\354cFTg0\330\255"
 4312      5B87D83A 
 4312      8ADD35E2 
 4312      EC634654 
 4312      6730D8AD 
ARM GAS  /tmp/ccVr2doo.s 			page 352


 4313 614d 88DD4AB1 		.ascii	"\210\335J\261+&Wn`\266\224s\031l=b\353)\366\326\234"
 4313      2B26576E 
 4313      60B69473 
 4313      196C3D62 
 4313      EB29F6D6 
 4314 6162 2BBFB242 		.ascii	"+\277\262B\0272\320m\010\335F\241\255\315\345\253\231"
 4314      1732D06D 
 4314      08DD46A1 
 4314      ADCDE5AB 
 4314      99
 4315 6173 5DD62C06 		.ascii	"]\326,\006\273\035\261\333)v\316\335\232\211\314Pla"
 4315      BB1DB1DB 
 4315      2976CEDD 
 4315      9A89CC50 
 4315      6C61
 4316 6185 BAAC01B1 		.ascii	"\272\254\001\261\015\024{\267\372x\035;l\014\335\035"
 4316      0D147BB7 
 4316      FA781D3B 
 4316      6C0CDD1D 
 4317 6195 88DDE1C4 		.ascii	"\210\335\341\304]-\373Z\304d\006\372\015B\277\241\320"
 4317      5D2DFB5A 
 4317      C46406FA 
 4317      0D42BFA1 
 4317      D0
 4318 61a6 A79BAB9E 		.ascii	"\247\233\253\2363\206r\015\363&\302N\304\356\244\330"
 4318      3386720D 
 4318      F326C24E 
 4318      C4EEA4D8 
 4319 61b6 03A75F9C 		.ascii	"\003\247_\234f\2326\216\241\273\013\261\273\220\205"
 4319      669A368E 
 4319      A1BB0BB1 
 4319      BB9085
 4320 61c5 614BCA92 		.ascii	"aK\312\222\371\2618\363\246\225U\224;\"\276\316\225"
 4320      F9B138F3 
 4320      A6955594 
 4320      3B22BECE 
 4320      95
 4321 61d6 63195FE7 		.ascii	"c\031_\347n\213\371\264;\332|\332C\315\247U\337\035"
 4321      6E8BF9B4 
 4321      3BDA7CDA 
 4321      43CDA755 
 4321      DF1D
 4322 61e8 789CC84F 		.ascii	"x\234\310OCj#\032\267\2162\237\362>;\323uo\330\026#"
 4322      436A231A 
 4322      B78E329F 
 4322      F23E3BD3 
 4322      756FD816 
 4323 61fd 76FB5E0B 		.ascii	"v\373^\013\261\275\321\304\366Qb\325\353\027}\316l\305"
 4323      B1BDD1C4 
 4323      F65162D5 
 4323      EB177DCE 
 4323      6CC5
 4324 620f 994EDF8F 		.ascii	"\231N\337\217\255\330O[\261\272v\373\002\236\257\376"
 4324      ADD84F5B 
 4324      B1BA76FB 
 4324      029EAFFE 
 4325 621f 20EE83F2 		.ascii	" \356\203\362\027\303o\215\213\270\357\016:ib\305\324"
ARM GAS  /tmp/ccVr2doo.s 			page 353


 4325      17C36F8D 
 4325      8BB8EF0E 
 4325      3A6962C5 
 4325      D4
 4326 6230 EA83A961 		.ascii	"\352\203\251a\367\342!L\334X3\372\276\335t\212\035\306"
 4326      F7E2214C 
 4326      DC5833FA 
 4326      BEDD748A 
 4326      1DC6
 4327 6242 B467155B 		.ascii	"\264g\025[+_\343\227;BL\320oM\023t\355\260\246]\314"
 4327      2B5FE397 
 4327      3B424CD0 
 4327      6F4D1374 
 4327      EDB0A65D 
 4328 6257 5C846CEB 		.ascii	"\\\204l\353{>N\303/\267mYY]\012\277\374My>\206\254\214"
 4328      7B3E4EC3 
 4328      2FB76D59 
 4328      595D0ABF 
 4328      FC4D793E 
 4329 626e BDBD646F 		.ascii	"\275\275dob\330\227x\034\023\017/\036\263:\321\344\371"
 4329      62D89778 
 4329      1C130F2F 
 4329      1EB33AD1 
 4329      E4F9
 4330 6280 04A61D1D 		.ascii	"\004\246\035\035z\371\002\037\237\347F\302\363I\223"
 4330      7AF9021F 
 4330      9FE746C2 
 4330      F34993
 4331 628f E7F595DB 		.ascii	"\347\365\225\333^0\022\323\310\360\334d\362<\243\364"
 4331      5E3012D3 
 4331      C8F0DC64 
 4331      F23CA3F4 
 4332 629f E27E17FF 		.ascii	"\342~\027\377U|\236\327\226\256>l399\215\234l\332rt"
 4332      557C9ED7 
 4332      96AE3E6C 
 4332      3339398D 
 4332      9C6CDA72 
 4333 62b4 AE33BE4F 		.ascii	"\2563\276O\261\231pr\306\344d\\\343\366JfN43\234\234"
 4333      B1997072 
 4333      C6E4645C 
 4333      E3F64A66 
 4333      4E34339C 
 4334 62c9 35399939 		.ascii	"59\2319}Lm\"\277)>'S\2066\215t\205=\333\347\221\225"
 4334      7D4C6D22 
 4334      BF293E27 
 4334      5386368D 
 4334      74853DDB 
 4335 62e0 3963CB0E 		.ascii	"9c\313\016\245\232\354]\300\264y\337m\236\226\032\237"
 4335      A59AEC5D 
 4335      C0B479DF 
 4335      6D9E961A 
 4335      9F
 4336 62f1 BD4B84BD 		.ascii	"\275K\204\275\213&{\233\316\334\273\303L\303K\014{\227"
 4336      8B267B9B 
 4336      CEDCBBC3 
 4336      4CC34B0C 
 4336      7B97
ARM GAS  /tmp/ccVr2doo.s 			page 354


 4337 6303 4DF65E8E 		.ascii	"M\366^\216}\302\361u\310\335\255\273c\027\031\306l}"
 4337      7DC2F175 
 4337      C8DDADBB 
 4337      631719C6 
 4337      6C7D
 4338 6315 02C4EB97 		.ascii	"\002\304\353\227\256\\\342\342\017|\020\317\007{\276"
 4338      AE5CE2E2 
 4338      0F7C10CF 
 4338      077BBE
 4339 6324 FA7288A6 		.ascii	"\372r\210\246\374%\215\273\206<^\030\275\370Z\230\357"
 4339      FC258DBB 
 4339      863C5E18 
 4339      BDF85A98 
 4339      EF
 4340 6335 564C1B7A 		.ascii	"VL\033zp\362\211\327\270jo\020\276\257\233|o\331sp\021"
 4340      70F289D7 
 4340      B86A6F10 
 4340      BEAF9B7C 
 4340      6FD97370 
 4341 634a 23943718 		.ascii	"#\2247\030\276o\032|\333\247\237\337\370\324\021\376"
 4341      BE6F1A7C 
 4341      DBA79FDF 
 4341      F8D411FE 
 4342 635a 1027ECAF 		.ascii	"\020'\354\257=\324\364\343\262\326\351\370\315\210\351"
 4342      3DD4F4E3 
 4342      B2D6E9F8 
 4342      CD88E9
 4343 6369 B0BD1763 		.ascii	"\260\275\027ca\214v\330\202\260s\007\234\321\330\350"
 4343      618C76D8 
 4343      82B07307 
 4343      9CD1D8E8 
 4344 6379 0F7619DF 		.ascii	"\017v\031\337n,\262QP\340\226k\211C\325\362\240\327"
 4344      6E2CB251 
 4344      50E0966B 
 4344      8943D5F2 
 4344      A0D7
 4345 638b 3015AEC2 		.ascii	"0\025\256\302\032K\036\235qW\214\"\364\323A0\023\236"
 4345      1A4B1E9D 
 4345      71578C22 
 4345      F4D34130 
 4345      139E
 4346 639d 40B803E1 		.ascii	"@\270\003\341\026\204G\020\036Bx\014\341>\204\333\020"
 4346      16844710 
 4346      1E42780C 
 4346      E13E84DB 
 4346      10
 4347 63ae EE3AA37D 		.ascii	"\356:\243}\3030\017\270\357\332T\334\346\323f\306\217"
 4347      C3300FB8 
 4347      EFDA54DC 
 4347      E6D366C6 
 4347      8F
 4348 63bf 7CEF75B6 		.ascii	"|\357u\266\006E\202\320p\347\332Pm\363m0\343s\216\205"
 4348      064582D0 
 4348      70E7DA50 
 4348      6DF36D30 
 4348      E3738E85 
 4349 63d3 8D220B53 		.ascii	"\215\"\013S\205;\025\207\3318\356\351\030\274\232\346"
ARM GAS  /tmp/ccVr2doo.s 			page 355


 4349      853B1587 
 4349      D938EEE9 
 4349      18BC9AE6 
 4350 63e3 CBE26F2E 		.ascii	"\313\342o.>s\261\356\351\377k\307\222\351to\334i\366"
 4350      3E73B1EE 
 4350      E9FF6BC7 
 4350      92E9746F 
 4350      DC69F6
 4351 63f6 053E8683 		.ascii	"\005>\206\203\247\250\343\237R\035\177i\344\211\211"
 4351      A7A8E39F 
 4351      521D7F69 
 4351      E48989
 4352 6405 8C7DB182 		.ascii	"\214}\261\202Y\325\236!\366\031\305\276\254\275\270"
 4352      59D59E21 
 4352      F619C5BE 
 4352      ACBDB8
 4353 6414 D5DEE6C3 		.ascii	"\325\336\346\303^\302\347s's\230\314\325\233\023\332"
 4353      5EC2E773 
 4353      277398CC 
 4353      D59B13DA 
 4354 6424 9E7CD516 		.ascii	"\236|\325\026w\255\352\372\012\206\317\027\014\237/"
 4354      77ADEAFA 
 4354      0A86CF17 
 4354      0C9F2F
 4355 6433 8DE993F0 		.ascii	"\215\351\223\360b\356\321\015|\274\363!\332q\257\214"
 4355      62EED10D 
 4355      7CBCF321 
 4355      DA71AF8C 
 4356 6443 4E2A7559 		.ascii	"N*uY$\353JU\006~E\001T\350\241T\257bK\014\331\007\277"
 4356      24EB4A55 
 4356      067E4501 
 4356      54E8A154 
 4356      AF624B0C 
 4357 645a DAFD8CE3 		.ascii	"\332\375\214\343\207\375+\325\034\267\317\357k\266\307"
 4357      87FD2BD5 
 4357      1CB7CFEF 
 4357      6BB6C7
 4358 6469 F9DCB6CC 		.ascii	"\371\334\266\314\305GWF\326\216\245\265\273\031Kj\210"
 4358      C5475746 
 4358      D68EA5B5 
 4358      BB194B6A 
 4358      88
 4359 647a CB5AD350 		.ascii	"\313Z\323P\027\355A\270\220=\375\202+\2217\222\313\343"
 4359      17ED41B8 
 4359      903DFD82 
 4359      2B913792 
 4359      CBE3
 4360 648c 280CAE9C 		.ascii	"(\014\256\234b\353\307\356\177\3028\007\311/ [\234&"
 4360      62EBC7EE 
 4360      7FC23807 
 4360      C92F205B 
 4360      9C26
 4361 649e 487718C5 		.ascii	"Hw\030\305\256\3367\276\222q\212]`64\303\021;\234b\217"
 4361      AEDE37BE 
 4361      92718A5D 
 4361      603634C3 
 4361      113B9C62 
ARM GAS  /tmp/ccVr2doo.s 			page 356


 4362 64b3 8E7F349E 		.ascii	"\216\1774\236\261>\3571\2077\215@\354\010\212m\331s"
 4362      B13EEF31 
 4362      87378D40 
 4362      EC088A6D 
 4362      D973
 4363 64c5 7C3DEB34 		.ascii	"|=\3534gx\030\211\330\221\024\373\270\371\213u\2142"
 4363      67781889 
 4363      D89114FB 
 4363      B8F98B75 
 4363      8C32
 4364 64d7 9CC078DB 		.ascii	"\234\300x\333F!v\024\305\0169\372`\012C\367\025\263"
 4364      46217614 
 4364      C50E39FA 
 4364      600A43F7 
 4364      15B3
 4365 64e9 51AA406C 		.ascii	"Q\252@l\005\305>\033R\177\221\361\266\315ax\030\215"
 4365      05C53E1B 
 4365      527F91F1 
 4365      B6CD6178 
 4365      188D
 4366 64fb D8D114BB 		.ascii	"\330\321\024\273\357\302\232\323\314XLg\260c\020;\306"
 4366      EFC29AD3 
 4366      CC584C67 
 4366      B063103B 
 4366      C6
 4367 650c 15F3B38E 		.ascii	"\025\363\263\216\345\014v,b\307R\354\274\312\273\015"
 4367      E50C762C 
 4367      62C752EC 
 4367      BCCABB0D 
 4368 651c 0C0FEB98 		.ascii	"\014\017\353\230Y2\016\261\343(vT\315\311\231\234\371"
 4368      59320EB1 
 4368      E3287654 
 4368      CDC9999C 
 4368      F9
 4369 652d 33C4E57F 		.ascii	"3\304\345\177\353g\210\271\361.\362n\347\222\255\325"
 4369      EB6788B9 
 4369      F12EF26E 
 4369      E792ADD5 
 4370 653d CB192F6C 		.ascii	"\313\031/l\015\303\314\004\254`\002\255`\307\363\326"
 4370      0DC3CC04 
 4370      AC6002AD 
 4370      60C7F3D6 
 4371 654d 53CC60AF 		.ascii	"S\314`\257f\230\231\210\330\2118(#\32653\203\275\232"
 4371      66989988 
 4371      D8893828 
 4371      23D63533 
 4371      83BD9A
 4372 6560 A13B09B1 		.ascii	"\241;\011\261\223\\1\277\237)gL\303J\304VR\354\251\347"
 4372      935C31BF 
 4372      9F29674C 
 4372      C34AC456 
 4372      52ECA9E7 
 4373 6574 551318E1 		.ascii	"U\023\030\341\334\310\3600\031\261\223)\366\233'\317"
 4373      DCC8F030 
 4373      19B19329 
 4373      F69B27CF 
 4374 6584 E630835D 		.ascii	"\3460\203]\301\320\235\202\330)\024\373\264n\353$f\013"
ARM GAS  /tmp/ccVr2doo.s 			page 357


 4374      C1D09D82 
 4374      D82914FB 
 4374      B46EEB24 
 4374      660B
 4375 6596 B385A13B 		.ascii	"\263\205\241;\025\261\344\302\027\371\365N]\272d\301"
 4375      15B1E4C2 
 4375      17F9F54E 
 4375      5DBA64C1 
 4376 65a6 7F8FA24A 		.ascii	"\177\217\242JY\232\352\311\022\025M\320J4]\362w\361"
 4376      599AEAC9 
 4376      12154DD0 
 4376      4A345DF2 
 4376      77F1
 4377 65b8 A4FCFE0F 		.ascii	"\244\374\376\017\237\377,\373\375\367\3339\372*\332"
 4377      9FFF2CFB 
 4377      FDF7DB39 
 4377      FA2ADA
 4378 65c7 A7B9BA2A 		.ascii	"\247\271\272*\211\376?\366\317\263\023\214\242\321h"
 4378      89FE3FF6 
 4378      CFB3138C 
 4378      A2D168
 4379 65d6 B2A7500C 		.ascii	"\262\247P\014\004$\237\203\244\311\212\021K\007|\316"
 4379      04249F83 
 4379      A4C98A11 
 4379      4B077CCE 
 4380 65e6 A7D918F9 		.ascii	"\247\331\030\371\211\245\0069\2005\310F\361.\205\355"
 4380      89A50639 
 4380      8035C846 
 4380      F12E85ED 
 4381 65f6 D222B47F 		.ascii	"\322\"\264\177\364\241\250I\271\322\240\220\024\320"
 4381      F4A1A849 
 4381      B9D2A090 
 4381      14D0
 4382 6604 65D117AE 		.ascii	"e\321\027\256\260;R\030(\251@.+\273Pv\313\237\346f)"
 4382      B03B5218 
 4382      28A9402E 
 4382      2BBB5076 
 4382      CB9FE666 
 4383 6619 5A56A1E8 		.ascii	"ZV\241\350#$}!\257D\356\005$\252\001\325\216\261H%\002"
 4383      23247D21 
 4383      AF44EE05 
 4383      24AA01D5 
 4383      8EB14825 
 4384 662e 7B6A82A2 		.ascii	"{j\202\242\245KE\220,hJH\365H\211\001i\260\356\304\024"
 4384      A54B4590 
 4384      2C684A48 
 4384      F5488901 
 4384      69B0EEC4 
 4385 6643 9F0C0D0F 		.ascii	"\237\014\015\017Hj\006\033\025\364.\3618P\3650\003\236"
 4385      486A061B 
 4385      15F42EF1 
 4385      3850F530 
 4385      039E
 4386 6655 425A8AD4 		.ascii	"BZ\212\324\356\264V \350\211\005AYy7F7\030\035]\330"
 4386      EEB45620 
 4386      E8890541 
 4386      59793746 
ARM GAS  /tmp/ccVr2doo.s 			page 358


 4386      37181D5D 
 4387 666a CE267CA8 		.ascii	"\316&|\250(>>(\252\211\371\241\200'\303S(\024\311\252"
 4387      283E3E28 
 4387      AA89F9A1 
 4387      8027C353 
 4387      2814C9AA 
 4388 667e 1E8236E9 		.ascii	"\036\2026\351\262_R]LL\320S\212t\202\023t\233\2270\231"
 4388      B25F525D 
 4388      4C4CD053 
 4388      8A748213 
 4388      749B9730 
 4389 6693 1854A522 		.ascii	"\030T\245\"\007\024\362J>]\244|\273\230\030\001\222"
 4389      0714F24A 
 4389      3E5DA47C 
 4389      BB981801 
 4389      92
 4390 66a4 88036A94 		.ascii	"\210\003j\224\003\272\244\026\021Z\235\337\250U\244"
 4390      03BAA416 
 4390      115A9DDF 
 4390      A855A4
 4391 66b3 3C695492 		.ascii	"<iT\222*\371\024\321\233\365F\205\024\367_%\017-\206"
 4391      2AF914D1 
 4391      9BF54685 
 4391      14F75F25 
 4391      0F2D86
 4392 66c6 9D9DEF13 		.ascii	"\235\235\357\023\0134AO\247\255.\014\351^\2458\340\264"
 4392      0B34414F 
 4392      A7AD2E0C 
 4392      E95EA538 
 4392      E0B4
 4393 66d8 46043D39 		.ascii	"F\004=9\004\234\365\021\364$M\376o\350\264\364P@\223"
 4393      049CF511 
 4393      F4244DFE 
 4393      6FE8B4F4 
 4393      504093
 4394 66eb 0B0292F7 		.ascii	"\013\002\222\367g\220\234\344\016\345\347K*\260\340"
 4394      67909CE4 
 4394      0EE5E74B 
 4394      2AB0E0
 4395 66fa 5774C92E 		.ascii	"Wt\311.\025\351\237\030cc\243\224\223\260\353\355\364"
 4395      15E99F18 
 4395      6363A394 
 4395      93B0EBED 
 4395      F4
 4396 670b E217B581 		.ascii	"\342\027\265\201\320E\346\350\245BO\350\2050\376\336"
 4396      D045E6E8 
 4396      A5424FE8 
 4396      8530FEDE 
 4397 671b 14BC4015 		.ascii	"\024\274@\025\305\264T*\320\311\245cd\243\375\232\342"
 4397      C5B4542A 
 4397      D0C9A563 
 4397      64A3FD9A 
 4397      E2
 4398 672c 117D3EB7 		.ascii	"\021}>\267\350\031\230b\366Q&a\321\247\004\012\"\235"
 4398      E8199862 
 4398      F6512661 
 4398      D1A7040A 
ARM GAS  /tmp/ccVr2doo.s 			page 359


 4398      229D
 4399 673e 66D755B9 		.ascii	"f\327U\271\240@RI\011*\365\344F\323E\1770\221\334\245"
 4399      A0405249 
 4399      092AF5E4 
 4399      46D3457F 
 4399      3091DCA5 
 4400 6752 9056F4EA 		.ascii	"\220V\364\352)\350\357\304\030o\002\200.q1\305\004="
 4400      29E8EFC4 
 4400      186F0280 
 4400      2E7131C5 
 4400      043D
 4401 6764 A1484F35 		.ascii	"\241HO5\223\324d\217\033\304@\364w\212S^\005\002\366"
 4401      93D4648F 
 4401      1BC440F4 
 4401      778A535E 
 4401      0502F6
 4402 6777 70040ACB 		.ascii	"p\004\012\313\336\016\330\221\222\317\207\375#C\023"
 4402      DE0ED891 
 4402      92CF87FD 
 4402      234313
 4403 6786 6315A710 		.ascii	"c\025\247\0202\2228O\332\303\314\313%I\341\211FF\204"
 4403      3292384F 
 4403      DAC3CCCB 
 4403      2549E189 
 4403      464684
 4404 6799 82109011 		.ascii	"\202\020\220\021.d\314k\227Y\302\230\332N\226B\232\242"
 4404      2E64CC6B 
 4404      9759C298 
 4404      DA4E9642 
 4404      9AA2
 4405 67ab 99C39284 		.ascii	"\231\303\222\204\262\237\344Q\002\371rA\373\010!\032"
 4405      B29FE451 
 4405      02F97241 
 4405      FB08211A 
 4406 67bb 077184A6 		.ascii	"\007q\204\246\353\2223\234N\243\031l\024\306)\250*\376"
 4406      EB92339C 
 4406      4EA3196C 
 4406      14C629A8 
 4406      2AFE
 4407 67cd A09E18   		.ascii	"\240\236\030"
 4408 67d0 10FD52AA 		.ascii	"\020\375R\2521x\305b\232\246\017\024} \033\002v\033"
 4408      3178C562 
 4408      9AA60F14 
 4408      7D201B02 
 4408      761B
 4409 67e2 2D91AA04 		.ascii	"-\221\252\004%U\324e%\220&\015\226<\204@H\003y\321a"
 4409      2555D465 
 4409      2590260D 
 4409      963C8440 
 4409      480379D1 
 4410 67f7 D0923D8A 		.ascii	"\320\222=\212\337/\006\274\226\366`Bft\002PT\211\322"
 4410      DF2F06BC 
 4410      96F66042 
 4410      66740250 
 4410      5489D2
 4411 680a 804678D3 		.ascii	"\200Fx\323|\"P\361\020\222\2560\016\343\355\243\342"
 4411      7C2250F1 
ARM GAS  /tmp/ccVr2doo.s 			page 360


 4411      1092AE30 
 4411      0EE3EDA3 
 4411      E2
 4412 681b 20BC85D0 		.ascii	" \274\205\320pE-I\222\2742\224M\321$\037\310\277\344"
 4412      70452D49 
 4412      92BC3294 
 4412      4DD1241F 
 4412      C8BFE4
 4413 682e 4DF68454 		.ascii	"M\366\204T\025d\322&\007\202!=IT\013@\222\2234i\220"
 4413      1564D226 
 4413      0782213D 
 4413      49540B40 
 4413      92933469 
 4414 6843 4F0A900B 		.ascii	"O\012\220\013\304R\001\242)jP\321\222 \261@/\264\207"
 4414      C45201A2 
 4414      296A50D1 
 4414      9220B140 
 4414      2FB487
 4415 6856 A98314EB 		.ascii	"\251\203\024\353~A\326\274\232\236\0147%^\261\204\\"
 4415      7E41D6BC 
 4415      9A9E0C37 
 4415      255EB184 
 4415      5C
 4416 6867 8B8D6B89 		.ascii	"\213\215k\211$\252Ip\365+\001\022\365\033\311\205\320"
 4416      24AA4970 
 4416      F52B0112 
 4416      F51BC985 
 4416      D0
 4417 6878 F534590E 		.ascii	"\3654Y\016\220\213&y\022t\377\177d\025*~)+(\353Y\005"
 4417      908B2679 
 4417      1274FF7F 
 4417      64152A7E 
 4417      292B28EB 
 4418 688e 1E4F6751 		.ascii	"\036OgQ\365w\226\374n\311\353\225\274\341\204\200\022"
 4418      F57796FC 
 4418      6EC9EB95 
 4418      BCE18480 
 4418      12
 4419 689f 903A4BA2 		.ascii	"\220:K\242[\356\374~\347\356]\273w\355<\250{\347P\320"
 4419      5BEEFC7E 
 4419      E7EE5DBB 
 4419      77ED3CA8 
 4419      7BE750D0 
 4420 68b3 0B4391C5 		.ascii	"\013C\221\305d\207\347\271!\317T\346{t\007E\247iZ\320"
 4420      6487E7B9 
 4420      21CF54E6 
 4420      7B740745 
 4420      A7695AD0 
 4421 68c7 EE57BC21 		.ascii	"\356W\274!h\275\022\012\350\330\301\220\210iD0S\360"
 4421      68BD120A 
 4421      E8D8C190 
 4421      88694430 
 4421      53F0
 4422 68d9 36C74B44 		.ascii	"6\307KD\240@r\231\010\032\023\3644\255$\340A\341\211"
 4422      A0407299 
 4422      081A13F4 
 4422      34AD24E0 
ARM GAS  /tmp/ccVr2doo.s 			page 361


 4422      41E189
 4423 68ec 35830892 		.ascii	"5\203\010\222(X\363\036\230\023\2114\221\336J1W\225"
 4423      2858F31E 
 4423      98138934 
 4423      91DE4A31 
 4423      5795
 4424 68fe B4886E4D 		.ascii	"\264\210nM\350\331.\035x/\352-u\366\377&?\330.\015\250"
 4424      E8D92E1D 
 4424      782FEA2D 
 4424      75F6FF26 
 4424      3FD82E0D 
 4425 6913 E9D2E0CE 		.ascii	"\351\322\340\316\376\236\355~ \000,\267D\373<H\232\221"
 4425      FE9EED7E 
 4425      20002CB7 
 4425      44FB3C48 
 4425      9A91
 4426 6925 6D4CFD77 		.ascii	"mL\375w_\263\036\266\263y$\331\227o\003!\006\235\353"
 4426      5FB31EB6 
 4426      B37924D9 
 4426      976F0321 
 4426      069DEB
 4427 6938 93C4FCE4 		.ascii	"\223\304\374\344\200\002b\251\024\377Cz\327/\352\205"
 4427      800262A9 
 4427      14FF437A 
 4427      D72FEA85 
 4428 6948 64B27B0A 		.ascii	"d\262{\012\011\227\001\237\342\031\370\2337R\276\300"
 4428      0997019F 
 4428      E219F89B 
 4428      3752BEC0 
 4429 6958 2F94FBB9 		.ascii	"/\224\373\271\321>:A=~\357\277\323B:\310\266\331\326"
 4429      D13E3A41 
 4429      3D7EEFBF 
 4429      D3423AC8 
 4429      B6D9D6
 4430 696b 9F462172 		.ascii	"\237F!r\015]l\346\247x\012\377\230\227+\3519\277~\243"
 4430      0D5D6CE6 
 4430      A7780AFF 
 4430      98972BE9 
 4430      39BF7EA3 
 4431 697f 6A8B74A8 		.ascii	"j\213t\250\265\203A\363\367\260\344\231t\3366\253A\362"
 4431      B58341F3 
 4431      F7B0E499 
 4431      74DE36AB 
 4431      41F2
 4432 6991 390159EF 		.ascii	"9\001Y\357\002:N\357\3225\263m\316\317\331\244<\005"
 4432      023A4EEF 
 4432      D235B36D 
 4432      CECFD9A4 
 4432      3C05
 4433 69a3 56469D2C 		.ascii	"VF\235,<\240\371\260\320;\361\021f\213>SA\"s\351\260"
 4433      3CA0F9B0 
 4433      D03BF111 
 4433      668B3E53 
 4433      412273E9 
 4434 69b8 E504F295 		.ascii	"\345\004\362\225\\\211\250T\230\237\357\304\316\377"
 4434      5C89A854 
 4434      989FEFC4 
ARM GAS  /tmp/ccVr2doo.s 			page 362


 4434      CEFF
 4435 69c6 440E48FF 		.ascii	"D\016H\377\034\325\031\375%\2777\344\017\232m\020>\324"
 4435      1CD519FD 
 4435      25BF37E4 
 4435      0F9A6D10 
 4435      3ED4
 4436 69d8 9581F287 		.ascii	"\225\201\362\207I*\210\2657\377\227\177\003\034$\364"
 4436      492A88B5 
 4436      37FF977F 
 4436      031C24F4 
 4437 69e8 FB41CA4F 		.ascii	"\373A\312O^\017L\303\\\322n\263+th#\212dn\206\321\225"
 4437      5E0F4CC3 
 4437      5CD26EB3 
 4437      2B746823 
 4437      8A646E86 
 4438 69fe 9291F0E7 		.ascii	"\222\221\360\347\366\341\204~ 6y\220\364\303\330\015"
 4438      F6E1847E 
 4438      20367990 
 4438      F4C3D80D 
 4439 6a0e EA14552D 		.ascii	"\352\024U-I3\353\264[*2\010\346F\010\3768\252d6U\330"
 4439      4933EBB4 
 4439      5B2A3208 
 4439      E64608FE 
 4439      38AA6436 
 4440 6a24 51FCE6EA 		.ascii	"Q\374\346\352J0\035o\373I20\377V\230\261\\\335k\035"
 4440      4A301D6F 
 4440      FB493230 
 4440      FF5698B1 
 4440      5CDD6B1D 
 4441 6a38 7A4750F4 		.ascii	"zGP\364\231\253*(W*\312\037\213\27674=@\277\371J@\250"
 4441      99AB2A28 
 4441      572ACA1F 
 4441      8BBE3734 
 4441      3D40BFF9 
 4442 6a4f 3204C11D 		.ascii	"2\004\301\035\222}\272\034\020\244\301AP\254\231\202"
 4442      927DBA1C 
 4442      10A4C141 
 4442      50AC9982 
 4443 6a5f E0751708 		.ascii	"\340u\027\010\200\000\262!:5\336\214\242Wr\207\012\210"
 4443      8000B221 
 4443      3A35DE8C 
 4443      A2577287 
 4443      0A88
 4444 6a71 98927920 		.ascii	"\230\222y \220\225\"\004\013\015\252\015;I\323B2Yy\342"
 4444      90952204 
 4444      0B0DAA0D 
 4444      3B49D342 
 4444      325979E2 
 4445 6a85 5A390463 		.ascii	"Z9\004c\241'\2208Q\201\236B:\346\371=^g\253\372dw\226"
 4445      A1279038 
 4445      51819E42 
 4445      3AE6F93D 
 4445      5E67ABFA 
 4446 6a9c 61A36699 		.ascii	"a\243f\231\005\2106\363\024\346\025z\363$\02546Q\007"
 4446      058836F3 
 4446      14E6157A 
 4446      F3241534 
ARM GAS  /tmp/ccVr2doo.s 			page 363


 4446      365107
 4447 6aaf 6FD4125C 		.ascii	"o\324\022\\\016\311D\357\340)\374]\221\376\241\0123"
 4447      0EC944EF 
 4447      E029FC5D 
 4447      91FEA10A 
 4447      33
 4448 6ac0 C0034BD6 		.ascii	"\300\003K\326G\324 \202j<`\222\004C\252\004J*\020\010"
 4448      47D42082 
 4448      6A3C6092 
 4448      0443AA04 
 4448      4A2A1008 
 4449 6ad4 F97CFFF9 		.ascii	"\371|\377\371\217PRP\217\034 =\332QT\"BC\306\345c\311"
 4449      8F505250 
 4449      8F1C203D 
 4449      DA515422 
 4449      4243C6E5 
 4450 6aea 17EC185E 		.ascii	"\027\354\030^\312 \004\215\245\365\207\261\022A\363"
 4450      CA20048D 
 4450      A5F587B1 
 4450      1241F3
 4451 6af9 136DD34F 		.ascii	"\023m\323O!\372&\035o\007H\032D\300\030\356\347.\240"
 4451      21FA261D 
 4451      6F07481A 
 4451      44C018EE 
 4451      E72EA0
 4452 6b0c 24B36149 		.ascii	"$\263aI\326r:\265\035|!\037\014\005X(\325tM\007!\314"
 4452      D6723AB5 
 4452      1D7C211F 
 4452      0C055828 
 4452      D5744D07 
 4453 6b22 266B0F58 		.ascii	"&k\017X~Dq\203L\277\306\322m\273\203\200\246\274m\255"
 4453      7E447183 
 4453      4CBFC6D2 
 4453      6DBB8380 
 4453      A6BC6DAD 
 4454 6b36 8021DF31 		.ascii	"\200!\3371FW\347X\244\263H\024\244\2007U 7\304\376\004"
 4454      4657E758 
 4454      A4B34814 
 4454      A4803755 
 4454      2037C4FE 
 4455 6b4b 812FC261 		.ascii	"\201/\302aN6R2\031\260F&abP)\316\3174\273\257\257\027"
 4455      4E365232 
 4455      19B04626 
 4455      61625029 
 4455      CECF34BB 
 4456 6b62 E61C3546 		.ascii	"\346\0345F\320X\246\206\214\240\207\363?\245\2265\321"
 4456      D058A686 
 4456      8CA087F3 
 4456      3FA59635 
 4456      D1
 4457 6b73 18E96612 		.ascii	"\030\351f\022\211\220\025\321\330F\221(\235\344\260"
 4457      899015D1 
 4457      D8469128 
 4457      9DE4B0
 4458 6b82 3E92FB0C 		.ascii	">\222\373\014*^\320\257\240$\024U\326\301H\000\236\024"
 4458      2A5ED0AF 
 4458      A0241455 
ARM GAS  /tmp/ccVr2doo.s 			page 364


 4458      D6C14800 
 4458      9E14
 4459 6b94 418FEED9 		.ascii	"A\217\356\331\334wU\335\003\023\276\010\254[S\037\344"
 4459      DC7755DD 
 4459      0313BE08 
 4459      AC5B531F 
 4459      E4
 4460 6ba5 294034E4 		.ascii	")@4\344\321\363\374\366\001y\331fj\334\375Pt\177\002"
 4460      D1F3FCF6 
 4460      0179D966 
 4460      6ADCFD50 
 4460      747F02
 4461 6bb8 41B2C783 		.ascii	"A\262\307\203\013\014\013)\231J\250\2502T\221\021\335"
 4461      0B0C0B29 
 4461      994AA8A8 
 4461      32549111 
 4461      DD
 4462 6bc9 CB0E316C 		.ascii	"\313\0161lMB\257\274%2\266%\351\0264:;\230\031F\234"
 4462      4D42AFBC 
 4462      2532B625 
 4462      E916343A 
 4462      3B981946 
 4463 6bde 34F147D1 		.ascii	"4\361G\321\226\252\261\337\240;\312\276\304\244\200"
 4463      96AAB1DF 
 4463      A03BCABE 
 4463      C4A480
 4464 6bed 553AA084 		.ascii	"U:\240\2044\243\014a(\027\031\262\264\331li\236b\266"
 4464      34A30C61 
 4464      281719B2 
 4464      B4D96C69 
 4464      9E62B6
 4465 6c00 933041AE 		.ascii	"\2230A\256\375\304\222O\363\377$I\003?\002A \231\324"
 4465      FDC4924F 
 4465      F3FF2449 
 4465      033F0241 
 4465      2099D4
 4466 6c13 E4E9D60B 		.ascii	"\344\351\326\013L\036XV\344\177\320\314\202\275\235"
 4466      4C1E5856 
 4466      E47FD0CC 
 4466      82BD9D
 4467 6c22 9BCC6F63 		.ascii	"\233\314oc,\255\253d\032\035\323\277\310\222\317\333"
 4467      2CADAB64 
 4467      1A1DD3BF 
 4467      C892CFDB 
 4468 6c32 C1DA8F5E 		.ascii	"\301\332\217^Y\023\335>)UV\007\241f\376\267\327\215"
 4468      5913DD3E 
 4468      29555607 
 4468      A166FEB7 
 4468      D78D
 4469 6c44 54108C21 		.ascii	"T\020\214!-+7\257\177\217\356\370\367\243\236\203\007"
 4469      2D2B37AF 
 4469      7F8FEEF8 
 4469      F7A39E83 
 4469      07
 4470 6c55 43C57E30 		.ascii	"C\305~0\346@\332\311\356\315b|\264s\010\002\335u\012"
 4470      E640DAC9 
 4470      EECD627C 
ARM GAS  /tmp/ccVr2doo.s 			page 365


 4470      B4730802 
 4470      DD750A
 4471 6c68 5D7AF7E8 		.ascii	"]z\367\350\372~\212\031\313P4`\224jB\201\252\317T\215"
 4471      FA7E8A19 
 4471      CB503460 
 4471      946A4281 
 4471      AACF548D 
 4472 6c7c 6EBC3D92 		.ascii	"n\274=\222\346\244*\325\210\011q\230\241*\225\322\310"
 4472      E6A42AD5 
 4472      88097198 
 4472      A12A95D2 
 4472      C8
 4473 6c8d 42C3CF92 		.ascii	"B\303\317\222\202TUX\340\201\031\207\252[j\351\023\237"
 4473      82545558 
 4473      E0811987 
 4473      AA5B6AE9 
 4473      139F
 4474 6c9f 18284A2B 		.ascii	"\030(J+%\263\230A\206\207\376L\217\330u\260,\011\206"
 4474      25B39841 
 4474      8687FE4C 
 4474      8FD875B0 
 4474      2C0986
 4475 6cb2 A250D361 		.ascii	"\242P\323avj\232\340\006\251\021\004;F`B\013\0024\235"
 4475      766A9AE0 
 4475      06A91104 
 4475      3B466042 
 4475      0B02349D 
 4476 6cc6 9A9A9893 		.ascii	"\232\232\230\223n\304h\226K\000\302\226Lg8n\226\004"
 4476      6EC46896 
 4476      4B00C296 
 4476      4C67386E 
 4476      9604
 4477 6cd8 83538F94 		.ascii	"\203S\217\224\24413\0136z\275#Y4f\311\352\305d\365\262"
 4477      A431330B 
 4477      367ABD23 
 4477      593466C9 
 4477      EAC564F5 
 4478 6ced 66BDC764 		.ascii	"f\275\307d\275g\315\352\311d\365\264f\365`\262zX\263"
 4478      BD67CDEA 
 4478      C964F5B4 
 4478      66F560B2 
 4478      7A58B3
 4479 6d00 BA3359DD 		.ascii	"\2723Y\335\255Y\335\230\254n\326\254\256LV\327p\217"
 4479      AD59DD98 
 4479      AC6ED6AC 
 4479      AE4C56D7 
 4479      708F
 4480 6d12 C0FCD30A 		.ascii	"\300\374\323\012{Gz\304\2103\331\275\242\262{\261\331"
 4480      7B477AC4 
 4480      8833D9BD 
 4480      A2B27BB1 
 4480      D9
 4481 6d23 EF4565BF 		.ascii	"\357Ee\277\307f\367\214\312\356\311f\367\210\312\356"
 4481      C766F78C 
 4481      CAEEC966 
 4481      F788CAEE 
 4482 6d33 C166778F 		.ascii	"\301fw\217\312\356\316fw\213\312\356\306fw\215\3126"
ARM GAS  /tmp/ccVr2doo.s 			page 366


 4482      CAEECE66 
 4482      778BCAEE 
 4482      C666778D 
 4482      CA36
 4483 6d45 DADDD150 		.ascii	"\332\335\321PA~\25700ll[6\235~\257\007\004\272}\004"
 4483      417EAF30 
 4483      306C6C5B 
 4483      369D7EAF 
 4483      0704BA7D 
 4484 6d5a E5476B30 		.ascii	"\345Gk03\222\022\366\215D\222d\260\3352\"Q\334A;Pv\177"
 4484      339212F6 
 4484      8D449264 
 4484      B0DD3222 
 4484      51DC413B 
 4485 6d71 4693DBD9 		.ascii	"F\223\333\331\215\355\"\331''\013!j,\332\210\242\355"
 4485      8DED22D9 
 4485      27270B21 
 4485      6A2CDA88 
 4485      A2ED
 4486 6d83 C6837623 		.ascii	"\306\203v#\212[\310+\011J\375\244\374\364\260\372\205"
 4486      8A5BC82B 
 4486      094AFDA4 
 4486      FCF4B0FA 
 4486      85
 4487 6d94 ED3ED182 		.ascii	"\355>\321\202\350\251\322\223\341\2260\327\011wg\250"
 4487      E8A9D293 
 4487      E19630D7 
 4487      097767A8 
 4488 6da4 78255516 		.ascii	"x%U\026}\331b\300P\232\351\"Q\244\206\202\315\214r\005"
 4488      7DD962C0 
 4488      509AE922 
 4488      51A48682 
 4488      CD8C7205 
 4489 6db8 10BF6097 		.ascii	"\020\277`\227,,\015s,\023\357\300\3243\250\364\375C"
 4489      2C2C0D73 
 4489      2C13EFC0 
 4489      D433A8F4 
 4489      FD43
 4490 6dca 523E2C7B 		.ascii	"R>,{\304\311\202\376\015-\015\322\006\014\376\010n%"
 4490      C4C982FE 
 4490      0D2D0DD2 
 4490      060CFE08 
 4490      6E25
 4491 6ddc 6A26E4BB 		.ascii	"j&\344\273=b@@\020a\205\207y\002\354\253\274\354\225"
 4491      3D624040 
 4491      10618587 
 4491      7902ECAB 
 4491      BCEC95
 4492 6def 62793328 		.ascii	"by3(\236LgP\224\211\252V\204\333{\244\242\016&N ^\025"
 4492      9E4C6750 
 4492      9489AA56 
 4492      84DB7BA4 
 4492      A20E264E 
 4493 6e06 8B33A313 		.ascii	"\2133\243\023Ae\223KFt\225\231\321\011\304\265\342N"
 4493      4165934B 
 4493      46749599 
 4493      D109C4B5 
ARM GAS  /tmp/ccVr2doo.s 			page 367


 4493      E24E
 4494 6e18 92417785 		.ascii	"\222Aw\205\244\224A\002\354\364\344\374\022\330c\012"
 4494      A4944102 
 4494      ECF4E4FC 
 4494      12D8630A 
 4495 6e28 3425CDBC 		.ascii	"4%\315\274\001\3651\010\363\240\027\007\011\2527\250"
 4495      01F53108 
 4495      F3A01707 
 4495      09AA37A8 
 4496 6e38 AB702D56 		.ascii	"\253p-V\341j\033$\200\245\014\205\321}\225:H\360\030"
 4496      E16A1B24 
 4496      80A50C85 
 4496      D17D953A 
 4496      48F018
 4497 6e4b 96090044 		.ascii	"\226\011\000D\031\214\200\202\214\260wJCz6\254\020\222"
 4497      198C8082 
 4497      8CB0774A 
 4497      437A36AC 
 4497      1092
 4498 6e5d B11EF346 		.ascii	"\261\036\363F\320]\014N\320\223\006\201E\021\030\330"
 4498      D05D0C4E 
 4498      D0930681 
 4498      451118D8 
 4499 6e6d ED4DD762 		.ascii	"\355M\327bZ\214\030\214\016\352\2140\31184/i\264\341"
 4499      5A8C188C 
 4499      0EEA8C30 
 4499      C938342F 
 4499      69B4E1
 4500 6e80 72B15181 		.ascii	"r\261Q\201\310\014\217ZXX\\QI\2218n\021xOa\3274\277"
 4500      C80C8F5A 
 4500      58585C51 
 4500      4991386E 
 4500      11784F61 
 4501 6e97 08CB22E5 		.ascii	"\010\313\"\3452\331\257\017&\366\016i\210\037l\354\301"
 4501      32D9AF0F 
 4501      26F60E69 
 4501      881F6CEC 
 4501      C1
 4502 6ea8 29521026 		.ascii	")R\020&\011\2648\331hy2\344\0306\222\341\243\344BIR"
 4502      09B438D9 
 4502      687932E4 
 4502      183692E1 
 4502      A3E44249 
 4503 6ebd 31199CA4 		.ascii	"1\031\234\244b\035\212\007\341\242I\376 \254A\002\\"
 4503      621D8A07 
 4503      E1A249FE 
 4503      20AC4102 
 4503      5C
 4504 6ece C560210C 		.ascii	"\305`!\014\277\255X\327\325`\246\341\014R%\350V\\[\000"
 4504      BFAD58D7 
 4504      D560A6E1 
 4504      0C5225E8 
 4504      565C5B00 
 4505 6ee2 ACB8FF1A 		.ascii	"\254\270\377\032L\221\006\313\272G\361J6\277V\000\251"
 4505      4C9106CB 
 4505      BA47F14A 
 4505      36BF5600 
ARM GAS  /tmp/ccVr2doo.s 			page 368


 4505      A9
 4506 6ef3 AAB7046E 		.ascii	"\252\267\004n\222u\220G\211\270SL\317R\261H\246\260"
 4506      92759047 
 4506      89B8534C 
 4506      CF52B148 
 4506      A6B0
 4507 6f05 0DA69AA4 		.ascii	"\015\246\232\244\202\375-\020\2474\354\352E\240\345"
 4507      82FD2D10 
 4507      A734ECEA 
 4507      45A0E5
 4508 6f14 B0DC8318 		.ascii	"\260\334\203\030z\364\301\011Z\320N\326JH\326!\232N"
 4508      7AF4C109 
 4508      5AD04ED6 
 4508      4A48D621 
 4508      9A4E
 4509 6f26 EF612212 		.ascii	"\357a\"\022U\336+^\367\023\227\222\0220\326\330\276"
 4509      55DE2B5E 
 4509      F7139792 
 4509      1230D6D8 
 4509      BE
 4510 6f37 03FA17F5 		.ascii	"\003\372\027\365\356\334\037\354v\"\303Dj\013\275jR"
 4510      EEDC1FEC 
 4510      7622C344 
 4510      6A0BBD6A 
 4510      52
 4511 6f48 900E417B 		.ascii	"\220\016A{\250>h\230f8(\035\332\244\010\304\307++\211"
 4511      A83E6898 
 4511      6638281D 
 4511      DAA408C4 
 4511      C72B2B89 
 4512 6f5c B44BA1E9 		.ascii	"\264K\241\351>\022\373\001\313\267\241\032:\266M\202"
 4512      3E12FB01 
 4512      CBB7A11A 
 4512      3AB64D82 
 4513 6f6c D26ABE27 		.ascii	"\322j\276'Dz\234\\\355\344\217\200\223\341_\336h\263"
 4513      447A9C5C 
 4513      EDE48F80 
 4513      93E15FDE 
 4513      68B3
 4514 6f7e 410A5017 		.ascii	"A\012P\0270)\250'\2236\010\2627\325\270Bw\026\351\204"
 4514      3029A827 
 4514      933608B2 
 4514      37D5B842 
 4514      7716E984 
 4515 6f92 B31F46FB 		.ascii	"\263\037F\373\2555:\262)\304\223F\342?"
 4515      AD353AB2 
 4515      29C49346 
 4515      E23F
 4516 6fa0 88910922 		.ascii	"\210\221\011\"\247\222+q_\2231-\241\251\351\221[\030"
 4516      A7922B71 
 4516      5F93312D 
 4516      A1A9E991 
 4516      5B18
 4517 6fb2 02B06F92 		.ascii	"\002\260o\222\301\036\021<\001\335\346!\352*5(\006d"
 4517      C11E113C 
 4517      01DDE621 
 4517      EA2A3528 
ARM GAS  /tmp/ccVr2doo.s 			page 369


 4517      0664
 4518 6fc4 8F00234B 		.ascii	"\217\000#K\374\334\306:N\367v)\324^\007\220\323\232"
 4518      FCDCC63A 
 4518      4EF77629 
 4518      D45E0790 
 4518      D39A
 4519 6fd6 8A6B7CC0 		.ascii	"\212k|\300C\352M\315\316\375S^\366\307]z\365\010\337"
 4519      43EA4DCD 
 4519      CEFD535E 
 4519      F6C75D7A 
 4519      F508DF
 4520 6fe9 F50CDFBD 		.ascii	"\365\014\337\275\027\276\353\325\336\242\012?\243~H"
 4520      17BEEBD5 
 4520      DEA20A3F 
 4520      A37E48
 4521 6ff8 176EB0B3 		.ascii	"\027n\260\263\241\325\331\244"
 4521      A1D5D9A4 
 4522 7000 9AECBF31 		.ascii	"\232\354\2771\364 \035`VY-+d\211\032X\371\220\000]\232"
 4522      F4201D60 
 4522      56592D2B 
 4522      64891A58 
 4522      F990005D 
 4523 7015 1AE63FD5 		.ascii	"\032\346?\325\0344\315\031\306QY\265\243\260S\325a\217"
 4523      1C34CD19 
 4523      C65159B5 
 4523      A3B053D5 
 4523      618F
 4524 7027 34578715 		.ascii	"4W\207\025\030\366G\302\207}s\177\367\331\200\034\207"
 4524      18F647C2 
 4524      877D737F 
 4524      F7D9801C 
 4524      87
 4525 7038 E82B164B 		.ascii	"\350+\026K\310\320\203R\220>z\003\326@&\263\262\373"
 4525      C8D08352 
 4525      903E7A03 
 4525      D64026B3 
 4525      B2FB
 4526 704a E7E6E466 		.ascii	"\347\346\344f\221\026e\345\230\243\355\327dM\000\263"
 4526      911665E5 
 4526      98A3EDD7 
 4526      644D00B3 
 4527 705a 95987FD6 		.ascii	"\225\230\177\326m\262\203\332\234d\217\017\366\365\237"
 4527      6DB283DA 
 4527      9C648F0F 
 4527      F6F59F
 4528 7069 E91E2D47 		.ascii	"\351\036-G\353\253\372%o\016\335\273\341v\315Nw\\ w"
 4528      EBABFA25 
 4528      6F0EDDBB 
 4528      E176CD4E 
 4528      775C2077 
 4529 707d 45748301 		.ascii	"Et\203\001]\366\011t\025\261\233sr\007\000\373\324\234"
 4529      5DF60974 
 4529      15B19B73 
 4529      720700FB 
 4529      D49C
 4530 708f 96F3F3FF 		.ascii	"\226\363\363\377\374f\222g\270\030\323\260`N\367\317"
 4530      FC669267 
ARM GAS  /tmp/ccVr2doo.s 			page 370


 4530      B818D3B0 
 4530      604EF7CF 
 4531 709f 73D36905 		.ascii	"s\323i\005!M\362\220m\221\305>5\352\350@g'z\307\013"
 4531      214DF290 
 4531      6D91C53E 
 4531      35EAE840 
 4531      67277AC7 
 4532 70b4 24BCEBFD 		.ascii	"$\274\353\375:\035\251h\360G\325;\007d\2371?\303\216"
 4532      3A1DA968 
 4532      F047D53B 
 4532      07649F31 
 4532      3FC38E
 4533 70c7 7650F7A4 		.ascii	"vP\367\2447a\376x\334\335\272\362\036\367\373\020\372"
 4533      3761FE78 
 4533      DCDDBAF2 
 4533      1EF7FB10 
 4533      FA
 4534 70d8 40E80DA1 		.ascii	"@\350\015\241\027\204\367~\344q\177\014{5\"'\270r\017"
 4534      1784F77E 
 4534      E4717F0C 
 4534      7B352227 
 4534      B8720F
 4535 70eb C0FD6C7B 		.ascii	"\300\375l{\217;\222B\267yoER\362T1\240\0216\251\303"
 4535      8F3B9242 
 4535      B7796F45 
 4535      52F25431 
 4535      A01136A9 
 4536 7100 BA4324A3 		.ascii	"\272C$\243\237$\0055\037\374\261\244},\273\201m\220"
 4536      9F240535 
 4536      1FFCB1A4 
 4536      7D2CBB81 
 4536      6D90
 4537 7112 84D422D8 		.ascii	"\204\324\"\330\030\006e\237\244\332\374r@\201\277\342"
 4537      1806659F 
 4537      A4DAFC72 
 4537      4081BFE2 
 4538 7122 5F15350D 		.ascii	"_\0255\015\226\307\000,?\262\244\332\335\276?\302\264"
 4538      96C7002C 
 4538      3FB2A4DA 
 4538      DDBE3FC2 
 4538      B4
 4539 7133 A20EE9A4 		.ascii	"\242\016\351\244\240\350\031(ymAQ\367\024~\200\315w"
 4539      A0E81928 
 4539      796D4151 
 4539      F7147E80 
 4539      CD77
 4540 7145 87FD6459 		.ascii	"\207\375dY}\373\313\003\224\316\037~\222\227\225'\252"
 4540      7DFBCB03 
 4540      94CE1F7E 
 4540      92979527 
 4540      AA
 4541 7156 D04B59F8 		.ascii	"\320KY\370\034\004\323\263D\277\254*n\0371\226mE\271"
 4541      1C04D3B3 
 4541      44BFAC2A 
 4541      6E1F3196 
 4541      6D45B9
 4542 7169 B9B99FD9 		.ascii	"\271\271\237\331\213\">6\273_,\220=\177\010\301\006"
ARM GAS  /tmp/ccVr2doo.s 			page 371


 4542      8B223E36 
 4542      BB5F2C90 
 4542      3D7F08C1 
 4542      06
 4543 717a 476DEFF6 		.ascii	"Gm\357\366\231\236\236<\262\357\300\216\352F\254e\334"
 4543      999E9E3C 
 4543      B2EFC08E 
 4543      EA46AC65 
 4543      DC
 4544 718b 8808B011 		.ascii	"\210\010\260\021\301=D?LpE\366\251\037\371BZ!\017+Q"
 4544      C13D443F 
 4544      4C7045F6 
 4544      A91FF942 
 4544      5A210F2B 
 4545 71a0 22116F5B 		.ascii	"\"\021o[1h;\311\025\326\\J~>\210\023\017\274\331\362"
 4545      31683BC9 
 4545      15D65C4A 
 4545      7E3E8813 
 4545      0FBCD9F2 
 4546 71b4 A162DD49 		.ascii	"\241b\335ID,\262\371u\321\235x$\316{\305\222T\010J~"
 4546      442CB2F9 
 4546      75D19D78 
 4546      24CE7BC5 
 4546      9254084A 
 4547 71c9 316CD392 		.ascii	"1l\323\222\275\032}\344d\003Y\327\013\023\211\243\334"
 4547      BD1A7DE4 
 4547      640359D7 
 4547      0B1389A3 
 4547      DC
 4548 71da EE977DA0 		.ascii	"\356\227}\240N$\220Lo\"y\304\304\303r\224H\026\0010"
 4548      4E24904C 
 4548      6F2279C4 
 4548      C4C37294 
 4548      48160130 
 4549 71ee 13FCA961 		.ascii	"\023\374\251aIuE9\335l\2049X/\010wz\"\260\003\2328\244"
 4549      49754539 
 4549      DD6C8439 
 4549      582F0877 
 4549      7A22B003 
 4550 7205 EB4EB2B3 		.ascii	"\353N\262\263\214\330>\260J\370^\353\372\261.\304\206"
 4550      8CD83EB0 
 4550      4AF85EEB 
 4550      FAB12EC4 
 4550      86
 4551 7216 09459662 		.ascii	"\011E\226b\273\205\314\377\002\255\276j\215"
 4551      BB85CCFF 
 4551      02ADBE6A 
 4551      8D
 4552              		.text
 4553              		.section	.gnu.lto_.symtab.8724139b4ff04bd4,"e",%progbits
 4554 0000 616F7300 		.ascii	"aos\000"
 4555 0004 00       		.ascii	"\000"
 4556 0005 00       		.ascii	"\000"
 4557 0006 00       		.ascii	"\000"
 4558 0007 00000000 		.ascii	"\000\000\000\000\000\000\000\000"
 4558      00000000 
 4559 000f 50040000 		.ascii	"P\004\000\000"
ARM GAS  /tmp/ccVr2doo.s 			page 372


 4560 0013 5F616F73 		.ascii	"_aosSysPrintSystemInfoSeparator\000"
 4560      53797350 
 4560      72696E74 
 4560      53797374 
 4560      656D496E 
 4561 0033 00       		.ascii	"\000"
 4562 0034 00       		.ascii	"\000"
 4563 0035 00       		.ascii	"\000"
 4564 0036 00000000 		.ascii	"\000\000\000\000\000\000\000\000"
 4564      00000000 
 4565 003e 11030000 		.ascii	"\021\003\000\000"
 4566 0042 5F616F73 		.ascii	"_aosSysPrintSystemInfoLine\000"
 4566      53797350 
 4566      72696E74 
 4566      53797374 
 4566      656D496E 
 4567 005d 00       		.ascii	"\000"
 4568 005e 00       		.ascii	"\000"
 4569 005f 00       		.ascii	"\000"
 4570 0060 00000000 		.ascii	"\000\000\000\000\000\000\000\000"
 4570      00000000 
 4571 0068 17030000 		.ascii	"\027\003\000\000"
 4572 006c 5F616F73 		.ascii	"_aosSysShellcmdMemdumpCallback_BtokiB\000"
 4572      53797353 
 4572      68656C6C 
 4572      636D644D 
 4572      656D6475 
 4573 0092 00       		.ascii	"\000"
 4574 0093 00       		.ascii	"\000"
 4575 0094 00       		.ascii	"\000"
 4576 0095 00000000 		.ascii	"\000\000\000\000\000\000\000\000"
 4576      00000000 
 4577 009d 1E030000 		.ascii	"\036\003\000\000"
 4578 00a1 5F616F73 		.ascii	"_aosSysShellcmdMemdumpCallback_printDump\000"
 4578      53797353 
 4578      68656C6C 
 4578      636D644D 
 4578      656D6475 
 4579 00ca 00       		.ascii	"\000"
 4580 00cb 00       		.ascii	"\000"
 4581 00cc 00       		.ascii	"\000"
 4582 00cd 00000000 		.ascii	"\000\000\000\000\000\000\000\000"
 4582      00000000 
 4583 00d5 29030000 		.ascii	")\003\000\000"
 4584 00d9 616F7353 		.ascii	"aosSysInit\000"
 4584      7973496E 
 4584      697400
 4585 00e4 00       		.ascii	"\000"
 4586 00e5 00       		.ascii	"\000"
 4587 00e6 00       		.ascii	"\000"
 4588 00e7 00000000 		.ascii	"\000\000\000\000\000\000\000\000"
 4588      00000000 
 4589 00ef 2D030000 		.ascii	"-\003\000\000"
 4590 00f3 616F7353 		.ascii	"aosSysStartUptimeS\000"
 4590      79735374 
 4590      61727455 
 4590      7074696D 
ARM GAS  /tmp/ccVr2doo.s 			page 373


 4590      655300
 4591 0106 00       		.ascii	"\000"
 4592 0107 00       		.ascii	"\000"
 4593 0108 00       		.ascii	"\000"
 4594 0109 00000000 		.ascii	"\000\000\000\000\000\000\000\000"
 4594      00000000 
 4595 0111 2F030000 		.ascii	"/\003\000\000"
 4596 0115 616F7353 		.ascii	"aosSysGetUptimeX\000"
 4596      79734765 
 4596      74557074 
 4596      696D6558 
 4596      00
 4597 0126 00       		.ascii	"\000"
 4598 0127 00       		.ascii	"\000"
 4599 0128 00       		.ascii	"\000"
 4600 0129 00000000 		.ascii	"\000\000\000\000\000\000\000\000"
 4600      00000000 
 4601 0131 36030000 		.ascii	"6\003\000\000"
 4602 0135 616F7353 		.ascii	"aosSysGetDateTime\000"
 4602      79734765 
 4602      74446174 
 4602      6554696D 
 4602      6500
 4603 0147 00       		.ascii	"\000"
 4604 0148 00       		.ascii	"\000"
 4605 0149 00       		.ascii	"\000"
 4606 014a 00000000 		.ascii	"\000\000\000\000\000\000\000\000"
 4606      00000000 
 4607 0152 3C030000 		.ascii	"<\003\000\000"
 4608 0156 5F616F73 		.ascii	"_aosSysPrintSystemInfo\000"
 4608      53797350 
 4608      72696E74 
 4608      53797374 
 4608      656D496E 
 4609 016d 00       		.ascii	"\000"
 4610 016e 00       		.ascii	"\000"
 4611 016f 00       		.ascii	"\000"
 4612 0170 00000000 		.ascii	"\000\000\000\000\000\000\000\000"
 4612      00000000 
 4613 0178 41030000 		.ascii	"A\003\000\000"
 4614 017c 616F7353 		.ascii	"aosSysStart\000"
 4614      79735374 
 4614      61727400 
 4615 0188 00       		.ascii	"\000"
 4616 0189 00       		.ascii	"\000"
 4617 018a 00       		.ascii	"\000"
 4618 018b 00000000 		.ascii	"\000\000\000\000\000\000\000\000"
 4618      00000000 
 4619 0193 45030000 		.ascii	"E\003\000\000"
 4620 0197 616F7353 		.ascii	"aosSysSetDateTime\000"
 4620      79735365 
 4620      74446174 
 4620      6554696D 
 4620      6500
 4621 01a9 00       		.ascii	"\000"
 4622 01aa 00       		.ascii	"\000"
 4623 01ab 00       		.ascii	"\000"
ARM GAS  /tmp/ccVr2doo.s 			page 374


 4624 01ac 00000000 		.ascii	"\000\000\000\000\000\000\000\000"
 4624      00000000 
 4625 01b4 47030000 		.ascii	"G\003\000\000"
 4626 01b8 616F7353 		.ascii	"aosSysShutdownInit\000"
 4626      79735368 
 4626      7574646F 
 4626      776E496E 
 4626      697400
 4627 01cb 00       		.ascii	"\000"
 4628 01cc 00       		.ascii	"\000"
 4629 01cd 00       		.ascii	"\000"
 4630 01ce 00000000 		.ascii	"\000\000\000\000\000\000\000\000"
 4630      00000000 
 4631 01d6 03030000 		.ascii	"\003\003\000\000"
 4632 01da 616F7353 		.ascii	"aosSysStop\000"
 4632      79735374 
 4632      6F7000
 4633 01e5 00       		.ascii	"\000"
 4634 01e6 00       		.ascii	"\000"
 4635 01e7 00       		.ascii	"\000"
 4636 01e8 00000000 		.ascii	"\000\000\000\000\000\000\000\000"
 4636      00000000 
 4637 01f0 4B030000 		.ascii	"K\003\000\000"
 4638 01f4 616F7353 		.ascii	"aosSysDeinit\000"
 4638      79734465 
 4638      696E6974 
 4638      00
 4639 0201 00       		.ascii	"\000"
 4640 0202 00       		.ascii	"\000"
 4641 0203 00       		.ascii	"\000"
 4642 0204 00000000 		.ascii	"\000\000\000\000\000\000\000\000"
 4642      00000000 
 4643 020c 4D030000 		.ascii	"M\003\000\000"
 4644 0210 616F7353 		.ascii	"aosSysShutdownToBootloader\000"
 4644      79735368 
 4644      7574646F 
 4644      776E546F 
 4644      426F6F74 
 4645 022b 00       		.ascii	"\000"
 4646 022c 00       		.ascii	"\000"
 4647 022d 00       		.ascii	"\000"
 4648 022e 00000000 		.ascii	"\000\000\000\000\000\000\000\000"
 4648      00000000 
 4649 0236 08030000 		.ascii	"\010\003\000\000"
 4650 023a 616F7353 		.ascii	"aosSysGetStdGpioCallback\000"
 4650      79734765 
 4650      74537464 
 4650      4770696F 
 4650      43616C6C 
 4651 0253 00       		.ascii	"\000"
 4652 0254 00       		.ascii	"\000"
 4653 0255 00       		.ascii	"\000"
 4654 0256 00000000 		.ascii	"\000\000\000\000\000\000\000\000"
 4654      00000000 
 4655 025e 53030000 		.ascii	"S\003\000\000"
 4656 0262 63683000 		.ascii	"ch0\000"
 4657 0266 00       		.ascii	"\000"
ARM GAS  /tmp/ccVr2doo.s 			page 375


 4658 0267 02       		.ascii	"\002"
 4659 0268 00       		.ascii	"\000"
 4660 0269 00000000 		.ascii	"\000\000\000\000\000\000\000\000"
 4660      00000000 
 4661 0271 0B060000 		.ascii	"\013\006\000\000"
 4662 0275 72745F74 		.ascii	"rt_test_suite\000"
 4662      6573745F 
 4662      73756974 
 4662      6500
 4663 0283 00       		.ascii	"\000"
 4664 0284 02       		.ascii	"\002"
 4665 0285 00       		.ascii	"\000"
 4666 0286 00000000 		.ascii	"\000\000\000\000\000\000\000\000"
 4666      00000000 
 4667 028e 4C040000 		.ascii	"L\004\000\000"
 4668 0292 6F736C69 		.ascii	"oslib_test_suite\000"
 4668      625F7465 
 4668      73745F73 
 4668      75697465 
 4668      00
 4669 02a3 00       		.ascii	"\000"
 4670 02a4 02       		.ascii	"\002"
 4671 02a5 00       		.ascii	"\000"
 4672 02a6 00000000 		.ascii	"\000\000\000\000\000\000\000\000"
 4672      00000000 
 4673 02ae 4A040000 		.ascii	"J\004\000\000"
 4674 02b2 726F756E 		.ascii	"roundf\000"
 4674      646600
 4675 02b9 00       		.ascii	"\000"
 4676 02ba 02       		.ascii	"\002"
 4677 02bb 00       		.ascii	"\000"
 4678 02bc 00000000 		.ascii	"\000\000\000\000\000\000\000\000"
 4678      00000000 
 4679 02c4 23030000 		.ascii	"#\003\000\000"
 4680 02c8 6365696C 		.ascii	"ceilf\000"
 4680      6600
 4681 02ce 00       		.ascii	"\000"
 4682 02cf 02       		.ascii	"\002"
 4683 02d0 00       		.ascii	"\000"
 4684 02d1 00000000 		.ascii	"\000\000\000\000\000\000\000\000"
 4684      00000000 
 4685 02d9 E5020000 		.ascii	"\345\002\000\000"
 4686 02dd 5F5F666C 		.ascii	"__flash0_base__\000"
 4686      61736830 
 4686      5F626173 
 4686      655F5F00 
 4687 02ed 00       		.ascii	"\000"
 4688 02ee 02       		.ascii	"\002"
 4689 02ef 00       		.ascii	"\000"
 4690 02f0 00000000 		.ascii	"\000\000\000\000\000\000\000\000"
 4690      00000000 
 4691 02f8 A0040000 		.ascii	"\240\004\000\000"
 4692 02fc 5F5F666C 		.ascii	"__flash0_end__\000"
 4692      61736830 
 4692      5F656E64 
 4692      5F5F00
 4693 030b 00       		.ascii	"\000"
ARM GAS  /tmp/ccVr2doo.s 			page 376


 4694 030c 02       		.ascii	"\002"
 4695 030d 00       		.ascii	"\000"
 4696 030e 00000000 		.ascii	"\000\000\000\000\000\000\000\000"
 4696      00000000 
 4697 0316 A2040000 		.ascii	"\242\004\000\000"
 4698 031a 5F5F666C 		.ascii	"__flash1_base__\000"
 4698      61736831 
 4698      5F626173 
 4698      655F5F00 
 4699 032a 00       		.ascii	"\000"
 4700 032b 02       		.ascii	"\002"
 4701 032c 00       		.ascii	"\000"
 4702 032d 00000000 		.ascii	"\000\000\000\000\000\000\000\000"
 4702      00000000 
 4703 0335 9C040000 		.ascii	"\234\004\000\000"
 4704 0339 5F5F666C 		.ascii	"__flash1_end__\000"
 4704      61736831 
 4704      5F656E64 
 4704      5F5F00
 4705 0348 00       		.ascii	"\000"
 4706 0349 02       		.ascii	"\002"
 4707 034a 00       		.ascii	"\000"
 4708 034b 00000000 		.ascii	"\000\000\000\000\000\000\000\000"
 4708      00000000 
 4709 0353 9E040000 		.ascii	"\236\004\000\000"
 4710 0357 5F5F666C 		.ascii	"__flash2_base__\000"
 4710      61736832 
 4710      5F626173 
 4710      655F5F00 
 4711 0367 00       		.ascii	"\000"
 4712 0368 02       		.ascii	"\002"
 4713 0369 00       		.ascii	"\000"
 4714 036a 00000000 		.ascii	"\000\000\000\000\000\000\000\000"
 4714      00000000 
 4715 0372 98040000 		.ascii	"\230\004\000\000"
 4716 0376 5F5F666C 		.ascii	"__flash2_end__\000"
 4716      61736832 
 4716      5F656E64 
 4716      5F5F00
 4717 0385 00       		.ascii	"\000"
 4718 0386 02       		.ascii	"\002"
 4719 0387 00       		.ascii	"\000"
 4720 0388 00000000 		.ascii	"\000\000\000\000\000\000\000\000"
 4720      00000000 
 4721 0390 9A040000 		.ascii	"\232\004\000\000"
 4722 0394 5F5F666C 		.ascii	"__flash3_base__\000"
 4722      61736833 
 4722      5F626173 
 4722      655F5F00 
 4723 03a4 00       		.ascii	"\000"
 4724 03a5 02       		.ascii	"\002"
 4725 03a6 00       		.ascii	"\000"
 4726 03a7 00000000 		.ascii	"\000\000\000\000\000\000\000\000"
 4726      00000000 
 4727 03af 94040000 		.ascii	"\224\004\000\000"
 4728 03b3 5F5F666C 		.ascii	"__flash3_end__\000"
 4728      61736833 
ARM GAS  /tmp/ccVr2doo.s 			page 377


 4728      5F656E64 
 4728      5F5F00
 4729 03c2 00       		.ascii	"\000"
 4730 03c3 02       		.ascii	"\002"
 4731 03c4 00       		.ascii	"\000"
 4732 03c5 00000000 		.ascii	"\000\000\000\000\000\000\000\000"
 4732      00000000 
 4733 03cd 96040000 		.ascii	"\226\004\000\000"
 4734 03d1 5F5F666C 		.ascii	"__flash4_base__\000"
 4734      61736834 
 4734      5F626173 
 4734      655F5F00 
 4735 03e1 00       		.ascii	"\000"
 4736 03e2 02       		.ascii	"\002"
 4737 03e3 00       		.ascii	"\000"
 4738 03e4 00000000 		.ascii	"\000\000\000\000\000\000\000\000"
 4738      00000000 
 4739 03ec 90040000 		.ascii	"\220\004\000\000"
 4740 03f0 5F5F666C 		.ascii	"__flash4_end__\000"
 4740      61736834 
 4740      5F656E64 
 4740      5F5F00
 4741 03ff 00       		.ascii	"\000"
 4742 0400 02       		.ascii	"\002"
 4743 0401 00       		.ascii	"\000"
 4744 0402 00000000 		.ascii	"\000\000\000\000\000\000\000\000"
 4744      00000000 
 4745 040a 92040000 		.ascii	"\222\004\000\000"
 4746 040e 5F5F666C 		.ascii	"__flash5_base__\000"
 4746      61736835 
 4746      5F626173 
 4746      655F5F00 
 4747 041e 00       		.ascii	"\000"
 4748 041f 02       		.ascii	"\002"
 4749 0420 00       		.ascii	"\000"
 4750 0421 00000000 		.ascii	"\000\000\000\000\000\000\000\000"
 4750      00000000 
 4751 0429 8C040000 		.ascii	"\214\004\000\000"
 4752 042d 5F5F666C 		.ascii	"__flash5_end__\000"
 4752      61736835 
 4752      5F656E64 
 4752      5F5F00
 4753 043c 00       		.ascii	"\000"
 4754 043d 02       		.ascii	"\002"
 4755 043e 00       		.ascii	"\000"
 4756 043f 00000000 		.ascii	"\000\000\000\000\000\000\000\000"
 4756      00000000 
 4757 0447 8E040000 		.ascii	"\216\004\000\000"
 4758 044b 5F5F666C 		.ascii	"__flash6_base__\000"
 4758      61736836 
 4758      5F626173 
 4758      655F5F00 
 4759 045b 00       		.ascii	"\000"
 4760 045c 02       		.ascii	"\002"
 4761 045d 00       		.ascii	"\000"
 4762 045e 00000000 		.ascii	"\000\000\000\000\000\000\000\000"
 4762      00000000 
ARM GAS  /tmp/ccVr2doo.s 			page 378


 4763 0466 88040000 		.ascii	"\210\004\000\000"
 4764 046a 5F5F666C 		.ascii	"__flash6_end__\000"
 4764      61736836 
 4764      5F656E64 
 4764      5F5F00
 4765 0479 00       		.ascii	"\000"
 4766 047a 02       		.ascii	"\002"
 4767 047b 00       		.ascii	"\000"
 4768 047c 00000000 		.ascii	"\000\000\000\000\000\000\000\000"
 4768      00000000 
 4769 0484 8A040000 		.ascii	"\212\004\000\000"
 4770 0488 5F5F666C 		.ascii	"__flash7_base__\000"
 4770      61736837 
 4770      5F626173 
 4770      655F5F00 
 4771 0498 00       		.ascii	"\000"
 4772 0499 02       		.ascii	"\002"
 4773 049a 00       		.ascii	"\000"
 4774 049b 00000000 		.ascii	"\000\000\000\000\000\000\000\000"
 4774      00000000 
 4775 04a3 84040000 		.ascii	"\204\004\000\000"
 4776 04a7 5F5F666C 		.ascii	"__flash7_end__\000"
 4776      61736837 
 4776      5F656E64 
 4776      5F5F00
 4777 04b6 00       		.ascii	"\000"
 4778 04b7 02       		.ascii	"\002"
 4779 04b8 00       		.ascii	"\000"
 4780 04b9 00000000 		.ascii	"\000\000\000\000\000\000\000\000"
 4780      00000000 
 4781 04c1 86040000 		.ascii	"\206\004\000\000"
 4782 04c5 5F5F7261 		.ascii	"__ram0_base__\000"
 4782      6D305F62 
 4782      6173655F 
 4782      5F00
 4783 04d3 00       		.ascii	"\000"
 4784 04d4 02       		.ascii	"\002"
 4785 04d5 00       		.ascii	"\000"
 4786 04d6 00000000 		.ascii	"\000\000\000\000\000\000\000\000"
 4786      00000000 
 4787 04de 80040000 		.ascii	"\200\004\000\000"
 4788 04e2 5F5F7261 		.ascii	"__ram0_end__\000"
 4788      6D305F65 
 4788      6E645F5F 
 4788      00
 4789 04ef 00       		.ascii	"\000"
 4790 04f0 02       		.ascii	"\002"
 4791 04f1 00       		.ascii	"\000"
 4792 04f2 00000000 		.ascii	"\000\000\000\000\000\000\000\000"
 4792      00000000 
 4793 04fa 82040000 		.ascii	"\202\004\000\000"
 4794 04fe 5F5F7261 		.ascii	"__ram1_base__\000"
 4794      6D315F62 
 4794      6173655F 
 4794      5F00
 4795 050c 00       		.ascii	"\000"
 4796 050d 02       		.ascii	"\002"
ARM GAS  /tmp/ccVr2doo.s 			page 379


 4797 050e 00       		.ascii	"\000"
 4798 050f 00000000 		.ascii	"\000\000\000\000\000\000\000\000"
 4798      00000000 
 4799 0517 7C040000 		.ascii	"|\004\000\000"
 4800 051b 5F5F7261 		.ascii	"__ram1_end__\000"
 4800      6D315F65 
 4800      6E645F5F 
 4800      00
 4801 0528 00       		.ascii	"\000"
 4802 0529 02       		.ascii	"\002"
 4803 052a 00       		.ascii	"\000"
 4804 052b 00000000 		.ascii	"\000\000\000\000\000\000\000\000"
 4804      00000000 
 4805 0533 7E040000 		.ascii	"~\004\000\000"
 4806 0537 5F5F7261 		.ascii	"__ram2_base__\000"
 4806      6D325F62 
 4806      6173655F 
 4806      5F00
 4807 0545 00       		.ascii	"\000"
 4808 0546 02       		.ascii	"\002"
 4809 0547 00       		.ascii	"\000"
 4810 0548 00000000 		.ascii	"\000\000\000\000\000\000\000\000"
 4810      00000000 
 4811 0550 78040000 		.ascii	"x\004\000\000"
 4812 0554 5F5F7261 		.ascii	"__ram2_end__\000"
 4812      6D325F65 
 4812      6E645F5F 
 4812      00
 4813 0561 00       		.ascii	"\000"
 4814 0562 02       		.ascii	"\002"
 4815 0563 00       		.ascii	"\000"
 4816 0564 00000000 		.ascii	"\000\000\000\000\000\000\000\000"
 4816      00000000 
 4817 056c 7A040000 		.ascii	"z\004\000\000"
 4818 0570 5F5F7261 		.ascii	"__ram3_base__\000"
 4818      6D335F62 
 4818      6173655F 
 4818      5F00
 4819 057e 00       		.ascii	"\000"
 4820 057f 02       		.ascii	"\002"
 4821 0580 00       		.ascii	"\000"
 4822 0581 00000000 		.ascii	"\000\000\000\000\000\000\000\000"
 4822      00000000 
 4823 0589 74040000 		.ascii	"t\004\000\000"
 4824 058d 5F5F7261 		.ascii	"__ram3_end__\000"
 4824      6D335F65 
 4824      6E645F5F 
 4824      00
 4825 059a 00       		.ascii	"\000"
 4826 059b 02       		.ascii	"\002"
 4827 059c 00       		.ascii	"\000"
 4828 059d 00000000 		.ascii	"\000\000\000\000\000\000\000\000"
 4828      00000000 
 4829 05a5 76040000 		.ascii	"v\004\000\000"
 4830 05a9 5F5F7261 		.ascii	"__ram4_base__\000"
 4830      6D345F62 
 4830      6173655F 
ARM GAS  /tmp/ccVr2doo.s 			page 380


 4830      5F00
 4831 05b7 00       		.ascii	"\000"
 4832 05b8 02       		.ascii	"\002"
 4833 05b9 00       		.ascii	"\000"
 4834 05ba 00000000 		.ascii	"\000\000\000\000\000\000\000\000"
 4834      00000000 
 4835 05c2 70040000 		.ascii	"p\004\000\000"
 4836 05c6 5F5F7261 		.ascii	"__ram4_end__\000"
 4836      6D345F65 
 4836      6E645F5F 
 4836      00
 4837 05d3 00       		.ascii	"\000"
 4838 05d4 02       		.ascii	"\002"
 4839 05d5 00       		.ascii	"\000"
 4840 05d6 00000000 		.ascii	"\000\000\000\000\000\000\000\000"
 4840      00000000 
 4841 05de 72040000 		.ascii	"r\004\000\000"
 4842 05e2 5F5F7261 		.ascii	"__ram5_base__\000"
 4842      6D355F62 
 4842      6173655F 
 4842      5F00
 4843 05f0 00       		.ascii	"\000"
 4844 05f1 02       		.ascii	"\002"
 4845 05f2 00       		.ascii	"\000"
 4846 05f3 00000000 		.ascii	"\000\000\000\000\000\000\000\000"
 4846      00000000 
 4847 05fb 6C040000 		.ascii	"l\004\000\000"
 4848 05ff 5F5F7261 		.ascii	"__ram5_end__\000"
 4848      6D355F65 
 4848      6E645F5F 
 4848      00
 4849 060c 00       		.ascii	"\000"
 4850 060d 02       		.ascii	"\002"
 4851 060e 00       		.ascii	"\000"
 4852 060f 00000000 		.ascii	"\000\000\000\000\000\000\000\000"
 4852      00000000 
 4853 0617 6E040000 		.ascii	"n\004\000\000"
 4854 061b 5F5F7261 		.ascii	"__ram6_base__\000"
 4854      6D365F62 
 4854      6173655F 
 4854      5F00
 4855 0629 00       		.ascii	"\000"
 4856 062a 02       		.ascii	"\002"
 4857 062b 00       		.ascii	"\000"
 4858 062c 00000000 		.ascii	"\000\000\000\000\000\000\000\000"
 4858      00000000 
 4859 0634 68040000 		.ascii	"h\004\000\000"
 4860 0638 5F5F7261 		.ascii	"__ram6_end__\000"
 4860      6D365F65 
 4860      6E645F5F 
 4860      00
 4861 0645 00       		.ascii	"\000"
 4862 0646 02       		.ascii	"\002"
 4863 0647 00       		.ascii	"\000"
 4864 0648 00000000 		.ascii	"\000\000\000\000\000\000\000\000"
 4864      00000000 
 4865 0650 6A040000 		.ascii	"j\004\000\000"
ARM GAS  /tmp/ccVr2doo.s 			page 381


 4866 0654 5F5F7261 		.ascii	"__ram7_base__\000"
 4866      6D375F62 
 4866      6173655F 
 4866      5F00
 4867 0662 00       		.ascii	"\000"
 4868 0663 02       		.ascii	"\002"
 4869 0664 00       		.ascii	"\000"
 4870 0665 00000000 		.ascii	"\000\000\000\000\000\000\000\000"
 4870      00000000 
 4871 066d 64040000 		.ascii	"d\004\000\000"
 4872 0671 5F5F7261 		.ascii	"__ram7_end__\000"
 4872      6D375F65 
 4872      6E645F5F 
 4872      00
 4873 067e 00       		.ascii	"\000"
 4874 067f 02       		.ascii	"\002"
 4875 0680 00       		.ascii	"\000"
 4876 0681 00000000 		.ascii	"\000\000\000\000\000\000\000\000"
 4876      00000000 
 4877 0689 66040000 		.ascii	"f\004\000\000"
 4878 068d 5F5F7465 		.ascii	"__text_base__\000"
 4878      78745F62 
 4878      6173655F 
 4878      5F00
 4879 069b 00       		.ascii	"\000"
 4880 069c 02       		.ascii	"\002"
 4881 069d 00       		.ascii	"\000"
 4882 069e 00000000 		.ascii	"\000\000\000\000\000\000\000\000"
 4882      00000000 
 4883 06a6 60040000 		.ascii	"`\004\000\000"
 4884 06aa 5F5F7465 		.ascii	"__text_end__\000"
 4884      78745F65 
 4884      6E645F5F 
 4884      00
 4885 06b7 00       		.ascii	"\000"
 4886 06b8 02       		.ascii	"\002"
 4887 06b9 00       		.ascii	"\000"
 4888 06ba 00000000 		.ascii	"\000\000\000\000\000\000\000\000"
 4888      00000000 
 4889 06c2 62040000 		.ascii	"b\004\000\000"
 4890 06c6 5F5F726F 		.ascii	"__rodata_base__\000"
 4890      64617461 
 4890      5F626173 
 4890      655F5F00 
 4891 06d6 00       		.ascii	"\000"
 4892 06d7 02       		.ascii	"\002"
 4893 06d8 00       		.ascii	"\000"
 4894 06d9 00000000 		.ascii	"\000\000\000\000\000\000\000\000"
 4894      00000000 
 4895 06e1 5C040000 		.ascii	"\\\004\000\000"
 4896 06e5 5F5F726F 		.ascii	"__rodata_end__\000"
 4896      64617461 
 4896      5F656E64 
 4896      5F5F00
 4897 06f4 00       		.ascii	"\000"
 4898 06f5 02       		.ascii	"\002"
 4899 06f6 00       		.ascii	"\000"
ARM GAS  /tmp/ccVr2doo.s 			page 382


 4900 06f7 00000000 		.ascii	"\000\000\000\000\000\000\000\000"
 4900      00000000 
 4901 06ff 5E040000 		.ascii	"^\004\000\000"
 4902 0703 5F5F6461 		.ascii	"__data_base__\000"
 4902      74615F62 
 4902      6173655F 
 4902      5F00
 4903 0711 00       		.ascii	"\000"
 4904 0712 02       		.ascii	"\002"
 4905 0713 00       		.ascii	"\000"
 4906 0714 00000000 		.ascii	"\000\000\000\000\000\000\000\000"
 4906      00000000 
 4907 071c 58040000 		.ascii	"X\004\000\000"
 4908 0720 5F5F6461 		.ascii	"__data_end__\000"
 4908      74615F65 
 4908      6E645F5F 
 4908      00
 4909 072d 00       		.ascii	"\000"
 4910 072e 02       		.ascii	"\002"
 4911 072f 00       		.ascii	"\000"
 4912 0730 00000000 		.ascii	"\000\000\000\000\000\000\000\000"
 4912      00000000 
 4913 0738 5A040000 		.ascii	"Z\004\000\000"
 4914 073c 5F5F6273 		.ascii	"__bss_base__\000"
 4914      735F6261 
 4914      73655F5F 
 4914      00
 4915 0749 00       		.ascii	"\000"
 4916 074a 02       		.ascii	"\002"
 4917 074b 00       		.ascii	"\000"
 4918 074c 00000000 		.ascii	"\000\000\000\000\000\000\000\000"
 4918      00000000 
 4919 0754 54040000 		.ascii	"T\004\000\000"
 4920 0758 5F5F6273 		.ascii	"__bss_end__\000"
 4920      735F656E 
 4920      645F5F00 
 4921 0764 00       		.ascii	"\000"
 4922 0765 02       		.ascii	"\002"
 4923 0766 00       		.ascii	"\000"
 4924 0767 00000000 		.ascii	"\000\000\000\000\000\000\000\000"
 4924      00000000 
 4925 076f 56040000 		.ascii	"V\004\000\000"
 4926 0773 6D6F6475 		.ascii	"moduleShellPrompt\000"
 4926      6C655368 
 4926      656C6C50 
 4926      726F6D70 
 4926      7400
 4927 0785 00       		.ascii	"\000"
 4928 0786 02       		.ascii	"\002"
 4929 0787 00       		.ascii	"\000"
 4930 0788 00000000 		.ascii	"\000\000\000\000\000\000\000\000"
 4930      00000000 
 4931 0790 18060000 		.ascii	"\030\006\000\000"
 4932 0794 52544344 		.ascii	"RTCD1\000"
 4932      3100
 4933 079a 00       		.ascii	"\000"
 4934 079b 02       		.ascii	"\002"
ARM GAS  /tmp/ccVr2doo.s 			page 383


 4935 079c 00       		.ascii	"\000"
 4936 079d 00000000 		.ascii	"\000\000\000\000\000\000\000\000"
 4936      00000000 
 4937 07a5 D4040000 		.ascii	"\324\004\000\000"
 4938 07a9 53797374 		.ascii	"SystemCoreClock\000"
 4938      656D436F 
 4938      7265436C 
 4938      6F636B00 
 4939 07b9 00       		.ascii	"\000"
 4940 07ba 02       		.ascii	"\002"
 4941 07bb 00       		.ascii	"\000"
 4942 07bc 00000000 		.ascii	"\000\000\000\000\000\000\000\000"
 4942      00000000 
 4943 07c4 1A060000 		.ascii	"\032\006\000\000"
 4944 07c8 63685F73 		.ascii	"ch_system\000"
 4944      79737465 
 4944      6D00
 4945 07d2 00       		.ascii	"\000"
 4946 07d3 02       		.ascii	"\002"
 4947 07d4 00       		.ascii	"\000"
 4948 07d5 00000000 		.ascii	"\000\000\000\000\000\000\000\000"
 4948      00000000 
 4949 07dd 2A060000 		.ascii	"*\006\000\000"
 4950 07e1 6D6F6475 		.ascii	"moduleShellSerialCanChannel\000"
 4950      6C655368 
 4950      656C6C53 
 4950      65726961 
 4950      6C43616E 
 4951 07fd 00       		.ascii	"\000"
 4952 07fe 02       		.ascii	"\002"
 4953 07ff 00       		.ascii	"\000"
 4954 0800 00000000 		.ascii	"\000\000\000\000\000\000\000\000"
 4954      00000000 
 4955 0808 E3040000 		.ascii	"\343\004\000\000"
 4956 080c 6D6F6475 		.ascii	"moduleHalSerialCAN\000"
 4956      6C654861 
 4956      6C536572 
 4956      69616C43 
 4956      414E00
 4957 081f 00       		.ascii	"\000"
 4958 0820 02       		.ascii	"\002"
 4959 0821 00       		.ascii	"\000"
 4960 0822 00000000 		.ascii	"\000\000\000\000\000\000\000\000"
 4960      00000000 
 4961 082a 73050000 		.ascii	"s\005\000\000"
 4962 082e 63685379 		.ascii	"chSysHalt\000"
 4962      7348616C 
 4962      7400
 4963 0838 00       		.ascii	"\000"
 4964 0839 02       		.ascii	"\002"
 4965 083a 00       		.ascii	"\000"
 4966 083b 00000000 		.ascii	"\000\000\000\000\000\000\000\000"
 4966      00000000 
 4967 0843 57030000 		.ascii	"W\003\000\000"
 4968 0847 5F5F6462 		.ascii	"__dbg_check_unlock\000"
 4968      675F6368 
 4968      65636B5F 
ARM GAS  /tmp/ccVr2doo.s 			page 384


 4968      756E6C6F 
 4968      636B00
 4969 085a 00       		.ascii	"\000"
 4970 085b 02       		.ascii	"\002"
 4971 085c 00       		.ascii	"\000"
 4972 085d 00000000 		.ascii	"\000\000\000\000\000\000\000\000"
 4972      00000000 
 4973 0865 61030000 		.ascii	"a\003\000\000"
 4974 0869 74657374 		.ascii	"test_execute_stream\000"
 4974      5F657865 
 4974      63757465 
 4974      5F737472 
 4974      65616D00 
 4975 087d 00       		.ascii	"\000"
 4976 087e 02       		.ascii	"\002"
 4977 087f 00       		.ascii	"\000"
 4978 0880 00000000 		.ascii	"\000\000\000\000\000\000\000\000"
 4978      00000000 
 4979 0888 6A030000 		.ascii	"j\003\000\000"
 4980 088c 63687072 		.ascii	"chprintf\000"
 4980      696E7466 
 4980      00
 4981 0895 00       		.ascii	"\000"
 4982 0896 02       		.ascii	"\002"
 4983 0897 00       		.ascii	"\000"
 4984 0898 00000000 		.ascii	"\000\000\000\000\000\000\000\000"
 4984      00000000 
 4985 08a0 6F030000 		.ascii	"o\003\000\000"
 4986 08a4 63685468 		.ascii	"chThdTerminate\000"
 4986      64546572 
 4986      6D696E61 
 4986      746500
 4987 08b3 00       		.ascii	"\000"
 4988 08b4 02       		.ascii	"\002"
 4989 08b5 00       		.ascii	"\000"
 4990 08b6 00000000 		.ascii	"\000\000\000\000\000\000\000\000"
 4990      00000000 
 4991 08be 73030000 		.ascii	"s\003\000\000"
 4992 08c2 63684576 		.ascii	"chEvtBroadcastFlags\000"
 4992      7442726F 
 4992      61646361 
 4992      7374466C 
 4992      61677300 
 4993 08d6 00       		.ascii	"\000"
 4994 08d7 02       		.ascii	"\002"
 4995 08d8 00       		.ascii	"\000"
 4996 08d9 00000000 		.ascii	"\000\000\000\000\000\000\000\000"
 4996      00000000 
 4997 08e1 7B030000 		.ascii	"{\003\000\000"
 4998 08e5 616F7353 		.ascii	"aosShellcmdCheckHelp\000"
 4998      68656C6C 
 4998      636D6443 
 4998      6865636B 
 4998      48656C70 
 4999 08fa 00       		.ascii	"\000"
 5000 08fb 02       		.ascii	"\002"
 5001 08fc 00       		.ascii	"\000"
ARM GAS  /tmp/ccVr2doo.s 			page 385


 5002 08fd 00000000 		.ascii	"\000\000\000\000\000\000\000\000"
 5002      00000000 
 5003 0905 90030000 		.ascii	"\220\003\000\000"
 5004 0909 63685654 		.ascii	"chVTDoSetI\000"
 5004      446F5365 
 5004      744900
 5005 0914 00       		.ascii	"\000"
 5006 0915 02       		.ascii	"\002"
 5007 0916 00       		.ascii	"\000"
 5008 0917 00000000 		.ascii	"\000\000\000\000\000\000\000\000"
 5008      00000000 
 5009 091f 92030000 		.ascii	"\222\003\000\000"
 5010 0923 63685654 		.ascii	"chVTDoResetI\000"
 5010      446F5265 
 5010      73657449 
 5010      00
 5011 0930 00       		.ascii	"\000"
 5012 0931 02       		.ascii	"\002"
 5013 0932 00       		.ascii	"\000"
 5014 0933 00000000 		.ascii	"\000\000\000\000\000\000\000\000"
 5014      00000000 
 5015 093b 96030000 		.ascii	"\226\003\000\000"
 5016 093f 63684462 		.ascii	"chDbgCheckClassI\000"
 5016      67436865 
 5016      636B436C 
 5016      61737349 
 5016      00
 5017 0950 00       		.ascii	"\000"
 5018 0951 02       		.ascii	"\002"
 5019 0952 00       		.ascii	"\000"
 5020 0953 00000000 		.ascii	"\000\000\000\000\000\000\000\000"
 5020      00000000 
 5021 095b 98030000 		.ascii	"\230\003\000\000"
 5022 095f 5F5F6462 		.ascii	"__dbg_check_unlock_from_isr\000"
 5022      675F6368 
 5022      65636B5F 
 5022      756E6C6F 
 5022      636B5F66 
 5023 097b 00       		.ascii	"\000"
 5024 097c 02       		.ascii	"\002"
 5025 097d 00       		.ascii	"\000"
 5026 097e 00000000 		.ascii	"\000\000\000\000\000\000\000\000"
 5026      00000000 
 5027 0986 9A030000 		.ascii	"\232\003\000\000"
 5028 098a 73744765 		.ascii	"stGetCounter\000"
 5028      74436F75 
 5028      6E746572 
 5028      00
 5029 0997 00       		.ascii	"\000"
 5030 0998 02       		.ascii	"\002"
 5031 0999 00       		.ascii	"\000"
 5032 099a 00000000 		.ascii	"\000\000\000\000\000\000\000\000"
 5032      00000000 
 5033 09a2 9F030000 		.ascii	"\237\003\000\000"
 5034 09a6 5F5F6462 		.ascii	"__dbg_check_lock_from_isr\000"
 5034      675F6368 
 5034      65636B5F 
ARM GAS  /tmp/ccVr2doo.s 			page 386


 5034      6C6F636B 
 5034      5F66726F 
 5035 09c0 00       		.ascii	"\000"
 5036 09c1 02       		.ascii	"\002"
 5037 09c2 00       		.ascii	"\000"
 5038 09c3 00000000 		.ascii	"\000\000\000\000\000\000\000\000"
 5038      00000000 
 5039 09cb A1030000 		.ascii	"\241\003\000\000"
 5040 09cf 63684576 		.ascii	"chEvtBroadcastFlagsI\000"
 5040      7442726F 
 5040      61646361 
 5040      7374466C 
 5040      61677349 
 5041 09e4 00       		.ascii	"\000"
 5042 09e5 02       		.ascii	"\002"
 5043 09e6 00       		.ascii	"\000"
 5044 09e7 00000000 		.ascii	"\000\000\000\000\000\000\000\000"
 5044      00000000 
 5045 09ef A3030000 		.ascii	"\243\003\000\000"
 5046 09f3 63687670 		.ascii	"chvprintf\000"
 5046      72696E74 
 5046      6600
 5047 09fd 00       		.ascii	"\000"
 5048 09fe 02       		.ascii	"\002"
 5049 09ff 00       		.ascii	"\000"
 5050 0a00 00000000 		.ascii	"\000\000\000\000\000\000\000\000"
 5050      00000000 
 5051 0a08 B4030000 		.ascii	"\264\003\000\000"
 5052 0a0c 706F7766 		.ascii	"powf\000"
 5052      00
 5053 0a11 00       		.ascii	"\000"
 5054 0a12 02       		.ascii	"\002"
 5055 0a13 00       		.ascii	"\000"
 5056 0a14 00000000 		.ascii	"\000\000\000\000\000\000\000\000"
 5056      00000000 
 5057 0a1c C1030000 		.ascii	"\301\003\000\000"
 5058 0a20 616F7353 		.ascii	"aosShellAddCommand\000"
 5058      68656C6C 
 5058      41646443 
 5058      6F6D6D61 
 5058      6E6400
 5059 0a33 00       		.ascii	"\000"
 5060 0a34 02       		.ascii	"\002"
 5061 0a35 00       		.ascii	"\000"
 5062 0a36 00000000 		.ascii	"\000\000\000\000\000\000\000\000"
 5062      00000000 
 5063 0a3e C9030000 		.ascii	"\311\003\000\000"
 5064 0a42 616F7353 		.ascii	"aosShellObjectInit\000"
 5064      68656C6C 
 5064      4F626A65 
 5064      6374496E 
 5064      697400
 5065 0a55 00       		.ascii	"\000"
 5066 0a56 02       		.ascii	"\002"
 5067 0a57 00       		.ascii	"\000"
 5068 0a58 00000000 		.ascii	"\000\000\000\000\000\000\000\000"
 5068      00000000 
ARM GAS  /tmp/ccVr2doo.s 			page 387


 5069 0a60 D2030000 		.ascii	"\322\003\000\000"
 5070 0a64 616F7353 		.ascii	"aosShellInit\000"
 5070      68656C6C 
 5070      496E6974 
 5070      00
 5071 0a71 00       		.ascii	"\000"
 5072 0a72 02       		.ascii	"\002"
 5073 0a73 00       		.ascii	"\000"
 5074 0a74 00000000 		.ascii	"\000\000\000\000\000\000\000\000"
 5074      00000000 
 5075 0a7c D4030000 		.ascii	"\324\003\000\000"
 5076 0a80 616F734F 		.ascii	"aosOStreamInit\000"
 5076      53747265 
 5076      616D496E 
 5076      697400
 5077 0a8f 00       		.ascii	"\000"
 5078 0a90 02       		.ascii	"\002"
 5079 0a91 00       		.ascii	"\000"
 5080 0a92 00000000 		.ascii	"\000\000\000\000\000\000\000\000"
 5080      00000000 
 5081 0a9a DB030000 		.ascii	"\333\003\000\000"
 5082 0a9e 616F7353 		.ascii	"aosSsspInit\000"
 5082      73737049 
 5082      6E697400 
 5083 0aaa 00       		.ascii	"\000"
 5084 0aab 02       		.ascii	"\002"
 5085 0aac 00       		.ascii	"\000"
 5086 0aad 00000000 		.ascii	"\000\000\000\000\000\000\000\000"
 5086      00000000 
 5087 0ab5 DD030000 		.ascii	"\335\003\000\000"
 5088 0ab9 63685468 		.ascii	"chThdSetPriority\000"
 5088      64536574 
 5088      5072696F 
 5088      72697479 
 5088      00
 5089 0aca 00       		.ascii	"\000"
 5090 0acb 02       		.ascii	"\002"
 5091 0acc 00       		.ascii	"\000"
 5092 0acd 00000000 		.ascii	"\000\000\000\000\000\000\000\000"
 5092      00000000 
 5093 0ad5 E3030000 		.ascii	"\343\003\000\000"
 5094 0ad9 63684462 		.ascii	"chDbgCheckClassS\000"
 5094      67436865 
 5094      636B436C 
 5094      61737353 
 5094      00
 5095 0aea 00       		.ascii	"\000"
 5096 0aeb 02       		.ascii	"\002"
 5097 0aec 00       		.ascii	"\000"
 5098 0aed 00000000 		.ascii	"\000\000\000\000\000\000\000\000"
 5098      00000000 
 5099 0af5 E5030000 		.ascii	"\345\003\000\000"
 5100 0af9 72746343 		.ascii	"rtcConvertDateTimeToStructTm\000"
 5100      6F6E7665 
 5100      72744461 
 5100      74655469 
 5100      6D65546F 
ARM GAS  /tmp/ccVr2doo.s 			page 388


 5101 0b16 00       		.ascii	"\000"
 5102 0b17 02       		.ascii	"\002"
 5103 0b18 00       		.ascii	"\000"
 5104 0b19 00000000 		.ascii	"\000\000\000\000\000\000\000\000"
 5104      00000000 
 5105 0b21 EF030000 		.ascii	"\357\003\000\000"
 5106 0b25 72746347 		.ascii	"rtcGetTime\000"
 5106      65745469 
 5106      6D6500
 5107 0b30 00       		.ascii	"\000"
 5108 0b31 02       		.ascii	"\002"
 5109 0b32 00       		.ascii	"\000"
 5110 0b33 00000000 		.ascii	"\000\000\000\000\000\000\000\000"
 5110      00000000 
 5111 0b3b F9030000 		.ascii	"\371\003\000\000"
 5112 0b3f 5F5F6462 		.ascii	"__dbg_check_lock\000"
 5112      675F6368 
 5112      65636B5F 
 5112      6C6F636B 
 5112      00
 5113 0b50 00       		.ascii	"\000"
 5114 0b51 02       		.ascii	"\002"
 5115 0b52 00       		.ascii	"\000"
 5116 0b53 00000000 		.ascii	"\000\000\000\000\000\000\000\000"
 5116      00000000 
 5117 0b5b FB030000 		.ascii	"\373\003\000\000"
 5118 0b5f 616F7353 		.ascii	"aosShellStart\000"
 5118      68656C6C 
 5118      53746172 
 5118      7400
 5119 0b6d 00       		.ascii	"\000"
 5120 0b6e 02       		.ascii	"\002"
 5121 0b6f 00       		.ascii	"\000"
 5122 0b70 00000000 		.ascii	"\000\000\000\000\000\000\000\000"
 5122      00000000 
 5123 0b78 00040000 		.ascii	"\000\004\000\000"
 5124 0b7c 616F7353 		.ascii	"aosShellStreamAddChannel\000"
 5124      68656C6C 
 5124      53747265 
 5124      616D4164 
 5124      64436861 
 5125 0b95 00       		.ascii	"\000"
 5126 0b96 02       		.ascii	"\002"
 5127 0b97 00       		.ascii	"\000"
 5128 0b98 00000000 		.ascii	"\000\000\000\000\000\000\000\000"
 5128      00000000 
 5129 0ba0 08040000 		.ascii	"\010\004\000\000"
 5130 0ba4 616F7353 		.ascii	"aosShellChannelInit\000"
 5130      68656C6C 
 5130      4368616E 
 5130      6E656C49 
 5130      6E697400 
 5131 0bb8 00       		.ascii	"\000"
 5132 0bb9 02       		.ascii	"\002"
 5133 0bba 00       		.ascii	"\000"
 5134 0bbb 00000000 		.ascii	"\000\000\000\000\000\000\000\000"
 5134      00000000 
ARM GAS  /tmp/ccVr2doo.s 			page 389


 5135 0bc3 14040000 		.ascii	"\024\004\000\000"
 5136 0bc7 72746353 		.ascii	"rtcSetTime\000"
 5136      65745469 
 5136      6D6500
 5137 0bd2 00       		.ascii	"\000"
 5138 0bd3 02       		.ascii	"\002"
 5139 0bd4 00       		.ascii	"\000"
 5140 0bd5 00000000 		.ascii	"\000\000\000\000\000\000\000\000"
 5140      00000000 
 5141 0bdd 19040000 		.ascii	"\031\004\000\000"
 5142 0be1 72746343 		.ascii	"rtcConvertStructTmToDateTime\000"
 5142      6F6E7665 
 5142      72745374 
 5142      72756374 
 5142      546D546F 
 5143 0bfe 00       		.ascii	"\000"
 5144 0bff 02       		.ascii	"\002"
 5145 0c00 00       		.ascii	"\000"
 5146 0c01 00000000 		.ascii	"\000\000\000\000\000\000\000\000"
 5146      00000000 
 5147 0c09 21040000 		.ascii	"!\004\000\000"
 5148 0c0d 616F7354 		.ascii	"aosTimeDayOfWeekFromDate\000"
 5148      696D6544 
 5148      61794F66 
 5148      5765656B 
 5148      46726F6D 
 5149 0c26 00       		.ascii	"\000"
 5150 0c27 02       		.ascii	"\002"
 5151 0c28 00       		.ascii	"\000"
 5152 0c29 00000000 		.ascii	"\000\000\000\000\000\000\000\000"
 5152      00000000 
 5153 0c31 2A040000 		.ascii	"*\004\000\000"
 5154 0c35 61746F69 		.ascii	"atoi\000"
 5154      00
 5155 0c3a 00       		.ascii	"\000"
 5156 0c3b 02       		.ascii	"\002"
 5157 0c3c 00       		.ascii	"\000"
 5158 0c3d 00000000 		.ascii	"\000\000\000\000\000\000\000\000"
 5158      00000000 
 5159 0c45 2E040000 		.ascii	".\004\000\000"
 5160 0c49 616F7353 		.ascii	"aosSsspShutdownInit\000"
 5160      73737053 
 5160      68757464 
 5160      6F776E49 
 5160      6E697400 
 5161 0c5d 00       		.ascii	"\000"
 5162 0c5e 02       		.ascii	"\002"
 5163 0c5f 00       		.ascii	"\000"
 5164 0c60 00000000 		.ascii	"\000\000\000\000\000\000\000\000"
 5164      00000000 
 5165 0c68 32040000 		.ascii	"2\004\000\000"
 5166 0c6c 63685468 		.ascii	"chThdYield\000"
 5166      64596965 
 5166      6C6400
 5167 0c77 00       		.ascii	"\000"
 5168 0c78 02       		.ascii	"\002"
 5169 0c79 00       		.ascii	"\000"
ARM GAS  /tmp/ccVr2doo.s 			page 390


 5170 0c7a 00000000 		.ascii	"\000\000\000\000\000\000\000\000"
 5170      00000000 
 5171 0c82 34040000 		.ascii	"4\004\000\000"
 5172 0c86 5F5F6462 		.ascii	"__dbg_check_disable\000"
 5172      675F6368 
 5172      65636B5F 
 5172      64697361 
 5172      626C6500 
 5173 0c9a 00       		.ascii	"\000"
 5174 0c9b 02       		.ascii	"\002"
 5175 0c9c 00       		.ascii	"\000"
 5176 0c9d 00000000 		.ascii	"\000\000\000\000\000\000\000\000"
 5176      00000000 
 5177 0ca5 36040000 		.ascii	"6\004\000\000"
 5178 0ca9 69727144 		.ascii	"irqDeinit\000"
 5178      65696E69 
 5178      7400
 5179 0cb3 00       		.ascii	"\000"
 5180 0cb4 02       		.ascii	"\002"
 5181 0cb5 00       		.ascii	"\000"
 5182 0cb6 00000000 		.ascii	"\000\000\000\000\000\000\000\000"
 5182      00000000 
 5183 0cbe 38040000 		.ascii	"8\004\000\000"
 5184              		.text
 5185              		.section	.gnu.lto_.opts,"e",%progbits
 5186 0000 272D666E 		.ascii	"'-fno-openmp' '-fno-openacc' '-fno-pie' '-mcpu=cort"
 5186      6F2D6F70 
 5186      656E6D70 
 5186      2720272D 
 5186      666E6F2D 
 5187 0033 65782D6D 		.ascii	"ex-m4' '-mthumb' '-mfloat-abi=softfp' '-mfpu=fpv4-s"
 5187      34272027 
 5187      2D6D7468 
 5187      756D6227 
 5187      20272D6D 
 5188 0066 702D6431 		.ascii	"p-d16' '-march=armv7e-m+fp' '-O2' '-fstack-usage' '"
 5188      36272027 
 5188      2D6D6172 
 5188      63683D61 
 5188      726D7637 
 5189 0099 2D666675 		.ascii	"-ffunction-sections' '-fdata-sections' '-fno-common"
 5189      6E637469 
 5189      6F6E2D73 
 5189      65637469 
 5189      6F6E7327 
 5190 00cc 2720272D 		.ascii	"' '-flto' '-fshort-enums'\000"
 5190      666C746F 
 5190      2720272D 
 5190      6673686F 
 5190      72742D65 
 5191              		.text
 5192              		.comm	__gnu_lto_v1,1,1
 5193              		.comm	__gnu_lto_slim,1,1
 5194              		.ident	"GCC: (GNU Arm Embedded Toolchain 9-2020-q2-update) 9.3.1 20200408 (release)"
ARM GAS  /tmp/ccVr2doo.s 			page 391


DEFINED SYMBOLS
                            *ABS*:0000000000000000 aos_system.c
                            *COM*:0000000000000001 __gnu_lto_v1
                            *COM*:0000000000000001 __gnu_lto_slim

NO UNDEFINED SYMBOLS
