ARM GAS  /tmp/cc8akVqU.s 			page 1


   1              		.cpu cortex-m4
   2              		.eabi_attribute 27, 1
   3              		.eabi_attribute 20, 1
   4              		.eabi_attribute 21, 1
   5              		.eabi_attribute 23, 3
   6              		.eabi_attribute 24, 1
   7              		.eabi_attribute 25, 1
   8              		.eabi_attribute 26, 1
   9              		.eabi_attribute 30, 2
  10              		.eabi_attribute 34, 1
  11              		.eabi_attribute 18, 4
  12              		.file	"urt_service.c"
  13              		.section	.gnu.lto_.profile.82a1f4d210b50a54,"e",%progbits
  14 0000 789CE360 		.ascii	"x\234\343``\004B \000\000\000]\000\013"
  14      60044220 
  14      0000005D 
  14      000B
  15              		.text
  16              		.section	.gnu.lto_.icf.82a1f4d210b50a54,"e",%progbits
  17 0000 789CE360 		.ascii	"x\234\343``d\320b@\000v\206\265\357\177\3261.\333\324"
  17      6064D062 
  17      40007686 
  17      B5EF7FD6 
  17      312EDBD4 
  18 0014 97CEB464 		.ascii	"\227\316\264d\327\216y<\314O{\033_2\263l\235\361\177"
  18      D78E793C 
  18      CC4F7B1B 
  18      5F32B36C 
  18      9DF17F
  19 0027 3537EB96 		.ascii	"57\353\226I[\372y\330\376.\236>\217\205\001\000\272"
  19      495BFA79 
  19      D8FE2E9E 
  19      3E8F8501 
  19      00BA
  20 0039 9713BF   		.ascii	"\227\023\277"
  21              		.text
  22              		.section	.gnu.lto_.jmpfuncs.82a1f4d210b50a54,"e",%progbits
  23 0000 789CAD92 		.ascii	"x\234\255\2221\016\3020\014E\375m7M\001\251\007`\340"
  23      310EC230 
  23      0C45FD6D 
  23      374D01A9 
  23      0760E0
  24 0013 2A9C2C0C 		.ascii	"*\234,\014\354\025\033c\357\301\304I\270\002G\000\247"
  24      EC151B63 
  24      EFC1C449 
  24      B8024700 
  24      A7
  25 0024 B448A424 		.ascii	"\264H\244$e\300\322[\362\345o\347'\236@'\246w\325\304"
  25      65C0D25B 
  25      F2E56FE7 
  25      279E4027 
  25      A677D5C4 
  26 0038 801C7A21 		.ascii	"\200\034z!\003&\340\252 \343a\325B\316\202\356x\277"
  26      0326E0AA 
  26      20E361D5 
  26      42CE82EE 
  26      78BF
ARM GAS  /tmp/cc8akVqU.s 			page 2


  27 004a F94E7A61 		.ascii	"\371Nza\020.\330\016(\254Z\353\211\275jT\206c\015\224"
  27      102ED80E 
  27      28AC5AEB 
  27      89BD6A54 
  27      86630D94 
  28 005e 5810BB7D 		.ascii	"X\020\273}z\006\231|\270\212>\330\215F\265\341\215\306"
  28      7A06997C 
  28      B88A3ED8 
  28      8D46B5E1 
  28      8DC6
  29 0070 58951BB3 		.ascii	"X\225\033\263\212\323\220\212\263\235f;\346\347\024"
  29      8AD3908A 
  29      B39D663B 
  29      E6E714
  30 007f 97301139 		.ascii	"\2270\0219Qb\260x\335k\255_\202\321\200\337\367\320"
  30      5162B078 
  30      DD6BAD5F 
  30      82D180DF 
  30      F7D0
  31 0091 BFBA55E3 		.ascii	"\277\272U\343\243\307\2747\205\241K\271\271\217o\320"
  31      A3C7BC37 
  31      85A14BB9 
  31      B98F6FD0 
  32 00a1 4C2C8696 		.ascii	"L,\206\226\025\351\011y\312\261="
  32      15E90979 
  32      CAB13D
  33              		.text
  34              		.section	.gnu.lto_.inline.82a1f4d210b50a54,"e",%progbits
  35 0000 789C9553 		.ascii	"x\234\225SKO\024A\020\376\252\252w\031\206\205\014\242"
  35      4B4F1441 
  35      10FEAAAA 
  35      77198685 
  35      0CA2
  36 0012 272F7BF6 		.ascii	"'/{\366`\342\321\333\374\002\376\203\273#\210\227\345"
  36      60E2D1DB 
  36      FC02FE83 
  36      BB238897 
  36      E5
  37 0023 17985131 		.ascii	"\027\230Q1\342\222\300\036\030\365@\002H\010\011!\270"
  37      E292C01E 
  37      18F54002 
  37      48080921 
  37      B8
  38 0034 82A84188 		.ascii	"\202\250A\210k\242\311F\343\201\033>0D/\306\030\360"
  38      6BA2C946 
  38      E3811B3E 
  38      30442FC6 
  38      18F0
  39 0046 79D18BD5 		.ascii	"y\321\213\3253;\303\342\201\304\232\244^]\375uu\177"
  39      333BC3E2 
  39      81C49AA4 
  39      5E5DFD75 
  39      757F
  40 0058 350E0823 		.ascii	"5\016\010#\202L:\200\276\225\267\327^\363 1\025\011"
  40      824C3A80 
  40      BE95B7D7 
  40      5EF32031 
ARM GAS  /tmp/cc8akVqU.s 			page 3


  40      1509
  41 006a 02F255FB 		.ascii	"\002\362U\373\371\023_\3476Gy@+V\233\213+\0340\030\024"
  41      F9135FE7 
  41      36477940 
  41      2B569B8B 
  41      2B1C3018 
  42 007f AA708961 		.ascii	"\252p\211a2\037\006\274=\371\362\251\315:\234\372p,"
  42      321F06BC 
  42      3DF9F2A9 
  42      CD3A9CFA 
  42      702C
  43 0091 3677A9A2 		.ascii	"6w\251\242Z?\341\270\326\316\360\005\"\350\021\340\036"
  43      5A3FE1B8 
  43      D6CEF005 
  43      22E811E0 
  43      1E
  44 00a2 1BCA79C0 		.ascii	"\033\312y\300K\034\213\255\"\205\244>\335\3078\333x"
  44      4B1C8BAD 
  44      2285A43E 
  44      DDC738DB 
  44      78
  45 00b3 B7BECC43 		.ascii	"\267\276\314C\344rq\230N\237\004\027+\326Hq\370\226"
  45      E4727198 
  45      4E9F0417 
  45      2BD64871 
  45      F896
  46 00c5 D0F8D5FD 		.ascii	"\320\370\325\375\367\316\270LK'\201\326\311\246+\261"
  46      F7CEB84C 
  46      4B2781D6 
  46      C9A62BB1 
  47 00d5 3587975D 		.ascii	"5\207\227]]~\034\247+\261Mz\260J\2542V\271\247\246\237"
  47      5D7E1CA7 
  47      2BB14D7A 
  47      B04AAC32 
  47      56B9A7A6 
  48 00ea 6F7C17BD 		.ascii	"o|\027\275\356\261\373w\266>s\334\222\371\364\254>'"
  48      EEB1FB77 
  48      B63E73DC 
  48      92F9F4AC 
  48      3E27
  49 00fc 65840666 		.ascii	"e\204\006f\367\317fCJ\352\034d\035\310ls\351\221\224"
  49      F7CF6643 
  49      4AEA1C64 
  49      1DC86C73 
  49      E99194
  50 010f 3C78A09B 		.ascii	"<x\240\233\365\346<\237\363\030^\333F\017\271\251\215"
  50      F5E63C9F 
  50      F3185EDB 
  50      460FB9A9 
  50      8D
  51 0120 DF7B5CF6 		.ascii	"\337{\\\366\341\247%>\303\347\366\347I\255\351\326f"
  51      E1A7253E 
  51      C3E7F6E7 
  51      49ADE9D6 
  51      66
  52 0131 20B57EFB 		.ascii	" \265~\373\375\273\230Z\201\253oV\227A\242\204.\003"
  52      FDBB985A 
ARM GAS  /tmp/cc8akVqU.s 			page 4


  52      81AB6F56 
  52      9741A284 
  52      2E03
  53 0143 5CD6CC25 		.ascii	"\\\326\314% \0373r\004Q*\366\014p\373\001\006\335;w"
  53      201F3372 
  53      04512AF6 
  53      0C70FB01 
  53      06DD3B77 
  54 0157 AF476D80 		.ascii	"\257Gm\200&\301\371_\300\224\275\034z?\374\332\232\264"
  54      26C1F95F 
  54      C094BD1C 
  54      7A3FFCDA 
  54      9AB4
  55 0169 8048007B 		.ascii	"\200H\000{\252\313\023\221\245\333\261;\345h\300\354"
  55      AACB1391 
  55      A5DBB13B 
  55      E568C0EC 
  56 0179 A2851438 		.ascii	"\242\205\0248\2173\363\273\325\031\276H.\351\030X\206"
  56      8F33F3BB 
  56      D519BE48 
  56      2EE91858 
  56      86
  57 018a A9C534B7 		.ascii	"\251\3054\267bn\305\322\212\323I\240\303T\307\314w\365"
  57      626EC5D2 
  57      8AD349A0 
  57      C354C7CC 
  57      77F5
  58 019c 8D8461C4 		.ascii	"\215\204a\304C@\347\253\205\033K<`\333q\366\037n?\320"
  58      4340E7AB 
  58      851B4B3C 
  58      60DB71F6 
  58      1F6E3FD0 
  59 01b0 16430D16 		.ascii	"\026C\015\026\336TW\271l\342\326\322@{+\374\210\306"
  59      DE5457B9 
  59      6CE2D6D2 
  59      407B2BFC 
  59      88C6
  60 01c2 9AFA43D8 		.ascii	"\232\372C\330ih|\373x\217\203\204\354\374\227\265+/"
  60      69687CFB 
  60      788F8384 
  60      ECFC97B5 
  60      2B2F
  61 01d4 24B043E0 		.ascii	"$\260C\340\375\214\306Fu\210t4r;k\263O8H\310\356\250"
  61      FD8CC646 
  61      75887434 
  61      723B6BB3 
  61      4F3848C8 
  62 01ea 4DEDDD96 		.ascii	"M\355\335\226\300\016Av\303\211\214\001\374\005\207"
  62      C00E4176 
  62      C3898C01 
  62      FC0587
  63 01f9 55C7CB   		.ascii	"U\307\313"
  64              		.text
  65              		.section	.gnu.lto_.pureconst.82a1f4d210b50a54,"e",%progbits
  66 0000 789C05C1 		.ascii	"x\234\005\301\011\001\000 \014\304\260\016\312\243\000"
  66      09010020 
  66      0CC4B00E 
ARM GAS  /tmp/cc8akVqU.s 			page 5


  66      CAA300
  67 000f EF3BB524 		.ascii	"\357;\265$\227\342\001\207\266\342\210\263\265]q\307"
  67      97E20187 
  67      B6E288B3 
  67      B55D71C7 
  68 001f 0F33EB04 		.ascii	"\0173\353\004\213"
  68      8B
  69              		.text
  70              		.section	.gnu.lto__urt_service_acquireRequestCheck.82a1f4d210b50a54,"e",%progbits
  71 0000 789C9553 		.ascii	"x\234\225SKL\224W\024>\337\177\357\377\230aF\373\260"
  71      4B4C9457 
  71      143EDF7F 
  71      EFFF9861 
  71      46FBB0
  72 0013 F1318BB2 		.ascii	"\3611\213\262\243\032\353\220\264\253n\224\032\223\246"
  72      A31AEB90 
  72      B4AB6E94 
  72      1A93A6
  73 0022 891B746F 		.ascii	"\211\033to\014L\342$\032\011\240.\272\360Bi\033\225"
  73      0C4CE224 
  73      1A09A02E 
  73      BAF04269 
  73      1B95
  74 0034 A0B14305 		.ascii	"\240\261C\005\3148Q$\270\021|U\215\242\035\301\027\017"
  74      CC385124 
  74      B8117C55 
  74      8DA21DC1 
  74      170F
  75 0046 852A3E6A 		.ascii	"\205*>j\014\320\212\023\013\246\215\011%\246\013\306"
  75      0CD08A13 
  75      0BA68D09 
  75      25A60BC6 
  76 0056 73FF3B83 		.ascii	"s\377;\203&\352\202?\371O\356y|\337y\334s=\002MJ\242"
  76      26EA823F 
  76      F94FEE79 
  76      7CDF79DC 
  76      733D024D 
  77 006c F544B499 		.ascii	"\365D\264\231\177x\004K)\265\312\255\361,K\364\237j"
  77      7F78044B 
  77      29B5CAAD 
  77      F12C4BF4 
  77      9F6A
  78 007e FE4CAAA0 		.ascii	"\376L\252\240\374\365Vf\241T!a\271\317[\377\374D[\022"
  78      FCF55666 
  78      A1542161 
  78      B9CF5BFF 
  78      FC445B12 
  79 0092 8F0F2D63 		.ascii	"\217\017-c\213\264\234\226\323\231\345l\2613\003\315"
  79      8BB49C96 
  79      D399E56C 
  79      B13303CD 
  80 00a2 1FB3C586 		.ascii	"\037\263\305\206\223\303;ps'\027\360O\312\003\355\264"
  80      93C33B70 
  80      732717F0 
  80      4FCA03ED 
  80      B4
  81 00b3 84B41D17 		.ascii	"\204\264\035\027;\261W\034\020h\334u\361Axi\273R\265"
ARM GAS  /tmp/cc8akVqU.s 			page 6


  81      3BB1571C 
  81      1068DC75 
  81      F1417869 
  81      BB52B5
  82 00c6 2A7DE017 		.ascii	"*}\340\027\347\320\211!%R\202\250Y\020\276\210\2408"
  82      E7D08921 
  82      255282A8 
  82      5910BE88 
  82      A038
  83 00d8 42FAC305 		.ascii	"B\372\303\005,\345\340\221\332\344\313P\003\373\001"
  83      2CE5E091 
  83      DAE4CB50 
  83      03FB01
  84 00e7 C96AA2EF 		.ascii	"\311j\242\357LoP\253\026\012Y\375qf\374\251\024_\203"
  84      4C6F50AB 
  84      160A59FD 
  84      7166FCA9 
  84      145F83
  85 00fa F8FCD7EE 		.ascii	"\370\374\327\356\354\321`Q\233\332\307\264\303\213["
  85      ECD16051 
  85      9BDAC7B4 
  85      C38B5B
  86 0109 545AA684 		.ascii	"TZ\246\204\300%\010\315\333\205\010.\202\231\331\306"
  86      C02508CD 
  86      DB85082E 
  86      8299D9C6 
  87 0119 DC9751C4 		.ascii	"\334\227Q\304\210\311#\335\347l\361\255\217\3166L\015"
  87      88C923DD 
  87      E76CF1AD 
  87      8FCE364C 
  87      0D
  88 012a 891C7AE0 		.ascii	"\211\034z\340S\203\226\370\355-4\017\016i\024\221\237"
  88      538396F8 
  88      ED2D340F 
  88      0E691491 
  88      9F
  89 013b F1E44C63 		.ascii	"\361\344Lc\330\221\272p]\360\0258<Z\242\316;vZ\315d"
  89      D891BA70 
  89      5DF01538 
  89      3C5AA2CE 
  89      3B765ACD 
  90 0150 7F52E9CC 		.ascii	"\177R\351\314\242\303\377\205\346\203a\266\305\302\021"
  90      A2C3FF85 
  90      E68361B6 
  90      C5C211
  91 015f 2C5CA985 		.ascii	",\\\251\205\315\302s\264\303\325\016\217\005\005\264"
  91      CDC273B4 
  91      C3D50E8F 
  91      0505B4
  92 016e 0841D387 		.ascii	"\010A\323\207\241K$\332#\210\247\250$T\232\250^XF\251"
  92      A14B24DA 
  92      2388A7A8 
  92      24549AA8 
  92      5E5846A9 
  93 0182 616502B5 		.ascii	"ae\002\265]\1777\264\006u\326\244\000W\323\360\375\277"
  93      5D7F37B4 
  93      0675D6A4 
ARM GAS  /tmp/cc8akVqU.s 			page 7


  93      0057D3F0 
  93      FDBF
  94 0194 239E1E8D 		.ascii	"#\236\036\215\364\033J?:\361\307\2746\264\3260\2440"
  94      F41B4A3F 
  94      3AF1C7BC 
  94      36B4D630 
  94      A430
  95 01a6 25024911 		.ascii	"%\002I\021B\267\356\201}\035\347\332\007\303\305\035"
  95      42B7EE81 
  95      7D1DE7DA 
  95      07C3C51D 
  96 01b6 6A9FEF0A 		.ascii	"j\237\357\012\242\007mh2M\\E\261\317\335\373\225a\266"
  96      A2076D68 
  96      324D5C45 
  96      B1CFDDFB 
  96      9561B6
  97 01c9 DE640EBE 		.ascii	"\336d\016\276\213\271\200\323\343Z\216\271&5z\336af"
  97      8BB980D3 
  97      E35A8EB9 
  97      26357ADE 
  97      6166
  98 01db E37270DD 		.ascii	"\343rp\335g\326S\301\015f~\212\272\321\236/s\314I\021"
  98      67D653C1 
  98      0D667E8A 
  98      BAD19E2F 
  98      73CC4911 
  99 01ef F66FBA5E 		.ascii	"\366o\272^\210\207\211\376+\226\356\013~_{\237\300\304"
  99      888789FE 
  99      2B96EE0B 
  99      7E5F7B9F 
  99      C0C4
 100 0201 8839A50B 		.ascii	"\2109\245\013\341\246\237\316\"\337yv\270\263/0\353"
 100      E1A69FCE 
 100      22DF7976 
 100      B8B32F30 
 100      EB
 101 0212 0CA317C5 		.ascii	"\014\243\027\305M\372\366\011}\371&\2773i\344\234\346"
 101      4DFAF609 
 101      7DF926BF 
 101      3369E49C 
 101      E6
 102 0223 350FFD7E 		.ascii	"5\017\375~\032i\322\014\366\377\334\211Y\347|\014\314"
 102      1A69D20C 
 102      F6FFDC89 
 102      59E77C0C 
 102      CC
 103 0234 A6B995EF 		.ascii	"\246\271\225\357x\272\351r\276\241\244\017\323M\313"
 103      78BAE972 
 103      BEA1A40F 
 103      D34DCB
 104 0243 833DC3FB 		.ascii	"\203=\303\373E\3762\023\273\217\237^`b\35495\375\001"
 104      45FE3213 
 104      BB8F9F5E 
 104      6062EC39 
 104      35FD01
 105 0256 6EFBD5D8 		.ascii	"n\373\325\330\246\232\256\321\361SV\035js@\017\203\\"
 105      A69AAED1 
ARM GAS  /tmp/cc8akVqU.s 			page 8


 105      F153561D 
 105      6A73400F 
 105      835C
 106 0268 04610875 		.ascii	"\004a\010u\240\347\250+\364\267\224\343\222\307\006"
 106      A0E7A82B 
 106      F4B794E3 
 106      92C706
 107 0277 B2011DE7 		.ascii	"\262\001\035\347\245\304\207\315\372\206\360\273\216"
 107      A5C487CD 
 107      FA86F0BB 
 107      8E
 108 0284 E1F429F1 		.ascii	"\341\364)\361\221Y\257\203O\012LE\316\034\367\351\316"
 108      9159AF83 
 108      4F0A4C45 
 108      CE1CF7E9 
 108      CE
 109 0295 EB7DBA9B 		.ascii	"\353}\272\233\037\3657\206\312}gs\316{\027h\370\365"
 109      1FF53786 
 109      CA7D6773 
 109      CE7B1768 
 109      F8F5
 110 02a7 02DD33E3 		.ascii	"\002\3353\343|\3263\276$\307\225\337\240=\302nLd^\222"
 110      7CD633BE 
 110      24C795DF 
 110      A03DC26E 
 110      4C645E92 
 111 02bb 1EA6552F 		.ascii	"\036\246U/\234\331\311J\232F\200Y\217O\265\267\333z"
 111      9CD9C94A 
 111      9A468059 
 111      8F4FB5B7 
 111      DB7A
 112 02cd 83092F80 		.ascii	"\203\011/\200\373\210H\275\327\023?t\014\026\030\353"
 112      FB8848BD 
 112      D7133F74 
 112      0C1618EB 
 113 02dd 14F00011 		.ascii	"\024\360\000\021~\245\365\302\315\362g\356\345\037X"
 113      7EA5F5C2 
 113      CDF267EE 
 113      E51F58
 114 02ec 3C108F33 		.ascii	"<\020\2173L\303{\363!\360;\307CDDKf\014I\021p\376\317"
 114      4CC37BF3 
 114      21F03BC7 
 114      4344444B 
 114      660C4911 
 115 0303 8C2DE12A 		.ascii	"\214-\341*`\240\372\261\022\255\214n\332\272%\026\255"
 115      60A0FAB1 
 115      12AD8C6E 
 115      DABA2516 
 115      AD
 116 0314 8857474B 		.ascii	"\210WGK\326\255\331PZ\262zM\264dm\274t\353\347%\025"
 116      D6ADD950 
 116      5AB27A4D 
 116      B4646DBC 
 116      74EBE725 
 117 0329 1555D12D 		.ascii	"\025U\321-\361\362\362\315\261\035\033+c\321m\245\353"
 117      F1F2F2CD 
 117      B11D1B2B 
ARM GAS  /tmp/cc8akVqU.s 			page 9


 117      63D16DA5 
 117      EB
 118 033a A3559565 		.ascii	"\243U\225e\321m\225\325\033\252b\225\333\343e\261\025"
 118      D16D95D5 
 118      1BAA6295 
 118      DBE365B1 
 118      15
 119 034b 65E4E68E 		.ascii	"e\344\346\216\301\362xU\305\306\352\262M\261\362W+\216"
 119      C1F27855 
 119      C5C6EAB2 
 119      4DB1F257 
 119      2B8E
 120 035d C479     		.ascii	"\304y"
 121              		.text
 122              		.section	.gnu.lto_urtServiceInit.82a1f4d210b50a54,"e",%progbits
 123 0000 789C9D94 		.ascii	"x\234\235\224_L\233U\030\306\317\363\235\257_\377\254"
 123      5F4C9B55 
 123      18C6CFF3 
 123      9DAF5FFF 
 123      AC
 124 0011 A5889A18 		.ascii	"\245\210\232\030Q\323\013\027\262\013m\023/\275\230"
 124      51D30B17 
 124      B20B6D13 
 124      2FBD98
 125 0020 687663B2 		.ascii	"hvc\262\304\340n\274\"\004\232\254*\031i\313\274\334"
 125      C4E06EBC 
 125      22049AAC 
 125      2A1969CB 
 125      BCDC
 126 0032 A1B01904 		.ascii	"\241\260\031\004\267%\262@\211]Y\220\301\215\016\215"
 126      B725B240 
 126      895D5990 
 126      C18D0E8D 
 127 0042 59CC0057 		.ascii	"Y\314\000WE\366\007q\262\271?nNP\012\332V\006\270\033"
 127      45F60771 
 127      B2B93F6E 
 127      4E500ADA 
 127      5606B81B 
 128 0056 E785E0FB 		.ascii	"\347\205\340\373~_G\255h\215%i\370N\277\363<\277\367"
 128      7E5F47AD 
 128      688D2569 
 128      F84EBFF3 
 128      3CBFF7
 129 0069 7DCEDBE3 		.ascii	"}\316\333\343\020\020q\273\020\365B\210g\351\003\233"
 129      101071BB 
 129      10F54288 
 129      67E9039B 
 130 0079 80A6947A 		.ascii	"\200\246\224z\316\336\346\3204IO>]\271t\353\277[B\317"
 130      CEDEE6D0 
 130      34494F3E 
 130      5DB974EB 
 130      BF5B42CF 
 131 008d BFD301F3 		.ascii	"\277\323\001\363I9 \016hR\307\001\034\221\275\022\307"
 131      4939200E 
 131      6852C701 
 131      1C91BD12 
 131      C7
ARM GAS  /tmp/cc8akVqU.s 			page 10


 132 009e 3AC76E78 		.ascii	":\307nxv\014+\025S\251\336\343\366\343\243\263J&\245"
 132      760C2B15 
 132      53A9DEE3 
 132      F6E3A3B3 
 132      4A26A5
 133 00b1 107129F0 		.ascii	"\020q)\360L5\002\325\202\377p\006;h\363\\,q\317}\230"
 133      4C3502D5 
 133      82FF7006 
 133      3B68F35C 
 133      2C71CF7D 
 134 00c6 DE033A2D 		.ascii	"\336\003:-{\246?\276\350\342\245\006\037-\017\255/."
 134      7BA63FBE 
 134      E8E2A506 
 134      1F2D0FAD 
 134      2F2E
 135 00d8 E9F27908 		.ascii	"\351\362y\010z\356]\273\360.j\206L\333\305!\251\236"
 135      7AEE5DBB 
 135      F02E6A86 
 135      4CDBC521 
 135      A99E
 136 00ea 4C4A8909 		.ascii	"LJ\211\011H\266\035G5\306@\306\364\035Y\177\212\032"
 136      48B61D47 
 136      35C640C6 
 136      F41D597F 
 136      8A1A
 137 00fc 164F1D1D 		.ascii	"\026O\035\035\363X\326\032-O\\\233\215\301\262\256\244"
 137      F358D61A 
 137      2D4F5C9B 
 137      8DC1B2AE 
 137      A4
 138 010d E5E9E1B7 		.ascii	"\345\351\341\267sR\276hZ\037\352\352{)\357\274\374H"
 138      7352BE68 
 138      5A1FEAEA 
 138      7B29EFBC 
 138      FC48
 139 011f 5CA5B424 		.ascii	"\\\245\264$u\363\231e\235\"\353\263\226\265N\326\237"
 139      75F39965 
 139      9D22EBB3 
 139      96B54ED6 
 139      9F
 140 0130 9BD6EFFD 		.ascii	"\233\326\357\375q\304#w\233Z\365\316o\351\212\274x\246"
 140      71C42377 
 140      9B5AF5CE 
 140      6FE98ABC 
 140      78A6
 141 0142 BA5FA5F4 		.ascii	"\272_\245\364\244\264arK]6\022\177a\2127N\216v:\344"
 141      A4B46172 
 141      4B5D3612 
 141      7F618A37 
 141      4E8E763A 
 142 0157 1E53DDB9 		.ascii	"\036S\335\2710\236\325\362\352\333OXj\003S[\324\006"
 142      309ED5F2 
 142      EADB4F58 
 142      6A03535B 
 142      D406
 143 0169 A9CFA146 		.ascii	"\251\317\241F\260&sP\275\357\224\257\230\3723gW\326"
 143      B0267350 
ARM GAS  /tmp/cc8akVqU.s 			page 11


 143      BDEF94AF 
 143      98FA3367 
 143      57D6
 144 017b 6CDB07D5 		.ascii	"l\333\007\325Q\322_\032y,\326\256\372\024Y\330q\336"
 144      51D25F1A 
 144      792CD6AE 
 144      FA1459D8 
 144      71DE
 145 018d B228E4CD 		.ascii	"\262(\344\315\273\027>\\?\3461t\\\300v>\015>\205\213"
 145      BB173E5C 
 145      3FE63174 
 145      5CC0763E 
 145      0D3E858B 
 146 01a1 30E8F805 		.ascii	"0\350\370\005\370\273SWl)\265\276\361\246J\235{\374"
 146      F8BB5357 
 146      6C29B5BE 
 146      F1A64A9D 
 146      7BFC
 147 01b3 C4C4430F 		.ascii	"\304\304C\017\203\300|\312\024\247\001\356\334\003n"
 147      83C07CCA 
 147      14A701EE 
 147      DC036E
 148 01c2 C10B2EA5 		.ascii	"\301\013.\245J\2306\242K\012\232\002\245C\245\204\350"
 148      4A9836A2 
 148      4B0A9A02 
 148      A543A584 
 148      E8
 149 01d3 969AB568 		.ascii	"\226\232\265h\243E\016\261\273\231\354\240\213\031\004"
 149      A3450EB1 
 149      BB99ECA0 
 149      8B1904
 150 01e2 3FDCBE3A 		.ascii	"?\334\276:\347\340\374\245Yy\352\326\350\315\212!\014"
 150      E7E0FCA5 
 150      5979EAD6 
 150      E8CD8A21 
 150      0C
 151 01f3 B6D1FE81 		.ascii	"\266\321\376\201W\211\344LP\350\323\334.\275mK\316\177"
 151      5789E44C 
 151      50E8D3DC 
 151      2EBD6D4B 
 151      CE7F
 152 0205 62043E60 		.ascii	"b\004>`3_R\272\360%\206\320gU<\203\300_\335\\\020\370"
 152      335F52BA 
 152      F02586D0 
 152      67553C83 
 152      C05FDD5C 
 153 021b 8A5444EB 		.ascii	"\212TD\353\317\346\322\366<\355\377\330\353\270d\332"
 153      CFE6D2F6 
 153      3CEDFFD8 
 153      EBB864DA 
 154 022b 83EDBF46 		.ascii	"\203\355\277F Aq\223]\317[\023\023n\266K\320\360\025"
 154      20417193 
 154      5DCF5B13 
 154      136EB64B 
 154      D0F015
 155 023e 3BFA4AFA 		.ascii	";\372J\372m\303\254\351\247Y\251\217\317/~\244u \226"
 155      6DC3ACE9 
ARM GAS  /tmp/cc8akVqU.s 			page 12


 155      A759A98F 
 155      CF2F7EA4 
 155      752096
 156 0251 173A7019 		.ascii	"\027:p\031\001\002]A\007\3042:|\346\031\320\276\304"
 156      01025D41 
 156      07C4323A 
 156      7CE619D0 
 156      BEC4
 157 0263 C8CC8693 		.ascii	"\310\314\206\223\3679\222\322\035\347j\360\015\357!"
 157      F73992D2 
 157      1DE76AF0 
 157      0DEF21
 158 0272 7C527AAC 		.ascii	"|Rz\2548\227\333+\312h\260\002W\315\202\244U\320\351"
 158      3897DB2B 
 158      CA68B002 
 158      57CD82A4 
 158      55D0E9
 159 0285 ABA7A69D 		.ascii	"\253\247\246\235\326\313\201\223\344\355\3055\004\372"
 159      D6CB8193 
 159      E4EDC535 
 159      04FA
 160 0293 78BC05AE 		.ascii	"x\274\005\256\027\247\353\245toX\351\336\315\334\231"
 160      17A7EBA5 
 160      746F58E9 
 160      DECDDC99 
 161 02a3 2C0FFE6D 		.ascii	",\017\376m)x%n2\334\306\360[\305\360J\202\177w\037\276"
 161      2978256E 
 161      32DCC6F0 
 161      5BC5F04A 
 161      827F771F 
 162 02b8 922E0F7E 		.ascii	"\222.\017~\273t\347\3373\334`\370\034\002\205VW\323"
 162      BB74E7DF 
 162      33DC60F8 
 162      1C028556 
 162      57D3
 163 02ca DBCAA2CD 		.ascii	"\333\312\242\315\227\246\375\3004;\323~,\320\372\263"
 163      97A6FDC0 
 163      343BD37E 
 163      2CD0FAB3 
 164 02da F7DAABCA 		.ascii	"\367\332\253\312\240=\200\005\223\346\330J[\000_Bi\246"
 164      A03D8005 
 164      93E6D84A 
 164      5B005F42 
 164      69A6
 165 02ec 3999B6C8 		.ascii	"9\231\266\310C\355\261`\277Oz\313\202-\225\202\031\370"
 165      43EDB160 
 165      BF4F7ACB 
 165      822D9582 
 165      19F8
 166 02fe 89612E86 		.ascii	"\211a.\206\375\3140/\217\366\300p\317N\353\007T\365"
 166      FDCC302F 
 166      8FF6C070 
 166      CF4EEB07 
 166      54F5
 167 0310 B7F9AE8A 		.ascii	"\267\371\256\212\363\257\003\031k\276\351\306zP,\241"
 167      F3AF0319 
 167      6BBEE9C6 
ARM GAS  /tmp/cc8akVqU.s 			page 13


 167      7A502CA1 
 168 0320 2333797D 		.ascii	"#3y}\304]\020l\016\202\235\006!\013\353\036\353\226"
 168      C45D106C 
 168      0E829D06 
 168      210BEB1E 
 168      EB96
 169 0332 92EBD50A 		.ascii	"\222\353\325\012WL\327\324?\246\027\376\257\206r\377"
 169      574CD7D4 
 169      3FA617FE 
 169      AF8672FF 
 170 0342 D650CE4C 		.ascii	"\326P\316L\357\227\315\364\226\213\307\322F\325\334"
 170      EF97CDF4 
 170      968BC7D2 
 170      46D5DC
 171 0351 B93F28DD 		.ascii	"\271?(\335\007\313\203\257\224\202\033X\335Ls\255\030"
 171      07CB83AF 
 171      94821B58 
 171      DD4C73AD 
 171      18
 172 0362 6E10FC57 		.ascii	"n\020\374W3\212n\251\027\356\332\025\304\006\306z\036"
 172      338A6EA9 
 172      17EEDA15 
 172      C406C67A 
 172      1E
 173 0373 CD67C739 		.ascii	"\315g\3079uI\024\356e!v\372\367\356k\016\372[BQ\177"
 173      754914EE 
 173      652176FA 
 173      F7EE6B0E 
 173      FA5B4251 
 174 0388 EDCBBBEA 		.ascii	"\355\313\273\352\353j_\330\345\257\335\035\252\333\367"
 174      EB6A5FD8 
 174      E5AFDD1D 
 174      AADBF7
 175 0397 546D4B4B 		.ascii	"TmKK\304\337\034jjz=\370FC8\350o\255\333\343\217\204"
 175      C4DF1C6A 
 175      6A7A3DF8 
 175      464338E8 
 175      6FADDBE3 
 176 03ad 1BFDADE1 		.ascii	"\033\375\255\341h}$\030\336\037j\014>\335(\354\371G"
 176      687D2418 
 176      DE1F6A0C 
 176      3EDD28EC 
 176      F947
 177 03bf 2DD46444 		.ascii	"-\324dD\367\206\203\015MzsC\3445#\022m\210\266F\376"
 177      F786830D 
 177      4D7A7343 
 177      E4352312 
 177      6D88B646 
 178 03d4 04F4B49F 		.ascii	"\004\364\264\237`"
 178      60
 179              		.text
 180              		.section	.gnu.lto_urtServiceDispatch.82a1f4d210b50a54,"e",%progbits
 181 0000 789C9D57 		.ascii	"x\234\235Wkl\024U\024\236s\357\314\356\354\273\017\244"
 181      6B6C1455 
 181      149E73EF 
 181      CCEEECBB 
 181      0FA4
ARM GAS  /tmp/cc8akVqU.s 			page 14


 182 0012 40D348C4 		.ascii	"@\323H\304@\211\312\256\221\337*\032\376\230\370\007"
 182      4089CAAE 
 182      91DF2A1A 
 182      FE98F807 
 183 0022 F58F0921 		.ascii	"\365\217\011!\245\335\204\312\243M[0\370C\246\357\007"
 183      A5DD84CA 
 183      A34D5B30 
 183      F843A6EF 
 183      07
 184 0033 15440BB4 		.ascii	"\025D\013\264\204u[`\001C(U\260\322\207\270\002\012"
 184      84755B60 
 184      01432855 
 184      B0D287B8 
 184      020A
 185 0045 052A0F51 		.ascii	"\005*\017Q(\224\026\012\324-}\200\025J\005i\275\217"
 185      2894160A 
 185      D42D7D80 
 185      154A0569 
 185      BD8F
 186 0057 D9E9769F 		.ascii	"\331\351v\237\302\376\270\271\263\347~\347~\347;\347"
 186      C2FEB8B9 
 186      B3E77EE7 
 186      7EE73BE7 
 187 0067 9EB9230B 		.ascii	"\236\271#\013 T[\005a\271 \010\022\010\002$\012\200"
 187      20545B05 
 187      61B92008 
 187      12080224 
 187      0A80
 188 0079 14457953 		.ascii	"\024EyS\237/#\204\017>l3\211\212Ql/k\234/*f\014\011"
 188      9F2F2384 
 188      0F3E6C33 
 188      898A516C 
 188      2F6B9C2F 
 189 0091 AA4D4452 		.ascii	"\252MDR\357\231\232Db\323m;\330\3732\261I \2536\035"
 189      EF999A44 
 189      62D36D3B 
 189      D8FB32B1 
 189      4920AB36 
 190 00a6 D2AB3659 		.ascii	"\322\2536Y\265\3515\233\214\014\252\315\250\332\014"
 190      B5E9359B 
 190      8C0CAACD 
 190      A8DA0C
 191 00b5 60526D46 		.ascii	"`RmFmfB\346\323u\333_ \253,\337u\335L!\253\314`Qm\026"
 191      6D6642E6 
 191      D375DB5F 
 191      20AB2CDF 
 191      75DD4C21 
 192 00cf 64E548A3 		.ascii	"d\345H\243\215{2[\301\246\332l(N\265\305\253\2668\210"
 192      8D7B325B 
 192      C1A6DA6C 
 192      284EB5C5 
 192      ABB63888 
 193 00e3 576DF11A 		.ascii	"Wm\361\032\367\004\0006Sd\020\326!,J:\275l0\232\314"
 193      F7040036 
 193      536410D6 
 193      212C4A3A 
 193      BD6C309A 
ARM GAS  /tmp/cc8akVqU.s 			page 15


 194 00f8 16AB2D2E 		.ascii	"\026\253-.>\001\326\301F\274\025\303\346\362\226K\226"
 194      3E01D6C1 
 194      46BC15C3 
 194      E6F2964B 
 194      96
 195 0109 B97B14A5 		.ascii	"\271{\024\245@\361n\0355\226\024\026OscA\250\301\002"
 195      40F16E1D 
 195      35961416 
 195      4F736341 
 195      A8C102
 196 011c BC960C8E 		.ascii	"\274\226\014\216d\201\376\240\031\346\222\265]\005\256"
 196      6481FEA0 
 196      19E692B5 
 196      5D05AE
 197 012b 51F306EC 		.ascii	"Q\363\006\354\306\000\"y\254:u\250\315H\037\021\314"
 197      C6002279 
 197      AC3A75A8 
 197      CD481F11 
 197      CC
 198 013c 248F2563 		.ascii	"$\217%c\267n\213\370-\020\310|\353\275\223\333a\216"
 198      B76E8BF8 
 198      2D10C87C 
 198      EBBD93DB 
 198      618E
 199 014e 87793DEE 		.ascii	"\207y=\356\301\312\213n\214\341\007\300\324m+$C\013"
 199      C1CA8B6E 
 199      8CE107C0 
 199      D46D2B24 
 199      430B
 200 0160 10C7E43F 		.ascii	"\020\307\344?\342\372\010\314!\200\376\035G\277\227"
 200      E2FA08CC 
 200      2180FE1D 
 200      47BF97
 201 016f F03B0C7C 		.ascii	"\360;\014|\266\247\275\311\246\202;\247oS\274\242\033"
 201      B6A7BDC9 
 201      A6823BA7 
 201      6F53BCA2 
 201      1B
 202 0180 8BF06308 		.ascii	"\213\360c\010Z$h/C\267\216T\357\265\341\017\030:\377"
 202      5A24682F 
 202      43B78E54 
 202      EFB5E10F 
 202      183AFF
 203 0193 DAD173A2 		.ascii	"\332\321s\242\212\036H\346h\011~\012AK\004}\224\241"
 203      8A1E48E6 
 203      68097E0A 
 203      414B047D 
 203      94A1
 204 01a5 373D2E6A 		.ascii	"7=.j\260\342\305\014\275\257~W\257^E\337O\341h\035\034"
 204      B0E2C50C 
 204      BDAF7E57 
 204      AF5E45DF 
 204      4FE1681D 
 205 01ba 0B41EB08 		.ascii	"\013A\353\010\3728C\273\333z\352\3148\235\241k\352\334"
 205      FA3843BB 
 205      DB7AEACC 
 205      389DA16B 
ARM GAS  /tmp/cc8akVqU.s 			page 16


 205      EADC
 206 01cc 87243FF3 		.ascii	"\207$?\363\3479Z\017?\207\240\365\004\375\013\314\021"
 206      E7395A0F 
 206      3F87A0F5 
 206      04FD0BCC 
 206      11
 207 01dd 28A6E79B 		.ascii	"(\246\347\233\261\315\026\235H\025\247J\237\000\035"
 207      B1CD169D 
 207      4815A74A 
 207      9F001D
 208 01ec A9554138 		.ascii	"\251UA8pA\362*c\343\245\212w\350\245\272\246\224y@`"
 208      7041F22A 
 208      63E3A58A 
 208      77E8A5BA 
 208      A6947940 
 209 0201 32228301 		.ascii	"2\"\203\001\323\231Hg\022\035td0\352\351L\246\203\201"
 209      D3994867 
 209      121D7464 
 209      30EAE94C 
 209      A68381
 210 0214 86662483 		.ascii	"\206f$\203\311D\037\315tf!\203\331J\006\301F\261qt\226"
 210      C9441FCD 
 210      74662183 
 210      D94A06C1 
 210      46B17174 
 211 0229 0454F919 		.ascii	"\004T\371\031@\025\234\005T\211\331@#J\005\316l=\026"
 211      40159C05 
 211      5489D940 
 211      234A05CE 
 211      6C3D16
 212 023c 48F52822 		.ascii	"H\365(\"(^A\250\304\210?\024\222\207;PPU\261\277\303"
 212      285E41A8 
 212      C4883F14 
 212      92873B50 
 212      5055B1BF 
 213 0251 4CA9BA48 		.ascii	"L\251\272H\2521l(\274\333%\323B\300L\005\357\225\206"
 213      AA316C28 
 213      BCDB25D3 
 213      42C04C05 
 213      EF9586
 214 0264 0EAB0776 		.ascii	"\016\253\007v\346\023\310L7\266\270p\022\234\244\201"
 214      E613C84C 
 214      37B6B870 
 214      129CA481 
 215 0274 D3ECB8BB 		.ascii	"\323\354\270\273\017\353\034\365\0127Y\241\015<P\315"
 215      0FEB1CF5 
 215      0A3759A1 
 215      0D3C50CD 
 216 0284 22A769EC 		.ascii	"\"\247i\354\276\365-*\202\002\025(\303)p\020INC\021"
 216      BEF52D2A 
 216      82021528 
 216      C3297010 
 216      494E4311 
 217 0298 08035034 		.ascii	"\010\003P4\223\211C\326\271\366\236\0317\320u\262\033"
 217      938943D6 
 217      B9F69E19 
 217      37D075B2 
ARM GAS  /tmp/cc8akVqU.s 			page 17


 217      1B
 218 02a9 DB6A303D 		.ascii	"\333j0=\317g\350\032\302\306\215\343(\301\326\276v\217"
 218      CF67E81A 
 218      C2C68DE3 
 218      28C1D6BE 
 218      768F
 219 02bb 89134441 		.ascii	"\211\023DA\214j?\021\242r\212\207v\306\0118\247\306"
 219      8C6A3F11 
 219      A2728A87 
 219      76C60938 
 219      A7C6
 220 02cd 8B074E19 		.ascii	"\213\007N\031\270\261\266\221\2707\300\257\340\250\306"
 220      B8B1B691 
 220      B837C0AF 
 220      E0A8C6
 221 02dc 88E6EA2C 		.ascii	"\210\346\352,\241w\033\212\272\217\315\237\330J\323"
 221      A1771B8A 
 221      BA8FCD9F 
 221      D84AD3
 222 02eb C200029C 		.ascii	"\302\000\002\234\003~~*1\256n9\333)0\375H$\265-[\244"
 222      037E7E2A 
 222      31AE6E39 
 222      DB2930FD 
 222      4824B52D 
 223 0301 08C110C7 		.ascii	"\010\301\020\307p~r0\303\276\313\036+]\036\350^\014"
 223      707E7230 
 223      C3BECB1E 
 223      2B5D1EE8 
 223      5E0C
 224 0313 91BAF653 		.ascii	"\221\272\366S\022X\202\013\317\200\013a\0033\300o,0"
 224      1258820B 
 224      CF800B61 
 224      0333C06F 
 224      2C30
 225 0325 AA365C04 		.ascii	"\2526\\\004\207\312\256\022\213}\307\033vb\177n\273"
 225      87CAAE12 
 225      8B7DC71B 
 225      76627F6E 
 225      BB
 226 0336 2AAE5D6D 		.ascii	"*\256]m\005u\273I\376\327\304\362\377\373\204\377?\300"
 226      0575BB49 
 226      FED7C4F2 
 226      FFFB84FF 
 226      3FC0
 227 0348 41F4E0B5 		.ascii	"A\364\340\2652xU\255\025\034Z\034\211d\025'\022\246"
 227      327855AD 
 227      151C5A1C 
 227      89641527 
 227      12A6
 228 035a 382E317F 		.ascii	"8.1\177b\204\342\270\314\212\243\343\177\024\307\025"
 228      6284E2B8 
 228      CC8AA3E3 
 228      7F14C715 
 229 036a AE27D68A 		.ascii	"\256'\326\212\243\2738\2213\022C\031E\215\360\352D\204"
 229      A3BB3891 
 229      33124319 
 229      458DF0EA 
ARM GAS  /tmp/cc8akVqU.s 			page 18


 229      4484
 230 037c 9D647BEA 		.ascii	"\235d{\352\254m1w%\205\015N\214\020\234\001\2561W\022"
 230      AC6D3177 
 230      25850D4E 
 230      8C109C01 
 230      AE315712 
 231 0390 75D5C55D 		.ascii	"u\325\305]uU\224\353\303\351\376Q\254\202\355\216T\260"
 231      755594EB 
 231      C3E9FE51 
 231      AC82ED8E 
 231      54B0
 232 03a2 BB59C15E 		.ascii	"\273Y\301^\327\012\366\006\315\212\304k\312\347\261"
 232      D70AF606 
 232      CD8AC46B 
 232      CAE7B1
 233 03b1 85DBAC99 		.ascii	"\205\333\254\2316\232\250\304{&\210\337T\253\210\211"
 233      369AA8C4 
 233      7B2688DF 
 233      54AB8889 
 234 03c1 DA5FBC94 		.ascii	"\332_\274\224+\021\342\263\027\307\212\340V\244\010"
 234      2B11E2B3 
 234      17C78AE0 
 234      56A408
 235 03d0 76984977 		.ascii	"v\230Iw\203\3334\002\035\335\2617\350\310\211.\366?"
 235      83DB3402 
 235      1DDDB137 
 235      E8C8892E 
 235      F63F
 236 03e2 2D63E942 		.ascii	"-c\351B\225\357\211\340/\343a\337`q\330\000sbq\3713"
 236      95EF89E0 
 236      2FE361DF 
 236      6071D800 
 236      736271F9 
 237 03f7 12977AA0 		.ascii	"\022\227z\240\\|\032\227>p\004\236H#9\360w\324#\245"
 237      5C7C1A97 
 237      3E70049E 
 237      482339F0 
 237      77D423A5 
 238 040b DBD270D2 		.ascii	"\333\322p\322\203\374\\Z\373F=38_}0\235;(\026\237\376"
 238      83FC5C5A 
 238      FB463D33 
 238      385F7D30 
 238      9D3B2816 
 239 0421 88D9655D 		.ascii	"\210\331e]f\200\362\321S>\203~m:A\023G\257\212\243\037"
 239      6680F2D1 
 239      533E837E 
 239      6D3A4113 
 239      47AF8AA3 
 240 0436 BC5F7639 		.ascii	"\274_v9@\234G\341\263\037S\234\241h\342\030\340\256"
 240      409C47E1 
 240      B31F539C 
 240      A168E218 
 240      E0AE
 241 0448 46E65E40 		.ascii	"F\346^@\203\221'5\230\326\276\261\342$NP\016\336\277"
 241      83912735 
 241      98D6BEB1 
 241      E2244E50 
ARM GAS  /tmp/cc8akVqU.s 			page 19


 241      0EDEBF
 242 045b 31A61A7F 		.ascii	"1\246\032\177E\"0\214(\201aJ@\246\004\376\016\255\024"
 242      4522308C 
 242      2881614A 
 242      40A604FE 
 242      0EAD14
 243 046e 5915C310 		.ascii	"Y\025\303\020T)e{\254\317$\306\375\350b<\320\270\214"
 243      5429657B 
 243      ACCF24C6 
 243      FDE8623C 
 243      D0B88C
 244 0481 0488619C 		.ascii	"\004\210a\234T\032\303\276\212\322\204p\233\367\252"
 244      541AC3BE 
 244      8AD28470 
 244      9BF7AA
 245 0490 E7508A78 		.ascii	"\347P\212x\016\037\262\335\015\324\377h\200\177\223"
 245      0E1FB2DD 
 245      0DD4FF68 
 245      807F93
 246 049f 4F139B84 		.ascii	"O\023\233\204\357;6vX\355\276\263`\236\377md\276\367"
 246      EF3B3676 
 246      58EDBEB3 
 246      609EFF6D 
 246      64BEF7
 247 04b2 E4ABEB40 		.ascii	"\344\253\353@\327\000ka\313\371\012C\214\026\346\336"
 247      D7006B61 
 247      CBF90A43 
 247      8C16E6DE 
 248 04c2 B7ABDBAC 		.ascii	"\267\253\333\2541\220\340\037\306\300H\031<\362w\303"
 248      3190E01F 
 248      C6C04819 
 248      3CF277C3 
 249 04d2 54EECA18 		.ascii	"T\356\312\030\034\317nK\224\276R\273\203\0106\005\036"
 249      1CCF6E4B 
 249      94BE52BB 
 249      83083605 
 249      1E
 250 04e3 337F26EA 		.ascii	"3\177&\352\357_\342o\000J\302v\365\347j\330\305\361"
 250      EF5FE26F 
 250      004AC276 
 250      F5E76AD8 
 250      C5F1
 251 04f5 09EFEAB3 		.ascii	"\011\357\352\263\010o\262\237\033Oe\241Y|\223km\333"
 251      086FB29F 
 251      1B4F65A1 
 251      597C936B 
 251      6DDB
 252 0507 89A99C91 		.ascii	"\211\251\234\221\351)[\375\330D\253\037\367\007\367"
 252      E9295BFD 
 252      D844AB1F 
 252      F707F7
 253 0516 FA33BC16 		.ascii	"\3723\274\026\223@A\324\223\231z\312G\216`x=\346\302"
 253      934041D4 
 253      93997ACA 
 253      478E6078 
 253      3DE6C2
 254 0529 9822243A 		.ascii	"\230\"$:\011\012\030\336B\361\205\310\301\263:\324\244"
ARM GAS  /tmp/cc8akVqU.s 			page 20


 254      090A18DE 
 254      42F185C8 
 254      C1B33AD4 
 254      A4
 255 053a 66757660 		.ascii	"fuv`\013\322\221\026T\204\374Y\266j\225\306\263\374"
 255      0BD29116 
 255      5484FC59 
 255      B66A95C6 
 255      B3FC
 256 054c 214798C3 		.ascii	"!G\230\303f9\322\366S\240\030iY)A\352\213\252C\012\247"
 256      6639D2F6 
 256      53A01869 
 256      592941EA 
 256      8BAA430A 
 257 0561 04BD594D 		.ascii	"\004\275YM!\2248\007(%@\027\213\273\022\333\202\252"
 257      21943807 
 257      28254017 
 257      8BBB12DB 
 257      82AA
 258 0573 72C4CF3F 		.ascii	"r\304\317?5\220\277\236\360/\323\370\307\005\361_\307"
 258      3590BF9E 
 258      F02FD3F8 
 258      C705F15F 
 258      C7
 259 0584 119690D2 		.ascii	"\021\226\220\322\212\241\3404(g!XC\017\352\030\331t"
 259      8AA1E034 
 259      28672158 
 259      430FEA18 
 259      D974
 260 0596 3A542072 		.ascii	":T rPm4\300\365,\300\302#\245\035\257\362\315\254|?"
 260      506D34C0 
 260      F52CC0C2 
 260      23A51DAF 
 260      F2CDAC7C 
 261 05ab 8DE174C2 		.ascii	"\215\341t\302\260\022%s\025\232\302\276\256w\323\223"
 261      B0122573 
 261      159AC2BE 
 261      AE77D393 
 262 05bb 4B0A3395 		.ascii	"K\0123\225\207\002\2371\031\254,\244\370I\325YU\341"
 262      87029F31 
 262      19AC2CA4 
 262      F849D559 
 262      55E1
 263 05cd 7AA0CA60 		.ascii	"z\240\312`{\252\244Xa\003\212v5\332\210\350\325\350"
 263      7BAAA458 
 263      61038A76 
 263      35DA88E8 
 263      D5E8
 264 05df 7314FD6A 		.ascii	"s\024\375jD\257\232\233\020;D6z5\242\027\323\375)Q\026"
 264      44AF9A9B 
 264      103B4436 
 264      7A35A217 
 264      D3FD2951 
 265 05f4 7F8126EE 		.ascii	"\177\201&\356\2454\232\204\211\217\202!@\304B\377\036"
 265      A5349A84 
 265      898F8221 
 265      40C442FF 
ARM GAS  /tmp/cc8akVqU.s 			page 21


 265      1E
 266 0605 81B840C1 		.ascii	"\201\270@\301\310\307\014|\211\222qs\343\015\372\251"
 266      C8C70C7C 
 266      89927173 
 266      E30DFAA9 
 267 0615 D0583EF8 		.ascii	"\320X>\370\265\201\377\017P\205\222\343\233\373\317"
 267      B581FF0F 
 267      508592E3 
 267      9BFBCF
 268 0624 03F9D880 		.ascii	"\003\371\330\200q\362\303P\340\245\251\177\303\276,"
 268      71F2C350 
 268      E0A5A97F 
 268      C3BE2C
 269 0633 6BA5D39E 		.ascii	"k\245\323\236\235\231g_\360\336\302%\213\026\274\275"
 269      9D99675F 
 269      F0DEC225 
 269      8B16BCBD 
 270 0643 D0BEE0DD 		.ascii	"\320\276\340\335\314EY\257,\310\316\316\265\257\314"
 270      CC4559AF 
 270      2CC8CECE 
 270      B5AFCC
 271 0652 CCC858E1 		.ascii	"\314\310X\341\3748-\307i_\275\350}{nN\272}uN\336\222"
 271      FC382DC7 
 271      695FBDE8 
 271      7D7B6E4E 
 271      BA7D754E 
 272 0668 5C67CE9A 		.ascii	"\\g\316\232\314t\347\274tA\257N\215\031\231\271\331"
 272      CC74E7BC 
 272      7441AF4E 
 272      8D1999B9 
 272      D9
 273 0679 6979E9CB 		.ascii	"iy\351\313\234\031\372\354\264\265+\262\3222\244\245"
 273      9C19FAEC 
 273      B4B52BB2 
 273      D232A4A5 
 274 0689 6BF39CB9 		.ascii	"k\363\234\271\362\252\254\034g\336\352\234U\377\001"
 274      F2AAAC1C 
 274      67DEEA9C 
 274      55FF01
 275 0698 802F13DF 		.ascii	"\200/\023\337"
 276              		.text
 277              		.section	.gnu.lto_urtServiceAcquireRequest.82a1f4d210b50a54,"e",%progbits
 278 0000 789C6D52 		.ascii	"x\234mRKh\023Q\024\275g\336d2\211M\2737(Y\010\241\013"
 278      4B681351 
 278      14BD67DE 
 278      6432894D 
 278      BB372859 
 279 0017 9D805B41 		.ascii	"\235\200[A\243t#\270\211\335\227\222\004\033\2604\344"
 279      A37423B8 
 279      89DD9792 
 279      041BB034 
 279      E4
 280 0028 A3CBBEA6 		.ascii	"\243\313\276\246Q\361Cu\321\022SL\307\017\261\256j\025"
 280      51F14375 
 280      D112534C 
 280      C70FB1AE 
 280      6A15
ARM GAS  /tmp/cc8akVqU.s 			page 22


 281 003a A16AA38E 		.ascii	"\241j\243\216\365\327\026\245\342FTh\241\324\205\037"
 281      F5D716A5 
 281      E2465468 
 281      A1D4851F 
 282 004a D485F801 		.ascii	"\324\205\370\001I\275o&\013Q\007\336p\317\334s\316;"
 282      49BD6F26 
 282      0B5107DE 
 282      70CFDC73 
 282      CE3B
 283 005c F7322681 		.ascii	"\3672&\201\212\032Q7\021m\342\003A\320\244\224\273\374"
 283      8A1A5137 
 283      116DE203 
 283      41D0A494 
 283      BBFC
 284 006e 43A606B8 		.ascii	"C\246\006\270\2254A\203\032\006qZT\004\306\216\317\276"
 284      95344183 
 284      1A06715A 
 284      5404C68E 
 284      CFBE
 285 0080 0C754E4A 		.ascii	"\014uNJY\222Ne\274cb\372\271\024\266 \252\262r{\030"
 285      59924E65 
 285      BC6362FA 
 285      B914B620 
 285      AAB2727B 
 286 0095 B130A907 		.ascii	"\2610\251\007\267\321\311\344\345R\355G\333\010\367"
 286      B7D1C9E4 
 286      E552ED47 
 286      DB08F7
 287 00a4 019DE1E8 		.ascii	"\001\235\341\350\342\215\205\240\202\032\"\014\2176"
 287      E28D85A0 
 287      821A220C 
 287      8F36
 288 00b2 D7DEEA62 		.ascii	"\327\336\352b7\210\353\312\227\371s\210\326]\333\257"
 288      3788EBCA 
 288      97F97388 
 288      D65DDBAF 
 289 00c2 9785DC62 		.ascii	"\227\205\334b\013\201;\020\312\266\2010f\301\306\374"
 289      0B813B10 
 289      CAB68130 
 289      66C1C6FC 
 290 00d2 8DADEF22 		.ascii	"\215\255\357\"\312\202\017\027\347f|b\257+^Z}v\253\243"
 290      CA820F17 
 290      E7667C62 
 290      AF2B5E5A 
 290      7D76ABA3 
 291 00e6 25FE151E 		.ascii	"%\376\025\036\227\216n\013\035\367\376Q\353\254v\020"
 291      978E6E0B 
 291      1DF7FE51 
 291      EBAC7610 
 292 00f6 25A559BD 		.ascii	"%\245Y\275\326\034\013\031\272\312\255\362\336\207\301"
 292      D61C0B19 
 292      BACAADF2 
 292      DE87C1
 293 0105 AB20BAFA 		.ascii	"\253 \272\372\302\347\310\346\3721\351|\333q\341\347"
 293      C2E7C8E6 
 293      FA31E97C 
 293      DB71E1E7 
ARM GAS  /tmp/cc8akVqU.s 			page 23


 294 0115 E60058E6 		.ascii	"\346\000X\346\323\370e\360\014\2545\240\3567I\215L'"
 294      D3F865F0 
 294      0CAC35A0 
 294      EE37498D 
 294      4C27
 295 0127 05F186A4 		.ascii	"\005\361\206\244\016\351\020\235\022\232\007\206\031"
 295      0EE9109D 
 295      129A0786 
 295      19
 296 0134 BC47A9F1 		.ascii	"\274G\251\361\356\315\001e[\343\341\004F\206?/\233j"
 296      EECD0165 
 296      5BE3E104 
 296      46863F2F 
 296      9B6A
 297 0146 74DD4DEC 		.ascii	"t\335M\354\274\236~\325^\307\245!VDl\341\257\361\264"
 297      BC9E7ED5 
 297      5EC7A521 
 297      56446CE1 
 297      AFF1B4
 298 0159 732A24F7 		.ascii	"s*$\367\246f&\227B\261)y\306m\231x\200:\316z)\037\""
 298      A6662697 
 298      42B12979 
 298      C66D9978 
 298      803ACE7A 
 299 0170 A6AC474F 		.ascii	"\246\254GO\300s\326\376t6\377\347\034\340\353\361\250"
 299      C073D6FE 
 299      7436FFE7 
 299      1CE0EBF1 
 299      A8
 300 0181 E53C64AF 		.ascii	"\345<d\257\3344\330\331k\005\361\330uVcs\263\261\262"
 300      DC34D8D9 
 300      6B05F1D8 
 300      75566373 
 300      B3B1B2
 301 0194 765D2BA3 		.ascii	"v]+\243\324\022\032x\302\227\021\346Q\006}D9\342\256"
 301      D4121A78 
 301      C29711E6 
 301      51067D44 
 301      39E2AE
 302 01a7 8879B52B 		.ascii	"\210y\265+O\327\003\212g\332bCU\251\261\2408\234\306"
 302      4FD7038A 
 302      67DA6243 
 302      55A9B1A0 
 302      389CC6
 303 01ba 166D4C3D 		.ascii	"\026mL=r\376\373\304F/\237\371\027?T\025\374\263a\321"
 303      72FEFBC4 
 303      462F9FF9 
 303      173F5415 
 303      FCB361D1 
 304 01ce E3338163 		.ascii	"\3433\201c\267\323'\224\"->\271[\205\267\310\222\243"
 304      B7D32794 
 304      222D3EB9 
 304      5B85B7C8 
 304      92A3
 305 01e0 E04EAB6F 		.ascii	"\340N\253o\240?me3\005+\276\277\253'\021\337\323e\305"
 305      A03F6D65 
 305      33052BBE 
ARM GAS  /tmp/cc8akVqU.s 			page 24


 305      BFAB2711 
 305      DFD365C5 
 306 01f4 F7651203 		.ascii	"\367e\022\003[\343\331l\336\352\317\244R\007\323\207"
 306      5BE3D96C 
 306      DEEACFA4 
 306      5207D387 
 307 0204 7B7369AB 		.ascii	"{si\253\230\350\266\362\271\244U\314\025z\362\351\334"
 307      98E8B6F2 
 307      B9A455CC 
 307      157AF2E9 
 307      DC
 308 0215 A14C32BD 		.ascii	"\241L2\275-I\376V\031Le\362\331\336B\262/\235\372\015"
 308      2D49FE56 
 308      194C65F2 
 308      D9DE42B2 
 308      2F9DFA0D 
 309 0229 D4F3E0E0 		.ascii	"\324\363\340\340"
 310              		.text
 311              		.section	.gnu.lto_urtServiceTryAcquireRequest.82a1f4d210b50a54,"e",%progbits
 312 0000 789C6D52 		.ascii	"x\234mRMHTQ\024\276\337\273w\336\3748\343,\203\246\205"
 312      4D485451 
 312      14BEDFBB 
 312      77DEFC38 
 312      E32C83A6 
 313 0015 0BC15CD4 		.ascii	"\013\301\\\324\023j\327\302\246p\023\2641\367\"3\003"
 313      136AD7C2 
 313      A67013B4 
 313      31F72233 
 313      03
 314 0026 0E240E33 		.ascii	"\016$\0163ZK\257\343\224Xb-\024S\232^ef+\263\250,\265"
 314      5A4BAFE3 
 314      9458622D 
 314      14539A5E 
 314      65662BB3 
 315 003d 7A69F997 		.ascii	"zi\371\227eH\020\266P\360\007\372\221\222\026\345\""
 315      654810B6 
 315      50F007FA 
 315      919216E5 
 315      22
 316 004e C6CE7D6F 		.ascii	"\306\316}o\310\250\036\334\313=\367\234\357;\337\373"
 316      C8A81EDC 
 316      CB3DF79C 
 316      EF3BDFFB 
 317 005e EEF130B0 		.ascii	"\356\3610\260U\215\261*\306\330!Zp1hR\312\303\356f\217"
 317      558DB12A 
 317      C6D8215A 
 317      70316852 
 317      CAC3EE66 
 318 0073 A6891F33 		.ascii	"\246\211\0373\255\273\204\364\363\266\007[{\205\364"
 318      ADBB84F4 
 318      F3B6075B 
 318      7B85F4
 319 0082 71887C4E 		.ascii	"q\210|N\000\366Iz\300\2324.\320\204\013\274\233\243"
 319      00F6497A 
 319      C09A342E 
 319      D0840BBC 
 319      9BA3
ARM GAS  /tmp/cc8akVqU.s 			page 25


 320 0094 AB6DF45D 		.ascii	"\253m\364]\240t@\312\264\264\272\177\006\257\014\275"
 320      A07440CA 
 320      B4B4BA7F 
 320      06AF0CBD 
 321 00a4 91DCE48C 		.ascii	"\221\334\344\214\365p\206\003!\224\205\230\3720\202"
 321      F5708603 
 321      21948598 
 321      FA3082
 322 00b3 522A5E4A 		.ascii	"R*^Jg\267\374\035\224\007\004\205\235\263\367f|*\324"
 322      67B7FC1D 
 322      94070485 
 322      9DB3F766 
 322      7C2AD4
 323 00c6 5044E1D9 		.ascii	"PD\341\331\334\332\272\340G\300\350\334\2759}\031%\375"
 323      DCDABAE0 
 323      47C0E8DC 
 323      BD397D19 
 323      25FD
 324 00d8 36EDDC00 		.ascii	"6\355\334\000\227\305&\347x\014\256h\307\020\302(\210"
 324      97C526E7 
 324      780CAE68 
 324      C710C228 
 324      88
 325 00e9 98EE88FA 		.ascii	"\230\356\210\372\011J\010\360\371\372\370\260\213\037"
 325      094A08F0 
 325      F9FAF8B0 
 325      8B1F
 326 00f7 B3C1F32B 		.ascii	"\263\301\363+\257\036\005\363\340\267{z\245%L\022\374"
 326      AF1E05F3 
 326      E0B77B7A 
 326      A5254C12 
 326      FC
 327 0108 F41FB420 		.ascii	"\364\037\264 \264\205\022\2460+wr]\001](\335J\3573\350"
 327      B48512A6 
 327      302B7772 
 327      5D015D28 
 327      DD4AEF33 
 328 011d 641463B7 		.ascii	"d\024c\267\027\\\226\314m\267J+W~m\275\330\017\202\271"
 328      175C96CC 
 328      6DB74A2B 
 328      577E6DBD 
 328      D80F82B9 
 329 0131 34DA744E 		.ascii	"4\332tN\233[\320\306t(\026/\224\222\002u\301\330y\316"
 329      9B5BD0C6 
 329      7428162F 
 329      94920275 
 329      C1D879CE 
 330 0145 C82D2920 		.ascii	"\310-) -\306\332\271\346\004-\024|Bz\354c{\233\256:"
 330      2DC6DAB9 
 330      E6042D14 
 330      7C427AEC 
 330      637B9BAE 
 331 015a 64E93F39 		.ascii	"d\351?9:Z\276.y\224\013\302\026o\275\037Z,\354G_3A\212"
 331      3A5ABE2E 
 331      79940BC2 
 331      166FBD1F 
 331      5A2CEC47 
ARM GAS  /tmp/cc8akVqU.s 			page 26


 332 0172 4CEEC972 		.ascii	"L\356\311r\035\343J/\345\006\207\007\346\003e\203\362"
 332      1DE34A2F 
 332      E5068707 
 332      E6036583 
 332      F2
 333 0183 A29DF262 		.ascii	"\242\235\362b\002\375\270\344\010~\2162\305\335y\016"
 333      02FDB8E4 
 333      087E8E32 
 333      C5DD790E 
 334 0193 0EB3F627 		.ascii	"\016\263\366'\263\367\177\314>j\217\027y\346fs\371\241"
 334      B3F77FCC 
 334      3E6A8F17 
 334      79E66673 
 334      F9A1
 335 01a5 4ECC4EAA 		.ascii	"N\314N\252\000\2236\263r\200\222c\313kw\265\014\322"
 335      009336B3 
 335      72809263 
 335      CB6B77B5 
 335      0CD2
 336 01b7 79A08E29 		.ascii	"y\240\216)j\3060\215\014\330\0062ENG5\015\331[s\333"
 336      6AC6308D 
 336      0CD80632 
 336      454E4735 
 336      0DD95B73 
 337 01cc 5E55E931 		.ascii	"^U\3511\271\277G\3411\243\252H\217\311\003l\035\231"
 337      B9BF47E1 
 337      31A3AA48 
 337      8FC9036C 
 337      1D99
 338 01de 0F130777 		.ascii	"\017\023\007w\312\177\013t\203a\026\316\254\264s>94"
 338      CA7F0B74 
 338      836116CE 
 338      ACB4733E 
 338      3934
 339 01f0 31A5D976 		.ascii	"1\245\331vm\340\314\325\325\033\273\035H\301_\035\012"
 339      6DE0CCD5 
 339      D51BBB1D 
 339      48C15F1D 
 339      0A
 340 0201 7B384D32 		.ascii	"{8M2^:\035\274\344\224\311\2036\203\3301\374\0134J\322"
 340      5E3A1DBC 
 340      E494C983 
 340      3683D831 
 340      FC0B344A 
 341 0216 53B3EFF6 		.ascii	"S\263\357\366\320\335_\334|\035T=\031\276\001s\010i"
 341      D0DD5FDC 
 341      7C1D543D 
 341      19BE0173 
 341      0869
 342 0228 237D2B20 		.ascii	"#}+ r\336{s\001\364rp\260iK\211)7j\353\353bF\"\336`"
 342      72DE7B73 
 342      01F47270 
 342      B0694B89 
 342      29376AEB 
 343 0242 844F5454 		.ascii	"\204OTTW\206\217V\030\341\343\361\312\372}\341D\"e\324"
 343      57868F56 
 343      18E1E3F1 
ARM GAS  /tmp/cc8akVqU.s 			page 27


 343      CAFA7DE1 
 343      442265D4 
 344 0256 C5A3D193 		.ascii	"\305\243\321\223\261\3235\311\230\321XYe\244\222\021"
 344      B1D335C9 
 344      98D15859 
 344      65A49211 
 345 0266 A331D950 		.ascii	"\2431\331P\235\212%O\305#\261\375\021\346\316\037}\321"
 345      9D8A254F 
 345      C523B1FD 
 345      11E6CE1F 
 345      7DD1
 346 0278 782A51D3 		.ascii	"x*Q\323\020\251\215E\177\001bS\012Y"
 346      10A98D45 
 346      7F016253 
 346      0A59
 347              		.text
 348              		.section	.gnu.lto_urtServiceRespond.82a1f4d210b50a54,"e",%progbits
 349 0000 789C9553 		.ascii	"x\234\225S[H\024a\030\375\317\3743\273\353z+!\241|\361"
 349      5B481461 
 349      18FDCFFC 
 349      33BBEB7A 
 349      2B21A17C 
 350 0015 211283DA 		.ascii	"!\022\203\332\205z\353\241,\204\010|\261\336\305t\301"
 350      857AEBA1 
 350      2C84087C 
 350      B1DEC574 
 350      C1
 351 0026 854471D5 		.ascii	"\205Dq\325\350\311\337u#\274\240\004\212\027\330\306"
 351      E8C9DF75 
 351      23BCA004 
 351      8A17D8C6 
 352 0036 2EA612A8 		.ascii	".\246\022\250EtQ\263M\273\250y\3172-\024\244\302[%\021"
 352      457451B3 
 352      4DBBA879 
 352      CF322D14 
 352      A4C25B25 
 353 004b 1105DAF7 		.ascii	"\021\005\332\367\317H\212\027\304\205\371\231o\277\371"
 353      CF488A17 
 353      C485F999 
 353      6FBFF9
 354 005a CE77CE99 		.ascii	"\316w\316\23136\006\366Se,\2211v\214.h\014\212\020\342"
 354      333606F6 
 354      53652C91 
 354      31768C2E 
 354      680C8A10 
 355 006f 8435DFA6 		.ascii	"\2045\337\246(\274\250\251l\217*\354\352\257\341\305"
 355      28BCA8A9 
 355      6C8F2AEC 
 355      EAAFE1C5 
 356 007f 83AA08E1 		.ascii	"\203\252\010\341PWz*`\334\011\033X\236\302U\344\241"
 356      50577A2A 
 356      60DC091B 
 356      589EC255 
 356      E4A1
 357 0091 8C577254 		.ascii	"\214WrT\024\266\215\205\306\326\013\341\025\201\312"
 357      14B68D85 
 357      C6D60BE1 
ARM GAS  /tmp/cc8akVqU.s 			page 28


 357      1581CA
 358 00a0 8F11D75A 		.ascii	"\217\021\327Z\206\004\3279c\325\234\341H\024\234QL\376"
 358      8604D739 
 358      63D59CE1 
 358      48149C51 
 358      4CFE
 359 00b2 D08A587A 		.ascii	"\320\212Xzx\322\353\377\035RJ}@\245\262\274\367~\217"
 359      78D2EBFF 
 359      1D524A7D 
 359      40A5B2BC 
 359      F77E8F
 360 00c5 5D960AA2 		.ascii	"]\226\012\242\251\234\277\321\371P\343'\301\350~p\272"
 360      A99CBFD1 
 360      F950E327 
 360      C1E87E70 
 360      BA
 361 00d6 FF71784C 		.ascii	"\377qxL\235\001;Z\317\305~\235s<\001\227\260\355\210"
 361      9D013B5A 
 361      CFC57E9D 
 361      733C0197 
 361      B0ED88
 362 00e9 421B0898 		.ascii	"B\033\010\230\376#\350\016\304\320\300\325\277\276\226"
 362      FE23E80E 
 362      C4D0C0D5 
 362      BFBE96
 363 00f8 309E600C 		.ascii	"0\236`\014\337i\272\365\305\2722\274\260\267F\004T\235"
 363      DF69BAF5 
 363      C5BA32BC 
 363      B0B74604 
 363      549D
 364 010a 083FDD30 		.ascii	"\010?\3350M6 \200\030&g\246\357.U\204ZT\311[\362}\006"
 364      4D362080 
 364      182667A6 
 364      EF2E5584 
 364      5A54C95B 
 365 0121 0B19C558 		.ascii	"\013\031\305X\363\210\026\020K\313WD`\351\314\365\257"
 365      F3881610 
 365      4BCB5744 
 365      60E9CCF5 
 365      AF
 366 0132 07C24163 		.ascii	"\007\302Ac\232B\207\205\323aUe\251\321a\263B\022\261"
 366      9A428785 
 366      D3615565 
 366      A9D161B3 
 366      4212B1
 367 0145 C3042CE6 		.ascii	"\303\004,\346\214\334\022*D\200\261\022\256\230E\001"
 367      8CDC122A 
 367      4480B112 
 367      AE984501 
 368 0155 1573F0B6 		.ascii	"\025s\360\266\317\2665Z\345\006?\007m.-\370>i\223.p"
 368      CFB6355A 
 368      E5063F07 
 368      6D2E2DF8 
 368      3E69932E 
 369 016a 837C60A2 		.ascii	"\203|`\242e<\254\0167\363i$Z\347A~nE\247\344K\275|}"
 369      653CAC0E 
 369      37F36924 
ARM GAS  /tmp/cc8akVqU.s 			page 29


 369      5AE7417E 
 369      6E45A7E4 
 370 0182 EA91C5D9 		.ascii	"\352\221\305\331$\314\226\206.\324\241\312$\374\034"
 370      24CC9686 
 370      2ED4A1CA 
 370      24FC1C
 371 0191 4E89FDA3 		.ascii	"N\211\375\243\373\264D^\013\253m\200\255m\2252\354\264"
 371      FBB4445E 
 371      0BAB6D80 
 371      AD6D9532 
 371      ECB4
 372 01a3 1E2F3645 		.ascii	"\036/6E\016\306K\003Y:\200Wp\256\205\013\006C7M\321"
 372      0EC64B03 
 372      593A8057 
 372      70AE850B 
 372      0643374D 
 373 01b8 B29AD98E 		.ascii	"\262\232\331\216\306\360\225u;\302W\321c\340+\022\277"
 373      C6F09575 
 373      3BC257D1 
 373      63E02B12 
 373      BF
 374 01c9 174E3FB7 		.ascii	"\027N?\267\233\306\364\024F\232\306(\353!\347\266\201"
 374      9BC6F414 
 374      469AC628 
 374      EB21E7B6 
 374      81
 375 01da 0CC16B03 		.ascii	"\014\301k\003R\272A\315\007\243\315\275Af\263vZ\321"
 375      52BA41CD 
 375      07A3CDBD 
 375      4166B376 
 375      5AD1
 376 01ec 7928FAE0 		.ascii	"y(\372\340\254\222o\234\241\237\254\372\014\337L\327"
 376      AC926F9C 
 376      A19FACFA 
 376      0CDF4CD7 
 377 01fc D1D55DFF 		.ascii	"\321\325]\377\345\205\222\274\001\230\251-\341|d\361"
 377      E58592BC 
 377      0198A92D 
 377      E17C64F1 
 378 020c 4F03565F 		.ascii	"O\003V_\\o#\314\031\276\236_\207\262\035\277\301\255"
 378      5C6F23CC 
 378      19BE9E5F 
 378      87B21DBF 
 378      C1AD
 379 021e F8455290 		.ascii	"\370ER\2200$\351i\222\3360\321[\300\345h#\203\364\250"
 379      3024E969 
 379      92DE30D1 
 379      5BC0E568 
 379      2383F4A8 
 380 0232 BFA16F39 		.ascii	"\277\241o9\310\007o\276M\347a\325\362\235`\004>0\"A"
 380      C8076FBE 
 380      4DE761D5 
 380      F29D6004 
 380      3E302241 
 381 0246 DC751E6E 		.ascii	"\334u\036n0U\327El\300m\022Uw\030\2517\253\221\0325"
 381      3055D745 
 381      6CC06D12 
ARM GAS  /tmp/cc8akVqU.s 			page 30


 381      557718A9 
 381      37AB911A 
 382 025b 23555EB4 		.ascii	"#U^\264\242Y\333\010E\202\325-\004\357\302[\003\312"
 382      A259DB08 
 382      4582D52D 
 382      04EFC25B 
 382      03CA
 383 026d 620A6E9F 		.ascii	"b\012n\237\372tO\221*\314\256\015\357\010\235aL*Y\200"
 383      FA744F91 
 383      2ACCAE0D 
 383      EF089D61 
 383      4C2A5980 
 384 0281 6F53B5BB 		.ascii	"oS\265\273\253eB\360\336T\253\351<\302\210\370\314\370"
 384      AB6542F0 
 384      DE54ABE9 
 384      3CC288F8 
 384      CCF8
 385 0293 6CF066A9 		.ascii	"l\360f\251\313e\333h\033_\3256\001\247\301\373\033\274"
 385      CB65DB68 
 385      1B5FD536 
 385      01A7C1FB 
 385      1BBC
 386 02a5 B5F3B7F7 		.ascii	"\265\363\267\367\255\377f\350\333\307\0073\005\305\034"
 386      ADFF66E8 
 386      DBC70733 
 386      05C51C
 387 02b4 A6B5DE80 		.ascii	"\246\265\336\200,\217;\3222\322]\216Lw\266#\356l|Rb"
 387      2C8F3BD2 
 387      32D25D8E 
 387      4C77B623 
 387      EE6C7C52 
 388 02c9 DCA97847 		.ascii	"\334\251xG\\\202;1\343P\\f\246\307\221\356NM\275\340"
 388      5C823B31 
 388      E3505C66 
 388      A6C791EE 
 388      4E4DBDE0 
 389 02dd BA989CE5 		.ascii	"\272\230\234\345r\344$\236sx\262R\0349Y\331I\036WV\256"
 389      72E4249E 
 389      7378B252 
 389      1C3959D9 
 389      491E5756 
 390 02f2 3BC57538 		.ascii	";\305u8\205\331S\335\236\314\344\354\2244W\252v\376"
 390      85D953DD 
 390      9ECCE4EC 
 390      943457AA 
 390      76FE
 391 0304 52B6CBF3 		.ascii	"R\266\313\363\017\222\326\271\011"
 391      0F92D6B9 
 391      09
 392              		.text
 393              		.section	.gnu.lto_urtServiceQueueLength.82a1f4d210b50a54,"e",%progbits
 394 0000 789C8D56 		.ascii	"x\234\215V[lTE\030\236\177\346\\\267\273\333\313^\332"
 394      5B6C5445 
 394      189E7FE6 
 394      5CB7BBDB 
 394      CB5EDA
 395 0013 A592F401 		.ascii	"\245\222\364\001h0\312\362`\"oZ\015/&j\002&\276I\010"
ARM GAS  /tmp/cc8akVqU.s 			page 31


 395      6830CAF2 
 395      60226F5A 
 395      0D2F266A 
 395      0226BE49 
 396 0028 6CA50937 		.ascii	"l\245\0117\267E\0379-m\005Z\2131\010\205\260l\221T\012"
 396      B7451F39 
 396      2D6D055A 
 396      8B310885 
 396      B06C9154 
 397 003d 862257B9 		.ascii	"\206\"W\271\224\262\\\344\326\012X\241\320\245\264Z"
 397      94B25CE4 
 397      D60A58A1 
 397      D0A5B45A 
 398 004d 4BE9B650 		.ascii	"K\351\266P\001\261A\324\305\2319\263\313\331\245\024"
 398      01B141D4 
 398      C59939B3 
 398      CBD9A514 
 399 005d F6E164CE 		.ascii	"\366\341d\316\376\377w\231\371\377\371w5\004\350u\033"
 399      FEFF7799 
 399      F9FFF977 
 399      3504E875 
 399      1B
 400 006e 42731142 		.ascii	"Bs\021BU\200\020L@\200\015\303xS-\3270&\033\367\016"
 400      5580104C 
 400      40800DC3 
 400      78532DD7 
 400      30261BF7 
 401 0083 BC221936 		.ascii	"\274\"\0316i\240}\203K2\354\004$\021\223\260,b\212\210"
 401      69A07D83 
 401      4B32EC04 
 401      241193B0 
 401      2C628A88 
 402 0097 C9A08898 		.ascii	"\311\240\210\230\202U\021\323DL\005M\3044\360\212\225"
 402      825511D3 
 402      444C054D 
 402      C434F08A 
 402      95
 403 00a8 8E6D66D4 		.ascii	"\216mf\324\226ef\333m8C\340\354\002\227\001v\221m\307"
 403      966566DB 
 403      6D3843E0 
 403      EC029701 
 403      76916DC7 
 404 00bc 0E11738A 		.ascii	"\016\021s\212\230\003\234\"\346\304\231\"\346\021\261"
 404      98039C22 
 404      E6C49922 
 404      E611B1
 405 00cb 4CF08858 		.ascii	"L\360\210X\026\316\026*\036\241\222\215sD\266Kd\347"
 405      16CE162A 
 405      1EA1928D 
 405      7344B64B 
 405      64E7
 406 00dd 804B64BB 		.ascii	"\200Kd\273\260;\215\311\235d\362\010\347\3075/\326;"
 406      B03B8DC9 
 406      9D64F208 
 406      E7C7352F 
 406      D63B
 407 00ef EE3E9A41 		.ascii	"\356>\232A\263r\233\327T\2514+\027\347\011\234O\340"
ARM GAS  /tmp/cc8akVqU.s 			page 32


 407      B3729BD7 
 407      54A9342B 
 407      17E7099C 
 407      4FE0
 408 0101 F2C02770 		.ascii	"\362\300'p>\000\27624@\3131\221dE\325t[\206\335\341"
 408      3E00BE32 
 408      3440CB31 
 408      916445D5 
 408      745B86DD 
 409 0116 CCCCCACE 		.ascii	"\314\314\312\316q\271=\336\334<\037,\307^\224\374\254"
 409      71B93DDE 
 409      DC3C1F2C 
 409      C75E94FC 
 409      AC
 410 0127 21EB09F4 		.ascii	"!\353\011\364T\204\036\332\353H\230 \220\350\353\332"
 410      54841EDA 
 410      EB489820 
 410      90E8EBDA 
 411 0137 F3FBCED9 		.ascii	"\363\373\316\331\330+@\001}\255\354\334|H\232\272\315"
 411      D82B4001 
 411      7DADECDC 
 411      7C489ABA 
 411      CD
 412 0148 302A8CC8 		.ascii	"0*\214\310\372\036W\375\276K\206\036&\030m\240\351G"
 412      FA1E57FD 
 412      BE4B861E 
 412      26186DA0 
 412      E947
 413 015a 201F0E43 		.ascii	" \037\016C>\247\202\026\230J\323\253\343\3757%\362\026"
 413      3EA78216 
 413      984AD3AB 
 413      E3FD3725 
 413      F216
 414 016c 20BA5E7F 		.ascii	" \272^\177\367\354&(l\344\320\333\215\304\230\024&\004"
 414      F7EC2628 
 414      6CE4D0DB 
 414      8DC49814 
 414      2604
 415 017e 8E024981 		.ascii	"\216\002I\201\322\357(\270\025\012\231\223h\250\317"
 415      D2EF28B8 
 415      150A9993 
 415      68A8CF
 416 018d 41DEE1E0 		.ascii	"A\336\341\340\007U\207\277u\012\360\203m\034,\301\261"
 416      075587BF 
 416      750AF083 
 416      6D1C2CC1 
 416      B1
 417 019e A7C01205 		.ascii	"\247\300\022\005G8x\367\320\303/\235\344=\016\216\215"
 417      473878F7 
 417      D0C32F9D 
 417      E43D0E8E 
 417      8D
 418 01af B4DE5004 		.ascii	"\264\336P\004\270\333\267\321\210H\014}|L\364\011\216"
 418      B8DBB7D1 
 418      88480C7D 
 418      7C4CF409 
 418      8E
ARM GAS  /tmp/cc8akVqU.s 			page 33


 419 01c0 2EDFBCFF 		.ascii	".\337\274\377\212Lfs\364\236\256\366jY\240\333\363\023"
 419      8A4C6673 
 419      F49EAEF6 
 419      6A59A0DB 
 419      F313
 420 01d2 E89363A2 		.ascii	"\350\223c\242OA!b\230\356\332?[\200|\310\361\345\255"
 420      4F412162 
 420      98EEDA3F 
 420      5B807CC8 
 420      F1E5AD
 421 01e5 15F5F2E4 		.ascii	"\025\365\362\344\255\034?p\321\275e\205q\326\240\024"
 421      AD1C3F70 
 421      D1BD6585 
 421      71D6A014 
 422 01f5 187E4CA3 		.ascii	"\030~L\243`\037\232\337\267;\376\265C\221\3404Lf\307"
 422      601F9ADF 
 422      B73BFEB5 
 422      4391E034 
 422      4C66C7
 423 0208 CA0EF30C 		.ascii	"\312\016\363\014(@#\215M\307\3732\311G\234\365\257\350"
 423      2840238D 
 423      4DC7FB32 
 423      C9479CF5 
 423      AFE8
 424 021a 17DF2982 		.ascii	"\027\337)\202u\244\313\273U\260\312pv|\326s\224\225"
 424      75A4CBBB 
 424      55B0CA70 
 424      767CD673 
 424      9495
 425 022c F131DAF3 		.ascii	"\3611\332\363\224\026!\314\224\330\367\273:\344\210"
 425      941621CC 
 425      94D8F7BB 
 425      3AE488
 426 023b 117FFCB9 		.ascii	"\021\177\374\271\0219\375\376\226\377\246\025\002\335"
 426      1139FDFE 
 426      96FFA615 
 426      02DD
 427 0249 9482E943 		.ascii	"\224\202\351C%\364!K\364\241\311\354\241 \006Q\331R"
 427      25F4214B 
 427      F4A1C9EC 
 427      A1200651 
 427      D952
 428 025b 630F9DBF 		.ascii	"c\017\235\277\333\020#q\003+@.\260\203\244-H\017$\037"
 428      DB102371 
 428      032B402E 
 428      B083A42D 
 428      480F241F 
 429 026f 583D27F2 		.ascii	"X='\362h\001\317\234\302\327\010\325\020t\367Q\323\014"
 429      6801CF9C 
 429      C2D708D5 
 429      1074F751 
 429      D30C
 430 0281 302208D5 		.ascii	"0\"\010\325\022\314\327\345t}\023*\007O\306/\332\231"
 430      12CCD7E5 
 430      747D132A 
 430      074FC62F 
 430      DA99
ARM GAS  /tmp/cc8akVqU.s 			page 34


 431 0293 CF107153 		.ascii	"\317\020qS\367u+\376\350\321X\027J\200\240Ml\253\226"
 431      F7752BFE 
 431      E8D15817 
 431      4A80A04D 
 431      6CAB96
 432 02a6 90C16F0E 		.ascii	"\220\301o\016\024r\310\020T\334\037\\\331\2460\010\315"
 432      1472C810 
 432      54DC1F5C 
 432      D9A63008 
 432      CD
 433 02b7 8F44BFEF 		.ascii	"\217D\277\357r6\302\326rz\005\032\274\364\260)\215\211"
 433      7236C2D6 
 433      727A051A 
 433      BCF4B029 
 433      8D89
 434 02c9 83766804 		.ascii	"\203vh\004+#\246\214?q\306Z\"\245Z\350\274&,\344Z4\345"
 434      2B23A68C 
 434      3F71C65A 
 434      22A55AE8 
 434      BC262CE4 
 435 02e0 54CD9AE1 		.ascii	"T\315\232\341q4\005\016.P\315\244\210\222*2\222\020"
 435      7134050E 
 435      2E50CDA4 
 435      88922A32 
 435      9210
 436 02f2 F15944D4 		.ascii	"\361YD\324T\221\272\3616&pp\321*\242%E(\301\332\325"
 436      5491BAF1 
 436      36267070 
 436      D12AA225 
 436      4528C1DA 
 437 0307 3BF73A4C 		.ascii	";\367:L\221\224\255\023\336IV\312\2020\321C$\037.1\032"
 437      9194AD13 
 437      DE4956CA 
 437      8230D143 
 437      241F2E31 
 438 031c D6BBE1DE 		.ascii	"\326\273\341\336\203\312\364f\303\014\331\340g\252Q"
 438      83CAF466 
 438      C30CD9E0 
 438      67AA51
 439 032b 4F444BB5 		.ascii	"ODK\265\364\366\357\301\225P!\200\012t\300t\352\343"
 439      F4F6EFC1 
 439      95502180 
 439      0A74C074 
 439      EAE3
 440 033d 17A80474 		.ascii	"\027\250\004t\033*\013x\233\321\274PS\373c\235\345i"
 440      1B2A0B78 
 440      9BD1BC50 
 440      53FB639D 
 440      E569
 441 034f 6192B181 		.ascii	"a\222\261\201\260i\177\231\345P7abg\006[b\241a'k\307"
 441      B0697F99 
 441      E5503761 
 441      6267065B 
 441      62A16127 
 442 0365 109998BE 		.ascii	"\020\231\230\276\311>\326\201\343\230r\300\025n\012"
 442      C93ED681 
 442      E39872C0 
ARM GAS  /tmp/cc8akVqU.s 			page 35


 442      156E0A
 443 0374 4C53072E 		.ascii	"LS\007.\357:\257\233\301\2068f\027\242\023\246\327\323"
 443      EF3AAF9B 
 443      C1863866 
 443      17A213A6 
 443      D7D3
 444 0386 094555AF 		.ascii	"\011EU\2572\177\364p\3645UW\317\020q:+6U\337\331\353"
 444      327FF470 
 444      F4355557 
 444      CF10713A 
 444      2B3655DF 
 445 039c 31C50B42 		.ascii	"1\305\013BDg\034\253\356l\327\315\336\000\270FU\271"
 445      44671CAB 
 445      EE6CD7CD 
 445      DE00B846 
 445      55B9
 446 03ae C5A6B609 		.ascii	"\305\246\266\011f\026N\2678\362\\\213]\317\262\270\203"
 446      66164EB7 
 446      38F25C8B 
 446      5DCFB2B8 
 446      83
 447 03bf AAA81065 		.ascii	"\252\250\020e\026\331\261\302uj\221\266E\357\311S \304"
 447      16D9B1C2 
 447      756A91B6 
 447      45EFC953 
 447      20C4
 448 03d1 42C4269A 		.ascii	"B\304&\232\302\266\243.\272\022\236t\316\205\350kf\216"
 448      C2B6A32E 
 448      BA129E74 
 448      CE85E86B 
 448      668E
 449 03e3 DBD23919 		.ascii	"\333\3229\031C\235\327zQ\242\362\353b;\332T\226\224"
 449      439DD77A 
 449      51A2F2EB 
 449      623BDA54 
 449      9694
 450 03f5 6EB918A5 		.ascii	"n\271\030\245\\\212n\352\217n\2373\330\323d\006\022"
 450      5C8A6EEA 
 450      8F6E9F33 
 450      D8D36406 
 450      12
 451 0406 32D65BE0 		.ascii	"2\326[\340H\223\3319<\236L\342\036\334\260\3108\323"
 451      4893D939 
 451      3C9E4CE2 
 451      1EDCB0C8 
 451      38D3
 452 0418 64E20919 		.ascii	"d\342\011\031\353=\310L\22398\356n\0227\241\307\"\223"
 452      EB3DC84C 
 452      933938EE 
 452      6E1237A1 
 452      C72293
 453 042b D53FFA6F 		.ascii	"\325?\372o+N0\264\304Z\206sL\031\222Nr\037\236W\305"
 453      2B4E30B4 
 453      C45A8673 
 453      4C19924E 
 453      721F9E57 
 454 0440 DE6755B1 		.ascii	"\336gU\261\2317\332\257\254\212\022\253\342o\211*\336"
ARM GAS  /tmp/cc8akVqU.s 			page 36


 454      9937DAAF 
 454      AC8A12AB 
 454      E26F892A 
 454      DE
 455 0451 1655244F 		.ascii	"\026U$O\252\230=\234\334\222y\377\257\217q\2749m\253"
 455      AA983D9C 
 455      DC9279FF 
 455      AF8F71BC 
 455      396DAB
 456 0464 E2279EEC 		.ascii	"\342'\236\354\273\346\316\0171\301$=}c-\007\334G\035"
 456      BBE6CE0F 
 456      31C1243D 
 456      7D632D07 
 456      DC471D
 457 0477 B29EDE5C 		.ascii	"\262\236\336\\\275J5\363e\336\325\022\243\351Y\3757"
 457      BD4A35F3 
 457      65DED512 
 457      A3E959FD 
 457      37
 458 0488 798122FD 		.ascii	"y\201\"\375\316OO\346>\\ifOw\217Q$w\252\331\330\271"
 458      CE4F4FE6 
 458      3E5C6966 
 458      4F778F51 
 458      2477AAD9 
 459 049e 172A52BF 		.ascii	"\027*R\277\245H\236\344\205\304\3464\250)6e\246X\307"
 459      A5489EE4 
 459      85C4E634 
 459      A8293665 
 459      A658C7
 460 04b1 95FCD4B8 		.ascii	"\225\374\324\270j\030\265SR'=\\\2709f\315d\030\3405"
 460      6A18B553 
 460      52273D5C 
 460      B83966CD 
 460      6418E035 
 461 04c5 63BB815B 		.ascii	"c\273\201[\342\372\263\377S\206\304\324\200o\352%SK"
 461      E2FAB3FF 
 461      5386C4D4 
 461      806FEA25 
 461      534B
 462 04d7 7020340A 		.ascii	"p 4\012:\233\243\332\306c\035\314\241'z\353\345Q\260"
 462      3A9BA3DA 
 462      C6631DCC 
 462      A1277AEB 
 462      E551B0
 463 04ea D1D1A41D 		.ascii	"\321\321\244\035\276\025\245\225\234\342\371\252\230"
 463      BE15A595 
 463      9CE2F9AA 
 463      98
 464 04f7 D2E4DE4B 		.ascii	"\322\344\336K\214X:\354\032\2165\223g\314;:z`\3202\357"
 464      8C583AEC 
 464      1A8E3593 
 464      67CC3B3A 
 464      7A60D032 
 465 050c CC9F961B 		.ascii	"\314\237\226\033\351S\177\224\275\351^f0\317:\375\327"
 465      E9537F94 
 465      BDE95E66 
 465      30CF3AFD 
ARM GAS  /tmp/cc8akVqU.s 			page 37


 465      D7
 466 051d D51C3DB2 		.ascii	"\325\034=\262\037\314du\314\342'N4\226,\376!\331\314"
 466      1FCC6475 
 466      CCE2274E 
 466      34962CFE 
 466      21D9CC
 467 0530 D74284A1 		.ascii	"\327B\204\241\314\342o'\317\377\015\031\342E\321\370"
 467      CCE26F27 
 467      CFFF0D19 
 467      E245D1F8 
 468 0540 31F992FB 		.ascii	"1\371\222\373\033\201\212\206\177\232'\230\234\354\237"
 468      1B818A86 
 468      7F9A2798 
 468      9CEC9F
 469 054f 03FDE586 		.ascii	"\003\375\345\206{\211_n\204\336\360/X\262(\340_ZR\346"
 469      7B895F6E 
 469      84DEF02F 
 469      58B228E0 
 469      5F5A52E6 
 470 0563 2F9A3D73 		.ascii	"/\232=s\316\254\242\267g\372\213\336-\231\265\344\325"
 470      CEACA2B7 
 470      67FA8BDE 
 470      2D99B5E4 
 470      D5
 471 0574 A2A54B4B 		.ascii	"\242\245KK\375\213J\346\317_\030\370ln0\340_6\353\003"
 471      FD8B4AE6 
 471      CF5F18F8 
 471      6C6E30E0 
 471      5F36EB03 
 472 0588 7F69709E 		.ascii	"\177ip\236\177Y\260lNi \370i\311\274\300\264yH\025K"
 472      7F59B06C 
 472      4E6920F8 
 472      69C9BCC0 
 472      B4794815 
 473 059d B2205826 		.ascii	"\262 X&\025\227\006\313\310\342`\231\2620\260\370\343"
 473      159706CB 
 473      C8E26099 
 473      B230B0F8 
 473      E3
 474 05ae B2052418 		.ascii	"\262\005$\030\370\344\177]\273\327\341"
 474      F8E47F5D 
 474      BBD7E1
 475              		.text
 476              		.section	.gnu.lto_.symbol_nodes.82a1f4d210b50a54,"e",%progbits
 477 0000 789C75D1 		.ascii	"x\234u\321\261N\002A\020\006\340\231\375\217\335\203"
 477      B14E0241 
 477      1006E099 
 477      FD8FDD83 
 478 0010 030B7800 		.ascii	"\003\013x\000{\237\300R\023\037\205\367\030b\350E\020"
 478      7B9FC052 
 478      131F85F7 
 478      1862E845 
 478      10
 479 0021 44311642 		.ascii	"D1\026BaI\215%\027\35101\226\026\026Wh\007\255\211\301"
 479      61498D25 
 479      17E93031 
 479      96161657 
ARM GAS  /tmp/cc8akVqU.s 			page 38


 479      6807AD89 
 480 0036 F1EEB471 		.ascii	"\361\356\264qw\253?\363m&;\26311\035\030\"2g\020\352"
 480      77AB3FF3 
 480      6D263BB3 
 480      31311D18 
 480      22326710 
 481 004b E889B8B7 		.ascii	"\350\211\270\267&\022\242E\347X\361\207z\020\016\320"
 481      2612A245 
 481      E758F187 
 481      7A100ED0 
 482 005b 39C404A8 		.ascii	"9\304\004\250\017A\200\006\220(@\027\220J\200\206\020"
 482      0F418006 
 482      90284017 
 482      904A8086 
 482      10
 483 006c BBF9BC3F 		.ascii	"\273\371\274?\374'<\202\270]y\366s&\235\345He\014\211"
 483      FC273C82 
 483      B85D79F6 
 483      73269DE5 
 483      48650C89 
 484 0080 FD7209A9 		.ascii	"\375r\011\251\372\345\032R\363\313\025$\361\313\004"
 484      FAE51A52 
 484      F3CB1524 
 484      F1CB04
 485 008f 52F7CB0D 		.ascii	"R\367\313\015\244\341\025\220\233,_\372\340\256\005"
 485      A4E11590 
 485      9B2C5FFA 
 485      E0AE05
 486 009e 578B99BB 		.ascii	"W\213\231\273\014\216\213\230Y\230\244\210'0n\374\360"
 486      0C8E8B98 
 486      5998A488 
 486      27306EFC 
 486      F0
 487 00af F44A3C63 		.ascii	"\364J<c-~\244\363)x\246^\333|\335\2761g{z\341=\257\246"
 487      2D7EA4F3 
 487      2978A65E 
 487      DB7CDDBE 
 487      31677B7A 
 488 00c7 ADBF98B5 		.ascii	"\255\277\230\265\200\262A\033(\377\366\224\021\325\177"
 488      80B2411B 
 488      28FFF694 
 488      11D57F
 489 00d6 8B113DCE 		.ascii	"\213\021=\316\227+\303w\214J\343YW\253\2554\272\302"
 489      972BC377 
 489      8C4AE359 
 489      57ABAD34 
 489      BAC2
 490 00e8 530B9BE4 		.ascii	"S\013\233\344\373\326\007Z\267\315S\223\276\001\331"
 490      FBD6075A 
 490      B7CD5393 
 490      BE01D9
 491 00f7 46B99A   		.ascii	"F\271\232"
 492              		.text
 493              		.section	.gnu.lto_.refs.82a1f4d210b50a54,"e",%progbits
 494 0000 789CE360 		.ascii	"x\234\343``\004B \000\000\000]\000\013"
 494      60044220 
 494      0000005D 
ARM GAS  /tmp/cc8akVqU.s 			page 39


 494      000B
 495              		.text
 496              		.section	.gnu.lto_.decls.82a1f4d210b50a54,"e",%progbits
 497 0000 789CAD7B 		.ascii	"x\234\255{yTTg\236h}\365\025P@\001*v\342\304\274>\351"
 497      79545467 
 497      9E687DF5 
 497      15504001 
 497      2A76E2C4 
 498 0017 3EF64B66 		.ascii	">\366Kf\322\206\364r\246\223wrz&\223\351y3\375:\323"
 498      D286F472 
 498      A6937772 
 498      7A2693E9 
 498      7933FD3A 
 499 002c F392F49C 		.ascii	"\363\222\364\234\327\357\234wh\204R\253\303\326P\232"
 499      D7EF9C77 
 499      688452AB 
 499      C3D6509A 
 500 003c 38FF4CB1 		.ascii	"8\377L\261(\213 \213(\253,\202\002\002\002\012*\002"
 500      288B208B 
 500      28AB2C82 
 500      0202020A 
 500      2A02
 501 004e CAE2C222 		.ascii	"\312\342\302\"\213\200 \373\242 \250\200\262\212l\357"
 501      8B8020FB 
 501      A220A880 
 501      B28A6CEF 
 502 005e F72DB7EA 		.ascii	"\367-\267\352\336\252[\232\3563\225\374\274\367\373"
 502      DEAA5B9A 
 502      EE3395FC 
 502      BCF7FB
 503 006d EE6FFFFD 		.ascii	"\356o\377\375\276\337\267\334\213Z\201\024\377\362K"
 503      BEDFB7DC 
 503      8B5A8114 
 503      FFF24B
 504 007c 856259AD 		.ascii	"\205bY\255P$\250\024\212M\370\301\255\342.\200\023\300"
 504      5024A814 
 504      8A4DF8C1 
 504      ADE22E80 
 504      13C0
 505 008e 9B48A178 		.ascii	"\233H\241x\037\340\307\000\037\000\254B\337\011\270"
 505      1FE0C700 
 505      1F00AC42 
 505      DF09B8
 506 009d DA022402 		.ascii	"\332\002$\002\354\203v\032\\\263\000\376\006 \025\200"
 506      EC83761A 
 506      5CB300FE 
 506      06201580 
 507 00ad FC9C014A 		.ascii	"\374\234\001J\341\376*\300\015\200F\200f\200v\200\036"
 507      E1FE2AC0 
 507      0D804680 
 507      66807680 
 507      1E
 508 00be 807E8061 		.ascii	"\200~\200a\200Q\200\347\000\363\000\313\000k\234^\374"
 508      805180E7 
 508      00F300CB 
 508      006B9C5E 
 508      FC
ARM GAS  /tmp/cc8akVqU.s 			page 40


 509 00cf F3C40A85 		.ascii	"\363\304\012\205+\\\213\341\3316\270n\027\351\365=%"
 509      2B5C8BE1 
 509      D936B86E 
 509      17E9F53D 
 509      25
 510 00e0 D3EB3D05 		.ascii	"\323\353=\005\323\361\257\001\336\200\276\355\000\273"
 510      D3F1AF01 
 510      DE80BEED 
 510      00BB
 511 00ee E0FE1D80 		.ascii	"\340\376\035\2007\341~\007\300\002\340\374\025\\\373"
 511      37E17E07 
 511      C002E0FC 
 511      155CFB
 512 00fd 88FE70FF 		.ascii	"\210\376p\377#\302\017\332\256\000?\200\373w\0014p\257"
 512      23C20FDA 
 512      AE003F80 
 512      FB770134 
 512      70AF
 513 010f E4BAF7CB 		.ascii	"\344\272\367\313\350r\0003\371b]\314\375\362\226\222"
 513      E8720033 
 513      F9625DCC 
 513      FDF29692 
 514 011f E9B21B60 		.ascii	"\351\262\033`\247\231\334n\005\3239\014\300\021\332"
 514      A799DC6E 
 514      05D3390C 
 514      C011DA
 515 012e E1701D82 		.ascii	"\341p\035\202\253#\364o\201\2533\200+\200\013@'\364"
 515      AB23F46F 
 515      81AB3380 
 515      2B800B40 
 515      27F4
 516 0140 7501F400 		.ascii	"u\001\364\000\334\003\330J\364\003p\002\0005\250oG\271"
 516      DC03D84A 
 516      F4037002 
 516      0035A86F 
 516      47B9
 517 0152 1FCD7F11 		.ascii	"\037\315\177\021\200\360\026\\\323\315\3644\217\331"
 517      80F0165C 
 517      D3CDF434 
 517      8FD9
 518 0160 8F91499F 		.ascii	"\217\221I\237\337C\377\273\012\246\267\271\316'\021"
 518      DF43FFBB 
 518      0AA6B7B9 
 518      CE2711
 519 016f F329896F 		.ascii	"\363)\211o\004\\c\270\1777\270\315[\024R\275\177\304"
 519      045C63B8 
 519      7F37B8CD 
 519      5B1452BD 
 519      7FC4
 520 0181 7DE9AC94 		.ascii	"}\351\254\224\332\340\010\355\255\000.J\346o\342\373"
 520      DAE008ED 
 520      AD002E4A 
 520      E66FE2FB 
 521 0191 2DC4E100 		.ascii	"-\304\341\000\220~4W\346\271\357\237\313\330u\034\354"
 521      907E3457 
 521      E6B9EF9F 
 521      CBD8751C 
ARM GAS  /tmp/cc8akVqU.s 			page 41


 521      EC
 522 01a2 7291F1FF 		.ascii	"r\221\361\377\337p;\314s@lG,\\K\020\213\257\240\037"
 522      DF703BCC 
 522      73406C47 
 522      2C5C4B10 
 522      8BAFA01F 
 523 01b6 F1632397 		.ascii	"\361c#\227Y*#/\0213\333^%/]Ff\034\\\227^!\263\231\347"
 523      592A232F 
 523      1133DB5E 
 523      252F5D46 
 523      661C5C97 
 524 01cf BB9CCC2C 		.ascii	"\273\234\314,\231|O\344c\213\310|\227\347\032\221-\304"
 524      997C4FE4 
 524      638BC87C 
 524      97E71A91 
 524      2DC4
 525 01e1 E503512C 		.ascii	"\345\003Q,\342\241\275j\026C;Q\276\273\210|\276)\322"
 525      E2A1BD6A 
 525      16433B51 
 525      BEBB887C 
 525      BE29D2
 526 01f4 A99D8F3F 		.ascii	"\251\235\217?\271\274/\346~\027\364I\345\365 M\344\007"
 526      B9BC2FE6 
 526      7E17F449 
 526      E5F5204D 
 526      E407
 527 0206 2187E4F2 		.ascii	"!\207\344\362\207\350h\253\220\317mg.\277G\024{\313"
 527      87E868AB 
 527      90CF6D67 
 527      2EBF4714 
 527      7BCB
 528 0218 38A0A1E0 		.ascii	"8\240\241\340S/4\3070\332\346\200T\320Lh*kt\200\346"
 528      532F34C7 
 528      30DAE680 
 528      54D04C68 
 528      2A6B7480 
 529 022d 7607F40E 		.ascii	"v\007\364\0164\307O?\375\036{\370\036\264\256o\236\274"
 529      34C74F3F 
 529      FD1E7BF8 
 529      1EB4AE6F 
 529      9EBC
 530 023f AE624D35 		.ascii	"\256bM54O\234\253]\3230\334\032\302\252\350RT\252\035"
 530      344F9CAB 
 530      5DD330DC 
 530      1AC2AAE8 
 530      5254AA1D 
 531 0253 7BBC039A 		.ascii	"{\274\003\232Y\367\332\203\021kn!O7\037\245\2720l\003"
 531      59F7DA83 
 531      116B6E21 
 531      4F371FA5 
 531      BA306C03 
 532 0267 82F6CBE3 		.ascii	"\202\366\313\343\025\345\216X\211\010e\307SC\030\302"
 532      15E58E58 
 532      890865C7 
 532      534318C2 
 533 0277 6A7A9F95 		.ascii	"jz\237\2252\025\257\306N\364>5q9\327\326\255\310\300"
 533      3215AFC6 
ARM GAS  /tmp/cc8akVqU.s 			page 42


 533      4EF43E35 
 533      7139D7D6 
 533      ADC8C0
 534 028a 7EEA34AC 		.ascii	"~\3524\254@7\0206)\337{\242\246\015\343\337Q\334\224"
 534      40371036 
 534      29DF7BA2 
 534      A60DE3DF 
 534      51DC94
 535 029d F453096A 		.ascii	"\364S\011j\3278\216k@\324\\t\013at\033\271\242\233\310"
 535      D7388E6B 
 535      40D45C74 
 535      0B61741B 
 535      B9A29BC8 
 536 02b1 8DD3BC48 		.ascii	"\215\323\274H;\335\342\214\265\224\346\360\215\210\377"
 536      3BDDE28C 
 536      B594E6F0 
 536      8D88FF
 537 02c0 B02069B0 		.ascii	"\260 i\260 \231\256\215\030Vk\"\015\206`Cf\210\301\376"
 537      2099AE8D 
 537      18566B22 
 537      0D866043 
 537      6688C1FE 
 538 02d4 9F51233C 		.ascii	"\237Q#<\256D;\321U\264\023\010\232\220\206\341\235="
 538      AE443BD1 
 538      55B41308 
 538      9A9086E1 
 538      9D3D
 539 02e6 BF72538D 		.ascii	"\277rS\215\277\241\254\307\327\212\233\020&<\241\221"
 539      BFA1ACC7 
 539      D78A9B10 
 539      263CA191 
 540 02f6 DD717BD9 		.ascii	"\335q{\331\021\207\263F\324\312B\214\223\205\324\026"
 540      1187B346 
 540      D4CA428C 
 540      9385D416 
 541 0306 90DA2A91 		.ascii	"\220\332*\221:~\"\243S\203\023\031Q~r{\251\243\005Q"
 541      3A7E22A3 
 541      53831319 
 541      517E727B 
 541      A9A30551 
 542 031a 9B05D1B1 		.ascii	"\233\005\321\261;73m\304\252\266KT\275+\250\272\260"
 542      3B37336D 
 542      C4AAB64B 
 542      54BD2BA8 
 542      BAB0
 543 032c 71A5D111 		.ascii	"q\245\321\021\347Q\3466)\343\253A\016h\327\256]\256"
 543      E751E636 
 543      29E3AB41 
 543      0E68D7AE 
 543      5DAE
 544 033e BB4E13CA 		.ascii	"\273N\023\312\232\345\242\367\316=\2334\030\342w\020"
 544      9AE5A2F7 
 544      CE3D9B34 
 544      18E27710 
 545 034e E3500788 		.ascii	"\343P\007\210\351\226\360q#\377\374\004\376a\370\267"
 545      E996F071 
 545      23FFFC04 
ARM GAS  /tmp/cc8akVqU.s 			page 43


 545      FE61F8B7 
 546 035e 0ABE7F3A 		.ascii	"\012\276\177:\304\320\360\007\302\037\335\221\307\256"
 546      C4D0F007 
 546      C21FDD91 
 546      C7AE
 547 036c 4446F489 		.ascii	"DF\364\211\302-\331\024\2350\257\267@\257FF|jp,1X\245"
 547      C22DD914 
 547      9D30AFB7 
 547      40AF4646 
 547      7C6A702C 
 548 0383 40B58051 		.ascii	"@\265\200QC\237u3\233Q'\332\205\272\000z\000\356\241"
 548      439F7533 
 548      9B5127DA 
 548      85BA007A 
 548      00EEA1
 549 0396 5DC4074C 		.ascii	"]\304\007L\302\334\373)\206\232P[*\240\331\212\000\242"
 549      C2DCFB29 
 549      869A505B 
 549      2AA0D98A 
 549      00A2
 550 03a8 3E7862E5 		.ascii	">xb\345\362\360\004\3063\314\315\005\313\241\345.x\236"
 550      F2F004C6 
 550      33CCCD05 
 550      CBA1E52E 
 550      789E
 551 03ba 359E4C14 		.ascii	"5\236L\024t+\361\012k\204\206%7*-\002\320\007\274\373"
 551      742BF10A 
 551      6B848625 
 551      372A2D02 
 551      D007BCFB 
 552 03ce 2501B8B8 		.ascii	"%\001\270\270\231\177\004\343\020\226\327\241\213\031"
 552      997F04E3 
 552      1096D7A1 
 552      8B19
 553 03dc 4B361644 		.ascii	"K6\026D\003\026D'\013ZNI\022lP\242\357\220\020\265\330"
 553      03164427 
 553      0B5A4E49 
 553      126C50A2 
 553      EF9010B5 
 554 03f1 81952A47 		.ascii	"\201\225*G\034\305\230\2675\217iq\034\273\037[(\312"
 554      1CC598B7 
 554      358F6971 
 554      1CBB1F5B 
 554      28CA
 555 0403 B5D46E04 		.ascii	"\265\324n\004\004\215J\004\315\265%\356\305)\214\346"
 555      048D4A04 
 555      CDB525EE 
 555      C5298CE6 
 556 0413 7853C413 		.ascii	"xS\304\023\007\013\2321\013\232\216\244\2067\305\272"
 556      070B9A31 
 556      0B9A8EA4 
 556      8637C5BA 
 557 0423 3D90E8F6 		.ascii	"=\220\350\366P\320-\263nt7>CY\343\220\325\211\177G\256"
 557      50D02DB3 
 557      6E74373E 
 557      4359E390 
 557      D5897F47 
ARM GAS  /tmp/cc8akVqU.s 			page 44


 558 0438 BB7649C2 		.ascii	"\273vI\302w\015h\210\347\251Z\023<\202\223\020\271G"
 558      770D6888 
 558      E7A95A13 
 558      3C829310 
 558      B947
 559 044a E2C8F5B4 		.ascii	"\342\310\365\264|\222\264\300R\017X\243q\216k=\231\346"
 559      7C92B4C0 
 559      520F58A3 
 559      718E6B3D 
 559      99E6
 560 045c 76B05013 		.ascii	"v\260P\023\354ayl\036\351\023\307\223\306\261\253\274"
 560      EC61796C 
 560      1EE913C7 
 560      93C6B1AB 
 560      BC
 561 046d 4E63F23A 		.ascii	"Nc\362:\001\325\332\231\266\373j|\237\371\354\341|\341"
 561      01D5DA99 
 561      B6FB6A7C 
 561      9FF9ECE1 
 561      7CE1
 562 047f 828B85CF 		.ascii	"\202\213\205\317\036\003\361\023\211\317j\327{\323\034"
 562      1E03F113 
 562      89CF6AD7 
 562      7BD31C
 563 048e F02823AA 		.ascii	"\360(#\252-\033?\357lA\364\324\202\350BPa\277\235\330"
 563      2D1B3FEF 
 563      6C41F4D4 
 563      82E84250 
 563      61BF9DD8 
 564 04a2 D3D31253 		.ascii	"\323\323\022Sf\270\247U\341\227\246\342\225\3104Z\233"
 564      66B8A755 
 564      E197A6E2 
 564      95C8345A 
 564      9B
 565 04b3 073FCCA5 		.ascii	"\007?\314\245\303\011\362\004\365\002\333\347V\262\375"
 565      C309F204 
 565      F502DBE7 
 565      56B2FD
 566 04c2 34115FD3 		.ascii	"4\021_\323\235h\027D=6\005hu\034]p\204\310c\262c\217"
 566      9D681744 
 566      3D360568 
 566      751C5D70 
 566      84C863B2 
 567 04d8 DAFA9C3B 		.ascii	"\332\372\234;\352\0318j\026`N\034\300\245\\;\026\220"
 567      EA19386A 
 567      16604E1C 
 567      C0A55C3B 
 567      1690
 568 04ea 191E1039 		.ascii	"\031\036\0209mh\374\300\344\341\301\247\375\032|\002"
 568      6D68FCC0 
 568      E4E1C1A7 
 568      FD1A7C02 
 569 04fa 533F0D4F 		.ascii	"S?\015OW\226j\\\345\305\316[\027\013\224Gn\306V:\261"
 569      57966A5C 
 569      E5C5CE5B 
 569      170B9447 
 569      6EC6563A 
ARM GAS  /tmp/cc8akVqU.s 			page 45


 570 050f A946299A 		.ascii	"\251F)\232y\266\263\231\347Rn\364c\214\263\231\220\354"
 570      79B6B399 
 570      E7526EF4 
 570      638CB399 
 570      90EC
 571 0521 F2A23C32 		.ascii	"\362\242<2\015\375w\007\264\271\211\241\343\366\354"
 571      0DFD7707 
 571      B4B989A1 
 571      E3F6EC
 572 0530 7417621D 		.ascii	"t\027b\035\344\371\245\221\274\031{|\226!7\264\255\027"
 572      E4F9A591 
 572      BC197B7C 
 572      962137B4 
 572      AD17
 573 0542 DA3B8413 		.ascii	"\332;\204\023\273bC\0146\357)\320\022(\264H\024z\211"
 573      BB62430C 
 573      36EF29D0 
 573      1228B448 
 573      147A89
 574 0555 2809D167 		.ascii	"(\011\321g\005\372^@\037\231)f;\022\225\370\022\243"
 574      05FA5E40 
 574      1F992966 
 574      3B1295F8 
 574      12A3
 575 0567 1E9C39F3 		.ascii	"\036\2349\363\257\026a_\003\272uI\3307\3533j$\203\177"
 575      AF16615F 
 575      03BA7549 
 575      D837EB33 
 575      6A24837F 
 576 057b 5DE2B00D 		.ascii	"]\342\260\015a\200\325_\356\237R2#?$3uyo7\237\251\015"
 576      6180D55F 
 576      EE9F5232 
 576      233F2433 
 576      75796F37 
 577 0592 C48EC9EC 		.ascii	"\304\216\311\354\340&{\\\307Do\236-\211P\3436\326\250"
 577      E0267B5C 
 577      C7446F9E 
 577      2D8950E3 
 577      36D6A8
 578 05a5 3AB27E8D 		.ascii	":\262~\215\314\313\357\022\22377]DF\277\313\214~^\322"
 578      CCCBEF12 
 578      9337375D 
 578      4446BFCB 
 578      8C7E5ED2 
 579 05b9 9CA2C15D 		.ascii	"\234\242\301]\014\275\270\342f\225\232\031M\365Q\030"
 579      0CBDB8E2 
 579      66959A19 
 579      4DF55118 
 580 05c9 95418795 		.ascii	"\225A\207\225\224\204\030\035\252\334\211B\224\324\350"
 580      9484181D 
 580      AADC8942 
 580      94D4E8
 581 05d8 9CF51827 		.ascii	"\234\365\030'<\301\210\313\206[\376\017\236f\367am\317"
 581      3CC188CB 
 581      865BFE0F 
 581      9E66F761 
 581      6DCF
ARM GAS  /tmp/cc8akVqU.s 			page 46


 582 05ea 4B2D0B4C 		.ascii	"K-\013L\270\322\274\372\3055\345\024j\304\016\210P\212"
 582      B8D2BCFA 
 582      C535E514 
 582      6AC40E88 
 582      508A
 583 05fc 1D10A964 		.ascii	"\035\020\251d\016\300\261O\007\0156V\313\212\002\035"
 583      0EC0B14F 
 583      070D3656 
 583      CB8A021D 
 584 060c 55B2FC88 		.ascii	"U\262\374\210R\356B\321JQJ.\027}T\324\307j\0120Ca\240"
 584      52EE42D1 
 584      4A514A2E 
 584      177D54D4 
 584      C76A0A30 
 585 0623 C151E52B 		.ascii	"\301Q\345+\246\263\241\363|:;\242t@\301\362\330<\203"
 585      A6B3A1F3 
 585      7C3A3BA2 
 585      7440C1F2 
 585      D83C83
 586 0636 6D9FF55D 		.ascii	"m\237\365]-U\223\271\3238\034\207\362\336\210\0171\344"
 586      2D5593B9 
 586      D3381C87 
 586      F2DE880F 
 586      31E4
 587 0648 FD01AD22 		.ascii	"\375\001\255\"\007\264\014\341\216\007j!o\314\352\027"
 587      07B40CE1 
 587      8E076A21 
 587      6FCCEA17 
 588 0658 0CC79942 		.ascii	"\014\307\231B\0076\034\273\371p$\350\246\251\356:\222"
 588      07361CBB 
 588      F97024E8 
 588      A6A9EE3A 
 588      92
 589 0669 EAB694C1 		.ascii	"\352\266\224\301u\333\340\303+\336\252%\300|\342<gN"
 589      75DBE0C3 
 589      2BDEAA25 
 589      C07CE23C 
 589      674E
 590 067b 2C085232 		.ascii	",\010R2l\223\307\252\220\354`7@l7I\274\3278\177\342"
 590      6C93C7AA 
 590      90EC6037 
 590      406C3749 
 590      BCD7387F 
 591 0690 D558F0EA 		.ascii	"\325X\360\3521\200\343\0001\000qF\017\203\234[\371\333"
 591      3180E300 
 591      31007146 
 591      0F839C5B 
 591      F9DB
 592 06a2 E20D44AB 		.ascii	"\342\015D\253\0050\342\276\205\021\222\011\367\316\306"
 592      0530E2BE 
 592      85119209 
 592      F7CEC6
 593 06b1 830A07BC 		.ascii	"\203\012\007\274\306\207\343F\345M[a\314\207J\245'("
 593      C687E346 
 593      E54D5B61 
 593      CC874AA5 
 593      2728
ARM GAS  /tmp/cc8akVqU.s 			page 47


 594 06c3 5F2B9D8C 		.ascii	"_+\235\214\321\314\214!\311\3609!q\310I\236=\350Q|\347"
 594      D1CC8C21 
 594      C9F03921 
 594      71C8499E 
 594      3DE8517C 
 595 06d8 6D07012F 		.ascii	"m\007\001/\324\012\036JTj\000\267?.\250W\205#UT\305"
 595      D40A1E4A 
 595      546A00B7 
 595      3F2EA857 
 595      85235554 
 596 06ed 2303A5E7 		.ascii	"#\003\245\347\2258\2365:\313\"\212mp>k$&&^T\343+\254"
 596      95389E35 
 596      3ACB228A 
 596      6D703E6B 
 596      2426265E 
 597 0705 11511379 		.ascii	"\021Q\023y\303\001\337b\215\302\331\305J2\344\336s@"
 597      C301DF62 
 597      8DC2D9C5 
 597      4A32E4DE 
 597      7340
 598 0717 FF291A6E 		.ascii	"\377)\032n\357\261\341\026\026\232\027\343\210\233\031"
 598      EFB1E116 
 598      169A17E3 
 598      889B19
 599 0726 EA484244 		.ascii	"\352HBD\275-\033n%!\206\255A?\021\315J\031JJC\034\220"
 599      BD2D1B6E 
 599      252186AD 
 599      413F11CD 
 599      4A194A4A 
 600 073d 0E5E3945 		.ascii	"\016^9E\307\233\362zix\252-\332\345\312\022\342Q\012"
 600      C79BF27A 
 600      6978AA2D 
 600      DAE5CA12 
 600      E2510A
 601 0750 AE0EBB1D 		.ascii	"\256\016\273\035m\310\214\372\020eB\276\246\001\315"
 601      6DC88CFA 
 601      106542BE 
 601      A601CD
 602 075f 69A5F58A 		.ascii	"i\245\365\212\016B\014h\207HH*' R\262\214n\015\232\035"
 602      0E420C68 
 602      8748482A 
 602      272052B2 
 602      8C6E0D9A 
 603 0774 F8319E65 		.ascii	"\3701\236e*\246w\304>\340\313\030\013\352l9j\334\222"
 603      2AA677C4 
 603      3EE0CB18 
 603      0BEA6C39 
 603      6ADC92
 604 0787 F0E21E42 		.ascii	"\360\342\036B\242\365\344'W\006L\353\311$\2409+\237"
 604      A2F5E427 
 604      57064CEB 
 604      C924A039 
 604      2B9F
 605 0799 B6A63CDC 		.ascii	"\266\246<\334!\252\376\311\234\200\0109\003\321\317"
 605      21AAFEC9 
 605      9C800839 
 605      03D1CF
ARM GAS  /tmp/cc8akVqU.s 			page 48


 606 07a8 15E7DE4C 		.ascii	"\025\347\336L\305\226\013!\206\360\020\015\312\001\224"
 606      C5960B21 
 606      86F0100D 
 606      CA0194
 607 07b7 148E6A32 		.ascii	"\024\216j2_\222|\317s\307\316:\3435fWf\325\261z$J>\261"
 607      5F927CCF 
 607      73C7CE3A 
 607      E3356657 
 607      66D5B17A 
 608 07cf C8       		.ascii	"\310"
 609 07d0 3C799140 		.ascii	"<y\221@\265\224t3L\262\304\316\227\230rNH\270\301{\205"
 609      B5947433 
 609      4CB2C4CE 
 609      9798724E 
 609      48B8C17B 
 610 07e5 131A71C2 		.ascii	"\023\032q\302\311\341\241\002\232p\301eW\306\234\305"
 610      C9E1A102 
 610      9A70C165 
 610      57C69CC5 
 611 07f5 3C172473 		.ascii	"<\027$s@!\303-d\3119:\275\246r\225\037\260\337m\310"
 611      4021C32D 
 611      64C9393A 
 611      BDA67295 
 611      1FB0DF6D 
 612 080a 44A75D8B 		.ascii	"D\247]\213\225XP$\321\354<\223v\236J\033\270\030]\257"
 612      95585024 
 612      D1EC3C93 
 612      769E4A1B 
 612      B8185DAF 
 613 081e C6276C58 		.ascii	"\306'lXZ7\235Op\020\023>\221\250Y\"\230.\354\"\267\261"
 613      5A379D4F 
 613      7010133E 
 613      91A85922 
 613      982EEC22 
 614 0834 5D64C8C3 		.ascii	"]d\310\303S\243\316\370\024\343q+&4\312\001\237e\215"
 614      53A3CEF8 
 614      14E3712B 
 614      2634CA01 
 614      9F658D
 615 0847 DEF9B357 		.ascii	"\336\371\263W\034\345\347\232\213\262s\315\330\346\306"
 615      1CE5E79A 
 615      8BB273CD 
 615      D8E6C6
 616 0856 1FF10546 		.ascii	"\037\361\005F\374|\272\264\305\005_e\215\0339/\036c"
 616      FC7CBAB4 
 616      C5055F65 
 616      8D1B392F 
 616      1E63
 617 0868 8BC9E612 		.ascii	"\213\311\346\0220\271\254\024O6\325\217G\243\355p\035"
 617      30B9AC14 
 617      4F36D58F 
 617      47A3ED70 
 617      1D
 618 0879 23CA2F59 		.ascii	"#\312/Y8ngAt\305\202\250\340l\3458\022\333]!q\330Un"
 618      386E6741 
 618      74C582A8 
 618      E06CE538 
ARM GAS  /tmp/cc8akVqU.s 			page 49


 618      12DB5D21 
 619 0891 B7327E38 		.ascii	"\2672~82\237\314P\224cf\010\013\216\321\"\242L%\017"
 619      329FCC50 
 619      94636608 
 619      0B8ED122 
 619      A24C250F 
 620 08a5 4E9552B2 		.ascii	"N\225R\262\346\335\225{\373\210!\266\026\021V\264\252"
 620      E6DD957B 
 620      FB8821B6 
 620      161156B4 
 620      AA
 621 08b6 57CA0F0F 		.ascii	"W\312\017\017\242\313B\334\010\337>ZH\270b)\001(\362"
 621      A2CB42DC 
 621      08DF3E5A 
 621      48B86229 
 621      0128F2
 622 08c9 1E0FAF61 		.ascii	"\036\017\257a|\207\231<:p\273\304\031\267\262F\345r"
 622      7C87993C 
 622      3A70BBC4 
 622      19B7B246 
 622      E572
 623 08db 6AA50BBE 		.ascii	"j\245\013\276\307\032-\0176\347\034\360\000k\034=1\015"
 623      C71A2D0F 
 623      36E71CF0 
 623      006B1C3D 
 623      310D
 624 08ed E3E401F7 		.ascii	"\343\344\001\367\355xg\254\3456\246\016\204\325K\334"
 624      ED7867AC 
 624      E536A60E 
 624      84D54BDC 
 625 08fd 743BB323 		.ascii	"t;\263#Y2\221\327K\254\270!\244\307\255\266\314y5~\306"
 625      593291D7 
 625      4BACB821 
 625      A4C7ADB6 
 625      CC79357E 
 626 0912 9857C4C5 		.ascii	"\230W\304\305O\253\361\022k<l+\253\265\265\266\021B"
 626      4FABF112 
 626      6B3C6C2B 
 626      ABB5B5B6 
 626      1142
 627 0924 B740A271 		.ascii	"\267@\242q/4\023\225\331\252\022\243\336\006\327\231"
 627      2F341395 
 627      D9AA12A3 
 627      DE06D799 
 628 0934 843508C2 		.ascii	"\2045\010\302\206\222\216V:\342\010[\312\377Z\314\334"
 628      86928E56 
 628      3AE2085B 
 628      CAFF5ACC 
 628      DC
 629 0945 157B1CCB 		.ascii	"\025{\034\313\032\213\265i\355\3448\303\226\255\213"
 629      1A8BB569 
 629      EDE438C3 
 629      96AD8B
 630 0954 ECA0AB3B 		.ascii	"\354\240\253;\361\366/X\0171\364[\350\351\211\352\354"
 630      F1F62F58 
 630      0F31F45B 
 630      E8E989EA 
ARM GAS  /tmp/cc8akVqU.s 			page 50


 630      EC
 631 0965 B7C5C98C 		.ascii	"\267\305\311\214\342e\362Z)MW\203E\272\266()\031\361"
 631      E265F25A 
 631      294D5783 
 631      45BAB628 
 631      2919F1
 632 0978 FC1D48D7 		.ascii	"\374\035H\327f\226\256a/\306J\\p\006\245V?\311(>\215"
 632      6696AE61 
 632      2FC64A5C 
 632      7006A556 
 632      3FC9283E 
 633 098d E952017E 		.ascii	"\351R\001~\333Y\361Z\276\203S\362\343\241z\007\303N"
 633      DB59F15A 
 633      BE8353F2 
 633      E3A17A07 
 633      C34E
 634 099f 1EAA7713 		.ascii	"\036\252w\023\260\351Qn\267>\243\367\3753[]\023\344"
 634      B0E9516E 
 634      B73EA3F7 
 634      FD335B5D 
 634      13E4
 635 09b1 B6572243 		.ascii	"\266W\"Cb\2656m\317\241\213\205}\032\324\370:\344\215"
 635      62B5366D 
 635      CFA18B85 
 635      7D1AD4F8 
 635      3AE48D
 636 09c4 D66D0CB9 		.ascii	"\326m\014\271\014X_\177\035\366\322\035\316\032\242"
 636      0C585F7F 
 636      1DF6D21D 
 636      CE1AA2
 637 09d3 8A6A5F87 		.ascii	"\212j_\207]\367\277\230\326\020\025t\363u\310/?g\310"
 637      5DF7BF98 
 637      D6101574 
 637      F375C82F 
 637      3F67C8
 638 09e6 504E508D 		.ascii	"PNP\215u\344x\271!\240\240\330$\012w\241\344\265\003"
 638      75E478B9 
 638      21A0A0D8 
 638      240A77A1 
 638      E4B503
 639 09f9 7400DC03 		.ascii	"t\000\334\003\350\002\350\006\3504\216\213\023)\023"
 639      E802E806 
 639      E8348E8B 
 639      132913
 640 0a08 3B70378B 		.ascii	";p7\213l\315H\364\012\206\310\277\015\271\200D3\366"
 640      6CCD48F4 
 640      0A86C8BF 
 640      0DB98044 
 640      33F6
 641 0a1a DB6CC63E 		.ascii	"\333l\306>\032\265Q\214\361\200-/ZY\003\032V\264\014"
 641      1AB5518C 
 641      F1802D2F 
 641      5A59031A 
 641      56B40C
 642 0a2d D9060CB3 		.ascii	"\331\006\014\263\306\317v\242\017!\007\372\225\224\200"
 642      C6CF76A2 
 642      0F2107FA 
ARM GAS  /tmp/cc8akVqU.s 			page 51


 642      959480
 643 0a3c 48EF831C 		.ascii	"H\357\203\034\350e90xjv^\205\0372\332\234\372\342\273"
 643      E8653930 
 643      786A765E 
 643      851F32DA 
 643      9CFAE2BB 
 644 0a50 76F8316B 		.ascii	"v\3701k4^*J\261\227c4$\313\350eB\322\317\360<#\035*"
 644      345E2A4A 
 644      B1976334 
 644      24CBE865 
 644      42D2CFF0 
 645 0a68 EEBFA1C2 		.ascii	"\356\277\241\302/Y\243u\372p\274\243\225%\304\250\334"
 645      2F59A375 
 645      FA70BCA3 
 645      9525C4A8 
 645      DC
 646 0a79 1202F54D 		.ascii	"\022\002\365Mt\237s\024\017\2361\210\271\311\207\017"
 646      749F7314 
 646      0F9E3188 
 646      B9C9870F 
 647 0a89 84C1937D 		.ascii	"\204\301\223}\372E\260\012\037\266c\325\377RT\216\312"
 647      FA45B00A 
 647      1FB663D5 
 647      FF52548E 
 647      CA
 648 0a9a A20C3C04 		.ascii	"\242\014<\004\001\343\2222\360\364\301\342\234\032'"
 648      01E39232 
 648      F0F4C1E2 
 648      9C1A27
 649 0aa9 30A2CCFA 		.ascii	"0\242\314\372\312V\313\272<aA\324\024v\371\271d\363"
 649      CA56CBBA 
 649      3C6141D4 
 649      1476F9B9 
 649      64F3
 650 0abb FB48523B 		.ascii	"\373HR;&\005\215^$5\3468\341\323\214y|a{\217->\313\032"
 650      26058D5E 
 650      2435E638 
 650      E1D38C79 
 650      7C617B8F 
 651 0ad3 059BF331 		.ascii	"\005\233\3631\032\234\317\032\021\263O\336\262\220\372"
 651      1A9CCF1A 
 651      11B34FDE 
 651      B290FA
 652 0ae2 04A43E95 		.ascii	"\004\244>\225H\315{|#\330^,\365\251D\352\264\261\210"
 652      48CD7B7C 
 652      23D85E2C 
 652      F5A944EA 
 652      B4B188
 653 0af5 549D5E76 		.ascii	"T\235^v\302\345\224\267\262\252}jFi\265\312\317\200"
 653      C2E594B7 
 653      B2AA7D6A 
 653      4669B5CA 
 653      CF80
 654 0b07 90595E83 		.ascii	"\220Y^\203\237I\252\374\013\234Z:y7\310\220\363!a\214"
 654      9F49AAFC 
 654      0B9C5A3A 
 654      7937C890 
ARM GAS  /tmp/cc8akVqU.s 			page 52


 654      F321618C 
 655 0b1b 1E7344F9 		.ascii	"\036sD\3712\237\277x,\225O\241d\032\276z\257\371\264"
 655      329FBF78 
 655      2C954FA1 
 655      641ABE7A 
 655      AFF9B4
 656 0b2e 33DBED8D 		.ascii	"3\333\355\215\320\315\340|s\217\035^a\306\036\355\236"
 656      D0CDE07C 
 656      738F1D5E 
 656      61C61EED 
 656      9E
 657 0b3f E9D2E075 		.ascii	"\351\322\340u\326\270\261VzF\215C\331ajj\365S\203\345"
 657      D6B8B156 
 657      7A468D43 
 657      D9616A6A 
 657      F55383E5 
 658 0b53 04B70892 		.ascii	"\004\267\010\222\227$~8r67\302\036\237dD\023\347n=E"
 658      97247E38 
 658      723637C2 
 658      1E9F6444 
 658      13E76E3D 
 659 0b68 1644CB16 		.ascii	"\026D\313\026D\343\355\353\315\222$z!\261fEp^A\360\243"
 659      44E3EDEB 
 659      CD92247A 
 659      21B16645 
 659      705E41F0 
 660 0b7d 698CCF31 		.ascii	"i\214\3171\346\206\204\325\014'\\\314\032\227\226G\373"
 660      E68684D5 
 660      0C275CCC 
 660      1A979647 
 660      FB
 661 0b8e ECE5A7FF 		.ascii	"\354\345\247\377U\271\351_u)\257\177\311\231l\001\245"
 661      55B9E95F 
 661      7529AF7F 
 661      C9996C01 
 661      A5
 662 0b9f 7BC039C0 		.ascii	"{\3009\300x\016\030\324\262u\356|\003\336\2056`\300"
 662      780E18D4 
 662      B275EE7C 
 662      03DE8536 
 662      60C0
 663 0bb1 6F8A83D0 		.ascii	"o\212\203\320\331\362IJ\231\301\020\241!\352\321\323"
 663      D9F2494A 
 663      99C110A1 
 663      21EAD1D3 
 664 0bc1 A5752B7B 		.ascii	"\245u+{;~\262\231\272\215\035U\256\301\000y\2514G\227"
 664      3B7EB299 
 664      BA8D1D55 
 664      AEC10079 
 664      A9344797 
 665 0bd5 9CAD90AA 		.ascii	"\234\255\220\252\230\262\235\241\257\360y\\\206;\017"
 665      98B29DA1 
 665      AFF0795C 
 665      863B0F
 666 0be4 F0FA66E1 		.ascii	"\360\372f\341\222\223\253\274\031\313\326\315\000\312"
 666      9293ABBC 
 666      19CBD6CD 
ARM GAS  /tmp/cc8akVqU.s 			page 53


 666      00CA
 667 0bf2 DC7B4130 		.ascii	"\334{A0\350.S\027\252\206\012:\246\355\221dB\271s\206"
 667      E82E5317 
 667      AA860A3A 
 667      A6ED9164 
 667      42B97386 
 668 0c06 4F28D5C0 		.ascii	"O(\325\300\"\030Ct\361+&\224\272\335\322\323 \202,\263"
 668      22184374 
 668      F12B2694 
 668      BADDD2D3 
 668      20822CB3 
 669 0c1a 7760C863 		.ascii	"w`\310c\0349\010\273\242\005%C\026\2646/\315\346V)("
 669      1C3908BB 
 669      A2052543 
 669      16B4362F 
 669      CDE65629 
 670 0c2f 36312904 		.ascii	"61)\004L\012\0058\214\005\223\272\332\207\316`\\EM\322"
 670      4C0A0538 
 670      8C0593BA 
 670      DA87CE60 
 670      5C454DD2 
 671 0c43 4C8C04BF 		.ascii	"L\214\004\277/L\223\273H\254\231\354\246\337\262i\201"
 671      2F4C93BB 
 671      48AC99EC 
 671      A6DFB269 
 671      81
 672 0c54 14F86B20 		.ascii	"\024\370k ;\026\213]{\035\231En\356\343$CM\220-\032"
 672      3B168B5D 
 672      7B1D9945 
 672      6EEEE324 
 672      434D902D 
 673 0c69 86C00D72 		.ascii	"\206\300\015rtV^\3156\325\300z\216\263&\016+\267`]\252"
 673      74565ECD 
 673      36D5C07A 
 673      8EB3260E 
 673      2BB7605D 
 674 0c7e 9406F9F1 		.ascii	"\224\006\371\361\377e\330$%\302\2609v\225D\021\262?"
 674      FF65D824 
 674      25C2B039 
 674      76954411 
 674      B23F
 675 0c90 29E27B70 		.ascii	")\342{pb\376<\347.\3434~zP\314\347U\250x\3640O\312\275"
 675      62FE3CE7 
 675      2EE3347E 
 675      7A50CCE7 
 675      55A878F4 
 676 0ca8 C62CE19A 		.ascii	"\306,\341\232>f\272@\305F#\026\232\327\230;\245\273"
 676      3E66BA40 
 676      C5462316 
 676      9AD7983B 
 676      A5BB
 677 0cba 5734C75F 		.ascii	"W4\307_\260b\251\345\311\273q\177\321\307\025\242\307"
 677      B062A9E5 
 677      C9BB717F 
 677      D1C715A2 
 677      C7
 678 0ccb 2C10C178 		.ascii	",\020\301x\200h\200c\000\021\000q\000\341\000\221\000"
ARM GAS  /tmp/cc8akVqU.s 			page 54


 678      80688063 
 678      00110071 
 678      00E10091 
 678      00
 679 0cdc 3100C701 		.ascii	"1\000\307\001\216b\321\370\353\370\037,*\003 \377\276"
 679      8E62D1F8 
 679      EBF81F2C 
 679      2A0320FF 
 679      BE
 680 0ced 6C547E66 		.ascii	"lT~ft\\\323\007\3146R$\247,t\2556\267\255\265\217{\216"
 680      745CD307 
 680      CC365224 
 680      A72C74AD 
 680      36B7ADB5 
 681 0d04 AC1B8A2D 		.ascii	"\254\033\212-\360Mg\035\220o\261\021\3231\016V\366P"
 681      F04D671D 
 681      906FB111 
 681      D3310E56 
 681      F650
 682 0d16 E1CABFD8 		.ascii	"\341\312\277\330Fr\366\230\360\245\270$&Ht8\201\351"
 682      4672F698 
 682      F0A5B824 
 682      26487438 
 682      81E9
 683 0d28 CE0A2EE4 		.ascii	"\316\012.\344\\}\343\372Mq\001\370n\273\317\315\253"
 683      5C7DE3FA 
 683      4D7101F8 
 683      6EBBCFCD 
 683      AB
 684 0d39 8F7B2433 		.ascii	"\217{$3\326I\211\204D&!\221J\020\016\376~oy\360\367"
 684      D6498984 
 684      44262191 
 684      4A100EFE 
 684      7E6F79F0 
 685 0d4e 7BB6AEC9 		.ascii	"{\266\256\311Y\231\275\254\3017Y5\2767\233\030\246\224"
 685      5999BDAC 
 685      C1375935 
 685      BE379B18 
 685      A694
 686 0d60 AFC62998 		.ascii	"\257\306)\230\222\020u\222\361N\224\204\351*br\251\367"
 686      92107592 
 686      F14E9484 
 686      E92A6272 
 686      A9F7
 687 0d72 8664CE4E 		.ascii	"\206d\316N\305\342UD\032\323%\215\352\322r\2633\311"
 687      C5E25544 
 687      1AD3258D 
 687      EAD272B3 
 687      33C9
 688 0d84 0EDFA192 		.ascii	"\016\337\241\222pmN\317E{d\277\023\001.\012\243\353"
 688      706D4ECF 
 688      457B64BF 
 688      13012E0A 
 688      A3EB
 689 0d96 9F90D82D 		.ascii	"\237\220\330-\310\270\3769\005\342\322\261\275\002e"
 689      C8B8FE39 
 689      05E2D2B1 
ARM GAS  /tmp/cc8akVqU.s 			page 55


 689      BD0265
 690 0da5 80B04C10 		.ascii	"\200\260L\020\226lP\323\216d\003\250\267\205\336\222"
 690      966C50D3 
 690      8E6403A8 
 690      B785DE92 
 691 0db5 59EB42ED 		.ascii	"Y\353B\355\234\304\027\320/\222\237\305\344gQ\371Y\203"
 691      9CC417D0 
 691      2F929FC5 
 691      E46751F9 
 691      5983
 692 0dc7 23D7ED47 		.ascii	"#\327\355G\241&\223W\264\010\235\373\022\244\301\177"
 692      A1269357 
 692      B4089DFB 
 692      12A4C17F 
 693 0dd7 E41F36BF 		.ascii	"\344\0376\277\221+\"\367\0046\205\037\"?\216\307.\004"
 693      912B22F7 
 693      0436851F 
 693      223F8EC7 
 693      2E04
 694 0de9 81F5B18B 		.ascii	"\201\365\261\213\360\017\353Sr.D\012e\313h\030w\332"
 694      F00FEB53 
 694      722E440A 
 694      65CB6818 
 694      77DA
 695 0dfb 14B166CF 		.ascii	"\024\261f\317\021\177.0a\004L+\023!\357Rrqb\012d\241"
 695      117F2E30 
 695      61044C2B 
 695      1321EF52 
 695      7271620A 
 696 0e11 B189A1C2 		.ascii	"\261\211\241\302\310T\370\361{\222J]u\015\366ch$\010"
 696      C854F8F1 
 696      7B924A5D 
 696      750DF663 
 696      682408
 697 0e24 B2AFBD3C 		.ascii	"\262\257\275<R\373\327\3109\366\035\005[\002\344F-8"
 697      52FBD7C8 
 697      39F61D05 
 697      5B02E446 
 697      2D38
 698 0e36 E3699617 		.ascii	"\343i\226\027\205\2139\341\032\213\365\0009\2239\203"
 698      858B39E1 
 698      1A8BF500 
 698      39933983 
 699 0e46 C5EB8133 		.ascii	"\305\353\2013\025\321\245\306mb\250\200\227g\201w9\261"
 699      15D1A5C6 
 699      6D62A880 
 699      97678177 
 699      39B1
 700 0e58 EDA89338 		.ascii	"\355\250\2238lg%)\234\213\205u\303\321\316\\;\225\222"
 700      6C672529 
 700      9C8B8575 
 700      C3D1CE5C 
 700      3B9592
 701 0e6b 75A1032A 		.ascii	"u\241\003*\322w\267\243\377\270\213\205\014r\354!=T"
 701      D277B7A3 
 701      FFB88B85 
 701      0C72EC21 
ARM GAS  /tmp/cc8akVqU.s 			page 56


 701      3D54
 702 0e7d 5F2AACC8 		.ascii	"_*\254\310WJ\016i$2\316\0112\252/e\334SS\031\320\205"
 702      574A0E69 
 702      2432CE09 
 702      32AA2F65 
 702      DC535319 
 703 0e93 F2301512 		.ascii	"\3620\025\022^\320Sh\203\217\331\263\023\277\352\320"
 703      5ED05368 
 703      838FD9B3 
 703      13BFEAD0 
 704 0ea3 1917F511 		.ascii	"\031\027\365\021\232\244\365\342Ez!$i\021VS\241\342"
 704      9AA4F5E2 
 704      457A2124 
 704      69115653 
 704      A1E2
 705 0eb5 65FAF278 		.ascii	"e\372\362x\376S\027\234\314\250\253\323*rd\251\317["
 705      FE53179C 
 705      CCA8ABD3 
 705      2A7264A9 
 705      CF5B
 706 0ec7 A1EE2D98 		.ascii	"\241\356-\230Z\304o\236\240U!\304\260E\211\212\001\311"
 706      5AC46F9E 
 706      A05521C4 
 706      B045898A 
 706      01C9
 707 0ed9 747A5C82 		.ascii	"tz\\\202\337T\240\002\254b\332?\271z.\007\3750\3230"
 707      DF54A002 
 707      AC62DA3F 
 707      B97A2E07 
 707      FD30D330 
 708 0eed 3202137F 		.ascii	"2\002\023\177\241\315\321\3720\230\370\321\337\023,"
 708      A1CDD1FA 
 708      3098F8D1 
 708      DF132C
 709 0efc 940302B8 		.ascii	"\224\003\002\270?\310\275\002e\3431\204Nc\362m\013*"
 709      3FC8BD02 
 709      65E33184 
 709      4E63F26D 
 709      0B2A
 710 0f0e C53F2427 		.ascii	"\305?$'\261YC\013\030O0MGfo\027#\352\011r\352\315\274"
 710      B159430B 
 710      184F304D 
 710      47666F17 
 710      23EA0972 
 711 0f25 FD283F79 		.ascii	"\375(?y\312\226\366\221s\363\213\314;\003\221\025w\234"
 711      CA96F691 
 711      73F38BCC 
 711      3B039115 
 711      779C
 712 0f37 682739E0 		.ascii	"h'9\340.c\235#\213]3\226g\375\226q\211\017}zX\262k\277"
 712      2E639D23 
 712      8B5D3396 
 712      67FD9671 
 712      890F7D7A 
 713 0f4f 2489CB65 		.ascii	"$\211\313e!.1\206\270^g*\004\272P9\023\322u/sNm\335"
 713      212E3186 
 713      B85E672A 
ARM GAS  /tmp/cc8akVqU.s 			page 57


 713      04BA5039 
 713      13D2752F 
 714 0f67 3715C437 		.ascii	"7\025\3047W\004\337\234\271\2741d\313}\363\362m\230"
 714      5704DF9C 
 714      B9BC3164 
 714      CB7DF3F2 
 714      6D98
 715 0f79 49200206 		.ascii	"I \002\006%AB\027D\256\271`\356\232\253\3245\0137r\373"
 715      25414217 
 715      44AEB960 
 715      EE9AABD4 
 715      350B3772 
 716 0f8e 115E64AE 		.ascii	"\021^d\256Y=\366\350\266\212*\223eL\304\215\270\240"
 716      593DF6E8 
 716      B68A2A93 
 716      654CC48D 
 716      B8A0
 717 0fa0 7525ED83 		.ascii	"u%\355\203\372\206\252\230\202\033+wO1\255a\303]\315"
 717      FA86AA98 
 717      821B2B77 
 717      4F31AD61 
 717      C35DCD
 718 0fb3 FA3A1B46 		.ascii	"\372:\033F;-_\031Z\216\212\216S1\035\222\303\223\353"
 718      3B2D5F19 
 718      5A8E8A8E 
 718      53311D92 
 718      C393EB
 719 0fc6 D2A95CF0 		.ascii	"\322\251\\\360L\377\311\254\223\314\375\320\205\256"
 719      4CFFC9AC 
 719      93CCFDD0 
 719      85AE
 720 0fd4 3121ADAD 		.ascii	"1!\255\255\231\013\016Fw\325\262\316\225\205\362\303"
 720      990B0E46 
 720      77D5B2CE 
 720      9585F2C3 
 721 0fe4 1AB1BB48 		.ascii	"\032\261\273Hy4\271\253\236\270\253Np\327\203\221\212"
 721      7934B9AB 
 721      9EB8AB4E 
 721      70D78391 
 721      8A
 722 0ff5 7FE3DE9A 		.ascii	"\177\343\336\232(\320\030\335\005H\250"
 722      28D018DD 
 722      0548A8
 723 1000 52E4AE4A 		.ascii	"R\344\256Jsw\335\240\356\212\033\272\363O8\234\315)"
 723      7377DDA0 
 723      EE8A1BBA 
 723      F34F389C 
 723      CD29
 724 1012 72C3363D 		.ascii	"r\3036=\256<\325\336\250\337-\246\337\321\214\221Z'"
 724      AE3CD5DE 
 724      A8DF2DA6 
 724      DFD18C91 
 724      5A27
 725 1024 EBE16C20 		.ascii	"\353\341l \372\335\026\364[04?w\341\012\316T\275\235"
 725      FADD16F4 
 725      5B30343F 
 725      77E10ACE 
ARM GAS  /tmp/cc8akVqU.s 			page 58


 725      54BD9D
 726 1037 1562C803 		.ascii	"\025b\310\003\272w\010\026\272)R\360\246\271\202\215"
 726      BA770816 
 726      BA2952F0 
 726      A6B9828D 
 727 1047 54C1B66B 		.ascii	"T\301\266k\211\247lq\026\323\360\232!\356\254\206\363"
 727      89A76C71 
 727      16D3F09A 
 727      21EEAC86 
 727      F3
 728 1058 9AFB3BA3 		.ascii	"\232\373;\243\255\204U\223\210U\2239\253f\312j|\242"
 728      AD845593 
 728      88559339 
 728      AB66CA6A 
 728      7CA2
 729 106a 3E5C8DAB 		.ascii	">\\\215\253\031\253\212\363'\27215\214\314}\314\330"
 729      19AB8AF3 
 729      27BA3135 
 729      8CCC7DCC 
 729      D8
 730 107b F8D5F3C1 		.ascii	"\370\325\363\301\032c\204Z\230\261E\233\015=*\353\306"
 730      1A63845A 
 730      98B1459B 
 730      0D3D2AEB 
 730      C6
 731 108c B611635B 		.ascii	"\266\021c[\005c\303\236lv8\011\012\376\332\250  \241"
 731      0563C39E 
 731      6C763809 
 731      0AFEDAA8 
 731      2020A1
 732 109f 3B2205EF 		.ascii	";\"\005\357\230+\330N\025LJ\311\037s\302mL\301\312\332"
 732      982BD84E 
 732      154C4AC9 
 732      1F73C26D 
 732      4CC1CADA 
 733 10b3 B05F1BD3 		.ascii	"\260_\033\323\224\351\227=3U\213\215}\035L\277'S\203"
 733      94E9973D 
 733      33558B8D 
 733      7D1D4CBF 
 733      275383
 734 10c6 6B2A6367 		.ascii	"k*cg'\353\274\236S2\207\215a\353b\235\245\317\017?\223"
 734      27EBBC9E 
 734      5332878D 
 734      61EB629D 
 734      A5CF0F3F 
 735 10db 8C4262B9 		.ascii	"\214Bb\271\311\222nb\311=\301\222\231\331\216\3536\334"
 735      C9926E62 
 735      C93DC192 
 735      99D98EEB 
 735      36DC
 736 10ed 928DD62D 		.ascii	"\222\215\326-\306\260\001\026\272+2\345\256\271)=\324"
 736      C6B00116 
 736      BA2B32E5 
 736      AEB9293D 
 736      D4
 737 10fe 94BCB303 		.ascii	"\224\274\263\003c\216x\234\2312\031\022\265\301*\024"
 737      638E789C 
ARM GAS  /tmp/cc8akVqU.s 			page 59


 737      99321912 
 737      B5C12A14 
 738 110e 79B5CC6C 		.ascii	"y\265\314l\271\030}rU\222\343\373\337\020\351\322Gt"
 738      B9187D72 
 738      5592E3FB 
 738      DF10E9D2 
 738      4774
 739 1120 E9157439 		.ascii	"\351\025t9\266\370\260\302\236\350b \357\314\177|\252"
 739      B6F8B0C2 
 739      9EE86220 
 739      EFCC7F7C 
 739      AA
 740 1131 CC106A43 		.ascii	"\314\020jCP\320}\221\"p\317\246\311~\252@\302\235\245"
 740      50D07D91 
 740      2270CFA6 
 740      C97EAA40 
 740      C29DA5
 741 1144 21849F33 		.ascii	"!\204\2373\005\246\007\032x`/\033\2359\333<\332ng=\256"
 741      05A6071A 
 741      78602F1B 
 741      9D39DB3C 
 741      DA6E673D 
 742 1159 43448341 		.ascii	"CD\203AA\203\214\310\333\317\004\015\206'm\356\207D"
 742      41838CC8 
 742      DBCF040D 
 742      86276DEE 
 742      8744
 743 116b 461BB210 		.ascii	"F\033\262\020\305B\003\"%\006\004%\206\251\022\317."
 743      C5420322 
 743      25060425 
 743      86A912CF 
 743      2E
 744 117c 34E638E3 		.ascii	"4\3468\343\032G\366j\267\274\276\327\221\363h\033\374"
 744      1A47F66A 
 744      B7BCBED7 
 744      91F3681B 
 744      FC
 745 118d 28AD64D2 		.ascii	"(\255d\322\020\356@ME#\"\026#\002\213Q\312\"\365\\\345"
 745      10EE404D 
 745      45232216 
 745      23028B51 
 745      CA22F55C 
 746 11a2 455BDCCE 		.ascii	"E[\334\316X\264\024O\035\265\305=\254Q\222:\321D\206"
 746      58B4144F 
 746      1DB5C53D 
 746      AC51923A 
 746      D14486
 747 11b5 2B7A4029 		.ascii	"+z@)HOPM\256\023\036`\217O\237I\357 #\027\215\223\010"
 747      484F504D 
 747      AE131E60 
 747      8F4F9F49 
 747      EF202317 
 748 11cc 3D642920 		.ascii	"=d) \227\365ws\343\263YA\324i\320#\206\027?S\325\350"
 748      97F57773 
 748      E3B35941 
 748      D469D023 
 748      86173F53 
ARM GAS  /tmp/cc8akVqU.s 			page 60


 749 11e2 20D4C349 		.ascii	" \324\303I\326\327\035\022\265\344\374\203\207\216\031"
 749      D6D71D12 
 749      B5E4FC83 
 749      878E19
 750 11f1 06359B81 		.ascii	"\0065\233\201\223\247.\262\304{\214\177\300\346\356"
 750      93A72EB2 
 750      C47B8C7F 
 750      C0E6EE
 751 1200 B1E8E376 		.ascii	"\261\350\343vx\202\311\177\2361\177\226LA\350)\030\367"
 751      7882C97F 
 751      9E317F96 
 751      4C41E829 
 751      18F7
 752 1212 84389214 		.ascii	"\2048\222\024\203\201\344*\033<\3030\012\022s\332\251"
 752      8381E42A 
 752      1B3CC330 
 752      0A1273DA 
 752      A9
 753 1223 013344C3 		.ascii	"\0013D\303i&ex,\262K\022\026P\200G\005\315\002\012z"
 753      69266578 
 753      2CB24B12 
 753      16508047 
 753      05CD020A 
 754 1238 46023325 		.ascii	"F\0023%\004\246.ss\231\016\270L\230H7~t\375\00285\322"
 754      04A62E73 
 754      73990EB8 
 754      4C984837 
 754      7E74FD02 
 755 124f F0A1A11B 		.ascii	"\360\241\241\033\023D4&8\026M\020\3321\301\267\317\251"
 755      13443426 
 755      38164D10 
 755      DA31C1B7 
 755      CFA9
 756 1261 6FC386CA 		.ascii	"o\303\206\312\322\324\270KC\265\251\013\316\256p0\206"
 756      D2D4B84B 
 756      43B5A90B 
 756      CEAE7030 
 756      86
 757 1272 E7137178 		.ascii	"\347\023qx\346D\341\231\023X\314S\026\325\3272F\325"
 757      E644E199 
 757      1358CC53 
 757      16D5D732 
 757      46D5
 758 1284 78486335 		.ascii	"xHc5\317\323\023C\312\354\254\327\362%b\315\242`\315"
 758      CFD31343 
 758      CAECACD7 
 758      F22562CD 
 758      A260CD
 759 1297 B5F8B126 		.ascii	"\265\370\261&[\256C\323\177K1\324)\011\002Z\020\311"
 759      5BAE43D3 
 759      7F4B31D4 
 759      2909025A 
 759      10C9
 760 12a9 5F10E42F 		.ascii	"_\020\344/S\3717\006o&9\340'\232\357\270\022XaNnK(\354"
 760      53F93706 
 760      6F2639E0 
 760      279AEFB8 
ARM GAS  /tmp/cc8akVqU.s 			page 61


 760      1258614E 
 761 12c1 71B43AF8 		.ascii	"q\264:\370V\211N/\005\235zGK\356\253\271N\235\031vS"
 761      56894E2F 
 761      059D7A47 
 761      4BEEABB9 
 761      4E9D1976 
 762 12d6 6D476AFE 		.ascii	"mGj\376\215\342\240\027\"\265^\010j\255Q\265\252\226"
 762      8DE2A017 
 762      22B55E08 
 762      6AAD51B5 
 762      AA96
 763 12e8 92F25CF0 		.ascii	"\222\362\\\360E\3721\340k_\377o\360=\333&\354\307\014"
 763      45FA31E0 
 763      6B5FFF6F 
 763      F03DDB26 
 763      ECC70C
 764 12fb 2AD19E73 		.ascii	"*\321\236s\270\330n\350\221\364\365\377\006\226=\226"
 764      B8D86EE8 
 764      91F4F5FF 
 764      06963D96 
 765 130b 61F8ED48 		.ascii	"a\370\355H\364\352_\006S\370x\345\310\306\303q\025^"
 765      F4EA5F06 
 765      53F878E5 
 765      C8C6C371 
 765      155E
 766 131d 659F2AC6 		.ascii	"e\237*\306m\346t\331\343\020g\366\345Xt\325\011'\034"
 766      6DE674D9 
 766      E31067F6 
 766      E55874D5 
 766      09271C
 767 1330 C61AD9AB 		.ascii	"\306\032\331\25376\354-\026\000!*\214BU\342\005\300"
 767      3736EC2D 
 767      1600212A 
 767      8C4255E2 
 767      05C0
 768 1342 D9FE915E 		.ascii	"\331\376\221^\007\213\245\255%\336\344\331\341t\311"
 768      078BA5AD 
 768      25DEE4D9 
 768      E174C9
 769 1351 3B92C32A 		.ascii	";\222\303*\261\212GT|\241p\367x\337\260=;A\374\010\232"
 769      B18A4754 
 769      7CA170F7 
 769      78DFB03D 
 769      3B41FC08 
 770 1366 EDD90961 		.ascii	"\355\331\011av\374kM\362\275\310\351\240{\315N8\225"
 770      76FC6B4D 
 770      F2BDC8E9 
 770      A07BCD4E 
 770      3895
 771 1378 EAE870AB 		.ascii	"\352\350p\253\374r\224\006\361\343\026v\342\002\216"
 771      FC729406 
 771      F1E31676 
 771      E2028E
 772 1387 98A97E8B 		.ascii	"\230\251~\213\355\250\201'\012\006E\242U\257p\333R\265"
 772      EDA88127 
 772      0A0645A2 
 772      55AF70DB 
ARM GAS  /tmp/cc8akVqU.s 			page 62


 772      52B5
 773 1399 ADE9A33B 		.ascii	"\255\351\243;r\262&\203-:\026Q\213\276\026 \230\346"
 773      72B22683 
 773      2D3A1651 
 773      8BBE1620 
 773      98E6
 774 13ab 5F0B989D 		.ascii	"_\013\230\235B\300\3129\\\265\023\205\251v\262\217:"
 774      42C0CA39 
 774      5CB51385 
 774      A976B28F 
 774      3A
 775 13bc A3994F50 		.ascii	"\243\231OP\244\012v\337\000\307\000\242\000\342\001"
 775      A40A76DF 
 775      00C700A2 
 775      00E201
 776 13cb 8E03C402 		.ascii	"\216\003\304\002\304\001\304\2103\201F\266\211\1778"
 776      C401C488 
 776      338146B6 
 776      897F38
 777 13da 2155CFFC 		.ascii	"!U\317\374$\217\242\222\352\026aa\367\246\371\011\017"
 777      248FA292 
 777      EA166161 
 777      F7A6F909 
 777      0F
 778 13eb 3185E409 		.ascii	"1\205\344\011\371\300\202\240\312}`!\342\012\245h\035"
 778      F9C082A0 
 778      CA7D6021 
 778      E20AA568 
 778      1D
 779 13fc CB3335C3 		.ascii	"\31335\303$\323L\220\205\374\353\346\362\357#\361\333"
 779      24D34C90 
 779      85FCEBE6 
 779      F2EF23F1 
 779      DB
 780 140d 6FA906A6 		.ascii	"o\251\006\246\303+\262v\3549\367B\345*\357\324\206?"
 780      C32BB276 
 780      EC39F742 
 780      E52AEFD4 
 780      863F
 781 141f DFA9C071 		.ascii	"\337\251\300q0\361Y\222\344\215p\202D\325\023*v\340"
 781      30F15992 
 781      E48D7082 
 781      44D5132A 
 781      76E0
 782 1431 A1225BF0 		.ascii	"\241\"[\360\305S\015\375J\361\013qY\334\223\024\267"
 782      C5530DFD 
 782      4AF10B71 
 782      59DC9314 
 782      B7
 783 1442 A52E3DC3 		.ascii	"\245.=\303\370\311A\350k?9@\211*W\240\272\220\270\366"
 783      F8C941E8 
 783      6B3F3940 
 783      892A57A0 
 783      BA90B8F6 
 784 1456 43E13D48 		.ascii	"C\341=H\350k?\245@I*\007RZ\353O\032$[\022R\253Mj%3\265"
 784      E86B3FA5 
 784      40492A07 
ARM GAS  /tmp/cc8akVqU.s 			page 63


 784      525AEB4F 
 784      1A245B12 
 785 1471 92A95A29 		.ascii	"\222\251Z)1Q\235\032a;\027\372\272\355\034JQ\221\357"
 785      31519D1A 
 785      613B17FA 
 785      BAED1C4A 
 785      5191EF
 786 1484 A4C36E9F 		.ascii	"\244\303n\237Y\306b\001\322OvR\231\200T*@\370Jz\033"
 786      59C66201 
 786      D24F7652 
 786      9980542A 
 786      40F84A7A 
 787 1499 FF4ABA39 		.ascii	"\377J\2729\265=\210\277\006h\240\013\375\351\230)'\234"
 787      B53D88BF 
 787      0668A00B 
 787      FDE99829 
 787      279C
 788 14ab C9CBCCB9 		.ascii	"\311\313\314\271\276.g\234\317\032\347\013WK\214s-+"
 788      BE2E679C 
 788      CF1AE70B 
 788      574B8C73 
 788      2D2B
 789 14bd DA1DF50D 		.ascii	"\332\035\365\015E.V\353s\226\012\352s\246J\230\001\273"
 789      452E56EB 
 789      73960AEA 
 789      73A64A98 
 789      01BB
 790 14cf CE2F490E 		.ascii	"\316/I\016\363\341\261H\311\323P\001h\011\"\333\260"
 790      F3E1B148 
 790      C9D35001 
 790      680922DB 
 790      B0
 791 14e0 C66E9801 		.ascii	"\306n\230\001/0\261eC\215G\355\255\321\241lH^1\351H"
 791      2F30B165 
 791      438D47ED 
 791      ADD1A16C 
 791      485E31E9 
 792 14f5 F6D21584 		.ascii	"\366\322\025\204\033\254j\\Sv\365\242\006\267\262\347"
 792      1BAC6A5C 
 792      5376F5A2 
 792      06B7B2E7 
 793 1505 D1233985 		.ascii	"\321#9\205\226\2053\027X\346I\012b\315\352\225~\015"
 793      96853317 
 793      58E6490A 
 793      62CDEA95 
 793      7E0D
 794 1517 1E664417 		.ascii	"\036fD\027\303\253F,\017+\362-\210\332z\252\272$z\237"
 794      C3AB462C 
 794      0F2BF22D 
 794      88DA7AAA 
 794      BA247A9F 
 795 152b 93246381 		.ascii	"\223$c\201PE\007/5\347\262\355\026t\241\263*\252fZw"
 795      5045072F 
 795      35E7B2ED 
 795      1674A1B3 
 795      2AAA665A 
 796 1540 7193DAAA 		.ascii	"q\223\332\252c\213\210c\013\005\3076\255\255\245K\322"
ARM GAS  /tmp/cc8akVqU.s 			page 64


 796      638B8863 
 796      0B05C736 
 796      ADADA54B 
 796      D2
 797 1551 AB48E2D8 		.ascii	"\253H\342\330\363\"\357\344]N(p\304\263\314\220\345"
 797      F322EFE4 
 797      5D4E2870 
 797      C4B3CC90 
 797      E5
 798 1562 D6E649AB 		.ascii	"\326\346I\253t\250\030\014\022\223\016\036\276zC\215"
 798      74A8180C 
 798      12930E1E 
 798      BE7A438D 
 799 1572 5F30D2A6 		.ascii	"_0\322\246\261K{p\220\013;\311\271\020\222\257\266\362"
 799      B14B7B70 
 799      900B3BC9 
 799      B91092AF 
 799      B6F2
 800 1584 6EF0824A 		.ascii	"n\360\202J\356\335`Y\177^\245#N`\344\215Y\3053\220o"
 800      EEDD6059 
 800      7F5EA523 
 800      4E60E48D 
 800      59C53390 
 801 1599 ACD1D3BE 		.ascii	"\254\321\323\276\334\254\261\362\035P\271J\356+\242"
 801      DCACB1F2 
 801      1D50B94A 
 801      EE2BA2
 802 15a8 A6F6B967 		.ascii	"\246\366\271g\302\237\010 \272\255~\276j\217K\030\273"
 802      C29F0820 
 802      BAAD7EBE 
 802      6A8F4B18 
 802      BB
 803 15b9 A2CCF953 		.ascii	"\242\314\371S\030_d\215\321\302\272\010[|\2315\236\366"
 803      185F648D 
 803      D1C2BA08 
 803      5B7C9935 
 803      9EF6
 804 15cb 1DBD8C70 		.ascii	"\035\275\214p\025k\034yX\004\345\262\2165nu4\316Y\276"
 804      156B1C79 
 804      5804E5B2 
 804      8E356E75 
 804      34CE59BE 
 805 15df 9BAA02E1 		.ascii	"\233\252\002\341\325\222\360F\\;\357\215\333\031\315"
 805      D592F046 
 805      5C3BEF8D 
 805      DB19CD
 806 15ee C5C7976F 		.ascii	"\305\307\227o\333Z\320\\\263\240\031)_K\221|\345q]\222"
 806      DB5AD05C 
 806      B3A01929 
 806      5F4B917C 
 806      E5715D92 
 807 1602 1235424A 		.ascii	"\0225BJL6,\215\253\361\010c\276\324\230X\340\204'X#"
 807      4C362C8D 
 807      ABF10863 
 807      BED49858 
 807      E0842758 
 808 1617 EAE8688E 		.ascii	"\352\350h\216\235\374\011j\235J\356}VC\372\350/E_\362"
ARM GAS  /tmp/cc8akVqU.s 			page 65


 808      9DFC096A 
 808      9D4AEE7D 
 808      5643FAE8 
 808      2F455FF2 
 809 162b F6B47C94 		.ascii	"\366\264|\224\306?~\006it\022\275e}\022%\357\354\323"
 809      C63F7E06 
 809      697412BD 
 809      657D1225 
 809      EFECD3
 810 163e F8EBA97A 		.ascii	"\370\353\251z\225\003\252U\231\243\233&5\371\367LU\234"
 810      9503AA55 
 810      99A39B26 
 810      35F9F74C 
 810      559C
 811 1650 8268751B 		.ascii	"\202hu\033\352\372\015\200\233\342\011s&\215\277\317"
 811      EAFA0D80 
 811      9BE20973 
 811      268DBFCF 
 812 1660 22EA0CCB 		.ascii	"\"\352\014\313\253\303\347\226\305\350\352A\215\225"
 812      ABC3E796 
 812      C5E8EA41 
 812      8D95
 813 166e F759D7AC 		.ascii	"\367Y\327\254\313!\013\225\252\264i'\274@]hsf\372\345"
 813      CB210B95 
 813      AAB46927 
 813      BC405D68 
 813      7366FAE5 
 814 1682 0AFD724C 		.ascii	"\012\375rLx\355\263|\007gdw\030\350\013\255\006\"\035"
 814      78EDB37C 
 814      07676477 
 814      18E80BAD 
 814      06221D
 815 1695 7835AB64 		.ascii	"x5\253d\337\240H\204_\206\211\215\314\224\264`4s\341"
 815      DFA04884 
 815      5F86898D 
 815      CC94B460 
 815      3473E1
 816 16a8 4D20B805 		.ascii	"M \270\005\340\016@\253\330\320\215\024\323\227\022"
 816      E00E40AB 
 816      D8D08D14 
 816      D39712
 817 16b7 159CC0FA 		.ascii	"\025\234\300\372[\227\241\024\376\032\245\004\334r\325"
 817      5B97A114 
 817      FE1AA504 
 817      DC72D5
 818 16c6 02DDE2D5 		.ascii	"\002\335\342\325D\337N\2662\"Qj\264\302]XU\226\034K"
 818      44DF4EB6 
 818      3222516A 
 818      B4C25D58 
 818      55961C4B 
 819 16da BE6BF65E 		.ascii	"\276k\366^\320hJ\376\253M!\247^\353\251\363Nx\225\245"
 819      D0684AFE 
 819      AB4D21A7 
 819      5EEBA9F3 
 819      4E7895A5 
 820 16ee 63565B75 		.ascii	"cV[u;\306\207\267\220\206mKY\317Q%b\353;\311\012\300"
 820      3BC687B7 
ARM GAS  /tmp/cc8akVqU.s 			page 66


 820      90866D4B 
 820      59CF5125 
 820      62EB3BC9 
 821 1704 F8E2A31D 		.ascii	"\370\342\243\035\270wp\356=\300\265\023\240\013\340"
 821      B87770EE 
 821      3DC0B513 
 821      A00BE0
 822 1713 1E40B7D1 		.ascii	"\036@\267\321Y\020\222\331\010\373\363\017\232\330'"
 822      591092D9 
 822      08FBF30F 
 822      9AD827
 823 1722 879780A0 		.ascii	"\207\227\200\240\214\023\232V\035\346_\255N\244\276"
 823      8C139A56 
 823      1DE65FAD 
 823      4EA4BE
 824 1731 CDBFD1BB 		.ascii	"\315\277\321\273\010.(\265\3007\177\305\326\232\266"
 824      082E28B5 
 824      C0377FC5 
 824      D69AB6
 825 1740 23CBE8E0 		.ascii	"#\313\350\340\014\216.\367.\207/=\323\266e\011\321\273"
 825      0C8E2EF7 
 825      2E872F3D 
 825      D3B66509 
 825      D1BB
 826 1752 6B055BB4 		.ascii	"k\005[\264^jMy\203}\255\332\006xW8\276\340diV\227Uo"
 826      5E6A4D79 
 826      837DADDA 
 826      06785738 
 826      BEE06469 
 827 176a 94BBE07C 		.ascii	"\224\273\340|\352B4\260Yv\311\306U\336y\367_\357<\340"
 827      EA4234B0 
 827      5976C9C6 
 827      55DE79F7 
 827      5FEF3CE0 
 828 177e 10D99B97 		.ascii	"\020\331\233\227\354\210\313);U\342LT-2{\231-Z\221)"
 828      EC88CB29 
 828      3B55E24C 
 828      542D327B 
 828      992D5A91 
 829 1793 503FE737 		.ascii	"P?\3477\010<\006\000\206\304\031\273\034c\337\226\177"
 829      083C0600 
 829      86C419BB 
 829      1C63DF96 
 829      7F
 830 17a4 8CBDE8CD 		.ascii	"\214\275\350\315\341^\352\267\276\2444\220Ov\276\017"
 830      E15EEAB7 
 830      BEA43490 
 830      4F76BE0F 
 831 17b4 8248107A 		.ascii	"\202H\020z\001\357\014\307\027,\260\374\243\236\026"
 831      01EF0CC7 
 831      172CB0FC 
 831      A39E16
 832 17c3 9353FBAC 		.ascii	"\223S\373\2540\027\222v%x\365\222\015"
 832      30179276 
 832      2578F592 
 832      0D
 833 17d0 5E666E8A 		.ascii	"^fn\212iNm\320XYe\016sF2f%\232\376\242l\033\377\213"
ARM GAS  /tmp/cc8akVqU.s 			page 67


 833      694E6DD0 
 833      5859650E 
 833      73463266 
 833      259AFEA2 
 834 17e8 B2B6DEB0 		.ascii	"\262\266\336\260\032\033|x+{\015\221^\020\344\202cY"
 834      1A1B7C78 
 834      2B7B0D91 
 834      5E10E482 
 834      6359
 835 17fa E3FA93A6 		.ascii	"\343\372\223\246\\,_i\037\310UZ\324<\271\376\302\011"
 835      5C2C5F69 
 835      1FC8555A 
 835      D43CB9FE 
 835      C209
 836 180c A731EAF4 		.ascii	"\2471\352\364\242\234\025[\234\313\032-}\307c\\p\351"
 836      A29C155B 
 836      9CCB1A2D 
 836      7DC7635C 
 836      70E9
 837 181e D6EFB4C9 		.ascii	"\326\357\264\311\234\344\272O\201\336\217\3156\231+"
 837      9CE4BA4F 
 837      81DE8FCD 
 837      36992B
 838 182d 53D24DE6 		.ascii	"S\322M\346\344\253vK\222M\246\014\246\340\331\362\364"
 838      E4AB764B 
 838      924DA60C 
 838      A6E0D9F2 
 838      F4
 839 183e AC5BFC4F 		.ascii	"\254[\374O\033b\311\014\372 \267>]\3703:{h\337\237:"
 839      1B62C90C 
 839      FA20B73E 
 839      5DF8333A 
 839      7B68DF9F 
 840 1853 725A856B 		.ascii	"rZ\205k\230)\221\321e\211.\270\2215\342n\315gkp\017"
 840      982991D1 
 840      65892EB8 
 840      9135E26E 
 840      CD676B70 
 841 1868 6B3C6B2E 		.ascii	"k<k._\324\340!n~D\3102\262\272f{&]\263\251\212r\222"
 841      5FD4E021 
 841      6E7E44C8 
 841      32B2BA66 
 841      7B265DB3 
 842 1880 7AD5D6BF 		.ascii	"z\325\326\277\271\200;\356\223\005\360\311<\300\242"
 842      B9803BEE 
 842      9305F0C9 
 842      3CC0A2
 843 188f D82FDD83 		.ascii	"\330/\335\203o\030\263h\0268\317\275r>\233\031\370>"
 843      6F18B368 
 843      1638CFBD 
 843      723E9B19 
 843      F83E
 844 18a1 9B6F9EF3 		.ascii	"\233o\236\363\214\226A\027\015\373\241\355\301!\206"
 844      8C964117 
 844      0DFBA1ED 
 844      C12186
 845 18b0 A43FD033 		.ascii	"\244?\3203\267\031\216-\274M\026\177\366\273%\261\253"
ARM GAS  /tmp/cc8akVqU.s 			page 68


 845      B7198E2D 
 845      BC4D167F 
 845      F6BB25B1 
 845      AB
 846 18c1 28CF1E09 		.ascii	"(\317\036\011\273[\341\307\363\274\315l\227\273,/S\222"
 846      BB5BE1C7 
 846      F3BCCD6C 
 846      97BB2C2F 
 846      5392
 847 18d3 D04F21A1 		.ascii	"\320O!\241\237\220\204&\177\267\267\314\035\260\004"
 847      9F908426 
 847      7FB7B7CC 
 847      1DB004
 848 18e2 C6BF0058 		.ascii	"\306\277\000X\003X\001\010\265\331\205\016\003\004\001"
 848      03580108 
 848      B5D9850E 
 848      030401
 849 18f1 84006C42 		.ascii	"\204\000lB\337K\200`\270_\205\353:\200\001\3567\304"
 849      DF4B8060 
 849      B85F85EB 
 849      3A8001EE 
 849      37C4
 850 1903 0E6B6D33 		.ascii	"\016km3\333F\313\250ce\033\275lm\033\315\015\275\377"
 850      DB46CBA8 
 850      63651BBD 
 850      6C6D1BCD 
 850      0DBDFF
 851 1916 7D168A87 		.ascii	"}\026\212\207P\203\037Y\030\312j\216\3503\207\337\363"
 851      50831F59 
 851      18CA6A8E 
 851      E83387DF 
 851      F3
 852 1927 3FAC02EC 		.ascii	"?\254\002\354q\013\354Q3l\211\332\303\026j\233o\257"
 852      710BEC51 
 852      336C89DA 
 852      C3166A9B 
 852      6FAF
 853 1939 BBFB44BA 		.ascii	"\273\373D\272\214Y\341.2sc\210\177DAB<\315\361M)\230"
 853      8C59E12E 
 853      32736388 
 853      7F444142 
 853      3CCDF14D 
 854 194f 664D1B61 		.ascii	"fM\033a\007\277l\255x\361\031\241\237\374\375\002)\215"
 854      07BF6CAD 
 854      78F119A1 
 854      9FFCFD02 
 854      298D
 855 1961 238098CE 		.ascii	"#\200\230\316\011L\225\370\224\230\277\201\362g\352"
 855      094C95F8 
 855      9498BF81 
 855      F267EA
 856 1970 90914BB6 		.ascii	"\220\221K\266\375\313\257\334\366\337\352\025Y;a\305"
 856      FDCBAFDC 
 856      F6DFEA15 
 856      593B61C5 
 857 1980 F3E24F19 		.ascii	"\363\342O\031\004\365\371Q\201\234\366V\216\012\244"
 857      04F5F951 
ARM GAS  /tmp/cc8akVqU.s 			page 69


 857      819CF656 
 857      8E0AA4
 858 198f A8AF392A 		.ascii	"\250\2579*\220j-9*\010\276yd\336\336U>\347\333\376\353"
 858      906A2D39 
 858      2A08BE79 
 858      64DEDE55 
 858      3EE7DBFE 
 859 19a4 721E2465 		.ascii	"r\036$e6T\247H\276F?b#q\216\015\335\036\303\005p\247"
 859      3654A748 
 859      BE463F62 
 859      23718E0D 
 859      DD1EC305 
 860 19ba 26D33E15 		.ascii	"&\323>\025\243\016I\266\352\341\0145\234\242\256\337"
 860      A30E49B6 
 860      EAE10C35 
 860      9CA2AEDF 
 861 19ca A9AF906C 		.ascii	"\251\257\220lh\237Ip#\030n\004\305\225;\317^:\263Zn"
 861      689F4970 
 861      23186E04 
 861      C5953BCF 
 861      5E3AB35A 
 862 19df FCB82108 		.ascii	"\374\270!\010\350\377\370\206\210\\\307\367\002\263"
 862      E8FFF886 
 862      885CC7F7 
 862      02B3
 863 19ed 51D737D8 		.ascii	"Q\3277\330\271\350Q\033\015\212\264\221'\335/&\335g"
 863      B9E8511B 
 863      0D8AB491 
 863      27DD2F26 
 863      DD67
 864 19ff DAB55DE8 		.ascii	"\332\265]\350\253\250g\357\013\243\201:\212QGF\027\307"
 864      ABA867EF 
 864      0BA3813A 
 864      8A514746 
 864      17C7
 865 1a11 A85F7574 		.ascii	"\250_ut\035c\003\373\313c6d\177I\356\311\231zgV\235"
 865      1D6303FB 
 865      CB633664 
 865      7F49EEC9 
 865      997A6756 
 866 1a26 C4852512 		.ascii	"\304\205%\022[c\231\255\261\324\326\256\274\316\010"
 866      5B6399AD 
 866      B1D4D6AE 
 866      BCCE08
 867 1a35 C9C67749 		.ascii	"\311\306wI\202\033\307p\343(n[^T\276\344\250qU\202\033"
 867      821BC770 
 867      E3286E5B 
 867      5E54BEE4 
 867      A8715582 
 868 1a4a CF70C9C5 		.ascii	"\317p\311\305\346O\007\264\007\264\252=\036\236_\377"
 868      E64F07B4 
 868      07B4AA3D 
 868      1E9E5FFF 
 869 1a5a D26DBF9F 		.ascii	"\322m\277\237\217\326\315_\247w\373\364\313_\271\177"
 869      8FD6CD5F 
 869      A777FBF4 
 869      CB5FB97F 
ARM GAS  /tmp/cc8akVqU.s 			page 70


 870 1a6a F1E967BF 		.ascii	"\361\351g\277r\373\364s\335\027~\273?\365\367\017t\363"
 870      72FBF473 
 870      DD177EBB 
 870      3FF5F70F 
 870      74F3
 871 1a7c D1797979 		.ascii	"\321yyyk\277\361\010\320\272\035\370\342+\267\300\000"
 871      6BBFF108 
 871      D0BA1DF8 
 871      E22BB7C0 
 871      00
 872 1a8d 4FB70301 		.ascii	"O\267\003\001z\367@m\300A\235\247\366\003O\365\377\374"
 872      7AF7406D 
 872      C0419DA7 
 872      F6034FF5 
 872      FFFC
 873 1a9f D7DFBDF3 		.ascii	"\327\337\275\363\331\307\037+\\H\367\036\017x\240\005"
 873      D9C71F2B 
 873      5C48F71E 
 873      0F78A005 
 874 1aaf E681FAAD 		.ascii	"\346\201\372\255fmw\275zo`\200\376\037@\244\335~vu&"
 874      666D77BD 
 874      7A6F6080 
 874      FE1F40A4 
 874      DD7E7675 
 875 1ac4 2870CF31 		.ascii	"(p\3171\266H\233\356z\233\275\001~\276\372\277\373\263"
 875      B6489BEE 
 875      7A9BBD01 
 875      7EBEFABF 
 875      FBB3
 876 1ad6 14D4F94A 		.ascii	"\024\324\371J\025\334\257Py\373y~m\343\367\215\2576"
 876      15DCAF50 
 876      79FB797E 
 876      6DE3F78D 
 876      AF36
 877 1ae8 C0DE73BF 		.ascii	"\300\336s\277\273~\177\200\326\303K\315.\356z\225\257"
 877      BB7E7F80 
 877      D6C34BCD 
 877      2EEE7A95 
 877      AF
 878 1af9 F65BBD1A 		.ascii	"\366[\275\032\372\251G\034\204\033x\340\037\240=\270"
 878      FAA9471C 
 878      841B78E0 
 878      1FA03DB8 
 879 1b09 FB830FDC 		.ascii	"\373\203\017\334\340\377\257\265\001\276Zo\267\317\366"
 879      E0FFAFB5 
 879      01BE5A6F 
 879      B7CFF6
 880 1b18 EBF6E87E 		.ascii	"\353\366\350~\373\245\233_\240[\200\236H\362>\340\245"
 880      FBA59B5F 
 880      A05B809E 
 880      48F23EE0 
 880      A5
 881 1b29 75F3DCEF 		.ascii	"u\363\334\357\255\013\324\007\202$\302\306\347\200^"
 881      AD0BD407 
 881      8224C2C6 
 881      E7805E
 882 1b38 FBAD1DFD 		.ascii	"\373\255\035\375\327]\377\376w\"\367\321\177\013\304"
ARM GAS  /tmp/cc8akVqU.s 			page 71


 882      D75DFFFE 
 882      7722F7D1 
 882      7F0BC4
 883 1b47 4E446BBF 		.ascii	"NDk\277\300\317\031\245R\347\345\"2C\007\232:\212\332"
 883      C0CF19A5 
 883      52E7E522 
 883      3243079A 
 883      3A8ADA
 884 1b5a 1A5F3FBD 		.ascii	"\032_?\275n\257\316\323C\257\363\363U\371x\004~\275"
 884      6EAFCED3 
 884      43AFF3F3 
 884      55F97804 
 884      7EBD
 885 1b6c 9591FFEA 		.ascii	"\225\221\377\352\240\326W\3779\264\335\365\266\314D"
 885      A0D657FF 
 885      39B4DDF5 
 885      B6CC44
 886 1b7b 67F6E02B 		.ascii	"g\366\340+n\257\223\210\213\273\336\216\373\372\015"
 886      6EAF9388 
 886      8BBBDE8E 
 886      FBFA0D
 887 1b8a 71AF972E 		.ascii	"q\257\227.\320\337C\357\271_\353\345\034x`\217\217."
 887      D0DF43EF 
 887      B95FEBE5 
 887      1C78608F 
 887      8F2E
 888 1b9c 3010847C 		.ascii	"0\020\204|\245\363\321:y\370\005\272\353\341&P\357\341"
 888      A5F3D13A 
 888      79F805BA 
 888      EBE12650 
 888      EFE1
 889 1bae E3AF2277 		.ascii	"\343\257\"w\352\003:_\375\337\376\334]\377\0263\325"
 889      EA033A5F 
 889      FDDFFEDC 
 889      5DFF1633 
 889      D5
 890 1bbf D30FE240 		.ascii	"\323\017\342@b \240\202e\032\256\001\264\334\365;\344"
 890      6220A082 
 890      651AAE01 
 890      B4DCF53B 
 890      E4
 891 1bd0 25812AE0 		.ascii	"%\201*\340\006\342H\265\326_\353\353\245\363\335\347"
 891      06E248B5 
 891      D65FEBEB 
 891      A5F3DDE7 
 892 1be0 A825B6F8 		.ascii	"\250%\266\370P[\354\276\361\320\351\241\317\016<L\220"
 892      505BECBE 
 892      F1D0E9A1 
 892      CF0E3C4C 
 892      90
 893 1bf1 ECF9D55D 		.ascii	"\354\371\325]\217\016\330j\277!H\266\337\350\201\203"
 893      8F0ED86A 
 893      BF2148B6 
 893      DFE88183 
 894 1c01 3F5C02B5 		.ascii	"?\\\002\265>\376\032@\200\253\207\377~P\310\346\033"
 894      3EFE1A40 
 894      80AB87FF 
ARM GAS  /tmp/cc8akVqU.s 			page 72


 894      7E50C8E6 
 894      1B
 895 1c12 BD3EC07F 		.ascii	"\275>\300\177\033\017y\200v/\344\244/1\037\220\375\366"
 895      1B0F7980 
 895      762FE4A4 
 895      2F311F90 
 895      FDF6
 896 1c24 FCD15FAD 		.ascii	"\374\321_\255\375V\247\367\364\363\322\332\370\004\356"
 896      FD56A7F7 
 896      F4F3D2DA 
 896      F804EE
 897 1c33 83DE00AF 		.ascii	"\203\336\000\257Cp\343\366\235\202\007\364ZO\032}\233"
 897      4370E3F6 
 897      9D8207F4 
 897      5A4F1A7D 
 897      9B
 898 1c44 BDDE1EFB 		.ascii	"\275\336\036\373\002\355\364>\300\010r\027|\244\327"
 898      02EDF43E 
 898      C0087217 
 898      7CA4D7
 899 1c53 AAF5F442 		.ascii	"\252\365\364B$y\220\261\340\020\250\377\332\303[\267"
 899      247990B1 
 899      E010A8FF 
 899      DAC35BB7 
 900 1c63 CFD75DEF 		.ascii	"\317\327]\357\014\032\202\217t\276\200\001\3128\211"
 900      0C1A828F 
 900      74BE8001 
 900      CA3889
 901 1c72 EEDDF5D8 		.ascii	"\356\335\365\330S\377\2552\320\337\321\337\017\274\005"
 901      53FFAD32 
 901      D0DFD1DF 
 901      0FBC05
 902 1c81 1E86A686 		.ascii	"\036\206\246\206\336{\302\200\200\204\375[k\272y\372"
 902      DE7BC280 
 902      8084FD5B 
 902      6BBA79FA 
 903 1c91 F9F8F8F9 		.ascii	"\371\370\370\371\272\021\334@\267O\277\370\374\340/"
 903      BA11DC40 
 903      B74FBFF8 
 903      FCE02F
 904 1ca0 767F0E5A 		.ascii	"v\177\016Z\222\260\200\212x\277W\200\255?M\360\255 "
 904      92B0808A 
 904      78BF5780 
 904      AD3F4DF0 
 904      AD20
 905 1cb2 DE3F40E7 		.ascii	"\336?@\347\027\240\323\037b)\357j\321C\007\201\316\317"
 905      17A0D31F 
 905      6229EF6A 
 905      D1430781 
 905      CECF
 906 1cc4 4E4FFE85 		.ascii	"NO\376\205\006\015\017\370\320\233\264m\003u\377A\354"
 906      060D0FF8 
 906      D09BB46D 
 906      0375FF41 
 906      EC
 907 1cd5 74FF073F 		.ascii	"t\377\007??o\345\317\025\032\217\000\237\203\277\320"
 907      3F6FE5CF 
ARM GAS  /tmp/cc8akVqU.s 			page 73


 907      151A8F00 
 907      9F83BFD0 
 908 1ce5 EEF6797F 		.ascii	"\356\366y\177\257\277\302\001\004\202\236\273}~\256"
 908      AFBFC201 
 908      04829EBB 
 908      7D7EAE
 909 1cf4 78C75D1C 		.ascii	"x\307]\034q\017\317?\035\320\005h\277`i\367\331~\255"
 909      710FCF3F 
 909      1DD00568 
 909      BF6069F7 
 909      D97EAD
 910 1d07 E7D70EF4 		.ascii	"\347\327\016\3649\270\351@\240\306t\353\376g\216{\213"
 910      39B8E940 
 910      A0C674EB 
 910      FE678E7B 
 910      8B
 911 1d18 C2A42089 		.ascii	"\302\244 \211\377%k\375\213\257N\277\315\324\374G\236"
 911      FF256BFD 
 911      8BAF4EBF 
 911      CDD4FC47 
 911      9E
 912 1d29 763B4C5D 		.ascii	"v;L]\237J\364\332iz\360U\300!\351\263\255\246g_h\003"
 912      9F4AF4DA 
 912      697AF055 
 912      C021E9B3 
 912      ADA6675F 
 913 1d3f FDFD7CBD 		.ascii	"\375\375|\275\276g\352\371\337\304m\277\321\372\356"
 913      BE67EAF9 
 913      DFC46DBF 
 913      D1FAEE
 914 1d4e D3EF77F4 		.ascii	"\323\357w\364\334\377\271\376\333\337\371\222\352Ch"
 914      DCFFB9FE 
 914      DBDFF992 
 914      EA4368
 915 1d5d 3E83107C 		.ascii	">\203\020|\352\345\305\021?\371\213\212\032\017\243"
 915      EAE5C511 
 915      3FF98B8A 
 915      1A0FA3
 916 1d6c 0B65FD5B 		.ascii	"\013e\375[\232y\3044[\037\255\217\247\377!\225\267\326"
 916      9A79C434 
 916      5B1FAD8F 
 916      A7FF2195 
 916      B7D6
 917 1d7e 63AF1D54 		.ascii	"c\257\035T\206\375\001~\337\240\237\330\355\365}'\320"
 917      86FD017E 
 917      DFA09FD8 
 917      EDF57D27 
 917      D0
 918 1d8f 5FEB093D 		.ascii	"_\353\011=\276\276\007\274\275\377\237I\344>O\317\335"
 918      BEBE07BC 
 918      BDFF9F49 
 918      E43E4FCF 
 918      DD
 919 1da0 10AEDD5A 		.ascii	"\020\256\335Z\237=Z//\255\227\261\003P\265\273\265\036"
 919      9F3D5A2F 
 919      2FAD97B1 
 919      0350B5BB 
ARM GAS  /tmp/cc8akVqU.s 			page 74


 919      B51E
 920 1db2 7B74BB3F 		.ascii	"{t\273?\336\375\323\017\177\372\341\356?\375t\367\001"
 920      DEFDD30F 
 920      7FFAE1EE 
 920      3FFD74F7 
 920      01
 921 1dc3 7F2F4861 		.ascii	"\177/Ha7\311c\343\000\010\324\007\300\260\004\235\354"
 921      37C963E3 
 921      0008D407 
 921      C0B0049D 
 921      EC
 922 1dd4 A94EBF01 		.ascii	"\251N\277\001c5\364\016\374F\032$\010\264&}\011I\357"
 922      6335F40E 
 922      FC461A24 
 922      08B4267D 
 922      0949EF
 923 1de7 E1FDD19F 		.ascii	"\341\375\321\237e6\253\033\036\336\300\336\316\337\343"
 923      6536AB1B 
 923      1EDEC0DE 
 923      CEDFE3
 924 1df6 90B79F87 		.ascii	"\220\267\237\207\327_6\031\360*G\370\360\374\300\007"
 924      D75F3619 
 924      F02A47F8 
 924      F0FCC007 
 925 1e06 7DF4AEE6 		.ascii	"}\364\256\3463\324\277\177\376\225\212d\265\372O\254"
 925      33D4BF7F 
 925      FE958A64 
 925      B5FA4FAC 
 926 1e16 5A05A83D 		.ascii	"Z\005\250==\274\275\311$\371=S\011\013\370\214\367A"
 926      3DBCBDC9 
 926      24F93D53 
 926      090BF88C 
 926      F741
 927 1e28 EE930217 		.ascii	"\356\223\002\027\260\005\306\315A]\200\376\200\2077"
 927      B005C6CD 
 927      415D80FE 
 927      808737
 928 1e37 AD78012E 		.ascii	"\255x\001.\222\026\314{\007\365{\017\370z\302\015\214"
 928      9216CC7B 
 928      07F57B0F 
 928      F87AC20D 
 928      8C
 929 1e48 6410EFE1 		.ascii	"d\020\357\341\275\215TGo?\337}B\007Twp\344\276}\332"
 929      BD8D5447 
 929      6F3FDF7D 
 929      42075477 
 929      70E4BE7D 
 930 1e5d 0042E322 		.ascii	"\000B\343\"\251\2630\031\034\324c\177\217\000\025\341"
 930      A9B33019 
 930      1CD4637F 
 930      8F0015E1 
 931 1e6d 62E34546 		.ascii	"b\343EF\241\023\310\364\322z\353=h\025t\221\264@/\332"
 931      A113C8F4 
 931      D27AEB3D 
 931      68157491 
 931      B4402FDA 
 932 1e81 700A3C14 		.ascii	"p\012<\024h\342o\033\240%\376\263\027X\007\330y\356"
ARM GAS  /tmp/cc8akVqU.s 			page 75


 932      68E26F1B 
 932      A025FEB3 
 932      175807D8 
 932      79EE
 933 1e93 019E1E3E 		.ascii	"\001\236\036>;\255\024\356\000\360\226\243\261\001\312"
 933      3BAD14EE 
 933      00F096A3 
 933      B101CA
 934 1ea2 73FCC0EF 		.ascii	"s\374\300\357\036C\017h\223\321\317c\350$r\242\273\336"
 934      1E430F68 
 934      93D1CF63 
 934      E82472A2 
 934      BBDE
 935 1eb4 C1C7E3DB 		.ascii	"\301\307\343\333\337@b\371z\036\2423\033\350\354q\210"
 935      DF4062F9 
 935      7A1EA233 
 935      1BE8EC71 
 935      88
 936 1ec5 74EB7C79 		.ascii	"t\353|y\267=`\374Z\247\007\013\234\275\240p{\353|\265"
 936      B73D60FC 
 936      5AA7070B 
 936      9CBDA070 
 936      7BEB7CB5 
 937 1ed9 BFDDBB37 		.ascii	"\277\335\2737PKj\220\247\337Am\300!\247\203:?o:\007"
 937      504B6A90 
 937      A7DF416D 
 937      C021A783 
 937      3A3F6F3A 
 938 1eee 7E0645D7 		.ascii	"~\006E\327\226\351\367Wf\313\010\001\331}\357\377\007"
 938      96E9F757 
 938      66CB0801 
 938      D97DEFFF 
 938      07
 939 1eff 8D3E1F95 		.ascii	"\215>\037\225"
 940              		.text
 941              		.section	.gnu.lto_.symtab.82a1f4d210b50a54,"e",%progbits
 942 0000 5F757274 		.ascii	"_urt_service_acquireRequestCheck\000"
 942      5F736572 
 942      76696365 
 942      5F616371 
 942      75697265 
 943 0021 00       		.ascii	"\000"
 944 0022 00       		.ascii	"\000"
 945 0023 00       		.ascii	"\000"
 946 0024 00000000 		.ascii	"\000\000\000\000\000\000\000\000"
 946      00000000 
 947 002c B1010000 		.ascii	"\261\001\000\000"
 948 0030 75727453 		.ascii	"urtServiceInit\000"
 948      65727669 
 948      6365496E 
 948      697400
 949 003f 00       		.ascii	"\000"
 950 0040 00       		.ascii	"\000"
 951 0041 00       		.ascii	"\000"
 952 0042 00000000 		.ascii	"\000\000\000\000\000\000\000\000"
 952      00000000 
 953 004a BA010000 		.ascii	"\272\001\000\000"
ARM GAS  /tmp/cc8akVqU.s 			page 76


 954 004e 75727453 		.ascii	"urtServiceDispatch\000"
 954      65727669 
 954      63654469 
 954      73706174 
 954      636800
 955 0061 00       		.ascii	"\000"
 956 0062 00       		.ascii	"\000"
 957 0063 00       		.ascii	"\000"
 958 0064 00000000 		.ascii	"\000\000\000\000\000\000\000\000"
 958      00000000 
 959 006c C4010000 		.ascii	"\304\001\000\000"
 960 0070 75727453 		.ascii	"urtServiceAcquireRequest\000"
 960      65727669 
 960      63654163 
 960      71756972 
 960      65526571 
 961 0089 00       		.ascii	"\000"
 962 008a 00       		.ascii	"\000"
 963 008b 00       		.ascii	"\000"
 964 008c 00000000 		.ascii	"\000\000\000\000\000\000\000\000"
 964      00000000 
 965 0094 C9010000 		.ascii	"\311\001\000\000"
 966 0098 75727453 		.ascii	"urtServiceTryAcquireRequest\000"
 966      65727669 
 966      63655472 
 966      79416371 
 966      75697265 
 967 00b4 00       		.ascii	"\000"
 968 00b5 00       		.ascii	"\000"
 969 00b6 00       		.ascii	"\000"
 970 00b7 00000000 		.ascii	"\000\000\000\000\000\000\000\000"
 970      00000000 
 971 00bf CB010000 		.ascii	"\313\001\000\000"
 972 00c3 75727453 		.ascii	"urtServiceRespond\000"
 972      65727669 
 972      63655265 
 972      73706F6E 
 972      6400
 973 00d5 00       		.ascii	"\000"
 974 00d6 00       		.ascii	"\000"
 975 00d7 00       		.ascii	"\000"
 976 00d8 00000000 		.ascii	"\000\000\000\000\000\000\000\000"
 976      00000000 
 977 00e0 D0010000 		.ascii	"\320\001\000\000"
 978 00e4 75727453 		.ascii	"urtServiceQueueLength\000"
 978      65727669 
 978      63655175 
 978      6575654C 
 978      656E6774 
 979 00fa 00       		.ascii	"\000"
 980 00fb 00       		.ascii	"\000"
 981 00fc 00       		.ascii	"\000"
 982 00fd 00000000 		.ascii	"\000\000\000\000\000\000\000\000"
 982      00000000 
 983 0105 D7010000 		.ascii	"\327\001\000\000"
 984 0109 63684D74 		.ascii	"chMtxUnlock\000"
 984      78556E6C 
ARM GAS  /tmp/cc8akVqU.s 			page 77


 984      6F636B00 
 985 0115 00       		.ascii	"\000"
 986 0116 02       		.ascii	"\002"
 987 0117 00       		.ascii	"\000"
 988 0118 00000000 		.ascii	"\000\000\000\000\000\000\000\000"
 988      00000000 
 989 0120 DB010000 		.ascii	"\333\001\000\000"
 990 0124 75727443 		.ascii	"urtCoreAddService\000"
 990      6F726541 
 990      64645365 
 990      72766963 
 990      6500
 991 0136 00       		.ascii	"\000"
 992 0137 02       		.ascii	"\002"
 993 0138 00       		.ascii	"\000"
 994 0139 00000000 		.ascii	"\000\000\000\000\000\000\000\000"
 994      00000000 
 995 0141 DF010000 		.ascii	"\337\001\000\000"
 996 0145 63684D74 		.ascii	"chMtxObjectInit\000"
 996      784F626A 
 996      65637449 
 996      6E697400 
 997 0155 00       		.ascii	"\000"
 998 0156 02       		.ascii	"\002"
 999 0157 00       		.ascii	"\000"
 1000 0158 00000000 		.ascii	"\000\000\000\000\000\000\000\000"
 1000      00000000 
 1001 0160 E1010000 		.ascii	"\341\001\000\000"
 1002 0164 63684D74 		.ascii	"chMtxLock\000"
 1002      784C6F63 
 1002      6B00
 1003 016e 00       		.ascii	"\000"
 1004 016f 02       		.ascii	"\002"
 1005 0170 00       		.ascii	"\000"
 1006 0171 00000000 		.ascii	"\000\000\000\000\000\000\000\000"
 1006      00000000 
 1007 0179 F3010000 		.ascii	"\363\001\000\000"
 1008 017d 63684D74 		.ascii	"chMtxTryLock\000"
 1008      78547279 
 1008      4C6F636B 
 1008      00
 1009 018a 00       		.ascii	"\000"
 1010 018b 02       		.ascii	"\002"
 1011 018c 00       		.ascii	"\000"
 1012 018d 00000000 		.ascii	"\000\000\000\000\000\000\000\000"
 1012      00000000 
 1013 0195 F7010000 		.ascii	"\367\001\000\000"
 1014 0199 75727445 		.ascii	"urtEventSignal\000"
 1014      76656E74 
 1014      5369676E 
 1014      616C00
 1015 01a8 00       		.ascii	"\000"
 1016 01a9 02       		.ascii	"\002"
 1017 01aa 00       		.ascii	"\000"
 1018 01ab 00000000 		.ascii	"\000\000\000\000\000\000\000\000"
 1018      00000000 
 1019 01b3 FC010000 		.ascii	"\374\001\000\000"
ARM GAS  /tmp/cc8akVqU.s 			page 78


 1020              		.text
 1021              		.section	.gnu.lto_.opts,"e",%progbits
 1022 0000 272D666E 		.ascii	"'-fno-openmp' '-fno-openacc' '-fno-pie' '-mcpu=cort"
 1022      6F2D6F70 
 1022      656E6D70 
 1022      2720272D 
 1022      666E6F2D 
 1023 0033 65782D6D 		.ascii	"ex-m4' '-mthumb' '-mfloat-abi=softfp' '-mfpu=fpv4-s"
 1023      34272027 
 1023      2D6D7468 
 1023      756D6227 
 1023      20272D6D 
 1024 0066 702D6431 		.ascii	"p-d16' '-march=armv7e-m+fp' '-O2' '-fstack-usage' '"
 1024      36272027 
 1024      2D6D6172 
 1024      63683D61 
 1024      726D7637 
 1025 0099 2D666675 		.ascii	"-ffunction-sections' '-fdata-sections' '-fno-common"
 1025      6E637469 
 1025      6F6E2D73 
 1025      65637469 
 1025      6F6E7327 
 1026 00cc 2720272D 		.ascii	"' '-flto' '-fshort-enums'\000"
 1026      666C746F 
 1026      2720272D 
 1026      6673686F 
 1026      72742D65 
 1027              		.text
 1028              		.comm	__gnu_lto_v1,1,1
 1029              		.comm	__gnu_lto_slim,1,1
 1030              		.ident	"GCC: (GNU Arm Embedded Toolchain 9-2020-q2-update) 9.3.1 20200408 (release)"
ARM GAS  /tmp/cc8akVqU.s 			page 79


DEFINED SYMBOLS
                            *ABS*:0000000000000000 urt_service.c
                            *COM*:0000000000000001 __gnu_lto_v1
                            *COM*:0000000000000001 __gnu_lto_slim

NO UNDEFINED SYMBOLS
