ARM GAS  /tmp/ccACgBoh.s 			page 1


   1              		.cpu cortex-m3
   2              		.eabi_attribute 20, 1
   3              		.eabi_attribute 21, 1
   4              		.eabi_attribute 23, 3
   5              		.eabi_attribute 24, 1
   6              		.eabi_attribute 25, 1
   7              		.eabi_attribute 26, 1
   8              		.eabi_attribute 30, 2
   9              		.eabi_attribute 34, 1
  10              		.eabi_attribute 18, 4
  11              		.file	"aos_system.c"
  12              		.section	.gnu.lto_.profile.edd9554f8e7f11af,"e",%progbits
  13 0000 789CE360 		.ascii	"x\234\343``\004B \000\000\000]\000\013"
  13      60044220 
  13      0000005D 
  13      000B
  14              		.text
  15              		.section	.gnu.lto_.icf.edd9554f8e7f11af,"e",%progbits
  16 0000 789CE360 		.ascii	"x\234\343``d\370\314\200\000\232\014\217\257\274\357"
  16      6064F8CC 
  16      80009A0C 
  16      8FAFBCEF 
  17 0010 E3607AF0 		.ascii	"\343`z\360\260g73\363\245\373o\277q\261m\3775\265\207"
  17      B0673733 
  17      F3A5FB6F 
  17      BF71B16D 
  17      FF35B587 
  18 0024 9DFDFEB5 		.ascii	"\235\375\376\265g\376\034\223\217|x\306\316\271\362"
  18      67FE1C93 
  18      8F7C78C6 
  18      CEB9F2
  19 0033 66C37926 		.ascii	"f\303y&\256\353k\327<d\345>\363\365\322f\016\236\376"
  19      AEEB6BD7 
  19      3C64E53E 
  19      F3F5D266 
  19      0E9EFE
  20 0046 BFEF9FF3 		.ascii	"\277\357\237\363\362.\337\274\374(#\337\335\317'\256"
  20      F22EDFBC 
  20      FC2823DF 
  20      DDCF27AE 
  21 0056 32F14F7E 		.ascii	"2\361O~\334\330\312&\320\366\353\344i\026\301;/_\255"
  21      DCD8CA26 
  21      D0F6EBE4 
  21      6916C13B 
  21      2F5FAD
  22 0069 E5173EF4 		.ascii	"\345\027>\364\350\311Qn\321\237\037vE\332\375\3766\363"
  22      E8C9516E 
  22      D19F1F76 
  22      45DAFDFE 
  22      36F3
  23 007b 00BB3D98 		.ascii	"\000\273=\230t\000\223\216`\322i\301\256\326)\\\316"
  23      7400938E 
  23      60D269C1 
  23      AED6295C 
  23      CE
  24 008c 937F1F5C 		.ascii	"\223\177\037\\\301\357\372\362\331\222\213,n\363\246"
  24      C1EFFAF2 
ARM GAS  /tmp/ccACgBoh.s 			page 2


  24      D9928B2C 
  24      6EF3A6
  25 009b AD0B73EF 		.ascii	"\255\013s\357;\374\370<\253\307\346\207\223\317\361"
  25      3BFCF83C 
  25      ABC7E687 
  25      93CFF1
  26 00aa 7AAEF8B1 		.ascii	"z\256\370\261\3563\233\327\262/\237\313\275/\356\371"
  26      EE339BD7 
  26      B22F9FCB 
  26      BD2FEEF9 
  27 00ba B989CDE7 		.ascii	"\271\211\315\347\354\355\277K\030\375\016O\271%\023"
  27      ECEDBF4B 
  27      18FD0E4F 
  27      B92513
  28 00c9 386F735B 		.ascii	"8os[\023W\320\346\216\237\033\370\203\277L\370z\230"
  28      1357D0E6 
  28      8E9F1BF8 
  28      83BF4CF8 
  28      7A98
  29 00db 39F4D6B4 		.ascii	"9\364\326\264\3737\331\302N^Y\276\204+|o\343\335]\274"
  29      FB37D9C2 
  29      4E5E59BE 
  29      842B7C6F 
  29      E3DD5DBC 
  30 00ef 117F962D 		.ascii	"\021\177\226-|\304\032yc\372\323\265LQO\226-\354cg\000"
  30      7CC41A79 
  30      63FAD3B5 
  30      4C514F96 
  30      2DEC6367 
  31 0104 00F6F485 		.ascii	"\000\366\364\205\373"
  31      FB
  32              		.text
  33              		.section	.gnu.lto_.jmpfuncs.edd9554f8e7f11af,"e",%progbits
  34 0000 789CBD5B 		.ascii	"x\234\275[y\\\024\307\266\256\352\036fc\206A4\321\304"
  34      795C14C7 
  34      B6AEEA1E 
  34      66638641 
  34      34D1C4
  35 0013 9874DD1B 		.ascii	"\230t\335\033\\\022A\304-\341\275\334<Db|\0174\027\315"
  35      5C1241C4 
  35      2DE1BDDC 
  35      3C44627C 
  35      0F3417CD 
  36 0027 4DEEBD7F 		.ascii	"M\356\275\177M`\014s\0033\274Y\022\311\373\275\210q"
  36      4D600C73 
  36      0333BC59 
  36      12C9FBBD 
  36      8871
  37 0039 0F0A261A 		.ascii	"\017\012&\032\324\240\342\0265j\202\013q\303\225\250"
  37      D4A0E216 
  37      356A820B 
  37      71C395A8 
  38 0049 88A2828A 		.ascii	"\210\242\202\212q_\300]q\337bD^Uw\333=3L\267S&/\363"
  38      715FC05D 
  38      71DF6244 
  38      5E5577DB 
  38      3D334CB7 
ARM GAS  /tmp/ccACgBoh.s 			page 3


  39 0061 A37BA6AB 		.ascii	"\243{\246\253O}\365\235S\247N\255\350\001\004\255\377"
  39      4F7DF59D 
  39      53A74EAD 
  39      E80104AD 
  39      FF
  40 0072 02406F03 		.ascii	"\002@o\003\340?\317\341\213a\347\261\000\300\315\032"
  40      E03FCFE1 
  40      8B61E7B1 
  40      00C0CD1A 
  41 0082 08F0F5B0 		.ascii	"\010\360\365\260\271\271\331\002\331\251,,\030y\355"
  41      B9B9D902 
  41      D9A92C2C 
  41      1879ED
  42 0091 84BE802D 		.ascii	"\204\276\200-aq\036\270\016\266'\227F\026\204\220\301"
  42      61711EB8 
  42      0EB62797 
  42      46168490 
  42      C1
  43 00a2 4295D71A 		.ascii	"B\225\327\032\017@\"\004\261P9l\217\2236N\250\331\305"
  43      0F402204 
  43      B150396C 
  43      8F93364E 
  43      A8D9C5
  44 00b5 0A4910AE 		.ascii	"\012I\020\256\207\355\031\222.e\003\300\037\203\274"
  44      87ED1992 
  44      2E6503C0 
  44      1F83BC
  45 00c4 0C260558 		.ascii	"\014&\005X>\277\246\204e@\011\313\342K\243\321|\006"
  45      3EBFA684 
  45      654009CB 
  45      E24BA3D1 
  45      7C06
  46 00d6 E4BCCD84 		.ascii	"\344\274\315\204(\300\334a w\211lpy\206J\236\350X\273"
  46      28C0DC61 
  46      2077896C 
  46      7079864A 
  46      9EE858BB 
  47 00ea A2C08060 		.ascii	"\242\300\200`I\3364\256\204\015\003p\003Dj\0200\010"
  47      49DE34AE 
  47      840D0370 
  47      03446A10 
  47      3008
  48 00fc C49C05F9 		.ascii	"\304\234\005\371\227X4P\200\320\002\270Q\031BK\364\326"
  48      97583450 
  48      80D002B8 
  48      5119424B 
  48      F4D6
  49 010e E9B1DEC3 		.ascii	"\351\261\336\303\261\336\370\322h\025x\235\030[\376"
  49      B1DEF8D2 
  49      6815789D 
  49      185BFE
  50 011d 2344FF14 		.ascii	"#D\377\024@u\000nR\006\015\314\316\004&h\010\340\347"
  50      4075006E 
  50      52060DCC 
  50      CE042668 
  50      08E0E7
  51 0130 234BE79A 		.ascii	"#K\347\232\343bKX\375<\226\235\306\022\007\301\251+"
ARM GAS  /tmp/ccACgBoh.s 			page 4


  51      E3624B58 
  51      FD3C969D 
  51      C61207C1 
  51      A92B
  52 0142 F7141FD3 		.ascii	"\367\024\037\323\222T\003\334\014\343\246\261\244r\340"
  52      925403DC 
  52      0CE3A6B1 
  52      A472E0
  53 0151 1618C723 		.ascii	"\026\030\307#h\360u\337\277,\342\026c\266M*7\023\037"
  53      68F075DF 
  53      BF2CE216 
  53      63B64D2A 
  53      37131F
  54 0164 30E21AAE 		.ascii	"0\342\032\256\020+\226\011\254~Y\225\007?\256\331\242"
  54      102B9609 
  54      AC7E5995 
  54      073FAED9 
  54      A2
  55 0175 456E4195 		.ascii	"EnA\225p\000\177R1q\260\374\273\316\256n2\241\317\204"
  55      70007F52 
  55      3171B0FC 
  55      BBCEAE6E 
  55      32A1CF84 
  56 0189 FC2600B7 		.ascii	"\374&\000\267*\347\177J\325\267I\252oWW]r\177#\256\307"
  56      2AE77F4A 
  56      D5B749AA 
  56      6F57575D 
  56      727F23AE 
  57 019e 4A517528 		.ascii	"JQu(\250\256P\221\017\246\235\270\021\216>\027=\314"
  57      A8AE5091 
  57      0FA69DB8 
  57      118E3E17 
  57      3DCC
  58 01b0 0CE00E75 		.ascii	"\014\340\016u\017\013\206\261\352Q\315R3\232-bD\000"
  58      0F0B86B1 
  58      EA51CD52 
  58      339A2D62 
  58      4400
  59 01c2 58458FF1 		.ascii	"XE\217\361\335\205\346uF\264B\304\260\000\270\223\036"
  59      DD85E675 
  59      46B442C4 
  59      B000B893 
  59      1E
  60 01d3 A3EEABBC 		.ascii	"\243\356\253\274\275\020\355\201RU\356\242\3078\260"
  60      BD10ED81 
  60      5255EEA2 
  60      C738B0
  61 01e2 BD608719 		.ascii	"\275`\207\031\035\2261\252\3511\032\317\355+\325\240"
  61      1D9631AA 
  61      E9311ACF 
  61      ED2BD5A0 
  62 01f2 33224624 		.ascii	"3\"F$\200\273U\232\234\002\306\356\332\362\331\0064"
  62      80BB559A 
  62      9C02C6EE 
  62      DAF2D906 
  62      34
  63 0203 9911305A 		.ascii	"\231\0210Z\001\270'\364\026\2061\241\2346\034h>c\002"
ARM GAS  /tmp/ccACgBoh.s 			page 5


  63      01B827F4 
  63      168631A1 
  63      9C361C68 
  63      3E6302
  64 0216 0303E31B 		.ascii	"\003\003\343\033d\243\360\333\275~\021PO\342#\264\340"
  64      64A3F0DB 
  64      BD7E1150 
  64      4FE223B4 
  64      E0
  65 0227 08D01A96 		.ascii	"\010\320\032\226\260m\360\365\014\276\236\325\007!\353"
  65      B06DF0F5 
  65      0CBE9ED5 
  65      0721EB
  66 0236 57D6E3A4 		.ascii	"W\326\343\244\226\216\376\031\333\"\016\004\001\003"
  66      968EFE19 
  66      DB220E04 
  66      0103
  67 0244 06060773 		.ascii	"\006\006\007s\034p[\343\353Y\240\307!S\243\330\230\260"
  67      1C705BE3 
  67      EB59A0C7 
  67      2153A3D8 
  67      98B0
  68 0256 0AB7AA6B 		.ascii	"\012\267\252kF\360m\275\015\006\200\260FT\002\377\346"
  68      46F06DBD 
  68      0D0680B0 
  68      465402FF 
  68      E6
  69 0267 D560A707 		.ascii	"\325`\247\007\226\352\223\035\306\312\032\337\027J\007"
  69      96EA931D 
  69      C6CA1ADF 
  69      174A07
  70 0276 66ACF570 		.ascii	"f\254\365pRrh\015\263\2264L\206h\261Ol\230\022X\360"
  70      5272680D 
  70      B396344C 
  70      8668B14F 
  70      6C981258 
  71 028b DA61F98E 		.ascii	"\332a\371\216k\325\370\306\357\014\204u[\\\334~\276"
  71      6BD5F8C6 
  71      EF0C8475 
  71      5B5CDC7E 
  71      BE
  72 029c E32ACD6F 		.ascii	"\343*\315o\232\034&$\345\3451\360\000\316\026\001\002"
  72      9A1C2624 
  72      E5E531F0 
  72      00CE1601 
  72      02
  73 02ad 58B4E359 		.ascii	"X\264\343Y\020\032\260N\2718>\344\177>s\224\026-\020"
  73      101AB04E 
  73      B9383EE4 
  73      7F3E7394 
  73      162D10
  74 02c0 9DE73900 		.ascii	"\235\3479\000\017*;\217\205\217\371Xi\206)a\237\307"
  74      0F2A3B8F 
  74      858FF958 
  74      69862961 
  74      9FC7
  75 02d2 DF8A2E99 		.ascii	"\337\212.\231_\373\335#\035\332\300H\221\356g\225\246"
ARM GAS  /tmp/ccACgBoh.s 			page 6


  75      5FFBDD23 
  75      1DDAC048 
  75      91EE6795 
  75      A6
  76 02e3 11C40582 		.ascii	"\021\304\005\202\300\022kL\237:\263VKT\177\001\032\341"
  76      C0126B4C 
  76      9F3AB356 
  76      4B547F01 
  76      1AE1
  77 02f5 21B1068D 		.ascii	"!\261\006\215|\375\015\347\202e\362\3678\250 E\240\247"
  77      7CFD0DE7 
  77      8265F2F7 
  77      38A82045 
  77      A0A7
  78 0307 EC2CAB32 		.ascii	"\354,\2532\022\350\016\220\203\207EhN\005\232\011I\252"
  78      12E80E90 
  78      83874568 
  78      4E059A09 
  78      49AA
  79 0319 258148C9 		.ascii	"%\201H\311\210\304\200\270\251\370\206\372\020Z|\020"
  79      88C480B8 
  79      A9F886FA 
  79      105A7C10 
  80 0329 7391CF93 		.ascii	"s\221\317\223\013\027\222\024\313b\340+~\303\237\240"
  80      0B179214 
  80      CB62E02B 
  80      7EC39FA0 
  81 0339 2A876273 		.ascii	"*\207bsb\315\255\247\217\2146\011\025\305\301#!Y3P\252"
  81      62CDADA7 
  81      8F8C3609 
  81      15C5C123 
  81      21593350 
  82 034e D5633BBD 		.ascii	"\325c;\275\210\257\227\360\305ix\344\232\352\023\272"
  82      88AF97F0 
  82      C56978E4 
  82      9AEA13BA 
  83 035e 0EC579E3 		.ascii	"\016\305y\343\362\362\"\2612y\342\007\367(,\366\260"
  83      F2F222B1 
  83      3279E207 
  83      F7282CF6 
  83      B0
  84 036f A3B003B1 		.ascii	"\243\260\003\261\305{\244\007$\215\015\343\264\366\265"
  84      C57BA407 
  84      248D0DE3 
  84      B4F6B5
  85 037e F79FC815 		.ascii	"\367\237\310\025,4\021\247\255YY\177\312\204\2660\322"
  85      2C3411A7 
  85      AD59597F 
  85      CA84B630 
  85      D2
  86 038f 48E558E8 		.ascii	"H\345X\350q\224|\264\301,\361m\376\\a\210\361\022\036"
  86      71947CB4 
  86      C12CF16D 
  86      FE5C6188 
  86      F1121E
  87 03a2 621CF71B 		.ascii	"b\034\367\033b\340\220\023\020k\237\034\353\357\346"
  87      62E09013 
ARM GAS  /tmp/ccACgBoh.s 			page 7


  87      106B9F1C 
  87      EBEFE6
  88 03b1 2D9F6A42 		.ascii	"-\237jB\207E\216\177\006\360DH\034\241b\247\276\367"
  88      87458E7F 
  88      06F04448 
  88      1CA162A7 
  88      BEF7
  89 03c3 C2B64A23 		.ascii	"\302\266J#:%\002\276\014\340I\372\016\250\244yn]\030"
  89      3A2502BE 
  89      0CE049FA 
  89      0EA8A479 
  89      6E5D18
  90 03d6 3A2B6244 		.ascii	":+bD\003x*t\303\375\006?\013\321\261\002\261\236\341"
  90      03782A74 
  90      C3FD063F 
  90      0BD1B102 
  90      B19EE1
  91 03e9 1DA29BFF 		.ascii	"\035\242\233\377\3105\260\023\014V\225R,\216\302\000"
  91      C835B013 
  91      0C569552 
  91      2C8EC200 
  92 03f9 A7431A32 		.ascii	"\247C\0322\215|\370M\223\0165\212\226\351\010`=\375"
  92      8D7CF84D 
  92      930E358A 
  92      96E90860 
  92      3DFD
  93 040b 1061CEE2 		.ascii	"\020a\316\342\272\233F\364#+Y\267\201\036c\303\244\333"
  93      BA9B46F4 
  93      232B59B7 
  93      811E63C3 
  93      A4DB
  94 041d E3F46883 		.ascii	"\343\364h\203\210\321\011\3003\364\030\025\337L\371"
  94      88D109C0 
  94      33F41815 
  94      DF4CF9
  95 042c 1AA2428D 		.ascii	"\032\242B\215\200\321\031\300\263\364\030\263\012\266"
  95      80D119C0 
  95      B3F418B3 
  95      0AB6
  96 043a DD31A369 		.ascii	"\3351\243i\"F\027\000\317\321c\034\254/o\010G'5\322"
  96      22461700 
  96      CFD1631C 
  96      AC2F6F08 
  96      472735D2 
  97 044e B0EB3C3D 		.ascii	"\260\353<=\306\222\362\331\245FtI\304x\005\300\013\364"
  97      C692F2D9 
  97      A5467449 
  97      C47805C0 
  97      0BF4
  98 0460 18B7BE3C 		.ascii	"\030\267\276<t'\002}\037&\331\343\"=\306\245\272\213"
  98      7427027D 
  98      1F26D9E3 
  98      223DC6A5 
  98      BA8B
  99 0472 0526B44A 		.ascii	"\005&\264J\304x\025\300K\364\0303&o\275\030\201\216"
  99      C47815C0 
  99      4BF41833 
ARM GAS  /tmp/ccACgBoh.s 			page 8


  99      266FBD18 
  99      818E
 100 0484 CA1897E9 		.ascii	"\312\030\227\3511f\317\252>\300\240<\2554\363\273B\217"
 100      3166CFAA 
 100      3EC0A03C 
 100      AD34F3BB 
 100      428F
 101 0496 71B361D6 		.ascii	"q\263a\326D\006M\0241\272\002\330H\217\321T\276\373"
 101      44064D14 
 101      31BA02D8 
 101      488FD154 
 101      BEFB
 102 04a8 A4059589 		.ascii	"\244\005\225\211\0301\000^\245\307\270\266{j\265\036"
 102      1831005E 
 102      A5C7B8B6 
 102      7B6AB51E 
 103 04b8 D58B18B1 		.ascii	"\325\213\030\261\000^\243\307(m\032\263P\203n\210\030"
 103      005EA3C7 
 103      286D1AB3 
 103      50836E88 
 103      18
 104 04c9 DD00BC4E 		.ascii	"\335\000\274N\217\321\274\362\302\002#\232\257\0230"
 104      8FD1BCF2 
 104      C202239A 
 104      AF1330
 105 04d8 F020ECC6 		.ascii	"\360 \354\306\3570\325\271I\217\261\246a\345\204pT\246"
 105      EF30D5B9 
 105      498FB1A6 
 105      61E58470 
 105      54A6
 106 04ea 93EC71EB 		.ascii	"\223\354q\353w\230\352\334V\357%\202-.\264\230\246\334"
 106      7798EADC 
 106      56EF2582 
 106      2D2EB498 
 106      A6DC
 107 04fc 09BD9730 		.ascii	"\011\275\2270*\360Z\276a\357\021\013\372I\324\255;\200"
 107      2AF05ABE 
 107      61EF110B 
 107      FA49D4AD 
 107      3B80
 108 050e 779531F1 		.ascii	"w\2251\361\004!L\251\273\305\357\264J\357\202w\355\024"
 108      04214CA9 
 108      BBC5EFB4 
 108      4AEF8277 
 108      ED14
 109 0520 7DB912F9 		.ascii	"}\271\022\371\262\325E\017\365\350\214L\376\236*y\235"
 109      B2D5450F 
 109      F5E88C4C 
 109      FE9E2A79 
 109      9D
 110 0531 0A79FD1F 		.ascii	"\012y\375\037N~\325\341;3\014h\264^\"\177_\225\274A"
 110      4E7ED5E1 
 110      3B330C68 
 110      B45E227F 
 110      5F95BC41 
 111 0545 85BCF10F 		.ascii	"\205\274\361\017'_?e\3417z\264@&\377\213*\371p\025\362"
 111      275F3F65 
ARM GAS  /tmp/ccACgBoh.s 			page 9


 111      E1377AB4 
 111      4026FF8B 
 111      2AF97015 
 112 055a A6FF37F2 		.ascii	"\246\3777\362&\245\3304\177\354\336pT)\222\217\007\360"
 112      26A5D834 
 112      7FECDE70 
 112      5429928F 
 112      07F0
 113 056c 4128ED48 		.ascii	"A(\355H\327r\002\035\322\0206\200\260\337b\000\207\271"
 113      D772021D 
 113      D2103680 
 113      B0DF6200 
 113      87B9
 114 057e FF0A03A7 		.ascii	"\377\012\003\247\306J\274kg\316\373V\213.\312\274\037"
 114      C64ABC6B 
 114      67CEFB56 
 114      8B2ECABC 
 114      1F
 115 058f FE91BC83 		.ascii	"\376\221\274\203\020UZ\005\275z\256\346\010\213\362"
 115      10555A05 
 115      BD7AAEE6 
 115      088BF2
 116 059e 0D5227D4 		.ascii	"\015R'\324D\271\314WU\\\260\311\210\326\032\244\221"
 116      44B9CC57 
 116      555CB0C9 
 116      88D61AA4 
 116      91
 117 05af C1234A80 		.ascii	"\301#J\200E\213\233/\263\250\302 M\237\233)\303\355"
 117      458B9B2F 
 117      B3A8C220 
 117      4D9F9B29 
 117      C3ED
 118 05c1 5386BAA0 		.ascii	"S\206\272\240dn\217\250[h@\333\015\322\014!\217\241"
 118      646E8FA8 
 118      5B6840DB 
 118      0DD20C21 
 118      8FA1
 119 05d3 25F354A1 		.ascii	"%\363T\241+\270e~\030Q\315\240]\"\231\036\000\216\240"
 119      2BB8657E 
 119      1851CDA0 
 119      5D22991E 
 119      008EA0
 120 05e6 26F354A1 		.ascii	"&\363T\241((\231U\327\033\2570\250\326 \215\314?\247"
 120      28289955 
 120      D71BAF30 
 120      A8D6208D 
 120      CC3FA7
 121 05f9 26F354A1 		.ascii	"&\363T\241%(\231\021\263\356Uh\321a\3312#\251\311\230"
 121      25289911 
 121      B3EE5568 
 121      D161D932 
 121      23A9C998 
 122 060d 55C84450 		.ascii	"U\310DP\221\251i*-\322\242\2232\231Q\324d,*d\"\351\310"
 122      91A9692A 
 122      2DD2A293 
 122      329951D4 
 122      642C2A64 
ARM GAS  /tmp/ccACgBoh.s 			page 10


 123 0624 148DBB69 		.ascii	"\024\215\273iAge2\243\251\311\264R!\023EE\346\227#\223"
 123      41676532 
 123      A3A9C9B4 
 123      52211345 
 123      45E69723 
 124 0639 1685A3CB 		.ascii	"\026\205\243\3132\2311\324dZ\253\220iC\3473g\366-\325"
 124      329931D4 
 124      645AAB90 
 124      6943E733 
 124      67F62DD5 
 125 064d A11B3299 		.ascii	"\241\0332\231\261\324d\236Q!\363,\025\231K[\313\313"
 125      B1D4649E 
 125      5121F32C 
 125      15994B5B 
 125      CBCB
 126 065f 34E89E4C 		.ascii	"4\350\236Lf\0345\231\266*d\332Q\221\231\261\353\372"
 126      661C3599 
 126      B62A64DA 
 126      519199B1 
 126      EBFA
 127 0671 1A236A92 		.ascii	"\032#j\222\311\214\247&\363\234\012\231\347\251\310"
 127      C98CA726 
 127      F39C0A99 
 127      E7A9C8
 128 0680 14DE3C34 		.ascii	"\024\336<4F\217F\032%2_P\223i\257B\346\005*2g\317\216"
 128      468F461A 
 128      25325F50 
 128      9369AF42 
 128      E6052A32 
 129 0697 3A6040E3 		.ascii	":`@\343e2\371\324d:\250\220y\221\212\314\2111k'\232"
 129      6532F9D4 
 129      643AA890 
 129      79918ACC 
 129      89316B27 
 130 06ac 50A1518A 		.ascii	"P\241Q\212\300\023\250\311\274\244B\206\243\2133[f\337"
 130      C013A8C9 
 130      BCA44286 
 130      A38B335B 
 130      66DF
 131 06be D5A1A932 		.ascii	"\325\241\2512\231\211\324d\220\012\231?\321\265\246"
 131      9989D464 
 131      900A993F 
 131      D1B5A6
 132 06cd 314BF1CC 		.ascii	"1K\361\314\261D&S@M\346\317*d^\246\"sr\331\235\343f"
 132      B1442653 
 132      404DE6CF 
 132      2A645EA6 
 132      227372D9 
 133 06e4 B4502653 		.ascii	"\264P&SHM&Z\205LG*2y\227\216\214\017G\2452\231I\324"
 133      484D265A 
 133      854C472A 
 133      3279978E 
 133      8C0F47A5 
 134 06fc 643AA990 		.ascii	"d:\251\220\351LE\346\341\227K\276\322\243\3252\231/"
 134      E94C45E6 
 134      E1974BBE 
 134      D2A3D532 
ARM GAS  /tmp/ccACgBoh.s 			page 11


 134      992F
 135 070e A9C97451 		.ascii	"\251\311tQ!\363\012\025\231\212ss\362!\332$\223\371"
 135      21F30A15 
 135      998A7373 
 135      F221DA24 
 135      93F9
 136 0720 8A9ACCAB 		.ascii	"\212\232\314\253*d\272R\221\331{q\372\0343\252\224\311"
 136      2A64BA52 
 136      91D97B71 
 136      FA1C33AA 
 136      94C9
 137 0732 4C5626D3 		.ascii	"LV&\323\027<a\377\357\267o\367%\011'Pb\024\213\300/"
 137      173C61FF 
 137      EFB76FF7 
 137      25092750 
 137      62148BC0 
 138 0747 63D55E76 		.ascii	"c\325^vS{\031\247\366\262\273b\035\370\355\371\365\344"
 138      537B19A7 
 138      F6B2BB62 
 138      1DF8EDF9 
 138      F5E4
 139 0759 F7FC3464 		.ascii	"\367\3744d~4\205Q\336\363\233G\246^\301\361Z\314\254"
 139      7E348551 
 139      DEF39B47 
 139      A65EC1F1 
 139      5ACCAC
 140 076c 18A54DC5 		.ascii	"\030\245M\305\257\225\013 ;/d\226\270\371\324\304_\304"
 140      AF950B20 
 140      3B2F6496 
 140      B8F9D4C4 
 140      5FC4
 141 077e 0306CD10 		.ascii	"\003\006\315\020\0261\242\375\005\363\377\227\260y\332"
 141      1631A2FD 
 141      05F3FF97 
 141      B079DA
 142 078d 0BA490CD 		.ascii	"\013\244\220\315\343\022\266\267\317\004\256\305\366"
 142      E312B6B7 
 142      CF04AEC5 
 142      F6
 143 079a 60D01D26 		.ascii	"`\320\035&i\022\332\007{\341T\246\305\334\016\353\331"
 143      6912DA07 
 143      7BE154A6 
 143      C5DC0EEB 
 143      D9
 144 07ab E3C97A06 		.ascii	"\343\311z\006\274\030\310@\310\266+a\231\260\022\366"
 144      BC18C840 
 144      C8B62B61 
 144      99B012F6 
 145 07bb F9E09B6F 		.ascii	"\371\340\233o\376\333y~L\332c&\323Z0Q\332mZ\273\343"
 145      FEDB797E 
 145      4CDA6326 
 145      D35A3051 
 145      DA6D5ABB 
 146 07d0 C13A0DDA 		.ascii	"\301:\015\332k\224\226\007\247+\3737\277d}\364\314\012"
 146      6B949607 
 146      A72BFB37 
 146      BF647DF4 
ARM GAS  /tmp/ccACgBoh.s 			page 12


 146      CC0A
 147 07e2 884E1AA5 		.ascii	"\210N\032\2459\3417\312\362Av\371\237\250\012)\343Q"
 147      39E137CA 
 147      F24176F9 
 147      9FA80A29 
 147      E351
 148 07f4 C9B44223 		.ascii	"\311\264B#j\020\313x\015\300b\3452\242\024\364\032\373"
 148      6A10CB78 
 148      0DC062E5 
 148      32A214F4 
 148      1AFB
 149 0806 CB882288 		.ascii	"\313\210\"\210\356\213\030\257\0038C]\257\2037Ow@S\303"
 149      EE8B18AF 
 149      0338435D 
 149      AF83374F 
 149      774053C3 
 150 081a 05F10400 		.ascii	"\005\361\004\000g\206\252\026\360)\376%\237\337o*\374"
 150      6786AA16 
 150      F029FE25 
 150      9FDF6F2A 
 150      FC
 151 082b 6ED6053C 		.ascii	"n\326\005<\370l\362\004\372\260\322\302\321\302\255"
 151      F86CF204 
 151      FAB0D2C2 
 151      D1C2AD
 152 083a 878E45A0 		.ascii	"\207\216E\2402\221\355\277\0018K]\271cS6U\261h\267,"
 152      3291EDBF 
 152      01384B5D 
 152      B9635336 
 152      55B168B7 
 153 084f 5FA22C4F 		.ascii	"_\242,O|)\177\366\302eaB\243\211\207\263E_\212\347\233"
 153      7C297FF6 
 153      C2656142 
 153      A38987B3 
 153      455F8AE7 
 154 0864 8C4CE791 		.ascii	"\214L\347\221\212W-\372\262y\244\011\235\013\227\366"
 154      8A572DFA 
 154      B279A409 
 154      9D0B97F6 
 155 0874 30E7A813 		.ascii	"0\347\250\023\2749\246q\\\030z\024.\355'\316U!\030p"
 155      BC39A671 
 155      5C187A14 
 155      2EED27CE 
 155      55211870 
 156 0888 4E4869A1 		.ascii	"NHi\241\247\370\247}?3h\264I\032!\316S\3470\351h\375"
 156      A7F8A77D 
 156      3F3368B4 
 156      491A21CE 
 156      53E730E9 
 157 089e 450BCA37 		.ascii	"E\013\3127I-a~(.0\034(\375\216P\252\274\242\011\243"
 157      492D617E 
 157      282E301C 
 157      28FD8E50 
 157      AABCA209 
 158 08b3 B4A858E6 		.ascii	"\264\250X\346\365\255:\257\246\325+\032\0304\307$\265"
 158      F5AD3AAF 
 158      A6D52B1A 
ARM GAS  /tmp/ccACgBoh.s 			page 13


 158      1834C724 
 158      B5
 159 08c4 8605BF8D 		.ascii	"\206\005\277\215W@\330\001\264\373\376-\333\353\367"
 159      5740D801 
 159      B4FBFE2D 
 159      DBEBF7
 160 08d3 CD0DF32D 		.ascii	"\315\015\363-h\225IZR_\250\314P\311\245+O\325O6\241"
 160      6895495A 
 160      525FA8CC 
 160      50C9A52B 
 160      4FD54F36 
 161 08e8 2A11E3DF 		.ascii	"*\021\343\337\001\\\244n\225\021\307\253\327\352\320"
 161      015CA46E 
 161      9511C7AB 
 161      D7EAD0
 162 08f7 7E93B4B8 		.ascii	"~\223\264\270\365\235\272\374\370\203\365#\265\350\230"
 162      F59DBAFC 
 162      F883F523 
 162      B5E898
 163 0906 49DA5A5A 		.ascii	"I\332ZZ\254.\177\246r\375b\015\272(\363Y\242,\257T\323"
 163      AC2E7FA6 
 163      72FD620D 
 163      BA28F359 
 163      A22CAF54 
 164 091b 4B4E3FBC 		.ascii	"KN?\274\256A\267d\214\245\352e\026.[_\016Q\223\314\361"
 164      AE41B764 
 164      8CA5EA65 
 164      162E5B5F 
 164      0E5193CC 
 165 0930 FB27701C 		.ascii	"\373'p\034U\330\025}a\226V\304~Po\325\015{K\306\360"
 165      55D8157D 
 165      619656C4 
 165      7E506FD5 
 165      0D7B4BC6 
 166 0945 A74F5968 		.ascii	"\247OYh\200\245b\2536\360m\210\201]\205GV||\325\267"
 166      80A562AB 
 166      36F06D88 
 166      815D8547 
 166      567C7CD5 
 167 095a 8529B5F2 		.ascii	"\205)\265\362C\223/l\017C\205\"\2017\000\\\246\316\267"
 167      43932F6C 
 167      0F438522 
 167      8137005C 
 167      A6CEB7
 168 096d C5719CE5 		.ascii	"\305q\234\345\352\362y\013&4\260\250\330,\325\361\012"
 168      EAF2790B 
 168      2634B0A8 
 168      D82CD5F1 
 168      0A
 169 097e FA3AA89B 		.ascii	"\372:\250\233\270k;\203\346\233%\233\256T/s\306\266"
 169      B86B3B83 
 169      E69B259B 
 169      AE542F73 
 169      C6B6
 170 0990 6DD5102D 		.ascii	"m\325\020-\227\345\313\324\215\272\251\271h\223F0\252"
 170      97E5CBD4 
 170      8DBAA9B9 
ARM GAS  /tmp/ccACgBoh.s 			page 14


 170      68934630 
 170      AA
 171 09a1 1EFE281A 		.ascii	"\036\376(\032U/X\321\367h'\013\031\270\212\361_\013"
 171      552F58D1 
 171      F768270B 
 171      19B88AF1 
 171      5F0B
 172 09b3 F63BE942 		.ascii	"\366;\351B\012_z~\317\030\003\332h\226\006\233\253\351"
 172      0A5F7A7E 
 172      CF1803DA 
 172      6896069B 
 172      ABE9
 173 09c5 15DE5779 		.ascii	"\025\336Wy\253\324\202\266\313\225\262\206R\341\265"
 173      ABD482B6 
 173      CB95B286 
 173      52E1B5
 174 09d4 EA0A9F9A 		.ascii	"\352\012\237\232>\277H+h\244\203\353D\215t\3014\012"
 174      3EBF482B 
 174      68A483EB 
 174      448D74C1 
 174      340A
 175 09e6 5438A886 		.ascii	"T8\250\206\345\364]\373\302\303\363G\233\320>\263\264"
 175      E5F45DFB 
 175      C2C3F347 
 175      9BD03EB3 
 175      B4
 176 09f7 0BB85E5D 		.ascii	"\013\270^]\303\231#\232r\321q\263t^t\203Z\337\342\347"
 176      C399239A 
 176      72D171B3 
 176      745E7483 
 176      5ADFE2E7 
 177 0a0b F82D1E5B 		.ascii	"\370-\036[\324X\013\027\335H\001\356\327\346\224\352"
 177      D4580B17 
 177      DD4801EE 
 177      D7E694EA 
 178 0a1b 73CAC47B 		.ascii	"s\312\304{\247t\350W\263\024D6Q\326\347f5F\201.\031"
 178      A774E857 
 178      B3144436 
 178      51D6E766 
 178      3546812E 
 179 0a30 10069EAC 		.ascii	"\020\006\236\254\357\026\365\271Y(\335\307\3069u#-h"
 179      EF16F5B9 
 179      5928DDC7 
 179      C6397523 
 179      2D68
 180 0a42 74847418 		.ascii	"t\204t\030\267B\031S)\024U\336\276Z\315\242\251\021"
 180      B7421953 
 180      291455DE 
 180      BE5ACDA2 
 180      A911
 181 0a54 522CFC49 		.ascii	"R,\374I\335JU\325\345\2234hF\204\344\207[C\034\357A"
 181      DD4A55D5 
 181      E5933468 
 181      4684E487 
 181      5B431CEF 
 182 0a69 C56858B0 		.ascii	"\305hX\260{\313y\210\346GH\343\207mO\030q\256_\365)"
 182      7BCB7988 
ARM GAS  /tmp/ccACgBoh.s 			page 15


 182      E64748E3 
 182      876D4F18 
 182      71AE5FF5 
 183 0a7e 2A93196C 		.ascii	"*\223\031l\017\211\301\233\212\345\217\257>\276\022"
 183      0F89C19B 
 183      8AE58FAF 
 183      3EBE12
 184 0a8d A2F522E0 		.ascii	"\242\365\"\340_\000\254\244\214\306;\324\345\037\225"
 184      5F00ACA4 
 184      8CC63BD4 
 184      E51F95
 185 0a9c 173C34A2 		.ascii	"\027<4\242\235\021R\325W\321W\323\216\221\033JMh\277"
 185      9D1152D5 
 185      57D157D3 
 185      8E911B4A 
 185      4D68BF
 186 0aaf CC712725 		.ascii	"\314q'%\307]O\340\370\365\266:\006\235\216\220\317B"
 186      C75D4FE0 
 186      F8F5B63A 
 186      069D8E90 
 186      CF42
 187 0ac1 D3735C52 		.ascii	"\323s\\R{\371\204\006]\211\220\032\334nJ\216{\324\345"
 187      7BF98406 
 187      5D89901A 
 187      DC6E4A8E 
 187      7BD4E5
 188 0ad4 4FCEFBA1 		.ascii	"O\316\373\241\322\214\356\212\370o\002\270\227\236c"
 188      D28CEE8A 
 188      F86F02B8 
 188      979E63
 189 0ae3 6D45F3A2 		.ascii	"mE\363\242\0104\307\"5\362\032J\216\265\352\362\017"
 189      0834C722 
 189      35F21A4A 
 189      8EB5EAF2 
 189      0F
 190 0af4 9AAF9E86 		.ascii	"\232\257\236\206\350\007\213\264I\272\217n\011&X3\277"
 190      E8078BB4 
 190      49BA8F6E 
 190      09265833 
 190      BF
 191 0b05 50B5B840 		.ascii	"P\265\270@\213j,\222]\367+c\376\225\377w\026\030\360"
 191      8B6A2C92 
 191      5DF72B63 
 191      FE95FF77 
 191      1618F0
 192 0b18 EF2C81A5 		.ascii	"\357,\201\245\220\356\350`\361\362;\374\240\346y\030"
 192      90EEE860 
 192      F1F23BFC 
 192      A0E67918 
 193 0b28 030F88D1 		.ascii	"\003\017\210\321,\206\217Wi\201\307\221}\226&\352\224"
 193      2C868F57 
 193      6981C791 
 193      7D9626EA 
 193      94
 194 0b39 570E08EA 		.ascii	"W\016\010\352\274Q[&\233\204\011P\005\200\007E\330\012"
 194      BC515B26 
 194      9B840950 
ARM GAS  /tmp/ccACgBoh.s 			page 16


 194      05800745 
 194      D80A
 195 0b4b 210E2A81 		.ascii	"!\016*\201N\3659i\375\037\360g&n\032\033F\312:\304("
 195      4EF53969 
 195      FD1FF067 
 195      266E1A1B 
 195      46CA3AC4 
 196 0b60 FE0B043B 		.ascii	"\376\013\004;\217\355\251hW\265\227\370]/\265^zD\376"
 196      8FEDA968 
 196      57B597F8 
 196      5D2FB55E 
 196      7A44FE
 197 0b73 E239FCB8 		.ascii	"\3429\374\270#\021\247\037f|\243\272\342\021\355#*\313"
 197      2311A71F 
 197      667CA3BA 
 197      E211ED23 
 197      2ACB
 198 0b85 3564B499 		.ascii	"5d\264\231?\352\3730tD\254\277\276\000\036U\256?\305"
 198      3FEAFB30 
 198      7444ACBF 
 198      BE001E55 
 198      AE3FC5
 199 0b98 328EA9DB 		.ascii	"2\216\251\333}\363\350+\363\365Bm\276\001\217\213\264"
 199      7DF3E82B 
 199      F3F5426D 
 199      BE018F8B 
 199      B4
 200 0ba9 DFE0696B 		.ascii	"\337\340ik\225 O\250CJ#\260$<\002;\031\320\335\265X"
 200      95204FA8 
 200      434A23B0 
 200      243C023B 
 200      19D0DDB5 
 201 0bbe 611BCEBD 		.ascii	"a\033\316\275+.\005=\335\322M\260\306\340\267:\323\017"
 201      2B2E053D 
 201      DDD24DB0 
 201      C6E0B73A 
 201      D30F
 202 0bd0 BF3DC5F8 		.ascii	"\277=\305\370v\253\212X\177\343O\210Z(O\210\206x$tK"
 202      76AB8A58 
 202      7FE34F88 
 202      5A284F88 
 202      86782474 
 203 0be5 DDF5F561 		.ascii	"\335\365\365a\350\270E:\216uZ\2456\0250\212V\2244Bt"
 203      E8B8453A 
 203      8E755AA5 
 203      3615308A 
 203      56943442 
 204 0bfa 45C6A8A7 		.ascii	"E\306\250\247\3078_6\243P\203~\225#Y\003=\306\270\365"
 204      C7385F36 
 204      A350837E 
 204      95235903 
 204      3DC6B8F5 
 205 0c0e 1573CD68 		.ascii	"\025s\315h\\\2444\344=C\2171\266\241\244\330\204\246"
 205      5CA434E4 
 205      3D438F31 
 205      B6A1A4D8 
 205      84A6
ARM GAS  /tmp/ccACgBoh.s 			page 17


 206 0c20 444A3DD3 		.ascii	"DJ=\323Yz\214G\347\252\266\033\320\334HI\227s\364\030"
 206      597A8C47 
 206      E7AAB61B 
 206      D0DC4849 
 206      9773F418 
 207 0c34 8D8B4AAE 		.ascii	"\215\213J\256\207\243\322Hi\251\346<=\306\376\272\221"
 207      87A3D248 
 207      69A9E63C 
 207      3DC6FEBA 
 207      91
 208 0c45 F70D6887 		.ascii	"\367\015h\207\210\221\014\340\005z\214\345\347\326|"
 208      88910CE0 
 208      057A8CE5 
 208      E7D67C
 209 0c54 AD417722 		.ascii	"\255Aw\"\245\025\234\213\364\030-\216\015^\242\307h"
 209      A5159C8B 
 209      F4182D8E 
 209      0D5EA2C7 
 209      68
 210 0c65 716CF032 		.ascii	"ql\3602=F\213c\203W(7\024\202\035\033l\014}\3353Ri\252"
 210      3D468B63 
 210      83572837 
 210      14821D1B 
 210      6C0C7DDD 
 211 0c7d 76A1E641 		.ascii	"v\241\346A\030\232\330J\300|\013\300\253\277\327\312"
 211      189AD84A 
 211      C07C0BC0 
 211      ABBFD7CA 
 212 0c8d 8EF26FE5 		.ascii	"\216\362o\345\325\036\225u _\362\254\257*\020\370\277"
 212      D51E9575 
 212      205FF2AC 
 212      AF2A10F8 
 212      BF
 213 0c9e 525C29B8 		.ascii	"R\\)\270\3258\227A\033EM\373\003x-t\353\265\230B\004"
 213      D5389741 
 213      1B454DFB 
 213      03782D74 
 213      EBB59842 
 214 0cb3 1DFC6E5D 		.ascii	"\035\374n]Q\005\321\245V\322h\372\272\212\233\004\003"
 214      5105D1A5 
 214      56D268FA 
 214      BA8A9B04 
 214      03
 215 0cc4 D8B4F9C8 		.ascii	"\330\264\371\310\003-\272)\003\334\240\004(ZP\326\254"
 215      032DBA29 
 215      03DCA004 
 215      285A50D6 
 215      AC
 216 0cd5 410F5A49 		.ascii	"A\017ZI\313z7)\001\226\025\177~\333\202\362\242\244"
 216      CB7A3729 
 216      0196157F 
 216      7EDB82F2 
 216      A2A4
 217 0ce7 29CC2D4A 		.ascii	")\314-J\200\374k\3437\260ht\224\264\210z\233\022\240"
 217      80FC6BE3 
 217      37B06874 
 217      94B4887A 
ARM GAS  /tmp/ccACgBoh.s 			page 18


 217      9B12A0
 218 0cfa 71DDCE42 		.ascii	"q\335\316B3\232\020%\251pGe\352\330\242\343Q\336:\011"
 218      339A1025 
 218      A9704765 
 218      EAD8A2E3 
 218      51DE3A09 
 219 0d0e 56D617F5 		.ascii	"V\326\027\365\3653\214\350\253()V\336U.\353=a\233\346"
 219      F5338CE8 
 219      AB282956 
 219      DE552EEB 
 219      3D619BE6 
 220 0d22 6DE5A1CB 		.ascii	"m\345\241\313=\365\241K\376\274U\345:T\022%\005\263"
 220      3DF5A14B 
 220      FEBC55E5 
 220      3A541225 
 220      05B3
 221 0d34 FBCA85BD 		.ascii	"\373\312\205\275O6\216\0027\212H\222\377?\346\376\035"
 221      4F368E02 
 221      378A4892 
 221      FF3FE6FE 
 221      1D
 222 0d45 807FE0F4 		.ascii	"\200\177\340\364\224\2766Gzf\266\325\365\021\347\262"
 222      94BE3647 
 222      7A66B6D5 
 222      F511E7B2 
 223 0d55 B9BD591E 		.ascii	"\271\275Y\0367gu\3318\207\323\203\237\263\354\326\017"
 223      376775D9 
 223      3887D383 
 223      9FB3ECD6 
 223      0F
 224 0d66 B26C5C86 		.ascii	"\262l\\\206\327\306y\234\234\335\341\366\016\035jO\267"
 224      D7C6799C 
 224      9CDDE1F6 
 224      0E1D6A4F 
 224      B7
 225 0d77 DB1C1ECE 		.ascii	"\333\034\036\316\235\353\366\330\2629\217=\333\346\342"
 225      9DEBF6D8 
 225      B2398F3D 
 225      DBE6E2
 226 0d86 3EB16778 		.ascii	">\261gx2c\215\300\324o\300\340\244\224\304\324\344\264"
 226      32638DC0 
 226      D46FC0E0 
 226      A494C4D4 
 226      E4B4
 227 0d98 042368EB 		.ascii	"\004#h\353u|\344p~\342\300x\037z\263I\236N\321\356N"
 227      757CE470 
 227      7EE2C078 
 227      1F7AB349 
 227      9E4ED1EE 
 228 0dad 46608C89 		.ascii	"F`\214\211\301%y\254.\017`c\\\240\003\207?iB\002g\035"
 228      C12579AC 
 228      2E0F6063 
 228      5CA00387 
 228      3F694202 
 229 0dc3 EAC170EE 		.ascii	"\352\301p\356L\257'\003\347\304\210\2558N\022\357\312"
 229      4CAF2703 
 229      E7C488AD 
ARM GAS  /tmp/ccACgBoh.s 			page 19


 229      384E12EF 
 229      CA
 230 0dd4 C5B88CA0 		.ascii	"\305\270\214\240=\221\177\307e\307x\236L\273\233\313"
 230      3D917FC7 
 230      65C7789E 
 230      4CBB9BCB 
 231 0de4 B465E570 		.ascii	"\264e\345p\036\3330\017\2266\022i\222\200\177\016\312"
 231      1EDB300F 
 231      96361269 
 231      92807F0E 
 231      CA
 232 0df5 F1D89D0E 		.ascii	"\361\330\235\0167&\022\313qCl\256l\273\303\352\261q"
 232      372612CB 
 232      71436CAE 
 232      6CBBC3EA 
 232      B171
 233 0e07 D6AC2C9C 		.ascii	"\326\254,\234\317e\263f`E\035\031RY\\\2663\303\233e"
 233      CF65B366 
 233      60451D19 
 233      52595CB6 
 233      33C39B65 
 234 0e1b C32051EF 		.ascii	"\303 Q\357\272\255\037\332\022\270h77\350\235!\003\006"
 234      BAAD1FDA 
 234      12B86837 
 234      37E89D21 
 234      0306
 235 0e2d 0D348267 		.ascii	"\0154\202gE\006v\307\207\242\342\261\261X\222\215v\203"
 235      450676C7 
 235      87A2E2B1 
 235      B158928D 
 235      7683
 236 0e3f B66EFBA7 		.ascii	"\266n\373\247D\330\313\365\345:G\307\306\017\345>\262"
 236      44D8CBF5 
 236      E53A47C7 
 236      C60FE53E 
 236      B2
 237 0e50 F7ED6204 		.ascii	"\367\355b\004Z.:.\376}\240\301d\201.nXt\334k\357\203"
 237      5A2E3A2E 
 237      FE7DA0C1 
 237      64812E6E 
 237      5874DC6B 
 238 0e66 FE82AAD6 		.ascii	"\376\202\252\326\014\276d\247\327\223\343\365p\031V"
 238      0CBE64A7 
 238      D793E3F5 
 238      701956
 239 0e75 8F951BEA 		.ascii	"\217\225\033\352rb[f\332\270N\037\270\335\2358\267-"
 239      72625B66 
 239      DAB84E1F 
 239      B8DD9D38 
 239      B72D
 240 0e87 9D90E73A 		.ascii	"\235\220\347:{\035v\207\335c\267f\341B2x\321.\270\\"
 240      7B1D7687 
 240      DD63B766 
 240      E1423278 
 240      D12EB85C 
 241 0e9b 1DC76131 		.ascii	"\035\307a1#\370k\010x\344\321\007\360\023\227\335C\352"
 241      23F86B08 
ARM GAS  /tmp/ccACgBoh.s 			page 20


 241      78E4D107 
 241      F01397DD 
 241      43EA
 242 0ead B42B2701 		.ascii	"\264+'\001{|\220\365\034\377\323\010\336\012\001\332"
 242      7B7C90F5 
 242      1CFFD308 
 242      DE0A01DA 
 243 0ebd E50C0027 		.ascii	"\345\014\000'V\215q:\262r%<\\!\202\224\021\364\015\001"
 243      568D713A 
 243      B272253C 
 243      5C218294 
 243      11F40D01 
 244 0ed1 9154A30F 		.ascii	"\221T\243\017\036v8\217\313\313?\270EvD\302\010^&XC"
 244      1E76388F 
 244      CBCB3FB8 
 244      457644C2 
 244      085E2658 
 245 0ee6 326DD851 		.ascii	"2m\330Q\211\263zs\210{\276\306\245%\246b\247\375\220"
 245      89B37A73 
 245      887BBEC6 
 245      A525A662 
 245      A7FD90
 246 0ef9 88C78A42 		.ascii	"\210\307\212B\312\005ba\342\261\230\2405\373\177\342"
 246      CA056261 
 246      E2B198A0 
 246      35FB7FE2 
 247 0f09 62FAFCAF 		.ascii	"b\372\374\257\021t\014\016;4\313\352\316\364\001\216"
 247      11740C0E 
 247      3B34CBEA 
 247      CEF4018E 
 248 0f19 510716C4 		.ascii	"Q\007\026\304\263m\331NW.\226\216\340\204\024\261\214"
 248      B36DD94E 
 248      572E968E 
 248      E08414B1 
 248      8C
 249 0f2a 78D97DAD 		.ascii	"x\331}\255\034_\025\234s(\357\225B>\002\211\031=6\002"
 249      1C5F159C 
 249      7328EF95 
 249      423E0289 
 249      193D3602 
 250 0f3e 29CF42BC 		.ascii	")\317B\274Z\254\265\030\017\217(x9~\3144\002\342\013"
 250      5AACB518 
 250      0F8F2878 
 250      397ECC34 
 250      02E20B
 251 0f51 1CFF11DC 		.ascii	"\034\377\021\334L\376\216~\035\373#\026\340\271\251"
 251      4CFE8E7E 
 251      1DFB2316 
 251      E0B9A9
 252 0f60 090875A4 		.ascii	"\011\010u\244\"@\314\256\206\2000e\334\004\324$x\365"
 252      2240CCAE 
 252      86803065 
 252      DC04D424 
 252      78F5
 253 0f72 78190589 		.ascii	"x\031\005\211\230\301\311I\244\271\361(}\023\007's\342"
 253      98C1C949 
 253      A4B9F128 
ARM GAS  /tmp/ccACgBoh.s 			page 21


 253      7D130727 
 253      73E2
 254 0f84 2779603F 		.ascii	"'y`?\341\307\340\001\377H\346:\013\355K/\232\004\307"
 254      E1C7E001 
 254      FF48E63A 
 254      0BED4B2F 
 254      9A04C7
 255 0f97 100FD060 		.ascii	"\020\017\320`\023\2000\242\003"
 255      138030A2 
 255      03
 256 0fa0 D009BA80 		.ascii	"\320\011\272\2000B\031\204a^}\370{o\376\336\213\277"
 256      30421984 
 256      615E7DF8 
 256      7B6FFEDE 
 256      8BBF
 257 0fb2 F7E4EF3D 		.ascii	"\367\344\357=\370{<\177\357\316\337\343\200\216g\331"
 257      F87B3C7F 
 257      EFCEDFE3 
 257      808E67D9 
 258 0fc2 47FCEE2D 		.ascii	"G\374\356-~\367\022\277{\212\337=\304\357x\361\273\273"
 258      7EF712BF 
 258      7B8ADF3D 
 258      C4EF78F1 
 258      BBBB
 259 0fd4 F81D072C 		.ascii	"\370\035\007,V\\k\037\333\036G\030\034!\274\240M\332"
 259      565C6B1F 
 259      DB1E4718 
 259      1C21BCA0 
 259      4DDA
 260 0fe6 BB03870C 		.ascii	"\273\003\207\014HM\346\006\014|kPZj\"\321\021\274(\306"
 260      484DE606 
 260      0C7C6B50 
 260      5A6A22D1 
 260      11BC28C6 
 261 0ffa 4F6F0E89 		.ascii	"Oo\016\211\240\\"
 261      A05C
 262 1000 E78C84CC 		.ascii	"\347\214\204\314\204\354\004wB\266;\301\353\356\002"
 262      84EC0477 
 262      42B63BC1 
 262      EBEE02
 263 100f 5E88F626 		.ascii	"^\210\366&\340\370\341\177\353!\334@\273l\3530{\266"
 263      E0F8E17F 
 263      EB21DC40 
 263      BB6CEB30 
 263      7BB6
 264 1021 379BB30D 		.ascii	"7\233\263\015\313\301^\202\233\357\277\354\036\0347"
 264      CBC15E82 
 264      9BEFBFEC 
 264      1E1C37
 265 1030 413B6C5E 		.ascii	"A;l^\257\033\207!/\227\236\345L\377\210K\317M\317\262"
 265      AF1B8721 
 265      2F979EE5 
 265      4CFF884B 
 265      CF4DCFB2 
 266 1044 61B8B642 		.ascii	"a\270\266Bp\343\2435\011\363\316,/q.\240\3453`[\341"
 266      70E3A335 
 266      09F3CE2C 
ARM GAS  /tmp/ccACgBoh.s 			page 22


 266      2F712EA0 
 266      E533605B 
 267 1059 7460F12F 		.ascii	"t`\361/\220\267\247\015\264\211\216\353\351\215!\011"
 267      90B7A70D 
 267      B4898EEB 
 267      E98D2109 
 268 1069 FC0D8363 		.ascii	"\374\015\203c\274\250\244\304\024\\+\211i\\G\016\253"
 268      BCA8A4C4 
 268      145C2B89 
 268      695C470E 
 268      AB
 269 107a 3660607F 		.ascii	"6``\177`Hwf\347\330\263l\031@\217\003g\014\216\236\300"
 269      60487766 
 269      E7D8B36C 
 269      19408F03 
 269      670C8E9E 
 270 108f F49F5E07 		.ascii	"\364\237^\007\027\337\213\213\217\213\357\011\014\335"
 270      17DF8B8B 
 270      8F8BEF09 
 270      0CDD
 271 109d 7B27C4BD 		.ascii	"{'\304\275\236\020\377\272$\351\002&,\031\355\215\345"
 271      9E10FFBA 
 271      24E90226 
 271      2C19ED8D 
 271      E5
 272 10ae FF80A67F 		.ascii	"\377\200\246\177R\022\010\377\300k\317\312\340<\271"
 272      521208FF 
 272      C06BCFCA 
 272      E03CB9
 273 10bd 3936A0C7 		.ascii	"96\240\307\375\217\315\352\266\001SR\246\375\003\373"
 273      FD8FCDEA 
 273      B6015352 
 273      A6FD03FB 
 274 10cd A0C1DDDE 		.ascii	"\240\301\335\336NL\301y\304\014\244\004\235[\360\201"
 274      4E4CC179 
 274      C40CA404 
 274      9D5BF081 
 275 10dd F0C71269 		.ascii	"\360\307\022iC\20011\325\236\346\214II\351\007:\370"
 275      43803131 
 275      D59EE68C 
 275      4949E907 
 275      3AF8
 276 10ef C8729D73 		.ascii	"\310r\235sl.{Nfb\212Pd\027`\020\004\007\015\006\255"
 276      6C2E7B4E 
 276      66628A50 
 276      64176010 
 276      04070D06 
 277 1104 06BD939C 		.ascii	"\006\275\223\234\206\353e`\177n\360\337\007\017IN\005"
 277      86EB6560 
 277      7F6EF0DF 
 277      070F494E 
 277      05
 278 1115 1A1C1D80 		.ascii	"\032\034\035\200\016g\304\316\006,\351N\034\015\206"
 278      0E67C4CE 
 278      062CE94E 
 278      1C0D86
 279 1124 BA6CFFED 		.ascii	"\272l\377\355\305}e.\237\236\372\366\247\300lu\245g"
ARM GAS  /tmp/ccACgBoh.s 			page 23


 279      C57D652E 
 279      9F9EFAF6 
 279      A7C06C75 
 279      A567
 280 1136 DA3DB80A 		.ascii	"\332=\270\012\274.L71-\365\343>1\251\300\314\213\177"
 280      BC2E4C37 
 280      312DF5E3 
 280      3E31A9C0 
 280      CC8B7F
 281 1149 6C75D9AD 		.ascii	"lu\331\255\016\0170&9]\330\025cR{\000CN\226\3253\324"
 281      0E0F3026 
 281      395DD815 
 281      63527B00 
 281      434E96D5 
 282 115f E9CA06AF 		.ascii	"\351\312\006\257\014\036\222\332#\376\255\356q\303\270"
 282      0C1E92DA 
 282      23FEADEE 
 282      71C3B8
 283 116e 776C2E92 		.ascii	"wl.\222du\244\333\270\024\273\303\306\245\3322\354\270"
 283      6475A4DB 
 283      B814BBC3 
 283      C6A5DA32 
 283      ECB8
 284 1180 6EFBD91C 		.ascii	"n\373\331\034n\273'\027\230\304\252sXq\025!\234\317"
 284      6EBB2717 
 284      98C4AA73 
 284      58711521 
 284      9CCF
 285 1192 9EEE7262 		.ascii	"\236\356rb\303\244{\\N\207=\335\315\015|7)%yP\014\006"
 285      C3A47B5C 
 285      4E873DDD 
 285      CD0D7C37 
 285      29257950 
 286 11a8 EB91D617 		.ascii	"\353\221\326\027\030\336NL\353\367^bZ2`\370@A>8\224"
 286      18DE4E4C 
 286      EBF75E62 
 286      5A3260F8 
 286      40413E38 
 287 11bd 381D19D2 		.ascii	"8\035\031\322#\356\010\275\036\033\037\372\310'\323"
 287      23EE08BD 
 287      1E1B1FFA 
 287      C827D3
 288 11cc E9C5BD6A 		.ascii	"\351\305\275j\270\360\220a\3155\002\263(\347tx2%\261"
 288      B8F09061 
 288      CD3502B3 
 288      28E77478 
 288      3225B1
 289 11df 5C9B158B 		.ascii	"\\\233\025\213\265\343\243\227\323\355\266\223\300\205"
 289      B5E3A397 
 289      D3EDB693 
 289      C085
 290 11ed BB477EB4 		.ascii	"\273G~\264\200\373\330\256|\373\264y\3708N\034\247\033"
 290      80FBD8AE 
 290      7CFBB479 
 290      F8384E1C 
 290      A71B
 291 11ff EF6B1F5B 		.ascii	"\357k\037[\263\274|\200\303\242$\230\376-1\005\007\264"
ARM GAS  /tmp/ccACgBoh.s 			page 24


 291      B3BC7C80 
 291      C3A22498 
 291      FE2D3105 
 291      07B4
 292 1211 B6248011 		.ascii	"\266$\200\021\241\216\274\020y\207_\030A\234\234\321"
 292      A18EBC10 
 292      79875F18 
 292      419C9CD1 
 293 1221 4DA09C5C 		.ascii	"M\240\234\\\200\363\371{\250\021\274\372x\210\341\344"
 293      80F3F97B 
 293      A811BCFA 
 293      7888E1E4 
 294 1231 3B7B7E80 		.ascii	";{~\200\3019]\270o\303\005\3333\304\342\205a\207N0\003"
 294      C1395DB8 
 294      6FC305DB 
 294      33C4E285 
 294      61874E30 
 295 1246 D009FA83 		.ascii	"\320\011\372\2030\2428\320`\215\201\226W\025\204\021"
 295      30A238D0 
 295      608D8196 
 295      57158411 
 296 1256 1D81C987 		.ascii	"\035\201\311\207\032\356\335\037\017\017\204\356\022"
 296      1AEEDD1F 
 296      0F0F84EE 
 296      12
 297 1263 3736BEE7 		.ascii	"76\276\347\377?\204\262\325\012"
 297      FF3F84B2 
 297      D50A
 298              		.text
 299              		.section	.gnu.lto_.inline.edd9554f8e7f11af,"e",%progbits
 300 0000 789CED17 		.ascii	"x\234\355\027[L\\Up\316\343.wy,\013h\214\3054k\"_&~"
 300      5B4C5C55 
 300      70CEE32E 
 300      77792C0B 
 300      688CC534 
 301 0019 FBB9D11F 		.ascii	"\373\271\321\037\023\315&\232\370\374)\224G)\324\300"
 301      13CD269A 
 301      F8FC2994 
 301      4729D4C0 
 302 0029 8F9F9AC5 		.ascii	"\217\237\232\305>,\226\322\265\215VB\032\0154\245\037"
 302      3E2C96D2 
 302      B58D5642 
 302      1A0D34A5 
 302      1F
 303 003a 4A945643 		.ascii	"J\224VC\005\264Ii\253\262A#\265V\255\264\030i\251\321"
 303      05B44969 
 303      ABB24123 
 303      B556ADB4 
 303      1869A9D1 
 304 004e 6213626C 		.ascii	"b\023bl*\326\2319\347>v\227\025\322\030\365\303{w\367"
 304      2AD69939 
 304      E73E7697 
 304      15D218F5 
 304      C37B77F7 
 305 0062 CC993367 		.ascii	"\314\2313gf\316\314\234\231Y\027\004\014\306\300\177"
 305      66CECC9C 
 305      99591704 
ARM GAS  /tmp/ccACgBoh.s 			page 25


 305      0CC6C07F 
 306 0072 EE04A8FC 		.ascii	"\356\004\250\374ip\256[n\022 \253\273\322\3517e3@$\215"
 306      6970AE5B 
 306      6E1220AB 
 306      BBD2E937 
 306      65334024 
 307 0087 8F6C9220 		.ascii	"\217l\222 \211F\226\341\2170\3642\223\012\000QJ\220"
 307      894696E1 
 307      8F30F432 
 307      930A0051 
 307      4A90
 308 0099 826AA43E 		.ascii	"\202j\244>\254Z\221\203\344\215\215\371\034t\205\335"
 308      AC5A9183 
 308      E48D8DF9 
 308      1C7485DD 
 309 00a9 E103AA3C 		.ascii	"\341\003\252<\037\210\300\011\030\317\236\353\226\233"
 309      1F88C009 
 309      18CF9EEB 
 309      969B
 310 00b7 8523121D 		.ascii	"\205#\022\035\342\336Z\020\211N3t\354Wb\307\311\314"
 310      E2DE5A10 
 310      894E3374 
 310      EC5762C7 
 310      C9CC
 311 00c9 5845AF7A 		.ascii	"XE\257zC)!\305\007\302\254\232\021u\213:\357\336\034"
 311      432921C5 
 311      07C2AC9A 
 311      11758B3A 
 311      EFDE1C
 312 00dc 79493601 		.ascii	"yI6\001\224\030\200$\353_\267-L\252FH\202\276\362\363"
 312      94188024 
 312      EB5FB72D 
 312      4CAA4648 
 312      82BEF2F3 
 313 00f0 584635BA 		.ascii	"XF5\272\220tA\2745\177b\\6\304]\011\364-;\375\336\356"
 313      907441BC 
 313      357F625C 
 313      36C45D09 
 313      F42D3BFD 
 314 0106 65D91477 		.ascii	"e\331\024wq\006bd){N\326#\032?\336\004\\\220\027G\347"
 314      71066264 
 314      297B4ED6 
 314      231A3FDE 
 314      045C9017 
 315 011c 06D4060D 		.ascii	"\006\324\006\015\332;\216\013\012\225\316\244\3108\264"
 315      DA3B8E0B 
 315      0A95CEA4 
 315      C838B4
 316 012b 3193A293 		.ascii	"1\223\242\223 $\315:A\366\300\026$J\355\021j\242+4\302"
 316      2024CD3A 
 316      41F6C016 
 316      244AED11 
 316      6AA22B34 
 317 0140 5A00B6A1 		.ascii	"Z\000\266\241\021\356\304\014\210\023\027b\257_\335"
 317      11EEC40C 
 317      88131762 
 317      AF5FDD
ARM GAS  /tmp/ccACgBoh.s 			page 26


 318 014f B15F9217 		.ascii	"\261_\222\027\034\264\375q\266\205\001\254\027\230Z"
 318      1CB4FD71 
 318      B68501AC 
 318      17985A
 319 015e 1335BDC6 		.ascii	"\0235\275\306\253\231\224qb\024\326!\355\002;\361.\332"
 319      AB999471 
 319      6214D621 
 319      ED023BF1 
 319      2EDA
 320 0170 A55AF29D 		.ascii	"\245Z\362\235h\010\015\023?,,\266\002*\220t\224\245"
 320      68080D13 
 320      3F2C2CB6 
 320      022A9074 
 320      94A5
 321 0182 47D3368A 		.ascii	"G\3236\212r\245\333`\341S\200'6\3062P\230 \"\014\277"
 321      72A5DB60 
 321      E1538027 
 321      36C63250 
 321      9820220C 
 322 0197 F40BF962 		.ascii	"\364\013\371b\355\016\250\204\373\017\034\271\324/\333"
 322      ED0EA884 
 322      FB0F1CB9 
 322      D42FDB
 323 01a6 8592894E 		.ascii	"\205\222\211N\014\210\336\255\213\263.\005D\255\000"
 323      0C88DEAD 
 323      8BB32E05 
 323      44AD00
 324 01b5 31868120 		.ascii	"1\206\201 1j\314(H\317\221\245\201\323\262\025=\225"
 324      316ACC28 
 324      48CF91A5 
 324      81D3B215 
 324      3D95
 325 01c7 1D5E1A50 		.ascii	"\035^\032P\315\034\020\2063\304\341\016\224u^\265\220"
 325      CD1C1086 
 325      33C4E10E 
 325      94755EB5 
 325      90
 326 01d8 43D5E56C 		.ascii	"C\325\345l\337>\325\250q\3317\223\366\014\\E\302\367"
 326      DF3ED5A8 
 326      71D93793 
 326      F60C5C45 
 326      C2F7
 327 01ea A4C0A942 		.ascii	"\244\300\251B\236r&:\023%\224fG\204!AP_]_]\\\337w\350"
 327      9E72263A 
 327      13259466 
 327      47842141 
 327      505F5D5F 
 328 0203 E5D905D5 		.ascii	"\345\331\005\325\006\212\002t\214\003\264\303\216\244"
 328      068A0274 
 328      8C03B4C3 
 328      8EA4
 329 0211 571CF5FA 		.ascii	"W\034\365\372\254\250^\321\231\243\213\343\250\014E"
 329      ACA85ED1 
 329      99A38BE3 
 329      A80C45
 330 0220 CA973DDF 		.ascii	"\312\227=\337\277\"\353}\275\370\021\306\001jO\212^"
 330      BF22EB7D 
ARM GAS  /tmp/ccACgBoh.s 			page 27


 330      BDF811C6 
 330      016A4F8A 
 330      5E
 331 0231 0A05D6C0 		.ascii	"\012\005\326\300\004\025\231\251@\343\220\232UPC\202"
 331      041599A9 
 331      40E3909A 
 331      55504382 
 332 0241 54ABE348 		.ascii	"T\253\343H\276S\276\011Q31\316\246\353\344\221Ue;\002"
 332      BE53BE09 
 332      513331CE 
 332      A6EBE491 
 332      55653B02 
 333 0255 2B4D0A5E 		.ascii	"+M\012^\224\271!\341\335\365\270\257~\302\207\222\301"
 333      94B921E1 
 333      DDF5B8AF 
 333      7EC28792 
 333      C1
 334 0266 ADF7AC88 		.ascii	"\255\367\254\210\241V\003\307\341\324\354Wo\253vG\006"
 334      A15603C7 
 334      E1D4EC57 
 334      6FAB7647 
 334      06
 335 0277 1274DDC7 		.ascii	"\022t\335\307\273\257M\251\315\030\204\323=C?\310\346"
 335      BBAF4DA9 
 335      CD1884D3 
 335      3D433FC8 
 335      E6
 336 0288 30730D91 		.ascii	"0s\015\221\235\244r\023\224\003\2350RI\214\361xt|\317"
 336      9DA47213 
 336      94039D30 
 336      52498CF1 
 336      78747CCF 
 337 029c 14240A19 		.ascii	"\024$\012\031\251]\225@\206 \306W\326Y\334P\215\357"
 337      A95D9540 
 337      8620C657 
 337      D659DC50 
 337      8DEF
 338 02ae C68C6714 		.ascii	"\306\214g\024\304\031\340\265\365p;\374!\317n\235\177"
 338      C419E0B5 
 338      F5703BFC 
 338      21CF6E9D 
 338      7F
 339 02bf 55B6395A 		.ascii	"U\2669Z$\2365\371f\213\031\254\206\012J\364\364\350"
 339      249E35F9 
 339      668B19AC 
 339      860A4AF4 
 339      F4E8
 340 02d1 44B7DC98 		.ascii	"D\267\334\230s\376\300i\342\367\303\243\313\262\301"
 340      73FEC069 
 340      E2F7C3A3 
 340      CBB2C1
 341 02e0 78EAF933 		.ascii	"x\352\3713;wm\223\034Y\202w\325KHH\017F\033y\227\310"
 341      3B776D93 
 341      1C598277 
 341      D54B4848 
 341      0F461B79 
 342 02f6 DCDB5BCB 		.ascii	"\334\333[\313\001\377\012\020J<%q\212)\207\213\201I"
ARM GAS  /tmp/ccACgBoh.s 			page 28


 342      01FF0A10 
 342      4A3C2571 
 342      8A29878B 
 342      8149
 343 0308 43E6C6C0 		.ascii	"C\346\306\300\337\270\340\362\245\212\260<\363:1\261"
 343      DFB8E0F2 
 343      A58AB03C 
 343      F33A31B1 
 344 0318 A6459B60 		.ascii	"\246E\233`\255\312+CL\370?\362?\212|\000b\\<\250\236"
 344      ADCA2B43 
 344      4CF83FF2 
 344      3F8A7C00 
 344      625C3CA8 
 345 032d F095C304 		.ascii	"\360\225\303\004\220W\027V.D\017\302z$\332+\333pc)\263"
 345      90571756 
 345      2E440FC2 
 345      7A24DA2B 
 345      DB706329 
 346 0342 28D6CEFC 		.ascii	"(\326\316\374\325`\"\035\3742e\321f\022\376\265\013"
 346      D560221D 
 346      FC3265D1 
 346      6612FEB5 
 346      0B
 347 0353 0F439C95 		.ascii	"\017C\234\225\244&\3526\226\212\251\3225z\207\245\302"
 347      A426EA36 
 347      968AA9D2 
 347      357A87A5 
 347      C2
 348 0364 232E29F5 		.ascii	"#.)\365\016\023\026\251wV\266\177\361\000R=\242K^\376"
 348      0E1316A9 
 348      7756B67F 
 348      F100523D 
 348      A24B5EFE 
 349 0378 6EFE98DA 		.ascii	"n\376\230\332\202\333>\027\007\307\246.\250v\334\327"
 349      82DB3E17 
 349      07C7A62E 
 349      A876DCD7 
 350 0388 5FB88FD2 		.ascii	"_\270\217\322\2425\015\345ES\",\272\264\206\012\275"
 350      A2350DE5 
 350      4553222C 
 350      BAB4860A 
 350      BD
 351 0399 4107EF0A 		.ascii	"A\007\357\012'\344$\353\020!\330$\313\314\370\252B$"
 351      27E424EB 
 351      1021D824 
 351      CBCCF8AA 
 351      4224
 352 03ab 60E0525A 		.ascii	"`\340RZ-\0113\314\261\037\013\015\361\202\200>p \317"
 352      2D0933CC 
 352      B11F0B0D 
 352      F182803E 
 352      7020CF
 353 03be 72177267 		.ascii	"r\027rg\201\326+\255\0269\265\327\352x)\305\300\260"
 353      81D62BAD 
 353      1639B5D7 
 353      EA7829C5 
 353      C0B0
ARM GAS  /tmp/ccACgBoh.s 			page 29


 354 03d0 2AE8A538 		.ascii	"*\350\2458\234<\272\326\326\004i\037\203Z\304g\261u"
 354      9C3CBAD6 
 354      D604691F 
 354      835AC467 
 354      B175
 355 03e2 05E99585 		.ascii	"\005\351\225\205\"m\2147z!V\260\020\251\266\013\217"
 355      226D8C37 
 355      7A2156B0 
 355      10A9B60B 
 355      8F
 356 03f3 AF1E2BB9 		.ascii	"\257\036+\271\314\350\004O\3343,>\031\314\336\300\013"
 356      CCE8044F 
 356      DC332C3E 
 356      19CCDEC0 
 356      0B
 357 0404 10C92F67 		.ascii	"\020\311/gT\361g_<\360[\271\351\242\265\230\260]\364"
 357      54F1675F 
 357      3CF05BB9 
 357      E9A2B598 
 357      B05DF4
 358 0417 84C8A976 		.ascii	"\204\310\251v\245\372\333\305\311\353\212\272\370\256"
 358      A5FADBC5 
 358      C9EB8ABA 
 358      F8AE
 359 0425 826A97CC 		.ascii	"\202j\227\314\255vN\377\221K\347M\277\242o\020~\243"
 359      AD764EFF 
 359      914BE74D 
 359      BFA26F10 
 359      7EA3
 360 0437 862456BE 		.ascii	"\206$V\276C\313#_\253\006\011i!\275\011\302\240\256"
 360      43CB235F 
 360      AB060969 
 360      21BD09C2 
 360      A0AE
 361 0449 9D3D332D 		.ascii	"\235=3-7\304q'}\237\233J\177\272\027{o\2153?$\376\371"
 361      37C47127 
 361      7D9F9B4A 
 361      7FBA177B 
 361      6F8D333F 
 362 0460 BA182A6C 		.ascii	"\272\030*lQ\264>\352\342\206\012\213\327,#\332$\010"
 362      51B43EEA 
 362      E2860A8B 
 362      D72C23DA 
 362      2408
 363 0472 0648D5B8 		.ascii	"\006H\325\2706\312\232\030\303\231\266\333\270\353\017"
 363      36CA9A18 
 363      C399B6DB 
 363      B8EB0F
 364 0481 D2DB2D80 		.ascii	"\322\333-\200\374g\202\377-\370\022\203\354\370$T\364"
 364      FC6782FF 
 364      2DF81283 
 364      ECF82454 
 364      F4
 365 0492 FEF2C58F 		.ascii	"\376\362\305\217\262E(p\311\253\223s\337lg\257>\204"
 365      B2452870 
 365      C9AB9373 
 365      DF6C67AF 
ARM GAS  /tmp/ccACgBoh.s 			page 30


 365      3E84
 366 04a4 6EFC10BD 		.ascii	"n\374\020\275i\320=\027\336\037\212\032\364\335\342"
 366      69D03D17 
 366      DE1F8A1A 
 366      F4DDE2
 367 04b3 23460B8E 		.ascii	"#F\013\216-/\230\366\035\273~S5\222{\313\375f\306\346"
 367      2D2F98F6 
 367      1DBB7E53 
 367      35927BCB 
 367      FD66C6E6 
 368 04c7 36D72FA3 		.ascii	"6\327/\243\000OA\331\325\223\303\007\025%\325\010BG"
 368      004F41D9 
 368      D593C307 
 368      1525D508 
 368      4247
 369 04d9 D526DCBC 		.ascii	"\325&\334\274}\205\244*J\005O\004M\236\006e\270\026"
 369      7D85A42A 
 369      4A054F04 
 369      4D9E0665 
 369      B816
 370 04eb 0FE06756 		.ascii	"\017\340gV'\201?\001\335\254]\310"
 370      27813F01 
 370      DDAC5DC8 
 371              		.text
 372              		.section	.gnu.lto_.pureconst.edd9554f8e7f11af,"e",%progbits
 373 0000 789C05C1 		.ascii	"x\234\005\301\313\015\202P\020\206\3211~Cp!J\010\013"
 373      CB0D8250 
 373      1086D131 
 373      7E437021 
 373      4A080B
 374 0013 DAD1A537 		.ascii	"\332\321\2457&\230\370\200jn\031\377P\011\231\352<\247"
 374      2698F880 
 374      6A6E19FF 
 374      500999EA 
 374      3CA7
 375 0025 B5831533 		.ascii	"\265\203\0253\233,\375(\232\240\015N\351\347\364N\\"
 375      9B2CFD28 
 375      9AA00D4E 
 375      E9E7F44E 
 375      5C
 376 0036 826BD08B 		.ascii	"\202k\320\213!\030\203\233\270\247?6\212x\246\317\342"
 376      2118839B 
 376      B8A73F36 
 376      8A78A6CF 
 376      E2
 377 0047 15BCC527 		.ascii	"\025\274\305'\370\212\337\316RY+\177\3711\024\373"
 377      F88ADFCE 
 377      52592B7F 
 377      F93114FB 
 378              		.text
 379              		.section	.gnu.lto_chSysUnlock.edd9554f8e7f11af,"e",%progbits
 380 0000 789C8D94 		.ascii	"x\234\215\224]L\034U\024\307\357\177\356\235\331\331"
 380      5D4C1C55 
 380      14C7EF7F 
 380      EE9DD9D9 
 381 0010 05EA8A9F 		.ascii	"\005\352\212\237\011/\313\203\017\215\312\220\370\324"
 381      092FCB83 
ARM GAS  /tmp/ccACgBoh.s 			page 31


 381      0F8DCA90 
 381      F8D4
 382 001e 370D8949 		.ascii	"7\015\211I\037\320\244<\372`\354\272\221\215]\326\354"
 382      1FD0A43C 
 382      FA60ECBA 
 382      918D5DD6 
 382      EC
 383 002f B6897DEA 		.ascii	"\266\211}\352\260PAiZ\2431e\215d\210\370\321&Jk\233"
 383      B0504169 
 383      5AA33165 
 383      8D6488F8 
 383      D1264A6B 
 384 0044 102D2D5D 		.ascii	"\020--]\372\251\025\024\221\017\013\026Z\032\320\320"
 384      FAA91514 
 384      910F0B16 
 384      5A1AD0D0 
 385 0054 6A93DA07 		.ascii	"j\223\332\007\215\246x\316\235e;4[t\262sw\3569\347\336"
 385      8DA678CE 
 385      9D653B34 
 385      5B74B273 
 385      77EE39E7 
 386 0069 F33BFF73 		.ascii	"\363;\377sgl\001q\306\024\342m!\304st\303\0220\\\327"
 386      676C0171 
 386      C614E26D 
 386      21C47374 
 386      C312305C 
 387 007e 7D3AD46A 		.ascii	"}:\324j\033\206\034\315\037\265\224\0331\217.\215lR"
 387      1B861CCD 
 387      1FB5941B 
 387      318F2E8D 
 387      6C52
 388 0090 6EA534D4 		.ascii	"n\2454\324]\026\005\263\030m\002\372\311\265!v\031R"
 388      5D1605B3 
 388      186D02FA 
 388      C9B52176 
 388      1952
 389 00a2 99D8857D 		.ascii	"\231\330\205}r\277\304\251\216\245\257\214\215\237\222"
 389      72BFC4A9 
 389      8EA5AF8C 
 389      8D9F92
 390 00b1 D32DEC7F 		.ascii	"\323-\354\177\277\3463w\314\225\236\024\"O\267\177\341"
 390      BFE63377 
 390      CC959E14 
 390      224FB77F 
 390      E1
 391 00c2 18360A41 		.ascii	"\0306\012A\241\013_\334~\257\312RE\027\006aa\215\025"
 391      A10B5FDC 
 391      7EAFCA52 
 391      45170661 
 391      618D15
 392 00d5 624D980E 		.ascii	"bM\230\0168N\310\002'\350\211\376\372\24484n\026\334"
 392      384EC802 
 392      27E889FE 
 392      FAA43834 
 392      6E16DC
 393 00e8 DB2B1D6E 		.ascii	"\333+\035n\341\326G\230~!\012\341I\0304\030\222\006"
 393      E1D64798 
ARM GAS  /tmp/ccACgBoh.s 			page 32


 393      7E210AE1 
 393      49183418 
 393      9206
 394 00fa A9783069 		.ascii	"\251x0iP\026\015f\210\007\233\275avDx\020\242K\012\306"
 394      50160D66 
 394      88079BBD 
 394      61764478 
 394      10A24B0A 
 395 010f 55700B42 		.ascii	"Up\013B\354\221\206?i\243\311u\264\365\236\034\220\234"
 395      EC91863F 
 395      69A3C975 
 395      B4F59E1C 
 395      909C
 396 0121 99497A0E 		.ascii	"\231Iz\016\214\254\204\333\221k\265=i\345\245A\010C"
 396      8CAC84DB 
 396      916BB53D 
 396      69E5A541 
 396      0843
 397 0133 68E79421 		.ascii	"h\347\224!\261\214\334\361\203sU\034\332#\271\216\275"
 397      B18CDCF1 
 397      8373551C 
 397      DA23B98E 
 397      BD
 398 0144 6D37E6EC 		.ascii	"m7\346\354\275T;)t\327Z\273\217k#\343\324\354\2711|"
 398      BD543B29 
 398      74D75ABB 
 398      8F6B23E3 
 398      D4ECB931 
 399 0159 8C3E7832 		.ascii	"\214>x2\214\002m\205\223\250\321\236c\357t\036\266\352"
 399      8C026D85 
 399      93A8D19E 
 399      63EF741E 
 399      B6EA
 400 016b FB1925E6 		.ascii	"\373\031%\346\311\010\206)\254[\353D\316\366_\017\316"
 400      C9088629 
 400      AC5BEB44 
 400      CEF65F0F 
 400      CE
 401 017c 444ACE0A 		.ascii	"DJ\316\012\234B}\367\252ZS\037\014w\030%\037p\232}\006"
 401      9C427DF7 
 401      AA5A531F 
 401      0C771825 
 401      1F709A7D 
 402 0191 EB7B06F5 		.ascii	"\353{\006\365D\3316\326\001\037\322\3609\377\033\354"
 402      44D936D6 
 402      011FD2F0 
 402      39FF1BEC 
 403 01a1 EC7A60E7 		.ascii	"\354z`\347\326\003;\037\000\033\236\234yWr\236\316\""
 403      D6033B1F 
 403      001B9E9C 
 403      7957729E 
 403      CE22
 404 01b3 D9D7C423 		.ascii	"\331\327\304#\360\015\013H\342\375\263\212%\211\214"
 404      F00D0B48 
 404      E2FDB38A 
 404      25898C
 405 01c2 84DF1DF3 		.ascii	"\204\337\035\363\247\212\226\016\336:\261\254\021\037"
ARM GAS  /tmp/ccACgBoh.s 			page 33


 405      A78A960E 
 405      DE3AB1AC 
 405      111F
 406 01d0 F564659E 		.ascii	"\365de\236[\206\013\274\214\202\311{\376\306o\023`\241"
 406      5B860BBC 
 406      8C82C97B 
 406      FEC66F13 
 406      60A1
 407 01e2 2913BE45 		.ascii	")\023\276E\215'\253\304\"\2414\0247`\233>x{\244\\\032"
 407      8D27ABC4 
 407      22A13414 
 407      37609B3E 
 407      787BA45C 
 408 01f7 C93FC59D 		.ascii	"\311?\305\2355\270]a?\300\374_\"\214\254'\302\350\275"
 408      35B85D61 
 408      3FC0FC5F 
 408      228CAC27 
 408      C2E8BD
 409 020a 4550F88E 		.ascii	"EP\370\216E`'\276\327\035(%\266\202\247D\351SR\2309"
 409      456027BE 
 409      D71D2825 
 409      B682A744 
 409      E9535298 
 410 021f 7C7103A5 		.ascii	"|q\003\245l\365\027o :\214\025\223\266z\363_\336Iz\037"
 410      6CF5176F 
 410      203A8C15 
 410      93B67AF3 
 410      5FDE497A 
 411 0234 7ED04995 		.ascii	"~\320I\225\237t`\342\320\205p@\371qNj\372\276\336\336"
 411      9F7460E2 
 411      D0857040 
 411      F9714E6A 
 411      FABEDEDE 
 412 0248 E5E9CA92 		.ascii	"\345\351\312\222/\212\037\331g1\320\304Z\240P\020\010"
 412      2F8A1FD9 
 412      6731D0C4 
 412      5AA05010 
 412      08
 413 0259 E5802AE8 		.ascii	"\345\200*\350\314`\262,P\024S\032Ho<\355\237\265\201"
 413      CC60B22C 
 413      5014531A 
 413      486F3CED 
 413      9FB581
 414 026c D5A6DA54 		.ascii	"\325\246\332Tm\217\377\226\224\032\035&s\240\321\221"
 414      6D8FFF96 
 414      941A1D26 
 414      73A0D191 
 415 027c F28DFEC9 		.ascii	"\362\215\376\311ot\270Lg#\201\316\252\267\372\367\231"
 415      6F74B84C 
 415      672381CE 
 415      AAB7FAF7 
 415      99
 416 028d DC59791D 		.ascii	"\334Yy\035\355\261r/\354\375y\326\012\027y\277`\235"
 416      EDB1722F 
 416      ECFD79D6 
 416      0A1779BF 
 416      609D
ARM GAS  /tmp/ccACgBoh.s 			page 34


 417 029f D57A1ACC 		.ascii	"\325z\032\314\\\335'}\341\346\335\233\243\021.>\352"
 417      5CDD277D 
 417      E1E6DD9B 
 417      A3112E3E 
 417      EA
 418 02b0 C90730CB 		.ascii	"\311\0070\313'`\246X\373\037\277\234\035\2629\276[\027"
 418      2760A658 
 418      FB1FBF9C 
 418      1DB239BE 
 418      5B17
 419 02c2 5F8D9FA9 		.ascii	"_\215\237\251x\235\026\227(\316\223\017j,\363\316\267"
 419      789D1697 
 419      28CE930F 
 419      6A2CF3CE 
 419      B7
 420 02d3 E41A720B 		.ascii	"\344\032r\013\177\215\377\015\377\343\005\261#\010\361"
 420      7F8DFF0D 
 420      FFE305B1 
 420      2308F1
 421 02e2 9086F8D0 		.ascii	"\220\206\370\320;\362g\244\366\015xn7\355\3710\233>"
 421      3BF267A4 
 421      F60D786E 
 421      37EDF930 
 421      9B3E
 422 02f4 BF3AE8DA 		.ascii	"\277:\350\332\212\2774\363\250\325\231;\027?\231e\013"
 422      8ABF34F3 
 422      A8D5993B 
 422      173F9965 
 422      0B
 423 0305 2E43618E 		.ascii	".Ca\216qp\005\374\226\034\030:\275XY\373fq\365#\034"
 423      717005FC 
 423      961C183A 
 423      BD5859FB 
 423      6671F523 
 424 031a 7BB3FFC8 		.ascii	"{\263\377\310d\205^\275\300\253q\025J\374\216\334\345"
 424      64855EBD 
 424      C0AB7115 
 424      4AFC8EDC 
 424      E5
 425 032b AE6B4F6A 		.ascii	"\256kOjV\276\272$V\350\222\310\025x\372x]\235C\277W"
 425      56BEBA24 
 425      56E892C8 
 425      1578FA78 
 425      5D9D43BF 
 426 0340 139996C4 		.ascii	"\023\231\226\3046\247\2419\2715\371|\223\223\316:\231"
 426      36A7A139 
 426      B935F97C 
 426      9393CE3A 
 426      99
 427 0351 ED4EB225 		.ascii	"\355N\262%\276m\307\313\011'\336\234\335\231\255k\026"
 427      BE6DC7CB 
 427      0927DE9C 
 427      DD99AD6B 
 427      16
 428 0362 CFDE2B36 		.ascii	"\317\336+6\236N\245\322-N\342\365\355\3163[\032\235"
 428      9E4EA5D2 
 428      2D4EE2F5 
ARM GAS  /tmp/ccACgBoh.s 			page 35


 428      EDCE335B 
 428      1A9D
 429 0374 86C6A6CD 		.ascii	"\206\306\246\315MNC:\223p6\257n\221\312&\263/\276\022"
 429      4D4E433A 
 429      937036AF 
 429      6E91CA26 
 429      B32FBE12 
 430 0388 8FD336D1 		.ascii	"\217\3236\321\306\246-\261\255/e\023\257e\222O\304\036"
 430      C6A62DB1 
 430      AD2F6513 
 430      AF65924F 
 430      C41E
 431 039a AB174646 		.ascii	"\253\027FF\204R\211T:\263S\374\013\357j\373\230"
 431      84528954 
 431      3AB353FC 
 431      0BEF6AFB 
 431      98
 432              		.text
 433              		.section	.gnu.lto__aosSysShellcmdKerneltestCallback.edd9554f8e7f11af,"e",%progbits
 434 0000 789C7D54 		.ascii	"x\234}TKO\023Q\024\276gni\207\212\350B\022\343#\016"
 434      4B4F1351 
 434      14BE676E 
 434      69878AE8 
 434      4212E323 
 435 0015 0B2562D2 		.ascii	"\013%b\322qg\342\012E\027&\032\023\374\001\246\226\321"
 435      7167E20A 
 435      4517261A 
 435      13FC01A6 
 435      96D1
 436 0027 4E286D32 		.ascii	"N(m23`\\q[@\2425h\210\257\232\324\341\021D\324\304g"
 436      33605C71 
 436      5B40A235 
 436      6888AF9A 
 436      D4E11144 
 437 003e 7C215895 		.ascii	"|!X\225\267\240\202\305\307B\005\2431\022\203\211\262"
 437      B7A082C5 
 437      C74205A3 
 437      31128389 
 437      B2
 438 004f 7081E0B9 		.ascii	"p\201\340\2713\325\"\022'\323\311\2343\337w\276\363"
 438      33D52212 
 438      27D3C99C 
 438      33DF77BE 
 438      F3
 439 0060 9D735391 		.ascii	"\235sS\221\000\331\341 $A\010Y\211?\240\004\004\306"
 439      00D9E120 
 439      24410859 
 439      893FA004 
 439      04C6
 440 0072 58812B2C 		.ascii	"X\201+,\012\000\326\033\023\201T\010P\001G\351)\012"
 440      0A00D61B 
 440      13815408 
 440      500147E9 
 440      290A
 441 0084 6F23F11F 		.ascii	"o#\361\037Y\265\324D\240\003\303\343\3757\372\334<\004"
 441      59B5D444 
 441      A003C3E3 
ARM GAS  /tmp/ccACgBoh.s 			page 36


 441      FD37FADC 
 441      3C04
 442 0096 90303CDC 		.ascii	"\2200<\334\3302\231\275\266\005y,q\352l\376\303G\007"
 442      D83299BD 
 442      B605792C 
 442      71EA6CFE 
 442      C34707
 443 00a9 0F1F0393 		.ascii	"\017\037\003\223\012$\206\3706X\016wa9\341\027\334\203"
 443      0A2486F8 
 443      36580E77 
 443      6139E117 
 443      DC83
 444 00bb B588BF33 		.ascii	"\265\210\2773\376\261\234\256\002\202\257c\227\342\347"
 444      FEB19CAE 
 444      0282AF63 
 444      97E2E7
 445 00ca B3F29A19 		.ascii	"\263\362\232\031\213\260\304\207\245gX\302aR\012\355"
 445      8BB0C487 
 445      A56758C2 
 445      61520AED 
 446 00da 40FFA262 		.ascii	"@\377\242b\016\311\035\220\207\214\211[\255\341l\272"
 446      0EC91D90 
 446      878C895B 
 446      ADE16CBA 
 447 00ea C662371C 		.ascii	"\306b7\034\032{B9\033\205;\227\331l\001\356\377\303"
 447      1A7B4239 
 447      1B853B97 
 447      D96C01EE 
 447      FFC3
 448 00fc 16909DB0 		.ascii	"\026\220\235\260\330\2237?l\244\353,ru\362g\2353%\235"
 448      D893373F 
 448      6CA4EB2C 
 448      7275F267 
 448      9D33259D 
 449 0110 5C61931D 		.ascii	"\\a\223\035\360\340\0372\016\012\036B\036\341\234\360"
 449      F0E01F32 
 449      0E0A1E42 
 449      1EE19CF0 
 450 0120 C5E357DC 		.ascii	"\305\343W\334t\275\305\357\235\272`\322\325M\226\370"
 450      74BDC5EF 
 450      9DBA60D2 
 450      D54D96F8 
 451 0130 F4858CD8 		.ascii	"\364\205\214\330\015\306\016\025\2304\003\036\315)\301"
 451      0DC60E15 
 451      9834031E 
 451      CD29C1
 452 013f 2FC4BFBF 		.ascii	"/\304\277\277:}b\241\323\001\235\260\232\017\206\217"
 452      3A7D62A1 
 452      D3019DB0 
 452      9A0F868F 
 453 014f A30B9CB8 		.ascii	"\243\013\234\270\012\002<wy8#\301\246gjX\242\273\025"
 453      0A023C77 
 453      793823C1 
 453      A6676A58 
 453      A2BB15
 454 0162 EA926FF2 		.ascii	"\352\222o\362\027\000\212;q\304\350\033a\010q\361\204"
 454      17008A3B 
ARM GAS  /tmp/ccACgBoh.s 			page 37


 454      71C4E81B 
 454      610871F1 
 454      84
 455 0173 C81F8444 		.ascii	"\310\037\204D)\341\312\016`\270\305#T\260\203J\014\276"
 455      29E1CA0E 
 455      60B8C523 
 455      54B0834A 
 455      0CBE
 456 0185 4075FDF5 		.ascii	"@u\375\365\221\"\2538\312\306\317\017\314dVA$,\232\324"
 456      9122AB38 
 456      CAC6CF0F 
 456      CC645641 
 456      242C9AD4 
 457 0199 15A35CAE 		.ascii	"\025\243\\\256\033\252\200\304)_l\303\271\3508\315\335"
 457      1BAA80C4 
 457      295F6CC3 
 457      B9E838CD 
 457      DD
 458 01aa 60B2D392 		.ascii	"`\262\323\222IE\216\23793q\322\315\361\247\031\253\277"
 458      49458E9F 
 458      393371D2 
 458      CDF1A719 
 458      ABBF
 459 01bc 8B6BCC84 		.ascii	"\213k\314\204\036\310\265[\355E\242I\335\226\304\255"
 459      1EC8B55B 
 459      ED45A249 
 459      DD96C4AD 
 460 01cc FF4AF4A5 		.ascii	"\377J\364\245%z\206\256\325f\346n\261%\026p\374\253"
 460      257A86AE 
 460      D566E66E 
 460      B1251670 
 460      FCAB
 461 01de 9AB14698 		.ascii	"\232\261F\230-\221\005\375\277%\036\247%F[N\034{\271"
 461      2D9105FD 
 461      BF251EA7 
 461      25465B4E 
 461      1C7BB9
 462 01f1 243D399C 		.ascii	"$=9\234\2320{\224U\334\363h\364rNc\2065J\353\363,8\014"
 462      9A307B94 
 462      55DCF368 
 462      F4724E63 
 462      86354AEB 
 463 0209 821306B0 		.ascii	"\202\023\006\260(\201'\340\214SqN\253\013cx\324\006"
 463      288127E0 
 463      8C53714E 
 463      AB0B6378 
 463      D406
 464 021b B9E8D374 		.ascii	"\271\350\323t\267\265\225_\337\212\374hg[Kn\233l\037"
 464      B7B5955F 
 464      DF8AFC68 
 464      675B4B6E 
 464      9B6C1F
 465 022e B7F04B31 		.ascii	"\267\360K1\323Dm\371w\354\333\240\273\031\232\302\213"
 465      D3446DF9 
 465      77ECDBA0 
 465      BB199AC2 
 465      8B
ARM GAS  /tmp/ccACgBoh.s 			page 38


 466 023f 4DBA0886 		.ascii	"M\272\010\206\220\014\317\370\242\361\323\367O]\035"
 466      900CCFF8 
 466      A2F1D3F7 
 466      4F5D1D
 467 024e 62CA9AC4 		.ascii	"b\312\232\304\213\014C3\330\316\236[\316\026\317\343"
 467      8B0C4333 
 467      D8CE9E5B 
 467      CE16CFE3 
 468 025e 2C65E476 		.ascii	",e\344v\3160\235\337H\362\217\221\021n\3045\237\221"
 468      CE309DDF 
 468      48F28F91 
 468      116EC435 
 468      9F91
 469 0270 24D77891 		.ascii	"$\327x\22162\247s\230\247\363\227\377\355\374\325\237"
 469      3632A773 
 469      98A7F397 
 469      FFEDFCD5 
 469      9F
 470 0281 CE5FA73A 		.ascii	"\316_\247:\037\207\312:\027\226\007l\001\307\211qd\252"
 470      1F87CA3A 
 470      1796076C 
 470      01C78971 
 470      64AA
 471 0293 A6957250 		.ascii	"\246\225rP\234\342\015d\002\"\365\237G\204T\206\237"
 471      9CE20D64 
 471      0222F59F 
 471      47845486 
 471      9F
 472 02a4 F12805FB 		.ascii	"\361(\005\373hF\370\277\015Y\341\361\310x\373B\232\""
 472      6846F8BF 
 472      0D59E1F1 
 472      C878FB42 
 472      9A22
 473 02b6 EB9A4FF6 		.ascii	"\353\232O\366\206\364\335\372\001\335PJ=>\342\324\015"
 473      86F4DDFA 
 473      01DD504A 
 473      3D3EE2D4 
 473      0D
 474 02c7 4DF1963A 		.ascii	"M\361\226:\274\332>\037\177\224;5\305(\367\006\262\266"
 474      BCDA3E1F 
 474      7F943B35 
 474      C528F706 
 474      B2B6
 475 02d9 6CDB55B8 		.ascii	"l\333U\270}\323\216\255E\033\335d\373f%\350\363\227"
 475      7DD38EAD 
 475      451BDD64 
 475      FB6625E8 
 475      F397
 476 02eb 7AB51249 		.ascii	"z\265\022IS\364\262\200\241K^M\221\202!\003\343\200"
 476      53F4B280 
 476      A14B5E4D 
 476      91822103 
 476      E380
 477 02fd EADD1350 		.ascii	"\352\335\023P\244\3422E2B\222\032\324\313\366\356U}"
 477      A4E23245 
 477      3242921A 
 477      D4CBF6EE 
ARM GAS  /tmp/ccACgBoh.s 			page 39


 477      557D
 478 030f AA123424 		.ascii	"\252\0224$[E2\324RE\223\366\253\305\206\337\343&\262"
 478      5B4532D4 
 478      524593F6 
 478      ABC586DF 
 478      E326B2
 479 0322 DD4E89A2 		.ascii	"\335N\211\242\005\225\200\\\350W\367\250;w\311!]6\024"
 479      0595805C 
 479      E857F7A8 
 479      3B77C921 
 479      5D3614
 480 0335 DD90D5A0 		.ascii	"\335\220\325\240/PV\254\310>\377n\036{\374\344\027\210"
 480      2F5056AC 
 480      C83EFF6E 
 480      1E7BFCE4 
 480      1788
 481 0347 E39DEC   		.ascii	"\343\235\354"
 482              		.text
 483              		.section	.gnu.lto__aosSysShellcmdShutdownCallback.edd9554f8e7f11af,"e",%progbits
 484 0000 789C8D56 		.ascii	"x\234\215V[TTU\030\336\377\336g\316\314\234\031H\303"
 484      5B545455 
 484      18DEFFDE 
 484      67CECC9C 
 484      1948C3
 485 0013 CC02ED8C 		.ascii	"\314\002\355\214\245\244&\303*\037Z\366\322Z>\365\022"
 485      A5A426C3 
 485      2A1F5AF6 
 485      D25A3EF5 
 485      12
 486 0024 DAE5B935 		.ascii	"\332\345\2715\301\024\254`\260\231\241\313C\253\003"
 486      C114AC60 
 486      B099A1CB 
 486      43AB03
 487 0033 0E179565 		.ascii	"\016\027\225e\346%\030\213\206$\274\254X\245\222h\014"
 487      E625188B 
 487      8624BCAC 
 487      58A59268 
 487      0C
 488 0044 EA18DE05 		.ascii	"\352\030\336\005\304k\005E\336P4\305\274\241aB\377>"
 488      C46B0545 
 488      DE5034C5 
 488      BCA16142 
 488      FF3E
 489 0056 E7CCCC01 		.ascii	"\347\314\314\001u\214\305:s\316\336\377\267\277o\377"
 489      758CC53A 
 489      73CEDEFF 
 489      B7BF6FFF 
 490 0066 FBFFFE73 		.ascii	"\373\377\376s,\004H\226\215\220\351@\310:B\010\330\011"
 490      2C044896 
 490      8D90E940 
 490      C83A4208 
 490      D809
 491 0078 5045515E 		.ascii	"PEQ^6\027[(e\033\2077\231\005E\022\016)\355/\012\212"
 491      36175B28 
 491      651B8737 
 491      99054512 
 491      0E29ED2F 
ARM GAS  /tmp/ccACgBoh.s 			page 40


 492 008e 9D814D9F 		.ascii	"\235\201M\237\023\250I\237\023\3659SlN\244\346\226\301"
 492      13A8499F 
 492      13F53953 
 492      6C4EA4E6 
 492      96C1
 493 00a0 03CFE39C 		.ascii	"\003\317\343\234\264\253ts\022\316\231\251\365l\371"
 493      B4AB7473 
 493      12CE99A9 
 493      F56CF9
 494 00af A01D472C 		.ascii	"\240\035G,_\335.}\001G,\324\332x\256m\032\217i\0176"
 494      5FDD2E7D 
 494      01472CD4 
 494      DA78AE6D 
 494      1A8F690F 
 495 00c4 8EC7116B 		.ascii	"\216\307\021k\014/\305\356l\000\352\235b\001\362)e\202"
 495      0C2FC5EE 
 495      6C00EA9D 
 495      6201F229 
 495      6582
 496 00d6 49345BAC 		.ascii	"I4[\254\222\015>\205\317X\025\203\236\222\232\333\366"
 496      920D3E85 
 496      CF581583 
 496      9E929ADB 
 496      F6
 497 00e7 252CC408 		.ascii	"%,\304\010\010\370\270\342\300\217\373%\376\010 \343"
 497      08F8B8E2 
 497      C08FFB25 
 497      FE0820E3 
 498 00f7 E3A2D56B 		.ascii	"\343\242\325ko$O[\213\013(\221\252\246\251;[\313\026"
 498      6F244F5B 
 498      8B0B2891 
 498      AAA6A93B 
 498      5BCB16
 499 010a 2D8510A3 		.ascii	"-\205\020\243$\210\361aH\205fH%\374\017Z`\032\306\377"
 499      2488F161 
 499      48856648 
 499      25FC0F5A 
 499      601AC6FF 
 500 011e 74B1F703 		.ascii	"t\261\367\003\366\024\020\274=\325P\263\316\236^\257"
 500      F61410BC 
 500      3DD550B3 
 500      CE9E5EAF 
 501 012e 28254AE4 		.ascii	"(%J\344\330\204UJD\0101\006\333\200\215\200\342\030"
 501      D884554A 
 501      44083106 
 501      DB808D80 
 501      E218
 502 0140 82B7433A 		.ascii	"\202\267C:\"\372\267\254/NfSU\3647\013Ou0\216F\342\033"
 502      22FAB7AC 
 502      2F4E6653 
 502      55F4370B 
 502      4F75308E 
 503 0157 4F68680A 		.ascii	"Ohh\012;\356ASDGT\364\215\246\263\263\331\014\025\\"
 503      3BEE4153 
 503      444754F4 
 503      8DA6B3B3 
 503      D90C155C 
ARM GAS  /tmp/ccACgBoh.s 			page 41


 504 016b 7AECEE32 		.ascii	"z\354\3562Q\247\336\225\246\201\005\330y\017X@\360\317"
 504      51A7DE95 
 504      A68105D8 
 504      790F5840 
 504      F0CF
 505 017d 904E38E6 		.ascii	"\220N8\346\364\306\241\225I\242\3007\306\267\323\012"
 505      F4C6A195 
 505      49A2C037 
 505      C6B7D30A 
 506 018d 229E2A21 		.ascii	"\"\236*!?\0341E\224\241\341r%r.\010\237\257\270\362"
 506      3F1C3145 
 506      94A1E172 
 506      25722E08 
 506      9FAFB8F2 
 507 01a1 641A20D0 		.ascii	"d\032 \320D\361\"2~\021\270\010\023\277\210\374\321"
 507      44F12232 
 507      7E11B808 
 507      13BF88FC 
 507      D1
 508 01b2 CCEF24E0 		.ascii	"\314\357$\340\2320\361\270x2\016\230\307\000\337b\012"
 508      9A30F1B8 
 508      78320E98 
 508      C700DF62 
 508      0A
 509 01c3 BF256431 		.ascii	"\277%d1#|[\002(\021B*\031\325\036\026\340\303%(\253"
 509      237C5B02 
 509      2811422A 
 509      19D51E16 
 509      E0C32528 
 510 01d8 FDAEFD7D 		.ascii	"\375\256\375}N^\303\000E\325\254k\033\266\006\240\244"
 510      4E5EC300 
 510      45D5AC6B 
 510      1BB606A0 
 510      A4
 511 01e9 D8126296 		.ascii	"\330\022b\226 CA\260\013\002@j\230T\303l\030\260d\301"
 511      204341B0 
 511      0B02406A 
 511      9854C36C 
 511      18B064C1 
 512 01fd 951E0B3F 		.ascii	"\225\036\013?.+\020\330\015\251!&\221^\010\374\331:"
 512      2E2B10D8 
 512      0DA92126 
 512      915E08FC 
 512      D93A
 513 020f 2BBE48D3 		.ascii	"+\276H\323\302\313\353\255<\006\005\301\036\375\274"
 513      C2CBEBAD 
 513      3C0605C1 
 513      1EFDBC
 514 021e 2A195B7C 		.ascii	"*\031[|\247\352%\225\366\"\224|\261x\333\346=T\303P"
 514      A7EA2595 
 514      F622947C 
 514      B178DBE6 
 514      3D54C350 
 515 0232 E3BA829A 		.ascii	"\343\272\202\232\320H\327\206\337\222\353\241\256\030"
 515      D048D786 
 515      DF92EBA1 
 515      AE18
ARM GAS  /tmp/ccACgBoh.s 			page 42


 516 0240 A5CAB84B 		.ascii	"\245\312\270K$\207\275|%\330\007\365\300u\313j\306F"
 516      2487BD7C 
 516      25D807F5 
 516      C075CB6A 
 516      C646
 517 0252 49B607D5 		.ascii	"I\266\007\325\363\331\257I\036\203\263\355\207\303\265"
 517      F3D9AF49 
 517      1E83B3ED 
 517      87C3B5
 518 0261 56476648 		.ascii	"VGfH\251\306e\222x\374\217\215\233\206D\036_\255(\265"
 518      A9C66592 
 518      78FC8F8D 
 518      9B86441E 
 518      5FAD28B5 
 519 0275 CD585BC9 		.ascii	"\315X[\311p\000\034Z\376\017\"\020\365\204\330#HQZ\333"
 519      70001C5A 
 519      FE0F2210 
 519      F584D823 
 519      48515ADB 
 520 0289 D83E2F01 		.ascii	"\330>/\001K[\234\345\362\271#?\010\2169\032\313\030"
 520      4B5B9CE5 
 520      F2B9233F 
 520      088E391A 
 520      CB18
 521 029b 1E5FDE7D 		.ascii	"\036_\336}<\310\214,c\241=\312\322\201\300(\305\226"
 521      3CC88C2C 
 521      63A13DCA 
 521      D281C028 
 521      C596
 522 02ad 841487E2 		.ascii	"\204\024\207\342\024\307\366,\331\227\344\360j\024\217"
 522      14C7F62C 
 522      D997E4F0 
 522      6A148F
 523 02bc F2F83B1B 		.ascii	"\362\370;\033>\273n3R\244@g\224\342\260\201\"\234\220"
 523      3EBB6E33 
 523      52A44067 
 523      94E2B081 
 523      229C90
 524 02cf E2489CE2 		.ascii	"\342H\234\342\3702\345\0208>1Ptl\3732l\032Iq4Jq\314"
 524      F832E510 
 524      383E3150 
 524      746CFB32 
 524      6C1A4971 
 525 02e7 40B12321 		.ascii	"@\261#!\305\3618\305\372\276\341f\311Q\001\032\3078"
 525      C5F138C5 
 525      FABEE166 
 525      C951011A 
 525      C738
 526 02f9 0E68EBBD 		.ascii	"\016h\353\275\364=\0309\036\203\023Q\216_\014\034g\022"
 526      F43D1839 
 526      1E831351 
 526      8E5F0C1C 
 526      6712
 527 030b 72FC1AE7 		.ascii	"r\374\032\347h\032\352lHr|\253s\214\347\200\235m[kG"
 527      681AEA6C 
 527      48727CAB 
 527      738CE780 
ARM GAS  /tmp/ccACgBoh.s 			page 43


 527      9D6D5B6B 
 528 0320 A4EA71F8 		.ascii	"\244\352q\370-\312\321e\3408\237\220\243;\3161X\335"
 528      2DCAD165 
 528      E0389F90 
 528      A33BCE31 
 528      58DD
 529 0332 73D5E668 		.ascii	"s\325\346h\3229&p@\303\205\226\205#r\365\004\374\036"
 529      D2392670 
 529      40C38596 
 529      852372F5 
 529      04FC1E
 530 0345 E5F843E7 		.ascii	"\345\370C\347\3406\020\006\002}\273\230\352\003\325"
 530      E0361006 
 530      027DBB98 
 530      EA03D5
 531 0354 38035F9E 		.ascii	"8\003_\236\0215\037H0#\352\025SeU\303,\335\242\245\265"
 531      11351F48 
 531      3023EA15 
 531      536555C3 
 531      2CDDA2A5 
 532 0369 751DF795 		.ascii	"u\035\367\225\365dP\355e=\\\226\321B\2510:2\265\216"
 532      F56450ED 
 532      653D5C96 
 532      D142A930 
 532      3A32B58E 
 533 037d 37191C3C 		.ascii	"7\031\034<\321\275\247\023\015T\207j\322\340$\002\341"
 533      D1BDA713 
 533      0D54876A 
 533      D2E02402 
 533      E1
 534 038e 4FEE2A9C 		.ascii	"O\356*\234i^V\261A\314\374\236\367\206\332\001\234\236"
 534      695E56B1 
 534      41CCFC9E 
 534      F786DA01 
 534      9C9E
 535 03a0 08A730B0 		.ascii	"\010\2470\260ZmN8\035\350[\337%\351\323\233\320 \223"
 535      5A6D4E38 
 535      1DE85BDF 
 535      25E9D39B 
 535      D02093
 536 03b3 E0346456 		.ascii	"\3404dV\363\006\241\346\367x\327r\265\332+pz|\010\033"
 536      F306A1E6 
 536      F778D772 
 536      B5DA2B70 
 536      7A7C081B 
 537 03c7 F219C8D4 		.ascii	"\362\031\310\324\266~\026I0b{e\347A\306\305\311\330"
 537      B67E1649 
 537      30627B65 
 537      E741C6C5 
 537      C9D8
 538 03d9 137A79DF 		.ascii	"\023zy\337p\3606\320\362O\303\336_\352\331\210v(\020"
 538      70F036D0 
 538      F24FC3DE 
 538      5FEAD988 
 538      762810
 539 03ec 437F0C70 		.ascii	"C\177\014p\306\223\213\017\244\314S[\244:k\210\206\363"
 539      C6938B0F 
ARM GAS  /tmp/ccACgBoh.s 			page 44


 539      A4CC535B 
 539      A43A6B88 
 539      86F3
 540 03fe 20C239E4 		.ascii	" \3029\344!\320\307S\230l\314\303\344{\3620\271\216"
 540      21D0C753 
 540      986CCCC3 
 540      E47BF230 
 540      B98E
 541 0410 2B1E9987 		.ascii	"+\036\231\207\247\341\"\317\303\205{\363p\262\261fR"
 541      A7E122CF 
 541      C3857BF3 
 541      70B2B166 
 541      52
 542 0421 D7AC107B 		.ascii	"\327\254\020{\006\376RSAU\272Q\331\300\3437\303%\236"
 542      06FE5253 
 542      4155BA51 
 542      D9C0E337 
 542      C3259E
 543 0434 0BA64DC3 		.ascii	"\013\246M\303e\310\304S\013\240\350\306q\367;\266)A"
 543      65C8C453 
 543      0BA0E8C6 
 543      71F73BB6 
 543      2941
 544 0446 6642BDFD 		.ascii	"fB\275\375Z5%\207\330T\365\310\305\013\227\303K\215"
 544      5A352587 
 544      D854F5C8 
 544      C50B97C3 
 544      4B8D
 545 0458 75F155AC 		.ascii	"u\361U\254.p\201\262\335K\303I|S\024(\\\211\365TsCo"
 545      2E7081B2 
 545      DD4BC349 
 545      7C531428 
 545      5C89F554 
 546 046f 6B0BE520 		.ascii	"k\013\345 P\233\352\335\237\312\354\032\210\347tM\357"
 546      509BEADD 
 546      9FCAEC1A 
 546      88E7744D 
 546      EF
 547 0480 E755C95A 		.ascii	"\347U\311ZS\345\257\332\257W\327\235f\243\232\352\337"
 547      53E5AFDA 
 547      AF57D79D 
 547      66A39AEA 
 547      DF
 548 0491 6A53BDAA 		.ascii	"jS\275\2525\325RY\303\012\243\024\247\007\031\317\360"
 548      35D55259 
 548      C30AA314 
 548      A70719CF 
 548      F0
 549 04a2 354D315F 		.ascii	"5M1_\371`\357\226\273vG\200j\365\377,\337\342\205U\375"
 549      F960EF96 
 549      BB764780 
 549      6AF5FF2C 
 549      DFE28555 
 550 04b7 7D54AF7F 		.ascii	"}T\257\177\034\233\006\327\243\325\177C\255\376\351"
 550      1C9B06D7 
 550      A3D57F43 
 550      ADFEE9
ARM GAS  /tmp/ccACgBoh.s 			page 45


 551 04c6 D16DB5DA 		.ascii	"\321m\265\332t\026\230\036\335\206\345\320\246\360\277"
 551      7416981E 
 551      DD86E5D0 
 551      A6F0BF
 552 04d5 10ABF71D 		.ascii	"\020\253\367\035\035\247\254Z\214\351\376Jn\306\225"
 552      1DA7AC5A 
 552      8CE9FE4A 
 552      6EC695
 553 04e4 0C6EDEBA 		.ascii	"\014n\336\272StTPC\327:\272zc\257=\256$\005\006\242"
 553      53745450 
 553      43D73ABA 
 553      7A63AF3D 
 553      AE240506 
 554 04f9 4A6E1995 		.ascii	"Jn\031\225\374.\350\034q\035\326\316\306\225g\343:\316"
 554      FC2EE81C 
 554      711DD6CE 
 554      C69567E3 
 554      3ACE
 555 050b 27F4DD6D 		.ascii	"'\364\335m\335w\0177\332?\211\2156\230\330hw\022\032"
 555      DD770F37 
 555      DA3F898D 
 555      3698D868 
 555      77121A
 556 051e EDDFA8D1 		.ascii	"\355\337\250\321\356jF\213\025\212\214\2052\364@\243"
 556      EE6A468B 
 556      158A8C85 
 556      32F440A3 
 557 052e E9BEEA7E 		.ascii	"\351\276\352~\220\257\206c\276R(\346(\345\177\031\251"
 557      90AF8663 
 557      BE5228E6 
 557      28E57F19 
 557      A9
 558 053f 983ECC48 		.ascii	"\230>\314H%T7\322\360\375\215\264\200jF\342\323\020"
 558      255437D2 
 558      F0FD8DB4 
 558      806A46E2 
 558      D310
 559 0551 A0BA91BA 		.ascii	"\240\272\221\272\023\032\251\224\252\305\220\0225\222"
 559      131AA994 
 559      AAC59012 
 559      3592
 560 055f 146C5ED3 		.ascii	"\024l^\323\000\361\017\215\233a\335GbB\017\224\321\207"
 560      00F10F8D 
 560      9B61DD47 
 560      62420F94 
 560      D187
 561 0571 7F5894D3 		.ascii	"\177X\224\323\330\033\240\247<\274\031\034\313\365\272"
 561      D81BA0A7 
 561      3CBC191C 
 561      CBF5BA
 562 0580 9BC1016B 		.ascii	"\233\301\001k\357\354k\265\032\337\000\317A\005\325"
 562      EFEC6BB5 
 562      1ADF00CF 
 562      4105D5
 563 058f 2B6F21E5 		.ascii	"+o!\345_\026b\364%`\213\177\203\365\003\305%\3613\215"
 563      5F1662F4 
 563      25608B7F 
ARM GAS  /tmp/ccACgBoh.s 			page 46


 563      83F503C5 
 563      25F1338D 
 564 05a3 0C80194B 		.ascii	"\014\200\031K\221\015\366W\246\341\257\351\3425;\376"
 564      910DF657 
 564      A6E1AFE9 
 564      E2353BFE 
 565 05b3 5817DDB2 		.ascii	"X\027\335\262s\303K\213\006\355\370%\007\032\260$\302"
 565      73C34B8B 
 565      06EDF825 
 565      071AB024 
 565      C2
 566 05c4 CB252D23 		.ascii	"\313%-#\303\211\377\331\205^\267\323\347\315v\272\012"
 566      C389FFD9 
 566      855EB7D3 
 566      E7CD76BA 
 566      0A
 567 05d5 7D6FF93E 		.ascii	"}o\371>\366\371\335\005\031\331D\364\371\275nW\201\340"
 567      F6F9DD05 
 567      19D944F4 
 567      F9BD6E57 
 567      81E0
 568 05e7 F2BE9BCD 		.ascii	"\362\276\233\315/\037<\372\246\317\365\256{\266<\305"
 568      2F1F3CFA 
 568      A6CFF5AE 
 568      7BB63CC5 
 569 05f7 2767CD7D 		.ascii	"'g\315}\343\225\254W%\222!\313o\270\275\005y\036\227"
 569      E395AC57 
 569      259221CB 
 569      6FB8BD05 
 569      791E97
 570 060a DF2DBBF2 		.ascii	"\337-\273\362\363e\177.br|\262\313\223#\373r\213\374"
 570      F3657F2E 
 570      62727CB2 
 570      CB9323FB 
 570      728BFC
 571 061d 39851F7A 		.ascii	"9\205\037z\344\202\302\234\242|w\206D\244\254\371\376"
 571      E482C29C 
 571      A27C7786 
 571      44A4ACF9 
 571      FE
 572 062e BC428F6F 		.ascii	"\274B\217o6\336\312\362\314\231\271\356\374\371\022"
 572      36DECAF2 
 572      CC99B9EE 
 572      FCF912
 573 063d 4995F16F 		.ascii	"I\225\361o\2567\317\343Gx\236O\346\243\262\337\375\221"
 573      AE37CFE3 
 573      47789E4F 
 573      E6A3B2DF 
 573      FD91
 574 064f 1F116379 		.ascii	"\037\021cy\230\327\355\363\273\274\376\347\344\231^"
 574      98D7EDF3 
 574      BBBCFEE7 
 574      E4995E
 575 065e 894CE4D1 		.ascii	"\211L\344\321\257i#\262\353\035\277\333\033#\302x\247"
 575      AF6923B2 
 575      EB1DBFDB 
 575      1B23C278 
ARM GAS  /tmp/ccACgBoh.s 			page 47


 575      A7
 576 066f B6A3F7DC 		.ascii	"\266\243\367\334^\217;\3379'7\357\355\274\254\327\235"
 576      5E8F3BDF 
 576      392737EF 
 576      EDBCACD7 
 576      9D
 577 0680 853EA7D7 		.ascii	"\205>\247\327\357\314\363d\347\027\345\270\235\331\271"
 577      EFCCF364 
 577      E717E5B8 
 577      9DD9B9
 578 068f BACA8C5C 		.ascii	"\272\312\214\\\302fz\211\024c \217\027y\336\363p\311"
 578      C2667A89 
 578      1463208F 
 578      1779DEF3 
 578      70C9
 579 06a1 B8DFA202 		.ascii	"\270\337\242\0027*J\237\342K\227\310\177\334\370\"\376"
 579      372A4A9F 
 579      E24B97C8 
 579      7FDCF822 
 579      FE
 580              		.text
 581              		.section	.gnu.lto_chVTSetI.edd9554f8e7f11af,"e",%progbits
 582 0000 789C6592 		.ascii	"x\234e\222MHTQ\024\307\317y\347\276\367\306q\324]\004"
 582      4D485451 
 582      14C7CF79 
 582      E7BEF7C6 
 582      71D45D04 
 583 0014 16440462 		.ascii	"\026D\004b\224C\253\026A\024m\332\265\010\332\2642\235"
 583      9443AB16 
 583      41146DDA 
 583      B508DAB4 
 583      329D
 584 0026 5012131B 		.ascii	"P\022\023\033\205V]g\006\\(FP\310T\2177\242O[(VdPY\275"
 584      85565D67 
 584      065C2846 
 584      50C8548F 
 584      37A24F5B 
 585 0040 B40F1D27 		.ascii	"\264\017\035'\323\010B\027\2630\263\374\240\240Z\024"
 585      D3084217 
 585      B330B3FC 
 585      A0A05A14 
 586 0050 84D3B9D7 		.ascii	"\204\323\271\327\011t\274\274\367x\347\236\363;\367"
 586      0974BCBC 
 586      F778E79E 
 586      F33BF7
 587 005f 7FCF3901 		.ascii	"\177\3179\001@8K\000\307\001\340\010\277h\002\032R\312"
 587      40384B00 
 587      C701E008 
 587      BF68021A 
 587      52CA
 588 0071 63765BC0 		.ascii	"cv[\3000h\252\347\366^!\203b$\373i\267\220!B\221\367"
 588      3068AAE7 
 588      F65E2183 
 588      6224FB69 
 588      B7902142 
 589 0087 0944FD27 		.ascii	"\011D\375'\003\010W\014\022x\005\257R7\341X\373\322"
 589      0308570C 
ARM GAS  /tmp/ccACgBoh.s 			page 48


 589      127805AF 
 589      5237E158 
 589      FBD2
 590 0099 23A37280 		.ascii	"#\243r\200}\322\357~\270cP\316Hr9\177\222\337\215\205"
 590      7DD2EF7E 
 590      B86350CE 
 590      4872397F 
 590      92DF8D85 
 591 00ad 8FB19203 		.ascii	"\217\261\222\003\2631\347w\250\213}\210\202\315\353"
 591      B331E777 
 591      A88B7D88 
 591      82CDEB
 592 00bc E9079341 		.ascii	"\351\007\223Ae\032\270\207\315\201\305\245\2176\035"
 592      651AB887 
 592      CD81C5A5 
 592      8F361D
 593 00cb 44E0FF4C 		.ascii	"D\340\377L\317\3104UxR\306\244\377\313#\271\317%\302"
 593      CFC83455 
 593      7852C6A4 
 593      FFCB23B9 
 593      CF25C2
 594 00de A7489C12 		.ascii	"\247H\234\022G\261\034\237`9\000\357q\352gX\301@\374"
 594      47B11C9F 
 594      603900EF 
 594      71EA6758 
 594      C140FC
 595 00f1 FEDA6890 		.ascii	"\376\332h\220\016i\330K\017\017\333y8\263\363\246\364"
 595      0E69D84B 
 595      0F0FDB79 
 595      38B3F3A6 
 595      F4
 596 0102 85CB629F 		.ascii	"\205\313b\237o\243\005\323\276\246o\375\350\233/\243"
 596      6FA305D3 
 596      BEA66FFD 
 596      E89B2FA3 
 597 0112 C39A9EF3 		.ascii	"\303\232\236\363\263\313V\236^\232\333\325\027\227'"
 597      B3CB569E 
 597      5E9ADBD5 
 597      179727
 598 0121 5D32F1C5 		.ascii	"]2\361\3056\334d|L\343C\251\237\016\321Q\215\257\256"
 598      36DC647C 
 598      4CE343A9 
 598      9F0ED151 
 598      8DAFAE
 599 0134 7CF0FEE3 		.ascii	"|\360\376\343\213\375Z\271\205\343\333`\213\341\227"
 599      8BFD5AB9 
 599      85E3DB60 
 599      8BE197
 600 0143 58010A59 		.ascii	"X\001\012Y\270\267~\243\304\022\371z\341+\264\270A\000"
 600      B8B77EA3 
 600      C412F97A 
 600      E12BB4B8 
 600      4100
 601 0155 C3EF4D5F 		.ascii	"\303\357M_\256\347\332\371\022\0038{\246\330@uW\256"
 601      AEE7DAF9 
 601      1203387B 
 601      A6D84075 
ARM GAS  /tmp/ccACgBoh.s 			page 49


 601      57AE
 602 0167 1D6BE656 		.ascii	"\035k\346V\360\321&\252\0346\247\263\001:\010T\007\004"
 602      F0D126AA 
 602      1C36A7B3 
 602      013A0854 
 602      0704
 603 0179 4A1FA093 		.ascii	"J\037\240\223\214\015#\316\306\032\306S\253.m9I\035"
 603      8C0D23CE 
 603      C61AC653 
 603      AB2E6D39 
 603      491D
 604 018b B065C3D8 		.ascii	"\260e\303\330\274\221Pp\352\317\001-F\3736\305\342\004"
 604      BC915070 
 604      EACF012D 
 604      46FB36C5 
 604      E204
 605 019d 5AF88645 		.ascii	"Z\370\206E\026\306\347<\033pR\001\270\025H3\360Z\001"
 605      16C6E73C 
 605      1B705201 
 605      B8154833 
 605      F05A01
 606 01b0 38C55FF6 		.ascii	"8\305_\3668w2\271\242\004\306\332\002.\005\222\334\332"
 606      387732B9 
 606      A204C6DA 
 606      022E0592 
 606      DCDA
 607 01c2 B4BA7306 		.ascii	"\264\272s\006\023\310w)\202\025\214\215.\377\375R\252"
 607      13C87729 
 607      82158C8D 
 607      2EFFFD52 
 607      AA
 608 01d3 C21DB219 		.ascii	"\302\035\262\031\350\212\177\317\006\324\250\004u\221"
 608      E88A7FCF 
 608      06D4A804 
 608      7591
 609 01e1 FDF9BB73 		.ascii	"\375\371\273s\245\036\366\242K\305\016\217\317[UT\234"
 609      A51EF6A2 
 609      4BC50E8F 
 609      CF5B5554 
 609      9C
 610 01f2 460FE133 		.ascii	"F\017\3413&\276\216\257O\205\224\220\002\266\030\001"
 610      26BE8EAF 
 610      4F859490 
 610      02B61801 
 611 0202 DFA94850 		.ascii	"\337\251HP\005\242\371\316\205kF\276@\211To\277\251"
 611      05A2F9CE 
 611      856B46BE 
 611      4089546F 
 611      BFA9
 612 0214 904275A1 		.ascii	"\220Bu\241$\217\316\204R7\243\324\361a.\225h^l.p{*7"
 612      248FCE84 
 612      5237A3D4 
 612      F1612E95 
 612      685E6C2E 
 613 022c 48BA7305 		.ascii	"H\272s\005|iR\317\311l\036\3461qH8d\272T\006\3370\226"
 613      7C6952CF 
 613      C96C1EE6 
ARM GAS  /tmp/ccACgBoh.s 			page 50


 613      31714838 
 613      64BA5406 
 614 0243 EA1D428D 		.ascii	"\352\035B\215\251\325A\270\2213\346+s\177UU\230\237"
 614      A9D541B8 
 614      9133E62B 
 614      737F5555 
 614      989F
 615 0255 0B91E6C6 		.ascii	"\013\221\346\306HC\370D]\375\271\372S\247\303\027/\205"
 615      4843F844 
 615      5DFDB9FA 
 615      53A7C317 
 615      2F85
 616 0267 9BA3E1FA 		.ascii	"\233\243\341\372\306\232\206\226\332H\270\246\2565Z"
 616      C69A8696 
 616      DA48B8A6 
 616      AE355A
 617 0276 5507D41A 		.ascii	"U\007\324\032m2k#\015\325\227\255\326\350\371\226\306"
 617      6D326B23 
 617      0DD597AD 
 617      D6E8F996 
 617      C6
 618 0287 1A6AAA6E 		.ascii	"\032j\252n\376\007\310\300&\331"
 618      FE07C8C0 
 618      26D9
 619              		.text
 620              		.section	.gnu.lto__aosSysUptimeCallback.edd9554f8e7f11af,"e",%progbits
 621 0000 789C8D54 		.ascii	"x\234\215TmL\223W\024\276\247\367\245\255P\324mLM\330"
 621      6D4C9357 
 621      14BEA7F7 
 621      A5AD50D4 
 621      6D4C4DD8 
 622 0014 049211C2 		.ascii	"\004\222\021\302p\264\331~\354\327\022\027\222%\376"
 622      70B4D97E 
 622      ECD71217 
 622      9225FE
 623 0023 204BE4C7 		.ascii	" K\344\307~\022\354\232\321\214\202i\3132\177\361\322"
 623      7E12EC9A 
 623      D18C8269 
 623      CB327FF1 
 623      D2
 624 0034 92C2F8D2 		.ascii	"\222\302\370\322\030\021q\226\032:\220}\240\316\230"
 624      18117196 
 624      1A3A907D 
 624      A0CE98
 625 0043 28E0A07E 		.ascii	"(\340\240~\017\201\2151\024\030\212\025\304)8\231\""
 625      0F818D31 
 625      14188A15 
 625      C4293899 
 625      22
 626 0054 8C2D6077 		.ascii	"\214-`w\316}\013\266\005\022\232\366\366\275\347}\236"
 626      CE7D0BB6 
 626      05129AF6 
 626      F6BDE77D 
 626      9E
 627 0065 E79CFBDC 		.ascii	"\347\234\373\334{\217\226\001k\3260\226\011\214\275"
 627      7B8F9601 
 627      6BD63096 
ARM GAS  /tmp/ccACgBoh.s 			page 51


 627      098CBD
 628 0074 C91803CE 		.ascii	"\311\030\003\316@%\313\362NM\261V\005 \236d-\260\"\025"
 628      4025CBF2 
 628      4E4DB156 
 628      05209E64 
 628      2DB02215 
 629 0088 14C17E5E 		.ascii	"\024\301~^\313\341R\351\203VU\352\011|#\373j\237\247"
 629      CBE152E9 
 629      835655EA 
 629      097C23FB 
 629      6A9FA7
 630 009b F53BE572 		.ascii	"\365;\345r\203\2073V\207?\345\003m\220\212\300Q\207"
 630      83873356 
 630      873FE503 
 630      6D908AC0 
 630      5187
 631 00ad 7B5E57CD 		.ascii	"{^W\315=\034@\302\351\241\033g\273\242i\252\202D\234"
 631      3D1C40C2 
 631      E9A11B67 
 631      BBA269AA 
 631      82449C
 632 00c0 FABD73E7 		.ascii	"\372\275s\347\201'\000\303\347\003W\276/\227R\032e\331"
 632      812700C3 
 632      E70357BE 
 632      2F97521A 
 632      65D9
 633 00d2 21FBEE37 		.ascii	"!\373\3567q\371-\017\347\360\023p\224\204\013\020\017"
 633      71F92D0F 
 633      E7F01370 
 633      94840B10 
 633      0F
 634 00e3 ED10CF18 		.ascii	"\355\020\317\030\306P\272\003R\220\320r|\306\315y\262"
 634      C650BA03 
 634      5290D072 
 634      7CC6CD79 
 634      B2
 635 00f4 204F4D0E 		.ascii	" OM\0164\252\203\344\236mGe\237\344\341\022t\256`K\310"
 635      34AA83E4 
 635      9E6D4765 
 635      9FE4E112 
 635      74AE604B 
 636 0109 F6410A23 		.ascii	"\366A\012#\316\330\217/jb\325R\260f\270\010j),\212f"
 636      CED88F2F 
 636      6A62D552 
 636      B066B808 
 636      6A292C8A 
 637 011e 84C354A1 		.ascii	"\204\303T\241\201\022Z\373\361\300\340\273\202)^\206"
 637      81125AFB 
 637      F1C0E0BB 
 637      82295E86 
 638 012e 80E10AA8 		.ascii	"\200\341\012\250\3412\250\303\203W1x\211\202p\015\324"
 638      E132A8C3 
 638      83573178 
 638      8982700D 
 638      D4
 639 013f 61D23C3C 		.ascii	"a\322<<\027I\302u\201\374Y ;\003\207;%\305F-Nk\276\273"
 639      1749C275 
ARM GAS  /tmp/ccACgBoh.s 			page 52


 639      81FC5920 
 639      3B03873B 
 639      25C5462D 
 640 0157 B8A0536C 		.ascii	"\270\240Sl\364\021\357\353\223\025\337\000O\025V\334"
 640      F411EFEB 
 640      9315DF00 
 640      4F1556DC 
 641 0167 AB5CF84F 		.ascii	"\253\\\370O\235\354\025V\004\032\337\233\033w\311\007"
 641      9DEC1556 
 641      041ADF9B 
 641      1B77C907 
 642 0177 5C327878 		.ascii	"\\2xx\024t\223\037\022\334@?\272\310\017\026\226\025"
 642      1474931F 
 642      12DC403F 
 642      BAC80F16 
 642      9615
 643 0189 7A20194B 		.ascii	"z \031K\221\224`\250\314\020\2249w.\013\260e\001\301"
 643      919460A8 
 643      CC109439 
 643      772E0BB0 
 643      6501C1
 644 019c 08D7F805 		.ascii	"\010\327\370\005#\242\372^Q\375\257\021\353\214Za\241"
 644      23A2FA5E 
 644      51FDAF11 
 644      EB8C5A61 
 644      A1
 645 01ad BF62FFD6 		.ascii	"\277b\377\326%\017\243\302M\370\015e\372\"=\354_\366"
 645      250FA3C2 
 645      4DF80D65 
 645      FA223DEC 
 645      5FF6
 646 01bf F0777CC2 		.ascii	"\360w|\302?Jy\252?\312'\277\010\224\312\276\321Sp\360"
 646      3F4A79AA 
 646      3FCA27BF 
 646      0894CABE 
 646      D15370F0 
 647 01d3 506F5A1C 		.ascii	"PoZ\034\340f\253U8h8\015j\03244D\323\020C\203\216\021"
 647      E066AB55 
 647      3868380D 
 647      6A1A3434 
 647      44D31043 
 648 01ea 3596801B 		.ascii	"5\226\200\033i`\254\2023*I\002\331\307X%W)\023'N\246"
 648      6960AC82 
 648      332A4902 
 648      D9C75825 
 648      57291327 
 649 0200 C0313653 		.ascii	"\30016S\325v\027h\347\000\257\213\027\260(\271\361\341"
 649      D5761768 
 649      E700AF8B 
 649      17B028B9 
 649      F1E1
 650 0212 75719AB5 		.ascii	"uq\232\265`\300i\203\347\314|t\322Y\360\310G\022=|\003"
 650      60C06983 
 650      E7CC7C74 
 650      D259F0C8 
 650      47123D7C 
 651 0227 95DD32DE 		.ascii	"\225\3352\336.k%<\033p\023\222\304B\256V\336\351\322"
ARM GAS  /tmp/ccACgBoh.s 			page 53


 651      2E6B253C 
 651      1B701392 
 651      C442AE56 
 651      DEE9D2
 652 023a 60046E81 		.ascii	"`\004n\201\004\003\264\0130(\256Fs\307\345\011]\322"
 652      0403B40B 
 652      3028AE46 
 652      73C7E509 
 652      5DD2
 653 024c B9203B9A 		.ascii	"\271 ;\232\260\317N\236\271\031#\330C\304\206a\220\330"
 653      B0CF4E9E 
 653      B91923D8 
 653      43C48661 
 653      90D8
 654 025e 6370FA17 		.ascii	"cp\372\027k\353\267\323a\"\214\273\271'\260\241\004"
 654      6BEBB7D3 
 654      61228CBB 
 654      B927B0A1 
 654      04
 655 026f 1CC55A0F 		.ascii	"\034\305Z\017\217\251\343j:y\014\376\200\022r@'\340"
 655      8FA9E36A 
 655      3A790CFE 
 655      80127240 
 655      27E0
 656 0281 D3F5FDA5 		.ascii	"\323\365\375\245\261a\333\240Y\271\015-M\333\023\202"
 656      B161DBA0 
 656      59B90D2D 
 656      4DDB1382 
 657 0291 DBA00977 		.ascii	"\333\240\011w\3746\256xD8~\007\324n\2761\"il\035.\377"
 657      FC36AE78 
 657      44387E07 
 657      D46EBE31 
 657      22696C1D 
 658 02a7 36251D55 		.ascii	"6%\035U\222n\304\244\245\376\212\212A\035\311E\326\270"
 658      926EC4A4 
 658      A5FE8A8A 
 658      411DC945 
 658      D6B8
 659 02b9 A90E9D61 		.ascii	"\251\016\235ap\227\260\370\252\3329=\252%\0139D\"\271"
 659      7097B0F8 
 659      AADA393D 
 659      AA250B39 
 659      4422B9
 660 02cc 37782B6E 		.ascii	"7x+n\215\\\353\203F\360\342\031\336\014\367\220\010"
 660      8D5CEB83 
 660      46F0E219 
 660      DE0CF790 
 660      08
 661 02dd 7EF20DDF 		.ascii	"~\362\015\337\264\326\372\032\004\274L\226\023Ic\014"
 661      B4D6FA1A 
 661      04BC4C96 
 661      1349630C 
 662 02ed 71222B8C 		.ascii	"q\"+\214#\016\0213=}\305\261\244\377\012\004\002\000"
 662      230E1133 
 662      3D7DC5B1 
 662      A4FF0A04 
 662      0200
ARM GAS  /tmp/ccACgBoh.s 			page 54


 663 02ff F7213E34 		.ascii	"\367!>4\213B{\225\316\264 M\220xz\274\207\277\306&\301"
 663      8B427B95 
 663      CEB4204D 
 663      90787ABC 
 663      87BFC626 
 664 0314 71F8DBAA 		.ascii	"q\370\333\252O(\356\346\020Zi\334\212J\343\274\324,"
 664      4F28EEE6 
 664      105A69DC 
 664      8A4AE3BC 
 664      D42C
 665 0326 C22B7D1D 		.ascii	"\302+}\035\376$\261\007b\207\037b\020\025\235\365\256"
 665      FE24B107 
 665      62871F62 
 665      10159DF5 
 665      AE
 666 0337 40F7C009 		.ascii	"@\367\300\011\015]j7\217E/Q\2322-\224.\016\027\322e"
 666      0D5D6A37 
 666      8F452F51 
 666      9A322D94 
 666      2E0E17D2 
 667 034c 71730DBE 		.ascii	"qs\015\276 \3501W\353&%BA\324\356\250\354\353\346\224"
 667      20E83157 
 667      EB262542 
 667      41D4EEA8 
 667      ECEBE694 
 668 0360 5F03008F 		.ascii	"_\003\000\217P\026A\247]\240`\242\021\206\230\336\372"
 668      501641A7 
 668      5DA060A2 
 668      118698DE 
 668      FA
 669 0371 A3433A05 		.ascii	"\243C:\005\343+\371\000&\025\3241W\325\310\254J\001"
 669      E32BF900 
 669      2615D431 
 669      57D5C8AC 
 669      4A01
 670 0383 C6201681 		.ascii	"\306 \026\201?L\317\266k\024`\021L)\260\363\256\305"
 670      3F4CCFB6 
 670      6B146011 
 670      4C29B0F3 
 670      AEC5
 671 0395 619382D2 		.ascii	"a\223\202\322!0\310v\\\370\267a\274\206+>\250B}\330"
 671      2130C876 
 671      5CF8B761 
 671      BC862B3E 
 671      A8427DD8 
 672 03a9 B2C2872D 		.ascii	"\262\302\207-\336`\033\014\361a+\374E><\016\356X\333"
 672      DE601B0C 
 672      F1612BFC 
 672      453E3C0E 
 672      EE58DB
 673 03bc C1B2D36A 		.ascii	"\301\262\323jC\272\207o\203'\2108\242\364\336i0(\205"
 673      43BA876F 
 673      83278838 
 673      A2F4DE69 
 673      302885
 674 03cf 82928763 		.ascii	"\202\222\207c*\254\202\322\217\226\213\330\2722\375"
 674      2AAC82D2 
ARM GAS  /tmp/ccACgBoh.s 			page 55


 674      8F968BD8 
 674      BA32FD
 675 03de BD46A6A7 		.ascii	"\275F\246\247/3=\003\003\312\213\335}T=h_Ez\365\315"
 675      2F333D03 
 675      03CA8BDD 
 675      7D543D68 
 675      5F457AF5 
 676 03f3 9C79B999 		.ascii	"\234y\271\231\3171\350\026\247\334\351\017\324\316\215"
 676      CF31E816 
 676      A7DCE90F 
 676      D4CE8D
 677 0402 02F5A455 		.ascii	"\002\365\244U\256b450\006\263KW\221z\310\323\252\266"
 677      AE623435 
 677      3006B34B 
 677      57917AC8 
 677      D3AAB6
 678 0415 04A57105 		.ascii	"\004\245q\005[\310\262\233Z\341f\331D\323\210v\251;"
 678      5BC8B29B 
 678      5AE166D9 
 678      44D38876 
 678      A93B
 679 0427 CC8974FF 		.ascii	"\314\211t\377\210\356\020\331\012\346\261\025<\001\207"
 679      88EE10D9 
 679      0AE6B115 
 679      3C0187
 680 0436 FFAB3A71 		.ascii	"\377\253:qDE+\257\340\240t,\207\217\246o\244\247\353"
 680      44452BAF 
 680      E0A0742C 
 680      878FA66F 
 680      A4A7EB
 681 0449 F16B2CB0 		.ascii	"\361k,\260\232\3646\253Q\237S`\313\266\355\263\331M"
 681      9AF436AB 
 681      519F5360 
 681      CBB6EDB3 
 681      D94D
 682 045b 9674238B 		.ascii	"\226t#\213\262\233-&+\337\233c\215*\264\231\214\266"
 682      B29B2D26 
 682      2BDF9B63 
 682      8D2AB499 
 682      8CB6
 683 046d 1D0AF873 		.ascii	"\035\012\370s\2235\337\224\247\317\3105\3571\177\234"
 683      9335DF94 
 683      A7CFC835 
 683      EF317F9C 
 684 047d A52FB0E9 		.ascii	"\245/\260\351\255v\2759\337\230W\370\251Io\314%Rz.\373"
 684      AD76BD39 
 684      DF9857F8 
 684      A9496FCC 
 684      25527A2E 
 685 0492 682DB0B1 		.ascii	"h-\260\261\300b)\310\327\233\276\264\353?\334\235\251"
 685      C06229C8 
 685      D79BBEB4 
 685      EB3FDC9D 
 685      A9
 686 04a3 CFC8CCDA 		.ascii	"\317\310\314\332\225\245\317\240\002v-iXlf[\366gF#\312"
 686      95A5CFA0 
 686      02762D69 
ARM GAS  /tmp/ccACgBoh.s 			page 56


 686      586C665B 
 686      F6674623 
 687 04b8 6CCECCDA 		.ascii	"l\316\314\332\235\270'\307f\332k5\357HL60\225\225i,"
 687      9DB827C7 
 687      66DA6B35 
 687      EF484C36 
 687      30959569 
 688 04cd 264B8175 		.ascii	"&K\201u\037K[W=\270\034\324y\177-lnN\036\376\341`\265"
 688      1F4B5B57 
 688      3DB81CD4 
 688      797F2D6C 
 688      6E4E1EFE 
 689 04e4 BF936FCE 		.ascii	"\277\223o\316C\002\231\221-\226\216\274\267\327\225"
 689      43029991 
 689      2D968EBC 
 689      B7D795
 690 04f3 E30B3B42 		.ascii	"\343\013;B\377\007\320G\3141"
 690      FF07D047 
 690      CC31
 691              		.text
 692              		.section	.gnu.lto__aosSysGpioCallback.edd9554f8e7f11af,"e",%progbits
 693 0000 789C7552 		.ascii	"x\234uR[H\024a\024\376\277\371g/^\263^\355\262B\021"
 693      5B481461 
 693      14FEBFF9 
 693      672F5EB3 
 693      5EEDB242 
 694 0015 65384B6F 		.ascii	"e8Ko\275\025B\340\203\024J\317a\333\222K\255\033;\006"
 694      BD1542E0 
 694      83144ACF 
 694      61DB924B 
 694      AD1B3B06 
 695 0029 0981E3AE 		.ascii	"\011\201\343\256\245\245\030\250yy\260\211\314.\017"
 695      A5A518A8 
 695      7979B089 
 695      CC2E0F
 696 0038 99590FDD 		.ascii	"\231Y\017\335\264\351be\027\263U\267\324\0241\014\251"
 696      B4E96265 
 696      17B355B7 
 696      D414310C 
 696      A9
 697 0049 28A888CA 		.ascii	"(\250\210\312\312\316?\263\206n5\354\016s\316\371\316"
 697      CACE3FB3 
 697      866E35EC 
 697      0E73CEF9 
 697      CE
 698 005a 77BEFF3F 		.ascii	"w\276\377?\237\223\201m\225\031\353d\214-\243?8\203"
 698      9F93816D 
 698      9519EB64 
 698      8C2DA33F 
 698      3883
 699 006c A469DA46 		.ascii	"\244i\332FG\231S\002\314/\315\011V*\241\024Gy#\307\355"
 699      47995302 
 699      CC2FCD09 
 699      562AA114 
 699      477923C7 
 700 0081 8AD757A5 		.ascii	"\212\327W\2455g\250\242\031\215\035\231\221\260v\304"
 700      3567A8A2 
ARM GAS  /tmp/ccACgBoh.s 			page 57


 700      198D1D99 
 700      91B076C4 
 701 0091 AD73C69A 		.ascii	"\255s\306\232\351o=\270\2065\004\034\017\265|M\256\341"
 701      E96F3DB8 
 701      8635041C 
 701      0FB57C4D 
 701      AEE1
 702 00a3 3A07640A 		.ascii	":\007d\012\353\037^\356M\024\241\004\027\205\3557~\316"
 702      EB1F5EEE 
 702      4D14A104 
 702      1785ED37 
 702      7ECE
 703 00b5 24F31560 		.ascii	"$\363\025`\364}\245*\332e[\335\246i!\315\370q\212k+"
 703      F47DA52A 
 703      DA655BDD 
 703      A66921CD 
 703      F8718A6B 
 704 00ca 75CED105 		.ascii	"u\316\321\005N\224\270\201t\\G:c\224#\352n\254f\242"
 704      4E94B881 
 704      745C473A 
 704      639423EA 
 704      6EAC66A2 
 705 00de 65F2E2AF 		.ascii	"e\362\342\257c)v96\0257a\227\026d\301\342`\322\374D"
 705      63297639 
 705      36153761 
 705      971664C1 
 705      E260D2FC 
 706 00f3 B9507FE2 		.ascii	"\271P\177\342St\275\331i\026\347\201q\033v\334\202}"
 706      5374BDD9 
 706      6916E781 
 706      711B76DC 
 706      827D
 707 0105 61F20E25 		.ascii	"a\362\016%\015\221\304]\330\027P\363\277\251\277E\245"
 707      0D91C45D 
 707      D81750F3 
 707      BFA9BF45 
 707      A5
 708 0116 18355FC8 		.ascii	"\0305_\310r\217Xz\342\251\357\377\241~@_\304v!b3\264"
 708      728F587A 
 708      E2A9EFFF 
 708      A17E405F 
 708      C4762162 
 709 012c 5FB3159A 		.ascii	"_\263\025\232\321w\036\265\203\237\327&\201\316/K\342"
 709      D1771EB5 
 709      839FD726 
 709      81CE2F4B 
 709      E2
 710 013d C5C54B86 		.ascii	"\305\305K\206u\023U\234\211y24\203\261j.YA\230\202\267"
 710      7513559C 
 710      89793234 
 710      83B16A2E 
 710      59419882 
 711 0152 084D5E8A 		.ascii	"\010M^\212\314\244\010\265\240%\357\246\201Z\333\364"
 711      CCA408B5 
 711      A025EFA6 
 711      815ADBF4 
 712 0162 7D730536 		.ascii	"}s\0056\270)<\251w~M\3148\240kM.\235\333\205\242\363"
ARM GAS  /tmp/ccACgBoh.s 			page 58


 712      B8293CA9 
 712      777E4DCC 
 712      38A06B4D 
 712      2E9DDB85 
 713 0178 AFAE6B4E 		.ascii	"\257\256kN\032\303\360\020\031\246\306\236\352\261^"
 713      1AC3F010 
 713      19A6C69E 
 713      EAB15E
 714 0187 0765F008 		.ascii	"\007e\360\0102z\305\036\360\330\\\347\331\356;S\311"
 714      327AC51E 
 714      F0D85CE7 
 714      D9EE3B53 
 714      C9
 715 0198 19A556B3 		.ascii	"\031\245V\263C@?\266w\016%\231\315OD3\372 \263w\010"
 715      43403FB6 
 715      770E2599 
 715      CD4F4433 
 715      FA20B377 
 716 01ad 4F74D51F 		.ascii	"Ot\325\037_.nO`Z\316>\236M(G\250\314\251sg3\227\305"
 716      5F2E6E4F 
 716      605ACE3E 
 716      9E4D2847 
 716      A8CCA973 
 717 01c5 55333C45 		.ascii	"U3<E\2718_\002{\203PC\325\205\317\321\223I\342\362Z"
 717      B9385F02 
 717      7B835043 
 717      D585CFD1 
 717      9349E2F2 
 718 01da 38A8A526 		.ascii	"8\250\245&\374a\334)D'\232^1F:\206S\333\320ZF'\245\311"
 718      FC61DC29 
 718      44279A5E 
 718      31463A86 
 718      53DBD05A 
 719 01f2 492D44D2 		.ascii	"I-D\322o\352z\2066\020C\270\241\002V\267d\021\030\035"
 719      6FEA7A86 
 719      361043B8 
 719      A10256B7 
 719      6411181D 
 720 0206 75030E41 		.ascii	"u\003\016A c\021\"\004%\314\367C\033,\214ptwu\377#n"
 720      20631122 
 720      0425CCF7 
 720      431B2C8C 
 720      70747775 
 721 021d 018001A4 		.ascii	"\001\200\001\244S'\011?\350\022\210x\321\311\315\334"
 721      5327093F 
 721      E8128878 
 721      D1C9CDDC 
 722 022d 46B30685 		.ascii	"F\263\006\205\342\371\342R\020\217Li\215\371\":z\257"
 722      E2F9E252 
 722      108F4C69 
 722      8DF9223A 
 722      7AAF
 723 023f 9FA4B542 		.ascii	"\237\244\265B\347\251\210R#\206\204^\252\\\253\255\354"
 723      E7A98852 
 723      2386845E 
 723      AA5CABAD 
 723      EC
ARM GAS  /tmp/ccACgBoh.s 			page 59


 724 0250 B0BBDB4D 		.ascii	"\260\273\333M\307|\244\362\"<'`\223ii*\227O\237\033"
 724      C77CA4F2 
 724      223C2760 
 724      9369692A 
 724      974F9F1B 
 725 0264 498C95DB 		.ascii	"I\214\225\333%\235\247\341\005\334Ms\326\27654R\307"
 725      259DA7E1 
 725      05DC4D73 
 725      D6BE3534 
 725      52C7
 726 0276 C5AC4A2A 		.ascii	"\305\254J*\247\352|1\206\3416%c\204\206\320\321t\276"
 726      A7EA7C31 
 726      86E13625 
 726      638486D0 
 726      D174BE
 727 0289 24B6802F 		.ascii	"$\266\200/\313\205\307\376\261\000\2730$\303\350\334"
 727      CB85C7FE 
 727      B100BB30 
 727      24C3E8DC 
 728 0299 02846B2E 		.ascii	"\002\204k.Ff`\031\321r\315\2373\332\3143VN\235\036u"
 728      46666019 
 728      D172CD9F 
 728      33DACC33 
 728      564E9D1E 
 729 02ae CE39E2A5 		.ascii	"\3169\342\245y\363c\246#\342\367?N\373\177\217\320\304"
 729      79F363A6 
 729      23E2F73F 
 729      4EFB7F8F 
 729      D0C4
 730 02c0 E1E96DA6 		.ascii	"\341\351m\246,\361TqX\026\015\031\"\\\232\225\245\320"
 730      2CF15471 
 730      58160D19 
 730      225C9A95 
 730      A5D0
 731 02d2 CF13087A 		.ascii	"\317\023\010z\0255\350Q\012\002\352v\265D-\366\372\263"
 731      1535E851 
 731      0A02EA76 
 731      B5442DF6 
 731      FAB3
 732 02e4 3C4C2E08 		.ascii	"<L.\010\356R7[\210\335\336`\221w\217\222]\350\333\341"
 732      EE52375B 
 732      88DDDE60 
 732      91778F92 
 732      5DE8DBE1 
 733 02f8 DB92AF04 		.ascii	"\333\222\257\004T\352\361\373\003E\212w\177\261\262"
 733      54EAF1FB 
 733      03458A77 
 733      7FB1B2
 734 0307 292F57C9 		.ascii	")/W\311\316\315\317\311W\262\005QN\221g\317\276\235"
 734      CECDCFC9 
 734      57B20551 
 734      4E9167CF 
 734      BE9D
 735 0319 5EC5E357 		.ascii	"^\305\343W}\352\366]\036OV!K\313\315\317s\355(P\275"
 735      7DEAF65D 
 735      1E4F5621 
 735      4BCBCDCF 
ARM GAS  /tmp/ccACgBoh.s 			page 60


 735      73ED2850 
 736 032e 7B83BE75 		.ascii	"{\203\276u\256Un&\005\231\303\357\365\007\202%,\363"
 736      AE556E26 
 736      0599C3EF 
 736      F5078225 
 736      2CF3
 737 0340 7F2382C5 		.ascii	"\177#\202\305\212o\216\253\220d\021\317o\2354\216\003"
 737      8A6F8EAB 
 737      906411CF 
 737      6F9D348E 
 737      03
 738              		.text
 739              		.section	.gnu.lto_aosSysShutdownInit.part.0.edd9554f8e7f11af,"e",%progbits
 740 0000 789C6551 		.ascii	"x\234eQ\317KTQ\024\276\337;o\236O3l\025\302\004)\"\346"
 740      CF4B5451 
 740      14BEDF3B 
 740      6F9E4F33 
 740      6C15C204 
 741 0017 E6CD548B 		.ascii	"\346\315T\213v\321\337\320?\0202\015\325\"\007\346M"
 741      76D1DFD0 
 741      3F10320D 
 741      D52207E6 
 741      4D
 742 0028 442BEF4C 		.ascii	"D+\357L3\315\230b\020\204\343bx#\303\240\213\260\037"
 742      33CD9862 
 742      1084E362 
 742      7823C3A0 
 742      8BB01F
 743 003b 68909A4D 		.ascii	"h\220\232M\223Y\231\224\2640\250\210p\241\201QP\006"
 743      93599994 
 743      B430A888 
 743      70A18151 
 743      5006
 744 004d D1C2E9DC 		.ascii	"\321\302\351\334\373\306\002\347\362\356;\207{\276\357"
 744      FBC602E7 
 744      F2EE3B87 
 744      7BBEEF
 745 005c 7CE77ED7 		.ascii	"|\347~\327\026\020UC\210\223B\210\243\274\021\0200\245"
 745      16105543 
 745      88934288 
 745      A3BC1110 
 745      30A5
 746 006e 94A79A60 		.ascii	"\224\247\232`\302\360\023\003\244\223\244M\200\316\244"
 746      C2F01303 
 746      A493A44D 
 746      80CEA4
 747 007d 0D31601A 		.ascii	"\0151`\032\204\001\334\240QB5\273\361\320\350\235\340"
 747      8401DCA0 
 747      514235BB 
 747      F1D0E89D 
 747      E0
 748 008e 9AAC8C2E 		.ascii	"\232\254\214.\234X\227\253\222<\022b\214\267\277\366"
 748      9C5897AB 
 748      923C1262 
 748      8CB7BFF6 
 749 009e 8064C568 		.ascii	"\200d\305h\367\001P\242\263\350UaN\005F\256\337\333"
 749      F70150A2 
ARM GAS  /tmp/ccACgBoh.s 			page 61


 749      B3E85561 
 749      4E0546AE 
 749      DFDB
 750 00b0 B9B5DF32 		.ascii	"\271\265\3372\353t>\310\325^\017\356\243\303P\371\375"
 750      EB743EC8 
 750      D55E0FEE 
 750      A3C350F9 
 750      FD
 751 00c1 C1E5504F 		.ascii	"\301\345POY\312\224\254,fH\266z<\324#\020cq<\210pP\010"
 751      59CA94AC 
 751      2C6648B6 
 751      7A3CD423 
 751      1063713C 
 752 00d9 4F356564 		.ascii	"O5ed\366\367\233\007m\335%\015\235n\377,\017\374\203"
 752      F6F79B07 
 752      6DDD250D 
 752      9D6EFF2C 
 752      0FFC83
 753 00ec A20EC502 		.ascii	"\242\016\305\002z\352\022uM<F\267\232\012\363\260x\242"
 753      7AEA1275 
 753      4D3C46B7 
 753      9A0AF3B0 
 753      78A2
 754 00fe 0AFFB919 		.ascii	"\012\377\271\031\324\361\235\267\001)wjY)\337;S\006"
 754      D4F19DB7 
 754      0129776A 
 754      5929DF3B 
 754      5306
 755 0110 8F364442 		.ascii	"\2176DB]\306\204JM?%1L\306n\372\005\311\342\346\366"
 755      5DC6844A 
 755      4D3F2531 
 755      4CC66EFA 
 755      05C9E2E6 
 756 0125 69D58515 		.ascii	"i\325\205\025\246'\0123v\3278\327\222\352\376h0\350"
 756      A6270A33 
 756      76D738D7 
 756      92EAFE68 
 756      30E8
 757 0137 6739F3CE 		.ascii	"g9\363\316h\000h\203\236\240K\205*\207\257\310\024\267"
 757      68006883 
 757      9EA04B85 
 757      2A87AFC8 
 757      14B7
 758 0149 B6E37A34 		.ascii	"\266\343z4&\025&Wj\315i\244\222\266G\306\030\361S\342"
 758      26152657 
 758      6ACD69A4 
 758      92B647C6 
 758      18F153E2 
 759 015d 29D2DAA9 		.ascii	")\322\332\251\221\253\337?\331#\374\020\204\275H*\221"
 759      91ABDF3F 
 759      D923FC10 
 759      84BD482A 
 759      91
 760 016e AFB9F661 		.ascii	"\257\271\366ai\025e\224X\314\3043&b\021A]\231\275\231"
 760      69156594 
 760      58CCC433 
 760      26621141 
ARM GAS  /tmp/ccACgBoh.s 			page 62


 760      5D99BD99 
 761 0182 BB6B85A7 		.ascii	"\273k\205\247\324]:<\012`\211a\371\335\007\251^\277"
 761      D45D3A3C 
 761      0A608961 
 761      F9DD07A9 
 761      5EBF
 762 0194 B6D6A27A 		.ascii	"\266\326\242z\345t\325\302s\204}\263^p\017\006\214\247"
 762      E574D5C2 
 762      73847DB3 
 762      5E700F06 
 762      8CA7
 763 01a6 0A69ABF3 		.ascii	"\012i\253\363\210'\363\\nR\224\333?\376d\333\024%\257"
 763      8827F35C 
 763      6E5294DB 
 763      3FFE64DB 
 763      1425AF
 764 01b9 29365EA2 		.ascii	")6^\242\323\247,3\305\243f\356<L\364\337;=\364|!U\264"
 764      D3A72C33 
 764      C5A366EE 
 764      3C4CF4DF 
 764      3B3DF47C 
 765 01d0 B427BC26 		.ascii	"\264'\274&m\321`\332\314\334\307\215\326\006\2006\355"
 765      6DD160DA 
 765      CCDCC78D 
 765      D6068036 
 765      ED
 766 01e1 956FDA0A 		.ascii	"\225o\332\012\207oH\0257\177\035\323zj\015\021|!\366"
 766      876F4815 
 766      377F1DD3 
 766      7A6A0D11 
 766      7C21F6
 767 01f4 4B1C729C 		.ascii	"K\034r\234\020\177\221X<\032r\343\221P_\314=\343^q\023"
 767      107F9158 
 767      3C1A72E3 
 767      91505FCC 
 767      3DE35E71 
 768 0209 D18B4E44 		.ascii	"\321\213ND\330\356\371K\211\263\261\313\375\007\343"
 768      D8EEF94B 
 768      89B3B1CB 
 768      FD07E3
 769 0218 5137D117 		.ascii	"Q7\321\027O\\\350?\327Q\257:N\213\370\013MQ\354\363"
 769      4F5CE83F 
 769      D751AF3A 
 769      4E8BF80B 
 769      4D51ECF3 
 770              		.text
 771              		.section	.gnu.lto__aosSysPrintSystemInfoSeparator.edd9554f8e7f11af,"e",%progbits
 772 0000 789C9555 		.ascii	"x\234\225U\335O\024W\024\277g\356|\357,\245\030\015"
 772      DD4F1457 
 772      14BF67EE 
 772      7CEF2CA5 
 772      180D
 773 0012 B258581A 		.ascii	"\262XX\032JM,\220\366E\337\372\2374\206\220\276\324"
 773      4A4D2C90 
 773      F645DFFA 
 773      9F348690 
 773      BED4
ARM GAS  /tmp/ccACgBoh.s 			page 63


 774 0024 9AB0A4A9 		.ascii	"\232\260\244\251O\016\013\350\003Di\202\005\214\343"
 774      4F0E0BE8 
 774      03446982 
 774      058CE3
 775 0033 5A948009 		.ascii	"Z\224\200\011\245\264\322*\210\272\224V\020iY\250\037"
 775      A5B4D22A 
 775      88BA9456 
 775      106959A8 
 775      1F
 776 0044 C50FFCA8 		.ascii	"\305\017\374\250 \265X\244MiK-\366\234{g]\326\302\003"
 776      20B558A4 
 776      4D694B2D 
 776      F69C7B67 
 776      5DD6C203 
 777 0058 93DD3BE7 		.ascii	"\223\335;\347\336{~\2773\347w\316\2351\031\260\"\223"
 777      DE7B7EBF 
 777      33E777CE 
 777      9D3119B0 
 777      2293
 778 006a B1371963 		.ascii	"\2617\031c#\370\207 \003\305u\335\267\215*SQ\234\303"
 778      23F88720 
 778      03C575DD 
 778      B78D2A53 
 778      519CC3
 779 007d A766B6A9 		.ascii	"\247f\266\251\256m\315\214\266lP]\307\001U\354\001\367"
 779      AE6DCD8C 
 779      B66C505D 
 779      C70155EC 
 779      01F7
 780 008f 8D015355 		.ascii	"\215\001SU8Z\245\350\244\341=\023\2354EG+\237`\362\356"
 780      385AA5E8 
 780      A4E13D13 
 780      9D344547 
 780      2B9F60F2 
 781 00a4 E860F994 		.ascii	"\350`\371\224\026\004$\201\341\033\003f@1&\236,mGw\273"
 781      16042481 
 781      E11B0366 
 781      4031269E 
 781      2C6D4777 
 782 00b9 EB60AD81 		.ascii	"\353`\255\201\3566\200\330sM`{\025\207\253\232n\031"
 782      EE3680D8 
 782      734D607B 
 782      1587AB9A 
 782      6E19
 783 00cb 011BF672 		.ascii	"\001\033\366r\225A\\\305\340\317\007&\256\200XN\370"
 783      95415CC5 
 783      E0CF0726 
 783      AE80584E 
 783      F8
 784 00dc A37F1DE4 		.ascii	"\243\177\035\344M\034\246\242\336_\316\001\036\343\014"
 784      4D1CA6A2 
 784      DE5FCE01 
 784      1EE30C
 785 00eb 549C368E 		.ascii	"T\2346\216\364\\\262i\012\220\217\323\326\205\301/\203"
 785      F45CB269 
 785      0A908FD3 
 785      D685C12F 
ARM GAS  /tmp/ccACgBoh.s 			page 64


 785      83
 786 00fc 5BDB5D37 		.ascii	"[\333]7\352\306\233z2\216\366$\\+\306\025\326\202\356"
 786      EAC69B7A 
 786      328EF624 
 786      5C2BC615 
 786      D682EE
 787 010f 6721047D 		.ascii	"g!\004}\020\022T\320\017[\321\275\367\321\364\007<\017"
 787      101254D0 
 787      0F5BD1BD 
 787      F7D1F407 
 787      3C0F
 788 0121 189AF73A 		.ascii	"\030\232\367:\275\016\247\250M \037d\037v\343j\214s"
 788      BD0EA7A8 
 788      4D201F64 
 788      1F76E36A 
 788      8C73
 789 0133 38073C0D 		.ascii	"8\007<\015\212k\010>\017E\210\370\276\275\255\321\346"
 789      8A6B083E 
 789      0F4588F8 
 789      BEBDADD1 
 789      E6
 790 0144 AF09F42F 		.ascii	"\257\011\364/\237F\307\025D7 \372iN\263\033\207\030"
 790      9F46C715 
 790      443720FA 
 790      694EB31B 
 790      8718
 791 0156 57E18244 		.ascii	"W\341\202D\277\025\202R\201U\021\033\027\330#\375G\273"
 791      BF158252 
 791      8155111B 
 791      17D823FD 
 791      47BB
 792 0168 2DFEBAC0 		.ascii	"-\376\272\300\036h\274p*\350G\236\313\225\2215\030\370"
 792      1E68BC70 
 792      2AE8479E 
 792      CB959135 
 792      18F8
 793 017a 5F640DD1 		.ascii	"_d\015\321_C\021#\314\277n\343\307\031\374\015\201\357"
 793      5F431123 
 793      CCBF6EE3 
 793      C719FC0D 
 793      81EF
 794 018c 9A3D7982 		.ascii	"\232=y\202\027\036\027\370\345\336\314\326jw\330E\012"
 794      171E17F8 
 794      E5DECCD6 
 794      6A77D845 
 794      0A
 795 019d 05065FA0 		.ascii	"\005\006_\240\240\013\375\357\177\276|(\250\253\360"
 795      A00BFDEF 
 795      7FBE7C28 
 795      A8ABF0
 796 01ac 0D14922E 		.ascii	"\015\024\222.\244\306\267\240c\3270\240\265\317&\264"
 796      A4C6B7A0 
 796      63D730A0 
 796      B5CF26B4 
 797 01bc B8BBFC6C 		.ascii	"\270\273\374l\277\033\237\332\361\311\302+\257\002\206"
 797      BF1B9FDA 
 797      F1C9C22B 
ARM GAS  /tmp/ccACgBoh.s 			page 65


 797      AF0286
 798 01cb D6151C0C 		.ascii	"\326\025\034\014N\226J\226\206\203\242\323\324\240\251"
 798      4E964A96 
 798      8683A2D3 
 798      D4A0A9
 799 01da 49964596 		.ascii	"I\226E\226MV\200,\207\021YP\214\231@\017\236\005$\334"
 799      4D56802C 
 799      87115950 
 799      8C99400F 
 799      9E0524DC 
 800 01ee 46DC3437 		.ascii	"F\33447\211\345l1n\006\322$$\354-\304\233'\314\260\030"
 800      89E56C31 
 800      6E06D224 
 800      24EC2DC4 
 800      9B27CCB0 
 801 0203 0BC4C858 		.ascii	"\013\304\310X\035gO\226:\266\203\033g\254\236+\302\256"
 801      1D674F96 
 801      3AB6831B 
 801      67AC9E2B 
 801      C2AE
 802 0215 427B1A6A 		.ascii	"B{\032jf\007\257\3659\224\201\3073I\315\352\371)\223"
 802      6607AFF5 
 802      399481C7 
 802      3349CDEA 
 802      F92993
 803 0228 1A420306 		.ascii	"\032B\003\006\027\375\264\353\2703\333\372U\021\000"
 803      17FDB4EB 
 803      B833DBFA 
 803      551100
 804 0237 82F999D9 		.ascii	"\202\371\231\331\326EFh\345\021D\373\177\356z\010\022"
 804      D6454668 
 804      E51144FB 
 804      7FEE7A08 
 804      12
 805 0248 0D2BD15C 		.ascii	"\015+\321\\H\033\277\321=\231\321\006\307\253\250\355"
 805      481BBFD1 
 805      3D99D106 
 805      C7ABA8ED 
 806 0258 63DCF278 		.ascii	"c\334\362x\026\014\021'\356U\305\356\234\321K\273\\"
 806      160C1127 
 806      EE55C5EE 
 806      9CD14BBB 
 806      5C
 807 0269 B9A5C330 		.ascii	"\271\245\3030\264A\263\224\363\022\2242\342\266$\261"
 807      B441B394 
 807      F3129432 
 807      E2B624B1 
 808 0279 B292585F 		.ascii	"\262\222X_\215\330\306\3500\342\023w\235n\037\013\""
 808      8DD8C6E8 
 808      30E21377 
 808      9D6E1F0B 
 808      22
 809 028a 7183D80A 		.ascii	"q\203\330\012\300eA\014D<\212\304sP\233/\012\206\304"
 809      C065410C 
 809      443C8AC4 
 809      73509B2F 
 809      0A86C4
ARM GAS  /tmp/ccACgBoh.s 			page 66


 810 029d F8CFF2F8 		.ascii	"\370\317\362\370\346\030w0^\365\221}\267\377\350\344"
 810      E6187730 
 810      5EF5917D 
 810      B7FFE8E4 
 811 02ad 3266C8E3 		.ascii	"2f\310\343\016r\235\257O\\\346\024V\001\200\357\204"
 811      0E729DAF 
 811      4F5CE614 
 811      560180EF 
 811      84
 812 02be 1AF55C3D 		.ascii	"\032\365\\=V7\351\001)\000B\277m\022B\376\321\253\235"
 812      5637E901 
 812      290042BF 
 812      6D1242FE 
 812      D1AB9D
 813 02d1 A733A43F 		.ascii	"\2473\244?6\270To\021\034\344\343\277\345\340\376\320"
 813      36B8546F 
 813      111CE4E3 
 813      BFE5E0FE 
 813      D0
 814 02e2 FCE32B20 		.ascii	"\374\343+ \367\031\214A\310Yz8\240 \245&\344\245\212"
 814      F7198C41 
 814      C8597A38 
 814      A020A526 
 814      E4A58A
 815 02f5 084D7BDB 		.ascii	"\010M{\333}M\371:EL\244D\034O\027Q]U5\276\246j\023)"
 815      7D4DF93A 
 815      454CA444 
 815      1C4F1751 
 815      5D5535BE 
 816 030d D57E4857 		.ascii	"\325~HWM%\325V\276:\202\220\017W D*\316\301\276c\177"
 816      4D25D556 
 816      BE3A8290 
 816      0F572044 
 816      2ACEC1BE 
 817 0323 7A3932E4 		.ascii	"z92\344Ft\362:F\237Y5\020\2552c<\243\205\370\340*\324"
 817      4674F23A 
 817      469F5935 
 817      10AD3263 
 817      3CA385F8 
 818 033a 804F5137 		.ascii	"\200OQ7~r\331\010\227\304\334f\214\371\022=Fb\276\273"
 818      7E72D908 
 818      97C4DC66 
 818      8CF9123D 
 818      4662BEBB 
 819 034e C324FF66 		.ascii	"\303$\377f\361\034\231p\015\302\362x]G\030\266h\214"
 819      F11C9970 
 819      0DC2F278 
 819      5D4718B6 
 819      688C
 820 0360 BF4C693D 		.ascii	"\277Li=\335\357+\244a\034Y\274=ra\023\256\255|\317)"
 820      DDEF2BA4 
 820      611C59BC 
 820      3D726113 
 820      AEAD7CCF 
 821 0375 A0C28F98 		.ascii	"\240\302\217\230$\226\352\326\340\362\331R\337\013]"
 821      2496EAD6 
 821      E0F2D952 
ARM GAS  /tmp/ccACgBoh.s 			page 67


 821      DF0B5D
 822 0384 EE765FFC 		.ascii	"\356v_\374= ]\306\030L\372\275^\317\365\236\217nnH\025"
 822      3D205DC6 
 822      184CFABD 
 822      5ECFF59E 
 822      8F6E6E48 
 823 0399 6338D9E0 		.ascii	"c8\331\340\372:\213q#U\214\233\351\3050V-\206\276f1"
 823      FA3A8B71 
 823      23558C9B 
 823      E9C53056 
 823      2D86BE66 
 824 03ae 6EA58A71 		.ascii	"n\245\212q;\275\030\006)\231T_\310p\310\327!\033\223"
 824      3BBD1806 
 824      2999545F 
 824      C870C8D7 
 824      211B93
 825 03c1 7CDEB256 		.ascii	"|\336\262V\362\304\003\266c\0307u\205\332O\241\366C"
 825      F2C403B6 
 825      63183775 
 825      85DA4FA1 
 825      F643
 826 03d3 3FAD6F7E 		.ascii	"?\255o~\007z\031\015\265\327\207x\352h\217%\333\320"
 826      077A190D 
 826      B5D78778 
 826      EA688F25 
 826      DBD0
 827 03e5 5C67E653 		.ascii	"\\g\346S\251\314\357\244gn\255\232\271\271f\346wS\231"
 827      A9CCEFA4 
 827      676EAD9A 
 827      B9B966E6 
 827      775399
 828 03f8 DF4BCFDC 		.ascii	"\337K\317\334z\361\360>\376\373\204\"\203\344y\330\223"
 828      7AF1F03E 
 828      FEFB8422 
 828      83E479D8 
 828      93
 829 0409 C9D4E9AB 		.ascii	"\311\324\351\253\352\252x|E\003\344J\217`\262\334\213"
 829      EAAA787C 
 829      4503E44A 
 829      8F60B2DC 
 829      8B
 830 041a 10F47898 		.ascii	"\020\364x\230\270\362\214/\262\320\335^H\276\033\205"
 830      B8F28C2F 
 830      B2D0DD5E 
 830      48BE1B85 
 831 042a 0493EF4A 		.ascii	"\004\223\357J\200\275N\005\356\247\024\370)]\201\300"
 831      80BD4E05 
 831      EEA714F8 
 831      295D81C0 
 832 043a AA0AD86B 		.ascii	"\252\012\330k*\360 \245\300t\272\002\001\377\024\265"
 832      2AF020A5 
 832      C074BA02 
 832      01FF14B5 
 833 044a 3479E33A 		.ascii	"4y\343:\365q\026\3300\263\242\025\316\375\363\236\214"
 833      F57116D8 
 833      30B3A215 
 833      CEFDF39E 
ARM GAS  /tmp/ccACgBoh.s 			page 68


 833      8C
 834 045b B9C5E305 		.ascii	"\271\305\343\005B\220_!\232\357/\211\344\013P\212\000"
 834      42905F21 
 834      9AEF2F89 
 834      E40B508A 
 834      00
 835 046c BDDF6121 		.ascii	"\275\337a!\371y`,\267\270\270\004\177e\273+\312K\"\025"
 835      F979602C 
 835      B7B8B804 
 835      7F65BB2B 
 835      CA4B2215 
 836 0480 65253B77 		.ascii	"e%;wG\336\211\354\211T\226\357*.cz\244\262\242|\347"
 836      47DE89EC 
 836      895496EF 
 836      2A2E637A 
 836      A4B2A27C 
 837 0495 2E28532B 		.ascii	".(S+\313?\254\204\367ya\204\375\007w\262\263O"
 837      CB3FAC84 
 837      F7796184 
 837      FD0777B2 
 837      B34F
 838              		.text
 839              		.section	.gnu.lto__aosSysPrintSystemInfoLine.edd9554f8e7f11af,"e",%progbits
 840 0000 789C9554 		.ascii	"x\234\225T\335O\\E\024\2373s\357\335{\227e)\024\332"
 840      DD4F5C45 
 840      149F3373 
 840      EFDD7B97 
 840      652914DA 
 841 0014 A6502446 		.ascii	"\246P$F$\255\011\020}\241\276\350_\340\273O\206\020"
 841      24AD0910 
 841      7DA1BEE8 
 841      5FE0BB4F 
 841      8610
 842 0026 7CA33540 		.ascii	"|\2435@L|\352\260|6\"4i\021\267v\271|m\200\264\322\326"
 842      4C7CEAB0 
 842      7C362234 
 842      6911B776 
 842      B97C6D80 
 843 003d 14D1DA8F 		.ascii	"\024\321\332\217\013\024\201R\013\305\226\012\342R@"
 843      0B148152 
 843      0BC5960A 
 843      E25240
 844 004c B4926A8B 		.ascii	"\264\222j\213\017\304 \245\236\231\271|,nc\272\331\235"
 844      0FC420A5 
 844      9E99B97C 
 844      2C6E63BA 
 844      D99D
 845 005e 9D39737E 		.ascii	"\2359s~\2773\347w\316\214I\200\274\343!\344\015B\310"
 845      BF33E777 
 845      CE8C4980 
 845      BCE321E4 
 845      0D42C8
 846 0071 71FC411C 		.ascii	"q\374A\034\001\3129\177\333SfR\252\215\266\234yY\343"
 846      01CA397F 
 846      DB536652 
 846      AA8DB69C 
 846      7959E3
ARM GAS  /tmp/ccACgBoh.s 			page 69


 847 0084 5EB327B2 		.ascii	"^\263'\262p@\343>\215\352\270\227!,\352\337\247\203"
 847      7040E33E 
 847      8DEAB897 
 847      212CEADF 
 847      A783
 848 0096 E97A9BE0 		.ascii	"\351z\233\340\22530\334I\237\351\245\306\304\223\325"
 848      953330DC 
 848      499FE9A5 
 848      C6C493D5 
 849 00a6 3C74B7BA 		.ascii	"<t\267\272\353+=\350n\001\310=n\0029F5\3354\274\026"
 849      EB2B3DE8 
 849      6E01C83D 
 849      6E023946 
 849      35DD34BC 
 850 00bb 1CA35E02 		.ascii	"\034\243^\002\216\006\351r \352S\317\032\031D\002\241"
 850      8E06E972 
 850      20EA53CF 
 850      1A194402 
 850      A1
 851 00cc BF7D75CC 		.ascii	"\277}u\314f\0044\\\236\272yi\304+\226\000\031\270l]"
 851      6604345C 
 851      9EBA7969 
 851      C42B9600 
 851      19B86C5D 
 852 00e0 1EE8893F 		.ascii	"\036\350\211?\330\301y\200;\215k\011M\227\306\271e3"
 852      D8C17980 
 852      3B8D6B09 
 852      4D97C6B9 
 852      6533
 853 00f2 4A82E8FE 		.ascii	"J\202\350\376-\244\302eH\225Tp\005\016\242\3737K\213"
 853      2DA4C265 
 853      48955470 
 853      050EA2FB 
 853      374B8B
 854 0105 1FB29780 		.ascii	"\037\262\227\200\340t\356\\\250\323\227\025\226\310"
 854      E074EE5C 
 854      A8D39715 
 854      96C8
 855 0113 B50EC65F 		.ascii	"\265\016\306_\261\031\203\253\300\242\220hC\3545\310"
 855      B11983AB 
 855      C0A29068 
 855      43EC35C8 
 856 0123 424060FE 		.ascii	"B@`\376\253I`\257J\360\352`S\256\213\235\331\177\232"
 856      AB4960AF 
 856      4AF0EA60 
 856      53AE8B9D 
 856      D97F9A
 857 0136 3B9ACD34 		.ascii	";\232\3154\270\376\037\260\206`G\202\247\306\3769\347"
 857      B8FE1FB0 
 857      86604782 
 857      A7C6FE39 
 857      E7
 858 0147 67AF4970 		.ascii	"g\257IpUM\357\257\036\027\375(m\003\335\027\023\335"
 858      554DEFAF 
 858      1E17FD28 
 858      6D03DD17 
 858      13DD
ARM GAS  /tmp/ccACgBoh.s 			page 70


 859 0159 0F594460 		.ascii	"\017YD`\356]>\333@Y\216\304\3675\375r\325\237\331\306"
 859      EE5D3EDB 
 859      40598EC4 
 859      F735FD72 
 859      D59FD9C6 
 860 016d 1DCE9DC8 		.ascii	"\035\316\235\310\360\236\226r>\314\221B\207\201\035"
 860      F09E9672 
 860      3ECC9142 
 860      87811D
 861 017c 14E283FE 		.ascii	"\024\342\203\376O\371\251O\375\354u\211\355~\330\325"
 861      4FF9A94F 
 861      FDEC7589 
 861      ED7ED8D5 
 862 018c CE102B62 		.ascii	"\316\020+bO\016\357ju\261\024\006cc\347/\2567\304\033"
 862      4F0EEF6A 
 862      75B11406 
 862      6363E72F 
 862      AE37C41B 
 863 01a0 1A7C0799 		.ascii	"\032|\007\231p\0032\205\256B\315!0\260i\010\335\260"
 863      70033285 
 863      AE42CD21 
 863      30B06908 
 863      DDB0
 864 01b2 9F9FD09D 		.ascii	"\237\237\320\235\300\372\263j\356\254\277\325\262\230"
 864      C0FAB36A 
 864      EEACBFD5 
 864      B298
 865 01c0 9901787C 		.ascii	"\231\001x|\203\342\340a8\230\232\230\351bf\210\015\217"
 865      83E2E061 
 865      38989A98 
 865      E9626688 
 865      0D8F
 866 01d2 589A6269 		.ascii	"X\232bi\021\301\020'G?\010\255\022@\310\235\210\233"
 866      11C11027 
 866      473F08AD 
 866      1240C89D 
 866      889B
 867 01e4 34499A93 		.ascii	"4I\232\223\345\230\002B\212\275\302\274O\032R\345\230"
 867      E5980242 
 867      8ABDC2BC 
 867      4F1A52E5 
 867      98
 868 01f5 2E47423E 		.ascii	".GB>f\344\311jg\036p\207\220ZF\345\274\014\347\217\240"
 868      66E4C96A 
 868      671E7087 
 868      905A46E5 
 868      BC0CE78F 
 869 020a B2B9B79D 		.ascii	"\262\271\267\235\311\363b6\241\316[\317\254\012\010"
 869      C9F36236 
 869      A1CE5BCF 
 869      AC0A08
 870 0219 949936B3 		.ascii	"\224\2316\263\202\0143\200a\250\220\302T:\017j\022\304"
 870      820C3380 
 870      61A890C2 
 870      543A0F6A 
 870      12C4
 871 022b 96686A9B 		.ascii	"\226hj\233yEV*\315\021\364\200C\2516\213#\213P\361p"
ARM GAS  /tmp/ccACgBoh.s 			page 71


 871      7945562A 
 871      CD11F480 
 871      43A9368B 
 871      238B50F1 
 872 0240 6065D827 		.ascii	"`e\330'6B\314\217\260\272\362\307\021S\264\243\006\004"
 872      3642CC8F 
 872      B0BAF2C7 
 872      1153B4A3 
 872      0604
 873 0252 6EBAC2D5 		.ascii	"n\272\302\3252mn\274.}\363\004\327\333\363\024\002v"
 873      326D6EBC 
 873      2E7DF304 
 873      D7DBF314 
 873      0276
 874 0264 9CC117C4 		.ascii	"\234\301\027\304V%0*\316\020b\011Hi\263x\262\004\201"
 874      5625302A 
 874      CE106209 
 874      4869B378 
 874      B20481
 875 0277 B5EA2EA6 		.ascii	"\265\352.\246 \211\210Rqo\217\270q\023\221e\350\361"
 875      20898852 
 875      716F8FB8 
 875      71139165 
 875      E8F1
 876 0289 1F7741C4 		.ascii	"\037wA\304\245\030\367\326f\\\375Bgu\202\214\213$W~"
 876      A518F7D6 
 876      665CFD42 
 876      6775828C 
 876      8B24577E 
 877 029d FFBC0B14 		.ascii	"\377\274\013\024\204n?*\223\011;\323\027\246\374ahs"
 877      846E3F2A 
 877      93093BD3 
 877      17A6FC61 
 877      6873
 878 02af 13F6637C 		.ascii	"\023\366c|\370^\020\341^\231=\373\265\221\333\315\325"
 878      F85E10E1 
 878      5E993DFB 
 878      B591DBCD 
 878      D5
 879 02c0 96076E43 		.ascii	"\226\007nC\030>S\225\037\203\\\311m)b\266\235\330\023"
 879      183E5395 
 879      1F835CC9 
 879      6D2962B6 
 879      9DD813
 880 02d3 8B18B3A2 		.ascii	"\213\030\263\2420\356\022w\367v\214\305#\361\011\271"
 880      30EE1277 
 880      F7768CC5 
 880      23F109B9 
 881 02e3 B50BEE48 		.ascii	"\265\013\356Hb\020\304\023H\214beH\321\221X\010\202"
 881      6210C413 
 881      488C6265 
 881      48D19158 
 881      0882
 882 02f5 881B73D3 		.ascii	"\210\033s\323\225\362\372'B\006\374\000X\206$\214_~"
 882      95F2FA27 
 882      4206FC00 
 882      5886248C 
ARM GAS  /tmp/ccACgBoh.s 			page 72


 882      5F7E
 883 0307 A66AF0A4 		.ascii	"\246j\360\244\233[\262R\344Z\355\370(S\212\000\334\225"
 883      9B5BB252 
 883      E45AEDF8 
 883      28538A00 
 883      DC95
 884 0319 8AD43273 		.ascii	"\212\3242s\243\023\200\254@\022:j\253mo\012\275\350"
 884      A31380AC 
 884      40123A6A 
 884      AB6D6F0A 
 884      BDE8
 885 032b 746B3F45 		.ascii	"tk?E\254~\272\343\020\372\031\365\225\367\207\230p\244"
 885      AC7EBAE3 
 885      10FA19F5 
 885      95F78798 
 885      70A4
 886 033d 22B9AE4E 		.ascii	"\"\271\256N7=\355\005\205\272\267%\324d\264PzLe\264"
 886      373DED05 
 886      85BAB725 
 886      D464B450 
 886      7A4C65B4 
 887 0351 E72A737F 		.ascii	"\347*s\177K\231\037\243\225\321\2052QR<=\331CU\224\364"
 887      4B991FA3 
 887      95D18532 
 887      51523C3D 
 887      D9435594 
 888 0366 10B33693 		.ascii	"\020\2636\223\027O0\327P\015l\237\231\2014\345aa\254"
 888      174F30D7 
 888      500D6C9F 
 888      998134E5 
 888      6161AC
 889 0379 139F5C9C 		.ascii	"\023\237\\\234\245J\252\0030\245\232g\005\254\020K2"
 889      A54AAA03 
 889      30A59A67 
 889      05AC104B 
 889      32
 890 038a 913BDDF8 		.ascii	"\221;\335\370r7\242\255\345\255KT\325|6\234\255\360"
 890      7237A2AD 
 890      E5AD4B54 
 890      D57C369C 
 890      ADF0
 891 039c C68E16DE 		.ascii	"\306\216\026\336\035\224O\344\364f\013\247\210\233c"
 891      1D944FE4 
 891      F4660BA7 
 891      889B63
 892 03ab B364D5C6 		.ascii	"\263d\325\306\307\3356\336\213Hu\330w\225a_\210\305"
 892      C7DD36DE 
 892      8B4875D8 
 892      7795615F 
 892      88C5
 893 03bd A119C92B 		.ascii	"\241\031\311+\232\317\207c\336\320\224\240|\002\177"
 893      9ACF8763 
 893      DED094A0 
 893      7C027F
 894 03cc FADF1B3A 		.ascii	"\372\337\033:\203\0366\333#\345\356\372\302\025\334"
 894      831E36DB 
 894      23E5EEFA 
ARM GAS  /tmp/ccACgBoh.s 			page 73


 894      C215DC
 895 03db F382A5FB 		.ascii	"\363\202\245\373y\253t\221\350\322\2311K\347yn\351f"
 895      79AB7491 
 895      E8D29931 
 895      4BE7796E 
 895      E966
 896 03ed B74AF720 		.ascii	"\267J\367 \272t\246\333\324\301\306\320\035C5\265\027"
 896      BA74A6DB 
 896      D4C1C6D0 
 896      1D4335B5 
 896      17
 897 03fe E6B65572 		.ascii	"\346\266Ur\261\301m\352TTH\026r\011\372#\322&\322E\350"
 897      B1C16DEA 
 897      54544816 
 897      7209FA23 
 897      D226D245 
 898 0413 6F7F2D44 		.ascii	"o\177-D\342\016\367\362\032\314X'0\017\207\311\237\020"
 898      E20EF7F2 
 898      1ACC5827 
 898      300F87C9 
 898      9F10
 899 0425 685E08EF 		.ascii	"h^\010\357w\201\262\226(\255\345\025\317\",o<\213\204"
 899      7781B296 
 899      28ADE515 
 899      CF222C6F 
 899      3C8B84
 900 0438 A46567E7 		.ascii	"\244eg\347\340\267\340hqaNIqAN\376\321\222\367J>*)-"
 900      E0B7E068 
 900      71614E49 
 900      71414EFE 
 900      D192F74A 
 901 0450 2CCA2E20 		.ascii	",\312. FIiqa~\221v$\277\250\220\275_TJ\363?\200#\377"
 901      46496971 
 901      617E9176 
 901      24BFA890 
 901      BD5F544A 
 902 0469 02129261 		.ascii	"\002\022\222a\344"
 902      E4
 903              		.text
 904              		.section	.gnu.lto__aosSysShellcmdMemdumpCallback_BtokiB.edd9554f8e7f11af,"e",%progbits
 905 0000 789C6592 		.ascii	"x\234e\222\337KTQ\020\307g\356\234{w\367\272\253Ao\351"
 905      DF4B5451 
 905      10C767EE 
 905      9C7B77F7 
 905      BAAB416F 
 906 0015 A20F8A48 		.ascii	"\242\017\212H\245\017=E/\376\011\375\007!\333\012B\266"
 906      A50F3D45 
 906      2FFE09FD 
 906      0721DB0A 
 906      42B6
 907 0027 E1FA522F 		.ascii	"\341\372R/\236]\327\325P\324\300\320\265\226[\211X/"
 907      9E5DD7D5 
 907      50D4C0D0 
 907      B5965B89 
 907      582F
 908 0039 6E611064 		.ascii	"na\020d\346-7K\363\301~\201\202l\320\017\021)E)\025"
 908      E62D374B 
ARM GAS  /tmp/ccACgBoh.s 			page 74


 908      F3C17E81 
 908      826CD00F 
 908      11294529 
 909 004e 1FDCE6DC 		.ascii	"\037\334\346\334\273 \351\341\336\303\2319\3639\347"
 909      BB20E9E1 
 909      DEC39939 
 909      F339E7
 910 005d 3B33C70B 		.ascii	";3\307\013\010\027\011\340<\000\\\340\037u@MJY\357\211"
 910      081709E0 
 910      3C005CE0 
 910      1F75404D 
 910      4A59EF89 
 911 0071 79358D56 		.ascii	"y5\215V\027R'\2054\305\360\304\352\031!\375\204\242"
 911      17522785 
 911      34C5F0C4 
 911      EA1921FD 
 911      84A2
 912 0083 B027109D 		.ascii	"\260'\020\235\225\364\"\264i$\260\015\373h\2200\027"
 912      95F422B4 
 912      6924B00D 
 912      FB689030 
 912      17
 913 0094 4FEFF97B 		.ascii	"O\357\371{\311\"@\301\346\300\374\3239S\231\210\025"
 913      C92240C1 
 913      E6C0FCD3 
 913      39539988 
 913      15
 914 00a5 6CF62C7D 		.ascii	"l\366,}\317`\315\030\223\322\036\334;\275\265\266(}"
 914      CF60CD18 
 914      93D21EDC 
 914      3BBDB5B6 
 914      287D
 915 00b7 166990E2 		.ascii	"\026i\220\342\360I,\305\347X\012j\340\013\254\341\360"
 915      F0492CC5 
 915      E7580A6A 
 915      E00BACE1 
 915      F0
 916 00c8 07B12FEF 		.ascii	"\007\261/\357\003T\216\300\353\373\035\313]%\325\243"
 916      03548EC0 
 916      EBFB1DCB 
 916      5D25D5A3 
 917 00d8 B23F2EED 		.ascii	"\262?.\355\317c$+-\"\234B\372\017e\037\303/\261\232"
 917      CF63242B 
 917      2D229C42 
 917      FA0F651F 
 917      C32FB19A 
 918 00ec 81BF63F9 		.ascii	"\201\277c\371m\215*\035x\2573\273\251\025\340\225S\303"
 918      6D8D2A1D 
 918      78AF33BB 
 918      A915E095 
 918      53C3
 919 00fe D216164B 		.ascii	"\322\026\026K\236>F\013\246m\207\036\037\217\367\005"
 919      9E3E460B 
 919      A66D871E 
 919      1F8FF705 
 920 010e E8AC43EF 		.ascii	"\350\254C\357\356\347\206t\246%\323?\312\\Z\307W\307"
 920      EEE78674 
ARM GAS  /tmp/ccACgBoh.s 			page 75


 920      A625D33F 
 920      CA5C5AC7 
 920      57C7
 921 0120 689DE9D7 		.ascii	"h\235\351\327X\015\212\031\035z\366\311\240s\016?\275"
 921      580D8A19 
 921      1D7AF6C9 
 921      A0730E3F 
 921      BD
 922 0131 71375B54 		.ascii	"q7[T5\"\3739\353\235\014YkR\336\254\267\310\300\231"
 922      3522FB39 
 922      EB9D0C59 
 922      6B52DEAC 
 922      B7C8C099 
 923 0145 2347A8C1 		.ascii	"#G\250\301\361\337\236\034\334\016\030\002\263X\245"
 923      F1DF9E1C 
 923      DC0E1802 
 923      B358A5
 924 0154 2AA3EAF1 		.ascii	"*\243\352\361\006\015n\024\240\362e>\352\266<\310wJ"
 924      060D6E14 
 924      A0F2653E 
 924      EAB63CC8 
 924      774A
 925 0166 7B2383B7 		.ascii	"{#\203\267\006fKK\220/\32745\221\232\204\232t5\031\216"
 925      06664B4B 
 925      902FD734 
 925      35919A84 
 925      9A743519 
 926 017b 200FAAA4 		.ascii	" \017\252\244LPp\021*\217\037U\221\212U\010@7\201j\210"
 926      4C507011 
 926      2A8F1F55 
 926      918A5508 
 926      4037816A 
 927 0190 406903F4 		.ascii	"@i\003\364\220\346\03216\3261\236K\376\376\232,S\367"
 927      90E61A31 
 927      36D6319E 
 927      4BFEFE9A 
 927      2C53F7
 928 01a3 A709D3E4 		.ascii	"\247\011\323\344\201_\330Q\341\232&KM?\\\310\373\022"
 928      815FD851 
 928      E19A264B 
 928      4D3F5CC8 
 928      FB12
 929 01b5 188F792D 		.ascii	"\030\217y-\362\244HI\234\305\204\223uvq!\347\011\336"
 929      F2A44849 
 929      9CC58493 
 929      75767121 
 929      E709DE
 930 01c8 915D529E 		.ascii	"\221]R\236\340\272\312\302\270\207\352R|\213A>\320\""
 930      E0BACAC2 
 930      B887EA52 
 930      7C8B413E 
 930      D022
 931 01da 2FFCC4C4 		.ascii	"/\374\304\304\327\231\203\314\014\272\247\0261\332\333"
 931      D79983CC 
 931      0CBAA716 
 931      31DADB
 932 01e9 BE99F3AA 		.ascii	"\276\231\363\252W\243#\340\273Be\272\211&\3709\242\243"
ARM GAS  /tmp/ccACgBoh.s 			page 76


 932      57A323E0 
 932      BB4265BA 
 932      8926F839 
 932      A2A3
 933 01fb AC87C411 		.ascii	"\254\207\304\021\231S[\311\240{\202\226&?\373\332\037"
 933      99535BC9 
 933      A07B8296 
 933      263FFBDA 
 933      1F
 934 020c 27977DAE 		.ascii	"'\227}\256\207\330\251\372\230\334o7\013\212v\363\371"
 934      87D8A9FA 
 934      98DC6F37 
 934      0B8A76F3 
 934      F9
 935 021d F24351D2 		.ascii	"\362CQ\322\0255\207A\027|D.(\034\326\344\244\023\205"
 935      15358741 
 935      177C442E 
 935      281CD6E4 
 935      A41385
 936 0230 A4F53419 		.ascii	"\244\3654\031\300\033\026\371T\350Rr.\340n\024;{&l`"
 936      C01B16F9 
 936      54E85272 
 936      2EE06E14 
 936      3B7B266C 
 937 0245 BC105ACC 		.ascii	"\274\020Z\314\242w\234\2244U\217\311?S\353N\251\206"
 937      A2779C94 
 937      34558FC9 
 937      3F53EB4E 
 937      A986
 938 0257 B808232B 		.ascii	"\270\010#+\037\220\3574S\252\0018\317%\243m\203S\304"
 938      1F90EF34 
 938      53AA0138 
 938      CF25A36D 
 938      8353C4
 939 026a C34E0094 		.ascii	"\303N\000\224\325\326\326\361\027\212\264\204\353\242"
 939      D5D6D6F1 
 939      178AB484 
 939      EBA2
 940 0278 2DA1BA86 		.ascii	"-\241\272\206H\364R\364z\2645\334\\\033\002\021m\272"
 940      48F452F4 
 940      7AB435DC 
 940      5C1B0211 
 940      6DBA
 941 028a 11F65E0E 		.ascii	"\021\366^\016\207\232\232\033\256D\365\253M\215\327"
 941      879A9A1B 
 941      AE44F5AB 
 941      4D8DD7
 942 0299 22466343 		.ascii	"\"FcC\2505\322\362\017\015\037#\210"
 942      A835D2F2 
 942      0F0D1F23 
 942      88
 943              		.text
 944              		.section	.gnu.lto__aosSysShellcmdMemdumpCallback_printDump.edd9554f8e7f11af,"e",%progbits
 945 0000 789C9555 		.ascii	"x\234\225U[LTG\030\236\377\314\271\356\236\335\305\326"
 945      5B4C5447 
 945      189EFFCC 
 945      B9EE9EDD 
ARM GAS  /tmp/ccACgBoh.s 			page 77


 945      C5D6
 946 0012 8AB8A84B 		.ascii	"\212\270\250K\342VM\023\240\246\017\332'\353C\337\232"
 946      E2564D13 
 946      A0A60FDA 
 946      27EB43DF 
 946      9A
 947 0023 F4D1A736 		.ascii	"\364\321\2476Thb\032k\312ZS\373\342Yt\241\006\"hU\240"
 947      5468621A 
 947      6BCA5A53 
 947      FBE25974 
 947      A1062268 
 948 0039 C966A94A 		.ascii	"\311f\251J\245\251Xo\021\345\242\213\253\340\265\202"
 948      A5A9586F 
 948      11E5A28B 
 948      ABE0B582 
 949 0049 8A562DAB 		.ascii	"\212V-\253`ED\360\322\212\266\306J\377\2319{Q\321\304"
 949      604544F0 
 949      D28AB6C6 
 949      4AFF9939 
 949      7B51D1C4 
 950 005d 13989DCB 		.ascii	"\023\230\235\313\377}\363\317\377}g\216N\200|b\020R"
 950      FF7DF3CF 
 950      FF7D678E 
 950      4E807C62 
 950      1052
 951 006f 48089180 		.ascii	"H\010\221\200\020\230@@\262,k\276\026\324%p\331=*\311"
 951      10984040 
 951      B22C6BBE 
 951      16D42570 
 951      D93D2AC9 
 952 0083 D8F3C996 		.ascii	"\330\363\311\226C\023\277\246,)g\357=\236\2053\352\216"
 952      4313BFA6 
 952      2C2967EF 
 952      3D9E8533 
 952      EA8E
 953 0095 CA5026CE 		.ascii	"\312P&\316(\240\332\321*hvO\223t\033g\3308\035\014{"
 953      28A0DAD1 
 953      2A68764F 
 953      93741B67 
 953      D8381D0C 
 954 00aa CD901C02 		.ascii	"\315\220\034\002\351p\012&\323\001\246\275\346L\366"
 954      E9700A26 
 954      D301A6BD 
 954      E64CF6
 955 00b9 4C3B8776 		.ascii	"L;\207v\335%Q\214\233\213\361n\304i\030\357\226<6{\206"
 955      DD25518C 
 955      9B8BF16E 
 955      C46918EF 
 955      963C367B 
 956 00ce CDEE810C 		.ascii	"\315\356\201\014\033\227\001\300{\226\016d\245DeE\325"
 956      1B9701C0 
 956      7B960E64 
 956      A5446545 
 956      D5
 957 00df 74C3E134 		.ascii	"t\303\3414]nO\006\254\224\\\004\2422\214\341\343Iv\210"
 957      5D6E4F06 
 957      AC945C04 
ARM GAS  /tmp/ccACgBoh.s 			page 78


 957      A2328CE1 
 957      E3497688 
 958 00f3 782A6935 		.ascii	"x*i5\205\303e\003\007\244\331\333\220\302\212V7\347"
 958      85C36503 
 958      07A4D9DB 
 958      90C28A56 
 958      37E7
 959 0105 F6595D16 		.ascii	"\366Y]\026\215PBj\251\035E\240\031fc`\274$\374\217\271"
 959      8D50426A 
 959      A91D45A0 
 959      19666360 
 959      BC24FC8F 
 960 011a 16D70064 		.ascii	"\026\327\000d\034n8\261\367\270\203\015%\360\341\360"
 960      1C6E38B1 
 960      F7B8830D 
 960      25F0E1F0 
 961 012a C0D08DE5 		.ascii	"\300\320\215\345t:\020\354\366m\0177\2303\353-\253\304"
 961      743A10EC 
 961      F66D0F37 
 961      9833EB2D 
 961      ABC4
 962 013c 8A0E4FFE 		.ascii	"\212\016O\376\301\212\312\021J\241\015(RB+x\241\005"
 962      C18ACA11 
 962      4AA10D28 
 962      52422B78 
 962      A105
 963 014e BC84E01C 		.ascii	"\274\204\340\034R\037\204\231\210\010n}\320\256\320"
 963      521F8499 
 963      88086E7D 
 963      D0AED0
 964 015d B739BAF7 		.ascii	"\2679\272\367N\307\307\010\256B\360\023\257\000\313"
 964      4EC7C708 
 964      AE42F013 
 964      AF00CB
 965 016c 70E805B0 		.ascii	"p\350\005\260\214\340(\007\217TU\306\014\372\016\007"
 965      8CE02807 
 965      8F5455C6 
 965      0CFA0E07 
 966 017c 6F5FDF55 		.ascii	"o_\337U\356L\240\247%\320\355\343\242\017\303L\3020"
 966      EE4CA0A7 
 966      25D0EDE3 
 966      A20FC34C 
 966      C230
 967 018e 9B833D27 		.ascii	"\233\203=']4\217\343\253\376zZ\246\370\267p|\274\225"
 967      5D348FE3 
 967      ABFE7A5A 
 967      A6F8B770 
 967      7CBC95
 968 01a1 36ECB5AC 		.ascii	"6\354\265\2545\363#T\201\330s\024\354\301\370\376]O"
 968      35F32354 
 968      81D87314 
 968      ECC1F8FE 
 968      5D4F
 969 01b3 37BA5419 		.ascii	"7\272T\031\216\200\337.\030\034\005\025Xy\3664\206\014"
 969      8E80DF2E 
 969      181C0515 
 969      5879F634 
ARM GAS  /tmp/ccACgBoh.s 			page 79


 969      860C
 970 01c5 FA1E672D 		.ascii	"\372\036g-\037\355\333\247#++\310\205f\372\263\315\252"
 970      1FEDDBA7 
 970      232B2BC8 
 970      8566FAB3 
 970      CDAA
 971 01d7 42C7AB59 		.ascii	"B\307\253Y;\221\225\3611\332cH\313|\213;\261\371_\317"
 971      3B9195F1 
 971      31DA6348 
 971      CB7C8B3B 
 971      B1F95FCF 
 972 01eb 2A51EBE9 		.ascii	"*Q\353\351X\231\025}x\000\326m\030\361\372\001\217\245"
 972      5899157D 
 972      7800D66D 
 972      18F1FA01 
 972      8FA5
 973 01fd 49ACA1D8 		.ascii	"I\254\241\330\35026\206\302\206*\033jl\250c\3430\260"
 973      E8323686 
 973      C2862A1B 
 973      6A6CA863 
 973      E330B0
 974 0210 713A58E3 		.ascii	"q:X\343d\013&[pac\272\261qy\010c\237\004\254\266\231"
 974      640B265B 
 974      706163BA 
 974      B1717908 
 974      639F04AC 
 975 0226 BC9F05AC 		.ascii	"\274\237\005\254RS\010\333\331\013L\260\031|\236\220"
 975      525308DB 
 975      D90B4CB0 
 975      197C9E90 
 976 0236 724AEE3D 		.ascii	"rJ\356=n\230\013V\224\220\012*\361~\020\373C\260jSY"
 976      6E980B56 
 976      94900A2A 
 976      F17E10FB 
 976      43B06A53 
 977 024b E368C744 		.ascii	"\343h\307D\226t\230f\206\351$<\324\301\232_\312\235"
 977      96749866 
 977      86E9243C 
 977      D4C19A5F 
 977      CA9D
 978 025d CC2F32DC 		.ascii	"\314/2\334\343f<\316O\\Aie\350b'\265\221%O\312\332F"
 978      E3663CCE 
 978      4F5C4169 
 978      65E86227 
 978      B591254F 
 979 0274 3B4C8184 		.ascii	";L\201\2040\365\010\266[\212\230\221p\022\271\242;\277"
 979      30F508B6 
 979      5B8A9891 
 979      7012B9A2 
 979      3BBF
 980 0286 3FA7312E 		.ascii	"?\2471.\015<p\002yn\300\352\253\261#`\007aD\347\335"
 980      0D3C7002 
 980      796EC0EA 
 980      ABB12360 
 980      076144E7 
 981 029b 91F32022 		.ascii	"\221\363 \"\010\234\264k[A\345\316\303\267\257\003\337"
 981      089CB46B 
ARM GAS  /tmp/ccACgBoh.s 			page 80


 981      5B41E5CE 
 981      C3B7AF03 
 981      DF
 982 02ac 0B21BDB1 		.ascii	"\013!\275\261\201\346\230*@\036\314\322\016R:\317\015"
 982      81E6982A 
 982      401ECCD2 
 982      0E523ACF 
 982      0D
 983 02bd AE834442 		.ascii	"\256\203DB\255\267\032\233\012E\014{]\326\256\272\033"
 983      ADB71A9B 
 983      0A450C7B 
 983      5DD6AEBA 
 983      1B
 984 02ce D71931E5 		.ascii	"\327\0311\345\322F/\357\274\344\256\207-A\366ZF\250"
 984      D2462FEF 
 984      BCE4AE87 
 984      2D41F65A 
 984      46A8
 985 02e0 3B4CBD70 		.ascii	";L\275p\212m\307\\\035\271\272_\315\337a\211%\035NC"
 985      8A6DC75C 
 985      1DB9BA5F 
 985      CDDF6189 
 985      251D4E43 
 986 02f4 3DD40893 		.ascii	"=\324\010\223\374\006\371\234\333\020\304r:\261>\036"
 986      FC06F99C 
 986      DB10C472 
 986      3AB13E1E 
 987 0304 31A647E1 		.ascii	"1\246G\341\214M\274\243i\333\031\027\022W\361\245\014"
 987      8C4DBCA3 
 987      69DB1917 
 987      1257F1A5 
 987      0C
 988 0315 E8E2C4C0 		.ascii	"\350\342\304\300\210\273\221x\030B>\306K\220\030\377"
 988      88BB9178 
 988      18423EC6 
 988      4B9018FF 
 989 0325 BD88A8AD 		.ascii	"\275\210\250\255\016w\253\214|\0028\340,x#\364\015~"
 989      0E77AB8C 
 989      7C0238E0 
 989      2C7823F4 
 989      0D7E
 990 0337 54F558B2 		.ascii	"T\365X\262\036\303PZw\250\367+\016DD\270\341\324\230"
 990      1EC3505A 
 990      77A8F72B 
 990      0E4444B8 
 990      E1D498
 991 034a B11A4A82 		.ascii	"\261\032J\202z\204\276Y\313\310\341\034\254\006\233"
 991      7A84BE59 
 991      CBC8E11C 
 991      AC069B
 992 0359 2F32B6B9 		.ascii	"/2\266\271G\311\231\027\261j0\201\211,~\353\223\256"
 992      47C99917 
 992      B16A3081 
 992      892C7EEB 
 992      93AE
 993 036b 88C9E26B 		.ascii	"\210\311\342k,\253\256\037\"\364-8\0179\234\015z\020"
 993      2CABAE1F 
ARM GAS  /tmp/ccACgBoh.s 			page 81


 993      22F42D38 
 993      0F399C0D 
 993      7A10
 994 037d 88158EF0 		.ascii	"\210\025\216\360\012WPm]\232\340(n\370Qi\246\250\203"
 994      0A57506D 
 994      5D9AE028 
 994      6EF85169 
 994      A6A883
 995 0390 22E42DE9 		.ascii	"\"\344-\351\331\336\344\026\342Q\270\360\274\274J\232"
 995      D9DEE416 
 995      E251B8F0 
 995      BCBC4A9A 
 996 03a0 9E7A2A7F 		.ascii	"\236z*\177.UsS\266\010R_S\233\213)m~\177V\033m\\1\324"
 996      2E557353 
 996      B608525F 
 996      539B8B29 
 996      6D7E7F56 
 997 03b9 978A7129 		.ascii	"\227\212q)%\306\345g\305\320\354\342\035\351\273\034"
 997      25C6E567 
 997      C5D0ECE2 
 997      1DE9BB1C 
 998 03c9 3285183E 		.ascii	"2\205\030>\270\222\022\303H\325\005\017|%6\320\262\352"
 998      B89212C3 
 998      48D5050F 
 998      7C2536D0 
 998      B2EA
 999 03db 45733A82 		.ascii	"Es:\202\361\320\326\204b\241\272G\257T\354\217\224b"
 999      F1D0D684 
 999      62A1BA47 
 999      AF54EC8F 
 999      9462
 1000 03ed 67068F76 		.ascii	"g\006\217v:r>\020\212e\262\370\366\007\241\277\225t"
 1000      3A723E10 
 1000      8A65B2F8 
 1000      F607A1BF 
 1000      9574
 1001 03ff C526436F 		.ascii	"\305&CoB\2618\002\023r9\253\266uo\221\0225\336T\376"
 1001      42B13802 
 1001      137239AB 
 1001      B6756F91 
 1001      1235DE54 
 1002 0414 DFA38E19 		.ascii	"\337\243\216\031\"-=\335\266\352x\266\235\200\271\303"
 1002      222D3DDD 
 1002      B6EA78B6 
 1002      9D80B9C3 
 1003 0424 555629B8 		.ascii	"UV)\270\206u\021/\370\012\2016\220\200\271\316\367\212"
 1003      8675112F 
 1003      F80A8136 
 1003      9080B9CE 
 1003      F78A
 1004 0436 03F4A50E 		.ascii	"\003\364\245\016\360\320\332Um\346|(\016\220\305\342"
 1004      F0D0DA55 
 1004      6DE67C28 
 1004      0E90C5E2 
 1005 0446 C736FEF4 		.ascii	"\3076\376\364\3433\226\233\002\375\211\003\\\347\226"
 1005      E333969B 
 1005      02FD8903 
ARM GAS  /tmp/ccACgBoh.s 			page 82


 1005      5CE796
 1006 0455 33126730 		.ascii	"3\022g0\223\245\225\320r\273K\033GK\207m;\315`)\346"
 1006      93A595D0 
 1006      72BB4B1B 
 1006      474B876D 
 1006      3BCD6029 
 1007 046a 8BAB887D 		.ascii	"\213\253\210}\200-\231\205\001W ;Y\376,V\375\207\200"
 1007      802D9985 
 1007      0157203B 
 1007      59FE2C56 
 1007      FD8780
 1008 047d BD4C69B7 		.ascii	"\275Li\267\003Q\346\372\345\010p\337O\273\364\366\226"
 1008      0351E6FA 
 1008      E50870DF 
 1008      4FBBF4F6 
 1008      96
 1009 048e B6FDDB31 		.ascii	"\266\375\3331\225]\330a\212!YL4~\3405\212\230\234\202"
 1009      955DD861 
 1009      8A21594C 
 1009      347EE035 
 1009      8A989C82 
 1010 04a2 F34CDAC1 		.ascii	"\363L\332\301\330@k\014\354\271\364\032*xY\375\2314"
 1010      D8406B0C 
 1010      ECB9F41A 
 1010      2A7859FD 
 1010      9934
 1011 04b4 B7677FDB 		.ascii	"\267g\177\333\206\354\224\267O7M\024\020\347kz\373F"
 1011      86EC94B7 
 1011      4F374D14 
 1011      10E76B7A 
 1011      FB46
 1012 04c6 CADB0349 		.ascii	"\312\333\003Ios&s\\o;_\352\355\233)o\017&\274}\224{"
 1012      6F732673 
 1012      5C6F3B5F 
 1012      EAED9B29 
 1012      6F0F26BC 
 1013 04dd DB642AA5 		.ascii	"\333d*\245\337,\031\311\312\360\213%\336\355\022[\272"
 1013      DF2C19C9 
 1013      CAF08B25 
 1013      DEED125B 
 1013      BA
 1014 04ee 9E13DA5B 		.ascii	"\236\023\332[K%\244\273%\204f\325\250/\337\334\342b"
 1014      4B25A4BB 
 1014      258466D5 
 1014      A82FDFDC 
 1014      E262
 1015 0500 D5C80609 		.ascii	"\325\310\006\011\206\200i\337\362\240m\310\260\225\306"
 1015      868069DF 
 1015      F2A06DC8 
 1015      B095C6
 1016 050f 44A6D6E2 		.ascii	"D\246\326\342e\310\366\205\333\334\247\323D\231\347"
 1016      65C8F685 
 1016      DBDCA7D3 
 1016      4499E7
 1017 051e 891DB016 		.ascii	"\211\035\260\026.\334\264L\2446\276\257\206S\276\352"
 1017      2EDCB44C 
 1017      A436BEAF 
ARM GAS  /tmp/ccACgBoh.s 			page 83


 1017      8653BEEA 
 1018 052e DAD37FCD 		.ascii	"\332\323\177\315\314\371H\370j:\213\217\364\014|\347"
 1018      CCF948F8 
 1018      6A3A8B8F 
 1018      F40C7CE7 
 1019 053e 4AF86A37 		.ascii	"J\370j7\362\373`\004}\3057\274\303}\205B\272\231\265"
 1019      F2FB6004 
 1019      7DC537BC 
 1019      C37D8542 
 1019      BA99B5
 1020 0551 EE4049DD 		.ascii	"\356@I\335\315\370\273\3667\232}\021\341~\342\213HH"
 1020      CDF8BBF6 
 1020      379A7D11 
 1020      E17EE28B 
 1020      4848
 1021 0563 766E6E1E 		.ascii	"vnn\036\376-ZZ\\\224\027(^\224W\2604\360i`E`Y\321\222"
 1021      FE2D5A5A 
 1021      5C941728 
 1021      5E9457B0 
 1021      34F06960 
 1022 057c DC45440D 		.ascii	"\334ED\015,+.*X\"\177V\020(\242E_\026\312\201\305\337"
 1022      2C2B2E2A 
 1022      58227F56 
 1022      1028A245 
 1022      5F16CA81 
 1023 0592 16C90585 		.ascii	"\026\311\005\205\205\305Z\3767\376\374\271\013\211\354"
 1023      85C55AFE 
 1023      37FEFCB9 
 1023      0B89EC
 1024 05a1 F3F988EA 		.ascii	"\363\371\210\352\363\347\317YH2\331\352\373>\377\327"
 1024      F3E7CF59 
 1024      4832D9EA 
 1024      FB3EFFD7 
 1025 05b1 BE05BE59 		.ascii	"\276\005\276Y\376\3349\237\373\276X\274`\266\203\374"
 1025      FEDC399F 
 1025      FBBE58BC 
 1025      60B683FC 
 1026 05c1 0FDAD84B 		.ascii	"\017\332\330K\305"
 1026      C5
 1027              		.text
 1028              		.section	.gnu.lto__aosSysShellcmdMemdumpCallback.edd9554f8e7f11af,"e",%progbits
 1029 0000 789C8D9B 		.ascii	"x\234\215\233\011T\024I\232\30732\223\242(N\361BQ\251"
 1029      09541449 
 1029      9AC73332 
 1029      93A2284E 
 1029      F14251A9 
 1030 0014 54114139 		.ascii	"T\021A9\275\217\276\354\356\231\356\2317\323\263\323"
 1030      BD8FBEEC 
 1030      EE99EE99 
 1030      37D3B3D3 
 1031 0024 33EFCDEC 		.ascii	"3\357\315\354\233}\373\230nz\332]\217\031\300\331\351"
 1031      9B7DFB98 
 1031      6E7ADA5D 
 1031      8F19C0D9 
 1031      E9
 1032 0035 DD376F0A 		.ascii	"\3357o\012\345\020\017\020\025\021\224C\020A<\360FA"
 1032      E5100F10 
ARM GAS  /tmp/ccACgBoh.s 			page 84


 1032      15119443 
 1032      10413CF0 
 1032      4641
 1033 0047 11444511 		.ascii	"\021DE\021\274P\333\013iAD\271\274P<@6\"2220\263\252"
 1033      BC50DB0B 
 1033      694144B9 
 1033      BC503C40 
 1033      36223232 
 1034 005f E4754756 		.ascii	"\344uGV\345\027\361\377G\374\362\213\217$\2534r\200"
 1034      E517F1FF 
 1034      47FCF28B 
 1034      8F24AB34 
 1034      7280
 1035 0071 8B9ACB71 		.ascii	"\213\232\313q\177\0209.K\3408\360\001\007x\213\305\362"
 1035      7F10392E 
 1035      4BE038F0 
 1035      0107788B 
 1035      C5F2
 1036 0083 B1638C91 		.ascii	"\261c\214\221\347\205\344\270\037\203E\213i\326\223"
 1036      E785E4B8 
 1036      1F83458B 
 1036      69D693
 1037 0092 D7851EA2 		.ascii	"\327\205\036\242\305E\340\305{\011\257]\340\031\207"
 1037      C545E0C5 
 1037      7B09AF5D 
 1037      E01987
 1038 00a1 CD2FE3A6 		.ascii	"\315/\343\246\3003\"\230Cz;\360\006\022s$1\003\2159"
 1038      C0332298 
 1038      437A3BF0 
 1038      06127324 
 1038      31038D39 
 1039 00b5 F2461273 		.ascii	"\362F\022s\"1#\2159\361&\022s&1\023\2159\363.$\346J"
 1039      2231238D 
 1039      39F12612 
 1039      73263113 
 1039      8D39F32E 
 1040 00cc 622E34E6 		.ascii	"b.4\346\312\273\221\230;\211\271\321\230;\357Ab\203"
 1040      CABB9198 
 1040      3B89B9D1 
 1040      983BEF41 
 1040      6283
 1041 00de 48CC83C6 		.ascii	"H\314\203\306\006\361\236$6\230\304<il0?\204\304\206"
 1041      06F19E24 
 1041      3698C43C 
 1041      696C303F 
 1041      84C486
 1042 00f1 92D8101A 		.ascii	"\222\330\020\032\033\312\017#\261\341$6\214\306\206"
 1042      1BCA0F23 
 1042      B1E12436 
 1042      8CC686
 1043 0100 F35E2436 		.ascii	"\363^$6\202\304\274hl\004?\222\304\274Il$\215y\363\243"
 1043      82C4BC68 
 1043      6C043F92 
 1043      C4BC496C 
 1043      248D79F3 
 1044 0115 486C3489 		.ascii	"Hl4\211\215\242\261\321\374\030\022\363!\26114\346\303"
 1044      8DA2B1D1 
ARM GAS  /tmp/ccACgBoh.s 			page 85


 1044      FC1812F3 
 1044      21B13134 
 1044      E6C3
 1045 0127 9B494C22 		.ascii	"\233IL\"13\215I\374X\022\033Gbcil\034?\236\304|Il<\215"
 1045      31338D49 
 1045      FC58121B 
 1045      47626369 
 1045      6C1C3F9E 
 1046 0141 F9F21348 		.ascii	"\371\362\023H\314\217\304&\320\230\037?\221\304\374"
 1046      CC8FC426 
 1046      D0981F3F 
 1046      91C4FC
 1047 0150 496C228D 		.ascii	"Il\"\215\371\363\001$6\211\304\002hl\022\037Hb\223I"
 1047      F9F30124 
 1047      3689C402 
 1047      686C121F 
 1047      48629349 
 1048 0164 6C321FD8 		.ascii	"l2\037\330\221ww(\312\251\365\267\263\002\340\231@\020"
 1048      91777728 
 1048      CAA9F5B7 
 1048      B302E099 
 1048      4010
 1049 0176 467A07F1 		.ascii	"Fz\007\361\301\350\225h\021C8\321\302\007\203P\034\000"
 1049      C1E89568 
 1049      114338D1 
 1049      C2078350 
 1049      1C00
 1050 0188 21CA8B50 		.ascii	"!\312\213P\322\265\322\030\306\007e<z2\023\312\314\275"
 1050      D2B5D218 
 1050      C607653C 
 1050      7A3213CA 
 1050      CCBD
 1051 019a BF26C911 		.ascii	"\277&\311\021\312\314\0053\344NS\370\251De\032R\231"
 1051      CACC0533 
 1051      E44E53F8 
 1051      A944651A 
 1051      5299
 1052 01ac 0AA6CBE7 		.ascii	"\012\246\313\347\247)/\246\223\236\225\306\031\374\024"
 1052      A7292FA6 
 1052      939E95C6 
 1052      19FC14
 1053 01bb A23293A8 		.ascii	"\2422\223\250\314\244S\237\305\317i]\236\357\003c\263"
 1053      CCA4539F 
 1053      C5CF695D 
 1053      9EEF0363 
 1053      B3
 1054 01cc D37B6E9A 		.ascii	"\323{n\232al6\215\315\001\000\277\262\030\001\367/^"
 1054      616C368D 
 1054      CD0100BF 
 1054      B21801F7 
 1054      2F5E
 1055 01de 101D0C8E 		.ascii	"\020\035\014\216F'\223\263\213\253\233\273\307 \317"
 1055      462793B3 
 1055      8BAB9BBB 
 1055      C720CF
 1056 01ed C143860E 		.ascii	"\301C\206\016\033\3565b\244\367\250\321c|\314\322\330"
 1056      1BEE3562 
ARM GAS  /tmp/ccACgBoh.s 			page 86


 1056      A4F7A8D1 
 1056      637CCCD2 
 1056      D8
 1057 01fe 71E37D27 		.ascii	"q\343}'\370M\364\017\230490(8$4l\356\224\251\323\246"
 1057      F84DF40F 
 1057      98343930 
 1057      28382434 
 1057      6CEE94A9 
 1058 0214 CF98396B 		.ascii	"\317\2309k\366\034\360/!\214\003\025\"0\252\015\207"
 1058      F61CF02F 
 1058      218C0315 
 1058      2230AA0D 
 1058      87
 1059 0225 7F66E89F 		.ascii	"\177f\350\237N\026\322\004pgi\346K\227$![\340\200\010"
 1059      4E16D204 
 1059      706769E6 
 1059      4B972421 
 1059      5BE08008 
 1060 0239 DFAEAF39 		.ascii	"\337\256\2579p\326\204\336\002`\206oW\344\026t\273\371"
 1060      70D684DE 
 1060      0260866F 
 1060      57E41674 
 1060      BBF9
 1061 024b 17C0F959 		.ascii	"\027\300\371Y*\322\356\004WV\305\257X\003\262\005\236"
 1061      2AD2EE04 
 1061      5756C5AF 
 1061      5803B205 
 1061      9E
 1062 025c 4B87FDCB 		.ascii	"K\207\375\313\2007(\005\336X\013\034\005\376\260\377"
 1062      80372805 
 1062      DE580B1C 
 1062      05FEB0FF 
 1063 026c 91B696BF 		.ascii	"\221\266\226\277\013>\200\203/\357\356\314,t\361\313"
 1063      0B3E8083 
 1063      2FEFEECC 
 1063      2C74F1CB 
 1064 027c B758965A 		.ascii	"\267X\226Z*j\2752,\025b\266 \200c@\0300\024\236\203"
 1064      2A6ABD32 
 1064      2C1562B6 
 1064      20806340 
 1064      1830149E 
 1065 0291 83CB811F 		.ascii	"\203\313\201\037\034\321U\262=\306M\230\200GoI\274{"
 1065      1CD155B2 
 1065      3DC64D98 
 1065      80476F49 
 1065      BC7B
 1066 02a3 5E40A3A1 		.ascii	"^@\243\241q\307\010y4\017\216kF\363pt\005\036\335}\350"
 1066      71C70879 
 1066      340F8E6B 
 1066      46F37074 
 1066      051EDD7D 
 1067 02b8 DE6C6112 		.ascii	"\336la\022\036\034w\245o\255\201X\367z\313\203EP\251"
 1067      1E1C77A5 
 1067      6FAD8158 
 1067      F77ACB83 
 1067      4550A9
 1068 02cb 190CAB14 		.ascii	"\031\014\253\0248\001\37484\246i\357\333TW\203\210\026"
ARM GAS  /tmp/ccACgBoh.s 			page 87


 1068      3801FC38 
 1068      34A669EF 
 1068      DB545783 
 1068      8816
 1069 02dd 86965305 		.ascii	"\206\226S\005\014\260\226q\010I\314\326\356J\007!\004"
 1069      0CB09671 
 1069      0849CCD6 
 1069      EE4A0721 
 1069      04
 1070 02ee 2BAFDCF1 		.ascii	"+\257\334\361\372\271\213o\036V>\335 d\036\260X\022"
 1070      FAB98B6F 
 1070      1E563EDD 
 1070      20641EB0 
 1070      5812
 1071 0300 3FCE161C 		.ascii	"?\316\026\034\300\311w\304\261\310)\340\013\307t\256"
 1071      C0C977C4 
 1071      B1C829E0 
 1071      0BC774AE 
 1072 0310 49AE7212 		.ascii	"I\256r\022\246\341\361\217\367\255Ov$\343\357\345\012"
 1072      A6E1F18F 
 1072      F7AD4F76 
 1072      24E3EFE5 
 1072      0A
 1073 0321 96AD161E 		.ascii	"\226\255\026\036\215>\2557\272\032\217n=\265\264\231"
 1073      8D3EAD37 
 1073      BA1A8F6E 
 1073      3DB5B499 
 1074 0331 1766E1D1 		.ascii	"\027f\341\321'\0364\276\340\311\350\232\006a\243\245"
 1074      271E34BE 
 1074      E0C9E89A 
 1074      0661A3A5 
 1075 0341 22C69C2D 		.ascii	"\"\306\234-\030\300\031y\370\024o\020\242\014>\213\007"
 1075      18C01979 
 1075      F8146F10 
 1075      A20C3E8B 
 1075      07
 1076 0352 5F3D5003 		.ascii	"_=P\003\245\347\340\301\227\256/{\254X?}\250\016\256"
 1076      A5E7E0C1 
 1076      97AE2F7B 
 1076      AC583F7D 
 1076      A80EAE
 1077 0365 D10E3E07 		.ascii	"\321\016>\007|\213/;TX\336\366'\300e\036\007)\353\257"
 1077      7C8B2F3B 
 1077      5458DEF6 
 1077      27C0651E 
 1077      0729EBAF 
 1078 0379 F9C40300 		.ascii	"\371\304\003\000\2119\362\210\271\000\033\243\210^9"
 1078      8939F288 
 1078      B9001BA3 
 1078      885E39
 1079 0388 E0691AD0 		.ascii	"\340i\032\320KG\374\322\210^:\341\245\233\320Kg|\326"
 1079      4B47FCD2 
 1079      885E3AE1 
 1079      A59BD04B 
 1079      677CD6
 1080 039b 05BD7445 		.ascii	"\005\275tE\215\033j\334Q\343\201\232A\250\361D\315`"
 1080      8D1B6ADC 
ARM GAS  /tmp/ccACgBoh.s 			page 88


 1080      51E3819A 
 1080      41A8F144 
 1080      CD60
 1081 03ad D40C41CD 		.ascii	"\324\014A\315P\324\014C\315p\324x\241f\004jF\242\306"
 1081      50D40C43 
 1081      CD70D478 
 1081      A166046A 
 1081      46A2C6
 1082 03c0 1B35A350 		.ascii	"\0335\243P3\0325cP\343\003\033'3lL\022l\234\307\242"
 1082      331A3563 
 1082      50E3031B 
 1082      27336C4C 
 1082      126C9CC7 
 1083 03d5 73E35033 		.ascii	"s\343P3\036\005|Q`\002\012\370\241s\023\3219\177t.\000"
 1083      1E057C51 
 1083      60020AF8 
 1083      A17313D1 
 1083      397F742E 
 1084 03ea 9D9B84CE 		.ascii	"\235\233\204\316MF\347\002\321\271 t.\030\235\013A\347"
 1084      4D46E702 
 1084      D1B92074 
 1084      2E189D0B 
 1084      41E7
 1085 03fc 42D1B930 		.ascii	"B\321\2710tn\012:7\025\235\233\206\316MG\347f \"3a\343"
 1085      746E0A3A 
 1085      37159D9B 
 1085      86CE4D47 
 1085      E7662022 
 1086 0413 320BAF78 		.ascii	"2\013\257x6n\347\340v.n?\300\313\377\020\361\372\010"
 1086      366EE7E0 
 1086      762E6E3F 
 1086      C0CBFF10 
 1086      F1FA08
 1087 0426 BFFC18B7 		.ascii	"\277\374\030\267\237\340\0134\017\223\376\024\011\177"
 1087      9FE00B34 
 1087      0F93FE14 
 1087      097F
 1088 0434 867B7F01 		.ascii	"\206{\177\001P.\177\011PR\376\022\240]\361+\200\316"
 1088      502E7F09 
 1088      5052FE12 
 1088      A05DF12B 
 1088      80CE
 1089 0446 FF1AA041 		.ascii	"\377\032\240A\177\304\335\377\204\207r\334J\201C\233"
 1089      7FC4DDFF 
 1089      848772DC 
 1089      4A81439B 
 1090 0456 4304960A 		.ascii	"C\004\226\012\216[%\360\362\233\030\370\246\005\304"
 1090      8E5B25F0 
 1090      F29B18F8 
 1090      A605C4
 1091 0465 36545DAB 		.ascii	"6T]\253\251\002(\2113\205/\300$\371\272\256\022\204"
 1091      A9022889 
 1091      33852FC0 
 1091      24F9BAAE 
 1091      1284
 1092 0477 DEC2C37D 		.ascii	"\336\302\303}<\356\324\006\226nXy,\265\332E\356\004"
 1092      3CEED406 
ARM GAS  /tmp/ccACgBoh.s 			page 89


 1092      966E5879 
 1092      2CB5DA45 
 1092      EE04
 1093 0489 60826C6B 		.ascii	"`\202lkIIsC[_\304\225 +7\257I\310\007y1P\030&\212c\246"
 1093      49497343 
 1093      5B5FC495 
 1093      202B37AF 
 1093      49C80779 
 1094 04a4 F025A845 		.ascii	"\360%\250E\311\011\352@>\340:@\234Y\036\313\303\316"
 1094      C909EA40 
 1094      3EE03A40 
 1094      9C591ECB 
 1094      C3CE
 1095 04b6 9985B5FD 		.ascii	"\231\205\265\375N\261`i\2141[pM\027\340\316\001\347"
 1095      4EB16069 
 1095      8C315B70 
 1095      4D17E0CE 
 1095      01E7
 1096 04c8 412CE064 		.ascii	"A,\340d\345\013\017\323\267\270J\037d[6B!7\274\333R"
 1096      E50B0FD3 
 1096      B7B84A1F 
 1096      645B3642 
 1096      2137BCDB 
 1097 04dd 8FD601D4 		.ascii	"\217\326\001\324\177#\026w\007\027\200$\357\271\213"
 1097      7F231677 
 1097      07178024 
 1097      EFB98B
 1098 04ec F074B6E0 		.ascii	"\360t\266\340\201V\321Xu\222\254\201\007\001\312\032"
 1098      8156D158 
 1098      7592AC81 
 1098      0701CA1A 
 1099 04fc C4437119 		.ascii	"\304Cq\031u\034^C\007\210\317\331\337\3627<\356\235"
 1099      751C5E43 
 1099      0788CFD9 
 1099      DFF2373C 
 1099      EE9D
 1100 050e 390C4AC7 		.ascii	"9\014J\307\225\341\222<\207_\302h\322\262Gw\214hu\236"
 1100      95E1923C 
 1100      875FC268 
 1100      D2B24777 
 1100      8C68759E 
 1101 0522 E0DDCE9E 		.ascii	"\340\335\316\236yh\317\303\223\327n\235\276\010\327"
 1101      7968CFC3 
 1101      93D76E9D 
 1101      BE08D7
 1102 0531 9607D0BE 		.ascii	"\226\007\320\276\250\207c\301e\264`T\327\322*rq\367"
 1102      A88763C1 
 1102      65B46054 
 1102      D7D22A72 
 1102      71F7
 1103 0543 E5164B4E 		.ascii	"\345\026KN\023V\271\002{\312S\276\012{j%\201V\362\232"
 1103      1356B902 
 1103      7BCA53BE 
 1103      0A7B6A25 
 1103      8156F29A 
 1104 0557 55C93617 		.ascii	"U\3116\027$\371#\225\274\216)\014\306+v8\235\227\265"
 1104      24F92395 
ARM GAS  /tmp/ccACgBoh.s 			page 90


 1104      BC8E290C 
 1104      C62B7638 
 1104      9D97B5
 1105 056a 87272B8E 		.ascii	"\207'+\216\3139\336\222\"\310TD}\3607T\360'\356oY\011"
 1105      CB39DE92 
 1105      22C85444 
 1105      7DF03754 
 1105      F027EE6F 
 1106 0580 A4CF19F0 		.ascii	"\244\317\031\360{\257\274\\n`\301\337T\300\337\322\003"
 1106      7BAFBC5C 
 1106      6E60C1DF 
 1106      54C0DFD2 
 1106      03
 1107 0591 2FAAE00D 		.ascii	"/\252\340\015{\236\237\375\200ro\266\311\375\266\312"
 1107      7B9E9FFD 
 1107      80726FB6 
 1107      C9FDB6CA 
 1108 05a1 FD1D2ABC 		.ascii	"\375\035*\274\226J\203\035\320w(\225F]\320\202V\362"
 1108      964A831D 
 1108      D0772895 
 1108      465DD082 
 1108      56F2
 1109 05b3 273BA0EF 		.ascii	"';\240\357R\311&\006\264c\352\356+O\001\005\375\210"
 1109      52C92606 
 1109      B463EAEE 
 1109      2B4F0105 
 1109      FD88
 1110 05c5 8236E883 		.ascii	"\2026\350\203nVA\367\246\354Xk\224~\305\200.\331\331"
 1110      6E5641F7 
 1110      A6EC586B 
 1110      947EC580 
 1110      2ED9D9
 1111 05d8 9E21B0A0 		.ascii	"\236!\260\240\357)\240[\364@\033T\320\306\276\363I\241"
 1111      EF29A05B 
 1111      F4401B54 
 1111      D0C6BEF3 
 1111      49A1
 1112 05ea 14F4339B 		.ascii	"\024\3643\233\240\357[\005-j\251\264\332\001\375\200"
 1112      A0EF5B05 
 1112      2D6AA9B4 
 1112      DA01FD80 
 1113 05fa 5279A80B 		.ascii	"Ry\250\013\332A+\331f\007t;\225\354`@;ml<U\251\202\356"
 1113      DA412BD9 
 1113      6607743B 
 1113      95EC6040 
 1113      3B6D6C3C 
 1114 0612 A7A08DFA 		.ascii	"\247\240\215\372\240;U\320\226\266\233\211\316\322\357"
 1114      A03B55D0 
 1114      96B69B89 
 1114      CED2EF
 1115 0621 19D0B9B1 		.ascii	"\031\320\271\261\233k\\X\320]\012\350Gz\240\215*hSQ"
 1115      9B6B5C58 
 1115      D05D0AE8 
 1115      477AA08D 
 1115      2A685351 
 1116 0635 C6063F0A 		.ascii	"\306\006?\012:\357\276-\320\217\255\2026h\251<\261\003"
 1116      3AEFBE2D 
ARM GAS  /tmp/ccACgBoh.s 			page 91


 1116      D08FAD82 
 1116      3668A93C 
 1116      B103
 1117 0647 FA29A5F2 		.ascii	"\372)\245\362L\027\264\243V\262\333\016\350\347T\362"
 1117      4C17B4A3 
 1117      56B2DB0E 
 1117      E8E754F2 
 1118 0657 0503DAB9 		.ascii	"\005\003\332\271\353dq\206\012\272\370\276\002\332\244"
 1118      EB647186 
 1118      0ABAF8BE 
 1118      02DAA4
 1119 0666 0FBA4705 		.ascii	"\017\272G\005\335\270\347y\203\253\364\037\014\350\226"
 1119      DDB8E779 
 1119      83ABF41F 
 1119      0CE896
 1120 0675 C7C51B1D 		.ascii	"\307\305\033\035X\320/\025\320\257\364@\233T\320.\005"
 1120      58D02F15 
 1120      D0AFF440 
 1120      9B54D02E 
 1120      05
 1121 0686 45D93E6A 		.ascii	"E\331>j\311\266\011\372\265U\320F-\2257v@\367R*}\272"
 1121      C9B609FA 
 1121      B555D046 
 1121      2D953776 
 1121      40F7522A 
 1122 069c A09DB492 		.ascii	"\240\235\264\222o\355\200\356\247\222\026^\005\355Z"
 1122      6FED80EE 
 1122      A792165E 
 1122      05ED5A
 1123 06ab 9DB1E60D 		.ascii	"\235\261\346\015\247\326h\012\332E\037t\014OA\267\305"
 1123      A7D6680A 
 1123      DA451F74 
 1123      0C4F41B7 
 1123      C5
 1124 06bc EF2C3549 		.ascii	"\357,5I\021\014\350\037\313W\345\015(\035Ky\002z\031"
 1124      110CE81F 
 1124      CB57E50D 
 1124      281D4B79 
 1124      027A19
 1125 06cf AF03DA45 		.ascii	"\257\003\332E\005\355\326\321\365\334K\255\3216A\307"
 1125      05EDD6D1 
 1125      F5DC4BAD 
 1125      D13641C7 
 1126 06df F2D6409B 		.ascii	"\362\326@\233\264T\342x\333\240\343y\205J\002\257\007"
 1126      B454E278 
 1126      DBA0E379 
 1126      854A02AF 
 1126      07
 1127 06f0 DA592BB9 		.ascii	"\332Y+\271\334\252\244\014:\221J\256`@\273\337\332\221"
 1127      DCAAA40C 
 1127      3A914AAE 
 1127      6040BBDF 
 1127      DA91
 1128 0702 D1A4827E 		.ascii	"\321\244\202~DA\273\352\203^\251\202\276X\231\363\302"
 1128      4441BBEA 
 1128      835EA982 
 1128      BE5899F3 
ARM GAS  /tmp/ccACgBoh.s 			page 92


 1128      C2
 1129 0713 515AC880 		.ascii	"QZ\310\200\356\250\276\266\302\215\005\275J\001\275"
 1129      EEA8BEB6 
 1129      C28D05BD 
 1129      4A01BD
 1130 0722 5A0FB4AB 		.ascii	"Z\017\264\253\012\332cW\326\343\301j\215\266\011:\311"
 1130      0ADA6357 
 1130      D6E3C16A 
 1130      8DB6093A 
 1130      C9
 1131 0733 2A68172D 		.ascii	"*h\027-\225d;\240\327P*)\272\240]\265\222k\355\200^"
 1131      95643BA0 
 1131      D7502A29 
 1131      BAA05DB5 
 1131      926BED80 
 1132 0748 4725D733 		.ascii	"G%\3273\240\007\355^]t^\005\335OA\273\351\203NUA\337"
 1132      A007ED5E 
 1132      5D745E05 
 1132      DD4F41BB 
 1132      E9834E55 
 1133 075e 893FB2DA 		.ascii	"\211?\262\332EZ\302\200\316\273\025w\315\231\005\275"
 1133      455AC280 
 1133      CEBB1577 
 1133      CD9905BD 
 1134 076e 41019DA6 		.ascii	"A\001\235\246\007\332M\005\355\231\277\265\323]\255"
 1134      07DA4D05 
 1134      ED99BFB5 
 1134      D35DAD
 1135 077d D1ADB640 		.ascii	"\321\255\266@o\264\012\332MK%\335\016\350\014Je\223"
 1135      6FB40ADA 
 1135      4D4B25DD 
 1135      0EE80C4A 
 1135      6593
 1136 078f 2E6877AD 		.ascii	".hw\255\344f;\2403\251d\026\003zp\342\303\243\037R\316"
 1136      E4663BA0 
 1136      33A96416 
 1136      037A70E2 
 1136      C3A31F52 
 1137 07a4 FB5B15CE 		.ascii	"\373[\025\316\356\372\234\263U\316--\261W\234\244\177"
 1137      EEFA9CB3 
 1137      55CE2D2D 
 1137      B1579CA4 
 1137      7F
 1138 07b5 CA9C8720 		.ascii	"\312\234\207 \323\333o\372\212\\U\316CA\216\302y\213"
 1138      D3DB6FFA 
 1138      8A5C55CE 
 1138      43418EC2 
 1138      798B
 1139 07c7 1E677795 		.ascii	"\036gw\225\363\220\254\352\313"
 1139      F390ACEA 
 1139      CB
 1140 07d0 2E947389 		.ascii	".\224s\211M\316\271V9{h\241\344\331\341\274\225B\311"
 1140      4DCEB956 
 1140      397B68A1 
 1140      E4D9E1BC 
 1140      9542C9
 1141 07e3 D7E53C48 		.ascii	"\327\345<H+\271\315\272$\346\\@%\013\031\316C\333\266"
ARM GAS  /tmp/ccACgBoh.s 			page 93


 1141      2BB9CDBA 
 1141      24E65C40 
 1141      250B19CE 
 1141      43DBB6
 1142 07f6 B48552CE 		.ascii	"\264\205R\316\315\224\263\207>\347\355*\347\344\247"
 1142      CD94B387 
 1142      3EE7ED2A 
 1142      E7E4A7
 1143 0805 D7E38DD2 		.ascii	"\327\343\215\3222\300\200~S\262\265Z`A\027)\240w\350"
 1143      32C0807E 
 1143      53B2B55A 
 1143      60411729 
 1143      A077E8
 1144 0818 81F65041 		.ascii	"\201\366PA\017\353}\275\302DA\267\332\004\275\323*h"
 1144      0FEB7DBD 
 1144      C24441B7 
 1144      DA04BDD3 
 1144      2A68
 1145 082a 4F2D955D 		.ascii	"O-\225]v@\357\246T\212uA\017\326J\356\261\003z/\225"
 1145      7640EFA6 
 1145      548A7541 
 1145      0FD64AEE 
 1145      B1037A2F 
 1146 083f DCC7801E 		.ascii	"\334\307\200\036\336\265\255\321\217\202~FA\017\322"
 1146      DEB5ADD1 
 1146      8F827E46 
 1146      410FD2
 1147 084e 07BD5F05 		.ascii	"\007\275_\005\275\371\334\343\303&)\221\005\275\267"
 1147      BDF9DCE3 
 1147      C3262991 
 1147      05BDB7
 1148 085d B1AADFC8 		.ascii	"\261\252\337\310\202>\240\200>\250\007z\220\012\332"
 1148      823EA080 
 1148      3EA8077A 
 1148      900ADA
 1149 086c ABE56A9C 		.ascii	"\253\345j\234\221\202\356\261\011\372\220U\320C\264"
 1149      9182EEB1 
 1149      09FA9055 
 1149      D043B4
 1150 087b 544AEC80 		.ascii	"TJ\354\200>L\251\034\321\005=T+Yj\007t\031\225<\312"
 1150      3E4CA91C 
 1150      D1053D54 
 1150      2B596A07 
 1150      7419953C 
 1151 0890 801E9178 		.ascii	"\200\036\221x\351\206\017\005\235\327\241\200\366\324"
 1151      E9860F05 
 1151      9DD7A180 
 1151      F6D4
 1152 089e 077D8CB9 		.ascii	"\007}\214\271\3478Yv@\224\222Y\320\367\256\037\334-"
 1152      E7385976 
 1152      40949259 
 1152      D0F7AE1F 
 1152      DC2D
 1153 08b0 B2A0CB15 		.ascii	"\262\240\313\025\320\307\365@{\252\240G\276\330r\320"
 1153      D0C7F540 
 1153      7BAAA047 
 1153      BED872D0 
ARM GAS  /tmp/ccACgBoh.s 			page 94


 1154 08c0 40411774 		.ascii	"@A\027t\330\002]a\025\3640-\225J;\240OP*U\272\240\207"
 1154      D8025D61 
 1154      15F4302D 
 1154      954A3BA0 
 1154      4F502A55 
 1155 08d7 6B254FDA 		.ascii	"k%O\332\001}\212J\236f@{\257+\336:B-\321\024\364`}\320"
 1155      017D8A4A 
 1155      9E66407B 
 1155      AF2BDE3A 
 1155      422DD114 
 1156 08ef D52AE898 		.ascii	"\325*\350\230{\227w:J\251,\350\372M\225i\0032\372\214"
 1156      7B97773A 
 1156      4AA92CE8 
 1156      FA4D9569 
 1156      0332FA8C 
 1157 0903 02FAAC1E 		.ascii	"\002\372\254\036\350\301*\350Q\331q\311\016j\215\266"
 1157      E8C12AE8 
 1157      51D971C9 
 1157      0E6A8DB6 
 1158 0913 09BAC62A 		.ascii	"\011\272\306*h/-\225sv@\327R*u\272\240Gh%\317\333\001"
 1158      682F2D95 
 1158      737640D7 
 1158      522A75BA 
 1158      A0476825 
 1159 092a 7D814A5E 		.ascii	"}\201J^d@\217\356\336\236:D\255\321\024\364\020}\320"
 1159      64408FEE 
 1159      DE9E3A44 
 1159      ADD114F4 
 1159      107DD0
 1160 093d 9754D0AF 		.ascii	"\227T\320\257n\256)t\2266\261\240/oh*u`A_V@\327\353"
 1160      6EAE2974 
 1160      9636B1A0 
 1160      2F6F682A 
 1160      7560415F 
 1161 0955 811EA282 		.ascii	"\201\036\242\202\036\323[\272BTk\264M\320W\254\202\036"
 1161      1ED35BBA 
 1161      42546BB4 
 1161      4DD057AC 
 1161      821E
 1162 0967 A9A572D5 		.ascii	"\251\245r\325\016\350k\224\312\217\272\240\275\265\222"
 1162      0EE86B94 
 1162      CA8FBAA0 
 1162      BDB592
 1163 0976 D7ED80BE 		.ascii	"\327\355\200\276A%o2\240}^u\255\360Pk4\005=T\037\364"
 1163      41256F32 
 1163      A07D5E75 
 1163      ADF0506B 
 1163      34053D54 
 1164 098c 2DE62E7A 		.ascii	"-\346.z\303\362\247\356\322\026\026\364\305\332\354"
 1164      C3F2A7EE 
 1164      D21616F4 
 1164      C5DAEC
 1165 099b 2B0616F4 		.ascii	"+\006\026\364m\005t\203\036\350\241*h\363\321[9\202"
 1165      6D057483 
 1165      1EE8A12A 
 1165      68F3D15B 
 1165      3982
ARM GAS  /tmp/ccACgBoh.s 			page 95


 1166 09ad 5AA36D82 		.ascii	"Z\243m\202\276c\025\364(-\225F;\240\177\242T\356\352"
 1166      BE6315F4 
 1166      282D9546 
 1166      3BA07FA2 
 1166      54EEEA
 1167 09c0 821EAD95 		.ascii	"\202\036\255\225l\262\003\272\231J\336c@KG\327\265\271"
 1167      6CB203BA 
 1167      994ADE63 
 1167      404B47D7 
 1167      B5B9
 1168 09d2 A835BA53 		.ascii	"\2505\272S\001=L\037t\013\003\272\257x\203A*`A\347>"
 1168      013D4C1F 
 1168      740B03BA 
 1168      AF788341 
 1168      2A6041E7 
 1169 09e7 6B7BE2CE 		.ascii	"k{\342\316\202\276\257\200n\325\003=L\005=\366Lq-\257"
 1169      82BEAF80 
 1169      6ED5033D 
 1169      4C053DF6 
 1169      4C712DAF 
 1170 09fb D6E84E5B 		.ascii	"\326\350N[\240\037X\005=FK\345\241\035\320m\224J\273"
 1170      A01F5805 
 1170      3D464BE5 
 1170      A11DD06D 
 1170      944ABB
 1171 0a0e 2E681FAD 		.ascii	".h\037\255d\207\035\320\235T\262\213\001=\256\2739\323"
 1171      64871DD0 
 1171      9D54B28B 
 1171      013DAEBB 
 1171      39D3
 1172 0a20 44419750 		.ascii	"DA\227P\320\303\365A?bjtV\317\011\203\264k@F\357*.7"
 1172      D0C3F541 
 1172      3F626A74 
 1172      56CF0983 
 1172      B46B4046 
 1173 0a38 B1A01F2B 		.ascii	"\261\240\037+\240\237\350\201\036\256\202\036\337\270"
 1173      A09FE881 
 1173      1EAE821E 
 1173      DFB8
 1174 0a46 2A51055D 		.ascii	"*Q\005]f\023\364S\253\240\315Z*\317\354\200\356\246"
 1174      6613F453 
 1174      ABA0CD5A 
 1174      2ACFEC80 
 1174      EEA6
 1175 0a58 549EEB82 		.ascii	"T\236\353\202\226\264\222/\354\200\356\241\222/\031"
 1175      96B4922F 
 1175      EC80EEA1 
 1175      922F19
 1176 0a67 D0BEA93F 		.ascii	"\320\276\251?\2567R\320\255\024\264\227>\350W*\350C"
 1176      AE3752D0 
 1176      AD14B497 
 1176      3EE8572A 
 1176      E843
 1177 0a79 8F3B3B78 		.ascii	"\217;;xi?`\3760\354\276\177\276\177\300\037\206\257"
 1177      693F60FE 
 1177      30ECBE7F 
 1177      BE7FC01F 
ARM GAS  /tmp/ccACgBoh.s 			page 96


 1177      86AF
 1178 0a8b 15D06FF4 		.ascii	"\025\320o\364@{\251\240'\334=\\\017(\350v\233\240{\255"
 1178      407BA9A0 
 1178      27DC3D5C 
 1178      0F28E876 
 1178      9BA07BAD 
 1179 0a9f 821EABA5 		.ascii	"\202\036\253\245\322g\007\364[J\245_\027\3648\255\244"
 1179      D26707F4 
 1179      5B4AA55F 
 1179      17F438AD 
 1179      A4
 1180 0ab0 45B0FD87 		.ascii	"E\260\375\207a\214\240H.\025T\320~\007\262*\015\024"
 1180      618CA048 
 1180      2E1554D0 
 1180      7E07B22A 
 1180      0D14
 1181 0ac2 740F053D 		.ascii	"t\017\005=B\037\3642\201\202.\334\035S\313KelF'\276"
 1181      421FF432 
 1181      81822EDC 
 1181      1D53CB4B 
 1181      656C4627 
 1182 0ad7 8DAD1870 		.ascii	"\215\255\030p\327\021+\020\320q\202\016\350\021*\350"
 1182      D7112B10 
 1182      D071820E 
 1182      E8112AE8 
 1183 0ae7 899D970B 		.ascii	"\211\235\227\013U\320ol\202\216\027\254\201\036\257"
 1183      55D06F6C 
 1183      828E17AC 
 1183      811EAF
 1184 0af6 A5926095 		.ascii	"\245\222`\225\212\014z9\245\222(\350\201\366\325J\256"
 1184      8A0C7A39 
 1184      A59228E8 
 1184      81F6D54A 
 1184      AE
 1185 0b07 B02E8941 		.ascii	"\260.\211A\257\244\222\253\030\320\376\325\3476:P\320"
 1185      AFA492AB 
 1185      18D0FED5 
 1185      E7363A50 
 1185      D0
 1186 0b18 055D0AE8 		.ascii	"\005]\012\350\221\372\240W\253\240\273c\256\0268I\225"
 1186      91FAA057 
 1186      ABA0BB63 
 1186      AE163849 
 1186      95
 1187 0b29 04F430E4 		.ascii	"\004\3640\344\332~\342P-s\037=\034$)\240\223\365@\217"
 1187      DA7EE250 
 1187      2D731F3D 
 1187      1C2429A0 
 1187      93F5408F 
 1188 0b3d 5441075C 		.ascii	"TA\007\\\253\214WA\357\350\262\005z\215U\320\023\264"
 1188      AB8C5741 
 1188      EFE8B205 
 1188      7A8D55D0 
 1188      13B4
 1189 0b4f 5452EC80 		.ascii	"TR\354\200^K\251\254\323\005\355\247\225\\oU\262\034"
 1189      5E4BA9AC 
 1189      D305EDA7 
ARM GAS  /tmp/ccACgBoh.s 			page 97


 1189      955C6F55 
 1189      B21C
 1190 0b61 834EA592 		.ascii	"\203N\245\222\033\030\320\223\236$\256\025)\3502\012"
 1190      1B18D093 
 1190      9E24AE15 
 1190      29E8320A 
 1191 0b71 DA5B1F74 		.ascii	"\332[\037t\032\223\321E\375\355\202t\232\200\366\302"
 1191      1A93D145 
 1191      FDED8274 
 1191      9A80F6C2 
 1192 0b81 AEF9CBF6 		.ascii	"\256\371\313\366\362*\350\021`\243\002:]\017\264\267"
 1192      F22AE811 
 1192      60A3023A 
 1192      5D0FB4B7 
 1193 0b91 0A7AF2F2 		.ascii	"\012z\362\362\226m\370\256\003\240i\224\363r\207Q\372"
 1193      966DF8AE 
 1193      03A06994 
 1193      F3728751 
 1193      FA
 1194 0ba2 93C85027 		.ascii	"\223\310P'qvS\322q\223TC&1\022M\342p\377\313f\346\036"
 1194      717653D2 
 1194      71935443 
 1194      2631124D 
 1194      E270FFCB 
 1195 0bb9 D31B6C52 		.ascii	"\323\033lR&\261\231\235\304=\221x\250\223\010\274\020"
 1195      26B1999D 
 1195      C43D9178 
 1195      A89308BC 
 1195      10
 1196 0bca FB467D32 		.ascii	"\373F}2\177\274\353oi\364;\010\350#_\364\201\257\374"
 1196      7FBCEB6F 
 1196      69F43B08 
 1196      E8235FF4 
 1196      81AFFC
 1197 0bdd 2D043887 		.ascii	"-\0048\207LA\223\007\243\322\361\027'\262\324<\350\272"
 1197      4C419307 
 1197      A3D2F117 
 1197      27B2D43C 
 1197      E8BA
 1198 0bef 7FF1A620 		.ascii	"\177\361\246 \325\223\331\215F\0036\344\237mU\036\007"
 1198      D593D98D 
 1198      460336E4 
 1198      9F6D551E 
 1198      07
 1199 0c00 E534C1E9 		.ascii	"\3454\301\351\214\201\377KX\016\344\340\371\371\340"
 1199      8C81FF4B 
 1199      580EE4E0 
 1199      F9F9E0
 1200 0c0f B9047555 		.ascii	"\271\004uU^wW>\026\356M\330UV\355\302\314\006}\334\214"
 1200      5E77573E 
 1200      16EE4DD8 
 1200      5556EDC2 
 1200      CC067DDC 
 1201 0c24 C740BF2D 		.ascii	"\307@\277-\002\\\305\350L\341\023\330s\331f\003\264"
 1201      025CC5E8 
 1201      4CE113D8 
 1201      73D96603 
ARM GAS  /tmp/ccACgBoh.s 			page 98


 1201      B4
 1202 0c35 FE10BE81 		.ascii	"\376\020\276\201\235+~Z\375J@\037\257\032A?\000\271"
 1202      9D2B7E5A 
 1202      FD4A401F 
 1202      AF1A413F 
 1202      00B9
 1203 0c47 F04E152E 		.ascii	"\360N\025.\374\266\200:\300h\311\205\3644\203\0345\000"
 1203      FCB6803A 
 1203      C068C985 
 1203      F434831C 
 1203      3500
 1204 0c59 7C1B8B7D 		.ascii	"|\033\213}\203\261/\340\036\000\374\231\354\256\332"
 1204      83B12FE0 
 1204      1E00FC99 
 1204      ECAEDA
 1205 0c68 7A8BD3B8 		.ascii	"z\213\323\270-\026\374S\210\276I`&_\307@?`+,\255p~\353"
 1205      2D16FC53 
 1205      88BE4960 
 1205      265FC740 
 1205      3F602B2C 
 1206 0c80 4D5074AE 		.ascii	"MPt\2566K9m\226\346[\315\322g]\225\200G\211\272\015"
 1206      364B396D 
 1206      96E65BCD 
 1206      D2675D95 
 1206      804789BA 
 1207 0c95 262AD42E 		.ascii	"&*\324.@\034\025q\007\255\270\316\207\271\205V\305{"
 1207      401C1571 
 1207      07ADB8CE 
 1207      87B98556 
 1207      C57B
 1208 0ca7 BAF6CAE2 		.ascii	"\272\366\312\342\333e\361\"$\216\326\033\302\251\213"
 1208      DB65F122 
 1208      248ED61B 
 1208      C2A98B
 1209 0cb6 7DF42ABB 		.ascii	"}\364*\273\311\325\372bw\310\213\275\210\256\356\354"
 1209      C9D5FA62 
 1209      77C88BBD 
 1209      88AEEEEC 
 1210 0cc6 34E6E36B 		.ascii	"4\346\343k\011\217.\353>\326\206\375\274\340\231<a\""
 1210      098F2EEB 
 1210      3ED686FD 
 1210      BCE0993C 
 1210      6122
 1211 0cd8 9E44A3E5 		.ascii	"\236D\243\345i\235\011}b\357\221-\214\005\273\320\374"
 1211      699D097D 
 1211      62EF912D 
 1211      8C05BBD0 
 1211      FC
 1212 0ce9 76923F19 		.ascii	"v\222?\031*\3664e\210a!\3709\020\234\024\274*\330\245"
 1212      2AF63465 
 1212      886121F8 
 1212      39109C14 
 1212      BC2AD8A5 
 1213 0cfd 5808A32E 		.ascii	"X\010\243.\037ke\375ud\367X\221\335\313\310\356\203"
 1213      1F6B65FD 
 1213      7564F758 
 1213      91DDCBC8 
ARM GAS  /tmp/ccACgBoh.s 			page 99


 1213      EE83
 1214 0d0f B268BDA1 		.ascii	"\262h\275\241J^\361d\321\347;\257\344\231\254/z?\\\364"
 1214      4A5EF164 
 1214      D1E73BAF 
 1214      E499AC2F 
 1214      7A3F5CF4 
 1215 0d23 031093F3 		.ascii	"\003\020\223\363\254\033V\206-\370c\327\206G]m\216x"
 1215      AC1B5686 
 1215      2DF863D7 
 1215      86475D6D 
 1215      8E78
 1216 0d35 C4B28A17 		.ascii	"\304\262\212\027\015B\246\345\242\307;\203\016`R\313"
 1216      0D42A6E5 
 1216      A2C73B83 
 1216      0E6052CB 
 1217 0d45 0EC4D7D5 		.ascii	"\016\304\327\325W\367\0009C\307d\012\037d\012\263\344"
 1217      57F70039 
 1217      43C7640A 
 1217      1F640AB3 
 1217      E4
 1218 0d56 74BE3145 		.ascii	"t\2761E>\351\003\317\243\322j\226\337\232\337\271\312"
 1218      3EE903CF 
 1218      A3D26A96 
 1218      DF9ADFB9 
 1218      CA
 1219 0d67 E3D2F1F7 		.ascii	"\343\322\361\367\201\016\312;\312\007F\363W\346\226"
 1219      810ECA3B 
 1219      CA0746F3 
 1219      57E696
 1220 0d76 B922E6E3 		.ascii	"\271\"\346\343\001\017\016\341*E/\203/\340@\211\340"
 1220      010F0EE1 
 1220      2A452F83 
 1220      2FE04089 
 1220      E0
 1221 0d87 9D0DEB2D 		.ascii	"\235\015\353-6I\027dU\011\012C\223t\213\210\336[\331"
 1221      36491764 
 1221      55090A43 
 1221      93748B88 
 1221      DE5BD9
 1222 0d9a B587D55D 		.ascii	"\265\207\325]{)3/\337 \305\360\362\256\365C\003\222"
 1222      7B29332F 
 1222      DF20C5F0 
 1222      F2AEF543 
 1222      0392
 1223 0dac 2FAD5AE5 		.ascii	"/\255Z\345\250\354\3326\230k\023\301\021x\331\221\034"
 1223      A8ECDA36 
 1223      986B13C1 
 1223      1178D991 
 1223      1C
 1224 0dbd 288523F1 		.ascii	"(\205#\361\006\234\205W(\241\035\214vb|fY\202\257<\203"
 1224      069C8557 
 1224      28A11D8C 
 1224      76627C66 
 1224      5982AF3C 
 1225 0dd2 3FC91BF2 		.ascii	"?\311\033\362Pb\347v'4S\003\000\240\014]\257\027\000"
 1225      5062E776 
 1225      27345303 
ARM GAS  /tmp/ccACgBoh.s 			page 100


 1225      00A00C5D 
 1225      AF1700
 1226 0de5 0E9A1B8C 		.ascii	"\016\232\033\214\022*\004\276\201\303\035\320\233\217"
 1226      122A04BE 
 1226      81C31DD0 
 1226      9B8F
 1227 0df3 43D0A50A 		.ascii	"C\320\245\012;v\272~\020\256\211p\337>\250\232+k!\241"
 1227      3B76BA7E 
 1227      10AE8970 
 1227      DF3EA89A 
 1227      2B6B21A1 
 1228 0e07 575DF9D7 		.ascii	"W]\371\327\005Y\310\010\216\312{\367\005\370\204\205"
 1228      0559C808 
 1228      8ECA7BF7 
 1228      05F88485 
 1229 0e17 6180308E 		.ascii	"a\2000\216\011\336\201k\235\241}\350eOn\2450\027\227"
 1229      09DE816B 
 1229      9DA17DE8 
 1229      654F6EA5 
 1229      301797
 1230 0e2a 370095A7 		.ascii	"7\000\225\247\014,.}\365\003\212\3139\246\270\224#\313"
 1230      0C2C2E7D 
 1230      F5038ACB 
 1230      39A6B894 
 1230      23CB
 1231 0e3c B199C23C 		.ascii	"\261\231\302<Z\\\004\370f@1\021\230\3521u`\365H)\272"
 1231      5A5C04F8 
 1231      66403111 
 1231      98EA3175 
 1231      60F54829 
 1232 0e51 52EA683D 		.ascii	"R\352h=\267\2163\325\303I\273\301u\236\\WX\335\340\005"
 1232      B78E33D5 
 1232      C349BBC1 
 1232      759E5C57 
 1232      58DDE005 
 1233 0e65 CF49F5A8 		.ascii	"\317I\365\250\2247\370\011\266z8k\305u\236aWY\025\337"
 1233      9437F809 
 1233      B67A386B 
 1233      C5759E61 
 1233      575915DF 
 1234 0e79 F19C548F 		.ascii	"\361\234T\217\223\262\370)\245zLc\252\307\205\330\267"
 1234      93B2F829 
 1234      A57A4C63 
 1234      AAC785D8 
 1234      B7
 1235 0e8a B982F5C5 		.ascii	"\271\202\365\305\236f\252\307g\332}\035\240\263\257"
 1235      9E66AAC7 
 1235      67DA7D1D 
 1235      A0B3AF
 1236 0e99 ABADECEB 		.ascii	"\253\255\354\3533x_\313_\212;\313\224\013G\255\354$"
 1236      33785FCB 
 1236      5F8A3BCB 
 1236      940B47AD 
 1236      EC24
 1237 0eab 1DD91A2B 		.ascii	"\035\331\032+\262\347\030\331ZR.\246\277[.b\367\256"
 1237      B2E718D9 
 1237      5A522EA6 
ARM GAS  /tmp/ccACgBoh.s 			page 101


 1237      BF5B2E62 
 1237      F7AE
 1238 0ebd 5BED6E7D 		.ascii	"[\355n}\225u\244\\\024\364\300rQ\216\313E\352\355\345"
 1238      9575A45C 
 1238      14F4C072 
 1238      518ECB45 
 1238      EAEDE5
 1239 0ed0 479D49B9 		.ascii	"G\235I\271\270\323\246W.\316+\345\"\263\001\225\013"
 1239      B8D3A657 
 1239      2ECE2BE5 
 1239      22B30195 
 1239      0B
 1240 0ee1 9C73E332 		.ascii	"\234s\3432\205\2172\2059\264\\\340\223\343\341y\271"
 1240      858F3285 
 1240      39B45CE0 
 1240      93E3E179 
 1240      B9
 1241 0ef2 5CE0B7BE 		.ascii	"\\\340\267\276\372\345\342\202\274\225\307\243\372\360"
 1241      FAE5E282 
 1241      BC95C7A3 
 1241      FAF0
 1242 0f00 6E41C0E3 		.ascii	"nA\300\343&\300\241\244 \224[-\010\027\325\202P\274"
 1242      26C0A1A4 
 1242      20945B2D 
 1242      0817D582 
 1242      50BC
 1243 0f12 35E182B3 		.ascii	"5\341\202\263\224\307\026\204\263\226;\333M\003\013"
 1243      94C71684 
 1243      B3963BDB 
 1243      4D030B
 1244 0f21 C2255810 		.ascii	"\302%X\020\220\034\270\214\013\002\3344s\360\032&\320"
 1244      901CB88C 
 1244      0B02DC34 
 1244      73F01A26 
 1244      D0
 1245 0f32 82D0590F 		.ascii	"\202\320Y\017\013\002\236\301\037\321&\"\025\000\366"
 1245      0B029EC1 
 1245      1FD12622 
 1245      1500F6
 1246 0f41 729A8A92 		.ascii	"r\232\212\222b\032|\003\373;\2437\216\323\020\375\031"
 1246      621A7C03 
 1246      FB3BA337 
 1246      8ED310FD 
 1246      19
 1247 0f52 EF56003C 		.ascii	"\357V\000<x\236\272\345\347A\251\351\227=\321N\237\273"
 1247      789EBAE5 
 1247      E741A9E9 
 1247      973DD14E 
 1247      9FBB
 1248 0f64 D6198E98 		.ascii	"\326\031\216\230Ioa0\320c\015\325\027x\264\2273\005"
 1248      496F6130 
 1248      D0630DD5 
 1248      1778B497 
 1248      3305
 1249 0f76 BFF7FAFB 		.ascii	"\277\367\372\373\263\336\352\036\3306\004\177\303J\336"
 1249      B3DEEA1E 
 1249      D836047F 
ARM GAS  /tmp/ccACgBoh.s 			page 102


 1249      C34ADE
 1250 0f85 0057756F 		.ascii	"\000WuoJu\376D\276f]o(\376z\225\254w\235\354\326\336"
 1250      4A75FE44 
 1250      BE665D6F 
 1250      28FE7A95 
 1250      AC779DEC 
 1251 0f9b 842333E4 		.ascii	"\204#3\344\351"
 1251      E9
 1252 0fa0 4E843396 		.ascii	"N\2043\226/5~\353\257\177\251o\310\027i\"\371U@\223"
 1252      2F357EEB 
 1252      AF7FA96F 
 1252      C8176922 
 1252      F9554093 
 1253 0fb4 5FBEF5F3 		.ascii	"_\276\365\363O\027\034\344;\253\233\370\316\212\244"
 1253      4F171CE4 
 1253      3BAB9BF8 
 1253      CE8AA4
 1254 0fc3 C10FB264 		.ascii	"\301\017\262d\000T\205\016\033a\026X\277\231\273\245"
 1254      0054850E 
 1254      1B611658 
 1254      BF99BBA5 
 1255 0fd3 6641D3FA 		.ascii	"fA\323\372\202\014\243t\212dA\000\376\310\351\370\221"
 1255      820CA374 
 1255      8A644100 
 1255      FEC8E9F8 
 1255      91
 1256 0fe4 FF62EFE5 		.ascii	"\377b\357\345&\201\333\312\275\\\303\373\022\272c\225"
 1256      2681DBCA 
 1256      BD5CC3FB 
 1256      12BA6395 
 1257 0ff4 D01804A8 		.ascii	"\320\030\004\250\021\335\265c\305\237t\025"
 1257      11DDB563 
 1257      C59F7415 
 1258 1000 75AEE15D 		.ascii	"u\256\341]k\212f$\330D\005\233q\236\006\220\364\204"
 1258      6B8A6624 
 1258      D844059B 
 1258      719E0690 
 1258      F484
 1259 1012 BFAC1B12 		.ascii	"\277\254\033\022\256\221d\231\364^\177C\337\263:\365"
 1259      AE916499 
 1259      F45E7F43 
 1259      DFB33AF5 
 1260 1022 7D38595A 		.ascii	"}8YZ\344\213{_w\342:\177\346\267Z\325+\305\311\362@"
 1260      E48B7B5F 
 1260      77E23A7F 
 1260      E6B75AD5 
 1260      2BC5C9F2 
 1261 1037 D67B4893 		.ascii	"\326{H\223\345!I\226\311p\306L\262\004\352'K\233|-'"
 1261      E5214996 
 1261      C970C64C 
 1261      B204EA27 
 1261      4B9B7C2D 
 1262 104c DB4B9676 		.ascii	"\333K\226v\235d\011\202\252v\223\245CM\226C7\236ov\222"
 1262      9D640982 
 1262      AA7693A5 
 1262      434D9643 
 1262      379E6F76 
ARM GAS  /tmp/ccACgBoh.s 			page 103


 1263 1061 EEB3C9D2 		.ascii	"\356\263\311\322\223\222\273\32680[:\225l\351z_D\217"
 1263      9392BBD6 
 1263      38305B3A 
 1263      956CE97A 
 1263      5F448F
 1264 1074 6C67CB63 		.ascii	"lg\313czq\237\350*\352\\\304\2476\263\345\031\025\354"
 1264      7A719FE8 
 1264      2AEA5CC4 
 1264      A736B3E5 
 1264      1915EC
 1265 1087 C6D91244 		.ascii	"\306\331\022D\263\245A--\301\357\365 \340\271\235\322"
 1265      B3A5412D 
 1265      2DC1EFF5 
 1265      20E0B99D 
 1265      D2
 1266 1098 F242BEBA 		.ascii	"\362B\276\272=\272\023\327yV\361\322Niy%\353\275\326"
 1266      3DBA13D7 
 1266      7956F1D2 
 1266      4E697925 
 1266      EBBDD6
 1267 10ab 94961038 		.ascii	"\224\226\0208c&[B\365\263\345\215|1C\354eK\257N\266"
 1267      63265B42 
 1267      F5B3E58D 
 1267      7C3143EC 
 1267      654BAF4E 
 1268 10c0 844155BB 		.ascii	"\204AU\273\331\322\247f\313\201\222\015\275F)A`\262"
 1268      D9D2A766 
 1268      CB81920D 
 1268      BD462941 
 1268      60B2
 1269 10d2 E574D3C1 		.ascii	"\345t\323\3018\323\300ly\253dK\377\373\"\262\2106\263"
 1269      38D3C06C 
 1269      79AB644B 
 1269      FFFB22B2 
 1269      8836B3
 1270 10e5 2546542E 		.ascii	"%FT.\356R\361=\237\346,\263\246\210\263%\226\012\306"
 1270      EE52F13D 
 1270      9FE62CB3 
 1270      A688B325 
 1270      960AC6
 1271 10f8 89285BC2 		.ascii	"\211([\302h\266t6$\234'\3312\345\275\236f\304[\235\372"
 1271      68B67436 
 1271      249C27D9 
 1271      32E5BD9E 
 1271      66C45B9D 
 1272 110d 5B776495 		.ascii	"[wd\225 \342\253\273\\w\342:\017\\\022\255\352\275\306"
 1272      20E2ABBB 
 1272      5C77E23A 
 1272      0F5C12AD 
 1272      EABDC6
 1273 1120 D9B742D6 		.ascii	"\331\267B\326[)*\331\222N\262e*\2341\223-\323\364\263"
 1273      5B292AD9 
 1273      924EB265 
 1273      2A9C3193 
 1273      2DD3F4B3 
 1274 1134 6595882F 		.ascii	"e\225\210/\346T{\331\262Z\324f\313t\250j7[\222D\232"
 1274      E6547BD9 
ARM GAS  /tmp/ccACgBoh.s 			page 104


 1274      B25AD466 
 1274      CB74A86A 
 1274      375B9244 
 1275 1149 2D7B8F5D 		.ascii	"-{\217]\270\351.\025\262\331\322\330wq\247\303\300l"
 1275      B8E92E15 
 1275      B2D9D2D8 
 1275      7771A7C3 
 1275      C06C
 1276 115b 491649B6 		.ascii	"I\026I\266\254y_D)\266\263e-\275\270\353t\025\365\036"
 1276      AC795F44 
 1276      29B6B365 
 1276      2DBDB8EB 
 1276      7415F51E 
 1277 116f 49D9CC96 		.ascii	"I\331\314\226T*\270\001g\313t\345\331\307\254\202\333"
 1277      542AB801 
 1277      67CB74E5 
 1277      D9C7AC82 
 1277      DB
 1278 1180 776295BB 		.ascii	"wb\225\273\230\245\033V\3265V\223'F3\330?qD|CZqs\317"
 1278      98A51B56 
 1278      D6355693 
 1278      274633D8 
 1278      3F71447C 
 1279 1199 0DB777BE 		.ascii	"\015\267w\276\023\237&\242\357\304o\024\361w\342\343"
 1279      139F26A2 
 1279      EFC46F14 
 1279      F177E2E3 
 1280 11a9 CD7A0FED 		.ascii	"\315z\017\355\010\326t\025k\335\245\262\034'\351,\301"
 1280      08D67415 
 1280      6BDDA5B2 
 1280      1C27E92C 
 1280      C1
 1281 11ba 3A190D38 		.ascii	":\031\0158\260\177\337[\345S\264\234}pI\201 C$\017\223"
 1281      B07FDF5B 
 1281      E553B49C 
 1281      7D704981 
 1281      2043240F 
 1282 11cf 36E139CF 		.ascii	"6\3419\317@s\306\317\202{Bm\330lVm\256\234N:\343*\335"
 1282      4073C6CF 
 1282      827B426D 
 1282      D86C566D 
 1282      AE9C4E3A 
 1283 11e6 263641F8 		.ascii	"&6A\3706bO\3623g\326&\030d*6Y\242\374L\010y\274\261"
 1283      36624FF2 
 1283      3367D626 
 1283      18642A36 
 1283      59A2FC4C 
 1284 11fe E991AD7A 		.ascii	"\351\221\255z\034n\336\277\312Yj%\036!h\300\271\244"
 1284      1C6EDEBF 
 1284      CA596A25 
 1284      1E2168C0 
 1284      B9A4
 1285 1210 0BE5EEAC 		.ascii	"\013\345\356\254G(\310Q<\2660\036\3756=rU\217\355\017"
 1285      4728C851 
 1285      3CB6301E 
 1285      FD363D72 
 1285      558FED0F 
ARM GAS  /tmp/ccACgBoh.s 			page 105


 1286 1224 FA4B4DD2 		.ascii	"\372KM\322\013\342\021\206\006\324\266t\354\006\254"
 1286      0BE21186 
 1286      06D4B674 
 1286      EC06AC
 1287 1233 C71490A7 		.ascii	"\307\024\220\247xle<\362zmy\344\253\036\375\373\037"
 1287      786C653C 
 1287      F27A6D79 
 1287      E4AB1EFD 
 1287      FB1F
 1288 1245 6C33496B 		.ascii	"l3IkE\331c*~\272\327X\265\337\304zL\003\333\024\217"
 1288      45D9632A 
 1288      7EBAD758 
 1288      B5DFC47A 
 1288      4C03DB14 
 1289 125a 02C6A3C0 		.ascii	"\002\306\243\300\246G\241\352Q\334\027_ J\271\304c:"
 1289      A647A1EA 
 1289      51DC175F 
 1289      204AB9C4 
 1289      633A
 1290 126c 1A70E66C 		.ascii	"\032p\346l\225\221\265\230\001\266+\026E\214\305\016"
 1290      9591B598 
 1290      01B62B16 
 1290      458CC50E 
 1291 127c 9B163B54 		.ascii	"\233\026;T\213Gui\265F\351\252\310\\\216\324\237\216"
 1291      8B477569 
 1291      B546E9AA 
 1291      C85C8ED4 
 1291      9F8E
 1292 128e 75B80CBC 		.ascii	"u\270\014\274\034;\025\217]\214G\261M\217\335\252G_"
 1292      1C3B158F 
 1292      5D8C47B1 
 1292      4D8FDDAA 
 1292      475F
 1293 12a0 595DA3BB 		.ascii	"Y]\243\273tOd\0365\236<V\276l\000\2521\240X\361\330"
 1293      744F641E 
 1293      359E3C56 
 1293      BE6C00AA 
 1293      31A058F1 
 1294 12b5 C378ECB7 		.ascii	"\303x\354\267\351\261W\365x\332\234\265\232\227\326"
 1294      E9B157F5 
 1294      78DA9CB5 
 1294      9A97D6
 1295 12c4 3AC81E33 		.ascii	":\310\0363\321\200\376\376]w\006\\\362Y`\237\342\261"
 1295      D180FEFE 
 1295      5D77065C 
 1295      F259609F 
 1295      E2B1
 1296 12d6 9FF128B1 		.ascii	"\237\361(\261\351q@\365\310\311\252\275\302KG\210\307"
 1296      E97140F5 
 1296      C8C9AABD 
 1296      C24B4788 
 1296      C7
 1297 12e7 6C346067 		.ascii	"l4`g]J\241\023\3531\007\034T<\0161\036e6=JT\217\315"
 1297      5D4AA113 
 1297      EB31071C 
 1297      543C0E31 
 1297      1E65363D 
ARM GAS  /tmp/ccACgBoh.s 			page 106


 1298 12ff EB4E3E74 		.ascii	"\353N>t\223N\023\217\271x\247\227\275\230\315Z|\000"
 1298      934E138F 
 1298      B978A797 
 1298      BD98CD5A 
 1298      7C00
 1299 1311 0E2B1647 		.ascii	"\016+\026G\030\213\3436-JU\213\266\253\017\223\\\244"
 1299      188BE336 
 1299      2D4A558B 
 1299      B6AB0F93 
 1299      5CA4
 1300 1323 76D6A2ED 		.ascii	"v\326\242\355\326\223\203n\003=\312\024\217\243\214"
 1300      D693836E 
 1300      033DCA14 
 1300      8FA38C
 1301 1332 47B34D8F 		.ascii	"G\263M\217c\252\307\263\224\353\317\335\2445\006\346"
 1301      63AAC7B3 
 1301      94EBCFDD 
 1301      A43506E6 
 1302 1342 D977ECFA 		.ascii	"\331w\354\372\204[\003.\2077(W<\2163\036\2556=*T\217"
 1302      845B032E 
 1302      87372857 
 1302      3C8E331E 
 1302      AD363D2A 
 1303 1358 1D6539C5 		.ascii	"\035e9\305&)\235x|\210\006\244/\255n\034\220\272\037"
 1303      26299D78 
 1303      7C8806A4 
 1303      2FAD6E1C 
 1303      90BA1F
 1304 136b 814AC5E3 		.ascii	"\201J\305\343\004\343\321n\323\243J\365\270\326T\326"
 1304      04E3D16E 
 1304      D3A34AF5 
 1304      B8D654D6 
 1305 137b EC2CDD36 		.ascii	"\354,\33560\025\361x{\375r0\260\"\236T<N1\036\217lz"
 1305      3015F178 
 1305      7BFD7230 
 1305      B0229E54 
 1305      3C4E311E 
 1306 1392 9C563DB2 		.ascii	"\234V=\262\222N=w\225Z\211\307\307h\300\321\3267\017"
 1306      924E3D77 
 1306      955A89C7 
 1306      C768C0D1 
 1306      D6370F
 1307 13a5 1D588F4F 		.ascii	"\035X\217O@\265\342q\206\361xf\323\343\254\352q\"c}"
 1307      40B5E271 
 1307      86F17866 
 1307      D3E3ACEA 
 1307      7122637D 
 1308 13b9 2A90763B 		.ascii	"*\220v;2\327\343\342\231g\031\356\003\257G\215\342q"
 1308      32D7E3E2 
 1308      996719EE 
 1308      03AF478D 
 1308      E271
 1309 13cb 8EF1E8B1 		.ascii	"\216\361\350\261\351Q\253z\034[\323\275\334(\225\020"
 1309      E951AB7A 
 1309      1C5BD3BD 
 1309      DC289510 
 1310 13db 8F79F813 		.ascii	"\217y\370\023\205\003\365\355\003X}\012\352\024\217"
ARM GAS  /tmp/ccACgBoh.s 			page 107


 1310      8503F5ED 
 1310      03587D0A 
 1310      EA148F
 1311 13ea F3EC6F0F 		.ascii	"\363\354o\017\233\036\027T\217-EW\237\232\244D#\363"
 1311      9B1E1754 
 1311      8F2D4557 
 1311      9F9AA444 
 1311      23F3
 1312 13fc 99F0A6EC 		.ascii	"\231\360\246\354\206\237\006\\swpQ\361\270\304\376\366"
 1312      869F065C 
 1312      73777051 
 1312      F1B8C4FE 
 1312      F6
 1313 140d B0E97159 		.ascii	"\260\351qY\365X\326\233\321\347(\245\020\217\317p)I"
 1313      F558D69B 
 1313      D1E728A5 
 1313      108FCF70 
 1313      2949
 1314 141f 39F70BD6 		.ascii	"9\367\013\326\342sP\257X\\\241\026\3619\005}{\311GT"
 1314      E27350AF 
 1314      585CA116 
 1314      F139057D 
 1314      7BC94754 
 1315 1433 33DF71F9 		.ascii	"3\337q\371Y:zf\011\256\312._\300\033\2014\346\231\353"
 1315      593A7A66 
 1315      09AECA2E 
 1315      5FC01B81 
 1315      34E699EB 
 1316 1447 CF0100D7 		.ascii	"\317\001\000\327D\357l\341\013\371\363\237noU\205v\372"
 1316      44EF6CE1 
 1316      0BF9F39F 
 1316      6E6F5585 
 1316      76FA
 1317 1459 1276FA51 		.ascii	"\022v\372Q\224\237f\256\024f\237}\335^\205\277o\315"
 1317      949F66AE 
 1317      14669F7D 
 1317      DD5E85BF 
 1317      6FCD
 1318 146b AF12E6A8 		.ascii	"\257\022\346\250\377\232\257\013\360\320\340S\374\004"
 1318      FF9AAF0B 
 1318      F0D0E053 
 1318      FC04
 1319 1479 E65310E0 		.ascii	"\346S\020\340-\226\356H\032\003\217\206\242\335\350"
 1319      2D96EE48 
 1319      1A038F86 
 1319      A2DDE8
 1320 1488 6BD2C6A2 		.ascii	"k\322\306\242bt0\025\355C\007\227\242\375\350\340Vt"
 1320      62743015 
 1320      ED430797 
 1320      A2FDE8E0 
 1320      5674
 1321 149a 081D3C8A 		.ascii	"\010\035<\212J\320\301\263\250\024\035\206\324\224\241"
 1321      4AD0C1B3 
 1321      A8141D86 
 1321      D494A1
 1322 14a9 C3B09A72 		.ascii	"\303\260\232rt\360\2529\216\016#k\232\320aTM3:\214\251"
 1322      74F0AA39 
ARM GAS  /tmp/ccACgBoh.s 			page 108


 1322      8E0E236B 
 1322      9AD06154 
 1322      4D333A8C 
 1323 14be B98F0EE6 		.ascii	"\271\217\016\346\232Vt\030[\323\206\016\343\333\332"
 1323      9A567418 
 1323      5BD3860E 
 1323      E3DBDA
 1324 14cd D161425B 		.ascii	"\321aB[\027:Ll{\204\016\001mO\321af[\031\372\232r\374"
 1324      173A4C6C 
 1324      7B840E01 
 1324      6D4FD161 
 1324      665B19FA 
 1325 14e4 A935F283 		.ascii	"\2515\362\203r\036\360\340\272\350=\273\264-\271\\\200"
 1325      721EF0E0 
 1325      BAE83DBB 
 1325      B42DB95C 
 1325      80
 1326 14f5 F1593C5C 		.ascii	"\361Y<\\\031P\377\235\"\307\215\012\012\012\206\377"
 1326      1950FF9D 
 1326      22C78D0A 
 1326      0A0A86FF 
 1327 1505 7DB33832 		.ascii	"}\26382\"8*\362\233\340\360\305Q\377\031\365CTt\304"
 1327      22382AF2 
 1327      9BE0F0C5 
 1327      51FF19F5 
 1327      435474C4 
 1328 1519 C2A06F38 		.ascii	"\302\240o8CTtdD\370B1<\362/\337\240\346\357\342\237"
 1328      43547464 
 1328      44F84231 
 1328      3CF22FDF 
 1328      A0E6EFE2 
 1329 152e C3A32284 		.ascii	"\303\243\"\204\210E\337\202\357@\244\343w\013\302\243"
 1329      8845DF82 
 1329      EF40A4E3 
 1329      770BC2A3 
 1330 153e BE0FE1E4 		.ascii	"\276\017\341\344c(9\206\221\343\024r\234J\216\323\310"
 1330      63283986 
 1330      91E31472 
 1330      9C4A8ED3 
 1330      C8
 1331 154f 713A39CE 		.ascii	"q:9\316\340\034\"\303\027\206\3406\024\267a\270\235"
 1331      E01C22C3 
 1331      1786E036 
 1331      14B761B8 
 1331      9D
 1332 1560 82DBA9B8 		.ascii	"\202\333\251\270\235\206\333\351\270\205\375\243#\376"
 1332      9D86DBE9 
 1332      B885FDA3 
 1332      23FE
 1333 156e 11CD3946 		.ascii	"\021\3159F.\3766<:\234s\300\255\370\347\250(N\010\214"
 1333      2EFE363C 
 1333      3A9C73C0 
 1333      ADF8E7A8 
 1333      284E088C 
 1334 1582 E68C8181 		.ascii	"\346\214\201\201\321\341\177^\020\301\005~\375\371\247"
 1334      D1E17F5E 
 1334      10C1057E 
ARM GAS  /tmp/ccACgBoh.s 			page 109


 1334      FDF9A7
 1335 1591 BFFBF2AB 		.ascii	"\277\373\362\253_\233\321\317\274O\276\376\334L~>\377"
 1335      5F9BD1CF 
 1335      BC4FBEFE 
 1335      DC4C7E3E 
 1335      FF
 1336 15a2 F567F28B 		.ascii	"\365g\362\213\257\277\374\367\317\315\023\377{\376<"
 1336      AFBFFCF7 
 1336      CFCD13FF 
 1336      7BFE3C
 1337 15b1 7F1327E1 		.ascii	"\177\023'\341\271\370.\201\247C\376\341\0332\363\017"
 1337      B9F82E81 
 1337      A743FEE1 
 1337      1B32F30F 
 1338 15c1 EAD17756 		.ascii	"\352\321wVP\330w\260\007\364\306q\253=\314h^6;\310S"
 1338      50D877B0 
 1338      07F4C671 
 1338      AB3DCC68 
 1338      5E363BC8 
 1339 15d6 B6D18184 		.ascii	"\266\321\201\204\255w\200\3134\333\352\340\371\373\250"
 1339      AD7780CB 
 1339      34DBEAE0 
 1339      F9FBA8
 1340 15e5 F0BF44CC 		.ascii	"\360\277D\3146\373F\231\277\372\015Z\276\2113}\365\327"
 1340      36FB4699 
 1340      BFFA0D5A 
 1340      BE89337D 
 1340      F5D7
 1341 15f7 E8F98B17 		.ascii	"\350\371\213\027E\3156qnfs`\340\367\021\013\376:\331"
 1341      45CD3671 
 1341      6E667360 
 1341      E0F7110B 
 1341      FE3AD9
 1342 160a 1CF8BD89 		.ascii	"\034\370\275\211\363FB\277\211\234\277(\332\034\375"
 1342      F34642BF 
 1342      899CBF28 
 1342      DA1CFD
 1343 1619 FDFC2833 		.ascii	"\375\374(3\212\340E\004\2318w\324\025\223\204}\243M"
 1343      8AE04504 
 1343      993877D4 
 1343      1593847D 
 1343      A34D
 1344 162b 5C98DA37 		.ascii	"\\\230\3327\334\214\317\233\027\177g\016_\260\300\214"
 1344      DC8CCF9B 
 1344      177F670E 
 1344      5FB0C08C 
 1345 163b C999C317 		.ascii	"\311\231\303\027}k\206\204\314Q\021\337`\267 \354\206"
 1345      7D6B8684 
 1345      CC5111DF 
 1345      60B720EC 
 1345      86
 1346 164c 63FF1712 		.ascii	"c\377\027\0228\343\237&.\020)\3746\"\374[\334w\361\222"
 1346      38E39F26 
 1346      2E1029FC 
 1346      3622FC5B 
 1346      DC77F192 
 1347 1660 E8BF2E89 		.ascii	"\350\277.\211\226\027\374]\344\342\205Dfa\304\302\305"
ARM GAS  /tmp/ccACgBoh.s 			page 110


 1347      9617FC5D 
 1347      E4E28544 
 1347      6661C4C2 
 1347      C5
 1348 1671 913FC0C1 		.ascii	"\221?\300\301\023P\357\337}\037\021\031a\016\207\377"
 1348      1350EFDF 
 1348      7D1F1119 
 1348      610E87FF 
 1349 1681 2F81135B 		.ascii	"/\201\023[l\236IzEF\374\205x\270\230\221+q\030o\333"
 1349      6C9E497A 
 1349      4546FC85 
 1349      78B89891 
 1349      2B71186F 
 1350 1696 E1B79FFC 		.ascii	"\341\267\237\374*\210t\322\012\303 #k4c\016&n\236m\311"
 1350      2A8874D2 
 1350      0AC32023 
 1350      6B34630E 
 1350      266E9E6D 
 1351 16ab E8EF23CC 		.ascii	"\350\357#\314~\250\247\237\262p\363\304\371\213\340"
 1351      7EA8A79F 
 1351      B270F3C4 
 1351      F98BE0
 1352 16ba 6E592253 		.ascii	"nY\"S\360\207Z&3\271\356&\356g\357\241&\367e\364\340"
 1352      F0875A26 
 1352      33B9EE26 
 1352      EE67EFA1 
 1352      26F765F4 
 1353 16cf CEFB3670 		.ascii	"\316\3736p\361\242\005?\340\236\376\362\354d\275\177"
 1353      F1A2053F 
 1353      E09EFEF2 
 1353      EC64BD7F 
 1354 16df 7B0FBD77 		.ascii	"{\017\275w\324\376'r>\271\252\363\027\315\217\236\037"
 1354      D4FE2772 
 1354      3EB9AAF3 
 1354      17CD8F9E 
 1354      1F
 1355 16f0 BE60FEFF 		.ascii	"\276`\376\377FG|K\245\035\315(\305L\334\317\337C\031"
 1355      46477C4B 
 1355      A51DCD28 
 1355      C54CDCCF 
 1355      DF4319
 1356 1703 76648497 		.ascii	"vd\204\227,\242\202\214\336\377\003)\031HA"
 1356      2CA2828C 
 1356      DEFF0329 
 1356      194841
 1357              		.text
 1358              		.section	.gnu.lto_CSWTCH.53.edd9554f8e7f11af,"e",%progbits
 1359 0000 789C65CB 		.ascii	"x\234e\313;\012\302@\020\306\361\3752\032\222B/\340"
 1359      3B0AC240 
 1359      10C6F1FD 
 1359      321A9242 
 1359      2FE0
 1360 0012 49BC8627 		.ascii	"I\274\206'\361\010&Z(\201\240\225XH|\240\250\007P\360"
 1360      F108265A 
 1360      2881A095 
 1360      58487CA0 
 1360      A80750F0 
ARM GAS  /tmp/ccACgBoh.s 			page 111


 1361 0026 FDD6C2D6 		.ascii	"\375\326\302\326R\013\301F\220\200\027\320\331]\273"
 1361      520BC146 
 1361      908017D0 
 1361      D95DBB
 1362 0035 DD62F8CF 		.ascii	"\335b\370\317\360[G@\344 x\352W'4\007\227\257[\202\357"
 1362      F05B4740 
 1362      E42078EA 
 1362      57273407 
 1362      97AF5B82 
 1363 004a 3911892E 		.ascii	"9\021\211.\351\343\3433o\330!E\004\330\246\201\376x"
 1363      E9E3E333 
 1363      6FD82145 
 1363      04D8A681 
 1363      FE78
 1364 005c 8B5FD026 		.ascii	"\213_\320&i\032K\231\376\263VOk\2230\015)\343\005\243"
 1364      691A4B99 
 1364      FEB3564F 
 1364      6B93300D 
 1364      29E305A3 
 1365 0070 764A1B32 		.ascii	"vJ\0332MB\231^\320\231\375\215e\232\2442\343\312{\350"
 1365      4D42995E 
 1365      D099FD8D 
 1365      659AA432 
 1365      E3CA7BE8 
 1366 0084 6A03D3D8 		.ascii	"j\003\323\330\312\204\305\370\356h#\327\370Z\365);)"
 1366      CA84C5F8 
 1366      EE6823D7 
 1366      F85AF529 
 1366      3B29
 1367 0096 945B857C 		.ascii	"\224[\205|D\026N\310\340\210\022p\340\330\313\330ql"
 1367      44164EC8 
 1367      E0881270 
 1367      E0D8CBD8 
 1367      716C
 1368 00a8 656C38D6 		.ascii	"el8\3262V\034K\031\013\216\271\214\031\307\224C\340"
 1368      32561C4B 
 1368      190B8EB9 
 1368      8C19C794 
 1368      43E0
 1369 00ba 8CACF801 		.ascii	"\214\254\370\001\274\304f\270"
 1369      BCC466B8 
 1370              		.text
 1371              		.section	.gnu.lto_CSWTCH.54.edd9554f8e7f11af,"e",%progbits
 1372 0000 789C65CB 		.ascii	"x\234e\313;\012\302@\020\306\361\3752\032\222B/\340"
 1372      3B0AC240 
 1372      10C6F1FD 
 1372      321A9242 
 1372      2FE0
 1373 0012 49BC8627 		.ascii	"I\274\206'\361\010&Z(\201\240\225XH|\240\250\007P\360"
 1373      F108265A 
 1373      2881A095 
 1373      58487CA0 
 1373      A80750F0 
 1374 0026 FDD6C2D6 		.ascii	"\375\326\302\326R\013\301F\220\200\027\320\331]\273"
 1374      520BC146 
 1374      908017D0 
 1374      D95DBB
ARM GAS  /tmp/ccACgBoh.s 			page 112


 1375 0035 DD62F8CF 		.ascii	"\335b\370\317\360[G@\344 x\352W'4\007\227\257[\202\357"
 1375      F05B4740 
 1375      E42078EA 
 1375      57273407 
 1375      97AF5B82 
 1376 004a 3911892E 		.ascii	"9\021\211.\351\343\3433o\330!E\004\330\246\201\376x"
 1376      E9E3E333 
 1376      6FD82145 
 1376      04D8A681 
 1376      FE78
 1377 005c 8B5FD026 		.ascii	"\213_\320&i\032K\231\376\263VOk\2230\015)\343\005\243"
 1377      691A4B99 
 1377      FEB3564F 
 1377      6B93300D 
 1377      29E305A3 
 1378 0070 764A1B32 		.ascii	"vJ\0332MB\231^\320\231\375\215e\232\2442\343\312{\350"
 1378      4D42995E 
 1378      D099FD8D 
 1378      659AA432 
 1378      E3CA7BE8 
 1379 0084 6A03D3D8 		.ascii	"j\003\323\330\312\204\305\370\356h#\327\370Z\365);)"
 1379      CA84C5F8 
 1379      EE6823D7 
 1379      F85AF529 
 1379      3B29
 1380 0096 945B857C 		.ascii	"\224[\205|D\026N\310\340\210\022p\340\330\313\330ql"
 1380      44164EC8 
 1380      E0881270 
 1380      E0D8CBD8 
 1380      716C
 1381 00a8 656C38D6 		.ascii	"el8\3262V\034K\031\013\216\271\214\031\307\224C\340"
 1381      32561C4B 
 1381      190B8EB9 
 1381      8C19C794 
 1381      43E0
 1382 00ba 8CACF801 		.ascii	"\214\254\370\001\274\304f\270"
 1382      BCC466B8 
 1383              		.text
 1384              		.section	.gnu.lto_CSWTCH.55.edd9554f8e7f11af,"e",%progbits
 1385 0000 789C65CB 		.ascii	"x\234e\313;\012\302@\020\306\361\3752\032\222B/\340"
 1385      3B0AC240 
 1385      10C6F1FD 
 1385      321A9242 
 1385      2FE0
 1386 0012 49BC8627 		.ascii	"I\274\206'\361\010&Z(\201\240\225XH|\240\250\007P\360"
 1386      F108265A 
 1386      2881A095 
 1386      58487CA0 
 1386      A80750F0 
 1387 0026 FDD6C2D6 		.ascii	"\375\326\302\326R\013\301F\220\200\027\320\331]\273"
 1387      520BC146 
 1387      908017D0 
 1387      D95DBB
 1388 0035 DD62F8CF 		.ascii	"\335b\370\317\360[G@\344 x\352W'4\007\227\257[\202\357"
 1388      F05B4740 
 1388      E42078EA 
 1388      57273407 
ARM GAS  /tmp/ccACgBoh.s 			page 113


 1388      97AF5B82 
 1389 004a 3911892E 		.ascii	"9\021\211.\351\343\3433o\330!E\004\330\246\201\376x"
 1389      E9E3E333 
 1389      6FD82145 
 1389      04D8A681 
 1389      FE78
 1390 005c 8B5FD026 		.ascii	"\213_\320&i\032K\231\376\263VOk\2230\015)\343\005\243"
 1390      691A4B99 
 1390      FEB3564F 
 1390      6B93300D 
 1390      29E305A3 
 1391 0070 764A1B32 		.ascii	"vJ\0332MB\231^\320\231\375\215e\232\2442\343\312{\350"
 1391      4D42995E 
 1391      D099FD8D 
 1391      659AA432 
 1391      E3CA7BE8 
 1392 0084 6A03D3D8 		.ascii	"j\003\323\330\312\204\305\370\356h#\327\370Z\365);)"
 1392      CA84C5F8 
 1392      EE6823D7 
 1392      F85AF529 
 1392      3B29
 1393 0096 945B857C 		.ascii	"\224[\205|D\026N\310\340\210\022p\340\330\313\330ql"
 1393      44164EC8 
 1393      E0881270 
 1393      E0D8CBD8 
 1393      716C
 1394 00a8 656C38D6 		.ascii	"el8\3262V\034K\031\013\216\271\214\031\307\224C\340"
 1394      32561C4B 
 1394      190B8EB9 
 1394      8C19C794 
 1394      43E0
 1395 00ba 8CACF801 		.ascii	"\214\254\370\001\274\304f\270"
 1395      BCC466B8 
 1396              		.text
 1397              		.section	.gnu.lto_CSWTCH.56.edd9554f8e7f11af,"e",%progbits
 1398 0000 789C65CB 		.ascii	"x\234e\313;\012\302@\020\306\361\3752\032\222B/\340"
 1398      3B0AC240 
 1398      10C6F1FD 
 1398      321A9242 
 1398      2FE0
 1399 0012 49BC8627 		.ascii	"I\274\206'\361\010&Z(\201\240\225XH|\240\250\007P\360"
 1399      F108265A 
 1399      2881A095 
 1399      58487CA0 
 1399      A80750F0 
 1400 0026 FDD6C2D6 		.ascii	"\375\326\302\326R\013\301F\220\200\027\320\331]\273"
 1400      520BC146 
 1400      908017D0 
 1400      D95DBB
 1401 0035 DD62F8CF 		.ascii	"\335b\370\317\360[G@\344 x\352W'4\007\227\257[\202\357"
 1401      F05B4740 
 1401      E42078EA 
 1401      57273407 
 1401      97AF5B82 
 1402 004a 3911892E 		.ascii	"9\021\211.\351\343\3433o\330!E\004\330\246\201\376x"
 1402      E9E3E333 
 1402      6FD82145 
ARM GAS  /tmp/ccACgBoh.s 			page 114


 1402      04D8A681 
 1402      FE78
 1403 005c 8B5FD026 		.ascii	"\213_\320&i\032K\231\376\263VOk\2230\015)\343\005\243"
 1403      691A4B99 
 1403      FEB3564F 
 1403      6B93300D 
 1403      29E305A3 
 1404 0070 764A1B32 		.ascii	"vJ\0332MB\231^\320\231\375\215e\232\2442\343\312{\350"
 1404      4D42995E 
 1404      D099FD8D 
 1404      659AA432 
 1404      E3CA7BE8 
 1405 0084 6A03D3D8 		.ascii	"j\003\323\330\312\204\305\370\356h#\327\370Z\365);)"
 1405      CA84C5F8 
 1405      EE6823D7 
 1405      F85AF529 
 1405      3B29
 1406 0096 945B857C 		.ascii	"\224[\205|D\026N\310\340\210\022p\340\330\313\330ql"
 1406      44164EC8 
 1406      E0881270 
 1406      E0D8CBD8 
 1406      716C
 1407 00a8 656C38D6 		.ascii	"el8\3262V\034K\031\013\216\271\214\031\307\224C\340"
 1407      32561C4B 
 1407      190B8EB9 
 1407      8C19C794 
 1407      43E0
 1408 00ba 8CACF801 		.ascii	"\214\254\370\001\274\304f\270"
 1408      BCC466B8 
 1409              		.text
 1410              		.section	.gnu.lto_aosSysStartUptimeS.edd9554f8e7f11af,"e",%progbits
 1411 0000 789C7592 		.ascii	"x\234u\222\313k\023Q\024\306\31777\231N\324\324\356"
 1411      CB6B1351 
 1411      14C6CF37 
 1411      37994ED4 
 1411      D4EE
 1412 0012 E36B5BD1 		.ascii	"\343k[\321L\321\205[\301?\300\205+W\245\306\201\004"
 1412      4CD1855B 
 1412      C13FC085 
 1412      2B57A5C6 
 1412      8104
 1413 0024 D3042651 		.ascii	"\323\004&Qp\325\233\007\244X\255X\224\230EI0\210\335"
 1413      70D59B07 
 1413      A458AD58 
 1413      94984549 
 1413      3088DD
 1414 0037 6815DCB4 		.ascii	"h\025\334\264\032\035\253\326W\242\241\0137B(]\244("
 1414      1A1DABD6 
 1414      57A2A10B 
 1414      3742285D 
 1414      A428
 1415 0049 62C1822B 		.ascii	"b\301\202+i<w&`\232\3520wf\356\234\357|\277s\317\275"
 1415      693C7726 
 1415      609AEA30 
 1415      7766EE9C 
 1415      EF7CBF73 
 1416 005f 06811A1A 		.ascii	"\006\201\032\032Q\206\210\366\363\200 hR\312\223\003"
ARM GAS  /tmp/ccACgBoh.s 			page 115


 1416      518688F6 
 1416      F3802068 
 1416      52CA9303 
 1417 006f 194303DC 		.ascii	"\031C\003\334/i\200&4L\340\272(\012,\025\332\013\332"
 1417      2F698026 
 1417      344CE0BA 
 1417      280A2C15 
 1417      DA0BDA
 1418 0082 F03D8E48 		.ascii	"\360=\216H\247\370\370\370\232lJQ\026D%\036\336\205"
 1418      A7F8F8F8 
 1418      9A6C4A51 
 1418      1644251E 
 1418      DE85
 1419 0094 450C13B1 		.ascii	"E\014\023\261t\355\321\326\255\240\356\353\206\360\004"
 1419      74EDD1D6 
 1419      ADA0EEEB 
 1419      86F004
 1420 00a3 3AD388E6 		.ascii	":\323\210\346W\374\216\334\352\024\244\323j`\346\346"
 1420      57FC8EDC 
 1420      EA14A4D3 
 1420      6A60E6E6 
 1421 00b3 AF23864E 		.ascii	"\257#\206Ne\301\221)A\312\326\007\351\020]\025\2327"
 1421      65C19129 
 1421      41CAD607 
 1421      E9105D15 
 1421      9A37
 1422 00c5 C9F1E43B 		.ascii	"\311\361\344;r\225\315\3661\327\202\215g\347\352\235"
 1422      7295CDF6 
 1422      31D7828D 
 1422      67E7EA9D 
 1423 00d5 401ED98C 		.ascii	"@\036\331\214Q\026ZI\245\342)\362`\027\241\244\253\235"
 1423      51165A49 
 1423      A5E229F2 
 1423      6017A1A4 
 1423      AB9D
 1424 00e7 1BB5E836 		.ascii	"\033\265\3506>\257\360oAy\345\273Z\273v\340\240[\223"
 1424      3EAFF06F 
 1424      4179E5BB 
 1424      5ABB76E0 
 1424      A05B93
 1425 00fa 1BED51E3 		.ascii	"\033\355Q\343\031t\324\030Dx\016}V\350}@_I\010\245!"
 1425      1974D418 
 1425      44780E7D 
 1425      56E87D40 
 1425      5F4908A5 
 1426 010f 381ED34F 		.ascii	"8\036\323O\337\220m]\231\377\335^\021\312\220\365\323"
 1426      DF906D5D 
 1426      99FFDD5E 
 1426      11CA90F5 
 1426      D3
 1427 0120 B98D9631 		.ascii	"\271\215\2261\315}\321\321_\257^\025^1\237\277,7q\027"
 1427      CD7DD1D1 
 1427      5FAF5E15 
 1427      5E319FBF 
 1427      2C377117 
 1428 0134 5594C500 		.ascii	"U\224\305\000\226\330\012/\020b\350K\376\311T^H\241"
 1428      96D80A2F 
ARM GAS  /tmp/ccACgBoh.s 			page 116


 1428      1062E84B 
 1428      FEC9545E 
 1428      48A1
 1429 0146 525DFFE7 		.ascii	"R]\377\347\232\215\222\360\261\362\225\342\367\322\002"
 1429      9A8D92F0 
 1429      B1F295E2 
 1429      F7D202
 1430 0155 3B6881AA 		.ascii	";h\201\252\352\316v\332.,+\332kE\343\310B\321\271\343"
 1430      EACE76DA 
 1430      2E2C2BDA 
 1430      6B45E3C8 
 1430      42D1B9E3 
 1431 0169 CA27A53C 		.ascii	"\312'\245<\244<\336\260\316\333\254\267\254c\305f\275"
 1431      A43CDEB0 
 1431      CEDBACB7 
 1431      AC63C566 
 1431      BD
 1432 017a 99092AFF 		.ascii	"\231\011*\377\335\350t\200w\010\365R\274\264=%\341\367"
 1432      DDE87480 
 1432      7708F552 
 1432      BCB43D25 
 1432      E1F7
 1433 018c 92DE2BF3 		.ascii	"\222\336+\363p\250,\202\252/?\347\276\236\355o\312\340"
 1433      70A82C82 
 1433      AA2F3FE7 
 1433      BE9EED6F 
 1433      CAE0
 1434 019e 8E3207AB 		.ascii	"\2162\007\253\335M\350)s/\352\312\351C\267\314\305\231"
 1434      DD4DE829 
 1434      732FEACA 
 1434      E943B7CC 
 1434      C599
 1435 01b0 C987FAC8 		.ascii	"\311\207\372\310\003\265w\214\033B\203e\267\275\203"
 1435      03B5778C 
 1435      1B428365 
 1435      B7BD83
 1436 01bf F51123BD 		.ascii	"\365\021#\275\366C |\342\254\037\310V\356\257knU\352"
 1436      F643207C 
 1436      E2AC1FC8 
 1436      56EEAF6B 
 1436      6E55EA
 1437 01d2 9A12F04E 		.ascii	"\232\022\360NT\326Q\323}\341\260\311w$i[f\312\216\230"
 1437      54D651D3 
 1437      7DE1B0C9 
 1437      7724695B 
 1437      66CA8E98 
 1438 01e6 63C9D468 		.ascii	"c\311\324h\352r*m\215\207#t\302\013^\260\354\204\025"
 1438      EA722A6D 
 1438      8D872374 
 1438      C20B5EB0 
 1438      EC8415
 1439 01f9 374F4563 		.ascii	"7OEc\347b\247\317\230\311\224\031\035\213\363\213\037"
 1439      E762A7CF 
 1439      98C99419 
 1439      1D8BF38B 
 1439      1F
 1440 020a 76FA6822 		.ascii	"v\372h\"\0267#Qe0\232\216\215[v8J\207\377\227g\247\315"
ARM GAS  /tmp/ccACgBoh.s 			page 117


 1440      16372351 
 1440      65309A8E 
 1440      8D5B7638 
 1440      4A87FF97 
 1441 0221 582212BF 		.ascii	"X\"\022\277x\336\342\224Ki\226\376\001\320\024\023\013"
 1441      78DEE294 
 1441      4B6996FE 
 1441      01D01413 
 1441      0B
 1442              		.text
 1443              		.section	.gnu.lto_aosSysInit.edd9554f8e7f11af,"e",%progbits
 1444 0000 789C8D56 		.ascii	"x\234\215V\357OSg\024~\317}K{)?\306d\033Nt\226\017~"
 1444      EF4F5367 
 1444      147ECF7D 
 1444      4B7B293F 
 1444      C6641B4E 
 1445 0018 709A5EE2 		.ascii	"p\232^\342_\260\205d\211\037\310\022\371\260\217F\273"
 1445      5FB08564 
 1445      891FC812 
 1445      F9B08F46 
 1445      BB
 1446 0029 669059BA 		.ascii	"f\220Y\272\264\314\314O^\332\012(\210\233\333\204\232"
 1446      B4CCCC4F 
 1446      5EDA0A28 
 1446      889BDB84 
 1446      9A
 1447 003a 90CB68C8 		.ascii	"\220\313h\310t\313\230\372\015\230XQd8Q\306\006s8~\014"
 1447      74CB98FA 
 1447      0D985851 
 1447      643851C6 
 1447      0673387E 
 1448 004f C1161050 		.ascii	"\301\026\020PD\006Na\347}{\333\335\322\037\322@\322"
 1448      44064E61 
 1448      E77D7BDB 
 1448      DDD21FD2 
 1448      40D2
 1449 0061 FB9EE73E 		.ascii	"\373\236\347>\3179\3179\347\336\212\004\0105\022b\000"
 1449      CF39CF39 
 1449      E7DE8A04 
 1449      08351262 
 1449      00
 1450 0072 42B61142 		.ascii	"B\266\021B\200\022\020dY~\307P.\012\000\374\233,\002"
 1450      80121064 
 1450      597EC750 
 1450      2E0A00FC 
 1450      9B2C02
 1451 0085 392AC051 		.ascii	"9*\300Q8E\353(tV>h\025v~\213\021\331_\367\310<.\367"
 1451      3845EB28 
 1451      74563E68 
 1451      15767E8B 
 1451      11D95FF7 
 1452 009d C954A184 		.ascii	"\311T\241\204x\361?\364\2016\330I\010B\307/\256~\235"
 1452      78F13FF4 
 1452      8136D849 
 1452      0842C72F 
 1452      AE7E9D
 1453 00b0 A1D7A921 		.ascii	"\241\327\251!h\007\275\020u\212\232Z\030\003\300O\240"
ARM GAS  /tmp/ccACgBoh.s 			page 118


 1453      6807BD10 
 1453      758A9A5A 
 1453      1803C04F 
 1453      A0
 1454 00c1 47E865D0 		.ascii	"G\350e\320G!\005\262\216\220j\017<,\231\306\300\310"
 1454      472105B2 
 1454      8E906A0F 
 1454      3C2C99C6 
 1454      C0C8
 1455 00d3 1E4EC183 		.ascii	"\036N\301\203ZZ?\322^a\264\332\303\253x\330\301\265"
 1455      5A5A3FD2 
 1455      5E61B4DA 
 1455      C3AB78D8 
 1455      C1B5
 1456 00e5 3AF11BB2 		.ascii	":\361\033\262\375\330\237\342\227W\327*e\377\355v8\375"
 1456      FDD89FE2 
 1456      9757D72A 
 1456      65FFED76 
 1456      38FD
 1457 00f7 55EFEE6C 		.ascii	"U\357\356l \012K\261\232\022\306\257\003\331OH\015\025"
 1457      200A4BB1 
 1457      9A12C6AF 
 1457      03D94F48 
 1457      0D15
 1458 0109 42176EBC 		.ascii	"B\027n\274x\010\236\306\371\341=L\224q7\234\273\265"
 1458      78089EC6 
 1458      F9E13D4C 
 1458      9471379C 
 1458      BBB5
 1459 011b 96EA0157 		.ascii	"\226\352\001W\271\250P\301Ku\310}\015<\300B\376\261"
 1459      B9A850C1 
 1459      4B75C87D 
 1459      0D3CC042 
 1459      FEB1
 1460 012d 932BB416 		.ascii	"\223+\264\026}\242\260\006p\035r\025\014O\203ka\371"
 1460      7DA2B006 
 1460      701D7215 
 1460      0C4F836B 
 1460      61F9
 1461 013f 4AB07697 		.ascii	"J\260v\227Zn\255{~Dd\240\024XO\247\367\251\005\017\336"
 1461      5A6EAD7B 
 1461      7E4464A0 
 1461      14584FA7 
 1461      F7A9050F 
 1462 0154 BBD107CD 		.ascii	"\273\321\007\315\340\003\205\032\340\006\262C\027\344"
 1462      E003851A 
 1462      E006B243 
 1462      17E4
 1463 0162 A250371E 		.ascii	"\242P7\036j)\260\237\3603Ff\3005>S\3236\012\2412\201"
 1463      6A29B09F 
 1463      F0334666 
 1463      C0353E53 
 1463      D3360AA1 
 1464 0178 7CC16072 		.ascii	"|\301`rs\260\333\310`\"\344\343e\223ri\331\230\327\004"
 1464      73B0DBC8 
 1464      6022E4E3 
 1464      65937269 
ARM GAS  /tmp/ccACgBoh.s 			page 119


 1464      D998D704 
 1465 018c 8A5C6F52 		.ascii	"\212\\oRh*\323\371\341~\273,\352\320v\270\011y\\\271"
 1465      682AD3F9 
 1465      E17EBB2C 
 1465      EAD076B8 
 1465      09795CB9 
 1466 01a0 AB66B8C7 		.ascii	"\253f\270\307\200'\360\013\350\240\207\213\336\002\035"
 1466      8027F00B 
 1466      E8A0878B 
 1466      DE021D
 1467 01af 06CE755C 		.ascii	"\006\316u\\\233L\317kV\35762\354B\313\245\2014~w/\273"
 1467      9B4CCF6B 
 1467      56EF3632 
 1467      EC42CBA5 
 1467      81347E77 
 1468 01c5 1B6E830E 		.ascii	"\033n\203\016\315r\217==\263\264\2059\277\276\2744/"
 1468      CD728F3D 
 1468      3DB3B485 
 1468      39BFBEBC 
 1468      342F
 1469 01d7 D68C6D22 		.ascii	"\326\214m\"p\207\031\246\320t\016?>\364A<o\021\315\372"
 1469      708719A6 
 1469      D0740E3F 
 1469      3EF4413C 
 1469      6F11CDFA 
 1470 01eb D6A78136 		.ascii	"\326\247\2016\316\216\010\011\240\006\204\376\372?\324"
 1470      CE8E0809 
 1470      A00684FE 
 1470      FA3FD4
 1471 01fa D3F8223E 		.ascii	"\323\370\">4\303KE\204\366\253\035\2138\231\031\323"
 1471      34C34B45 
 1471      84F6AB1D 
 1471      8B389919 
 1471      D3
 1472 020b 8C4C1F1B 		.ascii	"\214L\037\033\213\350f\274\002\277\263f\374\306|\301"
 1472      8BE866BC 
 1472      02BFB366 
 1472      FCC67CC1 
 1473 021b 48DBE9AA 		.ascii	"H\333\351\252\013\372\374\026>\227m\030\316\202\001"
 1473      0BFAFC16 
 1473      3E976D18 
 1473      CE8201
 1474 022a 04D6F33D 		.ascii	"\004\326\363=`;t\242b\320\310\330\2520\236\251\320W"
 1474      603B74A2 
 1474      62D0C8D8 
 1474      AA309EA9 
 1474      D057
 1475 023c 6110F279 		.ascii	"a\020\362yR\360\007\322(t\023\033\216\263+\255\335\213"
 1475      52F007D2 
 1475      2874131B 
 1475      8EB32BAD 
 1475      DD8B
 1476 024e FD346AEE 		.ascii	"\3754j\356Sc\346~\254:\230\023\036\374\324\350\031\377"
 1476      5363E67E 
 1476      AC3A9813 
 1476      1EFCD4E8 
 1476      19FF
ARM GAS  /tmp/ccACgBoh.s 			page 120


 1477 0260 135B7E97 		.ascii	"\023[~\227\317\370\020\037\260\225\271\346\273|\012"
 1477      CFF8101F 
 1477      B095B9E6 
 1477      BB7C0A
 1478 026f B3414C54 		.ascii	"\263ALT\3231w\260\322\030\252\3515\370\213\325tO\255"
 1478      D33177B0 
 1478      D218AAE9 
 1478      35F88BD5 
 1478      744FAD
 1479 0282 A9AAF39B 		.ascii	"\251\252\363\233\200\020\252i,\320\260\251%]\241\257"
 1479      8010AA69 
 1479      2CD0B0A9 
 1479      255DA1AF 
 1480 0292 C3302F0B 		.ascii	"\3030/\013\270\026\201\021>N/\367j4\201W\254\226\205"
 1480      B8168111 
 1480      3E4E2FF7 
 1480      6A348157 
 1480      AC9685
 1481 02a5 1485BE01 		.ascii	"\024\205\276\001c\234W]{O\360\374\220Qu\363\031O\354"
 1481      639C575D 
 1481      7B4FF0FC 
 1481      905175F3 
 1481      194FEC
 1482 02b8 6FC8AF0F 		.ascii	"o\310\257\017?\003\256\016\014}I5ff\303x\330\314\373"
 1482      3F03AE0E 
 1482      0C7D4935 
 1482      6666C378 
 1482      D8CCFB
 1483 02cb AC99719C 		.ascii	"\254\231q\234T\215\233Jd\334D\304\270In\334\322\205"
 1483      548D9B4A 
 1483      64DC44C4 
 1483      B8496EDC 
 1483      D285
 1484 02dd 3E775AC8 		.ascii	">wZ\310\270\364D\005>\277\371\375PF\330\270\000+\360"
 1484      B8F44405 
 1484      3EBFF9FD 
 1484      5046D8B8 
 1484      002BF0
 1485 02f0 815A604D 		.ascii	"\201Z`MO\373YXo\\0l\334\004Ktj\203\306M'4nJ5n&\271q"
 1485      4FFB5958 
 1485      6F5C306C 
 1485      DC044B74 
 1485      6A83C64D 
 1486 030d 0F9971BA 		.ascii	"\017\231q\272D\306\315\206\215\233c\306\261\275j\035"
 1486      44C6CD86 
 1486      8D9B63C6 
 1486      B1BD6A1D 
 1487 031d 4DB457F8 		.ascii	"M\264W\370\322\200\371\360^\241\307g\316\317\363mm\240"
 1487      D280F9F0 
 1487      5EA1C767 
 1487      CECFF36D 
 1487      6DA0
 1488 032f 510FA29C 		.ascii	"Q\017\242\234\230\365\311\361\261\364\242+\003x\314"
 1488      98F5C9F1 
 1488      B1F4A22B 
 1488      0378CC
 1489 033e 2A7BC41F 		.ascii	"*{\304\037+\013x\210\342\025\246x\312\233\2754\0151"
ARM GAS  /tmp/ccACgBoh.s 			page 121


 1489      2B0B7888 
 1489      E215A678 
 1489      CA9BBD34 
 1489      0D31
 1490 0350 4FD4357D 		.ascii	"O\3245}\271e\213\211\366r\032\303o\302S\356WJ\374\275"
 1490      B9658B89 
 1490      F6721AC3 
 1490      6FC253EE 
 1490      574AFCBD 
 1491 0364 DC024B61 		.ascii	"\334\002KaG\376A\032m]\271\\\276}\361\3624\227\337\214"
 1491      47FE411A 
 1491      6D5DB95C 
 1491      BE7DF1F2 
 1491      3497DF8C 
 1492 0378 273EF5C5 		.ascii	"'>\365\3053*/\364\262\025*\317R\350VXa\372\313\252\376"
 1492      332A2FF4 
 1492      B2152ACF 
 1492      52E85658 
 1492      61FACBAA 
 1493 038d 93405787 		.ascii	"\223@W\207\310\360\365(\360\235\300h\236a\002!\211\177"
 1493      C8F0F528 
 1493      F09DC068 
 1493      9E610221 
 1493      897F
 1494 039f 1189EE29 		.ascii	"\021\211\356)t\033\177N\005F\343\276Y\336\362\242\337"
 1494      741B7F4E 
 1494      0546E3BE 
 1494      59DEF2A2 
 1494      DF
 1495 03b0 049EAF7F 		.ascii	"\004\236\257\177Nm\217\361c\273\217u:\332\017\023\254"
 1495      4E6D8FF1 
 1495      63BB8F75 
 1495      3ADA0F13 
 1495      AC
 1496 03c1 B27C5EA8 		.ascii	"\262|^\250\371\264\326\371\233R\325\202M\214c-\222\215"
 1496      F9B4D6F9 
 1496      9B52D582 
 1496      4D8C632D 
 1496      928D
 1497 03d3 2CB00751 		.ascii	",\260\007Q\036Oe*\376\024\250\251\224\013\261\275@\355"
 1497      1E4F652A 
 1497      FE14A8A9 
 1497      940BB1BD 
 1497      40ED
 1498 03e5 94586D97 		.ascii	"\224Xm\227\220L\333-\204\265=\032\355\331\244\332\307"
 1498      904CDB2D 
 1498      84B53D1A 
 1498      EDD9A4DA 
 1498      C7
 1499 03f6 E26BEB63 		.ascii	"\342k\353c\265+\222jWF\264\2534\332\217\223j\037\217"
 1499      B52B926A 
 1499      5746B4AB 
 1499      34DA8F93 
 1499      6A1F8F
 1500 0409 AF6D88D5 		.ascii	"\257m\210\325>\221T\273:\242]\243\321\2768\221L\373"
 1500      3E9154BB 
 1500      3AA25DA3 
ARM GAS  /tmp/ccACgBoh.s 			page 122


 1500      D1BE3891 
 1500      4CFB
 1501 041b 647C6D31 		.ascii	"d|m1V\2736\251\366\251\210\366\347\252\366\034\270\032"
 1501      56BB36A9 
 1501      F6A988F6 
 1501      E7AAF61C 
 1501      B81A
 1502 042d 27556DF6 		.ascii	"'Um\366\251\246\020\372\305\343\362\263\313\255f\263"
 1502      A9A610FA 
 1502      C5E3F2B3 
 1502      CBAD66B3 
 1503 043d 847F16BB 		.ascii	"\204\177\026\273\303*9\035\026\351\200\335\271\337y"
 1503      C32A391D 
 1503      16E980DD 
 1503      B9DF79
 1504 044c C45966B5 		.ascii	"\304Yf\265\231-\344\355P\360c\253\243\324zH*(.9X\362"
 1504      992DE4ED 
 1504      50F063AB 
 1504      A3D47A48 
 1504      2A282E39 
 1505 0462 7E916477 		.ascii	"~\221dwJ\2162\251\244\324r\350\323\017\255\222\245\370"
 1505      4A8E32A9 
 1505      A4D472E8 
 1505      D30FAD92 
 1505      A5F8
 1506 0474 7099B998 		.ascii	"p\231\271\230\274\227\010j\261\333l\366R\311\372Y\231"
 1506      BC97086A 
 1506      B1DB6CF6 
 1506      52C9FA59 
 1506      99
 1507 0485 F4EEBE42 		.ascii	"\364\356\276B\251\240\260ho\221T\300\344\366\206\031"
 1507      A9A0B068 
 1507      6F9154C0 
 1507      E4F68619 
 1508 0495 6CCE12E7 		.ascii	"l\316\022\347\376\217,\026\244\311*,\332g:x\300i\375"
 1508      FE8F2C16 
 1508      A4C92A2C 
 1508      DA673A78 
 1508      C069FD
 1509 04a8 C451B2DB 		.ascii	"\304Q\262\333\264#\237\010\016b\260Ymv\307\021\262k"
 1509      B4239F08 
 1509      0E62B059 
 1509      6D76C711 
 1509      B26B
 1510 04ba 43D960F2 		.ascii	"C\331`\362\310c\336\020\326z\330ZZ\306\340\377\001y"
 1510      C863DE10 
 1510      D67AD85A 
 1510      5AC6E0FF 
 1510      0179
 1511 04cc 318972   		.ascii	"1\211r"
 1512              		.text
 1513              		.section	.gnu.lto__shellcmd_config.edd9554f8e7f11af,"e",%progbits
 1514 0000 789CE360 		.ascii	"x\234\343``dhe``\320e\200\200\351\314\214}\315\357\357"
 1514      60646865 
 1514      6060D065 
 1514      8080E9CC 
 1514      8C7DCDEF 
ARM GAS  /tmp/ccACgBoh.s 			page 123


 1515 0015 71F431CF 		.ascii	"q\3641\317g\006J\001\271sW\234\371\317\331\302\330\324"
 1515      67064A01 
 1515      B973579C 
 1515      F9CFD9C2 
 1515      D8D4
 1516 0027 D8D1D0F0 		.ascii	"\330\321\320\360\240{-\253\304|f\306\231\314\020\245"
 1516      A07B2DAB 
 1516      C47C66C6 
 1516      99CC10A5 
 1517 0037 ADB3FE4D 		.ascii	"\255\263\376MbW\224\237\3370Ca>3\023H\344\371\245\333"
 1517      6257949F 
 1517      DF304361 
 1517      3E331348 
 1517      E4F9A5DB 
 1518 004b CB5840AA 		.ascii	"\313X@\252g44,`\233\317\314\314\270\207Q\021\254\266"
 1518      6734342C 
 1518      609BCFCC 
 1518      CCB88751 
 1518      11ACB6
 1519 005e F9EEDB57 		.ascii	"\371\356\333Wl\226\333\033:\0264\030\314gf\231\0014"
 1519      6C96DB1B 
 1519      3A163418 
 1519      CC676699 
 1519      0134
 1520 0070 7E2F630B 		.ascii	"~/c\013\343\014fF\306\335`\232\211q\027\2434\003\343"
 1520      E30C6646 
 1520      C6DD609A 
 1520      897117A3 
 1520      3403E3
 1521 0083 3E464B06 		.ascii	">FK\006\031==} J\316/J\325/.J\326O\314/\216/\256,.I"
 1521      193D3D7D 
 1521      204ACE2F 
 1521      4AD52F2E 
 1521      4AD64FCC 
 1522 009e CDD54B66 		.ascii	"\315\325Kf\340\313\315O)\315I\265J\316\317K\313Lg\000"
 1522      E0CBCD4F 
 1522      29CD49B5 
 1522      4ACECF4B 
 1522      CB4C6700 
 1523 00b2 00D53F3B 		.ascii	"\000\325?;e"
 1523      65
 1524              		.text
 1525              		.section	.gnu.lto__shellcmd_info.edd9554f8e7f11af,"e",%progbits
 1526 0000 789CE360 		.ascii	"x\234\343``dhe``\320f\200\200\351\314\214}\315\357\357"
 1526      60646865 
 1526      6060D066 
 1526      8080E9CC 
 1526      8C7DCDEF 
 1527 0015 71F431CF 		.ascii	"q\3641\317g\006J\001\271sW\234\371\317\331\302\330\324"
 1527      67064A01 
 1527      B973579C 
 1527      F9CFD9C2 
 1527      D8D4
 1528 0027 D8D1D0F0 		.ascii	"\330\321\320\360\240{\005\253\304|f\306\231\314\020"
 1528      A07B05AB 
 1528      C47C66C6 
 1528      99CC10
ARM GAS  /tmp/ccACgBoh.s 			page 124


 1529 0036 A557EF5C 		.ascii	"\245W\357\\\177\306\250(?\277a\206\302|f&\220\310\272"
 1529      7FC6A828 
 1529      3FBF6186 
 1529      C27C6626 
 1529      90C8BA
 1530 0049 4D67DAB9 		.ascii	"Mg\332\271A\252g44,`\233\317\314\314\270\207Q\021\254"
 1530      41AA6734 
 1530      342C609B 
 1530      CFCCCCB8 
 1530      875111AC 
 1531 005d 76CEA52D 		.ascii	"v\316\245-\353\330-\2677t,h0\230\317\3142\003h\374^"
 1531      EBD82DB7 
 1531      37742C68 
 1531      3098CFCC 
 1531      320368FC 
 1532 0072 C616C619 		.ascii	"\306\026\306\031\314\214\214\273\3014\023\343.Fi\006"
 1532      CC8C8CBB 
 1532      C13413E3 
 1532      2E466906 
 1533 0082 C67D8C96 		.ascii	"\306}\214\226\0142zz\372@\224\234_\224\252_\\\224\254"
 1533      0C327A7A 
 1533      FA40949C 
 1533      5F94AA5F 
 1533      5C94AC
 1534 0095 9F985F1C 		.ascii	"\237\230_\034_\\Y\\\222\232\253\227\314\300\223\233"
 1534      5F5C595C 
 1534      929AAB97 
 1534      CCC0939B 
 1535 00a5 9F529A93 		.ascii	"\237R\232\223j\225\231\227\226\317\000\000^H:e"
 1535      6A959997 
 1535      96CF0000 
 1535      5E483A65 
 1536              		.text
 1537              		.section	.gnu.lto__shellcmd_shutdown.edd9554f8e7f11af,"e",%progbits
 1538 0000 789CE360 		.ascii	"x\234\343``dhe``\320g\200\200\351\314\214}\315\357\357"
 1538      60646865 
 1538      6060D067 
 1538      8080E9CC 
 1538      8C7DCDEF 
 1539 0015 71F431CF 		.ascii	"q\3641\317g\006J\001\271sW\234\371\317\331\302\330\324"
 1539      67064A01 
 1539      B973579C 
 1539      F9CFD9C2 
 1539      D8D4
 1540 0027 D8D1D0F0 		.ascii	"\330\321\320\360\240{/\253\304|f\306\231\314\020\245"
 1540      A07B2FAB 
 1540      C47C66C6 
 1540      99CC10A5 
 1541 0037 27963D9D 		.ascii	"'\226=\235\304\242(?\277a\206\302|f&\220H\327\223#S"
 1541      C4A2283F 
 1541      BF6186C2 
 1541      7C662690 
 1541      48D79323 
 1542 004c 9841AA67 		.ascii	"\230A\252g44,`\233\317\314\314\270\207Q\021\254\266"
 1542      34342C60 
 1542      9BCFCCCC 
 1542      B8875111 
ARM GAS  /tmp/ccACgBoh.s 			page 125


 1542      ACB6
 1543 005e 65E5A456 		.ascii	"e\345\244VV\313\355\015\035\013\032\014\3463\263\314"
 1543      56CBED0D 
 1543      1D0B1A0C 
 1543      E633B3CC 
 1544 006e 001ABF97 		.ascii	"\000\032\277\227\261\205q\0063#\343n0\315\304\270\213"
 1544      B1857106 
 1544      3323E36E 
 1544      30CDC4B8 
 1544      8B
 1545 007f 519A8171 		.ascii	"Q\232\201q\037\243%\203\214\236\236>\020%\347\027\245"
 1545      1FA32583 
 1545      8C9E9E3E 
 1545      1025E717 
 1545      A5
 1546 0090 EA171725 		.ascii	"\352\027\027%\353'\346\027\307\027W\026\227\244\346"
 1546      EB27E617 
 1546      C7175716 
 1546      97A4E6
 1547 009f EA253308 		.ascii	"\352%3\010\344\346\247\224\346\244Z\025g\224\226\244"
 1547      E4E6A794 
 1547      E6A45A15 
 1547      679496A4 
 1548 00af E497E731 		.ascii	"\344\227\3471\000\000\354\223;I"
 1548      0000EC93 
 1548      3B49
 1549              		.text
 1550              		.section	.gnu.lto__shellcmd_memdump.edd9554f8e7f11af,"e",%progbits
 1551 0000 789CE360 		.ascii	"x\234\343``dhe``\320c\200\200\351\314\214}\315\357\357"
 1551      60646865 
 1551      6060D063 
 1551      8080E9CC 
 1551      8C7DCDEF 
 1552 0015 71F431CF 		.ascii	"q\3641\317g\006J\001\271sW\234\371\317\331\302\330\324"
 1552      67064A01 
 1552      B973579C 
 1552      F9CFD9C2 
 1552      D8D4
 1553 0027 D8D1D0F0 		.ascii	"\330\321\320\360\240\3734\253\304|f\306\231\314\020"
 1553      A0FB34AB 
 1553      C47C66C6 
 1553      99CC10
 1554 0036 A5337F5C 		.ascii	"\2453\177\\8\317\257(?\277a\206\302|f&\220\310\305\335"
 1554      38CFAF28 
 1554      3FBF6186 
 1554      C27C6626 
 1554      90C8C5DD 
 1555 004a 1F5FB282 		.ascii	"\037_\262\202T\317hhX\3006\237\231\231q\017\243\"X\355"
 1555      54CF6868 
 1555      58C0369F 
 1555      9999710F 
 1555      A32258ED 
 1556 005e AB354BBF 		.ascii	"\2535K\2770Zno\350X\320`0\237\231e\006\320\370\275\214"
 1556      305A6E6F 
 1556      E858D060 
 1556      309F9965 
 1556      06D0F8BD 
ARM GAS  /tmp/ccACgBoh.s 			page 126


 1557 0073 2D8C3398 		.ascii	"-\2143\230\031\031w\203i&\306]\214\322\014\214\373\030"
 1557      19197783 
 1557      6926C65D 
 1557      8CD20C8C 
 1557      FB18
 1558 0085 2D1964F4 		.ascii	"-\031d\364\364\364\201(9\277(U\277\270(Y?1\2778\276"
 1558      F4F48128 
 1558      39BF2855 
 1558      BFB82859 
 1558      3F31BF38 
 1559 009a B8B2B824 		.ascii	"\270\262\270$5W/\231\201?7?\2454'\325*757\2454\267\200"
 1559      35572F99 
 1559      813F373F 
 1559      A53427D5 
 1559      2A373537 
 1560 00b2 010079AF 		.ascii	"\001\000y\257<\255"
 1560      3CAD
 1561              		.text
 1562              		.section	.gnu.lto__shellcmd_kerneltest.edd9554f8e7f11af,"e",%progbits
 1563 0000 789CE360 		.ascii	"x\234\343``dhe``\320f\200\200\351\314\214}\315\357\357"
 1563      60646865 
 1563      6060D066 
 1563      8080E9CC 
 1563      8C7DCDEF 
 1564 0015 71F431CF 		.ascii	"q\3641\317g\006J\001\271sW\234\371\317\331\302\330\324"
 1564      67064A01 
 1564      B973579C 
 1564      F9CFD9C2 
 1564      D8D4
 1565 0027 D8D1D0F0 		.ascii	"\330\321\320\360\240\373\035\253\304|f\306\231\314\020"
 1565      A0FB1DAB 
 1565      C47C66C6 
 1565      99CC10
 1566 0036 A51D4F76 		.ascii	"\245\035Ov\035aU\224\237\3370Ca>3\023H\244\363\372\333"
 1566      1D615594 
 1566      9FDF3043 
 1566      613E3313 
 1566      48A4F3FA 
 1567 004b 0BCC20D5 		.ascii	"\013\314 \3253\032\032\026\260\315gff\334\303\250\010"
 1567      331A1A16 
 1567      B0CD6766 
 1567      66DCC3A8 
 1567      08
 1568 005c 56BB65CF 		.ascii	"V\273e\317\315S\314\226\333\033:\0264\030\314gf\231"
 1568      CD53CC96 
 1568      DB1B3A16 
 1568      3418CC67 
 1568      6699
 1569 006e 01347E2F 		.ascii	"\0014~/c\013\343\014fF\306\335`\232\211q\027\2434\003"
 1569      630BE30C 
 1569      6646C6DD 
 1569      609A8971 
 1569      17A33403 
 1570 0082 E33E464B 		.ascii	"\343>FK\006\031==} J\316/J\325/.J\326O\314/\216/\256"
 1570      06193D3D 
 1570      7D204ACE 
 1570      2F4AD52F 
ARM GAS  /tmp/ccACgBoh.s 			page 127


 1570      2E4AD64F 
 1571 009b 2C2E49CD 		.ascii	",.I\315\325Kf\340\311N-\312K\315\261*I-.a\000\000\203"
 1571      D54B66E0 
 1571      C94E2DCA 
 1571      4BCDB12A 
 1571      492D2E61 
 1572 00b2 A43ADB   		.ascii	"\244:\333"
 1573              		.text
 1574              		.section	.gnu.lto_aosSysGetUptimeX.edd9554f8e7f11af,"e",%progbits
 1575 0000 789C8D53 		.ascii	"x\234\215S\335KTQ\020?s\317~\352\232\257\201\225\022"
 1575      DD4B5451 
 1575      103F73CF 
 1575      7EEA9AAF 
 1575      819512
 1576 0013 8918E54A 		.ascii	"\211\030\345J>\364\024\010\375\001=\364\030!\266-\270"
 1576      3EF41408 
 1576      FD013DF4 
 1576      1821B62D 
 1576      B8
 1577 0024 B42AEC47 		.ascii	"\264*\354G\320\223\327]\331\025w\325\010?\262\\7\330"
 1577      D093D75D 
 1577      D91577D5 
 1577      083FB25C 
 1577      37D8
 1578 0036 1625420D 		.ascii	"\026%B\015\002?\323\253\231\246f~d\346&\230)\024\205"
 1578      023FD3AB 
 1578      99A6667E 
 1578      64E62698 
 1578      291485
 1579 0049 E49312B1 		.ascii	"\344\223\022\261j3\367\224\356\026A\313\336s\317\314"
 1579      6A33F794 
 1579      EE1641CB 
 1579      DE73CFCC 
 1580 0059 FC66E677 		.ascii	"\374f\346w~s\256\201\001\273\252a\254\2071v\034\037"
 1580      7E73AE81 
 1580      01BBAA61 
 1580      AC873176 
 1580      1C1F
 1581 006b E00C2459 		.ascii	"\340\014$Y\226\013\365\225\006\011@\335\311\006`\025"
 1581      960BF595 
 1581      060940DD 
 1581      C9066015 
 1582 007b 1254403D 		.ascii	"\022T@=o\3460\352\377\324'\345\266cDV\232w\012\326\345"
 1582      6FE630EA 
 1582      FFD427E5 
 1582      B6634456 
 1582      9A770AD6 
 1583 0090 39998739 		.ascii	"9\231\2079c-\370\210\037\364C.\002W=\241\357\246:\214"
 1583      632DF888 
 1583      1FF4432E 
 1583      02573DA1 
 1583      EFA63A8C 
 1584 00a4 0168D06C 		.ascii	"\001h\320l\230z:\231B\246\004Yh\266o\004\003\022\317"
 1584      987A3A99 
 1584      42A60459 
 1584      68B66F04 
 1584      0312CF
ARM GAS  /tmp/ccACgBoh.s 			page 128


 1585 00b7 0486FBAE 		.ascii	"\004\206\373\256\300\27475'*\313\036Y\031\213r\371T"
 1585      C0BC3735 
 1585      272ACB1E 
 1585      59198B72 
 1585      F954
 1586 00c9 98737806 		.ascii	"\230sx\006\034K\302 d\300\000d0\206>,=\0049\214R\326"
 1586      1C4BC220 
 1586      64C00064 
 1586      30863E2C 
 1586      3D04398C 
 1587 00df 9FEC35A6 		.ascii	"\237\3545\246\3514\277\272\3020\350\244$/\260$\030\001"
 1587      E934BFBA 
 1587      C230E8A4 
 1587      242FB024 
 1587      1801
 1588 00f1 40011D42 		.ascii	"@\001\035BG@\207\201\341\375\246a\215 g@\263\361\321"
 1588      47408781 
 1588      E1FDA661 
 1588      8D206740 
 1588      B3F1D1
 1589 0104 48DC24C8 		.ascii	"H\334$\310)\224w\2773\360\020\370I\225\335\307`\374"
 1589      299477BF 
 1589      33F010F8 
 1589      4995DDC7 
 1589      60FC
 1590 0116 872E3BA2 		.ascii	"\207.;\242\262\233\210\026\354l\370\344\333>\031\302"
 1590      B29B8816 
 1590      EC6CF8E4 
 1590      DB3E19C2 
 1591 0126 5C0363C4 		.ascii	"\\\003c\304Q\202\347\310q\2248\262\244\256\360\002\262"
 1591      5182E7C8 
 1591      719438B2 
 1591      A4AEF002 
 1591      B2
 1592 0137 918A249C 		.ascii	"\221\212$\234\211e\226\241\332[xP\200\035\024P3\222"
 1592      896596A1 
 1592      DA5B7850 
 1592      801D1450 
 1592      3392
 1593 0149 6B4CA047 		.ascii	"kL\240Ge?\256\262\177\211;|\221\273kA\253\310{\373~"
 1593      653FAEB2 
 1593      7F893B7C 
 1593      91BB6B41 
 1593      ABC87BFB 
 1594 015e 1CC3D1D9 		.ascii	"\034\303\321\331hG\315\225t@\221\264\022.:N;--:Z\364"
 1594      6847CD95 
 1594      744091B4 
 1594      122E3A4E 
 1594      3B2D2D3A 
 1595 0174 40C21969 		.ascii	"@\302\031i\233BK*\243\002&B\246\321\302X\2003\232\250"
 1595      9B424B2A 
 1595      A3022642 
 1595      A6D1C258 
 1595      80339AA8 
 1596 0188 066485B1 		.ascii	"\006d\205\261 \227\204\341E\343+x\006\277\354\307LD"
 1596      209784E1 
 1596      45E32B78 
ARM GAS  /tmp/ccACgBoh.s 			page 129


 1596      06BFECC7 
 1596      4C44
 1597 019a 22C401A9 		.ascii	"\"\304\001\251\325y\267V\015$\026W\365\011u\274\332"
 1597      D579B756 
 1597      0D241657 
 1597      F50975BC 
 1597      DA
 1598 01ab 375681A7 		.ascii	"7V\201\247\322\200\236\010\027\364\227V\306\347 \012"
 1598      D2809E08 
 1598      17F49756 
 1598      C6E7200A 
 1599 01bb 1194490F 		.ascii	"\021\224I\017SP\0050I\002a\244\377Nu\267.\277\223\032"
 1599      53500530 
 1599      490261A4 
 1599      FF4E75B7 
 1599      2EBF931A 
 1600 01cf 6485B901 		.ascii	"d\205\271\001\246\021vWL\361\025\344S\273&\243\350%"
 1600      A6117657 
 1600      4CF115E4 
 1600      53BB26A3 
 1600      E825
 1601 01e1 25F632FE 		.ascii	"%\3662\376\325\313\030\241)'\367J\201\327\324k\206z"
 1601      D5CB18A1 
 1601      2927F74A 
 1601      81D7D46B 
 1601      867A
 1602 01f3 C12C3AD9 		.ascii	"\301,:\331&x\327zj\027\374iI\327\203'\212\\E\\\326\266"
 1602      2678D77A 
 1602      6A17FC69 
 1602      49D78327 
 1602      8A5C455C 
 1603 0209 1B4E64AA 		.ascii	"\033Nd\252J\253\321\304\2733\217\232\317\251\352/\020"
 1603      4AABD1C4 
 1603      BB338F9A 
 1603      CFA9EA2F 
 1603      10
 1604 021a ADB43F78 		.ascii	"\255\264?x\244\266\340 \021\303\340\015\366F9Mx\010"
 1604      A4B6E020 
 1604      11C3E00D 
 1604      F646394D 
 1604      7808
 1605 022c 6F9BAF7E 		.ascii	"o\233\257~z\261]O\327-\304M\230\205\347\241\303\305"
 1605      7AB15D4F 
 1605      D72DC44D 
 1605      9885E7A1 
 1605      C3C5
 1606 023e FDBB3137 		.ascii	"\375\27317\2151\304)@\320V__\272\360h\321\211\325\207"
 1606      8D31C429 
 1606      40D0565F 
 1606      5FBAF068 
 1606      D189D587 
 1607 0252 8273D39C 		.ascii	"\202s\323\234\016\255\005\200E<\013\202\272} 0F\204"
 1607      0EAD0580 
 1607      453C0B82 
 1607      BA7D2030 
 1607      4684
 1608 0264 2166A6ED 		.ascii	"!f\246\355\336\262I`\224\252\013\360V\240Z}\265+\333"
ARM GAS  /tmp/ccACgBoh.s 			page 130


 1608      DEB24960 
 1608      94AA0BF0 
 1608      56A05A7D 
 1608      B52BDB
 1609 0277 9200A620 		.ascii	"\222\000\246 \026\201\217\267\266\007\364\002X\001K"
 1609      16818FB7 
 1609      B607F402 
 1609      58014B
 1610 0286 02D6EBDB 		.ascii	"\002\326\353\333\215Y\005*\025\201\207\331]\361\317"
 1610      8D59052A 
 1610      158187D9 
 1610      5DF1CF
 1611 0295 E784F81C 		.ascii	"\347\204\370\034g\215Q\242\274Z\003\344\303Z\312\373"
 1611      678D51A2 
 1611      BC5A03E4 
 1611      C35ACAFB 
 1612 02a5 EED81154 		.ascii	"\356\330\021T\272R\014O\037\302\341\376\236ke\370Co"
 1612      BA520C4F 
 1612      1FC2E1FE 
 1612      9E6B65F8 
 1612      436F
 1613 02b7 E25CDF1D 		.ascii	"\342\\\337\035\316u\031\362\261 \373\006\236\007\321"
 1613      CE7519F2 
 1613      B120FB06 
 1613      9E07D1
 1614 02c6 4D896AA9 		.ascii	"M\211j\251_J\200\203\270f\036\205\314cyyf\374[\312\035"
 1614      5F4A8083 
 1614      B8661E85 
 1614      CC637979 
 1614      66FC5BCA 
 1615 02db 56B3D361 		.ascii	"V\263\323a1\027\227;\213\234\267\234.ki\236\205In\227"
 1615      3117973B 
 1615      8B9CB79C 
 1615      2E6B699E 
 1615      85496E97 
 1616 02ef D6EDB45A 		.ascii	"\326\355\264Z\234g\004\352\206\325Qf\265\233/\226\330"
 1616      9C6704EA 
 1616      86D55166 
 1616      B59B2F96 
 1616      D8
 1617 0300 AED92E5D 		.ascii	"\256\331.]6\227;\315\016\227\331Vf\261\273\257[\315"
 1617      36973BCD 
 1617      0E97D956 
 1617      66B1BBAF 
 1617      5BCD
 1618 0312 961297AD 		.ascii	"\226\022\227\255\324\232W\302\316\377\013\\Rl\307\027"
 1618      D49A57C2 
 1618      CEFF0B5C 
 1618      526CC717 
 1619 0322 2E0ED7D9 		.ascii	".\016\327\3312\233\0353\250m\021\24590\357\364\1775"
 1619      329B1D33 
 1619      A86D11A5 
 1619      3930EFF4 
 1619      7F35
 1620 0334 B9E942E8 		.ascii	"\271\351B\350O\0328\226v"
 1620      4F1A3896 
 1620      76
ARM GAS  /tmp/ccACgBoh.s 			page 131


 1621              		.text
 1622              		.section	.gnu.lto_aosSysGetDateTime.edd9554f8e7f11af,"e",%progbits
 1623 0000 789C6D92 		.ascii	"x\234m\222\317k\023Q\020\307\347\273\263I\267M\364\037"
 1623      CF6B1351 
 1623      10C7E7BB 
 1623      B349B74D 
 1623      F41F
 1624 0012 88621143 		.ascii	"\210b\021C\351\301\004<\010\275\365?\021\211=J!\311"
 1624      E9C1043C 
 1624      08BDF53F 
 1624      11893D4A 
 1624      21C9
 1625 0024 C553DFAE 		.ascii	"\305S\337\256\261\251\255T\220\326\230C\272!1(^\212"
 1625      B1A9AD54 
 1625      90D69843 
 1625      BA213128 
 1625      5E8A
 1626 0036 206AFD95 		.ascii	" j\375\225m\324jc\205\222C\241*9T\250 V\245'\017\262"
 1626      6DD46A63 
 1626      859243A1 
 1626      2A3954A8 
 1626      2056A527 
 1627 004c E9BCDD80 		.ascii	"\351\274\335\200U|\354\2037o>\357;\337\031\326\"\320"
 1627      557CEC83 
 1627      376F3EEF 
 1627      3BDF19D6 
 1627      22D0
 1628 005e AC419424 		.ascii	"\254A\224$\242\343\262\301\004C)5>`[\006\020\234\224"
 1628      A2E3B2C1 
 1628      04432935 
 1628      3E605B06 
 1628      109C94
 1629 0071 059A3230 		.ascii	"\005\23220\205\353\\b\264\212\273+\306\350\035\311("
 1629      85EB5C62 
 1629      B48ABB2B 
 1629      C6E81DC9 
 1629      28
 1630 0082 AFF4F0EC 		.ascii	"\257\364\360\354\216\332T\3542QYv\270\360\004\243\002"
 1630      8EDA54EC 
 1630      32515976 
 1630      B8F004A3 
 1630      02
 1631 0093 769DCAAF 		.ascii	"v\235\312\257\370\274\344\000S\302\205\366\203\365!"
 1631      F8BCE400 
 1631      53C285F6 
 1631      83F521
 1632 00a2 1D1A1896 		.ascii	"\035\032\030\226\320\236\366\213\340\023 9/uj\217\255"
 1632      D09EF68B 
 1632      E0132039 
 1632      2F756A8F 
 1632      AD
 1633 00b3 9186528E 		.ascii	"\221\206R\216\362>\335fu\312e\306s\260H\342\031\022"
 1633      F23EDD66 
 1633      75CA65C6 
 1633      73B048E2 
 1633      1912
 1634 00c5 788A0491 		.ascii	"x\212\004\221\334\211\364\013\214\220~\322\354\335l"
ARM GAS  /tmp/ccACgBoh.s 			page 132


 1634      DC89F40B 
 1634      8C907ED2 
 1634      ECDD6C
 1635 00d4 9AA1B825 		.ascii	"\232\241\270%\341\342\275\325\337\361P\334\323i\373"
 1635      E1E2BDD5 
 1635      DFF150DC 
 1635      D369FB
 1636 00e3 D6926FF2 		.ascii	"\326\222o\362\311@}\266\320\376p4YW\236\030\366\267"
 1636      C9407DB6 
 1636      D0FE7034 
 1636      59579E18 
 1636      F6B7
 1637 00f5 23AEA3D4 		.ascii	"#\256\243\324\325q\227M\254\206\025<\251\320\324\025"
 1637      D571974D 
 1637      AC86153C 
 1637      A9D0D415 
 1638 0105 F4127EE7 		.ascii	"\364\022~\347\276\277x$j\242\205d\277)\274DT\346D\320"
 1638      BEBF7824 
 1638      6AA28564 
 1638      BF29BC44 
 1638      54E644D0 
 1639 0119 77CB9D88 		.ascii	"w\313\235\210\247\374^Qy\273\333\270\261\260u:*\036"
 1639      A7FC5E51 
 1639      79BBDBB8 
 1639      B1B0753A 
 1639      2A1E
 1640 012b 025B734C 		.ascii	"\002[sLz*&\224Gt\215\2150\260%\370\206+\325\372\336"
 1640      7A2A2694 
 1640      47748D8D 
 1640      30B025F8 
 1640      862BD5FA 
 1641 0140 9940472A 		.ascii	"\231@G*T\356n\364\006\013pl\313\345H\231\265\362+\024"
 1641      54EE6EF4 
 1641      060B706C 
 1641      CBE54899 
 1641      B5F22B14 
 1642 0154 02B3F397 		.ascii	"\002\263\363\227\177t-\335H\024\377\222\321:\207\006"
 1642      7F742DDD 
 1642      4814FF92 
 1642      D13A8706 
 1643 0164 B73EAE6D 		.ascii	"\267>\256m\242\201:\\\036\300\232<\304km_2+%\257\026"
 1643      A2813A5C 
 1643      1EC09A3C 
 1643      C46B6D5F 
 1643      322B25AF 
 1644 0179 E0334A0D 		.ascii	"\3403J\015k\2157\302\205\356\337\012'\304\317\216\263"
 1644      6B8D37C2 
 1644      85EEDF0A 
 1644      27C4CF8E 
 1644      B3
 1645 018a 1FD3840A 		.ascii	"\037\323\204\012\010Kw\024\002\353\002\270<(^\247\253"
 1645      084B7714 
 1645      02EB02B8 
 1645      3C285EA7 
 1645      AB
 1646 019b 8D3DE37F 		.ascii	"\215=\343\177^\207\312,\277\012\332}\257\207\265\252"
 1646      5E87CA2C 
ARM GAS  /tmp/ccACgBoh.s 			page 133


 1646      BF0ADA7D 
 1646      AF87B5AA 
 1647 01ab 35E32FB5 		.ascii	"5\343/\265w\302T\230\017w\024\003a\003\011\227\343\364"
 1647      77C25498 
 1647      0F771403 
 1647      61030997 
 1647      E3F4
 1648 01bd 15AD6EE0 		.ascii	"\025\255n\340K?\020\346\313\376\347nl\354\221\232\021"
 1648      4B3F10E6 
 1648      CBFEE76E 
 1648      6CEC919A 
 1648      11
 1649 01ce 0726E13D 		.ascii	"\007&\341=\306\350;\234\352r\177dz\3151\376\014\227"
 1649      C6E83B9C 
 1649      EA727F64 
 1649      7ACD31FE 
 1649      0C97
 1650 01e0 E8582A95 		.ascii	"\350X*\225\226/3\231\235H\347\262\231\364\371\311\334"
 1650      962F3399 
 1650      9D48E7B2 
 1650      99F4F9C9 
 1650      DC
 1651 01f1 B9DCA55C 		.ascii	"\271\334\245\\~\342b*C\306\205<g\363\231\003@\017\334"
 1651      7EE2622A 
 1651      43C6853C 
 1651      67F39903 
 1651      400FDC
 1652 0204 CB       		.ascii	"\313"
 1653              		.text
 1654              		.section	.gnu.lto__aosSysPrintSystemInfo.edd9554f8e7f11af,"e",%progbits
 1655 0000 789C9D5B 		.ascii	"x\234\235[yT\025G\272\357\352\356\273\000\027P\0247"
 1655      79541547 
 1655      BAEFEAEE 
 1655      BB001750 
 1655      1437
 1656 0012 8CDECE88 		.ascii	"\214\336\316\2101n\020\315\246\211\211k&\231H\234\321"
 1656      316E10CD 
 1656      A689896B 
 1656      2699489C 
 1656      D1
 1657 0023 CC9BF3DE 		.ascii	"\314\233\363\336\231wr\010\336y2\021pXrb\346\217\\\026"
 1657      99777208 
 1657      DE793211 
 1657      70587262 
 1657      E68F5C16 
 1658 0037 114494B8 		.ascii	"\021D\224\270 \030Y\004\004\021A\203\270\260\212\"\256"
 1658      20185904 
 1658      04114183 
 1658      B8B08A22 
 1658      AE
 1659 0048 888A8AA8 		.ascii	"\210\212\212\250HX\024\025\025#\032TTx\365Uu\367m\356"
 1659      48581415 
 1659      15231A54 
 1659      5478F555 
 1659      75F76DEE 
 1660 005c BD5CC878 		.ascii	"\275\\\310x\260\250\256\376~\337V\277\256\252\356*\264"
 1660      B0A8AEFE 
ARM GAS  /tmp/ccACgBoh.s 			page 134


 1660      7EDF56BF 
 1660      AEAAEE2A 
 1660      B4
 1661 006d 0C62FE3E 		.ascii	"\014b\376>\203a\356q\014S\203\030\006\215f\020k4\032"
 1661      8361EE71 
 1661      0C538318 
 1661      068D6610 
 1661      6B341A
 1662 0080 676B42B5 		.ascii	"gkB\265,\032\"\3268\226o,<>\2167\332\253R\217\027\272"
 1662      2C1A22D6 
 1662      38966F2C 
 1662      3C3E8E37 
 1662      DAAB528F 
 1663 0096 F1461D8F 		.ascii	"\361F\035\217\\\304{*4H\254\251Y\315\232\274\365\256"
 1663      5CC47B2A 
 1663      3448ACA9 
 1663      59CD9ABC 
 1663      F5AE
 1664 00a8 584ADB79 		.ascii	"XJ\333y\341\327\211XJ\203\234\305{Z\326\016\327\364"
 1664      E1D78958 
 1664      4A839CC5 
 1664      7B5AD60E 
 1664      D7F4
 1665 00ba F89E3DFD 		.ascii	"\370\236=\375\255\263cuf-\366\254\203\330\342,\2668"
 1665      ADB36375 
 1665      662DF6AC 
 1665      83D8E22C 
 1665      B638
 1666 00cc C832528B 		.ascii	"\3102R\213\216u\024[\234\304\026G\344$\332p\222\255"
 1666      8E75145B 
 1666      9CC41647 
 1666      E424DA70 
 1666      92AD
 1667 00de 398B3E1D 		.ascii	"9\213>\035\321\016b\325\270\366>\226\037\214\177k\261"
 1667      D10E62D5 
 1667      B8F63E96 
 1667      1F8C7F6B 
 1667      B1
 1668 00ef FC60D973 		.ascii	"\374`\331s\0271\276#\332!,\267\365\341#\220\032\332"
 1668      1731BE23 
 1668      DA212CB7 
 1668      F5E12390 
 1668      1ADA
 1669 0101 1AB74E83 		.ascii	"\032\267N\203\245\206\262\256\242\0357\321\216+;lS}"
 1669      A586B2AE 
 1669      A21D37D1 
 1669      8E2B3B6C 
 1669      537D
 1670 0113 F24468B9 		.ascii	"\362Dh\271\237\336\204\243\324\015c\207\233\265\014"
 1670      9FDE84A3 
 1670      D40D6387 
 1670      9BB50C
 1671 0122 674798B5 		.ascii	"gG\230\265\214`G\232\265\214d\305\232\375(zG7\012\271"
 1671      8C60479A 
 1671      B58C64C5 
 1671      9AFD287A 
 1671      47370AB9 
ARM GAS  /tmp/ccACgBoh.s 			page 135


 1672 0136 891EB921 		.ascii	"\211\036\271!DjF-b~`9^\245\326h\355\354\035t\216N\316"
 1672      446A462D 
 1672      627E6039 
 1672      5EA5D668 
 1672      EDEC1D74 
 1673 014d 8306BB0C 		.ascii	"\203\006\273\014\031\352:l\370\210\221\243\334\320\017"
 1673      19EA3A6C 
 1673      F88891A3 
 1673      DCD00F
 1674 015c DC100695 		.ascii	"\334\020\006\225\363H\013\205\206\324\030\362o\020#"
 1674      F3480B85 
 1674      86D418F2 
 1674      6F1023
 1675 016b B768680B 		.ascii	"\267hh\013\263\236\333\302\241\243\253[\013\3317\263"
 1675      B39EDBC2 
 1675      A1A3AB5B 
 1675      0BD937B3 
 1676 017b B07263F9 		.ascii	"\260rc\371\226\270!\221\306U#Rp\217'r\242\020\203\212"
 1676      96B82191 
 1676      C6552352 
 1676      708F2772 
 1676      A210838A 
 1677 018f D09B58AE 		.ascii	"\320\233X\256!,\351\231n\035\227\302!\304\343\313M\247"
 1677      212CE999 
 1677      6E1D97C2 
 1677      21C4E3CB 
 1677      4DA7
 1678 01a1 0B4ED9C3 		.ascii	"\013N\331\303%\213\364\370\262\260\355\326\267\334X"
 1678      258BF4F8 
 1678      B2B0EDD6 
 1678      B7DC58
 1679 01b0 C4E06AD3 		.ascii	"\304\340j\323\356\244\235\2727v\030\215a\306\362\372"
 1679      EEA49DBA 
 1679      3776188D 
 1679      61C6F2FA 
 1680 01c0 4CCE382E 		.ascii	"L\3168.\205\343P)\342\260FT\202\334P1rc\030\334\206"
 1680      85E35029 
 1680      E2B04654 
 1680      82DC5031 
 1680      726318DC 
 1681 01d5 3597A137 		.ascii	"5\227\24170\240\272\341\356,n<\301\306=J\333\303cl\034"
 1681      30A0BAE1 
 1681      EE2C6E3C 
 1681      C1C63D4A 
 1681      DBC3636C 
 1682 01ea C63E1991 		.ascii	"\306>\031\221`,G)\034\217\016S\360t7\344I\240<\206\226"
 1682      602C4729 
 1682      1C8F0E53 
 1682      F07437E4 
 1682      49A03C86 
 1683 01ff A3371840 		.ascii	"\2437\030@4\377\334\275\331Q\315\213\376\242#H\215p"
 1683      34FFDCBD 
 1683      D951CD8B 
 1683      FEA22348 
 1683      8D70
 1684 0211 6B4F5AF2 		.ascii	"kOZ\362\005g\352\3548|y\260\364\325v\015u6\225\305\327"
 1684      0567EAEC 
ARM GAS  /tmp/ccACgBoh.s 			page 136


 1684      387C79B0 
 1684      F4D5760D 
 1684      753695C5 
 1685 0226 A191DDAB 		.ascii	"\241\221\335\253\021\347IL\346\226\377\234\301\272\247"
 1685      11E7494C 
 1685      E696FF9C 
 1685      C1BAA7
 1686 0235 1BCB71FC 		.ascii	"\033\313q\374\235mc~4\032O\032\371\024N\205\216Q\253"
 1686      9D6D637E 
 1686      341A4F1A 
 1686      F9144E85 
 1686      8E51AB
 1687 0248 15D8E5A3 		.ascii	"\025\330\345\243\3402\3743\031D\225\310\235\230\003"
 1687      E032FC33 
 1687      194495C8 
 1687      9D9803
 1688 0257 ABC7B155 		.ascii	"\253\307\261U\206\261\303w\213.\237Is\242\206\033A\372"
 1688      86B1C377 
 1688      8B2E9F49 
 1688      73A2861B 
 1688      41FA
 1689 0269 4241C926 		.ascii	"BA\311&-\265lT\343\353\216\266\370J-7\235X\356\314L"
 1689      2DB56C54 
 1689      E3EB8EB6 
 1689      F84A2D37 
 1689      9D58EECC 
 1690 027e 7AA4C196 		.ascii	"z\244\301\226!\363\265\347\006m\020-\253\321)j\371$"
 1690      21F3B5E7 
 1690      066D102D 
 1690      ABD1296A 
 1690      F924
 1691 0290 B67C42B2 		.ascii	"\266|B\262\214N#w\214y\336R\327\345\310\275G\360\253"
 1691      8C4E2377 
 1691      8C79DE52 
 1691      D7E5C8BD 
 1691      47F0AB
 1692 02a3 1EB76638 		.ascii	"\036\267f8\002\036'\253\266n\304\366p\212\327\2403f"
 1692      021E27AB 
 1692      B66EC4F6 
 1692      708AD7A0 
 1692      3366
 1693 02b5 C926F82A 		.ascii	"\311&\370*\202\337q\246\242\314\211\233M\360I\255k\316"
 1693      82DF71A6 
 1693      A2CC899B 
 1693      4DF049AD 
 1693      6BCE
 1694 02c7 6B447C6B 		.ascii	"kD|k\235K\232\214?k\015_M\360\207j~+u\344\346\322\316"
 1694      9D4B9A8C 
 1694      3F6B0D5F 
 1694      4DF0876A 
 1694      7E2B75E4 
 1695 02de 325E6C63 		.ascii	"2^lcE|\365\325a&\3749k\370\363\004\177\247lU8\342\346"
 1695      457CF5D5 
 1695      6126FC39 
 1695      6BF8F304 
 1695      7FA76C55 
 1696 02f5 13FCBA9C 		.ascii	"\023\374\272\234M\331N\"\376\370\2651\022^\213.X\303"
ARM GAS  /tmp/ccACgBoh.s 			page 137


 1696      4DD94E22 
 1696      FEF8B531 
 1696      125E8B2E 
 1696      58C3
 1697 0307 D7107C62 		.ascii	"\327\020|bRG\026\307\375\205\340\267\035h\013\347E\374"
 1697      524716C7 
 1697      FD85E0B7 
 1697      1D680BE7 
 1697      45FC
 1698 0319 E9FFD96A 		.ascii	"\351\377\331j,\217\320\003\372\2425\364%\202~Z\037\177"
 1698      2C8FD003 
 1698      FAA235F4 
 1698      25827E5A 
 1698      1F7F
 1699 032b DA91FB5F 		.ascii	"\332\221\373_\202\216-\312\370\011\320@\265\332k\203"
 1699      828E2DCA 
 1699      F809D040 
 1699      B5DA6B83 
 1700 033b D245EB76 		.ascii	"\322E\353v\350\2625|-r\207\036\307\270\303=\361\207"
 1700      E8B2357C 
 1700      2D72871E 
 1700      C7B8C33D 
 1700      F187
 1701 034d 79DAC35A 		.ascii	"y\332\303Z|\271y\327\221\227:\332\301\345\240\366^v"
 1701      7CB979D7 
 1701      91973ADA 
 1701      C1E5A0F6 
 1701      5E76
 1702 035f FEBFB97F 		.ascii	"\376\277\271\177\022\013\267/\355\216\347Ef\265\337"
 1702      120BB72F 
 1702      ED8EE745 
 1702      66B5DF
 1703 036e 1F951F6E 		.ascii	"\037\225\037n\214\012\237\235\302\331\243\253\324B\035"
 1703      8C0A9F9D 
 1703      C2D9A3AB 
 1703      D4421D
 1704 037d B67045B6 		.ascii	"\266pE\266p\015\271\357\251Q\225\033\273{V\343t.\334"
 1704      700DB9EF 
 1704      A951951B 
 1704      BB7B56E3 
 1704      742EDC
 1705 0390 BE63D63A 		.ascii	"\276c\326:\2040\331\035X(8\\\350x\\8\252\240\246\206"
 1705      8430D91D 
 1705      5828385C 
 1705      E8785C38 
 1705      AAA0A686 
 1706 03a4 9A066A5A 		.ascii	"\232\006jZ\250\331A\315\036j\016P\323A\315\021jNPs\206"
 1706      A8D941CD 
 1706      1E6A0E50 
 1706      D341CD11 
 1706      6A4E5073 
 1707 03b9 DA20A80D 		.ascii	"\332 \250\015\206\232\013\324\206@1\024\012W\\8\015"
 1707      869A0BD4 
 1707      86403114 
 1707      0A575C38 
 1707      0D
 1708 03ca 83623814 		.ascii	"\203b8\024#\240\030\011\305((\334\240\030\015\260\327"
ARM GAS  /tmp/ccACgBoh.s 			page 138


 1708      23A01809 
 1708      C52828DC 
 1708      A0180DB0 
 1708      D7
 1709 03db 40780C14 		.ascii	"@x\014\024c\241\320C\233\000\305\353P\374\001\212qP"
 1709      63A1D043 
 1709      9B00C5EB 
 1709      50FC018A 
 1709      7150
 1710 03ed B843319E 		.ascii	"\270C1\236\360\355\015\250N\200\342M(&B \223\240\230"
 1710      F0ED0DA8 
 1710      4E80E24D 
 1710      28264220 
 1710      93A098
 1711 0400 0CC51428 		.ascii	"\014\305\024(\246\342\302\331\003\012O\270|\013j\323"
 1711      A6E2C2D9 
 1711      030A4FB8 
 1711      7C0B6AD3 
 1712 0410 A0980E88 		.ascii	"\240\230\016\210\267\241\366\016\024\357\302\345{P{"
 1712      B7A1F60E 
 1712      14EFC2E5 
 1712      7B507B
 1713 041f 1F8A1970 		.ascii	"\037\212\031p9\023j\037@\361!\\\316\202\332GP\373\030"
 1713      39136A1F 
 1713      40F1215C 
 1713      CE82DA47 
 1713      50FB18
 1714 0432 1C9C4D5C 		.ascii	"\034\234M\\\230C\312\271\204\276\363\010\011\347\343"
 1714      9843CAB9 
 1714      84BEF308 
 1714      09E7E3
 1715 0441 9B9A05B8 		.ascii	"\233\232\005\270\030\3649\202\001h!\202\261$\024\221"
 1715      18F43982 
 1715      01682182 
 1715      B1241491 
 1716 0451 9B6188C8 		.ascii	"\233a\210\310\207#\302\267\010D\210\263\012\221\376"
 1716      8723C2B7 
 1716      084488B3 
 1716      0A91FE
 1717 0460 8F84DED0 		.ascii	"\217\204\336\320DQ\301hDT2L\014\307\274J\272\350\202"
 1717      4451C168 
 1717      4454324C 
 1717      0CC7BC4A 
 1717      BAE882
 1718 0473 8CE50CB3 		.ascii	"\214\345\014\263\226cI=\034\327\357\243\310\324\203"
 1718      9663493D 
 1718      1CD7EFA3 
 1718      C8D483
 1719 0482 991C1921 		.ascii	"\231\034\031!\340Y\333Y\325c\027\201\302B\265)\334\340"
 1719      E059DB59 
 1719      D5631781 
 1719      C242B529 
 1719      DCE0
 1720 0494 440EA6D3 		.ascii	"D\016\246\323\353\010\353O\342>O\342\026\302\203qj\327"
 1720      EB08EB4F 
 1720      E23E4FE2 
 1720      16C28371 
ARM GAS  /tmp/ccACgBoh.s 			page 139


 1720      6AD7
 1721 04a6 3AB5F0AF 		.ascii	":\265\360\257\024c\002&\261\013@\016\275\252\330\346"
 1721      14630226 
 1721      B10B400E 
 1721      BDAAD8E6 
 1722 04b6 049004A3 		.ascii	"\004\220\004\2431\265\0103l\010\252G\002Q\210n`l\012"
 1722      31B50833 
 1722      6C08AA47 
 1722      0251886E 
 1722      606C0A
 1723 04c9 37145B59 		.ascii	"7\024[Y\235Zl\335\212k\"\307b+\015\242\025\030\213\216"
 1723      9D5A6CDD 
 1723      8A6B22C7 
 1723      622B0DA2 
 1723      15188B8E 
 1724 04dd F6EC7412 		.ascii	"\366\354t\022\376MM\014\003\371\273\225]\305\234l\202"
 1724      FE4D4D0C 
 1724      03F9BB95 
 1724      5DC59C6C 
 1724      82
 1725 04ee 4DE186A3 		.ascii	"M\341\206\243_$\023\215\030\210Eb.dwk\204(DQ#\000u\376"
 1725      5F24138D 
 1725      18884562 
 1725      2E64776B 
 1725      84284451 
 1726 0506 E1DE9D5A 		.ascii	"\341\336\235Z\011u\000;6\0225I\250f\212\352\352i\307"
 1726      0975003B 
 1726      36123549 
 1726      A8668AEA 
 1726      EA69C7
 1727 0519 4D6B45D4 		.ascii	"MkE\324(@\025\336\335\327\301K\250v\214rC-\022\352&"
 1727      284015DE 
 1727      DDD7C14B 
 1727      A8768C72 
 1727      432D12EA 
 1728 052e 09673409 		.ascii	"\011g4\011\247\305f8\267L\341\344\\\270\327\300\013"
 1728      A7C56638 
 1728      B74CE1E4 
 1728      5CB8D7C0 
 1728      0B
 1729 053f 794891B2 		.ascii	"yH\221\262s5q\317\234\224\361\014A\255\222\215\333\003"
 1729      733571CF 
 1729      9C94F10C 
 1729      41AD928D 
 1729      DB03
 1730 0551 8B671789 		.ascii	"\213g\027\211\347\216\204\272KQ\277\244\347\235p\024"
 1730      E78E84BA 
 1730      4B51BFA4 
 1730      E79D7014 
 1731 0561 0E89A8D7 		.ascii	"\016\211\250\327\000U\222\331\230 \243\2321j\014j\223"
 1731      005592D9 
 1731      9820A39A 
 1731      316A0C6A 
 1731      93
 1732 0572 50F714F1 		.ascii	"P\367\024\361<\264\031\317}S<'\303K\367\350\204\026"
 1732      3CB419CF 
 1732      7D533C27 
ARM GAS  /tmp/ccACgBoh.s 			page 140


 1732      C34BF7E8 
 1732      8416
 1733 0584 D1C65800 		.ascii	"\321\306X\000\304\\i\273\246U\306\243G\017$\033\355"
 1733      C45C69BB 
 1733      A655C6A3 
 1733      470F241B 
 1733      ED
 1734 0595 038BA788 		.ascii	"\003\213\247\210\304\363PB\375JQ\335\233+/\263\302#"
 1734      C4F35042 
 1734      FD4A51DD 
 1734      9B2B2FB3 
 1734      C223
 1735 05a7 112500EA 		.ascii	"\021%\000\352\344\252\246+2\027:0\352u\364HBu(\342y"
 1735      E4AAA62B 
 1735      32173A30 
 1735      EA75F448 
 1735      427528E2 
 1736 05bc 6A339EC7 		.ascii	"j3\236\307\246x\242\253n\354C\302Ke<\333\257m\255\340"
 1736      A678A2AB 
 1736      6EEC43C2 
 1736      4B653CDB 
 1736      AF6DADE0 
 1737 05d0 7BC7F344 		.ascii	"{\307\363D\262\361\333\357\211\247SB=\025\343)^\367"
 1737      B2F1DBEF 
 1737      89A75342 
 1737      3D15E329 
 1737      5EF7
 1738 05e2 D25E58C3 		.ascii	"\322^X\303R\324\037\000U\375\274\250L\243\214g\034z"
 1738      52D41F00 
 1738      55FDBCA8 
 1738      4CA38C67 
 1738      1C7A
 1739 05f4 26A19E8B 		.ascii	"&\241\236\213\361\264\241\260\370\273\015\276\320\230"
 1739      F1B4A1B0 
 1739      F8BB0DBE 
 1739      D098
 1740 0602 C4819E75 		.ascii	"\304\201\236u\341\017\033\310t\355\216\314\003tO\347"
 1740      E10F1BC8 
 1740      74ED8ECC 
 1740      03744FE7 
 1741 0612 E802A0F6 		.ascii	"\350\002\240\366\372\361\363h\007J\307\032\306\243\027"
 1741      FAF1F368 
 1741      074AC71A 
 1741      C6A317
 1742 0621 5813EA82 		.ascii	"X\023\352\202A\034\275\304\215Xc\370\241HD\025\262T"
 1742      411CBDC4 
 1742      8D5863F8 
 1742      A1484415 
 1742      B254
 1743 0633 E7D9E4AD 		.ascii	"\347\331\344\255ud\206p@\345\021\263\320+,\214\363\250"
 1743      75648670 
 1743      40E511B3 
 1743      D02B2C8C 
 1743      F3A8
 1744 0645 B791C46E 		.ascii	"\267\221\304nS\022\327\235=r\033\011\033\305\300\336"
 1744      5312D79D 
 1744      3D721B09 
ARM GAS  /tmp/ccACgBoh.s 			page 141


 1744      1BC5C0DE 
 1745 0655 00406375 		.ascii	"\000@cuU*R&q\002\352\221\0023\262$\035\265%\007\276"
 1745      552A5226 
 1745      7102EA91 
 1745      0233B224 
 1745      1DB52507 
 1746 066a 17D245D0 		.ascii	"\027\322E\320\233\000*N>x_\243d\353D\024\312\212\240"
 1746      9B002A4E 
 1746      3E785FA3 
 1746      64EB4414 
 1746      CA8AA0
 1747 067d 300CC2DE 		.ascii	"0\014\302\336\212\011\331\264&7e;R,t\360\302\003\306"
 1747      8A09D9B4 
 1747      2637653B 
 1747      522C74F0 
 1747      C203C6
 1748 0690 4479B113 		.ascii	"Dy\261\023\316\302B\246\263\343U\262f\232g\0127\211"
 1748      CEC242A6 
 1748      B3E355B2 
 1748      669A670A 
 1748      3789
 1749 06a2 0878B889 		.ascii	"\010x\270\211\313\243\303g\322\313\235<\247\246p\223"
 1749      CBA3C367 
 1749      D2CB9D3C 
 1749      A7A67093 
 1750 06b2 51043B2D 		.ascii	"Q\004;-\201\256\312V\261\236\312\344N\261H\356\224t"
 1750      81AECA56 
 1750      B19ECAE4 
 1750      4EB148EE 
 1750      9474
 1751 06c4 18127B27 		.ascii	"\030\022{'w*Z\215\035C\221\254\033\271S\270\245<\215"
 1751      772A5A8D 
 1751      1D4391AC 
 1751      1BB953B8 
 1751      A53C8D
 1752 06d7 8847E108 		.ascii	"\210G\341\0102Y\320\022\305\356\200\2014\032\213Q\317"
 1752      3259D012 
 1752      C5EE8081 
 1752      341A8B51 
 1752      CF
 1753 06e8 A35503F7 		.ascii	"\243U\003\367n\015x\207\300\273\030\342\235\231;\254"
 1753      6E0D7887 
 1753      C0BB18E2 
 1753      9D993BAC 
 1754 06f8 A53B6BFB 		.ascii	"\245;k\373t\247\231\004\025K\335YG\335\011/\210<\365"
 1754      74A79904 
 1754      154BDD59 
 1754      47DD092F 
 1754      883CF5
 1755 070b 1EB893C4 		.ascii	"\036\270\223\304q\003R\277\276O\365]:P\037G\325\377"
 1755      710352BF 
 1755      BE4FF55D 
 1755      3A501F47 
 1755      D5FF
 1756 071d 48BBB8FF 		.ascii	"H\273\270\377\354m\350S\337\001'\320\267\221\352\333"
 1756      EC6DE853 
 1756      DF0127D0 
ARM GAS  /tmp/ccACgBoh.s 			page 142


 1756      B791EADB 
 1757 072d 2466EFE5 		.ascii	"$f\357\345j\311]\036{\014-\015\277#\237\032\264\031"
 1757      6AC95D1E 
 1757      7B0C2D0D 
 1757      BF239F1A 
 1757      B419
 1758 073f F2C9423E 		.ascii	"\362\311B>\343YO\254\204\366\010\262\256\300\323J\207"
 1758      E3594FAC 
 1758      84F608B2 
 1758      AEC0D34A 
 1758      87
 1759 0750 6C91E992 		.ascii	"l\221\351\222`\255C8\313\010\023\373\214\360a\326g\020"
 1759      60AD4338 
 1759      CB0813FB 
 1759      8CF061D6 
 1759      6710
 1760 0762 E2561AE2 		.ascii	"\342V\032\342O2A\200\332\003\367h\233L\221$k\036\361"
 1760      4F324180 
 1760      DA03F768 
 1760      9B4C9124 
 1760      6B1EF1
 1761 0775 961E25DB 		.ascii	"\226\036%\333\360\350;\360(\205z\224j\301\021\325\200"
 1761      F0E83BF0 
 1761      28857A94 
 1761      6AC111D5 
 1761      80
 1762 0786 F46FEF87 		.ascii	"\364o\357\207#iT}\272U\216X\311`F?\034\331A\365eZp\004"
 1762      2369547D 
 1762      BA558E58 
 1762      C960463F 
 1762      1CD941F5 
 1763 079e 3CA61CF9 		.ascii	"<\246\034\371=)\325\240,\231%;\201%\352\336,\211\254"
 1763      3D29D5A0 
 1763      2C99253B 
 1763      8125EADE 
 1763      2C89AC
 1764 07b1 8C2B76A4 		.ascii	"\214+v\244kkxM\313>s0\333\331\244/\233\225\024\026\\"
 1764      6B6B784D 
 1764      CB3E7330 
 1764      DBD9A42F 
 1764      9B951416 
 1765 07c6 6949E669 		.ascii	"iI\346i\037\355\222Y\223c"
 1765      1FED9259 
 1765      9363
 1766 07d0 AD8F5496 		.ascii	"\255\217T\2261\357\3563\346\307\2245\2714\350<k\254"
 1766      31EFEE33 
 1766      E6C79435 
 1766      B934E83C 
 1766      6BAC
 1767 07e2 19884B7B 		.ascii	"\031\210K{d\332\354\265\346\222\332\322\245\237m\270"
 1767      64DAECB5 
 1767      E692DAD2 
 1767      A59F6DB8 
 1768 07f2 4468934F 		.ascii	"Dh\223O]\332gA\033\315\200\364\027\364C\233\375T\375"
 1768      5DDA6741 
 1768      1BCD80F4 
 1768      17F4439B 
ARM GAS  /tmp/ccACgBoh.s 			page 143


 1768      FD54FD
 1769 0805 01ABB4B1 		.ascii	"\001\253\264\261\222\302\203\375\320\346\020\325WhA"
 1769      92C283FD 
 1769      D0E610D5 
 1769      576841
 1770 0814 1B2DF6D8 		.ascii	"\033-\366\330\2026\375\347T\203\212d\336\024\003o\264"
 1770      8236FDE7 
 1770      54838A64 
 1770      DE14036F 
 1770      B4
 1771 0825 BD791376 		.ascii	"\275y\023vy\367A\361\255\033\306\332\222\304\313\347"
 1771      79F741F1 
 1771      AD1BC6DA 
 1771      92C4CBE7 
 1772 0835 9C4C0A4B 		.ascii	"\234L\012Kd\205)i]E\032\332I\2452o\312\254u\222\306"
 1772      64852969 
 1772      5D451ADA 
 1772      49A5326F 
 1772      CAAC7592 
 1773 084a 32E8C37D 		.ascii	"2\350\303}\006\375\224\362\246\234F}\304\032o\006\342"
 1773      06FD94F2 
 1773      A69C467D 
 1773      C41A6F06 
 1773      E2
 1774 085b D2519937 		.ascii	"\322Q\2317\025\326\\\322Z\272t\314\206K\2047\225\324"
 1774      15D65CD2 
 1774      5ABA74CC 
 1774      864B8437 
 1774      95D4
 1775 086d A5E316BC 		.ascii	"\245\343\026\274\261\033\220\376\023\375\360\346$U\177"
 1775      B11B90FE 
 1775      13FDF0E6 
 1775      24557F
 1776 087c CA2A6FAC 		.ascii	"\312*o\254\244\360t?\2749C\365UY\360\306\036{l\301\233"
 1776      A4F0743F 
 1776      BC3943F5 
 1776      5559F0C6 
 1776      1E7B6CC1 
 1777 0891 FE73AA41 		.ascii	"\376s\252Age\336T\003o\354{\363&3\367\3665\255I\203"
 1777      6765DE54 
 1777      036FEC7B 
 1777      F32633F7 
 1777      F635AD49 
 1778 08a6 F8BA8F6F 		.ascii	"\370\272\217o$o>^/\366\3129\231(\347\255\365\212\235"
 1778      246F3E5E 
 1778      2FF6CA39 
 1778      9928E7AD 
 1778      F58A9D
 1779 08b9 659417FA 		.ascii	"e\224\027\372\214\362\005%J\015\015\363\2425\242\014"
 1779      8CF20525 
 1779      4A0D0DF3 
 1779      A235A20C 
 1780 08c9 C4A54B32 		.ascii	"\304\245K2Q.[s\311\336\322\245Z\033.\021\242\\\241."
 1780      512E5B73 
 1780      C9DED2A5 
 1780      5A1B2E11 
 1780      A25CA12E 
ARM GAS  /tmp/ccACgBoh.s 			page 144


 1781 08dd D55910C5 		.ascii	"\325Y\020\305a@\372\257\366C\224kT\375u\253D\261\222"
 1781      6140FAAF 
 1781      F643946B 
 1781      54FD75AB 
 1781      44B192
 1782 08f0 C2FA7E88 		.ascii	"\302\372~\210r\203\352k\260 \212\016{lA\224\376s\252"
 1782      7283EA6B 
 1782      B0208A0E 
 1782      7B6C4194 
 1782      FE73AA
 1783 0903 41BFC844 		.ascii	"A\277\310Di\004\242\350z\023\245\366Fz*\242\003\014"
 1783      6904A2E8 
 1783      7A13A5F6 
 1783      467A2AA2 
 1783      030C
 1784 0915 4CD4E733 		.ascii	"L\324\3473\262\343\355L\012\233d\346\035\213\252\363"
 1784      B2E3ED4C 
 1784      0A9B64E6 
 1784      1D8BAAF3 
 1785 0925 A27DD42C 		.ascii	"\242}\324,\323\246\305Z\0379X\306|\263\317\230{(mn\321"
 1785      D3A6C55A 
 1785      1F3958C6 
 1785      7CB3CF98 
 1785      7B286D6E 
 1786 093a A05BADD1 		.ascii	"\240[\255\321f\000\036\335\226Ys\307\232G:K\217\356"
 1786      66001EDD 
 1786      965973C7 
 1786      9A473A4B 
 1786      8FEE
 1787 094c DAF088B0 		.ascii	"\332\360\210\260\246\215zt\317\2025\216\003\322\177"
 1787      A68D7A74 
 1787      CF82358E 
 1787      03D27F
 1788 095b BF1FD63C 		.ascii	"\277\037\326<\240\352\333\255\262\306J\006\037\366\303"
 1788      A0EADBAD 
 1788      B2C64A06 
 1788      1FF6C3
 1789 096a 9A5FA9BE 		.ascii	"\232_\251\276G\026\254q\302\036[\260\246\337\224jP\207"
 1789      4716AC71 
 1789      C21E5BB0 
 1789      A6DF946A 
 1789      5087
 1790 097c 4C9AC740 		.ascii	"L\232\307@\032\247\336\2449x.q\213\232\222\006.\037"
 1790      1AA7DEA4 
 1790      39782E71 
 1790      8B9A9206 
 1790      2E1F
 1791 098e 359EAF53 		.ascii	"5\236\257S\254\216\236\310\3722\217\304F\212O\366o2"
 1791      AC8E9EC8 
 1791      FA328FC4 
 1791      468A4FF6 
 1791      6F32
 1792 09a0 6B3AADF5 		.ascii	"k:\255\365\221\243e\314O\373\2149}7a\3153\032\364sk"
 1792      91A365CC 
 1792      4FFB8C39 
 1792      7D3761CD 
 1792      331AF473 
ARM GAS  /tmp/ccACgBoh.s 			page 145


 1793 09b5 AC19884B 		.ascii	"\254\031\210K]2m^Xs\311\311\322\245\2276\\\"\264yE]"
 1793      5D326D5E 
 1793      5873C9C9 
 1793      D2A59736 
 1793      5C22B479 
 1794 09cb EAB6A08D 		.ascii	"\352\266\240\215\363\200\364\367\364C\033#G\324\207"
 1794      F380F4F7 
 1794      F4431B23 
 1794      47D487
 1795 09da 72D66863 		.ascii	"r\326hc%\205a\234m\332\204S}\021\2349m\006a\217-h\323"
 1795      2585619C 
 1795      6DDA8453 
 1795      7D119C39 
 1795      6D06618F 
 1796 09f1 7F4E3568 		.ascii	"\177N5h\025'\361&\222\303\274\031\324\2337\215\211\031"
 1796      1527F126 
 1796      92C3BC19 
 1796      D49B378D 
 1796      8919
 1797 0a03 F1226F60 		.ascii	"\361\"o`y\327\236S\266M1z\255\346$\205\267v\2675\261"
 1797      79D79E53 
 1797      B64D317A 
 1797      ADE62485 
 1797      B776B735 
 1798 0a18 B493A238 		.ascii	"\264\223\2428\2117\321\234\225Nr\266\014zM\237AgQ\336"
 1798      8937D19C 
 1798      954E72B6 
 1798      0C7A4D9F 
 1798      416751DE 
 1799 0a2c C4D0A8D7 		.ascii	"\304\320\250\327rVx3\020\227b9\2117\353\254\2714\310"
 1799      72567833 
 1799      10976239 
 1799      8937EBAC 
 1799      B934C8
 1800 0a3f CA0BB00D 		.ascii	"\312\013\260\015\227\010o\342\250K?r\346\274\031< \375"
 1800      97086FE2 
 1800      A84B3F72 
 1800      E6BC193C 
 1800      20FD
 1801 0a51 1BFAD44F 		.ascii	"\033\372\324Oy\263\221\252\337d\2257VR\270\271\037\336"
 1801      79B391AA 
 1801      DF649537 
 1801      5652B8B9 
 1801      1FDE
 1802 0a63 C4537D5B 		.ascii	"\304S}[,x\343\202=\266\340M\3779\325\240\004\2317\211"
 1802      2C78E382 
 1802      3DB6E04D 
 1802      FF39D5A0 
 1802      04993789 
 1803 0a77 C01B1706 		.ascii	"\300\033\027\006\2769s]a\3336#\362\321\031\353,\271"
 1803      BE39735D 
 1803      61DB3623 
 1803      F2D119EB 
 1803      2CB9
 1804 0a89 1B9B63BF 		.ascii	"\033\233c\277\305\364\365\006>R\203\005\000m\205\327"
 1804      C5F4F506 
 1804      3E528305 
ARM GAS  /tmp/ccACgBoh.s 			page 146


 1804      006D85D7 
 1805 0a99 B621F866 		.ascii	"\266!\370fN]X\204\303\264\275\260\363\224\372\275h1"
 1805      4E5D5884 
 1805      C3B4BDB0 
 1805      F394FABD 
 1805      6831
 1806 0aab 899B2B1A 		.ascii	"\211\233+\032\354\334\026\237\241\363\314#w3\021\330"
 1806      ECDC169F 
 1806      A1F3CC23 
 1806      773311D8 
 1807 0abb FD49B6BB 		.ascii	"\375I\266\273\215\363dn\241\210_*.!\223:\371\303\216"
 1807      8DF3646E 
 1807      A1885F2A 
 1807      2E21933A 
 1807      F9C38E
 1808 0ace 06E15765 		.ascii	"\006\341We\3528v\214\177\021\266\3552C\034\213a\215"
 1808      EA38768C 
 1808      7F11B6ED 
 1808      32431C8B 
 1808      618D
 1809 0ae0 C9052736 		.ascii	"\311\005'6s\200!\367T\335==\037\213>\207o\213L\332\227"
 1809      738021F7 
 1809      54DD3D3D 
 1809      1F8B3E87 
 1809      6F8B4CDA 
 1810 0af5 ABFCE474 		.ascii	"\253\374\344t\036\234\246\242(\031\254\204b\265s\261"
 1810      1E9CA6A2 
 1810      2819AC84 
 1810      62B573B1 
 1811 0b05 C081E807 		.ascii	"\300\201\350\007\331v\324\022\302\236\271\021]\352P"
 1811      D976D412 
 1811      C29EB911 
 1811      5DEA50
 1812 0b14 A3B19C93 		.ascii	"\243\261\234\223\023\220\275\325\201\202\206\232E\232"
 1812      1390BDD5 
 1812      8182869A 
 1812      459A
 1813 0b22 86E450E7 		.ascii	"\206\344P\347Y\0115\217\204\232*\207\272]\012\365&\022"
 1813      5909358F 
 1813      849A2A87 
 1813      BA5D0AF5 
 1813      2612
 1814 0b34 F52962D3 		.ascii	"\365)b\323\234<zo#\222c{rv?\007B\344\236\266\260t\323"
 1814      9C3C7A6F 
 1814      2392637B 
 1814      72763F07 
 1814      42E49EB6 
 1815 0b4b 6ED6D421 		.ascii	"n\326\324!\3111\242C\256f\016e\"\213\334o\275\333\266"
 1815      C931A243 
 1815      AE660E65 
 1815      228BDC6F 
 1815      BDDBB6
 1816 0b5e D11E3B14 		.ascii	"\321\036;\024\207o\347#x\216\322\344G;\035;\004\012"
 1816      876FE723 
 1816      788ED2E4 
 1816      473B1D3B 
 1816      040A
ARM GAS  /tmp/ccACgBoh.s 			page 147


 1817 0b70 4F7D4ED5 		.ascii	"O}N\325\0153\217\217\265\210O\251.\217\005u\031\262"
 1817      0D338F8F 
 1817      B5884FA9 
 1817      2E8F0575 
 1817      19B2
 1818 0b82 BA1D34BE 		.ascii	"\272\0354\276\0069>W\254R\014\317\256>yM<\011\017\021"
 1818      06393E57 
 1818      AC520CCF 
 1818      AE3E794D 
 1818      3C090F11 
 1819 0b96 8BD11C15 		.ascii	"\213\321\034\025\031nf\262\213\263i2S\007&3\345\221"
 1819      196E66B2 
 1819      8BB36932 
 1819      53072633 
 1819      E591
 1820 0ba8 208B9AAC 		.ascii	" \213\232\254\257\250R\311&\207\213&\355c\362\3267\021"
 1820      AFA852C9 
 1820      26878B26 
 1820      ED63F2D6 
 1820      3711
 1821 0bba 931CC95A 		.ascii	"\223\034\311Z\212\224\265\021\377I\326v\3126\263%\233"
 1821      8A94B511 
 1821      FF49D676 
 1821      CA36B325 
 1821      9B
 1822 0bcb 9D5793D5 		.ascii	"\235W\223\325b\342\260R\321\252\303\252+'~eL}\225ro"
 1822      62E2B052 
 1822      D1AAC3AA 
 1822      2B277E65 
 1822      4C7D9572 
 1823 0be0 2C951969 		.ascii	",\225\031if\265\303v\244\335\034\371\030![\315\221\254"
 1823      66B5C376 
 1823      A4DD1CF9 
 1823      18215BCD 
 1823      91AC
 1824 0bf2 1E13231D 		.ascii	"\036\023#\035\201U\2126u\217\272v\206K\017l\370\223"
 1824      81558A36 
 1824      758FBA76 
 1824      864B0F6C 
 1824      F893
 1825 0c04 C8D8FDA5 		.ascii	"\310\330\375\245J\362\327\340\247\377\022\376_\013\017"
 1825      4AF2D7E0 
 1825      A7FF12FE 
 1825      5F0B0F
 1826 0c13 01E514DA 		.ascii	"\001\345\024\332\015*\302\221\330G\304\323\354\2341"
 1826      0D2AC291 
 1826      D847C4D3 
 1826      EC9C31
 1827 0c22 B4799499 		.ascii	"\264y\224\231\247E\266=m%\236\346\312\236\346I\254\372"
 1827      A745B63D 
 1827      6D259EE6 
 1827      CA9EE649 
 1827      ACFA
 1828 0c34 3B55E766 		.ascii	";U\347f\246\256\225\265\231\356\016\302\252=\262\272"
 1828      A6AE95B5 
 1828      99EE0EC2 
 1828      AA3DB2BA 
ARM GAS  /tmp/ccACgBoh.s 			page 148


 1829 0c44 BD445D78 		.ascii	"\275D]xG\344s\025\325\007\337\226G\301\203CF\354\334"
 1829      47E47315 
 1829      D507DF96 
 1829      47C18343 
 1829      46ECDC
 1830 0c57 FDB91C6D 		.ascii	"\375\271\034m\037Mo\205\213cc\264\2066\257\302m\243"
 1830      1F4D6F85 
 1830      8B6363B4 
 1830      8636AFC2 
 1830      6DA3
 1831 0c69 69843931 		.ascii	"i\20491\243h\333kf.uZ\272\244|\220\323\310\370\360\263"
 1831      A368DB6B 
 1831      662E755A 
 1831      BAA47C90 
 1831      D3C8F8F0 
 1832 0c7e FC20E7CB 		.ascii	"\374 \347\313D\227\364\201\031\2613\034\013K/\035aD"
 1832      4497F481 
 1832      19B1331C 
 1832      0B4B2F1D 
 1832      6144
 1833 0c90 A6872747 		.ascii	"\246\207'G\"*\022\211Lbk9'\271\307x\33028\345\001B\377"
 1833      222A1289 
 1833      4C626B39 
 1833      27B9C778 
 1833      D83238E5 
 1834 0ca7 C138BA4F 		.ascii	"\3018\272O\366\251\000\306\357\371\014\323\211\346\203"
 1834      F6A900C6 
 1834      EFF90CD3 
 1834      89E683
 1835 0cb6 31C70DDF 		.ascii	"1\307\015\337\300\340\242c\2611\3470i8c\305\2611[G9"
 1835      C0E0A263 
 1835      B131E730 
 1835      693863C5 
 1835      B1315B47 
 1836 0ccb 148565E6 		.ascii	"\024\205e\346\311\303\036\234c1\362\304s\302\264\017"
 1836      C9C31E9C 
 1836      6331F2C4 
 1836      73C2B40F 
 1837 0cdb A9D03C6C 		.ascii	"\251\320<l\271cuR\031G\207I\015\332O\007\255N4\017\306"
 1837      B9637552 
 1837      19478749 
 1837      0DDA4F07 
 1837      AD4E340F 
 1838 0cf0 5155873D 		.ascii	"QU\207=(r\256\371\032\253\200\203/\345\012\366\347\345"
 1838      2872AEF9 
 1838      1AAB8083 
 1838      2FE50AF6 
 1838      E7E5
 1839 0d02 38D1517D 		.ascii	"8\321Q}\2149\247,\2379et\255$\272\003rt\007)\011\266"
 1839      8C39A72C 
 1839      9F396574 
 1839      AD24BA03 
 1839      72740729 
 1840 0d18 4546ABA8 		.ascii	"EF\253\250\2760\354\371\230$n\016q\334\345\2054a\321"
 1840      BE30ECF9 
 1840      98246E0E 
 1840      71DCE585 
ARM GAS  /tmp/ccACgBoh.s 			page 149


 1840      3461D1
 1841 0d2b 00CFFEFC 		.ascii	"\000\317\376\374\234\243b\3210\314\323\000;\321l,\317"
 1841      9CA362D1 
 1841      30CCD300 
 1841      3BD16C2C 
 1841      CF
 1842 0d3c 33801D7C 		.ascii	"3\200\035|\355\336Q\310\314\220\347\251\017\263\220"
 1842      EDDE51C8 
 1842      CC90E7A9 
 1842      0FB390
 1843 0d4b 14F19D8A 		.ascii	"\024\361\235\212\326:{\212\203\251\341y\373\216:1f-"
 1843      D63A7B8A 
 1843      83A9E179 
 1843      FB8E3A31 
 1843      662D
 1844 0d5d 3A24C53C 		.ascii	":$\305<\007\322\312^kn\306\277g\273\340\206\271\244"
 1844      07D2CA5E 
 1844      6B6EC6BF 
 1844      67BBE086 
 1844      B9A4
 1845 0d6f 616BCB69 		.ascii	"ak\313i\026\314\271\324\214\305z\207\366H\273\266\330"
 1845      16CCB9D4 
 1845      8CC57A87 
 1845      F648BBB6 
 1845      D8
 1846 0d80 9F9791B1 		.ascii	"\237\227\221\261\007]\351<=6\211\033\2175\037\251\330"
 1846      075DE93C 
 1846      3D36891B 
 1846      8F351FA9 
 1846      D8
 1847 0d91 504B5EFE 		.ascii	"PK^\376t\310\036\025r\342\366\015\314\251f\313\004q"
 1847      74C81E15 
 1847      72E2F60D 
 1847      CCA966CB 
 1847      0471
 1848 0da3 FBA68893 		.ascii	"\373\246\210\223\267oN<i\257\342\204\034q'\306\003\000"
 1848      B76F4E3C 
 1848      69AFE284 
 1848      1C7127C6 
 1848      0300
 1849 0db5 0FA213CB 		.ascii	"\017\242\023\313U\362N\014f\262'*\346\004\242\016\225"
 1849      55F24E0C 
 1849      66B2272A 
 1849      E604A20E 
 1849      95
 1850 0dc6 D0A5C7A9 		.ascii	"\320\245\307\251\252\3428^\330\253\334\277\351XUe\264"
 1850      AAE2385E 
 1850      D8ABDCBF 
 1850      E9585565 
 1850      B4
 1851 0dd7 9350DD2C 		.ascii	"\223P\335,\354\337\224J\2502\362 \215\245\3737G\033"
 1851      ECDF944A 
 1851      A832F220 
 1851      8DA5FB37 
 1851      471B
 1852 0de9 C882423C 		.ascii	"\310\202B<.r\273\243\245\301a\306Ac\024N*\226<\314\315"
 1852      2E72BBA3 
ARM GAS  /tmp/ccACgBoh.s 			page 150


 1852      A5C161C6 
 1852      4163144E 
 1852      2A963CCC 
 1853 0dfe 201BD387 		.ascii	" \033\323\207\367\330\332\230.\347\224\033\323e\333"
 1853      F7D8DA98 
 1853      2EE7941B 
 1853      D365DB
 1854 0e0d 2F873B0B 		.ascii	"/\207;\013\207Dg\336\002\314\317\033j7\313\316\300p"
 1854      874467DE 
 1854      02CCCF1B 
 1854      6A37CBCE 
 1854      C070
 1855 0e1f 330D1DE1 		.ascii	"3\015\035\341\304\315\244\243\234\2643\275\325\370\344"
 1855      C4CDA4A3 
 1855      9CB433BD 
 1855      D5F8E4
 1856 0e2e D53B3676 		.ascii	"\325;6v\271*Li\332\024\373\264Q#\234f\025[\271\221\017"
 1856      B92A4C69 
 1856      DA14FBB4 
 1856      51239C66 
 1856      155BB991 
 1857 0e43 9A2AD5BD 		.ascii	"\232*\325\275\267r\217I6*i\232\266UVV!\341\022\253\330"
 1857      B7728F49 
 1857      362A699A 
 1857      B6555656 
 1857      21E112AB 
 1858 0e58 D0CE282D 		.ascii	"\320\316(-M\226\267\271\3628\330\320>.\241NP\224\374"
 1858      4D96B7B9 
 1858      F238D8D0 
 1858      3E2EA14E 
 1858      5094FC
 1859 0e6b 8D598758 		.ascii	"\215Y\207Xt\222sC\223\335\320D\030\364\214\231k[8\241"
 1859      74927343 
 1859      93DDD044 
 1859      18F48C99 
 1859      6B5B38A1 
 1860 0e7f 49B987B8 		.ascii	"I\271\207\2706\346X\217\275\244\256l(\354!\236\222\324"
 1860      36E6588F 
 1860      BDA4AE6C 
 1860      28EC219E 
 1860      92D4
 1861 0e91 9DE6A43D 		.ascii	"\235\346\244=\321m\306'\335\266\002=c\0124\353j\306"
 1861      D16DC627 
 1861      DDB6023D 
 1861      630A34EB 
 1861      6AC6
 1862 0ea3 2A9DD0C6 		.ascii	"*\235\320\306*\366]w\024f\230\\\206@_GU\222\215\263"
 1862      2AF65D77 
 1862      1466985C 
 1862      86405F47 
 1862      55928DB3 
 1863 0eb7 E25234F4 		.ascii	"\342R4\364\325J\3417\0214\035@\367\342\237\347\313\331"
 1863      D54AE137 
 1863      11341D40 
 1863      F7E29FE7 
 1863      CBD9
 1864 0ec9 C9C7C1BC 		.ascii	"\311\307\301\274\215\252%\3209X\226Nr\203\237\001\305"
ARM GAS  /tmp/ccACgBoh.s 			page 151


 1864      8DAA25D0 
 1864      3958964E 
 1864      72839F01 
 1864      C5
 1865 0eda D5E10A71 		.ascii	"\325\341\012q\235\227\340\027D\370d7\032\335VcA\217"
 1865      9D97E017 
 1865      44F86437 
 1865      1ADD5663 
 1865      418F
 1866 0eec ADE86A4C 		.ascii	"\255\350jL\321\325\234x\274\307Y\330\310QK\357\000\340"
 1866      D1D59C78 
 1866      BCC759D8 
 1866      C8514BEF 
 1866      00E0
 1867 0efe E6A12BFB 		.ascii	"\346\241+\373t\312\350\336E\027%K\227\006\326\215\007"
 1867      74CAE8DE 
 1867      4517254B 
 1867      9706D68D 
 1867      07
 1868 0f0f 48375E96 		.ascii	"H7^\226P\265\024%\277$\351\360\020w\205\203X\2417\361"
 1868      50B51425 
 1868      BF24E9F0 
 1868      10778583 
 1868      58A137F1 
 1869 0f23 9DDDB7AB 		.ascii	"\235\335\267\253#\355\204\024N\361\364\304G\354\317"
 1869      23ED8414 
 1869      4EF1F4C4 
 1869      47ECCF
 1870 0f32 93B74C33 		.ascii	"\223\267L3]\341\351\251\223\364]\225\373\021\023\326"
 1870      5DE1E9A9 
 1870      93F45D95 
 1870      FB1113D6 
 1871 0f42 66A4D74C 		.ascii	"f\244\327L\221^\216=s\234\025\2628\205\317U%\325\365"
 1871      915E8E3D 
 1871      739C15B2 
 1871      3885CF55 
 1871      25D5F5
 1872 0f55 BDF6EA87 		.ascii	"\275\366\352\207\243\353\222\215\372\337\023\351\015"
 1872      A3EB928D 
 1872      FADF13E9 
 1872      0D
 1873 0f62 09D54051 		.ascii	"\011\325@Q\362\201#\035\036\330~\341H\230\264g\373\213"
 1873      F281231D 
 1873      1ED87EE1 
 1873      4898B467 
 1873      FB8B
 1874 0f74 F4C05088 		.ascii	"\364\300P\210\264Q\322\327\304\231v\361\323\013l\355"
 1874      B451D2D7 
 1874      C49976F1 
 1874      D30B6CED 
 1875 0f84 E2379B22 		.ascii	"\3427\233\"\255\333x\347\270J(P\366\351\231\275\027"
 1875      ADDB78E7 
 1875      B84A2850 
 1875      F6E999BD 
 1875      17
 1876 0f95 AF9BF569 		.ascii	"\257\233\365i\213d\343&7\240]"
 1876      8B64E326 
ARM GAS  /tmp/ccACgBoh.s 			page 152


 1876      37A05D
 1877 0fa0 FC7CB28B 		.ascii	"\374|\262\213\177KB\265RT\177LMs\002\246\336\226Pw\224"
 1877      7F4B42B5 
 1877      52547F4C 
 1877      4D7302A6 
 1877      DE965077 
 1878 0fb5 3D77EC5D 		.ascii	"=w\354]\033\361\3345\305\223\323\364\362W^(\347\024"
 1878      1BF1DC35 
 1878      C593D3F4 
 1878      F2575E28 
 1878      E714
 1879 0fc7 434D75CA 		.ascii	"CMu\312\243(U\357\241\246M\262q\217z\266~oI1\022N+\373"
 1879      A32855EF 
 1879      A1A64DB2 
 1879      718F7AB6 
 1879      7E6F4931 
 1880 0fdf BBEB6E59 		.ascii	"\273\353nY\223}\357\241\346\276\204z@Q7#\326O\026\256"
 1880      937DEFA1 
 1880      E6BE847A 
 1880      40513723 
 1880      D64F16AE 
 1881 0ff3 708AC17F 		.ascii	"p\212\301\177Wlr\202<r\356\322\301"
 1881      576C7282 
 1881      3C72EED2 
 1881      C1
 1882 1000 E0DF2E81 		.ascii	"\340\337.\201\036RP\313\271\224Hq\266\261C\277\322\361"
 1882      1E5250CB 
 1882      B9944871 
 1882      B6B143BF 
 1882      D2F1
 1883 1012 6992F82C 		.ascii	"i\222\370,&\030\013*m\305\371H1\36346o\324\011\365\312"
 1883      26180B2A 
 1883      6DC5F948 
 1883      31F33436 
 1883      6FD409F5 
 1884 1027 387B5E6E 		.ascii	"8{^n\324\367\016\263C\262\375\230\332\016\275QU\250"
 1884      D4F70EB3 
 1884      43B2FD98 
 1884      DA0EBD51 
 1884      55A8
 1885 1039 115A3945 		.ascii	"\021Z9E\007<?\262\343\011\253\014s\034z\"\241~\243\250"
 1885      073C3FB2 
 1885      E309AB0C 
 1885      731C7A22 
 1885      A17EA3A8 
 1886 104d E8DAE670 		.ascii	"\350\332\346p\265\360P\231\234}q\265\235\362A\217.\222"
 1886      B5F05099 
 1886      9C7D71B5 
 1886      9DF2418F 
 1886      2E92
 1887 105f 9C4E09F5 		.ascii	"\234N\011\365TL\316\211\222]\274\360R\351`I]\267iTk"
 1887      544CCE89 
 1887      925DBCF0 
 1887      52E96049 
 1887      5DB76954 
 1888 1074 D68187CF 		.ascii	"\326\201\207\317$\324s\271\263#S\367\355\2675}u\365"
 1888      24D473B9 
ARM GAS  /tmp/ccACgBoh.s 			page 153


 1888      B32353F7 
 1888      EDB7357D 
 1888      75F5
 1889 1086 9ABE727B 		.ascii	"\232\276r{Z2\234\205H\236\232y\0170u\355\353\216\351"
 1889      5A329C85 
 1889      489E9A79 
 1889      0F3075ED 
 1889      EB8EE9
 1890 1099 94D3D7FB 		.ascii	"\224\323\327\373\350\205d\346\245<}E\244\036\336\257"
 1890      E88564E6 
 1890      A53C7D45 
 1890      A41EDEAF 
 1891 10a9 82939DE6 		.ascii	"\202\223\235\346ff$\222\263\253\257\300\014\276u\275"
 1891      66662492 
 1891      B3ABAFC0 
 1891      0CBE75BD 
 1892 10b9 A1228738 		.ascii	"\241\"\2078\015\207\201S\270\231pL\220\300P7\321\365"
 1892      0D878153 
 1892      B899704C 
 1892      90C05037 
 1892      D1F5
 1893 10cb 015D5A15 		.ascii	"\001]Z\025\236u\201\326$N\2171\033\022\332\275\351\322"
 1893      9E7581D6 
 1893      244E8F31 
 1893      1B12DABD 
 1893      E9D2
 1894 10dd 490FFD8C 		.ascii	"I\017\375\214\021\011\240\223A=\322\302)\366\212+\025"
 1894      1109A093 
 1894      413DD2C2 
 1894      29F68A2B 
 1894      15
 1895 10ee 1728624B 		.ascii	"\027(bK\224\261CGYq\337\011\031y7\252\265H\322\372z"
 1895      94B14347 
 1895      5971DF09 
 1895      197937AA 
 1895      B548D2FA 
 1896 1103 1F5A79D0 		.ascii	"\037Zy\320\032\312\233k\375\003F`V\021%v\264i\\\037"
 1896      1ACA9B6B 
 1896      FD034660 
 1896      56112576 
 1896      B4695C1F 
 1897 1117 1A54A021 		.ascii	"\032T\240!\214\247/\011wK\036\210\006\335\373\020\247"
 1897      8CA72F09 
 1897      774B1E88 
 1897      06DDFB10 
 1897      A7
 1898 1128 474478B2 		.ascii	"GDx\262\342\276Sq\374\236\275(\216G,\272\"\033\217\227"
 1898      E2BE5371 
 1898      FC9EBD28 
 1898      8E472CBA 
 1898      221B8F97 
 1899 113c 75436019 		.ascii	"uC`\031\350\332S\235mGV]t1w\357\231Z\222\235$\275f\017"
 1899      E8DA539D 
 1899      6D47565D 
 1899      743177EF 
 1899      995A929D 
 1900 1154 6BB9B951 		.ascii	"k\271\271QmZ\360\335\034+I\234\224\337\304\207\247?"
ARM GAS  /tmp/ccACgBoh.s 			page 154


 1900      6D5AF0DD 
 1900      1C2B499C 
 1900      94DFC487 
 1900      A73F
 1901 1166 5B4D56C1 		.ascii	"[MV\301\034\021y2I\022\231,I\214(\337t\205\274\216\253"
 1901      1C117932 
 1901      4912992C 
 1901      498C28DF 
 1901      7485BC8E 
 1902 117b 88C44B0F 		.ascii	"\210\304K\017S\004\362\241f\035\342Q\004/!F\306\227"
 1902      5304F2A1 
 1902      661DE251 
 1902      042F2146 
 1902      C697
 1903 118d 359375A6 		.ascii	"5\223u\246\206|\000x\362\201\011!\357\004\350\220\012"
 1903      867C0078 
 1903      F2810921 
 1903      EF04E890 
 1903      0A
 1904 119e AD121131 		.ascii	"\255\022\0211\334\250\243\245tIk\277\226s\223\226\223"
 1904      DCA8A3A5 
 1904      74496BBF 
 1904      96739396 
 1904      93
 1905 11af 1C993DEB 		.ascii	"\034\231=\353\377\313\032\213\304'6\2227\255\015\342"
 1905      FFCB1A8B 
 1905      C4273692 
 1905      37AD0DE2 
 1906 11bf D746A885 		.ascii	"\327F\250\205D\221\251\037\222\265\342\325\003\351\362"
 1906      4491A91F 
 1906      92B5E2D5 
 1906      03E9F2
 1907 11ce 18036BC5 		.ascii	"\030\003k\305Yh5/PvE\361\3441zu0\277\205\025RD\324G"
 1907      5968352F 
 1907      507645F1 
 1907      E4317A75 
 1907      30BF8515 
 1908 11e6 806A4EC8 		.ascii	"\200jN\310J\224\007\031x\031\372\030EK\2505<\254\025"
 1908      4A940719 
 1908      7819FA18 
 1908      454BA835 
 1908      3CAC15
 1909 11f9 05C28071 		.ascii	"\005\302\200qI\334\202\024\351e\2534\027\321 \337\350"
 1909      49DC8214 
 1909      E965AB34 
 1909      17D120DF 
 1909      E8
 1910 120a A363E1D0 		.ascii	"\243c\341\3208\212\021y rfB\037\262p\344\034\255\355"
 1910      388A1179 
 1910      20726642 
 1910      1FB270E4 
 1910      1CADED
 1911 121d 2DFB661F 		.ascii	"-\373f\037\262v \033\213e\357\243D\374:\323w\252\326"
 1911      B276201B 
 1911      8B65EFA3 
 1911      44FC3AD3 
 1911      77AAD6
ARM GAS  /tmp/ccACgBoh.s 			page 155


 1912 1230 9952F553 		.ascii	"\231R\365SE\315\025V(P\246*\355z\353M]\357T\255\227"
 1912      45CD1556 
 1912      2850A62A 
 1912      ED7AEB4D 
 1912      5DEF54AD 
 1913 1245 828EA3A9 		.ascii	"\202\216\243\251\212\273\336|\327Y(\342\025g\251\302"
 1913      8ABBDE7C 
 1913      D75928E2 
 1913      1567A9C2 
 1914 1255 0ED7EED6 		.ascii	"\016\327\356\326*S5\001\375(\2416\220T\275\201\243\304"
 1914      2A533501 
 1914      FD28A136 
 1914      9054BD81 
 1914      A3C4
 1915 1267 CE9B16D7 		.ascii	"\316\233\026\327p\326\273\322bq\255b\320F~\006\231Z"
 1915      70D6BBD2 
 1915      6271AD62 
 1915      D0467E06 
 1915      995A
 1916 1279 730ED89A 		.ascii	"s\016\330\232Z7\231\242\330\371cO\270N8-\3723\033\000"
 1916      5A3799A2 
 1916      D8F9634F 
 1916      B84E382D 
 1916      FA331B00 
 1917 128d A9B7F624 		.ascii	"\251\267\366$9(\307\3509h3/\016M\3614\212\216\310\007"
 1917      3928C7E8 
 1917      3968332F 
 1917      0E4DF134 
 1917      8A8EC807 
 1918 12a1 512AA159 		.ascii	"Q*\241YD\315\005\324\253[k\262\034\345(\360\2709\017"
 1918      44CD05D4 
 1918      AB5B6BB2 
 1918      1CE528F0 
 1918      B8390F
 1919 12b4 6D915009 		.ascii	"m\221P\011\024U\266\366\374\031\216\036BC(\221w\223"
 1919      1455B6F6 
 1919      FC198E1E 
 1919      42432891 
 1919      7793
 1920 12c6 4FBF9D89 		.ascii	"O\277\235\211\375\201\236V\233h\346\257\365\363n[y\371"
 1920      FD819E56 
 1920      9B68E6AF 
 1920      F5F36E5B 
 1920      79F9
 1921 12d8 BCDB4F3C 		.ascii	"\274\333O<=\357\266M:\3576\211*\371\351h\352-\0155u"
 1921      3DEFB64D 
 1921      3AEF3689 
 1921      2AF9E968 
 1921      EA2D0D35 
 1922 12ed 386216DA 		.ascii	"8b\026\332F\306*\323\251\270\311X\220\034\202\303\215"
 1922      46C62AD3 
 1922      A9B8C958 
 1922      901C82C3 
 1922      8D
 1923 12fe 7B2367D0 		.ascii	"{#g\320\306)\270\035\226\015\251Y{U\024:\015%\361nd"
 1923      C629B81D 
 1923      960DA959 
ARM GAS  /tmp/ccACgBoh.s 			page 156


 1923      7B55143A 
 1923      0D25F16E 
 1924 1313 CAE36D64 		.ascii	"\312\343md3Y\361\370\034\253\253w\022\356\212y\231\017"
 1924      3359F1F8 
 1924      1CABAB77 
 1924      12EE8A79 
 1924      990F
 1925 1325 80AC9B61 		.ascii	"\200\254\233a\257\354\224\331\\\200R\244\274\244\322"
 1925      AFEC94D9 
 1925      5C8052A4 
 1925      BCA4D2
 1926 1334 BCD46F3A 		.ascii	"\274\324o:\214W\364a*\005\252\275\243\273\330Y^,\352"
 1926      8C57F461 
 1926      2A05AABD 
 1926      A3BBD859 
 1926      5E2CEA
 1927 1347 00B55D42 		.ascii	"\000\265]B\245A\370\3301\3541d\360\036\012k~xy\373S"
 1927      A541F8D8 
 1927      31EC3164 
 1927      F01E0A6B 
 1927      7E7879FB 
 1928 135c B72DCA3F 		.ascii	"\267-\312?D\340\031\263\277LP\2317\250{5\300\321o\351"
 1928      44E019B3 
 1928      BF4C5099 
 1928      37A87B35 
 1928      C0D16FE9 
 1929 1370 749DDC1A 		.ascii	"t\235\334\032\001OIcL\265#fV&\257N\024\217uH:P\026\257"
 1929      014F4963 
 1929      4CB52366 
 1929      5626AF4E 
 1929      148F7548 
 1930 1388 463B78B5 		.ascii	"F;x\265\005\"\247\001\345\3712h'@T\275!\331\030\222"
 1930      0522A701 
 1930      E5F93268 
 1930      274054BD 
 1930      21D91892 
 1931 139c C19BE9D9 		.ascii	"\301\233\351\331\205\033\323\241\021\345\340\032\203"
 1931      851BD3A1 
 1931      11E5E01A 
 1931      83
 1932 13a9 981ED8E0 		.ascii	"\230\036\330\3404\356\270s\202\374u\307x\004\337\356"
 1932      34EEB873 
 1932      82FC75C7 
 1932      7804DFEE 
 1933 13b9 D352F29F 		.ascii	"\323R\362\237\331\013qj\232\245O@AnK\261Q\313C\037\344"
 1933      D90B716A 
 1933      9AA54F40 
 1933      416E4BB1 
 1933      51CB431F 
 1934 13ce F2025159 		.ascii	"\362\002QY\271\366\306)\015nAy<\217v\303\310\210\366"
 1934      B9F6C629 
 1934      0D6E4179 
 1934      3C8F76C3 
 1934      C888F6
 1935 13e1 F0F0A722 		.ascii	"\360\360\247\";\313*n\351\204\215j\345\353l^\376e\007"
 1935      3BCB2A6E 
 1935      E9848D6A 
ARM GAS  /tmp/ccACgBoh.s 			page 157


 1935      E5EB6C5E 
 1935      FE6507
 1936 13f4 82DE0B68 		.ascii	"\202\336\013h\3643\317\343\276\016o|p\253)\217\003\237"
 1936      F433CFE3 
 1936      BE0E6F7C 
 1936      70AB298F 
 1936      039F
 1937 1406 CCFBFB8F 		.ascii	"\314\373\373\217\211\370\275\036\007\300\240|\350\362"
 1937      89F8BD1E 
 1937      07C0A07C 
 1937      E8F2
 1938 1414 14EE5398 		.ascii	"\024\356S\230\242\033\263\033\232rX\010\326\\\376\263"
 1938      A21BB31B 
 1938      9A725808 
 1938      D65CFEB3 
 1939 1424 444E0B39 		.ascii	"DN\0139b\320>\236\316\3237\316o\317e\305y\232\3445\205"
 1939      62D03E9E 
 1939      CED337CE 
 1939      6FCF65C5 
 1939      799AE435 
 1940 1439 FB13641E 		.ascii	"\373\023d\036\262\313\240\002\036\346\352\317\211\023"
 1940      B2CBA002 
 1940      1EE6EACF 
 1940      8913
 1941 1447 390DA179 		.ascii	"9\015\241y\243\254)\305N\330Q\245\373%'`\200{\036v\340"
 1941      A3AC29C5 
 1941      4ED851A5 
 1941      FB252760 
 1941      807B1E76 
 1942 145c BA0AD424 		.ascii	"\272\012\324$qSay\374\250}\023/\217r\013\301F\002\354"
 1942      71536179 
 1942      FCA87D13 
 1942      2F8F720B 
 1942      C14602EC 
 1943 1470 9933E800 		.ascii	"\2313\350\000\235\207\017E\026\276E\305=DD\335\321."
 1943      9D870F45 
 1943      16BE45C5 
 1943      3D4444DD 
 1943      D12E
 1944 1482 926D6764 		.ascii	"\222mgd,\277\321~\204E\007\351\004\377r\365\253\253"
 1944      2CBFD17E 
 1944      844507E9 
 1944      04FF72F5 
 1944      ABAB
 1945 1494 AE54D413 		.ascii	"\256T\324\023K\003\370|d\322\365l\035m{+\011\316\342"
 1945      4B03F87C 
 1945      64D2F56C 
 1945      1D6D7B2B 
 1945      09CEE2
 1946 14a7 48CF57E2 		.ascii	"H\317W\342{\264u\032\276\201\225\036\214\351\254\320"
 1946      7BB4751A 
 1946      BE81951E 
 1946      8CE9ACD0 
 1947 14b7 8A4A4F56 		.ascii	"\212JOV\0278\242C\026:\247ca\2523W\326\3716u)sOz\263"
 1947      1738A243 
 1947      163AA763 
 1947      61AA3357 
ARM GAS  /tmp/ccACgBoh.s 			page 158


 1947      D6F93675 
 1948 14d0 03A0178A 		.ascii	"\003\240\027\212\350B\311L\266h\346\035,\213\005\243"
 1948      E842C94C 
 1948      B668E61D 
 1948      2C8B05A3 
 1949 14e0 623A6355 		.ascii	"b:cU\242\340\272\352\321\250\310\302\312\273X\226Z)"
 1949      A2E0BAEA 
 1949      D1A8C8C2 
 1949      CABB5896 
 1949      5A29
 1950 14f2 95ADBC07 		.ascii	"\225\255\274\007\236\027I*O\211*\337\3077\260\312\266"
 1950      9E17492A 
 1950      4F892ADF 
 1950      C737B0CA 
 1950      B6
 1951 1503 B2D05235 		.ascii	"\262\320R5U\011\007f\213-4\316\300\242T\343\331\353"
 1951      55090766 
 1951      8B2D34CE 
 1951      C0A254E3 
 1951      D9EB
 1952 1515 B9A2C699 		.ascii	"\271\242\306\231\240\261X\322xU\324\370\001\276\201"
 1952      A0B158D2 
 1952      7855D4F8 
 1952      01BE81
 1953 1524 35EE295A 		.ascii	"5\356)ZW\254\241\032\357hP\211\205\302\017\223\3102"
 1953      57ACA11A 
 1953      EF685089 
 1953      85C20F93 
 1953      C832
 1954 1536 0D2BBC71 		.ascii	"\015+\274q=\333\211\266\315\002\205\226\242\037\341"
 1954      3DDB89B6 
 1954      CD028596 
 1954      A21FE1
 1955 1545 3BE49D9F 		.ascii	";\344\235\237'\304\261>,\225\232\206\245\325\317C\343"
 1955      27C4B13E 
 1955      2C959A86 
 1955      A5D5CF43 
 1955      E3
 1956 1556 91704224 		.ascii	"\221pB$\277\027\231t\322J\037\366\232\252\276@ex\200"
 1956      BF179974 
 1956      D24A1FF6 
 1956      9AAABE40 
 1956      657880
 1957 1569 213C3C4C 		.ascii	"!<<L\207\245\332\216\246\327\204V\021\264\010@\207\312"
 1957      87A5DA8E 
 1957      A6D78456 
 1957      11B40840 
 1957      87CA
 1958 157b C39AE597 		.ascii	"\303\232\345\227\224V<*\375\031\225K\240#d\246\362$"
 1958      94563C2A 
 1958      FD19954B 
 1958      A02364A6 
 1958      F224
 1959 158d 1DFA2E49 		.ascii	"\035\372.I\017\016\350#\323\224\205\205\200\205fS\226"
 1959      0F0EE823 
 1959      D3948585 
 1959      80856653 
ARM GAS  /tmp/ccACgBoh.s 			page 159


 1959      96
 1960 159e 3D838EF2 		.ascii	"=\203\216\362\364{\320\276\203\266\026\324\025\274r"
 1960      F47BD0BE 
 1960      83B616D4 
 1960      15BC72
 1961 15ad 41DD9D92 		.ascii	"A\335\235\222\260\336^\010\327(\026\034\027\317vd\364"
 1961      B0DE5E08 
 1961      D728161C 
 1961      17CF7664 
 1961      F4
 1962 15be 3AA0FD31 		.ascii	":\240\3751:&\215\230\225<]P\223E\306\003?:\334\177\274"
 1962      3A268D98 
 1962      953C5D50 
 1962      9345C603 
 1962      3F3ADC7F 
 1963 15d3 45B169F4 		.ascii	"E\261i\364\027\213\323\300\177I\347\006\233O=\213\321"
 1963      178BD3C0 
 1963      7F49E706 
 1963      9B4F3D8B 
 1963      D1
 1964 15e4 09187B8F 		.ascii	"\011\030{\217\363t\273\255hC\324^\265\374\220i\320I"
 1964      F374BBAD 
 1964      6843D45E 
 1964      B5FC9069 
 1964      D049
 1965 15f6 3C1925C0 		.ascii	"<\031%\300\231\000\006\235\"k\011\233\007\254O\233\372"
 1965      9900069D 
 1965      226B099B 
 1965      07AC4F9B 
 1965      FA
 1966 1607 A7F06457 		.ascii	"\247\360dW\021/$h\024\213\202\320\302_\343{\275\311"
 1966      112F2468 
 1966      148B82D0 
 1966      C25FE37B 
 1966      BDC9
 1967 1619 4F4067A4 		.ascii	"O@g\244p\252h\377\344\\\277\231\217\204\235\032\305"
 1967      70AA68FF 
 1967      E45CBF99 
 1967      8F849D1A 
 1967      C5
 1968 162a FBED8BAA 		.ascii	"\373\355\213\252\007\253\345i\243\231\274\337\236\225"
 1968      07ABE569 
 1968      A399BCDF 
 1968      9E95
 1969 1638 50D5A483 		.ascii	"P\325\244\203>\226\336_^\224\330J\367\271^\351\226\323"
 1969      3E96DE5F 
 1969      5E94D84A 
 1969      F7B95EE9 
 1969      96D3
 1970 164a B404FEF0 		.ascii	"\264\004\376\360\004&\356\241L;\012K\335>K\2341\360"
 1970      0426EEA1 
 1970      4C3B0A4B 
 1970      DD3E4B9C 
 1970      31F0
 1971 165c 927A01C8 		.ascii	"\222z\001\310]<\364\212\023vk\024\203\354\256\324\332"
 1971      5D3CF48A 
 1971      13766B14 
ARM GAS  /tmp/ccACgBoh.s 			page 160


 1971      83ECAED4 
 1971      DA
 1972 166d 1DF2B780 		.ascii	"\035\362\267\200\307\373s`\307l\"\272@\006\334\032l"
 1972      C7FB7360 
 1972      C76C22BA 
 1972      4006DC1A 
 1972      6C
 1973 167e C4754300 		.ascii	"\304uC\000\226J\337\233\032\311\013\005J\340\325S\261"
 1973      964ADF9B 
 1973      1AC90B05 
 1973      4AE0D553 
 1973      B1
 1974 168f 4DF24789 		.ascii	"M\362G\211|rX\374\"A]\302\250\241[\363&\301\313\344"
 1974      7C7258FC 
 1974      22415DC2 
 1974      A8A15BF3 
 1974      26C1CBE4 
 1975 16a3 899C5C67 		.ascii	"\211\234\\g\241D\243xU\254\332Y\363De\262\327\006\366"
 1975      A144A378 
 1975      55ACDA59 
 1975      F34465B2 
 1975      D706F6
 1976 16b6 C6A1CB04 		.ascii	"\306\241\313\004Y\213\221\3036\374\200\245\216\334>"
 1976      598B91C3 
 1976      36FC80A5 
 1976      8EDC3E
 1977 16c5 5780844A 		.ascii	"W\200\204J\215\342\023\330\336\215'\262\344\367\276"
 1977      8DE213D8 
 1977      DE8D27B2 
 1977      E4F7BE
 1978 16d4 5DAEF009 		.ascii	"]\256\360\011\354\012A\325a\324\360\232=\220\361=\247"
 1978      EC0A41D5 
 1978      61D4F09A 
 1978      3D90F13D 
 1978      A7
 1979 16e5 8C67D5C2 		.ascii	"\214g\325\302y\215\342u\361X\323\366\273\246\217`\303"
 1979      798DE275 
 1979      F158D3F6 
 1979      BBA68F60 
 1979      C3
 1980 16f6 E175F12A 		.ascii	"\341u\361*\201]\303\260\021\035\207\001\266\371II\272"
 1980      815DC3B0 
 1980      111D8701 
 1980      B6F94949 
 1980      BA
 1981 1707 83704D09 		.ascii	"\203pM\011{\231\037\336(\277\321\246\215\001\330u\002"
 1981      7B991FDE 
 1981      28BFD1A6 
 1981      8D01D875 
 1981      02
 1982 1718 ABC7B051 		.ascii	"\253\307\260Q5\017\001Vx6)\302Q\270\251L\312\276\350"
 1982      350F0156 
 1982      783629C2 
 1982      51B8A94C 
 1982      CABEE8
 1983 172b 8B71A62F 		.ascii	"\213q\246/+\257ARn\020X\003\206\215\3040\374\026\200"
 1983      2BAF4152 
ARM GAS  /tmp/ccACgBoh.s 			page 161


 1983      6E105803 
 1983      868DC430 
 1983      FC1680
 1984 173e C8CA3FAC 		.ascii	"\310\312?\254\034\272e\364\324\251\036\370\307' \320"
 1984      1CBA65F4 
 1984      D4A91EF8 
 1984      C72720D0 
 1985 174e E01114E8 		.ascii	"\340\021\024\350\343\341\035\020\364U\320\312\240`\203"
 1985      E3E11D10 
 1985      F455D0CA 
 1985      A06083
 1986 175d DF541F46 		.ascii	"\337T\037F\035\024\034h\360\366\263\0132\254\360\016"
 1986      1D141C68 
 1986      F0F6B30B 
 1986      32ACF00E 
 1987 176d F40E0E08 		.ascii	"\364\016\016\010d\227\006s\201\336~Z\374\377\253 \337"
 1987      64970673 
 1987      81DE7E5A 
 1987      FCFFAB20 
 1987      DF
 1988 177e EF0DC817 		.ascii	"\357\015\310\027\375S\027\360\255!p\271\367\212\257"
 1988      FD5317F0 
 1988      AD2170B9 
 1988      F78AAF
 1989 178d BEF60E32 		.ascii	"\276\366\01628H\027\006\377\245\362\015\220T\207\254"
 1989      38481706 
 1989      FFA5F20D 
 1989      905487AC 
 1990 179d 08F6F533 		.ascii	"\010\366\3653\330}:g\361\374\277\315Y\274\200\321\371"
 1990      D87D3A67 
 1990      F1FCBFCD 
 1990      59BC80D1 
 1990      F9
 1991 17ae 052C0D59 		.ascii	"\005,\015Yn\320\373{\373\031\030\316=\210\021\226|\351"
 1991      6ED0FB7B 
 1991      FB1918CE 
 1991      3D881196 
 1991      7CE9
 1992 17c0 E5EB1318 		.ascii	"\345\353\023\030`Xn\360\011\016\014\360\367\365\011"
 1992      60586EF0 
 1992      090E0CF0 
 1992      F7F509
 1993 17cf D2       		.ascii	"\322"
 1994 17d0 7FF1D779 		.ascii	"\177\361\327y\013\027,\232\362\311[\236\323\027\317"
 1994      0B172C9A 
 1994      F2C95B9E 
 1994      D317CF
 1995 17df 65EC562C 		.ascii	"e\354V,\367\016\376G@\240\0373\021\313N\237\206\233"
 1995      F70EFE47 
 1995      40A01F33 
 1995      11CB4E9F 
 1995      869B
 1996 17f1 BFD3FFD9 		.ascii	"\277\323\377\331\020\010M\336\376>\006\375B_\177\203"
 1996      10084DDE 
 1996      FE3E06FD 
 1996      425F7F83 
 1997 1801 DECBB0D4 		.ascii	"\336\313\260\3247\304O?\337\340\037\344\033\274\222"
ARM GAS  /tmp/ccACgBoh.s 			page 162


 1997      37C44F3F 
 1997      DFE01FE4 
 1997      1BBC92
 1998 1810 7184D0F4 		.ascii	"q\204\320\364\337z\007\372z\373\0073\366\363\002\002"
 1998      DF7A07FA 
 1998      7AFB0733 
 1998      F6F30202 
 1999 1820 830DDF4D 		.ascii	"\203\015\337M\361\232\3168z\007\372,\363\015\306\306"
 1999      F19ACE38 
 1999      7A07FA2C 
 1999      F30DC6C6 
 2000 1830 42020D8C 		.ascii	"B\002\015\214v\316b\257o\337\233\342\3058\023\371\177"
 2000      76CE62AF 
 2000      6FDF9BE2 
 2000      C53813F9 
 2000      7F
 2001 1841 041AFE15 		.ascii	"\004\032\376\025b\360\367Y\311h\334C\364^\237~\317\360"
 2001      62F0F759 
 2001      C968DC43 
 2001      F45E9F7E 
 2001      CFF0
 2002 1853 8BE77891 		.ascii	"\213\347x\221\213o|\3472\203\027\375y\301\3429_~\366"
 2002      8B6F7CE7 
 2002      328317FD 
 2002      79C1E239 
 2002      5F7EF6
 2003 1866 C51FF54B 		.ascii	"\305\037\365K\376{\311\227\013\274\030\2739^\276\213"
 2003      FE7BC997 
 2003      0BBC18BB 
 2003      395EBE8B 
 2004 1876 03A62C5A 		.ascii	"\003\246,Z\302\350\334C\246\222\037=\016J\033\210\303"
 2004      C2E8DC43 
 2004      A6921F3D 
 2004      0E4A1B88 
 2004      C3
 2005 1887 C17961EC 		.ascii	"\301ya\354\351\375\205\013\3473\257)\004\364\023V\030"
 2005      E9FD850B 
 2005      E733AF29 
 2005      04F41356 
 2005      18
 2006 1898 027D572C 		.ascii	"\002}W,\233\263PO\232\336d\034\346-\363\375\332w\321"
 2006      9BB3504F 
 2006      9ADE641C 
 2006      E62DF3FD 
 2006      DA77D1
 2007 18ab 128FC55F 		.ascii	"\022\217\305_2\232\240`\357\257\227\033\030\235\324"
 2007      329AA060 
 2007      EFAF971B 
 2007      189DD4
 2008 18ba F6E99C85 		.ascii	"\366\351\234\205\214\303\327!\276\313\227\352\203W\256"
 2008      8CC3D721 
 2008      BECB97EA 
 2008      8357AE
 2009 18c9 3030763E 		.ascii	"00v>\001~+|\227\033\002\261\325 \275\244\227\341\377"
 2009      017E2B7C 
 2009      971B02B1 
 2009      D520BDA4 
ARM GAS  /tmp/ccACgBoh.s 			page 163


 2009      97E1FF
 2010 18dc 386F9E7C 		.ascii	"8o\236|o)\243\305\367\246\2007\272?\205\370\353\247"
 2010      6F29A3C5 
 2010      F7A68037 
 2010      BA3F85F8 
 2010      EBA7
 2011 18ee BDA39FE6 		.ascii	"\275\243\237\3469\355m\306\356\255wgz\316\2309m\006"
 2011      39ED6DC6 
 2011      EEAD7767 
 2011      7ACE9839 
 2011      6D06
 2012 1900 E3326FCE 		.ascii	"\3432o\316\302\005_\314\237\263X?^\377\345g^8*F\265"
 2012      C2055FCC 
 2012      9FB3583F 
 2012      5EFFE567 
 2012      5E382A46 
 2013 1915 D43BD8C0 		.ascii	"\324;\330\300\014u\367|;d\212\273\3474Z\350'\270\007"
 2013      0C75F77C 
 2013      3B648ABB 
 2013      E7345AE8 
 2013      27B807
 2014 1928 BDC9A8A0 		.ascii	"\275\311\250\240\037\031gh\230)\027\314p\261;\341\246"
 2014      1F196768 
 2014      982917CC 
 2014      70B13BE1 
 2014      A6
 2015 1939 3ED01014 		.ascii	">\320\020\024\260<$\3307\300\237Q\3430C\202\230\021"
 2015      B03C24D8 
 2015      37C09F51 
 2015      E3304382 
 2015      9811
 2016 194b 7EDEDFF9 		.ascii	"~\336\337\371\372\341n1|\267\002g\334\260T\377O\337"
 2016      FAE16E31 
 2016      7CB70267 
 2016      DCB054FF 
 2016      4FDF
 2017 195d E060ECF7 		.ascii	"\340`\354\367\010r\037k\016\321\373,\017\360\371F\357"
 2017      08721F6B 
 2017      0ED1FB2C 
 2017      0FF0F946 
 2017      EF
 2018 196e B3D267B9 		.ascii	"\263\322g\271\001\233\371\204\022\363\033C\240\277a"
 2018      019BF984 
 2018      12F31B43 
 2018      A0BF61
 2019 197d B9879480 		.ascii	"\271\207\224\200\200 LU?\277\000\177\017\303w\301\036"
 2019      80204C55 
 2019      3FBF007F 
 2019      0FC377C1 
 2019      1E
 2020 198e B8CF3CE6 		.ascii	"\270\317<\346y-\371l\211\307<\340\357g\376>\313C\226"
 2020      792DF96C 
 2020      89C73CE0 
 2020      EF67FE3E 
 2020      CB4396
 2021 19a1 1A3C7CFC 		.ascii	"\032<|\374\202|\203\276\372?\037\237\251\313z\361\333"
 2021      827C83BE 
ARM GAS  /tmp/ccACgBoh.s 			page 164


 2021      FA3F1F9F 
 2021      A9CB7AF1 
 2021      DB
 2022 19b2 D7BF17BF 		.ascii	"\327\277\027\277\2271\203\274\226,\326\003mW\004\372"
 2022      973183BC 
 2022      962CD603 
 2022      6D5704FA 
 2023 19c2 4ED6BB7B 		.ascii	"N\326\273{2l \243\3613\370\005\004\256d&\365e?0\030"
 2023      326C20A3 
 2023      F133F805 
 2023      04AE6426 
 2023      F5653F30 
 2024 19d7 145143CB 		.ascii	"\024QC\313\260*\254g\014\325\250\247\034\327OX:s\331"
 2024      B02AAC67 
 2024      0CD5A8A7 
 2024      1CD74F58 
 2024      3A73D9
 2025 19ea 4CBF9941 		.ascii	"L\277\231A3\375\202f\206\340PF\273+2%\025\323i\301\014"
 2025      33FD8266 
 2025      86E05046 
 2025      BB2B3225 
 2025      15D369C1 
 2026 19ff 5DFCD72F 		.ascii	"]\374\327/p\322\027\350?\373\342\223E\213\2750\251\026"
 2026      70D217E8 
 2026      3FFBE293 
 2026      458BBD30 
 2026      A916
 2027 1a11 7DC1387B 		.ascii	"}\3018{\373\004\373~\213\263\271\014?\177K\203\360\363"
 2027      FB04FB7E 
 2027      8BB3B90C 
 2027      3F7F4B83 
 2027      F0F3
 2028 1a23 11C268BC 		.ascii	"\021\302h\274\002\374\227zcB.\011!\277\265_\206\030"
 2028      02FC977A 
 2028      63422E09 
 2028      21BFB55F 
 2028      8618
 2029 1a35 82A062FF 		.ascii	"\202\240b\3777\303R\177Z\265\373rYH \255-\361\306\274"
 2029      37C3527F 
 2029      5AB5FB72 
 2029      594820AD 
 2029      2DF1C6BC 
 2030 1a49 26F29F04 		.ascii	"&\362\237\004\372\302\357\377\007\307\243\362\321"
 2030      FAC2EFFF 
 2030      07C7A3F2 
 2030      D1
 2031              		.text
 2032              		.section	.gnu.lto__aosSysShellcmdInfoCallback.edd9554f8e7f11af,"e",%progbits
 2033 0000 789C6590 		.ascii	"x\234e\220\317K\033A\024\307\337w\337\270\246E=W\266"
 2033      CF4B1B41 
 2033      14C7DF77 
 2033      DFB8A645 
 2033      3D57B6
 2034 0013 52C1D2A0 		.ascii	"R\301\322\240\245\011^=\371\237H\010\301S\020v\203\340"
 2034      A5095E3D 
 2034      F99F4808 
 2034      C1531076 
ARM GAS  /tmp/ccACgBoh.s 			page 165


 2034      83E0
 2035 0025 C9C9A215 		.ascii	"\311\311\242\025\177`mi\021\225eU(\211 \210 \025\265"
 2035      7F606D69 
 2035      11956555 
 2035      28892088 
 2035      2015B5
 2036 0038 4DD7DA22 		.ascii	"M\327\332\"-\342\241\204\036\005\213^T\2744B/\215\276"
 2036      2DE2A184 
 2036      1E058B5E 
 2036      54BC3442 
 2036      2F8DBE
 2037 004b 590BA538 		.ascii	"Y\013\2458\314\014\357;\363>\357;\363\022\004\332\002"
 2037      CC0CEF3B 
 2037      F33EEF3B 
 2037      F31204DA 
 2037      02
 2038 005c 519A88DA 		.ascii	"Q\232\210\332d\201\011\226\326\272\267\261\230\260\200"
 2038      64810996 
 2038      D6BAB7B1 
 2038      98B080
 2039 006b 38D209D0 		.ascii	"8\322\011\320\260\205a\274\340Y\306\221\037\374n\232"
 2039      B08561BC 
 2039      E059C691 
 2039      1FFC6E9A 
 2040 007b E6501295 		.ascii	"\346P\022\225\310\327\3376\276\3367\022h\0279\261\\"
 2040      C8D7DF36 
 2040      BEDE3712 
 2040      681739B1 
 2040      5C
 2041 008c AAB57496 		.ascii	"\252\265t\226\204\323\321l\265cw\357\371\304\014B\266"
 2041      84D3D16C 
 2041      B56377EF 
 2041      F9C40C42 
 2041      B6
 2042 009d 684EF277 		.ascii	"hN\362w\340`\033\016\231\201\367\350\224\374\255\263"
 2042      E0601B0E 
 2042      9981F7E8 
 2042      94FCADB3 
 2043 00ad D3417E04 		.ascii	"\323A~\004\222\360x5(7%\337j\355\353\250Vb\3758d\306"
 2043      92F07835 
 2043      283725DF 
 2043      6AEDEBA8 
 2043      5662FD38 
 2044 00c3 07F07FA4 		.ascii	"\007\360\177\244\234\011[AR\200\313\315\225b\013?\211"
 2044      9C095B41 
 2044      5280CBCD 
 2044      95620B3F 
 2044      89
 2045 00d4 E1A5F1E3 		.ascii	"\341\245\361\343C6\260\370V[\347u\244\304\024\037\357"
 2045      4336B0F8 
 2045      565BE775 
 2045      A4C4141F 
 2045      EF
 2046 00e5 D096D051 		.ascii	"\320\226\320QL\327\336\235\364\360\323\030\036\255\376"
 2046      4CD7DE9D 
 2046      F4F0D318 
 2046      1EADFE
ARM GAS  /tmp/ccACgBoh.s 			page 166


 2047 00f4 7965FF75 		.ascii	"ye\377u>qna\205\335;\260\022\370\023\222d\230\237\353"
 2047      3E716E61 
 2047      85DD3BB0 
 2047      12F81392 
 2047      64989FEB 
 2048 0108 F537CDB6 		.ascii	"\3657\315\2662\3772\277\331\203-\235$Z\373\336\020\351"
 2048      32FF32BF 
 2048      D9832D9D 
 2048      245AFBDE 
 2048      10E9
 2049 011a FAF5988E 		.ascii	"\372\365\230\216\216\246\361\262Z\177\240\244\213\025"
 2049      8EA6F1B2 
 2049      5A7FA0A4 
 2049      8B15
 2050 0128 C34C3299 		.ascii	"\303L2\231\327)\350\210h\212\255[Q\024q\201\321\305"
 2050      D729E888 
 2050      688AAD5B 
 2050      51147181 
 2050      D1C5
 2051 013a F3FDEEB8 		.ascii	"\363\375\356\270\206T\016\312\007\327\367F\340\027\023"
 2051      86540ECA 
 2051      07D7F746 
 2051      E01713
 2052 0149 2137CCB1 		.ascii	"!7\314\261T\305g\214\200\002\266\344\366\307\302\372"
 2052      54C5678C 
 2052      8002B6E4 
 2052      F6C7C2FA 
 2053 0159 154CBF6D 		.ascii	"\025L\277m<\303\0278!7\322%\374\305_\373Kl*\240+\356"
 2053      3CC31738 
 2053      2137D225 
 2053      FCC55FFB 
 2053      4B6C2AA0 
 2054 016f EF24E39F 		.ascii	"\357$\343\237\033\321\303T*-3;\340\346\322\236\233M"
 2054      1BD1C354 
 2054      2A2D333B 
 2054      E0E6D29E 
 2054      9B4D
 2055 0181 6706BC3E 		.ascii	"g\006\274>o\310+\344\362\251,\331^\301\315e\362*\343"
 2055      6FC82BE4 
 2055      F2A92CD9 
 2055      5EC1CD65 
 2055      F22AE3
 2056 0194 F667CD36 		.ascii	"\366g\3156x\003\204\300\234\372"
 2056      780384C0 
 2056      9CFA
 2057              		.text
 2058              		.section	.gnu.lto_aosSysStart.edd9554f8e7f11af,"e",%progbits
 2059 0000 789C8D55 		.ascii	"x\234\215UKO\023Q\024\276\337\334R\332\012\370D\324"
 2059      4B4F1351 
 2059      14BEDFDC 
 2059      52DA0AF8 
 2059      44D4
 2060 0012 220F5D91 		.ascii	"\"\017]\221\230B\330\233\370O\214!$\262@\022\312\306"
 2060      9842D89B 
 2060      F84F8C21 
 2060      24B24012 
 2060      CAC6
ARM GAS  /tmp/ccACgBoh.s 			page 167


 2061 0024 95039647 		.ascii	"\225\003\226G\250A\002\032\332\005\231b}\277@M4<\304"
 2061      A841021A 
 2061      DA059962 
 2061      7DBF404D 
 2061      343CC4
 2062 0037 01151551 		.ascii	"\001\025\025Q\020\005\245 \"BE@\324\245\033\361\334"
 2062      1005A520 
 2062      22424540 
 2062      D4A51BF1 
 2062      DC
 2063 0048 3B532CD2 		.ascii	";S,\322\002\223N\323\231s\317w\276\357;\367\334\332"
 2063      02934ED3 
 2063      9973CF77 
 2063      BEEF3BF7 
 2063      DCDA
 2064 005a 1858AD95 		.ascii	"\030X\255\225\261#\214\261\375t\2033(\252\252\036I,"
 2064      B1238CB1 
 2064      FD748333 
 2064      28AAAA1E 
 2064      492C
 2065 006c B72980FC 		.ascii	"\267)\200\374\245\332\300N)8\205\263\274\211\243\267"
 2065      A5DAC04E 
 2065      293885B3 
 2065      BC89A3B7 
 2066 007c 3ADCAEE4 		.ascii	":\334\256\344\\\241\210\2527u\347O\253C*\3278c~\272"
 2066      5CA188AA 
 2066      3775E74F 
 2066      AB432AD7 
 2066      38637EBA 
 2067 0090 8D0B1DC8 		.ascii	"\215\013\035\310a\214\226N\337\371s>\331j1C\350\204"
 2067      618C964E 
 2067      DFF9733E 
 2067      D96A3143 
 2067      E884
 2068 00a2 95AA31D6 		.ascii	"\225\2521\326:\234\240\253\177\226\253U\275\257\037"
 2068      3A9CA0AB 
 2068      7F96AB55 
 2068      BDAF1F
 2069 00b1 0DE7C287 		.ascii	"\015\347\302\207\034\211L\343\260\321\227\302\230\227"
 2069      1C894CE3 
 2069      B0D197C2 
 2069      9897
 2070 00bf 33816D81 		.ascii	"3\201m\201\2523v\206+\306\303izXDe\340\306l\276\304"
 2070      AA337686 
 2070      2BC6C369 
 2070      7A584465 
 2070      E0C66CBE 
 2071 00d4 21F4E6AB 		.ascii	"!\364\346\253\003\313v\017*\312m\032\347~N\310\350\202"
 2071      03CB760F 
 2071      2ACA6D1A 
 2071      E77E4EC8 
 2071      E882
 2072 00e6 07225477 		.ascii	"\007\"Tw\372\307\244\255\216hY\360\377JKP\220\241\227"
 2072      FAC7A4AD 
 2072      8E6859F0 
 2072      FF4A4B50 
 2072      90A197
ARM GAS  /tmp/ccACgBoh.s 			page 168


 2073 00f9 A3E37D43 		.ascii	"\243\343}C\270\204 4\236\200nJ\304C8e\244\243\241\246"
 2073      B8842034 
 2073      9E806E4A 
 2073      C4433865 
 2073      A4A3A1A6 
 2074 010d CD9A775B 		.ascii	"\315\232w[\024\016\334'\020+\036\321B\237\024!\014\250"
 2074      140EDC27 
 2074      102B1ED1 
 2074      429F1421 
 2074      0CA8
 2075 011f AD1A7508 		.ascii	"\255\032u\010\264\032\212_\246x\"t\344\031\352z\010"
 2075      B41A8A5F 
 2075      A6782274 
 2075      E419EA7A 
 2075      08
 2076 0130 8796E895 		.ascii	"\207\226\350\225\213\027e}\033\016\243\027N\215\333"
 2076      8B17657D 
 2076      1B0EA317 
 2076      4E8DDB
 2077 013f 25FBD6D8 		.ascii	"%\373\326\330\354\035~!\034\217M\366\033\323}\022\207"
 2077      EC1D7E21 
 2077      1C8F4DF6 
 2077      1BD37D12 
 2077      87
 2078 0150 6E9620FB 		.ascii	"n\226 \3734\036\331,A\265/B\365\231Au\306\353\271\225"
 2078      341ED92C 
 2078      41B52F42 
 2078      F5994175 
 2078      C6EBB995 
 2079 0164 909DA9A9 		.ascii	"\220\235\251\251>\012o\021)\023\003\276\2332\305'S\222"
 2079      3E0A6F11 
 2079      291303BE 
 2079      9B32C527 
 2079      5392
 2080 0176 F01CD946 		.ascii	"\360\034\331F\312\013J\321x2\233GE\327\357\376\231f"
 2080      CA0B4AD1 
 2080      78329B47 
 2080      45D7EFFE 
 2080      9966
 2081 0188 E7AA1E9B 		.ascii	"\347\252\036\233D\215\027\036Ag\312{so\276\354\273\214"
 2081      448D171E 
 2081      4167CA7B 
 2081      736FBEEC 
 2081      BB8C
 2082 019a 46ADC64B 		.ascii	"F\255\306KX\321O\230\014\003\2606\363\304\350\246\245"
 2082      58D14F98 
 2082      0C03B036 
 2082      F3C4E8A6 
 2082      A5
 2083 01ab 6CCA85AD 		.ascii	"l\312\205\255x-\\x\265\326\205\251\033\015i\367\010"
 2083      782D5C78 
 2083      B5D685A9 
 2083      1B0D69F7 
 2083      08
 2084 01bc 07189456 		.ascii	"\007\030\224V@\226c\030B\236\244n7j\332\242kB\326\324"
 2084      40966318 
 2084      429EA46E 
ARM GAS  /tmp/ccACgBoh.s 			page 169


 2084      376ADAA2 
 2084      6B42D6D4 
 2085 01d0 436D6329 		.ascii	"Cmc)\006\3746\"\2057&\370\355\007W\006\223\011\274^"
 2085      06FC3622 
 2085      853726F8 
 2085      ED075706 
 2085      9309BC5E 
 2086 01e4 3AB21DC3 		.ascii	":\262\035\303\022W1q\337\022\356\"\252\262\004,#\334"
 2086      12573171 
 2086      DF12EE22 
 2086      AAB2042C 
 2086      23DC
 2087 01f6 CDF5F05D 		.ascii	"\315\365\360]\234\036J\323D\037G\326\355\343h\244\217"
 2087      9C1E4AD3 
 2087      441F47D6 
 2087      EDE368A4 
 2087      8F
 2088 0207 EF8D3E56 		.ascii	"\357\215>V=\255\357L\026Jv@\301\0078\341\242]\267S\360"
 2088      3DADEF4C 
 2088      164A7640 
 2088      C10738E1 
 2088      A25DB753 
 2089 021c 0ACCCE2A 		.ascii	"\012\314\316*\261v\335.?\267\220\377c\377\317L\352\032"
 2089      B176DD2E 
 2089      3FB790FF 
 2089      63FFCF4C 
 2089      EA1A
 2090 022e FB538362 		.ascii	"\373S\203b\272V\013\330\215q! d\012ho\322/\330\377\361"
 2090      BA560BD8 
 2090      8D712120 
 2090      640A686F 
 2090      D22FD8FF 
 2091 0243 4BC504AD 		.ascii	"K\305\004\2553\010~4\010\256\340\247\255\301O\013\212"
 2091      33087E34 
 2091      08AEE0A7 
 2091      ADC14F0B 
 2091      8A
 2092 0254 FDBF1A7F 		.ascii	"\375\277\032\177\017>\011\374\311\030\370\201\273I\002"
 2092      0F3E09FC 
 2092      C918F881 
 2092      BB4902
 2093 0263 656AA5C2 		.ascii	"ej\245\302g\243B\271\367z\213\264`/h\247\211\251\333"
 2093      67A342B9 
 2093      F77A8BB4 
 2093      602F68A7 
 2093      89A9DB
 2094 0276 27A76E21 		.ascii	"'\247n!\366\3249\375<\201\364\177\331\364\324\315\304"
 2094      F6D439FD 
 2094      3C81F47F 
 2094      D9F4D4CD 
 2094      C4
 2095 0287 3B242E28 		.ascii	";$.(\032O\307\254\354\227\231\350\231\273\026r\230\341"
 2095      1A4FC7AC 
 2095      EC9799E8 
 2095      99BB1672 
 2095      98E1
 2096 0299 0E0AEF47 		.ascii	"\016\012\357G\030y>a\270\210\366\214\204\032yDM\212"
ARM GAS  /tmp/ccACgBoh.s 			page 170


 2096      18793E61 
 2096      B888F68C 
 2096      841A7944 
 2096      4D8A
 2097 02ab C633F035 		.ascii	"\3063\3605\322\3169C\313\306\366\177[\327\376\371\025"
 2097      D2CE3943 
 2097      CBC6F67F 
 2097      5BD7FEF9 
 2097      15
 2098 02bc 7316E4D0 		.ascii	"s\026\344\320fJ'Z\3021wB\226\237\213I\\\334\264\023"
 2098      664A275A 
 2098      C2317742 
 2098      969F8B49 
 2098      5CDCB413 
 2099 02d0 DFE31E97 		.ascii	"\337\343\036\227\020N,E;\261\352\270$\255\331\370\021"
 2099      104E2C45 
 2099      3BB1EAB8 
 2099      24ADD9F8 
 2099      11
 2100 02e1 D1FAD3D0 		.ascii	"\321\372\323\320\032\364\3644&\211\276\035@/\303/\321"
 2100      1AF4F434 
 2100      2689BE1D 
 2100      402FC32F 
 2100      D1
 2101 02f2 B8836C09 		.ascii	"\270\203l\011\025\201[&]qy9\214\177\202\012]<\246\273"
 2101      15815B26 
 2101      5D717939 
 2101      8C7F820A 
 2101      5D3CA6BB 
 2102 0306 5CB9F429 		.ascii	"\\\271\364)()-\314u\227\026\344\036+q\037u\237t\227"
 2102      28292DCC 
 2102      759716E4 
 2102      1E2B711F 
 2102      759F7497 
 2103 031a 1516BB0A 		.ascii	"\025\026\273\012\230\342`\031Q\361\242\023F\274\250"
 2103      98E26019 
 2103      51F1A213 
 2103      46BCA8
 2104 0329 C45D565A 		.ascii	"\304]VZx\254\330u\234\375\005Q\261'\033"
 2104      78ACD875 
 2104      9CFD0551 
 2104      B1271B
 2105              		.text
 2106              		.section	.gnu.lto_aosSysSetDateTime.edd9554f8e7f11af,"e",%progbits
 2107 0000 789C6D51 		.ascii	"x\234mQMk\023Q\024\275g\356$\235&\321?\020\305\"\206"
 2107      4D6B1351 
 2107      14BD67EE 
 2107      249D26D1 
 2107      3F10C522 
 2108 0015 D28509B8 		.ascii	"\322\205\011\270\020\272\353?\021\211]J!\311\306U\337"
 2108      10BAEB3F 
 2108      11895D4A 
 2108      21C9C655 
 2108      DF
 2109 0026 8CB1A9AD 		.ascii	"\214\261\251\255T\220\326\230E:\2411(n\212 h\375\312"
 2109      5490D698 
 2109      453AA131 
ARM GAS  /tmp/ccACgBoh.s 			page 171


 2109      286E8A20 
 2109      68FDCA
 2110 0039 346AB5B1 		.ascii	"4j\265\261B\311\302\205\221,*D\020\211\322\205\270\220"
 2110      42C9C285 
 2110      912C2A44 
 2110      1089D285 
 2110      B890
 2111 004b 89F7CD14 		.ascii	"\211\367\315\024\324\342c\036\274\373\316\275\347\234"
 2111      D4E2631E 
 2111      BCFBCEBD 
 2111      E79C
 2112 0059 77C622D0 		.ascii	"w\306\"\320\202A\224\"\242\343\262\301\004C)55b[\006"
 2112      82419422 
 2112      A2E3B2C1 
 2112      04432935 
 2112      35625B06 
 2113 006d 109C9405 		.ascii	"\020\234\224\005\23250\213\353\\f\264J\375\015c\342"
 2113      9A35308B 
 2113      EB5C66B4 
 2113      4AFD0D63 
 2113      E2
 2114 007e 8E20CA2B 		.ascii	"\216 \312+\3778\273\247v\025\273LT\221\035.<\306\204"
 2114      FF38BBA7 
 2114      7615BB4C 
 2114      54911D2E 
 2114      3CC684
 2115 0091 34F69CEA 		.ascii	"4\366\234\352\317\304\222`\200)\345r\373\301vL\227\006"
 2115      CFC49260 
 2115      8029E572 
 2115      FBC1764C 
 2115      9706
 2116 00a3 C6A4B4E7 		.ascii	"\306\244\264\347\374\022\370\004H\316\253\235\265G\326"
 2116      FC12F804 
 2116      48CEAB9D 
 2116      B547D6
 2117 00b2 78432947 		.ascii	"xC)Gy\037o\263:\3452\343\031X(\361\024I<A\222H\356\204"
 2117      791F6FB3 
 2117      3AE532E3 
 2117      195828F1 
 2117      14493C41 
 2118 00ca FA39C649 		.ascii	"\3729\306I\2174\2077\233fHnI\271ro\363W\"$\3674l\337"
 2118      8F348737 
 2118      9B66486E 
 2118      49B9726F 
 2118      F3572224 
 2119 00e2 5AF54D3E 		.ascii	"Z\365M>\031\260/\024\333\037\216\246\352\312\023\303"
 2119      19B02F14 
 2119      DB1F8EA6 
 2119      EACA13C3 
 2120 00f2 7E37E23A 		.ascii	"~7\342:J]\235r\331\304f\250\340\211BS+\350%\375{\367"
 2120      4A5D9D72 
 2120      D9C466A8 
 2120      E0894253 
 2120      2BE825FD 
 2121 0108 FD952351 		.ascii	"\375\225#Q\023-\244\016\036\205\027\210JN\004}\267\336"
 2121      132DA40E 
 2121      1E851788 
ARM GAS  /tmp/ccACgBoh.s 			page 172


 2121      4A4E047D 
 2121      B7DE
 2122 011a 8978CA1F 		.ascii	"\211x\312\037\226\224\327\357\342\306r\377tTr\012l-"
 2122      9694D7EF 
 2122      E2C672FF 
 2122      7454720A 
 2122      6C2D
 2123 012c 32E9544C 		.ascii	"2\351TL(\217\350\032\033aaK\361\025s\265\372\340L\300"
 2123      288FE81A 
 2123      1B61614B 
 2123      F11573B5 
 2123      FAE04CC0 
 2124 0140 230AD5BB 		.ascii	"#\012\325\273;\303\321\"\034\333r9Ra\315\374\022EP\225"
 2124      3BC3D122 
 2124      1CDB7239 
 2124      5261CDFC 
 2124      12455095 
 2125 0154 0D41972E 		.ascii	"\015A\227.\177\353Y\372-Q\020^!)W\337;\316~\\\017\010"
 2125      7FEB59FA 
 2125      2D51105E 
 2125      212957DF 
 2125      3BCE7E5C 
 2126 016a E398CB23 		.ascii	"\343\230\313#\332GhjK\346\\\266D\341J\25510\376\247"
 2126      DA47686A 
 2126      4BE65CB6 
 2126      44E14AAD 
 2126      3130FEA7 
 2127 017e 305A61F9 		.ascii	"0Za\371\301x\255\025\376\246\217\341pg\254\316a\004"
 2127      C178AD15 
 2127      FEA68FE1 
 2127      7067ACCE 
 2127      6104
 2128 0190 EFBB5BBB 		.ascii	"\357\273[\273h\240.\324ql\313 \336\350\200\004\331("
 2128      68A02ED4 
 2128      716CCB20 
 2128      DEE88004 
 2128      D928
 2129 01a2 7B6B41FB 		.ascii	"{kA\373|\340$\206\266\364\205V\336J\337!\2575\037\377"
 2129      7CE02486 
 2129      B6F48556 
 2129      DE4ADF21 
 2129      AF351FFF 
 2130 01b6 B8DD09DC 		.ascii	"\270\335\011\334&\350\013Z\275`JC2\363y\377S/>\371P"
 2130      26E80B5A 
 2130      BD604A43 
 2130      32F379FF 
 2130      532F3EF9 
 2131 01cb CD0B6A12 		.ascii	"\315\013j\022\336a\222\006pj\353\007\221\351\265\310"
 2131      DE619206 
 2131      706AEB07 
 2131      91E9B5C8 
 2132 01db F8132ED1 		.ascii	"\370\023.\321\261t:#_v&7\235\311\347\262\231\3633\371"
 2132      B1743A23 
 2132      5F762637 
 2132      9DC9E7B2 
 2132      99F333F9 
 2133 01ef 73F94BF9 		.ascii	"s\371K\371\302\364\305t\226\214\013\005\316\025\262"
ARM GAS  /tmp/ccACgBoh.s 			page 173


 2133      C2F4C574 
 2133      968C0B05 
 2133      CE15B2
 2134 01fe BF019C1A 		.ascii	"\277\001\234\032\335\202"
 2134      DD82
 2135              		.text
 2136              		.section	.gnu.lto__aosSysShellcmdConfigCallback.edd9554f8e7f11af,"e",%progbits
 2137 0000 789C8598 		.ascii	"x\234\205\230yPTG\036\307_\367\233\363\315\301}\016"
 2137      79505447 
 2137      1EC75FF7 
 2137      9BF3CDC1 
 2137      7D0E
 2138 0012 C77B46D4 		.ascii	"\307{F\324hP\222\230Mbj\267v\377\334\312\326\232\324"
 2138      68509298 
 2138      4D626AB7 
 2138      76FFDCCA 
 2138      D69AD4
 2139 0025 1EB5FF6C 		.ascii	"\036\265\377lm\261:\211T\"$\014f7U[\225\221\313\013"
 2139      6DB13A89 
 2139      5422240C 
 2139      6637555B 
 2139      9591CB0B 
 2140 0039 4589A828 		.ascii	"E\211\250(8\010A`\215\007\212A\001\201\010\262\342\221"
 2140      38084160 
 2140      8D078A41 
 2140      018108B2 
 2140      E291
 2141 004b 78C61B15 		.ascii	"x\306\033\025O\224#*\211\007\327\366\257\373\275y\217"
 2141      4F94232A 
 2141      8907D7F6 
 2141      AFFBBD79 
 2141      8F
 2142 005c 719C4C69 		.ascii	"q\234Li\363^\367\357\373\373v\177\272_\277\2361q\210"
 2142      F35EF7EF 
 2142      FBFB767F 
 2142      BA5FBF9E 
 2142      317188
 2143 006f 1B8FE4B8 		.ascii	"\033\217\344\270\303\210\343b1\307\241I\034\302n\267"
 2143      C388E362 
 2143      31C7A149 
 2143      1CC26EB7 
 2144 007f FBB7C6C5 		.ascii	"\373\267\306\305&\214\371\302\274s\263tn!\341\301\263"
 2144      268CF9C2 
 2144      BC73B374 
 2144      6E21E1C1 
 2144      B3
 2145 0090 9A609DDB 		.ascii	"\232`\235\333\312c\035i\023\241\206\375\265\352\260"
 2145      CA631D69 
 2145      13A186FD 
 2145      B5EAB0
 2146 009f FEE69267 		.ascii	"\376\346\222gV\250)}\222\367:\251\321c\203\034c\222"
 2146      56A8297D 
 2146      92F73AA9 
 2146      D163831C 
 2146      6392
 2147 00b1 630CD8E8 		.ascii	"c\014\330\350ScD\361\262\207\011\233\3456\253\334f\306"
 2147      536344F1 
ARM GAS  /tmp/ccACgBoh.s 			page 174


 2147      B287099B 
 2147      E536ABDC 
 2147      66C6
 2148 00c3 425FE5F5 		.ascii	"B_\345\365$\250Y{ys,\251\021\260\305'\306\342\325[\261"
 2148      24A8597B 
 2148      79732CA9 
 2148      11B0C527 
 2148      C6E2D55B 
 2149 00d8 4D6E0B96 		.ascii	"Mn\013\226\333l\330.\353\203e\275\035\007\371\304\004"
 2149      DB6CD82E 
 2149      EB8365BD 
 2149      1D07F9C4 
 2149      04
 2150 00e9 79F5C138 		.ascii	"y\365\3018Dn\013\227\333Bp\250\254\017\227\365\2418"
 2150      446E0B97 
 2150      DB4270A8 
 2150      AC0F97F5 
 2150      A138
 2151 00fb CC2726CC 		.ascii	"\314'&\314\253\017\307\021r[\264\334\026\201#e}\264"
 2151      AB0FC711 
 2151      725BB4DC 
 2151      16812365 
 2151      7DB4
 2152 010d AC8FC451 		.ascii	"\254\217\304Q>1Q^}4\216)\256\255~\213\264\305\335\377"
 2152      3E31515E 
 2152      7D348E29 
 2152      AEAD7E8B 
 2152      B4C5DDFF 
 2153 0121 E1BC91B4 		.ascii	"\341\274\221\264\305\340\330\302ug\336\200\232\007\275"
 2153      C5E0D8C2 
 2153      7567DE80 
 2153      9A07BD
 2154 0130 DB045213 		.ascii	"\333\004R\023\213\035U\027\012^\203\232K[\037\331H\215"
 2154      8B1D5517 
 2154      0A5E839A 
 2154      4B5B1FD9 
 2154      488D
 2155 0142 C3AB8F43 		.ascii	"\303\253\217C\222|\025\217\022\345\253\004\357U\"\026"
 2155      927C158F 
 2155      12E5AB04 
 2155      EF552216 
 2156 0152 491FA613 		.ascii	"I\037\246\023\245D\372\024A\224\2427^B\210^\271M\210"
 2156      A544FA14 
 2156      4194A237 
 2156      5E42885E 
 2156      B94D88
 2157 0165 FB02F33A 		.ascii	"\373\002\363:\275\301h2\013\026\253\315\036\024\034"
 2157      BDC16832 
 2157      0B16ABCD 
 2157      1E141C
 2158 0174 121A161E 		.ascii	"\022\032\026\036\021\031\025\035\023\353\210\213OH\024"
 2158      1119151D 
 2158      13EB888B 
 2158      4F4814
 2159 0183 25F4052A 		.ascii	"%\364\005*\344\327\363\250;\273\354\211u\025\357\341"
 2159      E4D7F3A8 
 2159      3BBBEC89 
ARM GAS  /tmp/ccACgBoh.s 			page 175


 2159      7515EFE1 
 2160 0193 39A423B7 		.ascii	"9\244#\267k\217\324w\011p\213\220Hn\227WT\017\331_\256"
 2160      6B8FD477 
 2160      09708B90 
 2160      486E9757 
 2160      540FD95F 
 2161 01a8 2669DD6D 		.ascii	"&i\335m\353\307\022J\353O\270\315\036\036s%$\274\011"
 2161      EBC7124A 
 2161      EB4FB8CD 
 2161      1E1E7325 
 2161      24BC09
 2162 01bb 39502372 		.ascii	"9P#rp\360A\315\350e\022\276\377\336\255\317\370D\304"
 2162      70F041CD 
 2162      E86512BE 
 2162      FFDEADCF 
 2162      F844C4
 2163 01ce 91CBEB5F 		.ascii	"\221\313\353_\227\325X\247V\271\335\331\356\266\216"
 2163      97D558A7 
 2163      56B9DDD9 
 2163      EEB68E
 2164 01dd E88DEE36 		.ascii	"\350\215\3566\235\207\347\321\001\304O\220\222:\"nA"
 2164      9D87E7D1 
 2164      01C44F90 
 2164      923A226E 
 2164      41
 2165 01ee 538962A0 		.ascii	"S\211b\240\241v\261\235\237B\325[\226]\377\216\0075"
 2165      A176B19D 
 2165      9F42D55B 
 2165      965DFF8E 
 2165      0735
 2166 0200 F1BD19C3 		.ascii	"\361\275\031\303\324\030\265>\247\206\365\335F\325C"
 2166      D418B53E 
 2166      A786F5DD 
 2166      46D543
 2167 020f DFDC9CC3 		.ascii	"\337\334\234\303\317\240\342\2743\243E\006\331z\310"
 2167      CFA0E2BC 
 2167      33A34506 
 2167      D97AC8
 2168 021e C1C43AF4 		.ascii	"\301\304:\364\355sb\035\021\037DS9\320,\336\266v\227"
 2168      ED73621D 
 2168      111F4453 
 2168      39D02CDE 
 2168      B67697
 2169 0231 C0A750FD 		.ascii	"\300\247P\375\205\235\015\313\370\244Jj~{\304N\022\344"
 2169      859D0DCB 
 2169      F8A44A6A 
 2169      7E7BC44E 
 2169      12E4
 2170 0243 8A60DFEE 		.ascii	"\212`\337\356\223\001>$\274\247n\254\330f\320\241\016"
 2170      93013E24 
 2170      BCA76EAC 
 2170      D866D0A1 
 2170      0E
 2171 0254 94045C80 		.ascii	"\224\004\\\200\306!d@\244\345\3133+\317\361\374\233"
 2171      C6216440 
 2171      A4E5CB33 
 2171      2BCFF1FC 
ARM GAS  /tmp/ccACgBoh.s 			page 176


 2171      9B
 2172 0265 34E9B2B3 		.ascii	"4\351\262\263\333\257Y\344\244\003\243\221[r\334\207"
 2172      DBAF59E4 
 2172      A403A391 
 2172      5B72DC87 
 2173 0275 DD74509D 		.ascii	"\335tP\235\376\263\216Wl>\031\304\346e2\271m80\272\305"
 2173      FEB38E57 
 2173      6C3E19C4 
 2173      E66532B9 
 2173      6D3830BA 
 2174 028a C8E6A51C 		.ascii	"\310\346\245\034C\177\363\307\226 \376\035\232z{[\335"
 2174      437FF3C7 
 2174      9620FE1D 
 2174      9A7A7B5B 
 2174      DD
 2175 029b 5798A46E 		.ascii	"W\230\244n#\251\273GC\213\334,\265\036\035a\251\273"
 2175      23A9BB47 
 2175      438BDC2C 
 2175      B51E1D61 
 2175      A9BB
 2176 02ad 48EAC37E 		.ascii	"H\352\303~:|\024%\241\377\221NCw\241\327\307H\2579\216"
 2176      3A7C1425 
 2176      A1FF914E 
 2176      4377A1D7 
 2176      C748AF39 
 2177 02c2 8781286D 		.ascii	"\207\201(m;O\351\333\334c\343K\334m\235\377\331\262"
 2177      3B4FE9DB 
 2177      DC63E34B 
 2177      DC6D9DFF 
 2177      D9B2
 2178 02d4 BF13BD8B 		.ascii	"\277\023\275\2138h\306\204\236\201\007\376:\270\322"
 2178      3868C684 
 2178      9E8107FE 
 2178      3AB8D2
 2179 02e3 4361805B 		.ascii	"Ca\200[#\024&(\314P\010PX\240\260Ba\203\302\016\301"
 2179      23142628 
 2179      CC500850 
 2179      58A0B042 
 2179      6183C20E 
 2180 02f8 4170154C 		.ascii	"Ap\025L\012c\010\\\205\222\302\024\006E8\334F@C$\024"
 2180      0A63085C 
 2180      8592C214 
 2180      064538DC 
 2180      46404324 
 2181 030d 5150170D 		.ascii	"QP\027\015E\0144\304B\341\200\"\016\212x(\022\240H\204"
 2181      450C34C4 
 2181      42E18022 
 2181      0E8A7828 
 2181      12A04884 
 2182 0321 42844282 		.ascii	"B\204B\202b\022x\274D\012\363d\270\235\206`\221LG0\333"
 2182      621278BC 
 2182      440AF364 
 2182      B89D8660 
 2182      914C4730 
 2183 0336 C91C8C6B 		.ascii	"\311\034\214k6\202E\307q+xn\234|x\344n\343\270\002\036"
 2183      368245C7 
 2183      712B786E 
ARM GAS  /tmp/ccACgBoh.s 			page 177


 2183      9C7C78E4 
 2183      6EE3B802 
 2184 034b B39BC5E4 		.ascii	"\263\233\305\344\346\026\312\275\322>6b\0058e\37444"
 2184      E616CABD 
 2184      D23E3662 
 2184      053865FC 
 2184      3434
 2185 035d 83F12BE0 		.ascii	"\203\361+\340\371\341\232}\243\230\306\334C\331\353"
 2185      F9E19A7D 
 2185      A398C6DC 
 2185      43D9EB
 2186 036c 566C1F76 		.ascii	"Vl\037v\262\030\230\226\255\267\326\254\267\3034\351"
 2186      B2189896 
 2186      ADB7D6AC 
 2186      B7C334E9 
 2187 037c E8D3B4B9 		.ascii	"\350\323\264\271\242\262\207\257B\225\213a\227 ]*\343"
 2187      A2B287AF 
 2187      42958B61 
 2187      97205D2A 
 2187      E3
 2188 038d A7A3E330 		.ascii	"\247\243\3430\023\350;T\205\270>\224'2-<\211e5\307\306"
 2188      13E83B54 
 2188      85B83E94 
 2188      27322D3C 
 2188      896535C7 
 2189 03a2 CDB9287B 		.ascii	"\315\271({\261\311\303\013%<\231\012\364=\312E\034\313"
 2189      B1C9C30B 
 2189      253C990A 
 2189      F43DCA45 
 2189      1CCB
 2190 03b4 BCBCA7A7 		.ascii	"\274\274\247\247T\220~\343qo \211,0\215\3276T\037\026"
 2190      54907EE3 
 2190      716F2089 
 2190      2C308DD7 
 2190      36541F16 
 2191 03c8 207E034D 		.ascii	" ~\003MnE'\220D\247\022\235$2\017o\2031\\m\357@\262"
 2191      6E452790 
 2191      44A7129D 
 2191      24320F6F 
 2191      83315C6D 
 2192 03df 059AAE0C 		.ascii	"\005\232\256\014Aw`\355\345\026\004C@4\244O/\217R\273"
 2192      417760ED 
 2192      E5160443 
 2192      4034A44F 
 2192      2F8F52BB 
 2193 03f3 1F60A443 		.ascii	"\037`\244C\247\220\"\321_\312>>\205\016\272\017\345"
 2193      A79022D1 
 2193      5FCA3E3E 
 2193      850EBA0F 
 2193      E5
 2194 0404 963F6A31 		.ascii	"\226?j1\302j\341|zm/\241\017\344i\3505i\272\324\335"
 2194      C26AE17C 
 2194      7A6D2FA1 
 2194      0FE469E8 
 2194      3569BAD4 
 2195 0419 BECD004D 		.ascii	"\276\315\000Ml\364AtQ\201\014\235\241\035\014f\000\257"
 2195      6CF44174 
ARM GAS  /tmp/ccACgBoh.s 			page 178


 2195      51810C9D 
 2195      A11D0C66 
 2195      00AF
 2196 042b 0C5721A8 		.ascii	"\014W!\250.\343\001\331\317\273N\344X\030A+\271\255"
 2196      2EE301D9 
 2196      CFBB4EE4 
 2196      5818412B 
 2196      B9AD
 2197 043d D9FED33D 		.ascii	"\331\376\323=\233\017\301\263\224\340\017\214`\256\310"
 2197      9B0FC1B3 
 2197      94E00F8C 
 2197      60AEC8
 2198 044c B4C93E7D 		.ascii	"\264\311>}\011)\241[\3139F\220<\016\241\314\255\177"
 2198      0929A15B 
 2198      CB394690 
 2198      3C0EA1CC 
 2198      AD7F
 2199 045e 782113E8 		.ascii	"x!\023\350\211\340\351@\325y\236\231\231\310\355\371"
 2199      89E0E940 
 2199      D5799E99 
 2199      99C8EDF9 
 2200 046e D1C75576 		.ascii	"\321\307Uv\037\263\363\324\354\202w\272\250\326\340"
 2200      1FB3F3D4 
 2200      EC8277BA 
 2200      A8D6E0
 2201 047d 7FBA2E32 		.ascii	"\177\272.23\310\334\337x\244\320&\275\313\246+\014h"
 2201      33C8DCDF 
 2201      78A4D026 
 2201      BDCBA62B 
 2201      0C68
 2202 048f 0C567B9E 		.ascii	"\014V{\236\330\324\351\012G\227\310tQ\032\227\265\323"
 2202      D8D4E90A 
 2202      4797C874 
 2202      511A97B5 
 2202      D3
 2203 04a0 75466661 		.ascii	"uFfaP\247\313\260\343\333\255a\312l]i\357\320\253#."
 2203      50A7CBB0 
 2203      E3DBAD61 
 2203      CA6C5D69 
 2203      EFD0AB23 
 2204 04b5 E9C87988 		.ascii	"\351\310y\210\331l\335\267\243+\336\3512\236+?m\226"
 2204      D96CDDB7 
 2204      A32BDEE9 
 2204      329E2B3F 
 2204      6D96
 2205 04c7 D7684E69 		.ascii	"\327hNi\376\350p\257\234\326\310t'\213\032\373\314L"
 2205      FEE870AF 
 2205      9CD6C874 
 2205      278B1AFB 
 2205      CC4C
 2206 04d9 B7F653D4 		.ascii	"\267\366S\324Mt\004N\367\362.\232\232\264\027m\030H"
 2206      4D74044E 
 2206      F7F22E9A 
 2206      9AB4176D 
 2206      1848
 2207 04eb 4DD9019B 		.ascii	"M\331\001\233Uy:\004\221\231\333\300\266\266\253(\205"
 2207      55793A04 
ARM GAS  /tmp/ccACgBoh.s 			page 179


 2207      9199DBC0 
 2207      B6B6AB28 
 2207      85
 2208 04fc 64A126A6 		.ascii	"d\241&\246\334\236\247q\362\232\310+\257n\235\306,L"
 2208      DC9EA771 
 2208      F29AC82B 
 2208      AF6E9DC6 
 2208      2C4C
 2209 050e FEE15C53 		.ascii	"\376\341\\S\341\254\030\\v\200\227\336gp\"\000\316\371"
 2209      E1AC185C 
 2209      768097DE 
 2209      67702200 
 2209      CEF9
 2210 0520 15D71FEA 		.ascii	"\025\327\037\352U8\221\350\272\002\247G\013gD\036\205"
 2210      553891E8 
 2210      BA02A747 
 2210      0B67441E 
 2210      85
 2211 0531 498563CE 		.ascii	"I\205c\316~\320lW\341\014)p\324\010\341r\311!\023D`"
 2211      7ED06C57 
 2211      E10C2970 
 2211      D408E172 
 2211      C9211344 
 2212 0546 1271B9FD 		.ascii	"\022q\271\375\230Q\305W\373\323\252M\002\303`E7\274"
 2212      9851C557 
 2212      FBD3AA4D 
 2212      02C36045 
 2212      37BC
 2213 0558 F42C03C7 		.ascii	"\364,\003\307*t*\275\355\243\267d_3$N\226a\355\017\010"
 2213      2A742ABD 
 2213      EDA3B764 
 2213      5F33244E 
 2213      9661ED0F 
 2214 056d 0B01AC9B 		.ascii	"\013\001\254\233\000\313LsZ\327\025\237\213\366\302"
 2214      00CB4C73 
 2214      5AD7159F 
 2214      8BF6C2
 2215 057c DAA3C012 		.ascii	"\332\243\300\022\374\303\272\245\302\332\265){(H\372"
 2215      FCC3BAA5 
 2215      C2DAB529 
 2215      7B2848FA 
 2216 058c 1B831505 		.ascii	"\033\203\025\005\260j\366\366\256\345UX\321\350\266"
 2216      B06AF6F6 
 2216      AEE55558 
 2216      D1E8B6
 2217 059b 02EB8E3F 		.ascii	"\002\353\216?X\202\212\302v\364\3106\253\012\353\346"
 2217      58828AC2 
 2217      76F4C836 
 2217      AB0AEBE6 
 2218 05ab F3B0EC2B 		.ascii	"\363\260\354+\236U\032UX#\006\025\326\017\255[\232\021"
 2218      9E551A55 
 2218      58230615 
 2218      D60FAD5B 
 2218      9A11
 2219 05bd 839588EE 		.ascii	"\203\225\210\356za\005\345\217\236\344\275\333ao\177"
 2219      7A6105E5 
 2219      8F9EE4BD 
ARM GAS  /tmp/ccACgBoh.s 			page 180


 2219      DB616F7F 
 2220 05cd A1251016 		.ascii	"\241%\020\026\014Xz\001K2U\007\257\331\220\027\341\305"
 2220      0C587A01 
 2220      4B325507 
 2220      AFD99017 
 2220      E1C5
 2221 05df D2AA60B1 		.ascii	"\322\252`\261\370\307rO\305\262nk\375\270N\372\273\346"
 2221      F8C7724F 
 2221      C5B26E6B 
 2221      FDB84EFA 
 2221      BBE6
 2222 05f1 01DB545E 		.ascii	"\001\333T^\377\251\366\371\272\257P\351\363G\305\242"
 2222      FFA9F6F9 
 2222      BAAF50E9 
 2222      F347C5A2 
 2223 0601 8E3964E9 		.ascii	"\2169d\351\261\203\202B\245\033vC_*\241\267[6\032\374"
 2223      B1838242 
 2223      A51B7643 
 2223      5F2AA1B7 
 2223      5B361AFC 
 2224 0615 2FA173B5 		.ascii	"/\241s\265M\343A\214J\024\352\367R\011\333\343Y\251"
 2224      4DE3418C 
 2224      4A14EAF7 
 2224      5209DBE3 
 2224      59A9
 2225 0627 A1F22430 		.ascii	"\241\362$0\025x\264\320\200J%\274\373\311\343\020/\225"
 2225      1578B4D0 
 2225      804A25BC 
 2225      FBC9E310 
 2225      2F95
 2226 0639 FB0A15AB 		.ascii	"\373\012\025\253\177*\203*\225\326\266\213\317\014\322"
 2226      7F2A832A 
 2226      95D6B68B 
 2226      CF0CD2
 2227 0648 3C462506 		.ascii	"<F%\006\250\024\035\274\325\035\244b\211E?*X\036\370"
 2227      A8141DBC 
 2227      D51DA462 
 2227      89453F2A 
 2227      581EF8
 2228 065b C3625507 		.ascii	"\303bU\007\035\261sd\330\244b\031y\036K\344\335\255"
 2228      1DB17364 
 2228      D8A46219 
 2228      791E4BE4 
 2228      DDAD
 2229 066d 557A15CB 		.ascii	"Uz\025\313e\015\226#\373O\257\221_#\357\240\207^,Q\365"
 2229      650D9623 
 2229      FB4FAF91 
 2229      5F23EFA0 
 2229      875E2C51 
 2230 0682 A74FA9EF 		.ascii	"\247O\251\357\316\336\341A!\020\026\035`y\244b\211\256"
 2230      CEDEE141 
 2230      2110161D 
 2230      6079A462 
 2230      89AE
 2231 0694 ADAA0AF2 		.ascii	"\255\252\012\362by\254`\261\371\3072\244bY\326\261\273"
 2231      6279AC60 
 2231      B1F9C732 
ARM GAS  /tmp/ccACgBoh.s 			page 181


 2231      A46259D6 
 2231      B1BB
 2232 06a6 0B491F69 		.ascii	"\013I\037i\260\334\351\310\276j\324b\371I\301\362\263"
 2232      B0DCE9C8 
 2232      BE6AD462 
 2232      F949C1F2 
 2232      B3
 2233 06b7 3F2C3675 		.ascii	"?,6u\3201\2459\215\266\200Xb\233\257VZ\374`\321pp\344"
 2233      D031A539 
 2233      8DB68058 
 2233      629BAF56 
 2233      5AFC60D1 
 2234 06ce 14DF33A9 		.ascii	"\024\3373\251\034\306\002s\320\003\207\307*\207\270"
 2234      1CC60273 
 2234      D00387C7 
 2234      2A87B8
 2235 06dd ADAB9B0C 		.ascii	"\255\253\233\014\352\011\244lM\247\225Y\330\003\276"
 2235      EA09A46C 
 2235      4DA79559 
 2235      D803BE
 2236 06ec 319FB097 		.ascii	"1\237\260\227\330\022\321\337\273\333QB\317\303O\031"
 2236      D812D1DF 
 2236      BBDB5142 
 2236      CFC34F19 
 2237 06fc B4D9B027 		.ascii	"\264\331\260'?\352\257\300\222\213A\213\203\370\357"
 2237      3FEAAFC0 
 2237      928B418B 
 2237      83F8EF
 2238 070b 06F3365A 		.ascii	"\006\3636Zdh\345\367\010\245x\364L\3016L\204\0046\351"
 2238      6468E5F7 
 2238      08A578F4 
 2238      4CC1364C 
 2238      840436E9 
 2239 071f 83874F20 		.ascii	"\203\207O \375:\330\335\273\274\256\234\342\203A\000"
 2239      FD3AD8DD 
 2239      BBBCAE9C 
 2239      E2834100 
 2240 072f F28737BA 		.ascii	"\362\2077\272-o7\270\227\022\241\236C#\350m:\230\370"
 2240      2D6F37B8 
 2240      9712A19E 
 2240      4323E86D 
 2240      3A98F8
 2241 0742 BD0FD788 		.ascii	"\275\017\327\210\312`\232{\013\352n\362l0A\023p\210"
 2241      CA609A7B 
 2241      0BEA6EF2 
 2241      6C304113 
 2241      7088
 2242 0754 13B79051 		.ascii	"\023\267\220Q\224\002\361#K\272d\376\301D@3tm\226\365"
 2242      9402F123 
 2242      4BBA64FE 
 2242      C1444033 
 2242      746D96F5 
 2243 0768 212FD0D3 		.ascii	"!/\320\323\235yL\321\357\177\225E\207\022\001\333\356"
 2243      9D794CD1 
 2243      EF7F9545 
 2243      871201DB 
 2243      EE
ARM GAS  /tmp/ccACgBoh.s 			page 182


 2244 0779 958C61A4 		.ascii	"\225\214a\244\222\244\370fY\177-}U&\"\204\306\331\233"
 2244      92A4F866 
 2244      597F2D7D 
 2244      55262284 
 2244      C6D99B
 2245 078c B2B9EBB8 		.ascii	"\262\271\353\270l\022\376\002\023\372\256tc\331\244"
 2245      6C12FE02 
 2245      13FAAE74 
 2245      63D9A4
 2246 079b E44D161D 		.ascii	"\344M\026\035A\004\023M\"I%IqvO\335R\372\036\027Q\037"
 2246      4104134D 
 2246      22492549 
 2246      71764FDD 
 2246      52FA1E17 
 2247 07b1 799B9133 		.ascii	"y\233\2213n\037\312\227\017\033Q>3%\225\300\202@\331"
 2247      6E1FCA97 
 2247      0F1B513E 
 2247      332595C0 
 2247      8240D9
 2248 07c4 98CE5430 		.ascii	"\230\316T0\355h\244\207\237\004\211O"
 2248      ED68A487 
 2248      9F04894F 
 2249 07d0 E477FD9A 		.ascii	"\344w\375\232\251\242\231\360Z\311W\353\014\220\330"
 2249      A9A299F0 
 2249      5AC957EB 
 2249      0C90D8
 2250 07df 848C2807 		.ascii	"\204\214(\007;X\177\344U\035C\302\330\273\254\326\317"
 2250      3B587FE4 
 2250      551D43C2 
 2250      D8BBACD6 
 2250      CF
 2251 07f0 BBEC03EF 		.ascii	"\273\354\003\357`\350\267\203\\L\326_\014=\3765t|\372"
 2251      60E8B783 
 2251      5C4CD65F 
 2251      0C3DFE35 
 2251      747CFA
 2252 0803 82E31F89 		.ascii	"\202\343\037\211Dy\370\227\216\177\371\230\035\377 "
 2252      4479F897 
 2252      8E7FF998 
 2252      1DFF20
 2253 0812 D7F50E14 		.ascii	"\327\365\016\024\340(\271\344\027s-\305\336\243ds\357"
 2253      E028B9E4 
 2253      17732DC5 
 2253      DEA36473 
 2253      EF
 2254 0823 C6BA1A79 		.ascii	"\306\272\032yh\261\201\346e\031\235\0272\013e_v\312"
 2254      68B181E6 
 2254      65199D17 
 2254      320B655F 
 2254      76CA
 2255 0835 F3E86092 		.ascii	"\363\350`\222\365K\335\017\345m\213\314\303r\306\013"
 2255      F54BDD0F 
 2255      E56D8BCC 
 2255      C372C60B 
 2256 0845 F27E8D59 		.ascii	"\362~\215Y\\\\\240E\265\342\371\274\361D\002\337\035"
 2256      5C5CA045 
 2256      B5E2F9BC 
ARM GAS  /tmp/ccACgBoh.s 			page 183


 2256      F14402DF 
 2256      1D
 2257 0856 208D9955 		.ascii	" \215\231U%\004Z\327\005l\311(\261\211/\210\245/\214"
 2257      25045AD7 
 2257      056CC928 
 2257      B1892F88 
 2257      A52F8C
 2258 0869 951363C5 		.ascii	"\225\023c\305\027\304\322]t\325\304X\351\005\261t\247"
 2258      17C4D25D 
 2258      74D5C458 
 2258      E905B174 
 2258      A7
 2259 087a 2924B17D 		.ascii	")$\261}h\223[\027`\237X\215\275\373\304\251\273'\236"
 2259      68935B17 
 2259      609F588D 
 2259      BDFBC4A9 
 2259      BB279E
 2260 088d E9250F62 		.ascii	"\351%\017b\033\305K \250j\\\335\246\234P\312{\310\374"
 2260      1BC54B20 
 2260      A86A5CDD 
 2260      A69C50CA 
 2260      7BC8FC
 2261 08a0 4C466BB0 		.ascii	"LFk\260\274Q\024a\330(\034\024M\002\031!\3518\351\217"
 2261      BC511461 
 2261      D8281C14 
 2261      4D021921 
 2261      E938E98F 
 2262 08b4 B26904D8 		.ascii	"\262i\004\3300\276\304l\303H\250\032\335}A}\267\256"
 2262      30BEC46C 
 2262      C348A81A 
 2262      DD7D417D 
 2262      B7AE
 2263 08c6 385EDC89 		.ascii	"8^\334\211\331\367\227ID\264*g\260\333\304\216\364\320"
 2263      D9F79749 
 2263      44B42A67 
 2263      B0DBC48E 
 2263      F4D0
 2264 08d8 93B68BBB 		.ascii	"\223\266\213\273.\370\036\351\327b\330\015\2131\335"
 2264      2EF81EE9 
 2264      D762D80D 
 2264      8B31DD
 2265 08e7 0DF3E937 		.ascii	"\015\363\3517\260\027\214r\235:\312\343'\233\312\315"
 2265      B0178C72 
 2265      9D3ACAE3 
 2265      279BCACD 
 2266 08f7 D2097994 		.ascii	"\322\011y\224I \250\337\263{\314\240\214\262\221tr\012"
 2266      4920A8DF 
 2266      B37BCCA0 
 2266      8CB29174 
 2266      720A
 2267 0909 5A8FE5AF 		.ascii	"Z\217\345\257`\033\350('\301\260\340]\325p\350\375\000"
 2267      601BE828 
 2267      27C1B0E0 
 2267      5DD570E8 
 2267      FD00
 2268 091b 3625AACD 		.ascii	"6%\252\315\231\316U\207m\322\015\331f*\010\206w\025"
 2268      99CE5587 
ARM GAS  /tmp/ccACgBoh.s 			page 184


 2268      6DD20DD9 
 2268      662A0886 
 2268      7715
 2269 092d 3EB2686D 		.ascii	">\262hm\246\241\215\212\315&\272\372\231GS@\217R\325"
 2269      A6A18D8A 
 2269      CD26BAFA 
 2269      99475340 
 2269      8F52D5
 2270 0940 63DF8D3D 		.ascii	"c\337\215=\005\026i@\366x\031\004GW}\337\022\244\365"
 2270      05166940 
 2270      F6781904 
 2270      47577DDF 
 2270      12A4F5
 2271 0953 988ECA14 		.ascii	"\230\216\312\024\217\315\032\217\326\200\036\036\325"
 2271      8FCD1A8F 
 2271      D6801E1E 
 2271      D5
 2272 0960 A3F6EE78 		.ascii	"\243\366\356x\243 \215\312\0363@p\354V\337\016\244\365"
 2272      A3208DCA 
 2272      1E334070 
 2272      EC56DF0E 
 2272      A4F5
 2273 0972 7805952B 		.ascii	"x\005\225+\036[4\036w\002zT\250\036u\267\367\025\353"
 2273      1E5B341E 
 2273      77027A54 
 2273      A81E75B7 
 2273      F715EB
 2274 0985 A412CC3C 		.ascii	"\244\022\314<\222A0t\267\3761\257\365\230\211*\025\217"
 2274      92413074 
 2274      B7FE31AF 
 2274      F598892A 
 2274      158F
 2275 0997 AF341EF7 		.ascii	"\2574\036\367\003zT\251\036\247\317\346<1Ku\262\307"
 2275      037A54A9 
 2275      1EA7CFE6 
 2275      3C314B75 
 2275      B2C7
 2276 09a9 2C10EC2D 		.ascii	",\020\354-\356\213\326Z\244\240\255\212E\265\306b0\240"
 2276      EE8BD65A 
 2276      A4A0AD8A 
 2276      45B5C662 
 2276      30A0
 2277 09bb 458D6AD1 		.ascii	"E\215j\321_\343\371\321\"u\313\026\257\202\340\336x"
 2277      5FE3F9D1 
 2277      2275CB16 
 2277      AF82E0DE 
 2277      78
 2278 09cc D3C109A8 		.ascii	"\323\301\011\250^C\265\212\307\1775\036\217\002zlS="
 2278      5E43B58A 
 2278      C77F351E 
 2278      8F027A6C 
 2278      533D
 2279 09de C66E7775 		.ascii	"\306nwu\232\245\307X\363\363A\313\371\201\356\011\253"
 2279      9AA5C758 
 2279      F3F341CB 
 2279      F981EE09 
 2279      AB
ARM GAS  /tmp/ccACgBoh.s 			page 185


 2280 09ef D78ABE56 		.ascii	"\327\212\276V<\266k<\036\007\364\330\241z,\271\341\331"
 2280      3CB66B3C 
 2280      1E07F4D8 
 2280      A17A2CB9 
 2280      E1D9
 2281 0a01 64957279 		.ascii	"d\225ry\346\361:\010\036\025\335/\232\260tg\243\235"
 2281      E6F13A08 
 2281      1E15DD2F 
 2281      9AB07467 
 2281      A39D
 2282 0a13 8AC72E8D 		.ascii	"\212\307.\215\307p@\217:\325ci\363\301\012\233T${\274"
 2282      C770408F 
 2282      3AD56369 
 2282      F3C10A9B 
 2282      54247BBC 
 2283 0a27 0182CDB9 		.ascii	"\001\202\315\271=G\315Z\217_\241\335\212\307\036\215"
 2283      3D47CD5A 
 2283      8F5FA1DD 
 2283      8AC71E8D 
 2284 0a37 C778408F 		.ascii	"\307x@\217z\325\343N}i\241N\332\314kX5\347\254\314\361"
 2284      7AD5E34E 
 2284      7D69A14E 
 2284      DACC6B58 
 2284      35E7ACCC 
 2285 0a4c 61B557F1 		.ascii	"a\265W\361\370F\343Q\331\031\310\243A\365X\267\333\323"
 2285      F846E351 
 2285      D919C8A3 
 2285      41F558B7 
 2285      DBD3
 2286 0a5e 8FA46DBC 		.ascii	"\217\244m\274\346\021\\\223W^\206&>\202\373\024\217"
 2286      E6115C93 
 2286      575E8626 
 2286      3E82FB14 
 2286      8F
 2287 0a6f FD1A8FEA 		.ascii	"\375\032\217\352\200\036\215\252\307\267g\177l\326K"
 2287      801E8DAA 
 2287      C7B7677F 
 2287      6CD64B
 2288 0a7e 8D5A8FE6 		.ascii	"\215Z\217\346\372\306R\237\307\274I\361h\226=`\213M"
 2288      FAC6529F 
 2288      C7BC49F1 
 2288      68963D60 
 2288      8B4D
 2289 0a90 BC38D8F1 		.ascii	"\2748\330\361\224\227O\332\371\345\015\235u<\333a_\362"
 2289      94974FDA 
 2289      F9E50D9D 
 2289      753CDB61 
 2289      5FF2
 2290 0aa2 717DB304 		.ascii	"q}\263\004~\013@\007\230\3534\262\273jOLo\221\023S\013"
 2290      7E0B4007 
 2290      98EB34B2 
 2290      BB6A4F4C 
 2290      6F911353 
 2291 0ab7 7678F8B7 		.ascii	"vx\370\267\3414}\267}\310\241f\361\006\315!A\255\230"
 2291      E1347DB7 
 2291      7DC8A166 
 2291      F106CD21 
ARM GAS  /tmp/ccACgBoh.s 			page 186


 2291      41AD98
 2292 0aca 1E8C7F26 		.ascii	"\036\214\177&\227\323\035\361\215\325\005\360\216\314"
 2292      97D31DF1 
 2292      8DD505F0 
 2292      8ECC
 2293 0ad8 3FB4BAC9 		.ascii	"?\264\272\311\306\336\305\030\265aG\002\374\\'v\365"
 2293      C6DEC518 
 2293      B5614702 
 2293      FC5C2776 
 2293      F5
 2294 0ae9 9F3E4EBF 		.ascii	"\237>N\277A\240\002\036~\370v\263/\352\003\010\223\016"
 2294      41A0021E 
 2294      7EF876B3 
 2294      2FEA0308 
 2294      930E
 2295 0afb 4CA64926 		.ascii	"L\246I&Ct\334\305\212\202i$[b\343\236\202\026\276\214"
 2295      4374DCC5 
 2295      8A826924 
 2295      5B62E39E 
 2295      8216BE8C 
 2296 0b0f 4722C811 		.ascii	"G\"\310\021S\300\257}\034\0277s\346,\362o^F\246s\226"
 2296      53C0AF7D 
 2296      1C173773 
 2296      E62CF26F 
 2296      5E46A673 
 2297 0b24 2B73DEAC 		.ascii	"+s\336\254\324\014\327?\\\237\273\262\234\013g\316\343"
 2297      D40CD73F 
 2297      5C9FBBB2 
 2297      9C0B67CE 
 2297      E3
 2298 0b35 0CAEAC4C 		.ascii	"\014\256\254Lg\352B]j\346\207\363\240\370\314\220\351"
 2298      67EA425D 
 2298      6AE687F3 
 2298      A0F8CC90 
 2298      E9
 2299 0b46 CCFA2CF5 		.ascii	"\314\372,\365c\236\374\307\363\263\254\311\311\363S"
 2299      639EFCC7 
 2299      F3B3ACC9 
 2299      C9F353
 2300 0b55 B39C53B2 		.ascii	"\263\234S\262\322\026:9\375\347\316\324L\316\2600#="
 2300      D2163A39 
 2300      FDE7CED4 
 2300      4CCEB030 
 2300      233D
 2301 0b67 6B01A79B 		.ascii	"k\001\247\233\237\3729\247_\220\261(\2233.LK_\224\345"
 2301      9FFA39A7 
 2301      5F90B128 
 2301      93332E4C 
 2301      4B5F94E5 
 2302 0b7b E48C2EE7 		.ascii	"\344\214.\347\274\214\364\371\334\214E\351\037\245g"
 2302      BC8CF4F9 
 2302      DC8C45E9 
 2302      1FA567
 2303 0b8a FC2B5DCC 		.ascii	"\374+]\314\370$+-#]\234\232\344\232*fd\212i\351$i\332"
 2303      F8242B2D 
 2303      235D9C9A 
 2303      E49A2A66 
ARM GAS  /tmp/ccACgBoh.s 			page 187


 2303      648A69E9 
 2304 0ba1 7C91948B 		.ascii	"|\221\224\213\234\264V\340R \375,H/\272\234YbV\206\230"
 2304      9CB456E0 
 2304      5220FD2C 
 2304      482FBA9C 
 2304      59625686 
 2305 0bb6 94327B51 		.ascii	"\2242{QrR\312k\254\020\241\230\343-\004.\364/\256\324"
 2305      7252CA6B 
 2305      AC10A198 
 2305      E32D042E 
 2305      F42FAED4 
 2306 0bca 0F9D73C4 		.ascii	"\017\235s\304$\2278\367\275?\377~\356\037\005N\230K"
 2306      249738F7 
 2306      BD3FFF7E 
 2306      EE1F054E 
 2306      984B
 2307 0bdc 7D5C7304 		.ascii	"}\\s\004\316.\212\311\311\013\234\037\177\362\212\230"
 2307      CE2E8AC9 
 2307      C90B9C1F 
 2307      7FF28A98 
 2308 0bec BC40E01C 		.ascii	"\274@\340\034\"\371\274\227\231\226N2/Hs\211\320\"f"
 2308      22F9BC97 
 2308      99964E32 
 2308      2F487389 
 2308      D02266
 2309 0bff 39FF9D35 		.ascii	"9\377\2355S\340\242 \324;8H&\376\365w\177\020\270W@"
 2309      53E0A220 
 2309      D43B3848 
 2309      26FEF577 
 2309      7F10B857 
 2310 0c14 F327E8CB 		.ascii	"\363'\350\313\002\247\250\366\216u:\343\003\032H\272"
 2310      02A7A8F6 
 2310      8E753AE3 
 2310      031A48BA 
 2311 0c24 49624992 		.ascii	"IbI\222hj\220\341r\245\375\363c\232\303%\246f:IG\254"
 2311      686A90E1 
 2311      72A5FDF3 
 2311      639AC325 
 2311      A6663A49 
 2312 0c3a 22FD0031 		.ascii	"\"\375\0001\201\263\261\033\012N\340,\354\216\360\363"
 2312      81B3B11B 
 2312      0A4EE02C 
 2312      EC8EF0F3 
 2313 0c4a 860146DA 		.ascii	"\206\001F\332y\032Fizo\031T\201\373?\360$E\214"
 2313      791A4669 
 2313      7A6F1954 
 2313      81FB3FF0 
 2313      24458C
 2314              		.text
 2315              		.section	.gnu.lto_aosSysShutdownInit.edd9554f8e7f11af,"e",%progbits
 2316 0000 789C6D92 		.ascii	"x\234m\222\333KTQ\024\306\367w\3269\307\343\245\307"
 2316      DB4B5451 
 2316      14C6F777 
 2316      D639C7E3 
 2316      A5C7
 2317 0012 E8C12045 		.ascii	"\350\301 E\302|\231\221z\350\261\376\201^\372\007BT"
 2317      C27C9991 
ARM GAS  /tmp/ccACgBoh.s 			page 188


 2317      7AE8B1FE 
 2317      815EFA07 
 2317      4254
 2318 0024 C887149C 		.ascii	"\310\207\024\234\211\350\311=\323\214w\0144\231\021"
 2318      89E8C93D 
 2318      D38C770C 
 2318      349911
 2319 0033 1A664A44 		.ascii	"\032fJD1\350F\012^\262\223\267\312T\304R\272\240\222"
 2319      31E8460A 
 2319      5EB293B7 
 2319      CA54C452 
 2319      BAA092
 2320 0046 412A84BE 		.ascii	"A*\204\276\230\341\213\323\332\373\214`\331\341\034"
 2320      98E18BD3 
 2320      DAFB8C60 
 2320      D9E11C
 2321 0055 F6DE67AD 		.ascii	"\366\336g\255\357\267\327\267\366v\004\304Y\022\342"
 2321      EFB7D7B7 
 2321      F67604C4 
 2321      5912E2
 2322 0064 9210E20A 		.ascii	"\222\020\342\012\177\260\005\014)\345\345\254\220c\220"
 2322      7FB0050C 
 2322      29E5E5AC 
 2322      906390
 2323 0073 F568A9FF 		.ascii	"\365h\251\377\244-\03533\322\341\010+\223cff\260\000"
 2323      A42D1D33 
 2323      33D2E108 
 2323      2B936366 
 2323      66B000
 2324 0086 3D910E44 		.ascii	"=\221\016D\235A\246\205:\334\245\030a\274\341\307\220"
 2324      9D41A685 
 2324      3ADCA518 
 2324      61BCE1C7 
 2324      90
 2325 0097 51D2CB41 		.ascii	"Q\322\313A\351\306\306.\256\313\005II\336\261\213?\357"
 2325      E9C6C62E 
 2325      AECB0549 
 2325      49DEB18B 
 2325      3FEF
 2326 00a9 C1304A38 		.ascii	"\3010J8\2611=\337\224Kg x\376\274i\306_\334#eX\272\223"
 2326      B1313DDF 
 2326      944B6720 
 2326      78FEBC69 
 2326      C65FDC23 
 2327 00c1 51927949 		.ascii	"Q\222yI\002F@\254\301\205|\224\346\013\301\177X9\212"
 2327      024640AC 
 2327      C1857C94 
 2327      E60BC17F 
 2327      58398A
 2328 00d4 62A1F2D7 		.ascii	"b\241\362\327\237\035t\236\260\315\014\024/\225\015"
 2328      9F1D749E 
 2328      B0CD0C14 
 2328      2F950D
 2329 00e3 9E3C59B4 		.ascii	"\236<Y\264\\y\220n\220\356\364*\332\357\255\370l\003"
 2329      5C79906E 
 2329      90EEF42A 
 2329      DAEFADF8 
ARM GAS  /tmp/ccACgBoh.s 			page 189


 2329      6C03
 2330 00f5 9EA68584 		.ascii	"\236\246\205\204\252\310\204t\205h%\303[\204x\261\205"
 2330      AAC88474 
 2330      856825C3 
 2330      5B8478B1 
 2330      85
 2331 0106 486A63E7 		.ascii	"Hjc\347\274b$\310`\366h\"\234\262\213\036H\375\3649"
 2331      BC6224C8 
 2331      60F66822 
 2331      9CB28B1E 
 2331      48FDF439 
 2332 011a E2EFE239 		.ascii	"\342\357\3429!\276\326\274h\305\320\0312UH`\014Ejx\205"
 2332      21BED6BC 
 2332      68C5D019 
 2332      32554860 
 2332      0C456A78 
 2333 012f 1838BAFD 		.ascii	"\0308\272\375\275\255\223\264<\344noZQ\031\3051\302"
 2333      BDAD93B4 
 2333      3CE46E6F 
 2333      5A5119C5 
 2333      31C2
 2334 0141 E4B72FD1 		.ascii	"\344\267/\321\2746R.\013x\2717\266\367\331V\300\210"
 2334      BC36522E 
 2334      0B78B937 
 2334      B6F7D956 
 2334      C088
 2335 0153 94059C8C 		.ascii	"\224\005\234\214\327\310\027p=\354\270\207}\321\233"
 2335      D7C81770 
 2335      3DECB887 
 2335      7DD19B
 2336 0162 187032D8 		.ascii	"\030p2\330\231-\213\013;Fm]\033\354\315\366\250\205"
 2336      992D8B0B 
 2336      3B466D5D 
 2336      1BECCDF6 
 2336      A885
 2337 0174 BCFCF87B 		.ascii	"\274\374\370{n\312<J\235T\324\011\217:\305T\241:A\365"
 2337      6ECA3C4A 
 2337      9D54D409 
 2337      8F3AC554 
 2337      A13A41F5 
 2338 0188 1D1FFAA1 		.ascii	"\035\037\372\241;\261\211Pj`\327P\235\320\233\377D4"
 2338      3BB18950 
 2338      6A60D750 
 2338      9DD09BFF 
 2338      4434
 2339 019a 35B25BAB 		.ascii	"5\262[\253\273\313\274D\337l:;\202p\210w6\272\364qL"
 2339      BBCBBC44 
 2339      DF6C3A3B 
 2339      82708877 
 2339      36BAF471 
 2340 01af 23A28FAF 		.ascii	"#\242\217\257\355\316\316\252\243v&\374\233I\335\344"
 2340      EDCECEAA 
 2340      A37626FC 
 2340      9B49DDE4 
 2341 01bf 55B7FC75 		.ascii	"U\267\374uz\001=\350\346n\230x\313B\274\341zTd\270\275"
 2341      7A013DE8 
 2341      E66E9878 
ARM GAS  /tmp/ccACgBoh.s 			page 190


 2341      CB42BCE1 
 2341      7A5464B8 
 2342 01d4 F1A95DFA 		.ascii	"\361\251]\372X\265\233\353\264\360\216\323\342\2241"
 2342      58B59BEB 
 2342      B4F08ED3 
 2342      E29431
 2343 01e3 35DE5CBF 		.ascii	"5\336\\\277\234\243X\215:jc\006\245\336y\277g\006'\264"
 2343      9CA3588D 
 2343      3A6A6306 
 2343      A5DE79BF 
 2343      670627B4 
 2344 01f7 740F8E64 		.ascii	"t\017\216d\025\236K\3128\207\263\224d\277\371\376CC"
 2344      159E4BCA 
 2344      3887B394 
 2344      64BFF9FE 
 2344      4343
 2345 0209 49E25AE2 		.ascii	"I\342Z\342`\026\205\236d\216%I\312\326\306\315O\375"
 2345      6016859E 
 2345      648E2549 
 2345      CAD6C6CD 
 2345      4FFD
 2346 021b 4B478C6F 		.ascii	"KG\214o\354^\325\306'\264q\372\237\351\234.2\330\364"
 2346      EC5ED5C6 
 2346      27B471FA 
 2346      9FE99C2E 
 2346      32D8F4
 2347 022e BC329DA4 		.ascii	"\2742\235\244\\M\261:\206\366\323\244(\330\004\274\273"
 2347      5C4DB13A 
 2347      86F6D3A4 
 2347      28D804BC 
 2347      BB
 2348 023f B08D706A 		.ascii	"\260\215pj\343\227\276Q\372hZ\010^\226\272{B\234\366"
 2348      E397BE51 
 2348      FA685A08 
 2348      5E96BA7B 
 2348      429CF6
 2349 0252 F9FCFC96 		.ascii	"\371\374\374\226\327\324V\372\003\265\345\376\262\232"
 2349      D7D456FA 
 2349      03B5E5FE 
 2349      B29A
 2350 0260 C0B5C0ED 		.ascii	"\300\265\300\355@\260\362\206\257\\8\201\3537\203\025"
 2350      40B0F286 
 2350      AF5C3881 
 2350      EB378315 
 2351 0270 35B7AA4F 		.ascii	"5\267\252O\035N\012\252\252\253\202Ue\301\312\012\237"
 2351      1D4E0AAA 
 2351      AAAB8255 
 2351      65C1CA0A 
 2351      9F
 2352 0281 CF9723FE 		.ascii	"\317\227#\376\000\257\217\0378"
 2352      00AF8F1F 
 2352      38
 2353              		.text
 2354              		.section	.gnu.lto_aosSysStop.edd9554f8e7f11af,"e",%progbits
 2355 0000 789C7D50 		.ascii	"x\234}PMK\033Q\024\275\347\3357\231\211\350/H)n\263"
 2355      4D4B1B51 
 2355      14BDE7DD 
ARM GAS  /tmp/ccACgBoh.s 			page 191


 2355      379989E8 
 2355      2F48296E 
 2356 0015 49A42BC1 		.ascii	"I\244+\301\215\177\241\376\201R\202K\021\214\033W>\223"
 2356      8D7FA1FE 
 2356      8152824B 
 2356      118C1B57 
 2356      3E93
 2357 0027 5885D8A4 		.ascii	"X\205\330\244\004j\232\205L\250\210\026$\352\322\357"
 2357      046A9A85 
 2357      4CA88816 
 2357      24EAD2EF 
 2358 0037 F17BE342 		.ascii	"\361{\343B\244\324\205X\212\245BKh\3542\012\023\337"
 2358      A4D48558 
 2358      8AA5424B 
 2358      68EC320A 
 2358      13DF
 2359 0049 9B8CA594 		.ascii	"\233\214\245\224\322\307\0338o\356=\347\334{\034\002"
 2359      D2C71B38 
 2359      6FEE3DE7 
 2359      DC7B1C02 
 2360 0059 DD83E829 		.ascii	"\335\203\350)\021=\327\037\"\004\241\224\352\267'\034"
 2360      113DD71F 
 2360      2204A194 
 2360      EAB7271C 
 2361 0069 0119220E 		.ascii	"\001\031\"\016\321\236#\005\237\337\336\365J\325a\325"
 2361      D19E2305 
 2361      9FDFDEF5 
 2361      4AD561D5 
 2362 0079 8A93B654 		.ascii	"\212\223\266T\235\026\020\324\224\003\032\027,-\214"
 2362      9D1610D4 
 2362      94031A17 
 2362      2C2D8C
 2363 0088 0B49BF4F 		.ascii	"\013I\277O\221\313\214\375\251\233u\021_\324}\312+\317"
 2363      91CB8CFD 
 2363      A99B7511 
 2363      5FD47DCA 
 2363      2BCF
 2364 009a F65DAB33 		.ascii	"\366]\2533\305.\023U\370\261\015\033\210\023\351\326"
 2364      C52E1355 
 2364      F8B10D1B 
 2364      8813E9D6 
 2365 00aa EB35FF6D 		.ascii	"\3535\377mWD\206%l\232\2014X9\267<\345\267\246\224w"
 2365      57448625 
 2365      6C9A8134 
 2365      5839B73C 
 2365      E5B7A694 
 2366 00bf 5347E963 		.ascii	"SG\351c#i\203\\\326\225<\323\355\335R/\224g\260\010"
 2366      2369835C 
 2366      D6953CD3 
 2366      EDDD522F 
 2366      9467B008 
 2367 00d3 7056E319 		.ascii	"pV\343\031\346\342\344\305\011\007\217:r\325E\177 P"
 2367      E6E2E4C5 
 2367      09078F3A 
 2367      72D5457F 
 2367      2050
 2368 00e5 D31E734B 		.ascii	"\323\036sK\247\255h\016\231\011\307eQ1*\330B\016\246"
ARM GAS  /tmp/ccACgBoh.s 			page 192


 2368      A7AD680E 
 2368      9909C765 
 2368      51312AD8 
 2368      420EA6
 2369 00f8 F4EAE8CD 		.ascii	"\364\352\350\315fWA\017\307\020\330F\314e\251\331\331"
 2369      6657410F 
 2369      C710D846 
 2369      CC65A9D9 
 2369      D9
 2370 0109 EA075FFC 		.ascii	"\352\007_\374\213mUXh\366\216a\273\034!\343k\242R2\360"
 2370      8B6D5558 
 2370      68F68E61 
 2370      BB1C21E3 
 2370      6BA25232 
 2371 011e FD81CCD6 		.ascii	"\375\201\314\326\367\372\3252\014w\216\241\331\205l"
 2371      F7FAD532 
 2371      0C778EA1 
 2371      D9856C
 2372 012d E3B3630C 		.ascii	"\343\263c\014l\374-f\317\233\235\365\317O\227\307gX"
 2372      6CFC2D66 
 2372      CF9B9DF5 
 2372      CF4F97C7 
 2372      6758
 2373 013f C03C5C76 		.ascii	"\300<\\v\340im\354\"\026T6J\323\253\221\236\232q\350"
 2373      E0696DEC 
 2373      22165436 
 2373      4AD3AB91 
 2373      9E9A71E8 
 2374 0153 76398A3D 		.ascii	"v9\212=\335\366\256\235\324>z\350\033rW\007\247\177"
 2374      DDF6AE9D 
 2374      D43E7AE8 
 2374      1B725707 
 2374      A77F
 2375 0165 B82DE4DF 		.ascii	"\270-\344\337\267\327\211\352u\016\214H0\242\365\353"
 2375      B7D789EA 
 2375      750E8C48 
 2375      30A2F5EB 
 2376 0175 312693CC 		.ascii	"1&\223\314W\377\331\177\2229\014\223\361\276\274nr;"
 2376      57FFD97F 
 2376      92390C93 
 2376      F1BEBC6E 
 2376      723B
 2377 0187 991670D4 		.ascii	"\231\026p\324\216\346'2\325f\030\2159yF \235\361\314"
 2377      8EE62732 
 2377      D566188D 
 2377      39794620 
 2377      9DF1CC
 2378 019a EB492291 		.ascii	"\353I\"\221\32475<2\230L\217\244\222/\207\323/\322c"
 2378      D437353C 
 2378      32984C8F 
 2378      A4922F87 
 2378      D32FD263 
 2379 01ae E9D1C1A1 		.ascii	"\351\321\301\241D\212\036\000\010\343\273\377"
 2379      448A1E00 
 2379      08E3BBFF 
 2380              		.text
 2381              		.section	.gnu.lto_aosSysDeinit.edd9554f8e7f11af,"e",%progbits
ARM GAS  /tmp/ccACgBoh.s 			page 193


 2382 0000 789C454D 		.ascii	"x\234EM1\017\301`\024\274\373\276\242\213\177\200\335"
 2382      310FC160 
 2382      14BCFBBE 
 2382      A28B7F80 
 2382      DD
 2383 0011 D226FE00 		.ascii	"\322&\376\000\377D\2441\212D-&\217\245C%\022\"\215\211"
 2383      FF44A431 
 2383      8A442D26 
 2383      8FA54325 
 2383      12228D89 
 2384 0025 CD28462C 		.ascii	"\315(F,\215_ b0\033\214V[\371Z\022\227w\311\273\334"
 2384      8D5F2062 
 2384      301B8C56 
 2384      5BF95A12 
 2384      9777C9BB 
 2385 003a DD7B3688 		.ascii	"\335{6\2109\200\212a\331\220\032T\"\322(\214lEf\233"
 2385      39808A61 
 2385      D9901A54 
 2385      22D2288C 
 2385      6C45669B 
 2386 004e D8C45071 		.ascii	"\330\304Pq\310\251\2164O\301c\257\252\033\343H\034\335"
 2386      C8A98E34 
 2386      4FC163AF 
 2386      AA1BE348 
 2386      1CDD
 2387 0060 EA77398B 		.ascii	"\352w9\213^i`i\370\005\017\254\002&z\337%\213b\336\372"
 2387      5E696069 
 2387      F8050FAC 
 2387      02267ADF 
 2387      258B62DE 
 2388 0075 593C326F 		.ascii	"Y<2o\276\001\333K.\226\344\035H\374L8\273\276\\\005"
 2388      BE01DB4B 
 2388      2E96E41D 
 2388      48FC4C38 
 2388      BBBE5C05 
 2389 0089 841AE945 		.ascii	"\204\032\351E\213\022\003\023\255\276bd\304\223\343"
 2389      8B120313 
 2389      ADBE6264 
 2389      C493E3
 2390 0098 F5F15DCB 		.ascii	"\365\361]\313\332)B\315\177\022(9\216k\306\353\366\332"
 2390      DA2942CD 
 2390      7F122839 
 2390      8E6BC6EB 
 2390      F6DA
 2391 00aa AEDFF3DC 		.ascii	"\256\337\363\334V\327o\372\003\277\337\3568\036>\376"
 2391      56D76FFA 
 2391      03BFDFEE 
 2391      381E3EFE 
 2392 00ba F23E86   		.ascii	"\362>\206"
 2393              		.text
 2394              		.section	.gnu.lto_aosSysGetStdGpioCallback.edd9554f8e7f11af,"e",%progbits
 2395 0000 789C458E 		.ascii	"x\234E\216\275J\003Q\020\205\317\271w\215\253\350\023"
 2395      BD4A0351 
 2395      1085CFB9 
 2395      778DABE8 
 2395      13
 2396 0011 44259590 		.ascii	"D%\225\220f\267\266\363MD\226\224\022\310\332XevYTT"
ARM GAS  /tmp/ccACgBoh.s 			page 194


 2396      66B7B6F3 
 2396      4D449694 
 2396      12C8DA58 
 2396      65765954 
 2397 0026 54341253 		.ascii	"T4\022S\304\025,\264\013\202\215\277,\010\202\222J0"
 2397      C4152CB4 
 2397      0B828DBF 
 2397      2C088292 
 2397      4A30
 2398 0038 A5850F60 		.ascii	"\245\205\017`cc\2258W\013\207;p\277\341\314\307\370"
 2398      63639538 
 2398      570B873B 
 2398      70BFE1CC 
 2398      C7F8
 2399 004a 20DE00CC 		.ascii	" \336\000\314i\317j\323\202FD\026\307\023\337\220\277"
 2399      69CF6AD3 
 2399      82464416 
 2399      C713DF90 
 2399      BF
 2400 005b 3FF189A6 		.ascii	"?\361\211\246a\223{\266m\371\236v\277\247vm\256AO\261"
 2400      61937BB6 
 2400      6DF99E76 
 2400      BFA7766D 
 2400      AE414FB1 
 2401 006f F572F53C 		.ascii	"\365r\365<\351\220\254(f\203\223k\257z.\222J\321>\230"
 2401      E990AC28 
 2401      6683936B 
 2401      AF7A2E92 
 2401      4AD13E98 
 2402 0083 FF7A5CDF 		.ascii	"\377z\\\337\332gn\015:\232\277e\2317,\303\025\357X\005"
 2402      DA676E0D 
 2402      3A9ABF65 
 2402      99372CC3 
 2402      15EF5805 
 2403 0097 74E3E372 		.ascii	"t\343\343rx4]\362\\\300\215\357Y\322\223\200\336\353"
 2403      78345DF2 
 2403      5CC08DEF 
 2403      59D29380 
 2403      DEEB
 2404 00a9 5821C3D1 		.ascii	"X!\303\321\206\024\203c\036\266\236\026\014\260m\241"
 2404      86148363 
 2404      1EB69E16 
 2404      0CB06DA1 
 2405 00b9 07894729 		.ascii	"\007\211G)\200\035k\376 Q\370dz\332\353\237Y\267\256"
 2405      801D6BFE 
 2405      2051F864 
 2405      7ADAEB9F 
 2405      59B7AE
 2406 00cc CEEE457F 		.ascii	"\316\356E\1774\2211M6E*\271\265\035\253J>0sf\325\360"
 2406      3491314D 
 2406      36452AB9 
 2406      B51DAB4A 
 2406      3E307366 
 2407 00e2 5F03CC04 		.ascii	"_\003\314\004A\250/\2527ja\334\210\302\345z\274\024"
 2407      41A82FAA 
 2407      376A61DC 
 2407      88C2E57A 
ARM GAS  /tmp/ccACgBoh.s 			page 195


 2407      BC14
 2408 00f4 AFC5ABB5 		.ascii	"\257\305\253\265\225 \302\017\035\240R\364"
 2408      9520C20F 
 2408      1DA052F4 
 2409              		.text
 2410              		.section	.gnu.lto_.symbol_nodes.edd9554f8e7f11af,"e",%progbits
 2411 0000 789C7596 		.ascii	"x\234u\226\375W\024\327\031\307\357}\006\026X\204]\030"
 2411      FD5714D7 
 2411      19C7EF7D 
 2411      06165884 
 2411      5D18
 2412 0012 D7F70021 		.ascii	"\327\367\000!D\362\236\030Mbb4iO\376\022\333\323\236"
 2412      44F29E18 
 2412      4D626234 
 2412      694FFE12 
 2412      DBD39E
 2413 0025 63CF49CF 		.ascii	"c\317I\317\311\017\375A\317\351\305\355\220\026b\024"
 2413      C90FFD41 
 2413      CFE9C5ED 
 2413      90166214 
 2414 0035 44146945 		.ascii	"D\024iE]\227\027\301\2505bQI[\226I0\025Q!\013*\206\215"
 2414      5D9717C1 
 2414      A8356251 
 2414      495B9649 
 2414      30155121 
 2415 004d CB601015 		.ascii	"\313`\020\025_\242F\004\264\367>\263;s=\271\273\277"
 2415      5FA24604 
 2415      B4F73EB3 
 2415      3B733DB9 
 2415      BBBF
 2416 005f 7C3FCFF3 		.ascii	"|?\317\363}\356\353\334\271\263\231\204\222\243\371"
 2416      7DEEEBDC 
 2416      B9B39984 
 2416      92A3F9
 2417 006e 8410784C 		.ascii	"\204\020xL\030\224\361_\032\255\352#\204\021r\274\254"
 2417      1894F15F 
 2417      1AADEA23 
 2417      841172BC 
 2417      AC
 2418 007f ABCCC36D 		.ascii	"\253\314\303m\376K\217\300\333EB\277\006RVL\210\006"
 2418      FE4B8FC0 
 2418      DB4542BF 
 2418      0652564C 
 2418      8806
 2419 0091 BB80694F 		.ascii	"\273\200iOUw\354q\253\317\002`\3659\240Ba'\260\264\224"
 2419      5577EC71 
 2419      ABCF0260 
 2419      F539A042 
 2419      6127B0B4 
 2420 00a6 C515A06D 		.ascii	"\305\025\240m,\026U\233)KO5\001\330\015\214\244\354"
 2420      2C16559B 
 2420      294B4F35 
 2420      01D80D8C 
 2420      A4EC
 2421 00b8 A212D270 		.ascii	"\242\022\322pV\351\233\340\035\033>\203\225\366<\033"
 2421      56E99BE0 
 2421      1D1B3E83 
ARM GAS  /tmp/ccACgBoh.s 			page 196


 2421      95F63C1B 
 2422 00c8 807952B5 		.ascii	"\200yR\265\203:\215e\310&=nt\225\025%\314m\3002o?jY"
 2422      833A8D65 
 2422      C8263D6E 
 2422      74951525 
 2422      CC6DC032 
 2423 00e0 996C78A2 		.ascii	"\231lx\242\354W\011\247\026X\226\354\324;N=0\357S\243"
 2423      EC5709A7 
 2423      165896EC 
 2423      D43B4E3D 
 2423      30EF53A3 
 2424 00f4 398D680F 		.ascii	"9\215h\017\260\354'\211_!\332\204\224\355\371\2207\372"
 2424      B0EC2789 
 2424      5F21DA84 
 2424      94EDF990 
 2424      37FA
 2425 0106 3BB039CA 		.ascii	";\2609\312\201\350)`T\335\346\037\300rRn\307w\3602n"
 2425      81E82960 
 2425      54DDE61F 
 2425      C072526E 
 2425      C777F032 
 2426 011b 7F145E41 		.ascii	"\177\024^A\035\204\027Q\207\340%\324\013P\212z\021^"
 2426      1D841751 
 2426      87E025D4 
 2426      0B508A7A 
 2426      115E
 2427 012d 40BD04CF 		.ascii	"@\275\004\317\243\016\303R\324\313\360\034\352\367P"
 2427      A30EC352 
 2427      D4CBF01C 
 2427      EAF750
 2428 013c 823A02CF 		.ascii	"\202:\002\317\242\306\240\030\365\007(D\275\002E\250"
 2428      A2C6A018 
 2428      F5072844 
 2428      BD0245A8 
 2429 014c 71780675 		.ascii	"qx\006u\024\012P\017\301b\324\303\260\004\365\237\260"
 2429      140A500F 
 2429      C162D4C3 
 2429      B004F59F 
 2429      B0
 2430 015d 10F5082C 		.ascii	"\020\365\010,B\375\022\346\243\036\205\005\250\355\020"
 2430      42FD12E6 
 2430      A31E8505 
 2430      A8ED10
 2431 016c 403D06F3 		.ascii	"@=\006\363P\377\005:j\007\314E=\016y\250' \037\365$"
 2431      50FF053A 
 2431      6A07CC45 
 2431      3D0E79A8 
 2431      27201FF5 
 2432 0181 F8503BC1 		.ascii	"\370P;\301\217\372\025\344\240\376\033rQ-\310F\035\203"
 2432      8FFA15E4 
 2432      A0FE1B72 
 2432      512DC846 
 2432      1D83
 2433 0193 39A85721 		.ascii	"9\250W!\013\365G\360\242\216C\006\3525\310D\235\200"
 2433      0BF547F0 
 2433      A28E4306 
 2433      EA35C844 
ARM GAS  /tmp/ccACgBoh.s 			page 197


 2433      9D80
 2434 01a5 74D4EBE0 		.ascii	"t\324\353\340A\255\326\336\025\207\207\244o\325\336"
 2434      41ADD6DE 
 2434      158787A4 
 2434      6FD5DE
 2435 01b4 B3A1465B 		.ascii	"\263\241F[e\3036\355}\004\010\001\313U?i\330\003\314"
 2435      65C336ED 
 2435      7D040801 
 2435      CB553F69 
 2435      D803CC
 2436 01c7 A7B6D27B 		.ascii	"\247\266\322{a5\216\3609\274i\237\323*Xf\303\026x\303"
 2436      61358EF0 
 2436      39BC699F 
 2436      D32A5866 
 2436      C31678C3 
 2437 01db 866A78DD 		.ascii	"\206jx\335\206\255\360\232\0155\360\252}\226\367\001"
 2437      86ADF09A 
 2437      0D35F0AA 
 2437      7D96F701 
 2438 01eb F3A71833 		.ascii	"\363\247\0303\014,/\305\230\217a9\276\204\333\201\345"
 2438      0C2C2FC5 
 2438      988F6139 
 2438      BE84DB81 
 2438      E5
 2439 01fc CFEE1AC8 		.ascii	"\317\356\032\310\377e\305AX\203\263\372\017|\200\225"
 2439      FF65C541 
 2439      5883B3FA 
 2439      0F7C8095 
 2440 020c 75C0F494 		.ascii	"u\300\364\224\357\314^`sS\214\264\031V\3303\276\013"
 2440      EFCC5E60 
 2440      73538CB4 
 2440      1956D833 
 2440      BE0B
 2441 021e 6F61478D 		.ascii	"oaG\215\300\002)&\274\003\330<q\2545\325\030M\300\346"
 2441      C0022926 
 2441      BC03D83C 
 2441      71AC35D5 
 2441      184DC0E6 
 2442 0232 A768D70C 		.ascii	"\247h\327\014l\201\372\255l\001\2660E\243\375\300\026"
 2442      6C81FAAD 
 2442      6C01B630 
 2442      45A3FDC0 
 2442      16
 2443 0243 A5782D4D 		.ascii	"\245x-M`\213\177\361\212\225\361W\214v\003[\242v\272"
 2443      608B7FF1 
 2443      8A95F157 
 2443      8C76035B 
 2443      A276BA
 2444 0256 803DA376 		.ascii	"\200=\243v\372\201\025\250\235V`\205jg\022X\221\332"
 2444      FA8115A8 
 2444      9D566085 
 2444      6A671258 
 2444      91DA
 2445 0268 B909EC59 		.ascii	"\271\011\354Y\2653\000\254X\355\334\000\366\234\332"
 2445      B53300AC 
 2445      58EDDC00 
 2445      F69CDA
ARM GAS  /tmp/ccACgBoh.s 			page 198


 2446 0277 7904AC44 		.ascii	"y\004\254D\355L\003{^\355\314\000[\252v\036\002+U;S"
 2446      ED4C037B 
 2446      5EEDCC00 
 2446      5BAA761E 
 2446      022B553B 
 2447 028c C05E503B 		.ascii	"\300^P;\017\200\275\250v\376\242\261\227\324\316\027"
 2447      0F80BDA8 
 2447      76FEA2B1 
 2447      97D4CE17 
 2448 029c C05E563B 		.ascii	"\300^V;\007\200\275\242v\332\200\275\252v\276\001\366"
 2448      0780BDA2 
 2448      76DA80BD 
 2448      AA76BE01 
 2448      F6
 2449 02ad 9ADAB90F 		.ascii	"\232\332\271\017\354u\265\323\007\354\015\265s\006\330"
 2449      EC75B5D3 
 2449      07EC0DB5 
 2449      7306D8
 2450 02bc 32B5731A 		.ascii	"2\265s\032\330\233j\347\177\300\226\253\235\377\002"
 2450      D89B6AE7 
 2450      7FC096AB 
 2450      9DFF02
 2451 02cb 5BA176BE 		.ascii	"[\241v\276\005\366\226\332y\002\354m\2653\013\354\035"
 2451      05F696DA 
 2451      7902EC6D 
 2451      B5330BEC 
 2451      1D
 2452 02dc B5730FD8 		.ascii	"\265s\017\330J\265\363\023\260w\325\316\035`\357\251"
 2452      4AB5F313 
 2452      B077D5CE 
 2452      1D60EFA9 
 2453 02ec 9D8D1A5B 		.ascii	"\235\215\032[\245v\3124\366\276\332\271\015l\265\332"
 2453      A576CA34 
 2453      F6BEDAB9 
 2453      0D6CB5DA 
 2454 02fc B9056C8D 		.ascii	"\271\005l\215\332\011j\354\003\245\243\221\357\023\177"
 2454      DA096AEC 
 2454      03A5A391 
 2454      EF137F
 2455 030b 0C4A3472 		.ascii	"\014J4r9\201a*\370j\357\316\345\324\310\320\3100\251"
 2455      3981612A 
 2455      F86AEFCE 
 2455      E5D4C8D0 
 2455      C830A9
 2456 031e 3CB8259D 		.ascii	"<\270%\235\232\031\232\026s\212\035\374H\323F\022\370"
 2456      9A199A16 
 2456      738A1DFC 
 2456      48D34612 
 2456      F8
 2457 032f 5B170DAA 		.ascii	"[\027\015\252yF\235bO\214|6\275c\025f\023\030v\321t"
 2457      79469D62 
 2457      4F8C7C36 
 2457      BD631566 
 2457      131876D1 
 2458 0344 D172D1F0 		.ascii	"\321r\321\360\270\265.\232\034\257\220M;\016\254\020"
 2458      B8B52E9A 
 2458      1CAF904D 
ARM GAS  /tmp/ccACgBoh.s 			page 199


 2458      3B0EAC10 
 2459 0354 53F3FC60 		.ascii	"S\363\374`#\237\232'N\016\214uw\002\015{\005\237=rr"
 2459      239F9A27 
 2459      4E0E8C75 
 2459      77020D7B 
 2459      059F3D72 
 2460 0369 8652CB2B 		.ascii	"\206R\313+\252\317}YkQ\032\316\026\3456[\331\242\303"
 2460      AACF7D59 
 2460      6B511ACE 
 2460      16E5365B 
 2460      D9A2C3
 2461 037c 9D279A0E 		.ascii	"\235'\232\016\360|\256\226y\325\231i\346\030\271\264"
 2461      F07CAE96 
 2461      79D59969 
 2461      E618B9B4 
 2462 038c 295E0D62 		.ascii	")^\015b\252\231\226\273\037Y\327\234\345f\215;\313\315"
 2462      AA9996BB 
 2462      1F59D79C 
 2462      E5668D3B 
 2462      CBCD
 2463 039e CAB429C8 		.ascii	"\312\264)\310\013~L\256\334\253\345\270\3059\023\011"
 2463      0B7E4CAE 
 2463      DCABE5B8 
 2463      C5391309 
 2464 03ae E48BCC49 		.ascii	"\344\213\314I\226\360U\346\272\333\347\213\221\361\320"
 2464      96F055E6 
 2464      BADBE78B 
 2464      91F1D0
 2465 03bd B1526A79 		.ascii	"\261Rjy\322|\035\343\241\007\204\326R\222\346\303\\"
 2465      D27C1DE3 
 2465      A10784D6 
 2465      5292E6C3 
 2465      5C
 2466 03ce D4C3E968 		.ascii	"\324\303\351h\365\260N\333\275\234\252\312\207z4\032"
 2466      F5B04EDB 
 2466      BD9CAACA 
 2466      877A341A 
 2467 03de CDE67847 		.ascii	"\315\346xG\334\342\355>\242\371o\022\274\321K4\177\214"
 2467      DCE2ED3E 
 2467      A2F96F12 
 2467      BCD14B34 
 2467      7F8C
 2468 03f0 5C39B7B9 		.ascii	"\\9\267\271\200\317\313\177\203\240oz5\377u\033\303"
 2468      80CFCB7F 
 2468      83A06F7A 
 2468      35FF751B 
 2468      C3
 2469 0401 D969FEC3 		.ascii	"\331i\376\303-\177\365\321Z\336\245\177\013v\324\236"
 2469      2D7FF5D1 
 2469      5ADEA57F 
 2469      0B76D49E 
 2470 0411 C111DDDA 		.ascii	"\301\021\335\332\\\242\345M&\247\224\226\370\030\362"
 2470      5CA2E54D 
 2470      26A79496 
 2470      F818F2
 2471 0420 524D8F91 		.ascii	"RM\217\221S\221\353\243T<\004\316\033G\312\303T\254"
 2471      5391EBA3 
ARM GAS  /tmp/ccACgBoh.s 			page 200


 2471      543C04CE 
 2471      1B47CAC3 
 2471      54AC
 2472 0432 917355F3 		.ascii	"\221sU\363\371} \366X\317\303NB>\221E\264|iz\317\300"
 2472      F97D20F6 
 2472      58CFC34E 
 2472      423E9145 
 2472      B47C697A 
 2473 0448 7835C5E1 		.ascii	"x5\305\341t\273\207(\037N\357\370j\333\022Z\313\347"
 2473      74BB8728 
 2473      1F4EEFF8 
 2473      6ADB125A 
 2473      CBE7
 2474 045a 1D889399 		.ascii	"\035\210\223\231\226\216Y\340\323\015\350\307\312\353"
 2474      968E59E0 
 2474      D30DE8C7 
 2474      CAEB
 2475 0468 CF101AA2 		.ascii	"\317\020\032\242\"\373\315\276\206\303 \366+\240\037"
 2475      22FBCDBE 
 2475      86C320F6 
 2475      2BA01F
 2476 0477 BEFFED6A 		.ascii	"\276\377\355j\032\364\210l\355\301\357\356\342$\002"
 2476      1AF4886C 
 2476      EDC1EFEE 
 2476      E22402
 2477 0486 FA6CDFE6 		.ascii	"\372l\337\346e4\216\331\272\330\327]T\234\204\200\336"
 2477      65348ED9 
 2477      BAD8D75D 
 2477      549C8480 
 2477      DE
 2478 0497 5ABFBD94 		.ascii	"Z\277\275\224F2Dv\322<T\317\037\262\3106\267\356.\244"
 2478      46324476 
 2478      D23C54CF 
 2478      1FB2C836 
 2478      B7EE2EA4 
 2479 04ab 21AFC8F6 		.ascii	"!\257\310\366\324WM\023\261%\001\375\306\344\375\005"
 2479      D4574D13 
 2479      B12501FD 
 2479      C6E4FD05 
 2480 04bb 34982DB2 		.ascii	"4\230-\262\303m\365q\"\016G@\377\242\341\266N\343\230"
 2480      C36DF571 
 2480      220E4740 
 2480      FFA2E1B6 
 2480      4EE398
 2481 04ce 3DF8796B 		.ascii	"=\370yk\037\241F.\3176\206o\372h$Wd+\256u\256\241\226"
 2481      1FA1462E 
 2481      CF36866F 
 2481      FA682457 
 2481      642BAE75 
 2482 04e5 4836F4F4 		.ascii	"H6\364\364\317\021\353\345\311\211\275\023\313\250\311"
 2482      CF11EBE5 
 2482      C989BD13 
 2482      CBA8C9
 2483 04f4 519F7954 		.ascii	"Q\237yT\351\245\301|\234AS\254\224\2069\352c\321\362"
 2483      E9A5C17C 
 2483      9C4153AC 
 2483      948639EA 
ARM GAS  /tmp/ccACgBoh.s 			page 201


 2483      63D1F2
 2484 0507 4C1AC764 		.ascii	"L\032\307d\305\371\213\205\324\320y\362\301\336v\017"
 2484      C5F98B85 
 2484      D4D079F2 
 2484      C1DE760F 
 2485 0517 8DE82259 		.ascii	"\215\350\"Ys(\274\220Z\"\271\273\234\277d\241y\"yo\177"
 2485      7328BC90 
 2485      5A22B9BB 
 2485      9CBF64A1 
 2485      7922796F 
 2486 052c ED5C6ACE 		.ascii	"\355\\j\316\023}\236\250\344\307k\276HNMV\372i\230\243"
 2486      137D9EA8 
 2486      E4C76BBE 
 2486      484E4D56 
 2486      FA6998A3 
 2487 0540 DE39BC47 		.ascii	"\3369\274G\243qLv\326L\314\241\306\"\236<u\250\027h"
 2487      A3714C76 
 2487      D64CCCA1 
 2487      C6229E3C 
 2487      75A81768 
 2488 0554 6411361F 		.ascii	"d\0216\037\335\345\245\226H\3066U\000\015-\306\015\034"
 2488      DDE5A596 
 2488      48C63655 
 2488      000D2DC6 
 2488      0D1C
 2489 0566 DA96494D 		.ascii	"\332\226IM\216\372\225\216\001J\203\005\"y\264\241\313"
 2489      8EFA958E 
 2489      014A8305 
 2489      2279B4A1 
 2489      CB
 2490 0577 43C31CF5 		.ascii	"C\303\034\365\233\375-\224\3061\331s\272.\235\032\205"
 2490      9BFD2D94 
 2490      C631D973 
 2490      BA2E9D1A 
 2490      85
 2491 0588 3C39D8F5 		.ascii	"<9\330\365)\245\221B\221\274S\261\225\037\\\304\277"
 2491      29A59142 
 2491      91BC53B1 
 2491      951F5CC4 
 2491      BF
 2492 0599 8D356934 		.ascii	"\2155i4\274V\013\304\310Yc\232o4\307\274\311\256\013"
 2492      BC560BC4 
 2492      C859639A 
 2492      6F34C7BC 
 2492      C9AE0B
 2493 05ac 3E1A5F27 		.ascii	">\032_'\222\210\341?$\223\301?9I\223c\036\266\011\256"
 2493      9288E13F 
 2493      2493C13F 
 2493      39499363 
 2493      1EB609AE 
 2494 05c0 779A9BEB 		.ascii	"w\232\233\353\223\311\320\006\267\317\015\311d\344\317"
 2494      93C9D006 
 2494      B7CF0DC9 
 2494      64E4CF
 2495 05cf 4ED260C9 		.ascii	"N\322`\311d\2349\311\260851\322|y\304\340\315\344\300"
 2495      649C39C9 
 2495      B0383531 
ARM GAS  /tmp/ccACgBoh.s 			page 202


 2495      D27C79C4 
 2495      E0CDE4C0 
 2496 05e3 D8270561 		.ascii	"\330'\005a90\345\300\222\003\243In#\007\246\034Xr`4"
 2496      3930E5C0 
 2496      9203A349 
 2496      6E2307A6 
 2496      1C587260 
 2497 05f8 CB6DE4C0 		.ascii	"\313m\344\300\224\003K\016\214V\271\215\034\230r`\311"
 2497      94034B0E 
 2497      8C56B98D 
 2497      1C987260 
 2497      C9
 2498 0609 81D126B7 		.ascii	"\201\321&\267\221\003S\004\243\3116<\210\220[\316\225"
 2498      91035304 
 2498      A3C9363C 
 2498      88905BCE 
 2498      95
 2499 061a 1621E3CE 		.ascii	"\026!\343\316]\023!\356\215\325M\356;5\335\344\236{"
 2499      5D1321EE 
 2499      8DD54DEE 
 2499      3B35DDE4 
 2499      9E7B
 2500 062c 71779348 		.ascii	"qw\223H\"\010\211 \301\021\301?\2717X7\271\233\274\332"
 2500      22088920 
 2500      C111C13F 
 2500      B9375837 
 2500      B99BBCDA 
 2501 0640 3C3CB893 		.ascii	"<<\270\223l\237\301\203\333\311\213S\016L9\260\344\200"
 2501      6C9FC183 
 2501      DBC98B53 
 2501      0E4C39B0 
 2501      E480
 2502 0652 5F27521B 		.ascii	"_'R\033\257v\232\270Wl/\371\331\231e/y\340\254\244\217"
 2502      AF769AB8 
 2502      576C2FF9 
 2502      D999652F 
 2502      79E0ACA4 
 2503 0667 F8F0EF78 		.ascii	"\370\360\357x1'?\322\257\035Z\353\020_f\022C.\362\033"
 2503      31273FD2 
 2503      AF1D5AEB 
 2503      105F6612 
 2503      432EF21B 
 2504 067b 85E313C4 		.ascii	"\205\343\023\304\217EO\210\221\217\235l\334\305\340"
 2504      8F454F88 
 2504      918F9D6C 
 2504      DCC5E0
 2505 068a 1F1D0CB9 		.ascii	"\037\035\014\271\030q1\356b\360\023\267\366\023\267"
 2505      187131EE 
 2505      62F013B7 
 2505      F613B7
 2506 0699 5F81BDC4 		.ascii	"_\201\275\304.\226*\326\273\270\301\355\315\305 \343"
 2506      2E962AD6 
 2506      BBB8C1ED 
 2506      CDC520E3 
 2507 06a9 78CF6E67 		.ascii	"x\317ng\012>\235\350C\260\215A{Q\3660\255\324\0312\330"
 2507      0A3E9DE8 
 2507      43B08D41 
ARM GAS  /tmp/ccACgBoh.s 			page 203


 2507      7B51F630 
 2507      ADD41932 
 2508 06be 26E5DBDC 		.ascii	"&\345\333\334|\234\363y\322\227\330\304b\255\377)v?"
 2508      7C9CF379 
 2508      D297D8C4 
 2508      62ADFF29 
 2508      763F
 2509 06d0 49FDE491 		.ascii	"I\375\344\221\373\331\352'S\356S\357'\017\223\017\315"
 2509      FBD9EA27 
 2509      53EE53EF 
 2509      270F930F 
 2509      CD
 2510 06e1 93D69FC0 		.ascii	"\223\326\237\300vJ\264(\231q\236S\224L;]\015\2228\231"
 2510      764AB428 
 2510      99719E53 
 2510      944C3B5D 
 2510      0D923899 
 2511 06f5 4EDCF383 		.ascii	"N\334\363\203|\033\206\203g\226\212\2634H\036\333\314"
 2511      7C1B8683 
 2511      67968AB3 
 2511      34481EDB 
 2511      CC
 2512 0706 BFF3A206 		.ascii	"\277\363\242\006\331\264\331\210O-\021'D\360\366\332"
 2512      D9B4D988 
 2512      4F2D1127 
 2512      44F0F6DA 
 2513 0716 A105E27A 		.ascii	"\241\005\342z\026\\]W\036\240f.\362\310\303\237\363"
 2513      165C5D57 
 2513      1EA0662E 
 2513      F2C8C39F 
 2513      F3
 2514 0727 F8670679 		.ascii	"\370g\006y\177c\243O\\\254\203|\011MU'=\342\352\034"
 2514      7F63A34F 
 2514      5CAC837C 
 2514      094D5527 
 2514      3DE2EA1C 
 2515 073b 24B3A4FD 		.ascii	"$\263\244\375nu\0215\026s\216\332\314/=1\007\344P\001"
 2515      6E751135 
 2515      16738EDA 
 2515      CC2F3D31 
 2515      07E45001 
 2516 074f D6239B6B 		.ascii	"\326#\233k\221\033g\217\\\3447\333o\244\300\224\003"
 2516      911B678F 
 2516      5CE437DB 
 2516      6FA4C094 
 2516      03
 2517 0760 4B0E8CDF 		.ascii	"K\016\214\337\311m\344\300\224\003K\016\214\337\313"
 2517      C96DE4C0 
 2517      94034B0E 
 2517      8CDFCB
 2518 076f 6DE4C094 		.ascii	"m\344\300\224\003K\016\214ur\033\021\214\222K\267\314"
 2518      034B0E8C 
 2518      75721B11 
 2518      8C924BB7 
 2518      CC
 2519 0780 295EB64E 		.ascii	")^\266N\033\342\316\2475\003\255\224\357\356\020\311"
 2519      1BE2CEA7 
ARM GAS  /tmp/ccACgBoh.s 			page 204


 2519      3503AD94 
 2519      EFEE10C9 
 2520 0790 BDD01AE5 		.ascii	"\275\320\032\345\310\017\305\005\376n\333\337\370\022"
 2520      C80FC505 
 2520      FE6EDBDF 
 2520      F812
 2521 079e CE4F12FC 		.ascii	"\316O\022\374\021\346\355\277\003\224\374\037)\022\222"
 2521      11E6EDBF 
 2521      0394FC1F 
 2521      291292
 2522 07ad 88       		.ascii	"\210"
 2523              		.text
 2524              		.section	.gnu.lto_.refs.edd9554f8e7f11af,"e",%progbits
 2525 0000 789C2592 		.ascii	"x\234%\222\333N\023Q\024\206\327\372f\332\3352\303@"
 2525      DB4E1351 
 2525      1486D7FA 
 2525      66DADD32 
 2525      C340
 2526 0012 654AA150 		.ascii	"eJ\241PZhi;\355\364\334B\241R<$\236\343\205\211\321"
 2526      5A68693B 
 2526      EDF4DC42 
 2526      A1523C24 
 2526      9EE38589 
 2527 0027 F8365CF8 		.ascii	"\3706\\\370\010\276\217&\250\340!j4\336i\364\005\214"
 2527      08BE8F26 
 2527      A8E0216A 
 2527      34DE69F4 
 2527      058C
 2528 0039 D11889D1 		.ascii	"\321\030\211\321\350&^|\371\367\237\235\225\265\326"
 2528      E8265E7C 
 2528      F9F79F9D 
 2528      95B5D6
 2529 0048 FE774A54 		.ascii	"\376wJT\356#\342\212(\250#j \300\301uH\270n\022\343"
 2529      EE23E28A 
 2529      28A8236A 
 2529      20C0C175 
 2529      48B86E12 
 2530 005d 8BCE62B2 		.ascii	"\213\316b\262\242\213\31143.iW\274\204\370\276\372\201"
 2530      A28BC934 
 2530      332E6957 
 2530      BC84F8BE 
 2530      FA81
 2531 006f 7A73A777 		.ascii	"zs\247wI\0150h\2063\256.\020\026\016%\313b\202\\\202"
 2531      490D3068 
 2531      8633AE2E 
 2531      10160E25 
 2531      CB62825C 
 2532 0084 A514CB29 		.ascii	"\245\024\313)\362\036+\036\253\001\205\200\265\014\305"
 2532      F21E2B1E 
 2532      AB018580 
 2532      B50CC5
 2533 0093 0CA590F5 		.ascii	"\014\245\220\365\220\215\034\345\034\225<\233y\252\005"
 2533      908D1CE5 
 2533      1C953C9B 
 2533      79AA05
 2534 00a2 6A05EA25 		.ascii	"j\005\352%\242\022\2152\3152q\225V\225vD'\242\033\323"
 2534      A2128D32 
ARM GAS  /tmp/ccACgBoh.s 			page 205


 2534      CD327195 
 2534      56957644 
 2534      27A21BD3 
 2535 00b6 8BE97718 		.ascii	"\213\351w\030t\030\366\031\365\331\032\261=b<fg\314"
 2535      7418F619 
 2535      F5D91AB1 
 2535      3D623C66 
 2535      67CC
 2536 00c8 EE84C984 		.ascii	"\356\204\311\204\263S\366\246,\036\011\271c\221\351"
 2536      B353F6A6 
 2536      2C1E09B9 
 2536      6391E9
 2537 00d7 7391FD17 		.ascii	"s\221\375\027B\365\203P\373(\362P>\211<\222\317\302"
 2537      42F58350 
 2537      FB28F250 
 2537      3E893C92 
 2537      CFC2
 2538 00e9 F61761CB 		.ascii	"\366\027a\313\022~\265\372\315z\313\316wal\011\177X"
 2538      127EB5FA 
 2538      CD7ACBCE 
 2538      77616C09 
 2538      7F58
 2539 00fb FD69BD65 		.ascii	"\375i\275er\"\354Z\302_V\177[o\331\373#\234\265\204"
 2539      7222EC5A 
 2539      C25F567F 
 2539      5B6FD9FB 
 2539      239CB584 
 2540 010f 7FAD1E28 		.ascii	"\177\255\036({\007j\246,\221g\2255JlP1\373,\263B\201"
 2540      7B076AA6 
 2540      2C916795 
 2540      354A6C50 
 2540      31FB2CB3 
 2541 0125 22EB94D9 		.ascii	"\"\353\224\3314\347\250\323 \246M\227>Cs\236\210&-:"
 2541      34E7A8D3 
 2541      20A64D97 
 2541      3E43739E 
 2541      88262D3A 
 2542 0139 F4183072 		.ascii	"\364\0300r/\250\347\374\177W\365\023\301E\235\001c\324"
 2542      2FA8E7FC 
 2542      7F57F513 
 2542      C1459D01 
 2542      63D4
 2543 014b A4302935 		.ascii	"\2440)5iLZ\016\305\2631\360X|\236\310,O%\340H\3468\226"
 2543      694C5A0E 
 2543      C5B331F0 
 2543      587C9EC8 
 2543      2C4F25E0 
 2544 0163 799E4946 		.ascii	"y\236IF/\361^\3642oD\257\220\324\253d\365\232\315\357"
 2544      2FF15EF4 
 2544      326F44AF 
 2544      90D4AB64 
 2544      F59ACDEF 
 2545 0177 BAF86AEB 		.ascii	"\272\370j\353\364\006/E\3137\345\225$\251\246\251\315"
 2545      F4062F45 
 2545      CB37E595 
 2545      24A9A6A9 
 2545      CD
ARM GAS  /tmp/ccACgBoh.s 			page 206


 2546 0188 50F3A87A 		.ascii	"P\363\250z\324\003\2429\242y\352\3634\026h\2064\263"
 2546      D403A239 
 2546      A279EAF3 
 2546      34166886 
 2546      34B3
 2547 019a 34B2C44B 		.ascii	"4\262\304K\264\226i\345\211\363\264\013t\326\350\024"
 2547      B49669E5 
 2547      89F3B40B 
 2547      74D6E814 
 2548 01aa 6917E96E 		.ascii	"i\027\351n\320+\323\253\320\255\320\2571\2503\210\350"
 2548      D02BD3AB 
 2548      D0ADD0AF 
 2548      31A83388 
 2548      E8
 2549 01bb 470C6346 		.ascii	"G\014cF-Fm\206m\333\343D\344\265<\320\364-\214\332?"
 2549      2D466D86 
 2549      6DDBE344 
 2549      E4B53CD0 
 2549      F42D8CDA 
 2550 01d0 21C6C124 		.ascii	"!\306\301$xk{\277\263\030c\217\346t\261\333v*\364\016"
 2550      786B7BBF 
 2550      B318638F 
 2550      E674B1DB 
 2550      762AF40E 
 2551 01e4 C6D1BBB6 		.ascii	"\306\321\273\266\302\321{\314\252\374\003\035YT\201"
 2551      C2D17BCC 
 2551      AAFC031D 
 2551      595481
 2552              		.text
 2553              		.section	.gnu.lto_.decls.edd9554f8e7f11af,"e",%progbits
 2554 0000 789CA4BD 		.ascii	"x\234\244\275\005\230,\311u&\332YQ\320]]\335=\276w\244"
 2554      05982CC9 
 2554      7526DA59 
 2554      51D05D5D 
 2554      DD3DBE77 
 2555 0015 1969C6C2 		.ascii	"\031i\306\302+\260p\004kZ=[\353\317\366\247g?[f\257"
 2555      2BB07004 
 2555      6B5A3D5B 
 2555      EBCFF6A7 
 2555      673F5B66 
 2556 002a 649277BD 		.ascii	"d\222w\275Fy\375\014\362\332~~V53333333333\277\023q"
 2556      4679FD0C 
 2556      F2DA7E7E 
 2556      56353333 
 2556      33333333 
 2557 0045 22AB322B 		.ascii	"\"\2532+\253\256\244}=snUf\035\370\343D\304\211\023"
 2557      ABAEA47D 
 2557      3D736E55 
 2557      661DF8E3 
 2557      44C48913 
 2558 0059 919991F6 		.ascii	"\221\231\221\366v\202\335x\237\235\335\317}\320\316"
 2558      7682DD78 
 2558      9F9DDDCF 
 2558      7DD0CE
 2559 0068 CEEE2D3B 		.ascii	"\316\356-;\273g\370\3738|\035\005\372?\371\247\026h"
 2559      BB67F8FB 
 2559      387C1D05 
ARM GAS  /tmp/ccACgBoh.s 			page 207


 2559      FA3FF9A7 
 2559      1668
 2560 007a 0EE8DB40 		.ascii	"\016\350\333@\253@[@\373@'@O@\017@\237\002\322\010v"
 2560      AB405B40 
 2560      FB402740 
 2560      4F400F40 
 2560      9F02D208 
 2561 008f 767A2017 		.ascii	"vz \027\2407\201>\000\364!\240\217\001\275\002\372&"
 2561      A037813E 
 2561      00F421A0 
 2561      8F01BD02 
 2561      FA26
 2562 00a1 D0D781BE 		.ascii	"\320\327\201\276\012\364\027\300\377\233\3609\002\237"
 2562      0AF417C0 
 2562      FF9BF039 
 2562      029F
 2563 00af BF0B9FCB 		.ascii	"\277\013\237\313\360\271\002\364-\370\376.|\376\021"
 2563      F0B902F4 
 2563      2DF8FE2E 
 2563      7CFE11
 2564 00be 7CFE09D0 		.ascii	"|\376\011\320\177\003\37258\376\357\360\371\227@\177"
 2564      7F03FA35 
 2564      38FEEFF0 
 2564      F997407F 
 2565 00ce 0DF43F81 		.ascii	"\015\364?\201\376\021\350_\200\376\015\350?\200\334"
 2565      FE11E85F 
 2565      80FE0DE8 
 2565      3F80DC
 2566 00dd 817C8002 		.ascii	"\201|\200\002\201B\201\242\200\342\201\222\2012\200"
 2566      814281A2 
 2566      80E28192 
 2566      813280
 2567 00ec 7280F281 		.ascii	"r\200\362\201~J\005\030\200~\027\350\277\002\375\001"
 2567      7E4A0518 
 2567      807E17E8 
 2567      BF02FD01 
 2568 00fc D09F00FD 		.ascii	"\320\237\000\3757\240?\003\372\013\240\277\006\372["
 2568      37A03F03 
 2568      FA0BA0BF 
 2568      06FA5B
 2569 010b A07F00EA 		.ascii	"\240\177\000\352\002\231\177\202\317\177\006\372\026"
 2569      02997F82 
 2569      CF7F06FA 
 2569      16
 2570 0118 E0F87DF8 		.ascii	"\340\370}\370\3747\240\357\003\271\001y\251\320?\301"
 2570      FC37A0EF 
 2570      03B90179 
 2570      A9D03FC1 
 2571 0128 F009AEB4 		.ascii	"\360\011\256\264{\206\217@\370\036\004\364yj\013\216"
 2571      7B868F40 
 2571      F81E04F4 
 2571      796A0B8E 
 2572 0138 C3E1331E 		.ascii	"\303\3413\036(\011(\033(\027\250\004\250\002\250\036"
 2572      2809281B 
 2572      2817A804 
 2572      A802A81E 
 2573 0148 A815A81B 		.ascii	"\250\025\250\033h\010h\034h\026h\036h\021h\031h\013"
ARM GAS  /tmp/ccACgBoh.s 			page 208


 2573      6808681C 
 2573      6816681E 
 2573      68116819 
 2573      680B
 2574 015a E800E814 		.ascii	"\350\000\350\024\350\034\350\022\350\032\350\026\250"
 2574      E81CE812 
 2574      E81AE816 
 2574      A8
 2575 0167 16E81EE8 		.ascii	"\026\350\036\350\021\210\020;;\035\220\013\320\217\001"
 2575      1188103B 
 2575      3B1D900B 
 2575      D08F01
 2576 0176 7D10E8C3 		.ascii	"}\020\350\303@\037\007\372,\320O\002}\035\350\027\200"
 2576      401F07FA 
 2576      2CD04F02 
 2576      7D1DE817 
 2576      80
 2577 0187 7E19E81B 		.ascii	"~\031\350\033@\277\002\364\233@\277\015\364\273@\177"
 2577      40BF02F4 
 2577      9B40BF0D 
 2577      F4BB407F 
 2578 0197 0CF4E740 		.ascii	"\014\364\347@\337\005\372G\240\357\001\375\277@^@>@"
 2578      DF05FA47 
 2578      A0EF01FD 
 2578      BF405E40 
 2578      3E40
 2579 01a9 C140A140 		.ascii	"\301@\241@\321@\251@\371@%@5@m@\335@\303@3@\013@K\004"
 2579      D140A940 
 2579      F9402540 
 2579      35406D40 
 2579      DD40C340 
 2580 01c3 7DB00E9F 		.ascii	"}\260\016\237'@g@W@7@w@\017@O@vj;;\025\220\032H\013"
 2580      27406740 
 2580      57403740 
 2580      77400F40 
 2580      4F40766A 
 2581 01de 640FA407 		.ascii	"d\017\244\0072\0009\003\275\001\364\002\350M\240\367"
 2581      32003903 
 2581      BD01F402 
 2581      E84DA0F7 
 2582 01ee 03BD0DF4 		.ascii	"\003\275\015\364A\240w\201>\004\364\021\240\217\001"
 2582      41A07781 
 2582      3E04F411 
 2582      A08F01
 2583 01fd BD02FA24 		.ascii	"\275\002\372$\320\247\201>\003\3649\240/\000\275\007"
 2583      D0A7813E 
 2583      03F439A0 
 2583      2F00BD07 
 2584 020d F465A0AF 		.ascii	"\364e\240\257\002\375$\320O\003\375,\320\327\200~\016"
 2584      02FD24D0 
 2584      4F03FD2C 
 2584      D0D7807E 
 2584      0E
 2585 021e E8EB40BF 		.ascii	"\350\353@\277\000\364\213@\277\014\364\015\240\337\001"
 2585      00F48B40 
 2585      BF0CF40D 
 2585      A0DF01
ARM GAS  /tmp/ccACgBoh.s 			page 209


 2586 022d FA3DA0FF 		.ascii	"\372=\240\377\012\364m\240?\004\372\016\320?\001\271"
 2586      0AF46DA0 
 2586      3F04FA0E 
 2586      D03F01B9 
 2587 023d 032D01FD 		.ascii	"\003-\001\375\213\006\332\003\320\277\003}\037\310\025"
 2587      8B06DA03 
 2587      D0BF037D 
 2587      1FC815
 2588 024c C81DC813 		.ascii	"\310\035\310\023\310\033\310\027(\026H\372\367\177\300"
 2588      C81BC817 
 2588      281648FA 
 2588      F77FC0
 2589 025b F1DBF0F9 		.ascii	"\361\333\360\371\227@q\032\354\033\264\015\305k\260"
 2589      9740711A 
 2589      EC1BB40D 
 2589      C56BB0
 2590 026a 1F25C067 		.ascii	"\037%\300g\"\324g |\376/\240\357\000}\236\236\003r\246"
 2590      22D46720 
 2590      7CFE2FA0 
 2590      EF007D9E 
 2590      9E0372A6 
 2591 027e FE84CF2F 		.ascii	"\376\204\317/\003E\300\367$\370L\006Z\206\357Z\202\355"
 2591      0345C0F7 
 2591      24F84C06 
 2591      5A86EF5A 
 2591      82ED
 2592 0290 93B655DA 		.ascii	"\223\266U\332Gt\240\353\357\341\267?\006\372\034\320"
 2592      4774A0EB 
 2592      EFE1B73F 
 2592      06FA1CD0 
 2593 02a0 1F01FD34 		.ascii	"\037\001\3754\320\227\200>\013Da\3216\231\251\301\366"
 2593      D097803E 
 2593      0B4461D1 
 2593      3699A9C1 
 2593      F6
 2594 02b1 E2C2DB8F 		.ascii	"\342\302\333\217\212\327\327\277X\340\376&\345\203\317"
 2594      8AD7D7BF 
 2594      58E0FE26 
 2594      E583CF
 2595 02c0 17406FF2 		.ascii	"\027@o\362x0\307c\002\341\345\310\322`l\310\206\317"
 2595      7830C763 
 2595      02E1E5C8 
 2595      D2606CC8 
 2595      86CF
 2596 02d2 0F118C15 		.ascii	"\017\021\214\0259\360=\027(\017\350\030\316}\200\240"
 2596      39F03D17 
 2596      280FE818 
 2596      CE7D80A0 
 2597 02e2 3EB51DF6 		.ascii	">\265\035\366\007\332F\2135\330^\251\3553\336V\244\177"
 2597      07DA468B 
 2597      35D85EA9 
 2597      ED33DE56 
 2597      A47F
 2598 02f4 BF4D7D60 		.ascii	"\277M}`\303\366\327\010\306\016\352\277\022\216\343"
 2598      C3F6D708 
 2598      C60EEABF 
 2598      128EE3
ARM GAS  /tmp/ccACgBoh.s 			page 210


 2599 0303 E7E1DCCF 		.ascii	"\347\341\334\317\021\304C\343O)\307C\343Q\231\006cU"
 2599      11C443E3 
 2599      4F29C743 
 2599      E3519906 
 2599      6355
 2600 0315 B9066354 		.ascii	"\271\006cT\205\006\343U\245\006cW\025|V\003\325\000"
 2600      8506E355 
 2600      A5066357 
 2600      157C5603 
 2600      D500
 2601 0327 5D12738C 		.ascii	"]\022s\214\253\345\365\363\031\"\257\233:j\003\316\325"
 2601      ABE5F5F3 
 2601      1922AF9B 
 2601      3A6A03CE 
 2601      D5
 2602 0338 6B30FE35 		.ascii	"k0\3765\300\347\177\"\030\037\0335XN1>\374=\257\007"
 2602      C0E77F22 
 2602      181F1B35 
 2602      584E313E 
 2602      FC3DAF07 
 2603 034c 5A37340E 		.ascii	"Z74\016|\235\367Q\332?[4\330W\177\222\373\341\312J\035"
 2603      7C9DF751 
 2603      DA3F5B34 
 2603      D8577F92 
 2603      FBE1CA4A 
 2604 0361 FC291CBF 		.ascii	"\374)\034\277\301\333\216\350\013\313\270\332\2521\267"
 2604      C1DB8EE8 
 2604      0BCBB8DA 
 2604      AA31B7
 2605 0370 A176F86C 		.ascii	"\241v\370l\003\352\000\372%\320\327\011\237\305*\324"
 2605      03EA00FA 
 2605      25D0D709 
 2605      9FC52AD4 
 2606 0380 45DB1C8D 		.ascii	"E\333\034\215C\375pnP\203\361\340\227y|\260\374\373"
 2606      43FD706E 
 2606      5083F1E0 
 2606      97797CB0 
 2606      FCFB
 2607 0392 14F59515 		.ascii	"\024\365\225\025\273\324\3360\374\366I\370\374\264\235"
 2607      BBD4DE30 
 2607      FCF649F8 
 2607      FCB49D
 2608 03a1 BCFD8918 		.ascii	"\274\375\211\030F\340\3637\270\355_\347X\277, \216Q"
 2608      46E0F337 
 2608      B8ED5FE7 
 2608      58BF2C20 
 2608      8E51
 2609 03b3 38F74D82 		.ascii	"8\367M\2021\371\347\201\376\263\212\271\311\356k\360"
 2609      31F9E781 
 2609      FEB38AB9 
 2609      C9EE6BF0 
 2610 03c3 E9C86327 		.ascii	"\351\310c'm\237\343@3@K@+\032\214Wk\032\214]\264\014"
 2610      6D9FE340 
 2610      33404B40 
 2610      2B1A8C57 
 2610      6B1A8C5D 
 2611 03d9 348E51D8 		.ascii	"4\216Q\3304\256\210\375Q\372\367Wp\374\322\002?\305"
ARM GAS  /tmp/ccACgBoh.s 			page 211


 2611      34AE88FD 
 2611      51FAF757 
 2611      70FCD202 
 2611      3FC5
 2612 03eb FE291B98 		.ascii	"\376)\033\2307\341s\3435\355\3403\274\216h\275\322\230"
 2612      37E173E3 
 2612      35EDE033 
 2612      BC8E68BD 
 2612      D298
 2613 03fd 4FEBB342 		.ascii	"O\353\263B\202U\304\370\273<\306\012\274>\245\177\264"
 2613      8255C4F8 
 2613      BB3CC60A 
 2613      BC3EA57F 
 2613      B4
 2614 040e FDE83926 		.ascii	"\375\3509&:\216dIl\321q\221\216\275tl\334\342m\227\352"
 2614      3A8E6449 
 2614      6CD17191 
 2614      8EBD746C 
 2614      DCE26D97 
 2615 0423 A0630B55 		.ascii	"\240c\013US\313\307\216\017\333\320\355\316\313+\226"
 2615      53CBC78E 
 2615      0FDBD0ED 
 2615      CECB2B96 
 2616 0433 F55BBCBF 		.ascii	"\365[\274\277\210\343\254\026*\177_\203\375h\026H\003"
 2616      88E3AC16 
 2616      2A7F5F83 
 2616      FD681648 
 2616      03
 2617 0444 C73AA03D 		.ascii	"\307:\240=\015\216\277Y\222\266Lm\323q\231\226w\012"
 2617      0D8EBF59 
 2617      92B64C6D 
 2617      D3719996 
 2617      770A
 2618 0456 E85983DF 		.ascii	"\350Y\203\337[\271}\313\277`\015K%\024\266\251\335?"
 2618      5BB97DCB 
 2618      BF600D4B 
 2618      2514B6A9 
 2618      DD3F
 2619 0468 256853B4 		.ascii	"%hS\264o\017\237\016@\177\303\373*\265%\305C\355RLz"
 2619      6F0F9F0E 
 2619      407FC3FB 
 2619      2AB525C5 
 2619      43ED524C 
 2620 047d F8FE3FE0 		.ascii	"\370\376?\3407G\370\374#\"\307B\253\232\216\237\337"
 2620      3747F8FC 
 2620      2322C742 
 2620      AB9A8E9F 
 2620      DF
 2621 048e E57DE9CF 		.ascii	"\345}\351\317\3718f\371G\343\247\243\004\027\315+\244"
 2621      F93866F9 
 2621      47E3A7A3 
 2621      0417CD2B 
 2621      A4
 2622 049f 798613E8 		.ascii	"y\206\023\350v\006\372\007\220\375S8~C\213rT\025\035"
 2622      7606FA07 
 2622      90FD5338 
 2622      7E438B72 
ARM GAS  /tmp/ccACgBoh.s 			page 212


 2622      54151D
 2623 04b2 9BE97838 		.ascii	"\233\351x8\256R\352\245q\344\243\026m\213\226\227\346"
 2623      AE52EAA5 
 2623      71E4A316 
 2623      6D8B9697 
 2623      E6
 2624 04c3 2C547F9A 		.ascii	",T\177\232\032} \226\231\372\367\333\334\3767\355\254"
 2624      1A7D2096 
 2624      99FAF7DB 
 2624      DCFE37ED 
 2624      AC
 2625 04d4 9797FA82 		.ascii	"\227\227\372\202\266\307\037\323\242Oh\336\363B\213"
 2625      B6C71FD3 
 2625      A24F68DE 
 2625      F3428B
 2626 04e3 39D04BF8 		.ascii	"9\320K\370|S\213\270)\306A\2259\326H\375B\343\316,\257"
 2626      7C538BB8 
 2626      29C64195 
 2626      39D648FD 
 2626      42E3CE2C 
 2627 04f8 A3219E83 		.ascii	"\243!\236\203X\376\321\366\375+v\326\343*\355\037\024"
 2627      58FED1F6 
 2627      FD2B76D6 
 2627      E32AED1F 
 2627      14
 2628 0509 0FADB777 		.ascii	"\017\255\267wy=\212\230\277\306\343\235\210\221\306"
 2628      793D8A98 
 2628      BFC6E39D 
 2628      8891C6
 2629 0518 BBF769B1 		.ascii	"\273\367i\261\2543*\314\265\336\2575\343\026\333\022"
 2629      AC332ACC 
 2629      B5DEAF35 
 2629      E316DB12 
 2630 0528 CDD7DED2 		.ascii	"\315\327\336\322b\371h\236\3666/\037\365\335\007\340"
 2630      62F9689E 
 2630      F6362F1F 
 2630      F5DD07E0 
 2631 0538 FB7F68CC 		.ascii	"\373\177h\314e\243uB\313Fs\267\017j\261\2544\227{Gk"
 2631      65A37542 
 2631      CB4673B7 
 2631      0F6AB1AC 
 2631      34977B47 
 2632 054d 8EE9621C 		.ascii	"\216\351b\034\247\371\336\273Zs<\247y\337\217k1\007"
 2632      A7F9DEBB 
 2632      5A733CA7 
 2632      79DF8F6B 
 2632      3107
 2633 055f FC9016F3 		.ascii	"\374\220\026\363\302\017k\315c\023\315\025?\242\305"
 2633      C20F6BCD 
 2633      6313CD15 
 2633      3FA2C5
 2634 056e BCF1A35A 		.ascii	"\274\361\243Z\314!?\246\305\234\362\343Z\314/_i\225"
 2634      CC213FA6 
 2634      C59CF2E3 
 2634      5ACC2F5F 
 2634      6995
 2635 0580 E309FDA3 		.ascii	"\343\011\375\243}\235\346g4N[\372\227\306\363\317\331"
ARM GAS  /tmp/ccACgBoh.s 			page 213


 2635      7D9DE667 
 2635      344E5BFA 
 2635      97C6F3CF 
 2635      D9
 2636 0591 99730831 		.ascii	"\231s\0101\247\020s\0141\347\020s\0201'\021s\0241g\021"
 2636      A710730C 
 2636      31E71073 
 2636      10312711 
 2636      73143167 
 2637 05a6 731831A7 		.ascii	"s\0301\247\021s\0341\347\021s 1'\022s$1g\022s(1\247"
 2637      11731C31 
 2637      E7117320 
 2637      31271273 
 2637      24316712 
 2638 05be 12732C31 		.ascii	"\022s,1\347\262\314U\244\177\317zl\363\254\335\012X"
 2638      E7B2CC55 
 2638      A47FCF7A 
 2638      6CF3ACDD 
 2638      0A58
 2639 05d0 27E21F2D 		.ascii	"'\342\037-\373g8\336/\363r\374,/\037-\253\364\2178\276"
 2639      FB6738DE 
 2639      2FF372FC 
 2639      2C2F1F2D 
 2639      ABF48F38 
 2640 05e5 5ECFE778 		.ascii	"^\317\347x\231\277\312}\3615\356\243_\264\320\243\373"
 2640      99BFCA7D 
 2640      F135EEA3 
 2640      5FB4D0A3 
 2640      FB
 2641 05f6 017AF4BC 		.ascii	"\001z\364\274\374/\270_>\310\375\3651\013=\216?@\217"
 2641      FC2FB85F 
 2641      3EC8FDF5 
 2641      310B3D8E 
 2641      3F408F
 2642 0609 81FBF04D 		.ascii	"\201\373\360M\356\333w\271\317_Y\350\251\347y\020m\263"
 2642      EEDB77B9 
 2642      CF5F59E8 
 2642      A9E77910 
 2642      6DB3
 2643 061b 74DCB31C 		.ascii	"t\334\263\034\347\3041\215\216wt\214\264\034\363\254"
 2643      E7C4318D 
 2643      8E77748C 
 2643      B41CF3AC 
 2644 062b 8D7534D4 		.ascii	"\215u4\324\320|\377{\026\343Z8\217\367tL\243c\233\345"
 2644      D07CFF7B 
 2644      16E35A38 
 2644      8FF7744C 
 2644      A3639BE5 
 2645 063f B8D64C73 		.ascii	"\270\326Ls\017\216e\005\350\023Z\034\323\242\200\367"
 2645      0F8E6505 
 2645      E8135A1C 
 2645      D3A280F7 
 2646 064f 935AB44F 		.ascii	"\223Z\264O\363\001kc\334\247\264\312\361&\210\340\370"
 2646      F3016B63 
 2646      DCA7B4CA 
 2646      F12688E0 
 2646      F8
ARM GAS  /tmp/ccACgBoh.s 			page 214


 2647 0660 46C7B94F 		.ascii	"F\307\271Okq\314\243\261\340'\2648w\372\014|~\226\306"
 2647      6B71CCA3 
 2647      B1E027B4 
 2647      3877FA0C 
 2647      7C7E96C6 
 2648 0674 60F08927 		.ascii	"`\360\211'm\353\360\375\363@\277\015\307\377N\260\034"
 2648      6DEBF0FD 
 2648      F340BF0D 
 2648      C7FF4EB0 
 2648      1C
 2649 0685 748CBAB5 		.ascii	"t\214\272\2653\217\215\264\220t>\344d\207\363\231/j"
 2649      338F8DB4 
 2649      90743EE4 
 2649      6487F399 
 2649      2F6A
 2650 0697 719CFC92 		.ascii	"q\234\374\222\026\347\021t>\261\310\347Gt~\361\237\264"
 2650      16E71174 
 2650      3EB1C8E7 
 2650      47747EF1 
 2650      9FB4
 2651 06a9 38D7F0E2 		.ascii	"8\327\360\342s\017\007;,;\035\343hN\375\035\236\213"
 2651      730F073B 
 2651      2C3B1DE3 
 2651      684EFD1D 
 2651      9E8B
 2652 06bb 7F9BE7E6 		.ascii	"\177\233\347\346\277\307su\351_\255=\216\013?\011\272"
 2652      BFC77375 
 2652      E95FAD3D 
 2652      8E0B3F09 
 2652      BA
 2653 06cc 7E556D8E 		.ascii	"~Um\216\017\024'\365\3477\341\3637\200~K\215upk%6VZ"
 2653      0F1427F5 
 2653      E737E1F3 
 2653      37807E4B 
 2653      8D75706B 
 2654 06e4 E8106387 		.ascii	"\350\020c\207-\035\347Vt\224Z\350\370)\370\374\351\327"
 2654      2D1DE756 
 2654      74945AE8 
 2654      F829F8FC 
 2654      E9D7
 2655 06f6 E0C8B5A2 		.ascii	"\340\310\265\242\243\320B\207\030\333l\351\230\267\242"
 2655      A3D04287 
 2655      18DB6CE9 
 2655      98B7A2
 2656 0705 23F7472C 		.ascii	"#\367G,K\266\025\0354Gt\262\223\217s\264-\323\374\217"
 2656      4BB6151D 
 2656      344774B2 
 2656      938F73B4 
 2656      2DD3FC8F 
 2657 0719 E67EB42F 		.ascii	"\346~\264/\210\355Z\354\003b\237\020\3339\305@\347\263"
 2657      88ED5AEC 
 2657      03629F10 
 2657      DB39C540 
 2657      E7B3
 2658 072b 622E27B6 		.ascii	"b.'\266uj\216\266\355\177\263h\337\263Vl\322\271\373"
 2658      756A8EB6 
 2658      ED7FB368 
ARM GAS  /tmp/ccACgBoh.s 			page 215


 2658      DFB3566C 
 2658      D2B9FB
 2659 073e 1FD23608 		.ascii	"\037\3226\010\364\3074V\003\346?\201\317<\320\363\035"
 2659      F4C73456 
 2659      03E63F81 
 2659      CF3CD0F3 
 2659      1D
 2660 074f 2DCEEB53 		.ascii	"-\316\353Sx\254\246\037t\356L\347\251\251\034\307?Y"
 2660      78ACA61F 
 2660      74EE4CE7 
 2660      A9A91CC7 
 2660      3F59
 2661 0761 B49575B0 		.ascii	"\264\225u\260\361;v\312\361\233\346J\337\004\331\277"
 2661      F13B76CA 
 2661      F19BE64A 
 2661      DF04D9BF 
 2662 0771 A179017C 		.ascii	"\241y\001|\376\225\035\216\347\264\214\264\217\321\261"
 2662      FE951D8E 
 2662      E7B48CB4 
 2662      8FD1B1
 2663 0780 928E8974 		.ascii	"\222\216\211t\234\244\345\377\000\315A\264\270\206\360"
 2663      9CA4E5FF 
 2663      00CD41B4 
 2663      B886F0
 2664 078f B7F0D942 		.ascii	"\267\360\331B\373\233d\314\021\307@q<\353R\341\032\303"
 2664      FB9B64CC 
 2664      11C74071 
 2664      3CEB52E1 
 2664      1AC3
 2665 07a1 DF6971BD 		.ascii	"\337iq\275\341\377\326\232\3073q\234\244e\241}W\254"
 2665      E1FFD69A 
 2665      C733719C 
 2665      A465A17D 
 2665      57AC
 2666 07b3 7371BCFD 		.ascii	"sq\274\375K\240?\323\232c\2318\316Z\316c\350Z\306\337"
 2666      4BA03FD3 
 2666      9A639938 
 2666      CE5ACE63 
 2666      E85AC6DF 
 2667 07c7 4BC6CB7F 		.ascii	"K\306\313\177\320\242\377\366%"
 2667      D0A2FFF6 
 2667      25
 2668 07d0 63345D03 		.ascii	"c4]\003\371G\2559\207\020s\014\272\036\362OZ\214\033"
 2668      F947AD39 
 2668      8710730C 
 2668      BA1EF24F 
 2668      5A8C1B
 2669 07e3 62CCF89E 		.ascii	"b\314\370\236\026\353|\223\3273];\371g-\256\237\374"
 2669      16EB7C93 
 2669      D7335D3B 
 2669      F9672DAE 
 2669      9FFC
 2670 07f5 2F3A7E02 		.ascii	"/:~\002\305h0\026\031\250oh\016\000\364W\264\335\001"
 2670      C5683016 
 2670      19A86F68 
 2670      0E00F457 
 2670      B4DD01
ARM GAS  /tmp/ccACgBoh.s 			page 216


 2671 0808 CFAF03FD 		.ascii	"\317\257\003\375\016\320o\002\375\006\320o\003\375\226"
 2671      0ED06F02 
 2671      FD06D06F 
 2671      03FD96
 2672 0817 0ADB4638 		.ascii	"\012\333F8\317\207\351:\207\270&r\2402\307\212\177\323"
 2672      CF87E93A 
 2672      87B82672 
 2672      A032C78A 
 2672      7FD3
 2673 0829 62ACD8E2 		.ascii	"b\254\330\342\261\202\326\025\235_\377\377\035+-\347"
 2673      B182D615 
 2673      9D5FFFFF 
 2673      1D2B2DE7 
 2674 0839 E7DB342F 		.ascii	"\347\3334/\265\263\236\023\375?Zl\027'\274\177\320\017"
 2674      B5B39E13 
 2674      FD3F5A6C 
 2674      1727BC7F 
 2674      D00F
 2675 084b DAEF4FAD 		.ascii	"\332\357O\255\364\027\232\353\275\342\355*\027\344\022"
 2675      F4179AEB 
 2675      BDE2ED2A 
 2675      17E412
 2676 085a B4286F19 		.ascii	"\264(o\031sE}4'\242\276\316\3439Q\031|\226\002\345\000"
 2676      73457D34 
 2676      27A2BECE 
 2676      E3395119 
 2676      7C9602E5 
 2677 086f 956BB1AD 		.ascii	"\225k\261\255\305\303g\005P%\220\033`\257\202\317E5"
 2677      C5C36705 
 2677      5025901B 
 2677      60AF82CF 
 2677      4535
 2678 0881 AE51B582 		.ascii	"\256Q\265\202L5\217\323t\335\252\006\276W\323x\256\305"
 2678      4C358FD3 
 2678      74DDAA06 
 2678      BE57D378 
 2678      AEC5
 2679 0893 B84DDB6C 		.ascii	"\270M\333l1\301>Hct1\234K\321\232\327\252\350\030x\311"
 2679      31C13E48 
 2679      6374319C 
 2679      4BD19AD7 
 2679      AAE81878 
 2680 08a8 CB42739A 		.ascii	"\313Bs\232F-\256\351\320\265\235\022>\277\2421X\\\373"
 2680      462DAEE9 
 2680      D0B59D12 
 2680      3EBFA231 
 2680      585CFB
 2681 08bb 90FE1DBF 		.ascii	"\220\376\035\277\246\2376i\261\015\323>:\004\362\315"
 2681      A69F3669 
 2681      B10DD33E 
 2681      3A04F2CD 
 2682 08cb 927EDB25 		.ascii	"\222~\333%\351\247tM\213\256\035u\333\350\247\347`\343"
 2682      E9A7744D 
 2682      8BAE1D75 
 2682      DBE8A7E7 
 2682      60E3
 2683 08dd 3FDBA817 		.ascii	"?\333\250\027\332Oi\233\2431\210\346\252b~*\366=\232"
ARM GAS  /tmp/ccACgBoh.s 			page 217


 2683      DA4F699B 
 2683      A33188E6 
 2683      AA627E2A 
 2683      F63D9A
 2684 08f0 9F4ADB7E 		.ascii	"\237J\333~\013|\237'\346> \266y\261\037\211\375\214"
 2684      0B7C9F27 
 2684      E63E20B6 
 2684      79B11F89 
 2684      FD8C
 2685 0902 D6095DE7 		.ascii	"\326\011]\347k\345urA\347\323\360\275\035h\232\340:"
 2685      6BE57572 
 2685      41E7D3F0 
 2685      BD1D689A 
 2685      E03A
 2686 0914 60C70F91 		.ascii	"`\307\017\221\217\212}\213\256\035vJ\372\226\330\357"
 2686      8F8A7D8B 
 2686      AE1D764A 
 2686      FA96D8EF 
 2687 0924 C57E6A99 		.ascii	"\305~j\231o\322:\221\366\033i\237\241}\210\266\323["
 2687      6FD23A91 
 2687      F61B699F 
 2687      A17D88B6 
 2687      D35B
 2688 0936 9E8BD2BE 		.ascii	"\236\213\322\276\262\300\347@t\375\355\232\347\243\226"
 2688      B2C0E740 
 2688      74FDED9A 
 2688      E7A396
 2689 0945 7FFFA8C1 		.ascii	"\177\377\250\301\276\371\272y\247\210\227\226\271\013"
 2689      BEF9BA79 
 2689      A7889796 
 2689      B90B
 2690 0953 70D5A994 		.ascii	"p\325\251\224\363Oj\247^e}\376y-\231\333\322v+\315K"
 2690      F34F6AA7 
 2690      5E657DFE 
 2690      792D99DB 
 2690      D2762BCD 
 2691 0968 C45822C6 		.ascii	"\304X\"\306\012g\256\203\366\177\252\206\256g\322\274"
 2691      0A67AE83 
 2691      F67FAA86 
 2691      AE67D2BC 
 2692 0978 6089B703 		.ascii	"`\211\267\003\313\376y\257\301\363\177\311\217\351\367"
 2692      CBFE79AF 
 2692      C1F37FC9 
 2692      8FE9F7
 2693 0987 472BFD8F 		.ascii	"G+\375\217\316\247\324\222\366\"\200\276gI\277\245\353"
 2693      CEA7D492 
 2693      F62280BE 
 2693      6749BFA5 
 2693      EB
 2694 0998 A51556E4 		.ascii	"\245\025V\344\242\211\260\344\226xc\010\"\302\013\275"
 2694      A289B0E4 
 2694      96786308 
 2694      22C20BBD 
 2695 09a8 A086C388 		.ascii	"\240\206\303\210\276\212^=\034\276\251\027>\002\207"
 2695      BE8A5E3D 
 2695      1CBEA917 
 2695      3E0287
ARM GAS  /tmp/ccACgBoh.s 			page 218


 2696 09b7 A1CF1913 		.ascii	"\241\317\031\023\016D%P\316\347\210\301q\003\321\262"
 2696      0E442550 
 2696      CEE788C1 
 2696      7103D1B2 
 2697 09c7 EF8DBD43 		.ascii	"\357\215\275CCN_,4\342\237\375\257\330\011\215\0021"
 2697      434E5F2C 
 2697      34E29FFD 
 2697      AFD8098D 
 2697      0231
 2698 09d9 2BAD6CCC 		.ascii	"+\255l\314H\327\222\3172\326\202\305\216`\373\227\241"
 2698      48D792CF 
 2698      32D682C5 
 2698      8E60FB97 
 2698      A1
 2699 09ea 9CD52808 		.ascii	"\234\325(\010\254 \315\002\021Z\204\227B\223\360E.S"
 2699      AC20CD02 
 2699      115A8497 
 2699      4293F045 
 2699      2E53
 2700 09fc D2915C67 		.ascii	"\322\221\\g\342\363\260\315\027\260\223\224\352d\360"
 2700      E2F3B0CD 
 2700      17B09394 
 2700      EA64F0
 2701 0a0b 331ADD8C 		.ascii	"3\032\335\214)\356F\207o\010\255\360s\275\360\216P'"
 2701      29EE4687 
 2701      6F08ADF0 
 2701      73BDF08E 
 2701      5027
 2702 0a1d BC03026D 		.ascii	"\274\003\002m\202\001\371\246rW\202\014\344g\030\206"
 2702      8201F9A6 
 2702      7257820C 
 2702      E4671886 
 2703 0a2d E6E7A866 		.ascii	"\346\347\250f5\026\322\036\016#\363Z\037\014X\310\026"
 2703      3516D21E 
 2703      0E23F35A 
 2703      1F0C58C8 
 2703      16
 2704 0a3e 0671A17D 		.ascii	"\006q\241}IK~\211\261V]Tdi\310\257\261\357wea+\016\012"
 2704      494B7E89 
 2704      B1565D54 
 2704      6469C8AF 
 2704      B1EF7765 
 2705 0a56 E8DD00A9 		.ascii	"\350\335\000\251G\006)\250\264\346\336\201\374\001\223"
 2705      470629A8 
 2705      B4E6DE81 
 2705      FC0193
 2706 0a65 B9C93832 		.ascii	"\271\31182j\0252\275\012\231\373\244\302ZY1\372d\305"
 2706      6A1532BD 
 2706      0A99FBA4 
 2706      C25A5931 
 2706      FA64C5
 2707 0a78 E8E7C520 		.ascii	"\350\347\305 u\3715\375\006\341\325\313Wi\224\265\245"
 2707      75F935FD 
 2707      06E1D5CB 
 2707      576994B5 
 2707      A5
 2708 0a89 3BF1BDC2 		.ascii	";\361\275\302\247\035\2431\354mZR\241\001\364\016\312"
ARM GAS  /tmp/ccACgBoh.s 			page 219


 2708      A71DA331 
 2708      EC6D5A52 
 2708      A101F40E 
 2708      CA
 2709 0a9a 04BF48FF 		.ascii	"\004\277H\377\371\022\374\303 \204P\010j;\241\023~\357"
 2709      F912FCC3 
 2709      20845008 
 2709      6A3BA113 
 2709      7EEF
 2710 0aac 80DF8576 		.ascii	"\200\337\205v.\000@\204\001\341\2250$\320\270m\207\312"
 2710      2E004084 
 2710      01E19530 
 2710      24D0B86D 
 2710      87CA
 2711 0abe 8F0AB571 		.ascii	"\217\012\265q\306\026\017-\265.tYW]O\277\002\376p\357"
 2711      C6160F2D 
 2711      B52E7459 
 2711      575D4FBF 
 2711      02FE70EF 
 2712 0ad2 FD6A47E2 		.ascii	"\375jG\342-\260B/\314\317.\221\227\326-\016[\267\010"
 2712      2DB0422F 
 2712      CCCF2E91 
 2712      97D62D0E 
 2712      5BB708
 2713 0ae5 5281678D 		.ascii	"R\201g\215\276.R\027\214\310\314\2152\027\320\017\352"
 2713      BE2E5217 
 2713      8CC8CC8D 
 2713      3217D00F 
 2713      EA
 2714 0af6 AEE0857E 		.ascii	"\256\340\205~B\302\320\334b\321I\273J\341\343104.\363"
 2714      42C2D0DC 
 2714      62D149BB 
 2714      4AE1E331 
 2714      30342EF3 
 2715 0b0a F1C97260 		.ascii	"\361\311r`\233A\321\244\224|s\221UF\215\024\310\204"
 2715      9B41D1A4 
 2715      947C7391 
 2715      55468D14 
 2715      C884
 2716 0b1c 0CC824AF 		.ascii	"\014\310$\257\013U\\\343C\261\036\352\002\2755]\370"
 2716      0B555CE3 
 2716      43B11EEA 
 2716      02BD355D 
 2716      F8
 2717 0b2d D5B8B25D 		.ascii	"\325\270\262]V\025\223\274*\246_S\025\240\2319\306\374"
 2717      561593BC 
 2717      2AA65F53 
 2717      15A09939 
 2717      C6FC
 2718 0b3f FB34F7CA 		.ascii	"\3734\367\312\224\311#\261\305\265\345Nd\021K\031:\352"
 2718      94C923B1 
 2718      C5B5E54E 
 2718      64114B19 
 2718      3AEA
 2719 0b51 B9C9D15B 		.ascii	"\271\311\321[\312\0123\334\230\\\334\373\251.U%-\307"
 2719      CA0A33DC 
 2719      985CDCFB 
ARM GAS  /tmp/ccACgBoh.s 			page 220


 2719      A92E5525 
 2719      2DC7
 2720 0b63 AC0CCF1C 		.ascii	"\254\014\317\034:t\2169t\362\246\361\316@\316\230)\342"
 2720      3A748E39 
 2720      74F2A6F1 
 2720      CE40CE98 
 2720      29E2
 2721 0b75 EA77374B 		.ascii	"\352w7K\004\375;\002\360\012>T\336\230n$o\333\011_y"
 2721      04FD3B02 
 2721      F00A3E54 
 2721      DE986E24 
 2721      6FDB095F 
 2722 0b8a 47780FCC 		.ascii	"Gx\017\314\315\203\271\005Ao',\002\303\022(\2135\332"
 2722      CD83B905 
 2722      416F272C 
 2722      02C31228 
 2722      8B35DA
 2723 0b9d B313B146 		.ascii	"\263\023\261F\340>\371>\373\016J}6.\033\035\365\\\201"
 2723      E03EF93E 
 2723      FB0E4A7D 
 2723      362E1B1D 
 2723      F55C81
 2724 0bb0 C7EB1400 		.ascii	"\307\353\024\000\363\312Q[\010\221\242]\026\364\022"
 2724      F3CA515B 
 2724      0891A25D 
 2724      16F412
 2725 0bbf B42B6247 		.ascii	"\264+bG\256_\277]\024\244|\360\213\204o\025K\265\312"
 2725      AE5FBF5D 
 2725      14A47CF0 
 2725      8B846F15 
 2725      4BB5CA
 2726 0bd2 4A55B475 		.ascii	"JU\264u\221\343\210\035\275\237\005\242\354y?\006\310"
 2726      91E3881D 
 2726      BD9F05A2 
 2726      EC793F06 
 2726      C8
 2727 0be3 C8655F48 		.ascii	"\310e_HM\254SD_|GXC@\033\275{\345N(<@\217c\016z\343"
 2727      4DAC5344 
 2727      5F7C4758 
 2727      43401BBD 
 2727      7BE54E28 
 2728 0bfe 9D304CAC 		.ascii	"\2350L\254\320\330\330\026}\227\345\362\"\204\267\362"
 2728      D0D8D816 
 2728      7D97E5F2 
 2728      2284B7F2 
 2729 0c0e AF0BB444 		.ascii	"\257\013\264D\302&h\333`\332\266\204\027\250\022\277"
 2729      C22668DB 
 2729      60DAB684 
 2729      17A812BF 
 2730 0c1e 83407FD7 		.ascii	"\203@\177\327v\034A\205\216px\340\347v\257\263\011f"
 2730      761C4185 
 2730      8E7078E0 
 2730      E776AFB3 
 2730      0966
 2731 0c30 8783D946 		.ascii	"\207\203\331F0\271\227A\361z\224\245\005\253\233\354"
 2731      30B99741 
 2731      F17A94A5 
ARM GAS  /tmp/ccACgBoh.s 			page 221


 2731      05AB9BEC 
 2732 0c40 4F73E658 		.ascii	"Os\346X\350\317)\313G\207ZK,{\240l\227)\333\247Xv\020"
 2732      E8CF29CB 
 2732      47875A4B 
 2732      2C7BA06C 
 2732      9729DBA7 
 2733 0c57 CB3EC372 		.ascii	"\313>\303r?\232\225\250E}\357\207\303\362\336\260db"
 2733      3F9A95A8 
 2733      457DEF87 
 2733      C3F2DEB0 
 2733      6462
 2734 0c69 13CB21C7 		.ascii	"\023\313!\307r\200X\246s\353\237]P\366-8,\315j\037\343"
 2734      728058A6 
 2734      73EB9F5D 
 2734      50F62D38 
 2734      2CCD6A1F 
 2735 0c7e 7EA911E0 		.ascii	"~\251\021\340\330\323\303;Jg\211\345\030\224\0351e'"
 2735      D8D3C33B 
 2735      4A6789E5 
 2735      18941D31 
 2735      6527
 2736 0c90 14CB2162 		.ascii	"\024\313!b9aXZ\217N\313\324\344\032\233y\373\356\206"
 2736      3961585A 
 2736      8F4ECBD4 
 2736      E41A9B79 
 2736      FBEE86
 2737 0ca3 8F9EDCE1 		.ascii	"\217\236\334\341A\310\302m\003D\025\034pJ#F\237\265"
 2737      41C8C26D 
 2737      0344151C 
 2737      704A2346 
 2737      9FB5
 2738 0cb5 24000F6E 		.ascii	"$\000\017n\0263\006\225\261\370\002\332\325\245\254"
 2738      16330695 
 2738      B1F802DA 
 2738      D5A5AC
 2739 0cc4 2F0F978E 		.ascii	"/\017\227\216\273:\223x\024*\354\235\\!\012\241+\205"
 2739      BB3A9378 
 2739      142AEC9D 
 2739      5C210AA1 
 2739      2B85
 2740 0cd6 50E963CD 		.ascii	"P\351c\315\224,\022]\313:\316\215\030\000\316r\256\032"
 2740      942C125D 
 2740      CB3ACE8D 
 2740      1800CE72 
 2740      AE1A
 2741 0ce8 55A600B0 		.ascii	"U\246\000\260=\370\271\330\013\214\305\300!\234\203"
 2741      3DF8B9D8 
 2741      0B8CC5C0 
 2741      219C83
 2742 0cf7 DABB1F21 		.ascii	"\332\273\037!\000\010g\\\200v\342[S'\236\277\353ts!"
 2742      0008675C 
 2742      8076E25B 
 2742      53279EBF 
 2742      EB747321 
 2743 0d0b F358008F 		.ascii	"\363X\000\217\324\362\002\235\215\030poU<\3205\376\277"
 2743      D4F2029D 
 2743      8D18706F 
ARM GAS  /tmp/ccACgBoh.s 			page 222


 2743      553CD035 
 2743      FEBF
 2744 0d1d 903D264D 		.ascii	"\220=&M6f\267\366u\302\313W\257\254Ff;\341\211K?CX6"
 2744      3666B7F6 
 2744      75C2CB57 
 2744      AFAC4666 
 2744      3BE1894B 
 2745 0d35 AAC481C0 		.ascii	"\252\304\201\300hly^\374Z\316\014\226\354\001x\036\301"
 2745      686C795E 
 2745      FC5ACE0C 
 2745      96EC0178 
 2745      1EC1
 2746 0d47 D293F592 		.ascii	"\322\223\365\222!\377\332O\340\270A\231O\2553\327\213"
 2746      21FFDA4F 
 2746      E0B84199 
 2746      4FAD33D7 
 2746      8B
 2747 0d58 1601E3FA 		.ascii	"\026\001\343\372p\262\227\200\355\311\201\366+?\367"
 2747      70B29780 
 2747      EDC981F6 
 2747      2B3FF7
 2748 0d67 72679B6D 		.ascii	"rg\233m\321M\205m\321U\305\332bk{\330\024\227\325\323"
 2748      D14D856D 
 2748      D155C5DA 
 2748      626B7BD8 
 2748      1497D5D3 
 2749 0d7b E13AA4DA 		.ascii	"\341:\244\332K\215mq\204\215\364\007K\265\212\266\350"
 2749      4B8D6D71 
 2749      848DF407 
 2749      4BB58AB6 
 2749      E8
 2750 0d8c A17A4770 		.ascii	"\241zGpWQe\236\252\027\250\021\277\203\200WgH=\357\364"
 2750      5751659E 
 2750      AA17A811 
 2750      BF838057 
 2750      67483DEF 
 2751 0da1 2A38CC08 		.ascii	"*8\314\010\014\375/6\241xs(^\010\305m\262\240\332\031"
 2751      0CFD2F36 
 2751      A1787328 
 2751      5E08C56D 
 2751      B2A0DA19 
 2752 0db5 45096D6C 		.ascii	"E\011mlU\001\361:\204\3626\034\216\354\315\272\332["
 2752      5501F13A 
 2752      84F2361C 
 2752      8EECCDBA 
 2752      DA5B
 2753 0dc7 22F10524 		.ascii	"\"\361\005$>\014\211\037E\342\215H\374\030\222m\257"
 2753      3E0C891F 
 2753      45E28D48 
 2753      FC18926D 
 2753      AF
 2754 0dd8 81271DAA 		.ascii	"\201'\035\252{\227&f\325\333\311N6\241\004p(\376\010"
 2754      7B972666 
 2754      D5DBC94E 
 2754      36A10470 
 2754      28FE08
 2755 0deb 2524B074 		.ascii	"%$\260tY\205\262?\016\207\231\253M\356\016\010e\207"
ARM GAS  /tmp/ccACgBoh.s 			page 223


 2755      5985B23F 
 2755      0E8799AB 
 2755      4DEE0E08 
 2755      6587
 2756 0dfd F6D0A0AE 		.ascii	"\366\320\240\256l%\226 \300\022\310\260\004S,\001\210"
 2756      6C259620 
 2756      C012C8B0 
 2756      04532C01 
 2756      88
 2757 0e0e 25986149 		.ascii	"%\230aI\235\034q\343^~\003\016\367\226\274gU6\261\204"
 2757      9D1C71E3 
 2757      5E7E030E 
 2757      F796BC67 
 2757      5536B184 
 2758 0e22 722C2188 		.ascii	"r,!\210\305\365\336\375\347P\364\307h1\372\232\327y"
 2758      C5F5DEFD 
 2758      E750F4C7 
 2758      6831FA9A 
 2758      D779
 2759 0e34 05F95028 		.ascii	"\005\371P(s\331\376g\216\226P\302\001J\030\203\022A"
 2759      73D9FE67 
 2759      8E9650C2 
 2759      014A1883 
 2759      1241
 2760 0e46 A1842294 		.ascii	"\241\204\"\224\010\006%\271ga\311\036\365}\020\016\257"
 2760      080625B9 
 2760      6761C91E 
 2760      F57D100E 
 2760      AF
 2761 0e57 8E86175D 		.ascii	"\216\206\027]lB\211\342P\"\021\312FV\337\277\242\350"
 2761      6C4289E2 
 2761      502211CA 
 2761      4656DFBF 
 2761      A2E8
 2762 0e69 3B34ED8B 		.ascii	";4\355\213\013\350\346qk\206B9\230\367\350\020,\241"
 2762      0BE8E671 
 2762      6B864239 
 2762      98F7E810 
 2762      2CA1
 2763 0e7b C4009468 		.ascii	"\304\000\224h\006%\226B\211B(\261\014JxV\346\000\257"
 2763      06259642 
 2763      894228B1 
 2763      0C4A7856 
 2763      E600AF
 2764 0e8e A1CFD366 		.ascii	"\241\317\323f\\\\\235\240\267\011%\236C\211C(Q\015U"
 2764      5C5C9DA0 
 2764      B709259E 
 2764      43894328 
 2764      510D55
 2765 0ea1 4FBC9D7D 		.ascii	"O\274\235}\001\016\233b\013]\020\312\011mv=\331\255"
 2765      010E9B62 
 2765      0B5D10CA 
 2765      096D763D 
 2765      D9AD
 2766 0eb3 C14E9650 		.ascii	"\301N\226P\022\001J\002\203\222D\241\304#\224$\006e"
 2766      12014A02 
 2766      839244A1 
ARM GAS  /tmp/ccACgBoh.s 			page 224


 2766      C4239424 
 2766      0665
 2767 0ec5 2A3ED35F 		.ascii	"*>\323_c\323v2\267\035\206\266}\352\363\253xmR\331\312"
 2767      63D37632 
 2767      B71D86B6 
 2767      7DEAF3AB 
 2767      786D52D9 
 2768 0eda A4D42EEE 		.ascii	"\244\324.\356\207\020\352\207\205\332\242\024\215\245"
 2768      8710EA87 
 2768      85DAA214 
 2768      8DA5
 2769 0ee8 F154309E 		.ascii	"\361T0\236\302\214\247Q\343\311h<\215\031\037\354\034"
 2769      C28CA751 
 2769      E3C9683C 
 2769      8D191FEC 
 2769      1C
 2770 0ef9 8FD19100 		.ascii	"\217\321\221\000\302\202Lk\306t\271\203\340\200\271"
 2770      C2824C6B 
 2770      C674B983 
 2770      E080B9
 2771 0f08 83371BFA 		.ascii	"\2037\033\372\335C\336\020LC\177\272\012z\225\312\301"
 2771      DD43DE10 
 2771      4C437FBA 
 2771      0A7A95CA 
 2771      C1
 2772 0f19 4EC8048D 		.ascii	"N\310\004\215Y*\314\035\350\011\226;\274\201\277\301"
 2772      592ACC1D 
 2772      E809963B 
 2772      BC81BFC1 
 2773 0f29 3FB407A5 		.ascii	"?\264\007\245\234'B\222\307\364\012\253\005m\276Z\022"
 2773      9C274292 
 2773      C7F40AAB 
 2773      056DBE5A 
 2773      12
 2774 0f3a 85074505 		.ascii	"\205\007E\005\367%z5\235=\375\205A\370\236\232\236j"
 2774      F7257A35 
 2774      9D3DFD85 
 2774      41F89E9A 
 2774      9E6A
 2775 0f4c A9A82B37 		.ascii	"\251\250+7\220x\374=p%\243@9:\344\201\351|\2254\320"
 2775      9078FC3D 
 2775      7025A340 
 2775      393AE481 
 2775      E97C9534 
 2776 0f61 B7DCD7CC 		.ascii	"\267\334\327\314\033H\001\012\225\3734\254\030\024B"
 2776      1B48010A 
 2776      95FB34AC 
 2776      181442
 2777 0f70 050AA1E1 		.ascii	"\005\012\241\341\351\206\011\007\351\350P\250\222\206"
 2777      E9860907 
 2777      E9E850A8 
 2777      9286
 2778 0f7e B722154F 		.ascii	"\267\"\025OT\026\253\372\263\235\030H8%\344\252\030"
 2778      5416ABFA 
 2778      B39D1848 
 2778      3825E4AA 
 2778      18
ARM GAS  /tmp/ccACgBoh.s 			page 225


 2779 0f8f 4CB127BD 		.ascii	"L\261'\275\211=)a\252\270\317\376\255H\346kw"
 2779      893D2961 
 2779      AAB8CFFE 
 2779      AD48E66B 
 2779      77
 2780 0fa0 E31B2AE1 		.ascii	"\343\033*\341/\337/\224\2500\244\330\011\245\252\267"
 2780      2FDF2F94 
 2780      A830A4D8 
 2780      09A5AAB7 
 2781 0fb0 EC84627A 		.ascii	"\354\204bz%\203\212\366=<$\251\245v\341g\211\33520\302"
 2781      25838AF6 
 2781      3D3C24A9 
 2781      A576E167 
 2781      89DD3230 
 2782 0fc5 40026B4E 		.ascii	"@\002kNuD\276#i\300r]\017\365\357\330\224\023\312\241"
 2782      7544BE23 
 2782      69C0725D 
 2782      0FF5EFD8 
 2782      9413CAA1 
 2783 0fd9 7C52D183 		.ascii	"|R\321\2039\377j\201t\242hJ\333\352\347I?~\367\332("
 2783      39FF6A81 
 2783      74A2684A 
 2783      DBEAE749 
 2783      3F7EF7DA 
 2784 0fee 7C246404 		.ascii	"|$d\004\017\272\306z\317\004\205\257\252AW\215\314W"
 2784      0FBAC67A 
 2784      CF0485AF 
 2784      AA41578D 
 2784      CC57
 2785 1000 BE4D45DF 		.ascii	"\276ME\337%K\334\277{\325\335\312\251P\255Bf\245\362"
 2785      254BDCBF 
 2785      7BD5DDCA 
 2785      A950AD42 
 2785      66A5F2
 2786 1013 214E96E0 		.ascii	"!N\226\340\325\311\374[/\372w\247\347j\323\236\034\241"
 2786      D5C9FC5B 
 2786      2FFA77A7 
 2786      E76AD39E 
 2786      1CA1
 2787 1025 F206AFC7 		.ascii	"\362\006\257\307&\332\027?\245\027\350\235\\.p\252\373"
 2787      26DA173F 
 2787      A517E89D 
 2787      5C2E70AA 
 2787      FB
 2788 1036 F87042C0 		.ascii	"\370pB\300S\224\343\2527:\337\211\\ {\200\377j\206\016"
 2788      5394E3AA 
 2788      373ADF89 
 2788      5C207B80 
 2788      FF6A860E 
 2789 104a 33536643 		.ascii	"3SfC2\2166\253\230\010\035\010\233\240&\032Y\237Q\367"
 2789      328E36AB 
 2789      98081D08 
 2789      9BA0261A 
 2789      599F51F7 
 2790 105e 24ADFE9C 		.ascii	"$\255\376\234\360\3124\357\232\366!C\355A\201\306\024"
 2790      F0CA34EF 
 2790      9AF62143 
ARM GAS  /tmp/ccACgBoh.s 			page 226


 2790      ED4181C6 
 2790      14
 2791 106f 37420109 		.ascii	"7B\001\011U \324\256\262>\312\241\304S\302\213twc\317"
 2791      5520D4AE 
 2791      B23ECAA1 
 2791      C453C28B 
 2791      747763CF 
 2792 1083 77841695 		.ascii	"w\204\026\225^hP\260\343\010\254\230\250\211)\034sm"
 2792      5E6850B0 
 2792      E308AC98 
 2792      A889291C 
 2792      736D
 2793 1095 3BBA49E8 		.ascii	";\272I\350P\275\022Z\201\332T\322\311Z\302\233\250\237"
 2793      50BD125A 
 2793      81DA54D2 
 2793      C95AC29B 
 2793      A89F
 2794 10a7 C2A1B987 		.ascii	"\302\241\271\207\0258_\302\271\332e`\343\242\341\245"
 2794      15385FC2 
 2794      B9DA6560 
 2794      E3A2E1A5 
 2795 10b7 753BB5B6 		.ascii	"u;\265\266\355H\306\264\0278\246\365\215\234\235\210"
 2795      ED48C6B4 
 2795      1738A6F5 
 2795      8D9C9D88 
 2796 10c7 13671A39 		.ascii	"\023g\0329F\033\022\016\235H\211\232\272X\223yxw+\320"
 2796      461B120E 
 2796      9D48899A 
 2796      BA589379 
 2796      78772BD0 
 2797 10db 99EAAB57 		.ascii	"\231\352\253W<\213\010\"\311\351cF\346\263N0Q\011\246"
 2797      3C8B0822 
 2797      C9E96346 
 2797      E6B34E30 
 2797      5109A6
 2798 10ee FAE0D39C 		.ascii	"\372\340\323\234\246Z\237\254vC-tA-\260\376\333\307"
 2798      A65A9FAC 
 2798      76432D74 
 2798      412DB0FE 
 2798      DBC7
 2799 1100 B1F502AE 		.ascii	"\261\365\002\256\001\240~\240A\251\037\236\342\336\314"
 2799      01A07EA0 
 2799      41A91F9E 
 2799      E2DECC
 2800 110f 607E80C8 		.ascii	"`~\200\310\220\315\005\314n\010QI2\025\340^\212{\201"
 2800      90CD05CC 
 2800      6E085149 
 2800      3215E05E 
 2800      8A7B81
 2801 1122 DC15E0B5 		.ascii	"\334\025\340\265\034\005;\326\212\244\026\347\336\301"
 2801      1C053BD6 
 2801      8AA416E7 
 2801      DEC1
 2802 1130 CC865662 		.ascii	"\314\206Vb\217\015\355\342\224\270$(v\324\351\245\365"
 2802      8F0DEDE2 
 2802      94B82428 
 2802      76D4E9A5 
ARM GAS  /tmp/ccACgBoh.s 			page 227


 2802      F5
 2803 1141 A214BCBE 		.ascii	"\242\024\274\276(\264A\307\324\035\310&\241C2S\303\254"
 2803      28B441C7 
 2803      D41DC826 
 2803      A1433253 
 2803      C3AC
 2804 1153 17D00FE0 		.ascii	"\027\320\017\340\315\367\035\377W\262\315\334.\244\025"
 2804      CDF71DFF 
 2804      57B2CDDC 
 2804      2EA415
 2805 1162 4F956AAC 		.ascii	"O\225j\254\267\354\021e\313\026FU4m\272]m;\321`\275"
 2805      B7EC1165 
 2805      CB164655 
 2805      346DBA5D 
 2805      6D3BD160 
 2806 1177 BE8F0E3F 		.ascii	"\276\217\016?\267g\276\3666G\223q>\232\214\341h\022"
 2806      B767BEF6 
 2806      36479371 
 2806      3E9A8CE1 
 2806      6812
 2807 1189 595493C4 		.ascii	"YT\223\304\033A\011m\004\035\275\301\375\212atB\205"
 2807      1B41096D 
 2807      041DBDC1 
 2807      FD8A6174 
 2807      4285
 2808 119b B307983D 		.ascii	"\263\007\230=\323\341c\034\207\217I6|\264\254\004\336"
 2808      D3E1631C 
 2808      878F4936 
 2808      7CB4AC04 
 2808      DE
 2809 11ac D269D1BB 		.ascii	"\322i\321\273\320u\005I\277}\027\373mnrN\007\364[,\335"
 2809      D0750549 
 2809      BF7D17FB 
 2809      6D6E724E 
 2809      07F45B2C 
 2810 11c1 FE704BB9 		.ascii	"\376pK\271iF)\235\222\316\250\230\000-\3334\330\232"
 2810      6946299D 
 2810      92CEA898 
 2810      002DDB34 
 2810      D89A
 2811 11d3 A2659B65 		.ascii	"\242e\233ee\023#\303\267\224\221\341[h!\343\366\270"
 2811      651323C3 
 2811      B79491E1 
 2811      5B6821E3 
 2811      F6B8
 2812 11e5 DA401ED0 		.ascii	"\332@\036\320BH\313\355\231\263\350?\017\231\377\026"
 2812      4248CBED 
 2812      99B3E83F 
 2812      0F99FF16 
 2813 11f5 544C84DA 		.ascii	"TL\204\332\230\007\033s\324\306\"\263\021|\0268\357"
 2813      98071B73 
 2813      D4C622B3 
 2813      117C1638 
 2813      EF
 2814 1206 40DC354C 		.ascii	"@\3345L\203w]\223\227\326\272\206%+\032\226\231\006"
 2814      83775D93 
 2814      97D6BA86 
ARM GAS  /tmp/ccACgBoh.s 			page 228


 2814      252B1A96 
 2814      9906
 2815 1218 F388F66B 		.ascii	"\363\210\366k\216|D\033k\357)t\221\216\015\360\213y"
 2815      8E7C441B 
 2815      6BEF2974 
 2815      918E0DF0 
 2815      8B79
 2816 122a 6C58A563 		.ascii	"lX\245c\303\21286\264M\024]9J[\313\252llX\303\326\262"
 2816      C38A3836 
 2816      B44D145D 
 2816      394A5BCB 
 2816      AA6C6C58 
 2817 1241 C65A4BF1 		.ascii	"\306ZK\361\363B\274^\344\005|\302_\277_\302\372W\214"
 2817      F342BC5E 
 2817      E4057CC2 
 2817      5FBF5FC2 
 2817      FA578C
 2818 1254 739D714E 		.ascii	"s\235qN-\246\247\360DAC\003n\346\225\227\203\315f\261"
 2818      2DA6A7F0 
 2818      44414303 
 2818      6EE69597 
 2818      83CD66B1 
 2819 1268 C99BC506 		.ascii	"\311\233\305\0066\213\352\341\330h>\301\324\322i]\365"
 2819      368BEAE1 
 2819      D8683EC1 
 2819      D4D2695D 
 2819      F5
 2820 1279 FCAE0A5B 		.ascii	"\374\256\012[\311{tl\274_\230\"\226\215d\033\012\267"
 2820      C97B746C 
 2820      BC5F9822 
 2820      968D641B 
 2820      0AB7
 2821 128b C50AB743 		.ascii	"\305\012\267C\033\311&6\222\035\326H\272\246\272\372"
 2821      1BC92636 
 2821      921DD648 
 2821      BAA6BAFA 
 2822 129b 6C37C95D 		.ascii	"l7\311]n\333\007m\327uW](\222J3\367\036\325\276\213"
 2822      6EDB076D 
 2822      D775575D 
 2822      28924A33 
 2822      F71ED5BE 
 2823 12b0 DAF7B009 		.ascii	"\332\367\260\011\336.\355\330\326\276\317\265o\241\366"
 2823      DE2EEDD8 
 2823      D6BECFB5 
 2823      6FA1F6
 2824 12bf 95D88C28 		.ascii	"\225\330\214(^2\035\015z\341s\313<\271\376iZ\262\242"
 2824      5E321D0D 
 2824      7AE173CB 
 2824      3CB9FE69 
 2824      5AB2A2
 2825 12d2 A14545F6 		.ascii	"\241EE\366tH\233?+\331\021\265\275\217\266\217\230\355"
 2825      74489B3F 
 2825      2BD911B5 
 2825      BD8FB68F 
 2825      98ED
 2826 12e4 EC50BF26 		.ascii	"\354P\277&>\233\356b\213g\017\376[\266S\271\023\216"
 2826      3E9BEE62 
ARM GAS  /tmp/ccACgBoh.s 			page 229


 2826      8B670FFE 
 2826      5BB653B9 
 2826      138E
 2827 12f6 E518B12C 		.ascii	"\345\030\261,O\255\225\361\005\216nz\234T:SH\370\\\234"
 2827      4FAD95F1 
 2827      058E6E7A 
 2827      9C543A53 
 2827      48F85C9C 
 2828 130a AE519CF6 		.ascii	"\256Q\234\366\355\374\215%\2303\000s\312\300\234S0'"
 2828      EDFC8D25 
 2828      98330073 
 2828      CAC09C53 
 2828      3027
 2829 131c 08E69C81 		.ascii	"\010\346\234\201\021\347O/\370\374\251|\255*\332vN{"
 2829      11E74F2F 
 2829      F8FCA97C 
 2829      AD2ADA76 
 2829      4E7B
 2830 132e C9C15C20 		.ascii	"\311\301\\ \230\336\244.7.<J\217\243\347rOxV\353C\333"
 2830      98DEA42E 
 2830      372E3C4A 
 2830      8FA3E772 
 2830      4F7856EB 
 2831 1344 CFE5D6FE 		.ascii	"\317\345\326\376\232b2v\015h\256\030\232\033\212\346"
 2831      9A623276 
 2831      0D68AE18 
 2831      9A1B8AE6 
 2832 1354 12D1DC30 		.ascii	"\022\321\33404=\0171\221\266\347\031\267\334\372\001"
 2832      343D0F31 
 2832      91B6E719 
 2832      B7DCFA01 
 2833 1364 5A6F9AF4 		.ascii	"Zo\232\364\\R4)\363\344\366\216j\277E\355wL\273\337"
 2833      5C523429 
 2833      F3E4F68E 
 2833      6ABF45ED 
 2833      774CBBDF 
 2834 1378 6384275F 		.ascii	"c\204'_\352\356d\223\353\364\266\010\333S\211\007n\355"
 2834      EAEE6493 
 2834      EBF4B608 
 2834      DB538907 
 2834      6EED
 2835 138a 1EAD65B4 		.ascii	"\036\255e\264t\2258\362\250G\035}p\264\273k\260\264"
 2835      749538F2 
 2835      A8471D7D 
 2835      70B4BB6B 
 2835      B0B4
 2836 139c FEA8C28A 		.ascii	"\376\250\302\212\202\211.\265\376\200\326\237\230\365"
 2836      82892EB5 
 2836      FE80D69F 
 2836      98F5
 2837 13aa D2A38D4C 		.ascii	"\322\243\215L\007\264\336J\025n\315\236\226\330\356"
 2837      07B4DE4A 
 2837      156ECD9E 
 2837      96D8EE
 2838 13b9 5C4682D6 		.ascii	"\\F\202\326\237\321z\272Gk8\207\336F\217\335{G\272\264"
 2838      9FD17ABA 
 2838      476B3887 
ARM GAS  /tmp/ccACgBoh.s 			page 230


 2838      DE468FDD 
 2838      7B47BAB4 
 2839 13cd 3C85A768 		.ascii	"<\205\247h\\\257\252\213\034,\321\270\021\2305\023\252"
 2839      5CAFAA8B 
 2839      1C2CD1B8 
 2839      11983513 
 2839      AA
 2840 13de CD9DBC40 		.ascii	"\315\235\274@\225\370\035\004\372\313\212D_|\234\306"
 2840      95F81D04 
 2840      FACB8A44 
 2840      5F7C9CC6 
 2841 13ee B3E5C20B 		.ascii	"\263\345\302\013\333m\320\223\203\361 \014\314sZ\322"
 2841      DB6DD093 
 2841      83F1200C 
 2841      CC735AD2 
 2842 13fe 286FC0AF 		.ascii	"(o\300\257h\307o|L\345\363\336\024:\227\351\230\015"
 2842      68C76F7C 
 2842      4CE5F3DE 
 2842      143A97E9 
 2842      980D
 2843 1410 C9D75B62 		.ascii	"\311\327[b\361\006,^\014\213\017\305\342\211X|\030\226"
 2843      F1062C5E 
 2843      0C8B0FC5 
 2843      E289587C 
 2843      1896
 2844 1422 E3C6F361 		.ascii	"\343\306\363a\336\246?As\320\364\364h\333}\323\217c"
 2844      DEA63F41 
 2844      73D0F4F4 
 2844      68DB7DD3 
 2844      8F63
 2845 1434 F1452CAB 		.ascii	"\361E,\253\011Ac| \373$\225MIN\342\313d%\024\313\334"
 2845      0941637C 
 2845      20FB2495 
 2845      4D494EE2 
 2845      CB642514 
 2846 144a F24384B3 		.ascii	"\362C\204\263%\226\000\300\342\317\260\004R,~\210%\220"
 2846      259600C0 
 2846      E2CFB004 
 2846      522C7E88 
 2846      2590
 2847 145c 61092A3A 		.ascii	"a\011*:+\345\021\360spx\337\022\025d{i\"\230c\011B,"
 2847      2BE511F0 
 2847      737078DF 
 2847      1215647B 
 2847      69229863 
 2848 1473 51FE9E17 		.ascii	"Q\376\236\027\274\211\354P\343y\036g\037\265\264\035"
 2848      BC89EC50 
 2848      E3791E67 
 2848      1FB5B41D 
 2849 1483 42704608 		.ascii	"BpF\010\223\\j;\030m\2072\333\325];\231\274N\234hgH"
 2849      935C6A3B 
 2849      186D8732 
 2849      DBD55D3B 
 2849      99BC4E9C 
 2850 149a 1EACB36D 		.ascii	"\036\254\263m;\234\333\016C\333\365\251^\355<F9\303"
 2850      3B9CDB0E 
 2850      43DBF5A9 
ARM GAS  /tmp/ccACgBoh.s 			page 231


 2850      5EED3C46 
 2850      39C3
 2851 14ac 6159C0D6 		.ascii	"aY\300\326\031\037\243O\330\012w\335\365\240\242\257"
 2851      191FA34F 
 2851      D80A77DD 
 2851      F5A0A2AF 
 2852 14bc 44029608 		.ascii	"D\002\226\010\346\207(\212%\034\261D1,%~\223\017\034"
 2852      E687288A 
 2852      251CB144 
 2852      312C257E 
 2852      930F1C
 2853 14cf CB97E0F0 		.ascii	"\313\227\340\360\242\246,\315vW\211\341X\242\021\213"
 2853      A2A62CCD 
 2853      765789E1 
 2853      58A2118B 
 2854 14df 7F4A7609 		.ascii	"\177Jv\011\257\223/\323:\011\037N\344Q!\204\256\223"
 2854      AF932FD3 
 2854      3A091F4E 
 2854      E4512184 
 2854      AE93
 2855 14f1 8C6CA4F4 		.ascii	"\214l\244\364*zN\034`\211eX\342)\226\030\304\022\317"
 2855      2A7A4E1C 
 2855      60896558 
 2855      E2299618 
 2855      C412CF
 2856 1504 B01C2404 		.ascii	"\260\034$\004\004\253m\032O\340\306#\320xKI\3708\317"
 2856      04AB6D1A 
 2856      4FE0C623 
 2856      D0784B49 
 2856      F838CF
 2857 1517 58E9C81F 		.ascii	"X\351\310\037\020\030y\315\215\3370?\271\257\005*\032"
 2857      101879CD 
 2857      8DDF303F 
 2857      B9AF052A 
 2857      1A
 2858 1528 4412184F 		.ascii	"D\022\030Od\306\223\251\361\0044\236\314\214O5\2476"
 2858      64C693A9 
 2858      F104349E 
 2858      CC8C4F35 
 2858      A736
 2859 153a F006F161 		.ascii	"\360\006\361a\352\210\034\237?\262\011%\225CIA(\342"
 2859      EA881C9F 
 2859      3FB20925 
 2859      95434941 
 2859      28E2
 2860 154c B5B41778 		.ascii	"\265\264\027x--\257~7\206\217\210F\332<*N\343\346T\226"
 2860      2D2DAF7E 
 2860      37868F88 
 2860      46DA3C2A 
 2860      4EE3E654 
 2861 1561 50D2014A 		.ascii	"P\322\001J\032\203\222A\241\244\"\224\014\006%\352\244"
 2861      1A839241 
 2861      A1A42294 
 2861      0C0625EA 
 2861      A4
 2862 1572 6CDCB61F 		.ascii	"l\334\266\0372\271\36144\336\356[[\312;\351G\351\030"
 2862      32B9F134 
ARM GAS  /tmp/ccACgBoh.s 			page 232


 2862      34DEEE5B 
 2862      5BCA3BE9 
 2862      47E918
 2863 1585 5656DBC0 		.ascii	"VV\333\300\257\353\371P\343\375\215\371k\212Q+\033\214"
 2863      AFEBF950 
 2863      E3FD8DF9 
 2863      6B8A512B 
 2863      1B8C
 2864 1597 6731E339 		.ascii	"g1\3439\324x&\032\317a\306\363.v\013l\367\312\\n\274"
 2864      D478261A 
 2864      CF61C6F3 
 2864      2E760B6C 
 2864      F7CA5C6E 
 2865 15ac 0E178C37 		.ascii	"\016\027\2147\323\016\336\207\306>M\207\211\360\331"
 2865      D30EDE87 
 2865      C63E4D87 
 2865      89F0D9
 2866 15bb 35C5E246 		.ascii	"5\305\342F\036\301\314\301N\310\247\266r\321V>\263\225"
 2866      1EC1CCC1 
 2866      4EC8A7B6 
 2866      72D1563E 
 2866      B395
 2867 15cd BFDD7CC7 		.ascii	"\277\335|\307\307\025#MKN\246\326W\371\352\326\004U"
 2867      C715234D 
 2867      4B4EA6D6 
 2867      57F9EAD6 
 2867      0455
 2868 15df DF5FBDF5 		.ascii	"\337_\275\365w<\340\320a\246\244\300\375\013\234[/\361"
 2868      773CE0D0 
 2868      61A6A4C0 
 2868      FD0B9C5B 
 2868      2FF1
 2869 15f1 F30BEE67 		.ascii	"\363\013\356g\327\271\200L\036\237\214t\012\236\355"
 2869      D7B9804C 
 2869      1E9F8C74 
 2869      0A9EED
 2870 1600 513FEB40 		.ascii	"Q?\353@B0w\023s\321\027<\027\235\032\276O\265\355\343"
 2870      42307713 
 2870      73D1173C 
 2870      179D1ABE 
 2870      4FB5EDE3 
 2871 1614 0A5ECC72 		.ascii	"\012^\314r\364\361\241\337c\264\342\202@)\024\254\204"
 2871      F4F1A1DF 
 2871      63B4E282 
 2871      402914AC 
 2871      84
 2872 1625 39B19216 		.ascii	"9\261\222\026\254\202\025\214\302\272\351\250\346=\364"
 2872      AC82158C 
 2872      C2BAE9A8 
 2872      E63DF4
 2873 1634 862E76D4 		.ascii	"\206.v\324\356m\3763\211F\024\2361\347\225\016$\011"
 2873      EE6DFE33 
 2873      8946149E 
 2873      31E7950E 
 2873      2409
 2874 1646 0F2266BB 		.ascii	"\017\"f\273Z\234\025\323\346\032\002\"D:m>\016\362\314"
 2874      5A9C15D3 
ARM GAS  /tmp/ccACgBoh.s 			page 233


 2874      E61A0222 
 2874      443A6D3E 
 2874      0EF2CC
 2875 1659 D229AE6E 		.ascii	"\322)\256n)\371Rc\374\233d\313\001uD6\275&|z\275\272"
 2875      29F95263 
 2875      FC9B64CB 
 2875      01754436 
 2875      BD267C7A 
 2876 166f 56ECA122 		.ascii	"V\354\241\"%\010\242\276\303\263\312\2114\343AJ\374"
 2876      2508A2BE 
 2876      C3B3CA89 
 2876      34E3414A 
 2876      FC
 2877 1680 4CAD5E81 		.ascii	"L\255^\201\250\021,5\311\021\265'f\351\310\010\012-"
 2877      A8112C35 
 2877      C911B527 
 2877      66E9C808 
 2877      0A2D
 2878 1692 27EF042A 		.ascii	"'\357\004*g\377\315\012\241\212\262\312\020\331\352"
 2878      67FFCD0A 
 2878      A18AB2CA 
 2878      10D9EA
 2879 16a1 4A8B0C5E 		.ascii	"J\213\014^+\207G\202\242\037O\035l.f\013\015\240\270"
 2879      2B874782 
 2879      A21F4F1D 
 2879      6C2E660B 
 2879      0DA0B8
 2880 16b4 8DF0792C 		.ascii	"\215\360y,y%\264\023\311\034\261\273\201\370\034\343"
 2880      7925B413 
 2880      C91CB1BB 
 2880      81F81CE3 
 2881 16c4 7A36E863 		.ascii	"z6\350c\2276\333\310k'\357\307\357\307i\"x\207]\331"
 2881      9736DBC8 
 2881      6B27EFC7 
 2881      EFC76922 
 2881      78875DD9 
 2882 16d8 B3C2CE27 		.ascii	"\263\302\316'\327\307\263n-.\344\001\013\335<U\276\251"
 2882      D7C7B36E 
 2882      2D2EE401 
 2882      0BDD3C55 
 2882      BEA9
 2883 16ea B57121B4 		.ascii	"\265q!\264\323:B\220r\213\337\346K\203+\264e\304f?\216"
 2883      D33A4290 
 2883      728BDFE6 
 2883      4B832BB4 
 2883      65C4663F 
 2884 16ff 10E28F57 		.ascii	"\020\342\217W\332\027\236\0177\370\"\363\233p\270\333"
 2884      DA179E0F 
 2884      37F822F3 
 2884      9B70B8DB 
 2885 170f 15BFC5D7 		.ascii	"\025\277\305\327\356Rh{\335\356\275(v a\310\033\031"
 2885      EE52687B 
 2885      DDEEBD28 
 2885      762061C8 
 2885      1B19
 2886 1721 B7F53649 		.ascii	"\267\3656I\304\357]\301\036\001z\222\216\007\263\347"
 2886      C4EF5DC1 
ARM GAS  /tmp/ccACgBoh.s 			page 234


 2886      1E017A92 
 2886      8E07B3E7 
 2887 1731 59358ED6 		.ascii	"Y5\216\326\347\210\203\304\312\352\207\320x\325\320"
 2887      E78883C4 
 2887      CAEA87D0 
 2887      78D5D0
 2888 1740 E94C8A51 		.ascii	"\351L\212Qz\177+\177JEj\360\300\303;\266Wy\355\025\360"
 2888      7A7F2B7F 
 2888      4A456AF0 
 2888      C0C33BB6 
 2888      5779ED15 
 2889 1755 0AA3B26A 		.ascii	"\012\243\262j-\177\316\365\"\244\215\013]&_i\224\027"
 2889      2D7FCEF5 
 2889      22A48D0B 
 2889      5D265F69 
 2889      9417
 2890 1767 6C154251 		.ascii	"l\025BQ\371\203\211\366\322\2660.s\373\204\330TS\303"
 2890      F98389F6 
 2890      D2B6302E 
 2890      73FB84D8 
 2890      5453C3
 2891 177a 63330DA4 		.ascii	"c3\015\244\237)\327F\234\354\016\251h\303xe\3216\372"
 2891      9F29D746 
 2891      9CEC0EA9 
 2891      68C37865 
 2891      D136FA
 2892 178d A027F642 		.ascii	"\240'\366BOdW\211\246\270\347g\301\363s@3@\323@\363"
 2892      4F645789 
 2892      A6B8E767 
 2892      C1F37340 
 2892      3340D340 
 2893 17a2 D276B23D 		.ascii	"\322v\262=\370*\346\014\333\011\314\223\205\001\202"
 2893      F82AE60C 
 2893      DB09CC93 
 2893      850182
 2894 17b1 72AF591F 		.ascii	"r\257Y\037\270\313&\306\214\367\204!\242\027zlp\233"
 2894      B8CB26C6 
 2894      8CF78421 
 2894      A2177A6C 
 2894      709B
 2895 17c3 171FA6B2 		.ascii	"\027\037\246\262u\270\232 ^.\232\262\336"
 2895      75B89A20 
 2895      5E2E9AB2 
 2895      DE
 2896 17d0 AA907B0F 		.ascii	"\252\220{\017UC\241\205a\205j\313\006\273\024\303W\233"
 2896      5543A185 
 2896      61856ACB 
 2896      06BB14C3 
 2896      579B
 2897 17e2 28EE4905 		.ascii	"(\356I\005\273y\031\204\346\374\205q\377\362\322\272"
 2897      BB791984 
 2897      E6FC8571 
 2897      FFF2D2BA 
 2898 17f2 A7AE7EB0 		.ascii	"\247\256~\260\247h.<^7\257%c\314\375$+\316\355\300\221"
 2898      A7682E3C 
 2898      5E37AF25 
 2898      63CCFD24 
ARM GAS  /tmp/ccACgBoh.s 			page 235


 2898      2BCEEDC0 
 2899 1807 AE94E1A2 		.ascii	"\256\224\341\242\017t\265\374\362\222QW\012\235^\016"
 2899      0F74B5FC 
 2899      F2925157 
 2899      0A9D5E0E 
 2900 1817 5A042C2B 		.ascii	"Z\004,+6\213\011\002]\361\244\010&\367\276\006a\001"
 2900      368B0902 
 2900      5DF1A408 
 2900      26F7BE06 
 2900      6101
 2901 1829 D8FA39BB 		.ascii	"\330\3729\273\210HZR\253++v\214\235\342]\002\214\313"
 2901      88485A52 
 2901      AB2B2B76 
 2901      8C9DE25D 
 2901      028CCB
 2902 183c 268CBB4F 		.ascii	"&\214\273O\305\333j2\213\355olf/YEV\360\340\300/?Vc"
 2902      C5DB6A32 
 2902      8BED6F6C 
 2902      662F5945 
 2902      56F0E0C0 
 2903 1854 6D49618D 		.ascii	"mIa\215(\226\024\350\374.\361\370\\M\316Pvf\271\253"
 2903      289614E8 
 2903      FC2EF1F8 
 2903      5C4DCE50 
 2903      7666B9AB 
 2904 1868 57203778 		.ascii	"W 7xP\266\344\327C\354\275\230\242v\251\242MP\264E\354"
 2904      50B6E4D7 
 2904      43ECBD98 
 2904      A276A9A2 
 2904      4D50B445 
 2905 187d 59C396AA 		.ascii	"Y\303\226\252r\315t\375}\342\255c\3021\347g'\006k\302"
 2905      72CD74FD 
 2905      7DE2AD63 
 2905      C231E767 
 2905      27066BC2 
 2906 1891 DB368477 		.ascii	"\3336\204w\"\222\033yV5C\243D\332\310L\2123\211Amnk"
 2906      22921B79 
 2906      563543A3 
 2906      44DAC84C 
 2906      8A338941 
 2907 18a8 55530249 		.ascii	"US\002I\306\203\372\345\3138>\326\267\014\322\023\217"
 2907      C683FAE5 
 2907      CB383ED6 
 2907      B70CD213 
 2907      8F
 2908 18b9 B1FDBE3A 		.ascii	"\261\375\276:\222\241\343\367j\354%\361\004)\216F\220"
 2908      92A1E3F7 
 2908      6AEC25F1 
 2908      04298E46 
 2908      90
 2909 18ca C9D5CB64 		.ascii	"\311\325\313d\255\315\021\357\230\217xG8\342\025\034"
 2909      ADCD11EF 
 2909      988F7847 
 2909      38E2151C 
 2910 18da 5FD653E1 		.ascii	"_\326S\341O\353\205\357G\233\327U>\215\353*K\305\363"
 2910      4FEB85EF 
 2910      479BD755 
ARM GAS  /tmp/ccACgBoh.s 			page 236


 2910      3E8DEB2A 
 2910      4BC5F3
 2911 18ed 1D6A5284 		.ascii	"\035jR\204v\206\016=\303x\314)q7\376\230\353\227$\241"
 2911      76860E3D 
 2911      C378CC29 
 2911      7137FE98 
 2911      EB9724A1 
 2912 1901 F08C3019 		.ascii	"\360\2140\031\352\351S\250\350\023T\2368\235x*\311\315"
 2912      EAE953A8 
 2912      E813549E 
 2912      389D782A 
 2912      C9CD
 2913 1913 DE16CEA1 		.ascii	"\336\026\316\241W\035\300\357\273\254!\\\320\341\364"
 2913      571DC0EF 
 2913      BBAC215C 
 2913      D0E1F4
 2914 1922 581C4EBB 		.ascii	"X\034N\273#\216*U\244\026m]\355\354e\360!\177\206&\014"
 2914      238E2A55 
 2914      A4166D5D 
 2914      EDEC65F0 
 2914      217F8626 
 2915 1937 15B117D7 		.ascii	"\025\261\027\327|\032\320\262I\031\246\242\007\207\234"
 2915      7C1AD0B2 
 2915      4919A6A2 
 2915      07879C
 2916 1946 493B72F7 		.ascii	"I;r\367\307\217\270\362\274\254\207\255\333]M$\251\311"
 2916      C78FB8F2 
 2916      BCAC87AD 
 2916      DB5D4D24 
 2916      A9C9
 2917 1958 20FEE89A 		.ascii	" \376\350\232\037Q\242'3x\3200Q\027,\220e<\030\250\031"
 2917      1F51A227 
 2917      3378D030 
 2917      51172C90 
 2917      653C18A8 
 2918 196d 587720DB 		.ascii	"Xw \333x\260\226\355\265\255VD\264G(\327\223,\242EW"
 2918      78B096ED 
 2918      B5AD5644 
 2918      B44728D7 
 2918      932CA245 
 2919 1982 8555E9C9 		.ascii	"\205U\351\311\015\012\235v\004\366\252\025#\366\263"
 2919      0D0A9D76 
 2919      04F6AA15 
 2919      23F6B3
 2920 1991 42A8E071 		.ascii	"B\250\340q-B/\015\203F\265\264\003\271\252\371\220\330"
 2920      2D422F0D 
 2920      8346B5B4 
 2920      03B9AAF9 
 2920      90D8
 2921 19a3 32EB3BA3 		.ascii	"2\353;\243~\315\365]75\366\014w\365+\301C-]3m$\275\025"
 2921      7ECDF55D 
 2921      3735F60C 
 2921      77F52BC1 
 2921      432D5D33 
 2922 19bb ACCF812E 		.ascii	"\254\317\201.\341\001\000\270\251_\323E\267\232H<\262"
 2922      E10100B8 
 2922      A95FD345 
ARM GAS  /tmp/ccACgBoh.s 			page 237


 2922      B79A483C 
 2922      B2
 2923 19cc 7F5B2FDC 		.ascii	"\177[/\334[\347\026\027A\305{\253^\360{\253\352ncC\355"
 2923      5BE71617 
 2923      41C57BAB 
 2923      5EF07BAB 
 2923      EA6E6343 
 2924 19e1 89BF3DBF 		.ascii	"\211\277=\277\"p\\'\220(<\210q\313\011p\266\326\003"
 2924      22705C27 
 2924      90283C88 
 2924      71CB0970 
 2924      B6D603
 2925 19f4 BCD544F0 		.ascii	"\274\325D\360Q+{@\\sL\246\216d\241t\322z\272\257\332"
 2925      512B7B40 
 2925      5C734CA6 
 2925      8E64A174 
 2925      D27ABAAF 
 2926 1a09 9AB4AF0D 		.ascii	"\232\264\257\015iq\331\346\005.\333\004N]\3178\220\032"
 2926      6971D9E6 
 2926      052EDB04 
 2926      4E5DCF38 
 2926      901A
 2927 1a1b 54365651 		.ascii	"T6VQ\032\343DZ\360`\3628\332[e}\260\264\262 H\323\300"
 2927      1AE3445A 
 2927      F060F238 
 2927      DA5B657D 
 2927      B0B4B220 
 2928 1a32 C0B3271D 		.ascii	"\300\263'\035\351F\351Y\357\213>\015\031a\007\352\207"
 2928      E946E959 
 2928      EF8B3E0D 
 2928      196107EA 
 2928      87
 2929 1a43 F5AB677B 		.ascii	"\365\253g{\266$\216~\037\252!I\350\310 \265^\010\006"
 2929      B6248E7E 
 2929      1FAA2149 
 2929      E8C820B5 
 2929      5E0806
 2930 1a56 A461363C 		.ascii	"\244a6<iu\261\336\216\261S\353\021P\243\241@\341\322"
 2930      6975B1DE 
 2930      8EB153EB 
 2930      1150A3A1 
 2930      40E1D2
 2931 1a69 5ADDAB25 		.ascii	"Z\335\253%8\274P\345\201\012\345\226\243\321^\221\204"
 2931      38BC50E5 
 2931      810AE596 
 2931      A3D15E91 
 2931      84
 2932 1a7a 3DC43A16 		.ascii	"=\304:\026>b\344\216\324\266\363$\344\253\264\243\372"
 2932      3E62E48E 
 2932      D4B6F324 
 2932      E4ABB4A3 
 2932      FA
 2933 1a8b B614F015 		.ascii	"\266\024\360\025\260\024:\243\273\032\356\365t&3\350"
 2933      B0143AA3 
 2933      BB1AEEF5 
 2933      742633E8 
 2934 1a9b 80FE4BBF 		.ascii	"\200\376K\277g\025Y\302\203\350\300\374uY\356)_\230"
ARM GAS  /tmp/ccACgBoh.s 			page 238


 2934      671559C2 
 2934      83E8C0FC 
 2934      7559EE29 
 2934      5F98
 2935 1aad 8B559BAF 		.ascii	"\213U\233\257C\345\316m\254I\246\250j\366\243y:\024"
 2935      43E5CE6D 
 2935      AC49A6A8 
 2935      6AF6A379 
 2935      3A14
 2936 1abf A7362DE7 		.ascii	"\2476-\347\320!\2547\272CC6\321\310\341\315\305\276"
 2936      D021AC37 
 2936      BA434336 
 2936      D1C8E1CD 
 2936      C5BE
 2937 1ad1 3339C083 		.ascii	"39\300\203\221\241\3725'r\216\007\013\001\347\220\274"
 2937      91A1FA35 
 2937      27728E07 
 2937      0B01E790 
 2937      BC
 2938 1ae2 3DB2036D 		.ascii	"=\262\003m\345\355\310\205\236]\322\021/Pt\025\222D"
 2938      E5EDC885 
 2938      9E5DD211 
 2938      2F507415 
 2938      9244
 2939 1af4 1C7A40BB 		.ascii	"\034z@\273\020\003.H\005\027\230mJ\226\367\371([ \255"
 2939      10032E48 
 2939      0517986D 
 2939      4A96F7F9 
 2939      285B20AD 
 2940 1b08 BF782E60 		.ascii	"\277x.`m\230\225\325_\224\372\035!R\315f\210\274\376"
 2940      6D9895D5 
 2940      5F94FA1D 
 2940      2152CD66 
 2940      88BCFE
 2941 1b1b 32A0EED2 		.ascii	"2\240\356\322\200\322\201R\200\222\245\365x\227'\251"
 2941      80D28152 
 2941      8092A5F5 
 2941      789727A9 
 2942 1b2b 98448511 		.ascii	"\230D\205\021\331\320O{g>I\240\027]\015t}QH\340\374"
 2942      D9D04F7B 
 2942      673E49A0 
 2942      175D0D74 
 2942      7D5148E0 
 2943 1b40 E6154845 		.ascii	"\346\025HE\026\222'-D\222u\375X\361:\237\371\301K\215"
 2943      1692272D 
 2943      449275FD 
 2943      58F13A9F 
 2943      F9C14B8D 
 2944 1b54 40332B53 		.ascii	"@3+S\033^\252#\305%\314\234\037\3642/\020\317\005q\354"
 2944      1B5EAA23 
 2944      C525CC9C 
 2944      1FF4322F 
 2944      10CF0571 
 2945 1b69 7C7682A7 		.ascii	"|v\202\247\332\302eC\271\244\010\255\211\231w\356\353"
 2945      DAC26543 
 2945      B9A408AD 
 2945      899977EE 
ARM GAS  /tmp/ccACgBoh.s 			page 239


 2945      EB
 2946 1b7a 42CD5113 		.ascii	"B\315Q\023\2116\322<\206\206\230;\202\334\346\210vK"
 2946      8936D23C 
 2946      8686983B 
 2946      82DCE688 
 2946      764B
 2947 1b8c E4EC67B5 		.ascii	"\344\354g\265\304\225\271\212\266\335\000\216\305\334"
 2947      C495B98A 
 2947      B6DD008E 
 2947      C5DC
 2948 1b9a 5DFCD556 		.ascii	"]\374\325V\353\243\010j\270\220i\312\345\365\221\005"
 2948      EBA3086A 
 2948      B89069CA 
 2948      E5F59105 
 2949 1baa 75900F94 		.ascii	"u\220\017\224\003\224\011\224\015\224'\255\223\251f"
 2949      03940994 
 2949      0D9427AD 
 2949      93A966
 2950 1bb9 9288A59E 		.ascii	"\222\210\245\236\345\211\241\264\324\027*9\254\241B"
 2950      E589A1B4 
 2950      D4172A39 
 2950      ACA142
 2951 1bc8 5E0AEAD9 		.ascii	"^\012\352\331h\016\313\334\012\244\001S\337\323\226"
 2951      680ECBDC 
 2951      0AA40153 
 2951      DFD396
 2952 1bd7 966ACF5C 		.ascii	"\226j\317\\\314\376\370\275ES\261\244\020\355\255\303"
 2952      CCFEF8BD 
 2952      4553B1A4 
 2952      10EDADC3 
 2953 1be7 20B80AF6 		.ascii	" \270\012\366*%\366\272\031\370\257\230\354]\305\223"
 2953      2A25F6BA 
 2953      19F8AF98 
 2953      EC5DC593 
 2954 1bf7 3C6CC85D 		.ascii	"<l\310]0\220Tsn\263\333\252\210E\255\034\305\220\002"
 2954      30905473 
 2954      6EB3DBAA 
 2954      8845AD1C 
 2954      C59002
 2955 1c0a 54BF03A9 		.ascii	"T\277\003\251\306\206U\365\222\024-\207\304`\013\203"
 2955      C68655F5 
 2955      92142D87 
 2955      C4600B83 
 2956 1c1a 29AD50C6 		.ascii	")\255P\306\271\315\023\335bK\365]1$\031+\235\336\253"
 2956      B9CD13DD 
 2956      624BF55D 
 2956      3124192B 
 2956      9DDEAB
 2957 1c2d B7C70524 		.ascii	"\267\307\005$\313\367\226\002s\301\274\311S\376}\033"
 2957      CBF79602 
 2957      73C1BCC9 
 2957      53FE7D1B 
 2958 1c3d FC66404B 		.ascii	"\374f@K\315$\222\371\227\372\365\206\263\233k\265@\246"
 2958      CD2492F9 
 2958      97FAF586 
 2958      B39B6BB5 
 2958      40A6
ARM GAS  /tmp/ccACgBoh.s 			page 240


 2959 1c4f 9EFA2788 		.ascii	"\236\372'\210\204\033\215>P\000H\"\204C.`N-,\032\341"
 2959      841B8D3E 
 2959      50004822 
 2959      84432E60 
 2959      4E2D2C1A 
 2960 1c64 503C574F 		.ascii	"P<WOS\313\036\316mN8\273\315\352\315\315\012\006\240"
 2960      53CB1ECE 
 2960      6D4E38BB 
 2960      CDEACDCD 
 2960      0A06A0
 2961 1c77 6BD07745 		.ascii	"k\320wE\263\350K.B[V9\264\244R\240\022\240\"\240\002"
 2961      B3E84B2E 
 2961      425B5639 
 2961      B4A452A0 
 2961      12A022A0 
 2962 1c8c A00AA042 		.ascii	"\240\012\240B\240b\2402\265\230\261\316u\226\234\353"
 2962      A062A032 
 2962      B598B1CE 
 2962      75969CEB 
 2963 1c9c 8987038B 		.ascii	"\211\207\003\213\\[\007\013\225\272\227\326\325W\251"
 2963      5C5B070B 
 2963      95BA97D6 
 2963      D557A9
 2964 1cab 7F64F542 		.ascii	"\177d\365B\265\232\336x\025\035\035]nOB\320\204o\213"
 2964      B59ADE78 
 2964      151D1D5D 
 2964      6E4F42D0 
 2964      846F8B
 2965 1cbe 5F879E24 		.ascii	"_\207\236$\341\201\267GN\260#I\307\203\225\010\337v"
 2965      E181B747 
 2965      4EB02349 
 2965      C7839508 
 2965      DF76
 2966 1cd0 AD8DD4AD 		.ascii	"\255\215\324\255Nm%uS5\227\372\304k\3157\306\025j\032"
 2966      4E6D2575 
 2966      533597FA 
 2966      C46BCD37 
 2966      C6156A1A 
 2967 1ce4 BDBB038D 		.ascii	"\275\273\003\215)\001\357\011\365\020cjA\246Q\326 \345"
 2967      2901EF09 
 2967      F510636A 
 2967      41A651D6 
 2967      20E5
 2968 1cf6 177E4BDC 		.ascii	"\027~K\334\261\204&#5\\\200Zi09\2507\265\370\310\211"
 2968      B1842623 
 2968      355C805A 
 2968      693039A8 
 2968      37B5F8C8 
 2969 1d0b 7423C6E9 		.ascii	"t#\306\351\221\353~~M[!\336dU\374n\256\262Ovwl\263\254"
 2969      91EB7E7E 
 2969      4D5B21DE 
 2969      6455FC6E 
 2969      AEB24F76 
 2970 1d23 8DB5B0AC 		.ascii	"\215\265\260\254\212~\000\357C\304A\223\201L\243\251"
 2970      8A7E00EF 
 2970      43C44193 
 2970      814CA3A9 
ARM GAS  /tmp/ccACgBoh.s 			page 241


 2971 1d33 96906E1F 		.ascii	"\226\220n\037BV\360`\3434h\210\220\035<XL\013\254\327"
 2971      4256F060 
 2971      E3346888 
 2971      901D3C58 
 2971      4C0BACD7 
 2972 1d47 93133C58 		.ascii	"\223\023<X/\310\256\201\271\001\036\004\265\214\356"
 2972      2FC8AE81 
 2972      B9011E04 
 2972      B58CEE
 2973 1d56 389067AE 		.ascii	"8\220g\256\240\333\357]\342\2159rO|\367\240\201\004"
 2973      A0DBEF5D 
 2973      E28D3972 
 2973      4F7CF7A0 
 2973      8104
 2974 1d68 E381F7E2 		.ascii	"\343\201\367\342q3!Qx\320\226R\367\343$\221}\327\367"
 2974      71332151 
 2974      78D09652 
 2974      F7E32491 
 2974      7DD7F7
 2975 1d7b 77EC0D3A 		.ascii	"w\354\015:\213q\3274^u\017|ba\310\313\030\322*\320D"
 2975      8B71D734 
 2975      5E750F7C 
 2975      6261C8CB 
 2975      18D22AD0 
 2976 1d90 0C526D61 		.ascii	"\014Rma\330\312\360#i\367g\231l\012\011\314m\012\346"
 2976      D8CAF023 
 2976      69F76799 
 2976      6C0A09CC 
 2976      6D0AE6
 2977 1da3 2E4BE63B 		.ascii	".K\346;\023s\253\2029\315\242\003\316\231x;m\240P\004"
 2977      1373AB82 
 2977      39CDA203 
 2977      CE99783B 
 2977      6DA05004 
 2978 1db7 5DF10A80 		.ascii	"]\361\012\200\320\307%h\355\214A\023\035\007\032\001"
 2978      D0C72568 
 2978      ED8C4113 
 2978      1D071A01 
 2979 1dc7 9A001A02 		.ascii	"\232\000\032\002\352\007\032\005\032\000\032TK\356J"
 2979      EA071A05 
 2979      1A001A54 
 2979      4BEE4A
 2980 1dd6 EC3319ED 		.ascii	"\3543\031\355V\030\225\015r\300\273g\342m\267Qr3\357"
 2980      5618950D 
 2980      72C0BB67 
 2980      E26DB751 
 2980      7233EF
 2981 1de9 5D86C8DB 		.ascii	"]\206\310\333\253\340\265\210\014m&\265=\326Y%\376\034"
 2981      ABE0B588 
 2981      0C6D26B5 
 2981      3DD65925 
 2981      FE1C
 2982 1dfb 33F176D9 		.ascii	"3\361v\331\200+\346\314\231\313eY\262%09\363$\266\314"
 2982      802BE6CC 
 2982      99CB6559 
 2982      B2253039 
 2982      F324B6CC 
ARM GAS  /tmp/ccACgBoh.s 			page 242


 2983 1e0f 49D63273 		.ascii	"I\3262s3B\323\264\344\001\233L\334J~\252\301z\252:\245"
 2983      3342D3B4 
 2983      E4019B4C 
 2983      DC4A7EAA 
 2983      C17AAA3A 
 2984 1e24 B6B6AEE3 		.ascii	"\266\266\256\343u\335\375BjhZ-M\307f\320\320\0143\324"
 2984      75DDFD42 
 2984      6A685A2D 
 2984      4DC766D0 
 2984      D00C33D4 
 2985 1e38 1FE0DDC8 		.ascii	"\037\340\335\310\027\220i\350(\216\333\270\263}\303"
 2985      179069E8 
 2985      288EDBB8 
 2985      B37DC3
 2986 1e47 F09C1AA7 		.ascii	"\360\234\032\247\211\263j\274E 7\270@q=\326<\245\237"
 2986      89B36ABC 
 2986      452037B8 
 2986      40713DD6 
 2986      3CA59F
 2987 1e5a A7B91C15 		.ascii	"\247\271\034\025\301\357 \360t=\022n{\022\272\300\265"
 2987      C1EF20F0 
 2987      743D126E 
 2987      7B12BAC0 
 2987      B5
 2988 1e6b 076221D6 		.ascii	"\007b!\326\303\273\222\370\024\343C\324#\013\023\003"
 2988      C3BB92F8 
 2988      14E343D4 
 2988      230B1303 
 2989 1e7b 7C5DFD84 		.ascii	"|]\375\204Nh\317=\207\007\024W\035\227`\360]d\203\357"
 2989      4E68CF3D 
 2989      87071457 
 2989      1D9760F0 
 2989      5D6483EF 
 2990 1e8f 3235BE80 		.ascii	"25\276\200\306\227\231\361\371\221\310P\333W\342V\270"
 2990      C69799F1 
 2990      F991C850 
 2990      DB57E256 
 2990      B8
 2991 1ea0 F168343E 		.ascii	"\361h4>\360\320\332\304\257\254\254Pk\343\307S\347j"
 2991      F0D0DAC4 
 2991      AFACAC50 
 2991      6BE3C753 
 2991      E76A
 2992 1eb2 4B6BAB6A 		.ascii	"Kk\253j\2743\323NX\243\326V\320\332\032\263\326\344"
 2992      BC33D34E 
 2992      58A3D656 
 2992      D0DA1AB3 
 2992      D6E4
 2993 1ec4 1F18FE9A 		.ascii	"\037\030\376\232[\322\271\265#\201_R\0129Q\\\3273\217"
 2993      5BD2B9B5 
 2993      23815F52 
 2993      0A39515C 
 2993      D7338F
 2994 1ed7 441B54FB 		.ascii	"D\033T\373:j\337`\332\343\226\317\276a\373\212=W\336"
 2994      3A6ADF60 
 2994      DAE396CF 
 2994      BE61FB8A 
ARM GAS  /tmp/ccACgBoh.s 			page 243


 2994      3D57DE
 2995 1eea 81CAC579 		.ascii	"\201\312\305y\360\233|\036\274\327\224]\255\250\265"
 2995      F09B7C1E 
 2995      BCD7945D 
 2995      ADA8B5
 2996 1ef9 2D35DE7A 		.ascii	"-5\336zk'lSc\233hl\233\031\233*\316)\260}\213\352\016"
 2996      6B276C53 
 2996      639B686C 
 2996      9B199B2A 
 2996      CE29B07D 
 2997 1f10 B7E68E8E 		.ascii	"\267\346\216\216{\334n+\322\360\273/\351\361y\320\365"
 2997      7BDC6E2B 
 2997      D2F0BB2F 
 2997      E9F179D0 
 2997      F5
 2998 1f21 7FB734B6 		.ascii	"\177\2674\266\253\306\373\337a\312C\215\355\240\261"
 2998      ABC6FBDF 
 2998      61CA438D 
 2998      EDA0B1
 2999 1f30 3D662CD9 		.ascii	"=f,\331{\303\266\255}nk\027K\326\036\322\322\312/\217"
 2999      7BC3B6AD 
 2999      7D6E6B17 
 2999      4BD61ED2 
 2999      D2CA2F8F 
 3000 1f44 EEB0D97A 		.ascii	"\356\260\331zi\215\233\242d\007j\274zf'\034Rc\373h\354"
 3000      698D9BA2 
 3000      64076ABC 
 3000      7A66271C 
 3000      5263FB68 
 3001 1f59 9019BB70 		.ascii	"\220\031\273p/\373Ila?\001G7\243\375)\266/\012\034\213"
 3001      2FFB496C 
 3001      613F0147 
 3001      37A3FD29 
 3001      B62F0A1C 
 3002 1f6e 55866D3F 		.ascii	"U\206m?*\366\372{(\372\031:\310\226&U\361\365\332\021"
 3002      2AF6FA7B 
 3002      28FA193A 
 3002      C8962655 
 3002      F1F5DA11 
 3003 1f82 7A31C2E8 		.ascii	"z1\302\350\335W\240\2708z\012HNX\343<\243H\216\021\311"
 3003      DD57A0B8 
 3003      387A0A48 
 3003      4E58E33C 
 3003      A3488E11 
 3004 1f97 1943E2EF 		.ascii	"\031C\342\357S\345\341L<"
 3004      53E5E14C 
 3004      3C
 3005 1fa0 1D719D23 		.ascii	"\035q\235#}\245\322\336\332\322\325\271Zy7\314\205\232"
 3005      7DA5D2DE 
 3005      DAD2D5B9 
 3005      5A7937CC 
 3005      859A
 3006 1fb2 5E0DA96E 		.ascii	"^\015\251n\234\013\266}\025\361\222c\177\217A\257)j"
 3006      9C0BB67D 
 3006      15F19263 
 3006      7F8F41AF 
 3006      296A
ARM GAS  /tmp/ccACgBoh.s 			page 244


 3007 1fc4 5B52B465 		.ascii	"[R\264e\363\035(W\024\334%\202\273b\340\236\033\353"
 3007      F31D2857 
 3007      14DC2582 
 3007      BB62E09E 
 3007      1BEB
 3008 1fd6 F3788CF8 		.ascii	"\363x\214\370,\2359\247\306\370\332\216\0217\334\326"
 3008      2C9D39A7 
 3008      C6F8DA8E 
 3008      1137DCD6 
 3009 1fe6 35FA6934 		.ascii	"5\372i4r\361\230\337\030\271B=S\275\333\324\247\270"
 3009      72F198DF 
 3009      18B9423D 
 3009      53BDDBD4 
 3009      A7B8
 3010 1ff8 47F9568D 		.ascii	"G\371V\215WW\355\204"
 3010      5757ED84 
 3011 2000 3B6AFC06 		.ascii	";j\374\006\215\337a\353\273\364\034\347W\211\276\010"
 3011      8DDF61EB 
 3011      BBF41CE7 
 3011      5789BE08 
 3012 2010 872977BD 		.ascii	"\207)w\275Q\266\237\256x\340\306\357\321\270xw\312\013"
 3012      51B69FAE 
 3012      78E0C6EF 
 3012      D1B87877 
 3012      CA0B
 3013 2022 BC3B25A2 		.ascii	"\274;%\242rv\212\367\004#\235\320\316Gg}\337\022\312"
 3013      72768AF7 
 3013      04239DD0 
 3013      CE47677D 
 3013      DF12CA
 3014 2035 13407964 		.ascii	"\023@yd\225\364L\241< \224g\006%1\367\262\321\366]\023"
 3014      95F44CA1 
 3014      3C209467 
 3014      062531F7 
 3014      B2D1F65D 
 3015 204a 460DDA3E 		.ascii	"F\015\332>A\333%7#\256\342m\310*\266\036\271\351\257"
 3015      41DB2537 
 3015      23AEE26D 
 3015      C82AB61E 
 3015      B9E9AF
 3016 205d 7894C355 		.ascii	"x\224\303U\203\216\262\023\3344/P\005~\007\201\254\335"
 3016      838EB213 
 3016      DC342F50 
 3016      057E0781 
 3016      ACDD
 3017 206f A6033D49 		.ascii	"\246\003=I\304&\021P\030\023\344`m\035\304]C\004\017"
 3017      C4261150 
 3017      1813E460 
 3017      6D1DC45D 
 3017      43040F
 3018 2082 8D721DE4 		.ascii	"\215r\035\3440\330#\233\220<\224.\257\017\276\261\272"
 3018      30D8239B 
 3018      903C942E 
 3018      AF0FBEB1 
 3018      BA
 3019 2093 06E3694D 		.ascii	"\006\343iMZ\360\322\320\307\347V\273{\274\354I-j8\276"
 3019      5AF0D2D0 
ARM GAS  /tmp/ccACgBoh.s 			page 245


 3019      C7E756BB 
 3019      7BBCEC49 
 3019      2D6A38BE 
 3020 20a7 F13B7521 		.ascii	"\361;u!\315x\260\351\341\037\341Bz\360 \243\275\266"
 3020      CD78B0E9 
 3020      E11FE142 
 3020      7AF020A3 
 3020      BDB6
 3021 20b9 8E2F1AEC 		.ascii	"\216/\032\354\260GX\226\272\332\370u\270\226-\272:2"
 3021      B0475896 
 3021      BADAF875 
 3021      B8962DBA 
 3021      3A32
 3022 20cb 50E9D766 		.ascii	"P\351\327f`\013\367\262<\327\037\212\356\247\241+9\200"
 3022      600BF7B2 
 3022      3CD71F8A 
 3022      EEA7A12B 
 3022      3980
 3023 20dd 21408389 		.ascii	"!@\203\211B\240\346\225\020\014\024\244\221=\246\360"
 3023      42A0E695 
 3023      100C14A4 
 3023      913DA6F0 
 3024 20ed D5E4060F 		.ascii	"\325\344\006\017\266\\O\037\035\363\341\374V\322L>S"
 3024      B65C4F1F 
 3024      1DF3E1FC 
 3024      56D24C3E 
 3024      53
 3025 20fe CEFB5028 		.ascii	"\316\373P(N\003 \035\026\2749\273\230W[\334,H'\243\271"
 3025      4E03201D 
 3025      16BC39BB 
 3025      98575BDC 
 3025      2C4827A3 
 3026 2113 7A9C5DD2 		.ascii	"z\234]\322\347\031\350<@\256\335\234sPhP\302\324\305"
 3026      E719E83C 
 3026      40AEDD9C 
 3026      73506850 
 3026      C2D4C5
 3027 2126 95668755 		.ascii	"\225f\207UaY\240\217Z\012B\376\237\010v\364?\372\017"
 3027      6159A08F 
 3027      5A0A42FE 
 3027      9F0876F4 
 3027      3FFA0F
 3028 2139 2EF5D14F 		.ascii	".\365\321O\201~\247\364,\376\011\364\217\363\341\007"
 3028      817EA7F4 
 3028      2CFE09F4 
 3028      8FF3E107 
 3029 2149 65C073F8 		.ascii	"e\300s\370!\376\203\347T\\\213\370@\247\2002\250\235"
 3029      21FE83E7 
 3029      545C8BF8 
 3029      40A78032 
 3029      A89D
 3030 215b 1D4A54E3 		.ascii	"\035JT\343\357\002\377]T\202\002\210\312,\310O\251\270"
 3030      EF02FF5D 
 3030      54820288 
 3030      CA2CC84F 
 3030      A9B8
 3031 216d 39A984A0 		.ascii	"9\251\204\240@lVhgR*\376\361\357t\231\35610\331yMXq"
ARM GAS  /tmp/ccACgBoh.s 			page 246


 3031      406C5668 
 3031      67522AFE 
 3031      F1EF7499 
 3031      EE3130D9 
 3032 2185 057FAE5C 		.ascii	"\005\177\256\\\366\377\311\027\205\367\205|\304\016"
 3032      F6FFC917 
 3032      85F7857C 
 3032      C40E
 3033 2193 D7AC1786 		.ascii	"\327\254\027\206\206\004\262\207\215e{\3749\334\351"
 3033      8604B287 
 3033      8D657BFC 
 3033      39DCE9
 3034 21a2 6329C696 		.ascii	"c)\306\226\025Hs}tw\223\027#\256\3067\215\366\354\336"
 3034      1548737D 
 3034      74779317 
 3034      23AEC637 
 3034      8DF6ECDE 
 3035 21b6 E530A829 		.ascii	"\3450\250)\276:J\277\333\011\241\2325A\010\321\254R"
 3035      BE3A4ABF 
 3035      DB09A19A 
 3035      354108D1 
 3035      AC52
 3036 21c8 10E19A8F 		.ascii	"\020\341\232\217\321\3065\233\362DH\242\001\037\373"
 3036      D1C6359B 
 3036      F24448A2 
 3036      011FFB
 3037 21d7 71BBEFB4 		.ascii	"q\273\357\264'\351xp\266\264\220cP\253\354\204H\015"
 3037      27E97870 
 3037      B6B49063 
 3037      50ABEC84 
 3037      480D
 3038 21e9 414C83C5 		.ascii	"AL\203\305\273\376Z\222\213?W\354\207\307k\350\317\321"
 3038      BBFE5A92 
 3038      8B3F57EC 
 3038      87C76BE8 
 3038      CFD1
 3039 21fb 54719486 		.ascii	"Tq\224\206\335\211W\342\332\222\355D\212\220\243m~s"
 3039      DD8957E2 
 3039      DA92ED44 
 3039      8A90A36D 
 3039      7E73
 3040 220d 5B473962 		.ascii	"[G9b)G\014r\224\272n\273\352\001\357\011@\276\016\372"
 3040      29470C72 
 3040      94BA6EBB 
 3040      EA01EF09 
 3040      40BE0EFA 
 3041 2221 5473BF77 		.ascii	"Ts\277w\2401\325\325\2505\226\020v+^\204\010Y\210\003"
 3041      A031D5D5 
 3041      A8359610 
 3041      762B5E84 
 3041      08598803 
 3042 2235 017A888E 		.ascii	"\001z\210\216\211ghG\216\352\003\034I\230\023^\265K"
 3042      89676847 
 3042      8EEA031C 
 3042      4998135E 
 3042      B54B
 3043 2247 EB9870B0 		.ascii	"\353\230p\260yKx\242\346-;z\177 >\254\353\023\350\243"
ARM GAS  /tmp/ccACgBoh.s 			page 247


 3043      794B78A2 
 3043      E62D3B7A 
 3043      7F203EAC 
 3043      EB13E8A3 
 3044 225b E65EBACE 		.ascii	"\346^\272\316\327\015\006\372\303$K\370\006e\022\022"
 3044      D70D06FA 
 3044      C3244BF8 
 3044      06651212 
 3045 226b 244E4AB0 		.ascii	"$NJ\260tR\0223[\232\220t\243&}hv\376\"\307\327\236\335"
 3045      74521233 
 3045      5B9A9074 
 3045      A3267D68 
 3045      76FE22C7 
 3046 2282 80B82A88 		.ascii	"\200\270*\210\367\324G=5\315h\330\271o\323k\353\354"
 3046      F7D4473D 
 3046      35CD68D8 
 3046      B96FD36B 
 3046      EBEC
 3047 2294 DCBC6769 		.ascii	"\334\274gi\220\342\316o\230\021h\244+\326\273S\205\263"
 3047      90E2CE6F 
 3047      981168A4 
 3047      2BD6BB53 
 3047      85B3
 3048 22a6 CAE570FA 		.ascii	"\312\345p\372\224\242\234\257+;\374\213\322\3743]#M"
 3048      94A29CAF 
 3048      2B3BFC8B 
 3048      D2FC335D 
 3048      234D
 3049 22b8 743334FC 		.ascii	"t34\374\372\336u\203\357/3\030pFHE\034\225\203\351/"
 3049      FADE7583 
 3049      EF2F3318 
 3049      70464845 
 3049      1C9583E9 
 3050 22cd A55EFAB6 		.ascii	"\245^\372\266th\312\242^\312\324p7\0157\254^\032\314"
 3050      7468CAA2 
 3050      5ECAD470 
 3050      370D37AC 
 3050      5E1ACC
 3051 22e0 8D2978F2 		.ascii	"\215)x\362\2047&`\023\222%~J\266\364S6\363S\324\322"
 3051      84372660 
 3051      1392257E 
 3051      4AB6F453 
 3051      36F353D4 
 3052 22f5 E9A20339 		.ascii	"\351\242\0039@?e\317e\014\210>\237\213\245\313\024\020"
 3052      403F65CF 
 3052      650C883E 
 3052      9F8BA5CB 
 3052      1410
 3053 2307 2B8D2AA6 		.ascii	"+\215*\246+G\242+\307RW.\323\225\3758\261\346D\002\234"
 3053      2B47A22B 
 3053      C752572E 
 3053      D395FD38 
 3053      B1E64402 
 3054 231c 6D3DC6B0 		.ascii	"m=\306\2606\263\330L\330)zGr>o]\207\265\275:v\222\336"
 3054      36B3D84C 
 3054      D8297A47 
 3054      723E6F5D 
ARM GAS  /tmp/ccACgBoh.s 			page 248


 3054      87B5BD3A 
 3055 2333 775C8027 		.ascii	"w\\\200'\323\026\323\266u\246\307\013\012\361d\214\321"
 3055      D316D3B6 
 3055      75A6C70B 
 3055      0AF1648C 
 3055      D1
 3056 2344 FDC1F6F3 		.ascii	"\375\301\366\363\004\305\324-E\242[\242\217\2173T\274"
 3056      04C5D42D 
 3056      45A25BA2 
 3056      8F8F3354 
 3056      BC
 3057 2355 24C77DBA 		.ascii	"$\307}\272x\177\336z\200K\310\223\224$\317\262$%\254"
 3057      787FDE7A 
 3057      804BC893 
 3057      9424CFB2 
 3057      2425AC
 3058 2368 2447FBF7 		.ascii	"$G\373\367FG\322b\263$\212\333WeP\312)\2242\021\312"
 3058      4647D262 
 3058      B3248ADB 
 3058      576550CA 
 3058      29943211 
 3059 237d 655577A0 		.ascii	"eUw\240\243\271\206fL\335\035\330\204R\011\226RK,\025"
 3059      A3B98666 
 3059      4CDD1DD8 
 3059      84520996 
 3059      524B2C15 
 3060 2391 0CCB7071 		.ascii	"\014\313pqL$!\023\210en\355\360TO\216\360\340d82A`\300"
 3060      4C242113 
 3060      88656EED 
 3060      F0544F8E 
 3060      F0E06438 
 3061 23a9 60B0E2C8 		.ascii	"`\260\342\310\326\375\037\273\2646\221\325Pd\325\"\262"
 3061      D6FD1FBB 
 3061      B43691D5 
 3061      5064D522 
 3061      B2
 3062 23ba 86B0A309 		.ascii	"\206\260\243\011\035 [\001dO\213\232,wc\016H}\204r\011"
 3062      1D205B01 
 3062      644F8B9A 
 3062      2C77630E 
 3062      487D8472 
 3063 23cf 55126055 		.ascii	"U\022`U\026\300~`G\256\223v\344\303\230\303u\302\313"
 3063      16C07E60 
 3063      47AE9376 
 3063      E4C398C3 
 3063      75C2CB
 3064 23e2 3FE2AA02 		.ascii	"?\342\252\002\023\306\367(\207Pi2!\324j>F\017\345\305"
 3064      13C6F728 
 3064      87506932 
 3064      21D46A3E 
 3064      460FE5C5 
 3065 23f6 AF67C56F 		.ascii	"\257g\305oI\033<\326\020W\027V\342\276\252\360\006|"
 3065      491B3CD6 
 3065      10571756 
 3065      E2BEAAF0 
 3065      067C
 3066 2408 EC64C5D4 		.ascii	"\354d\305\324\221\247\\\347\312\235\3319\232L4b[\211"
ARM GAS  /tmp/ccACgBoh.s 			page 249


 3066      91A75CE7 
 3066      CA9DD939 
 3066      9A4C3462 
 3066      5B89
 3067 241a 5EF2FD37 		.ascii	"^\362\3757S\257j\302sqqG\305z)\346oI\273U\013\305\334"
 3067      53AF6AC2 
 3067      73717147 
 3067      C57A29E6 
 3067      6F49BB55 
 3068 2431 2CBAA6F7 		.ascii	",\272\246\367\342\252Ft\315T\355\273\251\3145\306\217"
 3068      E2AA4674 
 3068      CD54EDBB 
 3068      A9CC35C6 
 3068      8F
 3069 2442 502EA141 		.ascii	"P.\241A\342\232\006K\320\255\014\364\270\237\327\215"
 3069      E29A064B 
 3069      D0AD0CF4 
 3069      B89FD78D 
 3070 2452 0349B502 		.ascii	"\003I\265\002\232iOY\014\270\324\231\212\321\216\360"
 3070      9A694F59 
 3070      0CB8D499 
 3070      8AD18EF0 
 3071 2462 EA22FCCF 		.ascii	"\352\"\374\317\325&\314\035x2\375\"6Pe\023s\027\305"
 3071      D526CC1D 
 3071      7832FD22 
 3071      36506513 
 3071      7317C5
 3072 2475 DC29629E 		.ascii	"\334)b\236\254\252\231\0278\346\263\237g\235\267\005"
 3072      ACAA9917 
 3072      38E6B39F 
 3072      679DB705 
 3073 2485 3A2F3009 		.ascii	":/0\011m\022\310m\226\220\273\031\344\204\352\204Y\007"
 3073      6D12C86D 
 3073      9690BB19 
 3073      E484EA84 
 3073      5907
 3074 2497 D2809073 		.ascii	"\322\200\220s*\374Z0`\256\251D??\016\372\347`k\003\014"
 3074      2AFC5A30 
 3074      60AEA944 
 3074      3F3F0EFA 
 3074      E7606B03 
 3075 24ac BD08EF47 		.ascii	"\275\010\357G\276~\024\370\020\034\205!\240_\003\323"
 3075      BE7E14F8 
 3075      101C8521 
 3075      A05F03D3 
 3076 24bc 64D4521D 		.ascii	"d\324R\035\362\270k\373f\360AZ\310\001\261\220!s\001"
 3076      F2B86BFB 
 3076      66F0415A 
 3076      C801B190 
 3076      217301
 3077 24cf 8D4EBC90 		.ascii	"\215N\274\220[\305$[\254\030\340\022z$\245\354\261,"
 3077      5BC5245B 
 3077      AC18E012 
 3077      7A24A5EC 
 3077      B12C
 3078 24e1 E5102BE5 		.ascii	"\345\020+\345~\364\366{d\315\305\306h)\037 G\020\235"
 3078      7EF4F67B 
ARM GAS  /tmp/ccACgBoh.s 			page 250


 3078      64CDC5C6 
 3078      68291F20 
 3078      47109D
 3079 24f4 7C4C1CC5 		.ascii	"|L\034\305\223\375\363-\323\032\363\230xg\032\023W>"
 3079      93FDF32D 
 3079      D31AF398 
 3079      78671A13 
 3079      573E
 3080 2506 C5C6C461 		.ascii	"\305\306\304a\323\2308F\307\304aqL\034g(\242\215\215"
 3080      D3983846 
 3080      C7C46171 
 3080      4C1C6728 
 3080      A28D8D
 3081 2519 E97AB2EB 		.ascii	"\351z\262\353b\021^\376Jt\365j\366\346\367\3043\223"
 3081      62115EFE 
 3081      4A74F56A 
 3081      F6E6F7C4 
 3081      3393
 3082 252b 68F02EB8 		.ascii	"h\360.\270\261\316\334:\246\360\244w\345\356\266\312"
 3082      B1CEDC3A 
 3082      A6F0A477 
 3082      E5EEB6CA 
 3083 253b 662F9CA1 		.ascii	"f/\234\241\216\233\026\0357\343\336\033\356\300\035"
 3083      8E9B161D 
 3083      37E3DE1B 
 3083      EEC01D
 3084 254a 076128B1 		.ascii	"\007a(\261:\206F\304\257S.aB\342\270\011K\307\3152\310"
 3084      3A8646C4 
 3084      AF532E61 
 3084      42E2B809 
 3084      4BC7CD32 
 3085 255f C1B56725 		.ascii	"\301\265g%*\022\366\006\336\0320\273\266/\206\264\247"
 3085      2A12F606 
 3085      DE1A30BB 
 3085      B62F86B4 
 3085      A7
 3086 2570 26925061 		.ascii	"&\222Pa4z\002\0065\033(\346$\312\346,\225\3153eI\233"
 3086      347A0206 
 3086      351B28E6 
 3086      24CAE62C 
 3086      95CD3365 
 3087 2586 EBD17A52 		.ascii	"\353\321zR\212\312\212\222\253\036\210\330\325\006y"
 3087      8ACA8A92 
 3087      AB1E88D8 
 3087      D50679
 3088 2595 14821AA5 		.ascii	"\024\202\032\245\003\375\202D\327\202\245\256E\246\253"
 3088      03FD8244 
 3088      D782A5AE 
 3088      45A6AB
 3089 25a4 6BB773DC 		.ascii	"k\267s\334\211t\240\256\360)\357p\027\256\253\255^c"
 3089      8974A0AE 
 3089      F029EF70 
 3089      17AEABAD 
 3089      5E63
 3090 25b6 1AC0A8AE 		.ascii	"\032\300\250\256%\211\256%K]\313L\327\302mN\256=\031"
 3090      2589AE25 
 3090      4B5DCB4C 
ARM GAS  /tmp/ccACgBoh.s 			page 251


 3090      D7C26D4E 
 3090      AE3D19
 3091 25c9 465D73B3 		.ascii	"F]s\263\233\327\312\007\252\351r\355\252l\234\017\251"
 3091      9BD7CA07 
 3091      AAE972ED 
 3091      AA6C9C0F 
 3091      A9
 3092 25da 2CFB7D05 		.ascii	",\373}\005[\223\202-\301c\257G\366\334\365\232,\037"
 3092      5B93822D 
 3092      C163AF47 
 3092      F6DCF59A 
 3092      2C1F
 3093 25ec 5817F381 		.ascii	"X\027\363\201\305\204\316\004\003\253h8\305\333\303"
 3093      C584CE04 
 3093      03AB6838 
 3093      C5DBC3
 3094 25fb 93F7738B 		.ascii	"\223\367s\213\243\315z\336\244\365\274!\326\363\364"
 3094      A3CD7ADE 
 3094      A4F5BC21 
 3094      D6F3F4
 3095 260a C85191E8 		.ascii	"\310Q\221\350\202\271a\263\013\200KX\221\270`\305\322"
 3095      82B961B3 
 3095      0B804B58 
 3095      91B860C5 
 3095      D2
 3096 261b 055BCC05 		.ascii	"\005[\314\005\315\341\336\027\216d\005]\320:\266\346"
 3096      CDE1DE17 
 3096      8E64055D 
 3096      D03AB6E6 
 3097 262b AA4C75E8 		.ascii	"\252Lu\350\242\346\216\254l\261\315\327\241:i\331vd"
 3097      A2E68EAC 
 3097      6CB1CDD7 
 3097      A13A69D9 
 3097      7664
 3098 263d 65DB15CB 		.ascii	"e\333\025\313\2264\3411\204\275\177\327T\266\255\353"
 3098      9634E131 
 3098      84BD7FD7 
 3098      54B6ADEB 
 3099 264d E34DDBA3 		.ascii	"\343M\333\243\372>-\333\236X\266\262\320\3612\255X\266"
 3099      FA3E2DDB 
 3099      9E58B6B2 
 3099      D0F132AD 
 3099      58B6
 3100 265f 5973D980 		.ascii	"Ys\331\200K\330\226\224m\333\262l\007\254l\027s\353"
 3100      4BD89694 
 3100      6DDBB26C 
 3100      07AC6C17 
 3100      73EB
 3101 2671 275A7286 		.ascii	"'Zr\206es\315\271\270P\231\206\015\304\222\320\271\026"
 3101      6573CDB9 
 3101      B8509986 
 3101      0DC492D0 
 3101      B916
 3102 2683 63EE6447 		.ascii	"c\356dG<)L\331\216\265\355\374\023\012\360X\004x\263"
 3102      3C294CD9 
 3102      8EB5EDFC 
 3102      130AF058 
ARM GAS  /tmp/ccACgBoh.s 			page 252


 3102      0478B3
 3103 2696 FBF875B1 		.ascii	"\373\370u\261\371\375_&x\300#\034J\340\035Z\302;e\360"
 3103      F9FD5F26 
 3103      78C0231C 
 3103      4AE01D5A 
 3103      C23B65F0 
 3104 26aa 3CDA93DF 		.ascii	"<\332\223\337 \276?\206w\024\346.\247\350x\017\233\012"
 3104      20BE3F86 
 3104      7714E62E 
 3104      A7E8780F 
 3104      9B0A
 3105 26bc B2E86167 		.ascii	"\262\350ag\022]g\226\272\316\231.\257\313\343C\027\222"
 3105      125D6796 
 3105      BACE992E 
 3105      AFCBE343 
 3105      1792
 3106 26ce 89CA667C 		.ascii	"\211\312f|\352\316\325\3428\337+\357a\027\022]\027\226"
 3106      EACED5E2 
 3106      38DF2BEF 
 3106      6117125D 
 3106      1796
 3107 26e0 BA2E99AE 		.ascii	"\272.\231\2562\357\3011'R\212\272\322\343\002\037M\315"
 3107      32EFC131 
 3107      27528ABA 
 3107      D2E3021F 
 3107      4DCD
 3108 26f2 6B5E5E05 		.ascii	"k^^\005W\022]W\226\272\256\231\256\247\362\274\007\027"
 3108      57125D57 
 3108      96BAAE99 
 3108      AEA7F2BC 
 3108      0717
 3109 2704 D28EBAC2 		.ascii	"\322\216\272\302z\027\012\234\3050r\377\266i\220\245"
 3109      7A170A9C 
 3109      C53072FF 
 3109      B66990A5 
 3110 2714 65BC91E8 		.ascii	"e\274\221\350\272\261\324u\213\272\002\227\215\316d"
 3110      BAB1D475 
 3110      8BBA0297 
 3110      8DCE64
 3111 2723 1575953F 		.ascii	"\025u\225?'\357\212\270\226\016\344e\274\223\350\272"
 3111      27EF8AB8 
 3111      960EE465 
 3111      BC93E8BA 
 3112 2733 B3D475CF 		.ascii	"\263\324u\317t\371tguh\310\001\352\352:Z\034\260\247"
 3112      74F97467 
 3112      7568C801 
 3112      EAEA3A5A 
 3112      1CB0A7
 3113 2746 C11D74AD 		.ascii	"\301\035t\255=\311\243\310\203D\327\203\245\256G\246"
 3113      3DC9A3C8 
 3113      8344D783 
 3113      A5AE47A6 
 3114 2756 6BF5B6EA 		.ascii	"k\365\266\352J \267\250K\361\360\022\315\372\314]\343"
 3114      4A20B7A8 
 3114      4BF1F012 
 3114      CDFACC5D 
 3114      E3
ARM GAS  /tmp/ccACgBoh.s 			page 253


 3115 2767 5963BE2B 		.ascii	"Yc\276+\2404>1\307\211\204\275\300{+\312\012\375\\l"
 3115      A0343E31 
 3115      C78984BD 
 3115      C07B2BCA 
 3115      0AFD5C6C 
 3116 277b C909462D 		.ascii	"\311\011F-\221\211fO\227\006i\244m\324Uk\2204R7\255"
 3116      9189664F 
 3116      970669A4 
 3116      6DD4556B 
 3116      90345237 
 3117 2790 241F8B0D 		.ascii	"$\037\213\015n^\026x\351\206bt\311\246\246\005\\\302"
 3117      6E5E1678 
 3117      E9866274 
 3117      C9A6A605 
 3117      5CC2
 3118 27a2 93A4784F 		.ascii	"\223\244xO\226\305s\327\262\204\354$#\206\220\224\027"
 3118      96C573D7 
 3118      B284EC24 
 3118      23869094 
 3118      17
 3119 27b3 3613B2AE 		.ascii	"6\023\262\256\362\222,\301f\207\361\242X<\265\034L\356"
 3119      F2922CC1 
 3119      6687F1A2 
 3119      583CB51C 
 3119      4CEE
 3120 27c5 C8C8281D 		.ascii	"\310\310(\035GW\214\306\226\351A"
 3120      47578CC6 
 3120      96E941
 3121 27d0 875A6F2F 		.ascii	"\207Zo/\030G\005\306%xh\315X<\264|\000\365f\030ng\223"
 3121      184705C6 
 3121      257868CD 
 3121      583CB47C 
 3121      00F56618 
 3122 27e7 EF9CC8CC 		.ascii	"\357\234\310\314\213\037j\034\367\325Z\031\307\375\360"
 3122      8B1F6A1C 
 3122      F7D55A19 
 3122      C7FDF0
 3123 27f6 A479F0D5 		.ascii	"\244y\360\325\352-\007_8\023\200\\Q\303m\007DZ\"\255"
 3123      EA2D075F 
 3123      3813805C 
 3123      51C36D07 
 3123      445A22AD 
 3124 280a 340B0BA2 		.ascii	"4\013\013\242%\012\024KdlJq3`f\220\022g\374\0057c\200"
 3124      250A144B 
 3124      646C4A71 
 3124      33606690 
 3124      1267FC05 
 3125 2821 B1A55C45 		.ascii	"\261\245\\E\231\004\037\261@\202?p\323C,S0+\323l\377"
 3125      99041FB1 
 3125      40823F70 
 3125      D3432C53 
 3125      302BD36C 
 3126 2836 7E8A03D9 		.ascii	"~\212\003\331\3052\255\317\314\3559r\277\254/;\314t"
 3126      C532ADCF 
 3126      CCED3972 
 3126      BFAC2F3B 
 3126      CC74
ARM GAS  /tmp/ccACgBoh.s 			page 254


 3127 2848 7AB5FC06 		.ascii	"z\265\374\006\233 \013!\022\257\204\210\032B\231\206"
 3127      9B200B21 
 3127      12AF8488 
 3127      1A429986 
 3128 2858 B8ED326F 		.ascii	"\270\3552o-\311{)\274f.\033\256\225\335\204\352\265"
 3128      2DC97B29 
 3128      BC662E1B 
 3128      AE95DD84 
 3128      EAB5
 3129 286a DEA3264D 		.ascii	"\336\243&M(1\235\265\354\253Q\334\262\025\001\366\344"
 3129      28319DB5 
 3129      ECAB51DC 
 3129      B21501F6 
 3129      E4
 3130 287b 42475553 		.ascii	"BGUS\305\262\246\031\251\225F\373(\255x\347\352\342"
 3130      C5B2A619 
 3130      A99546FB 
 3130      28AD78E7 
 3130      EAE2
 3131 288d 6E04268C 		.ascii	"n\004&\214p\212;\327{&*\302`\212\260\321\350\336\254"
 3131      708A3BD7 
 3131      7B262AC2 
 3131      608AB0D1 
 3131      E8DEAC
 3132 28a0 FA934659 		.ascii	"\372\223FY\032\223\241r\220\3707\226\3727F\364ocX\321"
 3132      1A93A172 
 3132      90F83796 
 3132      FA3746F4 
 3132      6F6358D1 
 3133 28b4 AF73C78C 		.ascii	"\257s\307\214\337:\004\3643\307\000\213\020&qL\230\350"
 3133      DF3A04F4 
 3133      33C7008B 
 3133      1026714C 
 3133      98E8
 3134 28c6 9838E698 		.ascii	"\2308\346\230\324\303\304\021'r\367\322F:\036\352z\236"
 3134      D4C3C411 
 3134      2772F7D2 
 3134      463A1EEA 
 3134      7A9E
 3135 28d8 A533814A 		.ascii	"\2453\201J@POes]\202\315Ix\022\305\224(b:\034\350\237"
 3135      40504F65 
 3135      735D82CD 
 3135      497812C5 
 3135      9428623A 
 3136 28ef 577150CB 		.ascii	"WqP\313>\216;C\014\024\360\010\361\022P\361\"\250d\006"
 3136      3E8E3B43 
 3136      0C14F008 
 3136      F11250F1 
 3136      22A86406 
 3137 2903 6AE6E262 		.ascii	"j\346\342b\306@\252\337\304\253\243\271\236\177\306"
 3137      C640AADF 
 3137      C4ABA3B9 
 3137      9E7FC6
 3138 2912 10D05B60 		.ascii	"\020\320[`\321U\247\225\335\347\266\273Q\032\005\220"
 3138      D155A795 
 3138      DDE7B6BB 
 3138      511A0590 
ARM GAS  /tmp/ccACgBoh.s 			page 255


 3139 2922 6A02B03C 		.ascii	"j\002\260<\227\245\347\000\256c\034o}y7\002.!E\002!"
 3139      97A5E700 
 3139      AE631C6F 
 3139      7D793702 
 3139      2E214502 
 3140 2937 458490CE 		.ascii	"E\204\220\316 \334\337^\0178\221+\204p\272Z8\216^\240"
 3140      20DCDF5E 
 3140      0F38912B 
 3140      8470BA5A 
 3140      388E5EA0 
 3141 294b F7D52286 		.ascii	"\367\325\"\206\220\314\240\217+\306\177\272\227K\226"
 3141      90CCA08F 
 3141      2BC67FBA 
 3141      974B96
 3142 295a AC45D49D 		.ascii	"\254E\324\235\027>)\367=\273W\360\235n\347\313\2677"
 3142      173E29F7 
 3142      3DBB57F0 
 3142      9D6EE7CB 
 3142      B737
 3143 296c CA96B59C 		.ascii	"\312\226\265\234\034\261\345\014&\346\015c\236\000\247"
 3143      1CB1E50C 
 3143      26E60D63 
 3143      9E00A7
 3144 297b 844CAC90 		.ascii	"\204L\254\220\346\375\235'b\323\037y\324\037\271&\177"
 3144      E6FD9D27 
 3144      62D31F79 
 3144      D41FB926 
 3144      7F
 3145 298c 244F0498 		.ascii	"$O\004\230\272\317\340\347r+\214\036\032\312\"dH\234"
 3145      BACFE0E7 
 3145      722B8C1E 
 3145      1ACA2264 
 3145      489C
 3146 299e 91213A23 		.ascii	"\221!:#\2379\343$\371 \302\221\370\275\017\237R\210"
 3146      9F39E324 
 3146      F920C291 
 3146      F8BD0F9F 
 3146      5288
 3147 29b0 F61B2024 		.ascii	"\366\033 $\024\017\362\242\012NY\200)\324\362\000\263"
 3147      140FF2A2 
 3147      0A4E5980 
 3147      29D4F200 
 3147      B3
 3148 29c1 B6129425 		.ascii	"\266\022\224%\230\002L\021\002\\\367\232lr4\005\230"
 3148      98024C11 
 3148      025CF79A 
 3148      6C723405 
 3148      98
 3149 29d2 623C692D 		.ascii	"b<i-@\312\247\177\245\310x\261\020\013\223\311(\264"
 3149      40CAA77F 
 3149      A5C878B1 
 3149      100B93C9 
 3149      28B4
 3150 29e4 D878B9D8 		.ascii	"\330x\271\330K\223\023\241\\\2648\344\026\337\355`\275"
 3150      4B9313A1 
 3150      5CB438E4 
 3150      16DFED60 
ARM GAS  /tmp/ccACgBoh.s 			page 256


 3150      BD
 3151 29f5 390A1534 		.ascii	"9\012\0254\232TR\007\224\211\016\210\033\013\334\245"
 3151      9A545207 
 3151      94890E88 
 3151      1B0BDCA5 
 3152 2a05 516885CE 		.ascii	"Qh\205\316O\362?;0\340\3252b4\022\267\017Q>\241\300"
 3152      4FF23F3B 
 3152      30E0D532 
 3152      623412B7 
 3152      0F513EA1 
 3153 2a1a 14884AA8 		.ascii	"\024\210J\250h\201\350\210*\346\210\310\316\344v=y@"
 3153      6881E888 
 3153      2AE688C8 
 3153      CEE4763D 
 3153      7940
 3154 2a2c 247E5545 		.ascii	"$~UE\271X\025\264S\"\376\276\202\362`\027\323rZ\015"
 3154      B95815B4 
 3154      5322FEBE 
 3154      82F26017 
 3154      D3725A0D 
 3155 2a40 E2F7CD6C 		.ascii	"\342\367\315l\237\323\212\353i\265x.\366\252\327\335"
 3155      9FD38AEB 
 3155      69B5782E 
 3155      F6AAD7DD 
 3156 2a50 8984BE1F 		.ascii	"\211\204\276\037o\325m\233^\267\267\266\376^\017h\032"
 3156      6FD56D9B 
 3156      5EB7B7B6 
 3156      FE5E0F68 
 3156      1A
 3157 2a61 B4CAD5FB 		.ascii	"\264\312\325\373\264\363\234&'\222\205\322q\371\331"
 3157      B4F39C26 
 3157      279285D2 
 3157      71F9D9
 3158 2a70 F38ED6A4 		.ascii	"\363\216\326\244\033mHgn\035D;K\035\326\004L\346\366"
 3158      1B6D4867 
 3158      6E1D443B 
 3158      4B1DD604 
 3158      4CE6F6
 3159 2a83 D24CDD55 		.ascii	"\322L\335U'\272\313\257\266*\317\236\267\227\356\006"
 3159      27BACBAF 
 3159      B62ACF9E 
 3159      B797EE06 
 3160 2a93 D25CBF33 		.ascii	"\322\\\2773\352\032\362&\343\022\252%M\246Z\364T\013"
 3160      EA1AF226 
 3160      E312AA25 
 3160      4DA65AF4 
 3160      540B
 3161 2aa5 F35449A3 		.ascii	"\363TI\243\307\260\2164\"\302\211j\367\031\003\327q"
 3161      C7B08E34 
 3161      22C2896A 
 3161      F71903D7 
 3161      71
 3162 2ab6 DCA78B73 		.ascii	"\334\247\213s\347}\220.9\265Jt\264\212:\332\230\216"
 3162      E77D902E 
 3162      39B54A74 
 3162      B48A3ADA 
 3162      988E
ARM GAS  /tmp/ccACgBoh.s 			page 257


 3163 2ac8 B59DC63D 		.ascii	"\265\235\306={\322\203:\332\252k'T\246u/\364vk\365h"
 3163      7BD2833A 
 3163      DAAA6B27 
 3163      54A6752F 
 3163      F4766BF5 
 3164 2add B4ED38D0 		.ascii	"\264\3558\320I\313\321!\226c\272*\332\250\345\030\316"
 3164      49CBD121 
 3164      9663BA2A 
 3164      DAA8E518 
 3164      CE
 3165 2aee 3E10676C 		.ascii	">\020glSQ\006\241]b\276]4\337\305\314\373\356\327\027"
 3165      535106A1 
 3165      5D62BE5D 
 3165      34DFC5CC 
 3165      FBEED717 
 3166 2b02 086412CD 		.ascii	"\010d\022\315{\016]\306KF\235E\363\250\323-\321\320"
 3166      7B0E5DC6 
 3166      4B469D45 
 3166      F3A8D32D 
 3166      D1D0
 3167 2b14 2D6AE861 		.ascii	"-j\350a\032&\312\274\267\355\311\026jHM\314\031\025"
 3167      1A26CABC 
 3167      B7EDC916 
 3167      6A484DCC 
 3167      1915
 3168 2b26 018C7D9E 		.ascii	"\001\214}\236\001\240\342\275\022\361^Q\274\217\211"
 3168      01A0E2BD 
 3168      12F15E51 
 3168      BC8F89
 3169 2b35 D7CEDC7B 		.ascii	"\327\316\334{\350\210\333[\230]V\026\346\320\213l\237"
 3169      E888DB5B 
 3169      985D5616 
 3169      E6D08B6C 
 3169      9F
 3170 2b46 A4CFB3D3 		.ascii	"\244\317\263\323\253S\342]\327\237\304\233\000\202+"
 3170      AB53E25D 
 3170      D79FC49B 
 3170      00822B
 3171 2b55 E7217D0C 		.ascii	"\347!}\014Ff\343|N$\177\232\035\034\243\371\264\235"
 3171      4666E37C 
 3171      4E247F9A 
 3171      1D1CA3F9 
 3171      B49D
 3172 2b67 C92DC290 		.ascii	"\311-\302\220\226\211\320\305\207A\355;\302\200\226"
 3172      9689D0C5 
 3172      8741ED3B 
 3172      C28096
 3173 2b76 35899E9A 		.ascii	"5\211\236\232\200_\224:rX6\214\217H\223\244\373\364"
 3173      805F943A 
 3173      7258368C 
 3173      8F4893A4 
 3173      FBF4
 3174 2b88 581F312F 		.ascii	"X\0371/\031\336w\214O\367\306\312\004&\241_R\230~\261"
 3174      19DE778C 
 3174      4FF7C6CA 
 3174      0426A15F 
 3174      52987EB1 
ARM GAS  /tmp/ccACgBoh.s 			page 258


 3175 2b9c 30A3AC30 		.ascii	"0\243\2540\315>\361Sj\322\215\370\016\253VF\304\240"
 3175      CD3EF153 
 3175      6AD28DF8 
 3175      0EAB5646 
 3175      C4A0
 3176 2bae BCBDEC30 		.ascii	"\274\275\3540\353\311\033\004u\310\230D\307\230\250"
 3176      EBC91B04 
 3176      75C89844 
 3176      C798A8
 3177 2bbd 639CE9A8 		.ascii	"c\234\351\250I2Bz\267\212:\032\357\206\246\315\201\354"
 3177      4932427A 
 3177      B78A3A1A 
 3177      EF86A6CD 
 3177      81EC
 3178 2bcf 3D73209B 		.ascii	"=s \233\220(\230\020\025L2\005\203\317\235\223\204\\"
 3178      90289810 
 3178      154C3205 
 3178      83CF9D93 
 3178      845C
 3179 2be1 A18292F8 		.ascii	"\241\202\222\370\255>\235\030\251X\321\3222\223\306"
 3179      AD3E9D18 
 3179      A958D1D2 
 3179      3293C6
 3180 2bf0 1C4C616A 		.ascii	"\034Laj\032{\352^sV\2403\361~\033o\005\177\270\034t"
 3180      1A7BEA5E 
 3180      7356A033 
 3180      F17E1B6F 
 3180      057FB81C 
 3181 2c05 5284F359 		.ascii	"R\204\363Y\2608'\017\3479O\321z'\177s8\237\223\205\363"
 3181      B038270F 
 3181      E7394FD1 
 3181      7A277F73 
 3181      389F9385 
 3182 2c1a 79AD13F2 		.ascii	"y\255\023\362\365_Fw9\262V\015\247\304\345\367\232\245"
 3182      F55F4677 
 3182      39B2560D 
 3182      A7C4E5F7 
 3182      9AA5
 3183 2c2c 25DB0B88 		.ascii	"%\333\013\210\213\264.\026\304V]\267\357\326\252\303"
 3183      8BB42E16 
 3183      C4565DB7 
 3183      EFD6AAC3 
 3184 2c3c 6026A654 		.ascii	"`&\246T\306i\025e\022\246L\221l\206F\262)\321\023K\314"
 3184      C6691565 
 3184      12A64C91 
 3184      6C8646B2 
 3184      29D1134B 
 3185 2c51 13D3AB4F 		.ascii	"\023\323\253O\247\366$\024K\025\275\032\234\357D\342"
 3185      A7F62414 
 3185      4B15BD1A 
 3185      9CEF44E2 
 3186 2c61 F1202139 		.ascii	"\361 !9\363\2736\366\032[\001\225\177\200W\342\376P"
 3186      F3BB36F6 
 3186      1A5B0195 
 3186      7F8057E2 
 3186      FE50
 3187 2c73 BC9FAAD6 		.ascii	"\274\237\252\3267-\016S\231U(\"\226\340a\272\253De\212"
ARM GAS  /tmp/ccACgBoh.s 			page 259


 3187      372D0E53 
 3187      99552822 
 3187      96E061BA 
 3187      AB44658A 
 3188 2c87 E26B3CE2 		.ascii	"\342k<\342\005\370T\230\363\233u<\371<W{\246\263\231"
 3188      05F85498 
 3188      F39B753C 
 3188      F93C577B 
 3188      A6B399
 3189 2c9a 4A6CD2B2 		.ascii	"Jl\322\262n\210e-\365\256\277u1\247\022\313\230J\000"
 3189      6E88652D 
 3189      F5AEBF75 
 3189      31A712CB 
 3189      984A00
 3190 2cad 8FB02CA9 		.ascii	"\217\260,\251\361e\261\234[\254\234\013Ea9*\222\376"
 3190      F165B19C 
 3190      5BAC9C0B 
 3190      4561392A 
 3190      92FE
 3191 2cbf F60F55E3 		.ascii	"\366\017U\343;\010JV)v?\270J\366)\314=\021\346\336R"
 3191      3B084A56 
 3191      29763FB8 
 3191      4AF629CC 
 3191      3D11E6DE 
 3192 2cd4 7DA6BDBC 		.ascii	"}\246\275\274JZ\240J\200I\3306U\311.\255\222m\021\352"
 3192      4A5AA04A 
 3192      8049D836 
 3192      55C92EAD 
 3192      926D11EA 
 3193 2ce8 01835A7F 		.ascii	"\001\203Z\177\230\322\240#U?\034\324#\313$\335\264\177"
 3193      98D2A023 
 3193      553F1CD4 
 3193      23CB24DD 
 3193      B47F
 3194 2cfa 84294987 		.ascii	"\204)I\2073'6\222t\331*\342\031\205\177*\302\217\216"
 3194      33273692 
 3194      74D92AE2 
 3194      19857F2A 
 3194      C28F8E
 3195 2d0d BAE9B517 		.ascii	"\272\351\265\027\207\307\240O-\232\226\357\214\237\240"
 3195      87C7A04F 
 3195      2D9A96EF 
 3195      8C9FA0
 3196 2d1c 9CC2A1A9 		.ascii	"\234\302\241\251\014\307\264\014\207b\031\316Y\031\312"
 3196      0CC7B40C 
 3196      876219CE 
 3196      5919CA
 3197 2d2b DD83FC54 		.ascii	"\335\203\374T\244\036\3130\236Q\373\267\346N\276$\355"
 3197      A41ECB30 
 3197      9E51FBB7 
 3197      E64EBE24 
 3197      ED
 3198 2d3c E417921A 		.ascii	"\344\027\222\032\273\020U\\2\025\247>\253k.d\000Uxv"
 3198      BB10555C 
 3198      3215A73E 
 3198      AB6B2E64 
 3198      00557876 
ARM GAS  /tmp/ccACgBoh.s 			page 260


 3199 2d50 15172A37 		.ascii	"\025\027*7\034R>+a\034\\\011\223=+q-\353o7b\372\264"
 3199      1C523E2B 
 3199      611C5C09 
 3199      933D2B71 
 3199      2DEB6F37 
 3200 2d67 3AEC8723 		.ascii	":\354\207#\361\215)\357\216-\237\375w\262\214\346R\257"
 3200      F18D29EF 
 3200      8E2D9FFD 
 3200      77B28CE6 
 3200      52AF
 3201 2d79 9ABE6AED 		.ascii	"\232\276j\355\306\212;\255\265g\202j\202\312\243\235"
 3201      C68A3BAD 
 3201      B567826A 
 3201      82CAA39D 
 3202 2d89 A46EBD97 		.ascii	"\244n\275\227E\315\007\352\327[\321\257Y!E5j\3638Z_"
 3202      45CD07EA 
 3202      D75BD1AF 
 3202      59214535 
 3202      6AF3385A 
 3203 2d9e 9F82E328 		.ascii	"\237\202\343(p\011W\022o\\\211\336xd\336X\311oZt!\007"
 3203      70095712 
 3203      6F5C89DE 
 3203      7864DE58 
 3203      C96F5A74 
 3204 2db4 6FDB9C52 		.ascii	"o\333\234R\3123\246g\254\360\370\207G7\345\236V\364"
 3204      CA33A667 
 3204      ACF0F887 
 3204      4737E59E 
 3204      56F4
 3205 2dc6 8654579D 		.ascii	"\206TW\235\324m\351\371w\375.\012>zg\251\234\257\242"
 3205      D46DE9F9 
 3205      77FD2E0A 
 3205      3E7A67A9 
 3205      9CAFA2
 3206 2dd9 3FB047B6 		.ascii	"?\260G\266\212\345\246\223\272\327]\307\335;\344\335"
 3206      8AE5A693 
 3206      BAD75DC7 
 3206      DD3BE4DD 
 3207 2de9 D588C100 		.ascii	"\325\210\301\000N\011F\035\003s\235\222W\256\266\331"
 3207      4E09461D 
 3207      03739D92 
 3207      57AEB6D9 
 3208 2df9 793C75E0 		.ascii	"y<u\340%\017\035\367RWc\033\233\201S/\015\315\223\030"
 3208      250F1DF7 
 3208      5257631B 
 3208      9B81532F 
 3208      0DCD9318 
 3209 2e0d 16D48145 		.ascii	"\026\324\201Ex\222\270\350It\221\227\216\272\250\302"
 3209      7892B8E8 
 3209      49749197 
 3209      8EBAA8C2 
 3210 2e1d B3F3D640 		.ascii	"\263\363\326@\236\321E\241\325\373\213\316\\A\333<1"
 3210      9ED145A1 
 3210      D5FB8BCE 
 3210      5C41DB3C 
 3210      31
 3211 2e2e 0DB3DE3A 		.ascii	"\015\263\336:\263\274\267\216\313\3730\371\336\352\352"
ARM GAS  /tmp/ccACgBoh.s 			page 261


 3211      B3BCB78E 
 3211      CBFB30F9 
 3211      DEEAEA
 3212 2e3d 7E0712F0 		.ascii	"~\007\022\360\001|\240$\241\340P\371\330-\335/\327O"
 3212      017CA024 
 3212      A1E050F9 
 3212      D82DDD2F 
 3212      D74F
 3213 2e4f E691CC86 		.ascii	"\346\221\314\206\276EG\005\337\260\202\257\2653oY\326"
 3213      BE454705 
 3213      DFB082AF 
 3213      B5336F59 
 3213      D6
 3214 2e60 30FD659E 		.ascii	"0\375e\236\013\020=\327\036\323\310\253\026N\361\252"
 3214      0B103DD7 
 3214      1ED3C8AB 
 3214      164EF1AA 
 3215 2e70 1DAEE87F 		.ascii	"\035\256\350\177M\324\011\242\216\013\024\035\227\025"
 3215      4DD409A2 
 3215      8E0B141D 
 3215      9715
 3216 2e7e 5FBD29A6 		.ascii	"_\275)\246i\355\211_-f\216\003\026\301WRp_\261\340\301"
 3216      69ED895F 
 3216      2D668E03 
 3216      16C15752 
 3216      705FB1E0 
 3217 2e93 ACE0D143 		.ascii	"\254\340\321C9\263*\022\217\005\217\010\033np2'8\303"
 3217      39B32A12 
 3217      8F058F08 
 3217      1B6E7032 
 3217      2738C3
 3218 2ea6 9269B544 		.ascii	"\222i\265DC\210\250!\224i\310+\313\217r\"\005\250\301"
 3218      4388A821 
 3218      9469C82B 
 3218      CB8F7222 
 3218      05A8C1
 3219 2eb9 18719FEC 		.ascii	"\030q\237\354D\032\361\240\352zu\316\301\372\345\217"
 3219      441AF1A0 
 3219      EA7A75CE 
 3219      C1FAE58F 
 3220 2ec9 709DB57B 		.ascii	"p\235\265{\022\207|g[\320\001\021:q\216\025\324|\336"
 3220      12877C67 
 3220      5BD00111 
 3220      3A718E15 
 3220      D47CDE
 3221 2edc 275BBBA1 		.ascii	"'[\273\241?\231=\020E=\020)z\240\240\333=_l:0\321\273"
 3221      3F993D10 
 3221      453D1029 
 3221      7AA0A0DB 
 3221      3D5F6C3A 
 3222 2ef3 D9E5E106 		.ascii	"\331\345\341\006\270\2040I\021\302\304\"D\263\"\314"
 3222      B8843049 
 3222      11C2C422 
 3222      44B322CC 
 3223 2f03 F74EB7B8 		.ascii	"\367N\267\270\220ND\375\354\037=\201\253\2343j\261\026"
 3223      904E44FD 
 3223      EC1F3D81 
ARM GAS  /tmp/ccACgBoh.s 			page 262


 3223      AB9C336A 
 3223      B116
 3224 2f15 4637121F 		.ascii	"F7\022\0374\246\225\331X\335\353.\207\307\313\352\376"
 3224      34A695D9 
 3224      58DDEB2E 
 3224      87C7CBEA 
 3224      FE
 3225 2f26 AC38E9CA 		.ascii	"\2548\351\312\205\254\241\352\255\331\3662\275b\011"
 3225      85ACA1EA 
 3225      ADD9F632 
 3225      BD6209
 3226 2f35 210180C9 		.ascii	"!\001\200\311\205:\357\374\316\235\245\015&Q\326`\222"
 3226      853AEFFC 
 3226      CE9DA50D 
 3226      2651D660 
 3226      92
 3227 2f46 C40613B9 		.ascii	"\304\006\023\271\322\333\204c,\234\022\342\020VnP\277"
 3227      D2DB8463 
 3227      2C9C12E2 
 3227      10566E50 
 3227      BF
 3228 2f57 DE668349 		.ascii	"\336f\203I\241\356J\026\335\345_|Q@Dw5:=\211\321\031"
 3228      A1EE4A16 
 3228      DDE55F7C 
 3228      51404477 
 3228      353A3D89 
 3229 2f6d B8841889 		.ascii	"\270\204\030\211\273bDw\2452w\005?e/\023\222\370A\234"
 3229      BB624477 
 3229      A5327705 
 3229      3F652F13 
 3229      92F8419C 
 3230 2f81 013D3C2D 		.ascii	"\001=<-(\263!e\231\006\347\332\312\014\262\013\376\262"
 3230      28B32165 
 3230      9906E7DA 
 3230      CA0CB20B 
 3230      FEB2
 3231 2f93 32658865 		.ascii	"2e\210e\212\276L\254\301\360\234a\352"
 3231      8ABE4CAC 
 3231      C1F09C61 
 3231      EA
 3232 2fa0 04FBEE31 		.ascii	"\004\373\3561\207\002\311A\203\011\353Q\371\312\013"
 3232      8702C941 
 3232      8309EB51 
 3232      F9CA0B
 3233 2faf 0F596030 		.ascii	"\017Y`0[f0\361\244\267G\346\304l\231\301\034\321\340"
 3233      5B6630F1 
 3233      A4B747E6 
 3233      C46C99C1 
 3233      1CD1E0
 3234 2fc2 D479EA11 		.ascii	"\324y\352\021\237M\203\301Ltb\316]\305\262m/\346Q/\346"
 3234      9F4D83C1 
 3234      4C7462CE 
 3234      5DC5B26D 
 3234      2FE6512F 
 3235 2fd7 8A5E2C8E 		.ascii	"\212^,\216\311Os\340^\\\373\002\2136\300 \244I\034\230"
 3235      C94F73E0 
 3235      5E5CFB02 
ARM GAS  /tmp/ccACgBoh.s 			page 263


 3235      8B36C020 
 3235      A4491C98 
 3236 2feb 263A309F 		.ascii	"&:0\2379\360\241*\027\346\322eX\036k\215\336u1*\317"
 3236      39F0A12A 
 3236      17E6D265 
 3236      581E6B8D 
 3236      DE75312A 
 3237 3000 D114430B 		.ascii	"\321\024C\013\021\323\301xo\227\355\031~1\305T$b\312"
 3237      11D3C178 
 3237      6F97ED19 
 3237      7E31C554 
 3237      2462CA
 3238 3013 69F1EF13 		.ascii	"i\361\357\023\363\244\366\006RW\277c\364\3213&\241@"
 3238      F3A4F606 
 3238      5257BF63 
 3238      F4D13326 
 3238      A140
 3239 3025 82AB40C4 		.ascii	"\202\253@\304U\302p\225\344^7\333\223\026\304u\020\323"
 3239      55C27095 
 3239      E45E37DB 
 3239      9316C475 
 3239      10D3
 3240 3037 578B178E 		.ascii	"W\213\027\216[M\213.\241\365\2435J\337\323\007\356\313"
 3240      5B4D8B2E 
 3240      A1F5A335 
 3240      4ADFD307 
 3240      EECB
 3241 3049 65BE2FA8 		.ascii	"e\276/\250\273nU6\212N\005\337\325\220\377\252l\255"
 3241      BB6E5536 
 3241      8A4E05DF 
 3241      D590FFAA 
 3241      6CAD
 3242 305b AC425647 		.ascii	"\254BVG\225b\035\371\016\265\336`\243\200SB\031\372"
 3242      95621DF9 
 3242      0EB5DE60 
 3242      A3805342 
 3242      19FA
 3243 306d 236879F0 		.ascii	"#hy\360\330\366\314\257\232\372\243J\364\307Ak\300\244"
 3243      D8F6CCAF 
 3243      9AFAA34A 
 3243      F4C7416B 
 3243      C0A4
 3244 307f 18D9CEF8 		.ascii	"\030\331\316\370\220\000\034B\251\304\031\245\2423j"
 3244      90001C42 
 3244      A9C419A5 
 3244      A2336A
 3245 308e 9833A25A 		.ascii	"\2303\242Z\312\223td\026\2351\021\035=\206\203\332\205"
 3245      CA937464 
 3245      169D3111 
 3245      1D3D8683 
 3245      DA85
 3246 30a0 5AAC241B 		.ascii	"Z\254$\033\375\277^V\302\201\233\343zGr\210Z\322\306"
 3246      FDBF5E56 
 3246      C2819BE3 
 3246      7A477288 
 3246      5AD2C6
 3247 30b3 EA3A954F 		.ascii	"\352:\225O\314C\302g!\2249\237\267+k\272\2152\2674\211"
ARM GAS  /tmp/ccACgBoh.s 			page 264


 3247      CC43C267 
 3247      2194399F 
 3247      B72B6BBA 
 3247      8D32B734 
 3248 30c8 6E693E9C 		.ascii	"ni>\234\033G\267\300)\241\016\335\222\331\267=\2567"
 3248      1B47B7C0 
 3248      29A10EDD 
 3248      92D9B73D 
 3248      AE37
 3249 30da D55B339E 		.ascii	"\325[3\236<Z\357|\266}GF+\365U\213\350\253S\337\211"
 3249      3C5AEF7C 
 3249      B67D4746 
 3249      2BF5558B 
 3249      E8AB53DF 
 3250 30ef 07312AEC 		.ascii	"\0071*\354q_\001\207P+\361U\255\350\2536\346\253\235"
 3250      715F0187 
 3250      502BF155 
 3250      ADE8AB36 
 3250      E6AB9D
 3251 3102 CD805B07 		.ascii	"\315\200[\007\342\371\016+e\312QW\273\213)*\241\257"
 3251      E2F90E2B 
 3251      65CA5157 
 3251      BB8B292A 
 3251      A1AF
 3252 3114 7A7BDB4B 		.ascii	"z{\333K\265\246N\326\201\240*gN\203l'\005]\024T\247"
 3252      B5A64ED6 
 3252      81A02A67 
 3252      4E836C27 
 3252      055D1454 
 3253 3129 086A31AA 		.ascii	"\010j1\252\347A\\C<ot\332\307\241\011x\204v\011\254"
 3253      E7415C43 
 3253      3C6F74DA 
 3253      C7A10978 
 3253      847609AC 
 3254 313d 76115637 		.ascii	"v\021V7\203\225\235\224\276\350HB\020\226\265\300\222"
 3254      83959D94 
 3254      BEE84842 
 3254      1096B5C0 
 3254      92
 3255 314e BBD05886 		.ascii	"\273\320X\206\001\224\336\376\336\213\260z\016\274G"
 3255      0194DEFE 
 3255      DE8BB07A 
 3255      0EBC47
 3256 315d 94515A79 		.ascii	"\224QZyYo~\340$S\266o\177\277\254\226\006\304Z\352\335"
 3256      596F7EE0 
 3256      2453B66F 
 3256      7FBFAC96 
 3256      06C45AEA 
 3257 3172 CEF924B3 		.ascii	"\316\371$\263\001g\204>n\343\346d\326v}\014\321\242"
 3257      0167843E 
 3257      6EE3E664 
 3257      D6767D0C 
 3257      D1A2
 3258 3184 0F8A458F 		.ascii	"\017\212E\217).\314\025'\312}?\315\252\003\030\204\036"
 3258      292ECC15 
 3258      27CA7D3F 
 3258      CDAA0318 
ARM GAS  /tmp/ccACgBoh.s 			page 265


 3258      841E
 3259 3196 49B97BC4 		.ascii	"I\271{\304r\017\263r\007\326\336\337\021R\210\345n\012"
 3259      720FB372 
 3259      07D6DEDF 
 3259      115288E5 
 3259      6E0A
 3260 31a8 9DDFD293 		.ascii	"\235\337\322\223.<\030M\275\364q\261\276(0\252\263\266"
 3260      2E3C184D 
 3260      BDF471B1 
 3260      BE2830AA 
 3260      B3B6
 3261 31ba 2830D7E2 		.ascii	"(0\327\342\236\210\255i\314\024\235\206\016\203b\321"
 3261      9E88AD69 
 3261      CC149D86 
 3261      0E8362D1 
 3262 31ca 6BF409B8 		.ascii	"k\364\011\270q,\321\217\2549dt7\025\343\356$h\236@-"
 3262      712CD18F 
 3262      AC396474 
 3262      3715E3EE 
 3262      24689E40 
 3263 31df 45476D7B 		.ascii	"EGm{\262\313\235\324\202\3311\323\3241S\242c<\236\306"
 3263      B2CB9DD4 
 3263      82D931D3 
 3263      D43153A2 
 3263      633C9EC6 
 3264 31f3 AB75E2E4 		.ascii	"\253u\342\344\242Ps(\216\366\300%\214H\2743\"zg\206"
 3264      A2507328 
 3264      8EF6C025 
 3264      8C48BC33 
 3264      227A6786 
 3265 3207 7927BC28 		.ascii	"y'\274(\250N \303\357\374\360Whd\023\322y\212aN\304"
 3265      A84E20C3 
 3265      EFFCF057 
 3265      686413D2 
 3265      798A614E 
 3266 321c B03C325E 		.ascii	"\260<2^+\256@l\337}>7}\227\005Z`\022f%\020fE\010\013"
 3266      2BAE406C 
 3266      DF7D3E37 
 3266      7D97055A 
 3266      60126625 
 3267 3235 0CC273F9 		.ascii	"\014\302s\371j\014!e\357\342\200V\357]-\316\012 i\011"
 3267      6A0C2165 
 3267      EFE28056 
 3267      EF5D2DCE 
 3267      0A206909 
 3268 3249 F497CC91 		.ascii	"\364\227\314\221\026%:\026E\035KLGh\373b\276l\337\236"
 3268      16253A16 
 3268      451D4B4C 
 3268      4768FB62 
 3268      BE6CDF9E 
 3269 325d 655BFBBE 		.ascii	"e[\373\276S\277>\356d\250>\332\370n\262\321^X\326\275"
 3269      53BF3EEE 
 3269      64A83EDA 
 3269      F86EB2D1 
 3269      5E58D6BD 
 3270 3271 A0A7EAA7 		.ascii	"\240\247\352\247\027o\235H\037bH\035<\217\322\223\031"
 3270      176F9D48 
ARM GAS  /tmp/ccACgBoh.s 			page 266


 3270      1F62481D 
 3270      3C8FD293 
 3270      19
 3271 3282 3CC80B1A 		.ascii	"<\310\013\032[r\371D\272q\244\205\335[\270t\350at\015"
 3271      5B72F944 
 3271      BA71A485 
 3271      DD5BB874 
 3271      E861740D 
 3272 3296 837E0082 		.ascii	"\203~\000\202\302\032\000J\322|Lbh\025\316\254\350>"
 3272      C21A004A 
 3272      D27C4C62 
 3272      6815CEAC 
 3272      E83E
 3273 32a8 0ADFD675 		.ascii	"\012\337\326ut\323\256\265\253\313;'\262\212\252F\312"
 3273      74D3AEB5 
 3273      ABCB3B27 
 3273      B28AAA46 
 3273      CA
 3274 32b9 57BB54E4 		.ascii	"W\273T\344\354\335\327]s\331\222\305\276\323b\277a\027"
 3274      ECDDD75D 
 3274      73D992C5 
 3274      BED362BF 
 3274      6117
 3275 32cb F28012CD 		.ascii	"\362\200\022\315!\021[\216\212\256\270\015\026\345B"
 3275      21115B8E 
 3275      8AAEB80D 
 3275      16E542
 3276 32da 39CF61DE 		.ascii	"9\317a\336\262\014{G\326\025w\305\256\270\233\276\365"
 3276      B20C7B47 
 3276      D61577C5 
 3276      AEB89BBE 
 3276      F5
 3277 32eb 8674FB43 		.ascii	"\206t\373C\033l\325\015\253\337\224j\333\323I_3\260"
 3277      1B6CD50D 
 3277      ABDF946A 
 3277      DBD3495F 
 3277      33B0
 3278 32fd CFD988DF 		.ascii	"\317\331\210\337vA\243\306\374B\216\351[\207\307N\177"
 3278      7641A3C6 
 3278      FC428EE9 
 3278      5B87C74E 
 3278      7F
 3279 330e DC18567C 		.ascii	"\334\030V|x\361Pg\365\021\"\033O\351\037b\241\204\003"
 3279      78F15067 
 3279      F511221B 
 3279      4FE91F62 
 3279      A18403
 3280 3321 DD2BE148 		.ascii	"\335+\341H'y\346\364\252\230\357l\012\266\205M\235U"
 3280      2779E6F4 
 3280      AA98EF6C 
 3280      0AB6854D 
 3280      9D55
 3281 3333 BDE22344 		.ascii	"\275\342#D\017;\347\036z\361yA\017\371\3063\364j\225"
 3281      0F3BE71E 
 3281      7AF17941 
 3281      0FF9C633 
 3281      F46A95
ARM GAS  /tmp/ccACgBoh.s 			page 267


 3282 3346 15232075 		.ascii	"\025# u3\361X\257\202:?\241\013+\271.\363\027\036F\237"
 3282      33F158AF 
 3282      823A3FA1 
 3282      0B2BB92E 
 3282      F3171E46 
 3283 335b 17C231F0 		.ascii	"\027\3021\360n`\023\224\300\334`\015Q8a\325=\275v\367"
 3283      6E601394 
 3283      C0DC600D 
 3283      513861D5 
 3283      3DBD76F7 
 3284 336f 55D2F7E3 		.ascii	"U\322\367\343\270>\2719\371!\256\243\275\336e\311\315"
 3284      B83EB939 
 3284      F921AEA3 
 3284      BDDE65C9 
 3284      CD
 3285 3380 E8E1C054 		.ascii	"\350\341\300T\234*T\234\242\2123\246\3420,6\316\231"
 3285      9C2A549C 
 3285      A28A33A6 
 3285      E2302C36 
 3285      CE99
 3286 3392 847E88E9 		.ascii	"\204~\210\351\010\334\352\206\372\217\304\203\302\345"
 3286      08DCEA86 
 3286      FA8FC483 
 3286      C2E5
 3287 33a0 B2187BF9 		.ascii	"\262\030{\371\263\217\246{\302/t6\357\011\007\311\343"
 3287      B38FA67B 
 3287      C22F7436 
 3287      EF0907C9 
 3287      E3
 3288 33b1 CAAA427B 		.ascii	"\312\252B{\300\262\322\302\356\347)h\3576\032S\014\302"
 3288      C0B2D2C2 
 3288      EEE72968 
 3288      EF361A53 
 3288      0CC2
 3289 33c3 25A039E7 		.ascii	"%\2409\347hDMv\364\014Es\305\3204UG\0358\2204\004\320"
 3289      68444D76 
 3289      F40C4573 
 3289      C5D03455 
 3289      471D3890 
 3290 33da 76BCDCA3 		.ascii	"v\274\334\243\0015-\240f(\351\215p\243\021wc\275\346"
 3290      01352DA0 
 3290      6628E98D 
 3290      70A31177 
 3290      63BDE6
 3291 33ed 3ACC0FE0 		.ascii	":\314\017\340\\\243\216\033\246c\331\375.\320@\012P"
 3291      5CA38E1B 
 3291      A663D9FD 
 3291      2ED0400A 
 3291      50
 3292 33fe 47CCDE5A 		.ascii	"G\314\336Z\276\216B\241\217\303\366\221\274\022\243"
 3292      BE8E42A1 
 3292      8FC3F691 
 3292      BC12A3
 3293 340d 076171ED 		.ascii	"\007aq\355\226+\021\037\266\275E\025wLE\315Rr\256\013"
 3293      962B111F 
 3293      B6BD4515 
 3293      774C45CD 
ARM GAS  /tmp/ccACgBoh.s 			page 268


 3293      5272AE0B 
 3294 3421 A9451503 		.ascii	"\251E\025\003\276\025E\204\253\350\360 !\370\354\361"
 3294      BE154584 
 3294      ABE8F020 
 3294      21F8ECF1 
 3295 3431 BD85FC3D 		.ascii	"\275\205\374=\312?0y\337\252\255<\201t\242\274On\340"
 3295      CA3F3079 
 3295      DFAAAD3C 
 3295      8174A2BC 
 3295      4F6EE0
 3296 3444 4F70F1A7 		.ascii	"Op\361\247^\011\202G\013\015\217\250\341\211i\230*\364"
 3296      5E098247 
 3296      0B0D8FA8 
 3296      E1896998 
 3296      2AF4
 3297 3456 CA17C838 		.ascii	"\312\027\3108j\010M\270\310\322s\025\003&\004\317\026"
 3297      6A084DB8 
 3297      C8D27315 
 3297      032604CF 
 3297      16
 3298 3467 F2CF286F 		.ascii	"\362\317(o\264\247\362A7\001\265\002YA\371!\327\207"
 3298      B4A7F241 
 3298      3701B502 
 3298      5941F921 
 3298      D787
 3299 3479 440397BF 		.ascii	"D\003\227\277\222Bp\265\227\253\200c\252\302\215\251"
 3299      924270B5 
 3299      97AB8063 
 3299      AAC28DA9 
 3300 3489 E8BBF5CD 		.ascii	"\350\273\365\315&\344\004U\004L>\014\010\\\305\202\011"
 3300      26E40455 
 3300      044C3E0C 
 3300      085CC582 
 3300      09
 3301 349a 82BB85BC 		.ascii	"\202\273\205\274;\312{0\371\223\310\3366\003yF\371\210"
 3301      3BCA7B30 
 3301      F993C8DE 
 3301      36037946 
 3301      F988
 3302 34ac FE890E35 		.ascii	"\376\211\0165\227?\222B\360\264P\341\211*\274\230\212"
 3302      973F9242 
 3302      F0B450E1 
 3302      892ABC98 
 3302      8A
 3303 34bd 98D4FE7C 		.ascii	"\230\324\376|\003\011\3740S\321=q\230\245Sx\301\333"
 3303      0309FC30 
 3303      53D13D71 
 3303      98A55378 
 3303      C1DB
 3304 34cf 42DE1BE5 		.ascii	"B\336\033\345}\230\374\263\307\346\257\2208\024w\037"
 3304      7D98FCB3 
 3304      C7E6AF90 
 3304      3814771F 
 3305 34df BB68154B 		.ascii	"\273h\025K\260$E\340k\241\301\0275\3701\015\321+\001"
 3305      B02445E0 
 3305      6BA1C117 
 3305      35F8310D 
ARM GAS  /tmp/ccACgBoh.s 			page 269


 3305      D12B01
 3306 34f2 791A9283 		.ascii	"y\032\222\203*\216}K\216]\024\010\374-\344\375Q>\200"
 3306      2A8E7D4B 
 3306      8E5D1408 
 3306      FC2DE4FD 
 3306      513E80
 3307 3505 C9779D37 		.ascii	"\311w\2357\237\022R\211\362}gw\015\316\\~J\012!\320"
 3307      9F125289 
 3307      F27D6777 
 3307      0DCE5C7E 
 3307      4A0A21D0 
 3308 3519 424520AA 		.ascii	"BE \252\010b*\006w\247S\004\322\216*R\343J\012\224M"
 3308      08622A06 
 3308      77A75304 
 3308      D28E2A52 
 3308      E34A0A94 
 3309 352e 21D8423E 		.ascii	"!\330B>\030\345C\230|yh|\266#\031A\371\301\266\244^"
 3309      18E54398 
 3309      7C79687C 
 3309      B6231941 
 3309      F9C1B6A4 
 3310 3543 0D971F92 		.ascii	"\015\227\037\222B\010\265P\021\212*\302\230\212\235"
 3310      4208B550 
 3310      118A2AC2 
 3310      988A9D
 3311 3552 F8F32303 		.ascii	"\370\363#\003YB\025\223\011\251_P \010\267\020\017G"
 3311      59421593 
 3311      09A95F50 
 3311      2008B710 
 3311      0F47
 3312 3564 F108269E 		.ascii	"\361\010&\236\323\033>\243#\373(\036\236\033U'\326C"
 3312      D31B3EA3 
 3312      23FB281E 
 3312      9E1B5527 
 3312      D643
 3313 3576 971441A4 		.ascii	"\227\024A\244\205\212HT\021\305T\334U=\226\031\310-"
 3313      858A4854 
 3313      11C554DC 
 3313      553D9619 
 3313      C82D
 3314 3588 AA083C2D 		.ascii	"\252\010<-\010U\326C\264\205|4\312\3070\371\242\247"
 3314      0855D643 
 3314      B4857C34 
 3314      CAC730F9 
 3314      A2A7
 3315 359a BC3B35F1 		.ascii	"\274;5\361\372\010\256\215\024\315\005\211\215\361\251"
 3315      FA08AE8D 
 3315      14CD0589 
 3315      8DF1A9
 3316 35a9 470221D6 		.ascii	"G\002!\326BE,\252\210c*|\353\007\253T$\002U\304,\204"
 3316      42452CAA 
 3316      88632A7C 
 3316      EB07AB54 
 3316      240255C4 
 3317 35bf 6728EB21 		.ascii	"g(\353!\336B>\036\345\023\230\374\251{\307\2263IE\371"
 3317      DE423E1E 
 3317      E51398FC 
ARM GAS  /tmp/ccACgBoh.s 			page 270


 3317      A97BC796 
 3317      334945F9 
 3318 35d3 2863C299 		.ascii	"(c\302\231J\354\222R\010\211\026*\022QE\022Sq\031};"
 3318      4AEC9252 
 3318      0889162A 
 3318      12514512 
 3318      5371197D 
 3319 35e8 4B4831AA 		.ascii	"KH1\2528*\333\254tR@H\266\220OF\371\024&_\342q}c \015"
 3319      382ADBAC 
 3319      74524048 
 3319      B6904F46 
 3319      F914265F 
 3320 3602 287F59BA 		.ascii	"(\177Y\272\032/\312\037I!\244Z\250HE\025iLEc\335\372"
 3320      1A2FCA1F 
 3320      4921A45A 
 3320      A8484515 
 3320      694C4563 
 3321 3618 16217DA8 		.ascii	"\026!}\250b,\310\247\335Q\001!\335B>\035\3453\230\374"
 3321      622CC8A7 
 3321      DD510121 
 3321      DD423E1D 
 3321      E53398FC 
 3322 362c 7CB89BAB 		.ascii	"|\270\233\253\206L\243\374\306j@\264X\221[R\010\231"
 3322      864CA3FC 
 3322      C66A40B4 
 3322      58915B52 
 3322      0899
 3323 363e 162A3251 		.ascii	"\026*2QE\026SQ[\265\025\256\"\233\250b*\337\343\326"
 3323      45165351 
 3323      5BB515AE 
 3323      229BA862 
 3323      2ADFE3D6 
 3324 3652 A080906D 		.ascii	"\240\200\220m!\237\215\3629L\336\307\357yK g(\357_\036"
 3324      219F8DF2 
 3324      394CDEC7 
 3324      EF794B20 
 3324      6728EF5F 
 3325 3667 B92D4695 		.ascii	"\271-F\225))\204\\\013\025\271\250\"\217\251\210l\234"
 3325      2929845C 
 3325      0B15B9A8 
 3325      228FA988 
 3325      6C9C
 3326 3679 AD1488DB 		.ascii	"\255\024\210\333G\361q\300\263\200\003'El\314\267\220"
 3326      47F171C0 
 3326      B3800327 
 3326      456CCCB7 
 3326      90
 3327 368a CF47F902 		.ascii	"\317G\371\002&\277;6\006\025\021\212\362\241\305\241"
 3327      26BF3B36 
 3327      0615118A 
 3327      F2A1C5A1 
 3328 369a 49628F18 		.ascii	"Ib\217\030\222B(\264PQ\210*\212\230\212\345\275\346"
 3328      924228B4 
 3328      5051882A 
 3328      8A988AE5 
 3328      BDE6
 3329 36ac 7E154945 		.ascii	"~\025IE\025\001\327\263MJ\010\305\026\362\305(_\302"
ARM GAS  /tmp/ccACgBoh.s 			page 271


 3329      1501D7B3 
 3329      4D4A08C5 
 3329      16F2C528 
 3329      5FC2
 3330 36be E43D3B5C 		.ascii	"\344=;\\7\034I\011\312{\266\305\004\211^\354\222B(\265"
 3330      371C4909 
 3330      CA7BB6C5 
 3330      04895EEC 
 3330      924228B5 
 3331 36d2 50518A2A 		.ascii	"PQ\212*\312\2609\015G\366\251H\013\252\310\230\212?"
 3331      CAB0390D 
 3331      47F6A948 
 3331      0BAAC898 
 3331      8A3F
 3332 36e4 B1574028 		.ascii	"\261W@(\267\220/G\371\012&\357\337=\226\353H\206Q\336"
 3332      B7902F47 
 3332      F90A26EF 
 3332      DF3D96EB 
 3332      488651DE 
 3333 36f8 AFF5B4C0 		.ascii	"\257\365\264\300\324)\233%\020*-TT\242\212*\246b.7\266"
 3333      D4299B25 
 3333      102A2D54 
 3333      54A28A2A 
 3333      A6622E37 
 3334 370d 5245963F 		.ascii	"RE\226?\312o\332\313\366pT@\250\266\220\257F\371\032"
 3334      CA6FDACB 
 3334      F6705440 
 3334      A8B690AF 
 3334      46F91A
 3335 3720 269FE877 		.ascii	"&\237\350w9a G(\237\275\325\377\001\261OJ\021\324Zh"
 3335      39612047 
 3335      289FBDD5 
 3335      FF01B14F 
 3335      4A11D45A 
 3336 3735 A8450D75 		.ascii	"\250E\015u\330\255\353;\372\325\344\0115\324\205\366"
 3336      D8ADEB3B 
 3336      FAD5E409 
 3336      35D485F6 
 3337 3745 ADA91508 		.ascii	"\255\251\025\010\352-\344\353Q\276\201\311\337\346\373"
 3337      EA2DE4EB 
 3337      51BE81C9 
 3337      DFE6FB
 3338 3754 25C018F7 		.ascii	"%\300\030\3671\376\030T\360\210\030V\216\244\020\032"
 3338      31FE1854 
 3338      F0881856 
 3338      8EA4101A 
 3339 3764 2D5434A2 		.ascii	"-T4\242\212&\246b)x\347\301\201$\242\012\343fZ\272F"
 3339      8A26A662 
 3339      2978E7C1 
 3339      8124A20A 
 3339      E3665ABA 
 3340 3779 01A1D942 		.ascii	"\001\241\331B\276\031\345[\230\374\324Y\303\274\236"
 3340      BE19E55B 
 3340      98FCD459 
 3340      C3BC9E
 3341 3788 14A07C7D 		.ascii	"\024\240|}\356h\210\350\304-)\204V\013\025\255\250\242"
 3341      EE6888E8 
ARM GAS  /tmp/ccACgBoh.s 			page 272


 3341      C42D2984 
 3341      560B15AD 
 3341      A8A2
 3342 379a 0DFD18D9 		.ascii	"\015\375\030\331\320CH\003\252\270<\253y\237\002A\273"
 3342      D0434803 
 3342      AAB83CAB 
 3342      799F0241 
 3342      BB
 3343 37ab 85783B8A 		.ascii	"\205x;\212w0qcy\317\276\023\351G\361\225\235\223 \261"
 3343      77307163 
 3343      79CFBE13 
 3343      E947F195 
 3343      9D9320B1 
 3344 37bf 4B2E4911 		.ascii	"K.I\021tZ\250\350D\025]L\305\331\360u\217"
 3344      745AA8E8 
 3344      44155D4C 
 3344      C5D9F075 
 3344      8F
 3345 37d0 9ACCA38A 		.ascii	"\232\314\243\212\300\347\241e\242\200\320m!\337\215"
 3345      C0E7A165 
 3345      A280D06D 
 3345      21DF8D
 3346 37df F23D3842 		.ascii	"\362=8B,\264\235\332\223=\224\337\317\233\233p&\317"
 3346      2CB49DDA 
 3346      933D94DF 
 3346      CF9B9B70 
 3346      26CF
 3347 37f1 78309615 		.ascii	"x0\226\025\265/\273O2Kv\237d\277\275\344\005 \343\313"
 3347      B52FBB4F 
 3347      324B769F 
 3347      64BFBDE4 
 3347      0520E3CB 
 3348 3805 9ECEC4E7 		.ascii	"\236\316\304\347\343Ln!l\345\314\336\226\2340\000`\244"
 3348      E34C6E21 
 3348      6CE5CCDE 
 3348      969C3000 
 3348      60A4
 3349 3817 A2BE79F9 		.ascii	"\242\276y\371\271\262}1\236d\333\365\015\331\343\304"
 3349      B9B27D31 
 3349      9E64DBF5 
 3349      0DD9E3C4 
 3350 3827 479D957D 		.ascii	"G\235\225}S\252\223\274\022\203^\313:\366\226\317|F"
 3350      53AA93BC 
 3350      12835ECB 
 3350      3AF696CF 
 3350      7C46
 3351 3839 ED5FB3A1 		.ascii	"\355_\263\241a\327\303\333il>3\010\326\373\354\255r"
 3351      61D7C3DB 
 3351      696C3E33 
 3351      08D6FBEC 
 3351      AD72
 3352 384b DBDEFC8A 		.ascii	"\333\336\374\212m\256F%\250#\207\355_\011#@c\366\322"
 3352      6DAE4625 
 3352      A82387ED 
 3352      5F092340 
 3352      63F6D2
 3353 385e 37623CBC 		.ascii	"7b<\274\215{ \002d\266\275\242\\\277\371qM\332R\352"
ARM GAS  /tmp/ccACgBoh.s 			page 273


 3353      8D7B2002 
 3353      64B6BDA2 
 3353      5CBFF971 
 3353      4DDA52EA 
 3354 3872 C68EF42F 		.ascii	"\306\216\364/\255\033z\266m\210.\342\014\316o\210\223"
 3354      AD1B7AB6 
 3354      6D882EE2 
 3354      0CCE6F88 
 3354      93
 3355 3883 0398631C 		.ascii	"\003\230c\034yv\301\034C%\214\203@/\257f\3634\231\236"
 3355      7976C11C 
 3355      43258C83 
 3355      402FAF66 
 3355      F334999E 
 3356 3897 F963760B 		.ascii	"\371cv\013\033\016 \251\007\203\016$\026k\311\307+\312"
 3356      1B0E20A9 
 3356      07830E24 
 3356      166BC9C7 
 3356      2BCA
 3357 38a9 CFC015CD 		.ascii	"\317\300\025\315}\316\325\330\242fJ&\025J&E%SL\211["
 3357      7DCED5D8 
 3357      A2664A26 
 3357      154A2645 
 3357      25534C89 
 3358 38be 5C4E9296 		.ascii	"\\N\222\226\344\243\222\366\3260\326d\251\222\275\317"
 3358      E4A392F6 
 3358      D630D664 
 3358      A992BDCF 
 3359 38ce 9A944C2B 		.ascii	"\232\224L+\224L\213Jf\230\222\351\207\211\021\2014\241"
 3359      944C8B4A 
 3359      669892E9 
 3359      87891181 
 3359      34A1
 3360 38e0 92BDBAA5 		.ascii	"\222\275\272\245=\025W\322\366\031\223\222Y\205\222"
 3360      3D1557D2 
 3360      F6199392 
 3360      598592
 3361 38ef 5951C91C 		.ascii	"YQ\311\034S2\222\333\030\347D\006QI\177R\260\267\223"
 3361      533292DB 
 3361      18E74406 
 3361      51497F52 
 3361      B0B793
 3362 3902 88C4AC64 		.ascii	"\210\304\254d^\241d^T\262\300\224\204EN\227\020\313"
 3362      5EA1645E 
 3362      54B2C094 
 3362      84454E97 
 3362      10CB
 3363 3914 150DABCF 		.ascii	"\025\015\253\317\346\323\300]\337\024\257\375\350\322"
 3363      E6D3C05D 
 3363      DF14AFFD 
 3363      E8D2
 3364 3922 C7938D31 		.ascii	"\307\223\2151\037\021\026\355\331\222\206[rx\213\232"
 3364      1F1116ED 
 3364      D992865B 
 3364      72788B9A 
 3365 3932 1C208AFD 		.ascii	"\034 \212\375\224\030w-_\305\230\312y\177\030\235\272"
 3365      9418772D 
ARM GAS  /tmp/ccACgBoh.s 			page 274


 3365      5FC598CA 
 3365      797F189D 
 3365      BA
 3366 3943 019FB0CC 		.ascii	"\001\237\260\314a\230\025\3233K\366t\005c\205\341\330"
 3366      619815D3 
 3366      334BF674 
 3366      056385E1 
 3366      D8
 3367 3954 4E39DF71 		.ascii	"N9\337q\"7\250\3065&\351\011b\353\307_\267\202\261n"
 3367      2237A8C6 
 3367      3526E909 
 3367      62EBC75F 
 3367      B782B16E 
 3368 3968 2F5D8C88 		.ascii	"/]\214\210\333\031\032\325\022\267W\230,\227\026\207"
 3368      DB191AD5 
 3368      12B75798 
 3368      2C971687 
 3369 3978 2AF7BEDD 		.ascii	"*\367\276\335\000\213r\241\221\321\233\014\331J\370"
 3369      008B72A1 
 3369      91D19B0C 
 3369      D94AF8
 3370 3987 A6ACC56E 		.ascii	"\246\254\305n\331\213+\030-\223\373\326n\023\263\023"
 3370      D98B2B18 
 3370      2D93FBD6 
 3370      6E13B313 
 3371 3997 B6ED9577 		.ascii	"\266\355\225wym,\247&hH\320+~Y3?F\260v\217\330\016\240"
 3371      796D2CA7 
 3371      266848D0 
 3371      2B7E5933 
 3371      3F46B076 
 3372 39af B126DD95 		.ascii	"\261&\335\225\334\374]\274\350e/>?\267\2608\273k\276"
 3372      DCFC5DBC 
 3372      E8652F3E 
 3372      3FB7B038 
 3372      BB6BBE
 3373 39c2 58B267CF 		.ascii	"X\262g\317N\346\337m%\351l.f\036\330\277\005\325f\317"
 3373      4EE6DF6D 
 3373      25E96C2E 
 3373      661ED8BF 
 3373      05D566CF 
 3374 39d6 D7CB0687 		.ascii	"\327\313\006\207s\306d\333\300\301\317\222r\036J\003"
 3374      73C664DB 
 3374      C0C1CF92 
 3374      721E4A03 
 3375 39e6 D96475B0 		.ascii	"\331du\260\216\304\"\370\371\223\224\007\255-9\341\010"
 3375      8EC422F8 
 3375      F9939407 
 3375      AD2D39E1 
 3375      08
 3376 39f7 4A201125 		.ascii	"J \021%Y\231}\313\222\225\231\353F\247\206M\334\314"
 3376      59997DCB 
 3376      929599EB 
 3376      46A7864D 
 3376      DCCC
 3377 3a09 151C29AC 		.ascii	"\025\034)\254\001\367\251\365\360d}\277^zq\351\224\207"
 3377      01F7A9F5 
 3377      F0647DBF 
ARM GAS  /tmp/ccACgBoh.s 			page 275


 3377      5E7A71E9 
 3377      9487
 3378 3a1b 81130801 		.ascii	"\201\023\010\001g\322X3\"@\2349\346q\314\212Zq]\306"
 3378      67D25833 
 3378      22409C39 
 3378      E671CC8A 
 3378      5A715DC6 
 3379 3a2f D73F295E 		.ascii	"\327?)^\367\362G2@\343DJ\343\233t\0201\322=\352\336"
 3379      F7F24732 
 3379      40E3444A 
 3379      E39B7410 
 3379      31D23DEA 
 3380 3a44 0C33A67C 		.ascii	"\0143\246|C8\007\306U{\313\025\225U\034H.X\013\216\337"
 3380      433807C6 
 3380      557BCB15 
 3380      95551C48 
 3380      2E580B8E 
 3381 3a59 6D9E2724 		.ascii	"m\236'$\025]\327\321\022\221i ex\340\266\036\270+\013"
 3381      155DD7D1 
 3381      12916920 
 3381      6578E0B6 
 3381      1EB82B0B 
 3382 3a6d F14DB210 		.ascii	"\361M\262\020\177-\266\263\214\315\013\017\007\322\214"
 3382      7F2DB6B3 
 3382      8CCD0B0F 
 3382      07D28C
 3383 3a7c 42753E75 		.ascii	"Bu>u\353\312\313>7\200\341V\326\210]\207gW\224\273Z"
 3383      EBCACB3E 
 3383      3780E156 
 3383      D6885D87 
 3383      675794BB 
 3384 3a91 2AF9AA6E 		.ascii	"*\371\252nJ\016d\243\331\235\314m\367\034\204v\337\353"
 3384      4A0E64A3 
 3384      D99DCC6D 
 3384      F71C8476 
 3384      DFEB
 3385 3aa3 614ACBF7 		.ascii	"aJ\313\367>2\2174\207X\223\364\222\307\025\2506:\274"
 3385      3E328F34 
 3385      875893F4 
 3385      92C715A8 
 3385      363ABC
 3386 3ab6 76A3DDFD 		.ascii	"v\243\335\375\267q\345\014\224\262\355\233\345\354\026"
 3386      B771E50C 
 3386      94B2ED9B 
 3386      E5EC16
 3387 3ac5 E3D2D23E 		.ascii	"\343\322\322>\177\355\3555\0377\254pK\366*k\021b\276"
 3387      7FEDED35 
 3387      1F37AC70 
 3387      4BF62A6B 
 3387      1162BE
 3388 3ad8 C32E08D1 		.ascii	"\303.\010\321]\340(\253\330\027\315\233$Y\337\370\250"
 3388      5DE028AB 
 3388      D817CD9B 
 3388      2459DFF8 
 3388      A8
 3389 3ae9 91F3D32A 		.ascii	"\221\363\323*|\204\372~\002z\000rux%<\233\032\027\324"
 3389      7C84FA7E 
ARM GAS  /tmp/ccACgBoh.s 			page 276


 3389      027A0072 
 3389      7578253C 
 3389      9B1A17D4 
 3390 3afd B93D20A7 		.ascii	"\271= \247\233\341\016s\001\363\3169\362}\203|\215\017"
 3390      9BE10E73 
 3390      01F3CE39 
 3390      F27D837C 
 3390      8D0F
 3391 3b0f F62FADDB 		.ascii	"\366/\255\333j\376\301\266h;k\\\012\323\232\307\262"
 3391      6AFEC1B6 
 3391      683B6B5C 
 3391      0AD39AC7 
 3391      B2
 3392 3b20 58CF2136 		.ascii	"X\317!6\226\271\201\340%ok\346\0277\\b[sw\240m-\277"
 3392      96B981E0 
 3392      256F6BE6 
 3392      17375C62 
 3392      5B7377A0 
 3393 3b37 AB79D599 		.ascii	"\253y\325\231\214aK)|\336\216\347\333\200\030\351\236"
 3393      8C614B29 
 3393      7CDE8EE7 
 3393      DB8018E9 
 3393      9E
 3394 3b48 38290573 		.ascii	"8)\005s}\342v\032t\303\010q\023\376\027|\023\376\276"
 3394      7DE2761A 
 3394      74C30871 
 3394      13FE177C 
 3394      13FEBE
 3395 3b5b D8DB7967 		.ascii	"\330\333yg2\205\302\342\253\012^\360W\025\024\\\025"
 3395      3285C2E2 
 3395      AB0A5EF0 
 3395      5715145C 
 3395      15
 3396 3b6c EE0964E1 		.ascii	"\356\011d\341\325\353B\257\277\203\264a\365,\226F\020"
 3396      D5EB42AF 
 3396      BF83B461 
 3396      F52C9646 
 3396      10
 3397 3b7d B286126B 		.ascii	"\262\206\022k\015\311\265\312\320\033\340@,\204\012"
 3397      0DC9B5CA 
 3397      D01BE040 
 3397      2C840A
 3398 3b8c 672FE5F7 		.ascii	"g/\345\367\015\005\312*=\310\201w\011\361\305\253/\370"
 3398      0D05CA2A 
 3398      3DC88177 
 3398      09F1C5AB 
 3398      2FF8
 3399 3b9e 8B57C5B2 		.ascii	"\213W\305\262\276\311\313\332\352\337\022eONx\334\237"
 3399      BEC9CBDA 
 3399      EADF1265 
 3399      4F4E78DC 
 3399      9F
 3400 3baf B99CB3BD 		.ascii	"\271\234\263\275\331J\230\003\356\003\222\210\333\335"
 3400      D94A9803 
 3400      EE039288 
 3400      DBDD
 3401 3bbd DE24D7B7 		.ascii	"\336$\327\267\313v\217\247\231b\210\303;|\033\212p\207"
ARM GAS  /tmp/ccACgBoh.s 			page 277


 3401      CB768FA7 
 3401      996288C3 
 3401      3B7C1B8A 
 3401      7087
 3402 3bcf 1728C260 		.ascii	"\027(\302`,\205^_\352\3119\232\031\017\235KR\223+<\360"
 3402      2C855E5F 
 3402      EAC9399A 
 3402      190F9D4B 
 3402      52932B3C 
 3403 3be4 DB747737 		.ascii	"\333tw7\220G<\010\317ZnP\023\257O\340\014\265s\271R"
 3403      90473C08 
 3403      CF5A6E50 
 3403      13AF4FE0 
 3403      0CB573B9 
 3404 3bf9 79077A34 		.ascii	"y\007z4\270\"F\346\212J\357\324\000\027\022\214B)\011"
 3404      B82246E6 
 3404      8A4AEFD4 
 3404      0017128C 
 3404      422909
 3405 3c0c 318DCAFB 		.ascii	"1\215\312\373\256b\025Beck\2112\377\305\311\374\027"
 3405      AE621542 
 3405      65636B89 
 3405      32FFC5C9 
 3405      FC17
 3406 3c1e 2FFAAFFF 		.ascii	"/\372\257\377\252\314\007o\242\200S|<i\250*\255\266"
 3406      AACC076F 
 3406      A280537C 
 3406      3C69A82A 
 3406      ADB6
 3407 3c30 7D9D3DD1 		.ascii	"}\235=\321\001\206\216\004\007>t\204U4^\313n\217\207"
 3407      01868E04 
 3407      073E7484 
 3407      55345ECB 
 3407      6E8F87
 3408 3c43 9FA57745 		.ascii	"\237\245wE8\230\207\216\225\335\247\001\015\211\303"
 3408      3898878E 
 3408      95DDA701 
 3408      0D89C3
 3409 3c52 72849784 		.ascii	"r\204\227\204=\272\330\222\023\222\241<R\321\346\225"
 3409      3DBAD892 
 3409      1392A13C 
 3409      52D1E695 
 3410 3c62 EB143DC9 		.ascii	"\353\024=\311@\321\247\312\270\034\331h\305\246R\346"
 3410      40D1A7CA 
 3410      B81CD968 
 3410      C5A652E6 
 3411 3c72 BDD0C4A2 		.ascii	"\275\320\304\242\371\372]\2249\222\002\024\032\365{"
 3411      F9FA5D94 
 3411      39920214 
 3411      1AF57B
 3412 3c81 84897605 		.ascii	"\204\211v\005\036\354-\225fkH\035\036\334n\006\033\235"
 3412      1EEC2D95 
 3412      666B481D 
 3412      1EDC6E06 
 3412      1B9D
 3413 3c93 483B1EC4 		.ascii	"H;\036\304\026\015\355\261]j\334\177\310\207\203\333"
 3413      160DEDB1 
ARM GAS  /tmp/ccACgBoh.s 			page 278


 3413      5D6ADC7F 
 3413      C88783DB 
 3414 3ca3 0E433208 		.ascii	"\016C2\010\031D\351\216\365\361\036\015\231\306\203"
 3414      1944E98E 
 3414      F5F11E0D 
 3414      99C683
 3415 3cb2 BBF0DA4A 		.ascii	"\273\360\332JG\262\203\007\303\375k\377\203\034\341"
 3415      47B28307 
 3415      C3FD6BFF 
 3415      831CE1
 3416 3cc1 F7B58BC2 		.ascii	"\367\265\213\302l\345\005\347|(r\201\254\012\317\206"
 3416      6CE505E7 
 3416      7C287281 
 3416      AC0ACF86 
 3417 3cd1 A3FF9C5C 		.ascii	"\243\377\234\\sw\365\371\356+\267\370/T\310\214\305"
 3417      7377F5F9 
 3417      EE2BB7F8 
 3417      2F54C88C 
 3417      C5
 3418 3ce2 F4BC2575 		.ascii	"\364\274%uM\221\254\326\213\271k\210\373\375\326\357"
 3418      4D91ACD6 
 3418      8BB96B88 
 3418      FBFDD6EF 
 3419 3cf2 D9DEAB9F 		.ascii	"\331\336\253\237B)\341\301\251\014\002R\251\203dd\235"
 3419      4229E1C1 
 3419      A90C0252 
 3419      A9836464 
 3419      9D
 3420 3d03 F621C1E2 		.ascii	"\366!\301\342\233\366@\037{\323^\311k\003\362\331\333"
 3420      9BF6401F 
 3420      7BD35EC9 
 3420      6B03F2D9 
 3420      DB
 3421 3d14 18BE2937 		.ascii	"\030\276)7\015\337V\270y\326\037\031\036\263i\353=\345"
 3421      0DDF56B8 
 3421      79D61F19 
 3421      1EB369EB 
 3421      3DE5
 3422 3d26 85D64145 		.ascii	"\205\326AE\023Up\\\332\246\026Jc].\027\344*\270\\\245"
 3422      1355705C 
 3422      DAA6164A 
 3422      635D2E17 
 3422      E42AB85C 
 3423 3d3b 83248A3F 		.ascii	"\203$\212?\007\221\374L\376\372\273r`\310\343\214V\266"
 3423      0791FC4C 
 3423      FEFABB72 
 3423      60C8E38C 
 3423      56B6
 3424 3d4d A7A17126 		.ascii	"\247\241q&\262\341\320\236\270}\022W:\223n\017\035m"
 3424      B2E1D09E 
 3424      B87D1257 
 3424      3A936E0F 
 3424      1D6D
 3425 3d5f E0AC52DA 		.ascii	"\340\254R\332\243\203k\357\345\251\206\2041q\207\244"
 3425      A3836BEF 
 3425      E5A98684 
 3425      317187A4 
ARM GAS  /tmp/ccACgBoh.s 			page 279


 3426 3d6f B6961281 		.ascii	"\266\226\022\201\357\210o\271)\276i\204\240q\240\226"
 3426      EF886FB9 
 3426      29BE6984 
 3426      A071A096 
 3427 3d7f EB6980F2 		.ascii	"\353i\200\362\266\002\325\001\325\0035\0015\003\265"
 3427      B602D501 
 3427      D5033501 
 3427      3503B5
 3428 3d8e 00354A2B 		.ascii	"\0005J+g\270\377e\353\366\010\316\262\240\037\010\231"
 3428      67B8FF65 
 3428      EBF608CE 
 3428      B2A01F08 
 3428      99
 3429 3d9f 5CC9EB76 		.ascii	"\\\311\353v\310\377\000\326\016e\317P\260[n\271\263"
 3429      C8FF00D6 
 3429      0E65CF50 
 3429      B05B6EB9 
 3429      B3
 3430 3db0 15FB229C 		.ascii	"\025\373\"\234m\275Y\015l9\234\335\372\206>t\231 \216"
 3430      6DBD590D 
 3430      6C399CDD 
 3430      FA863E74 
 3430      99208E
 3431 3dc3 BF03F12F 		.ascii	"\277\003\361/\014B\215B\267l\323B\340\356\373\240\031"
 3431      0C428D42 
 3431      B76CD342 
 3431      E0EEFBA0 
 3431      19
 3432 3dd4 49BA0D24 		.ascii	"I\272\015$\022\340c\022\366T\005\273l\023A|\261 BI\001"
 3432      12E06312 
 3432      F65405BB 
 3432      6C13417C 
 3432      B1204249 
 3433 3de9 F6281BEC 		.ascii	"\366(\033\354\\\273\207;L\221\270[\262\035\364B\226"
 3433      5CBB873B 
 3433      4C91B85B 
 3433      B21DF442 
 3433      96
 3434 3dfa 0D2FF2A6 		.ascii	"\015/\362\246\2215\234>\254%\375\3304\246\0176\303\234"
 3434      91359C3E 
 3434      AC25FDD8 
 3434      34A60F36 
 3434      C39C
 3435 3e0c 6C0CFA6D 		.ascii	"l\014\372m?Z\225\322\331\301\\H\214\201\314\241\352"
 3435      3F5A95D2 
 3435      D9C15C48 
 3435      8C81CCA1 
 3435      EA
 3436 3e1d E88DAE6E 		.ascii	"\350\215\256n5Y\305\203\315\212\335m\007\033v:\177d"
 3436      3559C583 
 3436      CD8ADD6D 
 3436      071B763A 
 3436      7F64
 3437 3e2f 3BB62730 		.ascii	";\266'0\335\016\312)H\312\355\341\226\232\034#\220\342"
 3437      DD0ECA29 
 3437      48CAEDE1 
 3437      969A1C23 
ARM GAS  /tmp/ccACgBoh.s 			page 280


 3437      90E2
 3438 3e41 A15037AB 		.ascii	"\241P7\253\273\354\367\000\012k\3221\256\217\311\316"
 3438      BBECF700 
 3438      0A6BD231 
 3438      AE8FC9CE 
 3439 3e51 E416A5D3 		.ascii	"\344\026\245\323s\317N\034\3113\036\314>W\247*\307\266"
 3439      73CF4E1C 
 3439      C9331ECC 
 3439      3E57A72A 
 3439      C7B6
 3440 3e63 7ED03320 		.ascii	"~\3203 \013rI\211i\035\366\212\214V\3117}\340\361{\322"
 3440      0B724989 
 3440      691DF68A 
 3440      8C56C937 
 3440      7DE0F17B 
 3441 3e78 603828AB 		.ascii	"`8(\253\303!q\234\250Xh\017\321\220\340O1\014\336c\315"
 3441      C321719C 
 3441      A858680F 
 3441      D190E04F 
 3441      310CDE63 
 3442 3e8d 6F9254F6 		.ascii	"o\222T\366\335\361\"\357\250Bm\336\372\327\364\012\205"
 3442      DDF122EF 
 3442      A8426DDE 
 3442      FAD7F40A 
 3442      85
 3443 3e9e C397ADCF 		.ascii	"\303\227\255\31710\203v\325\322,@\210\000\303\363\240"
 3443      31308376 
 3443      D5D22C40 
 3443      8800C3F3 
 3443      A0
 3444 3eaf DA9C1B5C 		.ascii	"\332\234\033\\X\356\335I3\306v`\211\344\254\346\254"
 3444      58EEDD49 
 3444      33C67660 
 3444      89E4ACE6 
 3444      AC
 3445 3ec0 ED512DEF 		.ascii	"\355Q-\357`\366\220\274R\245\241\012\245\301\016V\224"
 3445      60F690BC 
 3445      52A5A10A 
 3445      A5C10E56 
 3445      94
 3446 3ed1 76014B87 		.ascii	"v\001K\207B\251\242\223\263\234\270\327\001\267\022"
 3446      42A9A293 
 3446      B39CB8D7 
 3446      01B712
 3447 3ee0 9E97E4C4 		.ascii	"\236\227\344\304\226\2319c\244\343\351\210\203\234\321"
 3447      96993963 
 3447      A4E3E988 
 3447      839CD1
 3448 3eef DBC14225 		.ascii	"\333\301B%\233a\321\033t|8\247\331\263\310k.\023c\245"
 3448      9B61D11B 
 3448      747C38A7 
 3448      D9B3C86B 
 3448      2E1363A5 
 3449 3f03 2F9BE853 		.ascii	"/\233\350S\260Z\216\025G\311\374\375\237P;lf`\205\335"
 3449      B05A8E15 
 3449      47C9FCFD 
 3449      9F503B6C 
ARM GAS  /tmp/ccACgBoh.s 			page 281


 3449      666085DD 
 3450 3f17 8CF62A99 		.ascii	"\214\366*\231\317\014 \035\024\374\024\312}\315\230"
 3450      CF0C201D 
 3450      14FC14CA 
 3450      7DCD98
 3451 3f26 651DC50B 		.ascii	"e\035\305\013|\352\011\277\011\303\\\204v\224Y\350\020"
 3451      7CEA09BF 
 3451      09C35C84 
 3451      769459E8 
 3451      10
 3452 3f37 33409340 		.ascii	"3@\223@\023@c@\243@\343@s@\323@S\246\016\323\237\260"
 3452      13406340 
 3452      A340E340 
 3452      7340D340 
 3452      53A60ED3 
 3453 3f4d 7F6B4FE6 		.ascii	"\177kO\346\260\315D\026\244\037\253_Z7\261\360\277m"
 3453      B0CD4416 
 3453      A41FAB5F 
 3453      5A37B1F0 
 3453      BF6D
 3454 3f5f C22B7472 		.ascii	"\302+tr\330\300g\231\317\017/S\267\367\351D\323NX\004"
 3454      D8C06799 
 3454      CF0F2F53 
 3454      B7F7E944 
 3454      D34E5804 
 3455 3f73 6D300B64 		.ascii	"m0\013d\032E3v\364\014\355\004K,\373_3\006\265\030H"
 3455      1A453376 
 3455      F40CED04 
 3455      4B2CFB5F 
 3455      3306B518 
 3456 3f88 E1A77109 		.ascii	"\341\247q\011\212o\266\370\202o\2668\355\236\033\301"
 3456      8A6FB6F8 
 3456      826FB638 
 3456      ED9E1BC1 
 3457 3f98 F7E36CA1 		.ascii	"\367\343l\241o\202\0247"
 3457      6F821437 
 3458 3fa0 7E7CC137 		.ascii	"~|\3017~\344/\207z\201/\207\212\332\032<s \245\250j"
 3458      7EE42F87 
 3458      7A812F87 
 3458      8ADA1A3C 
 3458      7320A5A8 
 3459 3fb5 A13CB0DD 		.ascii	"\241<\260\335\2364\340\301C\346\360\214=\351\300\203"
 3459      9E34E0C1 
 3459      43E6F08C 
 3459      3DE9C083 
 3460 3fc5 8DF3820B 		.ascii	"\215\363\202\013\345\375\352[\000s[\326%\013\372\212"
 3460      E5FDEA5B 
 3460      00735BD6 
 3460      250BFA8A 
 3461 3fd5 E4AF4ED8 		.ascii	"\344\257N\330\226\325\330\216\330'\3357\022a\3762\210"
 3461      96D5D88E 
 3461      D827DD37 
 3461      1261FE32 
 3461      88
 3462 3fe6 CAD79E9F 		.ascii	"\312\327\236\237\376\232L\341\367\323\303\322A\027\262"
 3462      FE9A4CE1 
 3462      F7D3C3D2 
ARM GAS  /tmp/ccACgBoh.s 			page 282


 3462      4117B2
 3463 3ff5 84071D19 		.ascii	"\204\007\035\0317{\312)\360>X"
 3463      377BCA29 
 3463      F03E58
 3464 4000 3D90596D 		.ascii	"=\220Ym\334[\015\324\221-\024\312-\271\010\327)\204"
 3464      DC5B0DD4 
 3464      912D14CA 
 3464      2DB908D7 
 3464      2984
 3465 4012 0E1542F9 		.ascii	"\016\025B\371Y\365\233\262\314\366H\006\365\230CU\205"
 3465      59F59BB2 
 3465      CCF64806 
 3465      F5984355 
 3465      85
 3466 4023 2DFBE56A 		.ascii	"-\373\345j\304\364C\361d\016\005s\302\353\377\324\""
 3466      C4F443F1 
 3466      640E0573 
 3466      C2EBFFD4 
 3466      22
 3467 4034 8FBABDC0 		.ascii	"\217\272\275\300I\3631O\214Nl&F\371\027\241+N6\236\375"
 3467      49F3314F 
 3467      8C4E6C26 
 3467      46F917A1 
 3467      2B4E369E 
 3468 4049 39545AA0 		.ascii	"9TZ\240\3534{\313\017\204\234`\221W\027\272K\234\311"
 3468      EB347BCB 
 3468      0F849C60 
 3468      915717BA 
 3468      4B9CC9
 3469 405c 191ED45F 		.ascii	"\031\036\324_\307\327\273\220[<\030\\\177>\323\023\343"
 3469      C7D7BB90 
 3469      5B3C185C 
 3469      7F3ED313 
 3469      E3
 3470 406d 4FE025AF 		.ascii	"O\340%\257\310\303,g\342\215\007\035\233\343!\312w\002"
 3470      C8C32C67 
 3470      E28D071D 
 3470      9BE321CA 
 3470      7702
 3471 407f 5D83B11B 		.ascii	"]\203\261\033\231\233\272S\306be\267\020\337\310Jq+"
 3471      999BBA53 
 3471      C66265B7 
 3471      10DFC84A 
 3471      712B
 3472 4091 D668D770 		.ascii	"\326h\327p\312\271=\211@\345\265\241a\220M\305\341\301"
 3472      CAB93D89 
 3472      40E5B5A1 
 3472      61904DC5 
 3472      E1C1
 3473 40a3 C67045AB 		.ascii	"\306pE\253l\025I\372V!\341\036,\232^,t\024\2202$K\375"
 3473      6C1549FA 
 3473      5621E11E 
 3473      2C9A5E2C 
 3473      74149032 
 3474 40ba 1F1CA437 		.ascii	"\037\034\2447\001=\212\306\226b\374\353\035I!\352o\012"
 3474      013D8AC6 
 3474      9662FCEB 
ARM GAS  /tmp/ccACgBoh.s 			page 283


 3474      1D4921EA 
 3474      6F0A
 3475 40cc 3E83E4A3 		.ascii	">\203\344\243\002\017.[\023F\350\256\224Z|\373,}a\350"
 3475      020F2E5B 
 3475      1346E8AE 
 3475      945A7CFB 
 3475      2C7D61E8 
 3476 40e0 5474F74F 		.ascii	"Tt\367O\341\031Z\320\177\241]$`|^K\032Q\342.\366\241"
 3476      E1195AD0 
 3476      7FA15D24 
 3476      607C5E4B 
 3476      1A51E22E 
 3477 40f6 54BA21AC 		.ascii	"T\272!\254\304\365nz&F=\357\252\177G0\352\331\000\347"
 3477      C4F56E7A 
 3477      26463DEF 
 3477      AA7F4730 
 3477      EAD900E7 
 3478 410a 7DB356E2 		.ascii	"}\263V\342B\332\231\264\375~rq\032\021\307\2207M\231"
 3478      42DA99B4 
 3478      FD7E7271 
 3478      1A11C790 
 3478      374D99
 3479 411d 675C6E18 		.ascii	"g\\n\030\246\320\356z\000\002E\014\320\277i{[\343\271"
 3479      A6D0EE7A 
 3479      0002450C 
 3479      D0BF697B 
 3479      5BE3B9
 3480 4130 6F6098A3 		.ascii	"o`\230\243\314\036\372\3271\323+\205}\346\027.?\275"
 3480      CC1EFAD7 
 3480      31D32B85 
 3480      7DE6172E 
 3480      3FBD
 3481 4142 5633BDA0 		.ascii	"V3\275\2406$\306[\242\027.~\020\367\325\000W\015\265"
 3481      3624C65B 
 3481      A2172E7E 
 3481      10F7D500 
 3481      570DB5
 3482 4155 2A5CFD20 		.ascii	"*\\\375 \356\266_E\324P+\302\335\017b\276\3735d\206"
 3482      EEB65F45 
 3482      D4502BC2 
 3482      DD0F62BE 
 3482      FB356486 
 3483 4169 08205CDA 		.ascii	"\010 \\\332f\016\263\326\005\354\0307\213\207\372W\202"
 3483      660EB3D6 
 3483      05EC1837 
 3483      8B87FA57 
 3483      82
 3484 417a 27903790 		.ascii	"'\2207\220\037\220/\220?\220\217^\354\027\376\001O\305"
 3484      1F902F90 
 3484      3F908F5E 
 3484      EC17FE01 
 3484      4FC5
 3485 418c 84F461D5 		.ascii	"\204\364a\325\316\236\247.\030\254=V\024\250\267\366"
 3485      CE9EA72E 
 3485      18AC3D56 
 3485      14A8B7F6 
 3486 419c 5851467B 		.ascii	"XQF{\361\250\216\214\241loUa\234\2035\331`\253\262w"
ARM GAS  /tmp/ccACgBoh.s 			page 284


 3486      F1A88E8C 
 3486      A16C6F55 
 3486      619C8335 
 3486      D960ABB2 
 3487 41b1 11315F21 		.ascii	"\0211_!\363(:\2675\225'[i\243/\322\221\254C\350y+\316"
 3487      F3283AB7 
 3487      3595275B 
 3487      69A32FD2 
 3487      91AC43E8 
 3488 41c8 BFF6A874 		.ascii	"\277\366\250t!k(\224\236v\343\246&;xPP\025\220\241\334"
 3488      216B2894 
 3488      9E76E3A6 
 3488      263B7850 
 3488      501590A1 
 3489 41dd E426022C 		.ascii	"\344&\002,G\352\245\235\363`\375\362\314\236\\\243P"
 3489      47EAA59D 
 3489      F360FDF2 
 3489      CC9E5CA3 
 3489      50
 3490 41ee 4A7BFD90 		.ascii	"J{\375\2202ZF)\204\372\274\253Oe\317\024E\353\245=:"
 3490      325A4629 
 3490      84FABCAB 
 3490      4F65CF14 
 3490      45EBA53D 
 3491 4203 46847713 		.ascii	"F\204w\023\323\233\341D<?\203\227X\013F\246\265\304"
 3491      D39BE144 
 3491      3C3F8397 
 3491      580B46A6 
 3491      B5C4
 3492 4215 170FF29F 		.ascii	"\027\017\362\237\317\203\015$\000\017|\217\367?\250"
 3492      CF830D24 
 3492      000F7C8F 
 3492      F73FA8
 3493 4224 B01A0F56 		.ascii	"\260\032\017V\023dVs\366:\334d\233l'\310\254&\212V\227"
 3493      13645673 
 3493      F63ADC64 
 3493      9B6C27C8 
 3493      AC268A56 
 3494 4239 1AD2AE9D 		.ascii	"\032\322\256\235H\014\323\255j\030\331=R\331\214\275"
 3494      480CD3AD 
 3494      6A18D93D 
 3494      52D98CBD 
 3495 4249 49602419 		.ascii	"I`$\031\215\010)zI\354=\036x\337jV@]\205\321\350\240"
 3495      8D08297A 
 3495      49EC3D1E 
 3495      78DF6A56 
 3495      405D85D1 
 3496 425f A59A8538 		.ascii	"\245\232\2058\316i=\372\266\237\367O\353\310\002\026"
 3496      CE693DFA 
 3496      B69FF74F 
 3496      EBC80216 
 3497 426f C77FEA68 		.ascii	"\307\177\352h\302@V\360\240\343\2414\323\236l\343A|"
 3497      C24056F0 
 3497      A0E3A134 
 3497      D39E6CE3 
 3497      417C
 3498 4281 E3815139 		.ascii	"\343\201Q9\260\244\203\352\014YI\275\262\262}\035\310"
ARM GAS  /tmp/ccACgBoh.s 			page 285


 3498      B0A483EA 
 3498      0C5949BD 
 3498      B2B27D1D 
 3498      C8
 3499 4292 2D0A6DE5 		.ascii	"-\012m\345u\035(s\336L\205\320\346\310c\277\374Z\243"
 3499      751D2873 
 3499      DE4C85D0 
 3499      E6C863BF 
 3499      FC5AA3
 3500 42a5 0C6EB6A9 		.ascii	"\014n\266\251\315\270m\037\022\022\370Y\252\\]\2253"
 3500      CDB86D1F 
 3500      1212F859 
 3500      AA5C5D95 
 3500      33
 3501 42b6 7FE56CB1 		.ascii	"\177\345l\261\203\253\364J\032\305\226\313\035T\000"
 3501      83ABF44A 
 3501      1AC596CB 
 3501      1D5400
 3502 42c5 DD240F28 		.ascii	"\335$\017(_\352\250q\037R\334\216;\332\203\0056\327"
 3502      5FEAA871 
 3502      1F52DC8E 
 3502      3BDA8305 
 3502      36D7
 3503 42d7 CF55BA49 		.ascii	"\317U\272I\222\277u\305\363i\026}l\"Go\311n\231n^\211"
 3503      92BF75C5 
 3503      F369167D 
 3503      6C22476F 
 3503      C96E996E 
 3504 42ed 1344AA9D 		.ascii	"\023D\252\235\016\201V\264\363Jx|.\270r\262qE0\323v"
 3504      0E8156B4 
 3504      F34A787C 
 3504      2EB872B2 
 3504      714530D3 
 3505 4302 3940327B 		.ascii	"9@2{\322uCE\302\320%K\371c\207\016\202,\026\017d\362"
 3505      D2754345 
 3505      C2D0254B 
 3505      F963870E 
 3505      822C160F 
 3506 4318 587C0623 		.ascii	"X|\006#W\021\250*{],n\373<\3569+.\031Pf\233;\332\256"
 3506      5711A82A 
 3506      7B5D2C6E 
 3506      FB3CEE39 
 3506      2B2E1950 
 3507 4331 71E64200 		.ascii	"q\346B\000\227\3065\233\257\264\311\243\232\362mBe<"
 3507      97C6359B 
 3507      AFB4C9A3 
 3507      9AF26D42 
 3507      653C
 3508 4343 AA154371 		.ascii	"\252\025CqJ\200JME\232\030Y\312$$\232\025\311\260\265"
 3508      4A804A4D 
 3508      459A1859 
 3508      CA24249A 
 3508      15C9B0B5 
 3509 4357 E2F659D3 		.ascii	"\342\366Y\323,\305\374\366\234\276obD\245\261\361\034"
 3509      2CC5FCF6 
 3509      9CBE6F62 
 3509      44A5B1F1 
ARM GAS  /tmp/ccACgBoh.s 			page 286


 3509      1C
 3510 4368 8036E86D 		.ascii	"\2006\350mNx\331*\315\317\304\260\031M\010\2141t\226"
 3510      4E78D92A 
 3510      CDCFC4B0 
 3510      194D088C 
 3510      317496
 3511 437b 40D9C5E4 		.ascii	"@\331\305\344\337rG\3763\256\232:lO\241\332r^\277\367"
 3511      DF7247FE 
 3511      33AE9A3A 
 3511      6C4FA1DA 
 3511      725EBFF7 
 3512 438f 6DE4A64D 		.ascii	"m\344\246M\242\\o\311\275n9\2559*\344\273\372\322\342"
 3512      A25C6FC9 
 3512      BD6E39AD 
 3512      392AE4BB 
 3512      FAD2E2
 3513 43a2 A7727E2B 		.ascii	"\247r~+N\343\363z\361&\\\010KB\270B{\210\3052@\337\317"
 3513      4EE3F37A 
 3513      F1265C08 
 3513      4B42B842 
 3513      7B88C532 
 3514 43b9 201688B1 		.ascii	" \026\210\261B\250\015n\211S\246f%\303\343\256\215\222"
 3514      42A80D6E 
 3514      8953A666 
 3514      25C3E3AE 
 3514      8D92
 3515 43cb 2A2718E2 		.ascii	"*'\030\342^\324\354\275\213\015\274a\326@\0156\001\325"
 3515      5ED4ECBD 
 3515      8B0DBC61 
 3515      D6400D36 
 3515      01D5
 3516 43dd 02D50155 		.ascii	"\002\325\001U\0025\002U\000U\001\325\0035\003UK;\340"
 3516      02350255 
 3516      005501D5 
 3516      03350355 
 3516      4B3BE0
 3517 43f0 D8CF62AD 		.ascii	"\330\317b\255\004\351\361z\206\262V\314o\231\351\373"
 3517      04E9F17A 
 3517      86B256CC 
 3517      6F99E9FB 
 3518 4400 02968D06 		.ascii	"\002\226\215\006\262XE\331\024s\302\2419\3569:\344n"
 3518      B25845D9 
 3518      1473C2A1 
 3518      39EE393A 
 3518      E46E
 3519 4412 2ACAB66E 		.ascii	"*\312\266n\232\304\321\325\257,\317\025\213\031\216"
 3519      9AC4D1D5 
 3519      AF2CCF15 
 3519      8B198E
 3520 4421 A98C63FF 		.ascii	"\251\214c\377\373e\244\223\357\271\272u\015Ia-Y\230"
 3520      FB65A493 
 3520      EFB9BA75 
 3520      0D49612D 
 3520      5998
 3521 4433 891A4F50 		.ascii	"\211\032OP\006\303V(K\233,\030\272u\244}\232T\241\314"
 3521      06C35628 
 3521      4B9B2C18 
ARM GAS  /tmp/ccACgBoh.s 			page 287


 3521      BA75A47D 
 3521      9A54A1CC 
 3522 4447 5240FFB3 		.ascii	"R@\377\263\362n\364v\205LC\235\373\266\354\246\213\016"
 3522      F26EF476 
 3522      854C439D 
 3522      FBB6ECA6 
 3522      8B0E
 3523 4459 59713BC5 		.ascii	"Yq;\305\000z\356\357\231\350@\372Q\271\261j#WEF\360"
 3523      007AEEEF 
 3523      99E840FA 
 3523      51B9B16A 
 3523      23574546 
 3524 446e E039ABC4 		.ascii	"\3409\253\304\327\236\314\340\301lx\357\250#Y\304\203"
 3524      D79ECCE0 
 3524      C16C78EF 
 3524      A82359C4 
 3524      83
 3525 447f 86FDC823 		.ascii	"\206\375\310#\215\365g*{\365V\236\251T\265\015VT\353"
 3525      8DF5672A 
 3525      7BF5569E 
 3525      A954B50D 
 3525      5654EB
 3526 4492 4DEF6319 		.ascii	"M\357c\031~|\237\353V\017VF\037Tt\017\310\014X\017\204"
 3526      7E7C9FEB 
 3526      560F5646 
 3526      1F54740F 
 3526      C80C580F 
 3527 44a7 D607BA6E 		.ascii	"\326\007\272n.@\255\364\233\\[?\031<\354H\242>\2077"
 3527      2E40ADF4 
 3527      9B5C5B3F 
 3527      193CEC48 
 3527      A23E8737 
 3528 44bb 10855494 		.ascii	"\020\205T\2248\330\230A\014Z\025\017Z\236\370(ID\351"
 3528      38D89841 
 3528      0C5A150F 
 3528      5A9EF828 
 3528      4944E9
 3529 44ce 981BB745 		.ascii	"\230\033\267EB2\361 \240\2505\303\305ziG\364\326\326"
 3529      4232F120 
 3529      A0A835C3 
 3529      C57A6947 
 3529      F4D6D6
 3530 44e1 C86F6376 		.ascii	"\310ocv}\235H1Jg\266^\265\350I\025\036<\224\025>h\311"
 3530      7D9D4831 
 3530      4A67B65E 
 3530      B5E84915 
 3530      1E3C9415 
 3531 44f8 203B20D1 		.ascii	" ; \321\021S\217.\374\37204\347\373 2\223ndcO\247\352"
 3531      11538F2E 
 3531      FCFA3034 
 3531      E7FB2032 
 3531      936E6463 
 3532 450f A5500963 		.ascii	"\245P\011c\317\224\365H k\227\342\202\2110\256G\001"
 3532      CF94F548 
 3532      206B97E2 
 3532      828930AE 
 3532      4701
ARM GAS  /tmp/ccACgBoh.s 			page 288


 3533 4521 0A6612DA 		.ascii	"\012f\022\332\334\264\264_\315}(\326\330\342\246e\333"
 3533      DCB4B45F 
 3533      CD7D28D6 
 3533      D8E2A665 
 3533      DB
 3534 4532 694C7046 		.ascii	"iLpF\363%\016\371e\274\360\276\262=\035\231B\304\023"
 3534      F3250EF9 
 3534      65BCF0BE 
 3534      B23D1D99 
 3534      42C413
 3535 4545 6B85FFF1 		.ascii	"k\205\377\361\322\272\301\031\353\006A\250d((\301\211"
 3535      D2BAC119 
 3535      EB0641A8 
 3535      642828C1 
 3535      89
 3536 4556 1CA086C2 		.ascii	"\034\240\206\302P\327p\0259\3032{?\215\216\353\025+"
 3536      50D77015 
 3536      39C3327B 
 3536      3F8D8EEB 
 3536      152B
 3537 4568 F12695F3 		.ascii	"\361&\225\363\240r\201\253\\\002\225\213\3222\\-\361"
 3537      A07281AB 
 3537      5C02958B 
 3537      D2325C2D 
 3537      F1
 3538 4579 0E4CF75F 		.ascii	"\016L\367_\242/\210[xM\207\007\207N-\275\210`k\267\342"
 3538      A22F885B 
 3538      784D8707 
 3538      874E2DBD 
 3538      88606BB7 
 3539 458e 68B460DD 		.ascii	"h\264`\335\235tJv\034\265\253&\306\317\343\005\222\365"
 3539      9D744A76 
 3539      1CB5AB26 
 3539      C6CFE305 
 3539      92F5
 3540 45a0 E54E071B 		.ascii	"\345N\007\033e^\266\016\020\244\216W\3353\\H \252x\254"
 3540      655EB60E 
 3540      10A48E57 
 3540      DD335C48 
 3540      20AA78AC 
 3541 45b4 8B1FD093 		.ascii	"\213\037\320\223P<X5\336\307\032H,\036\234\226\027\345"
 3541      503C5835 
 3541      DEC71A48 
 3541      2C1E9C96 
 3541      17E5
 3542 45c6 395B9F5D 		.ascii	"9[\237]\255[\235]\225\204\270\272\022\222\214\322s\265"
 3542      AD5B9D5D 
 3542      9584B8BA 
 3542      12928CD2 
 3542      73B5
 3543 45d8 D5BF44FB 		.ascii	"\325\277D\3734\277Z\303\356M1{\200\355\225\3052\337"
 3543      34BF5AC3 
 3543      EE4D317B 
 3543      80ED95C5 
 3543      32DF
 3544 45ea 7E9F2107 		.ascii	"~\237!\007\222\2132\003\251\267\301.\244\226\035\250"
 3544      928B3203 
ARM GAS  /tmp/ccACgBoh.s 			page 289


 3544      A9B7C12E 
 3544      A4961DA8 
 3545 45fa 0F561B83 		.ascii	"\017V\033\203\330\333\275\370\332\336\366\262Cr:\277"
 3545      D8DBBDF8 
 3545      DADEF6B2 
 3545      43723ABF 
 3546 460a BAB1015D 		.ascii	"\272\261\001]q\0070\034\330Na\350\334\214/\024S\356"
 3546      7107301C 
 3546      D84E61E8 
 3546      DC8C2F14 
 3546      53EE
 3547 461c 3505B734 		.ascii	"5\005\2674?\242\313\312W1\374\312\367\026\014@\233\326"
 3547      3FA2CBCA 
 3547      5731FCCA 
 3547      F7160C40 
 3547      9BD6
 3548 462e D9154DDA 		.ascii	"\331\025M\332\224\347ls\001\352\222}\360\366\036\320"
 3548      94E76C73 
 3548      01EA927D 
 3548      F0F61ED0 
 3549 463e AEC9E3AB 		.ascii	"\256\311\343\253\276\227\305j\322\206\245\034\277\256"
 3549      BE97C56A 
 3549      D286A51C 
 3549      BFAE
 3550 464c 2BB27503 		.ascii	"+\262u\003\325\341\353\324\330\357\2346E\263\014\351"
 3550      D5E1EBD4 
 3550      D8EF9C36 
 3550      45B30CE9 
 3551 465c A5F9CD46 		.ascii	"\245\371\315F\220%\371\025\363k%G \271\012\032\316d"
 3551      9025F915 
 3551      F36B2547 
 3551      20B90A1A 
 3551      CE64
 3552 466e AD67CD72 		.ascii	"\255g\315r\030?\373;\034\305[\200m\303\001\331\315\357"
 3552      183FFB3B 
 3552      1CC55B80 
 3552      6DC301D9 
 3552      CDEF
 3553 4680 68508CFA 		.ascii	"hP\214\372w\177\203\354+\3006\307\265\233\327>\255\373"
 3553      777F83EC 
 3553      2BC036C7 
 3553      B59BD73E 
 3553      ADFB
 3554 4692 65157E5F 		.ascii	"e\025~_\241\213l\021\\\200-\201@a.\201.\200\256\200"
 3554      A18B6C11 
 3554      5C802D81 
 3554      40612E81 
 3554      2E80AE80 
 3555 46a6 CE814E80 		.ascii	"\316\201N\200\216\245]g\352\230w\035\010\373\354\355"
 3555      8EA55D67 
 3555      EA98771D 
 3555      08FBECED 
 3556 46b6 6D6736C6 		.ascii	"mg6\306>>K>\344i\300(T\362\260\336\222]\361\366\245"
 3556      3E3E4B3E 
 3556      E469C028 
 3556      54F2B0DE 
 3556      925DF1F6 
ARM GAS  /tmp/ccACgBoh.s 			page 290


 3557 46cb EF625966 		.ascii	"\357bYf\201kLQ\026\313K*{\377\023\033\320\020pu\331"
 3557      816B4C51 
 3557      16CB4B2A 
 3557      7BFF131B 
 3557      D0107075 
 3558 46e0 D02D86A2 		.ascii	"\320-\206\242\251@\367h\213\333ULN\210\372\341\235@"
 3558      A940F768 
 3558      8BDB554C 
 3558      4E88FAE1 
 3558      9D40
 3559 46f2 D7D4AAD6 		.ascii	"\327\324\252\326&U|u\361:_\347\333\337o4\246\252\204"
 3559      26557C75 
 3559      F13A5FE7 
 3559      DBDF6F34 
 3559      A6AA84
 3560 4705 6B50B0CC 		.ascii	"kP\260\314\027\027E\315v\364\014\035To\364tqq\274\273"
 3560      171745CD 
 3560      76F40C1D 
 3560      546FF474 
 3560      7171BCBB 
 3561 4719 B0584546 		.ascii	"\260XEF\261\231\271\317\015y\322\033\265\215m\354\016"
 3561      B199B9CF 
 3561      0D79D21B 
 3561      B58D6DEC 
 3561      0E
 3562 472a 85FBF6BE 		.ascii	"\205\373\366\276\000c\212\300\302\352\255\036\325\230"
 3562      00638AC0 
 3562      C2EAAD1E 
 3562      D598
 3563 4738 C32A9CA1 		.ascii	"\303*\234\241j\356\230\232\342\360\215#\015\231G5\027"
 3563      6AEE989A 
 3563      E2F08D23 
 3563      0D994735 
 3563      17
 3564 4749 1B759FA2 		.ascii	"\033u\237\242ZZ\240\207$\275Q\356n\364!\354\365_\367"
 3564      5A5AA087 
 3564      24BD51EE 
 3564      6EF421EC 
 3564      F55FF7
 3565 475c 7ACB3B6A 		.ascii	"z\313;j\356Q\307\003\323\261\335\360<\351D\326QG\354"
 3565      EE51C703 
 3565      D3B1DDF0 
 3565      3CE944D6 
 3565      5147EC
 3566 476f F3F28AA3 		.ascii	"\363\362\212\243\364\005\225\364\302\220\371M?Ozz\243"
 3566      F40595F4 
 3566      C290F94D 
 3566      3F4F7A7A 
 3566      A3
 3567 4780 9AF882CA 		.ascii	"\232\370\202\312\361\223\340n\272\270\032C\357C[$\261"
 3567      F193E06E 
 3567      BAB81A43 
 3567      EF435B24 
 3567      B1
 3568 4791 6E234607 		.ascii	"n#F\007\312\"<r\213fAz\206\335\017\367\314lFv\372\257"
 3568      CA223C72 
 3568      8B66417A 
ARM GAS  /tmp/ccACgBoh.s 			page 291


 3568      86DD0FF7 
 3568      CC6C4676 
 3569 47a7 6AC821DA 		.ascii	"j\310!\332\034JI\316\324q5>-\252o0\025FGK\025\364\014"
 3569      1C4A49CE 
 3569      D471353E 
 3569      2DAA6F30 
 3569      1546474B 
 3570 47be 53E1EA48 		.ascii	"S\341\352HU\014\355.\345\251\3105\017a\373\321\023."
 3570      550CED2E 
 3570      E5A9C835 
 3570      0F61FBD1 
 3570      132E
 3571 47d0 5CC5DD2E 		.ascii	"\\\305\335.q\315iQ3-n\012-n\242\026w\246e8h%\217\020"
 3571      71CD6951 
 3571      332D6E0A 
 3571      2D6EA216 
 3571      77A66538 
 3572 47e8 D72FE034 		.ascii	"\327/\3404\262g\343^k\011\304C\241\302CT\341\311T\244"
 3572      B267E35E 
 3572      6B09C443 
 3572      A1C24354 
 3572      E1C954A4 
 3573 47fc 4C753413 		.ascii	"Lu4\023\342\217*\274SKw\305\373\203\217\373\337r\275"
 3573      E28F2ABC 
 3573      534B77C5 
 3573      FB838FFB 
 3573      DF72BD
 3574 480f BE4D73A7 		.ascii	"\276Ms\247\353\315\364\336Q/\256\311\334.\341\014\255"
 3574      EBCDF4DE 
 3574      512FAEC9 
 3574      DC2EE10C 
 3574      AD
 3575 4820 076FA6A7 		.ascii	"\007o\246\247$c\363\343$\027\325\234L\037u\211\267\011"
 3575      2463F3E3 
 3575      2417D59C 
 3575      4C1F7589 
 3575      B709
 3576 4832 0F0FBF95 		.ascii	"\017\017\277\225\272\336\203j\330\245\002\205\032\037"
 3576      BADE836A 
 3576      D8A50285 
 3576      1A1F
 3577 4840 54E3CBD4 		.ascii	"T\343\313\324\214\\\244\373j\311#\352iH\212\273\326"
 3577      8C5CA4FB 
 3577      6AC923EA 
 3577      69488ABB 
 3577      D6
 3578 4851 13EF2FB2 		.ascii	"\023\357/\262\203\327\277%'\300\021o\334\370\"\033 "
 3578      83D7BF25 
 3578      27C0116F 
 3578      DCF8221B 
 3578      20
 3579 4862 1A1E3DAF 		.ascii	"\032\036=\257\211l\307\031Y\207\012t\344\203\302\325"
 3579      896CC719 
 3579      59870A74 
 3579      E483C2D5 
 3580 4872 FD42BD01 		.ascii	"\375B\275\001\333\013\360A{\201_\244w\2308\276@\315"
 3580      DB0BF041 
ARM GAS  /tmp/ccACgBoh.s 			page 292


 3580      7B815FA4 
 3580      779838BE 
 3580      40CD
 3581 4884 3FE00259 		.ascii	"?\340\002Y\260\243\362\022W\233wG\237\013\011E\354\345"
 3581      B0A3F212 
 3581      579B7747 
 3581      9F0B0945 
 3581      ECE5
 3582 4896 5371117A 		.ascii	"Sq\021zk\027\310B\300\033\326\244K\302VZ]H\012\223V"
 3582      6B17C842 
 3582      C01BD6A4 
 3582      4BC2565A 
 3582      5D480A93 
 3583 48ab 57EC6755 		.ascii	"W\354gU8\211\003\224\033\213\304\217\307\270lL_\017"
 3583      38890394 
 3583      1B8BC48F 
 3583      C7B86C4C 
 3583      5F0F
 3584 48bd 1A063AA2 		.ascii	"\032\006:\242\034_;\305\276\177\001\003O\314w\204PG"
 3584      1C5F3BC5 
 3584      BE7F0103 
 3584      4FCC7784 
 3584      5047
 3585 48cf BCFC43D9 		.ascii	"\274\374C\331E\360\026\323\325\251\007\036\026\241\360"
 3585      45F016D3 
 3585      D5A9071E 
 3585      16A1F0
 3586 48de 82BF42F5 		.ascii	"\202\277B\365\017\272\003\330\217K\320*\216p|%D\002"
 3586      0FBA03D8 
 3586      8F4BD02A 
 3586      8E707C25 
 3586      4402
 3587 48f0 853B8A11 		.ascii	"\205;\212\021\247\321\323\343\312\211\024\240Snf\012"
 3587      A7D1D3E3 
 3587      CA8914A0 
 3587      536E660A 
 3588 4900 7A6D0D4F 		.ascii	"zm\015O\321\257U\223\332\273\277\2527\007\256'_\014"
 3588      D1AF5593 
 3588      DABBBFAA 
 3588      3707AE27 
 3588      5F0C
 3589 4912 5C3120E0 		.ascii	"\\1 \340\347hy/\253\0376\257X\326\274\214\331\356\336"
 3589      E768792F 
 3589      AB1F36AF 
 3589      58D6BC8C 
 3589      D9EEDE
 3590 4925 B2C5E342 		.ascii	"\262\305\343BY\303\210c\015\203~\000oHMh\205\354\216"
 3590      59C38863 
 3590      0D837E00 
 3590      6F484D68 
 3590      85EC8E
 3591 4938 BC16196F 		.ascii	"\274\026\031o\274#\2777\205~\003\366\365\316\243s\331"
 3591      BC23BF37 
 3591      857E03F6 
 3591      F5CEA373 
 3591      D9
 3592 4949 53E789B2 		.ascii	"S\347\211\262;\301\023Pu\002\343\365\355<\033\226\265"
ARM GAS  /tmp/ccACgBoh.s 			page 293


 3592      3BC11350 
 3592      7502E3F5 
 3592      ED3C1B96 
 3592      B5
 3593 495a 4FBACDAA 		.ascii	"O\272\315\252d\241\013y\023\031o\346U\246Q\266\347\200"
 3593      64A10B79 
 3593      13196FE6 
 3593      55A651B6 
 3593      E780
 3594 496c 978C3709 		.ascii	"\227\2147\011y\223\030\357u\364\351\236\354z\005}2\330"
 3594      799318EF 
 3594      75F4E99E 
 3594      EC7A057D 
 3594      32D8
 3595 497e CC9B8CBC 		.ascii	"\314\233\214\274\311\214wz\253\355\317H\015VE^aR\211"
 3595      C98C777A 
 3595      ABEDCF48 
 3595      0D56455E 
 3595      615289
 3596 4991 33E9C203 		.ascii	"3\351\302\003\377\266\366\004\372<\276\220\352\310w"
 3596      FFB6F604 
 3596      FA3CBE90 
 3596      EAC877
 3597 49a0 B7DA5A0A 		.ascii	"\267\332Z\012\232\327\230\236\306\307\033\204b\016\023"
 3597      9AD7989E 
 3597      C6C71B84 
 3597      620E13
 3598 49af F76C6F2F 		.ascii	"\367lo/\235\341\370\226\235\220\356\310o\020j\017\033"
 3598      9DE1F896 
 3598      9D90EEC8 
 3598      6F106A0F 
 3598      1B
 3599 49c0 AD11DF1C 		.ascii	"\255\021\337\034\263}\367\326\352\325|\272\273\361\323"
 3599      B37DF7D6 
 3599      EAD57CBA 
 3599      BBF1D3
 3600 49cf 3EBF45D9 		.ascii	">\277E\331\204\024Gq\317\2524\340\247\207\362\335{3"
 3600      84144771 
 3600      CFAA34E0 
 3600      A787F2DD 
 3600      7B33
 3601 49e1 1DD91ED8 		.ascii	"\035\331\036\330K\223A2/$\311\274\220\205%\313b%\333"
 3601      4B934132 
 3601      2F24C9BC 
 3601      908525CB 
 3601      6225DB
 3602 49f4 984E1996 		.ascii	"\230N\031\226ya_\220z!\033y\263\031o\202\337\356\201"
 3602      79615F90 
 3602      7A211B79 
 3602      B3196F82 
 3602      DFEE81
 3603 4a07 ECC2C396 		.ascii	"\354\302\303\226\2147\007ys\030\357\361d\357\202\254"
 3603      8C370779 
 3603      7318EFF1 
 3603      64EF82AC 
 3604 4a17 86636518 		.ascii	"\206ce\030r\2217\227\361^\214\335o\313\032\317\261\354"
 3604      72913797 
ARM GAS  /tmp/ccACgBoh.s 			page 294


 3604      F15E8CDD 
 3604      6FCB1ACF 
 3604      B1EC
 3605 4a29 C1E03CE4 		.ascii	"\301\340<\344\315c\274\207Ck~Z\022\377\036\336\237\366"
 3605      CD63BC87 
 3605      436B7E5A 
 3605      12FF1EDE 
 3605      9FF6
 3606 4a3b 03779F2D 		.ascii	"\003w\237-pd'\217\303\275~I\352\177za\300\\\001E\264"
 3606      7064278F 
 3606      C3BD7E49 
 3606      EA7F7A61 
 3606      C05C0145 
 3607 4a50 020AC50A 		.ascii	"\002\012\305\012\330\254\214i\325\363\012\230\276uh"
 3607      D8AC8C69 
 3607      D5F30A98 
 3607      BE7568
 3608 4a5f CCA74F43 		.ascii	"\314\247OC\273\032\277\376\015\312'\344\2135\000r\371"
 3608      BB1ABFFE 
 3608      0DCA27E4 
 3608      8B350072 
 3608      F9
 3609 4a70 96EE2F66 		.ascii	"\226\356/f\356\037\274\213[\2245\330fY\321K\2608%\254"
 3609      EE1FBC8B 
 3609      5B9435D8 
 3609      6659D14B 
 3609      B03825AC 
 3610 4a84 388D7E6B 		.ascii	"8\215~k\3652\227\246\251\244.-E\336R\306\0333>\036!"
 3610      F53297A6 
 3610      A9A42E2D 
 3610      45DE52C6 
 3610      1B333E1E 
 3611 4a99 7353928C 		.ascii	"sS\222\214\267\014y\313\030\357\331a\312\275\354v1O"
 3611      B70C79CB 
 3611      18EFD961 
 3611      CABDEC76 
 3611      314F
 3612 4aab 196F39F2 		.ascii	"\031o9\362\2263\336\311\332\320YY?\217\225\361V o\005"
 3612      9633DEC9 
 3612      DAD05959 
 3612      3F8F95F1 
 3612      56206F05 
 3613 4abf E3DD8EC8 		.ascii	"\343\335\216\310\237\227-\253F\310x+\221\267\222\361"
 3613      9F972DAB 
 3613      46C8782B 
 3613      91B792F1 
 3614 4acf EE2D7994 		.ascii	"\356-y\224\312\374\020,\343\255B\336*\306\333\031\036"
 3614      CAFC102C 
 3614      E3AD42DE 
 3614      2AC6DB19 
 3614      1E
 3615 4ae0 B828C39B 		.ascii	"\270(\303\233'\363Y5\362V3\336\374\214\273'\231\317"
 3615      27F35935 
 3615      F25633DE 
 3615      FC8CBB27 
 3615      99CF
 3616 4af2 2E65CDA5 		.ascii	".e\315\245\006yk\030\357\342\321]\256\354j\033\275\254"
ARM GAS  /tmp/ccACgBoh.s 			page 295


 3616      06796B18 
 3616      EFE2D15D 
 3616      AEEC6A1B 
 3616      BDAC
 3617 4b04 6EE6AD45 		.ascii	"n\346\255E\336Z\306\233X\263\341\243\221\325\205\014"
 3617      DE5AC69B 
 3617      58B3E1A3 
 3617      91D5850C 
 3618 4b14 431DF2D6 		.ascii	"C\035\362\3261\336\356\247\261I\031\206J\031o=\362\326"
 3618      31DEEEA7 
 3618      B1491986 
 3618      4A196F3D 
 3618      F2D6
 3619 4b26 335ED7D6 		.ascii	"3^\327\326\204\004\331J\275\237\314\017\015\310\333"
 3619      8404D94A 
 3619      BD9FCC0F 
 3619      0DC8DB
 3620 4b35 C078A312 		.ascii	"\300x\243\022\237\333d\327{Od]\254\021y\033\031o_X\332"
 3620      9FDB64D7 
 3620      7B4F645D 
 3620      AC11791B 
 3620      196F5F58 
 3621 4b4a B303C9C1 		.ascii	"\263\003\311\301\256\020\337]\266*\333\213\203Nr%[\241"
 3621      AE10DF5D 
 3621      B62ADB8B 
 3621      834E7225 
 3621      5BA1
 3622 4b5c 3A4A36BE 		.ascii	":J6\276<)l\233\325\362\026~\035\343X\230\037\204-\274"
 3622      3C296C9B 
 3622      D5F2167E 
 3622      1DE35898 
 3622      1F842DBC 
 3623 4b70 474DF984 		.ascii	"GM\371\204&I\023o\262l\342-\254\211\257\255\254>\310"
 3623      2649136F 
 3623      B26CE22D 
 3623      AC89AFAD 
 3623      AC3EC8
 3624 4b83 9A225D71 		.ascii	"\232\"]q0\303lE\230\255\014fP\2161\326T$\017\033\274"
 3624      30C36C45 
 3624      98AD0C66 
 3624      508E31D6 
 3624      54240F1B 
 3625 4b98 34B94ABA 		.ascii	"4\271J\272\253\224\025\275M\226_\264\243\316v\254\326"
 3625      AB9415BD 
 3625      4D965FB4 
 3625      A3CE76AC 
 3625      D6
 3626 4ba9 B09B0C59 		.ascii	"\260\233\014Yt\351\224\271\277\003y;\030o\235\333\344"
 3626      74E994B9 
 3626      BF03793B 
 3626      186F9DDB 
 3626      E4
 3627 4bba 8D4C6FB1 		.ascii	"\215Lo\261l\254\351D\336N\306{p\327\010\235\272\012"
 3627      6CACE944 
 3627      DE4EC67B 
 3627      70D7089D 
 3627      BA0A
ARM GAS  /tmp/ccACgBoh.s 			page 296


 3628 4bcc 5D3AB99D 		.ascii	"]:\271\235\332\255\334B\245@\005-P%\273_7\364\306[\026"
 3628      DAADDC42 
 3628      A540052D 
 3628      5025BB5F 
 3628      37F4C65B 
 3629 4be1 42BB6559 		.ascii	"B\273eY@\217X\300\350\362\343f\334\245\003N\361h\325"
 3629      408F58C0 
 3629      E8F2E366 
 3629      DCA5034E 
 3629      F168D5
 3630 4bf4 189F9CA5 		.ascii	"\030\237\234\245\267\275-v\037\255\266^12M\372\366<"
 3630      B7BD2D76 
 3630      1FADB65E 
 3630      31324DFA 
 3630      F63C
 3631 4c06 8AEF813A 		.ascii	"\212\357\201:\356\323\335x\233\"\023\360\011]\222j\353"
 3631      EED3DD78 
 3631      9B2213F0 
 3631      095D926A 
 3631      EB
 3632 4c17 B2ACB67E 		.ascii	"\262\254\266~Vm\023W\265%:\322\216\305\273K\350Z\022"
 3632      566D1357 
 3632      B5253AD2 
 3632      8EC5BB4B 
 3632      E85A12
 3633 4c2a E3DCDEAF 		.ascii	"\343\334\336\257\342\006\370\251\270\227\354\200D\325"
 3633      E206F8A9 
 3633      B897EC80 
 3633      44D5
 3634 4c38 80A5AA41 		.ascii	"\200\245\252A\246j\246/\344\013d\0105%G\244]\253m\274"
 3634      A66AA62F 
 3634      E40B6408 
 3634      352547A4 
 3634      5DAB6DBC 
 3635 4c4c 5F79C851 		.ascii	"_y\310Q\361~ea\330\221\276\311\261\270\322\335GV\207"
 3635      F17E6561 
 3635      D891BEC9 
 3635      B1B8D2DD 
 3635      475687
 3636 4c5f 23B23A1C 		.ascii	"#\262:\034\301z\031a\365\322\222\344\321(\353\232t\302"
 3636      C17A1961 
 3636      F5D292E4 
 3636      D128EB9A 
 3636      74C2
 3637 4c71 64E61D45 		.ascii	"d\346\035E\336Q\306{r\325\037J\310\034B\333/\0111\212"
 3637      DE51C67B 
 3637      72D51F4A 
 3637      C81C42DB 
 3637      2F09318A 
 3638 4c85 6F3139CF 		.ascii	"o19\317\327\371\017{\031G\214\354\266\020\266C\253\244"
 3638      D7F90F7B 
 3638      19478CEC 
 3638      B610B643 
 3638      ABA4
 3639 4c97 9C6396E5 		.ascii	"\234c\226\345\034g\345\034Y\036-W\223}\324V\272\233"
 3639      1C67E51C 
 3639      591E2D57 
ARM GAS  /tmp/ccACgBoh.s 			page 297


 3639      937DD456 
 3639      BA9B
 3640 4ca9 748663CB 		.ascii	"t\206c\313\260i+\371\253\345q\276\217\014=7\211\343"
 3640      B0692BF9 
 3640      ABE571BE 
 3640      8F0C3D37 
 3640      89E3
 3641 4cbb CDF5F040 		.ascii	"\315\365\360@\250l\227\253\026\371\0160\264Z\247\304"
 3641      A86C97AB 
 3641      16F90E30 
 3641      B45AA7C4 
 3642 4ccb 6A1D9BCE 		.ascii	"j\035\233\316\371*@\034\001\210\317I\037H\335\336g\003"
 3642      F92A401C 
 3642      0188CF49 
 3642      1F48DDDE 
 3642      6703
 3643 4cdd FE0BCA25 		.ascii	"\376\013\312%LH\020NX\"\234a\010\247\342\246\002\035"
 3643      4C48104E 
 3643      58229C61 
 3643      08A7E2A6 
 3643      021D
 3644 4cef 49C69770 		.ascii	"I\306\227p\2551-\253I0\275i\013\021\236x\025\356\253"
 3644      AD312DAB 
 3644      4930BD69 
 3644      0B119E78 
 3644      15EEAB
 3645 4d02 49313218 		.ascii	"I12\030\373&\273m\274bw\336\321\332vv\301\375\317m\262"
 3645      FB26BB6D 
 3645      BC6277DE 
 3645      D1DA7676 
 3645      C1FDCF6D 
 3646 4d17 BD21171C 		.ascii	"\275!\027\034\245EY\244E\231\023\213\022\264\263V\256"
 3646      A54559A4 
 3646      4599138B 
 3646      12B4B356 
 3646      AE
 3647 4d28 E365D93A 		.ascii	"\343e\331:\240\217\257\321\267M\275\242\\\302\254\244"
 3647      A08FAFD1 
 3647      B74DBDA2 
 3647      5CC2ACA4 
 3648 4d38 28B39645 		.ascii	"(\263\226EYbE\211\310\354\366U\223\006DZ\030T\343\346"
 3648      59624589 
 3648      C8ECF655 
 3648      9306445A 
 3648      1854E3E6 
 3649 4d4c 2246A97C 		.ascii	"\"F\251|]m\260\251\265\323\252[\226h[\266\324\266\302"
 3649      5D6DB0A9 
 3649      B5D3AA5B 
 3649      96685BB6 
 3649      D4B6C2
 3650 4d5f B49DC556 		.ascii	"\264\235\305Vm;\221a\324v\271\2670'\276lc\271\341\003"
 3650      6D3B9161 
 3650      D476B9B7 
 3650      3027BE6C 
 3650      63B9E103 
 3651 4d73 ABD73DDC 		.ascii	"\253\327=\334\313\264\325\255J\224\255Z*[c\312\242:"
 3651      CBB4D5AD 
ARM GAS  /tmp/ccACgBoh.s 			page 298


 3651      4A94AD5A 
 3651      2A5B63CA 
 3651      A23A
 3652 4d85 1FDBEC49 		.ascii	"\037\333\354I\374\227\231\262\256\373\320;\033{\002"
 3652      FC9799B2 
 3652      AEFBD03B 
 3652      1B7B02
 3653 4d94 AE5B7562 		.ascii	"\256[ubl\332\344\221,^n8\312^d\213\355w\223\265\337"
 3653      6CDAE491 
 3653      2C5E6E38 
 3653      CA5E648B 
 3653      ED7793B5 
 3654 4da9 C185C705 		.ascii	"\301\205\307\005\331\2609)\033.\266\220w\213\361>\037"
 3654      D9B03929 
 3654      1B2EB690 
 3654      778BF13E 
 3654      1F
 3655 4dba 9F2F1948 		.ascii	"\237/\031H\006\242\352\035\366sw6\355h\204u\237\347"
 3655      06A2EA1D 
 3655      F6737736 
 3655      ED688475 
 3655      9FE7
 3656 4dcc 579E6110 		.ascii	"W\236a\020\337k\266\203\215\263#\276i\300\321v6\264"
 3656      DF6BB683 
 3656      8DB323BE 
 3656      69C0D176 
 3656      36B4
 3657 4dde 476B7457 		.ascii	"GktW\254\321\252\336\272k\331\340\005?K\320\354\213"
 3657      ACD1AADE 
 3657      BA6BD9E0 
 3657      053F4BD0 
 3657      EC8B
 3658 4df0 C1EDC8AB 		.ascii	"\301\355\310\253n\321\231\344 \222\332\242\310)|\300"
 3658      6ED199E4 
 3658      2092DAA2 
 3658      C8297CC0 
 3659 4e00 2AC89403 		.ascii	"*\310\224\003\247\325\346\034a\313\244\353\014\207\010"
 3659      A7D5E61C 
 3659      61CBA4EB 
 3659      0C8708
 3660 4e0f C5EBE966 		.ascii	"\305\353\351f\313\004\357\010\317]\226\364_\3126\365"
 3660      CB04EF08 
 3660      CF5D96F4 
 3660      5FCA36F5 
 3661 4e1f A63A242F 		.ascii	"\246:$/c\241\360\216Ex\035m\323\333\262\300p\"\203w"
 3661      63A1F08E 
 3661      45781D6D 
 3661      D3DBB2C0 
 3661      70228377 
 3662 4e33 2AC29BDC 		.ascii	"*\302\233\334\256\275r$\205\266\341\345f\264\0178\212"
 3662      AEBD7224 
 3662      85B6E1E5 
 3662      66B40F38 
 3662      8A
 3663 4e44 B7277848 		.ascii	"\267'xHf\2353*k\267'l]\327\336\313*\364BV\241\227\242"
 3663      669D332A 
 3663      6BB7276C 
ARM GAS  /tmp/ccACgBoh.s 			page 299


 3663      5DD7DECB 
 3663      2AF44256 
 3664 4e5b DDA2919B 		.ascii	"\335\242\221\233H,5\234\022\316\261\204#\213\331\255"
 3664      482C359C 
 3664      12CEB184 
 3664      238BD9AD 
 3665 4e6b 5AB1D457 		.ascii	"Z\261\324Wx.\330\030\341\241\267]\352\033Z\352k\261"
 3665      782ED818 
 3665      E1A1B75D 
 3665      EA1B5AEA 
 3665      6BB1
 3666 4e7d D417217B 		.ascii	"\324\027!{\325\262\021\347FV\352[\223\365\261\235K\025"
 3666      D5B211E7 
 3666      4656EA5B 
 3666      93F5B19D 
 3666      4B15
 3667 4e8f 29C75217 		.ascii	")\307R\027/\246\3718\221v<\260\362\276;\357\360\202"
 3667      2FA6F938 
 3667      91763CB0 
 3667      F2BE3BEF 
 3667      F082
 3668 4ea1 47B5ED66 		.ascii	"G\265\355f\361H\021<\210\010\312G\032\316e\203\352\243"
 3668      F148113C 
 3668      8808CA47 
 3668      1ACE6583 
 3668      EAA3
 3669 4eb3 0CC11347 		.ascii	"\014\301\023G\240Mm\237MW\013\246\313\254\364>\256\302"
 3669      A04D6D9F 
 3669      4D570BA6 
 3669      CBACF43E 
 3669      AEC2
 3670 4ec5 57B15D78 		.ascii	"W\261]x\211\034\032\217\260\015\375\305\325\360\332"
 3670      891C1A8F 
 3670      B00DFDC5 
 3670      D5F0DA
 3671 4ed4 0B6FEC76 		.ascii	"\013o\354vH\250I\341\300\006\257b\241S|\300H\030\023"
 3671      48A849E1 
 3671      C006AF62 
 3671      A1537CC0 
 3671      481813
 3672 4ee7 5082D69E 		.ascii	"P\202\326\236\233\341\225\340\001d\004z\206)\262\273"
 3672      9BE195E0 
 3672      0164047A 
 3672      8629B2BB 
 3673 4ef7 C1F2F937 		.ascii	"\301\362\3717\352\362;\205\015\213\013\250\214\023\312"
 3673      EAF23B85 
 3673      0D8B0BA8 
 3673      8C13CA
 3674 4f06 27DC2B38 		.ascii	"'\334+8-/\2362V\250\014\341\314\272Rq\225\362\260ws"
 3674      2D2F9E32 
 3674      56A80CE1 
 3674      CCBA5271 
 3674      95F2B077 
 3675 4f1b DF74B5D0 		.ascii	"\337t\265\320\343G.\001hh\012\010\231\2265GO\2315/\003"
 3675      E3472E01 
 3675      68680A08 
 3675      99963547 
ARM GAS  /tmp/ccACgBoh.s 			page 300


 3675      4F99352F 
 3676 4f30 8B19F041 		.ascii	"\213\031\360AW\323\302\307\263T\322|\314Z\217\026\274"
 3676      57D3C2C7 
 3676      B354D27C 
 3676      CC5A8F16 
 3676      BC
 3677 4f41 196FC08C 		.ascii	"\031o\300\214\347\211,-\337\227\215\321>\250\327\207"
 3677      E7892C2D 
 3677      DF978DD1 
 3677      3EA8D787 
 3678 4f51 F10635DE 		.ascii	"\361\0065\336\227\310.\030\256\312v.\366E^_\306;\332"
 3678      97C82E18 
 3678      AECA762E 
 3678      F6455E5F 
 3678      C63BDA
 3679 4f64 D0EC269B 		.ascii	"\320\354&\233Fl\312\364\372!\257\237u\014\2132^\177"
 3679      466CCAF4 
 3679      FA21AF9F 
 3679      750C8B32 
 3679      5E7F
 3680 4f76 E4F567BC 		.ascii	"\344\365g\274\321s\313\356\216\244\033\333x\373\\M\220"
 3680      D173CBEE 
 3680      8EA41BDB 
 3680      78FB5C4D 
 3680      90
 3681 4f87 93A32F5B 		.ascii	"\223\243/[\251\361\362\220E\351\000\003\241[Gc\314\027"
 3681      A9F1F290 
 3681      45E90003 
 3681      A15B4763 
 3681      CC17
 3682 4f99 020D8ED6 		.ascii	"\002\015\216\326\326\031\316"
 3682      D619CE
 3683 4fa0 647682D0 		.ascii	"dv\202\320N\020\263\323\360\330\327b\332\317\325\303"
 3683      4E10B3D3 
 3683      F0D8D762 
 3683      DACFD5C3 
 3684 4fb0 721FEA55 		.ascii	"r\037\352U\025t\225\025\025\357*M\217\225n\262)H\260"
 3684      15749515 
 3684      15EF2A4D 
 3684      8F956EB2 
 3684      2948B0
 3685 4fc3 41AA3704 		.ascii	"A\2527\004\365\2060\275\336)\025Q2\014G\262\330\037"
 3685      F58630BD 
 3685      DE291551 
 3685      320C47B2 
 3685      D81F
 3686 4fd5 8ABCA18C 		.ascii	"\212\274\241\214wn\304\377R\026\372\366d\274a\310\033"
 3686      776EC4FF 
 3686      5216FAF6 
 3686      64BC61C8 
 3686      1B
 3687 4fe6 C678E797 		.ascii	"\306x\347\227B\273d+\002;2\336p\344\015g\274\275I\365"
 3687      42BB642B 
 3687      023B32DE 
 3687      70E40D67 
 3687      BCBD49F5 
 3688 4ffa 95B2A9CD 		.ascii	"\225\262\251\315\240,"
ARM GAS  /tmp/ccACgBoh.s 			page 301


 3688      A02C
 3689 5000 5F8E40DE 		.ascii	"_\216@\336\010\306\233\177\225U/\253\307\031\031o$\362"
 3689      08C69B7F 
 3689      95552FAB 
 3689      C719196F 
 3689      24F2
 3690 5012 4632DEED 		.ascii	"F2\336\355\310\242B\031\336|\"\305\020\205\274Q\214"
 3690      C8A24219 
 3690      DE7C22C5 
 3690      1085BC51 
 3690      8C
 3691 5023 372D2D3D 		.ascii	"7--=^\326\236\357dx\243\2217\232\361\016\036\335N\313"
 3691      5ED69EEF 
 3691      6478A391 
 3691      379AF10E 
 3691      1EDD4ECB 
 3692 5037 FC1B2AD3 		.ascii	"\374\033*\323\033\203\2741\21470\321W\256\227.\373\232"
 3692      1B83BC31 
 3692      8C3730D1 
 3692      57AE972E 
 3692      FB9A
 3693 5049 79639137 		.ascii	"yc\2217\026\365\226\214\334\310\312\226#\323\033\207"
 3693      16F5968C 
 3693      DCC8CA96 
 3693      23D31B87 
 3694 5059 BC718C37 		.ascii	"\274q\2147\306u\266G6Jf\310x\343\2217\236\361\316&&"
 3694      C675B647 
 3694      364A66C8 
 3694      78E39137 
 3694      9EF1CE26 
 3695 506e 46CA6E17 		.ascii	"F\312n\027\213\222\361& o\002\343M\336ko\227\371,Y\306"
 3695      8B92F126 
 3695      206F02E3 
 3695      4DDE6B6F 
 3695      97F92C59 
 3696 5083 9B88BC89 		.ascii	"\233\210\274\211\214\267\177/ [\226O\307\313x\223\220"
 3696      8CB77F2F 
 3696      205B964F 
 3696      C7CB7893 
 3696      90
 3697 5094 3789F1EE 		.ascii	"7\211\361\356\3374\336\3130\004\312x\223\2217\231\361"
 3697      DF34DECB 
 3697      3004CA78 
 3697      93913799 
 3697      F1
 3698 50a5 6EAE56ED 		.ascii	"n\256V\355\310\374\340#\343MA\336\024\306\233\020\234"
 3698      C8FCE023 
 3698      E34D41DE 
 3698      14C69B10 
 3698      9C
 3699 50b6 2F6FBFEE 		.ascii	"/o\277\3562\336T\344Me\274\343Mn3\262!\344IV\307i\310"
 3699      32DE54E4 
 3699      4D65BCE3 
 3699      4D6E33B2 
 3699      21E44956 
 3700 50cd 9BC67877 		.ascii	"\233\306xw\372OG\344\003\236\2147\035y\323\031\357\301"
 3700      FA4F47E4 
ARM GAS  /tmp/ccACgBoh.s 			page 302


 3700      039E8C37 
 3700      1D79D319 
 3700      EFC1
 3701 50df C14EA94C 		.ascii	"\301N\251L\357\271\2147\003y3\030\357\355Tj\245\254"
 3701      EFB98C37 
 3701      03793318 
 3701      EFED546A 
 3701      A5AC
 3702 50f1 DEE81ECB 		.ascii	"\336\350\036\313f\336L\344\315d\274]\251\37572\377\266"
 3702      66DE4CE4 
 3702      CD64BC5D 
 3702      A9FD3732 
 3702      FFB6
 3703 5103 CAE6A759 		.ascii	"\312\346\247Y\310\233\305x\263\342/Wd}(H\2467\033y\263"
 3703      C89BC578 
 3703      B3E22F57 
 3703      647D2848 
 3703      A6371B79 
 3704 5118 19EF7A52 		.ascii	"\031\357zRP\226,\276-\310\036f\316A\336\034\306\333"
 3704      50962CBE 
 3704      2DC81E66 
 3704      CE41DE1C 
 3704      C6DB
 3705 512a D63EF72C 		.ascii	"\326>\367,[\252\361\224\351\315E\336\\\306\233R\350"
 3705      5BAAF194 
 3705      E9CD45DE 
 3705      5CC69B52 
 3705      E8
 3706 513b B125EB17 		.ascii	"\261%\353\027\364%\341\222U5\344\315c\274\215\273\033"
 3706      F425E192 
 3706      5535E4CD 
 3706      63BC8DBB 
 3706      1B
 3707 514c 23B2F840 		.ascii	"#\262\370@\367\0300\363\346#o>\366\343\244\363\035Y"
 3707      F71830F3 
 3707      E6236F3E 
 3707      F6E3A4F3 
 3707      1D59
 3708 515e DB7990C5 		.ascii	"\333y\220\305\311\002\344-`\274\356]g\262\252\030\227"
 3708      C902E42D 
 3708      60BCEE5D 
 3708      67B2AA18 
 3708      97
 3709 516f 3D225D88 		.ascii	"=\"]\210\254\205\214\325u&2\334\231\014b\350\236\034"
 3709      AC858CD5 
 3709      752632DC 
 3709      990C62E8 
 3709      9E1C
 3710 5181 0ADC90BC 		.ascii	"\012\334\220\274\332w\306\335\224\373\323\351i\221\301"
 3710      DA77C6DD 
 3710      94FBD3E9 
 3710      6991C1
 3711 5190 9CAEC377 		.ascii	"\234\256\303w\21358\003M\327\003<\363\\ud\001\265\035"
 3711      8B353803 
 3711      4DD7033C 
 3711      F35C7564 
 3711      01B51D
ARM GAS  /tmp/ccACgBoh.s 			page 303


 3712 51a3 65EC2E69 		.ascii	"e\354.i\315\223\300\342A\331$\260D\242\255\304R[)\323"
 3712      CD93C0E2 
 3712      41D924B0 
 3712      44A2ADC4 
 3712      525B29D3 
 3713 51b7 D633B49B 		.ascii	"\3263\264\233B\310\026j\273(\273nP\233^\\\204\271S\372"
 3713      42C8166A 
 3713      BB28BB6E 
 3713      509B5E5C 
 3713      84B953FA 
 3714 51cb 74C3776C 		.ascii	"t\303wl\256\357V\030`8(7\210\3577,\235\277\022\301\254"
 3714      AEEF5618 
 3714      60382837 
 3714      88EF372C 
 3714      9DBF12C1 
 3715 51e0 0F7EAD10 		.ascii	"\017~\255\020_\315\326\246\246lB\231\004K\231%\226J"
 3715      5FCDD6A6 
 3715      A66C4299 
 3715      044B9925 
 3715      964A
 3716 51f2 86A56AE6 		.ascii	"\206\245j\346qUVU\362]A\252\320\247U\330\004V\256j\034"
 3716      71555655 
 3716      F25D41AA 
 3716      D0A755D8 
 3716      0456AE6A 
 3717 5207 A58FE4D2 		.ascii	"\245\217\344\322\327 \232\257\254V\033L\217\344\322"
 3717      D7209AAF 
 3717      AC561B4C 
 3717      8FE4D2
 3718 5216 EF20901D 		.ascii	"\357 \220\035}\320-k\343pZ\272\264\206\312k\230\362"
 3718      7DD02D6B 
 3718      E3705ABA 
 3718      B486CA6B 
 3718      98F2
 3719 5228 A9C5F414 		.ascii	"\251\305\364\024\001\237\213\320\300\341\351\301\312"
 3719      019F8BD0 
 3719      C0E1E9C1 
 3719      CA
 3720 5235 AC8E5C31 		.ascii	"\254\216\\1\037\221\371\206\321eg\020\243\377\353c\215"
 3720      1F91F986 
 3720      D1656710 
 3720      A3FFEB63 
 3720      8D
 3721 5246 F642A341 		.ascii	"\366B\243Ao\027k\204\364\372D\307\276c\242\355>\362"
 3721      6F176B84 
 3721      F4FA44C7 
 3721      BE63A2ED 
 3721      3EF2
 3722 5258 8660BE32 		.ascii	"\206`\2762D\317\013\365\206w\204\006\003\313\261\253"
 3722      44CF0BF5 
 3722      86778406 
 3722      03CBB1AB 
 3723 5268 BB76320D 		.ascii	"\273v2\015h\300\011\016\335&\013\252\235\361\220\276"
 3723      68C0090E 
 3723      DD260BAA 
 3723      9DF190BE 
 3724 5278 35A630C7 		.ascii	"5\2460\3073\315\205\334\241\275\225\300\204M\235\331"
ARM GAS  /tmp/ccACgBoh.s 			page 304


 3724      33CD85DC 
 3724      A1BD95C0 
 3724      844D9DD9 
 3725 5288 1EB52308 		.ascii	"\036\265#\010\355\314\246=\373\344\366J\244\366\350"
 3725      EDCCA63D 
 3725      FBE4F64A 
 3725      A4F6E8
 3726 5297 79A10DEC 		.ascii	"y\241\015\354\265\242\275\334\313\240x\376\2307-_\372"
 3726      B5A2BDDC 
 3726      CBA078FE 
 3726      98372D5F 
 3726      FA
 3727 52a8 56D2833D 		.ascii	"V\322\203=\361\370\0123\320\323\262\367l\220\026\250"
 3727      F1F80A33 
 3727      D0D3B2F7 
 3727      6C9016A8 
 3728 52b8 472CD01B 		.ascii	"G,\320\033\354+\327\037\"\325O\317\013]\240\277\033"
 3728      EC2BD71F 
 3728      22D54FCF 
 3728      0B5DA0BF 
 3728      1B
 3729 52c9 F52FB925 		.ascii	"\365/\271%\336\360\362\250\3410\254\375|\334@\002P\177"
 3729      DEF0F2A8 
 3729      E130ACFD 
 3729      7CDC4002 
 3729      507F
 3730 52db 4340FC89 		.ascii	"C@\374\211\263\240G\003\\Y\213TY?U6\010\312\006@\031"
 3730      B3A04703 
 3730      5C598B54 
 3730      593F5536 
 3730      08CA0640 
 3731 52f0 9690B093 		.ascii	"\226\220\260\223\024\014\375\004\215q\325\271\203\002"
 3731      140CFD04 
 3731      8D71D5B9 
 3731      8302
 3732 52fe 09FB0A3E 		.ascii	"\011\373\012>%\220\325\367\257h\354\0358\3128\033\363"
 3732      2590D5F7 
 3732      AF68EC1D 
 3732      38CA381B 
 3732      F3
 3733 530f 35906834 		.ascii	"5\220h4\266\366\260\231\344(3\226\342^\242\373\206\364"
 3733      B6F6B099 
 3733      E4283396 
 3733      E25EA2FB 
 3733      86F4
 3734 5321 06F1516A 		.ascii	"\006\361Qjn\014\314\2153s\366\354\004\232}~\376\376"
 3734      6E0CCC8D 
 3734      3373F6EC 
 3734      049A7D7E 
 3734      FEFE
 3735 5333 F387D971 		.ascii	"\363\207\331q4\261\217K\035\364\026\004\361NJ\323F\025"
 3735      34B18F4B 
 3735      1DF41604 
 3735      F14E4AD3 
 3735      4615
 3736 5345 B3E97E81 		.ascii	"\263\351~\201F\317\017P.a\004\332\364,\244\243\303\006"
 3736      46CF0F50 
ARM GAS  /tmp/ccACgBoh.s 			page 305


 3736      2E6104DA 
 3736      F42CA4A3 
 3736      C306
 3737 5357 73F2CBAE 		.ascii	"s\362\313\256\215LC\032+I\363\333~<\306\350\367e\332"
 3737      8D4C431A 
 3737      2B49F3DB 
 3737      7E3CC6E8 
 3737      F765DA
 3738 536a 0A843A2E 		.ascii	"\012\204:.Rk0]w3I\224\250L\022k\357\306\030[R\265tz"
 3738      526B305D 
 3738      77334994 
 3738      A84C126B 
 3738      EFC6185B 
 3739 5382 36C425BE 		.ascii	"6\304%\276\242\0240_\256[JT\305\033}\276,|\032\312F"
 3739      A214305F 
 3739      AE5B4A54 
 3739      C51B7DBE 
 3739      2C7C1ACA 
 3740 5397 996D3E87 		.ascii	"\231m>\207y\224\360\302\315=\0054\203c\205>\256\272"
 3740      7994F0C2 
 3740      CD3D0534 
 3740      8363853E 
 3740      AEBA
 3741 53a9 D70A98AF 		.ascii	"\327\012\230\257X\316<\314*gy\322>\005l3@\363@s@\223"
 3741      58CE3CCC 
 3741      2A6779D2 
 3741      3E056C33 
 3741      40F34073 
 3742 53bf 4013D2A9 		.ascii	"@\023\322\251\307\335\273\254\334\320\032\205\026n\252"
 3742      C7DDBBAC 
 3742      DCD01A85 
 3742      166EAA
 3743 53ce D98AA926 		.ascii	"\331\212\251&\203\011\336\031J@\373\022:\271\304\227"
 3743      8309DE19 
 3743      4A40FB12 
 3743      3AB9C497 
 3744 53de 95021D06 		.ascii	"\225\002\035\006\234]4\371\005\357\330\332\262\203\356"
 3744      9C5D34F9 
 3744      05EFD8DA 
 3744      B283EE
 3745 53ed 70FF4300 		.ascii	"p\377C\000\025\026\014/\351\332\321A\360\250,\234\347"
 3745      15160C2F 
 3745      E9DAD141 
 3745      F0A82C9C 
 3745      E7
 3746 53fe C9469F45 		.ascii	"\311F\237E\214\016\213,:<\026\354\327\3122\227sY\230"
 3746      8C0E8B2C 
 3746      3A3C16EC 
 3746      D7CA3297 
 3746      735998
 3747 5411 5A42DE25 		.ascii	"ZB\336%\306\373\334\276W!\037\001e\263\227e\344]f\274"
 3747      C6FBDCBE 
 3747      57211F01 
 3747      65B39765 
 3747      E45D66BC 
 3748 5425 23B5E9F5 		.ascii	"#\265\351\365\262Q-E\206a\005yWp\226Q\321\020a\317\367"
 3748      B2512D45 
ARM GAS  /tmp/ccACgBoh.s 			page 306


 3748      86610579 
 3748      57709651 
 3748      D11061CF 
 3749 543a 36A04F6E 		.ascii	"6\240On\245\271N\366;\221t\354\037\207!\301\355\016"
 3749      A5B94EF6 
 3749      3B9174EC 
 3749      1F8721C1 
 3749      ED0E
 3750 544c 24070F8A 		.ascii	"$\007\017\212\237\027\342ek\324\020\300\315J\377\302"
 3750      9F17E265 
 3750      6BD410C0 
 3750      CD4AFFC2 
 3751 545c FC60BD6B 		.ascii	"\374`\275k\306E\253\206\024\240\324\331^T\247=)e\007"
 3751      C645AB86 
 3751      14A0D4D9 
 3751      5E54A73D 
 3751      296507
 3752 546f EA8DF6E8 		.ascii	"\352\215\366\350I\"`/\010qcww\334\346\006\363;\243\014"
 3752      4922602F 
 3752      08716377 
 3752      77DCE606 
 3752      F33BA30C 
 3753 5483 0661136A 		.ascii	"\006a\023jj\307\372\304\322\372e\335-.p\252\371\230"
 3753      6AC7FAC4 
 3753      D2FA65DD 
 3753      2D2E70AA 
 3753      F998
 3754 5495 B00D75B1 		.ascii	"\260\015u\261\007\264+m8\013\331\304\230\361\036\233"
 3754      07B42B6D 
 3754      380BD9C4 
 3754      98F11E9B 
 3755 54a5 B5AE2994 		.ascii	"\265\256)\224K/kS8\017\231\214\231\"Y\267\216D\234\215"
 3755      4B2F6B53 
 3755      380F998C 
 3755      992259B7 
 3755      8E449C8D 
 3756 54b9 B62E24F9 		.ascii	"\266.$\371\273H\357\013\241\274\253\320\"\361\201\312"
 3756      BB48EF0B 
 3756      A1BCABD0 
 3756      22F181CA 
 3757 54c9 7D3A68DC 		.ascii	"}:h\334\262\373B\350w:\020\364NV\312\252\244E6\0118"
 3757      B2FB42E8 
 3757      773A10F4 
 3757      4E56CAAA 
 3757      A4453609 
 3758 54de C02A3960 		.ascii	"\300*9`U\222\227_\337!k\026\333j\351\000s\210\274\207"
 3758      5592975F 
 3758      DF216B16 
 3758      DB6AE900 
 3758      7388BC87 
 3759 54f2 8CF7223B 		.ascii	"\214\367\";7S6\322u\311\364\036!\357\021\343\355i\177"
 3759      375336D2 
 3759      75C9F41E 
 3759      21EF11E3 
 3759      ED697F
 3760 5505 9427D567 		.ascii	"\224'\325g2\275\307\310{\314x\313\275\012\342dz\017"
 3760      32BDC7C8 
ARM GAS  /tmp/ccACgBoh.s 			page 307


 3760      7BCC78CB 
 3760      BD0AE264 
 3760      7A0F
 3761 5517 65BC27C8 		.ascii	"e\274'\310{\302x\273\275\227\257eMsO\306{\212\274\247"
 3761      7BC278BB 
 3761      BD97AF65 
 3761      4D734FC6 
 3761      7B8ABCA7 
 3762 552b 38DA9EE6 		.ascii	"8\332\236\346\206\312\374\260/\303{\206\274g\214\367"
 3762      86CAFCB0 
 3762      2FC37B86 
 3762      BC678CF7 
 3763 553b 347BAA49 		.ascii	"4{\252I\306;/\323{\216\274\347\214\267=s>K\226\244n"
 3763      C63B2FD3 
 3763      7B8EBCE7 
 3763      8CB73D73 
 3763      3E4B96A4 
 3764 5550 C8782F90 		.ascii	"\310x/\220\367\002\223\311\314T\017\371\304Z\206\341"
 3764      F70293C9 
 3764      CC540FF9 
 3764      C45A86E1 
 3765 5560 12792F19 		.ascii	"\022y/\031o\204\307h\234,I]\226\351\275B\336+>\011\227"
 3765      6F84C768 
 3765      9C2C495D 
 3765      96E9BD42 
 3765      DE2B3E09 
 3766 5575 5F9B5993 		.ascii	"_\233Y\223\261^#\3535\272l\245oS\226\243\306\310.\207"
 3766      B15E23EB 
 3766      35BA6CA5 
 3766      6F5396A3 
 3766      C6C82E87 
 3767 5589 DC20EF0D 		.ascii	"\334 \357\015\343-\231\030\274V\223J\354N\007\017\335"
 3767      E32D9918 
 3767      BC56934A 
 3767      EC4E070F 
 3767      DD
 3768 559a BB846746 		.ascii	"\273\204gF\317\213\357\365\315\354\030\215\240\306C"
 3768      CF8BEFF5 
 3768      CDEC188D 
 3768      A0C643
 3769 55a9 50B352DC 		.ascii	"P\263R\334Jr\243[\313\334\350\216\345F\331UY\277+[\014"
 3769      4A72A35B 
 3769      CBDCE88E 
 3769      E546D955 
 3769      59BF2B5B 
 3770 55be 9415FE1E 		.ascii	"\224\025\376\036-\3373\313\245\015m\031\204t~\305\346"
 3770      2DDF33CB 
 3770      A50D6D19 
 3770      84747EC5 
 3770      E6
 3771 55cf AAF9A3D7 		.ascii	"\252\371\243\327Q\220y\221\360\321\300N\372Ee\0179\230"
 3771      51907991 
 3771      F0D1C04E 
 3771      FA45650F 
 3771      3998
 3772 55e1 16319FF0 		.ascii	"\0261\237\360dM\256\377\271\243\270\226\366\214\347"
 3772      644DAEFF 
ARM GAS  /tmp/ccACgBoh.s 			page 308


 3772      B9A3B896 
 3772      F68CE7
 3773 55f0 EEFD9AC3 		.ascii	"\356\375\232\303_\263\234\347\352\004)\241\321I\\L\363"
 3773      5FB39CE7 
 3773      EA0429A1 
 3773      D1495C4C 
 3773      F3
 3774 5601 9CEB9675 		.ascii	"\234\353\226u\012\370Y\202\333\315\211/\347\265\026"
 3774      0AF85982 
 3774      DBCD892F 
 3774      E7B516
 3775 5610 B836D993 		.ascii	"\2706\331\223\376\037\026\263\207\023;\031x\234\327"
 3775      FE1F16B3 
 3775      87133B19 
 3775      789CD7
 3776 561f A7362D41 		.ascii	"\2476-Az\342\311\221\234\200R\265\210\331\013\317\215"
 3776      7AE2C991 
 3776      9C8052B5 
 3776      88D90BCF 
 3776      8D
 3777 5630 BB6FAE11 		.ascii	"\273o\256\021\333\230}(fo\021sUx\353\243l\246\347#\303"
 3777      DB987D28 
 3777      666F1173 
 3777      5578EBA3 
 3777      6CA6E723 
 3778 5645 EC2B628E 		.ascii	"\354+b\2163\256\017\270\2201\333\230\313\215\245#\032"
 3778      33AE0FB8 
 3778      9031DB98 
 3778      CB8DA523 
 3778      1A
 3779 5656 11893F22 		.ascii	"\021\211?\"\251\255\037Ou\266\275\024\031H\221\004\210"
 3779      A9AD1F4F 
 3779      75B6BD14 
 3779      19489104 
 3779      88
 3780 5667 488266DB 		.ascii	"H\202f\333\302\345;\337\310\220\004\211H\022b\002\032"
 3780      C2E53BDF 
 3780      C8900489 
 3780      48126202 
 3780      1A
 3781 5678 D464DA36 		.ascii	"\324d\3326\222H\3679\037\027\323\372y\010BI\011t\035"
 3781      9248F739 
 3781      1F17D3FA 
 3781      79084249 
 3781      09741D
 3782 568b 7610E185 		.ascii	"v\020\341\205\342\271\264\211\272\350\377\257\266#\213"
 3782      E2B9B489 
 3782      BAE8FFAF 
 3782      B6238B
 3783 569a 91A3B8EE 		.ascii	"\221\243\270\356\354\334;3{\331\234&\011\221\022)J\262"
 3783      ECDC3B33 
 3783      7BD99C26 
 3783      09911229 
 3783      4AB2
 3784 56ac 3B7B798D 		.ascii	";{y\215\245(\222\275\213a\025;F\2365\207\242\250\324"
 3784      A52892BD 
 3784      8B61153B 
ARM GAS  /tmp/ccACgBoh.s 			page 309


 3784      469E3587 
 3784      A2A8D4
 3785 56bf D35DB3D3 		.ascii	"\323]\263\323l_\333]=\273\223?\014\037\020D. \201\030"
 3785      6C5FDB5D 
 3785      3DBB933F 
 3785      0C1F1044 
 3785      2E208118 
 3786 56d3 9270048C 		.ascii	"\222p\004\214\0118!\200\017\0106\341\010\010D$\220\342"
 3786      09382180 
 3786      0F0836E1 
 3786      08084424 
 3786      90E2
 3787 56e5 48602440 		.ascii	"H`$@\"\001D\022\020\"\2103\357Uu\367t\315\316\256W\212"
 3787      22014412 
 3787      10228833 
 3787      EF5575F7 
 3787      74CDCEAE 
 3788 56fb 9018BAEB 		.ascii	"\220\030\272\353\275W\257^\275z\365.\315x\363+\213w"
 3788      BD57AF5E 
 3788      BD7AF52E 
 3788      CD78F32B 
 3788      8B77
 3789 570d 2D8AF7B3 		.ascii	"-\212\367\263P\274\303'\336\375\217t{\257\225\304\273"
 3789      50BCC327 
 3789      DEFD8F74 
 3789      7BAF95C4 
 3789      BB
 3790 571e 2E14EFD3 		.ascii	".\024\357\323k>H$_\022\322\375\353\235k\356\0102\321"
 3790      6B3E4824 
 3790      5F12D2FD 
 3790      EB9D6BEE 
 3790      0832D1
 3791 5731 63DD303E 		.ascii	"c\3350>v\367\201\375}\311\267\306Wj\335F\177)\355\222"
 3791      76F781FD 
 3791      7DC9B7C6 
 3791      576ADD46 
 3791      7F29ED92 
 3792 5745 9EC40D42 		.ascii	"\236\304\015B\306W\257\336\367F$\367\215\002v\371s\327"
 3792      C657AFDE 
 3792      F74624F7 
 3792      8D0276F9 
 3792      73D7
 3793 5757 1D5FA5C3 		.ascii	"\035_\245\303\273\027\345\376e(\367CO?w\207d\224{%\271"
 3793      BB17E5FE 
 3793      6528F743 
 3793      4F3F7787 
 3793      64947B25 
 3794 576c 6F0AE42E 		.ascii	"o\012\344.\334\360\312\241\017K\211\360\2474Q\233\367"
 3794      DCF0CAA1 
 3794      0F4B89F0 
 3794      A734519B 
 3794      F7
 3795 577d B34FCEB8 		.ascii	"\263O\316\270\354\315\033\30475\303>\357-\245\223\367"
 3795      ECCD1BC4 
 3795      3735C33E 
 3795      EF2DA593 
 3795      F7
ARM GAS  /tmp/ccACgBoh.s 			page 310


 3796 578e 79C1D813 		.ascii	"y\301\330\023\037\027\333i\333\177\"#\265\204;\261m"
 3796      1F17DB69 
 3796      DB7F2223 
 3796      B5843BB1 
 3796      6D
 3797 579f 23056913 		.ascii	"#\005i\023\277(u\346\272\374\013Z?/m\340_iM\\\037L\301"
 3797      BF2875E6 
 3797      BAFC0B5A 
 3797      3F2F6DE0 
 3797      5F694D5C 
 3798 57b6 F4E8B6D2 		.ascii	"\364\350\266\322W\022w\302\347\327\360\271\031>\277"
 3798      571277C2 
 3798      E7D7F0B9 
 3798      193EBF
 3799 57c5 85CFEDF0 		.ascii	"\205\317\355\360\271\003>\267\302\347W"
 3799      B9033EB7 
 3799      C2E757
 3800 57d0 F0F94DA9 		.ascii	"\360\371M\251\275\245\014\367 q\371\262\205\227\375"
 3800      BDA50CF7 
 3800      2071F9B2 
 3800      8597FD
 3801 57df 98486A3F 		.ascii	"\230Hj?\313\264\235\332\317`4\211\037/\343\272\354\327"
 3801      CBB49DDA 
 3801      CF603489 
 3801      1F2FE3BA 
 3801      ECD7
 3802 57f1 3852ABBA 		.ascii	"8R\253\272\023m\033[\270*\211\037\256 \354\012]\355"
 3802      136D1B5B 
 3802      B82A891F 
 3802      AE20EC0A 
 3802      5DED
 3803 5803 0EB28679 		.ascii	"\016\262\206y\304\276'^\373\250O\356j\377\277\212\305"
 3803      C4BE275E 
 3803      FBA84FEE 
 3803      6AFFBF8A 
 3803      C5
 3804 5814 EBF4EE8F 		.ascii	"\353\364\356\217^\222n\373>I\202\273J\242\003R\342\337"
 3804      5E926EFB 
 3804      3E4982BB 
 3804      4AA20352 
 3804      E2DF
 3805 5826 6DBAF2F8 		.ascii	"m\272\362\370O\245@\377\276\024\265\366\013\332\375"
 3805      4FA540FF 
 3805      BE14B5F6 
 3805      0BDAFD
 3806 5835 9CF6D387 		.ascii	"\234\366\323\207_;\272\374\317\240\241\234w\227\244"
 3806      5F3BBAFC 
 3806      CFA0A19C 
 3806      7797A4
 3807 5844 9F6FFFE3 		.ascii	"\237o\377\343\355\237$\226})`9\335\033{\337\272W\222"
 3807      ED9F2496 
 3807      7D296039 
 3807      DD1B7BDF 
 3807      BA5792
 3808 5857 F377929C 		.ascii	"\363w\222\234\367\004\327\247\373\223[^8\230\\\351\027"
 3808      F704D7A7 
 3808      FB935B5E 
ARM GAS  /tmp/ccACgBoh.s 			page 311


 3808      38985CE9 
 3808      17
 3809 5868 995D897B 		.ascii	"\231]\211{\003%\035\210[\326\353{\373\305\327\016\201"
 3809      03251D88 
 3809      5BD6EB7B 
 3809      FBC5D70E 
 3809      81
 3810 5879 0BFF471F 		.ascii	"\013\377G\037\356\355l1X\304~\366\324G\211\344m\023"
 3810      EEED6C31 
 3810      58C47EF6 
 3810      D44789E4 
 3810      6D13
 3811 588b DC73FCFB 		.ascii	"\334s\374\373\225g^.\254\360\233\226\337\227\222\355"
 3811      95675E2E 
 3811      ACF09B96 
 3811      DF9792ED 
 3812 589b 8B61ECB8 		.ascii	"\213a\354\270\373\341\247\244\236\376\037\244\225\356"
 3812      FBE1A7A4 
 3812      9EFE1FA4 
 3812      95EE
 3813 58a9 131ABC8F 		.ascii	"\023\032\274\217k\360\236\333_o\365\024\257X\301a$\376"
 3813      6BF09EDB 
 3813      5F6FF514 
 3813      AF58C161 
 3813      24FE
 3814 58bb C869DF79 		.ascii	"\310i\337y\376\252}\322\311<*e\361\367\013\332\3739"
 3814      FEAA7DD2 
 3814      C93C2A65 
 3814      F1F70BDA 
 3814      FB39
 3815 58cd EDD5EFBF 		.ascii	"\355\325\357\277q\271\324\223\330#\375`\376\001A\373"
 3815      71B9D493 
 3815      D823FD60 
 3815      FE0141FB 
 3816 58dd 00A73DFE 		.ascii	"\000\247=\376\374\211\277J\351\317\011\211\366AA\373"
 3816      FC89BF4A 
 3816      E9CF0989 
 3816      F64141FB 
 3817 58ed 20A7FDE7 		.ascii	" \247\375\347\323\177{P\212`\007%\031\016\012\332\203"
 3817      D37F7B50 
 3817      8A600725 
 3817      190E0ADA 
 3817      83
 3818 58fe 9CF6BF2F 		.ascii	"\234\366\277/\337\370\200\344\014\237\224zt\207\004"
 3818      DFF880E4 
 3818      0C9F947A 
 3818      748704
 3819 590d ED214EBB 		.ascii	"\355!N\273\347\205\367\256\227\370\036\220\370\036\026"
 3819      E785F7AE 
 3819      97F81E90 
 3819      F81E16
 3820 591c B48739ED 		.ascii	"\264\2079\355\341\247/\333\337\233< \216\247\323_\316"
 3820      E1A72FDB 
 3820      DF9B3C20 
 3820      8EA7D35F 
 3820      CE
 3821 592d 3BF2ECA1 		.ascii	";\362\354\241=\205\225\3772\343\303\350\262\037\012"
ARM GAS  /tmp/ccACgBoh.s 			page 312


 3821      3D8595FF 
 3821      32E3C3E8 
 3821      B21F0A
 3822 593c 5DF6DEB7 		.ascii	"]\366\336\267\337{\2667H\240\376r\363\267\216|\320J"
 3822      DF7BB637 
 3822      48A0FE72 
 3822      F3B78E7C 
 3822      D04A
 3823 594e A0803071 		.ascii	"\240\2000q\244\324J\240\340]N\240\376T\342\177,|\317"
 3823      A4D44AA0 
 3823      E05D4EA0 
 3823      FE54E27F 
 3823      2C7CCF
 3824 5961 B1D7A434 		.ascii	"\261\327\2444\3729I\366G\204\354\217p\331\237y\365\276"
 3824      FA3949F6 
 3824      4784EC8F 
 3824      70D99F79 
 3824      F5BE
 3825 5973 9724DB78 		.ascii	"\227$\333xR\242=*h\217\226:~/\363E\211\366\230\240="
 3825      52A23D2A 
 3825      688F963A 
 3825      7E2FF345 
 3825      89F698A0 
 3826 5988 C6696FBD 		.ascii	"\306io\275\366\235\307\344?\321\230\216\337\332G\005"
 3826      F69DC7E4 
 3826      3FD1988E 
 3826      DFDA4705 
 3827 5998 EDA39CF6 		.ascii	"\355\243\234\366\252\273\376~S\"\374{=W\234\354\357"
 3827      AABBFE7E 
 3827      5322FC7B 
 3827      3D579CEC 
 3827      EF
 3828 59a9 F524FE5C 		.ascii	"\365$\376\\\302/\236\354?z\347=\222\221\034\227\204"
 3828      C22F9EEC 
 3828      3F7AE73D 
 3828      92911C97 
 3828      84
 3829 59ba 794C2CF0 		.ascii	"yL,\360\030_\340\361\217\337|QJf?\223\\\310\343\202"
 3829      185FE0F1 
 3829      8FDF7C51 
 3829      4A663F93 
 3829      5CC8E382 
 3830 59ce F6714EFB 		.ascii	"\366qN\373\324\225'\366H\371\364\207\022\355\023\202"
 3830      D49527F6 
 3830      48F9F487 
 3830      12ED1382 
 3831 59de F68952C7 		.ascii	"\366\211R\307/\300\036\221R\325'\005->\222\015\223m"
 3831      2FC01E91 
 3831      52D52705 
 3831      2D3E920D 
 3831      936D
 3832 59f0 181E2EC3 		.ascii	"\030\036.\303\177\252\355\322\262\347\252e\305\366\210"
 3832      7FAAEDD2 
 3832      B2E7AA65 
 3832      C5F688
 3833 59ff D7F41835 		.ascii	"\327\364\0305\207\325\334y\337\335}\366\324\346\315"
 3833      87D5DC79 
ARM GAS  /tmp/ccACgBoh.s 			page 313


 3833      DFDD7DF6 
 3833      D4E6CD
 3834 5a0e 5DA52DB6 		.ascii	"]\245-\266\267\263\302\\\252\230\027\356\230- \215\355"
 3834      B7B3C25C 
 3834      AA9817EE 
 3834      982D208D 
 3834      ED
 3835 5a1f F16156AD 		.ascii	"\361aV\255+\226E\215\022\302t;\030\025\201~f\347\224"
 3835      2B96458D 
 3835      12C2743B 
 3835      1815817E 
 3835      66E794
 3836 5a32 187C31B6 		.ascii	"\030|1\266\202n\211\025\364`\372p\275\253\247\305\373"
 3836      826E8915 
 3836      F460FA70 
 3836      BDABA7C5 
 3836      FB
 3837 5a43 B4AD8A47 		.ascii	"\264\255\212G+t\301\247\026\323\025#ZpLp\230\247.\260"
 3837      2B74C1A7 
 3837      16D31523 
 3837      5A704C70 
 3837      98A72EB0 
 3838 5a57 2B4FD5F5 		.ascii	"+O\325\365\252\276\263R\266\275r]1\220\245\341k\024"
 3838      AABEB352 
 3838      B6BD725D 
 3838      3190A5E1 
 3838      6B14
 3839 5a69 DF8960EA 		.ascii	"\337\211`\352\001\327\365\235X\245@<\267\333\366\212"
 3839      01D7F59D 
 3839      58A5403C 
 3839      B7DBF68A 
 3840 5a79 B40160E2 		.ascii	"\264\001`\342\331\276\253\322\224E\227X\257\200\030"
 3840      D9BEABD2 
 3840      94459758 
 3840      AF8018
 3841 5a88 3A6CDCA2 		.ascii	":l\334\242n\277<$lx%\011\\\026\011\240\326\371,\\\275"
 3841      6EBF3C24 
 3841      6C782509 
 3841      5C1609A0 
 3841      D6F92C5C 
 3842 5a9d 37BE0061 		.ascii	"7\276\000a\2519G\267\317\352\240\206@\321\365\2564\331"
 3842      A93947B7 
 3842      CFEAA086 
 3842      40D1F5AE 
 3842      34D9
 3843 5aaf 6ADB46D2 		.ascii	"j\333F\322Q\334T\315\267\324~\265N\032\272\313|\330"
 3843      51DC54CD 
 3843      B7D47EB5 
 3843      4E1ABACB 
 3843      7CD8
 3844 5ac1 13D34DEA 		.ascii	"\023\323M\352\366I#\302r\015\206t\204\2455\0242\345"
 3844      F64923C2 
 3844      720D8674 
 3844      84A53514 
 3844      32E5
 3845 5ad3 B8B45182 		.ascii	"\270\264Q\202I\0325\230\302\345\356\223FH\210\203\022"
 3845      491A3598 
ARM GAS  /tmp/ccACgBoh.s 			page 314


 3845      C2E5EE93 
 3845      46488883 
 3845      12
 3846 5ae4 ACA85B8C 		.ascii	"\254\250[\214\272\015\3445\264\246]\341|\334T\306\245"
 3846      BA0DE435 
 3846      B4A65DE1 
 3846      7CDC54C6 
 3846      A5
 3847 5af5 86AD68E5 		.ascii	"\206\255h\3455M\262\253\227R\225O\023\312\256\031\312"
 3847      354DB2AB 
 3847      9752954F 
 3847      13CAAE19 
 3847      CA
 3848 5b06 9C4758D6 		.ascii	"\234GX\326\207\325\317!,\343\351?\000\305\024}\313\323"
 3848      87D5CF21 
 3848      2CE3E93F 
 3848      00C5147D 
 3848      CBD3
 3849 5b18 E72CAA9D 		.ascii	"\347,\252\235\015\340L\325\257\325\250\233\021\2078"
 3849      0DE04CD5 
 3849      AFD5A89B 
 3849      118738
 3850 5b27 006651A9 		.ascii	"\000fQ\251S\243e\005\275\2401\017!\202\240\237+\020"
 3850      53A36505 
 3850      BDA0310F 
 3850      2182A09F 
 3850      2B10
 3851 5b39 C781D1F5 		.ascii	"\307\201\321\365\2053\002\273\333\320I\341\210\307\003"
 3851      853302BB 
 3851      DBD049E1 
 3851      88C703
 3852 5b48 92B967C4 		.ascii	"\222\271g\304\311\365\330\336\366\340\310\323\\\340"
 3852      C9F5D8DE 
 3852      F6E0C8D3 
 3852      5CE0
 3853 5b56 02879B8A 		.ascii	"\002\207\233\2127\017*\017\255!\017\232eu\230\246\345"
 3853      370F2A0F 
 3853      AD210F9A 
 3853      657598A6 
 3853      E5
 3854 5b67 C403B6B3 		.ascii	"\304\003\266\263\310\3113\342\3003\252m\325\364\271"
 3854      C8C933E2 
 3854      C033AA6D 
 3854      D5F4B9
 3855 5b76 8196807C 		.ascii	"\201\226\200|\014g\3401\205\321\336\010\316\207\375"
 3855      0C67E031 
 3855      85D1DE08 
 3855      CE87FD
 3856 5b85 F2109839 		.ascii	"\362\020\2309\256m:,e)&\315\007+,*=\036\233W\014P\026"
 3856      AE6D3A2C 
 3856      652926CD 
 3856      072B2C2A 
 3856      3D1E9B57 
 3857 5b9c 61F96846 		.ascii	"a\371hF\336v\250\2530\335\266z\350\022U\221\201\357"
 3857      DE76A8AB 
 3857      30DDB67A 
 3857      E8125591 
ARM GAS  /tmp/ccACgBoh.s 			page 315


 3857      81EF
 3858 5bae C1393138 		.ascii	"\301918\336\254j\233\246bi1=\011\300`;\200\260\036C"
 3858      DEAC6A9B 
 3858      A6626931 
 3858      3D09C060 
 3858      3B80B01E 
 3859 5bc3 81B92A32 		.ascii	"\201\271*2\352\213\260b<\3206\2063\254\203\"l\267\231"
 3859      EA8BB062 
 3859      3CD03686 
 3859      33AC8322 
 3859      6CB799
 3860 5bd6 A19ACEA8 		.ascii	"\241\232\316\250\226\363\250\001GM\265\254\352\273."
 3860      96F3A801 
 3860      474DB5AC 
 3860      EABB2E
 3861 5be5 A82BAD5B 		.ascii	"\250+\255[\216\3172\212;\007\007\232\361\350\202A-|"
 3861      8ECF328A 
 3861      3B07079A 
 3861      F1E88241 
 3861      2D7C
 3862 5bf7 C0280F24 		.ascii	"\300(\017$\236\355:\266\227\001\340\034\253\027\"\356"
 3862      9EED3AB6 
 3862      9701E01C 
 3862      AB1722EE 
 3863 5c07 84711782 		.ascii	"\204q\027\202\366\015\242\230N\012\337rh.\223\023\204"
 3863      F60DA298 
 3863      4E0ADF72 
 3863      682E9313 
 3863      84
 3864 5c18 9DD9E12C 		.ascii	"\235\331\341,\221\000\216\262O\232\006\347\304L\242"
 3864      91008EB2 
 3864      4F9A06E7 
 3864      C44CA2
 3865 5c27 7B9AC7B2 		.ascii	"{\232\307\262\360\322\324\224&>\027\203g\223*n\006\236"
 3865      F0D2D494 
 3865      263E1783 
 3865      67932A6E 
 3865      069E
 3866 5c39 A66DE1D0 		.ascii	"\246m\341\320\014\300u87\016\326-|xT\355f\346\367\312"
 3866      0CC07538 
 3866      370ED62D 
 3866      7C7854ED 
 3866      66E6F7CA 
 3867 5c4d 75DBA465 		.ascii	"u\333\244eGg\3459U\035R\\s\210\232U\252iT\213\000\226"
 3867      4767E539 
 3867      551D525C 
 3867      73889A55 
 3867      AA69548B 
 3868 5c63 6DD121AA 		.ascii	"m\321!\252T\365\241\315Cc#c#C\013cC\276\243\3019\226"
 3868      54F5A1CD 
 3868      43632363 
 3868      23430B63 
 3868      43BEA3C1 
 3869 5c79 25747433 		.ascii	"%tt3\002\241\371\306\306\307\010;\255\335\212\203\213"
 3869      02A1F9C6 
 3869      C6C7083B 
 3869      ADDD8A83 
ARM GAS  /tmp/ccACgBoh.s 			page 316


 3869      8B
 3870 5c8a 5214709F 		.ascii	"R\024p\237i\366\242\325\033\037\240\031!}.\364\241="
 3870      69F6A2D5 
 3870      1B1FA019 
 3870      217D2EF4 
 3870      A13D
 3871 5c9c 2D4FD23D 		.ascii	"-O\322=\321\225\203u\033\233\206\314\256\036P\026\243"
 3871      D1958375 
 3871      1B9B86CC 
 3871      AE1E5016 
 3871      A3
 3872 5cad 4B43E678 		.ascii	"KC\346x\327)\004H*Mo\267\203\313O)\206QU\324\371\263"
 3872      D7290448 
 3872      2A4D6FB7 
 3872      83CB4F29 
 3872      865155D4 
 3873 5cc3 56F1FC5D 		.ascii	"V\361\374]i\225\352F-\015\226\013\336\305\240J-k\331"
 3873      6995EA46 
 3873      2D0D960B 
 3873      DEC5A04A 
 3873      2D6BD9
 3874 5cd6 608BF6E2 		.ascii	"`\213\366\342\347\242\025Sau\320JA\255\243\224\226a"
 3874      E7A21553 
 3874      6175D04A 
 3874      41ADA394 
 3874      9661
 3875 5ce8 ABF3DF58 		.ascii	"\253\363\337X\223\233\001ya\336\227\203\375\361\033"
 3875      939B0179 
 3875      61DE9783 
 3875      FDF11B
 3876 5cf7 AD9ADA77 		.ascii	"\255\232\332w\370$\006\026\021\356\365Km\024\225@\231"
 3876      F8240616 
 3876      11EEF54B 
 3876      6D149540 
 3876      99
 3877 5d08 213EA7D6 		.ascii	"!>\247\326/\234\255P6\363\3655-\333`\260\352\272\200"
 3877      2F9CAD50 
 3877      36F3F535 
 3877      2DDB60B0 
 3877      EABA80
 3878 5d1b E779E0DC 		.ascii	"\347y\340\334C>g\204\313\010\3663\226\316\206\301\251"
 3878      433E6784 
 3878      CB08F633 
 3878      96CE86C1 
 3878      A9
 3879 5d2c B3E191C1 		.ascii	"\263\341\221\301\345\230P\250\013\\0\206\012\327\374"
 3879      E59850A8 
 3879      0B5C3086 
 3879      0AD7FC
 3880 5d3b 8C55B32B 		.ascii	"\214U\263+\024f(p\303\316\354\214\337\256[\364\253m"
 3880      14662870 
 3880      C3CEEC8C 
 3880      DFAE5BF4 
 3880      AB6D
 3881 5d4d FBD9414D 		.ascii	"\373\331AM\3157\235P\014\262\225\331\363\372\326\214"
 3881      CD379D50 
 3881      0CB295D9 
ARM GAS  /tmp/ccACgBoh.s 			page 317


 3881      F3FAD68C 
 3882 5d5d 6BFB9656 		.ascii	"k\373\226V\373\332I\210\035\344?\015\220/\256N\030n"
 3882      FBDA4988 
 3882      1DE43F0D 
 3882      902FAE4E 
 3882      186E
 3883 5d6f 81C18684 		.ascii	"\201\301\206\204)Uz\004\010w\323\037h\203\006\270\213"
 3883      29557A04 
 3883      0877D31F 
 3883      688306B8 
 3883      8B
 3884 5d80 0722C034 		.ascii	"\007\"\3004\234\374,\200N\355\274\241\015m\313\",\\"
 3884      9CFC2C80 
 3884      4EEDBCA1 
 3884      0D6DCB22 
 3884      2C5C
 3885 5d92 B3105B33 		.ascii	"\263\020[3`Xi1\374B\333\314)\356h\303\271=\341\\\333"
 3885      60586931 
 3885      FC42DBCC 
 3885      29EE68C3 
 3885      B93DE15C 
 3886 5da7 298AD769 		.ascii	")\212\327i\252\203\244\247G\202U\230\026?\275\222\243"
 3886      AA83A4A7 
 3886      47825598 
 3886      163FBD92 
 3886      A3
 3887 5db8 186AA815 		.ascii	"\030j\250\025\226\347\326x\276b\2541N\202k1\232`\027"
 3887      96E7D678 
 3887      BE62AC31 
 3887      4E826B31 
 3887      9A6017
 3888 5dcb FD84547D 		.ascii	"\375\204T}\335`\272E\350\222\003\256q\220\020\255:G"
 3888      DD60BA45 
 3888      E89203AE 
 3888      719010AD 
 3888      3A47
 3889 5ddd 8002D8FA 		.ascii	"\200\002\330\372\334\272\327\306Q\243U\177\016-\015"
 3889      DCBAD7C6 
 3889      51A3557F 
 3889      0E2D0D
 3890 5dec 4D99A087 		.ascii	"M\231\240\207\367!@\210[_@\230\347\353\0301V\014\311"
 3890      F7214088 
 3890      5B5F4098 
 3890      E7EB1831 
 3890      560CC9
 3891 5dff 4813E347 		.ascii	"H\023\343Gp\214\336G\255\3633\257\215\257\226X\031z"
 3891      708CDE47 
 3891      ADF333AF 
 3891      8DAF9658 
 3891      197A
 3892 5e11 B51C2454 		.ascii	"\265\034$T\345p\002\206N\265>[\327f\251\013\316\022"
 3892      E5700286 
 3892      4EB53E5B 
 3892      D766A90B 
 3892      CE12
 3893 5e23 6FF49A76 		.ascii	"o\364\232v\"\302\030\336\325uj\375\334\006\333\352B"
 3893      22C218DE 
ARM GAS  /tmp/ccACgBoh.s 			page 318


 3893      D5756AFD 
 3893      DC06DBEA 
 3893      42
 3894 5e34 26A142D0 		.ascii	"&\241B\320\331&\342&sUp\371\216\357R\3603\226\345\033"
 3894      D926E226 
 3894      735570F9 
 3894      8EEF52F0 
 3894      3396E51B 
 3895 5e48 C6F73F0F 		.ascii	"\306\367?\017?\003\353\350\026jt\275b\267\214\006\317"
 3895      3F03EBE8 
 3895      166A74BD 
 3895      62B78C06 
 3895      CF
 3896 5e59 E57C6A38 		.ascii	"\345|j8\353#_\014\037\310\250 y\364\330\251\235\200"
 3896      EB235F0C 
 3896      1FC8A820 
 3896      79F4D8A9 
 3896      9D80
 3897 5e6b 1031D161 		.ascii	"\0201\321aL\333\3502\212\342u\027\365`\000\231\333t"
 3897      4CDBE832 
 3897      8AE27517 
 3897      F5600099 
 3897      DB74
 3898 5e7d 758EB39C 		.ascii	"u\216\263\234\202\240\352\315lX~\370\244\006\001\036"
 3898      82A0EACD 
 3898      6C587EF8 
 3898      A406011E 
 3899 5e8d 62945BF4 		.ascii	"b\224[\364\030\030\341\024\\R\310\310\362\350{\301\246"
 3899      1818E114 
 3899      5C52C8C8 
 3899      F2E87BC1 
 3899      A6
 3900 5e9e 5749CB96 		.ascii	"WI\313\226\247\273\260\2253\342\013H\354\327wP\365L"
 3900      A7BBB095 
 3900      33E20B48 
 3900      ECD77750 
 3900      F54C
 3901 5eb0 CC3A1B0A 		.ascii	"\314:\033\012\241\226\226'\370\202\311\015\030|C\034"
 3901      A1969627 
 3901      F882C90D 
 3901      187C431C 
 3902 5ec0 7336800C 		.ascii	"s6\200\014J\304\036^\302\224c/\326\332wY\031\014\365"
 3902      4AC41E5E 
 3902      C294632F 
 3902      D6DA7759 
 3902      190CF5
 3903 5ed3 B945834B 		.ascii	"\271E\203K\310\263\012\021\301xFBX\204\337\311\363B"
 3903      C8B30A11 
 3903      C1784642 
 3903      5884DFC9 
 3903      F342
 3904 5ee5 F417C510 		.ascii	"\364\027\305\020\204\003\214pA\021\300}I\373\236\372"
 3904      84038C70 
 3904      4111C07D 
 3904      49FB9EFA 
 3905 5ef5 B9D181B6 		.ascii	"\271\321\201\266\301u\330\256\316 j\203\2446ag\271L"
 3905      C175D8AE 
ARM GAS  /tmp/ccACgBoh.s 			page 319


 3905      CE206A83 
 3905      A4366167 
 3905      B94C
 3906 5f07 855BDFA0 		.ascii	"\205[\337\240n\344\024fm`\344\253l\326,\354\232\235"
 3906      6EE41466 
 3906      6D60E4AB 
 3906      6CD62CEC 
 3906      9A9D
 3907 5f19 0AA12B66 		.ascii	"\012\241+f\360\355J\005\206X\225\300\003\316\006g\346"
 3907      F0ED4A05 
 3907      865895C0 
 3907      03CE0667 
 3907      E6
 3908 5f2a 918BABC3 		.ascii	"\221\213\253\303\022%%\312\032A\023\247+R\016\211;\027"
 3908      122525CA 
 3908      1A4113A7 
 3908      2B520E89 
 3908      3B17
 3909 5f3c 217C9D22 		.ascii	"!|\235\"'\242\270#^\332l\361\232\226\012A\324\262}/"
 3909      27A2B823 
 3909      5EDA6CF1 
 3909      9A960A41 
 3909      D4B27D2F 
 3910 5f50 C0E13A15 		.ascii	"\300\341:\025\261Nl+\341\006f\355P|\\\014\237\323Js"
 3910      B14E6C2B 
 3910      E10666ED 
 3910      507C5C0C 
 3910      9FD34A73 
 3911 5f64 67ED224A 		.ascii	"g\355\"J\347\267\301!#\222g\022\243\223Pd@\310\320?"
 3911      E7B7C121 
 3911      23926712 
 3911      A3935064 
 3911      40C8D03F 
 3912 5f78 A75B0345 		.ascii	"\247[\003EF\025\225\302O\341\022\235\032Z1\026\252\273"
 3912      461595C2 
 3912      4FE1129D 
 3912      1A5A3116 
 3912      AABB
 3913 5f8a 4A84F06A 		.ascii	"J\204\360j\204\014o\034\333<\232\013G\375\266\007\363"
 3913      840C6F1C 
 3913      DB3C9A0B 
 3913      47FDB607 
 3913      F3
 3914 5f9b B8D321DC 		.ascii	"\270\323!\334S"
 3914      53
 3915 5fa0 E53D5E90 		.ascii	"\345=^\220\251\324\353\345\336+\030\021\366\355\216"
 3915      A9D4EBE5 
 3915      DE2B1811 
 3915      F6ED8E
 3916 5faf 87C3BD17 		.ascii	"\207\303\275\027\347Q\026\211u\014\"\270\272\266\215"
 3916      E7511689 
 3916      750C22B8 
 3916      BAB68D
 3917 5fbe 57A0E4B2 		.ascii	"W\240\344\262\330*\347\254\314\014|R\234S8-`\223\004"
 3917      D82AE7AC 
 3917      CC0C7C52 
 3917      9C53382D 
ARM GAS  /tmp/ccACgBoh.s 			page 320


 3917      609304
 3918 5fd1 1D175B59 		.ascii	"\035\027[Y\020D\000\022\334I\267\010\027\301\363H\025"
 3918      10440012 
 3918      DC49B708 
 3918      17C1F348 
 3918      15
 3919 5fe2 0E919082 		.ascii	"\016\221\220\202\030\300\335!\004\266\016\232S\002L"
 3919      18C0DD21 
 3919      04B60E9A 
 3919      53024C
 3920 5ff1 31187154 		.ascii	"1\030qT\037\001\3061do4\016gBz"
 3920      1F01C631 
 3920      646F340E 
 3920      67427A
 3921 6000 C65A33F9 		.ascii	"\306Z3\371(D\271\212\271\251\205\342\243\030jRBM\306"
 3921      2844B98A 
 3921      B9A985E2 
 3921      A3186A52 
 3921      424DC6
 3922 6013 511B25D4 		.ascii	"Q\033%\324\3068jBBM\304Q\343\022j<\216\032\223Pcq\324"
 3922      C6386A42 
 3922      424DC451 
 3922      E3126A3C 
 3922      8E1A9350 
 3923 602a A8841A8D 		.ascii	"\250\204\032\215\243F$\324H\244\021Ho\275\372\246\226"
 3923      A34624D4 
 3923      48A41148 
 3923      6FBDFAA6 
 3923      96
 3924 603b 4682B184 		.ascii	"F\202\261\204\236lCO\312\350\215m\350\2152z\242\015"
 3924      9E6C434F 
 3924      CAE88D6D 
 3924      E88D327A 
 3924      A20D
 3925 604d 3D21A3C7 		.ascii	"=!\243\307\333\320\3432z\254\015=&\243G\333\320\243"
 3925      DBD0E332 
 3925      7AAC0D3D 
 3925      26A347DB 
 3925      D0A3
 3926 605f 327AA40D 		.ascii	"2z\244\015\035\354{}\220\341\233\032\231\217R\323\\"
 3926      1DEC7B7D 
 3926      90E19B1A 
 3926      998F52D3 
 3926      5C
 3927 6070 9869C40A 		.ascii	"\230i\304\0124SS\301\262\007Z\344\246\310\300\006[\220"
 3927      345353C1 
 3927      B2075AE4 
 3927      A6C8C006 
 3927      5B90
 3928 6082 A8266881 		.ascii	"\250&h\201t\310\227\372[CQm\226\204\021\237\315\301"
 3928      74C897FA 
 3928      5B43516D 
 3928      9684119F 
 3928      CDC1
 3929 6094 5D85A0C8 		.ascii	"]\205\240\310\302\2322\215\376l4\011\336\006\375#\231"
 3929      C29A328D 
 3929      FE6C3409 
ARM GAS  /tmp/ccACgBoh.s 			page 321


 3929      DE06FD23 
 3929      99
 3930 60a5 6D3A749A 		.ascii	"m:t\232\326\320\021\211\256\005\313\302+\312\001<\231"
 3930      D6D01189 
 3930      AE05CBC2 
 3930      2BCA013C 
 3930      99
 3931 60b6 16AF4D8A 		.ascii	"\026\257M\212\012:\260`0\330VnC\205\236\254L\217\245"
 3931      0A3AB060 
 3931      30D8566E 
 3931      43859EAC 
 3931      4C8FA5
 3932 60c9 55740969 		.ascii	"Ut\011i\337\003\017Y\332]\331\262k6\\\241\333\256v\353"
 3932      DF030F59 
 3932      DA5DD9B2 
 3932      6B365CA1 
 3932      DBAE76EB 
 3933 60dd D58C0D97 		.ascii	"\325\214\015\227\336\247\271\005\002\005\205^kB\031"
 3933      DEA7B905 
 3933      0205855E 
 3933      6B4219
 3934 60ec 4338A427 		.ascii	"C8\244'|\201{\267 p \312\002q5\207\271\360\\t\341\231"
 3934      7C817BB7 
 3934      207020CA 
 3934      02713587 
 3934      B9F05C74 
 3935 6102 5E2090CD 		.ascii	"^ \220\315\301d\321+\310/\300nE\364\004\002E\207@5\327"
 3935      C164D12B 
 3935      C82FC06E 
 3935      45F40402 
 3935      45874035 
 3936 6117 1F95E79E 		.ascii	"\037\225\347\236\340\227\026\013\002X\254\023\276\020"
 3936      E097160B 
 3936      0258AC13 
 3936      BE10
 3937 6125 D627D141 		.ascii	"\326'\321A\345\275\000Q\317\232\037]k\250\340\323x\277"
 3937      E5BD0051 
 3937      CF9A1F5D 
 3937      6BA8E0D3 
 3937      78BF
 3938 6137 C7F619D4 		.ascii	"\307\366\031\324\274\021\037\235\277\224x!\034m\012"
 3938      BC111F9D 
 3938      BF947821 
 3938      1C6D0A
 3939 6146 6B525EE0 		.ascii	"kR^\340\247\271\236\373*\324\325\025CD\026P\336\000"
 3939      A7B99EFB 
 3939      2AD4D515 
 3939      43441650 
 3939      DE00
 3940 6158 8FE81C46 		.ascii	"\217\350\034F4\016\314\270K\330zX\2638b2\266\\\342\254"
 3940      340ECCB8 
 3940      4BD87A58 
 3940      B3386232 
 3940      B65CE2AC 
 3941 616c CF5D6DBA 		.ascii	"\317]m\272\0035\242W\256\314\356\030\037+o\337>]\346"
 3941      0335A257 
 3941      AECCEE18 
ARM GAS  /tmp/ccACgBoh.s 			page 322


 3941      1F2B6FDF 
 3941      3E5DE6
 3942 617f 07D6188D 		.ascii	"\007\326\030\215\261#\206\241\241oT\353#=\246\002\261"
 3942      B12386A1 
 3942      A16F54EB 
 3942      233DA602 
 3942      B1
 3943 6190 86AB2C6B 		.ascii	"\206\253,k\262%L\020P\253&$\245K9\352\200\251\203\372"
 3943      B2254C10 
 3943      50AB2624 
 3943      A54B39EA 
 3943      80A983FA 
 3944 61a4 B3C13164 		.ascii	"\263\3011d\001\023$\025A\007*\341g\350\"n(\263\310`"
 3944      01132415 
 3944      41072AE1 
 3944      67E8226E 
 3944      28B3C860 
 3945 61b8 BA030F8F 		.ascii	"\272\003\017\217\232\016D\022X\312T\234:\024\242\351"
 3945      9A0E4412 
 3945      58CA549C 
 3945      3A14A2E9 
 3946 61c8 45C65C67 		.ascii	"E\306\\g0\350z\270\024\316XD\010 \266\253\227:9\272"
 3946      30E87AB8 
 3946      14CE5844 
 3946      0820B6AB 
 3946      973A39BA 
 3947 61dc A433D5D6 		.ascii	"\2443\325\326h\332\364\346\000\352jMx\201\022\036@X"
 3947      68DAF4E6 
 3947      00EA6A4D 
 3947      7881121E 
 3947      4058
 3948 61ee FA872D94 		.ascii	"\372\207-\224E\005/b\032\356\011u!a%\330r\204JV\001"
 3948      45052F62 
 3948      1AEE0975 
 3948      216125D8 
 3948      72844A56 
 3949 6203 5EA5D83B 		.ascii	"^\245\330;aI\225-u{N\001\025\001`\006\303\"\177\207"
 3949      6149952D 
 3949      757B4E01 
 3949      15016006 
 3949      C3227F87 
 3950 6217 5B840E79 		.ascii	"[\204\016yr%\355a\357\304\266\002\005n\331\265\003j"
 3950      7225ED61 
 3950      EFC4B602 
 3950      056ED9B5 
 3950      036A
 3951 6229 EE1D90E8 		.ascii	"\356\035\220\350b5\215\352\252kn\306\341'?\000\313;"
 3951      62358DEA 
 3951      AA6B6EC6 
 3951      E1273F00 
 3951      CB3B
 3952 623b 41D6226C 		.ascii	"A\326\"la\3352\010\301\016\236n\247\270Ja\353\006\216"
 3952      61DD3208 
 3952      C10E9E6E 
 3952      A7B84A61 
 3952      EB068E
 3953 624e 4E91E50E 		.ascii	"N\221\345\016\356\365\372\345 \230\355\326T\0375\216"
ARM GAS  /tmp/ccACgBoh.s 			page 323


 3953      EEF5FAE5 
 3953      2098EDD6 
 3953      541F358E 
 3954 625e CF14EAB8 		.ascii	"\317\024\352\270\200oDt\256\276\271\246\024\035'\360"
 3954      806F4474 
 3954      AEBEB9A6 
 3954      141D27F0 
 3955 626e 2E1F4E64 		.ascii	".\037NdY\334\010\321\265|\360\004\2356\030\212wj{k\322"
 3955      59DC08D1 
 3955      B57CF004 
 3955      9D36188A 
 3955      776A7B6B 
 3956 6283 E3C79BC3 		.ascii	"\343\307\233\303\016\022\216O\351\200\004\223w\361\211"
 3956      0E128E4F 
 3956      E9800493 
 3956      77F189
 3957 6292 1D4A3CD8 		.ascii	"\035J<\330&\207\026[\257p\016\220\357e!g%\252\305\322"
 3957      2687165B 
 3957      AF700E90 
 3957      EF652167 
 3957      25AAC5D2 
 3958 62a6 2A7AA1BC 		.ascii	"*z\241\274\243X\272J\340x\261\225\031\204d^\021\345"
 3958      A358BA4A 
 3958      E078B195 
 3958      1984645E 
 3958      11E5
 3959 62b8 78960B44 		.ascii	"x\226\013D\275q\250\010\327\226\212\353f\211\317k\320"
 3959      BD71A808 
 3959      D7968AEB 
 3959      6689CF6B 
 3959      D0
 3960 62c9 FC54E5A2 		.ascii	"\374T\345\242\331\251\363\2077\216Go\023\321\333\306"
 3960      D9A9F387 
 3960      378E476F 
 3960      13D1DBC6 
 3961 62d9 E86D7200 		.ascii	"\350mr\000\354\3077(wg\027\360\356[a\270,`\330a\022"
 3961      ECC73728 
 3961      776717F0 
 3961      EE5B61B8 
 3961      2C60D861 
 3962 62ee A5EA1468 		.ascii	"\245\352\024hb\012\227\236:\211M\200\331\300\225\022"
 3962      620A979E 
 3962      3A894D80 
 3962      D9C09512 
 3963 62fe B76ADBE8 		.ascii	"\267j\333\350\322R9\020\323c\346\370X\015\000\3003\037"
 3963      D2523910 
 3963      D363E6F8 
 3963      580D00C0 
 3963      331F
 3964 6310 ED291F9E 		.ascii	"\355)\037\236\246\327\033\321q#.\210[\300\035\\\241"
 3964      A6D71BD1 
 3964      71232E88 
 3964      5BC01D5C 
 3964      A1
 3965 6321 A5020601 		.ascii	"\245\002\006\001\026*\015\262uK\345\334\013v\315\224"
 3965      162A0DB2 
 3965      754BE5DC 
ARM GAS  /tmp/ccACgBoh.s 			page 324


 3965      0B76CD94 
 3966 6331 14635169 		.ascii	"\024cQi\242M\200\353\242\333\326 \032\030kyjGe\246R"
 3966      A24D80EB 
 3966      A2DBD620 
 3966      1A186B79 
 3966      6A4765A6 
 3967 6346 C61D9567 		.ascii	"\306\035\225gB\0130=\335#\220$\242\003\211\027\234%"
 3967      420B303D 
 3967      DD239024 
 3967      A2038917 
 3967      9C25
 3968 6358 9EF561B5 		.ascii	"\236\365a\265L\215\332\305\274\332\231\361\266\270&"
 3968      4C8DDAC5 
 3968      BCDA99F1 
 3968      B6B826
 3969 6367 D5667815 		.ascii	"\325fx\025$\012\237\002\257]\300 \033\0208xr\270\035"
 3969      240A9F02 
 3969      AF5DC020 
 3969      1B103878 
 3969      72B81D
 3970 637a 548559EA 		.ascii	"T\205Y\352Le\027\210\317\223W\275V\273xm\326\030\364"
 3970      4C651788 
 3970      CF9357BD 
 3970      56BB786D 
 3970      D618F4
 3971 638d C97AC4C4 		.ascii	"\311z\304\304\231\261\335\225\"_\300\367\250\212\365"
 3971      99B1DD95 
 3971      225FC0F7 
 3971      A88AF5
 3972 639c 442CFD0C 		.ascii	"D,\375\014\326X\307\257\255\350\217\317Q\361\266i5\337"
 3972      D658C7AF 
 3972      ADE88FCF 
 3972      51F1B669 
 3972      35DF
 3973 63ae 677BF03F 		.ascii	"g{\360?\227\015Y\272\021\\\\1\033\013d\335Fm\202Y\202"
 3973      970D59BA 
 3973      115C5C31 
 3973      1B0B64DD 
 3973      466D8259 
 3974 63c3 034FE129 		.ascii	"\003O\341)\244\027\341\266\322\276\350\346\331\265\032"
 3974      A417E1B6 
 3974      D2BEE8E6 
 3974      D9B51A
 3975 63d2 EC3A090B 		.ascii	"\354:\011\013\245k\206\255\260^\324D\253\270\311G\032"
 3975      A56B86AD 
 3975      B05ED444 
 3975      ABB8C947 
 3975      1A
 3976 63e3 E8E34558 		.ascii	"\350\343EX\013\223\324\224f\036>vm\021\262\370,\304"
 3976      0B93D494 
 3976      661E3E76 
 3976      6D11B2F8 
 3976      2CC4
 3977 63f5 04ECF8A5 		.ascii	"\004\354\370\245\341pX=\205\355\311\202\251\033p'(\250"
 3977      E170583D 
 3977      85EDC982 
 3977      A91B7027 
ARM GAS  /tmp/ccACgBoh.s 			page 325


 3977      28A8
 3978 6407 524B619B 		.ascii	"RKa\233<\011\2165\205\356,\011\231T_[\227%\215\302\201"
 3978      3C098E35 
 3978      85EE2C09 
 3978      99545F5B 
 3978      97258DC2 
 3979 641c BF43E958 		.ascii	"\277C\351X\012\304\001O\3423\326\213\345F,0\253\314"
 3979      0AC4014F 
 3979      E233D68B 
 3979      E5462C30 
 3979      ABCC
 3980 642e 58B5D68F 		.ascii	"X\265\326\217\207\221 \276c\\+\304\330\364\265J\264"
 3980      879120BE 
 3980      635C2BC4 
 3980      D8F4B54A 
 3980      B4
 3981 643f 6D86EFD5 		.ascii	"m\206\357\325\377\007\252\257\217y"
 3981      FF07AAAF 
 3981      8F79
 3982              		.text
 3983              		.section	.gnu.lto_.symtab.edd9554f8e7f11af,"e",%progbits
 3984 0000 616F7300 		.ascii	"aos\000"
 3985 0004 00       		.ascii	"\000"
 3986 0005 00       		.ascii	"\000"
 3987 0006 00       		.ascii	"\000"
 3988 0007 00000000 		.ascii	"\000\000\000\000\000\000\000\000"
 3988      00000000 
 3989 000f F6030000 		.ascii	"\366\003\000\000"
 3990 0013 5F616F73 		.ascii	"_aosSysPrintSystemInfoSeparator\000"
 3990      53797350 
 3990      72696E74 
 3990      53797374 
 3990      656D496E 
 3991 0033 00       		.ascii	"\000"
 3992 0034 00       		.ascii	"\000"
 3993 0035 00       		.ascii	"\000"
 3994 0036 00000000 		.ascii	"\000\000\000\000\000\000\000\000"
 3994      00000000 
 3995 003e C1020000 		.ascii	"\301\002\000\000"
 3996 0042 5F616F73 		.ascii	"_aosSysPrintSystemInfoLine\000"
 3996      53797350 
 3996      72696E74 
 3996      53797374 
 3996      656D496E 
 3997 005d 00       		.ascii	"\000"
 3998 005e 00       		.ascii	"\000"
 3999 005f 00       		.ascii	"\000"
 4000 0060 00000000 		.ascii	"\000\000\000\000\000\000\000\000"
 4000      00000000 
 4001 0068 C7020000 		.ascii	"\307\002\000\000"
 4002 006c 5F616F73 		.ascii	"_aosSysShellcmdMemdumpCallback_BtokiB\000"
 4002      53797353 
 4002      68656C6C 
 4002      636D644D 
 4002      656D6475 
 4003 0092 00       		.ascii	"\000"
 4004 0093 00       		.ascii	"\000"
ARM GAS  /tmp/ccACgBoh.s 			page 326


 4005 0094 00       		.ascii	"\000"
 4006 0095 00000000 		.ascii	"\000\000\000\000\000\000\000\000"
 4006      00000000 
 4007 009d CE020000 		.ascii	"\316\002\000\000"
 4008 00a1 5F616F73 		.ascii	"_aosSysShellcmdMemdumpCallback_printDump\000"
 4008      53797353 
 4008      68656C6C 
 4008      636D644D 
 4008      656D6475 
 4009 00ca 00       		.ascii	"\000"
 4010 00cb 00       		.ascii	"\000"
 4011 00cc 00       		.ascii	"\000"
 4012 00cd 00000000 		.ascii	"\000\000\000\000\000\000\000\000"
 4012      00000000 
 4013 00d5 D9020000 		.ascii	"\331\002\000\000"
 4014 00d9 616F7353 		.ascii	"aosSysStartUptimeS\000"
 4014      79735374 
 4014      61727455 
 4014      7074696D 
 4014      655300
 4015 00ec 00       		.ascii	"\000"
 4016 00ed 00       		.ascii	"\000"
 4017 00ee 00       		.ascii	"\000"
 4018 00ef 00000000 		.ascii	"\000\000\000\000\000\000\000\000"
 4018      00000000 
 4019 00f7 DD020000 		.ascii	"\335\002\000\000"
 4020 00fb 616F7353 		.ascii	"aosSysInit\000"
 4020      7973496E 
 4020      697400
 4021 0106 00       		.ascii	"\000"
 4022 0107 00       		.ascii	"\000"
 4023 0108 00       		.ascii	"\000"
 4024 0109 00000000 		.ascii	"\000\000\000\000\000\000\000\000"
 4024      00000000 
 4025 0111 DF020000 		.ascii	"\337\002\000\000"
 4026 0115 616F7353 		.ascii	"aosSysGetUptimeX\000"
 4026      79734765 
 4026      74557074 
 4026      696D6558 
 4026      00
 4027 0126 00       		.ascii	"\000"
 4028 0127 00       		.ascii	"\000"
 4029 0128 00       		.ascii	"\000"
 4030 0129 00000000 		.ascii	"\000\000\000\000\000\000\000\000"
 4030      00000000 
 4031 0131 E6020000 		.ascii	"\346\002\000\000"
 4032 0135 616F7353 		.ascii	"aosSysGetDateTime\000"
 4032      79734765 
 4032      74446174 
 4032      6554696D 
 4032      6500
 4033 0147 00       		.ascii	"\000"
 4034 0148 00       		.ascii	"\000"
 4035 0149 00       		.ascii	"\000"
 4036 014a 00000000 		.ascii	"\000\000\000\000\000\000\000\000"
 4036      00000000 
 4037 0152 EC020000 		.ascii	"\354\002\000\000"
ARM GAS  /tmp/ccACgBoh.s 			page 327


 4038 0156 5F616F73 		.ascii	"_aosSysPrintSystemInfo\000"
 4038      53797350 
 4038      72696E74 
 4038      53797374 
 4038      656D496E 
 4039 016d 00       		.ascii	"\000"
 4040 016e 00       		.ascii	"\000"
 4041 016f 00       		.ascii	"\000"
 4042 0170 00000000 		.ascii	"\000\000\000\000\000\000\000\000"
 4042      00000000 
 4043 0178 F1020000 		.ascii	"\361\002\000\000"
 4044 017c 616F7353 		.ascii	"aosSysStart\000"
 4044      79735374 
 4044      61727400 
 4045 0188 00       		.ascii	"\000"
 4046 0189 00       		.ascii	"\000"
 4047 018a 00       		.ascii	"\000"
 4048 018b 00000000 		.ascii	"\000\000\000\000\000\000\000\000"
 4048      00000000 
 4049 0193 F5020000 		.ascii	"\365\002\000\000"
 4050 0197 616F7353 		.ascii	"aosSysSetDateTime\000"
 4050      79735365 
 4050      74446174 
 4050      6554696D 
 4050      6500
 4051 01a9 00       		.ascii	"\000"
 4052 01aa 00       		.ascii	"\000"
 4053 01ab 00       		.ascii	"\000"
 4054 01ac 00000000 		.ascii	"\000\000\000\000\000\000\000\000"
 4054      00000000 
 4055 01b4 F7020000 		.ascii	"\367\002\000\000"
 4056 01b8 616F7353 		.ascii	"aosSysShutdownInit\000"
 4056      79735368 
 4056      7574646F 
 4056      776E496E 
 4056      697400
 4057 01cb 00       		.ascii	"\000"
 4058 01cc 00       		.ascii	"\000"
 4059 01cd 00       		.ascii	"\000"
 4060 01ce 00000000 		.ascii	"\000\000\000\000\000\000\000\000"
 4060      00000000 
 4061 01d6 B9020000 		.ascii	"\271\002\000\000"
 4062 01da 616F7353 		.ascii	"aosSysStop\000"
 4062      79735374 
 4062      6F7000
 4063 01e5 00       		.ascii	"\000"
 4064 01e6 00       		.ascii	"\000"
 4065 01e7 00       		.ascii	"\000"
 4066 01e8 00000000 		.ascii	"\000\000\000\000\000\000\000\000"
 4066      00000000 
 4067 01f0 FB020000 		.ascii	"\373\002\000\000"
 4068 01f4 616F7353 		.ascii	"aosSysDeinit\000"
 4068      79734465 
 4068      696E6974 
 4068      00
 4069 0201 00       		.ascii	"\000"
 4070 0202 00       		.ascii	"\000"
ARM GAS  /tmp/ccACgBoh.s 			page 328


 4071 0203 00       		.ascii	"\000"
 4072 0204 00000000 		.ascii	"\000\000\000\000\000\000\000\000"
 4072      00000000 
 4073 020c FD020000 		.ascii	"\375\002\000\000"
 4074 0210 616F7353 		.ascii	"aosSysGetStdGpioCallback\000"
 4074      79734765 
 4074      74537464 
 4074      4770696F 
 4074      43616C6C 
 4075 0229 00       		.ascii	"\000"
 4076 022a 00       		.ascii	"\000"
 4077 022b 00       		.ascii	"\000"
 4078 022c 00000000 		.ascii	"\000\000\000\000\000\000\000\000"
 4078      00000000 
 4079 0234 03030000 		.ascii	"\003\003\000\000"
 4080 0238 63683000 		.ascii	"ch0\000"
 4081 023c 00       		.ascii	"\000"
 4082 023d 02       		.ascii	"\002"
 4083 023e 00       		.ascii	"\000"
 4084 023f 00000000 		.ascii	"\000\000\000\000\000\000\000\000"
 4084      00000000 
 4085 0247 78050000 		.ascii	"x\005\000\000"
 4086 024b 72745F74 		.ascii	"rt_test_suite\000"
 4086      6573745F 
 4086      73756974 
 4086      6500
 4087 0259 00       		.ascii	"\000"
 4088 025a 02       		.ascii	"\002"
 4089 025b 00       		.ascii	"\000"
 4090 025c 00000000 		.ascii	"\000\000\000\000\000\000\000\000"
 4090      00000000 
 4091 0264 F2030000 		.ascii	"\362\003\000\000"
 4092 0268 6F736C69 		.ascii	"oslib_test_suite\000"
 4092      625F7465 
 4092      73745F73 
 4092      75697465 
 4092      00
 4093 0279 00       		.ascii	"\000"
 4094 027a 02       		.ascii	"\002"
 4095 027b 00       		.ascii	"\000"
 4096 027c 00000000 		.ascii	"\000\000\000\000\000\000\000\000"
 4096      00000000 
 4097 0284 F0030000 		.ascii	"\360\003\000\000"
 4098 0288 726F756E 		.ascii	"roundf\000"
 4098      646600
 4099 028f 00       		.ascii	"\000"
 4100 0290 02       		.ascii	"\002"
 4101 0291 00       		.ascii	"\000"
 4102 0292 00000000 		.ascii	"\000\000\000\000\000\000\000\000"
 4102      00000000 
 4103 029a D3020000 		.ascii	"\323\002\000\000"
 4104 029e 6365696C 		.ascii	"ceilf\000"
 4104      6600
 4105 02a4 00       		.ascii	"\000"
 4106 02a5 02       		.ascii	"\002"
 4107 02a6 00       		.ascii	"\000"
 4108 02a7 00000000 		.ascii	"\000\000\000\000\000\000\000\000"
ARM GAS  /tmp/ccACgBoh.s 			page 329


 4108      00000000 
 4109 02af 9B020000 		.ascii	"\233\002\000\000"
 4110 02b3 5F5F666C 		.ascii	"__flash0_base__\000"
 4110      61736830 
 4110      5F626173 
 4110      655F5F00 
 4111 02c3 00       		.ascii	"\000"
 4112 02c4 02       		.ascii	"\002"
 4113 02c5 00       		.ascii	"\000"
 4114 02c6 00000000 		.ascii	"\000\000\000\000\000\000\000\000"
 4114      00000000 
 4115 02ce 46040000 		.ascii	"F\004\000\000"
 4116 02d2 5F5F666C 		.ascii	"__flash0_end__\000"
 4116      61736830 
 4116      5F656E64 
 4116      5F5F00
 4117 02e1 00       		.ascii	"\000"
 4118 02e2 02       		.ascii	"\002"
 4119 02e3 00       		.ascii	"\000"
 4120 02e4 00000000 		.ascii	"\000\000\000\000\000\000\000\000"
 4120      00000000 
 4121 02ec 48040000 		.ascii	"H\004\000\000"
 4122 02f0 5F5F666C 		.ascii	"__flash1_base__\000"
 4122      61736831 
 4122      5F626173 
 4122      655F5F00 
 4123 0300 00       		.ascii	"\000"
 4124 0301 02       		.ascii	"\002"
 4125 0302 00       		.ascii	"\000"
 4126 0303 00000000 		.ascii	"\000\000\000\000\000\000\000\000"
 4126      00000000 
 4127 030b 42040000 		.ascii	"B\004\000\000"
 4128 030f 5F5F666C 		.ascii	"__flash1_end__\000"
 4128      61736831 
 4128      5F656E64 
 4128      5F5F00
 4129 031e 00       		.ascii	"\000"
 4130 031f 02       		.ascii	"\002"
 4131 0320 00       		.ascii	"\000"
 4132 0321 00000000 		.ascii	"\000\000\000\000\000\000\000\000"
 4132      00000000 
 4133 0329 44040000 		.ascii	"D\004\000\000"
 4134 032d 5F5F666C 		.ascii	"__flash2_base__\000"
 4134      61736832 
 4134      5F626173 
 4134      655F5F00 
 4135 033d 00       		.ascii	"\000"
 4136 033e 02       		.ascii	"\002"
 4137 033f 00       		.ascii	"\000"
 4138 0340 00000000 		.ascii	"\000\000\000\000\000\000\000\000"
 4138      00000000 
 4139 0348 3E040000 		.ascii	">\004\000\000"
 4140 034c 5F5F666C 		.ascii	"__flash2_end__\000"
 4140      61736832 
 4140      5F656E64 
 4140      5F5F00
 4141 035b 00       		.ascii	"\000"
ARM GAS  /tmp/ccACgBoh.s 			page 330


 4142 035c 02       		.ascii	"\002"
 4143 035d 00       		.ascii	"\000"
 4144 035e 00000000 		.ascii	"\000\000\000\000\000\000\000\000"
 4144      00000000 
 4145 0366 40040000 		.ascii	"@\004\000\000"
 4146 036a 5F5F666C 		.ascii	"__flash3_base__\000"
 4146      61736833 
 4146      5F626173 
 4146      655F5F00 
 4147 037a 00       		.ascii	"\000"
 4148 037b 02       		.ascii	"\002"
 4149 037c 00       		.ascii	"\000"
 4150 037d 00000000 		.ascii	"\000\000\000\000\000\000\000\000"
 4150      00000000 
 4151 0385 3A040000 		.ascii	":\004\000\000"
 4152 0389 5F5F666C 		.ascii	"__flash3_end__\000"
 4152      61736833 
 4152      5F656E64 
 4152      5F5F00
 4153 0398 00       		.ascii	"\000"
 4154 0399 02       		.ascii	"\002"
 4155 039a 00       		.ascii	"\000"
 4156 039b 00000000 		.ascii	"\000\000\000\000\000\000\000\000"
 4156      00000000 
 4157 03a3 3C040000 		.ascii	"<\004\000\000"
 4158 03a7 5F5F666C 		.ascii	"__flash4_base__\000"
 4158      61736834 
 4158      5F626173 
 4158      655F5F00 
 4159 03b7 00       		.ascii	"\000"
 4160 03b8 02       		.ascii	"\002"
 4161 03b9 00       		.ascii	"\000"
 4162 03ba 00000000 		.ascii	"\000\000\000\000\000\000\000\000"
 4162      00000000 
 4163 03c2 36040000 		.ascii	"6\004\000\000"
 4164 03c6 5F5F666C 		.ascii	"__flash4_end__\000"
 4164      61736834 
 4164      5F656E64 
 4164      5F5F00
 4165 03d5 00       		.ascii	"\000"
 4166 03d6 02       		.ascii	"\002"
 4167 03d7 00       		.ascii	"\000"
 4168 03d8 00000000 		.ascii	"\000\000\000\000\000\000\000\000"
 4168      00000000 
 4169 03e0 38040000 		.ascii	"8\004\000\000"
 4170 03e4 5F5F666C 		.ascii	"__flash5_base__\000"
 4170      61736835 
 4170      5F626173 
 4170      655F5F00 
 4171 03f4 00       		.ascii	"\000"
 4172 03f5 02       		.ascii	"\002"
 4173 03f6 00       		.ascii	"\000"
 4174 03f7 00000000 		.ascii	"\000\000\000\000\000\000\000\000"
 4174      00000000 
 4175 03ff 32040000 		.ascii	"2\004\000\000"
 4176 0403 5F5F666C 		.ascii	"__flash5_end__\000"
 4176      61736835 
ARM GAS  /tmp/ccACgBoh.s 			page 331


 4176      5F656E64 
 4176      5F5F00
 4177 0412 00       		.ascii	"\000"
 4178 0413 02       		.ascii	"\002"
 4179 0414 00       		.ascii	"\000"
 4180 0415 00000000 		.ascii	"\000\000\000\000\000\000\000\000"
 4180      00000000 
 4181 041d 34040000 		.ascii	"4\004\000\000"
 4182 0421 5F5F666C 		.ascii	"__flash6_base__\000"
 4182      61736836 
 4182      5F626173 
 4182      655F5F00 
 4183 0431 00       		.ascii	"\000"
 4184 0432 02       		.ascii	"\002"
 4185 0433 00       		.ascii	"\000"
 4186 0434 00000000 		.ascii	"\000\000\000\000\000\000\000\000"
 4186      00000000 
 4187 043c 2E040000 		.ascii	".\004\000\000"
 4188 0440 5F5F666C 		.ascii	"__flash6_end__\000"
 4188      61736836 
 4188      5F656E64 
 4188      5F5F00
 4189 044f 00       		.ascii	"\000"
 4190 0450 02       		.ascii	"\002"
 4191 0451 00       		.ascii	"\000"
 4192 0452 00000000 		.ascii	"\000\000\000\000\000\000\000\000"
 4192      00000000 
 4193 045a 30040000 		.ascii	"0\004\000\000"
 4194 045e 5F5F666C 		.ascii	"__flash7_base__\000"
 4194      61736837 
 4194      5F626173 
 4194      655F5F00 
 4195 046e 00       		.ascii	"\000"
 4196 046f 02       		.ascii	"\002"
 4197 0470 00       		.ascii	"\000"
 4198 0471 00000000 		.ascii	"\000\000\000\000\000\000\000\000"
 4198      00000000 
 4199 0479 2A040000 		.ascii	"*\004\000\000"
 4200 047d 5F5F666C 		.ascii	"__flash7_end__\000"
 4200      61736837 
 4200      5F656E64 
 4200      5F5F00
 4201 048c 00       		.ascii	"\000"
 4202 048d 02       		.ascii	"\002"
 4203 048e 00       		.ascii	"\000"
 4204 048f 00000000 		.ascii	"\000\000\000\000\000\000\000\000"
 4204      00000000 
 4205 0497 2C040000 		.ascii	",\004\000\000"
 4206 049b 5F5F7261 		.ascii	"__ram0_base__\000"
 4206      6D305F62 
 4206      6173655F 
 4206      5F00
 4207 04a9 00       		.ascii	"\000"
 4208 04aa 02       		.ascii	"\002"
 4209 04ab 00       		.ascii	"\000"
 4210 04ac 00000000 		.ascii	"\000\000\000\000\000\000\000\000"
 4210      00000000 
ARM GAS  /tmp/ccACgBoh.s 			page 332


 4211 04b4 26040000 		.ascii	"&\004\000\000"
 4212 04b8 5F5F7261 		.ascii	"__ram0_end__\000"
 4212      6D305F65 
 4212      6E645F5F 
 4212      00
 4213 04c5 00       		.ascii	"\000"
 4214 04c6 02       		.ascii	"\002"
 4215 04c7 00       		.ascii	"\000"
 4216 04c8 00000000 		.ascii	"\000\000\000\000\000\000\000\000"
 4216      00000000 
 4217 04d0 28040000 		.ascii	"(\004\000\000"
 4218 04d4 5F5F7261 		.ascii	"__ram1_base__\000"
 4218      6D315F62 
 4218      6173655F 
 4218      5F00
 4219 04e2 00       		.ascii	"\000"
 4220 04e3 02       		.ascii	"\002"
 4221 04e4 00       		.ascii	"\000"
 4222 04e5 00000000 		.ascii	"\000\000\000\000\000\000\000\000"
 4222      00000000 
 4223 04ed 22040000 		.ascii	"\"\004\000\000"
 4224 04f1 5F5F7261 		.ascii	"__ram1_end__\000"
 4224      6D315F65 
 4224      6E645F5F 
 4224      00
 4225 04fe 00       		.ascii	"\000"
 4226 04ff 02       		.ascii	"\002"
 4227 0500 00       		.ascii	"\000"
 4228 0501 00000000 		.ascii	"\000\000\000\000\000\000\000\000"
 4228      00000000 
 4229 0509 24040000 		.ascii	"$\004\000\000"
 4230 050d 5F5F7261 		.ascii	"__ram2_base__\000"
 4230      6D325F62 
 4230      6173655F 
 4230      5F00
 4231 051b 00       		.ascii	"\000"
 4232 051c 02       		.ascii	"\002"
 4233 051d 00       		.ascii	"\000"
 4234 051e 00000000 		.ascii	"\000\000\000\000\000\000\000\000"
 4234      00000000 
 4235 0526 1E040000 		.ascii	"\036\004\000\000"
 4236 052a 5F5F7261 		.ascii	"__ram2_end__\000"
 4236      6D325F65 
 4236      6E645F5F 
 4236      00
 4237 0537 00       		.ascii	"\000"
 4238 0538 02       		.ascii	"\002"
 4239 0539 00       		.ascii	"\000"
 4240 053a 00000000 		.ascii	"\000\000\000\000\000\000\000\000"
 4240      00000000 
 4241 0542 20040000 		.ascii	" \004\000\000"
 4242 0546 5F5F7261 		.ascii	"__ram3_base__\000"
 4242      6D335F62 
 4242      6173655F 
 4242      5F00
 4243 0554 00       		.ascii	"\000"
 4244 0555 02       		.ascii	"\002"
ARM GAS  /tmp/ccACgBoh.s 			page 333


 4245 0556 00       		.ascii	"\000"
 4246 0557 00000000 		.ascii	"\000\000\000\000\000\000\000\000"
 4246      00000000 
 4247 055f 1A040000 		.ascii	"\032\004\000\000"
 4248 0563 5F5F7261 		.ascii	"__ram3_end__\000"
 4248      6D335F65 
 4248      6E645F5F 
 4248      00
 4249 0570 00       		.ascii	"\000"
 4250 0571 02       		.ascii	"\002"
 4251 0572 00       		.ascii	"\000"
 4252 0573 00000000 		.ascii	"\000\000\000\000\000\000\000\000"
 4252      00000000 
 4253 057b 1C040000 		.ascii	"\034\004\000\000"
 4254 057f 5F5F7261 		.ascii	"__ram4_base__\000"
 4254      6D345F62 
 4254      6173655F 
 4254      5F00
 4255 058d 00       		.ascii	"\000"
 4256 058e 02       		.ascii	"\002"
 4257 058f 00       		.ascii	"\000"
 4258 0590 00000000 		.ascii	"\000\000\000\000\000\000\000\000"
 4258      00000000 
 4259 0598 16040000 		.ascii	"\026\004\000\000"
 4260 059c 5F5F7261 		.ascii	"__ram4_end__\000"
 4260      6D345F65 
 4260      6E645F5F 
 4260      00
 4261 05a9 00       		.ascii	"\000"
 4262 05aa 02       		.ascii	"\002"
 4263 05ab 00       		.ascii	"\000"
 4264 05ac 00000000 		.ascii	"\000\000\000\000\000\000\000\000"
 4264      00000000 
 4265 05b4 18040000 		.ascii	"\030\004\000\000"
 4266 05b8 5F5F7261 		.ascii	"__ram5_base__\000"
 4266      6D355F62 
 4266      6173655F 
 4266      5F00
 4267 05c6 00       		.ascii	"\000"
 4268 05c7 02       		.ascii	"\002"
 4269 05c8 00       		.ascii	"\000"
 4270 05c9 00000000 		.ascii	"\000\000\000\000\000\000\000\000"
 4270      00000000 
 4271 05d1 12040000 		.ascii	"\022\004\000\000"
 4272 05d5 5F5F7261 		.ascii	"__ram5_end__\000"
 4272      6D355F65 
 4272      6E645F5F 
 4272      00
 4273 05e2 00       		.ascii	"\000"
 4274 05e3 02       		.ascii	"\002"
 4275 05e4 00       		.ascii	"\000"
 4276 05e5 00000000 		.ascii	"\000\000\000\000\000\000\000\000"
 4276      00000000 
 4277 05ed 14040000 		.ascii	"\024\004\000\000"
 4278 05f1 5F5F7261 		.ascii	"__ram6_base__\000"
 4278      6D365F62 
 4278      6173655F 
ARM GAS  /tmp/ccACgBoh.s 			page 334


 4278      5F00
 4279 05ff 00       		.ascii	"\000"
 4280 0600 02       		.ascii	"\002"
 4281 0601 00       		.ascii	"\000"
 4282 0602 00000000 		.ascii	"\000\000\000\000\000\000\000\000"
 4282      00000000 
 4283 060a 0E040000 		.ascii	"\016\004\000\000"
 4284 060e 5F5F7261 		.ascii	"__ram6_end__\000"
 4284      6D365F65 
 4284      6E645F5F 
 4284      00
 4285 061b 00       		.ascii	"\000"
 4286 061c 02       		.ascii	"\002"
 4287 061d 00       		.ascii	"\000"
 4288 061e 00000000 		.ascii	"\000\000\000\000\000\000\000\000"
 4288      00000000 
 4289 0626 10040000 		.ascii	"\020\004\000\000"
 4290 062a 5F5F7261 		.ascii	"__ram7_base__\000"
 4290      6D375F62 
 4290      6173655F 
 4290      5F00
 4291 0638 00       		.ascii	"\000"
 4292 0639 02       		.ascii	"\002"
 4293 063a 00       		.ascii	"\000"
 4294 063b 00000000 		.ascii	"\000\000\000\000\000\000\000\000"
 4294      00000000 
 4295 0643 0A040000 		.ascii	"\012\004\000\000"
 4296 0647 5F5F7261 		.ascii	"__ram7_end__\000"
 4296      6D375F65 
 4296      6E645F5F 
 4296      00
 4297 0654 00       		.ascii	"\000"
 4298 0655 02       		.ascii	"\002"
 4299 0656 00       		.ascii	"\000"
 4300 0657 00000000 		.ascii	"\000\000\000\000\000\000\000\000"
 4300      00000000 
 4301 065f 0C040000 		.ascii	"\014\004\000\000"
 4302 0663 5F5F7465 		.ascii	"__text_base__\000"
 4302      78745F62 
 4302      6173655F 
 4302      5F00
 4303 0671 00       		.ascii	"\000"
 4304 0672 02       		.ascii	"\002"
 4305 0673 00       		.ascii	"\000"
 4306 0674 00000000 		.ascii	"\000\000\000\000\000\000\000\000"
 4306      00000000 
 4307 067c 06040000 		.ascii	"\006\004\000\000"
 4308 0680 5F5F7465 		.ascii	"__text_end__\000"
 4308      78745F65 
 4308      6E645F5F 
 4308      00
 4309 068d 00       		.ascii	"\000"
 4310 068e 02       		.ascii	"\002"
 4311 068f 00       		.ascii	"\000"
 4312 0690 00000000 		.ascii	"\000\000\000\000\000\000\000\000"
 4312      00000000 
 4313 0698 08040000 		.ascii	"\010\004\000\000"
ARM GAS  /tmp/ccACgBoh.s 			page 335


 4314 069c 5F5F726F 		.ascii	"__rodata_base__\000"
 4314      64617461 
 4314      5F626173 
 4314      655F5F00 
 4315 06ac 00       		.ascii	"\000"
 4316 06ad 02       		.ascii	"\002"
 4317 06ae 00       		.ascii	"\000"
 4318 06af 00000000 		.ascii	"\000\000\000\000\000\000\000\000"
 4318      00000000 
 4319 06b7 02040000 		.ascii	"\002\004\000\000"
 4320 06bb 5F5F726F 		.ascii	"__rodata_end__\000"
 4320      64617461 
 4320      5F656E64 
 4320      5F5F00
 4321 06ca 00       		.ascii	"\000"
 4322 06cb 02       		.ascii	"\002"
 4323 06cc 00       		.ascii	"\000"
 4324 06cd 00000000 		.ascii	"\000\000\000\000\000\000\000\000"
 4324      00000000 
 4325 06d5 04040000 		.ascii	"\004\004\000\000"
 4326 06d9 5F5F6461 		.ascii	"__data_base__\000"
 4326      74615F62 
 4326      6173655F 
 4326      5F00
 4327 06e7 00       		.ascii	"\000"
 4328 06e8 02       		.ascii	"\002"
 4329 06e9 00       		.ascii	"\000"
 4330 06ea 00000000 		.ascii	"\000\000\000\000\000\000\000\000"
 4330      00000000 
 4331 06f2 FE030000 		.ascii	"\376\003\000\000"
 4332 06f6 5F5F6461 		.ascii	"__data_end__\000"
 4332      74615F65 
 4332      6E645F5F 
 4332      00
 4333 0703 00       		.ascii	"\000"
 4334 0704 02       		.ascii	"\002"
 4335 0705 00       		.ascii	"\000"
 4336 0706 00000000 		.ascii	"\000\000\000\000\000\000\000\000"
 4336      00000000 
 4337 070e 00040000 		.ascii	"\000\004\000\000"
 4338 0712 5F5F6273 		.ascii	"__bss_base__\000"
 4338      735F6261 
 4338      73655F5F 
 4338      00
 4339 071f 00       		.ascii	"\000"
 4340 0720 02       		.ascii	"\002"
 4341 0721 00       		.ascii	"\000"
 4342 0722 00000000 		.ascii	"\000\000\000\000\000\000\000\000"
 4342      00000000 
 4343 072a FA030000 		.ascii	"\372\003\000\000"
 4344 072e 5F5F6273 		.ascii	"__bss_end__\000"
 4344      735F656E 
 4344      645F5F00 
 4345 073a 00       		.ascii	"\000"
 4346 073b 02       		.ascii	"\002"
 4347 073c 00       		.ascii	"\000"
 4348 073d 00000000 		.ascii	"\000\000\000\000\000\000\000\000"
ARM GAS  /tmp/ccACgBoh.s 			page 336


 4348      00000000 
 4349 0745 FC030000 		.ascii	"\374\003\000\000"
 4350 0749 6D6F6475 		.ascii	"moduleShellPrompt\000"
 4350      6C655368 
 4350      656C6C50 
 4350      726F6D70 
 4350      7400
 4351 075b 00       		.ascii	"\000"
 4352 075c 02       		.ascii	"\002"
 4353 075d 00       		.ascii	"\000"
 4354 075e 00000000 		.ascii	"\000\000\000\000\000\000\000\000"
 4354      00000000 
 4355 0766 87050000 		.ascii	"\207\005\000\000"
 4356 076a 52544344 		.ascii	"RTCD1\000"
 4356      3100
 4357 0770 00       		.ascii	"\000"
 4358 0771 02       		.ascii	"\002"
 4359 0772 00       		.ascii	"\000"
 4360 0773 00000000 		.ascii	"\000\000\000\000\000\000\000\000"
 4360      00000000 
 4361 077b 74040000 		.ascii	"t\004\000\000"
 4362 077f 53797374 		.ascii	"SystemCoreClock\000"
 4362      656D436F 
 4362      7265436C 
 4362      6F636B00 
 4363 078f 00       		.ascii	"\000"
 4364 0790 02       		.ascii	"\002"
 4365 0791 00       		.ascii	"\000"
 4366 0792 00000000 		.ascii	"\000\000\000\000\000\000\000\000"
 4366      00000000 
 4367 079a 89050000 		.ascii	"\211\005\000\000"
 4368 079e 63685F73 		.ascii	"ch_system\000"
 4368      79737465 
 4368      6D00
 4369 07a8 00       		.ascii	"\000"
 4370 07a9 02       		.ascii	"\002"
 4371 07aa 00       		.ascii	"\000"
 4372 07ab 00000000 		.ascii	"\000\000\000\000\000\000\000\000"
 4372      00000000 
 4373 07b3 99050000 		.ascii	"\231\005\000\000"
 4374 07b7 53443200 		.ascii	"SD2\000"
 4375 07bb 00       		.ascii	"\000"
 4376 07bc 02       		.ascii	"\002"
 4377 07bd 00       		.ascii	"\000"
 4378 07be 00000000 		.ascii	"\000\000\000\000\000\000\000\000"
 4378      00000000 
 4379 07c6 DE040000 		.ascii	"\336\004\000\000"
 4380 07ca 63685379 		.ascii	"chSysHalt\000"
 4380      7348616C 
 4380      7400
 4381 07d4 00       		.ascii	"\000"
 4382 07d5 02       		.ascii	"\002"
 4383 07d6 00       		.ascii	"\000"
 4384 07d7 00000000 		.ascii	"\000\000\000\000\000\000\000\000"
 4384      00000000 
 4385 07df 07030000 		.ascii	"\007\003\000\000"
 4386 07e3 5F5F6462 		.ascii	"__dbg_check_unlock\000"
ARM GAS  /tmp/ccACgBoh.s 			page 337


 4386      675F6368 
 4386      65636B5F 
 4386      756E6C6F 
 4386      636B00
 4387 07f6 00       		.ascii	"\000"
 4388 07f7 02       		.ascii	"\002"
 4389 07f8 00       		.ascii	"\000"
 4390 07f9 00000000 		.ascii	"\000\000\000\000\000\000\000\000"
 4390      00000000 
 4391 0801 11030000 		.ascii	"\021\003\000\000"
 4392 0805 74657374 		.ascii	"test_execute_stream\000"
 4392      5F657865 
 4392      63757465 
 4392      5F737472 
 4392      65616D00 
 4393 0819 00       		.ascii	"\000"
 4394 081a 02       		.ascii	"\002"
 4395 081b 00       		.ascii	"\000"
 4396 081c 00000000 		.ascii	"\000\000\000\000\000\000\000\000"
 4396      00000000 
 4397 0824 1A030000 		.ascii	"\032\003\000\000"
 4398 0828 63687072 		.ascii	"chprintf\000"
 4398      696E7466 
 4398      00
 4399 0831 00       		.ascii	"\000"
 4400 0832 02       		.ascii	"\002"
 4401 0833 00       		.ascii	"\000"
 4402 0834 00000000 		.ascii	"\000\000\000\000\000\000\000\000"
 4402      00000000 
 4403 083c 1F030000 		.ascii	"\037\003\000\000"
 4404 0840 63685468 		.ascii	"chThdTerminate\000"
 4404      64546572 
 4404      6D696E61 
 4404      746500
 4405 084f 00       		.ascii	"\000"
 4406 0850 02       		.ascii	"\002"
 4407 0851 00       		.ascii	"\000"
 4408 0852 00000000 		.ascii	"\000\000\000\000\000\000\000\000"
 4408      00000000 
 4409 085a 23030000 		.ascii	"#\003\000\000"
 4410 085e 63684576 		.ascii	"chEvtBroadcastFlags\000"
 4410      7442726F 
 4410      61646361 
 4410      7374466C 
 4410      61677300 
 4411 0872 00       		.ascii	"\000"
 4412 0873 02       		.ascii	"\002"
 4413 0874 00       		.ascii	"\000"
 4414 0875 00000000 		.ascii	"\000\000\000\000\000\000\000\000"
 4414      00000000 
 4415 087d 2B030000 		.ascii	"+\003\000\000"
 4416 0881 616F7353 		.ascii	"aosShellcmdCheckHelp\000"
 4416      68656C6C 
 4416      636D6443 
 4416      6865636B 
 4416      48656C70 
 4417 0896 00       		.ascii	"\000"
ARM GAS  /tmp/ccACgBoh.s 			page 338


 4418 0897 02       		.ascii	"\002"
 4419 0898 00       		.ascii	"\000"
 4420 0899 00000000 		.ascii	"\000\000\000\000\000\000\000\000"
 4420      00000000 
 4421 08a1 40030000 		.ascii	"@\003\000\000"
 4422 08a5 63685654 		.ascii	"chVTDoSetI\000"
 4422      446F5365 
 4422      744900
 4423 08b0 00       		.ascii	"\000"
 4424 08b1 02       		.ascii	"\002"
 4425 08b2 00       		.ascii	"\000"
 4426 08b3 00000000 		.ascii	"\000\000\000\000\000\000\000\000"
 4426      00000000 
 4427 08bb 42030000 		.ascii	"B\003\000\000"
 4428 08bf 63685654 		.ascii	"chVTDoResetI\000"
 4428      446F5265 
 4428      73657449 
 4428      00
 4429 08cc 00       		.ascii	"\000"
 4430 08cd 02       		.ascii	"\002"
 4431 08ce 00       		.ascii	"\000"
 4432 08cf 00000000 		.ascii	"\000\000\000\000\000\000\000\000"
 4432      00000000 
 4433 08d7 46030000 		.ascii	"F\003\000\000"
 4434 08db 63684462 		.ascii	"chDbgCheckClassI\000"
 4434      67436865 
 4434      636B436C 
 4434      61737349 
 4434      00
 4435 08ec 00       		.ascii	"\000"
 4436 08ed 02       		.ascii	"\002"
 4437 08ee 00       		.ascii	"\000"
 4438 08ef 00000000 		.ascii	"\000\000\000\000\000\000\000\000"
 4438      00000000 
 4439 08f7 48030000 		.ascii	"H\003\000\000"
 4440 08fb 5F5F6462 		.ascii	"__dbg_check_unlock_from_isr\000"
 4440      675F6368 
 4440      65636B5F 
 4440      756E6C6F 
 4440      636B5F66 
 4441 0917 00       		.ascii	"\000"
 4442 0918 02       		.ascii	"\002"
 4443 0919 00       		.ascii	"\000"
 4444 091a 00000000 		.ascii	"\000\000\000\000\000\000\000\000"
 4444      00000000 
 4445 0922 4A030000 		.ascii	"J\003\000\000"
 4446 0926 73744765 		.ascii	"stGetCounter\000"
 4446      74436F75 
 4446      6E746572 
 4446      00
 4447 0933 00       		.ascii	"\000"
 4448 0934 02       		.ascii	"\002"
 4449 0935 00       		.ascii	"\000"
 4450 0936 00000000 		.ascii	"\000\000\000\000\000\000\000\000"
 4450      00000000 
 4451 093e 51030000 		.ascii	"Q\003\000\000"
 4452 0942 5F5F6462 		.ascii	"__dbg_check_lock_from_isr\000"
ARM GAS  /tmp/ccACgBoh.s 			page 339


 4452      675F6368 
 4452      65636B5F 
 4452      6C6F636B 
 4452      5F66726F 
 4453 095c 00       		.ascii	"\000"
 4454 095d 02       		.ascii	"\002"
 4455 095e 00       		.ascii	"\000"
 4456 095f 00000000 		.ascii	"\000\000\000\000\000\000\000\000"
 4456      00000000 
 4457 0967 53030000 		.ascii	"S\003\000\000"
 4458 096b 63684576 		.ascii	"chEvtBroadcastFlagsI\000"
 4458      7442726F 
 4458      61646361 
 4458      7374466C 
 4458      61677349 
 4459 0980 00       		.ascii	"\000"
 4460 0981 02       		.ascii	"\002"
 4461 0982 00       		.ascii	"\000"
 4462 0983 00000000 		.ascii	"\000\000\000\000\000\000\000\000"
 4462      00000000 
 4463 098b 55030000 		.ascii	"U\003\000\000"
 4464 098f 63687670 		.ascii	"chvprintf\000"
 4464      72696E74 
 4464      6600
 4465 0999 00       		.ascii	"\000"
 4466 099a 02       		.ascii	"\002"
 4467 099b 00       		.ascii	"\000"
 4468 099c 00000000 		.ascii	"\000\000\000\000\000\000\000\000"
 4468      00000000 
 4469 09a4 66030000 		.ascii	"f\003\000\000"
 4470 09a8 706F7766 		.ascii	"powf\000"
 4470      00
 4471 09ad 00       		.ascii	"\000"
 4472 09ae 02       		.ascii	"\002"
 4473 09af 00       		.ascii	"\000"
 4474 09b0 00000000 		.ascii	"\000\000\000\000\000\000\000\000"
 4474      00000000 
 4475 09b8 73030000 		.ascii	"s\003\000\000"
 4476 09bc 63684462 		.ascii	"chDbgCheckClassS\000"
 4476      67436865 
 4476      636B436C 
 4476      61737353 
 4476      00
 4477 09cd 00       		.ascii	"\000"
 4478 09ce 02       		.ascii	"\002"
 4479 09cf 00       		.ascii	"\000"
 4480 09d0 00000000 		.ascii	"\000\000\000\000\000\000\000\000"
 4480      00000000 
 4481 09d8 75030000 		.ascii	"u\003\000\000"
 4482 09dc 616F7353 		.ascii	"aosShellAddCommand\000"
 4482      68656C6C 
 4482      41646443 
 4482      6F6D6D61 
 4482      6E6400
 4483 09ef 00       		.ascii	"\000"
 4484 09f0 02       		.ascii	"\002"
 4485 09f1 00       		.ascii	"\000"
ARM GAS  /tmp/ccACgBoh.s 			page 340


 4486 09f2 00000000 		.ascii	"\000\000\000\000\000\000\000\000"
 4486      00000000 
 4487 09fa 7D030000 		.ascii	"}\003\000\000"
 4488 09fe 616F7353 		.ascii	"aosShellObjectInit\000"
 4488      68656C6C 
 4488      4F626A65 
 4488      6374496E 
 4488      697400
 4489 0a11 00       		.ascii	"\000"
 4490 0a12 02       		.ascii	"\002"
 4491 0a13 00       		.ascii	"\000"
 4492 0a14 00000000 		.ascii	"\000\000\000\000\000\000\000\000"
 4492      00000000 
 4493 0a1c 86030000 		.ascii	"\206\003\000\000"
 4494 0a20 616F7353 		.ascii	"aosShellInit\000"
 4494      68656C6C 
 4494      496E6974 
 4494      00
 4495 0a2d 00       		.ascii	"\000"
 4496 0a2e 02       		.ascii	"\002"
 4497 0a2f 00       		.ascii	"\000"
 4498 0a30 00000000 		.ascii	"\000\000\000\000\000\000\000\000"
 4498      00000000 
 4499 0a38 88030000 		.ascii	"\210\003\000\000"
 4500 0a3c 616F734F 		.ascii	"aosOStreamInit\000"
 4500      53747265 
 4500      616D496E 
 4500      697400
 4501 0a4b 00       		.ascii	"\000"
 4502 0a4c 02       		.ascii	"\002"
 4503 0a4d 00       		.ascii	"\000"
 4504 0a4e 00000000 		.ascii	"\000\000\000\000\000\000\000\000"
 4504      00000000 
 4505 0a56 8F030000 		.ascii	"\217\003\000\000"
 4506 0a5a 5F5F6462 		.ascii	"__dbg_check_lock\000"
 4506      675F6368 
 4506      65636B5F 
 4506      6C6F636B 
 4506      00
 4507 0a6b 00       		.ascii	"\000"
 4508 0a6c 02       		.ascii	"\002"
 4509 0a6d 00       		.ascii	"\000"
 4510 0a6e 00000000 		.ascii	"\000\000\000\000\000\000\000\000"
 4510      00000000 
 4511 0a76 91030000 		.ascii	"\221\003\000\000"
 4512 0a7a 63685468 		.ascii	"chThdSetPriority\000"
 4512      64536574 
 4512      5072696F 
 4512      72697479 
 4512      00
 4513 0a8b 00       		.ascii	"\000"
 4514 0a8c 02       		.ascii	"\002"
 4515 0a8d 00       		.ascii	"\000"
 4516 0a8e 00000000 		.ascii	"\000\000\000\000\000\000\000\000"
 4516      00000000 
 4517 0a96 97030000 		.ascii	"\227\003\000\000"
 4518 0a9a 72746343 		.ascii	"rtcConvertDateTimeToStructTm\000"
ARM GAS  /tmp/ccACgBoh.s 			page 341


 4518      6F6E7665 
 4518      72744461 
 4518      74655469 
 4518      6D65546F 
 4519 0ab7 00       		.ascii	"\000"
 4520 0ab8 02       		.ascii	"\002"
 4521 0ab9 00       		.ascii	"\000"
 4522 0aba 00000000 		.ascii	"\000\000\000\000\000\000\000\000"
 4522      00000000 
 4523 0ac2 A1030000 		.ascii	"\241\003\000\000"
 4524 0ac6 72746347 		.ascii	"rtcGetTime\000"
 4524      65745469 
 4524      6D6500
 4525 0ad1 00       		.ascii	"\000"
 4526 0ad2 02       		.ascii	"\002"
 4527 0ad3 00       		.ascii	"\000"
 4528 0ad4 00000000 		.ascii	"\000\000\000\000\000\000\000\000"
 4528      00000000 
 4529 0adc AB030000 		.ascii	"\253\003\000\000"
 4530 0ae0 616F7353 		.ascii	"aosShellStart\000"
 4530      68656C6C 
 4530      53746172 
 4530      7400
 4531 0aee 00       		.ascii	"\000"
 4532 0aef 02       		.ascii	"\002"
 4533 0af0 00       		.ascii	"\000"
 4534 0af1 00000000 		.ascii	"\000\000\000\000\000\000\000\000"
 4534      00000000 
 4535 0af9 B0030000 		.ascii	"\260\003\000\000"
 4536 0afd 616F7353 		.ascii	"aosShellStreamAddChannel\000"
 4536      68656C6C 
 4536      53747265 
 4536      616D4164 
 4536      64436861 
 4537 0b16 00       		.ascii	"\000"
 4538 0b17 02       		.ascii	"\002"
 4539 0b18 00       		.ascii	"\000"
 4540 0b19 00000000 		.ascii	"\000\000\000\000\000\000\000\000"
 4540      00000000 
 4541 0b21 B8030000 		.ascii	"\270\003\000\000"
 4542 0b25 616F7353 		.ascii	"aosShellChannelInit\000"
 4542      68656C6C 
 4542      4368616E 
 4542      6E656C49 
 4542      6E697400 
 4543 0b39 00       		.ascii	"\000"
 4544 0b3a 02       		.ascii	"\002"
 4545 0b3b 00       		.ascii	"\000"
 4546 0b3c 00000000 		.ascii	"\000\000\000\000\000\000\000\000"
 4546      00000000 
 4547 0b44 C2030000 		.ascii	"\302\003\000\000"
 4548 0b48 72746353 		.ascii	"rtcSetTime\000"
 4548      65745469 
 4548      6D6500
 4549 0b53 00       		.ascii	"\000"
 4550 0b54 02       		.ascii	"\002"
 4551 0b55 00       		.ascii	"\000"
ARM GAS  /tmp/ccACgBoh.s 			page 342


 4552 0b56 00000000 		.ascii	"\000\000\000\000\000\000\000\000"
 4552      00000000 
 4553 0b5e C7030000 		.ascii	"\307\003\000\000"
 4554 0b62 72746343 		.ascii	"rtcConvertStructTmToDateTime\000"
 4554      6F6E7665 
 4554      72745374 
 4554      72756374 
 4554      546D546F 
 4555 0b7f 00       		.ascii	"\000"
 4556 0b80 02       		.ascii	"\002"
 4557 0b81 00       		.ascii	"\000"
 4558 0b82 00000000 		.ascii	"\000\000\000\000\000\000\000\000"
 4558      00000000 
 4559 0b8a CF030000 		.ascii	"\317\003\000\000"
 4560 0b8e 616F7354 		.ascii	"aosTimeDayOfWeekFromDate\000"
 4560      696D6544 
 4560      61794F66 
 4560      5765656B 
 4560      46726F6D 
 4561 0ba7 00       		.ascii	"\000"
 4562 0ba8 02       		.ascii	"\002"
 4563 0ba9 00       		.ascii	"\000"
 4564 0baa 00000000 		.ascii	"\000\000\000\000\000\000\000\000"
 4564      00000000 
 4565 0bb2 D8030000 		.ascii	"\330\003\000\000"
 4566 0bb6 61746F69 		.ascii	"atoi\000"
 4566      00
 4567 0bbb 00       		.ascii	"\000"
 4568 0bbc 02       		.ascii	"\002"
 4569 0bbd 00       		.ascii	"\000"
 4570 0bbe 00000000 		.ascii	"\000\000\000\000\000\000\000\000"
 4570      00000000 
 4571 0bc6 DC030000 		.ascii	"\334\003\000\000"
 4572 0bca 63685468 		.ascii	"chThdYield\000"
 4572      64596965 
 4572      6C6400
 4573 0bd5 00       		.ascii	"\000"
 4574 0bd6 02       		.ascii	"\002"
 4575 0bd7 00       		.ascii	"\000"
 4576 0bd8 00000000 		.ascii	"\000\000\000\000\000\000\000\000"
 4576      00000000 
 4577 0be0 DE030000 		.ascii	"\336\003\000\000"
 4578              		.text
 4579              		.section	.gnu.lto_.opts,"e",%progbits
 4580 0000 272D666E 		.ascii	"'-fno-openmp' '-fno-openacc' '-fno-pie' '-mcpu=cort"
 4580      6F2D6F70 
 4580      656E6D70 
 4580      2720272D 
 4580      666E6F2D 
 4581 0033 65782D6D 		.ascii	"ex-m3' '-mthumb' '-mfloat-abi=soft' '-march=armv7-m"
 4581      33272027 
 4581      2D6D7468 
 4581      756D6227 
 4581      20272D6D 
 4582 0066 2720272D 		.ascii	"' '-O2' '-fstack-usage' '-ffunction-sections' '-fda"
 4582      4F322720 
 4582      272D6673 
ARM GAS  /tmp/ccACgBoh.s 			page 343


 4582      7461636B 
 4582      2D757361 
 4583 0099 74612D73 		.ascii	"ta-sections' '-fno-common' '-flto' '-fshort-enums'\000"
 4583      65637469 
 4583      6F6E7327 
 4583      20272D66 
 4583      6E6F2D63 
 4584              		.text
 4585              		.comm	__gnu_lto_v1,1,1
 4586              		.comm	__gnu_lto_slim,1,1
 4587              		.ident	"GCC: (GNU Arm Embedded Toolchain 9-2020-q2-update) 9.3.1 20200408 (release)"
ARM GAS  /tmp/ccACgBoh.s 			page 344


DEFINED SYMBOLS
                            *ABS*:0000000000000000 aos_system.c
                            *COM*:0000000000000001 __gnu_lto_v1
                            *COM*:0000000000000001 __gnu_lto_slim

NO UNDEFINED SYMBOLS
