ARM GAS  /tmp/ccSbXLHM.s 			page 1


   1              		.cpu cortex-m3
   2              		.eabi_attribute 20, 1
   3              		.eabi_attribute 21, 1
   4              		.eabi_attribute 23, 3
   5              		.eabi_attribute 24, 1
   6              		.eabi_attribute 25, 1
   7              		.eabi_attribute 26, 1
   8              		.eabi_attribute 30, 2
   9              		.eabi_attribute 34, 1
  10              		.eabi_attribute 18, 4
  11              		.file	"urt_service.c"
  12              		.section	.gnu.lto_.profile.5a9a8b635989c850,"e",%progbits
  13 0000 789CE360 		.ascii	"x\234\343``\004B \000\000\000]\000\013"
  13      60044220 
  13      0000005D 
  13      000B
  14              		.text
  15              		.section	.gnu.lto_.icf.5a9a8b635989c850,"e",%progbits
  16 0000 789CE360 		.ascii	"x\234\343``d\320a@\000v\206\013_\027\356\341c\234\370"
  16      6064D061 
  16      40007686 
  16      0B5F17EE 
  16      E1639CF8 
  17 0014 6DDA5546 		.ascii	"m\332UF\246e\337\267\\\343c\336qi\342C&\226k\367\327"
  17      A665DFB7 
  17      5CE363DE 
  17      7169E243 
  17      26966BF7 
  18 0029 1FE3667D 		.ascii	"\037\343f}r{Y\037\033\333\376i\333\337q1\000\000\365"
  18      727B591F 
  18      1BDBFE69 
  18      DBDF7131 
  18      0000F5
  19 003c 9415DA   		.ascii	"\224\025\332"
  20              		.text
  21              		.section	.gnu.lto_.jmpfuncs.5a9a8b635989c850,"e",%progbits
  22 0000 789CAD92 		.ascii	"x\234\255\2221\016\3020\014E\375m7M\001\251\007`\340"
  22      310EC230 
  22      0C45FD6D 
  22      374D01A9 
  22      0760E0
  23 0013 2A9C2C0C 		.ascii	"*\234,\014\354\025\033c\357\301\304I\270\002G\000\247"
  23      EC151B63 
  23      EFC1C449 
  23      B8024700 
  23      A7
  24 0024 B448A424 		.ascii	"\264H\244$e\300\322[\362\345o\347'\236@'\246w\325\304"
  24      65C0D25B 
  24      F2E56FE7 
  24      279E4027 
  24      A677D5C4 
  25 0038 801C7A21 		.ascii	"\200\034z!\003&\340\252 \343a\325B\316\202\356x\277"
  25      0326E0AA 
  25      20E361D5 
  25      42CE82EE 
  25      78BF
  26 004a F94E7A61 		.ascii	"\371Nza\020.\330\016(\254Z\353\211\275jT\206c\015\224"
ARM GAS  /tmp/ccSbXLHM.s 			page 2


  26      102ED80E 
  26      28AC5AEB 
  26      89BD6A54 
  26      86630D94 
  27 005e 5810BB7D 		.ascii	"X\020\273}z\006\231|\270\212>\330\215F\265\341\215\306"
  27      7A06997C 
  27      B88A3ED8 
  27      8D46B5E1 
  27      8DC6
  28 0070 58951BB3 		.ascii	"X\225\033\263\212\323\220\212\263\235f;\346\347\024"
  28      8AD3908A 
  28      B39D663B 
  28      E6E714
  29 007f 97301139 		.ascii	"\2270\0219Qb\260x\335k\255_\202\321\200\337\367\320"
  29      5162B078 
  29      DD6BAD5F 
  29      82D180DF 
  29      F7D0
  30 0091 BFBA55E3 		.ascii	"\277\272U\343\243\307\2747\205\241K\271\271\217o\320"
  30      A3C7BC37 
  30      85A14BB9 
  30      B98F6FD0 
  31 00a1 4C2C8696 		.ascii	"L,\206\226\025\351\011y\312\261="
  31      15E90979 
  31      CAB13D
  32              		.text
  33              		.section	.gnu.lto_.inline.5a9a8b635989c850,"e",%progbits
  34 0000 789C9553 		.ascii	"x\234\225SKO\024A\020\376\252\252w\031\206\205\014\242"
  34      4B4F1441 
  34      10FEAAAA 
  34      77198685 
  34      0CA2
  35 0012 272F7BF6 		.ascii	"'/{\366`\342\321\333\374\002\376\203\273#\210\227\345"
  35      60E2D1DB 
  35      FC02FE83 
  35      BB238897 
  35      E5
  36 0023 17985131 		.ascii	"\027\230Q1\342\222\300\036\030\365@\002H\010\011!\270"
  36      E292C01E 
  36      18F54002 
  36      48080921 
  36      B8
  37 0034 82A84188 		.ascii	"\202\250A\210k\242\311F\343\201\033>0D/\306\030\360"
  37      6BA2C946 
  37      E3811B3E 
  37      30442FC6 
  37      18F0
  38 0046 79D18BD5 		.ascii	"y\321\213\3253;\303\342\201\304\232\244^]\375uu\177"
  38      333BC3E2 
  38      81C49AA4 
  38      5E5DFD75 
  38      757F
  39 0058 350E0823 		.ascii	"5\016\010#\202L:\200\276\225\267\327^\363 1\025\011"
  39      824C3A80 
  39      BE95B7D7 
  39      5EF32031 
  39      1509
ARM GAS  /tmp/ccSbXLHM.s 			page 3


  40 006a 02F255FB 		.ascii	"\002\362U\373\371\023_\3476Gy@+V\233\213+\0340\030\024"
  40      F9135FE7 
  40      36477940 
  40      2B569B8B 
  40      2B1C3018 
  41 007f AA708961 		.ascii	"\252p\211a2\037\006\274=\371\362\251\315:\234\372p,"
  41      321F06BC 
  41      3DF9F2A9 
  41      CD3A9CFA 
  41      702C
  42 0091 3677A9A2 		.ascii	"6w\251\242Z?\341\270\326\316\360\005\"\350\021\340\036"
  42      5A3FE1B8 
  42      D6CEF005 
  42      22E811E0 
  42      1E
  43 00a2 1BCA79C0 		.ascii	"\033\312y\300K\034\213\255\"\205\244>\335\3078\333x"
  43      4B1C8BAD 
  43      2285A43E 
  43      DDC738DB 
  43      78
  44 00b3 B7BECC43 		.ascii	"\267\276\314C\344rq\230N\237\004\027+\326Hq\370\226"
  44      E4727198 
  44      4E9F0417 
  44      2BD64871 
  44      F896
  45 00c5 D0F8D5FD 		.ascii	"\320\370\325\375\367\316\270LK'\201\326\311\246+\261"
  45      F7CEB84C 
  45      4B2781D6 
  45      C9A62BB1 
  46 00d5 3587975D 		.ascii	"5\207\227]]~\034\247+\261Mz\260J\2542V\271\247\246\237"
  46      5D7E1CA7 
  46      2BB14D7A 
  46      B04AAC32 
  46      56B9A7A6 
  47 00ea 6F7C17BD 		.ascii	"o|\027\275\356\261\373w\266>s\334\222\371\364\254>'"
  47      EEB1FB77 
  47      B63E73DC 
  47      92F9F4AC 
  47      3E27
  48 00fc 65840666 		.ascii	"e\204\006f\367\317fCJ\352\034d\035\310ls\351\221\224"
  48      F7CF6643 
  48      4AEA1C64 
  48      1DC86C73 
  48      E99194
  49 010f 3C78A09B 		.ascii	"<x\240\233\365\346<\237\363\030^\333F\017\271\251\215"
  49      F5E63C9F 
  49      F3185EDB 
  49      460FB9A9 
  49      8D
  50 0120 DF7B5CF6 		.ascii	"\337{\\\366\341\247%>\303\347\366\347I\255\351\326f"
  50      E1A7253E 
  50      C3E7F6E7 
  50      49ADE9D6 
  50      66
  51 0131 20B57EFB 		.ascii	" \265~\373\375\273\230Z\201\253oV\227A\242\204.\003"
  51      FDBB985A 
  51      81AB6F56 
ARM GAS  /tmp/ccSbXLHM.s 			page 4


  51      9741A284 
  51      2E03
  52 0143 5CD6CC25 		.ascii	"\\\326\314% \0373r\004Q*\366\014p\373\001\006\335;w"
  52      201F3372 
  52      04512AF6 
  52      0C70FB01 
  52      06DD3B77 
  53 0157 AF476D80 		.ascii	"\257Gm\200&\301\371_\300\224\275\034z?\374\332\232\264"
  53      26C1F95F 
  53      C094BD1C 
  53      7A3FFCDA 
  53      9AB4
  54 0169 8048007B 		.ascii	"\200H\000{\252\313\023\221\245\333\261;\345h\300\354"
  54      AACB1391 
  54      A5DBB13B 
  54      E568C0EC 
  55 0179 A2851438 		.ascii	"\242\205\0248\2173\363\273\325\031\276H.\351\030X\206"
  55      8F33F3BB 
  55      D519BE48 
  55      2EE91858 
  55      86
  56 018a A9C534B7 		.ascii	"\251\3054\267bn\305\322\212\323I\240\303T\307\314w\365"
  56      626EC5D2 
  56      8AD349A0 
  56      C354C7CC 
  56      77F5
  57 019c 8D8461C4 		.ascii	"\215\204a\304C@\347\253\205\033K<`\333q\366\037n?\320"
  57      4340E7AB 
  57      851B4B3C 
  57      60DB71F6 
  57      1F6E3FD0 
  58 01b0 16430D16 		.ascii	"\026C\015\026\336TW\271l\342\326\322@{+\374\210\306"
  58      DE5457B9 
  58      6CE2D6D2 
  58      407B2BFC 
  58      88C6
  59 01c2 9AFA43D8 		.ascii	"\232\372C\330ih|\373x\217\203\204\354\374\227\265+/"
  59      69687CFB 
  59      788F8384 
  59      ECFC97B5 
  59      2B2F
  60 01d4 24B043E0 		.ascii	"$\260C\340\375\214\306Fu\210t4r;k\263O8H\310\356\250"
  60      FD8CC646 
  60      75887434 
  60      723B6BB3 
  60      4F3848C8 
  61 01ea 4DEDDD96 		.ascii	"M\355\335\226\300\016Av\303\211\214\001\374\005\207"
  61      C00E4176 
  61      C3898C01 
  61      FC0587
  62 01f9 55C7CB   		.ascii	"U\307\313"
  63              		.text
  64              		.section	.gnu.lto_.pureconst.5a9a8b635989c850,"e",%progbits
  65 0000 789C05C1 		.ascii	"x\234\005\301\011\001\000 \014\304\260\016\312\243\000"
  65      09010020 
  65      0CC4B00E 
  65      CAA300
ARM GAS  /tmp/ccSbXLHM.s 			page 5


  66 000f EF3BB524 		.ascii	"\357;\265$\227\342\001\207\266\342\210\263\265]q\307"
  66      97E20187 
  66      B6E288B3 
  66      B55D71C7 
  67 001f 0F33EB04 		.ascii	"\0173\353\004\213"
  67      8B
  68              		.text
  69              		.section	.gnu.lto__urt_service_acquireRequestCheck.5a9a8b635989c850,"e",%progbits
  70 0000 789C9553 		.ascii	"x\234\225SKL\224W\024>\337\177\357\377\230aF\373\260"
  70      4B4C9457 
  70      143EDF7F 
  70      EFFF9861 
  70      46FBB0
  71 0013 F1318BB2 		.ascii	"\3611\213\262\243\032\353\220\264\253n\224\032\223\246"
  71      A31AEB90 
  71      B4AB6E94 
  71      1A93A6
  72 0022 891B746F 		.ascii	"\211\033to\014L\342$\032\011\240.\272\360Bi\033\225"
  72      0C4CE224 
  72      1A09A02E 
  72      BAF04269 
  72      1B95
  73 0034 A0B14305 		.ascii	"\240\261C\005\3148Q$\270\021|U\215\242\035\301\027\017"
  73      CC385124 
  73      B8117C55 
  73      8DA21DC1 
  73      170F
  74 0046 852A3E6A 		.ascii	"\205*>j\014\320\212\023\013\246\215\011%\246\013\306"
  74      0CD08A13 
  74      0BA68D09 
  74      25A60BC6 
  75 0056 73FF3B83 		.ascii	"s\377;\203&\352\202?\371O\356y|\337y\334s=\002MJ\242"
  75      26EA823F 
  75      F94FEE79 
  75      7CDF79DC 
  75      733D024D 
  76 006c F544B499 		.ascii	"\365D\264\231\177x\004K)\265\312\255\361,K\364\237j"
  76      7F78044B 
  76      29B5CAAD 
  76      F12C4BF4 
  76      9F6A
  77 007e FE4CAAA0 		.ascii	"\376L\252\240\374\365Vf\241T!a\271\317[\377\374D[\022"
  77      FCF55666 
  77      A1542161 
  77      B9CF5BFF 
  77      FC445B12 
  78 0092 8F0F2D63 		.ascii	"\217\017-c\213\264\234\226\323\231\345l\2613\003\315"
  78      8BB49C96 
  78      D399E56C 
  78      B13303CD 
  79 00a2 1FB3C586 		.ascii	"\037\263\305\206\223\303;ps'\027\360O\312\003\355\264"
  79      93C33B70 
  79      732717F0 
  79      4FCA03ED 
  79      B4
  80 00b3 84B41D17 		.ascii	"\204\264\035\027;\261W\034\020h\334u\361Axi\273R\265"
  80      3BB1571C 
ARM GAS  /tmp/ccSbXLHM.s 			page 6


  80      1068DC75 
  80      F1417869 
  80      BB52B5
  81 00c6 2A7DE017 		.ascii	"*}\340\027\347\320\211!%R\202\250Y\020\276\210\2408"
  81      E7D08921 
  81      255282A8 
  81      5910BE88 
  81      A038
  82 00d8 42FAC305 		.ascii	"B\372\303\005,\345\340\221\332\344\313P\003\373\001"
  82      2CE5E091 
  82      DAE4CB50 
  82      03FB01
  83 00e7 C96AA2EF 		.ascii	"\311j\242\357LoP\253\026\012Y\375qf\374\251\024_\203"
  83      4C6F50AB 
  83      160A59FD 
  83      7166FCA9 
  83      145F83
  84 00fa F8FCD7EE 		.ascii	"\370\374\327\356\354\321`Q\233\332\307\264\303\213["
  84      ECD16051 
  84      9BDAC7B4 
  84      C38B5B
  85 0109 545AA684 		.ascii	"TZ\246\204\300%\010\315\333\205\010.\202\231\331\306"
  85      C02508CD 
  85      DB85082E 
  85      8299D9C6 
  86 0119 DC9751C4 		.ascii	"\334\227Q\304\210\311#\335\347l\361\255\217\3166L\015"
  86      88C923DD 
  86      E76CF1AD 
  86      8FCE364C 
  86      0D
  87 012a 891C7AE0 		.ascii	"\211\034z\340S\203\226\370\355-4\017\016i\024\221\237"
  87      538396F8 
  87      ED2D340F 
  87      0E691491 
  87      9F
  88 013b F1E44C63 		.ascii	"\361\344Lc\330\221\272p]\360\0258<Z\242\316;vZ\315d"
  88      D891BA70 
  88      5DF01538 
  88      3C5AA2CE 
  88      3B765ACD 
  89 0150 7F52E9CC 		.ascii	"\177R\351\314\242\303\377\205\346\203a\266\305\302\021"
  89      A2C3FF85 
  89      E68361B6 
  89      C5C211
  90 015f 2C5CA985 		.ascii	",\\\251\205\315\302s\264\303\325\016\217\005\005\264"
  90      CDC273B4 
  90      C3D50E8F 
  90      0505B4
  91 016e 0841D387 		.ascii	"\010A\323\207\241K$\332#\210\247\250$T\232\250^XF\251"
  91      A14B24DA 
  91      2388A7A8 
  91      24549AA8 
  91      5E5846A9 
  92 0182 616502B5 		.ascii	"ae\002\265]\1777\264\006u\326\244\000W\323\360\375\277"
  92      5D7F37B4 
  92      0675D6A4 
  92      0057D3F0 
ARM GAS  /tmp/ccSbXLHM.s 			page 7


  92      FDBF
  93 0194 239E1E8D 		.ascii	"#\236\036\215\364\033J?:\361\307\2746\264\3260\2440"
  93      F41B4A3F 
  93      3AF1C7BC 
  93      36B4D630 
  93      A430
  94 01a6 25024911 		.ascii	"%\002I\021B\267\356\201}\035\347\332\007\303\305\035"
  94      42B7EE81 
  94      7D1DE7DA 
  94      07C3C51D 
  95 01b6 6A9FEF0A 		.ascii	"j\237\357\012\242\007mh2M\\E\261\317\335\373\225a\266"
  95      A2076D68 
  95      324D5C45 
  95      B1CFDDFB 
  95      9561B6
  96 01c9 DE640EBE 		.ascii	"\336d\016\276\213\271\200\323\343Z\216\271&5z\336af"
  96      8BB980D3 
  96      E35A8EB9 
  96      26357ADE 
  96      6166
  97 01db E37270DD 		.ascii	"\343rp\335g\326S\301\015f~\212\272\321\236/s\314I\021"
  97      67D653C1 
  97      0D667E8A 
  97      BAD19E2F 
  97      73CC4911 
  98 01ef F66FBA5E 		.ascii	"\366o\272^\210\207\211\376+\226\356\013~_{\237\300\304"
  98      888789FE 
  98      2B96EE0B 
  98      7E5F7B9F 
  98      C0C4
  99 0201 8839A50B 		.ascii	"\2109\245\013\341\246\237\316\"\337yv\270\263/0\353"
  99      E1A69FCE 
  99      22DF7976 
  99      B8B32F30 
  99      EB
 100 0212 0CA317C5 		.ascii	"\014\243\027\305M\372\366\011}\371&\2773i\344\234\346"
 100      4DFAF609 
 100      7DF926BF 
 100      3369E49C 
 100      E6
 101 0223 350FFD7E 		.ascii	"5\017\375~\032i\322\014\366\377\334\211Y\347|\014\314"
 101      1A69D20C 
 101      F6FFDC89 
 101      59E77C0C 
 101      CC
 102 0234 A6B995EF 		.ascii	"\246\271\225\357x\272\351r\276\241\244\017\323M\313"
 102      78BAE972 
 102      BEA1A40F 
 102      D34DCB
 103 0243 833DC3FB 		.ascii	"\203=\303\373E\3762\023\273\217\237^`b\35495\375\001"
 103      45FE3213 
 103      BB8F9F5E 
 103      6062EC39 
 103      35FD01
 104 0256 6EFBD5D8 		.ascii	"n\373\325\330\246\232\256\321\361SV\035js@\017\203\\"
 104      A69AAED1 
 104      F153561D 
ARM GAS  /tmp/ccSbXLHM.s 			page 8


 104      6A73400F 
 104      835C
 105 0268 04610875 		.ascii	"\004a\010u\240\347\250+\364\267\224\343\222\307\006"
 105      A0E7A82B 
 105      F4B794E3 
 105      92C706
 106 0277 B2011DE7 		.ascii	"\262\001\035\347\245\304\207\315\372\206\360\273\216"
 106      A5C487CD 
 106      FA86F0BB 
 106      8E
 107 0284 E1F429F1 		.ascii	"\341\364)\361\221Y\257\203O\012LE\316\034\367\351\316"
 107      9159AF83 
 107      4F0A4C45 
 107      CE1CF7E9 
 107      CE
 108 0295 EB7DBA9B 		.ascii	"\353}\272\233\037\3657\206\312}gs\316{\027h\370\365"
 108      1FF53786 
 108      CA7D6773 
 108      CE7B1768 
 108      F8F5
 109 02a7 02DD33E3 		.ascii	"\002\3353\343|\3263\276$\307\225\337\240=\302nLd^\222"
 109      7CD633BE 
 109      24C795DF 
 109      A03DC26E 
 109      4C645E92 
 110 02bb 1EA6552F 		.ascii	"\036\246U/\234\331\311J\232F\200Y\217O\265\267\333z"
 110      9CD9C94A 
 110      9A468059 
 110      8F4FB5B7 
 110      DB7A
 111 02cd 83092F80 		.ascii	"\203\011/\200\373\210H\275\327\023?t\014\026\030\353"
 111      FB8848BD 
 111      D7133F74 
 111      0C1618EB 
 112 02dd 14F00011 		.ascii	"\024\360\000\021~\245\365\302\315\362g\356\345\037X"
 112      7EA5F5C2 
 112      CDF267EE 
 112      E51F58
 113 02ec 3C108F33 		.ascii	"<\020\2173L\303{\363!\360;\307CDDKf\014I\021p\376\317"
 113      4CC37BF3 
 113      21F03BC7 
 113      4344444B 
 113      660C4911 
 114 0303 8C2DE12A 		.ascii	"\214-\341*`\240\372\261\022\255\214n\332\272%\026\255"
 114      60A0FAB1 
 114      12AD8C6E 
 114      DABA2516 
 114      AD
 115 0314 8857474B 		.ascii	"\210WGK\326\255\331PZ\262zM\264dm\274t\353\347%\025"
 115      D6ADD950 
 115      5AB27A4D 
 115      B4646DBC 
 115      74EBE725 
 116 0329 1555D12D 		.ascii	"\025U\321-\361\362\362\315\261\035\033+c\321m\245\353"
 116      F1F2F2CD 
 116      B11D1B2B 
 116      63D16DA5 
ARM GAS  /tmp/ccSbXLHM.s 			page 9


 116      EB
 117 033a A3559565 		.ascii	"\243U\225e\321m\225\325\033\252b\225\333\343e\261\025"
 117      D16D95D5 
 117      1BAA6295 
 117      DBE365B1 
 117      15
 118 034b 65E4E68E 		.ascii	"e\344\346\216\301\362xU\305\306\352\262M\261\362W+\216"
 118      C1F27855 
 118      C5C6EAB2 
 118      4DB1F257 
 118      2B8E
 119 035d C479     		.ascii	"\304y"
 120              		.text
 121              		.section	.gnu.lto_urtServiceInit.5a9a8b635989c850,"e",%progbits
 122 0000 789C9D94 		.ascii	"x\234\235\224_L\233U\030\306\317\363\235\257_\377\254"
 122      5F4C9B55 
 122      18C6CFF3 
 122      9DAF5FFF 
 122      AC
 123 0011 A5889A18 		.ascii	"\245\210\232\030Q\323\013\027\262\013m\023/\275\230"
 123      51D30B17 
 123      B20B6D13 
 123      2FBD98
 124 0020 687663B2 		.ascii	"hvc\262\304\340n\274\"\004\232\254*\031i\313\274\334"
 124      C4E06EBC 
 124      22049AAC 
 124      2A1969CB 
 124      BCDC
 125 0032 A1B01904 		.ascii	"\241\260\031\004\267%\262@\211]Y\220\301\215\016\215"
 125      B725B240 
 125      895D5990 
 125      C18D0E8D 
 126 0042 59CC0057 		.ascii	"Y\314\000WE\366\007q\262\271?nNP\012\332V\006\270\033"
 126      45F60771 
 126      B2B93F6E 
 126      4E500ADA 
 126      5606B81B 
 127 0056 E785E0FB 		.ascii	"\347\205\340\373~_G\255h\215%i\370N\277\363<\277\367"
 127      7E5F47AD 
 127      688D2569 
 127      F84EBFF3 
 127      3CBFF7
 128 0069 7DCEDBE3 		.ascii	"}\316\333\343\020\020q\273\020\365B\210g\351\003\233"
 128      101071BB 
 128      10F54288 
 128      67E9039B 
 129 0079 80A6947A 		.ascii	"\200\246\224z\316\336\346\3204IO>]\271t\353\277[B\317"
 129      CEDEE6D0 
 129      34494F3E 
 129      5DB974EB 
 129      BF5B42CF 
 130 008d BFD301F3 		.ascii	"\277\323\001\363I9 \016hR\307\001\034\221\275\022\307"
 130      4939200E 
 130      6852C701 
 130      1C91BD12 
 130      C7
 131 009e 3AC76E78 		.ascii	":\307nxv\014+\025S\251\336\343\366\343\243\263J&\245"
ARM GAS  /tmp/ccSbXLHM.s 			page 10


 131      760C2B15 
 131      53A9DEE3 
 131      F6E3A3B3 
 131      4A26A5
 132 00b1 107129F0 		.ascii	"\020q)\360L5\002\325\202\377p\006;h\363\\,q\317}\230"
 132      4C3502D5 
 132      82FF7006 
 132      3B68F35C 
 132      2C71CF7D 
 133 00c6 DE033A2D 		.ascii	"\336\003:-{\246?\276\350\342\245\006\037-\017\255/."
 133      7BA63FBE 
 133      E8E2A506 
 133      1F2D0FAD 
 133      2F2E
 134 00d8 E9F27908 		.ascii	"\351\362y\010z\356]\273\360.j\206L\333\305!\251\236"
 134      7AEE5DBB 
 134      F02E6A86 
 134      4CDBC521 
 134      A99E
 135 00ea 4C4A8909 		.ascii	"LJ\211\011H\266\035G5\306@\306\364\035Y\177\212\032"
 135      48B61D47 
 135      35C640C6 
 135      F41D597F 
 135      8A1A
 136 00fc 164F1D1D 		.ascii	"\026O\035\035\363X\326\032-O\\\233\215\301\262\256\244"
 136      F358D61A 
 136      2D4F5C9B 
 136      8DC1B2AE 
 136      A4
 137 010d E5E9E1B7 		.ascii	"\345\351\341\267sR\276hZ\037\352\352{)\357\274\374H"
 137      7352BE68 
 137      5A1FEAEA 
 137      7B29EFBC 
 137      FC48
 138 011f 5CA5B424 		.ascii	"\\\245\264$u\363\231e\235\"\353\263\226\265N\326\237"
 138      75F39965 
 138      9D22EBB3 
 138      96B54ED6 
 138      9F
 139 0130 9BD6EFFD 		.ascii	"\233\326\357\375q\304#w\233Z\365\316o\351\212\274x\246"
 139      71C42377 
 139      9B5AF5CE 
 139      6FE98ABC 
 139      78A6
 140 0142 BA5FA5F4 		.ascii	"\272_\245\364\244\264arK]6\022\177a\2127N\216v:\344"
 140      A4B46172 
 140      4B5D3612 
 140      7F618A37 
 140      4E8E763A 
 141 0157 1E53DDB9 		.ascii	"\036S\335\2710\236\325\362\352\333OXj\003S[\324\006"
 141      309ED5F2 
 141      EADB4F58 
 141      6A03535B 
 141      D406
 142 0169 A9CFA146 		.ascii	"\251\317\241F\260&sP\275\357\224\257\230\3723gW\326"
 142      B0267350 
 142      BDEF94AF 
ARM GAS  /tmp/ccSbXLHM.s 			page 11


 142      98FA3367 
 142      57D6
 143 017b 6CDB07D5 		.ascii	"l\333\007\325Q\322_\032y,\326\256\372\024Y\330q\336"
 143      51D25F1A 
 143      792CD6AE 
 143      FA1459D8 
 143      71DE
 144 018d B228E4CD 		.ascii	"\262(\344\315\273\027>\\?\3461t\\\300v>\015>\205\213"
 144      BB173E5C 
 144      3FE63174 
 144      5CC0763E 
 144      0D3E858B 
 145 01a1 30E8F805 		.ascii	"0\350\370\005\370\273SWl)\265\276\361\246J\235{\374"
 145      F8BB5357 
 145      6C29B5BE 
 145      F1A64A9D 
 145      7BFC
 146 01b3 C4C4430F 		.ascii	"\304\304C\017\203\300|\312\024\247\001\356\334\003n"
 146      83C07CCA 
 146      14A701EE 
 146      DC036E
 147 01c2 C10B2EA5 		.ascii	"\301\013.\245J\2306\242K\012\232\002\245C\245\204\350"
 147      4A9836A2 
 147      4B0A9A02 
 147      A543A584 
 147      E8
 148 01d3 969AB568 		.ascii	"\226\232\265h\243E\016\261\273\231\354\240\213\031\004"
 148      A3450EB1 
 148      BB99ECA0 
 148      8B1904
 149 01e2 3FDCBE3A 		.ascii	"?\334\276:\347\340\374\245Yy\352\326\350\315\212!\014"
 149      E7E0FCA5 
 149      5979EAD6 
 149      E8CD8A21 
 149      0C
 150 01f3 B6D1FE81 		.ascii	"\266\321\376\201W\211\344LP\350\323\334.\275mK\316\177"
 150      5789E44C 
 150      50E8D3DC 
 150      2EBD6D4B 
 150      CE7F
 151 0205 62043E60 		.ascii	"b\004>`3_R\272\360%\206\320gU<\203\300_\335\\\020\370"
 151      335F52BA 
 151      F02586D0 
 151      67553C83 
 151      C05FDD5C 
 152 021b 8A5444EB 		.ascii	"\212TD\353\317\346\322\366<\355\377\330\353\270d\332"
 152      CFE6D2F6 
 152      3CEDFFD8 
 152      EBB864DA 
 153 022b 83EDBF46 		.ascii	"\203\355\277F Aq\223]\317[\023\023n\266K\320\360\025"
 153      20417193 
 153      5DCF5B13 
 153      136EB64B 
 153      D0F015
 154 023e 3BFA4AFA 		.ascii	";\372J\372m\303\254\351\247Y\251\217\317/~\244u \226"
 154      6DC3ACE9 
 154      A759A98F 
ARM GAS  /tmp/ccSbXLHM.s 			page 12


 154      CF2F7EA4 
 154      752096
 155 0251 173A7019 		.ascii	"\027:p\031\001\002]A\007\3042:|\346\031\320\276\304"
 155      01025D41 
 155      07C4323A 
 155      7CE619D0 
 155      BEC4
 156 0263 C8CC8693 		.ascii	"\310\314\206\223\3679\222\322\035\347j\360\015\357!"
 156      F73992D2 
 156      1DE76AF0 
 156      0DEF21
 157 0272 7C527AAC 		.ascii	"|Rz\2548\227\333+\312h\260\002W\315\202\244U\320\351"
 157      3897DB2B 
 157      CA68B002 
 157      57CD82A4 
 157      55D0E9
 158 0285 ABA7A69D 		.ascii	"\253\247\246\235\326\313\201\223\344\355\3055\004\372"
 158      D6CB8193 
 158      E4EDC535 
 158      04FA
 159 0293 78BC05AE 		.ascii	"x\274\005\256\027\247\353\245toX\351\336\315\334\231"
 159      17A7EBA5 
 159      746F58E9 
 159      DECDDC99 
 160 02a3 2C0FFE6D 		.ascii	",\017\376m)x%n2\334\306\360[\305\360J\202\177w\037\276"
 160      2978256E 
 160      32DCC6F0 
 160      5BC5F04A 
 160      827F771F 
 161 02b8 922E0F7E 		.ascii	"\222.\017~\273t\347\3373\334`\370\034\002\205VW\323"
 161      BB74E7DF 
 161      33DC60F8 
 161      1C028556 
 161      57D3
 162 02ca DBCAA2CD 		.ascii	"\333\312\242\315\227\246\375\3004;\323~,\320\372\263"
 162      97A6FDC0 
 162      343BD37E 
 162      2CD0FAB3 
 163 02da F7DAABCA 		.ascii	"\367\332\253\312\240=\200\005\223\346\330J[\000_Bi\246"
 163      A03D8005 
 163      93E6D84A 
 163      5B005F42 
 163      69A6
 164 02ec 3999B6C8 		.ascii	"9\231\266\310C\355\261`\277Oz\313\202-\225\202\031\370"
 164      43EDB160 
 164      BF4F7ACB 
 164      822D9582 
 164      19F8
 165 02fe 89612E86 		.ascii	"\211a.\206\375\3140/\217\366\300p\317N\353\007T\365"
 165      FDCC302F 
 165      8FF6C070 
 165      CF4EEB07 
 165      54F5
 166 0310 B7F9AE8A 		.ascii	"\267\371\256\212\363\257\003\031k\276\351\306zP,\241"
 166      F3AF0319 
 166      6BBEE9C6 
 166      7A502CA1 
ARM GAS  /tmp/ccSbXLHM.s 			page 13


 167 0320 2333797D 		.ascii	"#3y}\304]\020l\016\202\235\006!\013\353\036\353\226"
 167      C45D106C 
 167      0E829D06 
 167      210BEB1E 
 167      EB96
 168 0332 92EBD50A 		.ascii	"\222\353\325\012WL\327\324?\246\027\376\257\206r\377"
 168      574CD7D4 
 168      3FA617FE 
 168      AF8672FF 
 169 0342 D650CE4C 		.ascii	"\326P\316L\357\227\315\364\226\213\307\322F\325\334"
 169      EF97CDF4 
 169      968BC7D2 
 169      46D5DC
 170 0351 B93F28DD 		.ascii	"\271?(\335\007\313\203\257\224\202\033X\335Ls\255\030"
 170      07CB83AF 
 170      94821B58 
 170      DD4C73AD 
 170      18
 171 0362 6E10FC57 		.ascii	"n\020\374W3\212n\251\027\356\332\025\304\006\306z\036"
 171      338A6EA9 
 171      17EEDA15 
 171      C406C67A 
 171      1E
 172 0373 CD67C739 		.ascii	"\315g\3079uI\024\356e!v\372\367\356k\016\372[BQ\177"
 172      754914EE 
 172      652176FA 
 172      F7EE6B0E 
 172      FA5B4251 
 173 0388 EDCBBBEA 		.ascii	"\355\313\273\352\353j_\330\345\257\335\035\252\333\367"
 173      EB6A5FD8 
 173      E5AFDD1D 
 173      AADBF7
 174 0397 546D4B4B 		.ascii	"TmKK\304\337\034jjz=\370FC8\350o\255\333\343\217\204"
 174      C4DF1C6A 
 174      6A7A3DF8 
 174      464338E8 
 174      6FADDBE3 
 175 03ad 1BFDADE1 		.ascii	"\033\375\255\341h}$\030\336\037j\014>\335(\354\371G"
 175      687D2418 
 175      DE1F6A0C 
 175      3EDD28EC 
 175      F947
 176 03bf 2DD46444 		.ascii	"-\324dD\367\206\203\015MzsC\3445#\022m\210\266F\376"
 176      F786830D 
 176      4D7A7343 
 176      E4352312 
 176      6D88B646 
 177 03d4 04F4B49F 		.ascii	"\004\364\264\237`"
 177      60
 178              		.text
 179              		.section	.gnu.lto_urtServiceDispatch.5a9a8b635989c850,"e",%progbits
 180 0000 789C9D57 		.ascii	"x\234\235Wkl\024U\024\236s\357\314\356\354\273\017\244"
 180      6B6C1455 
 180      149E73EF 
 180      CCEEECBB 
 180      0FA4
 181 0012 40D348C4 		.ascii	"@\323H\304@\211\312\256\221\337*\032\376\230\370\007"
ARM GAS  /tmp/ccSbXLHM.s 			page 14


 181      4089CAAE 
 181      91DF2A1A 
 181      FE98F807 
 182 0022 F58F0921 		.ascii	"\365\217\011!\245\335\204\312\243M[0\370C\246\357\007"
 182      A5DD84CA 
 182      A34D5B30 
 182      F843A6EF 
 182      07
 183 0033 15440BB4 		.ascii	"\025D\013\264\204u[`\001C(U\260\322\207\270\002\012"
 183      84755B60 
 183      01432855 
 183      B0D287B8 
 183      020A
 184 0045 052A0F51 		.ascii	"\005*\017Q(\224\026\012\324-}\200\025J\005i\275\217"
 184      2894160A 
 184      D42D7D80 
 184      154A0569 
 184      BD8F
 185 0057 D9E9769F 		.ascii	"\331\351v\237\302\376\270\271\263\347~\347~\347;\347"
 185      C2FEB8B9 
 185      B3E77EE7 
 185      7EE73BE7 
 186 0067 9EB9230B 		.ascii	"\236\271#\013 T[\005a\271 \010\022\010\002$\012\200"
 186      20545B05 
 186      61B92008 
 186      12080224 
 186      0A80
 187 0079 14457953 		.ascii	"\024EyS\237/#\204\017>l3\211\212Ql/k\234/*f\014\011"
 187      9F2F2384 
 187      0F3E6C33 
 187      898A516C 
 187      2F6B9C2F 
 188 0091 AA4D4452 		.ascii	"\252MDR\357\231\232Db\323m;\330\3732\261I \2536\035"
 188      EF999A44 
 188      62D36D3B 
 188      D8FB32B1 
 188      4920AB36 
 189 00a6 D2AB3659 		.ascii	"\322\2536Y\265\3515\233\214\014\252\315\250\332\014"
 189      B5E9359B 
 189      8C0CAACD 
 189      A8DA0C
 190 00b5 60526D46 		.ascii	"`RmFmfB\346\323u\333_ \253,\337u\335L!\253\314`Qm\026"
 190      6D6642E6 
 190      D375DB5F 
 190      20AB2CDF 
 190      75DD4C21 
 191 00cf 64E548A3 		.ascii	"d\345H\243\215{2[\301\246\332l(N\265\305\253\2668\210"
 191      8D7B325B 
 191      C1A6DA6C 
 191      284EB5C5 
 191      ABB63888 
 192 00e3 576DF11A 		.ascii	"Wm\361\032\367\004\0006Sd\020\326!,J:\275l0\232\314"
 192      F7040036 
 192      536410D6 
 192      212C4A3A 
 192      BD6C309A 
 193 00f8 16AB2D2E 		.ascii	"\026\253-.>\001\326\301F\274\025\303\346\362\226K\226"
ARM GAS  /tmp/ccSbXLHM.s 			page 15


 193      3E01D6C1 
 193      46BC15C3 
 193      E6F2964B 
 193      96
 194 0109 B97B14A5 		.ascii	"\271{\024\245@\361n\0355\226\024\026OscA\250\301\002"
 194      40F16E1D 
 194      35961416 
 194      4F736341 
 194      A8C102
 195 011c BC960C8E 		.ascii	"\274\226\014\216d\201\376\240\031\346\222\265]\005\256"
 195      6481FEA0 
 195      19E692B5 
 195      5D05AE
 196 012b 51F306EC 		.ascii	"Q\363\006\354\306\000\"y\254:u\250\315H\037\021\314"
 196      C6002279 
 196      AC3A75A8 
 196      CD481F11 
 196      CC
 197 013c 248F2563 		.ascii	"$\217%c\267n\213\370-\020\310|\353\275\223\333a\216"
 197      B76E8BF8 
 197      2D10C87C 
 197      EBBD93DB 
 197      618E
 198 014e 87793DEE 		.ascii	"\207y=\356\301\312\213n\214\341\007\300\324m+$C\013"
 198      C1CA8B6E 
 198      8CE107C0 
 198      D46D2B24 
 198      430B
 199 0160 10C7E43F 		.ascii	"\020\307\344?\342\372\010\314!\200\376\035G\277\227"
 199      E2FA08CC 
 199      2180FE1D 
 199      47BF97
 200 016f F03B0C7C 		.ascii	"\360;\014|\266\247\275\311\246\202;\247oS\274\242\033"
 200      B6A7BDC9 
 200      A6823BA7 
 200      6F53BCA2 
 200      1B
 201 0180 8BF06308 		.ascii	"\213\360c\010Z$h/C\267\216T\357\265\341\017\030:\377"
 201      5A24682F 
 201      43B78E54 
 201      EFB5E10F 
 201      183AFF
 202 0193 DAD173A2 		.ascii	"\332\321s\242\212\036H\346h\011~\012AK\004}\224\241"
 202      8A1E48E6 
 202      68097E0A 
 202      414B047D 
 202      94A1
 203 01a5 373D2E6A 		.ascii	"7=.j\260\342\305\014\275\257~W\257^E\337O\341h\035\034"
 203      B0E2C50C 
 203      BDAF7E57 
 203      AF5E45DF 
 203      4FE1681D 
 204 01ba 0B41EB08 		.ascii	"\013A\353\010\3728C\273\333z\352\3148\235\241k\352\334"
 204      FA3843BB 
 204      DB7AEACC 
 204      389DA16B 
 204      EADC
ARM GAS  /tmp/ccSbXLHM.s 			page 16


 205 01cc 87243FF3 		.ascii	"\207$?\363\3479Z\017?\207\240\365\004\375\013\314\021"
 205      E7395A0F 
 205      3F87A0F5 
 205      04FD0BCC 
 205      11
 206 01dd 28A6E79B 		.ascii	"(\246\347\233\261\315\026\235H\025\247J\237\000\035"
 206      B1CD169D 
 206      4815A74A 
 206      9F001D
 207 01ec A9554138 		.ascii	"\251UA8pA\362*c\343\245\212w\350\245\272\246\224y@`"
 207      7041F22A 
 207      63E3A58A 
 207      77E8A5BA 
 207      A6947940 
 208 0201 32228301 		.ascii	"2\"\203\001\323\231Hg\022\035td0\352\351L\246\203\201"
 208      D3994867 
 208      121D7464 
 208      30EAE94C 
 208      A68381
 209 0214 86662483 		.ascii	"\206f$\203\311D\037\315tf!\203\331J\006\301F\261qt\226"
 209      C9441FCD 
 209      74662183 
 209      D94A06C1 
 209      46B17174 
 210 0229 0454F919 		.ascii	"\004T\371\031@\025\234\005T\211\331@#J\005\316l=\026"
 210      40159C05 
 210      5489D940 
 210      234A05CE 
 210      6C3D16
 211 023c 48F52822 		.ascii	"H\365(\"(^A\250\304\210?\024\222\207;PPU\261\277\303"
 211      285E41A8 
 211      C4883F14 
 211      92873B50 
 211      5055B1BF 
 212 0251 4CA9BA48 		.ascii	"L\251\272H\2521l(\274\333%\323B\300L\005\357\225\206"
 212      AA316C28 
 212      BCDB25D3 
 212      42C04C05 
 212      EF9586
 213 0264 0EAB0776 		.ascii	"\016\253\007v\346\023\310L7\266\270p\022\234\244\201"
 213      E613C84C 
 213      37B6B870 
 213      129CA481 
 214 0274 D3ECB8BB 		.ascii	"\323\354\270\273\017\353\034\365\0127Y\241\015<P\315"
 214      0FEB1CF5 
 214      0A3759A1 
 214      0D3C50CD 
 215 0284 22A769EC 		.ascii	"\"\247i\354\276\365-*\202\002\025(\303)p\020INC\021"
 215      BEF52D2A 
 215      82021528 
 215      C3297010 
 215      494E4311 
 216 0298 08035034 		.ascii	"\010\003P4\223\211C\326\271\366\236\0317\320u\262\033"
 216      938943D6 
 216      B9F69E19 
 216      37D075B2 
 216      1B
ARM GAS  /tmp/ccSbXLHM.s 			page 17


 217 02a9 DB6A303D 		.ascii	"\333j0=\317g\350\032\302\306\215\343(\301\326\276v\217"
 217      CF67E81A 
 217      C2C68DE3 
 217      28C1D6BE 
 217      768F
 218 02bb 89134441 		.ascii	"\211\023DA\214j?\021\242r\212\207v\306\0118\247\306"
 218      8C6A3F11 
 218      A2728A87 
 218      76C60938 
 218      A7C6
 219 02cd 8B074E19 		.ascii	"\213\007N\031\270\261\266\221\2707\300\257\340\250\306"
 219      B8B1B691 
 219      B837C0AF 
 219      E0A8C6
 220 02dc 88E6EA2C 		.ascii	"\210\346\352,\241w\033\212\272\217\315\237\330J\323"
 220      A1771B8A 
 220      BA8FCD9F 
 220      D84AD3
 221 02eb C200029C 		.ascii	"\302\000\002\234\003~~*1\256n9\333)0\375H$\265-[\244"
 221      037E7E2A 
 221      31AE6E39 
 221      DB2930FD 
 221      4824B52D 
 222 0301 08C110C7 		.ascii	"\010\301\020\307p~r0\303\276\313\036+]\036\350^\014"
 222      707E7230 
 222      C3BECB1E 
 222      2B5D1EE8 
 222      5E0C
 223 0313 91BAF653 		.ascii	"\221\272\366S\022X\202\013\317\200\013a\0033\300o,0"
 223      1258820B 
 223      CF800B61 
 223      0333C06F 
 223      2C30
 224 0325 AA365C04 		.ascii	"\2526\\\004\207\312\256\022\213}\307\033vb\177n\273"
 224      87CAAE12 
 224      8B7DC71B 
 224      76627F6E 
 224      BB
 225 0336 2AAE5D6D 		.ascii	"*\256]m\005u\273I\376\327\304\362\377\373\204\377?\300"
 225      0575BB49 
 225      FED7C4F2 
 225      FFFB84FF 
 225      3FC0
 226 0348 41F4E0B5 		.ascii	"A\364\340\2652xU\255\025\034Z\034\211d\025'\022\246"
 226      327855AD 
 226      151C5A1C 
 226      89641527 
 226      12A6
 227 035a 382E317F 		.ascii	"8.1\177b\204\342\270\314\212\243\343\177\024\307\025"
 227      6284E2B8 
 227      CC8AA3E3 
 227      7F14C715 
 228 036a AE27D68A 		.ascii	"\256'\326\212\243\2738\2213\022C\031E\215\360\352D\204"
 228      A3BB3891 
 228      33124319 
 228      458DF0EA 
 228      4484
ARM GAS  /tmp/ccSbXLHM.s 			page 18


 229 037c 9D647BEA 		.ascii	"\235d{\352\254m1w%\205\015N\214\020\234\001\2561W\022"
 229      AC6D3177 
 229      25850D4E 
 229      8C109C01 
 229      AE315712 
 230 0390 75D5C55D 		.ascii	"u\325\305]uU\224\353\303\351\376Q\254\202\355\216T\260"
 230      755594EB 
 230      C3E9FE51 
 230      AC82ED8E 
 230      54B0
 231 03a2 BB59C15E 		.ascii	"\273Y\301^\327\012\366\006\315\212\304k\312\347\261"
 231      D70AF606 
 231      CD8AC46B 
 231      CAE7B1
 232 03b1 85DBAC99 		.ascii	"\205\333\254\2316\232\250\304{&\210\337T\253\210\211"
 232      369AA8C4 
 232      7B2688DF 
 232      54AB8889 
 233 03c1 DA5FBC94 		.ascii	"\332_\274\224+\021\342\263\027\307\212\340V\244\010"
 233      2B11E2B3 
 233      17C78AE0 
 233      56A408
 234 03d0 76984977 		.ascii	"v\230Iw\203\3334\002\035\335\2617\350\310\211.\366?"
 234      83DB3402 
 234      1DDDB137 
 234      E8C8892E 
 234      F63F
 235 03e2 2D63E942 		.ascii	"-c\351B\225\357\211\340/\343a\337`q\330\000sbq\3713"
 235      95EF89E0 
 235      2FE361DF 
 235      6071D800 
 235      736271F9 
 236 03f7 12977AA0 		.ascii	"\022\227z\240\\|\032\227>p\004\236H#9\360w\324#\245"
 236      5C7C1A97 
 236      3E70049E 
 236      482339F0 
 236      77D423A5 
 237 040b DBD270D2 		.ascii	"\333\322p\322\203\374\\Z\373F=38_}0\235;(\026\237\376"
 237      83FC5C5A 
 237      FB463D33 
 237      385F7D30 
 237      9D3B2816 
 238 0421 88D9655D 		.ascii	"\210\331e]f\200\362\321S>\203~m:A\023G\257\212\243\037"
 238      6680F2D1 
 238      533E837E 
 238      6D3A4113 
 238      47AF8AA3 
 239 0436 BC5F7639 		.ascii	"\274_v9@\234G\341\263\037S\234\241h\342\030\340\256"
 239      409C47E1 
 239      B31F539C 
 239      A168E218 
 239      E0AE
 240 0448 46E65E40 		.ascii	"F\346^@\203\221'5\230\326\276\261\342$NP\016\336\277"
 240      83912735 
 240      98D6BEB1 
 240      E2244E50 
 240      0EDEBF
ARM GAS  /tmp/ccSbXLHM.s 			page 19


 241 045b 31A61A7F 		.ascii	"1\246\032\177E\"0\214(\201aJ@\246\004\376\016\255\024"
 241      4522308C 
 241      2881614A 
 241      40A604FE 
 241      0EAD14
 242 046e 5915C310 		.ascii	"Y\025\303\020T)e{\254\317$\306\375\350b<\320\270\214"
 242      5429657B 
 242      ACCF24C6 
 242      FDE8623C 
 242      D0B88C
 243 0481 0488619C 		.ascii	"\004\210a\234T\032\303\276\212\322\204p\233\367\252"
 243      541AC3BE 
 243      8AD28470 
 243      9BF7AA
 244 0490 E7508A78 		.ascii	"\347P\212x\016\037\262\335\015\324\377h\200\177\223"
 244      0E1FB2DD 
 244      0DD4FF68 
 244      807F93
 245 049f 4F139B84 		.ascii	"O\023\233\204\357;6vX\355\276\263`\236\377md\276\367"
 245      EF3B3676 
 245      58EDBEB3 
 245      609EFF6D 
 245      64BEF7
 246 04b2 E4ABEB40 		.ascii	"\344\253\353@\327\000ka\313\371\012C\214\026\346\336"
 246      D7006B61 
 246      CBF90A43 
 246      8C16E6DE 
 247 04c2 B7ABDBAC 		.ascii	"\267\253\333\2541\220\340\037\306\300H\031<\362w\303"
 247      3190E01F 
 247      C6C04819 
 247      3CF277C3 
 248 04d2 54EECA18 		.ascii	"T\356\312\030\034\317nK\224\276R\273\203\0106\005\036"
 248      1CCF6E4B 
 248      94BE52BB 
 248      83083605 
 248      1E
 249 04e3 337F26EA 		.ascii	"3\177&\352\357_\342o\000J\302v\365\347j\330\305\361"
 249      EF5FE26F 
 249      004AC276 
 249      F5E76AD8 
 249      C5F1
 250 04f5 09EFEAB3 		.ascii	"\011\357\352\263\010o\262\237\033Oe\241Y|\223km\333"
 250      086FB29F 
 250      1B4F65A1 
 250      597C936B 
 250      6DDB
 251 0507 89A99C91 		.ascii	"\211\251\234\221\351)[\375\330D\253\037\367\007\367"
 251      E9295BFD 
 251      D844AB1F 
 251      F707F7
 252 0516 FA33BC16 		.ascii	"\3723\274\026\223@A\324\223\231z\312G\216`x=\346\302"
 252      934041D4 
 252      93997ACA 
 252      478E6078 
 252      3DE6C2
 253 0529 9822243A 		.ascii	"\230\"$:\011\012\030\336B\361\205\310\301\263:\324\244"
 253      090A18DE 
ARM GAS  /tmp/ccSbXLHM.s 			page 20


 253      42F185C8 
 253      C1B33AD4 
 253      A4
 254 053a 66757660 		.ascii	"fuv`\013\322\221\026T\204\374Y\266j\225\306\263\374"
 254      0BD29116 
 254      5484FC59 
 254      B66A95C6 
 254      B3FC
 255 054c 214798C3 		.ascii	"!G\230\303f9\322\366S\240\030iY)A\352\213\252C\012\247"
 255      6639D2F6 
 255      53A01869 
 255      592941EA 
 255      8BAA430A 
 256 0561 04BD594D 		.ascii	"\004\275YM!\2248\007(%@\027\213\273\022\333\202\252"
 256      21943807 
 256      28254017 
 256      8BBB12DB 
 256      82AA
 257 0573 72C4CF3F 		.ascii	"r\304\317?5\220\277\236\360/\323\370\307\005\361_\307"
 257      3590BF9E 
 257      F02FD3F8 
 257      C705F15F 
 257      C7
 258 0584 119690D2 		.ascii	"\021\226\220\322\212\241\3404(g!XC\017\352\030\331t"
 258      8AA1E034 
 258      28672158 
 258      430FEA18 
 258      D974
 259 0596 3A542072 		.ascii	":T rPm4\300\365,\300\302#\245\035\257\362\315\254|?"
 259      506D34C0 
 259      F52CC0C2 
 259      23A51DAF 
 259      F2CDAC7C 
 260 05ab 8DE174C2 		.ascii	"\215\341t\302\260\022%s\025\232\302\276\256w\323\223"
 260      B0122573 
 260      159AC2BE 
 260      AE77D393 
 261 05bb 4B0A3395 		.ascii	"K\0123\225\207\002\2371\031\254,\244\370I\325YU\341"
 261      87029F31 
 261      19AC2CA4 
 261      F849D559 
 261      55E1
 262 05cd 7AA0CA60 		.ascii	"z\240\312`{\252\244Xa\003\212v5\332\210\350\325\350"
 262      7BAAA458 
 262      61038A76 
 262      35DA88E8 
 262      D5E8
 263 05df 7314FD6A 		.ascii	"s\024\375jD\257\232\233\020;D6z5\242\027\323\375)Q\026"
 263      44AF9A9B 
 263      103B4436 
 263      7A35A217 
 263      D3FD2951 
 264 05f4 7F8126EE 		.ascii	"\177\201&\356\2454\232\204\211\217\202!@\304B\377\036"
 264      A5349A84 
 264      898F8221 
 264      40C442FF 
 264      1E
ARM GAS  /tmp/ccSbXLHM.s 			page 21


 265 0605 81B840C1 		.ascii	"\201\270@\301\310\307\014|\211\222qs\343\015\372\251"
 265      C8C70C7C 
 265      89927173 
 265      E30DFAA9 
 266 0615 D0583EF8 		.ascii	"\320X>\370\265\201\377\017P\205\222\343\233\373\317"
 266      B581FF0F 
 266      508592E3 
 266      9BFBCF
 267 0624 03F9D880 		.ascii	"\003\371\330\200q\362\303P\340\245\251\177\303\276,"
 267      71F2C350 
 267      E0A5A97F 
 267      C3BE2C
 268 0633 6BA5D39E 		.ascii	"k\245\323\236\235\231g_\360\336\302%\213\026\274\275"
 268      9D99675F 
 268      F0DEC225 
 268      8B16BCBD 
 269 0643 D0BEE0DD 		.ascii	"\320\276\340\335\314EY\257,\310\316\316\265\257\314"
 269      CC4559AF 
 269      2CC8CECE 
 269      B5AFCC
 270 0652 CCC858E1 		.ascii	"\314\310X\341\3748-\307i_\275\350}{nN\272}uN\336\222"
 270      FC382DC7 
 270      695FBDE8 
 270      7D7B6E4E 
 270      BA7D754E 
 271 0668 5C67CE9A 		.ascii	"\\g\316\232\314t\347\274tA\257N\215\031\231\271\331"
 271      CC74E7BC 
 271      7441AF4E 
 271      8D1999B9 
 271      D9
 272 0679 6979E9CB 		.ascii	"iy\351\313\234\031\372\354\264\265+\262\3222\244\245"
 272      9C19FAEC 
 272      B4B52BB2 
 272      D232A4A5 
 273 0689 6BF39CB9 		.ascii	"k\363\234\271\362\252\254\034g\336\352\234U\377\001"
 273      F2AAAC1C 
 273      67DEEA9C 
 273      55FF01
 274 0698 802F13DF 		.ascii	"\200/\023\337"
 275              		.text
 276              		.section	.gnu.lto_urtServiceAcquireRequest.5a9a8b635989c850,"e",%progbits
 277 0000 789C6D52 		.ascii	"x\234mRKh\023Q\024\275g\336d2\211M\2737(Y\010\241\013"
 277      4B681351 
 277      14BD67DE 
 277      6432894D 
 277      BB372859 
 278 0017 9D805B41 		.ascii	"\235\200[A\243t#\270\211\335\227\222\004\033\2604\344"
 278      A37423B8 
 278      89DD9792 
 278      041BB034 
 278      E4
 279 0028 A3CBBEA6 		.ascii	"\243\313\276\246Q\361Cu\321\022SL\307\017\261\256j\025"
 279      51F14375 
 279      D112534C 
 279      C70FB1AE 
 279      6A15
 280 003a A16AA38E 		.ascii	"\241j\243\216\365\327\026\245\342FTh\241\324\205\037"
ARM GAS  /tmp/ccSbXLHM.s 			page 22


 280      F5D716A5 
 280      E2465468 
 280      A1D4851F 
 281 004a D485F801 		.ascii	"\324\205\370\001I\275o&\013Q\007\336p\317\334s\316;"
 281      49BD6F26 
 281      0B5107DE 
 281      70CFDC73 
 281      CE3B
 282 005c F7322681 		.ascii	"\3672&\201\212\032Q7\021m\342\003A\320\244\224\273\374"
 282      8A1A5137 
 282      116DE203 
 282      41D0A494 
 282      BBFC
 283 006e 43A606B8 		.ascii	"C\246\006\270\2254A\203\032\006qZT\004\306\216\317\276"
 283      95344183 
 283      1A06715A 
 283      5404C68E 
 283      CFBE
 284 0080 0C754E4A 		.ascii	"\014uNJY\222Ne\274cb\372\271\024\266 \252\262r{\030"
 284      59924E65 
 284      BC6362FA 
 284      B914B620 
 284      AAB2727B 
 285 0095 B130A907 		.ascii	"\2610\251\007\267\321\311\344\345R\355G\333\010\367"
 285      B7D1C9E4 
 285      E552ED47 
 285      DB08F7
 286 00a4 019DE1E8 		.ascii	"\001\235\341\350\342\215\205\240\202\032\"\014\2176"
 286      E28D85A0 
 286      821A220C 
 286      8F36
 287 00b2 D7DEEA62 		.ascii	"\327\336\352b7\210\353\312\227\371s\210\326]\333\257"
 287      3788EBCA 
 287      97F97388 
 287      D65DDBAF 
 288 00c2 9785DC62 		.ascii	"\227\205\334b\013\201;\020\312\266\2010f\301\306\374"
 288      0B813B10 
 288      CAB68130 
 288      66C1C6FC 
 289 00d2 8DADEF22 		.ascii	"\215\255\357\"\312\202\017\027\347f|b\257+^Z}v\253\243"
 289      CA820F17 
 289      E7667C62 
 289      AF2B5E5A 
 289      7D76ABA3 
 290 00e6 25FE151E 		.ascii	"%\376\025\036\227\216n\013\035\367\376Q\353\254v\020"
 290      978E6E0B 
 290      1DF7FE51 
 290      EBAC7610 
 291 00f6 25A559BD 		.ascii	"%\245Y\275\326\034\013\031\272\312\255\362\336\207\301"
 291      D61C0B19 
 291      BACAADF2 
 291      DE87C1
 292 0105 AB20BAFA 		.ascii	"\253 \272\372\302\347\310\346\3721\351|\333q\341\347"
 292      C2E7C8E6 
 292      FA31E97C 
 292      DB71E1E7 
 293 0115 E60058E6 		.ascii	"\346\000X\346\323\370e\360\014\2545\240\3567I\215L'"
ARM GAS  /tmp/ccSbXLHM.s 			page 23


 293      D3F865F0 
 293      0CAC35A0 
 293      EE37498D 
 293      4C27
 294 0127 05F186A4 		.ascii	"\005\361\206\244\016\351\020\235\022\232\007\206\031"
 294      0EE9109D 
 294      129A0786 
 294      19
 295 0134 BC47A9F1 		.ascii	"\274G\251\361\356\315\001e[\343\341\004F\206?/\233j"
 295      EECD0165 
 295      5BE3E104 
 295      46863F2F 
 295      9B6A
 296 0146 74DD4DEC 		.ascii	"t\335M\354\274\236~\325^\307\245!VDl\341\257\361\264"
 296      BC9E7ED5 
 296      5EC7A521 
 296      56446CE1 
 296      AFF1B4
 297 0159 732A24F7 		.ascii	"s*$\367\246f&\227B\261)y\306m\231x\200:\316z)\037\""
 297      A6662697 
 297      42B12979 
 297      C66D9978 
 297      803ACE7A 
 298 0170 A6AC474F 		.ascii	"\246\254GO\300s\326\376t6\377\347\034\340\353\361\250"
 298      C073D6FE 
 298      7436FFE7 
 298      1CE0EBF1 
 298      A8
 299 0181 E53C64AF 		.ascii	"\345<d\257\3344\330\331k\005\361\330uVcs\263\261\262"
 299      DC34D8D9 
 299      6B05F1D8 
 299      75566373 
 299      B3B1B2
 300 0194 765D2BA3 		.ascii	"v]+\243\324\022\032x\302\227\021\346Q\006}D9\342\256"
 300      D4121A78 
 300      C29711E6 
 300      51067D44 
 300      39E2AE
 301 01a7 8879B52B 		.ascii	"\210y\265+O\327\003\212g\332bCU\251\261\2408\234\306"
 301      4FD7038A 
 301      67DA6243 
 301      55A9B1A0 
 301      389CC6
 302 01ba 166D4C3D 		.ascii	"\026mL=r\376\373\304F/\237\371\027?T\025\374\263a\321"
 302      72FEFBC4 
 302      462F9FF9 
 302      173F5415 
 302      FCB361D1 
 303 01ce E3338163 		.ascii	"\3433\201c\267\323'\224\"->\271[\205\267\310\222\243"
 303      B7D32794 
 303      222D3EB9 
 303      5B85B7C8 
 303      92A3
 304 01e0 E04EAB6F 		.ascii	"\340N\253o\240?me3\005+\276\277\253'\021\337\323e\305"
 304      A03F6D65 
 304      33052BBE 
 304      BFAB2711 
ARM GAS  /tmp/ccSbXLHM.s 			page 24


 304      DFD365C5 
 305 01f4 F7651203 		.ascii	"\367e\022\003[\343\331l\336\352\317\244R\007\323\207"
 305      5BE3D96C 
 305      DEEACFA4 
 305      5207D387 
 306 0204 7B7369AB 		.ascii	"{si\253\230\350\266\362\271\244U\314\025z\362\351\334"
 306      98E8B6F2 
 306      B9A455CC 
 306      157AF2E9 
 306      DC
 307 0215 A14C32BD 		.ascii	"\241L2\275-I\376V\031Le\362\331\336B\262/\235\372\015"
 307      2D49FE56 
 307      194C65F2 
 307      D9DE42B2 
 307      2F9DFA0D 
 308 0229 D4F3E0E0 		.ascii	"\324\363\340\340"
 309              		.text
 310              		.section	.gnu.lto_urtServiceTryAcquireRequest.5a9a8b635989c850,"e",%progbits
 311 0000 789C6D52 		.ascii	"x\234mRMHTQ\024\276\337\273w\336\3748\343,\203\246\205"
 311      4D485451 
 311      14BEDFBB 
 311      77DEFC38 
 311      E32C83A6 
 312 0015 0BC15CD4 		.ascii	"\013\301\\\324\023j\327\302\246p\023\2641\367\"3\003"
 312      136AD7C2 
 312      A67013B4 
 312      31F72233 
 312      03
 313 0026 0E240E33 		.ascii	"\016$\0163ZK\257\343\224Xb-\024S\232^ef+\263\250,\265"
 313      5A4BAFE3 
 313      9458622D 
 313      14539A5E 
 313      65662BB3 
 314 003d 7A69F997 		.ascii	"zi\371\227eH\020\266P\360\007\372\221\222\026\345\""
 314      654810B6 
 314      50F007FA 
 314      919216E5 
 314      22
 315 004e C6CE7D6F 		.ascii	"\306\316}o\310\250\036\334\313=\367\234\357;\337\373"
 315      C8A81EDC 
 315      CB3DF79C 
 315      EF3BDFFB 
 316 005e EEF130B0 		.ascii	"\356\3610\260U\215\261*\306\330!Zp1hR\312\303\356f\217"
 316      558DB12A 
 316      C6D8215A 
 316      70316852 
 316      CAC3EE66 
 317 0073 A6891F33 		.ascii	"\246\211\0373\255\273\204\364\363\266\007[{\205\364"
 317      ADBB84F4 
 317      F3B6075B 
 317      7B85F4
 318 0082 71887C4E 		.ascii	"q\210|N\000\366Iz\300\2324.\320\204\013\274\233\243"
 318      00F6497A 
 318      C09A342E 
 318      D0840BBC 
 318      9BA3
 319 0094 AB6DF45D 		.ascii	"\253m\364]\240t@\312\264\264\272\177\006\257\014\275"
ARM GAS  /tmp/ccSbXLHM.s 			page 25


 319      A07440CA 
 319      B4B4BA7F 
 319      06AF0CBD 
 320 00a4 91DCE48C 		.ascii	"\221\334\344\214\365p\206\003!\224\205\230\3720\202"
 320      F5708603 
 320      21948598 
 320      FA3082
 321 00b3 522A5E4A 		.ascii	"R*^Jg\267\374\035\224\007\004\205\235\263\367f|*\324"
 321      67B7FC1D 
 321      94070485 
 321      9DB3F766 
 321      7C2AD4
 322 00c6 5044E1D9 		.ascii	"PD\341\331\334\332\272\340G\300\350\334\2759}\031%\375"
 322      DCDABAE0 
 322      47C0E8DC 
 322      BD397D19 
 322      25FD
 323 00d8 36EDDC00 		.ascii	"6\355\334\000\227\305&\347x\014\256h\307\020\302(\210"
 323      97C526E7 
 323      780CAE68 
 323      C710C228 
 323      88
 324 00e9 98EE88FA 		.ascii	"\230\356\210\372\011J\010\360\371\372\370\260\213\037"
 324      094A08F0 
 324      F9FAF8B0 
 324      8B1F
 325 00f7 B3C1F32B 		.ascii	"\263\301\363+\257\036\005\363\340\267{z\245%L\022\374"
 325      AF1E05F3 
 325      E0B77B7A 
 325      A5254C12 
 325      FC
 326 0108 F41FB420 		.ascii	"\364\037\264 \264\205\022\2460+wr]\001](\335J\3573\350"
 326      B48512A6 
 326      302B7772 
 326      5D015D28 
 326      DD4AEF33 
 327 011d 641463B7 		.ascii	"d\024c\267\027\\\226\314m\267J+W~m\275\330\017\202\271"
 327      175C96CC 
 327      6DB74A2B 
 327      577E6DBD 
 327      D80F82B9 
 328 0131 34DA744E 		.ascii	"4\332tN\233[\320\306t(\026/\224\222\002u\301\330y\316"
 328      9B5BD0C6 
 328      7428162F 
 328      94920275 
 328      C1D879CE 
 329 0145 C82D2920 		.ascii	"\310-) -\306\332\271\346\004-\024|Bz\354c{\233\256:"
 329      2DC6DAB9 
 329      E6042D14 
 329      7C427AEC 
 329      637B9BAE 
 330 015a 64E93F39 		.ascii	"d\351?9:Z\276.y\224\013\302\026o\275\037Z,\354G_3A\212"
 330      3A5ABE2E 
 330      79940BC2 
 330      166FBD1F 
 330      5A2CEC47 
 331 0172 4CEEC972 		.ascii	"L\356\311r\035\343J/\345\006\207\007\346\003e\203\362"
ARM GAS  /tmp/ccSbXLHM.s 			page 26


 331      1DE34A2F 
 331      E5068707 
 331      E6036583 
 331      F2
 332 0183 A29DF262 		.ascii	"\242\235\362b\002\375\270\344\010~\2162\305\335y\016"
 332      02FDB8E4 
 332      087E8E32 
 332      C5DD790E 
 333 0193 0EB3F627 		.ascii	"\016\263\366'\263\367\177\314>j\217\027y\346fs\371\241"
 333      B3F77FCC 
 333      3E6A8F17 
 333      79E66673 
 333      F9A1
 334 01a5 4ECC4EAA 		.ascii	"N\314N\252\000\2236\263r\200\222c\313kw\265\014\322"
 334      009336B3 
 334      72809263 
 334      CB6B77B5 
 334      0CD2
 335 01b7 79A08E29 		.ascii	"y\240\216)j\3060\215\014\330\0062ENG5\015\331[s\333"
 335      6AC6308D 
 335      0CD80632 
 335      454E4735 
 335      0DD95B73 
 336 01cc 5E55E931 		.ascii	"^U\3511\271\277G\3411\243\252H\217\311\003l\035\231"
 336      B9BF47E1 
 336      31A3AA48 
 336      8FC9036C 
 336      1D99
 337 01de 0F130777 		.ascii	"\017\023\007w\312\177\013t\203a\026\316\254\264s>94"
 337      CA7F0B74 
 337      836116CE 
 337      ACB4733E 
 337      3934
 338 01f0 31A5D976 		.ascii	"1\245\331vm\340\314\325\325\033\273\035H\301_\035\012"
 338      6DE0CCD5 
 338      D51BBB1D 
 338      48C15F1D 
 338      0A
 339 0201 7B384D32 		.ascii	"{8M2^:\035\274\344\224\311\2036\203\3301\374\0134J\322"
 339      5E3A1DBC 
 339      E494C983 
 339      3683D831 
 339      FC0B344A 
 340 0216 53B3EFF6 		.ascii	"S\263\357\366\320\335_\334|\035T=\031\276\001s\010i"
 340      D0DD5FDC 
 340      7C1D543D 
 340      19BE0173 
 340      0869
 341 0228 237D2B20 		.ascii	"#}+ r\336{s\001\364rp\260iK\211)7j\353\353bF\"\336`"
 341      72DE7B73 
 341      01F47270 
 341      B0694B89 
 341      29376AEB 
 342 0242 844F5454 		.ascii	"\204OTTW\206\217V\030\341\343\361\312\372}\341D\"e\324"
 342      57868F56 
 342      18E1E3F1 
 342      CAFA7DE1 
ARM GAS  /tmp/ccSbXLHM.s 			page 27


 342      442265D4 
 343 0256 C5A3D193 		.ascii	"\305\243\321\223\261\3235\311\230\321XYe\244\222\021"
 343      B1D335C9 
 343      98D15859 
 343      65A49211 
 344 0266 A331D950 		.ascii	"\2431\331P\235\212%O\305#\261\375\021\346\316\037}\321"
 344      9D8A254F 
 344      C523B1FD 
 344      11E6CE1F 
 344      7DD1
 345 0278 782A51D3 		.ascii	"x*Q\323\020\251\215E\177\001bS\012Y"
 345      10A98D45 
 345      7F016253 
 345      0A59
 346              		.text
 347              		.section	.gnu.lto_urtServiceRespond.5a9a8b635989c850,"e",%progbits
 348 0000 789C9553 		.ascii	"x\234\225S[H\024a\030\375\317\3743\273\353z+!\241|\361"
 348      5B481461 
 348      18FDCFFC 
 348      33BBEB7A 
 348      2B21A17C 
 349 0015 211283DA 		.ascii	"!\022\203\332\205z\353\241,\204\010|\261\336\305t\301"
 349      857AEBA1 
 349      2C84087C 
 349      B1DEC574 
 349      C1
 350 0026 854471D5 		.ascii	"\205Dq\325\350\311\337u#\274\240\004\212\027\330\306"
 350      E8C9DF75 
 350      23BCA004 
 350      8A17D8C6 
 351 0036 2EA612A8 		.ascii	".\246\022\250EtQ\263M\273\250y\3172-\024\244\302[%\021"
 351      457451B3 
 351      4DBBA879 
 351      CF322D14 
 351      A4C25B25 
 352 004b 1105DAF7 		.ascii	"\021\005\332\367\317H\212\027\304\205\371\231o\277\371"
 352      CF488A17 
 352      C485F999 
 352      6FBFF9
 353 005a CE77CE99 		.ascii	"\316w\316\23136\006\366Se,\2211v\214.h\014\212\020\342"
 353      333606F6 
 353      53652C91 
 353      31768C2E 
 353      680C8A10 
 354 006f 8435DFA6 		.ascii	"\2045\337\246(\274\250\251l\217*\354\352\257\341\305"
 354      28BCA8A9 
 354      6C8F2AEC 
 354      EAAFE1C5 
 355 007f 83AA08E1 		.ascii	"\203\252\010\341PWz*`\334\011\033X\236\302U\344\241"
 355      50577A2A 
 355      60DC091B 
 355      589EC255 
 355      E4A1
 356 0091 8C577254 		.ascii	"\214WrT\024\266\215\205\306\326\013\341\025\201\312"
 356      14B68D85 
 356      C6D60BE1 
 356      1581CA
ARM GAS  /tmp/ccSbXLHM.s 			page 28


 357 00a0 8F11D75A 		.ascii	"\217\021\327Z\206\004\3279c\325\234\341H\024\234QL\376"
 357      8604D739 
 357      63D59CE1 
 357      48149C51 
 357      4CFE
 358 00b2 D08A587A 		.ascii	"\320\212Xzx\322\353\377\035RJ}@\245\262\274\367~\217"
 358      78D2EBFF 
 358      1D524A7D 
 358      40A5B2BC 
 358      F77E8F
 359 00c5 5D960AA2 		.ascii	"]\226\012\242\251\234\277\321\371P\343'\301\350~p\272"
 359      A99CBFD1 
 359      F950E327 
 359      C1E87E70 
 359      BA
 360 00d6 FF71784C 		.ascii	"\377qxL\235\001;Z\317\305~\235s<\001\227\260\355\210"
 360      9D013B5A 
 360      CFC57E9D 
 360      733C0197 
 360      B0ED88
 361 00e9 421B0898 		.ascii	"B\033\010\230\376#\350\016\304\320\300\325\277\276\226"
 361      FE23E80E 
 361      C4D0C0D5 
 361      BFBE96
 362 00f8 309E600C 		.ascii	"0\236`\014\337i\272\365\305\2722\274\260\267F\004T\235"
 362      DF69BAF5 
 362      C5BA32BC 
 362      B0B74604 
 362      549D
 363 010a 083FDD30 		.ascii	"\010?\3350M6 \200\030&g\246\357.U\204ZT\311[\362}\006"
 363      4D362080 
 363      182667A6 
 363      EF2E5584 
 363      5A54C95B 
 364 0121 0B19C558 		.ascii	"\013\031\305X\363\210\026\020K\313WD`\351\314\365\257"
 364      F3881610 
 364      4BCB5744 
 364      60E9CCF5 
 364      AF
 365 0132 07C24163 		.ascii	"\007\302Ac\232B\207\205\323aUe\251\321a\263B\022\261"
 365      9A428785 
 365      D3615565 
 365      A9D161B3 
 365      4212B1
 366 0145 C3042CE6 		.ascii	"\303\004,\346\214\334\022*D\200\261\022\256\230E\001"
 366      8CDC122A 
 366      4480B112 
 366      AE984501 
 367 0155 1573F0B6 		.ascii	"\025s\360\266\317\2665Z\345\006?\007m.-\370>i\223.p"
 367      CFB6355A 
 367      E5063F07 
 367      6D2E2DF8 
 367      3E69932E 
 368 016a 837C60A2 		.ascii	"\203|`\242e<\254\0167\363i$Z\347A~nE\247\344K\275|}"
 368      653CAC0E 
 368      37F36924 
 368      5AE7417E 
ARM GAS  /tmp/ccSbXLHM.s 			page 29


 368      6E45A7E4 
 369 0182 EA91C5D9 		.ascii	"\352\221\305\331$\314\226\206.\324\241\312$\374\034"
 369      24CC9686 
 369      2ED4A1CA 
 369      24FC1C
 370 0191 4E89FDA3 		.ascii	"N\211\375\243\373\264D^\013\253m\200\255m\2252\354\264"
 370      FBB4445E 
 370      0BAB6D80 
 370      AD6D9532 
 370      ECB4
 371 01a3 1E2F3645 		.ascii	"\036/6E\016\306K\003Y:\200Wp\256\205\013\006C7M\321"
 371      0EC64B03 
 371      593A8057 
 371      70AE850B 
 371      0643374D 
 372 01b8 B29AD98E 		.ascii	"\262\232\331\216\306\360\225u;\302W\321c\340+\022\277"
 372      C6F09575 
 372      3BC257D1 
 372      63E02B12 
 372      BF
 373 01c9 174E3FB7 		.ascii	"\027N?\267\233\306\364\024F\232\306(\353!\347\266\201"
 373      9BC6F414 
 373      469AC628 
 373      EB21E7B6 
 373      81
 374 01da 0CC16B03 		.ascii	"\014\301k\003R\272A\315\007\243\315\275Af\263vZ\321"
 374      52BA41CD 
 374      07A3CDBD 
 374      4166B376 
 374      5AD1
 375 01ec 7928FAE0 		.ascii	"y(\372\340\254\222o\234\241\237\254\372\014\337L\327"
 375      AC926F9C 
 375      A19FACFA 
 375      0CDF4CD7 
 376 01fc D1D55DFF 		.ascii	"\321\325]\377\345\205\222\274\001\230\251-\341|d\361"
 376      E58592BC 
 376      0198A92D 
 376      E17C64F1 
 377 020c 4F03565F 		.ascii	"O\003V_\\o#\314\031\276\236_\207\262\035\277\301\255"
 377      5C6F23CC 
 377      19BE9E5F 
 377      87B21DBF 
 377      C1AD
 378 021e F8455290 		.ascii	"\370ER\2200$\351i\222\3360\321[\300\345h#\203\364\250"
 378      3024E969 
 378      92DE30D1 
 378      5BC0E568 
 378      2383F4A8 
 379 0232 BFA16F39 		.ascii	"\277\241o9\310\007o\276M\347a\325\362\235`\004>0\"A"
 379      C8076FBE 
 379      4DE761D5 
 379      F29D6004 
 379      3E302241 
 380 0246 DC751E6E 		.ascii	"\334u\036n0U\327El\300m\022Uw\030\2517\253\221\0325"
 380      3055D745 
 380      6CC06D12 
 380      557718A9 
ARM GAS  /tmp/ccSbXLHM.s 			page 30


 380      37AB911A 
 381 025b 23555EB4 		.ascii	"#U^\264\242Y\333\010E\202\325-\004\357\302[\003\312"
 381      A259DB08 
 381      4582D52D 
 381      04EFC25B 
 381      03CA
 382 026d 620A6E9F 		.ascii	"b\012n\237\372tO\221*\314\256\015\357\010\235aL*Y\200"
 382      FA744F91 
 382      2ACCAE0D 
 382      EF089D61 
 382      4C2A5980 
 383 0281 6F53B5BB 		.ascii	"oS\265\273\253eB\360\336T\253\351<\302\210\370\314\370"
 383      AB6542F0 
 383      DE54ABE9 
 383      3CC288F8 
 383      CCF8
 384 0293 6CF066A9 		.ascii	"l\360f\251\313e\333h\033_\3256\001\247\301\373\033\274"
 384      CB65DB68 
 384      1B5FD536 
 384      01A7C1FB 
 384      1BBC
 385 02a5 B5F3B7F7 		.ascii	"\265\363\267\367\255\377f\350\333\307\0073\005\305\034"
 385      ADFF66E8 
 385      DBC70733 
 385      05C51C
 386 02b4 A6B5DE80 		.ascii	"\246\265\336\200,\217;\3222\322]\216Lw\266#\356l|Rb"
 386      2C8F3BD2 
 386      32D25D8E 
 386      4C77B623 
 386      EE6C7C52 
 387 02c9 DCA97847 		.ascii	"\334\251xG\\\202;1\343P\\f\246\307\221\356NM\275\340"
 387      5C823B31 
 387      E3505C66 
 387      A6C791EE 
 387      4E4DBDE0 
 388 02dd BA989CE5 		.ascii	"\272\230\234\345r\344$\236sx\262R\0349Y\331I\036WV\256"
 388      72E4249E 
 388      7378B252 
 388      1C3959D9 
 388      491E5756 
 389 02f2 3BC57538 		.ascii	";\305u8\205\331S\335\236\314\344\354\2244W\252v\376"
 389      85D953DD 
 389      9ECCE4EC 
 389      943457AA 
 389      76FE
 390 0304 52B6CBF3 		.ascii	"R\266\313\363\017\222\326\271\011"
 390      0F92D6B9 
 390      09
 391              		.text
 392              		.section	.gnu.lto_urtServiceQueueLength.5a9a8b635989c850,"e",%progbits
 393 0000 789C8D56 		.ascii	"x\234\215V[lTE\030\236\177\346\\\267\273\333\313^\332"
 393      5B6C5445 
 393      189E7FE6 
 393      5CB7BBDB 
 393      CB5EDA
 394 0013 A592F401 		.ascii	"\245\222\364\001h0\312\362`\"oZ\015/&j\002&\276I\010"
 394      6830CAF2 
ARM GAS  /tmp/ccSbXLHM.s 			page 31


 394      60226F5A 
 394      0D2F266A 
 394      0226BE49 
 395 0028 6CA50937 		.ascii	"l\245\0117\267E\0379-m\005Z\2131\010\205\260l\221T\012"
 395      B7451F39 
 395      2D6D055A 
 395      8B310885 
 395      B06C9154 
 396 003d 862257B9 		.ascii	"\206\"W\271\224\262\\\344\326\012X\241\320\245\264Z"
 396      94B25CE4 
 396      D60A58A1 
 396      D0A5B45A 
 397 004d 4BE9B650 		.ascii	"K\351\266P\001\261A\324\305\2319\263\313\331\245\024"
 397      01B141D4 
 397      C59939B3 
 397      CBD9A514 
 398 005d F6E164CE 		.ascii	"\366\341d\316\376\377w\231\371\377\371w5\004\350u\033"
 398      FEFF7799 
 398      F9FFF977 
 398      3504E875 
 398      1B
 399 006e 42731142 		.ascii	"Bs\021BU\200\020L@\200\015\303xS-\3270&\033\367\016"
 399      5580104C 
 399      40800DC3 
 399      78532DD7 
 399      30261BF7 
 400 0083 BC221936 		.ascii	"\274\"\0316i\240}\203K2\354\004$\021\223\260,b\212\210"
 400      69A07D83 
 400      4B32EC04 
 400      241193B0 
 400      2C628A88 
 401 0097 C9A08898 		.ascii	"\311\240\210\230\202U\021\323DL\005M\3044\360\212\225"
 401      825511D3 
 401      444C054D 
 401      C434F08A 
 401      95
 402 00a8 8E6D66D4 		.ascii	"\216mf\324\226ef\333m8C\340\354\002\227\001v\221m\307"
 402      966566DB 
 402      6D3843E0 
 402      EC029701 
 402      76916DC7 
 403 00bc 0E11738A 		.ascii	"\016\021s\212\230\003\234\"\346\304\231\"\346\021\261"
 403      98039C22 
 403      E6C49922 
 403      E611B1
 404 00cb 4CF08858 		.ascii	"L\360\210X\026\316\026*\036\241\222\215sD\266Kd\347"
 404      16CE162A 
 404      1EA1928D 
 404      7344B64B 
 404      64E7
 405 00dd 804B64BB 		.ascii	"\200Kd\273\260;\215\311\235d\362\010\347\3075/\326;"
 405      B03B8DC9 
 405      9D64F208 
 405      E7C7352F 
 405      D63B
 406 00ef EE3E9A41 		.ascii	"\356>\232A\263r\233\327T\2514+\027\347\011\234O\340"
 406      B3729BD7 
ARM GAS  /tmp/ccSbXLHM.s 			page 32


 406      54A9342B 
 406      17E7099C 
 406      4FE0
 407 0101 F2C02770 		.ascii	"\362\300'p>\000\27624@\3131\221dE\325t[\206\335\341"
 407      3E00BE32 
 407      3440CB31 
 407      916445D5 
 407      745B86DD 
 408 0116 CCCCCACE 		.ascii	"\314\314\312\316q\271=\336\334<\037,\307^\224\374\254"
 408      71B93DDE 
 408      DC3C1F2C 
 408      C75E94FC 
 408      AC
 409 0127 21EB09F4 		.ascii	"!\353\011\364T\204\036\332\353H\230 \220\350\353\332"
 409      54841EDA 
 409      EB489820 
 409      90E8EBDA 
 410 0137 F3FBCED9 		.ascii	"\363\373\316\331\330+@\001}\255\354\334|H\232\272\315"
 410      D82B4001 
 410      7DADECDC 
 410      7C489ABA 
 410      CD
 411 0148 302A8CC8 		.ascii	"0*\214\310\372\036W\375\276K\206\036&\030m\240\351G"
 411      FA1E57FD 
 411      BE4B861E 
 411      26186DA0 
 411      E947
 412 015a 201F0E43 		.ascii	" \037\016C>\247\202\026\230J\323\253\343\3757%\362\026"
 412      3EA78216 
 412      984AD3AB 
 412      E3FD3725 
 412      F216
 413 016c 20BA5E7F 		.ascii	" \272^\177\367\354&(l\344\320\333\215\304\230\024&\004"
 413      F7EC2628 
 413      6CE4D0DB 
 413      8DC49814 
 413      2604
 414 017e 8E024981 		.ascii	"\216\002I\201\322\357(\270\025\012\231\223h\250\317"
 414      D2EF28B8 
 414      150A9993 
 414      68A8CF
 415 018d 41DEE1E0 		.ascii	"A\336\341\340\007U\207\277u\012\360\203m\034,\301\261"
 415      075587BF 
 415      750AF083 
 415      6D1C2CC1 
 415      B1
 416 019e A7C01205 		.ascii	"\247\300\022\005G8x\367\320\303/\235\344=\016\216\215"
 416      473878F7 
 416      D0C32F9D 
 416      E43D0E8E 
 416      8D
 417 01af B4DE5004 		.ascii	"\264\336P\004\270\333\267\321\210H\014}|L\364\011\216"
 417      B8DBB7D1 
 417      88480C7D 
 417      7C4CF409 
 417      8E
 418 01c0 2EDFBCFF 		.ascii	".\337\274\377\212Lfs\364\236\256\366jY\240\333\363\023"
ARM GAS  /tmp/ccSbXLHM.s 			page 33


 418      8A4C6673 
 418      F49EAEF6 
 418      6A59A0DB 
 418      F313
 419 01d2 E89363A2 		.ascii	"\350\223c\242OA!b\230\356\332?[\200|\310\361\345\255"
 419      4F412162 
 419      98EEDA3F 
 419      5B807CC8 
 419      F1E5AD
 420 01e5 15F5F2E4 		.ascii	"\025\365\362\344\255\034?p\321\275e\205q\326\240\024"
 420      AD1C3F70 
 420      D1BD6585 
 420      71D6A014 
 421 01f5 187E4CA3 		.ascii	"\030~L\243`\037\232\337\267;\376\265C\221\3404Lf\307"
 421      601F9ADF 
 421      B73BFEB5 
 421      4391E034 
 421      4C66C7
 422 0208 CA0EF30C 		.ascii	"\312\016\363\014(@#\215M\307\3732\311G\234\365\257\350"
 422      2840238D 
 422      4DC7FB32 
 422      C9479CF5 
 422      AFE8
 423 021a 17DF2982 		.ascii	"\027\337)\202u\244\313\273U\260\312pv|\326s\224\225"
 423      75A4CBBB 
 423      55B0CA70 
 423      767CD673 
 423      9495
 424 022c F131DAF3 		.ascii	"\3611\332\363\224\026!\314\224\330\367\273:\344\210"
 424      941621CC 
 424      94D8F7BB 
 424      3AE488
 425 023b 117FFCB9 		.ascii	"\021\177\374\271\0219\375\376\226\377\246\025\002\335"
 425      1139FDFE 
 425      96FFA615 
 425      02DD
 426 0249 9482E943 		.ascii	"\224\202\351C%\364!K\364\241\311\354\241 \006Q\331R"
 426      25F4214B 
 426      F4A1C9EC 
 426      A1200651 
 426      D952
 427 025b 630F9DBF 		.ascii	"c\017\235\277\333\020#q\003+@.\260\203\244-H\017$\037"
 427      DB102371 
 427      032B402E 
 427      B083A42D 
 427      480F241F 
 428 026f 583D27F2 		.ascii	"X='\362h\001\317\234\302\327\010\325\020t\367Q\323\014"
 428      6801CF9C 
 428      C2D708D5 
 428      1074F751 
 428      D30C
 429 0281 302208D5 		.ascii	"0\"\010\325\022\314\327\345t}\023*\007O\306/\332\231"
 429      12CCD7E5 
 429      747D132A 
 429      074FC62F 
 429      DA99
 430 0293 CF107153 		.ascii	"\317\020qS\367u+\376\350\321X\027J\200\240Ml\253\226"
ARM GAS  /tmp/ccSbXLHM.s 			page 34


 430      F7752BFE 
 430      E8D15817 
 430      4A80A04D 
 430      6CAB96
 431 02a6 90C16F0E 		.ascii	"\220\301o\016\024r\310\020T\334\037\\\331\2460\010\315"
 431      1472C810 
 431      54DC1F5C 
 431      D9A63008 
 431      CD
 432 02b7 8F44BFEF 		.ascii	"\217D\277\357r6\302\326rz\005\032\274\364\260)\215\211"
 432      7236C2D6 
 432      727A051A 
 432      BCF4B029 
 432      8D89
 433 02c9 83766804 		.ascii	"\203vh\004+#\246\214?q\306Z\"\245Z\350\274&,\344Z4\345"
 433      2B23A68C 
 433      3F71C65A 
 433      22A55AE8 
 433      BC262CE4 
 434 02e0 54CD9AE1 		.ascii	"T\315\232\341q4\005\016.P\315\244\210\222*2\222\020"
 434      7134050E 
 434      2E50CDA4 
 434      88922A32 
 434      9210
 435 02f2 F15944D4 		.ascii	"\361YD\324T\221\272\3616&pp\321*\242%E(\301\332\325"
 435      5491BAF1 
 435      36267070 
 435      D12AA225 
 435      4528C1DA 
 436 0307 3BF73A4C 		.ascii	";\367:L\221\224\255\023\336IV\312\2020\321C$\037.1\032"
 436      9194AD13 
 436      DE4956CA 
 436      8230D143 
 436      241F2E31 
 437 031c D6BBE1DE 		.ascii	"\326\273\341\336\203\312\364f\303\014\331\340g\252Q"
 437      83CAF466 
 437      C30CD9E0 
 437      67AA51
 438 032b 4F444BB5 		.ascii	"ODK\265\364\366\357\301\225P!\200\012t\300t\352\343"
 438      F4F6EFC1 
 438      95502180 
 438      0A74C074 
 438      EAE3
 439 033d 17A80474 		.ascii	"\027\250\004t\033*\013x\233\321\274PS\373c\235\345i"
 439      1B2A0B78 
 439      9BD1BC50 
 439      53FB639D 
 439      E569
 440 034f 6192B181 		.ascii	"a\222\261\201\260i\177\231\345P7abg\006[b\241a'k\307"
 440      B0697F99 
 440      E5503761 
 440      6267065B 
 440      62A16127 
 441 0365 109998BE 		.ascii	"\020\231\230\276\311>\326\201\343\230r\300\025n\012"
 441      C93ED681 
 441      E39872C0 
 441      156E0A
ARM GAS  /tmp/ccSbXLHM.s 			page 35


 442 0374 4C53072E 		.ascii	"LS\007.\357:\257\233\301\2068f\027\242\023\246\327\323"
 442      EF3AAF9B 
 442      C1863866 
 442      17A213A6 
 442      D7D3
 443 0386 094555AF 		.ascii	"\011EU\2572\177\364p\3645UW\317\020q:+6U\337\331\353"
 443      327FF470 
 443      F4355557 
 443      CF10713A 
 443      2B3655DF 
 444 039c 31C50B42 		.ascii	"1\305\013BDg\034\253\356l\327\315\336\000\270FU\271"
 444      44671CAB 
 444      EE6CD7CD 
 444      DE00B846 
 444      55B9
 445 03ae C5A6B609 		.ascii	"\305\246\266\011f\026N\2678\362\\\213]\317\262\270\203"
 445      66164EB7 
 445      38F25C8B 
 445      5DCFB2B8 
 445      83
 446 03bf AAA81065 		.ascii	"\252\250\020e\026\331\261\302uj\221\266E\357\311S \304"
 446      16D9B1C2 
 446      756A91B6 
 446      45EFC953 
 446      20C4
 447 03d1 42C4269A 		.ascii	"B\304&\232\302\266\243.\272\022\236t\316\205\350kf\216"
 447      C2B6A32E 
 447      BA129E74 
 447      CE85E86B 
 447      668E
 448 03e3 DBD23919 		.ascii	"\333\3229\031C\235\327zQ\242\362\353b;\332T\226\224"
 448      439DD77A 
 448      51A2F2EB 
 448      623BDA54 
 448      9694
 449 03f5 6EB918A5 		.ascii	"n\271\030\245\\\212n\352\217n\2373\330\323d\006\022"
 449      5C8A6EEA 
 449      8F6E9F33 
 449      D8D36406 
 449      12
 450 0406 32D65BE0 		.ascii	"2\326[\340H\223\3319<\236L\342\036\334\260\3108\323"
 450      4893D939 
 450      3C9E4CE2 
 450      1EDCB0C8 
 450      38D3
 451 0418 64E20919 		.ascii	"d\342\011\031\353=\310L\22398\356n\0227\241\307\"\223"
 451      EB3DC84C 
 451      933938EE 
 451      6E1237A1 
 451      C72293
 452 042b D53FFA6F 		.ascii	"\325?\372o+N0\264\304Z\206sL\031\222Nr\037\236W\305"
 452      2B4E30B4 
 452      C45A8673 
 452      4C19924E 
 452      721F9E57 
 453 0440 DE6755B1 		.ascii	"\336gU\261\2317\332\257\254\212\022\253\342o\211*\336"
 453      9937DAAF 
ARM GAS  /tmp/ccSbXLHM.s 			page 36


 453      AC8A12AB 
 453      E26F892A 
 453      DE
 454 0451 1655244F 		.ascii	"\026U$O\252\230=\234\334\222y\377\257\217q\2749m\253"
 454      AA983D9C 
 454      DC9279FF 
 454      AF8F71BC 
 454      396DAB
 455 0464 E2279EEC 		.ascii	"\342'\236\354\273\346\316\0171\301$=}c-\007\334G\035"
 455      BBE6CE0F 
 455      31C1243D 
 455      7D632D07 
 455      DC471D
 456 0477 B29EDE5C 		.ascii	"\262\236\336\\\275J5\363e\336\325\022\243\351Y\3757"
 456      BD4A35F3 
 456      65DED512 
 456      A3E959FD 
 456      37
 457 0488 798122FD 		.ascii	"y\201\"\375\316OO\346>\\ifOw\217Q$w\252\331\330\271"
 457      CE4F4FE6 
 457      3E5C6966 
 457      4F778F51 
 457      2477AAD9 
 458 049e 172A52BF 		.ascii	"\027*R\277\245H\236\344\205\304\3464\250)6e\246X\307"
 458      A5489EE4 
 458      85C4E634 
 458      A8293665 
 458      A658C7
 459 04b1 95FCD4B8 		.ascii	"\225\374\324\270j\030\265SR'=\\\2709f\315d\030\3405"
 459      6A18B553 
 459      52273D5C 
 459      B83966CD 
 459      6418E035 
 460 04c5 63BB815B 		.ascii	"c\273\201[\342\372\263\377S\206\304\324\200o\352%SK"
 460      E2FAB3FF 
 460      5386C4D4 
 460      806FEA25 
 460      534B
 461 04d7 7020340A 		.ascii	"p 4\012:\233\243\332\306c\035\314\241'z\353\345Q\260"
 461      3A9BA3DA 
 461      C6631DCC 
 461      A1277AEB 
 461      E551B0
 462 04ea D1D1A41D 		.ascii	"\321\321\244\035\276\025\245\225\234\342\371\252\230"
 462      BE15A595 
 462      9CE2F9AA 
 462      98
 463 04f7 D2E4DE4B 		.ascii	"\322\344\336K\214X:\354\032\2165\223g\314;:z`\3202\357"
 463      8C583AEC 
 463      1A8E3593 
 463      67CC3B3A 
 463      7A60D032 
 464 050c CC9F961B 		.ascii	"\314\237\226\033\351S\177\224\275\351^f0\317:\375\327"
 464      E9537F94 
 464      BDE95E66 
 464      30CF3AFD 
 464      D7
ARM GAS  /tmp/ccSbXLHM.s 			page 37


 465 051d D51C3DB2 		.ascii	"\325\034=\262\037\314du\314\342'N4\226,\376!\331\314"
 465      1FCC6475 
 465      CCE2274E 
 465      34962CFE 
 465      21D9CC
 466 0530 D74284A1 		.ascii	"\327B\204\241\314\342o'\317\377\015\031\342E\321\370"
 466      CCE26F27 
 466      CFFF0D19 
 466      E245D1F8 
 467 0540 31F992FB 		.ascii	"1\371\222\373\033\201\212\206\177\232'\230\234\354\237"
 467      1B818A86 
 467      7F9A2798 
 467      9CEC9F
 468 054f 03FDE586 		.ascii	"\003\375\345\206{\211_n\204\336\360/X\262(\340_ZR\346"
 468      7B895F6E 
 468      84DEF02F 
 468      58B228E0 
 468      5F5A52E6 
 469 0563 2F9A3D73 		.ascii	"/\232=s\316\254\242\267g\372\213\336-\231\265\344\325"
 469      CEACA2B7 
 469      67FA8BDE 
 469      2D99B5E4 
 469      D5
 470 0574 A2A54B4B 		.ascii	"\242\245KK\375\213J\346\317_\030\370ln0\340_6\353\003"
 470      FD8B4AE6 
 470      CF5F18F8 
 470      6C6E30E0 
 470      5F36EB03 
 471 0588 7F69709E 		.ascii	"\177ip\236\177Y\260lNi \370i\311\274\300\264yH\025K"
 471      7F59B06C 
 471      4E6920F8 
 471      69C9BCC0 
 471      B4794815 
 472 059d B2205826 		.ascii	"\262 X&\025\227\006\313\310\342`\231\2620\260\370\343"
 472      159706CB 
 472      C8E26099 
 472      B230B0F8 
 472      E3
 473 05ae B2052418 		.ascii	"\262\005$\030\370\344\177]\273\327\341"
 473      F8E47F5D 
 473      BBD7E1
 474              		.text
 475              		.section	.gnu.lto_.symbol_nodes.5a9a8b635989c850,"e",%progbits
 476 0000 789C75D1 		.ascii	"x\234u\321\277N\002A\020\006\360\231o\216\335\203\003"
 476      BF4E0241 
 476      1006F099 
 476      6F8EDD83 
 476      03
 477 0011 0B79007B 		.ascii	"\013y\000{\237\300R\023\037\305\367\030bx\000ceBb!\024"
 477      9FC05213 
 477      1FC5F718 
 477      62780063 
 477      65426221 
 478 0026 94D45A72 		.ascii	"\224\324Zr\321\016\024\361\277\205\305\025\332akbt\274"
 478      D10E14F1 
 478      BF85C515 
 478      DA616B62 
ARM GAS  /tmp/ccSbXLHM.s 			page 38


 478      74BC
 479 0038 3B6DDCDD 		.ascii	";m\334\335\352\313\3746\223\235\331\224\2306AD\230A"
 479      EACBFC36 
 479      939DD994 
 479      98364144 
 479      9841
 480 004a A96727E1 		.ascii	"\251g'\341\203\031\221\022\235\366v\014\177h\016\345"
 480      83199112 
 480      9DF6760C 
 480      7F680EE5 
 481 005a 085D4211 		.ascii	"\010]B\021\241+\250Dh\001M\"t\015mDh\011u\253\217\361"
 481      A12BA844 
 481      68014D22 
 481      740D6D44 
 481      680975AB 
 482 0070 D63FE11B 		.ascii	"\326?\341\033\250\377\252\317F\311d\263l\233\334A\323"
 482      A8FFAACF 
 482      46C964B3 
 482      6C9BDC41 
 482      D3
 483 0081 B0DC429B 		.ascii	"\260\334B\233ay\200\266\302r\017\315\302\362\010m\207"
 483      617980B6 
 483      C2720FCD 
 483      C2F2086D 
 483      87
 484 0092 E509DA09 		.ascii	"\345\011\332\011\212\220\037L\227\207\302}'\334\254"
 484      8A901F4C 
 484      9787C27D 
 484      27DCAC
 485 00a1 66EEB370 		.ascii	"f\356\263pZ\305\302\011\262*\356\012\374\321\331\374"
 485      5AC5C209 
 485      B22AEE0A 
 485      FCD1D9FC 
 486 00b1 9978C456 		.ascii	"\231x\304V|\313'C\341\221yk\365y\374\302\\\254\331\205"
 486      7CCB2743 
 486      E191796B 
 486      F579FCC2 
 486      5CACD985 
 487 00c5 D7B29A77 		.ascii	"\327\262\232w\377b\321\025\251\033\354\211\324\177\273"
 487      FF62D115 
 487      A91BEC89 
 487      D47FBB
 488 00d4 CF92B47F 		.ascii	"\317\222\264\177\213\011\235O\246\027\340\023\226Fg"
 488      8B099D4F 
 488      A617E013 
 488      964667
 489 00e3 61ABB556 		.ascii	"a\253\265V\026}\345\271\023\227\225\373\266\007:\377"
 489      167DE5B9 
 489      139795FB 
 489      B6073AFF 
 490 00f3 5EA675FA 		.ascii	"^\246u\372\006\334\371\274\376"
 490      06DCF9BC 
 490      FE
 491              		.text
 492              		.section	.gnu.lto_.refs.5a9a8b635989c850,"e",%progbits
 493 0000 789CE360 		.ascii	"x\234\343``\004B \000\000\000]\000\013"
 493      60044220 
ARM GAS  /tmp/ccSbXLHM.s 			page 39


 493      0000005D 
 493      000B
 494              		.text
 495              		.section	.gnu.lto_.decls.5a9a8b635989c850,"e",%progbits
 496 0000 789CAD7B 		.ascii	"x\234\255{iT\024Y\232h\336\274\011$\220\200\212U\345"
 496      69541459 
 496      9A68DEBC 
 496      09249080 
 496      8A55E5
 497 0013 94357DAA 		.ascii	"\2245}\252\373\330S5\323mQ\335=g\246\352\235:=\257\246"
 497      FBD85335 
 497      D36D51DD 
 497      3D67A6EA 
 497      9D3A3DAF 
 498 0028 A6DFF4F4 		.ascii	"\246\337\364\364tM\317TU\317y\375\316y\207FH5\273\330"
 498      744DCF54 
 498      55CF79FD 
 498      CE798746 
 498      4835BBD8 
 499 003c 1A12AB9C 		.ascii	"\032\022\253\234?/Y\024\331d\021\005\001Y\004\004dW"
 499      3F2F5914 
 499      D9641105 
 499      01590404 
 499      6457
 500 004e 40115056 		.ascii	"@\021PV\331\027\001A\366EAQA\005\004\221m\276{oDfDF"
 500      D9170141 
 500      F6454151 
 500      41050491 
 500      6DBE7B6F 
 501 0066 A456F779 		.ascii	"\244V\367yY\365\031qo|\373\367\335\357.\021\250\025"
 501      59F51971 
 501      6F7CFBF7 
 501      DDEF2E11 
 501      A815
 502 0078 48F1AB9F 		.ascii	"H\361\253\237+\024Kj\205\"^\245Pl\303\017n\025\267\000"
 502      2B144B6A 
 502      85225EA5 
 502      506CC30F 
 502      6E15B700 
 503 008c 1C00DE42 		.ascii	"\034\000\336B\012\305\217\000~\014\360\001\300:\364"
 503      0AC58F00 
 503      7E0CF001 
 503      C03AF4
 504 009b 9D86AB35 		.ascii	"\235\206\2535@\002\300!h\247\3005\003\340o\000\222\001"
 504      4002C021 
 504      68A7C035 
 504      03E06F00 
 504      9201
 505 00ad C8CF11A0 		.ascii	"\310\317\021\240\024\356\257\0014\002\264\002\264\003"
 505      14EEAF01 
 505      3402B402 
 505      B403
 506 00bb F4000C02 		.ascii	"\364\000\014\002\214\000L\000L\001<\003X\002X\005\330"
 506      8C004C00 
 506      4C013C03 
 506      58025805 
 506      D8
ARM GAS  /tmp/ccSbXLHM.s 			page 40


 507 00cc E0E8853F 		.ascii	"\340\350\205?w\254P8\303\265\030\236\355\202\353n\201"
 507      77AC5038 
 507      C3B5189E 
 507      ED82EB6E 
 507      81
 508 00dd 5E6F2899 		.ascii	"^o(\231^\357+\230\216\177\015\360&\364\355\006\330\007"
 508      5EEF2B98 
 508      8E7F0DF0 
 508      26F4ED06 
 508      D807
 509 00ef F7EF02BC 		.ascii	"\367\357\002\274\005\367{\000\226\001\347/\340:L\364"
 509      05F77B00 
 509      9601E72F 
 509      E03A4CF4 
 510 00ff 87FB1F12 		.ascii	"\207\373\037\022~\320v\006\370>\334\277\007\240\201"
 510      7ED07606 
 510      F83EDCBF 
 510      07A081
 511 010e 7B25A7FB 		.ascii	"{%\247\373\210\214.\001\230\311\027\352b\356\227\267"
 511      888C2E01 
 511      98C917EA 
 511      62EE97B7 
 512 011e 954C97FD 		.ascii	"\225L\227\375\000{\315\344\016(\230\316\241\000\366"
 512      007BCDE4 
 512      0E2898CE 
 512      A100F6
 513 012d D03E01D7 		.ascii	"\320>\001\327q\270\332C\377\016\270:\0028\0038\001\364"
 513      71B8DA43 
 513      FF0EB83A 
 513      02380338 
 513      01F4
 514 013f 415F3FC0 		.ascii	"A_?\300 \300m\200\235D?\000\007\000P\203\372v\212\363"
 514      20C06D80 
 514      9D443F00 
 514      07005083 
 514      FA768AF3 
 515 0153 A3F92F0C 		.ascii	"\243\371/\014\020\336\206k\252\231\236\3461\37312\351"
 515      10DE866B 
 515      AA999EE6 
 515      31FB3132 
 515      E9
 516 0164 F33BE87F 		.ascii	"\363;\350\177O\301\3646\327\371\014b>%\361\015\203k"
 516      4FC1F436 
 516      D7F90C62 
 516      3E25F10D 
 516      836B
 517 0176 34E7DF2D 		.ascii	"4\347\337-\316\346\035\012\261\336?\344|\351\250\024"
 517      CEE61D0A 
 517      B1DE3FE4 
 517      7CE9A814 
 518 0186 DB600FED 		.ascii	"\333`\017\355\235\000NJ\346o\342\373\035\304\341\000"
 518      9D004E4A 
 518      E66FE2FB 
 518      1DC4E100 
 519 0196 907E3457 		.ascii	"\220~4W\2268\337?\223\261\353\024\330\345$\343\377\277"
 519      9638DF3F 
 519      93B1EB14 
ARM GAS  /tmp/ccSbXLHM.s 			page 41


 519      D8E524E3 
 519      FFBF
 520 01a8 E1EC30CF 		.ascii	"\341\3540\317\001\241\0351p-A,\276\274~\304\217\255"
 520      01A11D31 
 520      702D412C 
 520      BEBC7EC4 
 520      8FAD
 521 01ba 9CCC5219 		.ascii	"\234\314R\031y\011\230\331\366*y\25122c\341\272\362"
 521      790998D9 
 521      F62A79A9 
 521      323263E1 
 521      BAF2
 522 01cc 0A99ED5C 		.ascii	"\012\231\355\\\276\313\311\314\220\311\367\004nl\021"
 522      BECBC9CC 
 522      90C9F704 
 522      6E6C11
 523 01db 99EF71B9 		.ascii	"\231\357q\271Fd\363q\371@\020\2138h\257\233\305\320"
 523      4664F371 
 523      F940108B 
 523      3868AF9B 
 523      C5D0
 524 01ed 4690EF4E 		.ascii	"F\220\357N\002\237o\013t\352\341\306\237\\\336\027s"
 524      029F6F0B 
 524      74EAE1C6 
 524      9F5CDE17 
 524      73
 525 01fe 7EE7F549 		.ascii	"~\347\365I\346\352A\212\300\017|\016\311\345\017\321"
 525      E6EA418A 
 525      C00F7C0E 
 525      C9E50FD1 
 526 020e D15A219F 		.ascii	"\321Z!\237\333\216\234\374AA\354\245q@\343A\347^hNb"
 526      DB8E9CFC 
 526      4141ECA5 
 526      7140E341 
 526      E75E684E 
 527 0223 B4CB0EA9 		.ascii	"\264\313\016\251\240\031\337V\326j\007\315\335v\350"
 527      A019DF56 
 527      D66A07CD 
 527      DD76E8
 528 0232 5D68CE9C 		.ascii	"]h\316\234\177\374\006{\370>\264nl\237\271\241bM54O"
 528      7FFC067B 
 528      F83EB46E 
 528      6C9FB9A1 
 528      624D3534 
 529 0247 5FACDBD0 		.ascii	"_\254\333\3200\334Z\302\252\260\"2\331\206=\336\003"
 529      30DC5AC2 
 529      AAB02232 
 529      D9863DDE 
 529      03
 530 0258 CD8CDB3D 		.ascii	"\315\214\333=A\2105w\220\247\333\367\223\235\030\266"
 530      41883577 
 530      90A7DBF7 
 530      939D18B6 
 531 0268 0141FBE5 		.ascii	"\001A\373\345\251\312r{\254D\204\262\367\261!\024a5"
 531      A9CA727B 
 531      AC4484B2 
 531      F7B12114 
ARM GAS  /tmp/ccSbXLHM.s 			page 42


 531      6135
 532 027a BDCF489A 		.ascii	"\275\317H\232\213Sc\007z\237\234\260\232c\355Rh`?u\012"
 532      8B536307 
 532      7A9F9CB0 
 532      9A63ED52 
 532      68603F75 
 533 028f 56A04684 		.ascii	"V\240F\204M\312\017\235\256\355\306\370\267\0247)\365"
 533      4DCA0F9D 
 533      AEEDC6F8 
 533      B7143729 
 533      F5
 534 02a0 5CBCDA39 		.ascii	"\\\274\3329\226\3035 j.\272\2110jF\316\250\011\271p"
 534      96C33520 
 534      6A2EBA89 
 534      306A46CE 
 534      A809B970 
 535 02b4 342F52CE 		.ascii	"4/R\316w:b-\2459\326\030\366_\022\222\026\011\311|]"
 535      773A622D 
 535      A539D618 
 535      F65F1292 
 535      1609C97C 
 536 02c9 D8845A13 		.ascii	"\330\204Z\023n0\004\031\322\203\015\266\277D\255\360"
 536      6E300419 
 536      D2830DB6 
 536      BF44ADF0 
 537 02d9 B80AED45 		.ascii	"\270\012\355E\327\320^ hC\032\206w\241h\255I\215\277"
 537      D7D05E20 
 537      68431A86 
 537      77A168AD 
 537      498DBF
 538 02ec A1AC6736 		.ascii	"\241\254g6\212\333\020&<\241\221\331\333\274j\217O\260"
 538      8ADB1026 
 538      3CA191D9 
 538      DBBC6A8F 
 538      4FB0
 539 02fe 46E4DA72 		.ascii	"F\344\332r\264\203Dj'H\355\022I\2359\235\326\247\301"
 539      B483446A 
 539      2748ED12 
 539      499D399D 
 539      D6A7C1
 540 0311 098C28EF 		.ascii	"\011\214(\357lO\251\275\204\250[Bt\262\243)\335J\250"
 540      6C4FA9BD 
 540      84A85B42 
 540      74B2A329 
 540      DD4AA8
 541 0324 6A8F48D5 		.ascii	"j\217H\325[\274\252\313[W[\355q.en\2254\263\036h\207"
 541      5BBCAACB 
 541      5B575BED 
 541      712E656E 
 541      9534B31E 
 542 033a F6EDDBE7 		.ascii	"\366\355\333\347\274\357<\241\254]-|\377\342\323\007"
 542      BCEF3CA1 
 542      AC5D2D7C 
 542      FFE2D307 
 543 034a 0643DC1E 		.ascii	"\006C\334\036b\034\352\0051\003\">.\344\237\237\300"
 543      621CEA05 
 543      3103223E 
ARM GAS  /tmp/ccSbXLHM.s 			page 43


 543      2EE49F9F 
 543      C0
 544 035b 3F0CFF66 		.ascii	"?\014\377f\376\367\316\007\033Z~O\370\243\016y\354*"
 544      FEF7CE07 
 544      1B5A7E4F 
 544      F8A30E79 
 544      EC2A
 545 036d 64449F2D 		.ascii	"dD\237-\330\221I\321\011\363\006\011z\0152\342S\203"
 545      D89149D1 
 545      09F30609 
 545      7A0D32E2 
 545      5383
 546 037f 6388C12A 		.ascii	"c\210\301*\005\252\003\214Z\372l\200\331\214\372\320"
 546      05AA038C 
 546      5AFA6C80 
 546      D98CFAD0 
 547 038f 3ED40F30 		.ascii	">\324\0170\010p\033\355#>`\022\026\177\224d\250\015"
 547      08701BED 
 547      233E6012 
 547      167F9464 
 547      A80D
 548 03a1 B1A602DA 		.ascii	"\261\246\002\332-\010 \352\203'\326\256L\314b\274\300"
 548      2D0820EA 
 548      8327D6AE 
 548      4CCC62BC 
 548      C0
 549 03b2 DC9CBF1A 		.ascii	"\334\234\277\032R\356\204\227X\343\321l\376\200\022"
 549      52EE8497 
 549      58E3D16C 
 549      FE8012
 550 03c1 AFB14648 		.ascii	"\257\261FH\350\331V\245$\000\303\300{D\024\200\313\333"
 550      E8D956A5 
 550      2400C3C0 
 550      7B441480 
 550      CBDB
 551 03d3 79C7310E 		.ascii	"y\3071\016fy\035\362<m\305JB4*!:\223\337yN\224`c\"}"
 551      66791DF2 
 551      3C6DC54A 
 551      42342A21 
 551      3A93DF79 
 552 03ed C7F9A8C5 		.ascii	"\307\371\250\305\214\256U\333\343H\306\274\273}Z\213"
 552      8CAE55DB 
 552      E348C6BC 
 552      BB7D5A8B 
 553 03fd 63D9FDF4 		.ascii	"c\331\375\364ra\216T\273I\0204%\022\264\330\235p\020"
 553      72618E54 
 553      BB491034 
 553      2512B4D8 
 553      9D7010
 554 0410 27319A53 		.ascii	"'1\232Sma\217\354$4\323\022\232\336\304\226\267\204"
 554      6D618FEC 
 554      2434D312 
 554      9ADEC496 
 554      B784
 555 0422 BADD15E9 		.ascii	"\272\335\025\351v\217\327-\275~j?\316\246\254q\360\372"
 555      768FD72D 
 555      BD7E6A3F 
ARM GAS  /tmp/ccSbXLHM.s 			page 44


 555      CEA6AC71 
 555      F0FA
 556 0434 EC7F22E7 		.ascii	"\354\177\"\347}\373D\341\273\0164\304\363T\255Y.\202"
 556      7DFB44E1 
 556      BB0E34C4 
 556      F354AD59 
 556      2E82
 557 0446 0F2072F7 		.ascii	"\017 r\367\205\221\033\354\374$q\231\245\036\260F3\034"
 557      85911BEC 
 557      FC247199 
 557      A51EB046 
 557      331C
 558 0458 AEE5645A 		.ascii	"\256\345dZ\334\303BM\260'\344\261\271H\237>\2258\203"
 558      DCC3424D 
 558      B027E4B1 
 558      B9489F3E 
 558      953883
 559 046b 9DE5759A 		.ascii	"\235\345u\232\226\327\011\2506\262\273\357\250\361\035"
 559      96D709A8 
 559      36B2BBEF 
 559      A8F11D
 560 047a E6B37B4B 		.ascii	"\346\263{K\005\313N\022\237=\004\342G\"\237\325m\016"
 560      05CB4E12 
 560      9F3D04E2 
 560      47229FD5 
 560      6D0E
 561 048c A5D8E129 		.ascii	"\245\330\341)FTW6S\344(!z,!\272\024X0b#\364\364\274"
 561      46545736 
 561      53E42821 
 561      7A2C21BA 
 561      14583062 
 562 04a4 C89405CE 		.ascii	"\310\224\005\316\323\252\023\025sqJd\032\255\355c\037"
 562      D3AA1315 
 562      73714A64 
 562      1AADED63 
 562      1F
 563 04b5 E6D0E104 		.ascii	"\346\320\341\004y\202\206\200\3553\013\331~\236\210"
 563      79828680 
 563      ED330BD9 
 563      7E9E88
 564 04c4 AF1D48B0 		.ascii	"\257\035H\260\011\244\036\233\003\264z\016\235w\204"
 564      09A41E9B 
 564      03B47A0E 
 564      9D7784
 565 04d3 C063B263 		.ascii	"\300c\262c\217\332\372\214s\324Sp\324\023\200Ea\000"
 565      8FDAFA8C 
 565      73D45370 
 565      D4138045 
 565      6100
 566 04e5 57726C58 		.ascii	"WrlX@\026\270\200\310iC\343\007&O\214=\036\321\340\323"
 566      4016B880 
 566      C86943E3 
 566      07264F8C 
 566      3D1ED1E0 
 567 04fa 98FA6962 		.ascii	"\230\372ib\276\252T\343,/v\311\262X\240<\336\024S\345"
 567      BEAA54E3 
 567      2C2F76C9 
ARM GAS  /tmp/ccSbXLHM.s 			page 45


 567      B258A03C 
 567      DE1453E5 
 568 050e C0A61AA5 		.ascii	"\300\246\032\245`\346\331\315f\236\212\234\250\207\030"
 568      60E6D9CD 
 568      669E8A9C 
 568      A88718
 569 051d 67322199 		.ascii	"g2!\231\345\205\271d\032\372+;\264\275\215\241\243\371"
 569      E585B964 
 569      1AFA2B3B 
 569      B4BD8DA1 
 569      A3F9
 570 052f C97C3F62 		.ascii	"\311|?b\035\344y\305d\356\202-\276\300\220[\2727\013"
 570      1DE479C5 
 570      64EE822D 
 570      BEC0905B 
 570      BA370B
 571 0542 6CED4E10 		.ascii	"l\355N\020\273b\202\015V\357+\320\012(\364\234(\364"
 571      BB62820D 
 571      56EF2BD0 
 571      0A28F49C 
 571      28F4
 572 0554 125112A2 		.ascii	"\022Q\022\242\317\032\364\275\200>2S<\351MP\342\012"
 572      CF1AF4BD 
 572      803E3253 
 572      3CE94D50 
 572      E20A
 573 0566 463DB690 		.ascii	"F=\266\220\375o\222\260o\000\335\246(\354\333\015i\265"
 573      FD6F92B0 
 573      6F00DDA6 
 573      28ECDB0D 
 573      69B5
 574 0578 A2C1BF29 		.ascii	"\242\301\277)r\330\026?\300\032\256\214\314)\231\221"
 574      72D8163F 
 574      C01AAE8C 
 574      CC299991 
 575 0588 1F9299BA 		.ascii	"\037\222\231\272|h\200\233\251\015\304\216\007\231A"
 575      7C68809B 
 575      A90DC48E 
 575      079941
 576 0597 6DB6B89E 		.ascii	"m\266\270\236\211\336\276P\022\246\306\335\254Q}|\363"
 576      89DEBE50 
 576      12A6C6DD 
 576      AC517D7C 
 576      F3
 577 05a8 3A9997DF 		.ascii	":\231\227\337#&oo;\011\214~\217\031\375\254\244=I\203"
 577      23266F6F 
 577      3B098C7E 
 577      8F19FDAC 
 577      A43D4983 
 578 05bc FB197A71 		.ascii	"\373\031zqeS\265\232\031M\365Q\030\225A\307\224\224"
 578      6553B59A 
 578      194DF551 
 578      189541C7 
 578      9494
 579 05ce 84181DA2 		.ascii	"\204\030\035\242\334\213\202\225\324\350\254\315h\007"
 579      DC8B8295 
 579      D4E8ACCD 
ARM GAS  /tmp/ccSbXLHM.s 			page 46


 579      6807
 580 05dc 3CCB88CB 		.ascii	"<\313\210\313&:\3777\236g\367\241\335\317J\245\005\346"
 580      263AFF37 
 580      9E67F7A1 
 580      DDCF4AA5 
 580      05E6
 581 05ee 84D2BCFA 		.ascii	"\204\322\274\372\305\266e\025h\204\016\010S\012\035"
 581      C5B66515 
 581      68840E08 
 581      530A1D
 582 05fd 10AE640E 		.ascii	"\020\256d\016\3001\217\307\014V\026\313\212\002E(Y~"
 582      C0318FC7 
 582      0C5616CB 
 582      8A024528 
 582      597E
 583 060f 442AF7A1 		.ascii	"D*\367\241(\245 %W\013?*\034f5\005\230\241P\320 B\371"
 583      28A52025 
 583      570B3F2A 
 583      1C663505 
 583      98A150D0 
 584 0626 8AE96CBC 		.ascii	"\212\351l\274\210\233\316\216+\355P\220<6\227\301\326"
 584      889BCE8E 
 584      2BED5090 
 584      3C3697C1 
 584      D6
 585 0637 4F87AF95 		.ascii	"O\207\257\225\252\311\334i\034\216\343\271o\306\005"
 585      AAC9DC69 
 585      1C8EE3B9 
 585      6FC605
 586 0646 1B727F8F 		.ascii	"\033r\177\217\326\221\035Z\205p\307\0015\2377f\365\013"
 586      D6911D5A 
 586      8570C701 
 586      359F3766 
 586      F50B
 587 0658 86E34281 		.ascii	"\206\343B\201\035\033\216\003\334p$\350\246\251\356"
 587      1D1B8E03 
 587      DC7024E8 
 587      A6A9EE
 588 0667 0612EBB6 		.ascii	"\006\022\353\266\222\306\351\266\305\015\2578\213\226"
 588      92C6E9B6 
 588      C50DAF38 
 588      8B96
 589 0675 00F3D922 		.ascii	"\000\363\331\"\2169\261 P\311\260M\036\253F\262\203"
 589      8E39B120 
 589      50C9B04D 
 589      1EAB46B2 
 589      83
 590 0686 DD00B1DD 		.ascii	"\335\000\261\335&\361\336\340\370\023\257\306\200WO"
 590      26F1DEE0 
 590      F813AFC6 
 590      80574F
 591 0695 029C0288 		.ascii	"\002\234\002\210\006\2105z\030\344\334\314\333\025g"
 591      0688357A 
 591      18E4DCCC 
 591      DB1567
 592 06a4 205A2D83 		.ascii	" Z-\203\021w$F\210&\334\216\255\273\225vx\203\033\216"
 592      11772446 
ARM GAS  /tmp/ccSbXLHM.s 			page 47


 592      8826DC8E 
 592      ADBB9576 
 592      78831B8E 
 593 06b8 5B554DD6 		.ascii	"[UM\326\374\230\017\021K\217W\276V:\031\243\351i\343"
 593      FC980F11 
 593      4B8F57BE 
 593      563A19A3 
 593      E969E3
 594 06cb A2E1735A 		.ascii	"\242\341sZ\344\2203\\\366\240\373q}\315v<^\210\005<"
 594      E490335C 
 594      F6A0FB71 
 594      7DCD763C 
 594      5E88053C 
 595 06df 94A0D400 		.ascii	"\224\240\324\000\356Hl\340\220\012\207\253\250\212\307"
 595      EE486CE0 
 595      900A87AB 
 595      A88AC7
 596 06ee 474B8B94 		.ascii	"GK\213\2248\2165\372\312\302\212\255p\036k$$$\\V\343"
 596      388E35FA 
 596      CAC28AAD 
 596      701E6B24 
 596      24245C56 
 597 0703 ABAC1156 		.ascii	"\253\254\021V\033\336h\207o\262F\301\223\347Ud\310\275"
 597      1BDE6887 
 597      6FB246C1 
 597      93E75564 
 597      C8BD
 598 0715 6F87FE9F 		.ascii	"o\207\376\237`\270\275\317\206[hHn\264=ng\250\223\361"
 598      60B8BDCF 
 598      865B6848 
 598      6EB43D6E 
 598      67A893F1 
 599 0729 610DD66C 		.ascii	"a\015\326l\270\225\004\033v\006\376D0+\245))\015q@*"
 599      B895041B 
 599      7606FE44 
 599      302BA529 
 599      290D7140 
 600 073e 78E51C1D 		.ascii	"x\345\034\035o\312\033\245'\222\255\321>g\226\020\367"
 600      6FCA1BA5 
 600      2792ADD1 
 600      3E679610 
 600      F7
 601 074f 93704D68 		.ascii	"\223pMhs\224!=\362C\224\016\371\232\0024\347\225\226"
 601      7394213D 
 601      F243940E 
 601      F99A0234 
 601      E79596
 602 0762 2B3A0831 		.ascii	"+:\0101\240=\002!\311\034\001\221\222atk\340\223\321"
 602      A03D0221 
 602      C91C0191 
 602      9261746B 
 602      E093D1
 603 0775 1FE3274C 		.ascii	"\037\343'L\305\324\336\230\273\3342FB\235)G\215;\343"
 603      C5D4DE98 
 603      BBDC3246 
 603      429D2947 
 603      8D3BE3
ARM GAS  /tmp/ccSbXLHM.s 			page 48


 604 0788 5FDC4648 		.ascii	"_\334FH\260\236\374\344\352\250i=\231\0104\027\344\323"
 604      B09EFCE4 
 604      EAA8693D 
 604      99083417 
 604      E4D3
 605 079a D694877B 		.ascii	"\326\224\207{\004\325\377,G@\204dC\364s\204\271\267"
 605      04D5FF2C 
 605      47408464 
 605      43F47384 
 605      B9B7
 606 07ac 50B9E352 		.ascii	"P\271\343R\260\341D\260\006e\001J\022\207j2_\224|\317"
 606      B0E144B0 
 606      0665014A 
 606      12876A32 
 606      5F947CCF 
 607 07c0 72A62F38 		.ascii	"r\246/8\342\015fWz\365\311\006$H>\241"
 607      E20D6657 
 607      7AF5C906 
 607      24483EA1 
 608 07d0 C85C7991 		.ascii	"\310\\y\221@\265\222\330\024*Zb\347\211L\271\310'\334"
 608      40B592D8 
 608      142A5A62 
 608      E7894CB9 
 608      C827DC
 609 07e3 D8ED8259 		.ascii	"\330\355\202Y\2150\341\344\360P>M\270\240\262\253\323"
 609      8D30E1E4 
 609      F0503E4D 
 609      B8A0B2AB 
 609      D3
 610 07f4 8E429ECB 		.ascii	"\216B\236\313\2429\240\200\341\026\260\344\234\232\337"
 610      A239A080 
 610      E116B0E4 
 610      9C9ADF
 611 0803 5039CB0F 		.ascii	"P9\313\017\330\3576d\242R\256\307\210,(\024iV\304\244"
 611      D8EF3664 
 611      A252AEC7 
 611      882C2814 
 611      6956C4A4 
 612 0817 155169A3 		.ascii	"\025Qi\243\227\243\032\324\370\264\025K\353\266\242"
 612      97A31AD4 
 612      F8B4154B 
 612      EBB6A2
 613 0826 783B21E1 		.ascii	"x;!\341#\221\232%\274\351\374.r\027\333E\006\337;7\345"
 613      23919A25 
 613      BCE9FC2E 
 613      7217DB45 
 613      06DF3B37 
 614 083b 88CF311E 		.ascii	"\210\3171\0367\243C\"\355\360\005\326\030Z\272p\325"
 614      37A34322 
 614      EDF005D6 
 614      185ABA70 
 614      D5
 615 084c 5E7EAEB9 		.ascii	"^~\256\271,;\327Loo\375\001_b\304\317\346K;\235\360"
 615      2C3BD74C 
 615      6F6FFD01 
 615      5F62C4CF 
 615      E64B3B9D 
ARM GAS  /tmp/ccSbXLHM.s 			page 49


 616 0861 35D668CC 		.ascii	"5\326h\314z\361\020K&\233\012`rE)\234lj\036NE\331\340"
 616      7AF1104B 
 616      269B0A60 
 616      7245299C 
 616      6C6A1E4E 
 617 0878 7A469457 		.ascii	"zF\224W\262|\312FBtUB\224\177\241j\006\011\355\256\024"
 617      B27CCA46 
 617      42745542 
 617      947FA16A 
 617      0609EDAE 
 618 088d 39EC1A67 		.ascii	"9\354\032g\2672n\"<\217\314P\224cz0\013\216\321\"\242"
 618      B7326E22 
 618      3C8FCC50 
 618      94637A30 
 618      0B8ED122 
 619 08a2 4C15179C 		.ascii	"L\025\027\234j\245h\315\273/\247\371\270!\246\016\021"
 619      6AA568CD 
 619      BB2FA7F9 
 619      B821A60E 
 619      11
 620 08b3 56B4AA57 		.ascii	"V\264\252W\311\017\017\242\313r\354$\267}\224H\270*"
 620      C90F0FA2 
 620      CB72EC24 
 620      B77D9448 
 620      B82A
 621 08c5 950014B9 		.ascii	"\225\000\024\271\017'60\356`&O\2156\2278\342.\326\250"
 621      0F273630 
 621      EE60264F 
 621      8D369738 
 621      E22ED6A8 
 622 08d9 5A4DAE72 		.ascii	"ZM\256r\302\267Y\243\363\356\366\242\035\036e\215\210"
 622      C2B759A3 
 622      F3EEF6A2 
 622      1D1E658D 
 622      88
 623 08ea D3F3304E 		.ascii	"\323\3630N\356r\276\235\351\213\221nc\352AX\203\310"
 623      EE72BE9D 
 623      E98B916E 
 623      63EA4158 
 623      83C8
 624 08fc 4DCDE9BD 		.ascii	"M\315\351\275gE\023y\203\310\212F>=nv\247/\251\361S"
 624      67451379 
 624      83C88A46 
 624      3E3D6E76 
 624      A72FA9F1 
 625 0911 C6BC3236 		.ascii	"\306\27426n^\215WX\343^wY\235\265\245\215\020\272\011"
 625      6E5E8D57 
 625      58E35E77 
 625      599DB5A5 
 625      8D10BA09 
 626 0925 128D7BA1 		.ascii	"\022\215{\241\205\310\364.\225\020\265\031\\g\022\326"
 626      85C8F42E 
 626      9510B519 
 626      5C6712D6 
 627 0935 C20B1B4F 		.ascii	"\302\013\033O\214\250\262\307a\326\224\377\365\350\305"
 627      8CA8B2C7 
 627      61D694FF 
ARM GAS  /tmp/ccSbXLHM.s 			page 50


 627      F5E8C5
 628 0944 ABB63886 		.ascii	"\253\2668\2065\236\327\245\364\220\343\014k\266.\262"
 628      359ED7A5 
 628      F490E30C 
 628      6BB62EB2 
 629 0954 81AE8184 		.ascii	"\201\256\201\204\346\277g=\304\320o\241g0\262o\304\032"
 629      E6BF673D 
 629      C4D06FA1 
 629      6730B26F 
 629      C41A
 630 0966 9F65142F 		.ascii	"\237e\024/\317n\224\322t5H\322\265SI\311\210\347; ]"
 630      CF6E94D2 
 630      743548D2 
 630      B55349C9 
 630      88E73B20 
 631 097b DB59BA86 		.ascii	"\333Y\272\206\276\230.q\302i\224Z\375(\255\370<\246"
 631      BE982E71 
 631      C269945A 
 631      FD28ADF8 
 631      3CA6
 632 098d 4B05F8ED 		.ascii	"K\005\370\355f\305k\265\003'\345\305A\365\016\202\235"
 632      66C56BB5 
 632      0327E5C5 
 632      41F50E82 
 632      9D
 633 099e 3C54EF36 		.ascii	"<T\3576`3\250\334myF\037\376%[]\023\344\356W\"Cbu\265"
 633      6033A8DC 
 633      6D79461F 
 633      FE255B5D 
 633      13E4EE57 
 634 09b7 EDCEA28B 		.ascii	"\355\316\242\213\205C\032\324\372:\344\255\256]\014"
 634      85431AD4 
 634      FA3AE4AD 
 634      AE5D0C
 635 09c6 B90C58DF 		.ascii	"\271\014X\337x\035\366J\007\307\032\242\212\352^\207"
 635      781DF64A 
 635      07C71AA2 
 635      8AEA5E87 
 636 09d6 5DFFAF4C 		.ascii	"]\377\257Lk\210\012jz\035\362\313\317\0312\224\023T"
 636      6B880A6A 
 636      7A1DF2CB 
 636      CF193294 
 636      1354
 637 09e8 6B19394E 		.ascii	"k\0319Nn\010((6\211\302-(y=\000\275\000\267\001\372"
 637      6E082828 
 637      3689C22D 
 637      28793D00 
 637      BD00B701 
 638 09fd 010600FA 		.ascii	"\001\006\000\372\214\343\342t\322\354\036<\300\"[;\031"
 638      8CE3E274 
 638      D2EC1E3C 
 638      C0225B3B 
 638      19
 639 0a0e B58621F2 		.ascii	"\265\206!\362\357@. \301\214\375\016\233\261#\"\267"
 639      EF402E20 
 639      C18CFD0E 
 639      9BB12322 
ARM GAS  /tmp/ccSbXLHM.s 			page 51


 639      B7
 640 0a1f 8A311EB5 		.ascii	"\2121\036\265\346\212V\306\250\206\025-C\246\001\303"
 640      E68A56C6 
 640      A886152D 
 640      43A601C3 
 641 0a2f ACF1B3BD 		.ascii	"\254\361\263\275\350C\310\201\021%% \322\207!\007\206"
 641      E843C881 
 641      11252520 
 641      D2872107 
 641      86
 642 0a40 580E8C9D 		.ascii	"X\016\214\235{\262\244\302\367\030mVC\361-\033\374\220"
 642      7BB2A4C2 
 642      F7186D56 
 642      43F12D1B 
 642      FC90
 643 0a52 355A2B0A 		.ascii	"5Z+\012\223l\345\030\215\3132z\031\237\3703\274\304"
 643      936CE518 
 643      8DCB327A 
 643      199FF833 
 643      BCC4
 644 0a64 48C78B47 		.ascii	"H\307\213G\032U\370%kt\315\037\213\263\267\260\204\230"
 644      1A55F825 
 644      6B74CD1F 
 644      8BB3B7B0 
 644      8498
 645 0a76 925B42A0 		.ascii	"\222[B\240\341\331\201\213\366\302\3013\01517\371\360"
 645      E1D9818B 
 645      F6C2C133 
 645      0D3137F9 
 645      F0
 646 0a87 2E3F7832 		.ascii	".?x2\317\277\010R\341c6\254\372WDf\251$e\340\036\010"
 646      CFBF0852 
 646      E16336AC 
 646      FA574466 
 646      A92465E0 
 647 0a9d 98119581 		.ascii	"\230\021\225\201\307w\237/\252q<#Jo\250\352\222\326"
 647      C7779F2F 
 647      AA713C23 
 647      4A6FA8EA 
 647      92D6
 648 0aaf E5590951 		.ascii	"\345Y\011Q[\350\225g\242\315\357}Q\355x\300k\364\"\261"
 648      5BE89567 
 648      A2CDEF7D 
 648      51ED78C0 
 648      6BF422B1 
 649 0ac3 35CB019F 		.ascii	"5\313\001\237g\314\343\012z\006\255\361\005\326\310"
 649      67CCE30A 
 649      7A06ADF1 
 649      05D6C8
 650 0ad2 DF5E8AD6 		.ascii	"\337^\212\326\340<\326\010{\362\350m\211\324G \365\261"
 650      E03CD608 
 650      7BF2E86D 
 650      89D44720 
 650      F5B1
 651 0ae4 486AEEC3 		.ascii	"Hj\356\303\306 [\241\324\307\"\251\363\306\"R}~\325"
 651      C6205BA1 
 651      D4C722A9 
ARM GAS  /tmp/ccSbXLHM.s 			page 52


 651      F3C62252 
 651      7D7ED5
 652 0af7 019753DE 		.ascii	"\001\227S\336\312\352\236\271\005\245\305*\277\000B"
 652      CAEA9EB9 
 652      05A5C52A 
 652      BF0042
 653 0b06 9E7035F8 		.ascii	"\236p5\370\251\250\312\277\300\311\245\017n\005\032"
 653      A9A8CABF 
 653      C0C9A50F 
 653      6E051A
 654 0b15 B23E248C 		.ascii	"\262>$\214\321C\016Q\276\314\347=?\231\314M\241d\032"
 654      D1430E51 
 654      BECCE73D 
 654      3F99CC4D 
 654      A1641A
 655 0b28 BE76BBFD 		.ascii	"\276v\273\375\274#\333\355M\322\315\340R\373\240\015"
 655      BC23DBED 
 655      4DD2CDE0 
 655      52FBA00D 
 656 0b38 5E63C646 		.ascii	"^c\306F\014,\364k\360&k4n\224f\253q\010;LM\256yl\220"
 656      0C2CF46B 
 656      F0266B34 
 656      6E9466AB 
 656      71083B4C 
 657 0b51 4E70CF41 		.ascii	"Np\317A\362\212\310\017\307/\344\204\331\3423\214h\366"
 657      F28AC80F 
 657      C72FE484 
 657      D9E2338C 
 657      68F6
 658 0b63 E2CDC748 		.ascii	"\342\315\307HB\264*!\232\351\331l\027%\321\013\2215"
 658      42B42A21 
 658      9AE9D96C 
 658      1725D10B 
 658      9135
 659 0b75 6BBCF3F2 		.ascii	"k\274\363\362\203\356\317c|\22117\304\257\2479\340b"
 659      83EECF63 
 659      7C913137 
 659      C4AFA739 
 659      E062
 660 0b87 D6A8589D 		.ascii	"\326\250X\235\032\266\225\237\376\327\345\246\177UE"
 660      1AB6959F 
 660      FED7E5A6 
 660      7F5545
 661 0b96 EEC88A23 		.ascii	"\356\310\212#\331\002\212\367\200\213\200\361\0140\250"
 661      D9028AF7 
 661      808B80F1 
 661      0C30A8
 662 0ba5 659B9CF3 		.ascii	"e\233\234\363\015x\037\332\202\001\277-\014B_\347'I"
 662      0D781FDA 
 662      8201BF2D 
 662      0C425FE7 
 662      2749
 663 0bb7 65064398 		.ascii	"e\006C\230\206\250GO\2276-\354\355\270\223\315\344]"
 663      86A8474F 
 663      97362DEC 
 663      EDB893CD 
 663      E45D
ARM GAS  /tmp/ccSbXLHM.s 			page 53


 664 0bc9 ECA87203 		.ascii	"\354\250r\003\006\310K\2459\272\350l\205T\305\244\335"
 664      06C84BA5 
 664      39BAE86C 
 664      8554C5A4 
 664      DD
 665 0bda 0C7D8D9B 		.ascii	"\014}\215\233\307e\270s\001\336\334.Xqp\2267c\325\262"
 665      C765B873 
 665      01DEDC2E 
 665      58717096 
 665      3763D5B2 
 666 0bee 19409973 		.ascii	"\031@\231s;\020\006\335\025\352B\325x~\357\274-\022"
 666      3B1006DD 
 666      15EA42D5 
 666      787EEFBC 
 666      2D12
 667 0c00 4D281DD9 		.ascii	"M(\035\331\334\204R\003,\2020D\027\277bB\251\337/>\015"
 667      DC845203 
 667      2C823044 
 667      17BF6242 
 667      A9DF2F3E 
 668 0c15 22C8327B 		.ascii	"\"\3102{\007\206<\315!\007bg\264\254d\310\274\326\346"
 668      07863CCD 
 668      21076267 
 668      B4AC64C8 
 668      BCD6E6
 669 0c28 A5D9DC2A 		.ascii	"\245\331\334*\005\305&&\005\203I!\000\3070oR\177\317"
 669      05C52626 
 669      05834921 
 669      00C7306F 
 669      527FCF
 670 0c3b 7836C6D5 		.ascii	"x6\306\325\324$\315\354d\320\217\370ir\037\2115\223"
 670      D424CDEC 
 670      64D08FF8 
 670      69721F89 
 670      3593
 671 0c4d DDF61B36 		.ascii	"\335\366\0336-\220\002\177\035d\307`\241ko \263\310"
 671      2D90027F 
 671      1D64C760 
 671      A16B6F20 
 671      B3C8
 672 0c5f 2D7E9C68 		.ascii	"-~\234h\250\015\264F\023\020\2701\016\235\225W\263M"
 672      A80DB446 
 672      1310B831 
 672      0E9D9557 
 672      B34D
 673 0c71 35B05EE4 		.ascii	"5\260^\344X\023\207\225KX\227*\305A~\370\177\0306I\211"
 673      58138795 
 673      4B58972A 
 673      C5417EF8 
 673      7F183649 
 674 0c86 506C8E5D 		.ascii	"Pl\216]-R\204\354O\012\271=81\177\211\343.\3434\356"
 674      2D5284EC 
 674      4F0AB93D 
 674      38317F89 
 674      E32EE334 
 675 0c9b F4A0989B 		.ascii	"\364\240\230\233W\241\342\321\303<1\367Z\263\204k\373"
 675      57A1E2D1 
ARM GAS  /tmp/ccSbXLHM.s 			page 54


 675      C33C31F7 
 675      5AB3846B 
 675      FB
 676 0cac 98E90215 		.ascii	"\230\351\002\025\033MJ4\2575w\312\300\220`\216\277d"
 676      1B4D4A34 
 676      AF3577CA 
 676      C090608E 
 676      BF64
 677 0cbe C152E9C9 		.ascii	"\301R\351\311\273q\1771\314)D\217Y \202q\000Q\000'\001"
 677      BB717F31 
 677      CC29448F 
 677      59208271 
 677      00510027 
 678 0cd3 C2006201 		.ascii	"\302\000b\001N\000\204\003D\003\234\002\210\300\202"
 678      4E008403 
 678      44039C02 
 678      88C082
 679 0ce2 F1D7FB3F 		.ascii	"\361\327\373?XTFA\376\035\331\250\374\314\350\270\266"
 679      58544641 
 679      FE1DD9A8 
 679      FCCCE8B8 
 679      B6
 680 0cf3 0F986DA4 		.ascii	"\017\230m\244H\316It\2551\267\255k\230\363\034Y7\024"
 680      48CE4974 
 680      AD31B7AD 
 680      6B98F31C 
 680      593714
 681 0d06 4BF04D67 		.ascii	"K\360Mg\035\220o1a\363\321v\026\366P'\224\177\266\215"
 681      1D906F31 
 681      61F3D176 
 681      16F65027 
 681      947FB68D 
 682 0d1a E4EC31FE 		.ascii	"\344\3541\376KaI\214\027\351p\032\323\235\025\\\310"
 682      4B61498C 
 682      17E9701A 
 682      D39D155C 
 682      C8
 683 0d2b B9FAD68D 		.ascii	"\271\372\326\215&a\001\370n\273\317\355k\017\007E3\326"
 683      266101F8 
 683      6EBBCFED 
 683      6B0F0745 
 683      33D6
 684 0d3d 19918404 		.ascii	"\031\221\204\004&!\201J\340\017\376~'=\370\373\035["
 684      2621814A 
 684      E00FFE7E 
 684      273DF8FB 
 684      1D5B
 685 0d4f D764AD3D 		.ascii	"\327d\255=\271\242\301M\254\032\337~\222\020\252\224"
 685      B9A2C14D 
 685      AC1ADF7E 
 685      9210AA94 
 686 0d5f AFC64998 		.ascii	"\257\306I\230\222\020u\316\342\275(\021\323U\304\203"
 686      921075CE 
 686      E2BD2811 
 686      D355C483 
 687 0d6f 95A146D1 		.ascii	"\225\241F\321\234\235\214\205\253\210\024\246K\012\325"
 687      9C9D8C85 
ARM GAS  /tmp/ccSbXLHM.s 			page 55


 687      AB8814A6 
 687      4B0AD5
 688 0d7e A5B3A92F 		.ascii	"\245\263\251/\321\006wPI\270.k\360\262-\262\335\213"
 688      D1067750 
 688      49B82E6B 
 688      F0B22DB2 
 688      DD8B
 689 0d90 001785D2 		.ascii	"\000\027\205\322\365Op\314\016d\\\377\234\003q\251\330"
 689      F54F70CC 
 689      0E645CFF 
 689      9C0371A9 
 689      D8
 690 0da1 5681D240 		.ascii	"V\201\322@X:\010;kP\323\216\263\006Po\007\275%\263\326"
 690      583A083B 
 690      6B50D38E 
 690      B306506F 
 690      07BD25B3 
 691 0db6 A5BA4591 		.ascii	"\245\272E\221/\240_ ?\203\311\317\240\3623\306&o\330"
 691      2FA05F20 
 691      3F83C9CF 
 691      A0F233C6 
 691      266FD8
 692 0dc9 4E414D26 		.ascii	"NAM&\257h\021\272\370%H\203\377\310?l~#WD\356\011l\363"
 692      AF6811BA 
 692      F8254883 
 692      FFC83F6C 
 692      7E235744 
 693 0de1 3F447E1C 		.ascii	"?D~\034\036\273\020\004\326\307.\374?\254O\311q!R(["
 693      1EBB1004 
 693      D6C72EFC 
 693      3FAC4FC9 
 693      71215228 
 694 0df6 46C3B8D3 		.ascii	"F\303\270\323\246\2005{\216\270\347<\023F\300\2642\021"
 694      A680357B 
 694      8EB8E73C 
 694      1346C0B4 
 694      3211
 695 0e08 725D4A4E 		.ascii	"r]JN\234\220\002I461T\030\231\362?\356\236\034\353l"
 695      9C900249 
 695      34363154 
 695      1899F23F 
 695      EE9E1CEB 
 696 0e1d 46A5394E 		.ascii	"F\2459N\243\311@\310\276\236\362p\327\277Fo\304\274"
 696      A3C940C8 
 696      BE9EF270 
 696      D7BF466F 
 696      C4BC
 697 0e2f AB604B80 		.ascii	"\253`K\200\234\310eG<\307\362\242\340y\326\011\215d"
 697      9CC86547 
 697      3CC7F2A2 
 697      E079D609 
 697      8D64
 698 0e41 3D40CE64 		.ascii	"=@\316d\262\261p=\220]\031Uj\334&\206\360x\271\022\274"
 698      B2B1703D 
 698      905D1955 
 698      6ADC2686 
 698      F078B912 
ARM GAS  /tmp/ccSbXLHM.s 			page 56


 699 0e56 2B09DD11 		.ascii	"+\011\335\021\016\302\260]\020\245p\016\346\327\015"
 699      0EC2B05D 
 699      10A5700E 
 699      E6D70D
 700 0e65 117D3936 		.ascii	"\021}96*%\353B\001*\322w\253w\344\224\223D\0069\366"
 700      2A25EB42 
 700      012AD277 
 700      AB77E494 
 700      93440639 
 701 0e7a 101FAAAF 		.ascii	"\020\037\252\257\024T\346)E\2074\"\031\027y\0315\025"
 701      1454E629 
 701      45873422 
 701      19177919 
 701      3515
 702 0e8c 69B7D554 		.ascii	"i\267\325T\006t\241\\L\205\234\310\037,\260\302\341"
 702      0674A15C 
 702      4C859CC8 
 702      1F2CB0C2 
 702      E1
 703 0e9d B6ECC4AF 		.ascii	"\266\354\304\257&d\301I}\234&i\203p\221^\000IZ\210\325"
 703      2664C149 
 703      7D9C2669 
 703      8370915E 
 703      00495A88 
 704 0eb2 54A87099 		.ascii	"T\250p\231\276:\223\367\330\011\237f\3245)\225Y\262"
 704      BE3A93F7 
 704      D8099F66 
 704      D4352995 
 704      59B2
 705 0ec4 D44516A8 		.ascii	"\324E\026\250\207\362\347\236\343\267N\323\252\020l"
 705      87F2E79E 
 705      E3B74ED3 
 705      AA106C
 706 0ed3 D8A144C5 		.ascii	"\330\241D\305\200d:=.\301o)P>V1\355/\237\2748\357\364"
 706      80643A3D 
 706      2EC16F29 
 706      503E5631 
 706      ED2F9FBC 
 707 0eea 8374C3E4 		.ascii	"\203t\303\344$,/\013\254\"\032Ba\342G\377\223`\241,"
 707      242C2F0B 
 707      AC221A42 
 707      61E247FF 
 707      9360A12C 
 708 0efe 10C0F983 		.ascii	"\020\300\371\203\334+P&\236F\350<&\337\266\240R\374"
 708      DC2B5026 
 708      9E46E83C 
 708      26DFB6A0 
 708      52FC
 709 0f10 0372129B 		.ascii	"\003r\022\2331\276\214\3614\323t\362Is1\242\236 \247"
 709      31BE8CF1 
 709      34D374F2 
 709      497331A2 
 709      9E20A7
 710 0f23 DECCDBF7 		.ascii	"\336\314\333\367\363\316\316Y\323>rn~\231yg4\274\262"
 710      F3CECE59 
 710      D33E726E 
 710      7E997967 
ARM GAS  /tmp/ccSbXLHM.s 			page 57


 710      34BCB2
 711 0f36 C3817692 		.ascii	"\303\201v\222\003\3562\3269\371\274\177Az\326/\215K"
 711      03EE32D6 
 711      39F9BC7F 
 711      417AD62F 
 711      8D4B
 712 0f48 5CC8E363 		.ascii	"\\\310\343c\242]{\205(.W\370\270D\033b\207\034\251\020"
 712      A25D7B85 
 712      282E57F8 
 712      B8441B62 
 712      871CA910 
 713 0f5c E842E54C 		.ascii	"\350B\345LH\377\355\364E\265e\337T\022\337\\\345}s\247"
 713      48FFEDF4 
 713      45B565DF 
 713      5412DF5C 
 713      E57D73A7 
 714 0f70 32A342CD 		.ascii	"2\243B\315\371\346\345;0\223@\004\014J\202\204.\011"
 714      F9E6E53B 
 714      30934004 
 714      0C4A8284 
 714      2E09
 715 0f82 5C73C9DC 		.ascii	"\\s\311\3345\327\250k\226\033sF\020~\306\\\263~\362"
 715      35D7A86B 
 715      961B7346 
 715      107EC65C 
 715      B37EF2
 716 0f95 7EB38A2A 		.ascii	"~\263\212*\223aL\304\255\330\300"
 716      93614CC4 
 716      ADD8C0
 717 0fa0 4D25ED83 		.ascii	"M%\355\203\372\206\252\231\202[k\267\3161\255a\303]"
 717      FA86AA99 
 717      825B6BB7 
 717      CE31AD61 
 717      C35D
 718 0fb2 C3FAFA5A 		.ascii	"\303\372\372Z\246\372\244\257\014\245\243\242\367\\"
 718      A6FAA4AF 
 718      0CA5A3A2 
 718      F75C
 719 0fc0 74AFE8F0 		.ascii	"t\257\350\360\344\206x*\347=3r&\343\014s?t\241\353L"
 719      E486782A 
 719      E73D3372 
 719      26E30C73 
 719      3F74A1EB 
 720 0fd5 485757FA 		.ascii	"HWW\372\262\235\321]u\254sm\271\374\230F\350.R\036M"
 720      B29DD15D 
 720      75AC736D 
 720      B9FC9846 
 720      E82E521E 
 721 0fea EE6A20EE 		.ascii	"\356j \356\252\347\335\025Y\264\231l\317\271k6_c\364"
 721      AAE7DD15 
 721      59B4996C 
 721      CFB96B36 
 721      5F63F4
 722 0ffd 1760A1   		.ascii	"\027`\241"
 723 1000 2A81BFAA 		.ascii	"*\201\277\252\314\375\325H\375\025;\336\361\277p\010"
 723      CCFDD548 
 723      FD153BDE 
ARM GAS  /tmp/ccSbXLHM.s 			page 58


 723      F1BF7008 
 724 1010 9B54E4C6 		.ascii	"\233T\344\306mjly\262\255Q\301\233L\301\210\264\311"
 724      6D6A6C79 
 724      B2AD51C1 
 724      9B4CC188 
 724      B4C9
 725 1022 3A07CBF1 		.ascii	":\007\313\361l!\0126\363\012fU\325\324[s\012.T\277\223"
 725      6C210A36 
 725      F30A6655 
 725      D5D45B73 
 725      0A2E54BF 
 726 1037 116CC805 		.ascii	"\021l\310\005\272w\011\026j\022(\330d\256`+U\260\373"
 726      BA770916 
 726      6A1228D8 
 726      64AE602B 
 726      55B0FB
 727 104a 7AC2396B 		.ascii	"z\3029k|\216i\2300T\037\307\033\273\370\017F[\011\253"
 727      7C8E6998 
 727      30541FC7 
 727      1BBBF80F 
 727      465B09AB 
 728 105e 3601AB36 		.ascii	"6\001\2536sV\355\224\325\314l\303\0115\256d\254*\213"
 728      7356ED94 
 728      D5CC6CC3 
 728      0935AE64 
 728      AC2A8B
 729 1071 4E0F606A 		.ascii	"N\017`j\030\231\374\230\261q\353EA\032c\210:\231\261"
 729      1899FC98 
 729      B171EB45 
 729      411A6388 
 729      3A99B1
 730 1084 85DB2D83 		.ascii	"\205\333-\203*\313\306v\023c\273xc#2\217Ghx\005\177"
 730      2ACBC676 
 730      1363BB78 
 730      6323328F 
 730      47687805 
 731 1099 65541090 		.ascii	"eT\020\220P\207@\301\016s\005{\250\202\211Iy\323\016"
 731      508740C1 
 731      0E73057B 
 731      A8828949 
 731      79D30E
 732 10ac B89D2958 		.ascii	"\270\235)XU\027\372+c\2362\3752\027\346\352\260\261"
 732      5517FA2B 
 732      639E32FD 
 732      3217E6EA 
 732      B0B1
 733 10be AF97E9F7 		.ascii	"\257\227\351\367hnlCe\354\354c\2357\262J\026\2611l\375"
 733      686E6C43 
 733      65ECEC63 
 733      9D37B24A 
 733      16B1316C 
 734 10d3 ACB3F4D9 		.ascii	"\254\263\364\331\261\247\242aH,7Y2@,\271\315[r1\376"
 734      B1A7A261 
 734      482C3759 
 734      32402CB9 
 734      CD5B7231 
 735 10e8 4A07E62C 		.ascii	"J\007\346,\331\352\332a\014\033`\241[\002Sn\231\233"
ARM GAS  /tmp/ccSbXLHM.s 			page 59


 735      D9EADA61 
 735      0C1B60A1 
 735      5B02536E 
 735      999B
 736 10fa 32484DC9 		.ascii	"2HM\311\2750:m\217\247\230)\017\202#\267X\211\"\357"
 736      BD303A6D 
 736      8FA79829 
 736      0F8223B7 
 736      588922EF 
 737 110e 96992D97 		.ascii	"\226\231-\227\243\316\254\213\222\374\360\233\002]\206"
 737      A3CEAC8B 
 737      92FCF09B 
 737      025D86
 738 111d 892E43BC 		.ascii	"\211.C\274.'\237\337\253\264%\272\030\310K\363\037\237"
 738      2E279FDF 
 738      ABB425BA 
 738      18C84BF3 
 738      1F9F
 739 112f 2B338458 		.ascii	"+3\204X\021\024tG\240\010\334\263yr\204*\020\337\261"
 739      11147447 
 739      A008DCB3 
 739      7972842A 
 739      10DFB1
 740 1142 328EF03C 		.ascii	"2\216\360<S`~\264\205\013\354\025\2433\237\264O\365"
 740      53607EB4 
 740      850BEC15 
 740      A3339FB4 
 740      4FF5
 741 1154 D8588EEB 		.ascii	"\330X\216\3538\321`\214\327 -\274\371)\257\301\366\204"
 741      38D1608C 
 741      D7202DBC 
 741      F929AFC1 
 741      F684
 742 1166 D59DE0F0 		.ascii	"\325\235\340\360(C\006\242XhT\240\304(\257\304\004U"
 742      284306A2 
 742      586854A0 
 742      C428AFC4 
 742      0455
 743 1178 E2E9A5D6 		.ascii	"\342\351\245\326,G\\m\317\336\355\2267\014\331s<\272"
 743      2C475C6D 
 743      CFDEED96 
 743      370CD973 
 743      3CBA
 744 118a C73E4A29 		.ascii	"\307>J)y`8aGME\223\002\026\223<\213)\312\"\371b\325"
 744      79603861 
 744      474D4593 
 744      0216933C 
 744      8B29CA22 
 745 11a1 656BDCC1 		.ascii	"ek\334\301Xt\026\317EX\343>\326(I\236m#\303\025\335"
 745      587416CF 
 745      4558E33E 
 745      D628499E 
 745      6D23C315 
 746 11b6 A514A427 		.ascii	"\245\024\244'\2606\307\001\337a\217\317g\247\366\222"
 746      B036C701 
 746      DF618FCF 
 746      67A7F692 
ARM GAS  /tmp/ccSbXLHM.s 			page 60


 747 11c6 918B6648 		.ascii	"\221\213fH\204\356\261\024\220\313\372[9q\231\254\""
 747      84EEB114 
 747      90CBFA5B 
 747      397199AC 
 747      22
 748 11d7 EA34E83E 		.ascii	"\3524\350>\303\213[\250n\265\343\013\342\003\3267\020"
 748      C38B5BA8 
 748      6EB5E30B 
 748      E203D637 
 748      10
 749 11e8 1CB9E2F8 		.ascii	"\034\271\342\370\375I\3734\203\232M\301g\347.\263\304"
 749      FD49FB34 
 749      839A4DC1 
 749      67E72EB3 
 749      C4
 750 11f9 7B88BFCF 		.ascii	"{\210\277\317&\357\351\250S6x\232\311\177\226\266t\201"
 750      26EFE9A8 
 750      5336789A 
 750      C97F96B6 
 750      7481
 751 120b CC41E831 		.ascii	"\314A\3501\030\367\2108\222\224\347\321\263\325V\370"
 751      18F78838 
 751      9294E7D1 
 751      B3D556F8 
 752 121b 21C3C84F 		.ascii	"!\303\310O\310\352\241\006,\020\015\347\231\224\211"
 752      C8EAA106 
 752      2C100DE7 
 752      999489
 753 122a E9F07E51 		.ascii	"\351\360~QX@\001.*\350\011\240\240\247$0s|`\352\323"
 753      5840012E 
 753      2AE809A0 
 753      A0A72430 
 753      737C60EA 
 754 123f B7571D88 		.ascii	"\267W\035\210S\323a&\335\372\341\215K\340\324p\303\207"
 754      53D36126 
 754      DDFAE18D 
 754      4BE0D470 
 754      C387
 755 1251 86014C10 		.ascii	"\206\001L\020\3214\357X4Kh\247y\337>\243\276\015\035"
 755      D134EF58 
 755      344B68A7 
 755      79DF3EA3 
 755      BE0D1D
 756 1264 2F4B51E3 		.ascii	"/KQ\343\036\015\325\246>(\263\322\316\030\236O\204\341"
 756      1E0DD5A6 
 756      3E28B3D2 
 756      CE189E4F 
 756      84E1
 757 1276 59148467 		.ascii	"Y\024\204g\221g\261DY\324\\O\233R\343a\215\305<OM\010"
 757      9167B144 
 757      59D45C4F 
 757      9B52E361 
 757      8DC53C4F 
 758 128c 2EB3B15C 		.ascii	".\263\261\\\314W\2105\317yk\256\307M\267Ys:\264\375"
 758      CC578835 
 758      CF796BAE 
 758      C74DB759 
ARM GAS  /tmp/ccSbXLHM.s 			page 61


 758      733AB4FD 
 759 12a0 6592A15E 		.ascii	"e\222\241^I\020\320\262@\3762/\177\225\312o\034kJ\264"
 759      4910D0B2 
 759      40FE322F 
 759      7F95CA6F 
 759      1C6B4AB4 
 760 12b4 C3F735DF 		.ascii	"\303\3675\337q)\260\306\234\334\035_0hoq\360\255\023"
 760      7129B0C6 
 760      9CDC1D5F 
 760      30686F71 
 760      F0AD13
 761 12c7 9D5EF23A 		.ascii	"\235^\362:\015M\225\334Qs:-\245\332\314u\037\257\375"
 761      0D4D95DC 
 761      51733A2D 
 761      A5DACC75 
 761      1FAFFD
 762 12da 778A835E 		.ascii	"w\212\203^\010\324z\301\253\265A\325\252^I\314u\302"
 762      08D47AC1 
 762      ABB541D5 
 762      AA5E49CC 
 762      75C2
 763 12ec C5F46BC0 		.ascii	"\305\364k\300\327\276\377\337\3426m\333\260!3\250\004"
 763      D7BEFFDF 
 763      E2366DDB 
 763      B02133A8 
 763      04
 764 12fd 9BCEED22 		.ascii	"\233\316\355\"\233\361\373\342\367\377[X\366\\\206\341"
 764      9BF1FBE2 
 764      F7FF5B58 
 764      F65C86E1 
 765 130d F720C1BB 		.ascii	"\367 \301\273\177\031L\376\353\225\343[\367fTx\225}"
 765      7F194CFE 
 765      EB95E35B 
 765      F7665478 
 765      957D
 766 131f AB18BB9D 		.ascii	"\253\030\273\235\325o\213\267Y\343QT\365i\007\034\354"
 766      D56F8BB7 
 766      59E35154 
 766      F569071C 
 766      EC
 767 1330 C8DE71AF 		.ascii	"\310\336q\2577n\331JV\000\301*\214BT\302\025\300\205"
 767      376ED94A 
 767      5600C12A 
 767      8C4254C2 
 767      15C085
 768 1343 91C9213B 		.ascii	"\221\311!;\311\332V\212\367\340\302D\252\350%\3111\225"
 768      C9DA568A 
 768      F7E0C244 
 768      AAE825C9 
 768      3195
 769 1355 50C5E32A 		.ascii	"P\305\343*n\245p\353\324\360\204-;B\374\010\232=\231"
 769      6EA570EB 
 769      D4F0842D 
 769      3B42FC08 
 769      9A3D99
 770 1368 F1A136DC 		.ascii	"\361\2416\334\347\232\344\203\221\363\201\267\333\035"
 770      E79AE483 
ARM GAS  /tmp/ccSbXLHM.s 			page 62


 770      91F381B7 
 770      DB1D
 771 1376 7002D5D1 		.ascii	"p\002\325\321\356f\371\225H\015\342\316[\330\221\013"
 771      EE66F995 
 771      480DE2CE 
 771      5BD8910B 
 772 1386 3862A1E6 		.ascii	"8b\241\346m\266\245\006\236(\010\024\211R\275\302m+"
 772      6DB6A506 
 772      9E280814 
 772      8952BDC2 
 772      6D2B
 773 1398 35D6A6AF 		.ascii	"5\326\246\257\356\310\321\232\014\266\340\\D-\370\\"
 773      EEC8D19A 
 773      0CB6E05C 
 773      442DF85C 
 774 13a8 80609A7F 		.ascii	"\200`\232\177.`v\014\001K\347\023\252\275(T\265\227"
 774      2E60760C 
 774      014BE713 
 774      AABD2854 
 774      B597
 775 13ba 7DD519C5 		.ascii	"}\325\031\305|\202\302U\260\375\0068\011\020\011\020"
 775      7C82C255 
 775      B0FD0638 
 775      09100910 
 776 13ca 07700A20 		.ascii	"\007p\012 \006 \026 Z\230\0114\262m\334\227\023b\365"
 776      06201620 
 776      5A980934 
 776      B26DDC97 
 776      1362F5
 777 13dd CC8FF228 		.ascii	"\314\217\362(*\251na\022\273\267\315\217x\210)$O\310"
 777      2AA96E61 
 777      12BBB7CD 
 777      8F788829 
 777      244FC8
 778 13f0 17160455 		.ascii	"\027\026\004U\356\013\013\001W(E\233X\236\251\031&\231"
 778      EE0B0B01 
 778      5728459B 
 778      589EA919 
 778      2699
 779 1402 660225F2 		.ascii	"f\002%\362o\230\313\277\203\204\257\277\305\032\230"
 779      6F98CBBF 
 779      8384AFBF 
 779      C51A98
 780 1411 4EAFC8E2 		.ascii	"N\257\310\342q\360\342\013\225\263\274S[\376t\247\002"
 780      71F0E20B 
 780      95B3BC53 
 780      5BFE74A7 
 780      02
 781 1422 C7B184A7 		.ascii	"\307\261\204\247\211\242W\302\361\"UO\253\330\211\207"
 781      89A257C2 
 781      F122554F 
 781      ABD88987 
 782 1432 8AECC19F 		.ascii	"\212\354\301\237\237k\031Q\012\337\210\313\342\236\241"
 782      9F6B1951 
 782      0ADF88CB 
 782      E29EA1
 783 1441 B89DF5A9 		.ascii	"\270\235\365\251i\306o\016B^\373\315\001JP9\003\325"
ARM GAS  /tmp/ccSbXLHM.s 			page 63


 783      69C66F0E 
 783      425EFBCD 
 783      014A5039 
 783      03D5
 784 1453 A5848D1F 		.ascii	"\245\204\215\037\360/BB^\373-\005JT\331\221\322\332"
 784      F02F4242 
 784      5EFB2D05 
 784      4A54D991 
 784      D2DA
 785 1465 70C620DA 		.ascii	"p\306 \332\223\220ZmR\353,S\353,U+):\262O\303\357\347"
 785      93905A6D 
 785      52EB2C53 
 785      EB2C552B 
 785      293AB24F 
 786 147c 425EB79F 		.ascii	"B^\267\237CI*\362\241ths\366*\026\012\020\177\263\223"
 786      43492AF2 
 786      A1746873 
 786      F62A160A 
 786      107FB393 
 787 1490 CC042453 		.ascii	"\314\004$S\001\374g\322\273\270\317\244\333\223{\002"
 787      01FC67D2 
 787      BBB8CFA4 
 787      DB937B02 
 788 14a0 B9F7002D 		.ascii	"\271\367\000-t\245?\037=\347\200SXeytq\270\337\021g"
 788      74A53F1F 
 788      3DE78053 
 788      58657974 
 788      71B8DF11 
 789 14b5 B34651C1 		.ascii	"\263FQ\301z\211q\256eE\273\267\241\245\320\311b}\316"
 789      7A8971AE 
 789      6545BBB7 
 789      A1A5D0C9 
 789      627DCE
 790 14c8 50417D4E 		.ascii	"PA}NW\3613`\177\321\212\3504\037\036\013\224<\017\025"
 790      57F13360 
 790      7FD18AE8 
 790      341F1E0B 
 790      943C0F15 
 791 14dc 809620B2 		.ascii	"\200\226 \262\017k\035\200\031\260\210\211-\033o\215"
 791      0F6B1D80 
 791      19B08889 
 791      2D1B6F8D 
 792 14ec B0B54487 		.ascii	"\260\265D\2072!y\205\244\223\231+W\021n\264\250qm\331"
 792      32217985 
 792      A493992B 
 792      57116EB4 
 792      A8716DD9 
 793 1500 B5CB1ADC 		.ascii	"\265\313\032\334\306\236GMf\025H\013g\016\260\314\025"
 793      C69E474D 
 793      6615480B 
 793      670EB0CC 
 793      15
 794 1511 15C4DAF5 		.ascii	"\025\304\332\365\253#\032<\302\210.\237\250\236\224"
 794      AB231A3C 
 794      C2882E9F 
 794      A89E94
 795 1520 9E56E449 		.ascii	"\236V\344I\210\272\007\253\373Ez_\024%c>_E\307*\332"
ARM GAS  /tmp/ccSbXLHM.s 			page 64


 795      88BA07AB 
 795      FB457A5F 
 795      1425633E 
 795      5F45C72A 
 796 1535 73D87E0B 		.ascii	"s\330~\013\272\320\005\025U3e\240\270Mm\321\261\205"
 796      BAD00515 
 796      553365A0 
 796      B84D6DD1 
 796      B185
 797 1547 C4B105BC 		.ascii	"\304\261\005\274c\33366RE\351U(rl\221\300;\271W\342"
 797      63DB3636 
 797      5245E955 
 797      28726C91 
 797      C03BB957 
 798 155c F3EDF123 		.ascii	"\363\355\361#f\310jW\373\003\213t\250\030\014\022\222"
 798      66C86A57 
 798      FB038B74 
 798      A8180C12 
 798      92
 799 156d 8E1DBBD6 		.ascii	"\216\035\273\326\250\306\313\214\264m\272\342\000\336"
 799      A8C6CB8C 
 799      B46DBAE2 
 799      00DE
 800 157b 64F7B397 		.ascii	"d\367\263\227\202\363\324\026^\016^R\311\275\034,\033"
 800      82F3D416 
 800      5E0E5E52 
 800      C9BD1C2C 
 800      1B
 801 158c C9ADB2C7 		.ascii	"\311\255\262\3071N\354\035eF\361\002\344\033k\014\366"
 801      314EEC1D 
 801      6546F102 
 801      E41B6B0C 
 801      F6
 802 159d ACB66B2C 		.ascii	"\254\266k,|\010T\256\222\373\214\250\255g\361)\3777"
 802      7C0854AE 
 802      92FB8CA8 
 802      AD67F129 
 802      FF37
 803 15af 0288EEAB 		.ascii	"\002\210\356\253\237\255\333\342\002\306\2560}\351\034"
 803      9FADDBE2 
 803      02C6AE30 
 803      7DE91C
 804 15be C6C5AC31 		.ascii	"\306\305\2541UP\037f\215/\263\306\343\341\210+\010_"
 804      55501F66 
 804      8D2FB3C6 
 804      E3E1882B 
 804      085F
 805 15d0 658DE3F7 		.ascii	"e\215\343\367\012\241\\^g\215\233\275\255\213\322\227"
 805      0AA15C5E 
 805      678D9BBD 
 805      AD8BD297 
 806 15e0 53D520BC 		.ascii	"S\325 \274F\024\336\260\353E\236\270\203\321\\~x\245"
 806      4614DEB0 
 806      EB459EB8 
 806      83D15C7E 
 806      78A5
 807 15f2 D95A4273 		.ascii	"\331ZBs]B3Y\276\221$\372\314\343\206(%j\371\224x\320"
ARM GAS  /tmp/ccSbXLHM.s 			page 65


 807      5D423359 
 807      BE9124FA 
 807      CCE38628 
 807      256AF994 
 808 1608 B232A3C6 		.ascii	"\2622\243\306\243\214\371JkB\276\003\236f\215\310\210"
 808      A38CF94A 
 808      6B42BE03 
 808      9E668DC8 
 808      88
 809 1619 A92C1BF9 		.ascii	"\251,\033\371#\324z\225\334\013\255\226\324\251\237"
 809      23D47A95 
 809      DC0BAD96 
 809      D4A99F
 810 1628 0B3EE51D 		.ascii	"\013>\345\035\354\374(\205\373\372\031\244\321I\364"
 810      ECFC2885 
 810      FBFA19A4 
 810      D149F4
 811 1637 A6E54994 		.ascii	"\246\345I\224\274\264O\341\336O5\250\354P\235\312\034"
 811      BCB44FE1 
 811      DE4F35A8 
 811      EC509DCA 
 811      1C
 812 1648 DD34A9C9 		.ascii	"\3354\251\311\277h\252\346(\210V\315P\327\033\001\232"
 812      BF68AAE6 
 812      288856CD 
 812      50D71B01 
 812      9A
 813 1659 8413E642 		.ascii	"\204\023\346B\012\367B\213\2503!\257\0167\267<\217\252"
 813      0AF7428B 
 813      A83321AF 
 813      0E37B73C 
 813      8FAA
 814 166b 19D35878 		.ascii	"\031\323Xx\241u\335\262\034\262P\251N\231w\300O\251"
 814      A175DDB2 
 814      1CB250A9 
 814      4E9977C0 
 814      4FA9
 815 167d 0BADB2E7 		.ascii	"\013\255\262\347_\256\321O\307\370\367>\253\0358-\263"
 815      5FAED14F 
 815      C7F8F73E 
 815      AB1D382D 
 815      B3
 816 168e D740DF68 		.ascii	"\327@\337h\265\020\351\300\253]%\373\012E$\374\012L"
 816      B510E9C0 
 816      AB5D25FB 
 816      0A4524FC 
 816      0A4C
 817 16a0 6C64A6A4 		.ascii	"ld\246\244\005\243\235\023\336\006\202;\001:\000\272"
 817      05A39D13 
 817      DE06823B 
 817      013A00BA 
 818 16b0 84866E25 		.ascii	"\204\206n%\231>\225\250\344\010,\277v\031O\342\336\243"
 818      993E95A8 
 818      E4082CBF 
 818      76194FE2 
 818      DEA3
 819 16c2 94805BAE 		.ascii	"\224\200[\256I\320%\357&\206\367\262\225\021\211R\253"
ARM GAS  /tmp/ccSbXLHM.s 			page 66


 819      49D025EF 
 819      2686F7B2 
 819      95118952 
 819      AB
 820 16d3 05EEFCAA 		.ascii	"\005\356\374\252\262\344\344\331[f/\006\215\246\344"
 820      B2E4E4D9 
 820      5B662F06 
 820      8DA6E4
 821 16e2 BDDA14A0 		.ascii	"\275\332\024\240\316\336L^r\300\253,\0353\272kz0\016"
 821      CEDE4C5E 
 821      72C0AB2C 
 821      1D33BA6B 
 821      7A300E
 822 16f5 DC411AD6 		.ascii	"\334A\032\326\235e\203\021J\304\326w\242\025\200\361"
 822      9D658311 
 822      4AC4D677 
 822      A21580F1 
 823 1705 CD470F70 		.ascii	"\315G\017p\357\345\270\017\002\327>\200~\200\333\000"
 823      EFE5B80F 
 823      02D73E80 
 823      7E80DB00 
 824 1715 03466791 		.ascii	"\003Fg\221}M\230m\321\3356\366\315a\005\020\224q\204"
 824      7D4D986D 
 824      D1DD36F6 
 824      CD610510 
 824      947184
 825 1728 A65587F9 		.ascii	"\246U\207\371g\253\263\311\357p\037\351]\006\027\224"
 825      67ABB3C9 
 825      EF701FE9 
 825      5D061794 
 826 1738 4AF0CDDF 		.ascii	"J\360\315\337\261u\245\354\3110:8\215C\227{\231\303"
 826      B175A5EC 
 826      C9303A38 
 826      8D43977B 
 826      99C3
 827 174a 2D3D5376 		.ascii	"-=Sve\360\321\273e\001[\260^\352Jz\223}\256\332\015"
 827      65F0D1BB 
 827      65015BB0 
 827      5EEA4A7A 
 827      937DAEDA 
 828 175f 7857397C 		.ascii	"xW9|\336\311\342\254.\253\331*w\302\331\324\205ht\273"
 828      DEC9E2AC 
 828      2EABD92A 
 828      77C2D9D4 
 828      856874BB 
 829 1773 ACC2CA59 		.ascii	"\254\302\312Y\336yw^\357<\340\020>\224{\326\036\227"
 829      DE79775E 
 829      EF3CE010 
 829      3E947BD6 
 829      1E97
 830 1785 5276AA84 		.ascii	"Rv\252\204\205\310:d\3666[\260\"S\240\021\216\337\030"
 830      85C83A64 
 830      F6365BB0 
 830      2253A011 
 830      8EDF18
 831 1798 F0180518 		.ascii	"\360\030\005\030\027f\354`\264mw\336I\366\2467\213\363"
 831      1766EC60 
ARM GAS  /tmp/ccSbXLHM.s 			page 67


 831      B46D77DE 
 831      49F6A637 
 831      8BF3
 832 17aa D288E525 		.ascii	"\322\210\345%\245\201|\263\363=\020D\2020\004x\331\034"
 832      A5817CB3 
 832      F33D1044 
 832      82300478 
 832      D91C
 833 17bc 3E6F81F4 		.ascii	">o\201\364\257z:MN\035\266\300\234O\332\265\240\365"
 833      AF7A3A4D 
 833      4E1DB6C0 
 833      9C4FDAB5 
 833      A0F5
 834 17ce 0A2B     		.ascii	"\012+"
 835 17d0 BCC4DC14 		.ascii	"\274\304\334\024\335\236\334\242\261\260\312\234\340"
 835      DD9EDCA2 
 835      B1B0CA9C 
 835      E0
 836 17dd 18C99895 		.ascii	"\030\311\230\225`\372\223\262]\334\237\224u\017\205"
 836      60FA93B2 
 836      5DDC9F94 
 836      750F85
 837 17ec D65AE1C0 		.ascii	"\326Z\341\300\235\354=Dj~\240\023\216d\215\033\217\332"
 837      9DEC3D44 
 837      6A7EA013 
 837      8E648D1B 
 837      8FDA
 838 17fe 72B07CA5 		.ascii	"r\260|\245\275+WiQ\373\203\315\027\0168\221Q\247\026"
 838      BD2B5769 
 838      51FB83CD 
 838      170E3891 
 838      51A716
 839 1811 66AD59E3 		.ascii	"f\255Y\343L\326\350\034>\025\355\204\013w~\247M\346"
 839      4CD6E81C 
 839      3E15ED84 
 839      0B777EA7 
 839      4DE6
 840 1823 034EF739 		.ascii	"\003N\3679\320\373\241\331&smN\274\311|\360\252\335"
 840      D0FBA1D9 
 840      26736D4E 
 840      BCC97CF0 
 840      AADD
 841 1835 92689329 		.ascii	"\222h\223)\203\311{\266<5\343&\367\267\0151d\006\275"
 841      83C97BB6 
 841      3C35E326 
 841      F7B70D31 
 841      6406BD
 842 1848 9BD390CA 		.ascii	"\233\323\220\312\377\035\235-\264\357\314\035?\257\302"
 842      FF1D9D2D 
 842      B4EFCC1D 
 842      3FAFC2
 843 1857 D5CC94F0 		.ascii	"\325\314\224\360\250\262\004'\334\304\032\2617\2272"
 843      A8B20427 
 843      DCC41AB1 
 843      379732
 844 1866 35B88F35 		.ascii	"5\270\2175\236\266\227?\327\340a\316\374\260\340Udq"
 844      9EB6973F 
ARM GAS  /tmp/ccSbXLHM.s 			page 68


 844      D7E061CE 
 844      FCB0E055 
 844      6471
 845 1878 CDF654BC 		.ascii	"\315\366T\274fS\025f%\016\251-\177t\001w\234O\226\301"
 845      66531566 
 845      250EA92D 
 845      7F740177 
 845      9C4F96C1 
 846 188c 274B00CF 		.ascii	"'K\000\317\205~\031\030{\323\230EO\200\363\342+\347"
 846      857E1918 
 846      7BD39845 
 846      4F80F3E2 
 846      2BE7
 847 189e B385D1EF 		.ascii	"\263\205\321\357\261\371\346\031\227\3212\350\202a?"
 847      B1F9E619 
 847      97D132E8 
 847      82613F
 848 18ad BE3B28D8 		.ascii	"\276;(\330\220\370{z\346\266\300a\363\257\223\205\337"
 848      90F87B7A 
 848      E6B6C061 
 848      F3AF9385 
 848      DF
 849 18be FDEE48E8 		.ascii	"\375\356H\350/\314\265E\374\356\226\377qy\336m\266\313"
 849      2FCCB545 
 849      FCEE96FF 
 849      7179DE6D 
 849      B6CB
 850 18d0 5D959729 		.ascii	"]\225\227)J\350\307\220\320\217HB\223?\334[\345\034"
 850      4AE8C790 
 850      D08F4842 
 850      933FDC5B 
 850      E51C
 851 18e2 B002C6BF 		.ascii	"\260\002\306\277\000\330\000X\003\010\261\332\207\216"
 851      00D80058 
 851      0308B1DA 
 851      878E
 852 18f0 01040204 		.ascii	"\001\004\002\004\003lC\337K\200 \270_\207\353&\200\001"
 852      036C43DF 
 852      4B8020B8 
 852      5F87EB26 
 852      8001
 853 1902 EEB7840E 		.ascii	"\356\267\204\016\353\3526\333F\313\250ca\033\275ji\033"
 853      EBEA36DB 
 853      46CBA863 
 853      611BBD6A 
 853      691B
 854 1914 CD197AE7 		.ascii	"\315\031z\347{,\024\367\240\006\337\227\030\312j\216"
 854      7B2C14F7 
 854      A006DF97 
 854      18CA6A8E 
 855 1924 E03B87DF 		.ascii	"\340;\207\337q\177Y\005\3303\022\354)3l\221\332\023"
 855      717F5905 
 855      D83312EC 
 855      29336C91 
 855      DA13
 856 1936 12B5CDB7 		.ascii	"\022\265\315\267\327\003\303\002]\246-p\027\230\271"
 856      D703C302 
ARM GAS  /tmp/ccSbXLHM.s 			page 69


 856      5DA62D70 
 856      1798B9
 857 1945 35CE7D45 		.ascii	"5\316}EAB<\317\341\233R0\305\2226\374\016~\325R\361"
 857      41423CCF 
 857      E19B5230 
 857      C59236FC 
 857      0E7ED552 
 858 195a E2668411 		.ascii	"\342f\204\021\362\007\014\2444N\002b*G`\252\304\347"
 858      F2070CA4 
 858      344E0262 
 858      2A4760AA 
 858      C4E7
 859 196c 84FC0D94 		.ascii	"\204\374\015\224?S\207\214\\\262\355_}\345\266\377\346"
 859      3F53878C 
 859      5CB2ED5F 
 859      7DE5B6FF 
 859      E6
 860 197d 90C0DA59 		.ascii	"\220\300\332Y\013\236\027~\313\300\253\317\035\025\310"
 860      0B9E177E 
 860      CBC0ABCF 
 860      1D15C8
 861 198c 696FE1A8 		.ascii	"io\341\250@\214\372\232\243\002\261\326\242\243\202"
 861      408CFA9A 
 861      A302B1D6 
 861      A2A382
 862 199b A0A6E34B 		.ascii	"\240\246\343K\266\316\3629\337\375\377/\347ARzKM\222"
 862      B6CEF239 
 862      DFFDFF2F 
 862      E741527A 
 862      4B4D92
 863 19ae E873F4E3 		.ascii	"\350s\364\343V\"\347X\321\3551\\\000w\356A\312\247B"
 863      5622E758 
 863      D1ED315C 
 863      0077EE41 
 863      CAA742
 864 19c1 D471D156 		.ascii	"\324q\321V\375\004C=AQ7;\032*E\033\332\247\"\3340\206"
 864      FD04433D 
 864      4151373B 
 864      1A2A451B 
 864      DAA722DC 
 865 19d7 1B4671E5 		.ascii	"\033Fq\345\316\263W\262\327\313\215_7\004\002\375\037"
 865      CEB357B2 
 865      D7CB8D5F 
 865      370402FD 
 865      1F
 866 19e8 DE1490EB 		.ascii	"\336\024\220\353\270\275\300\223\310\033[\354\\4\302"
 866      B8BDC093 
 866      C81B5BEC 
 866      5C34C2
 867 19f7 4A83C2AD 		.ascii	"J\203\302\255\344I\017\013I\017\231vm\227\206+\033\330"
 867      E4490F0B 
 867      490F9976 
 867      6D97862B 
 867      1BD8
 868 1a09 0BC328A0 		.ascii	"\013\303(\240\216d\324\341Q\305\321\352W\035]G[\301"
 868      8E64D4E1 
 868      51C5D1EA 
ARM GAS  /tmp/ccSbXLHM.s 			page 70


 868      571D5D47 
 868      5BC1
 869 1a1b FEF2A415 		.ascii	"\376\362\244\025\331_\222{r\246\336\227Q/ra\211\310"
 869      D95F927B 
 869      72A6DE97 
 869      512F7261 
 869      89C8
 870 1a2d D618666B 		.ascii	"\326\030fk\014\265\265?\267/L\264\361]\021\341\3062"
 870      0CB5B53F 
 870      B72F4CB4 
 870      F15D11E1 
 870      C632
 871 1a3f DC588ADB 		.ascii	"\334X\212\333\235\033\231':j\\\027\341\3061\\r\261\372"
 871      9D1B9927 
 871      3A6A5C17 
 871      E1C6315C 
 871      72B1FA
 872 1a52 63803640 		.ascii	"c\2006@\253:\340\346\376\365\317]\016\373xi]|uz\227"
 872      AB3AE0E6 
 872      FEF5CF5D 
 872      0EFB7869 
 872      5D7C757A 
 873 1a67 4FBFFC85 		.ascii	"O\277\374\205\353\027\237~\366\013\227O?\327}\341\263"
 873      EB179F7E 
 873      F60B974F 
 873      3FD77DE1 
 873      B3
 874 1a78 FF535F5F 		.ascii	"\377S__\177\027/\235\207\207\247\366\0337?\255K\300"
 874      7F172F9D 
 874      8787A7F6 
 874      1B373FAD 
 874      4BC0
 875 1a8a 175FB9F8 		.ascii	"\027_\271\370\373\271\273\004\370\351]\375\265~Gt\356"
 875      FBB9BB04 
 875      F8E95DFD 
 875      B57E4774 
 875      EE
 876 1a9b DA0FDCD5 		.ascii	"\332\017\334\325\377\374o\277}\367\263\217?V8\221\356"
 876      FFFC6FBF 
 876      7DF7B38F 
 876      3F563891 
 876      EE
 877 1aac 036EF040 		.ascii	"\003n\360@\013\314\375\365;\315\332\256z\365A\177?\375"
 877      0BCCFDF5 
 877      3BCDDAAE 
 877      7AF5417F 
 877      3FFD
 878 1abe 3F82489B 		.ascii	"?\202H\233\303\354\352HP\340\236\303\330!n\272\352\255"
 878      C3ECEA48 
 878      50E09EC3 
 878      D8216EBA 
 878      EAAD
 879 1ad0 0EFAF978 		.ascii	"\016\372\371x\353\377\341ORP\347-V\360\260B\345\351"
 879      EBFFE14F 
 879      5250E72D 
 879      56F0B042 
 879      E5E9
ARM GAS  /tmp/ccSbXLHM.s 			page 71


 880 1ae2 E3FEB595 		.ascii	"\343\376\265\225\3177\336Z?[\367\303\256\372\303~Z7"
 880      CF37DE5A 
 880      3F5BF7C3 
 880      AEFAC37E 
 880      5A37
 881 1af4 0F35BBB8 		.ascii	"\0175\273\270\352U\336\332o\365j\350\247\036\261\343"
 881      EA55DEDA 
 881      6FF56AE8 
 881      A71EB1E3 
 882 1b04 6FE081AF 		.ascii	"o\340\201\257\237\366\310\376\017>p\201\377\277\326"
 882      9FF6C8FE 
 882      0F3E7081 
 882      FFBFD6
 883 1b13 FA796B3D 		.ascii	"\372yk=]>;\254;\240\373\315\227.>\376.~z\"\3113\300"
 883      5D3E3BAC 
 883      3BA0FBCD 
 883      972E3EFE 
 883      2E7E7A22 
 884 1b2a 43EBE27E 		.ascii	"C\353\342~\330S\347\257\367\007I\204\215W\200^\373\255"
 884      D853E7AF 
 884      F7074984 
 884      8D57805E 
 884      FBAD
 885 1b3c 0DFDD755 		.ascii	"\015\375\327U\377\243\357D\356\245\377\026\210\035\210"
 885      FFA3EF44 
 885      EEA5FF16 
 885      881D88
 886 1b4b D63EFE9F 		.ascii	"\326>\376\2373J\245\316\303I`\206\0164\265\027\2645"
 886      334AA5CE 
 886      C3496086 
 886      0E34B517 
 886      B435
 887 1b5d DE3E7ADD 		.ascii	"\336>z\335A\235\273\233^\347\343\255\362r\363\377z'"
 887      419DBB9B 
 887      5EE7E3AD 
 887      F272F3FF 
 887      7A27
 888 1b6f 23FFC511 		.ascii	"#\377\305\021\255\267\376sh\273\352\255\231\211\216"
 888      ADB7FE73 
 888      68BBEAAD 
 888      99898E
 889 1b7e ECC1579C 		.ascii	"\354\301W\234\275\016\002.\256z\033\316\327o\012{=t"
 889      BD0E022E 
 889      AE7A1BCE 
 889      D76F0A7B 
 889      3D74
 890 1b90 FEBE6E7A 		.ascii	"\376\276nz\367\303Z\017G\377\200\003^:\177\177\020\362"
 890      F7C35A0F 
 890      47FF8003 
 890      5E3A7F7F 
 890      10F2
 891 1ba2 95CE4BEB 		.ascii	"\225\316K\353\340\346\343\357\252\207\033\177\275\233"
 891      E0E6E3EF 
 891      AA871B7F 
 891      BD9B
 892 1bb0 97AF8ADC 		.ascii	"\227\257\212\334\251\003t\336\372\277\373[W\375\333"
 892      A90374DE 
ARM GAS  /tmp/ccSbXLHM.s 			page 72


 892      FABFFB5B 
 892      57FDDB
 893 1bbf CC54771F 		.ascii	"\314Tw\037\210\003\211\001\217\012\226i8\015\240\345"
 893      88038901 
 893      8F0A9669 
 893      380DA0E5 
 894 1bcf AADF232F 		.ascii	"\252\337#/\011T\0017\020G\252\265\276Zo\017\235\367"
 894      09540137 
 894      1047AAB5 
 894      BE5A6F0F 
 894      9DF7
 895 1be1 217B2DB1 		.ascii	"!{-\261\305\213\332b\363\215\233N\017}6\340a\202d\313"
 895      C58BDA62 
 895      F38D9B4E 
 895      0F7D36E0 
 895      618264CB 
 896 1bf5 5D5DF528 		.ascii	"]]\365(\300Z\373\015A\262\376F\017\034|\341\342\257"
 896      C05AFB0D 
 896      41B2FE46 
 896      0F1C7CE1 
 896      E2AF
 897 1c07 F5F2D500 		.ascii	"\365\362\325\000\002\\\335|\017\203BV\337\350\365~\276"
 897      025CDD7C 
 897      0F834256 
 897      DFE8F57E 
 897      BE
 898 1c18 BBB890FB 		.ascii	"\273\270\220\373i\017BNz\023\363\001\331\347\300\037"
 898      690F424E 
 898      7A13F301 
 898      D9E7C01F 
 899 1c28 7CD5DA6F 		.ascii	"|\325\332ouzw\037\017\255\225\227\377!\350\365\3638"
 899      757A771F 
 899      0FAD9597 
 899      FF21E8F5 
 899      F338
 900 1c3a 0A372EDF 		.ascii	"\0127.\337)x@\257u\247\321\267:\350\351v\310\337F\357"
 900      297840AF 
 900      75A7D1B7 
 900      3AE8E976 
 900      C8DF46EF 
 901 1c4e 058C2077 		.ascii	"\005\214 w\301Gz\255ZO/D\222\033\031\013v\376\372\257"
 901      C1477AAD 
 901      5A4F2F44 
 901      921B190B 
 901      76FEFAAF 
 902 1c62 DD3C7587 		.ascii	"\335<u\207\274]\365\216\240!\370H\347\015\030\240\214"
 902      BC5DF58E 
 902      A021F848 
 902      E70D18A0 
 902      8C
 903 1c73 83E0DE55 		.ascii	"\203\340\336U\217\335\365\337*\375}\355}}\300[\340a"
 903      8FDDF5DF 
 903      2AFD7DED 
 903      7D7DC05B 
 903      E061
 904 1c85 686AE8BD 		.ascii	"hj\350\275;\014\010H\330\277\263\244\233\273\217\227"
 904      3B0C0848 
ARM GAS  /tmp/ccSbXLHM.s 			page 73


 904      D8BFB3A4 
 904      9BBB8F97 
 905 1c95 978FB70B 		.ascii	"\227\217\267\013\301\365w\371\364\213\317\217\374\375"
 905      C1F577F9 
 905      F48BCF8F 
 905      FCFD
 906 1ca3 FECF414B 		.ascii	"\376\317AK\022\026P\021\037\366\360\263\366\245\011"
 906      12165011 
 906      1FF6F0B3 
 906      F6A509
 907 1cb2 BE13C4FB 		.ascii	"\276\023\304\373\372\351|\374t\372\243,\345\235%=t\020"
 907      FAE97CFC 
 907      74FAA32C 
 907      E59D253D 
 907      7410
 908 1cc4 E87C6CF4 		.ascii	"\350|l\364\344_h\320\360\200\017=I\333\332_\367_\304"
 908      E45F68D0 
 908      F0800F3D 
 908      49DBDA5F 
 908      F75FC4
 909 1cd7 4ED77FF4 		.ascii	"N\327\177\364\361\361T\376\255B\355\346\347\005\322"
 909      F1F154FE 
 909      AD42EDE6 
 909      E705D2
 910 1ce6 BC147620 		.ascii	"\274\024v \014t\334\357\3653\305\273\256\302h\273\271"
 910      0C74DCEF 
 910      F533C5BB 
 910      AEC268BB 
 910      B9
 911 1cf7 FF3140E7 		.ascii	"\3771@\347\247\375\202\245\334g\207\265\356_\333\321"
 911      A7FD82A5 
 911      DC6787B5 
 911      EE5FDBD1 
 912 1d07 E7E0A200 		.ascii	"\347\340\242\000\177\215\351\326\365O\034\363\222\242"
 912      7F8DE9D6 
 912      F54F1CF3 
 912      92A2
 913 1d15 A42049FF 		.ascii	"\244 I\377%k\375\213\267N\277\313\324\374'.\345\366"
 913      256BFD8B 
 913      B74EBFCB 
 913      D4FC272E 
 913      E5F6
 914 1d27 98BA3E15 		.ascii	"\230\272>\025\351\265\327\364\340+\277\243\342g;M\317"
 914      E9B5D7F4 
 914      E02BBFA3 
 914      E2673B4D 
 914      CF
 915 1d38 BED0FAFB 		.ascii	"\276\320\372\373\372x{\274a\352\371\017\342\262_k\275"
 915      FA787BBC 
 915      61EAF90F 
 915      E2B25F6B 
 915      BD
 916 1d49 0FE90FDB 		.ascii	"\017\351\017\333\273\037\376\\\377\355o\275I\345!4\237"
 916      BB1FFE5C 
 916      FFED6FBD 
 916      49E52134 
 916      9F
ARM GAS  /tmp/ccSbXLHM.s 			page 74


 917 1d5a 81FB3FF5 		.ascii	"\201\373?\365\360\340\020?\371\263\012\032\027B'\312"
 917      F0E0103F 
 917      F9B30A1A 
 917      174227CA 
 918 1d6a FA3734EB 		.ascii	"\37274\353\210i\326^Z/w\337\243*O\255\333A\033\250\012"
 918      8869D65E 
 918      5A2F77DF 
 918      A32A4FAD 
 918      DB411BA8 
 919 1d7f 87FD7CBE 		.ascii	"\207\375|\276A?\2619\350\375\256\277\257\326\035z\274"
 919      413FB139 
 919      E8FDAEBF 
 919      AFD61D7A 
 919      BC
 920 1d90 BD033C3D 		.ascii	"\275\003<=\377\257I\344!w\367\375\020\252\375Z\257\003"
 920      FFAF49E4 
 920      2177F7FD 
 920      10AAFD5A 
 920      AF03
 921 1da2 5A0F0FAD 		.ascii	"Z\017\017\255\207\261\003P\265\373\265n\007t\373?\336"
 921      87B10350 
 921      B5FBB56E 
 921      0774FB3F 
 921      DE
 922 1db3 FFD30F7F 		.ascii	"\377\323\017\177\372\341\376?\376t\177\200\257\007\244"
 922      FAE1FE3F 
 922      FE747F80 
 922      AF07A4
 923 1dc2 AF8BE8B1 		.ascii	"\257\213\350\2611\371\375\365~0$A'[\252\323\257\301"
 923      31F9FDF5 
 923      7E302441 
 923      275BAAD3 
 923      AFC1
 924 1dd4 580DBD03 		.ascii	"X\015\275\003\277\221\006\011\002\255G_B\302\273y~\364"
 924      BF910609 
 924      02AD475F 
 924      42C2BB79 
 924      7EF4
 925 1de6 2799CD6A 		.ascii	"'\231\315j\206\233'\260\267\361u;\352\351\343\346\361"
 925      869B27B0 
 925      B7F1753B 
 925      EAE9E3E6 
 925      F1
 926 1df7 E74D045C 		.ascii	"\347M\004\\\205#|\270\374\300G\274\364\316\346\263\323"
 926      85237CB8 
 926      FCC047BC 
 926      F4CEE6B3 
 926      D3
 927 1e08 7F7EFE95 		.ascii	"\177~\376\225\212d\264\372\217\254R\371\251\335\335"
 927      8A64B4FA 
 927      8FAC52F9 
 927      A9DDDD
 928 1e17 3C3DC904 		.ascii	"<=\311\004\371\206\251|\371}\306\365A\336\223\342\346"
 928      F986A97C 
 928      F97DC6F5 
 928      41DE93E2 
 928      E6
ARM GAS  /tmp/ccSbXLHM.s 			page 75


 929 1e28 B703C6CC 		.ascii	"\267\003\306\314\021\235\237>\300\315\223V;?'Q\013\346"
 929      119D9F3E 
 929      C0CD9356 
 929      3B3F2751 
 929      0BE6
 930 1e3a BC23FA83 		.ascii	"\274#\372\203\001\336\356p\003\243\030\304\273y\356"
 930      01DEEE70 
 930      03A318C4 
 930      BB79EE
 931 1e49 2295D1D3 		.ascii	"\"\225\321\323\307\373\020\337\001\225\035\034y\350"
 931      C7FB10DF 
 931      01951D1C 
 931      79E8
 932 1e57 90D68FD0 		.ascii	"\220\326\217\3208\211j,L\004G\364\330\327\315OE\270"
 932      38896A2C 
 932      4C0447F4 
 932      D8D7CD4F 
 932      45B8
 933 1e69 58799011 		.ascii	"Xy\220\021\350\0002=\264\236z7Z\001\235D-\320\2136\034"
 933      E800323D 
 933      B49E7A37 
 933      5A019D44 
 933      2DD08B36 
 934 1e7e FC8FFA9B 		.ascii	"\374\217\372\233\370[\373i\211\377ly\326~6\356\007\200"
 934      F85BFB69 
 934      89FF6C79 
 934      D67E36EE 
 934      0780
 935 1e90 A79BD75E 		.ascii	"\247\233\327^\013E\333\017\274eol\200\362\034\276\377"
 935      0B45DB0F 
 935      BC656F6C 
 935      80F21CBE 
 935      FF
 936 1ea1 778FA11B 		.ascii	"w\217\241\033\264\311\350\347b\350 p\242\253\336\316"
 936      B4C9E8E7 
 936      62E82070 
 936      A2ABDECE 
 937 1eb1 CBEDDB5F 		.ascii	"\313\355\333_Cby\273\037\245\263\032\350\354v\224t\353"
 937      436279BB 
 937      1FA5B31A 
 937      E8EC7694 
 937      74EB
 938 1ec3 BCB96E5B 		.ascii	"\274\271n[\300\370\225N\017\0268z@\321\366\324yk\177"
 938      C0F8954E 
 938      0F16387A 
 938      40D1F6D4 
 938      796B7F
 939 1ed6 73F0A0BF 		.ascii	"s\360\240\277\226\324\037w\237#Z\277\243\016Gt>\236"
 939      96D41F77 
 939      9F235ABF 
 939      A30E4774 
 939      3E9E
 940 1ee8 74FEFB0C 		.ascii	"t\376\373\014\012\2565\323\357/\314\226\020<\262\353"
 940      0AAE35D3 
 940      EF2FCC96 
 940      103CB2EB 
 941 1ef8 C1FF063B 		.ascii	"\301\377\006;\330\033\216"
ARM GAS  /tmp/ccSbXLHM.s 			page 76


 941      D81B8E
 942              		.text
 943              		.section	.gnu.lto_.symtab.5a9a8b635989c850,"e",%progbits
 944 0000 5F757274 		.ascii	"_urt_service_acquireRequestCheck\000"
 944      5F736572 
 944      76696365 
 944      5F616371 
 944      75697265 
 945 0021 00       		.ascii	"\000"
 946 0022 00       		.ascii	"\000"
 947 0023 00       		.ascii	"\000"
 948 0024 00000000 		.ascii	"\000\000\000\000\000\000\000\000"
 948      00000000 
 949 002c B1010000 		.ascii	"\261\001\000\000"
 950 0030 75727453 		.ascii	"urtServiceInit\000"
 950      65727669 
 950      6365496E 
 950      697400
 951 003f 00       		.ascii	"\000"
 952 0040 00       		.ascii	"\000"
 953 0041 00       		.ascii	"\000"
 954 0042 00000000 		.ascii	"\000\000\000\000\000\000\000\000"
 954      00000000 
 955 004a BA010000 		.ascii	"\272\001\000\000"
 956 004e 75727453 		.ascii	"urtServiceDispatch\000"
 956      65727669 
 956      63654469 
 956      73706174 
 956      636800
 957 0061 00       		.ascii	"\000"
 958 0062 00       		.ascii	"\000"
 959 0063 00       		.ascii	"\000"
 960 0064 00000000 		.ascii	"\000\000\000\000\000\000\000\000"
 960      00000000 
 961 006c C4010000 		.ascii	"\304\001\000\000"
 962 0070 75727453 		.ascii	"urtServiceAcquireRequest\000"
 962      65727669 
 962      63654163 
 962      71756972 
 962      65526571 
 963 0089 00       		.ascii	"\000"
 964 008a 00       		.ascii	"\000"
 965 008b 00       		.ascii	"\000"
 966 008c 00000000 		.ascii	"\000\000\000\000\000\000\000\000"
 966      00000000 
 967 0094 C9010000 		.ascii	"\311\001\000\000"
 968 0098 75727453 		.ascii	"urtServiceTryAcquireRequest\000"
 968      65727669 
 968      63655472 
 968      79416371 
 968      75697265 
 969 00b4 00       		.ascii	"\000"
 970 00b5 00       		.ascii	"\000"
 971 00b6 00       		.ascii	"\000"
 972 00b7 00000000 		.ascii	"\000\000\000\000\000\000\000\000"
 972      00000000 
 973 00bf CB010000 		.ascii	"\313\001\000\000"
ARM GAS  /tmp/ccSbXLHM.s 			page 77


 974 00c3 75727453 		.ascii	"urtServiceRespond\000"
 974      65727669 
 974      63655265 
 974      73706F6E 
 974      6400
 975 00d5 00       		.ascii	"\000"
 976 00d6 00       		.ascii	"\000"
 977 00d7 00       		.ascii	"\000"
 978 00d8 00000000 		.ascii	"\000\000\000\000\000\000\000\000"
 978      00000000 
 979 00e0 D0010000 		.ascii	"\320\001\000\000"
 980 00e4 75727453 		.ascii	"urtServiceQueueLength\000"
 980      65727669 
 980      63655175 
 980      6575654C 
 980      656E6774 
 981 00fa 00       		.ascii	"\000"
 982 00fb 00       		.ascii	"\000"
 983 00fc 00       		.ascii	"\000"
 984 00fd 00000000 		.ascii	"\000\000\000\000\000\000\000\000"
 984      00000000 
 985 0105 D7010000 		.ascii	"\327\001\000\000"
 986 0109 63684D74 		.ascii	"chMtxUnlock\000"
 986      78556E6C 
 986      6F636B00 
 987 0115 00       		.ascii	"\000"
 988 0116 02       		.ascii	"\002"
 989 0117 00       		.ascii	"\000"
 990 0118 00000000 		.ascii	"\000\000\000\000\000\000\000\000"
 990      00000000 
 991 0120 DB010000 		.ascii	"\333\001\000\000"
 992 0124 75727443 		.ascii	"urtCoreAddService\000"
 992      6F726541 
 992      64645365 
 992      72766963 
 992      6500
 993 0136 00       		.ascii	"\000"
 994 0137 02       		.ascii	"\002"
 995 0138 00       		.ascii	"\000"
 996 0139 00000000 		.ascii	"\000\000\000\000\000\000\000\000"
 996      00000000 
 997 0141 DF010000 		.ascii	"\337\001\000\000"
 998 0145 63684D74 		.ascii	"chMtxObjectInit\000"
 998      784F626A 
 998      65637449 
 998      6E697400 
 999 0155 00       		.ascii	"\000"
 1000 0156 02       		.ascii	"\002"
 1001 0157 00       		.ascii	"\000"
 1002 0158 00000000 		.ascii	"\000\000\000\000\000\000\000\000"
 1002      00000000 
 1003 0160 E1010000 		.ascii	"\341\001\000\000"
 1004 0164 63684D74 		.ascii	"chMtxLock\000"
 1004      784C6F63 
 1004      6B00
 1005 016e 00       		.ascii	"\000"
 1006 016f 02       		.ascii	"\002"
ARM GAS  /tmp/ccSbXLHM.s 			page 78


 1007 0170 00       		.ascii	"\000"
 1008 0171 00000000 		.ascii	"\000\000\000\000\000\000\000\000"
 1008      00000000 
 1009 0179 F3010000 		.ascii	"\363\001\000\000"
 1010 017d 63684D74 		.ascii	"chMtxTryLock\000"
 1010      78547279 
 1010      4C6F636B 
 1010      00
 1011 018a 00       		.ascii	"\000"
 1012 018b 02       		.ascii	"\002"
 1013 018c 00       		.ascii	"\000"
 1014 018d 00000000 		.ascii	"\000\000\000\000\000\000\000\000"
 1014      00000000 
 1015 0195 F7010000 		.ascii	"\367\001\000\000"
 1016 0199 75727445 		.ascii	"urtEventSignal\000"
 1016      76656E74 
 1016      5369676E 
 1016      616C00
 1017 01a8 00       		.ascii	"\000"
 1018 01a9 02       		.ascii	"\002"
 1019 01aa 00       		.ascii	"\000"
 1020 01ab 00000000 		.ascii	"\000\000\000\000\000\000\000\000"
 1020      00000000 
 1021 01b3 FC010000 		.ascii	"\374\001\000\000"
 1022              		.text
 1023              		.section	.gnu.lto_.opts,"e",%progbits
 1024 0000 272D666E 		.ascii	"'-fno-openmp' '-fno-openacc' '-fno-pie' '-mcpu=cort"
 1024      6F2D6F70 
 1024      656E6D70 
 1024      2720272D 
 1024      666E6F2D 
 1025 0033 65782D6D 		.ascii	"ex-m3' '-mthumb' '-mfloat-abi=soft' '-march=armv7-m"
 1025      33272027 
 1025      2D6D7468 
 1025      756D6227 
 1025      20272D6D 
 1026 0066 2720272D 		.ascii	"' '-O2' '-fstack-usage' '-ffunction-sections' '-fda"
 1026      4F322720 
 1026      272D6673 
 1026      7461636B 
 1026      2D757361 
 1027 0099 74612D73 		.ascii	"ta-sections' '-fno-common' '-flto' '-fshort-enums'\000"
 1027      65637469 
 1027      6F6E7327 
 1027      20272D66 
 1027      6E6F2D63 
 1028              		.text
 1029              		.comm	__gnu_lto_v1,1,1
 1030              		.comm	__gnu_lto_slim,1,1
 1031              		.ident	"GCC: (GNU Arm Embedded Toolchain 9-2020-q2-update) 9.3.1 20200408 (release)"
ARM GAS  /tmp/ccSbXLHM.s 			page 79


DEFINED SYMBOLS
                            *ABS*:0000000000000000 urt_service.c
                            *COM*:0000000000000001 __gnu_lto_v1
                            *COM*:0000000000000001 __gnu_lto_slim

NO UNDEFINED SYMBOLS
