ARM GAS  /tmp/cc4JZDS4.s 			page 1


   1              		.cpu cortex-m3
   2              		.eabi_attribute 20, 1
   3              		.eabi_attribute 21, 1
   4              		.eabi_attribute 23, 3
   5              		.eabi_attribute 24, 1
   6              		.eabi_attribute 25, 1
   7              		.eabi_attribute 26, 1
   8              		.eabi_attribute 30, 2
   9              		.eabi_attribute 34, 1
  10              		.eabi_attribute 18, 4
  11              		.file	"module.c"
  12              		.section	.gnu.lto_.profile.5ef73c3b71594aa5,"e",%progbits
  13 0000 789CE360 		.ascii	"x\234\343``\004B \000\000\000]\000\013"
  13      60044220 
  13      0000005D 
  13      000B
  14              		.text
  15              		.section	.gnu.lto_.icf.5ef73c3b71594aa5,"e",%progbits
  16 0000 789CE360 		.ascii	"x\234\343``d(cd\200\003{\206\273\337\237\274ad||\345"
  16      60642863 
  16      6480037B 
  16      86BBDF9F 
  16      BC61647C 
  17 0016 7D1F07F3 		.ascii	"}\037\007\363\203\207=\273\231Yz[[\346r\263\316\272"
  17      83873DBB 
  17      99597A5B 
  17      5BE672B3 
  17      CEBA
  18 0028 BA6E1607 		.ascii	"\272n\026\007\333\221\223O\0372\261\377\330\273\340"
  18      DB91934F 
  18      1F32B1FF 
  18      D8BBE0
  19 0037 161BC7D7 		.ascii	"\026\033\307\327\206\013\362\234on\035\234\306\311\365"
  19      860BF29C 
  19      6F6E1D9C 
  19      C6C9F5
  20 0046 E0DBFEED 		.ascii	"\340\333\376\355\374\334\227Z~\364\361\363\200\204y"
  20      FCDC975A 
  20      7EF4F1F3 
  20      808479
  21 0055 E7F5AC99 		.ascii	"\347\365\254\231\311\314\007\026\346\337q\274\253\211"
  21      C9CC0716 
  21      E6DF71BC 
  21      AB89
  22 0063 51E0C9A9 		.ascii	"Q\340\311\251;\223Y\004\0277\257X\303\"\004f\013\237"
  22      3B935904 
  22      1737AF58 
  22      C3220466 
  22      0B9F
  23 0075 DB79B99D 		.ascii	"\333y\271\235O\344\327\201\355\033\231D\217Lz\336\311"
  23      4FE4D781 
  23      ED1B9944 
  23      8F4C7ADE 
  23      C9
  24 0086 25DEF06F 		.ascii	"%\336\360oJ?\223\304\2279K\3162K\201I\331\306\263\373"
  24      4A3F93C4 
  24      97394BCE 
ARM GAS  /tmp/cc4JZDS4.s 			page 2


  24      324B8149 
  24      D9C6B3FB 
  25 009a F6B2C9EF 		.ascii	"\366\262\311\357\177}\360\026\213\322\253={&\360)?\270"
  25      7F7DF016 
  25      8BD2AB3D 
  25      7B26F029 
  25      3FB8
  26 00ac 746E399B 		.ascii	"tn9\233\312\207\316=\307\231U\337|X>\235_\355\340\346"
  26      CA87CE3D 
  26      C79955DF 
  26      7C583E9D 
  26      5FEDE0E6 
  27 00c0 937798D4 		.ascii	"\223w\230\324'?\357~\313\243\321\360y\321'6\315\363"
  27      273FEF7E 
  27      CBA3D1F0 
  27      79D12736 
  27      CDF3
  28 00d2 1B765F64 		.ascii	"\033v_d\325j=\363}9\247\366\212'\207o\362\352\374\230"
  28      D56A3DF3 
  28      7D39A7F6 
  28      8A27876F 
  28      F2EAFC98 
  29 00e6 34F11BB3 		.ascii	"4\361\033\263n\317\334\211S\031\3656\276:\366\227Y\177"
  29      6ECFDC89 
  29      5319F536 
  29      BE3AF697 
  29      597F
  30 00f8 D1DD572B 		.ascii	"\321\335W+\330\014v\334\272\271\217\321\360\342\202"
  30      D80C76DC 
  30      BAB98FD1 
  30      F0E282
  31 0107 E30FD98D 		.ascii	"\343\017\331\215\032V\336\2613\001+1\005\013\230\201"
  31      1A56DEB1 
  31      33012B31 
  31      050B9881 
  32 0117 04CC6FDC 		.ascii	"\004\314o\334\330r\230\305\002\254\337\362\310\222\015"
  32      D87298C5 
  32      02ACDFF2 
  32      C8920D
  33 0126 0FD9ADC0 		.ascii	"\017\331\255\300J\254\277L\370z\230\331f\322\242\013"
  33      4AACBF4C 
  33      F87A98D9 
  33      66D2A20B 
  34 0136 7F796CC1 		.ascii	"\177yl\301~\260[~v\363un\373?\257v\3728\200\005\034"
  34      7EB05B7E 
  34      76F3756E 
  34      FB3FAF76 
  34      FA388005 
  35 014b 274FE8FD 		.ascii	"'O\350\375\310\347\004f;o\272\371r\017\243\313\371u"
  35      C8E70466 
  35      3B6FBAF9 
  35      720FA3CB 
  35      F975
  36 015d 173F73BA 		.ascii	"\027?s\272\266\357[\301\345\366\260\341\314!6\367\355"
  36      B6EF5BC1 
  36      E5F6B0E1 
  36      CC2136F7 
ARM GAS  /tmp/cc4JZDS4.s 			page 3


  36      ED
  37 016e 539F4C67 		.ascii	"S\237Lgd\000\000\214o\303\025"
  37      6400008C 
  37      6FC315
  38              		.text
  39              		.section	.gnu.lto_.jmpfuncs.5ef73c3b71594aa5,"e",%progbits
  40 0000 789CCD96 		.ascii	"x\234\315\226\317k\023Q\020\307g\336\274l~g\323j\365"
  40      CF6B1351 
  40      10C767DE 
  40      BC6C7E67 
  40      D36AF5
  41 0013 904B7310 		.ascii	"\220Ks\020\177\201\177\220gs\020\374\001\242\327\330"
  41      7F817F90 
  41      677310FC 
  41      01A2D7D8 
  42 0023 6A2E5229 		.ascii	"j.R)x\262\036d\221\245 \202w\361G\255?\253\246j\025"
  42      78B21E64 
  42      91A52082 
  42      77F147AD 
  42      3FABA66A 
  43 0038 CF9EBC78 		.ascii	"\317\236\274x\220xSD\2103Y\372\322\335\267\357\025\352"
  43      90785344 
  43      883359FA 
  43      D2DDB7EF 
  43      15EA
  44 004a 65030FC2 		.ascii	"e\003\017\302\314|g?3\233y\231\012 \234\254\003\314"
  44      CC7C673F 
  44      339B7999 
  44      0A209CAC 
  44      03CC
  45 005c 42F26980 		.ascii	"B\362i\200B\244\313\021\001\037D\000E1\001\340\272F"
  45      42A4CB11 
  45      011F4400 
  45      453101E0 
  45      BA46
  46 006e E0F3773C 		.ascii	"\340\363w<\036\207H7\011\227\257\216\276V\226)\"\205"
  46      1E874837 
  46      0997AF8E 
  46      BE569629 
  46      2285
  47 0080 800FB123 		.ascii	"\200\017\261#GO\003\021\025\007m\214~|A\011\"\016z\204"
  47      474F0311 
  47      15076D8C 
  47      7E7C4109 
  47      220E7A84 
  48 0094 1D36AD5D 		.ascii	"\0356\255]\337\032RbB|\214\035%v#\003H\347\020g^\024"
  48      DF1A5262 
  48      427C8C1D 
  48      25762303 
  48      48E71067 
  49 00aa 6891A38A 		.ascii	"h\221\243\212HCD%>A\240\3730\325\216\005\024,\360mR"
  49      48434425 
  49      3E41A0FB 
  49      30D58E05 
  49      142CF06D 
  50 00bf A96074E3 		.ascii	"\251`t\343\373\257F\027\243\205\225\371\210\312\200"
  50      FBAF4617 
ARM GAS  /tmp/cc4JZDS4.s 			page 4


  50      A38595F9 
  50      88CA80
  51 00ce 4FB0EB0A 		.ascii	"O\260\353\012\327\234\0333\271%\305\267\245\301\375"
  51      D79C1B33 
  51      B925C5B7 
  51      A5C1FD
  52 00dd 52B79DA4 		.ascii	"R\267\235\244\250\000\256\271S\224\004\270\214\021U"
  52      A800AEB9 
  52      539404B8 
  52      8C1155
  53 00ec B9B13569 		.ascii	"\271\2615in\220\2234[\200\356c\326\024pP05\376\314\350"
  53      6E909334 
  53      5B80EE63 
  53      D6147050 
  53      3035FECC 
  54 0101 C249E3CD 		.ascii	"\302I\343\315\333\251\363\023\236N\032\037/\014W\202"
  54      DBA9F313 
  54      9E4E1A1F 
  54      2F0C5782 
  55 0111 C414E23A 		.ascii	"\304\024\342:w\323H(-i\260\344\331D\262\270t\357N31"
  55      77D34828 
  55      2D69B0E4 
  55      D944B2B8 
  55      74EF4E33 
  56 0126 113E1749 		.ascii	"\021>\027I\340\356\360\264+\267\357n\216\253\003\274"
  56      E0EEF0B4 
  56      2BB7EF6E 
  56      8EAB03BC 
  57 0136 B25889A8 		.ascii	"\262X\211\250\031\363\253\0076^{\360\347V}\025c\356"
  57      19F3AB07 
  57      365E7BF0 
  57      E7567D15 
  57      63EE
  58 0148 400B5FE0 		.ascii	"@\013_\340\000\361\204 \274\304Ut\265l\327B\2452\253"
  58      00F18420 
  58      BCC45574 
  58      B56CD742 
  58      A532AB
  59 015b 1461DF3B 		.ascii	"\024a\337;\254\262a_\031\330\327\005\203%\033v\303\300"
  59      ACB2615F 
  59      19D8D705 
  59      83251B76 
  59      C3C0
  60 016d BE2918AC 		.ascii	"\276)\030\254\266a\337\032\330w\005\203-\331\260C\003"
  60      B661DF1A 
  60      D8770583 
  60      2DD9B043 
  60      03
  61 017e BB5930D8 		.ascii	"\273Y0\330\300\206}o`?\024\014\266l\303~4\260[^\330"
  61      C0867D6F 
  61      603F140C 
  61      B66CC37E 
  61      34B05B5E 
  62 0193 39B9F663 		.ascii	"9\271\366c\271g\035\227zLU\227O\371\204\332\342\216"
  62      B9671D97 
  62      7A4C5597 
  62      4FF984DA 
ARM GAS  /tmp/cc4JZDS4.s 			page 5


  62      E28E
  63 01a5 A9E60A0E 		.ascii	"\251\346\012\016\330Yw>f\347E\032r-\237v\374m\375\236"
  63      D859773E 
  63      66E7451A 
  63      722D9F76 
  63      FC6DFD9E 
  64 01b9 E456526A 		.ascii	"\344VRj\306\304)\033>\362\246\223\334\247d_\313'tf\335"
  64      C6C4291B 
  64      3EF2A693 
  64      DCA7645F 
  64      CB277466 
  65 01ce 4D187A84 		.ascii	"M\030z\204m\237p\306#\234\365\011\367y\204\373}\302"
  65      6D9F70C6 
  65      239CF509 
  65      F77984FB 
  65      7DC2
  66 01e0 398FF080 		.ascii	"9\217\360\200\313w(Y{\016\272\374\207\023\277\263\032"
  66      CB772859 
  66      7B0EBAFC 
  66      8713BFB3 
  66      1A
  67 01f1 E523DEFB 		.ascii	"\345#\336\373\313\376?\245\363\245\251\354\257\337;"
  67      CBFE3FA5 
  67      F3A5A9EC 
  67      AFDF3B
  68 0200 2B47788D 		.ascii	"+Gx\215\221\355\205g\375\350\366W\355\033\011\331W\262"
  68      91ED8567 
  68      FDE8F657 
  68      ED1B09D9 
  68      57B2
  69 0212 D7C43159 		.ascii	"\327\3041Y\206\210\207\277-\313\020\3102\344K\001\351"
  69      868887BF 
  69      2DCB10C8 
  69      32E44B01 
  69      E9
  70 0223 79498F9B 		.ascii	"yI\217\233\3311gx\334>\247\266\304\300)\314Y\275rV\255"
  70      D9316778 
  70      DC3EA7B6 
  70      C4C029CC 
  70      59BD7256 
  71 0238 E3666743 		.ascii	"\343fgC\317\316\226#\324}emv\255\336\271\213\247/\364"
  71      CFCE9623 
  71      D47D656D 
  71      76ADDEB9 
  71      8BA72FF4 
  72 024c E6CF9E3F 		.ascii	"\346\317\236?u\351L\017T\015\376\001\316_\023I"
  72      75E94C0F 
  72      540DFE01 
  72      CE5F1349 
  73              		.text
  74              		.section	.gnu.lto_.inline.5ef73c3b71594aa5,"e",%progbits
  75 0000 789CED54 		.ascii	"x\234\355T\275N\002A\020\236\231\335\003\204\023Q\243"
  75      BD4E0241 
  75      109E99DD 
  75      03841351 
  75      A3
  76 0011 85958DF1 		.ascii	"\205\225\215\361\257\363A\356\031\214\002\212\361\031"
ARM GAS  /tmp/cc4JZDS4.s 			page 6


  76      AFF341EE 
  76      198C028A 
  76      F119
  77 001f CC515898 		.ascii	"\314QX\230\230x\205FK\014\264jb\247\015\024&\264\026"
  77      98788546 
  77      4B0CB46A 
  77      62A70D14 
  77      26B416
  78 0032 1A5BADB4 		.ascii	"\032[\255\264\260\342\001\2143\273\353\035\234`\264"
  78      B0E2018C 
  78      33BBEB1D 
  78      9C60B4
  79 0041 7737D99D 		.ascii	"w7\331\235\333\375\276\231\331\371\271\034 45\304\303"
  79      DBFDBE99 
  79      D9F9B91C 
  79      203435C4 
  79      C3
  80 0052 07288461 		.ascii	"\007(\204a\330\241*\002\345X\012\251\002P\024AU\010"
  80      D8A12A02 
  80      E5580AA9 
  80      02501441 
  80      5508
  81 0064 48300813 		.ascii	"H0\010\023\357\315\227\003\332b\310T=\014\033\002\311"
  81      EFCD9703 
  81      DA62C854 
  81      3D0C1B02 
  81      C9
  82 0075 186CD941 		.ascii	"\030l\331A\250`pfP\024$\002\346E\3229\237\321\367J4"
  82      A8607066 
  82      50142402 
  82      E645D239 
  82      9FD1F74A 
  83 008a 684B4C6B 		.ascii	"hKLk\320\343\274(\241*\337q=(4Z\355+vM\221FP\317\210"
  83      D0E3BC28 
  83      A12ADF71 
  83      3D28345A 
  83      ED2B764D 
  84 00a3 F36C8364 		.ascii	"\363l\203d\361\260u\371\321\245u\200l\257\327>\266j"
  84      F1B075F9 
  84      D1A57580 
  84      6CAFD73E 
  84      B66A
  85 00b5 D068DC20 		.ascii	"\320h\334 \320\261\014\032\276\014\372\375fdf\240\213"
  85      D0B10C1A 
  85      BE0CFAFD 
  85      666466A0 
  85      8B
  86 00c6 A70F2737 		.ascii	"\247\017'7\264\313n\335\341\365\371\305#\325\330\257"
  86      B4CB6EDD 
  86      E1F5F9C5 
  86      23D5D8AF 
  87 00d6 7ABF5FEE 		.ascii	"z\277_\356\001\206v\024\310\264'\351s\033\002\030~\371"
  87      01867614 
  87      C8B427E9 
  87      731B0218 
  87      7EF9
  88 00e8 4FFA8124 		.ascii	"O\372\201$\251\030 \315\300\032g\340\226v8-s,5T5]-\266"
ARM GAS  /tmp/cc4JZDS4.s 			page 7


  88      A91820CD 
  88      C01A67E0 
  88      9676382D 
  88      732C3554 
  89 0100 46E2BA8B 		.ascii	"F\342\272\213K\306jL\012r\340\036~\275/\200g\355\242"
  89      4BC66A4C 
  89      0A72E01E 
  89      7EBD2F80 
  89      67EDA2
  90 0113 7C493DEC 		.ascii	"|I=\354\215\250\370E\230\345\3233Uc$\031\300\346\010"
  90      8DA8F845 
  90      98E5D333 
  90      55632419 
  90      C0E608
  91 0126 E45FB728 		.ascii	"\344_\267(p\237K0\315\352\336h\033\021L\375\227\214"
  91      709F4B30 
  91      CDEADE68 
  91      1B114CFD 
  91      978C
  92 0138 7A8E8908 		.ascii	"z\216\211\010\235\244M\363\351u\031\306\304\271\204"
  92      9DA44DF3 
  92      E97519C6 
  92      C4B984
  93 0147 39C2438B 		.ascii	"9\302C\213v\217\217\\\212VJ\223\214\211\204l\333.o\376"
  93      768F8F5C 
  93      8A564A93 
  93      8C89846C 
  93      DB2E6FFE 
  94 015b 13DF5ADF 		.ascii	"\023\337Z\337+\272\220\273\330K:W\301?\334\177z\345"
  94      2BBA90BB 
  94      D84B3A57 
  94      C13FDC7F 
  94      7AE5
  95 016d F8219538 		.ascii	"\370!\2258\374!\351aa\354\357\327\254yK\031t\242\323"
  95      FC21E961 
  95      61ECEFD7 
  95      AC794B19 
  95      74A2D3
  96 0180 76297C02 		.ascii	"v)|\002\363\211\243["
  96      F389A35B 
  97              		.text
  98              		.section	.gnu.lto_.pureconst.5ef73c3b71594aa5,"e",%progbits
  99 0000 789C05C1 		.ascii	"x\234\005\301\313\015\300 \014D\301Ez\033\345\300\225"
  99      CB0DC020 
  99      0C44C145 
  99      7A1BE5C0 
  99      95
 100 0011 12503E34 		.ascii	"\022P>4lS\212\253c\346V\323\224\324\265ie\002o\256\362"
 100      6C538AAB 
 100      63E656D3 
 100      94D4B569 
 100      65026FAE 
 101 0026 4866F024 		.ascii	"Hf\360$o\371+\377\301J\016\250S\0115"
 101      6FF92BFF 
 101      C14A0EA8 
 101      530935
 102              		.text
ARM GAS  /tmp/cc4JZDS4.s 			page 8


 103              		.section	.gnu.lto__moduleSsspBCBfilterCallback.5ef73c3b71594aa5,"e",%progbits
 104 0000 789C6590 		.ascii	"x\234e\220\315+Da\024\306\317s\317\275cF\327,\254Hb"
 104      CD2B4461 
 104      14C6CF73 
 104      CFBD6346 
 104      D72CAC48 
 105 0015 A1A6D9F8 		.ascii	"\241\246\331\370\027\370W\344ce\"\2625\357\\\013\213"
 105      17F857E4 
 105      636522B2 
 105      35EF5C0B 
 105      8B
 106 0026 11294CD4 		.ascii	"\021)L\3245#M\303\012e\341{\256\317\"\013Y(\026\212"
 106      35234DC3 
 106      0A65E17B 
 106      AECF220B 
 106      5928168A 
 107 003a A4288405 		.ascii	"\244(\204\005)3\316{MQ\363\326\351=\317{\336\337\351"
 107      2933CE7B 
 107      4D51F3D6 
 107      E93DCF7B 
 107      DEDFE9
 108 004d 392748A0 		.ascii	"9'H\240\005\020\325\020Q\275\004\230`(\245Z+\022A\003"
 108      0510D510 
 108      51BD0498 
 108      6028A55A 
 108      2B124103 
 109 0061 F0331504 		.ascii	"\3603\025\004\305\015\3041\306)\306\336\360\375\272"
 109      C50DC431 
 109      C629C6DE 
 109      F0FDBA
 110 0070 11CD4945 		.ascii	"\021\315IEy\251\213\006W\235)N3\321\264\304\357\301"
 110      79A98B06 
 110      579D294E 
 110      33D1B4C4 
 110      EFC1
 111 0082 06A2F2F1 		.ascii	"\006\242\362\361\332q?\355Q\251\001\246\310\211\223"
 111      DA713FED 
 111      51A901A6 
 111      C88993
 112 0091 D5E34A2D 		.ascii	"\325\343J-\0154\212\334]\374z5\330\006I>\233\230\270"
 112      0D348ADC 
 112      5DFC7A35 
 112      D806493E 
 112      9B98B8
 113 00a4 B42359A5 		.ascii	"\264#Y\245\034\345\335\345X5\245\231\261\015\226\226"
 113      1CE5DDE5 
 113      5835A599 
 113      B10D9696 
 114 00b4 D8421D36 		.ascii	"\330B\0356QG$o\322z\007\021\001\306\217\336\347m\256"
 114      5147246F 
 114      D27A0711 
 114      01C68FDE 
 114      E76DAE
 115 00c7 F6E1E2D4 		.ascii	"\366\341\342\324\332G\250\004\237\326\316(\317L\263"
 115      DA47A804 
 115      9FD6CE28 
 115      CF4CB3
ARM GAS  /tmp/cc4JZDS4.s 			page 9


 116 00d6 897C196D 		.ascii	"\211|\031m\012\355!B\232\271])LV\005\314\222g\354\""
 116      0AED2142 
 116      9AB95D29 
 116      4C5605CC 
 116      9267EC22 
 117 00ea 206B205A 		.ascii	" k Z:\267<U(\016+\357~p\356\246\305\222\005\010!\376"
 117      3AB73C55 
 117      280E2BEF 
 117      7E70EEA6 
 117      C5920508 
 118 0100 77349764 		.ascii	"w4\227d\322C\233P\036\321\010\033\277\"!\342\021\316"
 118      D2439B50 
 118      1ED1081B 
 118      BF2221E2 
 118      11CE
 119 0112 54F2E9FB 		.ascii	"T\362\351\373\001\272\223\264\037\035z\271\016\352Q"
 119      01BA93B4 
 119      1F1D7AB9 
 119      0EEA51
 120 0121 2DDFA177 		.ascii	"-\337\241w\265|\031\316b>!@&\234\346\200+;\330\323\256"
 120      B57C19CE 
 120      623E2140 
 120      269CE680 
 120      2B3BD8D3 
 121 0136 B08F2CFE 		.ascii	"\260\217,\376\003\\\016\274A\314W\270R:\360\221CA\350"
 121      035C0EBC 
 121      41CC57B8 
 121      523AF091 
 121      4341E8
 122 0149 194E269F 		.ascii	"\031N&\237g\337\271>I\306\2377\242P\254\247c\240\273"
 122      67DFB93E 
 122      49C69F37 
 122      A250ACA7 
 122      63A0BB
 123 015c B3B99DAC 		.ascii	"\263\271\235\254\256\276\266Xg\240\267M\256\376\037"
 123      AEBEB658 
 123      67A0B74D 
 123      AEFE1F
 124 016b 456B92F8 		.ascii	"Ek\222\370"
 125              		.text
 126              		.section	.gnu.lto_chSysUnlock.5ef73c3b71594aa5,"e",%progbits
 127 0000 789C8D94 		.ascii	"x\234\215\224]L\034U\024\307\357\177\356\235\331\331"
 127      5D4C1C55 
 127      14C7EF7F 
 127      EE9DD9D9 
 128 0010 05EA8A9F 		.ascii	"\005\352\212\237\011/\313\203\017\215\312\220\370\324"
 128      092FCB83 
 128      0F8DCA90 
 128      F8D4
 129 001e 370D8949 		.ascii	"7\015\211I\037\320\244<\372`\354\272\221\215]\326\354"
 129      1FD0A43C 
 129      FA60ECBA 
 129      918D5DD6 
 129      EC
 130 002f B6897DEA 		.ascii	"\266\211}\352\260PAiZ\2431e\215d\210\370\321&Jk\233"
 130      B0504169 
 130      5AA33165 
ARM GAS  /tmp/cc4JZDS4.s 			page 10


 130      8D6488F8 
 130      D1264A6B 
 131 0044 102D2D5D 		.ascii	"\020--]\372\251\025\024\221\017\013\026Z\032\320\320"
 131      FAA91514 
 131      910F0B16 
 131      5A1AD0D0 
 132 0054 6A93DA07 		.ascii	"j\223\332\007\215\246x\316\235e;4[t\262sw\3569\347\336"
 132      8DA678CE 
 132      9D653B34 
 132      5B74B273 
 132      77EE39E7 
 133 0069 F33BFF73 		.ascii	"\363;\377sgl\001q\306\024\342m!\304st\303\0220\\\327"
 133      676C0171 
 133      C614E26D 
 133      21C47374 
 133      C312305C 
 134 007e 7D3AD46A 		.ascii	"}:\324j\033\206\034\315\037\265\224\0331\217.\215lR"
 134      1B861CCD 
 134      1FB5941B 
 134      318F2E8D 
 134      6C52
 135 0090 6EA534D4 		.ascii	"n\2454\324]\026\005\263\030m\002\372\311\265!v\031R"
 135      5D1605B3 
 135      186D02FA 
 135      C9B52176 
 135      1952
 136 00a2 99D8857D 		.ascii	"\231\330\205}r\277\304\251\216\245\257\214\215\237\222"
 136      72BFC4A9 
 136      8EA5AF8C 
 136      8D9F92
 137 00b1 D32DEC7F 		.ascii	"\323-\354\177\277\3463w\314\225\236\024\"O\267\177\341"
 137      BFE63377 
 137      CC959E14 
 137      224FB77F 
 137      E1
 138 00c2 18360A41 		.ascii	"\0306\012A\241\013_\334~\257\312RE\027\006aa\215\025"
 138      A10B5FDC 
 138      7EAFCA52 
 138      45170661 
 138      618D15
 139 00d5 624D980E 		.ascii	"bM\230\0168N\310\002'\350\211\376\372\24484n\026\334"
 139      384EC802 
 139      27E889FE 
 139      FAA43834 
 139      6E16DC
 140 00e8 DB2B1D6E 		.ascii	"\333+\035n\341\326G\230~!\012\341I\0304\030\222\006"
 140      E1D64798 
 140      7E210AE1 
 140      49183418 
 140      9206
 141 00fa A9783069 		.ascii	"\251x0iP\026\015f\210\007\233\275avDx\020\242K\012\306"
 141      50160D66 
 141      88079BBD 
 141      61764478 
 141      10A24B0A 
 142 010f 55700B42 		.ascii	"Up\013B\354\221\206?i\243\311u\264\365\236\034\220\234"
 142      EC91863F 
ARM GAS  /tmp/cc4JZDS4.s 			page 11


 142      69A3C975 
 142      B4F59E1C 
 142      909C
 143 0121 99497A0E 		.ascii	"\231Iz\016\214\254\204\333\221k\265=i\345\245A\010C"
 143      8CAC84DB 
 143      916BB53D 
 143      69E5A541 
 143      0843
 144 0133 68E79421 		.ascii	"h\347\224!\261\214\334\361\203sU\034\332#\271\216\275"
 144      B18CDCF1 
 144      8373551C 
 144      DA23B98E 
 144      BD
 145 0144 6D37E6EC 		.ascii	"m7\346\354\275T;)t\327Z\273\217k#\343\324\354\2711|"
 145      BD543B29 
 145      74D75ABB 
 145      8F6B23E3 
 145      D4ECB931 
 146 0159 8C3E7832 		.ascii	"\214>x2\214\002m\205\223\250\321\236c\357t\036\266\352"
 146      8C026D85 
 146      93A8D19E 
 146      63EF741E 
 146      B6EA
 147 016b FB1925E6 		.ascii	"\373\031%\346\311\010\206)\254[\353D\316\366_\017\316"
 147      C9088629 
 147      AC5BEB44 
 147      CEF65F0F 
 147      CE
 148 017c 444ACE0A 		.ascii	"DJ\316\012\234B}\367\252ZS\037\014w\030%\037p\232}\006"
 148      9C427DF7 
 148      AA5A531F 
 148      0C771825 
 148      1F709A7D 
 149 0191 EB7B06F5 		.ascii	"\353{\006\365D\3316\326\001\037\322\3609\377\033\354"
 149      44D936D6 
 149      011FD2F0 
 149      39FF1BEC 
 150 01a1 EC7A60E7 		.ascii	"\354z`\347\326\003;\037\000\033\236\234yWr\236\316\""
 150      D6033B1F 
 150      001B9E9C 
 150      7957729E 
 150      CE22
 151 01b3 D9D7C423 		.ascii	"\331\327\304#\360\015\013H\342\375\263\212%\211\214"
 151      F00D0B48 
 151      E2FDB38A 
 151      25898C
 152 01c2 84DF1DF3 		.ascii	"\204\337\035\363\247\212\226\016\336:\261\254\021\037"
 152      A78A960E 
 152      DE3AB1AC 
 152      111F
 153 01d0 F564659E 		.ascii	"\365de\236[\206\013\274\214\202\311{\376\306o\023`\241"
 153      5B860BBC 
 153      8C82C97B 
 153      FEC66F13 
 153      60A1
 154 01e2 2913BE45 		.ascii	")\023\276E\215'\253\304\"\2414\0247`\233>x{\244\\\032"
 154      8D27ABC4 
ARM GAS  /tmp/cc4JZDS4.s 			page 12


 154      22A13414 
 154      37609B3E 
 154      787BA45C 
 155 01f7 C93FC59D 		.ascii	"\311?\305\2355\270]a?\300\374_\"\214\254'\302\350\275"
 155      35B85D61 
 155      3FC0FC5F 
 155      228CAC27 
 155      C2E8BD
 156 020a 4550F88E 		.ascii	"EP\370\216E`'\276\327\035(%\266\202\247D\351SR\2309"
 156      456027BE 
 156      D71D2825 
 156      B682A744 
 156      E9535298 
 157 021f 7C7103A5 		.ascii	"|q\003\245l\365\027o :\214\025\223\266z\363_\336Iz\037"
 157      6CF5176F 
 157      203A8C15 
 157      93B67AF3 
 157      5FDE497A 
 158 0234 7ED04995 		.ascii	"~\320I\225\237t`\342\320\205p@\371qNj\372\276\336\336"
 158      9F7460E2 
 158      D0857040 
 158      F9714E6A 
 158      FABEDEDE 
 159 0248 E5E9CA92 		.ascii	"\345\351\312\222/\212\037\331g1\320\304Z\240P\020\010"
 159      2F8A1FD9 
 159      6731D0C4 
 159      5AA05010 
 159      08
 160 0259 E5802AE8 		.ascii	"\345\200*\350\314`\262,P\024S\032Ho<\355\237\265\201"
 160      CC60B22C 
 160      5014531A 
 160      486F3CED 
 160      9FB581
 161 026c D5A6DA54 		.ascii	"\325\246\332Tm\217\377\226\224\032\035&s\240\321\221"
 161      6D8FFF96 
 161      941A1D26 
 161      73A0D191 
 162 027c F28DFEC9 		.ascii	"\362\215\376\311ot\270Lg#\201\316\252\267\372\367\231"
 162      6F74B84C 
 162      672381CE 
 162      AAB7FAF7 
 162      99
 163 028d DC59791D 		.ascii	"\334Yy\035\355\261r/\354\375y\326\012\027y\277`\235"
 163      EDB1722F 
 163      ECFD79D6 
 163      0A1779BF 
 163      609D
 164 029f D57A1ACC 		.ascii	"\325z\032\314\\\335'}\341\346\335\233\243\021.>\352"
 164      5CDD277D 
 164      E1E6DD9B 
 164      A3112E3E 
 164      EA
 165 02b0 C90730CB 		.ascii	"\311\0070\313'`\246X\373\037\277\234\035\2629\276[\027"
 165      2760A658 
 165      FB1FBF9C 
 165      1DB239BE 
 165      5B17
ARM GAS  /tmp/cc4JZDS4.s 			page 13


 166 02c2 5F8D9FA9 		.ascii	"_\215\237\251x\235\026\227(\316\223\017j,\363\316\267"
 166      789D1697 
 166      28CE930F 
 166      6A2CF3CE 
 166      B7
 167 02d3 E41A720B 		.ascii	"\344\032r\013\177\215\377\015\377\343\005\261#\010\361"
 167      7F8DFF0D 
 167      FFE305B1 
 167      2308F1
 168 02e2 9086F8D0 		.ascii	"\220\206\370\320;\362g\244\366\015xn7\355\3710\233>"
 168      3BF267A4 
 168      F60D786E 
 168      37EDF930 
 168      9B3E
 169 02f4 BF3AE8DA 		.ascii	"\277:\350\332\212\2774\363\250\325\231;\027?\231e\013"
 169      8ABF34F3 
 169      A8D5993B 
 169      173F9965 
 169      0B
 170 0305 2E43618E 		.ascii	".Ca\216qp\005\374\226\034\030:\275XY\373fq\365#\034"
 170      717005FC 
 170      961C183A 
 170      BD5859FB 
 170      6671F523 
 171 031a 7BB3FFC8 		.ascii	"{\263\377\310d\205^\275\300\253q\025J\374\216\334\345"
 171      64855EBD 
 171      C0AB7115 
 171      4AFC8EDC 
 171      E5
 172 032b AE6B4F6A 		.ascii	"\256kOjV\276\272$V\350\222\310\025x\372x]\235C\277W"
 172      56BEBA24 
 172      56E892C8 
 172      1578FA78 
 172      5D9D43BF 
 173 0340 139996C4 		.ascii	"\023\231\226\3046\247\2419\2715\371|\223\223\316:\231"
 173      36A7A139 
 173      B935F97C 
 173      9393CE3A 
 173      99
 174 0351 ED4EB225 		.ascii	"\355N\262%\276m\307\313\011'\336\234\335\231\255k\026"
 174      BE6DC7CB 
 174      0927DE9C 
 174      DD99AD6B 
 174      16
 175 0362 CFDE2B36 		.ascii	"\317\336+6\236N\245\322-N\342\365\355\3163[\032\235"
 175      9E4EA5D2 
 175      2D4EE2F5 
 175      EDCE335B 
 175      1A9D
 176 0374 86C6A6CD 		.ascii	"\206\306\246\315MNC:\223p6\257n\221\312&\263/\276\022"
 176      4D4E433A 
 176      937036AF 
 176      6E91CA26 
 176      B32FBE12 
 177 0388 8FD336D1 		.ascii	"\217\3236\321\306\246-\261\255/e\023\257e\222O\304\036"
 177      C6A62DB1 
 177      AD2F6513 
ARM GAS  /tmp/cc4JZDS4.s 			page 14


 177      AF65924F 
 177      C41E
 178 039a AB174646 		.ascii	"\253\027FF\204R\211T:\263S\374\013\357j\373\230"
 178      84528954 
 178      3AB353FC 
 178      0BEF6AFB 
 178      98
 179              		.text
 180              		.section	.gnu.lto__moduleTestAllShellCmdCb.5ef73c3b71594aa5,"e",%progbits
 181 0000 789C7592 		.ascii	"x\234u\222\335K\024a\024\306\317\2313\273\216\353\270"
 181      DD4B1461 
 181      14C6CF99 
 181      33BB8EEB 
 181      B8
 182 0011 06DD0822 		.ascii	"\006\335\010\"\254\220\210Bb\335Y7\376\001\375\017!"
 182      AC908842 
 182      62DD5937 
 182      FE01FD0F 
 182      21
 183 0022 B644A009 		.ascii	"\266D\240\011\353\352\255\357.j\251a\031\232k\260\315"
 183      EBEAADEF 
 183      2E6AA961 
 183      199A6BB0 
 183      CD
 184 0033 DAD75AD8 		.ascii	"\332\327Z\330\207\025\212\225\356\250\225\251\233\232"
 184      87158A95 
 184      EEA895A9 
 184      9B9A
 185 0041 78970896 		.ascii	"x\227\010\226a-\272\206Hyan\347\235\261$\254\201\031"
 185      612DBA86 
 185      4879616E 
 185      E79DB124 
 185      AC8119
 186 0054 E6CCFBFC 		.ascii	"\346\314\373\374\316s\346y_\015\020N\021\300I\000\310"
 186      CE73E679 
 186      5F0D104E 
 186      11C04900 
 186      C8
 187 0065 E51B0950 		.ascii	"\345\033\011P\021B\224\245\0054\005\321z\023\032B\275"
 187      114294A5 
 187      053405D1 
 187      7A131A42 
 187      BD
 188 0076 82F57899 		.ascii	"\202\365x\231\272\010\227\202\341m\275\215\014\026\252"
 188      BA089782 
 188      E16DBD8D 
 188      0C16AA
 189 0085 5C764C3D 		.ascii	"\\vL=\233t\311\022\321\303e\313\315\350\226\2730\312"
 189      9B74C912 
 189      D1C365CB 
 189      CDE896BB 
 189      30CA
 190 0097 9C30BBBE 		.ascii	"\2340\273\276\035\037\035oj\271\202\006)\320\315\372"
 190      1D1F1D6F 
 190      6AB98206 
 190      29D0CDFA 
 191 00a7 179883CF 		.ascii	"\027\230\203\3171\007\344\205/\261\220\365C\211\317"
ARM GAS  /tmp/cc4JZDS4.s 			page 15


 191      3107E485 
 191      2FB190F5 
 191      4389CF
 192 00b6 75A423F0 		.ascii	"u\244#\360\353r_\270W/\270#DP\230\213Q\022G\014\"\034"
 192      EB725FB8 
 192      572FB823 
 192      4450988B 
 192      5112470C 
 193 00cc 46FA8BE4 		.ascii	"F\372\213\344o\314\216`\001\003\311\301{\0017\035\266"
 193      6FCC8E60 
 193      0103C9C1 
 193      7B01371D 
 193      B6
 194 00dd E09EE6E5 		.ascii	"\340\236\346\345\031\2220\373\356d_\027\246\312\246"
 194      199230FB 
 194      EE645F17 
 194      A6CAA6
 195 00ec 183B402B 		.ascii	"\030;@+L\233\026\2755\260r\202\262-\270q\341\347U\347"
 195      4C9B16BD 
 195      35B07282 
 195      B22DB871 
 195      E1E755E7 
 196 0100 9E733CC7 		.ascii	"\236s<\307\206U\034=\000\253\014\217a\001H&\226\272"
 196      86551C3D 
 196      00AB0C8F 
 196      61014826 
 196      96BA
 197 0112 1653ED18 		.ascii	"\026S\355\0304.;\357\217\356\350v\014\246\\~8\273<\234"
 197      342E3BEF 
 197      8FEEE876 
 197      0CA65C7E 
 197      38BB3C9C 
 198 0126 46B956FB 		.ascii	"F\271V\373\266D\377zV\376-a\362l\337\247\251/(Ds\231"
 198      B644FF7A 
 198      56FE2D61 
 198      F26CDFA7 
 198      A92F2844 
 199 013c 410E7C6D 		.ascii	"A\016|m;\274b\207\361\275X\244\376c\377ng\246S\3057"
 199      3BBC6287 
 199      F1BD58A4 
 199      FE63FF6E 
 199      67A653C5 
 200 0151 982F6393 		.ascii	"\230/c\223aM\240\2237\012P~{4\3570\305n\352\2020g\246"
 200      614DA093 
 200      370A507E 
 200      7B34EF30 
 200      C56EEA82 
 201 0168 B1BD632D 		.ascii	"\261\275c-WSQ&\002\320J \003PQ\230\000\227H\261\213"
 201      57535126 
 201      02D04A20 
 201      03505198 
 201      009748B1 
 202 017d 0017090C 		.ascii	"\000\027\011\014n~\031\031z\214\262\023[\244\326\356"
 202      6E7E1919 
 202      7A8CB213 
 202      5BA4D6EE 
 203 018d DE564B8A 		.ascii	"\336VK\212\015r\312\216!\333\344-\226\360\322\304\306"
ARM GAS  /tmp/cc4JZDS4.s 			page 16


 203      0D72CA8E 
 203      21DBE42D 
 203      96F0D2C4 
 203      C6
 204 019e FA02CA3F 		.ascii	"\372\002\312?IC\300I\036K\262\332\1778\224\334\024\226"
 204      4943C049 
 204      1E4BB2DA 
 204      7F3894DC 
 204      1496
 205 01b0 58C2356C 		.ascii	"X\3025l\214<M\036\263\206em\2707\236Jo\300`@3H\353\226"
 205      8C3C4D1E 
 205      B386656D 
 205      B8379E4A 
 205      6FC06040 
 206 01c8 529CC606 		.ascii	"R\234\306\006\2040\311s\263\322\332\360\300\221Wd\210"
 206      8430C973 
 206      B3D2DAF0 
 206      C0915764 
 206      88
 207 01d9 90C7A074 		.ascii	"\220\307\240t\251_\214\207\372\\R\037\022\"\362\204"
 207      A95F8C87 
 207      FA5C521F 
 207      1222F284 
 208 01e9 0F8D0BE3 		.ascii	"\017\215\013\343\230g\377\372;\006\015\312`\213\246"
 208      9867FFFA 
 208      3B060DCA 
 208      608BA6
 209 01f8 C8E0BF2D 		.ascii	"\310\340\277-\364nksg\366-\266#\211U\253!\307\020\031"
 209      F46E6B73 
 209      67F62DB6 
 209      238955AB 
 209      21C71019 
 210 020c 500CCA94 		.ascii	"P\014\312\224C\333\015gY\306\222\215\366\257?\364\274"
 210      43DB0D67 
 210      59C6928D 
 210      F6AF3FF4 
 210      BC
 211 021d A3F6146E 		.ascii	"\243\366\024n\331r\352C\352\206\366g\012\216!\013\347"
 211      D972EA43 
 211      EA86F667 
 211      0A8E210B 
 211      E7
 212 022e 7E4FF1DE 		.ascii	"~O\361\336\232\342\020'2\266d%)\3731\263\272\371i)\243"
 212      9AE21027 
 212      32B66425 
 212      29FB31B3 
 212      BAF96929 
 213 0243 74505CE4 		.ascii	"tP\\\344U\007\340<\226B\022\203\221X\262\207,U\221\265"
 213      5507E03C 
 213      96421283 
 213      9158B287 
 213      2C5591B5 
 214 0257 B7AD84FB 		.ascii	"\267\255\204\373\273\003\220^U}\246\266\322[\\\001\316"
 214      BB03905E 
 214      557DA6B6 
 214      D25B5C01 
 214      CE
ARM GAS  /tmp/cc4JZDS4.s 			page 17


 215 0268 1ABFCF5B 		.ascii	"\032\277\317[^\245\226\373\316V\310G\235\356\363\326"
 215      5EA596FB 
 215      CE56C847 
 215      9DEEF3D6 
 216 0278 D456FA4F 		.ascii	"\324V\372O\373\253\375\345\225\212\013\334\336\363\376"
 216      FBABFDE5 
 216      958A0BDC 
 216      DEF3FE
 217 0287 733EAFC7 		.ascii	"s>\257\307&\340\02773%w"
 217      26E01737 
 217      332577
 218              		.text
 219              		.section	.gnu.lto_moduleSsspBcbReceive.part.0.5ef73c3b71594aa5,"e",%progbits
 220 0000 789C8D52 		.ascii	"x\234\215R]KTQ\024=\353\234s\357\314\330\214}\350C9"
 220      5D4B5451 
 220      143DEB9C 
 220      73EFCCD8 
 220      8C7DE843 
 221 0015 10419148 		.ascii	"\020A\221H\020\003\275\366\320co\375\206J\253\207> "
 221      1003BDF6 
 221      D0636FFD 
 221      864AAB87 
 221      3E20
 222 0027 EAD9EB34 		.ascii	"\352\331\3534%\345d\024\332h4\\)\354\023*!\244\322t"
 222      25E56414 
 222      DA68345C 
 222      29EC132A 
 222      21A4D274 
 223 003b 2AF363FA 		.ascii	"*\363c\3726\3134S\220\012\033\242\302\"\202\302i\357"
 223      36CB3453 
 223      900A1BA2 
 223      C22282C2 
 223      69EF
 224 004d 73C74926 		.ascii	"s\307I&\203\006\346\262\357Y\353\354\265\326\335\333"
 224      8306E6B2 
 224      EF59EBEC 
 224      B5D6DDDB 
 225 005d 2F207C96 		.ascii	"/ |\226\020\313\205\020\233\350\017\237\200\3558\316"
 225      10CB8510 
 225      9BE80F9F 
 225      80ED38CE 
 226 006d 061F6C48 		.ascii	"\006\037lH\257\220RMOw\227j\247H\327\037M\255\321NP"
 226      AF90524D 
 226      4F77976A 
 226      A748D71F 
 226      4DADD14E 
 227 0082 C132508D 		.ascii	"\3012P\215_\347+\0130\225\343\207\250\266\245\322\026"
 227      5FE72B0B 
 227      3095E387 
 227      A8B6A5D2 
 227      16
 228 0093 AA714C25 		.ascii	"\252qL%\024\032\017w\014\207*\316;N\324I%^\256|v\360"
 228      141A0F77 
 228      0C872ACE 
 228      3B4ED449 
 228      255EAE7C 
 229 00a9 D09188AB 		.ascii	"\320\221\210\253\204hV\002\353\302\210\204\005\377\012"
ARM GAS  /tmp/cc4JZDS4.s 			page 18


 229      84685602 
 229      EBC28884 
 229      05FF0A
 230 00b8 88A93B72 		.ascii	"\210\251;r\251GB\216\204[\250`\207\035\250 \356x4\371"
 230      A947428E 
 230      845BA860 
 230      871DA820 
 230      EE7834F9 
 231 00cc 2358AF5C 		.ascii	"#X\257\\\2025\2756\244\257\017\024\361\253\304\012z"
 231      8235BD36 
 231      A4AF0F14 
 231      F1ABC40A 
 231      7A
 232 00dd 3D1FEB18 		.ascii	"=\037\353\030\011\250 \270k\337\353\256\206`y\253\351"
 232      09A820B8 
 232      6BDFEBAE 
 232      866079AB 
 232      E9
 233 00ee 3A764E39 		.ascii	":vN9\253\\\245\320\005\305\362\267\021F'\310\000\235"
 233      AB5CA5D0 
 233      05C5F2B7 
 233      114627C8 
 233      009D
 234 0100 8942F253 		.ascii	"\211B\362Sl\314S\221\247\242\033\345\206\215\024\312"
 234      6CCC5391 
 234      A7A21BE5 
 234      868D14CA 
 235 0110 E9C658FC 		.ascii	"\351\306X\374k'T\211\221j\354o\177\257r\267\207\226"
 235      6B275489 
 235      916AEC6F 
 235      7FAF72B7 
 235      8796
 236 0122 9E7252DA 		.ascii	"\236rR\332U\032w\376\322\322\242\220m\264r\3249ZwY\213"
 236      551A77FE 
 236      D2D2A290 
 236      6DB472D4 
 236      395A7759 
 237 0137 D8B867B4 		.ascii	"\330\270g\264.\177\357#\2552\243u\374\364\335\267\310"
 237      2E7FEF23 
 237      AD32A375 
 237      FCF4DDB7 
 237      C8
 238 0148 DDEE29F3 		.ascii	"\335\356)\363\264,\364\374\245e\211B\266\321\312Q\347"
 238      B42CF4FC 
 238      A5658942 
 238      B6D1CA51 
 238      E7
 239 0159 68DD672D 		.ascii	"h\335g-b\243\027\345\346\316d\333Lc\310\326<'Qp\000"
 239      62A317E5 
 239      E6CE64DB 
 239      4C63C8D6 
 239      3C275170 
 240 016e F4C1266A 		.ascii	"\364\301&j?=A\340\325AZ\203\231l\255\343\214\256n\226"
 240      3F3D41E0 
 240      D5415A83 
 240      996CADE3 
 240      8CAE6E96 
ARM GAS  /tmp/cc4JZDS4.s 			page 19


 241 0182 41809B48 		.ascii	"A\200\233HR\267\025=|\032\034\300\242\322o\203\277\233"
 241      52B7153D 
 241      7C1A1CC0 
 241      A2D26F83 
 241      BF9B
 242 0194 8FCA8010 		.ascii	"\217\312\200\020uJ\320\3168\032\\\332^\251D\\\311\331"
 242      754AD0CE 
 242      381A5CDA 
 242      5EA9445C 
 242      C9D9
 243 01a6 328368E7 		.ascii	"2\203h\347\207\237m_$+%\225$\023\365\007>\217\373y\322"
 243      879F6D5F 
 243      242B2595 
 243      2413F507 
 243      3E8FFB79 
 244 01bb 45E633A4 		.ascii	"E\3463\244F\257\215\024\267\342,\\\265 I\276\00685\235"
 244      46AF8D14 
 244      B7E22C5C 
 244      B52049BE 
 244      0638359D 
 245 01cf D7B81337 		.ascii	"\327\270\0237\354\310\025n\324\322.]\332\2054Z\3214"
 245      ECC8156E 
 245      D4D22E5D 
 245      DA85345A 
 245      D134
 246 01e1 1BA57DE8 		.ascii	"\033\245}\350j:\220\203\247\011\016\341\001\"M\012\036"
 246      6A3A9083 
 246      A7090EE1 
 246      01224D0A 
 246      1E
 247 01f2 DAD29219 		.ascii	"\332\322\222\031\016z\350\012\312\200\207\214I^\276"
 247      0E7AE80A 
 247      CA80878C 
 247      495EBE
 248 0201 4788B0A9 		.ascii	"G\210\260\251_\265\360\034)2%\336!6q\257\347\317\211"
 248      5FB5F01C 
 248      293225DE 
 248      213671AF 
 248      E7CF89
 249 0214 360B1D57 		.ascii	"6\013\035W\352D\"{\026^\214\206#o\334\336\365\036\305"
 249      EA44227B 
 249      165E8C86 
 249      236FDCDE 
 249      F51EC5
 250 0227 FA4FDF97 		.ascii	"\372O\337\227\024\373~\374/\337\357\011.\306\023\366"
 250      14FB7EFC 
 250      2FDFEF09 
 250      2EC613F6 
 251 0237 A6E6F3BD 		.ascii	"\246\346\363\275\020O\031\323\036\366\356fl*\020C\264"
 251      104F19D3 
 251      1EF6EE66 
 251      6C2A1043 
 251      B4
 252 0248 C603FD78 		.ascii	"\306\003\375xFQ\004\006\021\203\370\210C-\313\3150\211"
 252      46510406 
 252      1183F888 
 252      432DCBCD 
ARM GAS  /tmp/cc4JZDS4.s 			page 20


 252      3089
 253 025a 98BCF030 		.ascii	"\230\274\3600k\210~W-j\346\330x\316\244\244b\353\224"
 253      6B887E57 
 253      2D6AE6D8 
 253      78CEA4A4 
 253      62EB94
 254 026d CE558B39 		.ascii	"\316U\2139\321\364\324L\333/3\230\377\214s\305\214a"
 254      D1F4D44C 
 254      DB2F3398 
 254      FF8C73C5 
 254      8C61
 255 027f E85F7132 		.ascii	"\350_q2\004/\301\013\266l\315\027\247\004/\031\263="
 255      042FC10B 
 255      B66CCD17 
 255      A7042F19 
 255      B33D
 256 0291 2C3D1A1F 		.ascii	",=\032\037\367\347\261R\0143\346\343\021\275B\204\360"
 256      F7E7B152 
 256      0C33E6E3 
 256      11BD4284 
 256      F0
 257 02a2 8B8993A7 		.ascii	"\213\211\223\247%\257I)\262\0131Bv\352\244\323\377-"
 257      25AF4929 
 257      B20B3142 
 257      76EAA4D3 
 257      FF2D
 258 02b4 DB646660 		.ascii	"\333df`\306\243?O9c\222\306\303\310\320\375ey\300\232"
 258      C6A33F4F 
 258      396392C6 
 258      C3C8D0FD 
 258      6579C09A 
 259 02c8 5DBF4F90 		.ascii	"]\277O\220\024\233\273~\207o\356\356\321\322c\024a\225"
 259      149BBB7E 
 259      876FEEEE 
 259      D1D26314 
 259      6195
 260 02da E90ED271 		.ascii	"\351\016\322qk\335\231\216\220w,\361\032a\235\231\014"
 260      6BDD998E 
 260      90772CF1 
 260      1A619D99 
 260      0C
 261 02eb D242C36B 		.ascii	"\322B\303k\303{\023\330\265\247r\377\316\252\265[\205"
 261      C37B13D8 
 261      B5A772FF 
 261      CEAAB55B 
 261      85
 262 02fc BD65FFB6 		.ascii	"\275e\377\266mU{\355\235U\273\267\357\333\241+7\357"
 262      6D557BED 
 262      9D55BBB7 
 262      EFDBA12B 
 262      37EF
 263 030e DBFC1BFB 		.ascii	"\333\374\033\373m\242i"
 263      6DA269
 264              		.text
 265              		.section	.gnu.lto_moduleInitInterrupts.5ef73c3b71594aa5,"e",%progbits
 266 0000 789C8D97 		.ascii	"x\234\215\227gp\024G\032\206\247\273w\245\015\212\240"
 266      67701447 
ARM GAS  /tmp/cc4JZDS4.s 			page 21


 266      1A86A7BB 
 266      77A50D8A 
 266      A0
 267 0011 000A6625 		.ascii	"\000\012f%\031\005\020Za\003&\343+\252\256\312?\250"
 267      1905105A 
 267      610326E3 
 267      2BAAAECA 
 267      3FA8
 268 0023 AB32BF6D 		.ascii	"\2532\277m\312\306\252Cu\204+\201\253\316\277\274HD"
 268      CAC6AA43 
 268      75842B81 
 268      ABCEBFBC 
 268      4844
 269 0035 83019345 		.ascii	"\203\001\223EZr49#\202\220HZr\0209c09\211\034\244\353"
 269      5A723439 
 269      23829048 
 269      5A721039 
 269      63303989 
 270 004c AFA77776 		.ascii	"\257\247wvR\017\243\262\333=\275\357\367u\317\274\357"
 270      520FA3B2 
 270      DB3DBDEF 
 270      F775CFBC 
 270      EF
 271 005d 3CBB7649 		.ascii	"<\273vIH\232\225+I!I\222\336\"IB\355$\204\003\201\300"
 271      489A952B 
 271      49214992 
 271      DE224942 
 271      ED248403 
 272 0073 D7D1C35D 		.ascii	"\327\321\303]\030\223\251\227\347\265q\004<\256\207"
 272      1893A997 
 272      E7B57104 
 272      3CAE87
 273 0082 8B6E243B 		.ascii	"\213n$;\0021\004;t+\016\314g\036\247\374I\214\023\271"
 273      0231043B 
 273      742B0ECC 
 273      671EA7FC 
 273      498C13B9 
 274 0096 78BD0BBB 		.ascii	"x\275\013\273\271:\216\253\335\330\243[\361`>\363xy"
 274      B93A8EAB 
 274      DDD8A35B 
 274      F1603EF3 
 274      7879
 275 00a8 BD17C5F1 		.ascii	"\275\027\305\361\3728\034\317\325I\\\035\217\023t+\011"
 275      FA381CCF 
 275      D5495C1D 
 275      8F13742B 
 275      09
 276 00b9 98CF3C89 		.ascii	"\230\317<\211\274>\021%\361\372$\234\314\325i\\\235"
 276      BC3E1125 
 276      F1FA249C 
 276      CCD5695C 
 276      9D
 277 00ca 8C53742B 		.ascii	"\214St+)\230\317<\251\274>\025\245\361\3724\234\316"
 277      2998CF3C 
 277      A9BC3E15 
 277      A5F1FA34 
 277      9CCE
ARM GAS  /tmp/cc4JZDS4.s 			page 22


 278 00dc D53EAE4E 		.ascii	"\325>\256N\307\031\272\225\014\314g\236L^\237\211|\274"
 278      C719BA95 
 278      0CCC679E 
 278      4C5E9F89 
 278      7CBC
 279 00ee DE87B3B8 		.ascii	"\336\207\263\270:\227\253\263p\266n%\033\363\231'\207"
 279      3A97ABB3 
 279      70B66E25 
 279      1BF39927 
 279      87
 280 00ff D7E7A05C 		.ascii	"\327\347\240\\^\237\213\363\270\272\220\253\363p\276"
 280      5E9F8BF3 
 280      B8BA90AB 
 280      F370BE
 281 010e 6E251FF3 		.ascii	"n%\037\363\231\247\200\327\027\240B^_\210\020\233\005"
 281      99A780D7 
 281      17A0425E 
 281      5F88109B 
 281      05
 282 011f 5C48FA15 		.ascii	"\\H\372\025\023\207\323\345\366x\343\342\023\022\223"
 282      1387D3E5 
 282      F678E3E2 
 282      131293
 283 012e 925352D3 		.ascii	"\222SR\323\32232}Y\3319\271y\371\005\205\350W4\221\314"
 283      D233327D 
 283      59D939B9 
 283      79F90585 
 283      E8573491 
 284 0143 20A866F4 		.ascii	" \250f\364\235\355\270`\031\255\012T\317\230\232:*0"
 284      9DEDB860 
 284      19AD0A54 
 284      CF989A3A 
 284      2A30
 285 0155 B2459048 		.ascii	"\262E\220HR%\375W\376C;P\201$Q\345\315\365\215\323b"
 285      5225FD57 
 285      FE433B50 
 285      812451E5 
 285      CDF58DD3 
 286 016a A31CFC23 		.ascii	"\243\034\374#T\205\242\3424\2534JZ\031V/\214\200\035"
 286      5485A2E2 
 286      34AB344A 
 286      5A19562F 
 286      8C801D
 287 017d AE373C6D 		.ascii	"\2567<m53\212\325\262\217Ur\264\033E\241](J\273\270"
 287      35338AD5 
 287      B28F5572 
 287      B41B45A1 
 287      5D284ABB 
 288 0192 872EEE84 		.ascii	"\207.\356\204ET\215\242\264\275|\346m\366\232\265\251"
 288      45548DA2 
 288      B4BD7CE6 
 288      6DF69AB5 
 288      A9
 289 01a3 51DAD4DA 		.ascii	"Q\332\324\332l\263\317\254\315~\245\315\001\233m\016"
 289      6CB3CFAC 
 289      CD7EA5CD 
 289      019B6D0E 
ARM GAS  /tmp/cc4JZDS4.s 			page 23


 290 01b3 9AB539A4 		.ascii	"\232\2659\244\264\251\263\331&d\326\346\260\322\346"
 290      B4A9B3D9 
 290      2664D6E6 
 290      B0D2E6
 291 01c2 88CD3647 		.ascii	"\210\3156G\315\332\034S\332\034\267\331\346\204Y\233"
 291      CDDA1C53 
 291      DA1CB7D9 
 291      E684599B 
 292 01d2 934A9B53 		.ascii	"\223J\233S6\333\2346ksFiSo\263\315Y\2636\347\2246\347"
 292      36DB9C36 
 292      6B734669 
 292      536FB3CD 
 292      59B336E7 
 293 01e9 6DB6B960 		.ascii	"m\266\271`\326\346\242\322\346\222\3156\227\315\332"
 293      D6E6A2D2 
 293      E692CD36 
 293      97CDDA
 294 01f8 5C51DA5C 		.ascii	"\\Q\332\\\265\331\346\232Y\233\353J\233\0336\333\334"
 294      B5D9E69A 
 294      599BEB4A 
 294      9B1B36DB 
 294      DC
 295 0209 346B734B 		.ascii	"4ksKi\363\227\3156\267\315\332\334Q\332\374Mg\364U_"
 295      69F397CD 
 295      36B7CDDA 
 295      DC51DAFC 
 295      4D67F455 
 296 021e 7BCA591D 		.ascii	"{\312Y\035hl\032M9\222r\271&4 \200\220\024$\010\323"
 296      686C1A4D 
 296      399272B9 
 296      26342080 
 296      90142408 
 297 0233 01139839 		.ascii	"\001\023\2309`p\322\201D\301,\232\016\016\027\014n\270"
 297      6070D281 
 297      44C12C9A 
 297      0E0E170C 
 297      6EB8
 298 0245 F480CE0B 		.ascii	"\364\200\316\013\263\030\030bA\027\007\263x\220$\300"
 298      B3181862 
 298      411707B3 
 298      789024C0 
 299 0255 900897CD 		.ascii	"\220\010\227\315@\327\034fI0$\203.\005f\251 i\001CK"
 299      40D71C66 
 299      49302483 
 299      2E0566A9 
 299      20690143 
 300 026a B84C035D 		.ascii	"\270L\003]:\3142`\310\004\335g0k\005\022\037\014Yp\231"
 300      3ACC3260 
 300      C804DD67 
 300      306B0512 
 300      1F0C5970 
 301 027f 0DBA1C98 		.ascii	"\015\272\034\230}\016Ck\320\345\302,\017$\3710\024\300"
 301      7D0E436B 
 301      D0E5C22C 
 301      0F24F930 
 301      14C0
 302 0291 651BD0B5 		.ascii	"e\033\320\265\205Y!\014\355@W\0043?H\212ah\017\227_"
ARM GAS  /tmp/cc4JZDS4.s 			page 24


 302      8559210C 
 302      ED405704 
 302      333F488A 
 302      61680F97 
 303 02a6 80EE4B98 		.ascii	"\200\356K\230u\200\241#\350:\301\354+\220t\206\241\013"
 303      7580A123 
 303      E83AC1EC 
 303      2B907486 
 303      A10B
 304 02b8 1D9C5D61 		.ascii	"\035\234]a\350\006Cw\030z\300\320\023\206^0H\3228\""
 304      E8064377 
 304      187AC0D0 
 304      13865E30 
 304      48D23822 
 305 02cc 35D13F82 		.ascii	"5\321?\202\002\325\2224\236`\371\242\202^<@\3457\033"
 305      02D59234 
 305      9E60F9A2 
 305      825E3C40 
 305      E5371B
 306 02df 4EBF8F05 		.ascii	"N\277\217\005\377\020\3752\257@\324\227\300\222\273"
 306      FF10FD32 
 306      AF40D497 
 306      C092BB
 307 02ee 073D1348 		.ascii	"\007=\023H\220D\241bz\2710\270\341\215'k*\012\006f\372"
 307      9044A162 
 307      7AB930B8 
 307      E18D276B 
 307      2A0A0666 
 308 0303 82241A9C 		.ascii	"\202$\032\234[}\253*\340rPk\321=\224\305\274\334?\376"
 308      5B7DAB2A 
 308      E072506B 
 308      D13D94C5 
 308      BCDC3FFE 
 309 0317 4A5D345D 		.ascii	"J]4]A\367\221\003\335E\351\364\243\007\310A?X\276\273"
 309      41F79103 
 309      DD45E9F4 
 309      A307C841 
 309      3F58BEBB 
 310 032b F6764CD6 		.ascii	"\366vL\326\014^\355\002\355\3635\033\352\275\254\372"
 310      0C5EED02 
 310      EDF3351B 
 310      EABDACFA 
 311 033b 2154A347 		.ascii	"!T\243G\324\316\207\250\342\372\307i\257\322 R\240\231"
 311      D4CE87A8 
 311      E2FAC769 
 311      AFD22052 
 311      A099
 312 034d BBFC4893 		.ascii	"\273\374H\223{\004*\037\356\012\022w%!\220?\011=F# "
 312      7B042A1F 
 312      EE0A1277 
 312      2521903F 
 312      093D4623 
 313 0362 081EE93E 		.ascii	"\010\036\351>*\337\271}a\003\206\214\315%p\350\011\025"
 313      2ADFB97D 
 313      6103868C 
 313      CD2570E8 
 313      0915
ARM GAS  /tmp/cc4JZDS4.s 			page 25


 314 0374 4FAEBAE0 		.ascii	"O\256\272\340\320^\244\257\367.\"\362\327\307\331K\007"
 314      D05EA4AF 
 314      F72E22F2 
 314      D7C7D94B 
 314      07
 315 0385 4EA02568 		.ascii	"N\240%h\021\012\222\030\364\224\366BO\340\244\364\223"
 315      110A9218 
 315      F494F642 
 315      4FE0A4F4 
 315      93
 316 0396 1D93C7AC 		.ascii	"\035\223\307\254\213*^\303\202\033$\261\350\031\225"
 316      8B2A5EC3 
 316      821B24B1 
 316      E81995
 317 03a5 CD94BF9C 		.ascii	"\315\224\277\234\236\243b8\235O\336\012\353z\307U\022"
 317      9EA36238 
 317      9D4FDE0A 
 317      EB7AC755 
 317      12
 318 03b6 071535C8 		.ascii	"\007\0255\310\007\213\247\312QL\251?CB%\030\201^\200"
 318      078BA7CA 
 318      514CA93F 
 318      43422518 
 318      815E80
 319 03c9 8E1ED8D8 		.ascii	"\216\036\330\330H9\344\330m\357*\275\362!c\321K8d\221"
 319      4839E4D8 
 319      6DEF2ABD 
 319      F22163D1 
 319      4B386491 
 320 03dd 7CC69AC7 		.ascii	"|\306\232\307[\226Fsu\"zEOH\033\276\246\202 i\306\236"
 320      5B964673 
 320      75227A45 
 320      4F481BBE 
 320      A6822069 
 321 03f3 DFB3F91B 		.ascii	"\337\263\371\033\243T\257U%}7\014\337\232c\217z\371"
 321      A354AF55 
 321      257D370C 
 321      DF9A638F 
 321      7AF9
 322 0405 8BA97B07 		.ascii	"\213\251{\007\337\322\000\274a\357\340;S\007\242A!\241"
 322      DFD200BC 
 322      61EFE03B 
 322      5307A241 
 322      21A1
 323 0417 F7610720 		.ascii	"\367a\007 9\317N\277G\362+\313\223c\222\202\017,\005"
 323      39CF4EBF 
 323      47F22BCB 
 323      93639282 
 323      0F2C05
 324 042a 7ACB3FAA 		.ascii	"z\313?\252-\277#\260\3746l\330\250\261\274&l9\261\345"
 324      2DBF23B0 
 324      FC366CD8 
 324      A8B1BC26 
 324      6C39B1E5 
 325 043e 719395C7 		.ascii	"q\223\225\307\001\254x<\034\027\323\376\025\323G#\271"
 325      01AC783C 
 325      1C17D3FE 
ARM GAS  /tmp/cc4JZDS4.s 			page 26


 325      15D34723 
 325      B9
 326 044f BB43DEE0 		.ascii	"\273C\336\340\344\234\315/c!S\010=\245\257L<*\247\024"
 326      E49CCD2F 
 326      63215308 
 326      3DA5AF4C 
 326      3C2AA714 
 327 0463 A0E7F810 		.ascii	"\240\347\370\020\3269\251TS\310OV\275n\312\351h\271"
 327      D639A954 
 327      53C84F56 
 327      BD6ECAE9 
 327      68B9
 328 0475 301E55C8 		.ascii	"0\036U\310E\347\335\262$Z\035\326\346,\254U/v\335g7"
 328      45E7DDB2 
 328      245A1DD6 
 328      E62CAC55 
 328      2F76DD67 
 329 048a 427F2F35 		.ascii	"B\177/5_\004\277~\350\342\265\300\363\243\036z#\303"
 329      5F04BF7E 
 329      E8E2B5C0 
 329      F3A31E7A 
 329      23C3
 330 049c 13822409 		.ascii	"\023\202$\011\215\304\364NF`\371N\3526\327o\300\364"
 330      8DC4F44E 
 330      4660F94E 
 330      EA36D76F 
 330      C0F4
 331 04ae 4E26B13B 		.ascii	"N&\261;IF\243\330\235\360\037M\243\352\357>ww\332\024"
 331      4946A3D8 
 331      9DF01F4D 
 331      A3EAEF3E 
 331      7777DA14 
 332 04c2 A0650E34 		.ascii	"\240e\0164\232\336\230\204\306\340N\232S\272\344S\324"
 332      9ADE9884 
 332      C6E04E9A 
 332      53BAE453 
 332      D4
 333 04d3 6EBD740F 		.ascii	"n\275t\017\303)\034\250\030\215\245\275o\243\021w{s"
 333      C3291CA8 
 333      188DA5BD 
 333      6FA31177 
 333      7B73
 334 04e5 09FD7C41 		.ascii	"\011\375|A\375\211r$\177\236\200~\203\275%\300\007Y"
 334      FD897224 
 334      7F9E807E 
 334      83BD25C0 
 334      0759
 335 04f7 7CE3E549 		.ascii	"|\343\345I\014\370@\272\202\251\241Mu\036\271\300\207"
 335      0CF840BA 
 335      82A9A14D 
 335      751EB9C0 
 335      87
 336 0508 C629058E 		.ascii	"\306)\005\216S\273*\256!( \264\340Z\270\200m\011\177"
 336      53BB2AAE 
 336      212820B4 
 336      E05AB880 
 336      6D097F
ARM GAS  /tmp/cc4JZDS4.s 			page 27


 337 051b E38833B8 		.ascii	"\343\2103\270\252r\012SD\215'\360?\000\001\007\\\304"
 337      AA720A53 
 337      448D27F0 
 337      3F000107 
 337      5CC4
 338 052d 88DEA694 		.ascii	"\210\336\246\224JJ\022\011\215\307\354mr\262\347\336"
 338      4A4A1209 
 338      8DC7EC6D 
 338      72B2E7DE 
 339 053d 2548528D 		.ascii	"%HR\215\257\001O\3751A\352\177\307\341\324O\300\346"
 339      AF014FFD 
 339      3141EA7F 
 339      C7E1D44F 
 339      C0E6
 340 054f A9A70A09 		.ascii	"\251\247\012\011M\304\372\324_\265N\375$l\226\372?\260"
 340      4DC4FAD4 
 340      5FB54EFD 
 340      246C96FA 
 340      3FB0
 341 0561 2AF55704 		.ascii	"*\365W\004\251\277\014\251\237\2145\240{\305S\3576\246"
 341      A9BF0CA9 
 341      9F8C35A0 
 341      7BC553EF 
 341      36A6
 342 0573 1E1B533F 		.ascii	"\036\033S?\005[\244~j$\365\323\260\232l\036s\262M\307"
 342      055BA47E 
 342      6A24F5D3 
 342      B09A6C1E 
 342      73B24DC7 
 343 0587 F6C83643 		.ascii	"\366\3106C\366\302ml\244\034RC\266\231XD\266J\314\310"
 343      F6C26D6C 
 343      A41C5243 
 343      B6995844 
 343      B64ACCC8 
 344 059b 360B0BC8 		.ascii	"6\013\013\310\306-\275 \260t\266b\351\034\201\245\263"
 344      C62DBD20 
 344      B074B662 
 344      E91C81A5 
 344      B3
 345 05ac C1D2B906 		.ascii	"\301\322\271\006KoX[:\317\324\322\240\332\322\353\002"
 345      4B6F585B 
 345      3ACFD4D2 
 345      A0DAD2EB 
 345      02
 346 05bd 4BAF81A5 		.ascii	"K\257\201\245\3635\226\326\204-\365\332\262t\201\225"
 346      F33596D6 
 346      842DF5DA 
 346      B2748195 
 347 05cd A50B2396 		.ascii	"\245\013#\226.\322\201,\206n`\240V,]\327\250\342@\245"
 347      2ED2812C 
 347      866E60A0 
 347      562C5DD7 
 347      A8E240A5 
 348 05e1 C354BC91 		.ascii	"\303T\274\221K\304\204K\213\255\270\264D\310\245\245"
 348      4BC4844B 
 348      8BADB8B4 
 348      44C8A5A5 
ARM GAS  /tmp/cc4JZDS4.s 			page 28


 349 05f1 8C4BCB74 		.ascii	"\214K\313t\\J\240\333\352A\244\220\347\025\352B\273"
 349      5C4AA0DB 
 349      EA41A490 
 349      E715EA42 
 349      BB
 350 0602 2C19B7B0 		.ascii	",\031\267\260\212!\331\2110Z\216\323I\250\001\276I\267"
 350      8A21D989 
 350      305A8ED3 
 350      49A801BE 
 350      49B7
 351 0614 8C7DB4C2 		.ascii	"\214}\264\302-/#\264\002\247c\254\246\254\223\372\272"
 351      2D2F23B4 
 351      02A763AC 
 351      A6AC93FA 
 351      BA
 352 0625 12A73B61 		.ascii	"\022\247;aq\370\270\225\013x\003\202V\341t\352\345x"
 352      71F8B895 
 352      0B780382 
 352      56E174EA 
 352      E578
 353 0637 E25EA241 		.ascii	"\342^\242AZ\355\251\357\302\233G(\3461\245X\202\212"
 353      5AEDA9EF 
 353      C29B4728 
 353      E631A558 
 353      828A
 354 0649 625E35C5 		.ascii	"b^5\305\342lS\354O\371\315\211e>t\265\242\330EA\344"
 354      E26C53EC 
 354      4FF9CD89 
 354      653E74B5 
 354      A2D84541 
 355 065e 572B915F 		.ascii	"W+\221_#\210\374j\210\374ZC\344\317[G~\235i\344\327"
 355      2388FC6A 
 355      88FC5A43 
 355      E4CF5B47 
 355      7E9D69E4 
 356 0673 AB237F4E 		.ascii	"\253#\177N\020\371\263\020\371\015Z\212\275\346\221"
 356      10F9B310 
 356      F90D5A8A 
 356      BDE691
 357 0682 4F3446DE 		.ascii	"O4F\336a\214\374F\253\310o\212D~\263\206b\315\314)\266"
 357      618CFC46 
 357      ABC86F8A 
 357      447EB386 
 357      62CDCC29 
 358 0697 C526C5B6 		.ascii	"\305&\305\266\312^$\032\033)\207\324Pl\233\220b\333"
 358      CA5E241A 
 358      1B2987D4 
 358      506C9B90 
 358      62DB
 359 06a9 658AEDF8 		.ascii	"e\212\355\370\004\305\256\010,\255R,\335)\260\264\012"
 359      04C5AE08 
 359      2CAD522C 
 359      DD29B0B4 
 359      0A
 360 06ba 2CDD65B0 		.ascii	",\335e\260\364\222\265\245\273M-\335\243\266\364\242"
 360      F492B5A5 
 360      BB4D2DDD 
ARM GAS  /tmp/cc4JZDS4.s 			page 29


 360      A3B6F4A2 
 361 06ca C0D20B60 		.ascii	"\300\322\013`i\265\226baK\233\333\262t\257\225\2455"
 361      69B59662 
 361      614B9BDB 
 361      B274AF95 
 361      A535
 362 06dc 114B6B75 		.ascii	"\021Kku\024K\242\033\030(\226L\3275\252\024P\351(\226"
 362      144BA21B 
 362      1828964C 
 362      D735AA14 
 362      50E92896 
 363 06f0 6AA498D3 		.ascii	"j\244\230\323\204b\373\254(\266_H\261\003\214b\007u"
 363      8462FBAC 
 363      28B65F48 
 363      B1038C62 
 363      0775
 364 0702 146B41B7 		.ascii	"\024kA\267\325S\254E\204b]\001[\356\020\345?\345\224"
 364      D553AC45 
 364      84625D01 
 364      5BEE10E5 
 364      3FE594
 365 0715 0B0398BC 		.ascii	"\013\003\230\274\030H\344\001\022\305\353H\364\374\273"
 365      1848E401 
 365      12C5EB48 
 365      F4FCBB
 366 0724 70830889 		.ascii	"p\203\010\211\022LI\324BE\242D5\211\222l\223\350\220"
 366      124C49D4 
 366      4245A244 
 366      3589926C 
 366      93E890
 367 0737 9CFE64F6 		.ascii	"\234\376d\366,\273Y\221\350\252 \266uJlC\202\330\326"
 367      2CBB5991 
 367      E8AA20B6 
 367      754A6C43 
 367      82D8D6
 368 074a 416C0F1B 		.ascii	"Al\017\033b{\312:\266GLc{T\035\333\223\202\330\236\200"
 368      627BCA3A 
 368      B6474C63 
 368      7B541DDB 
 368      9382D89E 
 369 075f D81ED392 		.ascii	"\330\036\323\222\350\035\217mKcl\243\214\261=n\025\333"
 369      E81D8F6D 
 369      4B636CA3 
 369      8CB13D6E 
 369      15DB
 370 0771 1391D89E 		.ascii	"\023\221\330\236\324\220(\315\234D\247l\222\350\264"
 370      D49028CD 
 370      9C44A76C 
 370      92E8B4
 371 0780 EC454B63 		.ascii	"\354EKc#\345\220\032\022\235\021\222\250^&\321\331O"
 371      23E5901A 
 371      129D1192 
 371      A85E26D1 
 371      D94F
 372 0792 90E89EC0 		.ascii	"\220\350\236\300\322s\212\245\347\005\226\236\003K/"
 372      D2738AA5 
 372      E705969E 
ARM GAS  /tmp/cc4JZDS4.s 			page 30


 372      034B2F
 373 07a1 182CADB7 		.ascii	"\030,\255\267\266\364\242\251\245\227\324\226\236\021"
 373      B6F4A2A9 
 373      A597D496 
 373      9E11
 374 07af 587A1A2C 		.ascii	"Xz\032,\275\254%Q\330\322t[\226^\261\262\364j\304\322"
 374      BDAC2551 
 374      D8D2745B 
 374      965EB1B2 
 374      F46AC4D2 
 375 07c3 6B3A1265 		.ascii	"k:\022e\320\015\014$\312\244\353\032\325"
 375      D00D0C24 
 375      CAA4EB1A 
 375      D5
 376 07d0 67A0D291 		.ascii	"g\240\322\221\250\225\221D\321&$\272nE\242\033B\022"
 376      A8959144 
 376      D12624BA 
 376      6E45A21B 
 376      4212
 377 07e2 DD6424BA 		.ascii	"\335d$\272\245#\221\217n\253'\221/B\242n@\242\370\320"
 377      A523918F 
 377      6EAB2791 
 377      2F42A26E 
 377      40A2F8D0 
 378 07f6 6B46A238 		.ascii	"kF\2428F\242DF\242\004 Q\262\3767\321\367\341\006\021"
 378      46A24446 
 378      A2042051 
 378      B2FE37D1 
 378      F7E10611 
 379 080a 12A59892 		.ascii	"\022\245\230\222\310\247\"Q\252\232Di\266I\364\227\234"
 379      C8A72251 
 379      AA9A4469 
 379      B649F497 
 379      9C
 380 081b FE4CF62C 		.ascii	"\376L\366,\273[\221\350\276 \266\267\225\330\336\021"
 380      BB5B91E8 
 380      BE20B6B7 
 380      95D8DE11 
 381 082b C4F636C4 		.ascii	"\304\3666\304\366oCl\217X\307\366\256il\357\251c{X\020"
 381      F66F436C 
 381      8F58C7F6 
 381      AE696CEF 
 381      A9637B58 
 382 0840 DB10C4F6 		.ascii	"\333\020\304\366\276\226D\357yl\263\214\261u\031c\373"
 382      BE9644EF 
 382      796CB38C 
 382      B1751963 
 382      FB
 383 0851 C02AB60F 		.ascii	"\300*\266\017#\261}\244!Q\2669\211\036\333$\321\023"
 383      23B17DA4 
 383      2151B639 
 383      891EDB24 
 383      D113
 384 0863 D98B2C63 		.ascii	"\331\213,c#\345\220\032\022=\025\222\350\231L\242\347"
 384      23E5901A 
 384      123D1592 
 384      E8994CA2 
ARM GAS  /tmp/cc4JZDS4.s 			page 31


 384      E7
 385 0874 9F20D123 		.ascii	"\237 \321#\201\245\015\212\245/\004\2266\200\245/\015"
 385      81A50D8A 
 385      A52F0496 
 385      3680A52F 
 385      0D
 386 0885 961EB7B6 		.ascii	"\226\036\267\266\364\225\251\245\257\325\226\036\023"
 386      F495A9A5 
 386      AFD5961E 
 386      13
 387 0892 587A142C 		.ascii	"Xz\024,}\243%Q\330\322\034[\226\276\265\262\364]\304"
 387      7DA32551 
 387      D8D21C5B 
 387      96BEB5B2 
 387      F45DC4
 388 08a5 D2F73A12 		.ascii	"\322\367:\022}N70\220\2505]\327\250rA\245#Q\236\221"
 388      7D4E3730 
 388      90A8355D 
 388      D7A87241 
 388      A523519E 
 389 08ba 446E1312 		.ascii	"Dn\023\022}\260\"\321G!\211\032\031\211\232t$\312\247"
 389      7DB022D1 
 389      4721891A 
 389      19899A74 
 389      24CAA7
 390 08cd DBEA4994 		.ascii	"\333\352I\224\037!Qw Qr\350\035#Q\022#Q*#Q\012\220("
 390      1F215177 
 390      205172E8 
 390      1D235112 
 390      23512A23 
 391 08e5 5DFF9BE8 		.ascii	"]\377\233\350\373p\203\010\2112LI\224\257\"Q\246\232"
 391      FB708308 
 391      89324C49 
 391      94AF2251 
 391      A69A
 392 08f7 443EDB24 		.ascii	"D>\333$\012\020\226\376\326\354Y\366\260\"\321cAl\207"
 392      0A1096FE 
 392      D6EC59F6 
 392      B022D163 
 392      416C87
 393 090a 93706CCB 		.ascii	"\223pl\313\211yl\251BB\025D\037\333\003\326\261\035"
 393      89796CA9 
 393      42421544 
 393      1FDB03D6 
 393      B11D
 394 091c 41CC623B 		.ascii	"A\314b;\222\250b\273_\020\333}\020\333QDC\242F\036\333"
 394      92A862BB 
 394      5F10DB7D 
 394      10DB5144 
 394      43A2461E 
 395 0931 02636C3D 		.ascii	"\002cl=\306\330\216&\026\261\035C\224\330\216%j\022"
 395      C6D88E26 
 395      16B11D43 
 395      94D88E25 
 395      6A12
 396 0943 B53127D1 		.ascii	"\2651'\321o\304\036\211\306\311^\024\030\033)\207\324"
 396      6FC41E89 
ARM GAS  /tmp/cc4JZDS4.s 			page 32


 396      C6C95E14 
 396      181B2987 
 396      D4
 397 0954 90683C11 		.ascii	"\220h<\021\221\350w\302H4\201X\223\350\255\300\322\211"
 397      91E877C2 
 397      48348158 
 397      93E8ADC0 
 397      D289
 398 0966 8AA59304 		.ascii	"\212\245\223\004\226N\004K\3770XZgm\351dSK\247\250-"
 398      964E044B 
 398      FF30585A 
 398      676DE964 
 398      534BA7A8 
 399 097b 3D24B0F4 		.ascii	"=$\260\364 X:UciM\330\322\266\266,\235fe\351\364\210"
 399      20583A55 
 399      63694DD8 
 399      D2B6B62C 
 399      9D6665E9 
 400 0991 A5338896 		.ascii	"\2453\210\226D\205t\003\003\211\332\321u\215\252\010"
 400      44857403 
 400      0389DAD1 
 400      758DAA08 
 401 09a1 543A12F9 		.ascii	"T:\022\371\215$\362\232\220h&\261 Q%\021\221h\026\001"
 401      8D24F29A 
 401      906826B1 
 401      20512511 
 401      91681601 
 402 09b5 12CD265A 		.ascii	"\022\315&Z\022\025\323m\365$*\216\220\250\007\220(="
 402      1215D36D 
 402      F5242A8E 
 402      90A80790 
 402      283D
 403 09c7 F49E9128 		.ascii	"\364\236\221(\215\221(\223\221(\003H\224\245\377M\324"
 403      8D912893 
 403      91280348 
 403      94A5FF4D 
 403      D4
 404 09d8 2FDC2042 		.ascii	"/\334 B\242lS\022\025\253H\224\243&Q\256m\022\315\221"
 404      A26C5312 
 404      15AB4894 
 404      A32651AE 
 404      6D12CD91 
 405 09ec D3DF8E3D 		.ascii	"\323\337\216=\313\236V$z'\210\355\\%\266\363\004\261"
 405      CB9E5624 
 405      7A2788ED 
 405      5C25B6F3 
 405      04B1
 406 09fe 9D0BB10D 		.ascii	"\235\013\261\015\032b[m\035\333\371\246\261]\240\216"
 406      1A625B6D 
 406      1DDBF9A6 
 406      B15DA08E 
 407 0a0e ED1E416C 		.ascii	"\355\036AlwCl\027jI\324\304c\333\336\030\333\030cl\027"
 407      77436C17 
 407      6A49D4C4 
 407      63DBDE18 
 407      DB18636C 
 408 0a23 59C57671 		.ascii	"Y\305vq$\266K4$\372\302\234DKm\222h\231\354E{c#\345"
ARM GAS  /tmp/cc4JZDS4.s 			page 33


 408      24B64B34 
 408      24FAC29C 
 408      444B6D92 
 408      6899EC45 
 409 0a3b 901A122D 		.ascii	"\220\032\022-\027\222h\205L\242\225\237 \321G\201\245"
 409      17926885 
 409      4CA2959F 
 409      20D14781 
 409      A5
 410 0a4c AB144BFF 		.ascii	"\253\024K\377\024X\272\012,]m\260\264\326\332\3225\246"
 410      1458BA0A 
 410      2C5D6DB0 
 410      B4D6DAD2 
 410      35A6
 411 0a5e 96AE555B 		.ascii	"\226\256U[Z#\260t/X\272NK\242\260\245_\332\262t\275"
 411      5A23B074 
 411      2F58BA4E 
 411      4BA2B0A5 
 411      5FDAB274 
 412 0a73 95A51B22 		.ascii	"\225\245\033\"\226n\324\221\250\003\335\300@\242\216"
 412      966ED491 
 412      A803DDC0 
 412      40A28E
 413 0a82 745DA3EA 		.ascii	"t]\243\352\004*\035\211\2762\222(\326\204D\233\254H"
 413      042A1D89 
 413      BE329228 
 413      D684449B 
 413      AC48
 414 0a94 B45948A2 		.ascii	"\264YH\242-\214D[u$\352L\267\325\223\250s\204D=\201"
 414      2D8C445B 
 414      7524EA4C 
 414      B7D593A8 
 414      7384443D 
 415 0aa9 4459A146 		.ascii	"DY\241FF\"\037#Q\016#Q6\220(O\377\233\250_\270A\204"
 415      46221F23 
 415      510E2351 
 415      3690284F 
 415      FF9BA85F 
 416 0ac0 44F9A624 		.ascii	"D\371\246$\352\254\"Q\201\232D\205\266I\264MN\177G\366"
 416      EAAC2251 
 416      819A4485 
 416      B649B44D 
 416      4E7F47F6 
 417 0ad4 2C7B5991 		.ascii	",{Y\221\250Q\020\333\355Jlw\010b\273\035b[\025N\321"
 417      A85110DB 
 417      ED4A6C77 
 417      0862BB1D 
 417      625B154E 
 418 0ae9 63543E7F 		.ascii	"cT>\177A\007v$\366pz\301\303\311\0135\261\207\223\313"
 418      41077624 
 418      F6707AC1 
 418      C3C90B35 
 418      B18793CB 
 419 0afd 1E4E017B 		.ascii	"\036N\001{8\371\230\336\026\222\357\244\274\032\304"
 419      38F998DE 
 419      1692EFA4 
 419      BC1AC4
ARM GAS  /tmp/cc4JZDS4.s 			page 34


 420 0b0c EE41437E 		.ascii	"\356AC~\372y`IQ\177\311_T\004\377\374\247\244lp\311"
 420      FA796049 
 420      517FC95F 
 420      5404FFFC 
 420      A7A46C70 
 421 0b21 407FEF01 		.ascii	"@\177\357\001\245?\226\376\253\257\177\310P\377\200"
 421      A53F96FE 
 421      ABAF7FC8 
 421      50FF80
 422 0b30 1F06D2FF 		.ascii	"\037\006\322\377\320\241lX\273\301\245\362\274h\200"
 422      D0A16C58 
 422      BBC1A5F2 
 422      BC6880
 423 0b3f F44F91BE 		.ascii	"\364O\221\276\377\220A\203\206\014\366\227\374o\230"
 423      FF904183 
 423      860CF697 
 423      FC6F98
 424 0b4e FF1FDFF6 		.ascii	"\377\037\337\366\361\367\356\323\367\233\276\376\336"
 424      F1F7EED3 
 424      F79BBEFE 
 424      DE
 425 0b5b 43CA4AFC 		.ascii	"C\312J\374\337\014\356?\360\347\237J\374\375\007\015"
 425      DF0CEE3F 
 425      F0E79F4A 
 425      FCFD070D 
 426 0b6b 2D1DDAEF 		.ascii	"-\035\332\357\337\375\373\3236\011}\372~\353\373\361"
 426      DFFDFBD3 
 426      36097DFA 
 426      7EEBFBF1 
 427 0b7b 87A125FF 		.ascii	"\207\241%\377-+-\364\265.\226p\231\024=\250d\320\220"
 427      2D2B2DF4 
 427      B52E9670 
 427      99143DA8 
 427      64D090
 428 0b8e B25FA4B6 		.ascii	"\262_\244\266\242-\312\206\371K\303\275\006\014\375"
 428      A22DCA86 
 428      F94BC3BD 
 428      060CFD
 429 0b9d 6528EDF3 		.ascii	"e(\355\363\177\260;-\256"
 429      7FB03B2D 
 429      AE
 430              		.text
 431              		.section	.gnu.lto__gpioCompassDrdy.5ef73c3b71594aa5,"e",%progbits
 432 0000 789CE360 		.ascii	"x\234\343``d0d`\000\222\0200\235\231q\341\326\023\375"
 432      60643064 
 432      60009210 
 432      309D9971 
 432      E1D613FD 
 433 0014 EC7DCCF3 		.ascii	"\354}\314\363\231\031\030[g\2644\260\000\205Z7?}\313"
 433      9919185B 
 433      67B434B0 
 433      00855A37 
 433      3F7DCB
 434 0027 65B9BDA1 		.ascii	"e\271\275\241cA\203\300|f\306\031@\251]\214\322\014"
 434      634183C0 
 434      7C66C619 
 434      40A95D8C 
ARM GAS  /tmp/cc4JZDS4.s 			page 35


 434      D20C
 435 0039 8CBB192D 		.ascii	"\214\273\031-\031\000\343h\020\306"
 435      1900E368 
 435      10C6
 436              		.text
 437              		.section	.gnu.lto_moduleGpioCompassDrdy.5ef73c3b71594aa5,"e",%progbits
 438 0000 789CE360 		.ascii	"x\234\343``d\350```\340f\200\200\351\314\214\333:\337"
 438      6064E860 
 438      6060E066 
 438      8080E9CC 
 438      8CDB3ADF 
 439 0014 AEE4EC63 		.ascii	"\256\344\354c\236\317\314\300\310\010\344.\355^\264"
 439      9ECFCCC0 
 439      C808E42E 
 439      ED5EB4
 440 0023 9B17C265 		.ascii	"\233\027\302e\002ro~[=\225\323r{C\307\202\006\203\371"
 440      02726F7E 
 440      5B3D95D3 
 440      727B43C7 
 440      820683F9 
 441 0037 CC8C3380 		.ascii	"\314\2143\200\302\273\030\245g032\356\006QL \036\310"
 441      C2BB18A5 
 441      67303332 
 441      EE06514C 
 441      201EC8
 442 004a 94B92BCE 		.ascii	"\224\271+\316\374\347lalj\354hhx\320\375\203Un>3\323"
 442      FCE76C61 
 442      6C6AEC68 
 442      6878D0FD 
 442      83556E3E 
 443 0060 6266880D 		.ascii	"bf\210\015\335\277\266\375\342\200\230\2410\237\231"
 443      DDBFB6FD 
 443      E28098A1 
 443      309F99
 444 006f 79063333 		.ascii	"y\00633\343^\306\026\240Y,\214{\030-\031\030\367\001"
 444      E35EC616 
 444      A0592C8C 
 444      7B182D19 
 444      18F701
 445 0082 09CEDCFC 		.ascii	"\011\316\334\374\224\322\234T\275d\006\000ZT/\210"
 445      94D29C54 
 445      BD640600 
 445      5A542F88 
 446              		.text
 447              		.section	.gnu.lto__gpioIrInt.5ef73c3b71594aa5,"e",%progbits
 448 0000 789CE360 		.ascii	"x\234\343``d0d`\000\222\0200\235\231\361d\357\371\007"
 448      60643064 
 448      60009210 
 448      309D99F1 
 448      64EFF907 
 449 0014 6C7DCCF3 		.ascii	"l}\314\363\231\031\030{f\2644\260\000\205\256\355[\276"
 449      9919187B 
 449      66B434B0 
 449      0085AEED 
 449      5BBE
 450 0026 8AC5727B 		.ascii	"\212\305r{C\307\202\006\201\371\314\2143\200R\273\030"
 450      43C78206 
ARM GAS  /tmp/cc4JZDS4.s 			page 36


 450      81F9CC8C 
 450      338052BB 
 450      18
 451 0037 A5191877 		.ascii	"\245\031\030w3Z2\000\000\360&\020\371"
 451      335A3200 
 451      00F02610 
 451      F9
 452              		.text
 453              		.section	.gnu.lto_moduleGpioIrInt.5ef73c3b71594aa5,"e",%progbits
 454 0000 789CE360 		.ascii	"x\234\343``d\350```\340f\200\200\351\314\214K\273\027"
 454      6064E860 
 454      6060E066 
 454      8080E9CC 
 454      8C4BBB17 
 455 0014 EDE6ED63 		.ascii	"\355\346\355c\236\317\314\300\310\004\344n\353|\273"
 455      9ECFCCC0 
 455      C804E46E 
 455      EB7CBB
 456 0023 9213C265 		.ascii	"\222\023\302e\004r\257\317\274w\226\323r{C\307\202\006"
 456      0472AFCF 
 456      BC7796D3 
 456      727B43C7 
 456      8206
 457 0035 83F9CC8C 		.ascii	"\203\371\314\2143\200\302\273\031\245g03B(&\306]\214"
 457      3380C2BB 
 457      19A56730 
 457      33422826 
 457      C65D8C
 458 0048 D22053E6 		.ascii	"\322 S\346\2568\363\237\263\205\261\251\261\243\241"
 458      AE38F39F 
 458      B385B1A9 
 458      B1A3A1
 459 0057 E141773F 		.ascii	"\341Aw?\273\334|f\246\305\314\020\033\216\336xz\216"
 459      BBDC7C66 
 459      A6C5CC10 
 459      1B8EDE78 
 459      7A8E
 460 0069 1B6286C2 		.ascii	"\033b\206\302|f\346\031\314\314\214{\031[\200f\2610"
 460      7C66E619 
 460      CCCC8C7B 
 460      195B8066 
 460      B130
 461 007b EE61B464 		.ascii	"\356a\264d`\334\007$8s\363SJsR\365\222\031\000H\347"
 461      60DC0724 
 461      3873F353 
 461      4A7352F5 
 461      92190048 
 462 0090 2F4C     		.ascii	"/L"
 463              		.text
 464              		.section	.gnu.lto__gpioGyroDrdy.5ef73c3b71594aa5,"e",%progbits
 465 0000 789CE360 		.ascii	"x\234\343``d0d`\000\222\0200\235\231q\316\212\256\353"
 465      60643064 
 465      60009210 
 465      309D9971 
 465      CE8AAEEB 
 466 0014 BC7DCCF3 		.ascii	"\274}\314\363\231\031\030{g\2644\260\000\205\376L\330"
 466      9919187B 
ARM GAS  /tmp/cc4JZDS4.s 			page 37


 466      67B434B0 
 466      0085FE4C 
 466      D8
 467 0025 BD94D772 		.ascii	"\275\224\327r{C\307\202\006\201\371\314\2143\200R\273"
 467      7B43C782 
 467      0681F9CC 
 467      8C338052 
 467      BB
 468 0036 18A51918 		.ascii	"\030\245\031\030w3Z2\000\000\342\022\020\261"
 468      77335A32 
 468      0000E212 
 468      10B1
 469              		.text
 470              		.section	.gnu.lto_moduleGpioGyroDrdy.5ef73c3b71594aa5,"e",%progbits
 471 0000 789CE360 		.ascii	"x\234\343``d\350```\340f\200\200\351\314\214\333:\337"
 471      6064E860 
 471      6060E066 
 471      8080E9CC 
 471      8CDB3ADF 
 472 0014 AEE4EC63 		.ascii	"\256\344\354c\236\317\314\300\310\010\344.\355^\264"
 472      9ECFCCC0 
 472      C808E42E 
 472      ED5EB4
 473 0023 9B17C265 		.ascii	"\233\027\302e\002ro~[=\225\323r{C\307\202\006\203\371"
 473      02726F7E 
 473      5B3D95D3 
 473      727B43C7 
 473      820683F9 
 474 0037 CC8C3380 		.ascii	"\314\2143\200\302\273\030\245g032\356\006QL \036\310"
 474      C2BB18A5 
 474      67303332 
 474      EE06514C 
 474      201EC8
 475 004a 94B92BCE 		.ascii	"\224\271+\316\374\347lalj\354hhx\320\275\216]n>3\323"
 475      FCE76C61 
 475      6C6AEC68 
 475      6878D0BD 
 475      8E5D6E3E 
 476 0060 6266880D 		.ascii	"bf\210\015\335\277\266\375\342\200\230\2410\237\231"
 476      DDBFB6FD 
 476      E28098A1 
 476      309F99
 477 006f 79063333 		.ascii	"y\00633\343^\306\026\240Y,\214{\030-\031\030\367\001"
 477      E35EC616 
 477      A0592C8C 
 477      7B182D19 
 477      18F701
 478 0082 09CEDCFC 		.ascii	"\011\316\334\374\224\322\234T\275d\006\000Ir/@"
 478      94D29C54 
 478      BD640600 
 478      49722F40 
 479              		.text
 480              		.section	.gnu.lto__gpioAccelInt.5ef73c3b71594aa5,"e",%progbits
 481 0000 789CE360 		.ascii	"x\234\343``d0d`\000\222\0200\235\231\361\321\353\231"
 481      60643064 
 481      60009210 
 481      309D99F1 
ARM GAS  /tmp/cc4JZDS4.s 			page 38


 481      D1EB99
 482 0013 7359FB98 		.ascii	"sY\373\230\347330\366\317hi`\001\012M\331w\352/\237"
 482      E7333330 
 482      F6CF6869 
 482      60010A4D 
 482      D977EA2F 
 483 0028 E5F6868E 		.ascii	"\345\366\206\216\005\015\002\363\231\031g\000\245v1"
 483      050D02F3 
 483      99196700 
 483      A57631
 484 0037 4A3330EE 		.ascii	"J30\356f\264d\000\000\366A\0217"
 484      66B46400 
 484      00F64111 
 484      37
 485              		.text
 486              		.section	.gnu.lto_moduleGpioAccelInt.5ef73c3b71594aa5,"e",%progbits
 487 0000 789CE360 		.ascii	"x\234\343``d\350```\340f\200\200\351\314\214K\273\027"
 487      6064E860 
 487      6060E066 
 487      8080E9CC 
 487      8C4BBB17 
 488 0014 EDE6ED63 		.ascii	"\355\346\355c\236\317\314\300\310\004\344n\353|\273"
 488      9ECFCCC0 
 488      C804E46E 
 488      EB7CBB
 489 0023 9213C265 		.ascii	"\222\023\302e\004r\257\317\274w\226\323r{C\307\202\006"
 489      0472AFCF 
 489      BC7796D3 
 489      727B43C7 
 489      8206
 490 0035 83F9CC8C 		.ascii	"\203\371\314\2143\200\302\273\031\245g03B(&\306]\214"
 490      3380C2BB 
 490      19A56730 
 490      33422826 
 490      C65D8C
 491 0048 D22053E6 		.ascii	"\322 S\346\2568\363\237\263\205\261\251\261\243\241"
 491      AE38F39F 
 491      B385B1A9 
 491      B1A3A1
 492 0057 E141F71B 		.ascii	"\341A\367\033v\271\371\314L\213\231!6\034\275\361\364"
 492      76B9F9CC 
 492      4C8B9921 
 492      361CBDF1 
 492      F4
 493 0068 1C37C40C 		.ascii	"\0347\304\014\205\371\314\3143\230\231\031\3672\266"
 493      85F9CCCC 
 493      33989919 
 493      F732B6
 494 0077 00CD6261 		.ascii	"\000\315ba\334\303h\311\300\270\017Hp\346\346\247\224"
 494      DCC368C9 
 494      C0B80F48 
 494      70E6E6A7 
 494      94
 495 0088 E6A4EA25 		.ascii	"\346\244\352%3\000\000^\263/\251"
 495      3300005E 
 495      B32FA9
 496              		.text
ARM GAS  /tmp/cc4JZDS4.s 			page 39


 497              		.section	.gnu.lto__gpioPathDcStat.5ef73c3b71594aa5,"e",%progbits
 498 0000 789CE360 		.ascii	"x\234\343``d0d`\000\222\0200\235\231\361\342\376\367"
 498      60643064 
 498      60009210 
 498      309D99F1 
 498      E2FEF7
 499 0013 F7B9FA98 		.ascii	"\367\271\372\230\3473306/hi`\001\012=j\272\336\312i"
 499      E7333330 
 499      362F6869 
 499      60010A3D 
 499      6ABADECA 
 500 0028 B9BDA163 		.ascii	"\271\275\241cA\203\300|f\306\031@\251]\214\322\014\214"
 500      4183C07C 
 500      66C61940 
 500      A95D8CD2 
 500      0C8C
 501 003a BB192D19 		.ascii	"\273\031-\031\000\375E\0215"
 501      00FD4511 
 501      35
 502              		.text
 503              		.section	.gnu.lto_moduleGpioPathDcStat.5ef73c3b71594aa5,"e",%progbits
 504 0000 789CE360 		.ascii	"x\234\343``d\230\306\300\300\300\315\000\001\323\231"
 504      606498C6 
 504      C0C0C0CD 
 504      0001D399 
 505 0010 191BBB57 		.ascii	"\031\033\273W-\344\355c\236\317\314\300\310\014\344"
 505      2DE4ED63 
 505      9ECFCCC0 
 505      C80CE4
 506 001f 2EED5EB4 		.ascii	".\355^\264\033\312e\002r\267u\276]\311\011\3412\002"
 506      1BCA6502 
 506      72B775BE 
 506      5DC909E1 
 506      3202
 507 0031 B90B0F9E 		.ascii	"\271\013\017\236\233\302k\271\275\241cA\203\301|f\306"
 507      9BC26BB9 
 507      BDA16341 
 507      83C17C66 
 507      C6
 508 0042 1940E13D 		.ascii	"\031@\341=\214\3223\230\031\031w\203(&\306]\214\322"
 508      8CD23398 
 508      19197783 
 508      2826C65D 
 508      8CD2
 509 0054 2043E7AE 		.ascii	" C\347\2568\363\237\263\205\261\251\261\243\241\341"
 509      38F39FB3 
 509      85B1A9B1 
 509      A3A1E1
 510 0063 41F72A4E 		.ascii	"A\367*N\271\371\314L\213\231!\026v\264\355d\202\030"
 510      B9F9CC4C 
 510      8B992116 
 510      76B4ED64 
 510      8218
 511 0075 A1309F99 		.ascii	"\2410\237\231y\00633\343>\306\026\240Q,\214{\031-\031"
 511      79063333 
 511      E33EC616 
 511      A0512C8C 
ARM GAS  /tmp/cc4JZDS4.s 			page 40


 511      7B192D19 
 512 0089 18F70309 		.ascii	"\030\367\003\011\316\334\374\224\322\234T\275d\006\000"
 512      CEDCFC94 
 512      D29C54BD 
 512      640600
 513 0098 674D31CC 		.ascii	"gM1\314"
 514              		.text
 515              		.section	.gnu.lto__gpioSysRegEn.5ef73c3b71594aa5,"e",%progbits
 516 0000 789CE360 		.ascii	"x\234\343``d0``\000\222\0200\235\231\261\361\357\317"
 516      60643060 
 516      60009210 
 516      309D99B1 
 516      F1EFCF
 517 0013 C97C7DCC 		.ascii	"\311|}\314\363\231\031\030;\027\2644\260\000\205\276"
 517      F3991918 
 517      3B17B434 
 517      B00085BE 
 518 0023 7F785060 		.ascii	"\177xP`\271\275\241cA\203\300|f\306\031@\231]\214\322"
 518      B9BDA163 
 518      4183C07C 
 518      66C61940 
 518      995D8CD2 
 519 0037 0C8CBB19 		.ascii	"\014\214\273\031-\031\000\360w\021X"
 519      2D1900F0 
 519      771158
 520              		.text
 521              		.section	.gnu.lto_moduleGpioSysRegEn.5ef73c3b71594aa5,"e",%progbits
 522 0000 789CE360 		.ascii	"x\234\343``d\230\306\300\300\300\315\000\001\323\231"
 522      606498C6 
 522      C0C0C0CD 
 522      0001D399 
 523 0010 191BBB57 		.ascii	"\031\033\273W-\344\355c\236\317\314\300\310\014\344"
 523      2DE4ED63 
 523      9ECFCCC0 
 523      C80CE4
 524 001f 2EED5EB4 		.ascii	".\355^\264\033\312e\002r\267u\276]\311\011\3412\002"
 524      1BCA6502 
 524      72B775BE 
 524      5DC909E1 
 524      3202
 525 0031 B90B0F9E 		.ascii	"\271\013\017\236\233\302k\271\275\241cA\203\301|f\306"
 525      9BC26BB9 
 525      BDA16341 
 525      83C17C66 
 525      C6
 526 0042 1940E13D 		.ascii	"\031@\341=\214\3223\230\031\031w\203(&\306]\214\322"
 526      8CD23398 
 526      19197783 
 526      2826C65D 
 526      8CD2
 527 0054 2043E7AE 		.ascii	" C\347\2568\363\237\263\205\261\251\261\243\241\341"
 527      38F39FB3 
 527      85B1A9B1 
 527      A3A1E1
 528 0063 41F77F4E 		.ascii	"A\367\177N\271\371\314L\213\231!\026v\264\355d\202\030"
 528      B9F9CC4C 
 528      8B992116 
ARM GAS  /tmp/cc4JZDS4.s 			page 41


 528      76B4ED64 
 528      8218
 529 0075 A1309F99 		.ascii	"\2410\237\231y\00633\343>\306\026\240Q,\214{\031-\031"
 529      79063333 
 529      E33EC616 
 529      A0512C8C 
 529      7B192D19 
 530 0089 18F70309 		.ascii	"\030\367\003\011\316\334\374\224\322\234T\275d\006\000"
 530      CEDCFC94 
 530      D29C54BD 
 530      640600
 531 0098 7AE43221 		.ascii	"z\3442!"
 532              		.text
 533              		.section	.gnu.lto__gpioSysWarmrst.5ef73c3b71594aa5,"e",%progbits
 534 0000 789CE360 		.ascii	"x\234\343``d\320g`\000\222\0200\235\231\361\347\375"
 534      6064D067 
 534      60009210 
 534      309D99F1 
 534      E7FD
 535 0012 67B97DCC 		.ascii	"g\271}\314\363\231\031\030\233V\2644\260\000E\356m["
 535      F3991918 
 535      9B56B434 
 535      B00045EE 
 535      6D5B
 536 0024 AC6DB9BD 		.ascii	"\254m\271\275\241cA\203\300|f\306\031@\231]\214\322"
 536      A1634183 
 536      C07C66C6 
 536      1940995D 
 536      8CD2
 537 0036 0C8CBB19 		.ascii	"\014\214\273\031-\031\000\333\271\020\226"
 537      2D1900DB 
 537      B91096
 538              		.text
 539              		.section	.gnu.lto_moduleGpioSysWarmrst.5ef73c3b71594aa5,"e",%progbits
 540 0000 789CE360 		.ascii	"x\234\343``d\350```\340f\200\200\351\314\214\215\335"
 540      6064E860 
 540      6060E066 
 540      8080E9CC 
 540      8C8DDD
 541 0013 AB16F2F6 		.ascii	"\253\026\362\3661\317gf`d\006r\267u\276]\311\011\341"
 541      31CF6766 
 541      60640672 
 541      B775BE5D 
 541      C909E1
 542 0026 3202B90F 		.ascii	"2\002\271\017\277n\372\300b\271\275\241cA\203\301|f"
 542      BF6EFAC0 
 542      62B9BDA1 
 542      634183C1 
 542      7C66
 543 0038 C61940E1 		.ascii	"\306\031@\341]\214\3223\230\031\031w\203(&\020\017d"
 543      5D8CD233 
 543      98191977 
 543      83282610 
 543      0F64
 544 004a CADC1567 		.ascii	"\312\334\025g\376s\266065v44<\350\236\307-7\237\231"
 544      FE73B630 
 544      36357634 
ARM GAS  /tmp/cc4JZDS4.s 			page 42


 544      343CE89E 
 544      C72D379F 
 545 005f 693133C4 		.ascii	"i13\304\206\235\027&\317a\205\230\2410\237\231y\006"
 545      869D1726 
 545      CF618598 
 545      A1309F99 
 545      7906
 546 0071 3333E35E 		.ascii	"33\343^\306\026\240Y,\214{\030-\031\030\367\001\011"
 546      C616A059 
 546      2C8C7B18 
 546      2D1918F7 
 546      0109
 547 0083 CEDCFC94 		.ascii	"\316\334\374\224\322\234T\275d\006\000;(.\343"
 547      D29C54BD 
 547      6406003B 
 547      282EE3
 548              		.text
 549              		.section	.gnu.lto_moduleInitPeripheryInterfaces.5ef73c3b71594aa5,"e",%progbits
 550 0000 789C8D56 		.ascii	"x\234\215V\355STU\030?\3179w\357\356\002KFd\264\253"
 550      ED535455 
 550      183FCF39 
 550      77EFEE02 
 550      4B4664B4 
 551 0015 49AF4414 		.ascii	"I\257D\024K\037\362s\377D3\371\2511\264\261\031\223"
 551      4B1FF273 
 551      FF4433F9 
 551      A931B4B1 
 551      1993
 552 0027 999C3EF5 		.ascii	"\231\234>\365\301\273\260\274\011\242Y\274\334\202v"
 552      C1BBB0BC 
 552      09A259BC 
 552      DC8276
 553 0036 E146880D 		.ascii	"\341F\210\015\275L\351\014 \266jX\026\226YX\244\001"
 553      BD4CE90C 
 553      20B66A58 
 553      16965958 
 553      A401
 554 0048 59488060 		.ascii	"YH\200`\340K*\011\235\347\334\313\005\356=\2540\354"
 554      E04B2A09 
 554      9DE7DCCB 
 554      05EE3DAC 
 554      30EC
 555 005a D9DDE79C 		.ascii	"\331\335\347\234}~\277\337\363\374\316=\307G\200\034"
 555      7D7EBFDF 
 555      F3FCCE3D 
 555      C747801C 
 556 006a 0C109243 		.ascii	"\014\020\222C\010\331\304_\340%@5M{\336\033\361Q\252"
 556      08D9C45F 
 556      E0254035 
 556      4D7BDE1B 
 556      F151AA
 557 007d F04FD98A 		.ascii	"\360O\331\212\226\302\314\3674\006\2125\247P\325\232"
 557      96C2CCF7 
 557      34068A35 
 557      A750D59A 
 558 008d F358731E 		.ascii	"\363Xs\036P\2559\025@|\322|@vQ\246xT\330\005{Y=\203"
 558      50AD3915 
ARM GAS  /tmp/cc4JZDS4.s 			page 43


 558      407CD27C 
 558      407651A6 
 558      7854D805 
 559 00a5 E3E5973A 		.ascii	"\343\345\227:in\033\237\325\022\365\215\3012\2554+\306"
 559      696E1B9F 
 559      D512F58D 
 559      C132AD34 
 559      2BC6
 560 00b7 08D1F9CB 		.ascii	"\010\321\371\313\374\203.\310%\204\257\274\370\331\\"
 560      FC832EC8 
 560      2584AFBC 
 560      F8D95C
 561 00c6 6D4055AC 		.ascii	"m@U\254)\350\006\225\023%\344\223\263\236\20467_\256"
 561      29E80695 
 561      1325E493 
 561      B39E8436 
 561      375FAE
 562 00d9 25E6B635 		.ascii	"%\346\2665\217m\\\007$\306\200\342\300pPp\360\340\240"
 562      8F6D5C07 
 562      24C680E2 
 562      C0705070 
 562      F0E0A0
 563 00ec E2E0C5C1 		.ascii	"\342\340\305\301\307\007\352\307!\310\007\236\256\212"
 563      C707EAC7 
 563      21C8079E 
 563      AE8A
 564 00fa 1124A080 		.ascii	"\021$\240\200\226 \244\232Q\363K\011\377r\031J\343\243"
 564      9620A49A 
 564      51F34B09 
 564      FF72194A 
 564      E3A3
 565 010c 5F3081C6 		.ascii	"_0\201\30694\035\350\233\367G\2418\342\2131Eg\034\037"
 565      39341DE8 
 565      9BF747A1 
 565      38E28B31 
 565      45671C1F 
 566 0120 8E401470 		.ascii	"\216@\024p\252\246\344\312\240\257\206\305\230\007\234"
 566      AAA6E4CA 
 566      A0AF86C5 
 566      98079C
 567 012f 2B3D0652 		.ascii	"+=\006R\346\301s\347O\236\201V0 \306T8\312\177\010="
 567      E6C173E7 
 567      4F9E8156 
 567      3020C654 
 567      38CA7F08 
 568 0144 1012339D 		.ascii	"\020\0223\235\365\211\026\261\274\202\227\016s|\311"
 568      F58916B1 
 568      BC82970E 
 568      737CC9
 569 0153 D7991A13 		.ascii	"\327\231\032\023|\335\322\374^\221\277\373Z\317\270"
 569      7CDDD2FC 
 569      5E91BFFB 
 569      5ACFB8
 570 0162 F8012F97 		.ascii	"\370\001/\227\327@&<8\244\315\234N\341\371#kb\314\007"
 570      D740263C 
 570      38A4CD9C 
 570      4EE1F923 
ARM GAS  /tmp/cc4JZDS4.s 			page 44


 570      6B62CC07 
 571 0176 C711E098 		.ascii	"\307\021\340\230\005pu\264\367\250\017\3277\010\000"
 571      057075B4 
 571      F7A80FD7 
 571      370800
 572 0185 2F9CB001 		.ascii	"/\234\260\001\276\342\353b\314O\306\241\370\310Xc\307"
 572      BEE2EB62 
 572      CC4FC6A1 
 572      F8C85863 
 572      C7
 573 0196 4E8C36B1 		.ascii	"N\2146\261e\230).M)\006\243NM\251p\022!{-\310\256\375"
 573      6598292E 
 573      4D2906A3 
 573      4E4DA970 
 573      12217B2D 
 574 01ad 159FAA05 		.ascii	"\025\237\252\005\037c19b\032|\315\2275\230\315\373\006"
 574      1F633139 
 574      621A7CCD 
 574      973598CD 
 574      FB06
 575 01bf 0A385CC9 		.ascii	"\0128\\\311LY\347\013&\0325\001\247oVmA\2744\320\016"
 575      4C59E70B 
 575      261A3501 
 575      A76F566D 
 575      41BC34D0 
 576 01d4 65C1299E 		.ascii	"e\301)\236\210\223\032\334\255\247\342\252U1\370v\005"
 576      88931ADC 
 576      ADA7E2AA 
 576      5531F876 
 576      05
 577 01e5 06F119C0 		.ascii	"\006\361\031\300\264\337-r\350\203\002\216KF z\341\304"
 577      B4DF2D72 
 577      E883028E 
 577      4B46207A 
 577      E1C4
 578 01f7 D45897D7 		.ascii	"\324X\227\327\"\302\177vLo\332n\262\210\357Q\3414&#"
 578      22C27F76 
 578      4C6FDA6E 
 578      B288EF51 
 578      E1342623 
 579 020b 681216E1 		.ascii	"h\022\026\341\211(\372\202V3\3056\211\3029\326\235z"
 579      8928FA82 
 579      5633C536 
 579      89C239D6 
 579      9D7A
 580 021d 71D514BF 		.ascii	"q\325\024\277OF\221\302\017\202\"Z\033\316 E\2370\341"
 580      4F4691C2 
 580      0F82225A 
 580      1BCE2045 
 580      9F30E1
 581 0230 ACDC8401 		.ascii	"\254\334\204\001\035\021\340G\247\011\323]\015K7\320"
 581      1D11E047 
 581      A709D35D 
 581      0D4B37D0 
 582 0240 E9CBB9DC 		.ascii	"\351\313\271\334\003?!\227\263r\023\246\303\317\266"
 582      033F2197 
 582      B37213A6 
ARM GAS  /tmp/cc4JZDS4.s 			page 45


 582      C3CFB6
 583 024f 47FA4D13 		.ascii	"G\372M\023\336]\334\271\245\342\226&\214\037\246\350"
 583      DE5DDCB9 
 583      A5E29626 
 583      8C1FA6E8 
 584 025f A35FEC94 		.ascii	"\243_\354\224\277\012\333\2551m\027\233|\323\254?s\243"
 584      BF0ADBAD 
 584      316D179B 
 584      7CD3AC3F 
 584      73A3
 585 0271 286E9481 		.ascii	"(n\224\201d>\373m\261\307\347\027|6\260\311L\257p\204"
 585      643EFB6D 
 585      B1C7E717 
 585      7C36B0C9 
 585      4CAF7084 
 586 0285 455F95F6 		.ascii	"E_\225\366\203\031\366\360\0313T\273\020\302\250\031"
 586      8319F6F0 
 586      193354BB 
 586      10C2A819 
 587 0295 EAE86F5D 		.ascii	"\352\350o]k\306\274<l\306\332\003\362vK\270^X\251\335"
 587      6BC6BC3C 
 587      6CC6DA03 
 587      F2764BB8 
 587      5E58A9DD 
 588 02a9 589034F8 		.ascii	"X\2204\370}\221\355 \266\333k:rp|\316r\244w\301\201"
 588      7D91ED20 
 588      B6DB6B3A 
 588      72707CCE 
 588      72A477C1 
 589 02be 37C0C733 		.ascii	"7\300\3073\034\256\234l\367c\213)\000\014A\210v\265"
 589      1CAE9C6C 
 589      F7638B29 
 589      000C4188 
 589      76B5
 590 02d0 4DACE7F1 		.ascii	"M\254\347\361\326\252\226\356\200\031\2470\014!\336"
 590      D6AA96EE 
 590      8019A730 
 590      0C21DE
 591 02df 9C2AE659 		.ascii	"\234*\346Y\352Xu\271c\307>\352\010\256Z\304\037\311"
 591      EA5875B9 
 591      63C73EEA 
 591      08AE5AC4 
 591      1FC9
 592 02f1 4450B8B8 		.ascii	"DP\270\270\350\331?Q\204_x\366\363C\311<\373\227\345"
 592      E8D93F51 
 592      845F78F6 
 592      F343C93C 
 592      FB97E5
 593 0304 5987493D 		.ascii	"Y\207I=n\223\216$5\351%\333Q\243R\223J\324\374\275\242"
 593      6E938E24 
 593      35E925DB 
 593      51A35293 
 593      4AD4FCBD 
 594 0319 495BC4C3 		.ascii	"I[\304\303n\314N9n\231\024\345L\310\345\334\253\343"
 594      6ECC4E39 
 594      6E9914E5 
 594      4CC8E5DC 
ARM GAS  /tmp/cc4JZDS4.s 			page 46


 594      ABE3
 595 032b C68209E7 		.ascii	"\306\202\011\347\026\314p\251\3130\270}\034d\356\203"
 595      16CC70A9 
 595      CB30B87D 
 595      1C64EE83 
 596 033b 49247359 		.ascii	"I$sY\256.\003\246l*W\034\347@\246\353\034\3104\270{"
 596      AE2E03A6 
 596      6C2A571C 
 596      E740A6EB 
 596      1CC834B8 
 597 0350 9CE7C0FD 		.ascii	"\234\347\300\3750\215\000\377\310\317\201L\230\261\001"
 597      308D00FF 
 597      C8CF814C 
 597      98B101
 598 035f AE0AAD6B 		.ascii	"\256\012\255k\205\326\353\317\311\244>\240c5\341\232"
 598      85D6EBCF 
 598      C9A43EA0 
 598      6335E19A 
 599 036f 536A964B 		.ascii	"Sj\226Kj\226\301\237[\016\251\017\302\015dr].5\013\376"
 599      6A96C19F 
 599      5B0EA90F 
 599      C20D6472 
 599      5D2E350B 
 600 0384 B599DC74 		.ascii	"\265\231\334tH\015\272\244\006\015\3561\247\324\020"
 600      480DBAA4 
 600      060DEE31 
 600      A7D410
 601 0393 DC46805B 		.ascii	"\334F\200[r\251A\230\265\001\376\023R\327\011\251\267"
 601      72A94198 
 601      B501FE13 
 601      52D709A9 
 601      B7
 602 03a4 9249BD23 		.ascii	"\222I\275#1)\327\226\342\3266\227T\333\274\015\255Q"
 602      3129D796 
 602      E2D63697 
 602      54DBBC0D 
 602      AD51
 603 03b6 A16D1562 		.ascii	"\241m\025b\"4\231\230b\272\220\261\204.\210\211\306"
 603      22349998 
 603      62BA90B1 
 603      842E8889 
 603      C6
 604 03c7 EF48C5AC 		.ascii	"\357H\305\254\327q[A\224J\305H\032UJ\223\211)\263\241"
 604      D7715B41 
 604      944AC548 
 604      1A554A93 
 604      8929B3A1 
 605 03db CB05F443 		.ascii	"\313\005\364C\002\272yc\022\350\0129\264\244\216\225"
 605      02BA7963 
 605      12E80A39 
 605      B4A48E95 
 606 03eb 49A177DB 		.ascii	"I\241w\333\320U6tY\274C\012\275A\307\355\006\325\324"
 606      D0553674 
 606      59BC430A 
 606      BD41C7ED 
 606      06D5D4
 607 03fe E1D66C17 		.ascii	"\341\326l\027\223l\203\245:\231<\0145\310d\017\2252"
ARM GAS  /tmp/cc4JZDS4.s 			page 47


 607      936C83A5 
 607      3A993C0C 
 607      35C8640F 
 607      9532
 608 0410 C986BD36 		.ascii	"\311\206\2756\223}t\271[\037\001\002o\321\020\344\207"
 608      937D74B9 
 608      5B1F0102 
 608      6FD110E4 
 608      87
 609 0421 62EC513C 		.ascii	"b\354Q<.\352\252z\007\254S%\270t\341cw'\0221\017\265"
 609      2EEAAA7A 
 609      07AC5325 
 609      B874E163 
 609      77271231 
 610 0437 C7E16D24 		.ascii	"\307\341m$\263\237g\025\220\357pp4\357\360\364\276!"
 610      B39F6715 
 610      90EF7070 
 610      34EFF0F4 
 610      BE21
 611 0449 587637F6 		.ascii	"Xv7\366\222%\227\345(>\242\207+\373\002\342\272\254"
 611      922597E5 
 611      283EA287 
 611      2BFB02E2 
 611      BAAC
 612 045b 5B4F8785 		.ascii	"[O\207\205\305PGU\250\245X\243z\352\252\336\023:\277"
 612      C5504755 
 612      A8A558A3 
 612      7AEAAADE 
 612      133ABF
 613 046e 42F21504 		.ascii	"B\362\025\004\032\260\200\016\3529\256\035\231c\260"
 613      1AB0800E 
 613      EA39AE1D 
 613      9963B0
 614 047d 3497899F 		.ascii	"4\227\211\237\204w\221\267N\245&\316\201\367\354\"6"
 614      847791B7 
 614      4EA526CE 
 614      81F7EC22 
 614      36
 615 048e 8A76E60A 		.ascii	"\212v\346\012'uJ\333\371\224\216\273\004\232\234\355"
 615      27754ADB 
 615      F9948EBB 
 615      049A9CED 
 616 049e CC735531 		.ascii	"\314sU1\317`\001g;\237\206\0302y_\336\316<\210\333L"
 616      CF600167 
 616      3B9F8618 
 616      32795FDE 
 616      CE3C88DB 
 617 04b3 9A059367 		.ascii	"\232\005\223g\304\263\241G\312$_G\343B\213\304\323r"
 617      C4B3A147 
 617      CA245F47 
 617      E3428BC4 
 617      D372
 618 04c5 682329F4 		.ascii	"h#)\364\0076t\253\303IaW\225\303\006KwU\271\000\332"
 618      073674AB 
 618      C3496157 
 618      95C3064B 
 618      7755B900 
ARM GAS  /tmp/cc4JZDS4.s 			page 48


 619 04da 10E04379 		.ascii	"\020\340Cy\225\303p\300\006h\027\332\236%SP\034\037"
 619      95C370C0 
 619      066817DA 
 619      9E255350 
 619      1C1F
 620 04ec 31B5898B 		.ascii	"1\265\211\213\205\037o\022\312\355\203\263\033\360\352"
 620      851F6F12 
 620      CAED83B3 
 620      1BF0EA
 621 04fb E0C1AB03 		.ascii	"\340\301\253\003\230\267\205\342\004\256\360\277V\264"
 621      98B785E2 
 621      04AEF0BF 
 621      56B4
 622 0509 E58DED5B 		.ascii	"\345\215\355[\363\013I(??\314\377\013\213^\337\032~"
 622      F30B4928 
 622      3F3FCCFF 
 622      0B8B5EDF 
 622      1A7E
 623 051b 75476178 		.ascii	"uGaxs\321\316\227^y\271p\363\216\374m\344\177d_g\221"
 623      73D1CE97 
 623      5E79B970 
 623      F38EFC6D 
 623      E47F645F 
 624              		.text
 625              		.section	.gnu.lto_moduleHalSerialConfig.5ef73c3b71594aa5,"e",%progbits
 626 0000 789CE360 		.ascii	"x\234\343``d\010f`\000\222\0200\235\231\361\370\373"
 626      60640866 
 626      60009210 
 626      309D99F1 
 626      F8FB
 627 0012 B75718FB 		.ascii	"\267W\030\373\230\3473\003\005\201\334g\353\257\376"
 627      98E73303 
 627      0581DC67 
 627      EBAFFE
 628 0021 66017119 		.ascii	"f\001q\031\031\033Z\330\201\002\233\247-\356`\262\334"
 628      191B5AD8 
 628      81029BA7 
 628      2DEE60B2 
 628      DC
 629 0032 DED0B1A0 		.ascii	"\336\320\261\240\301a>3\323\014\240\272\335\214\322"
 629      C1613E33 
 629      D30CA0BA 
 629      DD8CD2
 630 0041 3380F2BB 		.ascii	"3\200\362\273@\024\023\204b\006Q\014\214{\030-\031\000"
 630      40141384 
 630      6206510C 
 630      8C7B182D 
 630      1900
 631 0053 FDD519BC 		.ascii	"\375\325\031\274"
 632              		.text
 633              		.section	.gnu.lto_moduleHalI2cCompassConfig.5ef73c3b71594aa5,"e",%progbits
 634 0000 789CE360 		.ascii	"x\234\343``d\210f`\000\222\0200\235\231qi\367\242\335"
 634      60648866 
 634      60009210 
 634      309D9971 
 634      69F7A2DD 
 635 0014 BC7DCCF3 		.ascii	"\274}\314\363\231\031\030\231\200\334\335\033\326}c"
ARM GAS  /tmp/cc4JZDS4.s 			page 49


 635      99191899 
 635      80DCDD1B 
 635      D67D63
 636 0023 04711919 		.ascii	"\004q\031\031\033\266J\000\005\266u\276]\311\011\022"
 636      1BB64A00 
 636      05B675BE 
 636      5DC90912 
 637 0033 60626404 		.ascii	"`bd\004r\347\255{\365\205\337r{C\307\202\006\203\371"
 637      72E7AD7B 
 637      F585DF72 
 637      7B43C782 
 637      0683F9
 638 0046 CCCC3380 		.ascii	"\314\3143\200\332\3660J\317\000*\337\015\242\230\030"
 638      DAF6304A 
 638      CF002ADF 
 638      0DA29818 
 639 0056 77314A33 		.ascii	"w1J30\356e\264d\000\000\311\242\034\303"
 639      30EE65B4 
 639      640000C9 
 639      A21CC3
 640              		.text
 641              		.section	.gnu.lto_moduleHalI2cProxEepromPwrmtrConfig.5ef73c3b71594aa5,"e",%progbits
 642 0000 789CE360 		.ascii	"x\234\343``d\210f`\000\222\0200\235\231qi\367\242\335"
 642      60648866 
 642      60009210 
 642      309D9971 
 642      69F7A2DD 
 643 0014 BC7DCCF3 		.ascii	"\274}\314\363\231\031\030\231\200\334\335\033\326}c"
 643      99191899 
 643      80DCDD1B 
 643      D67D63
 644 0023 04711919 		.ascii	"\004q\031\031\033\266J\000\005\266u\276]\311\011\022"
 644      1BB64A00 
 644      05B675BE 
 644      5DC90912 
 645 0033 60626404 		.ascii	"`bd\004r\347\255{\365\205\337r{C\307\202\006\203\371"
 645      72E7AD7B 
 645      F585DF72 
 645      7B43C782 
 645      0683F9
 646 0046 CCCC3380 		.ascii	"\314\3143\200\332\3660J\317\000*\337\015\242\230\030"
 646      DAF6304A 
 646      CF002ADF 
 646      0DA29818 
 647 0056 77314A33 		.ascii	"w1J30\356e\264d\000\000\311\242\034\303"
 647      30EE65B4 
 647      640000C9 
 647      A21CC3
 648              		.text
 649              		.section	.gnu.lto_moduleHalPwmDriveConfig.5ef73c3b71594aa5,"e",%progbits
 650 0000 789CE360 		.ascii	"x\234\343``dHcd\000\222\0200\235\231\361\370\373\267"
 650      60644863 
 650      64009210 
 650      309D99F1 
 650      F8FBB7
 651 0013 5718FB98 		.ascii	"W\030\373\230\3473\003\005\201\334\276\346\367\3678"
 651      E7330305 
ARM GAS  /tmp/cc4JZDS4.s 			page 50


 651      81DCBEE6 
 651      F7F738
 652 0022 405C4630 		.ascii	"@\\F0w_\317\205\323\314\020YF \367\345\307wq\226\333"
 652      775FCF85 
 652      D3CC1059 
 652      4620F7E5 
 652      C7777196 
 653 0037 1B3A1634 		.ascii	"\033:\0264(\314gf\232\001\024\335\303(=\003\250v7\243"
 653      28CC6766 
 653      9A0114DD 
 653      C3283D03 
 653      A87637A3 
 654 004b 344879D3 		.ascii	"4Hy\323\3255\333\371@\312\231\031\231\211P\336vt\302"
 654      D535DBF9 
 654      40CA9919 
 654      998950DE 
 654      7674C2
 655 005e 6E5E8872 		.ascii	"n^\210r&\"\224\023\222?\360\374\371<6\210\002\207\371"
 655      26229413 
 655      923FF0FC 
 655      F93C3688 
 655      0287F9
 656 0071 CC2C8C86 		.ascii	"\314,\214\206\322\214\207\030-\031\215\244\031\017\002"
 656      D28C8718 
 656      2D198DA4 
 656      190F02
 657 0080 A9038CD2 		.ascii	"\251\003\214\322\214\373\201\364> \275\227\321\022\244"
 657      8CFB81F4 
 657      3E20BD97 
 657      D112A4
 658 008f 61F5D68B 		.ascii	"a\365\326\213\253X!\276kP\000\362\377<\273\337\303\017"
 658      AB5821BE 
 658      6B5000F2 
 658      FF3CBBDF 
 658      C30F
 659 00a1 E51F59A5 		.ascii	"\345\037Y\245\004\024\3311\377\303Lv\210\221\005\363"
 659      0414D931 
 659      FFC34C76 
 659      889105F3 
 660 00b1 99596730 		.ascii	"\231Yg031\036\005\331\311\314x\004D\261\200\254\236"
 660      33311E05 
 660      D9C9CC78 
 660      0444B180 
 660      AC9E
 661 00c3 C1CCCA78 		.ascii	"\301\314\312x\230\321r\0063\033\343.\020\217\035Bq\200"
 661      98D17206 
 661      331BE32E 
 661      108F1D42 
 661      7180
 662 00d5 2806C663 		.ascii	"(\006\306c@\253\000\032\312p\022"
 662      40AB001A 
 662      CA7012
 663              		.text
 664              		.section	.gnu.lto_moduleHalQeiConfig.5ef73c3b71594aa5,"e",%progbits
 665 0000 789CE360 		.ascii	"x\234\343``d8\301\300\000$!`:3c_\363\373{\034}\314\363"
 665      606438C1 
 665      C0002421 
ARM GAS  /tmp/cc4JZDS4.s 			page 51


 665      603A3363 
 665      5FF3FB7B 
 666 0018 998182C8 		.ascii	"\231\201\202\310\\F0\367\355\261\231\363Y@\\&\306z "
 666      5C4630F7 
 666      EDB199F3 
 666      59405C26 
 666      C67A20
 667 002b F7F8FBB7 		.ascii	"\367\370\373\267W\030!\\\024\305\314\250\\\0260w[\347"
 667      5718215C 
 667      14C5CCA8 
 667      5C163077 
 667      5BE7
 668 003d DB959C20 		.ascii	"\333\225\234 .+##\262,\033X\366\335\242E\335\334\226"
 668      2E2B2323 
 668      B22C1B58 
 668      F6DDA245 
 668      DDDC96
 669 0050 DB1B3A16 		.ascii	"\333\033:\02644\000\005\331g\000\035p\220Qz\006\320"
 669      34340005 
 669      D967001D 
 669      7090517A 
 669      06D0
 670 0062 E203208A 		.ascii	"\342\003 \212\211q?\210bf\334\007\242X\030\367\202("
 670      89713F88 
 670      6266DC07 
 670      A25818F7 
 670      8228
 671 0074 56C63D20 		.ascii	"V\306= \212\215q7\210bg\334\305(\315\300x\210\321\222"
 671      8A8D7137 
 671      886267DC 
 671      C528CDC0 
 671      7888D192 
 672 0088 010043F8 		.ascii	"\001\000C\370<\021"
 672      3C11
 673              		.text
 674              		.section	.gnu.lto_moduleHalCanConfig.5ef73c3b71594aa5,"e",%progbits
 675 0000 789CE360 		.ascii	"x\234\343``dpg`\000\222\0200\235\231\361n\307\203i\274"
 675      60647067 
 675      60009210 
 675      309D99F1 
 675      6EC78369 
 676 0015 7DCCF399 		.ascii	"}\314\363\231\031\030\033\033\266p\002EnL\375\374\207"
 676      19181B1B 
 676      B6700245 
 676      6E4CFDFC 
 676      87
 677 0026 0B22F204 		.ascii	"\013\"\362\004\244b\376\256e\027\371-\2677t,hP\230\317"
 677      A462FEAE 
 677      6517F92D 
 677      B737742C 
 677      685098CF 
 678 003a CC380328 		.ascii	"\3148\003(\276\233Qz\0063#\343.Fi\006\306=\214\226\014"
 678      BE9B517A 
 678      063323E3 
 678      2E466906 
 678      C63D8C96 
 679 004f 00E4D218 		.ascii	"\000\344\322\030\022"
ARM GAS  /tmp/cc4JZDS4.s 			page 52


 679      12
 680              		.text
 681              		.section	.gnu.lto_moduleHalSerialCanConfig.5ef73c3b71594aa5,"e",%progbits
 682 0000 789CE360 		.ascii	"x\234\343``d\330\311\300\300\300\315\000\001\323\231"
 682      6064D8C9 
 682      C0C0C0CD 
 682      0001D399 
 683 0010 19FB9ADF 		.ascii	"\031\373\232\337\337\343\350c\236\317\014\224\002rW"
 683      DFE3E863 
 683      9ECF0C94 
 683      027257
 684 001f 4E9F3687 		.ascii	"N\2376\207\011\304ed\374\317\217,\315\004\226~9k\351"
 684      09C46564 
 684      FCCF8F2C 
 684      CD04967E 
 684      396BE9
 685 0032 0556CBED 		.ascii	"\005V\313\355\015\035\013\032\034\34633\317\000\352"
 685      0D1D0B1A 
 685      1CE63333 
 685      CF00EA
 686 0041 DAC3283D 		.ascii	"\332\303(=\003\250z7\210bb\334\005\242\230A\024H\371"
 686      03A87A37 
 686      886262DC 
 686      05A29841 
 686      1448F9
 687 0054 DA73931B 		.ascii	"\332s\223\0338!\312\005\3463\263\314`fa\334\313h\011"
 687      3821CA05 
 687      E633B3CC 
 687      606661DC 
 687      CB6809
 688 0067 9299BBE2 		.ascii	"\222\231\273\342\314\177\316\026\306\246\306\216\206"
 688      CC7FCE16 
 688      C6A6C68E 
 688      86
 689 0074 8607DD9D 		.ascii	"\206\007\335\235\254\026\363\231Y\0273C\234\264\245"
 689      AC16F399 
 689      59173343 
 689      9CB4A5
 690 0083 71430317 		.ascii	"qC\003\027D\227\302|f\266\031\314\254\214\373\031[\030"
 690      4497C27C 
 690      66B619CC 
 690      AC8CFB19 
 690      5B18
 691 0095 6730B331 		.ascii	"g0\2631\356\003\352f<\000$8s\363SJsR\365\222\031\000"
 691      EE03EA66 
 691      3C002438 
 691      73F3534A 
 691      7352F592 
 692 00ab F53A3E50 		.ascii	"\365:>P"
 693              		.text
 694              		.section	.gnu.lto_moduleInitTests.5ef73c3b71594aa5,"e",%progbits
 695 0000 789C5D8E 		.ascii	"x\234]\216?K\003A\020\305\337\3339\343\005\261\027\203"
 695      3F4B0341 
 695      10C5DFDB 
 695      39E305B1 
 695      1783
 696 0012 609BC64F 		.ascii	"`\233\306O\220\302\357\242v\376\251\254\263\027O#Db"
ARM GAS  /tmp/cc4JZDS4.s 			page 53


 696      90C2EFA2 
 696      76FEA9AC 
 696      B3174F23 
 696      4462
 697 0024 25470AD9 		.ascii	"%G\012\331\350!j!b\031Mt\261\260\022\011\0266\202\205"
 697      E8216A21 
 697      62194D74 
 697      B1B01209 
 697      16368285 
 698 0038 8595E837 		.ascii	"\205\225\3507H\234\273\023\004\007\006v\346\375\346"
 698      489CBB13 
 698      04070676 
 698      E6FDE6
 699 0047 ED0B41CC 		.ascii	"\355\013A\314\022\230\0020\247M\001\215\265vq2\012\015"
 699      12980230 
 699      A74D018D 
 699      B5767132 
 699      0A0D
 700 0059 99BF6C48 		.ascii	"\231\277lH\324\015\353\334\227Dx\337\374\350\231\352"
 700      D40DEBDC 
 700      974478DF 
 700      FCE899EA 
 701 0069 A92AD627 		.ascii	"\251*\326'\303\312\216\335\236q\002t\264\213\3425\253"
 701      C3CA8EDD 
 701      9E710274 
 701      B48BE235 
 701      AB
 702 007a 8092EF57 		.ascii	"\200\222\357W\243\203\351R\360+\361\206%\375\014\270"
 702      A383E952 
 702      F02BF186 
 702      25FD0CB8 
 703 008a 7C9EF076 		.ascii	"|\236\360v4nZ\377\264~tQS\261%\310\354\002Z\017\354"
 703      346E5AFF 
 703      B47E7451 
 703      53B125C8 
 703      EC025A0F 
 704 009f 89298648 		.ascii	"\211)\206H\207O\306\335\264/\371\255:\036\236=\216\313"
 704      874FC6DD 
 704      B42FF9AD 
 704      3A1E9E3D 
 704      8ECB
 705 00b1 311B51E8 		.ascii	"1\033Q\350\204\035Q7\366\0313\223\332[\337oa[\234\030"
 705      841D5137 
 705      F6193393 
 705      DA5BDF6F 
 705      615B9C18 
 706 00c5 FE274D9A 		.ascii	"\376'M\232\005\320\345\313\353\303\220'L\351Dx\253\207"
 706      05D0E5CB 
 706      EBC39027 
 706      4CE94478 
 706      AB87
 707 00d7 1CB0922B 		.ascii	"\034\260\222+\275\304\037\347\370\256\265\363\231\307"
 707      BDC41FE7 
 707      F8AEB5F3 
 707      99C7
 708 00e5 9D724562 		.ascii	"\235rEb\257\234\223\000_lt\317k\371.\253\226\360/3P"
 708      AF9C9300 
ARM GAS  /tmp/cc4JZDS4.s 			page 54


 708      5F6C74CF 
 708      6BF92EAB 
 708      96F02F33 
 709 00fa 5EDB58DE 		.ascii	"^\333X\336\\]YX\302\017\231{^?"
 709      5C5D5958 
 709      C20F997B 
 709      5E3F
 710              		.text
 711              		.section	.gnu.lto_moduleTestAllShellCmd.5ef73c3b71594aa5,"e",%progbits
 712 0000 789CE360 		.ascii	"x\234\343``dhf``\020e\200\200\351\314\214}\315\357\357"
 712      60646866 
 712      60601065 
 712      8080E9CC 
 712      8C7DCDEF 
 713 0015 71F431CF 		.ascii	"q\3641\317g\006J\001\271sW\234\371\317\331\302\330\324"
 713      67064A01 
 713      B973579C 
 713      F9CFD9C2 
 713      D8D4
 714 0027 D8D1D0F0 		.ascii	"\330\321\320\360\240\373\246\264\340|f\306\231\314\020"
 714      A0FBA6B4 
 714      E07C66C6 
 714      99CC10
 715 0036 A50DED1D 		.ascii	"\245\015\355\035)\212<\363\033f(\314gf\002\011L\355"
 715      298A3CF3 
 715      1B6628CC 
 715      67660209 
 715      4CED
 716 0048 9F749B09 		.ascii	"\237t\233\011\244xFC\003P\214\231q\017\243\"X\345\266"
 716      A4784643 
 716      03508C99 
 716      710FA322 
 716      58E5B6
 717 005b B5AFBE32 		.ascii	"\265\257\2762[no\350X\320`0\237\231e\006\320\360\275"
 717      5B6E6FE8 
 717      58D06030 
 717      9F996506 
 717      D0F0BD
 718 006e 8C2D8C33 		.ascii	"\214-\2143\230\031\031w\203i&\306]\214\322\014\214\373"
 718      98191977 
 718      836926C6 
 718      5D8CD20C 
 718      8CFB
 719 0080 182D1938 		.ascii	"\030-\0318s\363SJsR\365\222\0318KR\213K\254\022sr\030"
 719      73F3534A 
 719      7352F592 
 719      19384B52 
 719      8B4BAC12 
 720 0097 00D10931 		.ascii	"\000\321\0111F"
 720      46
 721              		.text
 722              		.section	.gnu.lto_moduleShutdownPeripheryInterfaces.5ef73c3b71594aa5,"e",%progbits
 723 0000 789C8D94 		.ascii	"x\234\215\224\337k\323P\024\307\317\311i\323\264v\256"
 723      DF6BD350 
 723      14C7CFC9 
 723      69D3B476 
 723      AE
ARM GAS  /tmp/cc4JZDS4.s 			page 55


 724 0011 6A15A128 		.ascii	"j\025\241(\276\311^\332\277@\361?\221Y'\012\272\202"
 724      BEC95EDA 
 724      BF40F13F 
 724      9159270A 
 724      BA82
 725 0023 22E2D36E 		.ascii	"\"\342\323n\273\352\224\312\3664K\036JV\203\350\213"
 725      BBEA94CA 
 725      F6344B1E 
 725      4A5683E8 
 725      8B
 726 0034 C8041FAA 		.ascii	"\310\004\037\252S\343t\363\327\3249]\3751\235u\272\201"
 726      53E374F3 
 726      D7D4395D 
 726      FD319D75 
 726      BA81
 727 0046 22CAD8B3 		.ascii	"\"\312\330\263\233\367\336\224\220%1\030\032\350\275"
 727      9BF7DE94 
 727      90253118 
 727      1AE8BD
 728 0055 F7E47C3E 		.ascii	"\367\344|>\347\033\210\006\010\247\242\000\273\001`"
 728      E71B8806 
 728      08A7A200 
 728      BB0160
 729 0064 07BF9100 		.ascii	"\007\277\221\000\025\306\330\276XQS\020\345?\246!\364"
 729      15C6D8BE 
 729      58515310 
 729      E53FA621 
 729      F4
 730 0075 29D88743 		.ascii	")\330\207CT%\034\037Xj(]W\370\011\263\2527v\236eg\266"
 730      54251C1F 
 730      586A285D 
 730      57F809B3 
 730      AA37769E 
 731 008c 1B04A0F3 		.ascii	"\033\004\240\363\333\276\360\026v\001\360\312\205\321"
 731      DBBEF016 
 731      7601F0CA 
 731      85D1
 732 009a D5E10E35 		.ascii	"\325\341\0165\322>\302\333\250r\030\300\365\231\250"
 732      D23EC2DB 
 732      A87218C0 
 732      F599A8
 733 00a9 C556D706 		.ascii	"\305V\327\006\230\325<]\257\357M&\300 \276_!\020=#\310"
 733      98D53C5D 
 733      AFEF4D26 
 733      C020BE5F 
 733      21103D23 
 734 00be 2C800BA4 		.ascii	",\200\013\244\330\213~\276\370\211\345\221\2251\222"
 734      D88B7EBE 
 734      F889E591 
 734      953192
 735 00cd 0D78DBDA 		.ascii	"\015x\333\332\325\251\265x\031KE\315 E\027\217\342\030"
 735      D5A9B578 
 735      194B45CD 
 735      2045178F 
 735      E218
 736 00df 96511C0D 		.ascii	"\226Q\034\015\366\377\236\327\006\311 Bo%\231\302\202"
 736      F6FF9ED7 
ARM GAS  /tmp/cc4JZDS4.s 			page 56


 736      06C92042 
 736      6F2599C2 
 736      82
 737 00f0 6F36E726 		.ascii	"o6\347&\247\3612\232hP\004\357\362\007\361\016f\344"
 737      A7F1329A 
 737      685004EF 
 737      F207F10E 
 737      66E4
 738 0102 49A36A5D 		.ascii	"I\243j]\222\345\347\030\333%z\334\343u\266\266\305\353"
 738      92E5E718 
 738      DB257ADC 
 738      E375B6B6 
 738      C5EB
 739 0114 0C8AC20F 		.ascii	"\014\212\302\017,]\254\314\256\310\335\032%\334H\325"
 739      2C5DACCC 
 739      AEC8DD1A 
 739      25DC48D5 
 740 0124 878C9942 		.ascii	"\207\214\231B\316\205,2\331X\303q\201\275\217\031\273"
 740      CE852C32 
 740      D958C371 
 740      81BD8F19 
 740      BB
 741 0135 F9037E26 		.ascii	"\371\003~&\206l-\267\226q]n\012\270\202,\213DZ\347k"
 741      866C2DB7 
 741      96715D6E 
 741      0AB8822C 
 741      8B445AE7 
 742 014a 9D324A79 		.ascii	"\2352Jy\350*\306\011T\361!o\0078\351\317)\256\363q&"
 742      E82AC609 
 742      54F1216F 
 742      0738E9CF 
 742      29AEF371 
 743 015f 04EC9188 		.ascii	"\004\354\221\210\212\253\033\224\220\301\326\367\004"
 743      8AAB1B94 
 743      90C1D6F7 
 743      04
 744 016c E5BA41A7 		.ascii	"\345\272A\247\010\357\364\330\233k\3227d\322l\213\270"
 744      08EFF4D8 
 744      9B6BD237 
 744      64D26C8B 
 744      B8
 745 017d 72EDC0A7 		.ascii	"r\355\300\247b\300'\301\271&\361\231\223\353\224\314"
 745      62C027C1 
 745      B926F199 
 745      93EB94CC 
 746 018d 75A334B9 		.ascii	"u\2434\271\026h\322\251\363\330\001\237{MR>\223\224"
 746      1668D2A9 
 746      F3D8019F 
 746      7B4D523E 
 746      9394
 747 019f 49E435D9 		.ascii	"I\3445\331\204/\205\311\213`\223\024N;&\257\244\311"
 747      842F85C9 
 747      8B609314 
 747      4E3B26AF 
 747      A4C9
 748 01b1 6669321A 		.ascii	"fi2\032f2\3236\361\240#~\364\353P\364\033\007=\353B"
 748      6632D336 
ARM GAS  /tmp/cc4JZDS4.s 			page 57


 748      F1A0237E 
 748      F4EB50F4 
 748      1B073DEB 
 749 01c6 DFFC175A 		.ascii	"\337\374\027Z\274\330f0:`\352\267\241\350w\016\372\275"
 749      BCD86630 
 749      3A60EAB7 
 749      A1E8770E 
 749      FABD
 750 01d8 0BDD0843 		.ascii	"\013\335\010C\177\370\357\251\347B\321\037\035\364'"
 750      7FF8EFA9 
 750      E742D11F 
 750      1DF427
 751 01e7 177A3110 		.ascii	"\027z1\020\275E\247\030G\317{_}\332g\2226\305\253Yo"
 751      BD45A718 
 751      47CF7B5F 
 751      7DDA6792 
 751      36C5AB59 
 752 01fc B2155BC2 		.ascii	"\262\025[\302\344s\260I\032\2778&\013\322d\2334\371"
 752      E473B049 
 752      1ABF3826 
 752      0BD2649B 
 752      34F9
 753 020e 1E66F235 		.ascii	"\036f\3625 \004\216V\375\350o\241\350E\007\275\324F"
 753      20048E56 
 753      FDE86FA1 
 753      E84507BD 
 753      D446
 754 0220 FFC2D2C8 		.ascii	"\377\302\322\310\037\033-\256\012\241\375\371+Yb\031"
 754      1F1B2DAE 
 754      0AA1FDF9 
 754      2B596219 
 755 0230 3F563878 		.ascii	"?V8x\362hO6\017\231l6\307\177\371\302\361\236\334\221"
 755      F2684F36 
 755      0F996C36 
 755      C77FF9C2 
 755      F19EDC91 
 756 0244 DE7CAEBB 		.ascii	"\336|\256\273pb\377\241\003\371\356\336\354a\370\013"
 756      7062FFA1 
 756      03F9EEDE 
 756      EC61F80B 
 757 0254 43FFC2FB 		.ascii	"C\377\302\373"
 758              		.text
 759              		.section	.gnu.lto_moduleSsspBcbSetup.5ef73c3b71594aa5,"e",%progbits
 760 0000 789C9D96 		.ascii	"x\234\235\226\377O[U\024\300\357\271\267\364\013\224"
 760      FF4F5B55 
 760      14C0EFB9 
 760      B7F40B94 
 761 0010 B2A99B9B 		.ascii	"\262\251\233\233\304\010\211fY4\264$\376l4$&\373\201"
 761      C4088966 
 761      5934B424 
 761      FE6C3424 
 761      26FB81
 762 0023 988C3F60 		.ascii	"\230\214?`\201\322\011\221\202\241,q?\355Q`|/.\033\002"
 762      81D20991 
 762      82A12C71 
 762      3FED5160 
 762      7C2F2E1B 
ARM GAS  /tmp/cc4JZDS4.s 			page 58


 763 0038 664D1152 		.ascii	"fM\021Re3\202%\313\262\001be\002\202\333\024\334\304"
 763      65338225 
 763      CBB20162 
 763      650282DB 
 763      14DCC4
 764 004b 3107C800 		.ascii	"1\007\310\000\2011\346p \373\"x\316{-ka{fm(y\367\236"
 764      8131E670 
 764      20FB2278 
 764      CE7B2D6B 
 764      617B666D 
 765 0063 6F9F73EE 		.ascii	"o\237s\356y\275G\317\200]\217f\254\2231\3662~A0\340"
 765      79BD47CF 
 765      805D8F66 
 765      AC9331F6 
 765      327E4130 
 766 0078 9224BDAD 		.ascii	"\222$\275\255+\324s\000\371I\322\003;\302\341\010\324"
 766      2BD47300 
 766      F949D203 
 766      3BC2E108 
 766      D4
 767 0089 883A013D 		.ascii	"\210:\001=\2453\347\371\336/P\"\371\353\356\275rT*\331"
 767      A533E7F9 
 767      DE2F5022 
 767      F9EBEEBD 
 767      72542AD9 
 768 009d E5118C35 		.ascii	"\345\021\2145\340W\371@\007\354E\2751\247{\325\350\022"
 768      E057F940 
 768      07EC45BD 
 768      31A77BD5 
 768      E812
 769 00af 1E01A0C1 		.ascii	"\036\001\240\301\345\211\3013\003\321\264\344\220\200"
 769      E589C133 
 769      03D1B4E4 
 769      9080
 770 00bd CB2F57FA 		.ascii	"\313/W\372\273@\030\201\341\363\261\223=S\260\307+I"
 770      BB401881 
 770      E1F3B193 
 770      3D53B0C7 
 770      2B49
 771 00cf 4EC9FFA8 		.ascii	"N\311\377\250YH\257z\204\200o@\240K\350\202x\350\204"
 771      5948AF7A 
 771      84806F40 
 771      A04BE882 
 771      78E884
 772 00e2 78C6700F 		.ascii	"x\306p\017]w\303\036F&\223\276\265\332X\255&\020\025"
 772      5D77C31E 
 772      462693BE 
 772      B5DA58AD 
 772      261015
 773 00f5 BE052D84 		.ascii	"\276\005-\204\355\002\333\244\3067o\210\320\215b\312"
 773      ED02DBA4 
 773      C6376F88 
 773      D08D62CA 
 774 0105 A6B1B937 		.ascii	"\246\261\2717Yv%\013C\224\341\002\272\357\001\355f\203"
 774      5976250B 
 774      4394E102 
 774      BAEF01ED 
ARM GAS  /tmp/cc4JZDS4.s 			page 59


 774      6683
 775 0117 09EFD06E 		.ascii	"\011\357\320n\035\203\357\311\202\207[\364\242\305w"
 775      1D83EFC9 
 775      82875BF4 
 775      A2C577
 776 0126 6116B8D9 		.ascii	"a\026\270\331\207\233~\332\204~|\302\370m\303Q~im\275"
 776      879B7EDA 
 776      847E7CC2 
 776      F86DC351 
 776      7E696DBD 
 777 013a 140BB973 		.ascii	"\024\013\271s\275g\264B\354\000\314S\303\361_\224\006"
 777      BD67B442 
 777      EC00CC53 
 777      C3F15F94 
 777      06
 778 014b 2859133D 		.ascii	"(Y\023=2V)\030\005\324\200\344g\254JpeQ\204\213yp.\315"
 778      32562918 
 778      05D480E4 
 778      67AC4A70 
 778      6551848B 
 779 0163 AED7C413 		.ascii	"\256\327\304\0237\306r\025\335\031\323S\225\265re\375"
 779      37C67215 
 779      DD19D353 
 779      95B57265 
 779      FD
 780 0174 A35F5F33 		.ascii	"\243__3y\241\271\220\322[#\347:\267\320\300\017TP\024"
 780      79A1B990 
 780      D25B23E7 
 780      3AB7D0C0 
 780      0F545014 
 781 0188 177AC6CF 		.ascii	"\027z\306\317i-\255\344-\301#\3640\000^\250\227+\212"
 781      692DADE4 
 781      2DC123F4 
 781      30005EA8 
 781      972B8A
 782 019b C2B357DA 		.ascii	"\302\263W\332\006\015\212\260\261\233{\204\001\006\301"
 782      060D8AB0 
 782      B19B7B84 
 782      0106C1
 783 01aa 521FAC6C 		.ascii	"R\037\254lc\343\374\2101 ]Bi4\374H\322@\231\007G\253"
 783      63E3FC88 
 783      31205D42 
 783      6934FC48 
 783      D2409907 
 784 01c0 C6F40169 		.ascii	"\306\364\001i\023\322\304\300E\222\222k\270\004\026"
 784      13D2C4C0 
 784      4592926B 
 784      B80416
 785 01cf D43855F7 		.ascii	"\3248U\367\311I\356\222E\353qp\031\201\344L\312|gD "
 785      C949EE92 
 785      45EB7170 
 785      1981E44C 
 785      CA7C6744 
 786 01e4 956764FF 		.ascii	"\225gd\377I\235\375gU\366!\025v#\014\223TC\354\277\310"
 786      499DFD67 
 786      55F62115 
 786      76230C93 
ARM GAS  /tmp/cc4JZDS4.s 			page 60


 786      5443ECBF 
 787 01f9 EC67CB6F 		.ascii	"\354g\313o\2372\270d\021\300\225 zy\304\350W\325\321"
 787      9F32B864 
 787      11C09520 
 787      7A79C4E8 
 787      57D5D1
 788 020c 7F55451F 		.ascii	"\177UE\037QE\377\215\244Q\204~\015,\217Y\253|\347\""
 788      5145FF8D 
 788      A451847E 
 788      0D2C8F59 
 788      AB7CE722 
 789 0220 641D5567 		.ascii	"d\035Ug\275N\361\264[Y\037\310\254\277?\205\365\264"
 789      BD4EF1B4 
 789      5B591FC8 
 789      ACBF3F85 
 789      F5B4
 790 0232 DC073736 		.ascii	"\334\00776ZdL.\363F/\307\000\203\361 z\265\257+B\364"
 790      5A644C2E 
 790      F3462FC7 
 790      0083F120 
 790      7AB5AF2B 
 791 0248 0975F43F 		.ascii	"\011u\364?T\321'U\320\215ps\243C\246\302\321\361\007"
 791      54D12755 
 791      D08D7073 
 791      A343A6C2 
 791      D1F107
 792 025b 0EA683E8 		.ascii	"\016\246\203\350\256\210\321g\324\321\377TE\237UE\237"
 792      AE88D167 
 792      D4D1FF54 
 792      459F5545 
 792      9F
 793 026c DBE89079 		.ascii	"\333\350\220y\354\220\000\353\211\012\367\361\2767#"
 793      EC9000EB 
 793      890AF7F1 
 793      BE3723
 794 027b 63BDA5C6 		.ascii	"c\275\245\306\032\013\013\024OG\361n\313\245r\267\\"
 794      1A0B0B14 
 794      4F47F16E 
 794      CBA572B7 
 794      5C
 795 028c 5C371483 		.ascii	"\\7\024\203\263\260\014UZ\021\311\324@\225\204E(\006"
 795      B3B00C55 
 795      5A11C9D4 
 795      40958445 
 795      2806
 796 029e 05C57B5C 		.ascii	"\005\305{\\K$n\001\233a\232b\325a\342\340\216\014\243"
 796      4B246E01 
 796      9B619A62 
 796      D561E2E0 
 796      8E0CA3
 797 02b1 5760BAC6 		.ascii	"W`\272\306\247\3329\205\222\002\2414\360\027X0\326\335"
 797      A7DA3985 
 797      9202A134 
 797      F0175830 
 797      D6DD
 798 02c3 40ACB18A 		.ascii	"@\254\261\212\206\330\310\222^\012M\332\347[\0342\206"
 798      86D8C892 
ARM GAS  /tmp/cc4JZDS4.s 			page 61


 798      5E0A4DDA 
 798      E75B1C32 
 798      86
 799 02d4 242DE06F 		.ascii	"$-\340oJ\332@I\337\003\013&\242\364\203\333\267\300"
 799      4ADA4049 
 799      DF030B26 
 799      A2F483DB 
 799      B7C0
 800 02e6 23091707 		.ascii	"#\011\027\007\313\241i\205\326\270\003\303m\203\025"
 800      CBA16985 
 800      D6B803C3 
 800      6D8315
 801 02f5 0A17BDA5 		.ascii	"\012\027\275\245\037\320t;\374C\262\230-\335\220@\257"
 801      1FD0743B 
 801      FC43B298 
 801      2DDD9040 
 801      AF
 802 0306 D92AC98C 		.ascii	"\331*\311\214\204y\037{\341r\260\027\252k\373@9\001"
 802      84791F7B 
 802      E172B017 
 802      AA6BFB40 
 802      3901
 803 0318 BE19B5D5 		.ascii	"\276\031\265\325\370\177\225y\020Z\231\260\0230\341"
 803      F87F9579 
 803      105A99B0 
 803      1330E1
 804 0327 D5060FE5 		.ascii	"\325\006\017\345\003xD\007p\013\234\223\313\303\017"
 804      03784407 
 804      700B9C93 
 804      CBC30F
 805 0336 41B91D81 		.ascii	"A\271\035\201\025\240\201\344\235\355\227\247\206\347"
 805      15A081E4 
 805      9DED97A7 
 805      86E7
 806 0344 E46669F2 		.ascii	"\344fi\362\264\257F'\226\200G\252G\347\317\223\313\257"
 806      B4AF4627 
 806      968047AA 
 806      47E7CF93 
 806      CBAF
 807 0356 6E764A7A 		.ascii	"nvJz\2742\031\254A\242\034\244\267\352\306\200\016w"
 807      BC3219AC 
 807      41A21CA4 
 807      B7EAC680 
 807      0E77
 808 0368 601D34F0 		.ascii	"`\0354\360/a\201\304i\004i\351\2760mL,\013X\277@\272"
 808      2F6181C4 
 808      690469E9 
 808      BE306D4C 
 808      2C0B58BF 
 809 037e 4BADED57 		.ascii	"K\255\355Wcd\353B\216\326\340\344\032\266\000E\023\237"
 809      6364EB42 
 809      8ED6E0E4 
 809      1AB60045 
 809      139F
 810 0390 D5AEBC44 		.ascii	"\325\256\274D\3675\013\355P\275G\354h@f\274\334\031"
 810      F7350BED 
 810      50BD47EC 
ARM GAS  /tmp/cc4JZDS4.s 			page 62


 810      684066BC 
 810      DC19
 811 03a2 14611E98 		.ascii	"\024a\036\230\373NY\335\353[\016\237?\264[\247\213\363"
 811      FB4E59DD 
 811      EB5B0E9F 
 811      3FB45BA7 
 811      8BF3
 812 03b4 6F054685 		.ascii	"o\005F\205MSA\011\327B1\247\251\340(\177R<\035i0(\015"
 812      4D534109 
 812      D74231A7 
 812      A9E0287F 
 812      523C1D69 
 813 03cb C6C323E9 		.ascii	"\306\303#\351\232k\2551\221\272[\230\320\340\363\351"
 813      9A6BAD31 
 813      91BA5B98 
 813      D0E0F3E9 
 814 03db 6375262A 		.ascii	"cu&*\322\213\362\244\025\372FMT\266lO\366\210]\315B"
 814      D28BF2A4 
 814      15FA464D 
 814      54B66C4F 
 814      F6885DCD 
 815 03f0 9E6CC8FD 		.ascii	"\236l\310\375\214\353R\207\036\317\017\250\374\345\350"
 815      8CEB5287 
 815      1ECF0FA8 
 815      FCE5E8
 816 03ff 15CA38D5 		.ascii	"\025\3128\325\250\202{\003/\201\247d\2444\212\334\207"
 816      A8827B03 
 816      2F81A764 
 816      A4348ADC 
 816      87
 817 0410 FE924585 		.ascii	"\376\222E\205\015\024h\254\247S\257\344[N\275\361\240"
 817      0D1468AC 
 817      A753AFE4 
 817      5B4EBDF1 
 817      A0
 818 0421 47EC862A 		.ascii	"G\354\206*N\307\036\313\024\370j\216]o\"\357\237\316"
 818      4EC71ECB 
 818      14F86A8E 
 818      5D6F22EF 
 818      9FCE
 819 0433 B5B5C504 		.ascii	"\265\265\305\004|?\013\250\3531h\015\272\306VT\012\177"
 819      7C3F0BA8 
 819      EB31680D 
 819      BAC65654 
 819      0A7F
 820 0445 F73E5055 		.ascii	"\367>PU\237P7=\215m\014>\016\326m\021\234\023\345\247"
 820      9F50373D 
 820      8D6D0C3E 
 820      0ED66D11 
 820      9C13E5A7 
 821 0459 9365EFF4 		.ascii	"\223e\357\364\251\024\240\214QN?-\015\366\274\314C9"
 821      A914A08C 
 821      514E3F2D 
 821      0DF6BCCC 
 821      4339
 822 046b B6242BD3 		.ascii	"\266$+\323d\246\027\244\307'%\231\361\317\232\227o3"
 822      64A617A4 
ARM GAS  /tmp/cc4JZDS4.s 			page 63


 822      C7272599 
 822      F1CF9A97 
 822      6F33
 823 047d 67E75ACD 		.ascii	"g\347Z\315\351y\216\003\0073\254\351\271IY\354]E\366"
 823      E9798E03 
 823      0733ACE9 
 823      B94959EC 
 823      5D45F6
 824 0490 812D3FD7 		.ascii	"\201-?\327\226cN\311\312\316\310~/\315\234\347@m\273"
 824      96634EC9 
 824      CACEC87E 
 824      2FCD9CE7 
 824      406DBB
 825 04a3 3D2FD76C 		.ascii	"=/\327l\373\250\300\374\316\376TsJj\332\2764s\012\271"
 825      FBA8C0FC 
 825      CEFE5473 
 825      4A6ADABE 
 825      34730AB9 
 826 04b7 D8976BCD 		.ascii	"\330\227k\3159\224i3[\355\216l\307\201\367\255Vt\263"
 826      39946933 
 826      5BED8E6C 
 826      C781F7AD 
 826      5674B3
 827 04ca 2D356D7F 		.ascii	"-5m\177BF\272\303\366a~\366\033\011\257Y\030\317g:\273"
 827      4246BAC3 
 827      F6617EF6 
 827      1B09AF59 
 827      18CF673A 
 828 04df CD9E977F 		.ascii	"\315\236\227\177\230\275\376\264\020\371\005\204\243"
 828      98BDFEB4 
 828      10F90584 
 828      A3
 829 04ec F8CA721C 		.ascii	"\370\312r\034v\240\237\377\000.\251\315\231"
 829      76A09FFF 
 829      002EA9CD 
 829      99
 830              		.text
 831              		.section	.gnu.lto_moduleSsspBcbRelease.5ef73c3b71594aa5,"e",%progbits
 832 0000 789C7552 		.ascii	"x\234uR\337K\024Q\024\276\337\334u\177\230\232\276\266"
 832      DF4B1451 
 832      14BEDFDC 
 832      757F989A 
 832      BEB6
 833 0012 451A4944 		.ascii	"E\032ID\341\254\364\320C/\205\020\364 A\376\001\261"
 833      E1ACF4D0 
 833      432F8510 
 833      F42041FE 
 833      01B1
 834 0024 AE5B2EB9 		.ascii	"\256[.\271\273\265\263B\322\203\327U\263\322\222\242"
 834      BBB5B342 
 834      D283D755 
 834      B3D292A2 
 835 0034 3021996A 		.ascii	"0!\231j\223\244\320\314z\250\264\33245\313\312\254,"
 835      93A4D0CC 
 835      7AA8B4DA 
 835      3435CBCA 
 835      AC2C
ARM GAS  /tmp/cc4JZDS4.s 			page 64


 836 0046 8DCCDC8A 		.ascii	"\215\314\334\212\250(\352A\242@;wf#\265\032f`\316\271"
 836      A828EA41 
 836      A2403B77 
 836      6623B51A 
 836      6660CEB9 
 837 005a DFF79DEF 		.ascii	"\337\367\235\357\236s\354\014l\2223\326\315\030[B\037"
 837      9E73EC0C 
 837      6C9233D6 
 837      CD185B42 
 837      1F
 838 006b 38832284 		.ascii	"8\203\"\204Xo\253\260+\200\361'\354`\345\012\312Q\317"
 838      586FABB0 
 838      2B80F127 
 838      EC60E50A 
 838      CA51CF
 839 007e 1B38BA6B 		.ascii	"\0338\272k\336]UV\236\245\023\021k\030[\366Z\014\011"
 839      DE5D5556 
 839      9EA51311 
 839      6B185BF6 
 839      5A0C09
 840 0091 AE934223 		.ascii	"\256\223B#}\346\203kXI\300\361H\323\367\224Ct\006X("
 840      7DE6836B 
 840      5849C0F1 
 840      48D3F794 
 840      43740658 
 841 00a6 3C7AF7F2 		.ascii	"<z\367\362@\262\014\025dRx~\252\277\013<\005\214\376"
 841      40B20C15 
 841      6452787E 
 841      AABF0B3C 
 841      058CFE
 842 00b9 0F9FE87E 		.ascii	"\017\237\350~\203\025\315BDDl\360\014\027\313u\316q"
 842      8315CD42 
 842      44446CF0 
 842      0C17CB75 
 842      CE71
 843 00cb 1D9C24D1 		.ascii	"\035\234$\321\005':\341d\214r$}\003+\230\244L^\234>"
 843      05273AE1 
 843      648C7224 
 843      7D032B98 
 843      A44C5E9C 
 844 00e0 966AB524 		.ascii	"\226j\265$\252\342&\254\230\223\005\233\007S\314\304"
 844      AAE226AC 
 844      9893059B 
 844      0753CCC4 
 845 00f0 FB6AD1EA 		.ascii	"\373j\321\352\340\031F\331#=\361\037\216\354\250Q\266"
 845      E01946D9 
 845      233DF11F 
 845      8EECA851 
 845      B6
 846 0101 BF675D4D 		.ascii	"\277g]M\365^\321.\354:\267\240[\326\346X\343\204\313"
 846      F55ED12E 
 846      EC3AB7A0 
 846      5BD6E658 
 846      E384CB
 847 0114 69DEE98F 		.ascii	"i\336\351\217\026z\220Mz|v\262Jvc\242\366J\306W\233"
 847      167A904D 
 847      7A7C76B2 
ARM GAS  /tmp/cc4JZDS4.s 			page 65


 847      4A7663A2 
 847      F64AC657 
 848 0129 E1C5389E 		.ascii	"\341\3058\236U\036\275\344\3576\254\177Q\342\025K\327"
 848      551EBDE4 
 848      EF36AC7F 
 848      51E2154B 
 848      D7
 849 013a 32F44986 		.ascii	"2\364I\2062\227\321O\214[s\030\224\274C\311\230Lb\200"
 849      3297D14F 
 849      8C5B7318 
 849      94BC43C9 
 849      984C6280 
 850 014e FEC8C185 		.ascii	"\376\310\301\205\341\244\230\230\236\251\241Q,>\020"
 850      E1A49898 
 850      9EA9A151 
 850      2C3E10
 851 015d 6DE9CAA5 		.ascii	"m\351\312\245Q\351<\211&g4\252\2263Y\306\002\021c\254"
 851      51E93C89 
 851      266734AA 
 851      963359C6 
 851      021163AC 
 852 0171 8E2B6650 		.ascii	"\216+fPI\301\007D\216\0368\330\320\267T\332m\342\262"
 852      49C10744 
 852      8E1E38D8 
 852      D0B754DA 
 852      6DE2B2
 853 0184 79872ABF 		.ascii	"y\207*\277\214\333\345\200\254Fwbc\355\243i\315\210"
 853      8CDBE580 
 853      AC467762 
 853      63EDA369 
 853      CD88
 854 0196 5610E7E4 		.ascii	"V\020\347\344\2714\222\2655\321\354\356\312Y\320q\205"
 854      B93492B5 
 854      35D1ECEE 
 854      CA59D071 
 854      85
 855 01a7 FEEA8AD5 		.ascii	"\376\352\212\325\325&\0253un\307=4\3438O\264\252\353"
 855      D5261533 
 855      756EC73D 
 855      34E3384F 
 855      B4AAEB
 856 01ba D59B0EA5 		.ascii	"\325\233\016\245\012\021\203;\015r\204A\270\310\366"
 856      0A11833B 
 856      0D728441 
 856      B8C8F6
 857 01c9 7D54817D 		.ascii	"}T\201}Dd\362\322\343\237\251\346%\300\366\020C4\277"
 857      4464F2D2 
 857      E39FA9E6 
 857      25C0F610 
 857      4334BF
 858 01dc EF37B6C3 		.ascii	"\3577\266\303\001\027\205\247\365\216\357\311Yu\320"
 858      011785A7 
 858      F58EEFC9 
 858      5975D0
 859 01eb C571524F 		.ascii	"\305qRO\226\232\255\361Na\267P\227\360\020YF\225\336"
 859      969AADF1 
 859      4E61B750 
ARM GAS  /tmp/cc4JZDS4.s 			page 66


 859      97F01059 
 859      4695DE
 860 01fe BA970336 		.ascii	"\272\227\0036\312`\010\026<\220\276\360\310X\265\226"
 860      CA600816 
 860      3C90BEF0 
 860      C858B596 
 861 020e 1B3D6F53 		.ascii	"\033=oS\262\352\023\354\005\022\373\255\255\343\351"
 861      B2EA13EC 
 861      0512FBAD 
 861      ADE3E9
 862 021d 02833D2C 		.ascii	"\002\203=,\331x\014\013\373\204\312\211\353\307\246"
 862      D9780C0B 
 862      FB84CA89 
 862      EBC7A6
 863 022c 16C9B64A 		.ascii	"\026\311\266JLS\313\340\214C\272\246\035Hi\2445\240"
 863      4C53CBE0 
 863      8C43BAA6 
 863      1D4869A4 
 863      35A0
 864 023e 19303C91 		.ascii	"\0310<\221\226u\236J\360\352\211\370\341\231]r\\\363"
 864      96759E4A 
 864      F0EA89F8 
 864      E1995D72 
 864      5CF3
 865 0250 E1698D74 		.ascii	"\341i\215t\305^\011\177*\341\263\273\271\020\363\301"
 865      C55E097F 
 865      2AE1B3BB 
 865      B910F3C1 
 866 0260 0BA389E5 		.ascii	"\013\243\211\345\031y\3217Dm\213R\203\322\361\214\210"
 866      1979D137 
 866      446D8B52 
 866      83D2F18C 
 866      88
 867 0271 184974F7 		.ascii	"\030It\367jC\354\264\001\337\367{\257\244\320s\002\313"
 867      6A43ECB4 
 867      01DFF77B 
 867      AFA4D073 
 867      02CB
 868 0283 79318C12 		.ascii	"y1\214\022\230\246\246\363\014\343\026\361S3\251\377"
 868      98A6A6F3 
 868      0CE316F1 
 868      5333A9FF 
 869 0293 B245B7B0 		.ascii	"\262E\267\260\232\266\306~\337\3423\"\023\373;s\015"
 869      9AB6C67E 
 869      DFE23322 
 869      13FB3B73 
 869      0D
 870 02a4 19F9D472 		.ascii	"\031\371\324r\230[\021\211\311\320\341\017\026\225\226"
 870      985B1189 
 870      C9D0E10F 
 870      169596
 871 02b3 78733CCC 		.ascii	"xs<\314R\344\016\273\255Z\330\035.\325\23499*\275\236"
 871      52E40EBB 
 871      AD5AD81D 
 871      2ED59C39 
 871      392ABD9E 
 872 02c7 60C8ABFA 		.ascii	"`\310\253\372\002\036\325\035\324\266n+\364\270\003"
ARM GAS  /tmp/cc4JZDS4.s 			page 67


 872      021ED51D 
 872      D4B66E2B 
 872      F4B803
 873 02d6 39C56CA3 		.ascii	"9\305l\243y\266\303\033\012xK\324\274b_\241os\201\032"
 873      79B6C31B 
 873      0A784BD4 
 873      BC625FA1 
 873      6F73811A 
 874 02ea D408EDF7 		.ascii	"\324\010\355\367\007\003\252wwX\335\260%_\315\313/\330"
 874      0703AA77 
 874      7758DDB0 
 874      255FCDCB 
 874      2FD8
 875 02fc 54A0E649 		.ascii	"T\240\346I\211M\001OIi\221W\365\3705\237\266u\273\307"
 875      894D014F 
 875      49699157 
 875      F5F8359F 
 875      B675BBC7 
 876 0310 4332E9F9 		.ascii	"C2\351\371\005[2\013\335\232wg\310\267:3\333\305\224"
 876      055B320B 
 876      DD9A7767 
 876      C8B73A33 
 876      DBC594
 877 0323 10B3F9BD 		.ascii	"\020\263\371\275\376`\250\214\255\372_\211PX\3321\265"
 877      FE60A88C 
 877      ADFA5F89 
 877      5058DA31 
 877      B5
 878 0334 8AB5328D 		.ascii	"\212\2652\215t~\001\011\317y\350"
 878      747E0109 
 878      CF79E8
 879              		.text
 880              		.section	.gnu.lto_moduleSsspBcbTransmit.5ef73c3b71594aa5,"e",%progbits
 881 0000 789C9D54 		.ascii	"x\234\235T[oLQ\024\336\337Yg\246\323\313t\352R\227N"
 881      5B6F4C51 
 881      14DEDF59 
 881      67A6D3CB 
 881      74EA5297 
 882 0015 44239AC6 		.ascii	"D#\232\306\213\214x\352\203\304_)Z\036\\\022\251Wv\247"
 882      8B8C78EA 
 882      83C45F29 
 882      5A1E5C12 
 882      A95776A7 
 883 0029 65688B54 		.ascii	"eh\213T4m1\016\032\251K\220&.\241\324Qt\224\242(U\255"
 883      346D310E 
 883      1AA94B90 
 883      262EA1D4 
 883      517494A2 
 884 0040 698220A2 		.ascii	"i\202 \242\025\227\224H3\265\326\331\023u}`\22299k\257"
 884      15979448 
 884      33B5D6D9 
 884      13757D60 
 884      9239396B 
 885 0055 F57DEB5B 		.ascii	"\365}\353[\227}\002\012*\354Sj\276Rj\016\377A\012\226"
 885      977D020A 
 885      2AEC536A 
 885      BE526A0E 
ARM GAS  /tmp/cc4JZDS4.s 			page 68


 885      FF410A96 
 886 0069 D67A6946 		.ascii	"\326ziFe\300\002\2747\035\200\332da\023vR#\241a[{\177"
 886      65C002BC 
 886      371D80DA 
 886      64611376 
 886      5223A161 
 887 0080 7041ABD6 		.ascii	"pA\253\326Q\3556\216\317\273\267yKM\304!\245\232\031"
 887      51ED368E 
 887      CFBBB779 
 887      4B4DC421 
 887      A59A19
 888 0093 B9388C48 		.ascii	"\2718\214HX\311\017\027\260\200\203\223\321\370\227"
 888      58C90F17 
 888      B0808393 
 888      D1F897
 889 00a2 9C1DE410 		.ascii	"\234\035\344\020`\263\271\373\346\351\356,1-\024\262"
 889      60B3B9FB 
 889      E6E9EE2C 
 889      312D14B2 
 890 00b2 D95ADD3E 		.ascii	"\331Z\335>\220I9P\374\236\030\354\330\235S|\330\243"
 890      90493950 
 890      FC9E18EC 
 890      D89D537C 
 890      D8A3
 891 00c4 ED6B253D 		.ascii	"\355k%=\337!\302%\220\320^D\030\355`b>c\352\016\024"
 891      DF21C225 
 891      90D05E44 
 891      18ED6062 
 891      3E63EA0E 
 892 00d9 3360A8EE 		.ascii	"3`\250\356\343E\3204\017\334p\343\354KJ\203{f\357\321"
 892      E345D034 
 892      0FDC70E3 
 892      EC4B4A83 
 892      7B66EFD1 
 893 00ed AEED908D 		.ascii	"\256\355\220\215\313\277\241mF\273\036\372\370X\202"
 893      CBBFA16D 
 893      46BB1EFA 
 893      F85882
 894 00fc D1051EBA 		.ascii	"\321\005\036\272~_\347\013\244\321\343\005\006\355\303"
 894      7E5FE70B 
 894      A4D1E305 
 894      06EDC3
 895 010b 95DFD0DC 		.ascii	"\225\337\320\334&t\242X\011\346\340\303\336(Layl\236"
 895      2674A258 
 895      09E6E0C3 
 895      DE284C61 
 895      796C9E
 896 011e 9878B537 		.ascii	"\230x\2657d\012\323`\373\312\321\257\357-\232\353\321"
 896      640AD360 
 896      FBCAD1AF 
 896      EF2D9AEB 
 896      D1
 897 012f 9F1F7D99 		.ascii	"\237\037}\231\312-j\321\256\326\356X\035\355\217j\335"
 897      CA2D6AD1 
 897      AED6EE58 
 897      1DED8F6A 
 897      DD
ARM GAS  /tmp/cc4JZDS4.s 			page 69


 898 0140 A6030EF9 		.ascii	"\246\003\016\371q\335\244\270\306)\256\302\364M\000"
 898      71DDA4B8 
 898      C629AEC2 
 898      F44D00
 899 014f CFDA520D 		.ascii	"\317\332R\015A\277\215.\024IW\245\233\011\370yP\012"
 899      41BF8D2E 
 899      144957A5 
 899      9B09F879 
 899      500A
 900 0161 7276EABE 		.ascii	"rv\352\276\317\325\251\211\230vS\265\250\357\3734+\004"
 900      CFD5A989 
 900      987653B5 
 900      A8EFFB34 
 900      2B04
 901 0173 169761F1 		.ascii	"\026\227a\361#@\374\310\264!EfA\032\025T2\033UK\212"
 901      2340FCC8 
 901      B4214566 
 901      411A1554 
 901      321B554B 
 902 0188 47A96D68 		.ascii	"G\251mhW\251:\262\214Q\311\306\033D\307c\361\275]!\311"
 902      57A93AB2 
 902      8C51C9C6 
 902      1B44C763 
 902      F1BD5D21 
 903 019d 1127C4B9 		.ascii	"\021'\304\271I|\226\254\031 9a9\333\273{\307\374\221"
 903      497C96AC 
 903      19203961 
 903      39DBBB7B 
 903      C7FC91
 904 01b0 930239B0 		.ascii	"\223\0029\260\314\241,\321\320Di\255=\261\323\273,\343"
 904      CCA12CD1 
 904      D04469AD 
 904      3DB1D3BB 
 904      2CE3
 905 01c2 2C6411B8 		.ascii	",d\021\270\201H\023A$w#\302t\302\365\341\365\223\266"
 905      81481341 
 905      247723C2 
 905      74C2F5E1 
 905      F593B6
 906 01d5 8A7F27CB 		.ascii	"\212\177'\313\306M!\263\204\354\026\"\354\337Q\365."
 906      C64D21B3 
 906      84EC1622 
 906      ECDF51F5 
 906      2E
 907 01e6 19902E67 		.ascii	"\031\220.gC\241\207;\346\221\017\376\037\371m!\027'"
 907      43A1873B 
 907      E6910FFE 
 907      1FF96D21 
 907      1727
 908 01f8 EE2032C9 		.ascii	"\356 2\3116\3647\266\034\303f\377\211-\210\273\302\346"
 908      36F437B6 
 908      1CC366FF 
 908      892D88BB 
 908      C2E6
 909 020a 33BE334D 		.ascii	"3\2763M5#\241\357\276\\\364\212\317/\231\356\375\\F"
 909      3523A1EF 
 909      BE5CF48A 
ARM GAS  /tmp/cc4JZDS4.s 			page 70


 909      CF2F99EE 
 909      FD5C46
 910 021d 2E97719F 		.ascii	".\227q\237\023\277\305\226\003\237\273\026ySf\177\374"
 910      13BFC596 
 910      039FBB16 
 910      7953667F 
 910      FC
 911 022e 48CF4466 		.ascii	"H\317Df5\242\225\274$\241f\351&\036\240\332\333\245"
 911      35A295BC 
 911      24A166E9 
 911      261EA0DA 
 911      DBA5
 912 0240 1F356D74 		.ascii	"\0375mt(\317h\312\370\223\246)\350\223\274\001\343\273"
 912      28CF68CA 
 912      F893A629 
 912      E893BC01 
 912      E3BB
 913 0252 F020311C 		.ascii	"\360 1\034\020N\343\234\212\207\\\264\267U\217\230:"
 913      104EE39C 
 913      8A875CB4 
 913      B7558F98 
 913      3A
 914 0263 4E593C77 		.ascii	"NY<w\207\246yRZ\022md\266\301\372E\315\364f\031\007"
 914      87A67952 
 914      5A126D64 
 914      B6C1FA45 
 914      CDF46619 
 915 0278 FAD36ABE 		.ascii	"\372\323j\276\027\222\217_u\347\267\220I\374h\260\253"
 915      17928F5F 
 915      75E7B790 
 915      49FC68B0 
 915      AB
 916 0289 1787D102 		.ascii	"\027\207\321\002\207f`\200\201x,\253.\367\242\321=\344"
 916      87666080 
 916      81782CAB 
 916      2EF7A2D1 
 916      3DE4
 917 029b 856FF524 		.ascii	"\205o\365$\345\343\011\307\031M\203\034\307\021\303"
 917      E5E309C7 
 917      194D831C 
 917      C711C3
 918 02aa FDA96DF6 		.ascii	"\375\251m\366\244\350\231R\255\011\0302\001\211w#}\336"
 918      A4E89952 
 918      AD091832 
 918      01897723 
 918      7DDE
 919 02bc 2D9CC59D 		.ascii	"-\234\305\235|\212\260C\263y\212U\035\261\363KL\001"
 919      7C8AB043 
 919      B3798A55 
 919      1DB1F34B 
 919      4C01
 920 02ce 646AA8AC 		.ascii	"dj\250\254=v0(q\005\340o\222\031\365x\014&&\310a|\320"
 920      3D763028 
 920      7105E06F 
 920      9219F578 
 920      0C2626C8 
 921 02e5 99F46CC9 		.ascii	"\231\364l\311\301\210W\037\236'\263K\316\351\255\254"
ARM GAS  /tmp/cc4JZDS4.s 			page 71


 921      C188571F 
 921      9E27B34B 
 921      CEE9ADAC 
 922 02f5 9BF30DA3 		.ascii	"\233\363\015\243D\215\"Z\230F(\357Ja\362J)\225\271f"
 922      448D225A 
 922      984628EF 
 922      4A61F24A 
 922      2995B966 
 923 0309 DD8A0DAB 		.ascii	"\335\212\015\253\313\026.W\376e\033\312\313\313\326"
 923      CB162E57 
 923      FE651BCA 
 923      CBCBD6
 924 0318 FB5797AD 		.ascii	"\373W\227\255]Y\261\312^QZQ\352+__\272\246\354\033U"
 924      5D59B1CA 
 924      5E515A51 
 924      EA2B5F5F 
 924      BAA6EC1B 
 925 032d 8EAD56   		.ascii	"\216\255V"
 926              		.text
 927              		.section	.gnu.lto_moduleSsspBcbReceive.5ef73c3b71594aa5,"e",%progbits
 928 0000 789C6592 		.ascii	"x\234e\222\333KTQ\024\306\367\267\327\2363\027G+\"("
 928      DB4B5451 
 928      14C6F7B7 
 928      D79E3317 
 928      472B2228 
 929 0014 27422810 		.ascii	"'B(\020{\210\221z\352\251\177\305R\353\301\012B\237"
 929      7B88917A 
 929      EAA97FC5 
 929      52EBC10A 
 929      429F
 930 0026 DD338E89 		.ascii	"\3353\216\2115L\010c^h:\023b\026\201&\204D^:y\311K\032"
 930      354C0863 
 930      5E683A13 
 930      62168126 
 930      84445E3A 
 931 003e 199668A2 		.ascii	"\031\226h\242\030%4h\006\221\024\204\266\3669\222\017"
 931      18253468 
 931      06911484 
 931      B6F63992 
 931      0F
 932 004f 0E9CCD59 		.ascii	"\016\234\315Y\263\326\357[\353[g\007\004\304!\022\342"
 932      B3D6EF5B 
 932      EB5B6707 
 932      04C42112 
 932      E2
 933 0060 8410E23C 		.ascii	"\204\020\342<?\360\011H\255\365\005\177, %\245\227\356"
 933      3FF00948 
 933      ADF5057F 
 933      2C2025A5 
 933      97EE
 934 0072 9F563AA4 		.ascii	"\237V:\244\326;V\217(\035&(7\007\005\270/:\000Q+I\241"
 934      D63B568F 
 934      281D2628 
 934      370705B8 
 934      2F3A0051 
 935 0089 1677A885 		.ascii	"\026w\250\205\320\334\330?\237_\322\245u\\;-\037O\316"
 935      D0DCD83F 
ARM GAS  /tmp/cc4JZDS4.s 			page 72


 935      9F5FD2A5 
 935      755C3B2D 
 935      1F4FCE
 936 009c D6DFBC15 		.ascii	"\326\337\274\025\265Y\276\215\004\316F\020\215\010\363"
 936      B559BE8D 
 936      04CE4610 
 936      8D08F3
 937 00ab C30B9470 		.ascii	"\303\013\224p\361r<\363;\234\"\233\000\305az\352\331"
 937      F1723CF3 
 937      3B9C229B 
 937      00C5617A 
 937      EAD9
 938 00bd 64C88412 		.ascii	"d\310\204\022E\034v%\372\027\202\024\206\340\367\361"
 938      451C7625 
 938      FA178214 
 938      86E0F7F1 
 939 00cd 4F43E970 		.ascii	"OC\351pq\247+\273\364\220\364)\233\010\203 #;\200\010"
 939      71A72BBB 
 939      F490F429 
 939      9B088320 
 939      233B8008 
 940 00e1 FAC1C2FC 		.ascii	"\372\301\302\374\037K\017\241\230\201\245\344\317\001"
 940      1F4B0FA1 
 940      9881A5E4 
 940      CF01
 941 00ef D061176E 		.ascii	"\320a\027n\236\350[\243]x\356h\273v\224\315\003\277"
 941      9EE85BA3 
 941      5D78EE68 
 941      BB7694CD 
 941      03BF
 942 0101 DC472BA6 		.ascii	"\334G+\246\035\227~\2625\316t\241K7\335\033\376\202"
 942      1D977EB2 
 942      35CE74A1 
 942      4B37DD1B 
 942      FE82
 943 0113 5D7AB4D0 		.ascii	"]z\264\320\243}x\265\217\3661=\214ba\230\317\275\333"
 943      A37D78B5 
 943      8FF6313D 
 943      8C626198 
 943      CFBDDB
 944 0126 CDF99632 		.ascii	"\315\371\2262\256\215\333\021X\274e!z\336\373\034\275"
 944      AE8DDB11 
 944      58BC6521 
 944      7ADEFB1C 
 944      BD
 945 0137 BDD3A09D 		.ascii	"\275\323\240\235\265\024\232\3223\307\362\300\240%\371"
 945      B5149AD2 
 945      33C7F2C0 
 945      A025F9
 946 0146 F0933914 		.ascii	"\360\2239\024\037\302\0073\205\037F-\004\343G\210\333"
 946      1FC20733 
 946      851F462D 
 946      04E34788 
 946      DB
 947 0157 2478DD5A 		.ascii	"$x\335ZA;B$IzA\214\203\034\342C\337\376\364\376\225"
 947      413B4224 
 947      497A418C 
ARM GAS  /tmp/cc4JZDS4.s 			page 73


 947      831CE243 
 947      DFFEF4FE 
 948 016c A64B8624 		.ascii	"\246K\206$w\177\360\341]\034\336\036\017r\230\252\333"
 948      777FF0E1 
 948      5D1CDE1E 
 948      0F7298AA 
 948      DB
 949 017d 5C0E9830 		.ascii	"\\\016\2300\340\372q\026\237.\024t\242#\306\022\331"
 949      E0FA7116 
 949      9F2E1474 
 949      A223C612 
 949      D9
 950 018e 6ED33B98 		.ascii	"n\323;\230!?\306\214\013N\307\354\225\347V\264\3334"
 950      213FC68C 
 950      0B4EC7EC 
 950      95E756B4 
 950      DB34
 951 01a0 28B22984 		.ascii	"(\262)\204\327\350D\253k\203\223}s=SA/\231\315I\233"
 951      D7E844AB 
 951      6B83937D 
 951      733D5341 
 951      2F99CD49 
 952 01b5 F2308E68 		.ascii	"\3620\216h+\301\313f\263\271\371\360\1774\214\011\223"
 952      2BC1CB66 
 952      B3B9F9F0 
 952      7F348C09 
 952      93
 953 01c6 935E6EF0 		.ascii	"\223^n\360GG=\225\366\270\3446\223~L\"\212Q^_)\367\305"
 953      47473D95 
 953      F6B8E436 
 953      937E4C22 
 953      8A515E5F 
 954 01dd 144AD949 		.ascii	"\024J\331I\335\335\006x6\310s\262:\266\260(\315\350"
 954      DDDD0678 
 954      36C873B2 
 954      3AB6B028 
 954      CDE8
 955 01ef 7EEC1CC0 		.ascii	"~\354\034\300\033\036\361+\022+#\347v\213\314\305\330"
 955      1B1EF12B 
 955      122B23E7 
 955      768BCCC5 
 955      D8
 956 0200 DC988357 		.ascii	"\334\230\203W!0\015\357z%\211\262\253\277f\245\273\240"
 956      21300DEF 
 956      7A2589B2 
 956      ABBF66A5 
 956      BBA0
 957 0212 75585E39 		.ascii	"uX^9\270<\363hz'\230@<\026\260)\277\315\014\216\031"
 957      B83CF368 
 957      7A279840 
 957      3C16B029 
 957      BFCD0C8E 
 958 0227 24203214 		.ascii	"$ 2\024\312\220\217\367`S\201+\240\3666\374\035\222"
 958      CA908FF7 
 958      6053812B 
 958      A0F636FC 
 958      1D92
ARM GAS  /tmp/cc4JZDS4.s 			page 74


 959 0239 F37C39C4 		.ascii	"\363|9\304\026\024\313\220\273\211\306\215\307A\323"
 959      1614CB90 
 959      BB89C68D 
 959      C741D3
 960 0248 5700788B 		.ascii	"W\000x\213\210l_K\036\347\317\204\275\317$D\360\352"
 960      886C5F4B 
 960      1EE7CF84 
 960      BDCF2444 
 960      F0EA
 961 025a F5F29AAA 		.ascii	"\365\362\232\252\2123\227\204u\261\246\262\262\342\206"
 961      8A339784 
 961      75B1A6B2 
 961      B2E286
 962 0269 555571ED 		.ascii	"UUq\355r\365\025U^V]\366\017\204\323\002\253"
 962      72F51555 
 962      5E565DF6 
 962      0F84D302 
 962      AB
 963              		.text
 964              		.section	.gnu.lto_moduleLldProximity.5ef73c3b71594aa5,"e",%progbits
 965 0000 789CE360 		.ascii	"x\234\343``d\260a``\340f\200\200\351\314\214sW\234\371"
 965      6064B061 
 965      6060E066 
 965      8080E9CC 
 965      8C73579C 
 966 0015 CFD9C2D8 		.ascii	"\317\331\302\330\324\330\321\320\360\240{\275\350E\326"
 966      D4D8D1D0 
 966      F0A07BBD 
 966      E845D6
 967 0024 F9CC0C8B 		.ascii	"\371\314\014\213\231!\222\017\016\315_\302b\271\275"
 967      9921920F 
 967      0ECD5FC2 
 967      62B9BD
 968 0033 A1634183 		.ascii	"\241cA\203\300|f\306\031\314\014\214\273\030[\030\031"
 968      C07C66C6 
 968      19CC0C8C 
 968      BB185B18 
 968      19
 969 0044 1877335A 		.ascii	"\030w3Z2p\346\346\247\224\346\244\352%3\000\000\353"
 969      3270E6E6 
 969      A794E6A4 
 969      EA253300 
 969      00EB
 970 0056 8218A3   		.ascii	"\202\030\243"
 971              		.text
 972              		.section	.gnu.lto_moduleLldStepDownConverterVdrive.5ef73c3b71594aa5,"e",%progbits
 973 0000 789CE360 		.ascii	"x\234\343``d\260a``\340f\200\200\351\314\214\273\277"
 973      6064B061 
 973      6060E066 
 973      8080E9CC 
 973      8CBBBF
 974 0013 EC7DC5D9 		.ascii	"\354}\305\331\302\330\3248\243\241\341A\367j\321\215"
 974      C2D8D438 
 974      A3A1E141 
 974      F76AD18D 
 975 0023 ECF39919 		.ascii	"\354\363\231\031\0263C$\373\346-\350\347\267\334\336"
 975      16334324 
ARM GAS  /tmp/cc4JZDS4.s 			page 75


 975      FBE62DE8 
 975      E7B7DCDE 
 976 0033 D0B1A041 		.ascii	"\320\261\240A`>3\343\014f\006\306]\214-\214\014\214"
 976      603E33E3 
 976      0C6606C6 
 976      5D8C2D8C 
 976      0C8C
 977 0045 BB192D19 		.ascii	"\273\031-\0318s\363SJsR\365\222\031\000\347\305\030"
 977      3873F353 
 977      4A7352F5 
 977      921900E7 
 977      C518
 978 0057 58       		.ascii	"X"
 979              		.text
 980              		.section	.gnu.lto_moduleGpioPowerEn.5ef73c3b71594aa5,"e",%progbits
 981 0000 789CE360 		.ascii	"x\234\343``d\350```\340f\200\200\351\314\214}\315\357"
 981      6064E860 
 981      6060E066 
 981      8080E9CC 
 981      8C7DCDEF 
 982 0014 EF71F431 		.ascii	"\357q\3641\317g\006J\001\271K\273\027\355\346\205p\231"
 982      CF67064A 
 982      01B94BBB 
 982      17EDE685 
 982      7099
 983 0026 80DC85CF 		.ascii	"\200\334\205\317W\376\340\266\334\336\320\261\240\301"
 983      57FEE0B6 
 983      DCDED0B1 
 983      A0C1
 984 0034 603E33E3 		.ascii	"`>3\343\014\240\360nF\351\031\314\214\020\212\211q\027"
 984      0CA0F06E 
 984      46E919CC 
 984      8C108A89 
 984      7117
 985 0046 A33448DB 		.ascii	"\2434H\333\334\025g\376s\266065v44<\350\276\311*7\237"
 985      DC1567FE 
 985      73B63036 
 985      35763434 
 985      3CE8BEC9 
 986 005d 99693133 		.ascii	"\231i13\304\206c\273~/b\206\230\2410\237\231y\00633"
 986      C48663BB 
 986      7E2F6286 
 986      98A1309F 
 986      99790633 
 987 0072 E35EC616 		.ascii	"\343^\306\026\240Y,\214{\030-\031\030\367\001\011\316"
 987      A0592C8C 
 987      7B182D19 
 987      18F70109 
 987      CE
 988 0083 DCFC94D2 		.ascii	"\334\374\224\322\234T\275d\006\000]\307/p"
 988      9C54BD64 
 988      06005DC7 
 988      2F70
 989              		.text
 990              		.section	.gnu.lto_moduleLldI2cMultiplexer.5ef73c3b71594aa5,"e",%progbits
 991 0000 789CE360 		.ascii	"x\234\343``d\010f``\340f\200\200\351\314\214\215\333"
 991      60640866 
ARM GAS  /tmp/cc4JZDS4.s 			page 76


 991      6060E066 
 991      8080E9CC 
 991      8C8DDB
 992 0013 673430F7 		.ascii	"g40\3671\317gf`\374\016\342\317]q\346?g\013cScGC\303"
 992      31CF6766 
 992      60FC0EE2 
 992      CF5D71E6 
 992      3F670B63 
 993 002c 83EE79A2 		.ascii	"\203\356y\242\037Y\34733.f\206(\236\271\267m\017\263"
 993      1F59E733 
 993      332E6686 
 993      289EB9B7 
 993      6D0FB3
 994 003f E5F6868E 		.ascii	"\345\366\206\216\005\015\012\363\231\231f\0005\355f"
 994      050D0AF3 
 994      99996600 
 994      35ED66
 995 004e 6C619CC1 		.ascii	"la\234\301\314\310\270\213Q\232\201q\017\243%\003gn"
 995      CCC8B88B 
 995      519A8171 
 995      0FA32503 
 995      676E
 996 0060 7E4A694E 		.ascii	"~JiN\252^2\003\000\\\034\037\033"
 996      AA5E3203 
 996      005C1C1F 
 996      1B
 997              		.text
 998              		.section	.gnu.lto_moduleLldPowerPathController.5ef73c3b71594aa5,"e",%progbits
 999 0000 789CE360 		.ascii	"x\234\343``d\210g``\340f\200\200\351\314\214\273\277"
 999      60648867 
 999      6060E066 
 999      8080E9CC 
 999      8CBBBF
 1000 0013 EC7DC5D9 		.ascii	"\354}\305\331\302\330\3248\243\241\341A\367,\321\207"
 1000      C2D8D438 
 1000      A3A1E141 
 1000      F72CD187 
 1001 0023 ACF39919 		.ascii	"\254\363\231\031\0263cJ.xz\205\021,\305\010\226\372"
 1001      1633634A 
 1001      2E787A85 
 1001      112CC508 
 1001      96FA
 1002 0035 F2E26817 		.ascii	"\362\342h\027\237\345\366\206\216\005\015\012\363\231"
 1002      9FE5F686 
 1002      8E050D0A 
 1002      F399
 1003 0043 19673033 		.ascii	"\031g030\356fl\001\322\214\214\273\2004\003\343\036"
 1003      30EE666C 
 1003      01D28C8C 
 1003      BB803403 
 1003      E31E
 1004 0055 464B06CE 		.ascii	"FK\006\316\334\374\224\322\234T\275d\006\000\363\036"
 1004      DCFC94D2 
 1004      9C54BD64 
 1004      0600F31E 
 1005 0065 2613     		.ascii	"&\023"
 1006              		.text
ARM GAS  /tmp/cc4JZDS4.s 			page 77


 1007              		.section	.gnu.lto_moduleGpioPathDcEn.5ef73c3b71594aa5,"e",%progbits
 1008 0000 789CE360 		.ascii	"x\234\343``d\230\316\300\300\300\315\000\001\323\231"
 1008      606498CE 
 1008      C0C0C0CD 
 1008      0001D399 
 1009 0010 19FB9ADF 		.ascii	"\031\373\232\337\337\343\350c\236\317\014\222bf\334"
 1009      DFE3E863 
 1009      9ECF0C92 
 1009      6266DC
 1010 001f D6F97625 		.ascii	"\326\371v%'\204\313\010\344.\355^\264\233\027\302e\002"
 1010      2784CB08 
 1010      E42EED5E 
 1010      B49B17C2 
 1010      6502
 1011 0031 72DFDF5B 		.ascii	"r\337\337[\326\306d\271\275\241cA\203\301|f\306\031"
 1011      D6C664B9 
 1011      BDA16341 
 1011      83C17C66 
 1011      C619
 1012 0043 40E13D8C 		.ascii	"@\341=\214\3223\230\031\031w\203(&\306]\214\322 S\346"
 1012      D2339819 
 1012      19778328 
 1012      26C65D8C 
 1012      D22053E6 
 1013 0057 AE38F39F 		.ascii	"\2568\363\237\263\205\261\251\261\243\241\341A\367I"
 1013      B385B1A9 
 1013      B1A3A1E1 
 1013      41F749
 1014 0066 4EB9F9CC 		.ascii	"N\271\371\314L\213\231!\026~\177\322\266\212\003b\206"
 1014      4C8B9921 
 1014      167E7FD2 
 1014      B68A0362 
 1014      86
 1015 0077 C27C66E6 		.ascii	"\302|f\346\031\314\314\214\373\030[\200f\2610\356e\264"
 1015      19CCCC8C 
 1015      FB185B80 
 1015      66B130EE 
 1015      65B4
 1016 0089 6460DC0F 		.ascii	"d`\334\017$8s\363SJsR\365\222\031\0003\3543\337"
 1016      243873F3 
 1016      534A7352 
 1016      F5921900 
 1016      33EC33DF 
 1017              		.text
 1018              		.section	.gnu.lto_moduleLldAccelerometer.5ef73c3b71594aa5,"e",%progbits
 1019 0000 789CE360 		.ascii	"x\234\343``d\260a``\340f\200\200\351\314\214sW\234\371"
 1019      6064B061 
 1019      6060E066 
 1019      8080E9CC 
 1019      8C73579C 
 1020 0015 CFD9C2D8 		.ascii	"\317\331\302\330\324\330\321\320\360\240\273W\364 \353"
 1020      D4D8D1D0 
 1020      F0A0BB57 
 1020      F420EB
 1021 0024 7C6686C5 		.ascii	"|f\206\305\314\020\311\007\207\346/a\261\334\336\320"
 1021      CC10C907 
 1021      87E62F61 
ARM GAS  /tmp/cc4JZDS4.s 			page 78


 1021      B1DCDED0 
 1022 0034 B1A04160 		.ascii	"\261\240A`>3\343\014f\006\306]\214-\214\014\214\273"
 1022      3E33E30C 
 1022      6606C65D 
 1022      8C2D8C0C 
 1022      8CBB
 1023 0046 192D1938 		.ascii	"\031-\0318s\363SJsR\365\222\031\000\341\026\030q"
 1023      73F3534A 
 1023      7352F592 
 1023      1900E116 
 1023      1871
 1024              		.text
 1025              		.section	.gnu.lto_moduleLldStatusLed.5ef73c3b71594aa5,"e",%progbits
 1026 0000 789CE360 		.ascii	"x\234\343``d\260a``\340f\200\200\351\314\214\273\277"
 1026      6064B061 
 1026      6060E066 
 1026      8080E9CC 
 1026      8CBBBF
 1027 0013 EC7DC5D9 		.ascii	"\354}\305\331\302\330\3248\243\241\341Aw\247\350D\366"
 1027      C2D8D438 
 1027      A3A1E141 
 1027      77A7E844 
 1027      F6
 1028 0024 F9CC0C8B 		.ascii	"\371\314\014\213\231!\222}\363\026\364\363[no\350X\320"
 1028      9921927D 
 1028      F316F4F3 
 1028      5B6E6FE8 
 1028      58D0
 1029 0036 20309F99 		.ascii	" 0\237\231q\0063\003\343.\306\026F\006\306\335\214\226"
 1029      71063303 
 1029      E32EC616 
 1029      4606C6DD 
 1029      8C96
 1030 0048 0C9CB9F9 		.ascii	"\014\234\271\371)\2459\251z\311\014\000\332\031\030"
 1030      29A539A9 
 1030      7AC90C00 
 1030      DA1918
 1031 0057 16       		.ascii	"\026"
 1032              		.text
 1033              		.section	.gnu.lto_moduleGpioLed.5ef73c3b71594aa5,"e",%progbits
 1034 0000 789CE360 		.ascii	"x\234\343``d\230\316\300\300\300\315\000\001\323\231"
 1034      606498CE 
 1034      C0C0C0CD 
 1034      0001D399 
 1035 0010 19FB9ADF 		.ascii	"\031\373\232\337\337\343\350c\236\317\014\222bf\334"
 1035      DFE3E863 
 1035      9ECF0C92 
 1035      6266DC
 1036 001f D6F97625 		.ascii	"\326\371v%'\204\313\010\344.\355^\264\233\027\302e\002"
 1036      2784CB08 
 1036      E42EED5E 
 1036      B49B17C2 
 1036      6502
 1037 0031 72DFDF5B 		.ascii	"r\337\337[\326\306d\271\275\241cA\203\301|f\306\031"
 1037      D6C664B9 
 1037      BDA16341 
 1037      83C17C66 
ARM GAS  /tmp/cc4JZDS4.s 			page 79


 1037      C619
 1038 0043 40E13D8C 		.ascii	"@\341=\214\3223\230\031\031w\203(&\306]\214\322 S\346"
 1038      D2339819 
 1038      19778328 
 1038      26C65D8C 
 1038      D22053E6 
 1039 0057 AE38F39F 		.ascii	"\2568\363\237\263\205\261\251\261\243\241\341A\367."
 1039      B385B1A9 
 1039      B1A3A1E1 
 1039      41F72E
 1040 0066 56B9F9CC 		.ascii	"V\271\371\314L\213\231!\026~\177\322\266\212\003b\206"
 1040      4C8B9921 
 1040      167E7FD2 
 1040      B68A0362 
 1040      86
 1041 0077 C27C66E6 		.ascii	"\302|f\346\031\314\314\214\373\030[\200f\2610\356e\264"
 1041      19CCCC8C 
 1041      FB185B80 
 1041      66B130EE 
 1041      65B4
 1042 0089 6460DC0F 		.ascii	"d`\334\017$8s\363SJsR\365\222\031\000/|3\314"
 1042      243873F3 
 1042      534A7352 
 1042      F5921900 
 1042      2F7C33CC 
 1043              		.text
 1044              		.section	.gnu.lto_moduleLldGyroscope.5ef73c3b71594aa5,"e",%progbits
 1045 0000 789CE360 		.ascii	"x\234\343``d\260a``\340f\200\200\351\314\214sW\234\371"
 1045      6064B061 
 1045      6060E066 
 1045      8080E9CC 
 1045      8C73579C 
 1046 0015 CFD9C2D8 		.ascii	"\317\331\302\330\324\330\321\320\360\240\373\257\360"
 1046      D4D8D1D0 
 1046      F0A0FBAF 
 1046      F0
 1047 0022 41D6F9CC 		.ascii	"A\326\371\314\014\213\231!\222\017\016\315_\302b\271"
 1047      0C8B9921 
 1047      920F0ECD 
 1047      5FC262B9 
 1048 0032 BDA16341 		.ascii	"\275\241cA\203\300|f\306\031\314\014\214\273\030[\030"
 1048      83C07C66 
 1048      C619CC0C 
 1048      8CBB185B 
 1048      18
 1049 0043 19187733 		.ascii	"\031\030w3Z2p\346\346\247\224\346\244\352%3\000\000"
 1049      5A3270E6 
 1049      E6A794E6 
 1049      A4EA2533 
 1049      0000
 1050 0055 F84C18DF 		.ascii	"\370L\030\337"
 1051              		.text
 1052              		.section	.gnu.lto_moduleLldPowerMonitorVdd.5ef73c3b71594aa5,"e",%progbits
 1053 0000 789CE360 		.ascii	"x\234\343``d\250g``\340f\200\200\351\314\214}\315\357"
 1053      6064A867 
 1053      6060E066 
 1053      8080E9CC 
ARM GAS  /tmp/cc4JZDS4.s 			page 80


 1053      8C7DCDEF 
 1054 0014 EF71F431 		.ascii	"\357q\3641\317g\006J\001\271\307\337\277\275\302\010"
 1054      CF67064A 
 1054      01B9C7DF 
 1054      BFBDC208 
 1055 0024 E23282B9 		.ascii	"\3422\202\271SW\035\374\303\003\341\036\000\361\347"
 1055      53571DFC 
 1055      C303E11E 
 1055      00F1E7
 1056 0033 AE38F39F 		.ascii	"\2568\363\237\263\205\261\251\261\243\241\341A\367;"
 1056      B385B1A9 
 1056      B1A3A1E1 
 1056      41F73B
 1057 0042 E185ECF3 		.ascii	"\341\205\354\363\231\231\0263C\214\3329c\325RN\313\355"
 1057      99991633 
 1057      438CDA39 
 1057      63D5524E 
 1057      CBED
 1058 0054 0D1D0B1A 		.ascii	"\015\035\013\032\034\34633\317\000\032\271\227\261\205"
 1058      1CE63333 
 1058      CF001AB9 
 1058      97B185
 1059 0063 710650F3 		.ascii	"q\006P\363\036F\351\031\314L\214\273A\0243\343.Fi\006"
 1059      1E46E919 
 1059      CC4C8CBB 
 1059      411433E3 
 1059      2E466906 
 1060 0077 C67D8C96 		.ascii	"\306}\214\226\014\234\271\371)\2459\251z\311\014\000"
 1060      0C9CB9F9 
 1060      29A539A9 
 1060      7AC90C00 
 1061 0087 622D2CE3 		.ascii	"b-,\343"
 1062              		.text
 1063              		.section	.gnu.lto_moduleLldCompass.5ef73c3b71594aa5,"e",%progbits
 1064 0000 789CE360 		.ascii	"x\234\343``d\260a``\340f\200\200\351\314\214sW\234\371"
 1064      6064B061 
 1064      6060E066 
 1064      8080E9CC 
 1064      8C73579C 
 1065 0015 CFD9C2D8 		.ascii	"\317\331\302\330\324\330\321\320\360\240\373\225\360"
 1065      D4D8D1D0 
 1065      F0A0FB95 
 1065      F0
 1066 0022 45D6F9CC 		.ascii	"E\326\371\314\014\213\231!\222\017\016\315_\302b\271"
 1066      0C8B9921 
 1066      920F0ECD 
 1066      5FC262B9 
 1067 0032 BDA16341 		.ascii	"\275\241cA\203\300|f\306\031\314\014\214\273\030[\030"
 1067      83C07C66 
 1067      C619CC0C 
 1067      8CBB185B 
 1067      18
 1068 0043 19187733 		.ascii	"\031\030w3Z2p\346\346\247\224\346\244\352%3\000\000"
 1068      5A3270E6 
 1068      E6A794E6 
 1068      A4EA2533 
 1068      0000
ARM GAS  /tmp/cc4JZDS4.s 			page 81


 1069 0055 F78A18DC 		.ascii	"\367\212\030\334"
 1070              		.text
 1071              		.section	.gnu.lto_moduleLldEeprom.5ef73c3b71594aa5,"e",%progbits
 1072 0000 789CE360 		.ascii	"x\234\343``d\010f``\340f\200\200\351\314\214\333&lo"
 1072      60640866 
 1072      6060E066 
 1072      8080E9CC 
 1072      8CDB266C 
 1073 0015 63E9639E 		.ascii	"c\351c\236\317\314\300x\001\304\237\273\342\314\177"
 1073      CFCCC078 
 1073      01C49FBB 
 1073      E2CC7F
 1074 0024 CE16C6A6 		.ascii	"\316\026\306\246\306\216\206\206\007\335w\205\037\262"
 1074      C68E8686 
 1074      07DD7785 
 1074      1FB2
 1075 0032 CE67665C 		.ascii	"\316gf\\\314\014Q|b\307\222=\334\226\333\033:\0264("
 1075      CC0C517C 
 1075      62C7923D 
 1075      DC96DB1B 
 1075      3A163428 
 1076 0046 CC67669A 		.ascii	"\314gf\232\001\324\264\233\261\205q\0063#\343.Fi\006"
 1076      01D4B49B 
 1076      B1857106 
 1076      3323E32E 
 1076      466906
 1077 0059 C63D8C96 		.ascii	"\306=\214\226\014\234\271\371)\2459\251z\311\014\000"
 1077      0C9CB9F9 
 1077      29A539A9 
 1077      7AC90C00 
 1078 0069 7B1F1FA5 		.ascii	"{\037\037\245"
 1079              		.text
 1080              		.section	.gnu.lto_moduleLldMotors.5ef73c3b71594aa5,"e",%progbits
 1081 0000 789CE360 		.ascii	"x\234\343``d\260a``\340f\200\200\351\314\214\273\277"
 1081      6064B061 
 1081      6060E066 
 1081      8080E9CC 
 1081      8CBBBF
 1082 0013 EC7DC5D9 		.ascii	"\354}\305\331\302\330\3248\243\241\341A\367M\341\203"
 1082      C2D8D438 
 1082      A3A1E141 
 1082      F74DE183 
 1083 0023 ECF39919 		.ascii	"\354\363\231\031\0263C$\373\346-\350\347\267\334\336"
 1083      16334324 
 1083      FBE62DE8 
 1083      E7B7DCDE 
 1084 0033 D0B1A041 		.ascii	"\320\261\240A`>3\343\014f\006\306]\214-\214\014\214"
 1084      603E33E3 
 1084      0C6606C6 
 1084      5D8C2D8C 
 1084      0C8C
 1085 0045 BB192D19 		.ascii	"\273\031-\0318s\363SJsR\365\222\031\000\364O\030\224"
 1085      3873F353 
 1085      4A7352F5 
 1085      921900F4 
 1085      4F1894
 1086              		.text
ARM GAS  /tmp/cc4JZDS4.s 			page 82


 1087              		.section	.gnu.lto_moduleShellPrompt.5ef73c3b71594aa5,"e",%progbits
 1088 0000 789CE360 		.ascii	"x\234\343``d0e``\220d\200\200\351\314\214\347\377\337"
 1088      60643065 
 1088      60609064 
 1088      8080E9CC 
 1088      8CE7FFDF 
 1089 0014 9456649A 		.ascii	"\224Vd\232\3370Ca>3X\340\366\244\333\377\330[\030\233"
 1089      DF304361 
 1089      3E3358E0 
 1089      F6A4DBFF 
 1089      D85B189B 
 1090 0028 1A673434 		.ascii	"\032g44<X\274P|\346\014\306\371\314\214\214\273\030"
 1090      3C58BC50 
 1090      7CE60CC6 
 1090      F9CC8C8C 
 1090      BB18
 1091 003a 15191818 		.ascii	"\025\031\030\030w3\26602\360\272d\206g\244\246\346\270"
 1091      7733B630 
 1091      32F0BA64 
 1091      8667A4A6 
 1091      E6B8
 1092 004c 146596A5 		.ascii	"\024e\226\2452p\346\346\247\224\346\244\352%3\000\000"
 1092      3270E6E6 
 1092      A794E6A4 
 1092      EA253300 
 1092      00
 1093 005d 97091B51 		.ascii	"\227\011\033Q"
 1094              		.text
 1095              		.section	.gnu.lto_moduleGpioSysPd.5ef73c3b71594aa5,"e",%progbits
 1096 0000 789CE360 		.ascii	"x\234\343``d\350```\340f\200\200\351\314\214\215\335"
 1096      6064E860 
 1096      6060E066 
 1096      8080E9CC 
 1096      8C8DDD
 1097 0013 AB16F2F6 		.ascii	"\253\026\362\3661\317gf`d\006r\267u\276]\311\011\341"
 1097      31CF6766 
 1097      60640672 
 1097      B775BE5D 
 1097      C909E1
 1098 0026 3202B90F 		.ascii	"2\002\271\017\277n\372\300b\271\275\241cA\203\301|f"
 1098      BF6EFAC0 
 1098      62B9BDA1 
 1098      634183C1 
 1098      7C66
 1099 0038 C61940E1 		.ascii	"\306\031@\341]\214\3223\230\031\031w\203(&\020\017d"
 1099      5D8CD233 
 1099      98191977 
 1099      83282610 
 1099      0F64
 1100 004a CADC1567 		.ascii	"\312\334\025g\376s\266065v44<\350~\301)7\237\231i13"
 1100      FE73B630 
 1100      36357634 
 1100      343CE87E 
 1100      C129379F 
 1101 0062 C4869D17 		.ascii	"\304\206\235\027&\317a\205\230\2410\237\231y\00633\343"
 1101      26CF6185 
 1101      98A1309F 
ARM GAS  /tmp/cc4JZDS4.s 			page 83


 1101      99790633 
 1101      33E3
 1102 0074 5EC616A0 		.ascii	"^\306\026\240Y,\214{\030-\031\030\367\001\011\316\334"
 1102      592C8C7B 
 1102      182D1918 
 1102      F70109CE 
 1102      DC
 1103 0085 FC94D29C 		.ascii	"\374\224\322\234T\275d\006\000L\012/+"
 1103      54BD6406 
 1103      004C0A2F 
 1103      2B
 1104              		.text
 1105              		.section	.gnu.lto__gpioSysPd.5ef73c3b71594aa5,"e",%progbits
 1106 0000 789CE360 		.ascii	"x\234\343``d0d`\000\222\0200\235\231q\307\266\035\255"
 1106      60643064 
 1106      60009210 
 1106      309D9971 
 1106      C7B61DAD 
 1107 0014 3C7DCCF3 		.ascii	"<}\314\363\231\031\030;\026\2644\260\000\205&_X\375"
 1107      9919183B 
 1107      16B434B0 
 1107      0085265F 
 1107      58FD
 1108 0026 8FCB727B 		.ascii	"\217\313r{C\307\202\006\201\371\314\2143\200R\273\030"
 1108      43C78206 
 1108      81F9CC8C 
 1108      338052BB 
 1108      18
 1109 0037 A5191877 		.ascii	"\245\031\030w3Z2\000\000\345\376\020\326"
 1109      335A3200 
 1109      00E5FE10 
 1109      D6
 1110              		.text
 1111              		.section	.gnu.lto__gpioPathDcEn.5ef73c3b71594aa5,"e",%progbits
 1112 0000 789CE360 		.ascii	"x\234\343``d0d`\000\222\0200\235\231q\327\347[\237Y"
 1112      60643064 
 1112      60009210 
 1112      309D9971 
 1112      D7E75B9F 
 1113 0015 FA98E733 		.ascii	"\372\230\347330\266.hi`\001\012\335Z\271\262\207\333"
 1113      3330B62E 
 1113      68696001 
 1113      0ADD5AB9 
 1113      B287DB
 1114 0028 727B43C7 		.ascii	"r{C\307\202\006\201\371\314\2143\200R\273\030\245\031"
 1114      820681F9 
 1114      CC8C3380 
 1114      52BB18A5 
 1114      19
 1115 0039 1877335A 		.ascii	"\030w3Z2\000\000\000\350\021G"
 1115      32000000 
 1115      E81147
 1116              		.text
 1117              		.section	.gnu.lto_moduleGpioSysSync.5ef73c3b71594aa5,"e",%progbits
 1118 0000 789CE360 		.ascii	"x\234\343``d\350```\340f\200\200\351\314\214\215\335"
 1118      6064E860 
 1118      6060E066 
ARM GAS  /tmp/cc4JZDS4.s 			page 84


 1118      8080E9CC 
 1118      8C8DDD
 1119 0013 AB16F2F6 		.ascii	"\253\026\362\3661\317gf`d\006r\267u\276]\311\011\341"
 1119      31CF6766 
 1119      60640672 
 1119      B775BE5D 
 1119      C909E1
 1120 0026 3202B90F 		.ascii	"2\002\271\017\277n\372\300b\271\275\241cA\203\301|f"
 1120      BF6EFAC0 
 1120      62B9BDA1 
 1120      634183C1 
 1120      7C66
 1121 0038 C61940E1 		.ascii	"\306\031@\341]\214\3223\230\031\031w\203(&\020\017d"
 1121      5D8CD233 
 1121      98191977 
 1121      83282610 
 1121      0F64
 1122 004a CADC1567 		.ascii	"\312\334\025g\376s\266065v44<\350\356\346\224\233\317"
 1122      FE73B630 
 1122      36357634 
 1122      343CE8EE 
 1122      E6949BCF 
 1123 005e CCB49819 		.ascii	"\314\264\230\031b\303\316\013\223\347\260B\314P\230"
 1123      62C3CE0B 
 1123      93E7B042 
 1123      CC5098
 1124 006d CFCC3C83 		.ascii	"\317\314<\203\231\231q/c\013\320,\026\306=\214\226\014"
 1124      9999712F 
 1124      630BD02C 
 1124      16C63D8C 
 1124      960C
 1125 007f 8CFB8004 		.ascii	"\214\373\200\004gn~JiN\252^2\003\0006>.\316"
 1125      676E7E4A 
 1125      694EAA5E 
 1125      32030036 
 1125      3E2ECE
 1126              		.text
 1127              		.section	.gnu.lto__gpioSysSync.5ef73c3b71594aa5,"e",%progbits
 1128 0000 789CE360 		.ascii	"x\234\343``d0d`\000\222\0200\235\231q\321\233\007'\370"
 1128      60643064 
 1128      60009210 
 1128      309D9971 
 1128      D19B0727 
 1129 0015 FB98E733 		.ascii	"\373\230\3473306.hi`\001\012M~\266\354\027\253\345\366"
 1129      3330362E 
 1129      68696001 
 1129      0A4D7EB6 
 1129      EC17ABE5 
 1130 002a 868E050D 		.ascii	"\206\216\005\015\002\363\231\031g\000\245v1J30\356f"
 1130      02F39919 
 1130      6700A576 
 1130      314A3330 
 1130      EE66
 1131 003c B4640000 		.ascii	"\264d\000\000\376\255\021e"
 1131      FEAD1165 
 1132              		.text
 1133              		.section	.gnu.lto_moduleGpioSysUartUp.5ef73c3b71594aa5,"e",%progbits
ARM GAS  /tmp/cc4JZDS4.s 			page 85


 1134 0000 789CE360 		.ascii	"x\234\343``d\350```\340f\200\200\351\314\214\215\335"
 1134      6064E860 
 1134      6060E066 
 1134      8080E9CC 
 1134      8C8DDD
 1135 0013 AB16F2F6 		.ascii	"\253\026\362\3661\317gf`d\006r\267u\276]\311\011\341"
 1135      31CF6766 
 1135      60640672 
 1135      B775BE5D 
 1135      C909E1
 1136 0026 3202B90F 		.ascii	"2\002\271\017\277n\372\300b\271\275\241cA\203\301|f"
 1136      BF6EFAC0 
 1136      62B9BDA1 
 1136      634183C1 
 1136      7C66
 1137 0038 C61940E1 		.ascii	"\306\031@\341]\214\3223\230\031\031w\203(&\020\017d"
 1137      5D8CD233 
 1137      98191977 
 1137      83282610 
 1137      0F64
 1138 004a CADC1567 		.ascii	"\312\334\025g\376s\266065v44<\350>\313.7\237\231i13"
 1138      FE73B630 
 1138      36357634 
 1138      343CE83E 
 1138      CB2E379F 
 1139 0062 C4869D17 		.ascii	"\304\206\235\027&\317a\205\230\2410\237\231y\00633\343"
 1139      26CF6185 
 1139      98A1309F 
 1139      99790633 
 1139      33E3
 1140 0074 5EC616A0 		.ascii	"^\306\026\240Y,\214{\030-\031\030\367\001\011\316\334"
 1140      592C8C7B 
 1140      182D1918 
 1140      F70109CE 
 1140      DC
 1141 0085 FC94D29C 		.ascii	"\374\224\322\234T\275d\006\000E@/\016"
 1141      54BD6406 
 1141      0045402F 
 1141      0E
 1142              		.text
 1143              		.section	.gnu.lto__gpioSysUartUp.5ef73c3b71594aa5,"e",%progbits
 1144 0000 789CE360 		.ascii	"x\234\343``d0d`\000\222\0200\235\231\361\370\246\307"
 1144      60643064 
 1144      60009210 
 1144      309D99F1 
 1144      F8A6C7
 1145 0013 0BD8FB98 		.ascii	"\013\330\373\230\347330\366\315hi`\001\012-\273\375"
 1145      E7333330 
 1145      F6CD6869 
 1145      60010A2D 
 1145      BBFD
 1146 0025 6E1DBBE5 		.ascii	"n\035\273\345\366\206\216\005\015\002\363\231\031g\000"
 1146      F6868E05 
 1146      0D02F399 
 1146      196700
 1147 0034 A576314A 		.ascii	"\245v1J30\356f\264d\000\000\365\026\021."
 1147      3330EE66 
ARM GAS  /tmp/cc4JZDS4.s 			page 86


 1147      B4640000 
 1147      F516112E 
 1148              		.text
 1149              		.section	.gnu.lto__gpioPowerEn.5ef73c3b71594aa5,"e",%progbits
 1150 0000 789CE360 		.ascii	"x\234\343``d0d`\000\222\0200\235\231q\365\346\205\227"
 1150      60643064 
 1150      60009210 
 1150      309D9971 
 1150      F5E68597 
 1151 0014 38FA98E7 		.ascii	"8\372\230\3473306\315hi`\001\012\275\272}a\013\243\345"
 1151      33333036 
 1151      CD686960 
 1151      010ABDBA 
 1151      7D610BA3 
 1152 0029 F6868E05 		.ascii	"\366\206\216\005\015\002\363\231\031g\000\245v1J30\356"
 1152      0D02F399 
 1152      196700A5 
 1152      76314A33 
 1152      30EE
 1153 003b 66B46400 		.ascii	"f\264d\000\000\360\003\021\036"
 1153      00F00311 
 1153      1E
 1154              		.text
 1155              		.section	.gnu.lto__gpioLed.5ef73c3b71594aa5,"e",%progbits
 1156 0000 789CE360 		.ascii	"x\234\343``d0d`\000\222\0200\235\231\361\352\323\015"
 1156      60643064 
 1156      60009210 
 1156      309D99F1 
 1156      EAD30D
 1157 0013 1778FB98 		.ascii	"\027x\373\230\3473306Nhi`\001\012m\377\274c%\217\345"
 1157      E7333330 
 1157      364E6869 
 1157      60010A6D 
 1157      FFBC6325 
 1158 0029 F6868E05 		.ascii	"\366\206\216\005\015\002\363\231\031g\000\245v1J30\356"
 1158      0D02F399 
 1158      196700A5 
 1158      76314A33 
 1158      30EE
 1159 003b 66B46400 		.ascii	"f\264d\000\000\375\024\021P"
 1159      00FD1411 
 1159      50
 1160              		.text
 1161              		.section	.gnu.lto_moduleHalSpiGyroscopeConfig.5ef73c3b71594aa5,"e",%progbits
 1162 0000 789CE360 		.ascii	"x\234\343``d\230\316\300\000$!`:3c\323\3255\333\371"
 1162      606498CE 
 1162      C0002421 
 1162      603A3363 
 1162      D3D535DB 
 1163 0015 FA98E733 		.ascii	"\372\230\3473302\003\271\373\377O\333\317\002\341r\000"
 1163      33303203 
 1163      B9FBFF4F 
 1163      DBCF02E1 
 1163      7200
 1164 0027 B947AECF 		.ascii	"\271G\256\317\354\001\31322\366-hi`\001\012\3655\277"
 1164      EC01CB32 
 1164      32F62D68 
ARM GAS  /tmp/cc4JZDS4.s 			page 87


 1164      6960010A 
 1164      F535BF
 1165 003a BFC70112 		.ascii	"\277\307\001\022bbd@\3462\203\271\023w\264w\260Yno\350"
 1165      62626440 
 1165      E63283B9 
 1165      1377B477 
 1165      B0596E6F 
 1166 004f 58D05030 		.ascii	"X\320P0\237\231e\006\320\234}\214\3223\200\372\301\024"
 1166      9F996506 
 1166      D09C7D8C 
 1166      D23380FA 
 1166      C114
 1167 0061 13E35E10 		.ascii	"\023\343^\020\305\014\241X\030\367\200(V\306\335 \212"
 1167      C50CA158 
 1167      18F78028 
 1167      56C6DD20 
 1167      8A
 1168 0072 8D7117A3 		.ascii	"\215q\027\2434\003\343~FK\006\000\006|,\322"
 1168      3403E37E 
 1168      464B0600 
 1168      067C2CD2 
 1169              		.text
 1170              		.section	.gnu.lto_moduleHalSpiAccelerometerConfig.5ef73c3b71594aa5,"e",%progbits
 1171 0000 789CE360 		.ascii	"x\234\343``d\230\316\300\000$!`:3c\323\3255\333\371"
 1171      606498CE 
 1171      C0002421 
 1171      603A3363 
 1171      D3D535DB 
 1172 0015 FA98E733 		.ascii	"\372\230\3473302\003\271\373\377O\333\317\002\341r\000"
 1172      33303203 
 1172      B9FBFF4F 
 1172      DBCF02E1 
 1172      7200
 1173 0027 B92DD3DF 		.ascii	"\271-\323\337\034\343\007q\031\031{\027\2644\260\000"
 1173      1CE30771 
 1173      19197B17 
 1173      B434B000 
 1174 0037 85FA9ADF 		.ascii	"\205\372\232\337\337\343\000\011112 s\231\301\334\177"
 1174      DFE30009 
 1174      31313220 
 1174      7399C1DC 
 1174      7F
 1175 0048 6F1F5FE1 		.ascii	"o\037_\341\263\334\336\320\261\240\241`>3\313\014\240"
 1175      B3DCDED0 
 1175      B1A0A160 
 1175      3E33CB0C 
 1175      A0
 1176 0059 39FB18A5 		.ascii	"9\373\030\245g\000\365\203)&\306\275 \212\031B\2610"
 1176      6700F583 
 1176      2926C6BD 
 1176      208A1942 
 1176      B130
 1177 006b EE0151AC 		.ascii	"\356\001Q\254\214\273A\024\033\343.Fi\006\306\375\214"
 1177      8CBB4114 
 1177      1BE32E46 
 1177      6906C6FD 
 1177      8C
ARM GAS  /tmp/cc4JZDS4.s 			page 88


 1178 007c 960C0065 		.ascii	"\226\014\000e\365.1"
 1178      F52E31
 1179              		.text
 1180              		.section	.gnu.lto_.symbol_nodes.5ef73c3b71594aa5,"e",%progbits
 1181 0000 789C7595 		.ascii	"x\234u\225\311o\024G\024\306\253\276\232\351130\006"
 1181      C96F1447 
 1181      14C6ABBE 
 1181      9AE93133 
 1181      3006
 1182 0012 CC78C080 		.ascii	"\314x\300\200\307\030\233\261\315\026 a\275\020\211"
 1182      C7189BB1 
 1182      CD162061 
 1182      BD1089
 1183 0021 7BFE0707 		.ascii	"{\376\007\007)\022\226r\010\222s\210\304\033\320\234"
 1183      29129672 
 1183      08927388 
 1183      C41BD09C 
 1184 0031 D8F72D24 		.ascii	"\330\367-$\0300\373\222@\022\202I\002\2613IX\274`\366"
 1184      1830FB92 
 1184      40128249 
 1184      02B13349 
 1184      58BC60F6 
 1185 0045 1D0C664D 		.ascii	"\035\014fM8r\305t\367\353v\025RM_\372\247\357\367\372"
 1185      3872C574 
 1185      F7EB7615 
 1185      524D5FFA 
 1185      A7EFF7FA 
 1186 0059 EBD7655B 		.ascii	"\353\327e[.\021R|\026\027B\340'\220\310\271WD\256\357"
 1186      2E11527C 
 1186      161742E0 
 1186      2790C8B9 
 1186      5744AEEF 
 1187 006d 16828438 		.ascii	"\026\202\2048\323\322\236s\\\355\311w\202\344\007\262"
 1187      D3D29E73 
 1187      5CEDC977 
 1187      82E407B2 
 1188 007d 2D3728A3 		.ascii	"-7(\243]\030]\345\335\257@\344\252\205P\370\033\204"
 1188      5D185DE5 
 1188      DDAF40E4 
 1188      AA8550F8 
 1188      1B84
 1189 008f A2556B15 		.ascii	"\242Uk\025)S\312\266|{\256*\220?\200\"\003\356\245\302"
 1189      2953CAB6 
 1189      7C7BAE2A 
 1189      903F8022 
 1189      03EEA5C2 
 1190 00a3 27CFE63E 		.ascii	"'\317\346>\015\336\262\0031\277=\272\023c\226W{\311"
 1190      0DDEB203 
 1190      31BF3DBA 
 1190      13639657 
 1190      7BC9
 1191 00b5 B77038D9 		.ascii	"\267p8\331\205\012N\276C\224\223\3571\226\223=\210p"
 1191      850A4EBE 
 1191      439493EF 
 1191      3196933D 
 1191      8870
 1192 00c7 B217E338 		.ascii	"\262\027\3438\331\017\305\311\001\214\347\344(\300\311"
ARM GAS  /tmp/cc4JZDS4.s 			page 89


 1192      D90FC5C9 
 1192      018CE7E4 
 1192      28C0C9
 1193 00d6 31547272 		.ascii	"1Trr\034\222\223\023\310\370\011~\004E?\370$\275\330"
 1193      1C929313 
 1193      C8F8097E 
 1193      04453FF8 
 1193      24BDD8
 1194 00e9 55A4FCCF 		.ascii	"U\244\374\317_\217r~z5F1\\G\231o\326`$\00770\302\017"
 1194      5F8F727E 
 1194      7A354631 
 1194      5C47996F 
 1194      D6602407 
 1195 0101 6EA1D4BF 		.ascii	"n\241\324\277\257\305p\026w0\314\017\326!\311\301]\014"
 1195      AFC57016 
 1195      7730CC0F 
 1195      D621C9C1 
 1195      5D0C
 1196 0113 F5837F91 		.ascii	"\365\203\177\221\360\357\253\020g\261\011%\014\2331"
 1196      F0EFAB10 
 1196      67B10925 
 1196      0C9B31
 1197 0122 84573B09 		.ascii	"\204W;\011r\212\254\366\017\322<s\012\024\263\317\340"
 1197      728AACF6 
 1197      0FD23C73 
 1197      0A14B3CF 
 1197      E0
 1198 0133 67504911 		.ascii	"gPI\021\365\013hH\021u\032\024/\242~\005%\212\354S@"
 1198      F50B6848 
 1198      11751A14 
 1198      2FA27E05 
 1198      258AEC53 
 1199 0148 152FFF17 		.ascii	"\025/\377\027&0lG5C\007&2\264\243\206\341\020j\031\376"
 1199      26306C47 
 1199      35430726 
 1199      32B4A386 
 1199      E1106A19 
 1200 015d C42486FF 		.ascii	"\304$\206\377\220\365\017\343<\3528\330\212z\206sh`"
 1200      90F50FE3 
 1200      3CEA38D8 
 1200      8A7A8673 
 1200      6860
 1201 016f F8039319 		.ascii	"\370\003\223\031~\307\024\206\3370\225\341,\2461\264"
 1201      7EC71486 
 1201      DF3095E1 
 1201      2CA631B4 
 1202 017f 613AC319 		.ascii	"a:\303\031|\304p\0043\030\016c&\377\340\017b\026C+>"
 1202      7CC47004 
 1202      33180E63 
 1202      26FFE00F 
 1202      6216432B 
 1203 0194 66B50F9F 		.ascii	"f\265\017\237p\322\202\331\234\354\306\034N\266a.\303"
 1203      70D282D9 
 1203      9CECC61C 
 1203      4EB6612E 
 1203      C3
 1204 01a5 16CC63D8 		.ascii	"\026\314c\330\210\371<\263\001\013|\220=\240\241\003"
ARM GAS  /tmp/cc4JZDS4.s 			page 90


 1204      88F93CB3 
 1204      010B7C90 
 1204      3DA0A103 
 1205 01b5 C195F14F 		.ascii	"\301\225\361OF\270\177n\013]\323\015\032f7\235\240\244"
 1205      46B87F6E 
 1205      0B5DD30D 
 1205      1A66379D 
 1205      A0A4
 1206 01c7 DDBC0195 		.ascii	"\335\274\001\225\332\315\377\240\341v\363\0124\302n"
 1206      DACDFFA0 
 1206      E176F30A 
 1206      34C26E
 1207 01d6 2E8146DA 		.ascii	".\201F\332\315eP\231\335\\\004\215\262\233\013\240\224"
 1207      CD655099 
 1207      DD5C048D 
 1207      B29B0BA0 
 1207      94
 1208 01e7 DD3C0495 		.ascii	"\335<\004\225\333\315\003P\332n\036\201F\333\315}\320"
 1208      DBCD0350 
 1208      DA6E1E81 
 1208      46DBCD7D 
 1208      D0
 1209 01f8 18BBB907 		.ascii	"\030\273\271\007\252\260\233\333\240\261vs\0234\316"
 1209      AAB09BDB 
 1209      A0B17673 
 1209      1334CE
 1210 0207 6EAE81C6 		.ascii	"n\256\201\306\333M/\250\322n\036\2032v\363\014Te7\375"
 1210      DB4D2FA8 
 1210      D26E1E83 
 1210      3276F30C 
 1210      546537FD 
 1211 021b A00976F3 		.ascii	"\240\011v\363\024Tm7O@\023\355\3469\250\306n\372@\265"
 1211      14546D37 
 1211      4F4013ED 
 1211      E639A8C6 
 1211      6EFA40B5 
 1212 022f 76F30234 		.ascii	"v\363\0024\311n^\202\262v\363\032Tg5J^\012\376\237\324"
 1212      C96E5E82 
 1212      B276F31A 
 1212      5467354A 
 1212      5E0AFE9F 
 1213 0244 287931C0 		.ascii	"(y1\300V\351\361\363\316\035\263d>\246\344\005\261\362"
 1213      56E9F1F3 
 1213      CE1DB364 
 1213      3EA6E405 
 1213      B1F2
 1214 0256 C4BAA82C 		.ascii	"\304\272\250,\304T\2443\230X\254\"\227\003\314K\025"
 1214      C454A433 
 1214      9858AC22 
 1214      9703CC4B 
 1214      15
 1215 0267 ED121BB7 		.ascii	"\355\022\033\267\015\354\223\336\203N\217\360^\242\344"
 1215      0DEC93DE 
 1215      834E8FF0 
 1215      5EA2E4
 1216 0276 22E5F406 		.ascii	"\"\345\364\006\350\2168W\002\366F$c\2071\235w\224\323"
 1216      E88E3857 
ARM GAS  /tmp/cc4JZDS4.s 			page 91


 1216      02F64624 
 1216      6387319D 
 1216      7794D3
 1217 0289 1D34F6C7 		.ascii	"\0354\366\307\335\021\306\025\011o\204\271\220\360\032"
 1217      DD11C615 
 1217      096F84B9 
 1217      90F01A
 1218 0298 839726BD 		.ascii	"\203\227&\275\306`\333\344\340xGR\217\347K\215\3062"
 1218      C660DBE4 
 1218      E0784752 
 1218      8FE74B8D 
 1218      C632
 1219 02aa DD586E34 		.ascii	"\335Xn4\226\033\215i\2431\255\033\323Fc\205\321X\251"
 1219      961B8D69 
 1219      A331AD1B 
 1219      D3466385 
 1219      D158A9
 1220 02bd 1B334663 		.ascii	"\0333Fc\306hl4\032\033uc\243\321\370\271\321\370\205"
 1220      C6686C34 
 1220      1A1B7563 
 1220      A3D1F8B9 
 1220      D1F885
 1221 02d0 6E5C6234 		.ascii	"n\\b4.1\032\233\214\306&\335\330d4~i4~\245\033\227\032"
 1221      2E311A9B 
 1221      8CC626DD 
 1221      D864347E 
 1221      69347EA5 
 1222 02e7 8D4B8DC6 		.ascii	"\215K\215\306f\243\261Y76\033\215_\033\215\337\350\306"
 1222      66A3B159 
 1222      37361B8D 
 1222      5F1B8DDF 
 1222      E8C6
 1223 02f9 6546E332 		.ascii	"eF\3432\243\221\214F\322\215d4\356\225F\345\001\251"
 1223      A3918C46 
 1223      D28D6434 
 1223      EE9546E5 
 1223      01A9
 1224 030b 3B0F4A95 		.ascii	";\017J\225\272\033\210\032\225\272\023>\340h.\304U\352"
 1224      BA1B881A 
 1224      95BA133E 
 1224      E0682EC4 
 1224      55EA
 1225 031d B6FE4549 		.ascii	"\266\376EI\335\012g\022\232[]\276\031\316\033\334\357"
 1225      DD0A6712 
 1225      9A5B5DBE 
 1225      19CE1BDC 
 1225      EF
 1226 032e F28D703E 		.ascii	"\362\215p>\251R\327\303\031\227\257\2053._\015gJU\355"
 1226      A952D7C3 
 1226      1997AF85 
 1226      332E5F0D 
 1226      674A55ED 
 1227 0342 BDC175B2 		.ascii	"\275\301u\262}\032\037\007\270Xe\037\205\303Re\037\206"
 1227      7D1A1F07 
 1227      B858651F 
 1227      85C35265 
 1227      1F86
ARM GAS  /tmp/cc4JZDS4.s 			page 92


 1228 0354 0B185C70 		.ascii	"\013\030\\p\371AXn\260\373Q\331\373\341\274\301\005"
 1228      F941586E 
 1228      B0FB51D9 
 1228      FBE1BCC1 
 1228      05
 1229 0365 47D58527 		.ascii	"G\325\205'\325\032SuO\302\334\345\3600\343\252\276g"
 1229      D51A5375 
 1229      4FC2DCE5 
 1229      F030E3AA 
 1229      BE67
 1230 0377 7083FAA7 		.ascii	"p\203\372\247z\203\372`\302=\341\206.\275@C\277^`r\264"
 1230      7A83FA60 
 1230      C23DE186 
 1230      2EBD4043 
 1230      BF5E6072 
 1231 038c A5EF6D2F 		.ascii	"\245\357m/\344\012)\336\003\361GKq"
 1231      E40A29DE 
 1231      03F1474B 
 1231      71
 1232              		.text
 1233              		.section	.gnu.lto_.refs.5ef73c3b71594aa5,"e",%progbits
 1234 0000 789C0DCB 		.ascii	"x\234\015\313\273n\023Q\000\204\341\231\337\233\234"
 1234      BB6E1351 
 1234      0084E199 
 1234      DF9B9C
 1235 000f 5D3B6B7B 		.ascii	"];k{\275v\274\2678>q\010\327\004\014\230\233\004Ay\033"
 1235      BD76BCB7 
 1235      383E7108 
 1235      D7040C98 
 1235      9B044179 
 1236 0024 1E838207 		.ascii	"\036\203\202\007\213H\012jDAA\215((\250\021\022;\315"
 1236      8B480A6A 
 1236      4441418D 
 1236      2828A811 
 1236      123BCD
 1237 0037 A7916652 		.ascii	"\247\221fRY\037,%\026}\006\"0\030w\373\012\003\302\236"
 1237      591F2C25 
 1237      167D0622 
 1237      301877FB 
 1237      0A03C29E 
 1238 004b 42A63457 		.ascii	"B\2464W\266$\253\225\035i\0305z\310\350\\\243\255\016"
 1238      B624AB95 
 1238      1D691835 
 1238      7AC8E85C 
 1238      A3AD0E
 1239 005e 76CA2FC9 		.ascii	"v\312/\311\257\245\374V\032\177\221&_\305\344[\357w"
 1239      AFA5FC56 
 1239      1A7F9126 
 1239      5FC5E45B 
 1239      EF77
 1240 0070 69FA432A 		.ascii	"i\372C*~\212\342W\357oi\366G*\377\212\362_\357Gk\376"
 1240      7E8AE257 
 1240      EF6F69F6 
 1240      472AFF8A 
 1240      F25FEF47 
 1241 0086 C94E091E 		.ascii	"\311N\011\036\222\371\200\221\307\344\2362\361\214\302"
 1241      92F98091 
ARM GAS  /tmp/cc4JZDS4.s 			page 93


 1241      C7E49E32 
 1241      F18CC2
 1242 0095 73CA66C1 		.ascii	"s\312f\301\241YZ\025\256\022W\201:\245J\325dn\306n\012"
 1242      A1595A15 
 1242      AE125781 
 1242      3AA54AD5 
 1242      646EC66E 
 1243 00aa DA19CD8C 		.ascii	"\332\031\315\214\256\344\250d5\347x\316z\301\361\202"
 1243      AEE4A864 
 1243      35E778CE 
 1243      7AC1F182 
 1244 00ba D521EB25 		.ascii	"\325!\353%\261R\2549i\330\264l:N;\237\022}\2073\373"
 1244      B152AC39 
 1244      69D8B46C 
 1244      3A4E3B9F 
 1244      127D8733 
 1245 00cf 8C24BBCB 		.ascii	"\214$\273\313\306\212\320%\254\366X\357\263\012\254"
 1245      C68AD025 
 1245      ACF658EF 
 1245      B30AAC
 1246 00de 53EA8C76 		.ascii	"S\352\214v8\270\207\202\342\304\261\360}b\342\007\304"
 1246      38B88782 
 1246      E2C4B1F0 
 1246      7D62E207 
 1246      C4
 1247 00ef E047B43E 		.ascii	"\340G\264>\347\302\027\334\310\217iy\302\226\251\267"
 1247      E7C217DC 
 1247      C88F6979 
 1247      C296A9B7 
 1248 00ff 5CFA29CF 		.ascii	"\\\372)\317\374\234\235w\334\312/\372\362\262\337\276"
 1248      FC9C9D77 
 1248      DCCA2FFA 
 1248      F2B2DFBE 
 1249 010f A2F6EBDE 		.ascii	"\242\366\353\3367\375\347-\357\374\236k\371\212\317"
 1249      37FDE72D 
 1249      EFFC9E6B 
 1249      F98ACF
 1250 011e D27FCA4A 		.ascii	"\322\177\312J\"u"
 1250      2275
 1251              		.text
 1252              		.section	.gnu.lto_.decls.5ef73c3b71594aa5,"e",%progbits
 1253 0000 789CACBD 		.ascii	"x\234\254\275\007\224$\311q\030:\325\331\335\323\323"
 1253      079424C9 
 1253      71183AD5 
 1253      D9DDD3D3 
 1254 0010 E380DD05 		.ascii	"\343\200\335\005\356p{\000\017\247\005\010\221 q\004"
 1254      EE707B00 
 1254      0FA70508 
 1254      91207104 
 1255 0020 28D10120 		.ascii	"(\321\001 \345(P\024\001\031J\"\360H~\360\363\213\240"
 1255      E5285014 
 1255      01194A22 
 1255      F0487EF0 
 1255      F38BA0
 1256 0033 487D4AA2 		.ascii	"H}J\242\004\211\244H\240\307{\357\275\367~g\307{\357"
 1256      0489A448 
 1256      A0C77BEF 
ARM GAS  /tmp/cc4JZDS4.s 			page 94


 1256      BDF77E67 
 1256      C77BEF
 1257 0046 BD9FD9F1 		.ascii	"\275\237\331\361\336\357x?\363#3\262\272\253\272\252"
 1257      DEEF783F 
 1257      F32333B2 
 1257      BAABBAAA 
 1258 0056 E770A73F 		.ascii	"\347p\247?oc\273\263:\\FFFFfeV\031\354\004;\337I;\273"
 1258      6F63BBB3 
 1258      3A5C4646 
 1258      46466665 
 1258      5619EC04 
 1259 006f D69FB2B3 		.ascii	"\326\237\262\263{\366);\273\007\370\373\206\235\235"
 1259      7BF6293B 
 1259      BB07F8FB 
 1259      869D9D
 1260 007e DD08C013 		.ascii	"\335\010\300\023\200\267\004;\273\037\300\347g\341S"
 1260      80B7043B 
 1260      BB1FC0E7 
 1260      67E153
 1261 008d 0F9F3F0D 		.ascii	"\017\237?\015\237\337\203\317\237\201\317\257\000\274"
 1261      9FDF83CF 
 1261      9F81CFAF 
 1261      00BC
 1262 009b 0BF001C0 		.ascii	"\013\360\001\300/\002\374C\200_\006\370g\000\277\001"
 1262      2F02FC43 
 1262      805F06F8 
 1262      6700BF01 
 1263 00ab F06F007E 		.ascii	"\360o\000~\027\340\247\355\360\357\357\003\374!\224"
 1263      17E0A7ED 
 1263      F0EFEF03 
 1263      FC2194
 1264 00ba FF08E0CF 		.ascii	"\377\010\340\317\000\376\032\340\177\003\374\035\300"
 1264      00FE1AE0 
 1264      7F03FC1D 
 1264      C0
 1265 00c7 8F01DC00 		.ascii	"\217\001\334\000\274\000|\000\202\000\376\007@\030@"
 1265      BC007C00 
 1265      8200FE07 
 1265      401840
 1266 00d6 22403240 		.ascii	"\"@2@\036@1@=@7@/\300\030\300$\300\012\300\006\300\025"
 1266      1E403140 
 1266      3D403740 
 1266      2FC018C0 
 1266      24C00AC0 
 1267 00ed 00D1D8D9 		.ascii	"\000\321\330\331\031\001\236\002\374\024\300\317\003"
 1267      19019E02 
 1267      FC14C0CF 
 1267      03
 1268 00fa 7C03E05B 		.ascii	"|\003\340[\000\377\022\340\333\000\377\012\340w\001"
 1268      00FF12E0 
 1268      DB00FF0A 
 1268      E07701
 1269 0109 7E0FE07B 		.ascii	"~\017\340{\000\277\017\360'\000\177\011\360u\320\363"
 1269      00BF0FF0 
 1269      27007F09 
 1269      F075D0F3 
 1270 0119 6FE1F347 		.ascii	"o\341\363G\000&\000w\000O\000o\000_\000\177\200O\023"
ARM GAS  /tmp/cc4JZDS4.s 			page 95


 1270      00260077 
 1270      004F006F 
 1270      005F007F 
 1270      804F13
 1271 012c 3BBBCF01 		.ascii	";\273\317\001|\021\340[\000\177\000\360\177\001\004"
 1271      7C11E05B 
 1271      007F00F0 
 1271      7F0104
 1272 013b 00E40374 		.ascii	"\000\344\003t\001\270h\001\007\340=\200\367\001\376"
 1272      01B86801 
 1272      07E03D80 
 1272      F701FE
 1273 014a 39C0BF01 		.ascii	"9\300\277\001\370C\000\255\316\316\356\005\300\027\001"
 1273      F84300AD 
 1273      CECEEE05 
 1273      C01701
 1274 0159 BE04F033 		.ascii	"\276\004\3603\000_\006\370y\200\017\000~\025\340\237"
 1274      005F06F8 
 1274      79800F00 
 1274      7E15E09F 
 1275 0169 02FC26C0 		.ascii	"\002\374&\300w\000~\017\340{\000\177\002\340\017\020"
 1275      77007E0F 
 1275      E07B007F 
 1275      02E00F10 
 1276 0179 0A100E10 		.ascii	"\012\020\016\020\013\220\015P\010P\016P\0130\017\260"
 1276      0B900D50 
 1276      08500E50 
 1276      0B300FB0 
 1277 0189 08B00CB0 		.ascii	"\010\260\014\260\012\260\016\260\011\260\015\260\013"
 1277      0AB00EB0 
 1277      09B00DB0 
 1277      0B
 1278 0196 B00F7008 		.ascii	"\260\017p\010p\004`\200F5\352\355d\177\015P?\003|\376"
 1278      70046080 
 1278      4635EAED 
 1278      647F0D50 
 1278      3F037CFE 
 1279 01aa 29F78167 		.ascii	")\367\201g\022?p\002\\G\200O\013\210+\3606\265\376k"
 1279      123F7002 
 1279      5C47804F 
 1279      0B882BF0 
 1279      36B5FE6B 
 1280 01be 031E6F73 		.ascii	"\003\036os\036\316\200\037J\320\177\\\364\350\017\256"
 1280      1ECE801F 
 1280      4AD07F5C 
 1280      F4E80FAE 
 1281 01ce F0F97DA0 		.ascii	"\360\371}\240\373\004|\022\320c\017lR\000\360I('\300"
 1281      FB047C12 
 1281      D0630F6C 
 1281      5200F049 
 1281      2827C0
 1282 01e1 F546F85E 		.ascii	"\365F\370^\012\220\015\360\004\256=\005\370+\340\031"
 1282      0A900DF0 
 1282      04AE3D05 
 1282      F82BE019 
 1283 01f1 0ABFB5DB 		.ascii	"\012\277\265\333\241\337\275\005\327\354\341\373\035"
 1283      A1DFBD05 
ARM GAS  /tmp/cc4JZDS4.s 			page 96


 1283      D7ECE1FB 
 1283      1D
 1284 01fe E0EC00E4 		.ascii	"\340\354\000\344\003l\003T\002\224\000\344\001\000k"
 1284      036C0354 
 1284      029400E4 
 1284      01006B
 1285 020d E66F9FD5 		.ascii	"\346o\237\325\243\017%r\237\322\3606\246\355 \375\233"
 1285      A30F2572 
 1285      9FD2F036 
 1285      A6ED20FD 
 1285      9B
 1286 021e 806B9F94 		.ascii	"\200k\237\224\324\373{\334\347\251\277\377==\312\246"
 1286      D4FB7BDC 
 1286      E7A9BFFF 
 1286      3D3DCAA6 
 1287 022e FABFD0A3 		.ascii	"\372\277\320\243\016\264_\024\001|\001\312_\324c\237"
 1287      0EB45F14 
 1287      017C01CA 
 1287      5FD4639F 
 1288 023e F869F8CC 		.ascii	"\370i\370\314\3452\336\203\357\357\323:\332\241\317"
 1288      E532DE83 
 1288      EFEFD33A 
 1288      DAA1CF
 1289 024d 17733FB6 		.ascii	"\027s?\266\376;\001d\350~v\177)Xd\213\375\212\332}\003"
 1289      FE3B0164 
 1289      E87E767F 
 1289      2958648B 
 1289      FD8ADA7D 
 1290 0262 E0BB005F 		.ascii	"\340\273\000_\002^\377\025\256\375<|\376\034o\213}\270"
 1290      025EFF15 
 1290      AEFD3C7C 
 1290      FE1C6F8B 
 1290      7DB8
 1291 0274 EE08D78C 		.ascii	"\356\010\327\214\264OB\371\037\000L\303\265q\2001;l"
 1291      B44F42F9 
 1291      1F004CC3 
 1291      B5718031 
 1291      3B6C
 1292 0286 CB9F856B 		.ascii	"\313\237\205k\237\200\337\267i\335\340\323\005\340\031"
 1292      9F80DFB7 
 1292      69DDE0D3 
 1292      05E019
 1293 0295 C00CADB3 		.ascii	"\300\014\255\263\035\352\367?x\237\254W\321\357B\322"
 1293      1DEAF73F 
 1293      789FAC57 
 1293      D1EF42D2 
 1294 02a5 9EB4FE03 		.ascii	"\236\264\376\003\200\363[\324\006v\330\347\245m\"\266"
 1294      80F35BD4 
 1294      0676D8E7 
 1294      A56D22B6 
 1295 02b5 2D8D03FF 		.ascii	"-\215\003\377\224\307\202\177\001\327&\340\363\267\341"
 1295      94C7827F 
 1295      01D726E0 
 1295      F3B7E1
 1296 02c4 F35F028C 		.ascii	"\363_\002\214\302\367\337\201\317\277\007\366\3776|"
 1296      C2F7DF81 
 1296      CFBF07F6 
ARM GAS  /tmp/cc4JZDS4.s 			page 97


 1296      FF367C
 1297 02d3 7E07A08B 		.ascii	"~\007\240\213\333\354\037\303\347{p\335\301\016\343"
 1297      DBEC1FC3 
 1297      E77B70DD 
 1297      C10EE3
 1298 02e2 036DBB7F 		.ascii	"\003m\273\177\255\307\376>\311\373\374\277\325c\273"
 1298      ADC7FE3E 
 1298      C9FBFCBF 
 1298      D563BB
 1299 02f1 D238E062 		.ascii	"\3228\340b\207}\222\366'\332?i\237\242}\225\366+\332"
 1299      877D92F6 
 1299      27DA3F69 
 1299      9FA27D95 
 1299      F62BDA
 1300 0304 6F69DFA2 		.ascii	"oi\337\242}\230\366/\332\237i\037\243}\373\003\253\266"
 1300      7D98F62F 
 1300      DA9F691F 
 1300      A37DFB03 
 1300      ABB6
 1301 0316 FF940EE5 		.ascii	"\377\224\016\345\323\372Q\275\005\256\213\332\337o\031"
 1301      D3FA51BD 
 1301      05AE8BDA 
 1301      DF6F19
 1302 0325 C177E0F3 		.ascii	"\301w\340\363\023@\3639\035\326\225\326\205\262|\027"
 1302      1340F339 
 1302      1DD695D6 
 1302      85B27C17 
 1303 0335 FE7B07E0 		.ascii	"\376{\007\340m\200\317\353\260.\364O\340zJ\377>\371"
 1303      6D80CFEB 
 1303      B02EF44F 
 1303      E07A4AFF 
 1303      3EF9
 1304 0347 1164FECE 		.ascii	"\021d\376\316\307\224\351k%\323\371#\310\374\327\037"
 1304      C794E96B 
 1304      25D3F923 
 1304      C8FCD71F 
 1305 0357 53A6B795 		.ascii	"S\246\267\225L\207\217 \363\337}L\231\236V2u\037A\346"
 1305      4C878F20 
 1305      F3DF7D4C 
 1305      999E5632 
 1305      751F41E6 
 1306 036b 773FA64C 		.ascii	"w?\246Lw+\231\302G\220\371\007\037S\246\311J&\215\177"
 1306      772B99C2 
 1306      4790F907 
 1306      1F53A6C9 
 1306      4A268D7F 
 1307 037f 3FA9CC3F 		.ascii	"?\251\314?\372\2302\177d%\363\006\312_\265\263\304\203"
 1307      FA98327F 
 1307      6425F306 
 1307      CA5FB5B3 
 1307      C483
 1308 0391 B781E97F 		.ascii	"\267\201\351\177\205>\371\337\000\376\022\3407\241\374"
 1308      853EF9DF 
 1308      00FE12E0 
 1308      37A1FC
 1309 03a0 DF69BF85 		.ascii	"\337i\277\205\317\257\003\356\377\200\357\237\325b\234"
 1309      CFAF03EE 
ARM GAS  /tmp/cc4JZDS4.s 			page 98


 1309      FF80EF9F 
 1309      D5629C
 1310 03af F8217CFF 		.ascii	"\370!|\377\237\000\316P\3769\370\355\177\321\330\016"
 1310      9F00CE50 
 1310      FE39F8ED 
 1310      7FD1D80E 
 1311 03bf 900741E8 		.ascii	"\220\007A\350\257\341\263\223\216\255p\375o\340\373"
 1311      AFE1B393 
 1311      8EAD70FD 
 1311      6FE0FB
 1312 03ce FF06F87D 		.ascii	"\377\006\370}(\377-|\372\303\347\023\270\376\307\360"
 1312      28FF2D7C 
 1312      FAC3E713 
 1312      B8FEC7F0 
 1313 03de E9009F7F 		.ascii	"\351\000\237\177\007\327~\004\360\317\011\346\032\032"
 1313      07D77E04 
 1313      F0CF09E6 
 1313      1A1A
 1314 03ec B8F66328 		.ascii	"\270\366c(\233\000\334\000\334\001\276\000\277]\302"
 1314      9B00DC00 
 1314      DC01BE00 
 1314      BF5DC2
 1315 03fb 6F1EF0DD 		.ascii	"o\036\360\335\023\340SP^\247y\006|\367\246:Ay\231\307"
 1315      13E05350 
 1315      5EA77906 
 1315      7CF7A63A 
 1315      417999C7 
 1316 040f 9DCF803E 		.ascii	"\235\317\200>\317\001\034\3550'\371\006\317\035~\212"
 1316      CF011CED 
 1316      3027F906 
 1316      CF1D7E8A 
 1317 041f E71234A7 		.ascii	"\347\0224\247\240\271E\200\036\363\214\015\236w\270"
 1317      A0B94580 
 1317      1EF38C0D 
 1317      9E77B8
 1318 042e DA59C6F6 		.ascii	"\332Y\306\366\367\371xO\307}:\376\213\271\200\230\033"
 1318      F7F9784F 
 1318      C77D3AFE 
 1318      8BB98098 
 1318      1B
 1319 043f FC01CF17 		.ascii	"\374\001\317\027h\336 \346\020\322\277,\003\306\342"
 1319      68DE20E6 
 1319      10D2BF2C 
 1319      03C6E2
 1320 044e 2F72BB52 		.ascii	"/r\273R\373\321\366\3726\374\367;\000\337\001\370WZ"
 1320      FBD1F6FA 
 1320      36FCF73B 
 1320      00DF01F8 
 1320      575A
 1321 0460 F5B6FD67 		.ascii	"\365\266\375g\006\304\375\264\026i\237h\321\346\224"
 1321      06C4FDB4 
 1321      16699F68 
 1321      D1E694
 1322 046f DF3B5A4B 		.ascii	"\337;ZK\375\324\376\276\361\177@\033b\317sC\200r \250"
 1322      FDD4FEBE 
 1322      F17F401B 
 1322      62CF7343 
ARM GAS  /tmp/cc4JZDS4.s 			page 99


 1322      807220A8 
 1323 0483 25387ED5 		.ascii	"%8~\325\021lK\032\307\253\340\263\032\240\015\240\035"
 1323      116C4B1A 
 1323      C7ABE0B3 
 1323      1AA00DA0 
 1323      1D
 1324 0494 A009A019 		.ascii	"\240\011\240\031\240\005\240\025\240\221\250\363~\313"
 1324      A005A015 
 1324      A091A8F3 
 1324      7ECB
 1325 04a2 1EC72F13 		.ascii	"\036\307/\023\301v\247c\320\237\303\347\177\001\370"
 1325      C176A763 
 1325      D09FC3E7 
 1325      7F01F8
 1326 04b1 EF00FF8B 		.ascii	"\357\000\377\213\240_P\034\037\370\364\002\360\005\360"
 1326      A05F501C 
 1326      1FF8F402 
 1326      F005F0
 1327 04c0 04700370 		.ascii	"\004p\003p\007\360\003\360\260\301\237\216Ab\337\241"
 1327      07F003F0 
 1327      B0C19F8E 
 1327      4162DFA1 
 1328 04d0 BE42BFBF 		.ascii	"\276B\277\277\200\317\367m\340\177\203\347\034+v8\266"
 1328      80CFF76D 
 1328      E07F83E7 
 1328      1C2B7638 
 1328      B6
 1329 04e1 6601411E 		.ascii	"f\001A\036@\205\006}\221\372\023\375=\037\312E\000\271"
 1329      4085067D 
 1329      91FA13FD 
 1329      3D1FCA45 
 1329      00B9
 1330 04f3 00850065 		.ascii	"\000\205\000e\000\317\341\267w9_\332\247\276e%\343A"
 1330      00CFE1B7 
 1330      77395FDA 
 1330      A7BE6525 
 1330      E341
 1331 0505 83FD90F6 		.ascii	"\203\375\220\366\251@\340\025\004\360\0074o\344}\217"
 1331      A940E015 
 1331      04F00734 
 1331      6FE47D8F 
 1332 0515 7ED03C99 		.ascii	"~\320<\231\346\261,\357\262j\217\006\003\322\007\003"
 1332      E6B12CEF 
 1332      B26A8F06 
 1332      03D20703 
 1333 0525 DDEFC26F 		.ascii	"\335\357\302o\341\360\031\301yPQ\337\205\317\357\001"
 1333      E1F019C1 
 1333      795051DF 
 1333      85CFEF01 
 1334 0535 FCBE16E9 		.ascii	"\374\276\026\351\377L%F\020@|\213\353@\373\263u\277"
 1334      FF4C2546 
 1334      10407C8B 
 1334      EB40FBB3 
 1334      75BF
 1335 0547 F931EF73 		.ascii	"\3711\357s\264\217E\002\374\007\015\266\271\330\177"
 1335      B48F4502 
 1335      FC070DB6 
ARM GAS  /tmp/cc4JZDS4.s 			page 100


 1335      B9D87F
 1336 0556 FF2DEF9F 		.ascii	"\377-\357\237b\277\245\3754J\322\337\177\233\327\205"
 1336      62BFA5FD 
 1336      344AD2DF 
 1336      7F9BD785 
 1337 0566 B617CDF7 		.ascii	"\266\027\315\367i\356\035\247\307<\374wy^\376m\236\247"
 1337      69EE1DA7 
 1337      C73CFC77 
 1337      795EFE6D 
 1337      9EA7
 1338 0578 533B7E9A 		.ascii	"S;~\232\367\227|\336\207h\377y\217\367-\351\237#\\\177"
 1338      F7977CDE 
 1338      8768FF79 
 1338      8FF72DE9 
 1338      9F235C7F 
 1339 058c C74E9EB3 		.ascii	"\307N\236\263\212\371j\274\336\222/5\361\266\242m6\306"
 1339      8AF96ABC 
 1339      DE922F35 
 1339      F1B6A26D 
 1339      36C6
 1340 059e DB3186EA 		.ascii	"\3331\206\352\250\301\\J\314\233\324\362\231\004^\367"
 1340      A8C15C4A 
 1340      CC9BD4F2 
 1340      99045EF7 
 1341 05ae 443DE61C 		.ascii	"D=\346\034_\206\317F\336\266\322\266\256\005\250\323"
 1341      5F86CF46 
 1341      DEB6D2B6 
 1341      AE05A8D3 
 1342 05be 60CE55AF 		.ascii	"`\316U\257\221\347Y5\032\354\017^\222\274&M\21794\315"
 1342      91E75935 
 1342      1AEC0F5E 
 1342      92BC264D 
 1342      8F3934CD 
 1343 05d2 6F32F438 		.ascii	"o2\3648\027\371#A\335G\\\011\326\317\272\236\277\251"
 1343      17F92341 
 1343      DD475C09 
 1343      D6CFBA9E 
 1343      BFA9
 1344 05e4 51D653AD 		.ascii	"Q\326S\255\016\231\222\230\371\037\271\037}\231\373"
 1344      0E999298 
 1344      F91FB91F 
 1344      7D99FB
 1345 05f3 B48F44A7 		.ascii	"\264\217D\247l\236o\375\311#\272P\177~n'\317Y\177W\222"
 1345      6C9E6FFD 
 1345      C923BA50 
 1345      7F7E6E27 
 1345      CF597F57 
 1346 0608 B336EA31 		.ascii	"\2636\3521o\2459\"\315\377_\351\321\336\305\360\231"
 1346      6FA53922 
 1346      CDFF5FE9 
 1346      D1DEC5F0 
 1346      99
 1347 0619 AF47FBD3 		.ascii	"\257G\373\323|\265B\217\271\353\227x\356\332$\321\261"
 1347      7CB5428F 
 1347      B9EB9778 
 1347      EEDA24D1 
 1347      B1
ARM GAS  /tmp/cc4JZDS4.s 			page 101


 1348 062a 99CF17FE 		.ascii	"\231\317\027\376\233\006\353HmW\017\327J\001\312\001"
 1348      9B06EB48 
 1348      6D570FD7 
 1348      4A01CA01 
 1349 063a 5E02D401 		.ascii	"^\002\324\001\224\000\024\000\324\002T\363|;\210\347"
 1349      94001400 
 1349      D40254F3 
 1349      7C3B88E7 
 1350 064a B27FA951 		.ascii	"\262\177\251Q\327\177[\203\261\333V\316M\363l\032\207"
 1350      D77F5B83 
 1350      B1DB56CE 
 1350      4DF36C1A 
 1350      87
 1351 065b A5B9B6E8 		.ascii	"\245\271\266\350\037-t\314\022P\016mg\261\215\251{\213"
 1351      1F2D74CC 
 1351      12500E6D 
 1351      67B18DA9 
 1351      7B8B
 1352 066d 79B4F5DF 		.ascii	"y\264\365\337\017\215\370;\355\013\277\242C\235\376"
 1352      0F8DF83B 
 1352      ED0BBFA2 
 1352      439DFE
 1353 067c A1648CB5 		.ascii	"\241d\214\265\366i?\216Oc\324?\341\370\377H\202\377"
 1353      F6693F8E 
 1353      4F63D43F 
 1353      E1F8FF48 
 1353      82FF
 1354 068e 9B56F96B 		.ascii	"\233V\371k\320\307\034\333\017\255\370\244\030-c\020"
 1354      D0C71CDB 
 1354      0FADF8A4 
 1354      182D6310 
 1355 069e D5F5DB3C 		.ascii	"\325\365\333<\247\371m\370\374\227\217\350[&\321\367"
 1355      A7F96DF8 
 1355      FC978FE8 
 1355      5B26D1F7 
 1356 06ae 3F709A7F 		.ascii	"?p\232\177\007\237\377\226\323\320\362\227\371<V\372"
 1356      079FFF96 
 1356      D3D0F297 
 1356      F93C56FA 
 1357 06be 57F131F5 		.ascii	"W\3611\365^\267\3423\300\345\267\202\374\377\310\355"
 1357      5EB7E233 
 1357      C0E5B782 
 1357      FCFFC8ED 
 1358 06ce F5C7D2DC 		.ascii	"\365\307\322\334\333\012\377\363\216\026}C8~\220\004"
 1358      DB0AFFF3 
 1358      8E167D43 
 1358      387E9004 
 1359 06de 3FDC0AFF 		.ascii	"?\334\012\377\013\216\037O\317#+>\277\340h\3213\206"
 1359      0B8E1F4F 
 1359      CF232B3E 
 1359      BFE068D1 
 1359      3386
 1360 06f0 CB8D7A44 		.ascii	"\313\215zD\317\337\341r\367\365\2266\311\322\341\265"
 1360      CFDFE172 
 1360      F7F59636 
 1360      C9D2E1B5 
 1361 0700 14F84C03 		.ascii	"\024\370L\003H\007\310x\244m\276\353h\361\275\002.3"
ARM GAS  /tmp/cc4JZDS4.s 			page 102


 1361      4807C878 
 1361      A46DBEEB 
 1361      68F1BD02 
 1361      2E33
 1362 0712 5782FF9E 		.ascii	"W\202\377\236\025\376\017\034\345>\360\222\267g\011"
 1362      15FE0F1C 
 1362      E53EF092 
 1362      B76709
 1363 0721 7C963E22 		.ascii	"|\226>\"\347\207\022\233\326p9\225\217\370l\023\307"
 1363      E787129B 
 1363      D6703995 
 1363      8FF86C13 
 1363      C7
 1364 0732 7F03F847 		.ascii	"\177\003\370Gz;\233\177m\037\323\366\253V\362\272\034"
 1364      7A3B9B7F 
 1364      6D1FD3F6 
 1364      AB56F2BA 
 1364      1C
 1365 0743 7FF25CB9 		.ascii	"\177\362\\\271\357#\340\016}L\375\266\255\364\033\373"
 1365      EF23E00E 
 1365      7D4CFDB6 
 1365      ADF41BFB 
 1366 0753 0832A73E 		.ascii	"\0102\247>\246\314}+\231s\037A\346\342G\300]\375\010"
 1366      A6CC7D2B 
 1366      99731F41 
 1366      E6E247C0 
 1366      5DFD08
 1367 0766 B89F7442 		.ascii	"\270\237tB\275\305\274\367J\207c\206=\037\233\036\250"
 1367      BDC5BCF7 
 1367      4A876386 
 1367      3D1F9B1E 
 1367      A8
 1368 0777 BFD35C0D 		.ascii	"\277\323\\\015@G\375\004@\000\320\333\360\231O\375\377"
 1368      4047FD04 
 1368      4000D0DB 
 1368      F0994FFD 
 1368      FF
 1369 0788 CC2F8608 		.ascii	"\314/\206\010\013\356I\227N\301Dxb\024\264P\214\354"
 1369      0BEE4997 
 1369      4EC14478 
 1369      6214B450 
 1369      8CEC
 1370 079a 7DD56384 		.ascii	"}\325c\204\3423\243\360\036\024\323&\206\335\005\374"
 1370      E233A3F0 
 1370      1E14D326 
 1370      86DD05FC 
 1371 07aa F513506C 		.ascii	"\365\023Plz\210n\322b\321\000\305\250\374\226['Dn\246"
 1371      7A886ED2 
 1371      62D100C5 
 1371      A8FC965B 
 1371      27446EA6 
 1372 07be BCEABDEF 		.ascii	"\274\352\275\357\032\355\241\374\323F\201\256\270\272"
 1372      1AEDA1FC 
 1372      D34681AE 
 1372      B8BA
 1373 07cc C2A5AEC3 		.ascii	"\302\245\256\303"
 1374 07d0 FD71012F 		.ascii	"\375q\001/Q\214\263\376\353\034W\242a\337#\363\274["
ARM GAS  /tmp/cc4JZDS4.s 			page 103


 1374      518CB3FE 
 1374      EB1C57A2 
 1374      61DF23F3 
 1374      BC5B
 1375 07e2 B45F2932 		.ascii	"\264_)2\341\237\341\271\235\320\"\020\213by\231a\351"
 1375      E19FE1B9 
 1375      9DD02210 
 1375      8B627999 
 1375      61E9
 1376 07f4 7AF28CA1 		.ascii	"z\362\214\241\306/\025\2449\031}M&wS\252\207\311\341"
 1376      C62F15A4 
 1376      39197D4D 
 1376      267753AA 
 1376      87C9E1
 1377 0807 5B76429D 		.ascii	"[vB\235\360\\\250\025\200\246M`\314[\205\257\010\315"
 1377      F05CA815 
 1377      80A64D60 
 1377      CC5B85AF 
 1377      08CD
 1378 0819 70AD09AE 		.ascii	"p\255\011\256\001AhP\331\242\0065\373,\024\367\366\373"
 1378      01416850 
 1378      D9A20635 
 1378      FB2C14F7 
 1378      F6FB
 1379 082b BC34E4B3 		.ascii	"\2744\344\263\224\027II8\036r\004L\301\010\020g2\010"
 1379      94174949 
 1379      381E7204 
 1379      4CC10810 
 1379      673208
 1380 083e DD82D18E 		.ascii	"\335\202\321\216\263\036\266\227\260\266c\277\010]P"
 1380      B31EB697 
 1380      B0B663BF 
 1380      085D50
 1381 084d EC81629C 		.ascii	"\354\201b\234\011\220\336<<\374\370\341\307\354\007"
 1381      0990DE3C 
 1381      3CFCF8E1 
 1381      C7EC07
 1382 085c 60159BB4 		.ascii	"`\025\233\264r\356 \274x\372\"\235\2227\017e\276?\336"
 1382      72EE20BC 
 1382      78FA229D 
 1382      92370F65 
 1382      BE3FDE
 1383 086f E5DDDCEA 		.ascii	"\345\335\334\352D\177\027:A\261>\341\251\320af\367\225"
 1383      447F173A 
 1383      41B13EE1 
 1383      A9D06166 
 1383      F795
 1384 0881 E7423BFC 		.ascii	"\347B;\374\320/\274\020~\001\312a\264\332P\035\223\240"
 1384      D02FBC10 
 1384      7E01CA61 
 1384      B4DA501D 
 1384      93A0
 1385 0893 950AA534 		.ascii	"\225\012\2454\2646\275\302\013j\211t\212\325<\331m\214"
 1385      B436BDC2 
 1385      0B6A8974 
 1385      8AD53CD9 
 1385      6D8C
ARM GAS  /tmp/cc4JZDS4.s 			page 104


 1386 08a5 37F97E55 		.ascii	"7\371~U\200\011=C\250\2230\205\377(;\250\246wGh\235"
 1386      80093D43 
 1386      A8933085 
 1386      FF283BA8 
 1386      A6774768 
 1387 08ba 33368F46 		.ascii	"36\217F\322x\317\260\361\372:7\343\011\026\035\241X"
 1387      D278CFB0 
 1387      F1FA3A37 
 1387      E309161D 
 1387      A158
 1388 08cc 379CE0EB 		.ascii	"7\234\340\353B\376of\223\200\304\342z\035\265\0115\013"
 1388      42FE6F66 
 1388      9380C4E2 
 1388      7A1DB509 
 1388      350B
 1389 08de AFA8AB30 		.ascii	"\257\250\2530\006\265\244\006\032\023\015\024\352QJ"
 1389      06B5A406 
 1389      1A130D14 
 1389      EA514A
 1390 08ed BE64270C 		.ascii	"\276d'\014\002\332\000\023N\177\021F\2418\302\314N\342"
 1390      02DA0013 
 1390      4E7F1146 
 1390      A138C2CC 
 1390      4EE2
 1391 08ff E3DE34E9 		.ascii	"\343\3364\351\204\247/^\330\250\3338\257\333\204\271"
 1391      84A72F5E 
 1391      D8A8DB38 
 1391      AFDB84B9 
 1392 090f 6E60B6F3 		.ascii	"n`\266\363\246w\"<R\323\364\224\2330\014V\243XCf\031"
 1392      A677223C 
 1392      52D3F494 
 1392      9B300C56 
 1392      A3584366 
 1393 0924 DC6A93DC 		.ascii	"\334j\223\334jh\217\373&\252\346W\205/\032\221\351\240"
 1393      6A688FFB 
 1393      26AAE657 
 1393      852F1A91 
 1393      E9A0
 1394 0936 04DD6C0F 		.ascii	"\004\335l\017\342\2656\322\347$\274x\366\002\211F\277"
 1394      E2B536D2 
 1394      E724BC78 
 1394      F6028946 
 1394      BF
 1395 0947 156F6AF6 		.ascii	"\025oj\366\324S\003\332\011\323\30235+\206\253+N\261"
 1395      D45303DA 
 1395      09D3C233 
 1395      352B86AB 
 1395      2B4EB1
 1396 095a A9E233A0 		.ascii	"\251\3423\240\305\224\264a\256\177\035y\216?\302\023"
 1396      C594B461 
 1396      AE7F1D79 
 1396      8E3FC213 
 1397 096a 8C3D399F 		.ascii	"\214=9\237\221\312\233B\007\305\346\245\240+\332\024"
 1397      91CA9B42 
 1397      07C5E6A5 
 1397      A02BDA14 
 1398 097a EF424711 		.ascii	"\357BG\021$\275\344]\354%y)\271\355\316\344O\330\367"
ARM GAS  /tmp/cc4JZDS4.s 			page 105


 1398      24BDE45D 
 1398      EC257929 
 1398      B9EDCEE4 
 1398      4FD8F7
 1399 098d DDA1E672 		.ascii	"\335\241\346rGt}S\206\211\274m'|\355\271\360\0018\376"
 1399      47747D53 
 1399      8689BC6D 
 1399      277CEDB9 
 1399      F00138FE 
 1400 09a1 BCC0F0A9 		.ascii	"\274\300\360\251V\257A\346\034:\376\361\346\226\207"
 1400      56AF41E6 
 1400      1C3AFEF1 
 1400      E69687
 1401 09b0 0BF90BD6 		.ascii	"\013\371\013\326\252\335\315;\017N\226V5\010+\254A\201"
 1401      AADDCD3B 
 1401      0F4E9656 
 1401      35082BAC 
 1401      4181
 1402 09c2 D727D857 		.ascii	"\327'\330Wd\352\021\372\011Adj\307\256\013K@\261\214"
 1402      64EA11FA 
 1402      0941646A 
 1402      C7AE0B4B 
 1402      40B18C
 1403 09d5 FCC4F0F0 		.ascii	"\374\304\360\360\014\303\303\340C\350\241\216\374%\323"
 1403      0CC3C3E0 
 1403      43E8A18E 
 1403      FC25D3
 1404 09e4 AC6C3BB9 		.ascii	"\254l;\271\335\205\374O&\252>0\341\215\013\353Q\360"
 1404      DD85FC4F 
 1404      26AA3E30 
 1404      E18D0BEB 
 1404      51F0
 1405 09f6 8FF36D96 		.ascii	"\217\363m\226\362\335\240|\267\340\327MsW\"\354\"\325"
 1405      F2DDA07C 
 1405      B7E0D74D 
 1405      735722EC 
 1405      22D5
 1406 0a08 6B837527 		.ascii	"k\203u'\335\300\\\311'\205\027\360\367\024\035\243\263"
 1406      DDC05CC9 
 1406      278517F0 
 1406      F7141DA3 
 1406      B3
 1407 0a19 E91D0FE6 		.ascii	"\351\035\017\346\030\360\273\260\016\325\335\207\226"
 1407      18F0BBB0 
 1407      0ED5DD87 
 1407      96
 1408 0a26 5E153847 		.ascii	"^\0258G\360\213\005\270\276#\363\213\205&},\365\213"
 1408      F08B05B8 
 1408      BE23F38B 
 1408      85267D2C 
 1408      F58B
 1409 0a38 77411AC5 		.ascii	"wA\032\305\376\232\031\231\267\005r\236\0249Cu\205E"
 1409      FE9A1999 
 1409      B705729E 
 1409      14394375 
 1409      8545
 1410 0a4a CEF9AB4A 		.ascii	"\316\371\253J\306\263\202\231\244\367\327cM\376_e\004"
ARM GAS  /tmp/cc4JZDS4.s 			page 106


 1410      C6B38299 
 1410      A4F7D763 
 1410      4DFE5F65 
 1410      04
 1411 0a5b 6BB60956 		.ascii	"k\266\011V\005\261c\233\250\017I\014\260\317]\177\033"
 1411      05B1639B 
 1411      A80F490C 
 1411      B0CF5D7F 
 1411      1B
 1412 0a6c B0F60076 		.ascii	"\260\366\000v\321\213\250o\204\246\372\030\311\3370"
 1412      D18BA86F 
 1412      84A6FA18 
 1412      C9DF30
 1413 0a7b 9B665414 		.ascii	"\233fT\024\345\272\202\271\277H#(\221x\306\027\3213"
 1413      E5BA82B9 
 1413      BF482328 
 1413      9178C617 
 1413      D133
 1414 0a8d 1AC3E636 		.ascii	"\032\303\3466\214\344\307\354\373H\332\231\257\253\221"
 1414      8CE4C7EC 
 1414      FB48DA99 
 1414      AFAB91
 1415 0a9c 774C934E 		.ascii	"wL\223N\3221\205#\201QPyo\340\332!\266ekwA\216\013\361"
 1415      D2318523 
 1415      81515079 
 1415      6FE0DA21 
 1415      B6656B77 
 1416 0ab4 15588BC5 		.ascii	"\025X\213\305\207\347T\032-\261k\347\233q\246fw\275"
 1416      87E7541A 
 1416      2DB16BE7 
 1416      9B71A666 
 1416      77BD
 1417 0ac6 700C1539 		.ascii	"p\014\0259\000\3523e\247\0324\327-\024@\320H\373\307"
 1417      00EA3365 
 1417      A71A34D7 
 1417      2D1440D0 
 1417      48FBC7
 1418 0ad9 19AFDD39 		.ascii	"\031\257\3359\324\354T\332\271W\276\031kjv\3233\003"
 1418      D4EC54DA 
 1418      B957BE19 
 1418      6B6A76D3 
 1418      3303
 1419 0aeb 9D70BE8A 		.ascii	"\235p\276\212F\001\335\212*\003\023\3541t\275\015\305"
 1419      4601DD8A 
 1419      2A0313EC 
 1419      3174BD0D 
 1419      C5
 1420 0afc DEE1E337 		.ascii	"\336\341\3437\342\310B;\310\312Xf\271\226\0042\325\205"
 1420      E2C8423B 
 1420      C8CA5866 
 1420      B9960432 
 1420      D585
 1421 0b0e AA86D910 		.ascii	"\252\206\331\020\027Zq\023\216\006\224\310\242\3125"
 1421      175A7113 
 1421      8E0694C8 
 1421      A2CA35
 1422 0b1d F5346892 		.ascii	"\3654h\222\257\260:\027\036\236\325Q\276_2\012?\226"
ARM GAS  /tmp/cc4JZDS4.s 			page 107


 1422      AFB03A17 
 1422      1E9ED551 
 1422      BE5F320A 
 1422      3F96
 1423 0b2f 98F34B68 		.ascii	"\230\363KhN\037\317\334\020G\022\201l\227\"\375\332"
 1423      4E1FCFDC 
 1423      10471281 
 1423      6C9722FD 
 1423      DA
 1424 0b40 F468CF52 		.ascii	"\364h\317R\017\323'\335~\301Nh\004\256\015\324\240w"
 1424      0FD327DD 
 1424      7EC14E68 
 1424      04AE0DD4 
 1424      A077
 1425 0b52 02A3A155 		.ascii	"\002\243\241U\274\205k7h\320\340\274\336,\341\011\265"
 1425      BC856B37 
 1425      68D0E0BC 
 1425      DE2CE109 
 1425      B5
 1426 0b63 06A5F88D 		.ascii	"\006\245\370\215\267\205{\250\245Hc\007]\373\011\252"
 1426      B7857BA8 
 1426      A5486307 
 1426      5DFB09AA 
 1427 0b73 C36AF890 		.ascii	"\303j\370\220\220{\356L\022\177\222*\270i\260\012\037"
 1427      907BEE4C 
 1427      127F922A 
 1427      B869B00A 
 1427      1F
 1428 0b84 3029BE07 		.ascii	"0)\276\007Y\315N(\005\376\373\015-\013\207\026)\356"
 1428      59CD4E28 
 1428      05FEFB0D 
 1428      2D0B8716 
 1428      29EE
 1429 0b96 9A2748C1 		.ascii	"\232'H\301\244D\326\372\267\033H\006Jq\237(\254rA\243"
 1429      A444D6FA 
 1429      B71B4806 
 1429      4A719F28 
 1429      AC7241A3 
 1430 0baa 525FEA9C 		.ascii	"R_\352\234\354\3545\330\024\352\305\205zj\230\324\260"
 1430      ECEC35D8 
 1430      14EAC585 
 1430      7A6A98D4 
 1430      B0
 1431 0bbb F9920067 		.ascii	"\371\222\000g\213T\015\363\014\213To*\325K\224\332\335"
 1431      8B540DF3 
 1431      0C8B546F 
 1431      2AD54B94 
 1431      DADD
 1432 0bcd BF98A723 		.ascii	"\277\230\247#\371\334\216q\231\321z\224jO\177\273\215"
 1432      F9DC8E71 
 1432      99D17A94 
 1432      6A4F7FBB 
 1432      8D
 1433 0bde 8DD2D894 		.ascii	"\215\322\330\224\352\307\245\372\242T\337\305\250xI"
 1433      EAC7A5FA 
 1433      A254DFC5 
 1433      A87849
ARM GAS  /tmp/cc4JZDS4.s 			page 108


 1434 0bed 5D05E637 		.ascii	"]\005\3467\026\251\376T\252\037\227\252\313\312\352"
 1434      16A9FE54 
 1434      AA1F97AA 
 1434      CBCAEA
 1435 0bfc FB25E119 		.ascii	"\373%\341\031\015\030\341\274\011L\302\333v\022\364"
 1435      0D18E1BC 
 1435      094CC2DB 
 1435      7612F4
 1436 0c0b 000D46ED 		.ascii	"\000\015F\355`\315\013!\010 \020 D#\215\336\337rc\321"
 1436      60CD0B21 
 1436      08201020 
 1436      44238DDE 
 1436      DF7263D1 
 1437 0c1f 1B6C2898 		.ascii	"\033l(\2304\204\021X\310\245A\003\220\217)2t\021\250"
 1437      34841158 
 1437      C8A54103 
 1437      908F2932 
 1437      7411A8
 1438 0c32 BAE0F161 		.ascii	"\272\340\361a\310;\024\031\374\0364\026|>\014\271\365"
 1438      C83B1419 
 1438      FC1E3416 
 1438      7C3E0CB9 
 1438      F5
 1439 0c43 B7124CCD 		.ascii	"\267\022L\315\261\337\247\016#\\\0116\221\241\312\343"
 1439      B1DFA70E 
 1439      235C0936 
 1439      91A1CAE3 
 1440 0c53 EDE36D4E 		.ascii	"\355\343mN4F>}!\011xT\320>\035\200\"4V\275\253N\260"
 1440      34463E7D 
 1440      21097854 
 1440      D03E1D80 
 1440      223456BD 
 1441 0c6a A8FF4D54 		.ascii	"\250\377MT\377LDT\031\251\020\263\227\253\003j \246"
 1441      FF4C4454 
 1441      19A910B3 
 1441      97AB036A 
 1441      20A6
 1442 0c7c 45977A41 		.ascii	"E\227zAD\265\004\0020\371% \\\260\237(:5y\030\230:\024"
 1442      44B50402 
 1442      30F92520 
 1442      5CB09F28 
 1442      3A357918 
 1443 0c93 2012205C 		.ascii	" \022 \\j\362Y>\010\303Xi\255F\203`\251\251p\345S\333"
 1443      6AF2593E 
 1443      08C35869 
 1443      AD468360 
 1443      A9A970E5 
 1444 0ca9 AA25A5E8 		.ascii	"\252%\245\350R\263\246\216:\343S.\322S&R\210\002\353"
 1444      52B3A68E 
 1444      3AE3532E 
 1444      D2532652 
 1444      8802EB
 1445 0cbc 3E2215A8 		.ascii	">\"\025\250#\242\207\346\034\234\374\315\331\243\020"
 1445      23A287E6 
 1445      1C9CFCCD 
 1445      D9A310
 1446 0ccb 2D131BA3 		.ascii	"-\023\033\243\201\254\232}\000\356\304e\303\265\023"
ARM GAS  /tmp/cc4JZDS4.s 			page 109


 1446      81AC9A7D 
 1446      00EEC465 
 1446      C3B513
 1447 0cda A9C318E9 		.ascii	"\251\303\030\351\346\177=C\344\243\232l\010\216\005"
 1447      E67F3D43 
 1447      E4A39A6C 
 1447      088E05
 1448 0ce9 D171D481 		.ascii	"\321q\324\201\3435\317\205\004\315s6\230\321\0138\300"
 1448      E335CF85 
 1448      04CD7336 
 1448      98D10B38 
 1448      C0
 1449 0cfa FD987D07 		.ascii	"\375\230}\007\246\325\305\255\013Z\251W\303uItM\224"
 1449      A6D5C5AD 
 1449      0B5AA957 
 1449      C3754974 
 1449      4D94
 1450 0d0c F5E035DF 		.ascii	"\365\3405\337\2510\027\251\266\360\263D\333$\3246\211"
 1450      A93017A9 
 1450      B6F0B344 
 1450      DB24D436 
 1450      89
 1451 0d1d 691BF690 		.ascii	"i\033\366\2209\356@\232\321H7!\257\373\010i\307\302"
 1451      39EE409A 
 1451      D1483721 
 1451      AFFB0869 
 1451      C7C2
 1452 0d2f 7CF19B36 		.ascii	"|\361\2336\015Z\214\376\011l\202\"\244\200\302\251h"
 1452      0D5A8CFE 
 1452      096C8222 
 1452      A480C2A9 
 1452      68
 1453 0d40 2B6E9B37 		.ascii	"+n\2337\213A\255N\"\236\247m\274\331\250J\223N\252U"
 1453      8B41AD4E 
 1453      229EA76D 
 1453      BCD9A84A 
 1453      934EAA55 
 1454 0d54 9ACC86E9 		.ascii	"\232\314\206\351L\253\030\242\211o\270-\241\303\012"
 1454      4CAB18A2 
 1454      896FB82D 
 1454      A1C30A
 1455 0d63 46FFCDBA 		.ascii	"F\377\315\272_\214\177\271m2\205\277M1\204d`\233\251"
 1455      5F8C7FB9 
 1455      6D3285BF 
 1455      4D318464 
 1455      609BA9
 1456 0d76 EE793612 		.ascii	"\356y6\022\306L\336\260\031\346\306\214+\251)w&!8\205"
 1456      C64CDEB0 
 1456      19E6C68C 
 1456      2BA92977 
 1456      26213885 
 1457 0d8a 081BF15A 		.ascii	"\010\033\361Z\347\332[\323\012Y\\\230\234\334\347\276"
 1457      E7DA5BD3 
 1457      0A595C98 
 1457      9CDCE7BE 
 1458 0d9a 364D23AD 		.ascii	"6M#\255G\266L\237\034\264n\016\263\256\357\332Y\203"
 1458      47B64C9F 
ARM GAS  /tmp/cc4JZDS4.s 			page 110


 1458      1CB46E0E 
 1458      B3AEEFDA 
 1458      5983
 1459 0dac 39F5F27C 		.ascii	"9\365\362|\254\335i\324;h\015%R\306\271\032i\234\313"
 1459      ACDD69D4 
 1459      3B680D25 
 1459      52C6B91A 
 1459      699CCB
 1460 0dbf E30612EA 		.ascii	"\343\006\022\352V\257\346\005)\036\374\"\301\313G\005"
 1460      56AFE605 
 1460      291EFC22 
 1460      C1CB4705 
 1461 0dcf F2990255 		.ascii	"\362\231\002U\235[Y|n\346L#i\312@\255\355A\243\220G"
 1461      9D5B597C 
 1461      6EE64C23 
 1461      69CA40AD 
 1461      ED41A390 
 1462 0de4 D202D4A7 		.ascii	"\322\002\324\247.\315\273\215Ga\027(\276\014\3348\346"
 1462      2ECDBB8D 
 1462      47611728 
 1462      BE0CDC38 
 1462      E6
 1463 0df5 03EA1BD6 		.ascii	"\003\352\033\326\236\265\027\003\304\332%\213\241:E"
 1463      9EB51703 
 1463      C4DA258B 
 1463      A13A45
 1464 0e04 1ACAAC84 		.ascii	"\032\312\254\204\272d!sI\372\035\010\356+\342s\265R"
 1464      BA642173 
 1464      49FA1D08 
 1464      EE2BE273 
 1464      B552
 1465 0e16 BD6964B6 		.ascii	"\275id\266H/E\275K\231\336\342<\360\273\312y\340wq\340"
 1465      482F45BD 
 1465      4B99DEE2 
 1465      3CF0BBCA 
 1465      79E07771 
 1466 0e2b CDBC3AAC 		.ascii	"\315\274:\254r\"\231\330\212\023\2071>\032\365\331]"
 1466      722299D8 
 1466      8A138731 
 1466      3E1AF5D9 
 1466      5D
 1467 0e3c B98691D0 		.ascii	"\271\206\221\3206|\011\312\225\201r\302+\215\221:\370"
 1467      367C09CA 
 1467      958172C2 
 1467      2B8D913A 
 1467      F8
 1468 0e4d 60EEB749 		.ascii	"`\356\267I\0012\360\213,\376\272:}\205F1;\024*\031}"
 1468      0132F08B 
 1468      2CFEBA3A 
 1468      7D854631 
 1468      3B142A19 
 1469 0e62 D67DC712 		.ascii	"\326}\307\022!\025\310 1p7\336^\235C\225\012\207j\306"
 1469      2115C820 
 1469      317037DE 
 1469      5E9D4395 
 1469      0A876AC6 
 1470 0e76 E165DBC5 		.ascii	"\341e\333\305\254\023iC\016\245q\027\363F-\344D5\032"
ARM GAS  /tmp/cc4JZDS4.s 			page 111


 1470      AC136943 
 1470      0EA57117 
 1470      F3462DE4 
 1470      44351A
 1471 0e89 820D5D5C 		.ascii	"\202\015]\\xSJ\257\330\011?\213\021m\301\243d\327\231"
 1471      78534AAF 
 1471      D8093F8B 
 1471      116DC1A3 
 1471      64D799
 1472 0e9c F422FEEB 		.ascii	"\364\"\376\353\322\2259\206_\017\374\3534Z\241V\243"
 1472      D2953986 
 1472      5F0FFCEB 
 1472      345AA156 
 1472      A3
 1473 0ead A5D713EE 		.ascii	"\245\327\023\356\217\275\0052\212H\321\035w\255\006"
 1473      8FBD0532 
 1473      8A48D11D 
 1473      77AD06
 1474 0ebc 328585CE 		.ascii	"2\205\205\316\233\260k\007u\035\233\224:BW,\214j\205"
 1474      9BB06B07 
 1474      751D9B94 
 1474      3A42572C 
 1474      8C6A85
 1475 0ecf 0CEF29CE 		.ascii	"\014\357)\316\305B\233\335Y:\312i\204\006\020'\264\360"
 1475      C5429BDD 
 1475      593ACA69 
 1475      84061027 
 1475      B4F0
 1476 0ee1 EED1AA91 		.ascii	"\356\321\252\221dl]\257\337\213\253\3362\231:\337\026"
 1476      646C5DAF 
 1476      DF8BABDE 
 1476      32993ADF 
 1476      16
 1477 0ef2 9AC1271A 		.ascii	"\232\301'\032\201w\213z\237\005\245\002\227//\364\304"
 1477      81778B7A 
 1477      9F05A502 
 1477      972F2FF4 
 1477      C4
 1478 0f03 93300DFB 		.ascii	"\2230\015\373\016k<uOm\211\023\3328'\211D \252\274\334"
 1478      0E6B3C75 
 1478      4F6D8913 
 1478      DA382789 
 1478      4420AABC 
 1479 0f18 7397F59B 		.ascii	"s\227\365\233v\231\260\016\364\253\016\346W\026\223"
 1479      7699B00E 
 1479      F4AB0EE6 
 1479      571693
 1480 0f27 FEC049F8 		.ascii	"\376\300I\370!\263\327\241OH\213\023\011A\005\332\303"
 1480      21B3D7A1 
 1480      4F488B13 
 1480      094105DA 
 1480      C3
 1481 0f38 078BEC15 		.ascii	"\007\213\354\025A\257\013\344v\313\202\331E\3772\014"
 1481      41AF0BE4 
 1481      76CB82D9 
 1481      45FF320C 
 1482 0f48 E06948E4 		.ascii	"\340iH\344\325u\3667\012\232\036\005M~zV\247,,\367\312"
ARM GAS  /tmp/cc4JZDS4.s 			page 112


 1482      D575F637 
 1482      0A9A1E05 
 1482      4D7E7A56 
 1482      A72C2CF7 
 1483 0f5d F4EC13FB 		.ascii	"\364\354\023\373\367\360^\326=a:\302%\241\023[\3257"
 1483      F7F05ED6 
 1483      3D613AC2 
 1483      25A1135B 
 1483      D537
 1484 0f6f FAB84667 		.ascii	"\372\270Fg\276\330\217\027\307\012\012\252\005\363\305"
 1484      BED88F17 
 1484      C70A0AAA 
 1484      05F3C5
 1485 0f7e 01BC983E 		.ascii	"\001\274\230>\035{\240\177+\212\331\320\303\364\011"
 1485      1D7BA07F 
 1485      2B8AD9D0 
 1485      C3F409
 1486 0f8d 8DF0A79F 		.ascii	"\215\360\247\237\226\214\024C\232\267 \017\327hQT\370"
 1486      968C1443 
 1486      9AB7200F 
 1486      D7685154 
 1486      F8
 1487 0f9e 79E1     		.ascii	"y\341"
 1488 0fa0 BAA35425 		.ascii	"\272\243T%\370Y\242\3220pe\372\323yEP\361\317\222\012"
 1488      F859A2D2 
 1488      307065FA 
 1488      D3794550 
 1488      F1CF920A 
 1489 0fb4 ACF0F9AE 		.ascii	"\254\360\371\256{\222\336\026\2310\00257S\012\243\314"
 1489      7B92DE16 
 1489      99300235 
 1489      37530AA3 
 1489      CC
 1490 0fc5 EE79996D 		.ascii	"\356y\231m\375\252\201P}\016\272qQs#\213\261c\262P8"
 1490      FDAA8150 
 1490      7D0EBA71 
 1490      5173238B 
 1490      B163B250 
 1491 0fda 8E4D3ACE 		.ascii	"\216M:\316X\247\315/59,\303\034\214.\251\011B\202+8"
 1491      58A7CD2F 
 1491      35392CC3 
 1491      1C8C2EA9 
 1491      0942822B 
 1492 0fef 8D1D5B55 		.ascii	"\215\035[U\343-A?\005\372\235\302\203\370'\320?"
 1492      E32D413F 
 1492      05FA9DC2 
 1492      83F827D0 
 1492      3F
 1493 1000 8E67C717 		.ascii	"\216g\307\027\341\304k\370!\376\207\3274\234\213x\277"
 1493      E1C46BF8 
 1493      21FE87D7 
 1493      349C8B78 
 1493      BF
 1494 1011 5F401AE4 		.ascii	"_@\032\344\316\212\022\326\370\273\300\177\027\231 "
 1494      CE8A12D6 
 1494      F8BBC07F 
 1494      179920
ARM GAS  /tmp/cc4JZDS4.s 			page 113


 1495 1020 016A6521 		.ascii	"\001je!\344\2274\\\234\224BPhlahgf*\376\011\346\205"
 1495      E497345C 
 1495      9C944250 
 1495      686C6168 
 1495      67662AFE 
 1496 1037 AFE4BBA0 		.ascii	"\257\344\273\240\024\227\025a\311\015|`\351\244\341"
 1496      14971561 
 1496      C90D7C60 
 1496      E9A4E1
 1497 1046 1B76C2A7 		.ascii	"\033v\302\247B\337\263\303\030\220\274\364#\262\202"
 1497      42DFB3C3 
 1497      1890BCF4 
 1497      23B282
 1498 1055 CDA8D219 		.ascii	"\315\250\322\031\346\274\312\202\005k_\266\023fd\216"
 1498      E6BCCA82 
 1498      056B5FB6 
 1498      1366648E 
 1499 1065 DCBF77A8 		.ascii	"\334\277w\250W\014\3704\211\222\243UE\034v\310\306\251"
 1499      570CF834 
 1499      8992A355 
 1499      451C76C8 
 1499      C6A9
 1500 1077 5999BFCF 		.ascii	"Y\231\277\317\211\376\236=\031\260\343\314\324\200K"
 1500      89FE9E3D 
 1500      19B0E3CC 
 1500      D4804B
 1501 1086 C2347AF1 		.ascii	"\3024z\361Do\320\274`\323\213\347\251\027\277\026\275"
 1501      446FD0BC 
 1501      60D38BE7 
 1501      A917BF16 
 1501      BD
 1502 1097 782A3EDD 		.ascii	"x*>\335\335\370~\252\251y\311\324\374\360\360\345\373"
 1502      DDF87EAA 
 1502      A979C9D4 
 1502      FCF0F0E5 
 1502      FB
 1503 10a8 5A883D46 		.ascii	"Z\210=F-E\022\246@+\256\021\375n'LjV\004aBC\2676\010"
 1503      2D4512A6 
 1503      402BAE11 
 1503      FD6E274C 
 1503      6A560461 
 1504 10c1 0B9AF769 		.ascii	"\013\232\367iw;\250\013t$~Zf\222\250\364\366q\007\233"
 1504      773BA80B 
 1504      74247E5A 
 1504      6692A8F4 
 1504      F671079B 
 1505 10d5 6297A8D8 		.ascii	"b\227\250\330\037r\251\013\276A\276Z.\365\320\237\014"
 1505      1F72A90B 
 1505      BE41BE5A 
 1505      2EF5D09F 
 1505      0C
 1506 10e6 04050499 		.ascii	"\004\005\004\231R\205oQ$aQ\"v\321Z\3542\023\273\024"
 1506      52856F51 
 1506      24615122 
 1506      76D15AEC 
 1506      3213BB14 
 1507 10fa 5F7FE442 		.ascii	"_\177\344BZP\354\334i\256\237\201\231\000\206m\336\024"
ARM GAS  /tmp/cc4JZDS4.s 			page 114


 1507      5A50ECDC 
 1507      69AE9F81 
 1507      9900866D 
 1507      DE14
 1508 110c D1F78DD3 		.ascii	"\321\367\215\323\330\343\277g\024V5\2175\317\272\314"
 1508      D8E3BF67 
 1508      1456358F 
 1508      35CFBACC 
 1509 111c EEDB9345 		.ascii	"\356\333\223E3ZE<\242\311\214\034\2573'\342+\322\346"
 1509      335A453C 
 1509      A2C98C1C 
 1509      AF3327E2 
 1509      2BD2E6
 1510 112f D99035CF 		.ascii	"\331\2205\317\246\330<\027\365~\277\311\324\200+\302"
 1510      A6D83C17 
 1510      F57EBFC9 
 1510      D4802BC2 
 1511 113f 1AEA5131 		.ascii	"\032\352Q1\220\361Tj\245\357I\223\321mj\245-\261q\374"
 1511      90F1546A 
 1511      A5EF4993 
 1511      D16D6AA5 
 1511      2DB171FC 
 1512 1153 52A3661C 		.ascii	"R\243f\034\314\215\363^\237\207\0175\323oP,aEb\246\025"
 1512      CC8DF35E 
 1512      9F870F35 
 1512      D36F502C 
 1512      614562A6 
 1513 1168 6B33ED30 		.ascii	"k3\35503\315\027\345\215\353\311,\232\311=\374U\265"
 1513      33CD17E5 
 1513      8DEBC92C 
 1513      9AC93DFC 
 1513      55B5
 1514 117a 0B39D7DA 		.ascii	"\0139\327\332\362\3362\237\252K{v\011Fxa\037u\315\335"
 1514      F2DE329F 
 1514      AA4B7B76 
 1514      09467861 
 1514      1F75CDDD 
 1515 118e 3B887561 		.ascii	";\210ua\027!\265\020\016\360\342v\363\304\256\301\340"
 1515      1721B510 
 1515      0EF0E276 
 1515      F3C4AEC1 
 1515      E0
 1516 119f CDE2519B 		.ascii	"\315\342Q\233$!\267\023\336h\014L'i8:\211\352H\023H"
 1516      2421B713 
 1516      DE680C4C 
 1516      2769383A 
 1516      89EA4813 
 1517 11b4 800E6712 		.ascii	"\200\016g\022=\333]\216*\244\302\021\324F\215\372l\273"
 1517      3DDB5D8E 
 1517      2AA4C211 
 1517      D4468DFA 
 1517      6CBB
 1518 11c6 AED1556A 		.ascii	"\256\321Uj\255c@\262\230\353\204\232\353P4WIrl\007\365"
 1518      AD6340B2 
 1518      98EB849A 
 1518      EB503457 
 1518      49726C07 
ARM GAS  /tmp/cc4JZDS4.s 			page 115


 1519 11db AA2530D7 		.ascii	"\252%0\327B0)ze2y\201(-E\023\366$\366\332\263\262\327"
 1519      4230297A 
 1519      65327981 
 1519      282D4513 
 1519      F624F6DA 
 1520 11f2 4F629133 		.ascii	"Ob\22135\213\234\343\305\017\321\362\222jy!j\231S\035"
 1520      358B9CE3 
 1520      C50FD1F2 
 1520      926A7921 
 1520      6A99531D 
 1521 1206 9A2AF6B8 		.ascii	"\232*\366\270a7M.\020}@Q\204]\263\206\302\251\346}Z"
 1521      61374D2E 
 1521      107D4051 
 1521      845DB386 
 1521      C2A9E67D 
 1522 121b 9437EA15 		.ascii	"\2247\352\025k\324\316\216\315\003\003IA{\346otm\332"
 1522      6BD4CE8E 
 1522      CD030349 
 1522      417BE66F 
 1522      746DDA
 1523 122e F31A4FBE 		.ascii	"\363\032O\276v\202\271\035\030\326\244a\375\350ZR\341"
 1523      7682B91D 
 1523      18D6A461 
 1523      FDE85A52 
 1523      E1
 1524 123f 6B6B5E37 		.ascii	"kk^7\214\327\353\271\274$\027\362\012y\215\345{\334"
 1524      8CD7EBB9 
 1524      BC2417F2 
 1524      0A798DE5 
 1524      7BDC
 1525 1251 1B38AFE3 		.ascii	"\0338\257\343?\225\261\272\225\260\272\265fu\307XE%"
 1525      3F95B1BA 
 1525      95B0BAB5 
 1525      6675C758 
 1525      4525
 1526 1263 074C3B92 		.ascii	"\007L;\222Qd\265\26326l\344\254Z\377B\306\352^\302\352"
 1526      5164B5B3 
 1526      32366CE4 
 1526      AC5AFF42 
 1526      C6EA5EC2 
 1527 1278 DE9AD503 		.ascii	"\336\232\325\003jU\274\034\342BV\220\325\374e~\252\330"
 1527      6A55BC1C 
 1527      E2425690 
 1527      D5FC657E 
 1527      AAD8
 1528 128a A6BD7F2D 		.ascii	"\246\275\177-ce\"\026V\360]\316\312\215PV!\227\276%"
 1528      63652216 
 1528      56F05DCE 
 1528      CA8D5056 
 1528      2197BE25 
 1529 129e 9020E96D 		.ascii	"\220 \351m9\375h[w\221\253\315\220\345I\240\335<\010"
 1529      39FD685B 
 1529      7791ABCD 
 1529      90E549A0 
 1529      DD3C08
 1530 12b1 6FB716BF 		.ascii	"o\267\026\277\261\037pEF\177lV\004p\004w\211\"\356\326"
 1530      B11F7045 
ARM GAS  /tmp/cc4JZDS4.s 			page 116


 1530      467F6C56 
 1530      04700477 
 1530      8922EED6 
 1531 12c5 8A783145 		.ascii	"\212x1E\226\242\232\323\014$\006\025\271)\011\335r\342"
 1531      96A29AD3 
 1531      0C240615 
 1531      B92909DD 
 1531      72E2
 1532 12d7 AC76FC89 		.ascii	"\254v\374\211\214\227\267\204\227\2675/\037\306\353"
 1532      8C97B784 
 1532      97B7352F 
 1532      1FC6EB
 1533 12e6 22B067C9 		.ascii	"\"\260g\311\205\024\332\254\224\334o\375\010\273\030"
 1533      8514DAAC 
 1533      94DC6FFD 
 1533      08BB18
 1534 12f5 76BF6FC2 		.ascii	"v\277o\302\2130\362\013\376x1\260\371a\370\021\277\015"
 1534      8B30F20B 
 1534      FE7831B0 
 1534      F961F811 
 1534      BF0D
 1535 1307 A4F50F10 		.ascii	"\244\365\017\020\353\237{\032U\347\314\265>\017\020"
 1535      EB9F7B1A 
 1535      55E7CCB5 
 1535      3E0F10
 1536 1316 7B97494B 		.ascii	"{\227IK\321\004_\211\332\276\326j\0071\265\233\337d"
 1536      D1045F89 
 1536      DABED66A 
 1536      0731B59B 
 1536      DF64
 1537 1328 C612D28A 		.ascii	"\306\022\322\212j\367VF\324\343\270\225g\016\332\235"
 1537      6AF75646 
 1537      D4E3B895 
 1537      670EDA9D 
 1538 1338 E5A5D9B6 		.ascii	"\345\245\331\266\207\255P\252L\210\250L\336\360\360"
 1538      87AD50AA 
 1538      4C88A84C 
 1538      DEF0F0
 1539 1347 888E2A63 		.ascii	"\210\216*c\202i\356\014\251\361\361\0162\245\011\014"
 1539      8269EE0C 
 1539      A9F1F10E 
 1539      32A5090C 
 1540 1357 0BE63916 		.ascii	"\013\3469\026]\202\011\336\323\022\302\230\016W3)\327"
 1540      5D8209DE 
 1540      D312C298 
 1540      0E573329 
 1540      D7
 1541 1368 CEE41A75 		.ascii	"\316\344\032u(r\277\3510\220\000{V8^x\235\353Dg\004"
 1541      2872BFE9 
 1541      3090007B 
 1541      56385E78 
 1541      9DEB4467 
 1542 137d 1184CF20 		.ascii	"\021\204\317 \006J\266\003\364$\014\177~\265\033\221"
 1542      064AB603 
 1542      F4240C7F 
 1542      7EB51B91 
 1543 138d 40071421 		.ascii	"@\007\024!\212V.\022\315W\352\326\234\343L\242\021\243"
ARM GAS  /tmp/cc4JZDS4.s 			page 117


 1543      8A562E12 
 1543      CD57EAD6 
 1543      9CE34CA2 
 1543      11A3
 1544 139f 756E7D93 		.ascii	"un}\223\032X\210\241\030\321\210ai\035\275\221\327r"
 1544      1A5888A1 
 1544      18D18861 
 1544      691DBD91 
 1544      D772
 1545 13b1 3967FD87 		.ascii	"9g\375\207\342\2258\304\212\036j\335#\322\212\353\245"
 1545      E29538C4 
 1545      8A1E6ADD 
 1545      23D28AEB 
 1545      A5
 1546 13c2 434202AD 		.ascii	"CB\002\255x\274XqSc\252;\365\2357\251\246\324x\323?"
 1546      78BC5871 
 1546      5363AA3B 
 1546      F59D37A9 
 1546      A6D478D3 
 1547 13d7 7637059A 		.ascii	"v7\005\232\232\3135\024I\010\027\353-\304\0026-b\325"
 1547      9ACB3514 
 1547      490817EB 
 1547      2DC40236 
 1547      2D62D5
 1548 13ea 1359D567 		.ascii	"\023Y\325g\372vS\035H2*\273:=\273\343\310\315\327w@"
 1548      FA76531D 
 1548      48322ABB 
 1548      3A3DBBE3 
 1548      C8CDD777 
 1549 13ff A63BBC9B 		.ascii	"\246;\274\233\377\025\033\242\205$\211\361\222D\016"
 1549      FF151BA2 
 1549      852489F1 
 1549      92440E
 1550 140e C98C4371 		.ascii	"\311\214Cq\274g<!\213\3666\0330(\334?\313\221\\!B\354"
 1550      BC673C21 
 1550      8BF6361B 
 1550      3028DC3F 
 1550      CB915C21 
 1551 1424 DAC80A51 		.ascii	"\332\310\012Q\214\244i\300>\235HG\322W\035'\215\216"
 1551      8CA469C0 
 1551      3E9D4847 
 1551      D2571D27 
 1551      8D8E
 1552 1436 C4D7803D 		.ascii	"\304\327\200=\243\2735\315A\221\036e(\210\032n\3566"
 1552      A3BB35CD 
 1552      41911E65 
 1552      28881A6E 
 1552      EE36
 1553 1448 5DA5E36F 		.ascii	"]\245\343o&\221\216\277Y\204\217\277\333or\271\226p"
 1553      26918EBF 
 1553      59848FBF 
 1553      DB6F72B9 
 1553      9670
 1554 145a 49484573 		.ascii	"IHEsG\354\336\346\031\315\243r6^lJ+M3\332t\276\\\332"
 1554      47ECDEE6 
 1554      19CDA372 
 1554      365E6C4A 
ARM GAS  /tmp/cc4JZDS4.s 			page 118


 1554      2B4D33DA 
 1555 1472 0639621B 		.ascii	"\0069b\033lm\325\236iD\353\005\350\346\320z\200#\244"
 1555      6C6DD59E 
 1555      6944EB05 
 1555      E8E6D07A 
 1555      8023A4
 1556 1485 48AC9722 		.ascii	"H\254\227\"Z/\217Y/m?i\330\231\2742(\255\307x\206\271"
 1556      5A2F8F59 
 1556      2F6D3F69 
 1556      D899BC32 
 1556      28ADC778 
 1557 149b 9D64DB9B 		.ascii	"\235d\333\233\225*@\245\356_\316v\0126s\205\"\252T\241"
 1557      952A40A5 
 1557      EE5FCE76 
 1557      0A367385 
 1557      22AA54A1 
 1558 14af A8D47E7F 		.ascii	"\250\324~\177\337\234\250\324a\210nk\220)\0058B\276"
 1558      DF9CA8D4 
 1558      61886E6B 
 1558      90290538 
 1558      42BE
 1559 14c1 44A97C51 		.ascii	"D\251|Q\251b\246TB~]\271\236\034\241R\245\011\033\275"
 1559      A962A654 
 1559      427E5DB9 
 1559      9E1CA152 
 1559      A5091BBD 
 1560 14d5 F6A28F33 		.ascii	"\366\242\2173\236\351Y\311\243\016f\237.E\245j\212\243"
 1560      9EE959C9 
 1560      A30E669F 
 1560      2E45A56A 
 1560      8AA3
 1561 14e7 268939BC 		.ascii	"&\2119\274`\313\217\344\204gh\330\265\377\344$\274D"
 1561      60CB8FE4 
 1561      846768D8 
 1561      B5FFE424 
 1561      BC44
 1562 14f9 BCF083FA 		.ascii	"\274\360\203\372\036sd*\307k\223\036\201\347.\237\277"
 1562      1E73642A 
 1562      C76B931E 
 1562      81E72E9F 
 1562      BF
 1563 150a 34A4980C 		.ascii	"4\244\230\014\330\216q\333\345Z\206SA>\317\256\234\257"
 1563      D88E71DB 
 1563      E55A8653 
 1563      413ECFAE 
 1563      9CAF
 1564 151c 0445D893 		.ascii	"\004E\330\223k\324\350(\345$[O\345WA\025*iM\341\342"
 1564      6BD4E828 
 1564      E5245B4F 
 1564      E5574115 
 1564      2A694DE1 
 1565 1531 E9EBB87A 		.ascii	"\351\353\270z\035qw`\030\0051\231\303L\347\032\252a"
 1565      1D717760 
 1565      18053199 
 1565      C34CE71A 
 1565      AA61
 1566 1543 354A595C 		.ascii	"5JY\\\361\037\267\227\232\015\024\340f\023ji\327\250"
ARM GAS  /tmp/cc4JZDS4.s 			page 119


 1566      F11FB797 
 1566      9A0D14E0 
 1566      66136A69 
 1566      D7A8
 1567 1555 A3967B25 		.ascii	"\243\226{%Z\2565\365\341\202\0056\030\223\247\362\276"
 1567      5AAE35F5 
 1567      E1820536 
 1567      1893A7F2 
 1567      BE
 1568 1566 D0F472CB 		.ascii	"\320\364r\313\344\353o\372\3004I(\242Pb\356Ve\224\266"
 1568      E4EB6FFA 
 1568      C0344928 
 1568      A25062EE 
 1568      566594B6 
 1569 157a 44B4603D 		.ascii	"D\264`=\263\340\346qu\200\013\331Bm\356+\2572\260\021"
 1569      B3E0E671 
 1569      75800BD9 
 1569      426DEE2B 
 1569      AF32B011 
 1570 158e ABCDA659 		.ascii	"\253\315\246Y\\\351NE\323T\322\371<y,\027m\2269\371"
 1570      5CE94E45 
 1570      D354D2F9 
 1570      3C792C17 
 1570      6D9639F9 
 1571 15a2 EAC56695 		.ascii	"\352\305f\225+1\341\222Mri\373\225\243\242;\265\200"
 1571      2B31E192 
 1571      4D7269FB 
 1571      95A3A23B 
 1571      B580
 1572 15b4 6E72A2CC 		.ascii	"nr\242\314\363\2428\331\354\257U\3263\332\304\236Q\345"
 1572      F3A238D9 
 1572      ECAF55D6 
 1572      33DAC49E 
 1572      51E5
 1573 15c6 17BBE94C 		.ascii	"\027\273\351L\202\220y\311\350\315k\233DB;\0101\323"
 1573      829079C9 
 1573      E8CD6B9B 
 1573      44423B08 
 1573      31D3
 1574 15d8 ADF41E9F 		.ascii	"\255\364\036\237`f\335\001=\252\011\253S?U\271b{\332"
 1574      6066DD01 
 1574      3DAA09AB 
 1574      533F55B9 
 1574      627BDA
 1575 15eb DC45ADDD 		.ascii	"\334E\255\335i\356<\246M\223\003\367\323\256>\335}\020"
 1575      69EE3CA6 
 1575      4D9303F7 
 1575      D3AE3EDD 
 1575      7D10
 1576 15fd 8FDC8025 		.ascii	"\217\334\200%4H<\265A\264s7\263s\314`\356\214\206\314"
 1576      34483CB5 
 1576      41B47337 
 1576      B373CC60 
 1576      EE8C86CC 
 1577 1611 A2BE91E1 		.ascii	"\242\276\221\341C\365\316\226\3605d\011_=\022\016=\""
 1577      43F5CE96 
 1577      F0356409 
ARM GAS  /tmp/cc4JZDS4.s 			page 120


 1577      5F3D120E 
 1577      3D22
 1578 1623 875EC6C1 		.ascii	"\207^\306\301\177\317TnOv\215\266\206\315\326\361\342"
 1578      7FCF546E 
 1578      4F768DB6 
 1578      86CDD6F1 
 1578      E2
 1579 1634 73D97C9E 		.ascii	"s\331|\236\016\307\026\313\015\020\313|\276,!)\327\231"
 1579      0EC716CB 
 1579      0D10CB7C 
 1579      BE2C2129 
 1579      D799
 1580 1646 3C20AB99 		.ascii	"< \253\231\227E\376\256\266\350\204APHJ\232\2621\275"
 1580      9745FEAE 
 1580      B6E88441 
 1580      50484A9A 
 1580      B231BD
 1581 1659 802E3204 		.ascii	"\200.2\004W\373\321~C\223q\275\216\354\"]\363\031\306"
 1581      57FBD17E 
 1581      439371BD 
 1581      8EEC225D 
 1581      F319C6
 1582 166c 8B6FDC4B 		.ascii	"\213o\334K\256l\347&\243\324\250#\242Qs\336T\034\210"
 1582      AE6CE726 
 1582      A3D4A823 
 1582      A25173DE 
 1582      541C88
 1583 167f C3E1EEB6 		.ascii	"\303\341\356\266\356\240\011\\\330\310\220\204>\211"
 1583      EEA0095C 
 1583      D8C89084 
 1583      3E89
 1584 168d 45FA448B 		.ascii	"E\372D\213\2141\213,_U\236\013\244\336\221U#g\252,X"
 1584      8C318B2C 
 1584      5F559E0B 
 1584      A4DE9155 
 1584      2367AA2C 
 1585 16a2 271547F5 		.ascii	"'\025G\365\263\310\233 \222\351\333\214\327\340\236"
 1585      B3C89B20 
 1585      92E9DB8C 
 1585      D7E09E
 1586 16b1 20C69A6B 		.ascii	" \306\232k]p\236?\266! \011\343\022y\343\242\274I&o"
 1586      5D709E3F 
 1586      B6212009 
 1586      E31279E3 
 1586      A2BC4926 
 1587 16c6 22F4A6D4 		.ascii	"\"\364\246\324\201\034\243<\033]`Z\346\315k\367\013"
 1587      811CA33C 
 1587      1B5D605A 
 1587      E6CD6BF7 
 1587      0B
 1588 16d7 8DAEE40E 		.ascii	"\215\256\344\016)2s\216\222\004\305\3400\003\362\344"
 1588      2932738E 
 1588      9204C5E0 
 1588      3003F2E4 
 1589 16e7 446E47B9 		.ascii	"DnG\271wF\331\334Y\326\005\346DW~\263\325\206\231<\\"
 1589      7746D9DC 
 1589      59D605E6 
ARM GAS  /tmp/cc4JZDS4.s 			page 121


 1589      44577EB3 
 1589      D586993C 
 1590 16fc 117DE0A6 		.ascii	"\021}\340\2463\337\236\00491y\265-\307[\016\212.7\017"
 1590      33DF9E04 
 1590      393179B5 
 1590      2DC75B0E 
 1590      8A2E370F 
 1591 1710 F21664F2 		.ascii	"\362\026d\362\334\347\003\243d\216\263 \223\267(\312"
 1591      DCE703A3 
 1591      648EB320 
 1591      93B728CA 
 1592 1720 9BB9EE6A 		.ascii	"\233\271\356j\3223\201pIx\215\255<\270\335\221n;\351"
 1592      D2338170 
 1592      49788DAD 
 1592      3CB8DD91 
 1592      6E3BE9
 1593 1733 59A6565F 		.ascii	"Y\246V_2\007\252\343f?s\210\017\260\257\023\273\016"
 1593      3207AAE3 
 1593      663F7388 
 1593      0FB0AF13 
 1593      BB0E
 1594 1745 60095312 		.ascii	"`\011S\022\263O\211f_afOJ;Zq 5X\251\226\272\204x\203"
 1594      B34F8966 
 1594      5F61664F 
 1594      4A3B5A71 
 1594      203558A9 
 1595 175e 5909ACF5 		.ascii	"Y\011\254\365D\336y\012\261\251\303:\325aM\324!\314"
 1595      44DE790A 
 1595      B1A9C33A 
 1595      D5614DD4 
 1595      21CC
 1596 1770 EDF252CC 		.ascii	"\355\362R\314\034F\377<\336\324\252\241\010\302\252"
 1596      1C46FF3C 
 1596      DED4AAA1 
 1596      08C2AA
 1597 177f 44FCAA28 		.ascii	"D\374\252(~\203\211o\277\215\312u =(\376U\244\177\270"
 1597      7E83896F 
 1597      BF8DCA75 
 1597      203D28FE 
 1597      55A47FB8 
 1598 1793 918C62C1 		.ascii	"\221\214b\301s&6^9\331\336\002V\333D\276\030r~e \313"
 1598      7326365E 
 1598      39D9DE02 
 1598      56DB44BE 
 1598      18727E65 
 1599 17a9 48D43E77 		.ascii	"H\324>w\362\257\025N\260\243\240I\361I?\223\365\312"
 1599      F2AF154E 
 1599      B0A3A049 
 1599      F1493F93 
 1599      F5CA
 1600 17bb 5D59A3EC 		.ascii	"]Y\243\354\211\215\022\321\346\335\212\366\3303\333"
 1600      898D12D1 
 1600      E6DD8AF6 
 1600      D833DB
 1601 17ca 633279A9 		.ascii	"c2y\251\301\221"
 1601      C191
 1602 17d0 ECA2BCEC 		.ascii	"\354\242\274\354\271\310*W\205\222\007 \360P&p#\242"
ARM GAS  /tmp/cc4JZDS4.s 			page 122


 1602      B9C82A57 
 1602      85920720 
 1602      F0502670 
 1602      23A2
 1603 17e2 3D87906B 		.ascii	"=\207\220k$r\257\036]3(\210\336(\210\226\302;}d\201"
 1603      2472AF1E 
 1603      5D332888 
 1603      DE288896 
 1603      C23B7D64 
 1604 17f7 F748A6E5 		.ascii	"\367H\246\345\261\250\345\253\350\2701\034D\340\222"
 1604      B1A8E5AB 
 1604      E8B8311C 
 1604      44E092
 1605 1806 B08FAE73 		.ascii	"\260\217\256s\326\2228L\267\203\351q\235\237\336\355"
 1605      D692384C 
 1605      B783E971 
 1605      9D9FDEED 
 1606 1816 9D8CE9FA 		.ascii	"\235\214\351\372%\274B\305\376\025\\\231\012\034\233"
 1606      25BC42C5 
 1606      FE155C99 
 1606      0A1C9B
 1607 1825 83199033 		.ascii	"\203\031\2203S\353:\356\266\314Qr\013C\262\210}N\030"
 1607      53EB3AEE 
 1607      B6CC5172 
 1607      0B43B288 
 1607      7D4E18
 1608 1838 195D4B3C 		.ascii	"\031]K<#\317\205S\302\246\337\213)q\263\262\300~A\244"
 1608      23CF8553 
 1608      C2A6DF8B 
 1608      2971B3B2 
 1608      C07E41A4 
 1609 184c 19C82575 		.ascii	"\031\310%u\215\023\3215:\307\353\375\304\310>\225g\337"
 1609      8D13D135 
 1609      3AC7EBFD 
 1609      C4C83E95 
 1609      67DF
 1610 185e 97C3DD13 		.ascii	"\227\303\335\023\260\204M\211\177l\212\376q\305\374"
 1610      B0844D89 
 1610      7F6C8AFE 
 1610      71C5FC
 1611 186d 23C3EBBE 		.ascii	"#\303\353\276IGj\234m\305\345[\367\232E\354\247\243"
 1611      49476A9C 
 1611      6DC5E55B 
 1611      F79A45EC 
 1611      A7A3
 1612 187f 9019DD3C 		.ascii	"\220\031\335<:\200\336\311\254{\271\323Yn$\235\310\371"
 1612      3A80DEC9 
 1612      AC7BB9D3 
 1612      596E249D 
 1612      C8F9
 1613 1891 FE75FEAC 		.ascii	"\376u\376\254\322\331\356A/9Q\340^\346\267\245-\362"
 1613      D2D9EE41 
 1613      2F3951E0 
 1613      5EE6B7A5 
 1613      2DF2
 1614 18a3 206B1193 		.ascii	" k\021\223\226\267\310\326\325\304%fApI\270E\255\256"
 1614      96B7C8D6 
ARM GAS  /tmp/cc4JZDS4.s 			page 123


 1614      D5C42566 
 1614      417049B8 
 1614      45ADAE
 1615 18b6 DDC28A74 		.ascii	"\335\302\212t6;\222\273\026\254\345\246\345\326\352"
 1615      363B92BB 
 1615      16ACE5A6 
 1615      E5D6EA
 1616 18c5 BF381A24 		.ascii	"\2778\032$\226\316\234,vf\300\022\256%\326\272\026\255"
 1616      96CE9C2C 
 1616      7666C012 
 1616      AE25D6BA 
 1616      16AD
 1617 18d7 E5A1A5D6 		.ascii	"\345\241\245\326:9\330>r$\023X\247\264\362\371}\310"
 1617      3A39D83E 
 1617      72241358 
 1617      A7B4F2F9 
 1617      7DC8
 1618 18e9 C8B1D0BE 		.ascii	"\310\261\320\276}\327\245\3649/-\021\274\265\322\012"
 1618      7DD7A5F4 
 1618      392F2D11 
 1618      BCB5D20A 
 1619 18f9 4E8F341A 		.ascii	"N\2174\032\244\025\244\277Z*\350#Vp\312/$\014\007*\270"
 1619      A415A4BF 
 1619      5A2AE823 
 1619      5670CA2F 
 1619      240C072A 
 1620 190e C49B226F 		.ascii	"\304\233\"o\366\315\276\355@\341G\353\347+\326/<)=\320"
 1620      F6CDBEED 
 1620      40E147EB 
 1620      E72BD62F 
 1620      3C293DD0 
 1621 1922 551CA31B 		.ascii	"U\034\243\033\354\363p\214\006\034\301Sk\251\035|\307"
 1621      ECF3708C 
 1621      061CC153 
 1621      6BA91D7C 
 1621      C7
 1622 1933 DAF9B3DA 		.ascii	"\332\371\263\332U\275\274\316\321\220X\227\307F\210"
 1622      55BDBCCE 
 1622      D1905897 
 1622      C74688
 1623 1942 40596D2A 		.ascii	"@Ym*/\033\026\035H\032Rx\204\324zi\024\301!\010\344"
 1623      2F1B161D 
 1623      481A5278 
 1623      84D47A69 
 1623      14C12108 
 1624 1957 C9890227 		.ascii	"\311\211\002'\032\"d\267\244\203e6\0101\333 t\3675\336"
 1624      1A2264B7 
 1624      A4836536 
 1624      0831DB20 
 1624      74F735DE 
 1625 196b 230831DB 		.ascii	"#\0101\333`e\241\353Bk\266K\250\026\3570\370\215':\332"
 1625      6065A1EB 
 1625      426BB64B 
 1625      A816EF30 
 1625      F88D273A 
 1626 1980 344C3835 		.ascii	"4L85L\230h\230\266\205\335\006'n\230\353\277\317\"("
 1626      4C986898 
ARM GAS  /tmp/cc4JZDS4.s 			page 124


 1626      B685DD06 
 1626      276E98EB 
 1626      BFCF2228 
 1627 1994 20080112 		.ascii	" \010\001\022\253\004\210V\211`VY\014+\362\323\223\202"
 1627      AB048856 
 1627      89605659 
 1627      0C2BF2D3 
 1627      9382
 1628 19a6 47AD1225 		.ascii	"G\255\022%\253\240W\320>\344\251\257\220\242\251\256"
 1628      ABA057D0 
 1628      3EE4A9AF 
 1628      90A2A9AE 
 1629 19b6 6D45ABB0 		.ascii	"mE\253\260J4\310\223\023\205\235\232\016dk\31612\253"
 1629      4A34C893 
 1629      13859D9A 
 1629      0E646BCE 
 1629      3132AB
 1630 19c9 C48A56B9 		.ascii	"\304\212V\271\352^\273v`\026\2105[ef:\256JC\032Q`\326"
 1630      EA5EBB76 
 1630      60168835 
 1630      5B65663A 
 1630      AE4A431A 
 1631 19e0 ECA0AF5E 		.ascii	"\354\240\257^\341\211\361 0A&\260\240{p\\v+$A&0Q\024"
 1631      E189F120 
 1631      304126B0 
 1631      A07B705C 
 1631      762B2441 
 1632 19f8 18531318 		.ascii	"\030S\023\030\201\315\000\227\20484\371]\363J\263\213"
 1632      81CD0097 
 1632      843834F9 
 1632      5DF34AB3 
 1632      8B
 1633 1a09 EDD0944C 		.ascii	"\355\320\224Lm\236$\332\274\267h\377\207b\3169c\337"
 1633      6D9E24DA 
 1633      BCB768FF 
 1633      8762CE39 
 1633      63DF
 1634 1a1b 93C7FB1A 		.ascii	"\223\307\373\032 \011\221\022\273G\212vOav?\337<\374"
 1634      20099112 
 1634      BB478A76 
 1634      4F61763F 
 1634      DF3CFC
 1635 1a2e 2EB9C03A 		.ascii	".\271\300:M\236u\303\270fr\305e\314\203\361d\027\345"
 1635      4D9E75C3 
 1635      B86672C5 
 1635      65CC83F1 
 1635      6417E5
 1636 1a41 DC1638A5 		.ascii	"\334\0268\245\313*\330\2664\271AH\010\022\205\037\307"
 1636      CB2AD8B6 
 1636      34B94148 
 1636      0812851F 
 1636      C7
 1637 1a52 0DDB2BE7 		.ascii	"\015\333+\347\266\012\"\377\360\340\010Y:\221)\263J"
 1637      B60A22FF 
 1637      F0E00859 
 1637      3A9129B3 
 1637      4A
ARM GAS  /tmp/cc4JZDS4.s 			page 125


 1638 1a63 9639024D 		.ascii	"\2269\002M\371\370c&\236en\206{7\337V'\022\207\002#"
 1638      F9F86326 
 1638      9E656E86 
 1638      7B37DF56 
 1638      27128702 
 1639 1a78 0E235294 		.ascii	"\016#R\224\367\343r@`\256L\340^\365\304?!\271HS\263"
 1639      F7E37240 
 1639      60AE4CE0 
 1639      5EF5C43F 
 1639      21B94853 
 1640 1a8d D0E2A653 		.ascii	"\320\342\246S\320\344)hvf+6d\033\022\362eJ\026\210J"
 1640      D0E42968 
 1640      76662B36 
 1640      641B12F2 
 1640      654A1688 
 1641 1aa2 065E9FDD 		.ascii	"\006^\237\335\341\300\005\227\204ll\272\274\365\346"
 1641      E1C00597 
 1641      846C6CBA 
 1641      BCF5E6
 1642 1ab1 7967DB4D 		.ascii	"yg\333MWD\233\256Pl\272\260\250\326}\003o\273\261\003"
 1642      57449BAE 
 1642      506CBAB0 
 1642      A8D67D03 
 1642      6FBBB103 
 1643 1ac5 FB248C23 		.ascii	"\373$\214#\200#\244JZ.Ul\271b\326r\367\013\341\321\216"
 1643      8023A44A 
 1643      5A2E556C 
 1643      B962D672 
 1643      F70BE1D1 
 1644 1ada 6419EB94 		.ascii	"d\031\353\224q}\260\246%\333\334(\375WWJ\337,\005Ve"
 1644      717DB0A6 
 1644      25DBDC28 
 1644      FD57574A 
 1644      DF2C0556 
 1645 1aef B20AF66F 		.ascii	"\262\012\366oW\035:\223\033$\032\233s\313wU4\335K\005"
 1645      571D3A93 
 1645      1B241A9B 
 1645      73CB7755 
 1645      34DD4B05 
 1646 1b03 51D8C268 		.ascii	"Q\330\302h\235\354.e\271\314*\257\314\016\355\273\231"
 1646      9DEC2E65 
 1646      B9CC2AAF 
 1646      CC0EEDBB 
 1646      99
 1647 1b14 8449C72B 		.ascii	"\204I\307+s\323\275z\335\026\252#\276\237`\002\327\226"
 1647      73D3BD7A 
 1647      DD16AA23 
 1647      BE9F6002 
 1647      D796
 1648 1b26 730E94CD 		.ascii	"s\016\224\315P\011\002\253d\002\373\022w!3\212G\242"
 1648      500902AB 
 1648      6402FB12 
 1648      7721338A 
 1648      47A2
 1649 1b38 E5A1D5D7 		.ascii	"\345\241\325\327J\242j\005\221\327jZ\237l\004\250\221"
 1649      4AA26A05 
 1649      91D76A5A 
ARM GAS  /tmp/cc4JZDS4.s 			page 126


 1649      9F6C04A8 
 1649      91
 1650 1b49 69592B6A 		.ascii	"iY+jyx\264\035\346\304\264\204KB\005\266]\353\334\313"
 1650      7978B41D 
 1650      E6C4B484 
 1650      4B4205B6 
 1650      5DEBDCCB 
 1651 1b5d 1D62BBED 		.ascii	"\035b\273\355\352i\333\325\211m7\026x\320\350\302\333"
 1651      EA69DBD5 
 1651      896D3716 
 1651      78D0E8C2 
 1651      DB
 1652 1b6e EE26D061 		.ascii	"\356&\320a\246\207\265\035\340\010%\222\266+\021\333"
 1652      A687B51D 
 1652      E0082592 
 1652      B62B11DB 
 1653 1b7e AE81B5DD 		.ascii	"\256\201\265\335\221\357\362\212+\231\301:\365W\367"
 1653      91EFF28A 
 1653      2B99C13A 
 1653      F557F7
 1654 1b8d AF3A903D 		.ascii	"\257:\220=,\254\344xo*\207\360&`\325,\253`Lex\245\221"
 1654      2CACE478 
 1654      6F2A87F0 
 1654      2660D52C 
 1654      AB604C65 
 1655 1ba4 DC219157 		.ascii	"\334!\221WgI\221\"^\012-\012\"\323\300R\270l\326\320"
 1655      67499122 
 1655      5E0A2D0A 
 1655      22D3C052 
 1655      B86CD6D0 
 1656 1bb8 2AB34A9B 		.ascii	"*\263J\233h\225\345!\177L\342\333\314M\027W>\363\267"
 1656      6895E521 
 1656      7F4CE2DB 
 1656      CC4D1757 
 1656      3EF3B7
 1657 1bcb 24F49338 		.ascii	"$\364\2238$\2377\376\242\332~\341\016\255\332\275\332"
 1657      249F37FE 
 1657      A2DA7EE1 
 1657      0EADDABD 
 1657      DA
 1658 1bdc EAE0F218 		.ascii	"\352\340\362\030YO\350\324J\255\331E\255\331.Z3;\264"
 1658      594FE8D4 
 1658      4AADD945 
 1658      ADD92E5A 
 1658      333BB4
 1659 1bef B85A2B66 		.ascii	"\270Z+f\014\005\016uu\251#n\241\317\030\226\320(\261"
 1659      0C050E75 
 1659      75A9236E 
 1659      A1CF1896 
 1659      D028B1
 1660 1c02 67A368CF 		.ascii	"g\243h\317nf\317\273\374\235K'R\203\352\3557\327\364"
 1660      6E66CFBB 
 1660      FC9D4B27 
 1660      5283EAED 
 1660      37D7F4
 1661 1c15 BB98FB23 		.ascii	"\273\230\373#\252_\261\333tk{\366\336Gu\350\025u\310"
 1661      AA5FB1DB 
ARM GAS  /tmp/cc4JZDS4.s 			page 127


 1661      746B7BF6 
 1661      DE4775E8 
 1661      1575C8
 1662 1c28 70778F36 		.ascii	"pw\2176\2129\336\201}\262\027\217\244\200%\364Ht\350"
 1662      8A39DE81 
 1662      7DB2178F 
 1662      A48025F4 
 1662      4874E8
 1663 1c3b 1175E867 		.ascii	"\021u\350g:T\264\316\024\022\322\202:\214\233\302Z\210"
 1663      3A54B4CE 
 1663      1412D282 
 1663      3A8C9BC2 
 1663      5A88
 1664 1c4d 2533C8B5 		.ascii	"%3\310\265d\006\003\022\016\003\"\207A\306\341\320k"
 1664      64060312 
 1664      0E032287 
 1664      41C6E1D0 
 1664      6B
 1665 1c5e 7FDA407A 		.ascii	"\177\332@z\220\303At\220\277h\211\321\237aC(%\037\222"
 1665      90C34174 
 1665      90BF6889 
 1665      D19F6143 
 1665      28251F92 
 1666 1c72 900F89E4 		.ascii	"\220\017\211\344\303\214|\326\257\357\334H\306\221|"
 1666      C38C7CD6 
 1666      AFEFDC48 
 1666      C6917C
 1667 1c81 BA2C2256 		.ascii	"\272,\"Vg\036O\370\012\226\367\344\251\355y\330\030"
 1667      671E4FF8 
 1667      0A96F7E4 
 1667      A9ED79D8 
 1667      18
 1668 1c92 35C2A868 		.ascii	"5\302\250h\204\270\216R\037Q|\333\214}/\2725\340\010"
 1668      84B88E52 
 1668      1F517CDB 
 1668      8C7D2FBA 
 1668      35E008
 1669 1ca5 23120D46 		.ascii	"#\022\015FD\015\306\231\006\305\311\373\236:\362\032"
 1669      440DC699 
 1669      06C5C9FB 
 1669      9E3AF21A 
 1670 1cb5 35885F0E 		.ascii	"5\210_\016\036\324\233\363y\324\240v*\372\322`S\203"
 1670      1ED49BF3 
 1670      79D4A076 
 1670      2AFAD260 
 1670      5383
 1671 1cc7 29AAC1A4 		.ascii	")\252\301\244\250\301C\366\304\235h\302\261<\373\376"
 1671      A8C143F6 
 1671      C49D68C2 
 1671      B13CFBFE 
 1672 1cd7 2EA601E0 		.ascii	".\246\001\340\010\023\022\015&D\015\246\231\006\271"
 1672      0813120D 
 1672      26440DA6 
 1672      9906B9
 1673 1ce6 47DDD31A 		.ascii	"G\335\323\032\262\206\032T$\035=\210S\370\335\000\373"
 1673      B2861A54 
 1673      241D3D88 
ARM GAS  /tmp/cc4JZDS4.s 			page 128


 1673      53F8DD00 
 1673      FB
 1674 1cf7 FA01C681 		.ascii	"\372\001\306\201N\345f$\034fD\016\263\214\203\337n]"
 1674      4EE56624 
 1674      1C66440E 
 1674      B38C83DF 
 1674      6E5D
 1675 1d09 A1400E90 		.ascii	"\241@\016\220\203\327\340Y\202d\015y\336\262\0103'\341"
 1675      83D7E059 
 1675      82640D79 
 1675      DEB20833 
 1675      27E1
 1676 1d1b 30277278 		.ascii	"0'rx\3158\364\334u\007\030\310\003r\310\216\2515\021"
 1676      CD38F4DC 
 1676      750718C8 
 1676      0372C88E 
 1676      A93511
 1677 1d2e 12F5046F 		.ascii	"\022\365\004o\256g\\\2468+\372\351\002\260Z\224\365"
 1677      AE675CA6 
 1677      382BFAE9 
 1677      02B05A94 
 1677      F5
 1678 1d3f D3EC0C9F 		.ascii	"\323\354\014\2376\003\311F\242\200\255\235\011\345@"
 1678      3603C946 
 1678      A280AD9D 
 1678      09E540
 1679 1d4e BCA4209A 		.ascii	"\274\244 \232_>[v\226v\356eY\347^\021;\267\351\256\266"
 1679      5F3E5B76 
 1679      9676EE65 
 1679      59E75E11 
 1679      3BB7E9AE 
 1680 1d63 C495B5CB 		.ascii	"\304\225\265\313\212\3313z+\226/\235\314\231\376*\206"
 1680      8AD9337A 
 1680      2B962F9D 
 1680      CC99FE2A 
 1680      86
 1681 1d74 C1C480C9 		.ascii	"\301\304\200\311\010\215\355\216\273N[kMl-\267\270\322"
 1681      088DED8E 
 1681      BB4E5B6B 
 1681      4D6C2DB7 
 1681      B8D2
 1682 1d86 DFB664FA 		.ascii	"\337\266d\372\005A|\265\004\220\204y\211\251\346ESm"
 1682      05417CB5 
 1682      04908479 
 1682      89A9E645 
 1682      536D
 1683 1d98 3053ADC7 		.ascii	"0S\255\307nM\273\220\032\254\350yOL\2013\031\301B`\300"
 1683      6E4DBB90 
 1683      1AACE879 
 1683      4F4C8133 
 1683      19C14260 
 1684 1dad 72A68DFD 		.ascii	"r\246\215\375R[Z\265\3638\201\351\331\215\230@mk\215"
 1684      525B5AB5 
 1684      F33881E9 
 1684      D98D9840 
 1684      6D6B8D
 1685 1dc0 8FEF56D8 		.ascii	"\217\357V\330\225\331mys\360\217\311\"J\035\250\216"
ARM GAS  /tmp/cc4JZDS4.s 			page 129


 1685      95D96D79 
 1685      73F08FC9 
 1685      224A1DA8 
 1685      8E
 1686 1dd1 5B71510C 		.ascii	"[qQ\014\202{ PNs\025\020\037+\033\004\367e\266>\020"
 1686      827B2050 
 1686      4E731510 
 1686      1F2B1B04 
 1686      F765B63E 
 1687 1de6 6DED3D70 		.ascii	"m\355=p\365\017\230NpE\330A\263\256\365\306\254[l}\210"
 1687      F50F984E 
 1687      7045D841 
 1687      B3AEF5C6 
 1687      AC5B6C7D 
 1688 1dfb 17D3CA92 		.ascii	"\027\323\312\222\334]l\333\372\210\332\372\215h\353"
 1688      DC5D6CDB 
 1688      FA88DAFA 
 1688      8D68EB
 1689 1e0a 9A8EFA07 		.ascii	"\232\216\372\007q\310\031\3753\026\032\000A\330\224"
 1689      71C819FD 
 1689      33161A00 
 1689      41D894
 1690 1e19 D87953B4 		.ascii	"\330yS\264\3631\263\263x0\347\011\036\314\331\363w\277"
 1690      F331B3B3 
 1690      7830E709 
 1690      1ECCD9F3 
 1690      77BF
 1691 1e2b B1B7B9CD 		.ascii	"\261\267\271\315\357T\213\333\374N\264\314\260yg\301"
 1691      EF548BDB 
 1691      FC4EB4CC 
 1691      B07967C1 
 1692 1e3b 0946A4A5 		.ascii	"\011F\244\245\333ij'\372\322]p\233\337\022\3759u\361"
 1692      DB696A27 
 1692      FAD25D70 
 1692      9BDF12FD 
 1692      3975F1
 1693 1e4e 605F6FBD 		.ascii	"`_o\275\315\357\\\373\\8\323Rf\027\332'\310\021\223"
 1693      CDEF5CFB 
 1693      5C38D352 
 1693      6617DA27 
 1693      C81193
 1694 1e61 87B6F902 		.ascii	"\207\266\371\002\235\0249\367\021\344\342\273\255L\315"
 1694      9D1439F7 
 1694      11E4E2BB 
 1694      AD4CCD
 1695 1e70 E7779EA4 		.ascii	"\347w\236\244\230\014\302%\374B;gcH\214\206\\`c\245"
 1695      980CC225 
 1695      FC423B67 
 1695      63488C86 
 1695      5C6063A5 
 1696 1e84 0D9C441B 		.ascii	"\015\234D\033\211\327SVX\357\015\252 _\3100\0157\263"
 1696      89D75356 
 1696      58EF0DAA 
 1696      205FC830 
 1696      0D37B3
 1697 1e97 DD160BFB 		.ascii	"\335\026\013\373\236&\267ph@ \024n\3000\313\232\367"
 1697      9E26B770 
ARM GAS  /tmp/cc4JZDS4.s 			page 130


 1697      68402014 
 1697      6EC030CB 
 1697      9AF7
 1698 1ea9 2582AEE1 		.ascii	"%\202\256\341\312\225\366\363\360\355V\373\005\332w"
 1698      CA95F6F3 
 1698      F0ED56FB 
 1698      05DA77
 1699 1eb8 F2DD3A75 		.ascii	"\362\335:u$\030Y\265F\357\036\270\000\253\346f\272#"
 1699      241859B5 
 1699      46EF1EB8 
 1699      00ABE666 
 1699      BA23
 1700 1eca E14B3393 		.ascii	"\341K3\223\236&\323\023\266i\354\016-,\261\025\275\362"
 1700      9E26D313 
 1700      B669EC0E 
 1700      2D2CB115 
 1700      BDF2
 1701 1edc 87B42DEF 		.ascii	"\207\264-\357\031\237T\237\2003g\222\214|\022\246\347"
 1701      199F549F 
 1701      80336792 
 1701      8C7C12A6 
 1701      E7
 1702 1eed 5E3A733E 		.ascii	"^:s>\263\337q35k\031\223\007\005\223\007\221\211IG\231"
 1702      B3DF7133 
 1702      356B1993 
 1702      07059307 
 1702      91894947 
 1703 1f02 746E17B4 		.ascii	"tn\027\264\352H!29\367\353\273q\345L\216\177\313\314"
 1703      EA482132 
 1703      39F7EBBB 
 1703      71E54C8E 
 1703      7FCBCC
 1704 1f15 C44D67CD 		.ascii	"\304Mg\315\204^aL\334\031\223\327Mu\331\002\251G&u\351"
 1704      845E614C 
 1704      DC1993D7 
 1704      4D75D902 
 1704      A9472675 
 1705 1f2a F3597ACE 		.ascii	"\363Yz\316\244\365\233f&\036\012&\036\"\023O\306$ n"
 1705      A4F59B66 
 1705      261E0A26 
 1705      1E22134F 
 1705      C624206E 
 1706 1f3e AEC8407A 		.ascii	"\256\310@z\221\211\307\331\\\244\003g2\372\253f&^\012"
 1706      9189C7D9 
 1706      5CA40367 
 1706      32FAAB66 
 1706      265E0A
 1707 1f51 265E2213 		.ascii	"&^\"\023o\306\344\341\266\240\316\225L#\223;\357\352"
 1707      6FC6E4E1 
 1707      B6A0CE95 
 1707      4C23933B 
 1707      EFEA
 1708 1f63 30B34D7E 		.ascii	"0\263M~\331\314\304G\301\304Gd\342\313\230TE\217\346"
 1708      D9CCC447 
 1708      C1C44764 
 1708      E2CB9854 
 1708      458FE6
ARM GAS  /tmp/cc4JZDS4.s 			page 131


 1709 1f76 1BC82A32 		.ascii	"\033\310*2\211\257\234^\026\253\263\362\363f&~\012&"
 1709      89AF9C5E 
 1709      16ABB3F2 
 1709      F366267E 
 1709      0A26
 1710 1f88 7E22137F 		.ascii	"~\"\023\177\306$\372\266!\330\205\234\"\223\205\336"
 1710      C624FAB6 
 1710      21D8859C 
 1710      229385DE 
 1711 1f98 A6557ED0 		.ascii	"\246U~\320\320\227\236\377"
 1711      D0979EFF 
 1712 1fa0 18896EED 		.ascii	"\030\211n\355p\346\347A\350\311\303\242\207\315\004"
 1712      70E6E741 
 1712      E8C9C3A2 
 1712      87CD04
 1713 1faf 57FCDD44 		.ascii	"W\374\335D\177\027\267\267>\341\333[_?\354\257\361\223"
 1713      7F17B7B7 
 1713      3EE1DB5B 
 1713      5F3FECAF 
 1713      F193
 1714 1fc1 0FCFA0B8 		.ascii	"\017\317\240\270\335\231\260\301\311S)z\232wz\264\236"
 1714      DD99B0C1 
 1714      C953297A 
 1714      9A777AB4 
 1714      9E
 1715 1fd2 F8E0E142 		.ascii	"\370\340\341B\377\231\3348G\022\214\205\335\374\331"
 1715      FF99DC38 
 1715      47128C85 
 1715      DDFCD9
 1716 1fe1 71171283 		.ascii	"q\027\022\203\205\274\306\222R\331|t^\266\301.JgYU?"
 1716      85BCC692 
 1716      52D97C74 
 1716      5EB6C12E 
 1716      4A675955 
 1717 1ff6 DF6909D7 		.ascii	"\337i\011\327\221T\244\033X\211"
 1717      9154A41B 
 1717      5889
 1718 2000 4875B145 		.ascii	"Hu\261E'DC\275\245\244]1y~\006R\201\244\253\021\235"
 1718      274443BD 
 1718      A5A45D31 
 1718      797E0652 
 1718      81A4AB11 
 1719 2015 C97C9FEE 		.ascii	"\311|\237\356\347\240\270\230\035\371\312@j\3607\337"
 1719      E7A0B898 
 1719      1DF9CA40 
 1719      6AF037DF 
 1720 2025 D58C0E81 		.ascii	"\325\214\016\2014`\2412'h\007\022\032V\320\355\314\256"
 1720      3460A132 
 1720      27680712 
 1720      1A56D0ED 
 1720      CCAE
 1721 2037 6E3908F4 		.ascii	"n9\010\364T\000?\316\003Q\276\276\315'\320\344\365\031"
 1721      54003FCE 
 1721      0351BEBE 
 1721      CD27D0E4 
 1721      F519
 1722 2049 76622901 		.ascii	"vb)\001D\246\350d'\226\350!\222T\335\013z<Q\334\371"
ARM GAS  /tmp/cc4JZDS4.s 			page 132


 1722      44A6E864 
 1722      2796E821 
 1722      9254DD0B 
 1722      7A3C51DC 
 1723 205e 39FB3C9E 		.ascii	"9\373<\236\036q\242\207\027\0239\201\342\360\"%yd\277"
 1723      1E71A287 
 1723      17133981 
 1723      E2F02225 
 1723      7964BF
 1724 2071 36A5A1AD 		.ascii	"6\245\241\255\234\014hI\000i:\311\326\377\363\004\275"
 1724      9C0C6849 
 1724      00693AC9 
 1724      D6FFF304 
 1724      BD
 1725 2082 F9102345 		.ascii	"\371\020#ET?\200\000\212\034$\274\353f>\236\025o[\367"
 1725      543F8000 
 1725      8A1C24BC 
 1725      EB663E9E 
 1725      156F5BF7 
 1726 2096 381DEE42 		.ascii	"8\035\356B\235\3655U\270\220vn\245\272\202J~\324\216"
 1726      9DF53555 
 1726      B890766E 
 1726      A5BA824A 
 1726      7ED48E
 1727 20a9 EE5B1EBE 		.ascii	"\356[\036\276\331n\326\221n\366\033\351\237\352\255"
 1727      D96ED691 
 1727      6EF61BE9 
 1727      9FEAAD
 1728 20b8 D1C936F4 		.ascii	"\321\3116\364\247z\244\352dg>\263t\240]\266\356\271"
 1728      A77AA4EA 
 1728      64673EB3 
 1728      74A05DB6 
 1728      EEB9
 1729 20ca 90A3C3FD 		.ascii	"\220\243\303\375\374\364\202\371\354'\376\036C\364\225"
 1729      FCF482F9 
 1729      EC27FE1E 
 1729      43F495
 1730 20d9 C1671E4E 		.ascii	"\301g\036N\364\370\324\013\321\344\263\357\230\017\210"
 1730      F4F8D40B 
 1730      D1E4B3EF 
 1730      980F88
 1731 20e8 5173E729 		.ascii	"Qs\347)U.\020\315m\303xy\334x\371\200W\004\220\013P"
 1731      552E10CD 
 1731      6DC37879 
 1731      DC78F980 
 1731      5704900B 
 1732 20fd 6836203D 		.ascii	"h6 =\203\366\016k PA\310\344\"2txbG&\304r\224\343 \336"
 1732      83F60E6B 
 1732      205041C8 
 1732      E4223274 
 1732      78624726 
 1733 2117 62F2BCC7 		.ascii	"b\362\274\307L\276\021oer\033\3723\223#\311\350;qT\233"
 1733      4CBE116F 
 1733      65721BFA 
 1733      339323C9 
 1733      E83B7154 
 1734 212c 31EE2E94 		.ascii	"1\356.\224@qj\223\222d\360V\232n\031\211\321\221\001"
ARM GAS  /tmp/cc4JZDS4.s 			page 133


 1734      40716A93 
 1734      9264F056 
 1734      9A6E1989 
 1734      D19101
 1735 213f 6C25AF96 		.ascii	"l%\257\226\275|\015Y`\005\255\3516,\333\221\235\344"
 1735      BD7C0D59 
 1735      6005ADE9 
 1735      362CDB91 
 1735      9DE4
 1736 2151 513D7E29 		.ascii	"Q=~)\024\003\373R\035\236\345)\003\216/\001\312\245"
 1736      1403FB52 
 1736      1D9EE529 
 1736      038E2F01 
 1736      CAA5
 1737 2163 9E75106F 		.ascii	"\236u\020o\304S%T\211t\216m\363|\313\361sD\246^\025"
 1737      C4532554 
 1737      89748E6D 
 1737      F37CCBF1 
 1737      7344A65E 
 1738 2178 FB2832D4 		.ascii	"\373(2\324r!\361\3554\017S\367\367YuJlc\323I\301@\302"
 1738      7221F1ED 
 1738      340F53F7 
 1738      F759754A 
 1738      6C63D349 
 1739 218f B996AC60 		.ascii	"\271\226\254`\005k\226\007?\361L\275:\257lW\207e\326"
 1739      056B9607 
 1739      3FF14CBD 
 1739      3AAF6C57 
 1739      8765D6
 1740 21a2 A5100ECE 		.ascii	"\245\020\016\316\220K\350\353\253zGr\215\205\305\304"
 1740      904BE8EB 
 1740      AB7A4772 
 1740      8D85C5C4 
 1741 21b2 AE55D904 		.ascii	"\256U\331\004qQ\226\327T\3530\257\321G\247\214M\010"
 1741      715196D7 
 1741      54EB30AF 
 1741      D147A78C 
 1741      4D08
 1742 21c4 789092FB 		.ascii	"x\220\222\373\346F\356\333\031\254\022\200#T\201\370"
 1742      E646EEDB 
 1742      19AC1280 
 1742      235481F8 
 1743 21d4 06992F58 		.ascii	"\006\231/XN\365ps&\277\233\316\320+@\313p\005\272\354"
 1743      4EF57073 
 1743      26BF9BCE 
 1743      D02B40CB 
 1743      7005BAEC 
 1744 21e8 64113D4D 		.ascii	"d\021=M\231\362\011\344\036\003\334#\025\350\015\202"
 1744      99F209E4 
 1744      1E03DC23 
 1744      15E80D82 
 1745 21f8 DCA2F729 		.ascii	"\334\242\367)O\320\242?p\022\"l`\327\231\273\011;b\004"
 1745      4FD0A23F 
 1745      7012226C 
 1745      60D799BB 
 1745      093B6204 
 1746 220c D60B0347 		.ascii	"\326\013\003G\017\005Ob\011y\003\357)\215`\271Z\200"
ARM GAS  /tmp/cc4JZDS4.s 			page 134


 1746      0F054F62 
 1746      097903EF 
 1746      298D60B9 
 1746      5A80
 1747 221e 3A807A80 		.ascii	":\200z\200\032\251S\334'IjQ\251^\013\336ry\356\271^"
 1747      1AA953DC 
 1747      27496A51 
 1747      A95E0BDE 
 1747      7279EEB9 
 1748 2233 E6F34556 		.ascii	"\346\363EV\362\226>\\\036ph\253\232\333\326\340\200"
 1748      F2963E5C 
 1748      1E7068AB 
 1748      9ADBD6E0 
 1748      80
 1749 2244 F3418CE5 		.ascii	"\363A\214\345d\374\023~2~\375p\275\200\017@&z\216v!"
 1749      64FC137E 
 1749      327EFD70 
 1749      BD800F40 
 1749      267A8E76 
 1750 2259 ECE2CC48 		.ascii	"\354\342\314H\036\260]\373k\202s\014\210\374\353t\206"
 1750      1EB05DFB 
 1750      6B82730C 
 1750      88FCEB74 
 1750      86
 1751 226a 1C7CA3B7 		.ascii	"\034|\243\267\231\376u\3500\375k\327\261\364\257?\275"
 1751      99FE75E8 
 1751      30FD6BD7 
 1751      B1F4AF3F 
 1751      BD
 1752 227b D1A4B73E 		.ascii	"\321\244\267>/\327\012\252\267\320N't\352\236 \011z"
 1752      2FD70AAA 
 1752      B7D04E27 
 1752      74EA9E20 
 1752      097A
 1753 228d 567AF208 		.ascii	"Vz\362\010\0374_\320Q\273\341.\315\236\017\212\364\270"
 1753      1F345FD0 
 1753      51BBE12E 
 1753      CD9E0F8A 
 1753      F4B8
 1754 229f 78F26C68 		.ascii	"x\362lh\254\023q\377\024\336\340\346\317\001x\202\317"
 1754      AC1371FF 
 1754      14DEE0E6 
 1754      CF017882 
 1754      CF
 1755 22b0 01F05FF7 		.ascii	"\001\360_\367\360p\"~\370[D\366b\275\226\204ca\262c"
 1755      F070227E 
 1755      F85B44F6 
 1755      62BD9684 
 1755      6361B263 
 1756 22c4 B142B9E8 		.ascii	"\261B\271\350\337\017\346\036\320I\223\362\012\237\264"
 1756      DF0FE61E 
 1756      D04993F2 
 1756      0A9FB4
 1757 22d3 40579280 		.ascii	"@W\222\200D\251\211\261\015\312%\221A\005\321\313\321"
 1757      44A989B1 
 1757      0DCA2591 
 1757      4105D1CB 
ARM GAS  /tmp/cc4JZDS4.s 			page 135


 1757      D1
 1758 22e4 952499C7 		.ascii	"\225$\231\307\017\311\232p\230{\274\320w\376\322\027"
 1758      0FC99A70 
 1758      987BBCD0 
 1758      77FED217 
 1759 22f4 E7D37089 		.ascii	"\347\323p\211O/\352+\313\252l\357\247\031\325\321\273"
 1759      4F2FEA2B 
 1759      CBAA6CEF 
 1759      A719D5D1 
 1759      BB
 1760 2305 D73AF156 		.ascii	"\327:\361V\301\253\206\013\331@\017?K\344\214IF\353"
 1760      C1AB860B 
 1760      D9400F3F 
 1760      4BE48C49 
 1760      46EB
 1761 2317 A5ED7BA8 		.ascii	"\245\355{\250\\6\267Di\370\235\253-:a\034\352#%mZ\272"
 1761      5C36B744 
 1761      69F89DAB 
 1761      2D3A611C 
 1761      EA23256D 
 1762 232d 48359252 		.ascii	"H5\222R$\365\363?}\351H\252\2610\342\177W` \315X\330"
 1762      24F5F33F 
 1762      7DE948AA 
 1762      B130E27F 
 1762      576020CD 
 1763 2343 5928CBD1 		.ascii	"Y(\313\321\221N,\\\255\207\230\234\311\020\026\342\212"
 1763      914E2C5C 
 1763      AD87989C 
 1763      C91016E2 
 1763      8A
 1764 2354 0777D8CC 		.ascii	"\007w\330\314\300\343'9(C\223\345\375\320LBf\220\272"
 1764      C0E32739 
 1764      284393E5 
 1764      FDD04C42 
 1764      6690BA
 1765 2367 7D75AC5B 		.ascii	"}u\254[GV\261p\035QS\341HN\2610\324\267\362\037\311"
 1765      4756B170 
 1765      1D5153E1 
 1765      484EB130 
 1765      D4B7F21F 
 1766 237c 357E5F39 		.ascii	"5~_9-\312Q\036\034[\204\252,\311\232\346x(\346O\210"
 1766      2DCA511E 
 1766      1C5B84AA 
 1766      2CC99AE6 
 1766      7828E64F 
 1767 2391 C7A7D10C 		.ascii	"\307\247\321\014\275~\273F\005\315\262\202f4\266\373"
 1767      BD7EBB46 
 1767      05CDB282 
 1767      6634B6FB 
 1768 23a1 2DA9B556 		.ascii	"-\251\265Vd\255\271*\266fj\353\362\317\221`\306\232"
 1768      64ADB92A 
 1768      B6666AEB 
 1768      F2CF9160 
 1768      C69A
 1769 23b3 78DC6CFC 		.ascii	"x\334l\374{\363\003\005\304\276i>\226K\325Z\347}s\023"
 1769      7BF30305 
 1769      C4BE693E 
ARM GAS  /tmp/cc4JZDS4.s 			page 136


 1769      964BD55A 
 1769      E77D7313 
 1770 23c7 FAE38674 		.ascii	"\372\343\206t\264\\\354u\014i\013\0162\245\272\023\312"
 1770      B45CEC75 
 1770      0C690B0E 
 1770      32A5BA13 
 1770      CA
 1771 23d8 5B58E3C8 		.ascii	"[X\343\310\266\003\331\361\33380\254\362(\251\202\315"
 1771      B603D9F1 
 1771      DB3830AC 
 1771      F228A982 
 1771      CD
 1772 23e9 03465444 		.ascii	"\003FTD\354:y\252\256\324\262\272R1D\023\022\237\276"
 1772      EC3A79AA 
 1772      AED4B2BA 
 1772      52314413 
 1772      129FBE
 1773 23fc AE379FC8 		.ascii	"\2567\237\310\261\246\233\007\272mN\267#\015dC\323\216"
 1773      B1A69B07 
 1773      BA6D4EB7 
 1773      230D6443 
 1773      D38E
 1774 240e 0559A326 		.ascii	"\005Y\243&V\221-@X\340\210\252GD\205\332\250\372}\003"
 1774      56912D40 
 1774      58E088AA 
 1774      474485DA 
 1774      A8FA7D03 
 1775 2422 39C29699 		.ascii	"9\302\226\231H\276\332w\264\241\347\256R\036\315+{\316"
 1775      48BEDA77 
 1775      B4A1E7AE 
 1775      521ECD2B 
 1775      7BCE
 1776 2434 8E74C4ED 		.ascii	"\216t\304\355-J\356\220\334\332\\*\010,\311\241\177"
 1776      2D4AEE90 
 1776      DCDA5C2A 
 1776      082CC9A1 
 1776      7F
 1777 2445 323EDD10 		.ascii	"2>\335\020e\272h\200\244}\375\200\3639\202\372\236\003"
 1777      65BA6880 
 1777      A47DFD80 
 1777      F33982FA 
 1777      9E03
 1778 2457 1C02BC01 		.ascii	"\034\002\274\0018\0018\0058\0038\2266N\327\266c\262"
 1778      38013805 
 1778      38033896 
 1778      364ED7B6 
 1778      63B2
 1779 2469 D838741F 		.ascii	"\3308t\037\363\014g\242:\020 \311\365g\260u(\372\264"
 1779      F30C67A2 
 1779      3A1020C9 
 1779      F567B075 
 1779      28FAB4
 1780 247c 02DD7A0C 		.ascii	"\002\335z\014\333\210{\022a\242\321\177\017\320^st\365"
 1780      DB887B12 
 1780      61A2D17F 
 1780      0FD05E73 
 1780      74F5
ARM GAS  /tmp/cc4JZDS4.s 			page 137


 1781 248e 13B82CFD 		.ascii	"\023\270,\375y\226!\216I\373\012\336\275:96\315\303"
 1781      7996218E 
 1781      49FB0ADE 
 1781      BD3A3936 
 1781      CDC3
 1782 24a0 444DA66C 		.ascii	"DM\246lh\"Q|T\202>\251@\277\260\032\036\027\342\237"
 1782      6822517C 
 1782      54823EA9 
 1782      40BFB01A 
 1782      1E17E29F 
 1783 24b4 A02A13E0 		.ascii	"\240*\023\340\205}6\3209wO\017S\363\0167\313\034d\205"
 1783      857D36D0 
 1783      39774F0F 
 1783      53F30E37 
 1783      CB1C6485 
 1784 24c8 B336ACC8 		.ascii	"\2636\254\310]#f\255\263KKj\337\3029\371\253\355M\207"
 1784      5D2366AD 
 1784      B34B4B6A 
 1784      DFC239F9 
 1784      ABED4D87 
 1785 24dc A7EA4D7A 		.ascii	"\247\352Mz\361\321\232\224\316\321\223\016O\264\244"
 1785      F1D19A94 
 1785      CED1930E 
 1785      4FB4A4
 1786 24eb 1B59DBDE 		.ascii	"\033Y\333\336\237\177\255S\356\260\277\214\365\274\""
 1786      9F7FAD53 
 1786      EEB0BF8C 
 1786      F5BC22
 1787 24fa 64104973 		.ascii	"d\020Is\252\373\263U\367\347\337\200Jj\324\261nw).\344"
 1787      AAFBB355 
 1787      F7E7DF80 
 1787      4A6AD4B1 
 1787      6E77292E 
 1788 250f 3552B76D 		.ascii	"5R\267m\257\371\032\311\012\026\312\"G\036\364\344\020"
 1788      AFF91AC9 
 1788      0A16CA22 
 1788      471EF4E4 
 1788      10
 1789 2520 0B97F399 		.ascii	"\013\227\363\231\003\312\2554\017\300\324\244\227\206"
 1789      03CAAD34 
 1789      0FC0D4A4 
 1789      9786
 1790 252e A8A1B231 		.ascii	"\250\241\26217\027r\217DE=\023K\312\035\244nzk\242\262"
 1790      3717728F 
 1790      44453D13 
 1790      4BCA1DA4 
 1790      6E7A6BA2 
 1791 2543 BBEA49D9 		.ascii	"\273\352I\3310\340\256\227\266\201\207\236\037\216="
 1791      30E0AE97 
 1791      B681879E 
 1791      1F8E3D
 1792 2552 CE3D6FD0 		.ascii	"\316=o\320\230\017\307>\3709'\210]\000PX\304\361\322"
 1792      980FC73E 
 1792      F8392788 
 1792      5D005058 
 1792      C4F1D2
 1793 2565 AB461CF5 		.ascii	"\253F\034\365\023\256\367\234\200\266\222\247^l\211"
ARM GAS  /tmp/cc4JZDS4.s 			page 138


 1793      13AEF79C 
 1793      80B692A7 
 1793      5E6C89
 1794 2574 B9EB0E77 		.ascii	"\271\353\016wW\322\3706npI+/\264\267q@\326[\257F>\272"
 1794      57D2F836 
 1794      6E70492B 
 1794      2FB4B771 
 1794      40D65BAF 
 1795 258b E79BA321 		.ascii	"\347\233\243!\003H\376\246\260\353Py\277\303\027\010"
 1795      0348FEA6 
 1795      B0EB5079 
 1795      BFC31708 
 1796 259b FD6406B8 		.ascii	"\375d\006\270v\367KP\236\"V\342M\036\354\\\313\014\345"
 1796      76F74B50 
 1796      9E2256E2 
 1796      4D1EEC5C 
 1796      CB0CE5
 1797 25ae 2FAB6F80 		.ascii	"/\253o\200^\3345{_\262\251%KL\011CD\317b\272\206\245"
 1797      5EDC357B 
 1797      5FB2A925 
 1797      4B4C0943 
 1797      44CF62BA 
 1798 25c4 B3B2F9ED 		.ascii	"\263\262\371\355\342\356\222\311\344\375\266p\013Nq"
 1798      E2EE92C9 
 1798      E4FDB670 
 1798      0B4E71
 1799 25d3 059608D7 		.ascii	"\005\226\010\327[\316\2767X\005\003\003t\247K\360\347"
 1799      5BCEBE37 
 1799      58050303 
 1799      74A74BF0 
 1799      E7
 1800 25e4 1E8E273A 		.ascii	"\036\216':\272u\224\241\250\261\337\247i\223\320\306"
 1800      BA7594A1 
 1800      A8B1DFA7 
 1800      6993D0C6 
 1801 25f4 512DC954 		.ascii	"Q-\311T\263U\0248\237\177;\223uTP\233\035m\016Wo<\236"
 1801      B3551438 
 1801      9F7F3B93 
 1801      7554509B 
 1801      1D6D0E57 
 1802 260b F5CEEB79 		.ascii	"\365\316\353y?%NB\240\336\032;X\247\236\366\006\201"
 1802      3F254E42 
 1802      A0DE1A3B 
 1802      58A79EF6 
 1802      0681
 1803 261d F840DA25 		.ascii	"\370@\332%\351\256\257p\336Z\241\372\027B\004@\020@"
 1803      E9AEAF70 
 1803      DE5AA1FA 
 1803      17420440 
 1803      1040
 1804 262f 30400840 		.ascii	"0@\010@$@\230^2j\014\013\240\232\017P\334\351TU\223"
 1804      2440985E 
 1804      326A0C0B 
 1804      A09A0F50 
 1804      DCE95455 
 1805 2644 D619309B 		.ascii	"\326\0310\233\300<\341\034S\314}\355\204\020\235$|d"
 1805      C03CE11C 
ARM GAS  /tmp/cc4JZDS4.s 			page 139


 1805      53CC7DED 
 1805      84109D24 
 1805      7C64
 1806 2656 6E5627EA 		.ascii	"nV'\352\237\376\037\253\007\234\202\327\347\307\351"
 1806      9FFE1FAB 
 1806      079C82D7 
 1806      E7C7E9
 1807 2665 1AD1125B 		.ascii	"\032\321\022[\304\373\345\224Q\266\210\027\005\364\001"
 1807      C4FBE594 
 1807      51B68817 
 1807      05F401
 1808 2674 7C994864 		.ascii	"|\231HdlG\257Pg\212\326\323E\242\221\356\370\015\003"
 1808      6C47AF50 
 1808      678AD6D3 
 1808      45A291EE 
 1808      F80D03
 1809 2687 D944EF4C 		.ascii	"\331D\357L\317\312xi \246\317\340\266\262\355\301\010"
 1809      CFCA7869 
 1809      20A6CFE0 
 1809      B6B2EDC1 
 1809      08
 1810 2698 17E2C30A 		.ascii	"\027\342\303\012\304/\345d\300\321f\332`'\304sM\023"
 1810      C42FE564 
 1810      C0D166DA 
 1810      6027C473 
 1810      4D13
 1811 26aa 40AB44BD 		.ascii	"@\253D\275dX\002\277:\334\366\307>I\027\200c\241\241"
 1811      645802BF 
 1811      3ADCF6C7 
 1811      3E491780 
 1811      63A1A1
 1812 26bd E26D362B 		.ascii	"\342m6+\035f\206$\223\2148ulfi\032&j\212\245\0171\220"
 1812      1D668624 
 1812      938C3875 
 1812      6C66691A 
 1812      266A8AA5 
 1813 26d4 8EC5740F 		.ascii	"\216\305t\017\241\212Rt\006\370\246\247\230\232\352"
 1813      A18A5274 
 1813      06F8A6A7 
 1813      989AEA
 1814 26e3 0D33D57B 		.ascii	"\0153\325{\271\247\314TI\200\033\243GSY\252E\257\260"
 1814      B9A7CC54 
 1814      49801BA3 
 1814      475359AA 
 1814      45AFB0
 1815 26f6 15B56466 		.ascii	"\025\265df\254\213\343\212T{\022\204\366\031\277\234"
 1815      AC8BE38A 
 1815      547B1284 
 1815      F619BF9C 
 1816 2706 897226A9 		.ascii	"\211r&\251X8\270M\243\307\257\321XG+\327+\006\311S\254"
 1816      5838B84D 
 1816      A3C7AFD1 
 1816      58472BD7 
 1816      2B06C953 
 1817 271b 3CDF9FE8 		.ascii	"<\337\237\350\3626\205\266\010l\312\233\006<3l\324I"
 1817      F23685B6 
 1817      086CCA9B 
ARM GAS  /tmp/cc4JZDS4.s 			page 140


 1817      063C336C 
 1817      D449
 1818 272d 3DAFA0DB 		.ascii	"=\257\240\333\3472x]2\241.\351R\003\217~\007{\001[\302"
 1818      E732785D 
 1818      32A12EE9 
 1818      52038F7E 
 1818      077B015B 
 1819 2742 5167CDBD 		.ascii	"Qg\315\275-\341\252mHo\303\\;\352\"h\372\032\177\322"
 1819      2DE1AA6D 
 1819      486FC35C 
 1819      3BEA2268 
 1819      FA1A7FD2 
 1820 2756 E76236D7 		.ascii	"\347b6\327\007\035Y@-\010Y\200\233\2420W\212h\256lf"
 1820      071D5940 
 1820      2D085980 
 1820      9BA23057 
 1820      8A68AE6C 
 1821 276b AEA8BCBC 		.ascii	"\256\250\274\274 =\311E\013\005\027\037\227\361\007"
 1821      203DC945 
 1821      0B05171F 
 1821      97F107
 1822 277a 9F7D99FA 		.ascii	"\237}\231\372]\324\374!_TZ\242s\245\327a\021\033\204"
 1822      5DD4FC21 
 1822      5F545AA2 
 1822      73A5D761 
 1822      111B84
 1823 278d 94226ECF 		.ascii	"\224\"n\317P\256\311Hj\260\320[\324\000\203v/\026Nb"
 1823      50AEC948 
 1823      6AB0D05B 
 1823      D4008376 
 1823      2F164E62 
 1824 27a1 875FEAC9 		.ascii	"\207_\352\311\004\026\322\335&\372\234\3112\026\242"
 1824      0416D2DD 
 1824      26FA9CC9 
 1824      3216A2
 1825 27b0 77EB421C 		.ascii	"w\353B\034\311\006+\330\277\272Z~\251\027\254\003\\"
 1825      C9062BD8 
 1825      BFBA5A7E 
 1825      A917AC03 
 1825      5C
 1826 27c1 9C8F0F3A 		.ascii	"\234\217\017:\"\335\345^\014\272\276\262\335\211i"
 1826      22DDE55E 
 1826      0CBABEB2 
 1826      DD8969
 1827 27d0 38AAE129 		.ascii	"8\252\341)\014=M\\\244@\267\236\205\257\3742\177\030"
 1827      0C3D4D5C 
 1827      A440B79E 
 1827      85AFFC32 
 1827      7F18
 1828 27e2 166097A8 		.ascii	"\026`\227\2503\227\204\272\272O\313\246\354rdI\302#"
 1828      339784BA 
 1828      BA4FCBA6 
 1828      EC726449 
 1828      C223
 1829 27f4 F308CB53 		.ascii	"\363\010\313SA^\361\266z\011mU\012P\006P\001P\011P."
 1829      415EF1B6 
 1829      7A096D55 
ARM GAS  /tmp/cc4JZDS4.s 			page 141


 1829      0A500650 
 1829      01500950 
 1830 2809 758F855A 		.ascii	"u\217\205ZI%\012mTBR\351\301\272O#>\335\231W\240\300"
 1830      49250A6D 
 1830      544252E9 
 1830      C1BA4F23 
 1830      3EDD9957 
 1831 281f B7248574 		.ascii	"\267$\205t\211\266!\014\374f\017\355\277=\221\223&\220"
 1831      89B6210C 
 1831      FC660FED 
 1831      BF3D9193 
 1831      2690
 1832 2831 732CC4D6 		.ascii	"s,\304\326\255\215\233\247\177\236\2667A\306\345\334"
 1832      AD8D9BA7 
 1832      7F9EB637 
 1832      41C6E5DC 
 1833 2841 0D13728D 		.ascii	"\015\023r\215D\025G\321Iz\342\366\016+\270\245\026\335"
 1833      441547D1 
 1833      497AE2F6 
 1833      0E2BB8A5 
 1833      16DD
 1834 2853 19890F16 		.ascii	"\031\211\017\026\372\003\336\274v !\254\240-Im\015\322"
 1834      FA03DEBC 
 1834      762021AC 
 1834      A02D496D 
 1834      0DD2
 1835 2865 B0145A66 		.ascii	"\260\024Zf\033\313\335\216Fn\233\026\260E3@\2234\210"
 1835      1BCBDD8E 
 1835      466E9B16 
 1835      B0453340 
 1835      933488
 1836 2878 2F74BF8D 		.ascii	"/t\277\215\341\205\006\362:\250_\243\355F\245\367\233"
 1836      E18506F2 
 1836      3AA85FA3 
 1836      ED46A5F7 
 1836      9B
 1837 2889 F8D3C828 		.ascii	"\370\323\310(v\275\002\333:\354\367~\323\202\335\240"
 1837      76BD02DB 
 1837      3AECF77E 
 1837      D382DDA0 
 1838 2899 8ECD1F3B 		.ascii	"\216\315\037;s?\234u\350\212\363\000Y-\362\364\317\205"
 1838      733F9C75 
 1838      E88AF300 
 1838      592DF2F4 
 1838      CF85
 1839 28ab 5C3D456C 		.ascii	"\\=El\345\265h\203\032t\000t\002\264\2135\011\245s\253"
 1839      E5B56883 
 1839      1A740074 
 1839      02B48B35 
 1839      09A573AB 
 1840 28bf 9F476135 		.ascii	"\237Ga50XV\323\256\370XT]\3505\342\203y\250J\265\034"
 1840      305856D3 
 1840      AEF85854 
 1840      5DE835E2 
 1840      8379A84A 
 1841 28d5 DB6232EB 		.ascii	"\333b2\353||\241\344sh%z\317\264J\235\271\244\336\367"
 1841      7C7CA1E4 
ARM GAS  /tmp/cc4JZDS4.s 			page 142


 1841      7368257A 
 1841      CFB44A9D 
 1841      B9A4DEF7 
 1842 28e9 759C3B75 		.ascii	"u\234;u\226|\216nqVY\312<\343\035]a5\346\211\225f[7"
 1842      967C8E6E 
 1842      715659CA 
 1842      3CE31D5D 
 1842      6135E689 
 1843 2901 1FA93750 		.ascii	"\037\2517P\217\015\314\336\033\3518G\245.~.\334\224"
 1843      8F0DCCDE 
 1843      1BE93847 
 1843      A52E7E2E 
 1843      DC94
 1844 2913 FA2DA10B 		.ascii	"\372-\241\013(rx,\262\330\017\256\320Q\256\233E\242"
 1844      2872782C 
 1844      B2D80FAE 
 1844      D051AE9B 
 1844      45A2
 1845 2925 ADA9B26B 		.ascii	"\255\251\262kW\022\315]+qlUC\022\261p\326\0339N\357"
 1845      5712CD5D 
 1845      2B716C55 
 1845      4312B170 
 1845      D61B394E 
 1846 293a 6BBC4D77 		.ascii	"k\274Mw\334\012lM\307}\333\036/\230L?\242w\023\326\222"
 1846      DC0A6C4D 
 1846      C77DDB1E 
 1846      2F984C3F 
 1846      A27713D6 
 1847 294f B78D240D 		.ascii	"\267\215$\015\3217\247\374'\371\023C\254\037\0216\240"
 1847      D137A7FC 
 1847      27F91343 
 1847      AC1F1136 
 1847      A0
 1848 2960 6744548B 		.ascii	"gDT\213~\320\242O\377\374\361\314}H\257\314\275\243"
 1848      7ED0A24F 
 1848      FFFCF1CC 
 1848      7D48AFCC 
 1848      BDA3
 1849 2972 03130E34 		.ascii	"\003\023\0164$\377\035\276\261\272>\304A-s\037\006I"
 1849      24FF1DBE 
 1849      B1BA3EC4 
 1849      412D731F 
 1849      0649
 1850 2984 6AD4DE53 		.ascii	"j\324\336S\215\345\204T\274\363\330\246\3021Y\3728\337"
 1850      8DE58454 
 1850      BCF3D8A6 
 1850      C23159FA 
 1850      38DF
 1851 2996 3F99EB42 		.ascii	"?\231\353Bj\270)V\322\323\224\311\3718\010\223\023U"
 1851      6AB82956 
 1851      D2D394C9 
 1851      F9380893 
 1851      1355
 1852 29a8 6E9E45CB 		.ascii	"n\236E\313v\263M\310\234c\222\347\234\272\370P\357\021"
 1852      76B34DC8 
 1852      9C6392E7 
 1852      9CBAF850 
ARM GAS  /tmp/cc4JZDS4.s 			page 143


 1852      EF11
 1853 29ba AD8A8F8B 		.ascii	"\255\212\217\213n\3076\262N\361\346\236\206f\236\005"
 1853      6EC736B2 
 1853      4EF1E69E 
 1853      86669E05 
 1854 29ca 98019893 		.ascii	"\230\001\230\223%\020\323\316W\005!\201\320\3420h\350"
 1854      2510D3CE 
 1854      57052181 
 1854      D0E23068 
 1854      E8
 1855 29db 31339DD2 		.ascii	"13\235\322\333|\020\335\340\326\273\030\277\350\366"
 1855      DB7C10DD 
 1855      E0D6BB18 
 1855      BFE8F6
 1856 29ea 4E9A154E 		.ascii	"N\232\025N=\352\271\007\213\357Dx\230r\277/\014\352"
 1856      3DEAB907 
 1856      8BEF4478 
 1856      9872BF2F 
 1856      0CEA
 1857 29fc 8D422F47 		.ascii	"\215B/GW{L\033\347\276\315\271C%\205Q\005w\231\243\037"
 1857      577B4C1B 
 1857      E7BECDB9 
 1857      43258551 
 1857      057799A3 
 1858 2a11 6F0D1DB8 		.ascii	"o\015\035\270>\375X5gwYnR\034\270\243\037\034<c\216"
 1858      3EFD5835 
 1858      6777596E 
 1858      521CB8A3 
 1858      1F1C3C63 
 1859 2a26 FE1A287A 		.ascii	"\376\032(z\270\243[\372n\017:\372<wt\277r\007\342\375"
 1859      B8A35BFA 
 1859      6E0F3AFA 
 1859      3C7774BF 
 1859      7207E2FD 
 1860 2a3a 9C35E8DE 		.ascii	"\2345\350\336\332]\236#\347\321\373\027n\246V-c\261"
 1860      DA5D9E23 
 1860      E7D1FB17 
 1860      6EA6562D 
 1860      63B1
 1861 2a4c A060B180 		.ascii	"\240`\261\200,\026\031\213\334\272\203]W\022\210,\304"
 1861      2C16198B 
 1861      DCBA835D 
 1861      5712882C 
 1861      C4
 1862 2a5d DB82CFF8 		.ascii	"\333\202\317\370m\301\212\346\262l=I\301\037\027\017"
 1862      6DC18AE6 
 1862      B26C3D49 
 1862      C11F170F 
 1863 2a6d 72E5B334 		.ascii	"r\345\2634\272cG\262\374\244\267\254\324M\3346\373\023"
 1863      BA6347B2 
 1863      FCA4B7AC 
 1863      D44DDC36 
 1863      FB13
 1864 2a7f 92877447 		.ascii	"\222\207tG\2471\345.\266\350\2045POJ*.\004?\303\205"
 1864      A731E52E 
 1864      B6E88435 
 1864      504F4A2A 
ARM GAS  /tmp/cc4JZDS4.s 			page 144


 1864      2E043FC3 
 1865 2a94 E0B0CEF5 		.ascii	"\340\260\316\365B\007R\205\234\206^\357EjI\035\327\225"
 1865      42075285 
 1865      9C865EEF 
 1865      456A491D 
 1865      D795
 1866 2aa6 3FF1EE19 		.ascii	"?\361\356\031>\361..>\361\003\322\364\374C\346\317\273"
 1866      3EF12E2E 
 1866      3EF103D2 
 1866      F4FC43E6 
 1866      CFBB
 1867 2ab8 2AFD2826 		.ascii	"*\375(&\2438C \335H\352^a:$j\275p\017\364T\243\216;"
 1867      A3384320 
 1867      DD48EA5E 
 1867      613A246A 
 1867      BD700FF4 
 1868 2ad0 3DDC16C8 		.ascii	"=\334\026\310\344\207\011>T!\355\233\351\271\320\223"
 1868      E487093E 
 1868      5421ED9B 
 1868      E9B9D093 
 1869 2ae0 79240DAF 		.ascii	"y$\015\257\\l\260W\023\374\006\004\253Q/\236\306y9\222"
 1869      5C6CB057 
 1869      13FC0604 
 1869      AB512F9E 
 1869      C6793992 
 1870 2af4 ED0F137C 		.ascii	"\355\017\023|\242\246\363\321Y\243\0139E\322\314\235"
 1870      A2A6F3D1 
 1870      59A30B39 
 1870      45D2CC9D 
 1871 2b04 87125735 		.ascii	"\207\022W5\301\247 X\215\372\244<+\302\221x\276\373"
 1871      C1A72058 
 1871      8DFAA43C 
 1871      2BC29178 
 1871      BEFB
 1872 2b16 21822F54 		.ascii	"!\202/TH\357\012GZ\234\210\037\222\026\036\215]\251"
 1872      48EF0A47 
 1872      5A9C881F 
 1872      92161E8D 
 1872      5DA9
 1873 2b28 2E555C82 		.ascii	".U\\\202`5\352\3627\263\357\220\010$\016/\315\360\025"
 1873      6035EAF2 
 1873      37B3EF90 
 1873      08240E2F 
 1873      CDF015
 1874 2b3b 480A1672 		.ascii	"H\012\026r\332#v\265\352\247\"n\364j\247\"\316v&Kp\023"
 1874      DA2376B5 
 1874      EAA7226E 
 1874      F46AA722 
 1874      CE76264B 
 1875 2b51 DDADF958 		.ascii	"\335\255\371Xo\347\312\375\260\263y[\370\235\236]\354"
 1875      6FE7CAFD 
 1875      B0B3795B 
 1875      F89D9E5D 
 1875      EC
 1876 2b62 9A3E0DB1 		.ascii	"\232>\015\261\267\271\010\376\240\177\013F1=_\004\277"
 1876      B7B908FE 
 1876      A07F0B46 
ARM GAS  /tmp/cc4JZDS4.s 			page 145


 1876      313D5F04 
 1876      BF
 1877 2b73 D8ED9893 		.ascii	"\330\355\230\223=\341\011~\226\036<\260\307@\35103\373"
 1877      3DE1097E 
 1877      961E3CB0 
 1877      C740E930 
 1877      33FB
 1878 2b85 324A30CF 		.ascii	"2J0\317\307\371s\350:\347$\221i\013\224\366\266WD&I"
 1878      C7F973E8 
 1878      3AE72491 
 1878      690B94F6 
 1878      B6574426 
 1879 2b9a 206BFD7D 		.ascii	" k\375}|\334$\305\336T\307\336\320Kf\332\3170\375\004"
 1879      7CDC24C5 
 1879      DE54C7DE 
 1879      D04B66DA 
 1879      CF30FD04 
 1880 2bae 1D846B8E 		.ascii	"\035\204k\216\376HV\3309\373\216\207\207\011&\362\373"
 1880      FE4856D8 
 1880      39FB8E87 
 1880      870926F2 
 1880      FB
 1881 2bbf D00A3B1C 		.ascii	"\320\012;\034_\026\201\267-\314g\177\017\037\240w\006"
 1881      5F1681B7 
 1881      2DCC677F 
 1881      0F1FA077 
 1881      06
 1882 2bd0 B8C76AB8 		.ascii	"\270\307j\270_\263\316k\227a\274\304\314\222\342\322"
 1882      5FB3CE6B 
 1882      9761BCC4 
 1882      CC92E2D2 
 1883 2be0 A6F1B17F 		.ascii	"\246\361\261\177!x\001\370\002x\002\270\001\270\003"
 1883      217801F8 
 1883      027802B8 
 1883      01B803
 1884 2bef F80178D8 		.ascii	"\370\001x\330K\206\207\353\357\240\260+\020v\256&\314"
 1884      4B8687EB 
 1884      EFA0B02B 
 1884      1076AE26 
 1884      CC
 1885 2c00 32345C73 		.ascii	"24\\s\275\216\000\365@\015U\022\350\217\177\037\223"
 1885      BD8E00F5 
 1885      400D5512 
 1885      E88F7F1F 
 1885      93
 1886 2c11 AB750844 		.ascii	"\253u\010D+6\354\303\343\374DhJ\230\243|Z%\326\207\235"
 1886      2B36ECC3 
 1886      E3FC4468 
 1886      4A98A37C 
 1886      5A25D687 
 1887 2c26 53F80855 		.ascii	"S\370\010U\242wC\02223,\323\255\367\022\246\331\354"
 1887      A2774312 
 1887      32332CD3 
 1887      ADF712A6 
 1887      D9EC
 1888 2c38 D41F782C 		.ascii	"\324\037x,\361\260m1\326\2228\335\012\260\247\201\273"
 1888      F1B06D31 
ARM GAS  /tmp/cc4JZDS4.s 			page 146


 1888      D69238DD 
 1888      0AB0A781 
 1888      BB
 1889 2c49 7F7D7DCC 		.ascii	"\177}}\314\205\344c\017\310\257\333\216\345Q\323D\347"
 1889      85E4630F 
 1889      C8AFDB8E 
 1889      E551D344 
 1889      E7
 1890 2c5a 57852D31 		.ascii	"W\205-1\247\016\244\024\177\034\350\030\213\265'5\254"
 1890      A70EA414 
 1890      7F1CE818 
 1890      8BB52735 
 1890      AC
 1891 2c6b 405A32A7 		.ascii	"@Z2\247\312\035\004\007\274\205\357\303:\237\364\011"
 1891      CA1D0407 
 1891      BC85EFC3 
 1891      3A9FF409 
 1892 2c7b B642883D 		.ascii	"\266B\210=\314\231\355\035\354\2040\373\347B\270=\336"
 1892      CC99ED1D 
 1892      EC8430FB 
 1892      E742B83D 
 1892      DE
 1893 2c8c C3A717F8 		.ascii	"\303\247\027\370\203o\351W:M\213\273\232s!M(\240\344"
 1893      836FE957 
 1893      3A4D8BBB 
 1893      9A73214D 
 1893      28A0E4
 1894 2c9f 382FC39E 		.ascii	"8/\303\236t`a\275l\315\315\205\014ba\257|\250\333^m"
 1894      746061BD 
 1894      6CCDCD85 
 1894      0C6261AF 
 1894      7CA8DB5E 
 1895 2cb4 376D94BD 		.ascii	"7m\224\275\332n\332\351^\267p-\231C\332\362\366\334"
 1895      DA6EDAE9 
 1895      5EB7702D 
 1895      9943DAF2 
 1895      F6DC
 1896 2cc6 1E17B28A 		.ascii	"\036\027\262\212\205\371\345\340r\275\372\2169\250\233"
 1896      85F9E5E0 
 1896      72BDFA8E 
 1896      39A89B
 1897 2cd5 CA8EB9F2 		.ascii	"\312\216\271\362\350\211\030{r\210\324\267\013\363]"
 1897      E889187B 
 1897      7288D4B7 
 1897      0BF35D
 1898 2ce4 1A728E85 		.ascii	"\032r\216\205\375\310\212\357\250sJP\345d;\304%\331"
 1898      FDC88AEF 
 1898      A8734A50 
 1898      E5643BC4 
 1898      25D9
 1899 2cf6 ABC4D6C8 		.ascii	"\253\304\326\310\245n\027\362\200\242\256\357j\264j"
 1899      A56E17F2 
 1899      80A2AEEF 
 1899      6AB46A
 1900 2d05 112E1904 		.ascii	"\021.\031\004\251\020;\354E\344\324\030q\037\212ec\304"
 1900      A9103BEC 
 1900      45E4D418 
ARM GAS  /tmp/cc4JZDS4.s 			page 147


 1900      711F8A65 
 1900      63C4
 1901 2d17 549E6B7D 		.ascii	"T\236k}\335i\213\233)\360\003!\305\036S\242t\333~\277"
 1901      DD698B9B 
 1901      29F00321 
 1901      C51E53A2 
 1901      74DB7EBF 
 1902 2d2b F29AA033 		.ascii	"\362\232\2403'\332\033\205x{\304Usf\371B\024\2646\235"
 1902      27DA1B85 
 1902      787BC455 
 1902      7366F942 
 1902      14B4369D 
 1903 2d3f 16B0431E 		.ascii	"\026\260C\036\351\334\207S\301Ws\000\322\000\262\001"
 1903      E9DC8753 
 1903      C1577300 
 1903      D200B201 
 1904 2d4f 7201B200 		.ascii	"r\001\262\0002\0012\244\335rc\2214\2762\231\374\234"
 1904      320132A4 
 1904      DD726391 
 1904      34BE3299 
 1904      FC9C
 1905 2d61 CC99925C 		.ascii	"\314\231\222\\\350\205\"\302,\222\206R\360<'\352OB\260"
 1905      E88522C2 
 1905      2C928652 
 1905      F03C27EA 
 1905      4F42B0
 1906 2d74 BDBC46D6 		.ascii	"\275\274F\326K\372+\013\304\262\352\021\241\250\222"
 1906      4BFA2B0B 
 1906      C4B2EA11 
 1906      A1A892
 1907 2d83 E28641EB 		.ascii	"\342\206A\353<\307\217\003\023\304\3300\201T\233\327"
 1907      3CC78F03 
 1907      13C4D830 
 1907      81549BD7 
 1908 2d93 A2FAB13C 		.ascii	"\242\372\261<\215\224\023X/\025l\314\213\332G\203\200"
 1908      8D941358 
 1908      2F156CCC 
 1908      8BDA4783 
 1908      80
 1909 2da4 482BED65 		.ascii	"H+\355e\223\346\261\325\2146\253;\343\037\327\324\300"
 1909      93E6B1D5 
 1909      8C36AB3B 
 1909      E31FD7D4 
 1909      C0
 1910 2db5 AD39338E 		.ascii	"\25593\216\355\227c\363\241]\222\357n\362t\020\362\200"
 1910      ED9763F3 
 1910      A15D92EF 
 1910      6EF27410 
 1910      F280
 1911 2dc7 45A03D5F 		.ascii	"E\240=_\366\343\274\355\350\025\232\344\345\263X1ph"
 1911      F6E3BCED 
 1911      E8159AE4 
 1911      E5B35831 
 1911      7068
 1912 2dd9 02DFEEFB 		.ascii	"\002\337\356\373,\336,\215\230]t\300\245\231_\246\251"
 1912      2CDE2C8D 
 1912      985D74C0 
ARM GAS  /tmp/cc4JZDS4.s 			page 148


 1912      A5995FA6 
 1912      A9
 1913 2dea 6746A40F 		.ascii	"gF\244\017\317\243\232\351Sn3\366\022#\215d\025q\327"
 1913      CFA39AE9 
 1913      536E33F6 
 1913      12238D64 
 1913      1571D7
 1914 2dfd D3F73E85 		.ascii	"\323\367>\205\250_\202\222WU\310\003![\370\223\337\372"
 1914      A85F8292 
 1914      5755C803 
 1914      215BF893 
 1914      DFFA
 1915 2e0f 618A81EC 		.ascii	"a\212\201\354a\241\360\352V|\312\266u\247*S\355TC\265"
 1915      61A1F0EA 
 1915      567CCAB6 
 1915      75A72A53 
 1915      ED5443B5 
 1916 2e23 B9F23BBF 		.ascii	"\271\362;\277c\262d\262\334\336\222\021Ft\216\2548\220"
 1916      63B264B2 
 1916      DCDE9211 
 1916      46748EAC 
 1916      3890
 1917 2e35 731434BA 		.ascii	"s\0244\272<\035a\223Nx\005\262$\244\304\317'\264T\363"
 1917      3C1D6193 
 1917      4E7805B2 
 1917      24A4C4CF 
 1917      27B454F3 
 1918 2e49 C83A6625 		.ascii	"\310:f%\267~\025X\271Z\352\320\347}\244\001=\342%\264"
 1918      B77E1558 
 1918      B95AEAD0 
 1918      E77DA401 
 1918      3DE225B4 
 1919 2e5d 301D692A 		.ascii	"0\035i*\225\036!q\320~\356p\025\366\270\203C\005[\\"
 1919      951E2171 
 1919      D07EEE70 
 1919      15F6B883 
 1919      43055B5C 
 1920 2e71 C59CCCCA 		.ascii	"\305\234\314\312\367q \236\237\303\355r\335\2361\016"
 1920      F771209E 
 1920      9FC3ED72 
 1920      DD9E310E 
 1921 2e81 36EE2FD6 		.ascii	"6\356/\326\330\0235\005\351\202\331u\352\250\243\364"
 1921      D8133505 
 1921      E982D975 
 1921      EAA8A3F4 
 1922 2e91 89C6B580 		.ascii	"\211\306\265\200fi\372:{\351\263\205\037nc\223\034I"
 1922      6669FA3A 
 1922      7BE9B385 
 1922      1F6E6393 
 1922      1C49
 1923 2ea3 14CA2B98 		.ascii	"\024\312+\230+Hv )\254`(\355]Jq\021\370\275I~SetV\322"
 1923      2B487620 
 1923      29AC6028 
 1923      ED5D4A71 
 1923      11F8BD49 
 1924 2ebd D51A4083 		.ascii	"\325\032@\203\016YM\232uV]ag\310\252\346\0356\242\015"
 1924      0E594D9A 
ARM GAS  /tmp/cc4JZDS4.s 			page 149


 1924      75565D61 
 1924      67C8AAE6 
 1924      1D36A20D 
 1925 2ed1 5F329926 		.ascii	"_2\231&\270t\000:\262\216\323!\323\\y\317rZ\242N\251"
 1925      B874003A 
 1925      B28ED321 
 1925      D35C79CF 
 1925      725AA24E 
 1926 2ee6 429D127B 		.ascii	"B\235\022{+\374\225\031\011~\261\015\365%7\"\007%\350"
 1926      2BFC9519 
 1926      097EB10D 
 1926      F5253722 
 1926      0725E8
 1927 2ef9 F50A74EB 		.ascii	"\365\012t\353\214b\320*\262\252`+W\361\212\240v\205"
 1927      8C62D02A 
 1927      B2AA602B 
 1927      57F18AA0 
 1927      7685
 1928 2f0b 4CCF0EDE 		.ascii	"L\317\016\336\230m\320\230\355\000M\000\315\000-\000"
 1928      986DD098 
 1928      ED004D00 
 1928      CD002D00 
 1929 2f1b AD008DE6 		.ascii	"\255\000\215\346\006>\335.j\324\310\223\014\221\015"
 1929      063EDD2E 
 1929      6AD4C893 
 1929      0C910D
 1930 2f2a 3BF6F793 		.ascii	";\366\367\223srK\250_\263,\177\377b\027\256\347v\002"
 1930      73724BA8 
 1930      5FB32C7F 
 1930      FF6217AE 
 1930      E77602
 1931 2f3d 7D010F19 		.ascii	"}\001\017\031\026\375\350\025\226`t\261\240\321\236"
 1931      16FDE815 
 1931      966074B1 
 1931      A0D19E
 1932 2f4c B0E26D20 		.ascii	"\260\342m \231\3508\355\003\263U\220m`!\327\353M\270"
 1932      99E838ED 
 1932      03B35590 
 1932      6D6021D7 
 1932      EB4DB8
 1933 2f5f 9EBCC442 		.ascii	"\236\274\304BF\332\361\231\221Tc\241i8\304\313@\232"
 1933      46DAF199 
 1933      915463A1 
 1933      6938C4CB 
 1933      409A
 1934 2f71 5941379F 		.ascii	"YA7\237\326~\343*} \375\305\264kPY\356\250\233)\363"
 1934      D67EE32A 
 1934      7D20FDC5 
 1934      B46B5059 
 1934      EEA89B29 
 1935 2f86 03F610A3 		.ascii	"\003\366\020\243^\0208b\333_\350\014\334\217\364`?\244"
 1935      5E103862 
 1935      DB5FE80C 
 1935      DC8FF460 
 1935      3FA4
 1936 2f98 8BB83D36 		.ascii	"\213\270=6\360%\016p"
 1936      F0250E70 
ARM GAS  /tmp/cc4JZDS4.s 			page 150


 1937 2fa0 F0F00C6F 		.ascii	"\360\360\014o*\321\233\305\375\012|\353\345\003_)\373"
 1937      2AD19BC5 
 1937      FD0A7CEB 
 1937      E5035F29 
 1937      FB
 1938 2fb1 3E757465 		.ascii	">ute\223Zr\262\021\336\020C`\364a\200\001\200A\263\361"
 1938      935A72B2 
 1938      11DE1043 
 1938      60F46180 
 1938      018041B3 
 1939 2fc6 AB3DE612 		.ascii	"\253=\346\022\005\342\363S\217\256\320\330K\027[\326"
 1939      05E2F353 
 1939      8FAED0D8 
 1939      4B175BD6 
 1940 2fd6 0BB6A1B3 		.ascii	"\013\266\241\263\006!Eb\366\355\267\0257\005\307AI9"
 1940      06214562 
 1940      F6EDB715 
 1940      3705C741 
 1940      4939
 1941 2fe8 CD1BFFFE 		.ascii	"\315\033\377\376E{\331\002\215\254\016\223|\336!\244"
 1941      457BD902 
 1941      8DAC0E93 
 1941      7CDE21A4 
 1942 2ff8 E7F92519 		.ascii	"\347\371%\031H*\362\366"
 1942      482AF2F6 
 1943 3000 3EEE0976 		.ascii	">\356\011v \331XH(+\330p\"\245\254\240;\334O=s1?\"\233"
 1943      20D95848 
 1943      282BD870 
 1943      22A5ACA0 
 1943      3BDC4F3D 
 1944 3019 8E76F7DC 		.ascii	"\216v\367\334\244\300I\030\005\361\363\2177A\353\217"
 1944      A4C04918 
 1944      05F1F38F 
 1944      3741EB8F 
 1945 3029 B09750F4 		.ascii	"\260\227P\364)\033\350\222\235\003wO2\315\373\003\247"
 1945      291BE892 
 1945      9D03774F 
 1945      32CDFB03 
 1945      A7
 1946 303a 15E81FDA 		.ascii	"\025\350\037\332\002\363\274\005\026\300\362\257\001"
 1946      02F3BC05 
 1946      16C0F2AF 
 1946      01
 1947 3047 E60066A5 		.ascii	"\346\000f\245\241\274\365\357,]|F\235?\177\335\305\330"
 1947      A1BCF5EF 
 1947      2C5D7C46 
 1947      9D3F7FDD 
 1947      C5D8
 1948 3059 D64DA1B3 		.ascii	"\326M\241\263\345u\027\007\367|\231\023( \373\266\177"
 1948      E5751707 
 1948      F77C9913 
 1948      2820FBB6 
 1948      7F
 1949 306a 26912A7F 		.ascii	"&\221*\177\337\205R+\212M\265Z\004m\226\355%\013\322"
 1949      DF85522B 
 1949      8A4DB55A 
 1949      046D96ED 
ARM GAS  /tmp/cc4JZDS4.s 			page 151


 1949      250BD2
 1950 307d A37E3C00 		.ascii	"\243~<\000\216<\302\024\232$\262\274\310\313\201\324"
 1950      8E3CC214 
 1950      9A24B2BC 
 1950      C8CB81D4 
 1951 308d 62FBDC17 		.ascii	"b\373\334\027\305]\350I\023\026v\303\212\002\355\325"
 1951      C55DE849 
 1951      131676C3 
 1951      8A02EDD5 
 1952 309d 5F5BB06A 		.ascii	"_[\260j\257\366\332\202\314\273\020g\322\303\2117\012"
 1952      AFF6DA82 
 1952      CCBB1067 
 1952      D2C38937 
 1952      0A
 1953 30ae 26356418 		.ascii	"&5d\030\013\236>q=\312\255J\033\300dS\346`\345\017y"
 1953      0B9E3E71 
 1953      3DCAAD4A 
 1953      1BC06453 
 1953      E660E50F 
 1954 30c3 DE84CC72 		.ascii	"\336\204\314r\242\263\224s\345\031\305-\005Qt\301@\222"
 1954      A2B39473 
 1954      E519C52D 
 1954      055174C1 
 1954      4092
 1955 30d5 EC8CE2B6 		.ascii	"\354\214\342\266\314\356;\242W\326\204\205\357\033\310"
 1955      CCEE3BA2 
 1955      57D68485 
 1955      EF1BC8
 1956 30e4 2A325F1B 		.ascii	"*2_\033z\325\242\267E$\354\202\0203]uSc\242=9G\272\202"
 1956      7AD5A2B7 
 1956      4524EC82 
 1956      10335D75 
 1956      5363A23D 
 1957 30fc 0BCF0A57 		.ascii	"\013\317\012Wr\213\205\333\254\241i\003q\177\0179\236"
 1957      728B85DB 
 1957      ACA16903 
 1957      717F0F39 
 1957      9E
 1958 310d 149E2A1F 		.ascii	"\024\236*\037\376p\010\234\336\310\324m\271\233I4\222"
 1958      FE70089C 
 1958      DEC8D46D 
 1958      B99B4934 
 1958      92
 1959 311e 00246A79 		.ascii	"\000$jy\265^\254<\224t\244 z\351V8'\353y\307\262:\236"
 1959      B55EAC3C 
 1959      9474A420 
 1959      7AE95638 
 1959      27EB79C7 
 1960 3135 705DB5BE 		.ascii	"p]\265\276\225\333\341\032\301\322\243\026\375?\351"
 1960      95DBE11A 
 1960      C1D2A316 
 1960      FD3FE9
 1961 3144 9692846E 		.ascii	"\226\222\204n\011\025\022\016\200\363\371\243\343\346"
 1961      0915120E 
 1961      80F3F9A3 
 1961      E3E6
 1962 3152 648C3DBA 		.ascii	"d\214=\272\215\270\177\211\242\253\354\306Q\355$\254"
ARM GAS  /tmp/cc4JZDS4.s 			page 152


 1962      8DB87F89 
 1962      A2ABECC6 
 1962      51ED24AC 
 1963 3162 BAE7BC9F 		.ascii	"\272\347\274\237\234\201G\236\002\\\310\322\235\034"
 1963      9C81479E 
 1963      025CC8D2 
 1963      9D1C
 1964 3170 7BD40654 		.ascii	"{\324\006Tf\373(\324\264\021\023\230\201\373\374\033"
 1964      66FB28D4 
 1964      B4111398 
 1964      81FBFC1B 
 1965 3180 E1A9BAA4 		.ascii	"\341\251\272\244#\333\222\350\315\200\223\015\007\322"
 1965      23DB92E8 
 1965      CD80930D 
 1965      07D2
 1966 318e 8436F64E 		.ascii	"\2046\366NM-\324\221N,\034\372\026\355\3318\017u\375"
 1966      4D2DD491 
 1966      4E2C1CFA 
 1966      16EDD938 
 1966      0F75FD
 1967 31a1 11E764B7 		.ascii	"\021\347d\267*s\262\341\215\366\035'2\202\262\256\022"
 1967      2A73B2E1 
 1967      8DF61D27 
 1967      3282B2AE 
 1967      12
 1968 31b2 7CBC04B5 		.ascii	"|\274\004\265I\331\035HR\243\216\215\332>&\344\365{"
 1968      49D91D48 
 1968      52A38E8D 
 1968      DA3E26E4 
 1968      F57B
 1969 31c4 8F457193 		.ascii	"\217Eq\223A\352\027\251w7\336\316d\011)&\302\334\374"
 1969      41EA17A9 
 1969      7737DECE 
 1969      64092926 
 1969      C2DCFC
 1970 31d7 941EE866 		.ascii	"\224\036\350f VD\261\305q\001\262\345#w\203l\023\214"
 1970      205644B1 
 1970      C57101B2 
 1970      E5237783 
 1970      6C138C
 1971 31ea 812F1FB5 		.ascii	"\201/\037\265\205\226\357Y\262\266\027\346\221\265\276"
 1971      8596EF59 
 1971      B2B617E6 
 1971      91B5BE
 1972 31f9 6428D094 		.ascii	"d(\320\224\352\006.\017\331\311\012\324%\300 ]\023\262"
 1972      EA062E0F 
 1972      D9C90AD4 
 1972      25C0205D 
 1972      13B2
 1973 320b BEE7737E 		.ascii	"\276\347s~\311\327\266\263\370\224'\300\360\330\312"
 1973      C9D7B6B3 
 1973      F89427C0 
 1973      F0D8CA
 1974 321a F9FDD53B 		.ascii	"\371\375\325;\270\035\354\022Zw\237s\267\204.\305 0"
 1974      B81DEC12 
 1974      5A779F73 
 1974      B7842EC5 
ARM GAS  /tmp/cc4JZDS4.s 			page 153


 1974      2030
 1975 322c FAD7E850 		.ascii	"\372\327\350P7\240\314\225\2755w\353A`\364\257p\255"
 1975      37A0CC95 
 1975      BD3577EB 
 1975      4160F4AF 
 1975      70AD
 1976 323e E69E4F6F 		.ascii	"\346\236Oo)\266\332\364\226\336\332\362#\250\010\304"
 1976      29B6DAF4 
 1976      96DEDAF2 
 1976      23A808C4 
 1977 324e 4E3B2B2D 		.ascii	"N;+-z\255\263\323{?qb\007\346\023\036\024z4\333\330"
 1977      7AADB3D3 
 1977      7B3F7162 
 1977      07E6131E 
 1977      147A34DB 
 1978 3263 35624EB6 		.ascii	"5bN\266\350Y\373\000l&\301\327\360B\360\002\360\001"
 1978      E859FB00 
 1978      6C26C1D7 
 1978      F042F002 
 1978      F001
 1979 3275 F0060804 		.ascii	"\360\006\010\004\360\004\360\003\3607HzS\347\315;h\332"
 1979      F004F003 
 1979      F037487A 
 1979      53E7CD3B 
 1979      68DA
 1980 3287 3DE84DEB 		.ascii	"=\350M\353\012\241\027\262\3364Uq\361wO\325\205\347"
 1980      0AA117B2 
 1980      DE345571 
 1980      F1774FD5 
 1980      85E7
 1981 3299 7D34E174 		.ascii	"}4\341t\275>\377\252O\274_6\030\304\347\207A\300\242"
 1981      BD3EFFAA 
 1981      4FBC5F36 
 1981      18C4E787 
 1981      41C0A2
 1982 32ac 5B91EC75 		.ascii	"[\221\354u\343\3740\330@S\275\266\324\226VG\262\207"
 1982      E3FC30D8 
 1982      4053BDB6 
 1982      D4965647 
 1982      B287
 1983 32be 0E5B7E3F 		.ascii	"\016[~?\325JH\310\347\321\337c\316\363]H\302\347?d\261"
 1983      D54A48C8 
 1983      E7D1DF63 
 1983      CEF35D48 
 1983      C2E73F64 
 1984 32d3 37DCA0EC 		.ascii	"7\334\240\3547\007M\227\265\256$\003I\375\003\227\223"
 1984      37074D97 
 1984      B5AE2403 
 1984      49FD0397 
 1984      93
 1985 32e4 F56ABD2E 		.ascii	"\365j\275.\002:\202\032\365ha\240\217\216\224|\230\340"
 1985      023A821A 
 1985      F56861A0 
 1985      8F8E947C 
 1985      98E0
 1986 32f6 6815D24C 		.ascii	"h\025\322L\277\354\033\035\251E\322\264\240\315\"\215"
 1986      BFEC1B1D 
ARM GAS  /tmp/cc4JZDS4.s 			page 154


 1986      A945D2B4 
 1986      A0CD228D 
 1987 3306 9AE01810 		.ascii	"\232\340\030\020\254B\255\335m\212\315\301W\204\360"
 1987      AC42ADDD 
 1987      6D8ACDC1 
 1987      5784F0
 1988 3315 DDF9FB9F 		.ascii	"\335\371\373\237N7'(\241@\224h\273\243\320)\305\377"
 1988      4E372728 
 1988      A1409468 
 1988      BBA3D029 
 1988      C5FF
 1989 3327 8BAE1C09 		.ascii	"\213\256\034\011\254\3038\266\215\225\232\035\216\032"
 1989      ACC338B6 
 1989      8D959A1D 
 1989      8E1A
 1990 3335 0BA85156 		.ascii	"\013\250QV\2506\226i\314\267\224\350\243*\022\271o\304"
 1990      A8369669 
 1990      CCB794E8 
 1990      A32A12B9 
 1990      6FC4
 1991 3347 830FC401 		.ascii	"\203\017\304\001$\230\375\240%:\332\333h\343fT\306\243"
 1991      2498FDA0 
 1991      253ADADB 
 1991      68E36654 
 1991      C6A3
 1992 3359 9407D7B9 		.ascii	"\224\007\327\271^Z\363\316\242\257Wf\260\371B\022\340"
 1992      5E5AF3CE 
 1992      A2AF5766 
 1992      B0F94212 
 1992      E0
 1993 336a 8718ACEF 		.ascii	"\207\030\254\357#\321+\270]\2069QV\177e\267\226\364"
 1993      23D12BB8 
 1993      5D863951 
 1993      567F65B7 
 1993      96F4
 1994 337c A0D9EB2E 		.ascii	"\240\331\353./\372\364\334\023!8\015\224\345\372\231"
 1994      2FFAF4DC 
 1994      1321380D 
 1994      94E5FA99 
 1995 338c 425F305F 		.ascii	"B_0_L1X\373\"\\\241\276\230\212\276\230\336\263` C\310"
 1995      4C3158FB 
 1995      225CA1BE 
 1995      988ABE98 
 1995      DEB36020 
 1996 33a2 2635F8B8 		.ascii	"&5\370\270\304\262\321\351\205D\2354\205:i\242:\351"
 1996      C4B2D1E9 
 1996      85449D34 
 1996      853A69A2 
 1996      3AE9
 1997 33b4 8C4FFF68 		.ascii	"\214O\377hz\243\013\331F>\375\267-\215\374<\301\022"
 1997      7AA30BD9 
 1997      463EFDB7 
 1997      2D8DFC3C 
 1997      C112
 1998 33c6 BDB115BD 		.ascii	"\275\261\025\275\335\333\342\310\327K\351\353\035\242"
 1998      DDDBE2C8 
 1998      D74BE9EB 
ARM GAS  /tmp/cc4JZDS4.s 			page 155


 1998      1DA2
 1999 33d4 E203BBF8 		.ascii	"\342\003\273\370\233\337\246\351\357\273=\253\025:,"
 1999      9BDFA6E9 
 1999      EFBB3DAB 
 1999      153A2C
 2000 33e3 0FD372E1 		.ascii	"\017\323r\341y\321\216@\366?\377\330\030\220'\013\347"
 2000      79D18E40 
 2000      F63FFFD8 
 2000      1890270B 
 2000      E7
 2001 33f4 DDF36591 		.ascii	"\335\363e\221\204\234 \305J}J\215\362\231\025\371\240"
 2001      849C20C5 
 2001      4A7D4A8D 
 2001      F29915F9 
 2001      A0
 2002 3405 B09CA868 		.ascii	"\260\234\250h\346L\376\010\203\002\231\257\025\3621"
 2002      E64CFE08 
 2002      830299AF 
 2002      15F231
 2003 3414 40A8484E 		.ascii	"@\250HN\353\344\352\206R\365Z\002\232\243\015\304\355"
 2003      EBE4EA86 
 2003      52F55A02 
 2003      9AA30DC4 
 2003      ED
 2004 3425 7D26AC32 		.ascii	"}&\2542\264\312\233\237\375\033fKPa\263\311Z\342\211"
 2004      B4CA9B9F 
 2004      FD1B664B 
 2004      5061B3C9 
 2004      5AE289
 2005 3438 3F660F65 		.ascii	"?f\017e\014\351I\000\026\246\366\326\303\235mla-3|\324"
 2005      0CE94900 
 2005      16A6F6D6 
 2005      C39D6D6C 
 2005      612D337C 
 2006 344d 2DACB63B 		.ascii	"-\254\266;i\271J'M\275\332\337\320\222xT\244d0\314]"
 2006      69B94A27 
 2006      4DBDDADF 
 2006      D0927854 
 2006      A46430CC 
 2007 3462 F5AEDB2B 		.ascii	"\365\256\333+\320B\215:#\357\370\215#\311D\352\231\207"
 2007      D0428D3A 
 2007      23EFF88D 
 2007      23C944EA 
 2007      9987
 2008 3474 AA34E569 		.ascii	"\2524\345i\210J \255\222Y79)\275\335\240\230P)\361\246"
 2008      884A20AD 
 2008      92593739 
 2008      29BDDDA0 
 2008      985029F1 
 2009 3489 F63CFFBD 		.ascii	"\366<\377\275\264\021\252e\215P#6\202\317h\3233\362"
 2009      B411AA65 
 2009      8D502336 
 2009      82CF68D3 
 2009      33F2
 2010 349b 8AA9E098 		.ascii	"\212\251\340\230\262\275\372\233\226}\336V\353MY\206"
 2010      B2BDFA9B 
 2010      967DDE56 
ARM GAS  /tmp/cc4JZDS4.s 			page 156


 2010      EB4D5986 
 2011 34ab E742267D 		.ascii	"\347B&}?#}\374G\035\357z\355\320\355\332\000\232\001"
 2011      3F237DFC 
 2011      471DEF7A 
 2011      EDD0EDDA 
 2011      009A01
 2012 34be 1A011A00 		.ascii	"\032\001\032\000\352\001Z\001\232\000:\000Z\014\222"
 2012      EA015A01 
 2012      9A003A00 
 2012      5A0C92
 2013 34cd 99C343A0 		.ascii	"\231\303C\240\303\375\252'\333\262)\356\257d\274\314"
 2013      C3FDAA27 
 2013      DBB229EE 
 2013      AF64BCCC 
 2014 34dd FB2B4B0C 		.ascii	"\373+K\014Vc6\335\226\370\022PJ\015\210j\331\265)[\007"
 2014      566336DD 
 2014      96F81250 
 2014      4A0D886A 
 2014      D9B5295B 
 2015 34f2 31C9F777 		.ascii	"1\311\367w\3121\025\003;\333\026\011\216(\344r\256\026"
 2015      CA311503 
 2015      3BDB1609 
 2015      8E28E472 
 2015      AE16
 2016 3504 CBE418AC 		.ascii	"\313\344\030\254p\233\205\330\357\013\025\006\034\323"
 2016      709B85D8 
 2016      EF0B1506 
 2016      1CD3
 2017 3512 EB54A39B 		.ascii	"\353T\243\233\004\221\036\275\2515\310\021\263\025u"
 2017      04911EBD 
 2017      A935C811 
 2017      B31575
 2018 3521 E2DB4B8B 		.ascii	"\342\333K\213\015\326\325/\262F\225m\340\254{4h\037"
 2018      0DD6D52F 
 2018      B246956D 
 2018      E0AC7B34 
 2018      681F
 2019 3533 A4F04928 		.ascii	"\244\360I(4.\333\212\252\202.I\235R\364\362\345h96\352"
 2019      342EDB8A 
 2019      AA822E49 
 2019      9D52F4F2 
 2019      E5683936 
 2020 3548 2C6E0B28 		.ascii	",n\013(\316L\265:@`v\207\352\217\347\0164<m^\371\023"
 2020      CE4CB53A 
 2020      40607687 
 2020      EA8FE70E 
 2020      343C6D5E 
 2021 355e 1E5D1787 		.ascii	"\036]\027\207>\331\262\261Kw\014\330\011\235\300-\203"
 2021      3ED9B2B1 
 2021      4B770CD8 
 2021      099DC02D 
 2021      83
 2022 356f 0746518C 		.ascii	"\007FQ\214\035\275B\035\275\213\205\305\224;\367\000"
 2022      1DBD421D 
 2022      BD8B85C5 
 2022      943BF700 
 2023 357f 1D71FB7B 		.ascii	"\035q\373{\254\3474D\315\336hI\014\026\306N\216o\011"
ARM GAS  /tmp/cc4JZDS4.s 			page 157


 2023      ACE73444 
 2023      CDDE6849 
 2023      0C16C64E 
 2023      8E6F09
 2024 3592 49C0C245 		.ascii	"I\300\302EN\205\267\206\244\261\202\316?5\364\360\321"
 2024      4E85B786 
 2024      A4B182CE 
 2024      3F35F4F0 
 2024      D1
 2025 35a3 AD1DF4E9 		.ascii	"\255\035\364\351;\375\274&\203\240\351\000\300\020\300"
 2025      3BFDBC26 
 2025      83A0E900 
 2025      C010C0
 2026 35b2 B0342DBA 		.ascii	"\2604-\272\337\341\2678\351\233\320z\014Ha\343\026\247"
 2026      DFE1B738 
 2026      E99BD07A 
 2026      0C4861E3 
 2026      16A7
 2027 35c4 3B9EFD17 		.ascii	";\236\375\027\215\334\313\261m6\311\354\237[^\277G\227"
 2027      8DDCCBB1 
 2027      6D36C9EC 
 2027      9F5B5EBF 
 2027      4797
 2028 35d6 0955584B 		.ascii	"\011UXK\356\207^K\260\373\024\212\310n\367]\277\036"
 2028      EE875E4B 
 2028      B0FB148A 
 2028      C86EF75D 
 2028      BF1E
 2029 35e8 E97396AF 		.ascii	"\351s\226\257\304\231k\375\362\361Z\003\365\335\233"
 2029      C4996BFD 
 2029      F2F15A03 
 2029      F5DD9B
 2030 35f7 8033C1BC 		.ascii	"\2003\301\274\372\366\345\304\005v{o\204\3660\305\360"
 2030      FAF6E5C4 
 2030      05767B6F 
 2030      84F630C5 
 2030      F0
 2031 3608 D52D0E5F 		.ascii	"\325-\016_\243\254\235\256\312C~L\262\2601F\263\243"
 2031      A3AC9DAE 
 2031      CA437E4C 
 2031      B2B03146 
 2031      B3A3
 2032 361a 77655B70 		.ascii	"we[p\266e\347\250\307\015\226\305\362\334\261E/\027"
 2032      B665E7A8 
 2032      C70D96C5 
 2032      F2DCB145 
 2032      2F17
 2033 362c 528774AF 		.ascii	"R\207t\257\303\227\216\015\266\350\204\011\020(%u_\251"
 2033      C3978E0D 
 2033      B6E88409 
 2033      10282575 
 2033      5FA9
 2034 363e 9C14483F 		.ascii	"\234\024H?\222\372\345\027\344\311\236k\330,;+9\315"
 2034      92FAE517 
 2034      E4C99E6B 
 2034      D82C3B2B 
 2034      39CD
ARM GAS  /tmp/cc4JZDS4.s 			page 158


 2035 3650 83A0363B 		.ascii	"\203\2406;\347\262\314^2\265\245\217\2659\344\373.\351"
 2035      E7B2CC5E 
 2035      32B5A58F 
 2035      B539E4FB 
 2035      2EE9
 2036 3662 73A5A740 		.ascii	"s\245\247@\310\334c-\327y\313w\350M\032p\001Y\005[\231"
 2036      C8DC632D 
 2036      D779CB77 
 2036      E84D1A70 
 2036      0159055B 
 2037 3677 A09BDB80 		.ascii	"\240\233\333\200>;h\216\267\301\014\330~\026\340\265"
 2037      3E3B688E 
 2037      B7C10CD8 
 2037      7E16E0B5 
 2038 3687 D4EB0E6E 		.ascii	"\324\353\016n\371\321MP\231Mm\345\374e\215}V;z`+mj\261"
 2038      F9D14D50 
 2038      994D6DE5 
 2038      FC658D7D 
 2038      563B7A60 
 2039 369f 2D88E613 		.ascii	"-\210\346\023>Kk\032K\2362\237\301\032z\036\360\307"
 2039      3E4B6B1A 
 2039      4B9E329F 
 2039      C11A7A1E 
 2039      F0C7
 2040 36b1 140D3D26 		.ascii	"\024\015=&6\364\002k\350\025Sp3LN\321\354m\241\315-"
 2040      36F4026B 
 2040      E8155370 
 2040      334C4ED1 
 2040      EC6DA1CD 
 2041 36c6 FCAD535B 		.ascii	"\374\255S[l(\362\310\213\344\367u\233\365\324\2416["
 2041      6C28F2C8 
 2041      8BE4F775 
 2041      9BF5D4A1 
 2041      365B
 2042 36d8 8B795E32 		.ascii	"\213y^2\315\226\211*f&\371\353\206M\364\346M\364\306"
 2042      CD96892A 
 2042      6626F9EB 
 2042      864DF4E6 
 2042      4DF4C6
 2043 36eb C0B10399 		.ascii	"\300\261\003\231\340\315_\036\324f KX(\354-\216\224"
 2043      E0CD5F1E 
 2043      D466204B 
 2043      5828EC2D 
 2043      8E94
 2044 36fd A5166F64 		.ascii	"\245\026odS\374\015qT\363XKZv![H\324\031\342\031h$G"
 2044      53FC0D71 
 2044      54F3584B 
 2044      5A76215B 
 2044      48D419E2 
 2045 3715 589839C9 		.ascii	"X\2309\311\256\266q\217g\313\2406I_y\270\3773r\207\304"
 2045      AEB6718F 
 2045      67CBA036 
 2045      495F79B8 
 2045      FF337287 
 2046 372a 47FB6503 		.ascii	"G\373e\003\256\304\353\005.&g^\356(\267\236\355\002"
 2046      AEC4EB05 
 2046      2E26675E 
ARM GAS  /tmp/cc4JZDS4.s 			page 159


 2046      EE28B79E 
 2046      ED02
 2047 373c 933DD940 		.ascii	"\223=\331@\334\260\263\034dO\202\220(\257\3644B\371"
 2047      DCB0B31C 
 2047      644F8290 
 2047      28AFF434 
 2047      42F9
 2048 374e 30B47D05 		.ascii	"0\264}\005QAv\335\272\354,\342\201\254\301\017yE5\341"
 2048      514176DD 
 2048      BAEC2CE2 
 2048      81ACC10F 
 2048      794535E1 
 2049 3762 8BFE793A 		.ascii	"\213\376y:\3610\231\342p\007U\346\015o\356#\251?-\366"
 2049      F13099E2 
 2049      700755E6 
 2049      0D6FEE23 
 2049      A93F2DF6 
 2050 3776 3A5E9D6E 		.ascii	":^\235n\261W\262\035r\217z\243\356\337T\227\323\260"
 2050      B157B21D 
 2050      728F7AA3 
 2050      EEDF5497 
 2050      D3B0
 2051 3788 25671BC7 		.ascii	"%g\033\307G\366\225\022h\377\335Y\204 \034\203U^~\335"
 2051      47F69512 
 2051      68FFDD59 
 2051      84201C83 
 2051      555E7EDD 
 2052 379c 55EA42E2 		.ascii	"U\352B\342\260Pw\221P\347JR\2610\260\372pl$9X\010\210"
 2052      B0507791 
 2052      50E74A52 
 2052      B130B0FA 
 2052      706C2439 
 2053 37b3 DACF7621 		.ascii	"\332\317v!\305\334\266\353c\241\312\365\271\013\020"
 2053      C5DCB6EB 
 2053      63A1CAF5 
 2053      B90B10
 2054 37c2 76293353 		.ascii	"v)3SW\352h\234\223\324L\227\262Z"
 2054      57EA689C 
 2054      93D44C97 
 2054      B25A
 2055 37d0 5C89FED0 		.ascii	"\\\211\376\3209\224zb u\310\374 0uP\266FAg\270\026\242"
 2055      39947A62 
 2055      2075C8FC 
 2055      20307550 
 2055      B6464167 
 2056 37e7 1B916821 		.ascii	"\033\221h!6\240\316\221\264 Qc\310q\265\003\351\306"
 2056      36A0CE91 
 2056      B4205163 
 2056      C871B503 
 2056      E9C6
 2057 37f9 82CFE54A 		.ascii	"\202\317\345J\251+\031a\005\303nJI:\021\2272\236\341"
 2057      A92B1961 
 2057      05C36E4A 
 2057      493A1197 
 2057      329EE1
 2058 380c A83D34ED 		.ascii	"\250=4\355\030\237\027\216\001\204>\231\354\0164\367"
 2058      189F178E 
ARM GAS  /tmp/cc4JZDS4.s 			page 160


 2058      01843E99 
 2058      EC0E34F7 
 2059 381c 7678E434 		.ascii	"vx\3444\272\370BD\212|\377(2]\360\357\345k\331?p\022"
 2059      BAF84244 
 2059      8A7CFF28 
 2059      325DF0EF 
 2059      E56BD93F 
 2060 3832 6E3F0CF9 		.ascii	"n?\014\371~\220g\005\333\006\243p\372a\330\347\375\234"
 2060      7E906705 
 2060      DB06A370 
 2060      FA61D8E7 
 2060      FD9C
 2061 3844 35984E38 		.ascii	"5\230N8\3770\354\326\337\346\353#\200|\375a\310\327"
 2061      FF30ECD6 
 2061      DFE6EB23 
 2061      807CFD61 
 2061      C8D7
 2062 3856 BF83C8D0 		.ascii	"\277\203\310\320I\2053\333\3106\336\275L\261\251\223"
 2062      498533DB 
 2062      C836DEBD 
 2062      4CB1A993 
 2063 3866 991C5E08 		.ascii	"\231\034^\010\017\020\265\334\340\323\023\300\003\300"
 2063      0F10B5DC 
 2063      E0D313C0 
 2063      03C0
 2064 3874 0BC0DD41 		.ascii	"\013\300\335At\276\250\370\215\267\3114w\252\300\373"
 2064      74BEA8F8 
 2064      8DB7C934 
 2064      77AAC0FB 
 2065 3884 1242165E 		.ascii	"\022B\026^\360\256\237\366\332Im\033\207\257\203\332"
 2065      F0AE9FF6 
 2065      DA496D1B 
 2065      87AF83DA 
 2066 3894 368ECCB6 		.ascii	"6\216\314\266\222\021{\262\201\264=\225E\361\016j\264"
 2066      92117BB2 
 2066      81B43D95 
 2066      45F10E6A 
 2066      B4
 2067 38a5 FEAAB4D7 		.ascii	"\376\252\264\327\221\261_#\207H\272P2\327\256%\347X"
 2067      91B15F23 
 2067      8748BA50 
 2067      32D7AE25 
 2067      E758
 2068 38b7 18DCF70A 		.ascii	"\030\334\367\012w\264\361z\331 \007\265\327\313\316"
 2068      77B4F17A 
 2068      D92007B5 
 2068      D7CBCE
 2069 38c6 6E4CE6CB 		.ascii	"nL\346\313\206\315`\007\351Q\360\020\007\356\255\031"
 2069      86CD6007 
 2069      E951F010 
 2069      07EEAD19 
 2070 38d6 E997EE5A 		.ascii	"\351\227\356Z\342\366\005\214\223\225\201\231\312#["
 2070      E2F6058C 
 2070      93958199 
 2070      CA235B
 2071 38e5 A12020CC 		.ascii	"\241  \314A\366\314\305\325\263c\003\011E\242\324\266"
 2071      41F6CCC5 
ARM GAS  /tmp/cc4JZDS4.s 			page 161


 2071      D5B36303 
 2071      0945A2D4 
 2071      B6
 2072 38f6 BA416540 		.ascii	"\272Ae@\013W\020\365\372T\035\311\026\214#\034\244\235"
 2072      0B5710F5 
 2072      FA541DC9 
 2072      168C231C 
 2072      A49D
 2073 3908 2E52D4E8 		.ascii	".R\324\3502\266'\323\231$#\363\360\302\341)=I\307B\301"
 2073      32B627D3 
 2073      992423F3 
 2073      F0C2E129 
 2073      3D49C742 
 2074 391d C3498813 		.ascii	"\303I\210\023\311\302\202\337\341\356;\012\2511 5V&"
 2074      C9C282DF 
 2074      E1EE3B0A 
 2074      A9312035 
 2074      5626
 2075 392f 3577A7DD 		.ascii	"5w\247\335]\366\260\324X\231\3248Q\352B}\372\2053)c"
 2075      5DF6B0D4 
 2075      5899D438 
 2075      51EA427D 
 2075      FA853329 
 2076 3944 BC35F5C3 		.ascii	"\2745\365\303\333\007\032\233\3411\036\204$\240\020"
 2076      DB071A9B 
 2076      E1311E84 
 2076      24A010
 2077 3953 21D14112 		.ascii	"!\321A\022\036/J\236.g\007\326\2762\231\034\364\224"
 2077      1E2F4A9E 
 2077      2E6707D6 
 2077      BE32991C 
 2077      F494
 2078 3965 B310CD31 		.ascii	"\263\020\3151\325\003d\333I\337\224=9\303\352\004L\036"
 2078      D50364DB 
 2078      49DF943D 
 2078      39C3EA04 
 2078      4C1E
 2079 3977 8C3B912B 		.ascii	"\214;\221+,\264\337\226e\031\210\351\213x\203\252a\317"
 2079      2CB4DF96 
 2079      651988E9 
 2079      8B7883AA 
 2079      61CF
 2080 3989 A48CFD29 		.ascii	"\244\214\375)\300:UVS\357\354\034?\007\022\216D\033"
 2080      C03A5556 
 2080      53EFEC1C 
 2080      3F07128E 
 2080      441B
 2081 399b F99D7BCA 		.ascii	"\371\235{\312ia\232\202h}\370\256O\346&\3512u3D\363"
 2081      69619A82 
 2081      687DF8AE 
 2081      4FE626E9 
 2081      32753344 
 2082 39b0 14B86FEE 		.ascii	"\024\270o\356\023\222\215\314M\2217)\316\244\000\013"
 2082      13928DCC 
 2082      4D913729 
 2082      CEA4000B 
 2083 39c0 9517CBB3 		.ascii	"\225\027\313\2636^-\230\345\24022j+s\347\316]l\037j"
ARM GAS  /tmp/cc4JZDS4.s 			page 162


 2083      365E2D98 
 2083      E5A03232 
 2083      6A2B73E7 
 2083      CE5D6C1F 
 2084 39d5 6035CBE1 		.ascii	"`5\313\341\346\315\207.\232\013\220'5\363\\\257cI\033"
 2084      E6CD872E 
 2084      9A0B9027 
 2084      35F35CAF 
 2084      63491B
 2085 39e8 1E3202FD 		.ascii	"\0362\002\375\330\321\354\034\245\221\245[\\\022\370"
 2085      D8D1EC1C 
 2085      A591A55B 
 2085      5C12F8
 2086 39f7 A9D86CE8 		.ascii	"\251\330l\350\003\231\016\326\350\326\023\262s\361<"
 2086      03990ED6 
 2086      E8D613B2 
 2086      73F13C
 2087 3a06 2FE55EA5 		.ascii	"/\345^\245\316\2357\341\335C\341\271\263\215\244)\315"
 2087      CE9D37E1 
 2087      DD43E1B9 
 2087      B38DA429 
 2087      CD
 2088 3a17 763D8032 		.ascii	"v=\2002g\302mMC\312\231\015\265\013\005\243\373\364"
 2088      67C26D4D 
 2088      43CA990D 
 2088      B50B05A3 
 2088      FBF4
 2089 3a29 113C9271 		.ascii	"\021<\222q\240?\213\217\003\30704\025\002\253\322\307"
 2089      A03F8B8F 
 2089      03C73034 
 2089      1502ABD2 
 2089      C7
 2090 3a3a C681D69F 		.ascii	"\306\201\326\237\223\337!\241\3106\337\030\274\302\221"
 2090      93DF21A1 
 2090      C836DF18 
 2090      BCC291
 2091 3a49 0B40B964 		.ascii	"\013@\271d\316\331\222\241\251\337\335\263\374^\312"
 2091      CED992A1 
 2091      A9DFDDB3 
 2091      FC5ECA
 2092 3a58 236A1154 		.ascii	"#j\021T\247\030\240\304\\\245\361\341\205,B\252Y\225"
 2092      A718A0C4 
 2092      5CA5F1E1 
 2092      852C42AA 
 2092      5995
 2093 3a6a 9C3696DC 		.ascii	"\2346\226\334\177V\034\335$[={\371\021.\032\227ah\025"
 2093      7F561CDD 
 2093      245B3D7B 
 2093      F9112E1A 
 2093      97616815 
 2094 3a7e 6A1D6CAC 		.ascii	"j\035l\254\016\363\275\211\277\202\253\204\001\320p"
 2094      0EF3BD89 
 2094      BF82AB84 
 2094      01D070
 2095 3a8d 741E4DD1 		.ascii	"t\036M\321U7J\001\353c\316\232\032lG\301\332\372\026"
 2095      55374A01 
 2095      EB63CE9A 
ARM GAS  /tmp/cc4JZDS4.s 			page 163


 2095      1A6C47C1 
 2095      DAFA16
 2096 3aa0 C0CEF710 		.ascii	"\300\316\367\020\233\272D\231\2035\266|o\005\275\037"
 2096      9BBA4499 
 2096      8335B67C 
 2096      6F05BD1F 
 2097 3ab0 5AC4EF87 		.ascii	"Z\304\357\207\322\352'q|\025\243\245\3633%|8\204\240"
 2097      D2EA2771 
 2097      7C15A3A5 
 2097      F333257C 
 2097      3884A0
 2098 3ac3 C66E70C9 		.ascii	"\306np\311\271\327[9\\\357\257\240.\020\224\205@\205"
 2098      B9D75B39 
 2098      5CEFAFA0 
 2098      2E109485 
 2098      4085
 2099 3ad5 2E8A1D5E 		.ascii	".\212\035^\2233\222\241y\323FM\225\323\206U\230\023"
 2099      933392A1 
 2099      79D3464D 
 2099      95D38655 
 2099      9813
 2100 3ae7 D3B50F76 		.ascii	"\323\265\017v\223\263\226;f%\264`=@\025@5@9@\035\300"
 2100      93B3963B 
 2100      6625B460 
 2100      3D401540 
 2100      35403940 
 2101 3afd 4B805700 		.ascii	"K\200W\0005\000\015\000\025\322\0168\372\253\330*~`"
 2101      35000D00 
 2101      15D20E38 
 2101      FAABD82A 
 2101      7E60
 2102 3b0f 3B1F07B5 		.ascii	";\037\007\265V\371\232\331p\275\374\350\016\015\203"
 2102      56F99AD9 
 2102      70BDFCE8 
 2102      0E0D83
 2103 3b1e 518ABA29 		.ascii	"Q\212\272)\317d\315r\313\321\341~]Q7l\027\361a\005\331"
 2103      CF64CD72 
 2103      CBD1E17E 
 2103      5D51376C 
 2103      17F16105 
 2104 3b33 5E4BDAA7 		.ascii	"^K\332\247\352u\334\372\370u\004\316\257fkWu\244\005"
 2104      EA75DCFA 
 2104      F87504CE 
 2104      AF666B57 
 2104      75A405
 2105 3b46 03DC74F4 		.ascii	"\003\334t\364X\2422\2246A]\232e\241\324\275=\375Kd\012"
 2105      58A23294 
 2105      36415D9A 
 2105      65A1D4BD 
 2105      3DFD4B64 
 2106 3b5b 691602FB 		.ascii	"i\026\002\373\036\034\025\253m-\012\232\372Z\217M\331"
 2106      1E1C15AB 
 2106      6D2D0A9A 
 2106      FA5A8F4D 
 2106      D9
 2107 3b6c 24B55556 		.ascii	"$\265UV\33561\374\236\004x\201\323\355\361\360[\271"
 2107      DD3631FC 
ARM GAS  /tmp/cc4JZDS4.s 			page 164


 2107      9E047881 
 2107      D3EDF1F0 
 2107      5BB9
 2108 3b7e 96A72147 		.ascii	"\226\247!GX\230\211\350\031q$WX\250\337\215:\320\251"
 2108      589889E8 
 2108      19712457 
 2108      58A8DF8D 
 2108      3AD0A9
 2109 3b91 C7E24EB5 		.ascii	"\307\342N\265X\254i\035xUey\343\362\341\326S\267\215"
 2109      58AC691D 
 2109      78556579 
 2109      E3F2E1D6 
 2109      53B78D
 2110 3ba4 6EB47F17 		.ascii	"n\264\177\027\264-}\356M\217z\354S\037\031;\034\220"
 2110      B42D7DEE 
 2110      4D8F7AEC 
 2110      531F193B 
 2110      1C90
 2111 3bb6 804AE936 		.ascii	"\200J\3516[\263n\"d\310\221\274\374i<\351\023\372\252"
 2111      5BB36E22 
 2111      64C891BC 
 2111      FC693CE9 
 2111      13FAAA
 2112 3bc9 D4C1C6AC 		.ascii	"\324\301\306\254\240W\225<xq\374\363\244\006\251c/\335"
 2112      A057953C 
 2112      7871FCF3 
 2112      A406A963 
 2112      2FDD
 2113 3bdb E70969C1 		.ascii	"\347\011i\301B`qK\246\253zm\007\034\324\236hr\025\273"
 2113      4260714B 
 2113      A6AB7A6D 
 2113      071CD49E 
 2113      687215BB 
 2114 3bef EDE74CFA 		.ascii	"\355\347L\372\220zo6\240J \243X\360^+\272#d\032\013"
 2114      907A6F36 
 2114      A04A20A3 
 2114      58F05E2B 
 2114      BA23641A 
 2115 3c04 9DA33DC7 		.ascii	"\235\243=\307\312\006\037\001\226\243\262\306\363k,"
 2115      CA061F01 
 2115      96A3B2C6 
 2115      F36B2C
 2116 3c13 FECF6403 		.ascii	"\376\317d\003i\312w\252\272\224\213\334c\012\232\245"
 2116      69CA77AA 
 2116      BA948BDC 
 2116      630A9AA5 
 2117 3c23 8ADB78D9 		.ascii	"\212\333x\331\004m\\f\337\011\261\301\267\272\317\301"
 2117      046D5C66 
 2117      DF09B1C1 
 2117      B7BACFC1 
 2118 3c33 FBCF1973 		.ascii	"\373\317\031smw\362\3627\245w\320{\035\007\305\263\377"
 2118      6D77F2F2 
 2118      37A577D0 
 2118      7B1D07C5 
 2118      B3FF
 2119 3c45 137C009C 		.ascii	"\023|\000\234yt\000\274O\344\003 }\200\346\244\2035"
 2119      797400BC 
ARM GAS  /tmp/cc4JZDS4.s 			page 165


 2119      4FE40320 
 2119      7D80E6A4 
 2119      8335
 2120 3c57 FA87DD6F 		.ascii	"\372\207\335o\031\341\024\324\234\263\320Q\246\000\246"
 2120      19E114D4 
 2120      9CB3D051 
 2120      A600A6
 2121 3c66 A501E120 		.ascii	"\245\001\341 \221\217\230\023|\304TQG\\f\010j\230w\262"
 2121      918F9813 
 2121      7CC45451 
 2121      475C6608 
 2121      6A9877B2 
 2122 3c7a 31628ED9 		.ascii	"1b\216\331\226\003\224Y-\347\315Fr\213\366\276}Yt\253"
 2122      96039459 
 2122      2DE7CD46 
 2122      728BF6BE 
 2122      7D5974AB 
 2123 3c8e 27115F62 		.ascii	"'\021_b\205\220\212\271[W\222\210\005\323\\n\224\213"
 2123      85908AB9 
 2123      5B579288 
 2123      05D35C6E 
 2123      948B
 2124 3ca0 FA169105 		.ascii	"\372\026\221\005\007\225-\"$&r\362\316\225\037a\306"
 2124      07952D22 
 2124      242672F2 
 2124      CE951F61 
 2124      C6
 2125 3cb1 B1773A83 		.ascii	"\261w:\203?0e\016\224\031\006\242e\365`\257\276\015"
 2125      3F30650E 
 2125      941906A2 
 2125      65F560AF 
 2125      BE0D
 2126 3cc3 E03527A0 		.ascii	"\3405'\240b\226\240\006+RK\315~\016W\337\026\241{\315"
 2126      6296A006 
 2126      2B524BCD 
 2126      7E0E57DF 
 2126      16A17BCD 
 2127 3cd7 7344EBD5 		.ascii	"sD\353\3257\361\356hD\357\313\035{\222\215\325\032_"
 2127      37F1EE68 
 2127      44EFCB1D 
 2127      7B928DD5 
 2127      1A5F
 2128 3ce9 29FA918D 		.ascii	")\372\221\215}\007\253\352\002\201\250t08\321\231\324"
 2128      7D07ABEA 
 2128      0281A874 
 2128      3038D199 
 2128      D4
 2129 3cfa 2387A230 		.ascii	"#\207\2420\267\010\015i\305\302\214\317i\257\216\014"
 2129      B7080D69 
 2129      C5C28CCF 
 2129      69AF8E0C 
 2130 3d0a B302F1B9 		.ascii	"\263\002\361\271\037\0313*v\212\232\371o\000\377-\316"
 2130      1F19332A 
 2130      768A9AF9 
 2130      6F00FF2D 
 2130      CE
 2131 3d1b 7F07F86F 		.ascii	"\177\007\370oK+t\276\300\0036\335\313\261\3111m\005"
ARM GAS  /tmp/cc4JZDS4.s 			page 166


 2131      4B2B74BE 
 2131      C00336DD 
 2131      CBB1C931 
 2131      6D05
 2132 3d2d 78BA9963 		.ascii	"x\272\231c\341I$\273\205-f\037[\352\266\005\035\327"
 2132      E14924BB 
 2132      852D661F 
 2132      5BEAB605 
 2132      1DD7
 2133 3d3f 0EA3B7B5 		.ascii	"\016\243\267\265d\032\025\276Z]\354p\260a\200]u\005"
 2133      641A15BE 
 2133      5A5DEC70 
 2133      B061805D 
 2133      7505
 2134 3d51 81EA70D9 		.ascii	"\201\352p\331#\323\225\254#\213\273\332\204~#\331\306"
 2134      23D395AC 
 2134      238BBBDA 
 2134      847E23D9 
 2134      C6
 2135 3d62 C2B2E926 		.ascii	"\302\262\351&\316\211\034a\341\250\2748\337E\375\014"
 2135      CE891C61 
 2135      E1A8BC38 
 2135      DF45FD0C 
 2136 3d72 CDA183DA 		.ascii	"\315\241\203\332\031\232\322P77B.\220z\266\246\352\237"
 2136      199AD250 
 2136      3737422E 
 2136      907AB6A6 
 2136      EA9F
 2137 3d84 D12EEDF1 		.ascii	"\321.\355\361\370\313\333S\373|\007\035\210\333\337"
 2137      F8CBDB53 
 2137      FB7C071D 
 2137      88DBDF
 2138 3d93 C77B7269 		.ascii	"\307{riW!\256$\214\025\264{\313\015\301\006\361\256"
 2138      5721AE24 
 2138      8C15B47B 
 2138      CB0DC106 
 2138      F1AE
 2139 3da5 2B75C103 		.ascii	"+u\301\003\222\222\301;\370\033p\224S\320\341\322v\312"
 2139      9292C13B 
 2139      F81B7094 
 2139      53D0E1D2 
 2139      76CA
 2140 3db7 4AD701F8 		.ascii	"J\327\001\370s\\(\366\201\002[\032\016\350S_\316c\371"
 2140      735C28F6 
 2140      81025B1A 
 2140      0EE8535F 
 2140      CE63F9
 2141 3dca C3278EA1 		.ascii	"\303'\216\241\273\036\251\243\333\216\006'\234\200\232"
 2141      BB1EA9A3 
 2141      DB8E0627 
 2141      9C809A
 2142 3dd9 E402AC7D 		.ascii	"\344\002\254}\016pf\266\370\262\337Y\211\226\304c-\307"
 2142      0E7066B6 
 2142      F8B2DF59 
 2142      8996C463 
 2142      2DC7
 2143 3deb 2E6A8B6D 		.ascii	".j\213m\255)^=\306\306\260u\324\030\343 \360\324\321"
ARM GAS  /tmp/cc4JZDS4.s 			page 167


 2143      AD295E3D 
 2143      C6C6B075 
 2143      D418E320 
 2143      F0D4D1
 2144 3dfe D233FD4B 		.ascii	"\3223\375Kx\317\274\006\312}\340p/\363\236\025\353\333"
 2144      78CFBC06 
 2144      CA7DE070 
 2144      2FF39E15 
 2144      EBDB
 2145 3e10 20C7FF85 		.ascii	" \307\377\205\037\005\006\2645\003\242\2139\202J\226"
 2145      1F0506B4 
 2145      3503A28B 
 2145      39824A96 
 2146 3e20 77FDE788 		.ascii	"w\375\347\210\276\007h\353\234\273\312\0265\271\027"
 2146      BE0768EB 
 2146      9CBBCA16 
 2146      35B917
 2147 3e2f 02BB257A 		.ascii	"\002\273%zG#\224\023\320\012\335Ae\334\214/\004\023"
 2147      47239413 
 2147      D00ADD41 
 2147      65DC8C2F 
 2147      0413
 2148 3e41 803BC003 		.ascii	"\200;\300\003\224o\001n\244]g\362\220w\2356\007\334"
 2148      946F016E 
 2148      A45D67F2 
 2148      90779D36 
 2148      07DC
 2149 3e53 85726F23 		.ascii	"\205ro#\327\341A|\237\247}\203\320\310\375\016\326\350"
 2149      D7E1417C 
 2149      9FA77D83 
 2149      D0C8FD0E 
 2149      D6E8
 2150 3e65 BD56B7B5 		.ascii	"\275V\267\265f\3773\326e\015\260\206\024u\261~\342\321"
 2150      66FF33D6 
 2150      650DB086 
 2150      1475B17E 
 2150      E2D1
 2151 3e77 CE5FF013 		.ascii	"\316_\360\023\375\200\325n\203\267\030\227&\203<b\354"
 2151      FD80D56E 
 2151      83B71897 
 2151      26833C62 
 2151      EC
 2152 3e88 9FAA1B21 		.ascii	"\237\252\033!\374'7\002]$\255\\\231\320\360[9\207\376"
 2152      FC273702 
 2152      5D24AD5C 
 2152      99D0F05B 
 2152      3987FE
 2153 3e9b C4AFAFCF 		.ascii	"\304\257\257\317dJ\323\010\036\306\247\302\"_:\0269"
 2153      644AD308 
 2153      1EC6A7C2 
 2153      225F3A16 
 2153      39
 2154 3eac DBD12B74 		.ascii	"\333\321+tL\3654\322\205\343\265\376\342eW\222\207n"
 2154      4CF534D2 
 2154      85E3B5FE 
 2154      E2655792 
 2154      876E
ARM GAS  /tmp/cc4JZDS4.s 			page 168


 2155 3ebe 16E496F0 		.ascii	"\026\344\226\360\217H\023~\037\275\330\255\026\2270"
 2155      8F48137E 
 2155      1FBDD8AD 
 2155      169730
 2156 3ecd 9AF9408C 		.ascii	"\232\371@\214/\254\3671\312\226\000\327#\327u*x\354"
 2156      2FACF731 
 2156      CA9600D7 
 2156      23D7752A 
 2156      78EC
 2157 3edf 4DF372D4 		.ascii	"M\363r\324\360\334y\331\333\222}\215R\333\370\031\305"
 2157      F0DC79D9 
 2157      DB927D8D 
 2157      52DBF819 
 2157      C5
 2158 3ef0 77D255F9 		.ascii	"w\322U\371\2649\223vT\303\273#\264\216?\263\217\036"
 2158      B4399376 
 2158      54C3BB23 
 2158      B48E3FB3 
 2158      8F1E
 2159 3f02 49CA8E89 		.ascii	"I\312\216\211\272\321\221\036\374-\251l8\304UmQ(\320"
 2159      BAD1911E 
 2159      FC2DA96C 
 2159      38C4556D 
 2159      5128D0
 2160 3f15 A8B628D4 		.ascii	"\250\266(\324V\020\231\353Df\031-\031\233\3347\302O"
 2160      561099EB 
 2160      4466192D 
 2160      199BDC37 
 2160      C24F
 2161 3f27 EC31A4EC 		.ascii	"\3541\244\354p\222\321h\207\234<R-\007\231\354\330u"
 2161      7092D168 
 2161      879C3C52 
 2161      2D0799EC 
 2161      D875
 2162 3f39 2104B0C2 		.ascii	"!\004\260\302\214\317\361\364\322\007\354\032]\032\030"
 2162      8CCFF1F4 
 2162      D207EC1A 
 2162      5D1A18
 2163 3f48 B84F7622 		.ascii	"\270Ov\"\313\250K]N`\253NM\227pU]\006\027ro\235\310"
 2163      CBA84B5D 
 2163      4E60AB4E 
 2163      4D977055 
 2163      5D061772 
 2164 3f5f 19D25E9A 		.ascii	"\031\322^\232F|u\344\001\013=]\031\365.\252\207\235"
 2164      467C75E4 
 2164      010B3D5D 
 2164      19F52EAA 
 2164      879D
 2165 3f71 54199D2D 		.ascii	"T\031\235-\244d\013$\370g\330-\266\\\257\2568G\351\256"
 2165      A4640B24 
 2165      F867D82D 
 2165      B65CAFAE 
 2165      3847E9AE 
 2166 3f85 DBC5DE4F 		.ascii	"\333\305\336O\265\024\217\271\263g\212\202\326B\014"
 2166      B5148FB9 
 2166      B3678A82 
 2166      D6420C
ARM GAS  /tmp/cc4JZDS4.s 			page 169


 2167 3f94 F04800AB 		.ascii	"\360H\000\253\007\030-\017\025\215\206\353"
 2167      07182D0F 
 2167      158D86EB 
 2168 3fa0 71E055AB 		.ascii	"q\340U\253\226\356\273\260\253\211\245\017,}\027\352"
 2168      96EEBBB0 
 2168      AB89A50F 
 2168      2C7D17EA 
 2169 3fb0 4ED16D9D 		.ascii	"N\321m\235\233\336}\333\302:X\205u\020g\015\327xg7y"
 2169      9BDE7DDB 
 2169      C23A5885 
 2169      7510670D 
 2169      D7786737 
 2170 3fc5 30173173 		.ascii	"0\0271sL0\362\345\037\300\212\007\2105J\267@\355~\316"
 2170      4C30F2E5 
 2170      1FC08A07 
 2170      88354AB7 
 2170      40ED7ECE 
 2171 3fd9 C23F5285 		.ascii	"\302?R\205\177\004\347\317\307\271\320\351\240\037\220"
 2171      7F04E7CF 
 2171      C7B9D0E9 
 2171      A01F90
 2172 3fe8 869FC1B1 		.ascii	"\206\237\301\261$e\277[\3340'\223)$qF*b\301/\302\346"
 2172      2465BF5B 
 2172      DC302793 
 2172      29247146 
 2172      2A62C12F 
 2173 3ffe 8A83     		.ascii	"\212\203"
 2174 4000 9D1E39EC 		.ascii	"\235\0369\354\221\302)\323\200*\325(\271\263>\271\367"
 2174      91C229D3 
 2174      802AD528 
 2174      B9B33EB9 
 2174      F7
 2175 4011 CC9D1D77 		.ascii	"\314\235\035wL\006\014\177\220\221bm8\351\354l\357s"
 2175      4C060C7F 
 2175      9091626D 
 2175      38E9EC6C 
 2175      EF73
 2176 4023 7896129C 		.ascii	"x\226\022\234^\360\346\310\352y^\341Js\2563\351\307"
 2176      5EF0E6C8 
 2176      EA795EE1 
 2176      4A73AE33 
 2176      E9C7
 2177 4035 5AF954C6 		.ascii	"Z\371T\306\247k\3457\022\315\313\227\351\234\215\225"
 2177      A76BE537 
 2177      12CDCB97 
 2177      E99C8D95 
 2178 4045 7674C170 		.ascii	"vt\301p;\257\203\230o ~\275\370\222\335W\312\000\\/"
 2178      3BAF8398 
 2178      6F207EBD 
 2178      F892DD57 
 2178      CA005C2F 
 2179 4059 A3F5E358 		.ascii	"\243\365\343X\350\025v_)\223\205\207\365\376\373x\015"
 2179      E815765F 
 2179      29938587 
 2179      F5FEFB78 
 2179      0D
 2180 406a 5940E955 		.ascii	"Y@\351UW!&G\316\347\030\237LM\231d)\230d\211L\262\031"
ARM GAS  /tmp/cc4JZDS4.s 			page 170


 2180      57212647 
 2180      CEE7189F 
 2180      4C4D9964 
 2180      29986489 
 2181 4081 13AFFBB2 		.ascii	"\023\257\373\262n=9@&=\255=\031\256\234\311\316\257"
 2181      6E3D3940 
 2181      263DAD3D 
 2181      19AE9CC9 
 2181      CEAF
 2182 4093 9A99E428 		.ascii	"\232\231\344(\230\344\210Lr\031\223\327\241k[Z\342\366"
 2182      98E4884C 
 2182      721993D7 
 2182      A16B5B5A 
 2182      E2F6
 2183 40a5 B38CC9AA 		.ascii	"\263\214\311\252\317U\204xKt\366\233f&y\012&y\"\223"
 2183      CF558478 
 2183      4B74F69B 
 2183      6626790A 
 2183      26792293 
 2184 40b9 7CC624AF 		.ascii	"|\306$\2571gYK\"\221\311QQM\236\2263\351\375\027f&\005"
 2184      3167594B 
 2184      2291C951 
 2184      514D9E96 
 2184      33E9FD17 
 2185 40d0 0A260522 		.ascii	"\012&\005\"\223B\306d\263\376\276\220\220<d\262\325"
 2185      9342C664 
 2185      B3FEBE90 
 2185      903C64B2 
 2185      D5
 2186 40e1 5F9A6B10 		.ascii	"_\232k\020m\362\0353\223\"\005\223\"\221I1cR:\345\273"
 2186      6DF21D33 
 2186      93220593 
 2186      22914931 
 2186      63523AE5 
 2187 40f6 6F20F5C8 		.ascii	"o \365\310\2444}%C\254\316\316w\315LJ\024LJD&\245\214"
 2187      A4347D25 
 2187      43ACCECE 
 2187      77CD4C4A 
 2187      144C4A44 
 2188 410d C9F5D9CD 		.ascii	"\311\365\331\315\271\206\214 \223\202\275\227=\204\254"
 2188      B9868C20 
 2188      9382BD97 
 2188      3D84AC
 2189 411c 61E1366E 		.ascii	"a\3416n3@C\266\261\020\365\320\363-\305\224\252\334"
 2189      334043B6 
 2189      B110F5D0 
 2189      F32DC594 
 2189      AADC
 2190 412e 68FD329F 		.ascii	"h\3752\237\360\301\231\015\331\012\357+\231SV\360\370"
 2190      F0C1990D 
 2190      D90AEF2B 
 2190      995356F0 
 2190      F8
 2191 413f AC59182A 		.ascii	"\254Y\030*Lp5\317u\207\036>\265\274\272\304\037\277"
 2191      4C7035CF 
 2191      75871E3E 
 2191      B5BCBAC4 
ARM GAS  /tmp/cc4JZDS4.s 			page 171


 2191      1FBF
 2192 4151 04DEFC12 		.ascii	"\004\336\374\022\370V\251{\263\215'.Wq\247\2554;\354"
 2192      F856A97B 
 2192      B38D272E 
 2192      5771A7AD 
 2192      343BEC
 2193 4164 8347F184 		.ascii	"\203G\361\204\023\251\3772\316\010g\362\213\\lLt\253"
 2193      13A9FF32 
 2193      CE0867F2 
 2193      8B5C6C4C 
 2193      74AB
 2194 4176 B9303979 		.ascii	"\27109yS\257)\220X\036l\225\357A\237%\245\021j\000\261"
 2194      53AF2990 
 2194      581E6C95 
 2194      EF419F25 
 2194      A5116A00 
 2195 418b CC68FD00 		.ascii	"\314h\375\000\3642\321\244\265\314\244W~\245E\256\244"
 2195      F432D1A4 
 2195      B5CCA457 
 2195      7EA545AE 
 2195      A4
 2196 419c 0F452F26 		.ascii	"\017E/&\266\306\352\311\336\227\037\333\260\325 \033"
 2196      B6C6EAC9 
 2196      DE971FDB 
 2196      B0D5201B 
 2197 41ac E246934E 		.ascii	"\342F\223N}\215\212\365\012\3325\345xQ\0055A\262\033"
 2197      7D8D8AF5 
 2197      0ADA35E5 
 2197      78510535 
 2197      41B21B
 2198 41bf A98D3293 		.ascii	"\251\2152\2235\211\266>\215X\237r\261\265\200n'4\363"
 2198      3589B63E 
 2198      8D589F72 
 2198      B1B5806E 
 2198      2734F3
 2199 41d2 BAB748C3 		.ascii	"\272\267H\303\346C\362[i)\311\230\206\000#\241\036\244"
 2199      E643F25B 
 2199      6929C998 
 2199      860023A1 
 2199      1EA4
 2200 41e4 37DB8C2F 		.ascii	"7\333\214/\2319k\340C\265?\207\033\335\253\317\332m"
 2200      99396BE0 
 2200      43B53F87 
 2200      1BDDABCF 
 2200      DA6D
 2201 41f6 D9BA95B3 		.ascii	"\331\272\225\263\221\310\003\212\251\330\262\\\301l"
 2201      91C8038A 
 2201      A9D8B25C 
 2201      C16C
 2202 4204 EB2F89B6 		.ascii	"\353/\211\266n\243\362\024\266\256\023m\335\316l}\342"
 2202      6EA3F214 
 2202      B6AE136D 
 2202      DDCE6C7D 
 2202      E2
 2203 4215 DD5B6B4F 		.ascii	"\335[kOzP\364\331\362z\274\030\027:\213\336\2160\231"
 2203      7A50F4D9 
 2203      F27ABC18 
ARM GAS  /tmp/cc4JZDS4.s 			page 172


 2203      173A8BDE 
 2203      8E3099
 2204 4228 BEC53A41 		.ascii	"\276\305:A\207\242\023t\210\\:\031\227\233\304\261q"
 2204      87A21374 
 2204      885C3A19 
 2204      979BC4B1 
 2204      71
 2205 4239 1732875C 		.ascii	"\0272\207\\\306=\374\027]\310\011\257\315\362\310\245"
 2205      C63DFC17 
 2205      5DC809AF 
 2205      CDF2C8A5 
 2206 4249 517D06DB 		.ascii	"Q}\006\333mT\233\301\256\207\027n;<\022\374{y\365\373"
 2206      6D549BC1 
 2206      AE87176E 
 2206      3B3C12FC 
 2206      7B79F5FB 
 2207 425d 20BCF64B 		.ascii	" \274\366KM>\324\015&\217\346g\330x'\350U79\237\355"
 2207      4D3ED40D 
 2207      268FE667 
 2207      D87827E8 
 2207      5537399F 
 2208 4272 C5E870FE 		.ascii	"\305\350p\376\332c\304}\326\024[m\033K\014\275\201]"
 2208      DA63C47D 
 2208      D6145B6D 
 2208      1B4B0CBD 
 2208      815D
 2209 4284 7C0AF9D0 		.ascii	"|\012\371\320\317\263:%F\225y[\355\2337\217\000\003"
 2209      CFB33A25 
 2209      4695795B 
 2209      ED9B378F 
 2209      0003
 2210 4296 5CAA958A 		.ascii	"\\\252\225\212@u\036\3567\355`n\245_\314\363\3505\321"
 2210      40751EEE 
 2210      37ED606E 
 2210      A55FCCF3 
 2210      E835D1
 2211 42a9 561A04E4 		.ascii	"V\032\004\344.\205}\273D\373\0161\373v\344\205\2049"
 2211      2E857DBB 
 2211      44FB0E31 
 2211      FB76E485 
 2211      8439
 2212 42bb 9331145F 		.ascii	"\2231\024_s]\273h$o\260\020\034<\277j$\327\254@\226"
 2212      735DBB68 
 2212      246FB010 
 2212      1C3CBF6A 
 2212      24D7AC40 
 2213 42d0 26F3CA1C 		.ascii	"&\363\312\034,\0170\333\334zkye\011\0273\250\023\216"
 2213      2C0F30DB 
 2213      DC7A6B79 
 2213      65091733 
 2213      A8138E
 2214 42e3 02D371A5 		.ascii	"\002\323q\245E\224\253\253\026=\306yU&\240*cRk\217\276"
 2214      4594ABAB 
 2214      163DC679 
 2214      5526A02A 
 2214      63526B8F 
 2215 42f8 6D71EE11 		.ascii	"mq\356\021u\276\334\271[\203F\327\365\244\343+\030\357"
ARM GAS  /tmp/cc4JZDS4.s 			page 173


 2215      75BEDCB9 
 2215      5B8346D7 
 2215      F5A4E32B 
 2215      18EF
 2216 430a 2BD2A20C 		.ascii	"+\322\242\0146L7\311\331X\311\003\252\364\340\3455\235"
 2216      364C37C9 
 2216      D958C903 
 2216      AAF4E0E5 
 2216      359D
 2217 431c D974EFE5 		.ascii	"\331t\357\345\255v1\323M\001\362\260\302t\303\242\351"
 2217      AD7631D3 
 2217      4D01F2B0 
 2217      C274C3A2 
 2217      E9
 2218 432d A699E9CA 		.ascii	"\246\231\351\312\002s\223\015d\014\305\327\264,tiD\007"
 2218      0273930D 
 2218      640CC5D7 
 2218      B42C7469 
 2218      4407
 2219 433f EFB738F8 		.ascii	"\357\2678\370\214\202\313\214\310e\226q\031\332\352"
 2219      8C82CB8C 
 2219      C8659671 
 2219      19DAEA
 2220 434e F80ED940 		.ascii	"\370\016\331@&'\233\315\205N\344\016\013\276\331y\201"
 2220      26279BCD 
 2220      854EE40E 
 2220      0BBED979 
 2220      81
 2221 435f 3AE2FE01 		.ascii	":\342\376\001\216!);s\312[\216\363\300jA\026y<B\016"
 2221      8E21293B 
 2221      73CA5B8E 
 2221      F3C06A41 
 2221      16793C42 
 2222 4374 5A75240C 		.ascii	"Zu$\014\211\266\033<\023\224\267\034\027\025D\321\245"
 2222      89B61B3C 
 2222      1394B71C 
 2222      171544D1 
 2222      A5
 2223 4385 EED9B2FB 		.ascii	"\356\331\262\373\374K2\223/\213\341\352\256\361vYo;"
 2223      FC4B3293 
 2223      2F8BE1EA 
 2223      AEF17659 
 2223      6F3B
 2224 4397 5CAD700B 		.ascii	"\\\255p\013\257\312\372N\340g\314}\007\030\011\257A"
 2224      AFCAFA4E 
 2224      E067CC7D 
 2224      071809AF 
 2224      41
 2225 43a8 FA8ACD16 		.ascii	"\372\212\315\026\315J\230\0302\220\015T\177$\253v\327"
 2225      CD4A9818 
 2225      32900D54 
 2225      7F24AB76 
 2225      D7
 2226 43b9 D6CE8835 		.ascii	"\326\316\2105\316F\"\217fS\345U\201\256\346\326\374"
 2226      CE46228F 
 2226      6653E555 
 2226      81AEE6D6 
ARM GAS  /tmp/cc4JZDS4.s 			page 174


 2226      FC
 2227 43ca 203703C3 		.ascii	" 7\003\303\325: \316)\302\325\234\330\016\033\254\035"
 2227      D53A20CE 
 2227      29C2D59C 
 2227      D80E1BAC 
 2227      1D
 2228 43db DE14B515 		.ascii	"\336\024\265\025:\220s\024]tW\343\315\037\315\375u\332"
 2228      3A907314 
 2228      5D7457E3 
 2228      CD1FCDFD 
 2228      75DA
 2229 43ed 15F23376 		.ascii	"\025\3623v\370\026\232%\272\205\346\270\2528\337\231"
 2229      F8169A25 
 2229      BA85E6B8 
 2229      AA38DF99 
 2230 43fd DC22EE62 		.ascii	"\334\"\356b\305\315\252\003\361\370\005L]\022j\247\265"
 2230      C5CDAA03 
 2230      F1F8054C 
 2230      5D126AA7 
 2230      B5
 2231 440e 24E0171E 		.ascii	"$\340\027\036\033S\366e\306\257x\225\000\243P\010R\214"
 2231      1B53F665 
 2231      C6AF7895 
 2231      00A35008 
 2231      528C
 2232 4420 2FC54629 		.ascii	"/\305F)\237\362|\000\232\312\211\272\267\356\247d\233"
 2232      9FF27C00 
 2232      9ACA89BA 
 2232      B7EEA764 
 2232      9B
 2233 4431 2C0E6526 		.ascii	",\016e&}#N\266\326\333\247\342\010I@\346\207\307\021"
 2233      7D234EB6 
 2233      D6DBA7E2 
 2233      084940E6 
 2233      87C711
 2234 4444 DE7A9287 		.ascii	"\336z\222\207\205\2757\303\236\312g\212\037\203\244"
 2234      85BD37C3 
 2234      9ECA678A 
 2234      1F83A4
 2235 4453 1399A41C 		.ascii	"\023\231\244\034\377l\037\015\251F\242\353\245\316["
 2235      FF6C1F0D 
 2235      A946A2EB 
 2235      A5CE5B
 2236 4462 E5AB374F 		.ascii	"\345\2537O\025D\3155\215\033\2623Zg2\365\316E\365\036"
 2236      1544CD35 
 2236      8D1BB233 
 2236      5A6732F5 
 2236      CE45F51E 
 2237 4476 79328C51 		.ascii	"y2\214Q\345!\266\303\221eN\244\225\253\222~T\242\272"
 2237      E521B6C3 
 2237      91654EA4 
 2237      95AB927E 
 2237      54A2BA
 2238 4489 67FF12B4 		.ascii	"g\377\022\264Q\243\366L\3638s&\003\214\332\331\357x"
 2238      51A3F64C 
 2238      F3387326 
 2238      038CDAD9 
ARM GAS  /tmp/cc4JZDS4.s 			page 175


 2238      EF78
 2239 449b 2943675E 		.ascii	")Cg^7\221<H\341\242\3663i\327qx\337\206>v`\027\270\335"
 2239      37913C48 
 2239      E1A2F633 
 2239      69D77178 
 2239      DF863E76 
 2240 44b3 4B527DEB 		.ascii	"KR}\353\373cl\003)\230[\330\343\210\266\356\322\321"
 2240      FB636C03 
 2240      29985BD8 
 2240      E388B6EE 
 2240      D2D1
 2241 44c5 795783D5 		.ascii	"yW\203\325\371\030\212\257z>F\026\305\266aJ\264e|\216"
 2241      F9188AAF 
 2241      7A3E4616 
 2241      C5B6614A 
 2241      B4657C8E 
 2242 44d9 BDFD9EFB 		.ascii	"\275\375\236\373\274\217\343\013\301\003\300\015\340"
 2242      BC8FE30B 
 2242      C103C00D 
 2242      E0
 2243 44e6 0E22DA2D 		.ascii	"\016\"\332-\300\015]@\200\262'\200\027\300\003]T\200"
 2243      C00D5D40 
 2243      80B22780 
 2243      17C0035D 
 2243      5480
 2244 44f8 4F6F4749 		.ascii	"OoGI\177\034l\224lL\235\266\267V\332\372\3643\253\037"
 2244      7F1C6C94 
 2244      6C4C9DB6 
 2244      B756DAFA 
 2244      F433AB1F 
 2245 450c 45DD51D4 		.ascii	"E\335Q\324Oq\316\373\240^r\246\345H\201\2578\267+j\""
 2245      4F71CEFB 
 2245      A05E72A6 
 2245      E54881AF 
 2245      38B72B6A 
 2246 4521 1E0295A3 		.ascii	"\036\002\225\243+\016\352t\326\363\323H\340>\270\016"
 2246      2B0EEA74 
 2246      D6F3D348 
 2246      E03EB80E 
 2247 4531 6463C051 		.ascii	"dc\300Qa?\252`o\275ld\256\350\214\015T\011k3\356\265"
 2247      613FAA60 
 2247      6FBD6C64 
 2247      AEE88C0D 
 2247      54096B33 
 2248 4547 A2928556 		.ascii	"\242\222\205Vl7\352\370cr\256\214\270\305Y\352L\322"
 2248      6C37EAF8 
 2248      6372AE8C 
 2248      B8C559EA 
 2248      4CD2
 2249 4559 C897D6E4 		.ascii	"\310\227\326\344\321\345@`VN\013\367\207\275\241V\013"
 2249      D1E54060 
 2249      564E0BF7 
 2249      87BDA156 
 2249      0B
 2250 456a 82662FF0 		.ascii	"\202f/\360u\374?\362\002\340^\342u\336\247\343\313I"
 2250      75FC3FF2 
 2250      02E05EE2 
ARM GAS  /tmp/cc4JZDS4.s 			page 176


 2250      75DEA7E3 
 2250      CB49
 2251 457c 53BD9F59 		.ascii	"S\275\237Y\336\030\303\235\301~\216O\205M\036&Eqv\364"
 2251      DE18C39D 
 2251      C17E8E4F 
 2251      854D1E26 
 2251      457176F4 
 2252 4590 0AEDE4FE 		.ascii	"\012\355\344\376\2164H\246\357\226\026\0202\311\264"
 2252      8E3448A6 
 2252      EF961610 
 2252      32C9B4
 2253 459f D4349777 		.ascii	"\3244\227w\216\333\333\036\016\002\035Q\311 \251\373"
 2253      8EDBDB1E 
 2253      0E021D51 
 2253      C920A9FB 
 2254 45af 0DCD7FC6 		.ascii	"\015\315\177\306-Y\222\275\322\3311ET\037\0166vNr\005"
 2254      2D5992BD 
 2254      D2D93145 
 2254      541F0E36 
 2254      764E7205 
 2255 45c3 92FE359C 		.ascii	"\222\3765\234)\254\277*w\2641\034\004;\022kytu\251-"
 2255      29ACBF2A 
 2255      77B4311C 
 2255      043B126B 
 2255      797475A9 
 2256 45d8 FCD46019 		.ascii	"\374\324`\031\334sW\275\331p\020\002\210\001\216\326"
 2256      DC7357BD 
 2256      D9701002 
 2256      88018ED6 
 2257 45e8 C301BDC2 		.ascii	"\303\001\275\302\206\203PV\323\265\341\351\016\035)"
 2257      86835056 
 2257      D3B5E1E9 
 2257      0E1D29
 2258 45f7 44D1D9F1 		.ascii	"D\321\331\3611Ub\366:X`\031\334\303\034\255\007\367"
 2258      315562F6 
 2258      3A586019 
 2258      DCC31CAD 
 2258      07F7
 2259 4609 30914B38 		.ascii	"0\221K8\343\262\235\261\034nOj\031\227\017\033>#\271"
 2259      E3B29DB1 
 2259      1C6E4F6A 
 2259      19970F1B 
 2259      3E23B9
 2260 461c FE51527B 		.ascii	"\376QR{\035^)\207\317H\233\366J*\232\352\325\220\320"
 2260      1D5E2987 
 2260      CF489BF6 
 2260      4A2A9AEA 
 2260      D590D0
 2261 462f 5FC4A128 		.ascii	"_\304\241(\253$\325\326\360\031\355H\254\345\321\344"
 2261      AB24D5D6 
 2261      F019ED48 
 2261      ACE5D1E4 
 2262 463f 213DE47B 		.ascii	"!=\344{\226\3213\205'\3731\200\027\2410W\204X\321XV"
 2262      96D13385 
 2262      27FB3180 
 2262      17A13057 
 2262      8458D158 
ARM GAS  /tmp/cc4JZDS4.s 			page 177


 2263 4654 519F79FF 		.ascii	"Q\237y\377b#IA\311%S\005\215\204Tca\267\343h\303\031"
 2263      62234941 
 2263      C9255305 
 2263      8D845463 
 2263      61B7E368 
 2264 466a DFD2221D 		.ascii	"\337\322\"\035\004\023\034\237I\006\214\221\310\250"
 2264      04131C9F 
 2264      49068C91 
 2264      C8A8
 2265 4678 3A07D285 		.ascii	":\007\322\205\024S\023\323-\304\232BH\004\201r\242\214"
 2265      145313D3 
 2265      2DC49A42 
 2265      48048172 
 2265      A28C
 2266 468a B1DE69D9 		.ascii	"\261\336i\331M\302$G\351\336\217dG\376\324\301\233\323"
 2266      4DC22447 
 2266      E9DE8F64 
 2266      47FED4C1 
 2266      9BD3
 2267 469c 080F0741 		.ascii	"\010\017\007A\334]\001F\355Jx\276\\\276,\237\324\246"
 2267      DC5D0146 
 2267      ED4A78BE 
 2267      5CBE2C9F 
 2267      D4A6
 2268 46ae AA1BD5C6 		.ascii	"\252\033\325\306\003ES\271\355R\240c\245\001\244\003"
 2268      034553B9 
 2268      ED52A063 
 2268      A501A403 
 2269 46be 6448DBAD 		.ascii	"dH\333\255\263\350I8\333\310.\316\000(\205\355\215\354"
 2269      B3E84938 
 2269      DBC82ECE 
 2269      002885ED 
 2269      8DEC
 2270 46d0 83456F87 		.ascii	"\203Eo\207\231\367\275\307;\252\242K6\247O\026\275\203"
 2270      99F7BDC7 
 2270      3BAAA24B 
 2270      36A74F16 
 2270      BD83
 2271 46e2 DA431D59 		.ascii	"\332C\035Y(\224k/\333\260\234\354\321\364\267$\346\037"
 2271      28946B2F 
 2271      DBB09CEC 
 2271      D1F4B724 
 2271      E61F
 2272 46f4 30CB7AAD 		.ascii	"0\313z\255G\277\326\330\270\321\220\311\245\332\250"
 2272      47BFD6D8 
 2272      B8D190C9 
 2272      A5DAA8
 2273 4703 1650479E 		.ascii	"\026PG\236\006\257\031-\323\214\3446\314\225\263\200"
 2273      06AF192D 
 2273      D38CE436 
 2273      CC95B380 
 2274 4713 28CED17A 		.ascii	"(\316\321z\007s\234\350\037\331\314?z\032\342\002\235"
 2274      07739CE8 
 2274      1FD9CC3F 
 2274      7A1AE202 
 2274      9D
 2275 4724 492653C3 		.ascii	"I&S\303j\211\341\260\370\271b\211!\357\221\326Py\251"
ARM GAS  /tmp/cc4JZDS4.s 			page 178


 2275      6A89E1B0 
 2275      F8B96289 
 2275      21EF91D6 
 2275      5079A9
 2276 4737 13573BD7 		.ascii	"\023W;\327\254\252\347\320\352\214\226\\b\255\213\362"
 2276      ACAAE7D0 
 2276      EA8C965C 
 2276      62AD8BF2 
 2277 4747 4C9BC446 		.ascii	"L\233\304FG\310w$*\344~\235a]\226\232\276H\346=\241"
 2277      47C87724 
 2277      2AE47E9D 
 2277      615D969A 
 2277      BE48E63D 
 2278 475c 00107314 		.ascii	"\000\020s\024=!G\254i!\253i\331xB$!>\377P\370I\246\234"
 2278      3D2147AC 
 2278      6921AB69 
 2278      D9784224 
 2278      213EFF50 
 2279 4774 C55C7409 		.ascii	"\305\\t\011\030\272T\352?\017\275\317\323\016\254\214"
 2279      18BA54EA 
 2279      3F0FBDCF 
 2279      D30EAC8C 
 2280 4784 52AC6E14 		.ascii	"R\254n\024\356\022\011V\016Wl\303\341@\305\366\260\227"
 2280      EE120956 
 2280      0E576CC3 
 2280      E140C5F6 
 2280      B097
 2281 4796 9D7A32CB 		.ascii	"\235z2\313T\0242C\227+]l\314\233\312\034\211\232\212"
 2281      54143243 
 2281      972B5D6C 
 2281      CC9BCA1C 
 2281      899A8A
 2282 47a9 743569B2 		.ascii	"t5i\262zM\222i'\361)\347K@.R\004\305\"\321B\345\314"
 2282      7A4D9269 
 2282      27F129E7 
 2282      4B402E52 
 2282      04C522D1 
 2283 47c0 420BC9AB 		.ascii	"B\013\311\253)Nd\033\305\357\337\276\256\267'W"
 2283      294E641B 
 2283      C5EFDFBE 
 2283      AEB72757 
 2284 47d0 ACA0A9DA 		.ascii	"\254\240\251\332\350\212\267<\274\177q\353\271l\245"
 2284      E88AB73C 
 2284      BC7F71EB 
 2284      B96CA5
 2285 47df A302D854 		.ascii	"\243\002\330T}$\307\250\342\272W\232\365>\311\353.r"
 2285      7D24C7A8 
 2285      E2BA579A 
 2285      F53EC9EB 
 2285      2E72
 2286 47f1 20CDBF84 		.ascii	" \315\277\204\273\2163f\2745\266\326\236\27009y\302"
 2286      BB8E3366 
 2286      BC35B6D6 
 2286      9EB83039 
 2286      79C2
 2287 4803 5EFEAF59 		.ascii	"^\376\257Y\006\224\244\014\037\\z\002\274W\012\277x"
 2287      0694A40C 
ARM GAS  /tmp/cc4JZDS4.s 			page 179


 2287      1F5C7A02 
 2287      BC570ABF 
 2287      78
 2288 4814 25D6BA96 		.ascii	"%\326\272\226\325:{\267,YK\372Qr\303y}\207\013\331\302"
 2288      D53A7BB7 
 2288      2C594BFA 
 2288      5172C379 
 2288      7D870BD9 
 2289 4829 4281DFD8 		.ascii	"B\201\337\330_\223#\374\236^2YfckJ\203\243\332\006\372"
 2289      5F9323FC 
 2289      9E5E3259 
 2289      66636B4A 
 2289      83A3DA06 
 2290 483e B488B82C 		.ascii	"\264\210\270,'r\317\250\365\221o\266\0075\374\214\231"
 2290      2772CFA8 
 2290      F5916FB6 
 2290      0735FC8C 
 2290      99
 2291 484f AC45CD6F 		.ascii	"\254E\315oZ\242och\346\325j\203\026m\007h\005h\001\350"
 2291      5AA26F63 
 2291      68E6D56A 
 2291      83166D07 
 2291      68056801 
 2292 4864 9039A09F 		.ascii	"\2209\240\237\263\237xs\265\321\021705\253D\031I\020"
 2292      B39F7873 
 2292      B5D11137 
 2292      3035AB44 
 2292      194910
 2293 4877 BBCE21F4 		.ascii	"\273\316!\364\251-t\273\025}\236\260\032\266\304_\305"
 2293      A92D74BB 
 2293      157D9EB0 
 2293      1AB6C45F 
 2293      C5
 2294 4888 C70988AF 		.ascii	"\307\011\210\257eh~\314\273w\2205\275y^\357\250\212"
 2294      65687ECC 
 2294      BB779035 
 2294      BD795EEF 
 2294      A88A
 2295 489a 2BD16321 		.ascii	"+\321c!\226o\343\240z7)\320e\317\336\252,\212\377+\033"
 2295      966FE3A0 
 2295      7A3729D0 
 2295      65CFDEAA 
 2295      2C8AFF2B 
 2296 48af 2FA572D3 		.ascii	"/\245r\323\177\250\251h_j\216\004\373{\375\362c\023"
 2296      7FA8A968 
 2296      5F6A8E04 
 2296      FB7BFDF2 
 2296      6313
 2297 48c1 BE6E47E9 		.ascii	"\276nG\351\344\250\377\362\260\316\221\204#E\372hm\207"
 2297      E4A8FFF2 
 2297      B0CE9184 
 2297      2345FA68 
 2297      6D87
 2298 48d3 F2F91A3D 		.ascii	"\362\371\032=\240\264\234(k.\177[\366\200\324^Y\235"
 2298      A0B49C28 
 2298      6B2E7F5B 
 2298      F680D45E 
ARM GAS  /tmp/cc4JZDS4.s 			page 180


 2298      599D
 2299 48e5 FAF85827 		.ascii	"\372\370X'\324\265{U:\223|d\236\2320]\243\234M\366\003"
 2299      D4B57B55 
 2299      3A937C64 
 2299      9E9A305D 
 2299      A39C4DF6 
 2300 48fa F3011973 		.ascii	"\363\001\031s\367\325\240m\331A\236\001\031\363A\221"
 2300      F7D5A06D 
 2300      D9419E01 
 2300      19F34191 
 2301 490a 79E6FAA9 		.ascii	"y\346\372\251\247\003\251C\346\265\276\265\253\312\305"
 2301      A703A943 
 2301      E6B5BEB5 
 2301      ABCAC5
 2302 4919 8521603E 		.ascii	"\205!`>,c\35664\263\244U\314\031\225x\225\227\245{\262"
 2302      2C63EE36 
 2302      34B3A455 
 2302      CC199578 
 2302      9597A57B 
 2303 492e 2DB62332 		.ascii	"-\266#2%FE%\002|+=]\310 W\242}\362s\352K\200c\216*K"
 2303      25464525 
 2303      027C2B3D 
 2303      5DC82057 
 2303      A27DF273 
 2304 4949 80FAE6BD 		.ascii	"\200\372\346\275\321(\255\354\265m\3640\322>\236\325"
 2304      D128ADEC 
 2304      B56DF430 
 2304      D23E9ED5 
 2305 4959 00230A5D 		.ascii	"\000#\012]@6\363\270\343\356\362]\001\240\021;\0078"
 2305      4036F3B8 
 2305      E3EEF25D 
 2305      01A0113B 
 2305      0738
 2306 496b F398E32E 		.ascii	"\363\230\343.\354\362Y\010\030\021\267\374<\352\272"
 2306      ECF25908 
 2306      1811B7FC 
 2306      3CEABA
 2307 497a DD0244F0 		.ascii	"\335\002D\360q\336\335f\034\325\037\316\240~\030\267"
 2307      71DEDD66 
 2307      1CD51FCE 
 2307      A07E18B7 
 2308 498a 9F6B4E6B 		.ascii	"\237kNk<\011.:\0050\0010\0130\355(\271\225E\017rv\002"
 2308      3C092E3A 
 2308      05300130 
 2308      0B30ED28 
 2308      B995450F 
 2309 49a1 623D27B0 		.ascii	"b='\260\274\211B\276\257\346\260-)\333\236l\240\241"
 2309      BC8942BE 
 2309      AFE6B02D 
 2309      29DB9E6C 
 2309      A0A1
 2310 49b3 374C5B9F 		.ascii	"7L[\237\267q\012x\356\303\005\003\203\371\261\243yg"
 2310      B7710A78 
 2310      EEC30503 
 2310      83F9B1A3 
 2310      7967
 2311 49c5 CB809190 		.ascii	"\313\200\221\220\201\003\306kj\016\036:-'J\341\012["
ARM GAS  /tmp/cc4JZDS4.s 			page 181


 2311      8103C66B 
 2311      6A0E1E3A 
 2311      2D274AE1 
 2311      0A5B
 2312 49d7 DE628133 		.ascii	"\336b\2013u\262\275\211\220s\324c\257\303\373\332\236"
 2312      75B2BD89 
 2312      9073D463 
 2312      AFC3FBDA 
 2312      9E
 2313 49e8 B269A543 		.ascii	"\262i\245C\036\311\245\233\310\331!\262\005E\374]\020"
 2313      1EC9A59B 
 2313      C8D921B2 
 2313      0545FC5D 
 2313      10
 2314 49f9 E3EF2263 		.ascii	"\343\357\"c\023\036}\005l|\177\205\261yX\235(r\342\011"
 2314      131E7D05 
 2314      6C7C7F85 
 2314      B179589D 
 2314      2872E209 
 2315 4a0d FDFD8025 		.ascii	"\375\375\200%\241_R\214]K\"\227e\306\245x\327\353\225"
 2315      A15F528C 
 2315      5D4B2297 
 2315      65C6A578 
 2315      D7EB95
 2316 4a20 96C42297 		.ascii	"\226\304\"\227\262\233\355r\361\325\264\033\003\237"
 2316      B29BED72 
 2316      F1D5B41B 
 2316      039F
 2317 4a2e 0EA75CE8 		.ascii	"\016\247\\\350{XW\024\272\254\210\\V\031\227\203\261"
 2317      7B585714 
 2317      BAAC885C 
 2317      56199783 
 2317      B1
 2318 4a3f FD540792 		.ascii	"\375T\007\222\201\\\"\216G\023\304\267\355\356\374\266"
 2318      815C228E 
 2318      4713C4B7 
 2318      EDEEFCB6 
 2319 4a4f 9BF832D7 		.ascii	"\233\3702\3275\005\2235\221\311:cr\354\233\022` e\310"
 2319      35059335 
 2319      91C93A63 
 2319      72EC9B12 
 2319      602065C8 
 2320 4a63 E4A43221 		.ascii	"\344\2442!D\274y7\331\375\216\271B\033\212\012m\210"
 2320      44BC7937 
 2320      D9FD8EB9 
 2320      421B8A0A 
 2320      6D88
 2321 4a75 5C361997 		.ascii	"\\6\031\2276\267kg\322\206LN\203N\356EM\356\233,\365"
 2321      36B76B67 
 2321      D2864C4E 
 2321      834EEE45 
 2321      4DEE9B2C 
 2322 4a8a D952A8B2 		.ascii	"\331R\250\262%2\331fLn_\217G\031\3110r\251J\277\363"
 2322      2532D966 
 2322      4C6E5F8F 
 2322      4719C930 
 2322      72A94ABF 
ARM GAS  /tmp/cc4JZDS4.s 			page 182


 2323 4a9f 71E6AA6C 		.ascii	"q\346\252l\324[l\273\243PeG\344\262\313\270\014Wy\372"
 2323      D45B6CBB 
 2323      A3506547 
 2323      E4B2CBB8 
 2323      0C5779FA 
 2324 4ab3 D99335E4 		.ascii	"\331\2235\344\262\3346\265\253\345\272\014\326[t\331"
 2324      B2DC36B5 
 2324      ABE5BA0C 
 2324      D65B74D9 
 2325 4ac3 53E8B227 		.ascii	"S\350\262'r\331g\\:\253vN\265\344\004\271D\245\247\315"
 2325      72D9675C 
 2325      3AAB764E 
 2325      B5E404B9 
 2325      44A5A7CD 
 2326 4ad7 3B89B6FD 		.ascii	";\211\266\375\262\331\266\007\012&\007\"\223C\306$\360"
 2326      B2D9B607 
 2326      0A260722 
 2326      9343C624 
 2326      F0
 2327 4ae8 EC344C43 		.ascii	"\3544LCL\277\312\2304\305\015\205k\3047\020\377\214"
 2327      4CBFCA98 
 2327      34C50D85 
 2327      6BC43710 
 2327      FF8C
 2328 4afa 99C91B05 		.ascii	"\231\311\033\005\2237\"\223#\306d9\254-F ~\310\244?"
 2328      93372293 
 2328      23C66439 
 2328      AC2D4620 
 2328      7EC8A43F 
 2329 4b0e DA634920 		.ascii	"\332cI YXHp\257J\264'\205X\330\217\013\210T\236\306"
 2329      59584870 
 2329      AF4AB427 
 2329      8558D88F 
 2329      0B88549E 
 2330 4b23 A2D37CF9 		.ascii	"\242\323|\371*mruG\200l\0108\223\205\222s1@\206\344"
 2330      2A6D7275 
 2330      47806C08 
 2330      38938592 
 2330      73314086 
 2331 4b38 F467E38B 		.ascii	"\364g\343\213\372\340\022\177p\361]`{\203\203\315g\024"
 2331      FAE0127F 
 2331      70F15D60 
 2331      7B8383CD 
 2331      6714
 2332 4b4a 5F3ABE65 		.ascii	"_:\276e'\\8\212/\276\277\351\252\221\335\274\202\237"
 2332      275C388A 
 2332      2FBEBFE9 
 2332      AA91DDBC 
 2332      829F
 2333 4b5c 2572AE1C 		.ascii	"%r\256\034-\307A\203k\222|\214\244\002\3531\225\275"
 2333      2DC74183 
 2333      6B927C8C 
 2333      A402EB31 
 2333      95BD
 2334 4b6e F9CC1699 		.ascii	"\371\314\026\231p\015\325\221RV\034\257\367\352I\003"
 2334      700DD591 
 2334      52561CAF 
ARM GAS  /tmp/cc4JZDS4.s 			page 183


 2334      F7EA4903 
 2335 4b7e 527A364F 		.ascii	"Rz6Od\353I\007\026B&.\3064\244\217\025\014\261>~\343"
 2335      64EB4907 
 2335      1642262E 
 2335      C634A48F 
 2335      150CB13E 
 2336 4b94 8E82646F 		.ascii	"\216\202do<.\321\271\225o\343\252\012]\242\273\007\326"
 2336      3C2ED1B9 
 2336      956FE3AA 
 2336      0A5DA2BB 
 2336      07D6
 2337 4ba6 1E4E36B7 		.ascii	"\036N6\2671\364~\005\003p\263\306(\234p\324G\222\230"
 2337      31F47E05 
 2337      0370B3C6 
 2337      289C70D4 
 2337      479298
 2338 4bb9 C95ABDE5 		.ascii	"\311Z\275\345\340/=\201L\361-\246\262\336\223~_\304"
 2338      E02F3D81 
 2338      4CF12DA6 
 2338      B2DE937E 
 2338      5FC4
 2339 4bcb D7BC6EA0 		.ascii	"\327\274n\240r\267\012\3666\356\202\230s\014\272\336"
 2339      72B70AF6 
 2339      36EE8298 
 2339      730CBADE 
 2340 4bdb 4A29A81F 		.ascii	"J)\250\037=\320E\033\247\027\202;\200\027\200\011\300"
 2340      3DD0451B 
 2340      A717823B 
 2340      80178009 
 2340      C0
 2341 4bec 0DC0DB49 		.ascii	"\015\300\333Izs\344\347,k\223wj\025\377\232Y\265Y\276"
 2341      7A73E4E7 
 2341      2C6B9377 
 2341      6A15FF9A 
 2341      59B559BE 
 2342 4c00 A59C6A76 		.ascii	"\245\234jvj\243\342\277\240^oz<Z\255\336\203|h\350\354"
 2342      6AA3E2BF 
 2342      A05E6F7A 
 2342      3C5AADDE 
 2342      837C68E8 
 2343 4c15 6D0837C8 		.ascii	"m\0107\3107*\230\253t\372\223W\211.R\024\275:\260\267"
 2343      372A98AB 
 2343      74FA9357 
 2343      892E5214 
 2343      BD3AB0B7 
 2344 4c29 BC4B2619 		.ascii	"\274K&\031\037n\354\003\364\307\274{Y\206\247c\261{"
 2344      1F6EEC03 
 2344      F4C7BC7B 
 2344      5986A763 
 2344      B17B
 2345 4c3b F93AB1D7 		.ascii	"\371:\261\327j\007\335\3149\221q\364\232\315\372\262"
 2345      6A07DDCC 
 2345      399171F4 
 2345      9ACDFAB2 
 2346 4c4b 5491CFE8 		.ascii	"T\221\317\350gY\037\245L\374\234\254\231\320+\370Fl"
 2346      67591FA5 
 2346      4CFC9CAC 
ARM GAS  /tmp/cc4JZDS4.s 			page 184


 2346      99D02BF8 
 2346      466C
 2347 4c5d C664237D 		.ascii	"\306d#}7Vz\303\355m\313+U\204(\030\334#4X\2230\315\013"
 2347      37567AC3 
 2347      ED6DCB2B 
 2347      55842818 
 2347      DC233458 
 2348 4c75 21142012 		.ascii	"!\024 \022 \\c~\206JX\255\207\354\254V\200\314\306\201"
 2348      205C637E 
 2348      864A58AD 
 2348      87ECAC56 
 2348      80CCC681 
 2349 4c89 4EB44BD2 		.ascii	"N\264K\322\017\3005\345x\370\310\226\354\013d{\307\202"
 2349      0FC035E5 
 2349      78F8C896 
 2349      EC0B647B 
 2349      C782
 2350 4c9b 103788E1 		.ascii	"\0207\210\341\206V\207\275\222%d\2152\334`'\336\221"
 2350      865687BD 
 2350      9225648D 
 2350      32DC6027 
 2350      DE91
 2351 4cad E8376AC4 		.ascii	"\3507j\304\216\203\023g\331\375\033\331\331\357\020"
 2351      8E831367 
 2351      D9FD1BD9 
 2351      D9EF10
 2352 4cbc 641DC270 		.ascii	"d\035\302p\353\357\274.\210\024\327C\266~\031\212\270"
 2352      EBEFBC2E 
 2352      8814D743 
 2352      B67E198A 
 2352      B8
 2353 4ccd A10CD7AF 		.ascii	"\241\014\327\257\343xH\206\233@\244|\303\0207\214\341"
 2353      E3784886 
 2353      9B40A47C 
 2353      C310378C 
 2353      E1
 2354 4cde 669D6799 		.ascii	"f\235g\231d\321)T\206\033\216\270\341\014\367\"\346"
 2354      64D12954 
 2354      861B8EB8 
 2354      E10CF722 
 2354      E6
 2355 4cef 6847B670 		.ascii	"hG\266pC\337Q/YZB\334\010\206[5\024\027\303O;\323\303"
 2355      43DF512F 
 2355      595A42DC 
 2355      08865B35 
 2355      1417C34F 
 2356 4d06 CDCD570B 		.ascii	"\315\315W\013[\006\233on\215r\3027\267F:\261\271\221"
 2356      5B069B6F 
 2356      6E8D72C2 
 2356      37B7463A 
 2356      B1B991
 2357 4d19 F814DB67 		.ascii	"\370\024\333g\370\024\333\371\342\301y\235\364E\256"
 2357      F814DBF9 
 2357      E2C1799D 
 2357      F445AE
 2358 4d28 711012A2 		.ascii	"q\020\022\242\235\236\013\276\354\345\3161NO\220\003"
 2358      9D9E0BBE 
ARM GAS  /tmp/cc4JZDS4.s 			page 185


 2358      ECE5CE31 
 2358      4E4F9003 
 2359 4d38 7EA7116D 		.ascii	"~\247\021m\243\365\377!\247\350`\371E\311\245.\304\375"
 2359      A3F5FF21 
 2359      A7E860F9 
 2359      45C9A52E 
 2359      C4FD
 2360 4d4a D75821A0 		.ascii	"\327X!\240\265-Q\017!V\210s\"\350\011\033\013\301s\030"
 2360      B52D510F 
 2360      21568873 
 2360      22E8091B 
 2360      0BC17318 
 2361 4d5e 74E9BA30 		.ascii	"t\351\2720\006\335\330\375\244\035G\233A7\321\011\202"
 2361      06DDD8FD 
 2361      A41D479B 
 2361      4137D109 
 2361      82
 2362 4d6f 6E82130F 		.ascii	"n\202\023\017\272m\341#\325\316\357\247\232\232\227"
 2362      BA6DE123 
 2362      D5CEEFA7 
 2362      9A9A97
 2363 4d7e 4CCD5D3B 		.ascii	"L\315];\237]>\237\203\260\362%\337\177C\321\204X\364"
 2363      9F5D3E9F 
 2363      83B0F225 
 2363      DF7F43D1 
 2363      8458F4
 2364 4d91 62208A07 		.ascii	"b \212\007|Z\264\023&5+\2020\241Y\206\321BHrz\237\266"
 2364      7C5AB413 
 2364      26352B82 
 2364      30A15986 
 2364      D1424872 
 2365 4da8 566647AB 		.ascii	"VfG\253\206L\241\206c[I\363F\262\300\012\244\321w\271"
 2365      864CA186 
 2365      635B49F3 
 2365      46B2C00A 
 2365      A4D177B9 
 2366 4dbc D55EF2F6 		.ascii	"\325^\362\366\251\000]\223\007?\177O\265M\006\366i\312"
 2366      A9005D93 
 2366      073F7F4F 
 2366      B54D06F6 
 2366      69CA
 2367 4dce B0A54835 		.ascii	"\260\245H5\315\313\002i\004\011h\307H\205\356\234.\215"
 2367      CDCB0269 
 2367      040968C7 
 2367      4885EE9C 
 2367      2E8D
 2368 4de0 502BEF5A 		.ascii	"P+\357Z\356/\244\250s\0263\314\321\252\201\377ec\345"
 2368      EE2FA4A8 
 2368      731633CC 
 2368      D1AA81FF 
 2368      6563E5
 2369 4df3 21435D84 		.ascii	"!C]\204\220\341\364\224&*\013\023\3012g+\2229[&:P&s"
 2369      90E1F494 
 2369      262A0B13 
 2369      C132672B 
 2369      92395B26 
 2370 4e0b A0978B53 		.ascii	"\240\227\213S~\262\233\233\2712\334,\304\315b\270\205"
ARM GAS  /tmp/cc4JZDS4.s 			page 186


 2370      7EB29B9B 
 2370      B932DC2C 
 2370      C4CD62B8 
 2370      85
 2371 4e1c FB93FDB2 		.ascii	"\373\223\375\262'\007g\310\224\317F\334l\206;\223\224"
 2371      270767C8 
 2371      94CF46DC 
 2371      6C863B93 
 2371      94
 2372 4e2d 1425EBFB 		.ascii	"\024%\353\373%\032\251\023\347 n\016\303m\313\315\237"
 2372      251AA913 
 2372      E7206E0E 
 2372      C36DCBCD 
 2372      9F
 2373 4e3e 9275507F 		.ascii	"\222uP\177\031n.\342\3462\334\226\274\353#\015Y\307"
 2373      196E2EE2 
 2373      E632DC96 
 2373      BCEB230D 
 2373      59C7
 2374 4e50 664C9D9D 		.ascii	"fL\235\235\212\321\220]l\306\334\371\243\267\004\363"
 2374      8AD1905D 
 2374      6CC6DCF9 
 2374      A3B704F3 
 2375 4e60 EEE78787 		.ascii	"\356\347\207\207\317\266\334\034\203\365|\211\236\305"
 2375      CFB6DC1C 
 2375      83F57C89 
 2375      9EC5
 2376 4e6e 9D3C3076 		.ascii	"\235<0v\221\223\364-;\326G\277\016\026\336\015g7\240"
 2376      9193F42D 
 2376      3BD647BF 
 2376      0E16DE0D 
 2376      6737A0
 2377 4e81 C417D151 		.ascii	"\304\027\321QtKhTi\365\267%g\205\3629\177\332$\205\320"
 2377      744B6854 
 2377      69F5B725 
 2377      6785F239 
 2377      7FDA2485 
 2378 4e96 2405E620 		.ascii	"$\005\346 ~t\342\023!\213\023E2\263\025c\365\212Y\365"
 2378      7E74E213 
 2378      218B1345 
 2378      32B31563 
 2378      F58A59F5 
 2379 4eaa EEFADB6A 		.ascii	"\356\372\333jd\323\274:Ys\224 n\011\303\255)\216\232"
 2379      64D3BC3A 
 2379      59739420 
 2379      6E09C3AD 
 2379      298E9A
 2380 4ebd 24AC53D1 		.ascii	"$\254S\321G\257b\247:\317\272\2510\233\335\015\350\377"
 2380      47AF62A7 
 2380      3ACFBAA9 
 2380      309BDD0D 
 2380      E8FF
 2381 4ecf ECD312F2 		.ascii	"\354\323\022\362\377\304s\240\303\300\246{=\243,\203"
 2381      FFC473A0 
 2381      C3C0A67B 
 2381      3DA32C83 
 2382 4edf 5859EAA4 		.ascii	"XY\352\244N\372\247R\322\037X\222\223\227\2635m\370"
ARM GAS  /tmp/cc4JZDS4.s 			page 187


 2382      4EFAA752 
 2382      D21F5892 
 2382      9397B335 
 2382      6DF8
 2383 4ef1 EA8772A0 		.ascii	"\352\207r\240~\211\324\376A%!\006io\006\002\336\233"
 2383      7E89D4FE 
 2383      41252106 
 2383      696F0602 
 2383      DE9B
 2384 4f03 855A02BE 		.ascii	"\205Z\002\276[A;\364+\326\241\351w\312g2\267\316@\002"
 2384      5B413BF4 
 2384      2BD6A1E9 
 2384      77CA6732 
 2384      B7CE4002 
 2385 4f17 BE8E3BE3 		.ascii	"\276\216;\343n;\272\234\324_,\334&\250\255\354\004E"
 2385      6E3BBA9C 
 2385      D45F2CDC 
 2385      26A8ADEC 
 2385      0445
 2386 4f29 B6B66A49 		.ascii	"\266\266jI\010R{\266MT8\221H,\254\367\225\270\033H,"
 2386      08527BB6 
 2386      4D543891 
 2386      482CACF7 
 2386      95B81B48 
 2387 4f3e 16360A02 		.ascii	"\0266\012\002\367\\H\"\026\012\302G\262\010I\305\302"
 2387      F75C4822 
 2387      160AC247 
 2387      B20849C5 
 2387      C2
 2388 4f4f A677FFBD 		.ascii	"\246w\377\275=\206\316wc,\317\267z\306\237oUt\271X\251"
 2388      3D86CE77 
 2388      632CCFB7 
 2388      7AC69F6F 
 2388      5574B958 
 2389 4f64 23990CD7 		.ascii	"#\231\014\327\320\036Z\330oy\252<\356\177\037\012\372"
 2389      D01E5AD8 
 2389      6F79AA3C 
 2389      EE7F1F0A 
 2389      FA
 2390 4f75 A9E5FB3E 		.ascii	"\251\345\373>\\\203\254r2\012M4\014\311ZV\352`\224\342"
 2390      5C83AC72 
 2390      320A4D34 
 2390      0CC95A56 
 2390      EA6094E2 
 2391 4f89 983FD695 		.ascii	"\230?\326\225b\327)\260mm\011\201\010\334\340D\177k"
 2391      62D729B0 
 2391      6D6D0981 
 2391      08DCE044 
 2391      7F6B
 2392 4f9b E5DED509 		.ascii	"\345\336\325\011\336"
 2392      DE
 2393 4fa0 D502D001 		.ascii	"\325\002\320\001\320\005\320\006\320\016\320,\306\031"
 2393      D005D006 
 2393      D00ED02C 
 2393      C619
 2394 4fae 2AABF7C7 		.ascii	"*\253\367\307\026Y\325\012Y\365V\232\215J\260+m`\363"
 2394      1659D50A 
ARM GAS  /tmp/cc4JZDS4.s 			page 188


 2394      59F5569A 
 2394      8D4AB02B 
 2394      6D60F3
 2395 4fc1 2C90A25F 		.ascii	",\220\242_K*R\253@o\260b\276#\301\256W\257\266\005\271"
 2395      4B2A52AB 
 2395      406FB062 
 2395      BE23C1AE 
 2395      57AFB605 
 2396 4fd6 55A2498D 		.ascii	"U\242I\215\015\326b\200\234n\336\014\263Z\257\027\255"
 2396      0DD66280 
 2396      9C6EDE0C 
 2396      B35AAF17 
 2396      AD
 2397 4fe7 25B410F2 		.ascii	"%\264\020\362\223\032\0148\255\235\317\316\313v\377"
 2397      931A0C38 
 2397      AD9DCFCE 
 2397      CB76FF
 2398 4ff6 75CBC4F6 		.ascii	"u\313\304\366\2303\212\036\326\363"
 2398      98338A1E 
 2398      D6F3
 2399 5000 FADFBC79 		.ascii	"\372\337\274y)\273\201?!\353\245\275\330K{\031nnz\337"
 2399      29BB813F 
 2399      21EBA5BD 
 2399      D84B7B19 
 2399      6E6E7ADF 
 2400 5014 92EC70DE 		.ascii	"\222\354p\336\250\014\267\017q\373\030n\\\372\304\201"
 2400      A80CB70F 
 2400      71FB186E 
 2400      5CFAC481 
 2401 5024 FC9131B2 		.ascii	"\374\2211\262C \375\210\333\317p\353\272\373:e\363\220"
 2401      4320FD88 
 2401      DBCF70EB 
 2401      BAFB3A65 
 2401      F390
 2402 5036 0C59A632 		.ascii	"\014Y\2462\200\270\003\014\267\371\242\274B|\032\253"
 2402      80B8030C 
 2402      B7F9A2BC 
 2402      427C1AAB 
 2403 5046 87E74FB2 		.ascii	"\207\347O\262\007Y\030d#\311\265\237\177\215\314.]2"
 2403      07591864 
 2403      23C9B59F 
 2403      7F8DCC2E 
 2403      5D32
 2404 5058 E58750C8 		.ascii	"\345\207P\310\020\023\022\350\225\357fO\266\260s\035"
 2404      101312E8 
 2404      95EF664F 
 2404      B6B0731D 
 2405 5068 646E2FE8 		.ascii	"dn/\350\371\200}\350OJ\202\002`@u3\375\006&_\303\342"
 2405      F9807DE8 
 2405      4F4A8202 
 2405      60407533 
 2405      FD06265F 
 2406 507e 880DC4C3 		.ascii	"\210\015\304\303\326\303\365\010\033\256g\362\227\327"
 2406      D6C3F508 
 2406      1BAE67F2 
 2406      97D7
 2407 508c F5E418B9 		.ascii	"\365\344\030\271\355\025\246\014\013\234[[\356O\271"
ARM GAS  /tmp/cc4JZDS4.s 			page 189


 2407      ED15A60C 
 2407      0B9C5B5B 
 2407      EE4FB9
 2408 509b 6D048293 		.ascii	"m\004\202\223\270C\213\207\012\214\337\250\204\337\250"
 2408      B8438B87 
 2408      0A8CDFA8 
 2408      84DFA8
 2409 50aa 35BF31C6 		.ascii	"5\2771\306O-\003\231\363\337Kve\327\216\211\2230\216"
 2409      4F2D0399 
 2409      F3DF4B76 
 2409      65D78E89 
 2409      93308E
 2410 50bd 812CDBB3 		.ascii	"\201,\333\263\304\315\331fZ2I\243\330\204\230\226D\205"
 2410      C4CDD966 
 2410      5A3249A3 
 2410      D8849896 
 2410      4485
 2411 50cf 7AE6C8DA 		.ascii	"z\346\310\332\026~\226\230g\312\311\0224\013B}\335\010"
 2411      167E9698 
 2411      67CAC912 
 2411      340B427D 
 2411      DD08
 2412 50e1 29FD06AB 		.ascii	")\375\006\253OoR\371\240M:a\032j#%\365\277x\325b$MH"
 2412      4F6F52F9 
 2412      A04D3A61 
 2412      1A6A2325 
 2412      F5BF78D5 
 2413 50f9 BA9D7E37 		.ascii	"\272\235~7IH/\026\026r:\012\214d\034\0135\253\351\203"
 2413      49482F16 
 2413      16723A0A 
 2413      8C641C0B 
 2413      35ABE983 
 2414 510d 0EE43547 		.ascii	"\016\3445G\263\271ud\301I\271\371#-\370\376\017\310"
 2414      B3B97564 
 2414      C149B9F9 
 2414      232DF8FE 
 2414      0FC8
 2415 511f 1A52DE8D 		.ascii	"\032R\336\215\315\014\031\325v\216,\202Zj\304\007GA"
 2415      CD0C19D5 
 2415      768E2C82 
 2415      5A6AC407 
 2415      4741
 2416 5131 D97CF74F 		.ascii	"\331|\367O\263\306\366*\357\212\223l\2257(\267[ \207"
 2416      B3C6F62A 
 2416      EF8A936C 
 2416      953728B7 
 2416      5B2087
 2417 5144 28B2B6A1 		.ascii	"(\262\266\241\262\327I1\305_\005yr\242e\367\230,Y\256"
 2417      B2D74931 
 2417      C55F0579 
 2417      72A265F7 
 2417      982C59AE 
 2418 5158 B226EBA5 		.ascii	"\262&\353\245\353N\374\371\256[\321\307\267\304<-\026"
 2418      EB4EFCF9 
 2418      AE5BD1C7 
 2418      B7C43C2D 
 2418      16
ARM GAS  /tmp/cc4JZDS4.s 			page 190


 2419 5169 CFFDB4FF 		.ascii	"\317\375\264\377\354D\216\211\235\367g\357\343\006\356"
 2419      EC448E89 
 2419      9DF767EF 
 2419      E306EE
 2420 5178 3B4ED227 		.ascii	";N\322'\000[\317]W\370\323\263f\234p\202\270#\023f\275"
 2420      005BCF5D 
 2420      57F8D3B3 
 2420      669C7082 
 2420      B8231366 
 2421 518d D365F43F 		.ascii	"\323e\364?Y\260\347\234\254\261\255_\3071\372]\234\247"
 2421      59B0E79C 
 2421      ACB1AD5F 
 2421      C731FA5D 
 2421      9CA7
 2422 519f 2E39E1B6 		.ascii	".9\341\266\207\035\265\011\272\374l\014\0046\272\323"
 2422      871DB509 
 2422      BAFC6C0C 
 2422      0436BAD3 
 2423 51af 42382088 		.ascii	"B8 \210\316\266!@\020\333\0058\000\330\000\330\002\330"
 2423      CEB62140 
 2423      10DB0538 
 2423      00D800D8 
 2423      02D8
 2424 51c1 07D804D8 		.ascii	"\007\330\004\330\223f\235\3473|s\310\036\177\365\357"
 2424      93669DE7 
 2424      337C73C8 
 2424      1E7FF5EF 
 2425 51d1 8E8DA107 		.ascii	"\216\215\241\007\321[\3773\177\231\217\023\276)Q\255"
 2425      D15BFF33 
 2425      7F998F13 
 2425      BE2951AD 
 2426 51e1 EAD2AD27 		.ascii	"\352\322\255';|\226O+?k\243\362\222\235>\243\337\343"
 2426      3B7C964F 
 2426      2B3F6BA3 
 2426      F2929D3E 
 2426      A3DFE3
 2427 51f4 07A4A01D 		.ascii	"\007\244\240\035\346\025\355 \273=\353UV\034\255{\252"
 2427      E615ED20 
 2427      BB3DEB55 
 2427      561CAD7B 
 2427      AA
 2428 5205 6E89371F 		.ascii	"n\2117\037\315\022\300-1\346a^\326\357\016e\212\276"
 2428      CD12C02D 
 2428      31E6615E 
 2428      D6EF0E65 
 2428      8ABE
 2429 5217 C170F686 		.ascii	"\301p\366\206\205\263\353\203\235y\331,\254^\366z\215"
 2429      85B3EB83 
 2429      9D79D92C 
 2429      AC5EF67A 
 2429      8D
 2430 5228 23C43D62 		.ascii	"#\304=b\270\331s\356\362\030\337){\022\3201\342\036"
 2430      B8D973EE 
 2430      F218DF29 
 2430      7B12D031 
 2430      E21E
 2431 523a E36CD4B7 		.ascii	"\343l\324\267\260D\226\030\217\310pO\020\367\204\341"
ARM GAS  /tmp/cc4JZDS4.s 			page 191


 2431      B0449618 
 2431      8FC8704F 
 2431      10F784E1 
 2432 524a CECE1CDD 		.ascii	"\316\316\034\335\312\022\356$\031\356)\342\2362\334"
 2432      CA12EE24 
 2432      19EE29E2 
 2432      9E32DC
 2433 5259 9BF6F546 		.ascii	"\233\366\365F\231\276E2}\317\020\367\214\341\256\224"
 2433      99BE4532 
 2433      7DCF10F7 
 2433      8CE1AE94 
 2434 5269 472ECAC2 		.ascii	"G.\312\302z\220\214\3579\342\2363\334\330\361\235\""
 2434      7A908CEF 
 2434      39E29E33 
 2434      DCD8F19D 
 2434      22
 2435 527a 196EB28C 		.ascii	"\031n\262\214\357\005\342^0\334\212\275\264)\331\270"
 2435      EF05E25E 
 2435      30DC8ABD 
 2435      B429D9B8 
 2436 528a 98277B42 		.ascii	"\230'{B\326%\342^2\334\251\323\2651\031\337N\031\356"
 2436      D625E25E 
 2436      32DCA9D3 
 2436      B53119DF 
 2436      4E19EE
 2437 529d 15E25E31 		.ascii	"\025\342^1\334\327\233\273G\262\261.\\\246\3035\342"
 2437      DCD79BBB 
 2437      47B2B12E 
 2437      5CA6C335 
 2437      E2
 2438 52ae 5E33DC85 		.ascii	"^3\334\205\366\303b\231\035^\313\3368x\203\2707\014"
 2438      F6C36299 
 2438      1D5ECBDE 
 2438      387883B8 
 2438      370C
 2439 52c0 37B12C74 		.ascii	"7\261,tR\306\327_\246\303-\342\3362\334\240.\367h\371"
 2439      52C6D75F 
 2439      A6C32DE2 
 2439      DE32DCA0 
 2439      2EF768F9 
 2440 52d4 C3A5653A 		.ascii	"\303\245e:\334!\356\035\332w|{S\026\250\272d:\334#\356"
 2440      DC21EE1D 
 2440      DA777C7B 
 2440      5316A8BA 
 2440      643ADC23 
 2441 52e9 3DC3DD2B 		.ascii	"=\303\335++\370\237\262\207\2129I\237\007\365\200\250"
 2441      2BF89FB2 
 2441      878A3949 
 2441      9F07F580 
 2441      A8
 2442 52fa 0F0CB57A 		.ascii	"\017\014\265z\242\272L\366\222XU\36759S\334\214\223"
 2442      A2BA4CF6 
 2442      925855F7 
 2442      353953DC 
 2442      8C93
 2443 530c 3499E75C 		.ascii	"4\231\347\\\312\006n7g\206\352\306P\007\253\013cd-\221"
 2443      CA066E37 
ARM GAS  /tmp/cc4JZDS4.s 			page 192


 2443      6786EAC6 
 2443      5007AB0B 
 2443      63642D91 
 2444 5320 25D3D61D 		.ascii	"%\323\326\035q\335\031nO|\353\206\314\012\3532\276\036"
 2444      71DD196E 
 2444      4F7CEB86 
 2444      CC0AEB32 
 2444      BE1E
 2445 5332 88EBC170 		.ascii	"\210\353\301p\307B\316Cd\336\020%\343\353\211\270\236"
 2445      C742CE43 
 2445      64DE1025 
 2445      E3EB89B8 
 2445      9E
 2446 5343 0C37ADAE 		.ascii	"\0147\255\256\253W6\357Y\226\361\365B\\/\206\273\271"
 2446      AB5736EF 
 2446      5996F1F5 
 2446      425C2F86 
 2446      BBB9
 2447 5355 66DA95B5 		.ascii	"f\332\225\265Z\222\214\2577\342z3\334\201\252\264X-"
 2447      5A928CAF 
 2447      37E27A33 
 2447      DC81AAB4 
 2447      582D
 2448 5367 B9C17126 		.ascii	"\271\301q&\242\315\273\325\300\306{\032\0061\007\270"
 2448      A2CDBBD5 
 2448      C0C67B1A 
 2448      063107B8 
 2449 5377 1CF6C8B2 		.ascii	"\034\366\310\262g\327\350\313\266}\235\331\305\221\271"
 2449      67D7E8CB 
 2449      B67D9DD9 
 2449      C591B9
 2450 5386 AE2E179B 		.ascii	"\256.\027\2339\200\2773\344\000~\316<\007(\211\3167"
 2450      3980BF33 
 2450      E4007ECE 
 2450      3C072889 
 2450      CE37
 2451 5398 E9C44C27 		.ascii	"\351\304L'\300\376\300\222\351\000\236\340\343l\311"
 2451      C0FEC092 
 2451      E9009EE0 
 2451      E36CC9
 2452 53a7 4CE0BB3C 		.ascii	"L\340\273<3\011p\246\231\311f\362\311\226, t\311\034"
 2452      330970A6 
 2452      99C966F2 
 2452      C9962C20 
 2452      74C91C
 2453 53ba 2B10AB13 		.ascii	"+\020\253\023\310\252\343\321y,\253\371\274\254\337"
 2453      C8AAE3D1 
 2453      792CABF9 
 2453      BCACDF
 2454 53c9 06216A10 		.ascii	"\006!j\020C\255\234\276[\226-\002\310\237\332\027\214"
 2454      43AD9CBE 
 2454      5B962D02 
 2454      C89FDA17 
 2454      8C
 2455 53da B8C10C37 		.ascii	"\270\301\0147~\361\370[6W\215B\234q\325\250\001\207"
 2455      7EF1F85B 
 2455      36578D42 
ARM GAS  /tmp/cc4JZDS4.s 			page 193


 2455      9C71D5A8 
 2455      0187
 2456 53ec FBD5A114 		.ascii	"\373\325\241\024o\376Zj\007(\366%\014\273\361\321\277"
 2456      6FFE5A6A 
 2456      0728F625 
 2456      0CBBF1D1 
 2456      BF
 2457 53fd 9BFEBCD3 		.ascii	"\233\376\274\323\230S\345h\275\212\024\346\014\223h"
 2457      9853E568 
 2457      BD8A14E6 
 2457      0C9368
 2458 540c 67B6D0E5 		.ascii	"g\266\320\345\374\0049\342w\272rTP\327\256\223\365m"
 2458      FC0439E2 
 2458      77BA7254 
 2458      50D7AE93 
 2458      F56D
 2459 541e 67D96A17 		.ascii	"g\331j\027\352\031\301\364\314\333\253I\221\341N\311"
 2459      EA19C1F4 
 2459      CCDBAB49 
 2459      91E14EC9 
 2460 542e 4C1589B8 		.ascii	"L\025\211\270\221\014\367b\3377J\346}}2\334(\304\215"
 2460      910CF762 
 2460      DF374AE6 
 2460      7D7D32DC 
 2460      28C48D
 2461 5441 62B859EB 		.ascii	"b\270Y\353\245\001\032\342\367M\346%\363W\253%\006\263"
 2461      A5011AE2 
 2461      F74DE625 
 2461      F357AB25 
 2461      06B3
 2462 5453 47A097DC 		.ascii	"G\240\227\334\224\344\233l\337 \210\245\016\021cv\210"
 2462      94E49B6C 
 2462      DF2088A5 
 2462      0E116376 
 2462      88
 2463 5464 D5AC4923 		.ascii	"\325\254I#w\210\331\277\302D5MC\221\204h\2117D[{C\034"
 2463      7788D9BF 
 2463      C244354D 
 2463      43918468 
 2463      8937445B 
 2464 547b F3868885 		.ascii	"\363\206\210\205\201sYg\244\213\021\026\265\343Q\355"
 2464      81735967 
 2464      A48B1116 
 2464      B5E351ED 
 2465 548b 78A676D1 		.ascii	"x\246v\321\270\177\256l\272\000\227%\270\011\210\233"
 2465      B87FAE6C 
 2465      BA009725 
 2465      B809889B 
 2466 549b C070CF77 		.ascii	"\300p\317w\366\307e\213\020\0152\276\211\210\233\310"
 2466      F6C7658B 
 2466      100D32BE 
 2466      89889BC8 
 2467 54ab 7097EA06 		.ascii	"p\227\352\006\023\\I4\232\303tW[\202I\362\212\331\034"
 2467      135C4934 
 2467      9AC37457 
 2467      5B8249F2 
 2467      8AD91C
ARM GAS  /tmp/cc4JZDS4.s 			page 194


 2468 54be BD15CB97 		.ascii	"\275\025\313\227Nf\023%c\247\351\313-\365\260\2358\247"
 2468      4E661325 
 2468      63A7E9CB 
 2468      2DF5B09D 
 2468      38A7
 2469 54d0 521BA588 		.ascii	"R\033\245\2106\252^[\212\020;\315\350\337\232m\004H"
 2469      36AA5E5B 
 2469      8A103BCD 
 2469      E8DF9A6D 
 2469      0448
 2470 54e2 4292C446 		.ascii	"B\222\304FI\3266Jc6\332H\036=1\222\\\324o9?\256O\303"
 2470      49D6364A 
 2470      6336DA48 
 2470      1E3D3192 
 2470      5CD46F39 
 2471 54fa 59F5FE8D 		.ascii	"Y\365\376\215\214U\272\204U\2725\253\014\306\252\273"
 2471      8C55BA84 
 2471      55BA35AB 
 2471      0CC6AABB 
 2472 550a 26D24F66 		.ascii	"&\322Of\356u\231\227d\242Y2\231Y\232\247|\377\005\251"
 2472      EE759997 
 2472      64A25932 
 2472      99599AA7 
 2472      7CFF05A9 
 2473 551e 43A99B03 		.ascii	"C\251\233\003#\207\204K\335\270\247\317\307\3145\321"
 2473      2387844B 
 2473      DDB8A7CF 
 2473      C7CC35D1 
 2474 552e A77353F2 		.ascii	"\247sS\362,\211\330,k\261\331T,\211MZ9\227\234\027\031"
 2474      2C89D82C 
 2474      6BB1D954 
 2474      2C894D5A 
 2474      39979C17 
 2475 5543 6AFFEA58 		.ascii	"j\377\352X\227ws\253\223\320\015\223\223N\001f\215\316"
 2475      977773AB 
 2475      93D00D93 
 2475      934E0166 
 2475      8DCE
 2476 5555 4F850E49 		.ascii	"O\205\016I~\306f-y\316/\036\333\316Cih.\224\343,}}w"
 2476      7EC6662D 
 2476      79CE2F1E 
 2476      DBCE4369 
 2476      682E94E3 
 2477 556d BD319E9E 		.ascii	"\2751\236\236f\375\256\021\021T&\336\240O|\334\233&"
 2477      66FDAE11 
 2477      115426DE 
 2477      A04F7CDC 
 2477      9B26
 2478 557f 9D792396 		.ascii	"\235y#\226\222u>g]\340,I*\357\353\336\211`'T\307\004"
 2478      92753E67 
 2478      5DE02C49 
 2478      2AEFEBDE 
 2478      89602754 
 2479 5595 FA8C6FC2 		.ascii	"\372\214o\302\260\206\004\313\236*\246t!W\032\325\351"
 2479      B08604CB 
 2479      9E2AA674 
 2479      21571AD5 
ARM GAS  /tmp/cc4JZDS4.s 			page 195


 2479      E9
 2480 55a6 AC37C651 		.ascii	"\2547\306Qu\276hD\246V[\260\270:^k#}N\226\327\310\314"
 2480      75BE6844 
 2480      A6565BB0 
 2480      B83A5E6B 
 2480      237D4E96 
 2481 55bd 7E1DD351 		.ascii	"~\035\323Q\320\337N(v\376(O\356\243\330l{\026hQ$\265"
 2481      D0DF4E28 
 2481      76FE284F 
 2481      EEA3D86C 
 2481      7B166851 
 2482 55d3 4B2BE799 		.ascii	"K+\347\231\377\010\317\030\242\033\230+\371\244\364"
 2482      FF08CF18 
 2482      A21B982B 
 2482      F9A4F4
 2483 55e2 FD4B8374 		.ascii	"\375K\203t\3032\255\363\006Tm\035\352\374\012*\261*"
 2483      C332ADF3 
 2483      06546D1D 
 2483      EAFC0A2A 
 2483      B12A
 2484 55f4 584EE5D2 		.ascii	"XN\345\322G0\227\311\252\274Q\2477\237'\246\3306n\304"
 2484      473097C9 
 2484      AABC51A7 
 2484      379F27A6 
 2484      D8366EC4 
 2485 5608 2D889C57 		.ascii	"-\210\234W\200\303\"\347\374U%\343YK\336=\372k\261&"
 2485      80C322E7 
 2485      FC5525E3 
 2485      594BDE3D 
 2485      FA6BB126 
 2486 561c FFAF3282 		.ascii	"\377\2572\2025\333\004\253\346%%\353\363\307\257x\253"
 2486      35DB04AB 
 2486      E62525EB 
 2486      F3C7AF78 
 2486      AB
 2487 562d 96025639 		.ascii	"\226\002V9\300Kg\236(\353\262\262\372~IxF\353\315\354"
 2487      C04B679E 
 2487      28EBB2B2 
 2487      FA7E4978 
 2487      46EBCDEC 
 2488 5641 5AEA818B 		.ascii	"Z\352\201\213\235\226$\275\202\333\265\032\310\252\000"
 2488      9D9624BD 
 2488      82DBB51A 
 2488      C8AA00
 2489 5650 2A016A64 		.ascii	"*\001jd\366\375\006\346\370\356\232'\202IC\030\201\315"
 2489      F6FD06E6 
 2489      F8EE9A27 
 2489      82494318 
 2489      81CD
 2490 5662 67895D7F 		.ascii	"g\211]\177\335\215\335\\\363\006d\217\017C>\246\310"
 2490      DD8DDD5C 
 2490      F306648F 
 2490      0F433EA6 
 2490      C8
 2491 5673 3077A28B 		.ascii	"0w\242\213\304>\037\206\334\373\215\004Ss\354\367\205"
 2491      C43E1F86 
 2491      DCFB8D04 
ARM GAS  /tmp/cc4JZDS4.s 			page 196


 2491      5373ECF7 
 2491      85
 2492 5684 07E18970 		.ascii	"\007\341\211p%\330D\216!\332\273\344\343j\243\344\361"
 2492      25D8448E 
 2492      21DABBE4 
 2492      E36AA3E4 
 2492      F1
 2493 5695 19930D7A 		.ascii	"\031\223\015z$\005\022\230\2248\253OQ\020w\205;S\261"
 2493      24051298 
 2493      9438AB4F 
 2493      51107785 
 2493      3B53B1
 2494 56a8 886A636A 		.ascii	"\210jcjEQ\177\015g~\257\250\3375\250\271\203lyYr\376"
 2494      45517F0D 
 2494      677EAFA8 
 2494      DF35A8B9 
 2494      836C7959 
 2495 56be 8137563D 		.ascii	"\2017V=X\272\016\240\326\331|\2230\"\276\336\360T\225"
 2495      58BA0EA0 
 2495      D6D97C93 
 2495      3022BEDE 
 2495      F05495
 2496 56d1 4CD8D312 		.ascii	"L\330\323\022[\224B\2433]\342\351\355~\225 \033S\217"
 2496      5B9442A3 
 2496      335DE2E9 
 2496      ED7E9520 
 2496      1B538F
 2497 56e4 FEBFCEAE 		.ascii	"\376\277\316\256=\306\215\343\274\353\3047\357x/\235"
 2497      3DC68DE3 
 2497      BCEBC437 
 2497      EF782F9D 
 2498 56f4 22275651 		.ascii	"\"'VQ'\005\012\004\355\035\217\274\263\"\001E\032\036"
 2498      27050A04 
 2498      ED1D8FBC 
 2498      B3220145 
 2498      1A1E
 2499 5706 799288DE 		.ascii	"y\222\210\336\311\227\343\311\371\253X,w\207\307\215"
 2499      C997E3C9 
 2499      F9AB582C 
 2499      7787C78D 
 2500 5716 F6A5DDE1 		.ascii	"\366\245\335\341\035/\177\305\216\353\302A\354\"M\321"
 2500      1D2F7FC5 
 2500      8EEBC241 
 2500      EC224DD1 
 2501 5726 224901A3 		.ascii	"\"I\001\243E\220\330\260\233&h\000\265h\2008q\363h\033"
 2501      4590D8B0 
 2501      9B266800 
 2501      B5688038 
 2501      71F3681B 
 2502 573a 3B4E5DA7 		.ascii	";N]\247nS\247\216\355\264\226S?Z\270\201[\240\217\337"
 2502      6E53A78E 
 2502      EDB49653 
 2502      3F5AB881 
 2502      5BA08FDF 
 2503 574e 3733BB5C 		.ascii	"73\273\\\236(\231* rg\276\231\371\276o\276\371\236C"
 2503      9E28992A 
 2503      207267BE 
ARM GAS  /tmp/cc4JZDS4.s 			page 197


 2503      99F9BE6F 
 2503      BEF99E43 
 2504 5762 1D39E401 		.ascii	"\0359\344\001\277&=\340\327d\234|\360w\256\014\377\341"
 2504      BF263DE0 
 2504      D7649C7C 
 2504      F077AE0C 
 2504      FFE1
 2505 5774 E6D05E1F 		.ascii	"\346\320^\037\223s\037\023s\177\370\372\233\177<T\023"
 2505      93731F13 
 2505      737FF8FA 
 2505      9B7F3C54 
 2505      13
 2506 5785 BD35F4A9 		.ascii	"\2755\364\251\333\327\345\334\257\213\271/\336w\317"
 2506      DBD7E5DC 
 2506      AF8BB92F 
 2506      DE77CF
 2507 5794 2BC3BF8B 		.ascii	"+\303\277\213=\364\331\3757\344\334o\210\271\217\374"
 2507      3DF4D9FD 
 2507      37E4DC6F 
 2507      88B98FFC 
 2508 57a4 ECDB5F9D 		.ascii	"\354\333_\235H=%\335\360\003W\277\362D*\365\214\354"
 2508      483D25DD 
 2508      F00357BF 
 2508      F2442AF5 
 2508      8CEC
 2509 57b6 7CEEFE4F 		.ascii	"|\356\376O\326\256\233\305|Se1O\310,\346c_x\365\305"
 2509      D6AE9BC5 
 2509      7C536531 
 2509      4FC82CE6 
 2509      635F78F5 
 2510 57cb A9649A72 		.ascii	"\251d\232r\262"
 2510      B2
 2511 57d0 48BFC83B 		.ascii	"H\277\310;q\217\370\254\353[\224\245|\263\244~\376\357"
 2511      718FF8AC 
 2511      EB5B94A5 
 2511      7CB3A47E 
 2511      FEEF
 2512 57e2 DF5FF9C3 		.ascii	"\337_\371\303\037\317\244\236\223D\036\373\322\247\236"
 2512      1FCFA49E 
 2512      93441EFB 
 2512      D2A79E
 2513 57f1 56BFF538 		.ascii	"V\277\3658\203\356\367\376\363;W\247S/\312\261?\377"
 2513      83EEF7FE 
 2513      F33B57A7 
 2513      532FCAB1 
 2513      3FFF
 2514 5803 837B1FCF 		.ascii	"\203{\037\317\312\261\351\033\336\301\374u\351\332k"
 2514      CAB1E91B 
 2514      DEC1FC75 
 2514      E9DA6B
 2515 5812 94BBAE3E 		.ascii	"\224\273\256>\013#~Yb\272\347\023\017\2759\362\333\374"
 2515      0B237E59 
 2515      62BAE713 
 2515      0FBD39F2 
 2515      DBFC
 2516 5824 BF8BD832 		.ascii	"\277\213\3302j\365#\367\375\366\247s\251\377\222\253"
 2516      6AF523F7 
ARM GAS  /tmp/cc4JZDS4.s 			page 198


 2516      FDF6A773 
 2516      A9FF92AB 
 2517 5834 1FFE8F07 		.ascii	"\037\376\217\007>\253r\262\251\033\362\361\324\010L"
 2517      3EAB72B2 
 2517      A91BF2F1 
 2517      D4084C
 2518 5843 57DEFA04 		.ascii	"W\336\372\004\344\373\277\022\323W^~\362\361\251Q||"
 2518      E4FBBF12 
 2518      D3575E7E 
 2518      F2F1A951 
 2518      7C7C
 2519 5855 1F7C8C5A 		.ascii	"\037|\214Z\375\346\275\367}u&\365\311_}\233K\250\277"
 2519      FDE6BDF7 
 2519      7D7526F5 
 2519      C95F7D9B 
 2519      4BA8BF
 2520 5868 1DB1F4E9 		.ascii	"\035\261\364\351'?\363\213\251\337\225+\237{\362\276"
 2520      273FF38B 
 2520      A9DF952B 
 2520      9F7BF2BE 
 2521 5878 3F1AF9B3 		.ascii	"?\032\371\263\257\317\200\356\250\305_|\361s\237O\245"
 2521      AFCF80EE 
 2521      A8C55F7C 
 2521      F1739F4F 
 2521      A5
 2522 5889 BE2057DF 		.ascii	"\276 W\337\375\314\243W\246\345\376\351\317\321\376"
 2522      FDCCA357 
 2522      A6E5FEE9 
 2522      CFD1FE
 2523 5898 FBF13FBB 		.ascii	"\373\361?\273\222O=\372v<\375\303\010\264\017<\370\321"
 2523      924F3DFA 
 2523      763CFDC3 
 2523      08B40F3C 
 2523      F8D1
 2524 58aa BDD497E5 		.ascii	"\275\324\227\345\312\357~\361\255\373G\376\352\321\017"
 2524      CAEF7EF1 
 2524      ADFB47FE 
 2524      EAD10F
 2525 58b9 C1D388C5 		.ascii	"\301\323\210\305\251\347\357\377\375\237\344&\344\317"
 2525      A9E7EFFF 
 2525      FD9FE426 
 2525      E4CF
 2526 58c7 0417C5B7 		.ascii	"\004\027\305\267g\27411\361O\320*\372\312\015z\252\257"
 2526      67BC3131 
 2526      F14FD02A 
 2526      FACA0D7A 
 2526      AAAF
 2527 58d9 DCF852F2 		.ascii	"\334\370R\362+7\010>\361#\344\313\317\225\304\357\331"
 2527      2B37083E 
 2527      F123E4CB 
 2527      CF95C4EF 
 2527      D9
 2528 58ea 7EFCA7BF 		.ascii	"~\374\247\277\361\324\314\320]\226\372\037\372\237\277"
 2528      F1D4CCD0 
 2528      5D96FA1F 
 2528      FA9FBF
 2529 58f9 7A571C2E 		.ascii	"zW\034.\276\015\016^\272\326\373\277\014cO\374D\363"
ARM GAS  /tmp/cc4JZDS4.s 			page 199


 2529      BE0D0E5E 
 2529      BAD6FBBF 
 2529      0C634FFC 
 2529      44F3
 2530 590b 6B0FA96F 		.ascii	"k\017\251o\224\000\015\361\203\234\264\344\331\322`"
 2530      94000DF1 
 2530      839CB4E4 
 2530      D9D260
 2531 591a CD3F6213 		.ascii	"\315?b\023/\017b\027\375\357\220\367\306\021\346\311"
 2531      2F0F6217 
 2531      FDEF90F7 
 2531      C611E6C9 
 2532 592a 6B693CA1 		.ascii	"ki<\241\346\377U)^\360\263\207N\336\035\307\307\277"
 2532      E6FF5529 
 2532      5EF0B387 
 2532      4EDE1DC7 
 2532      C7BF
 2533 593c 574B92F1 		.ascii	"WK\222\361\361\007j\315\263\245!W7q$a~/)\207\365c\212"
 2533      F1076ACD 
 2533      B3A52157 
 2533      37712461 
 2533      7E2F2987 
 2534 5953 5E78FD33 		.ascii	"^x\3753^\377\202\327\013x\375\004\257\347\223Y\310\017"
 2534      5EFF82D7 
 2534      0B78FD04 
 2534      AFE79359 
 2534      C80F
 2535 5965 1E7ED740 		.ascii	"\036~\327@\020\177y}A|g\300\344\377$\231\374\273\033"
 2535      107F797D 
 2535      417C67C0 
 2535      E4FF2499 
 2535      FCBB1B
 2536 5978 3039F8DF 		.ascii	"09\370\337\"\337z8\361m\034O\253%\311o\343\370\033\265"
 2536      22DF7A38 
 2536      F16D1C4F 
 2536      AB25C96F 
 2536      E3F81BB5 
 2537 598c E47BA541 		.ascii	"\344{\245A\340\1778{\027\005~\341Mh\376`\207\311d\347"
 2537      E07F387B 
 2537      17057EE1 
 2537      4D68FE60 
 2537      87C964E7 
 2538 59a0 998F7DFC 		.ascii	"\231\217}\374\303\203\\\347\321\211\347?*\261\377\005"
 2538      C3835CE7 
 2538      D189E73F 
 2538      2AB1FF05 
 2539 59b0 A8BC8270 		.ascii	"\250\274\202p5b\325\340K5\217&\223\235WTP\376)\370\270"
 2539      3562D5E0 
 2539      4B358F26 
 2539      939D5754 
 2539      50FE29F8 
 2540 59c5 9A94D18F 		.ascii	"\232\224\321\217\036J\374\375\304\343\012\357\310\324"
 2540      1E4AFCFD 
 2540      C4E30AEF 
 2540      C8D4
 2541 59d3 6BE2B75E 		.ascii	"k\342\267^\377\364\225\314\302H\002\342oLF\320 \317"
 2541      FFF495CC 
ARM GAS  /tmp/cc4JZDS4.s 			page 200


 2541      C24802E2 
 2541      6F4C46D0 
 2541      20CF
 2542 59e5 F7C2F73F 		.ascii	"\367\302\367?5\344\354\377u(\243zU:\360W\205\003\177"
 2542      35E4ECFF 
 2542      7528A37A 
 2542      553AF057 
 2542      85037F
 2543 59f8 F0375F2A 		.ascii	"\3607_*]\327M\277\246\3344\375\225\304\357\015\276\314"
 2543      5DD74DBF 
 2543      A6DC34FD 
 2543      95C4EF0D 
 2543      BECC
 2544 5a0a 7D417D99 		.ascii	"}A}\231\373\013_\376\323\273\257\251._\207\012?\"\004"
 2544      FB0B5FFE 
 2544      D3BBAFA9 
 2544      2E5F870A 
 2544      3F2204
 2545 5a1d F40649FA 		.ascii	"\364\006I\3725Y]\276!\252\313?\271\367\321\317\014U"
 2545      35595DBE 
 2545      21AACB3F 
 2545      B9F7D1CF 
 2545      0C55
 2546 5a2f C16F0C55 		.ascii	"\301o\014U\227\377&\031\243G\336\361\314\236\315\226"
 2546      97FF2619 
 2546      A347DEF1 
 2546      CC9ECD96 
 2547 5a3f 8CFCB90B 		.ascii	"\214\374\271\013\027o\253\2379s$\337\263\\\276R\325"
 2547      176FAB9F 
 2547      397324DF 
 2547      B35CBE52 
 2547      D5
 2548 5a50 786ABDD9 		.ascii	"xj\275\331\370\300\322R\031\377.\261\300ev\271\336\265"
 2548      F8C0D252 
 2548      19FF2EB1 
 2548      C06576B9 
 2548      DEB5
 2549 5a62 DAD61DAD 		.ascii	"\332\326\035\255\262\027\226\273\272]\366\275\200\207"
 2549      B21796BB 
 2549      BA5DF6BD 
 2549      8087
 2550 5a70 E5D6CEE6 		.ascii	"\345\326\316\346J\265\274\261\321(\327k\027\366*4\242"
 2550      4AB5BCB1 
 2550      D128D76B 
 2550      17F62A34 
 2550      A2
 2551 5a81 19BAABD9 		.ascii	"\031\272\253\331\266\271\324=\222j5\0339\302x\032\010"
 2551      B6B9D43D 
 2551      926A351B 
 2551      39C2781A 
 2551      08
 2552 5a92 9B8DF5D4 		.ascii	"\233\215\365\324\366\316v\252\261QO\35747\327\005\251"
 2552      F6CE76AA 
 2552      B1514FEF 
 2552      3437D705 
 2552      A9
 2553 5aa3 CA298C9C 		.ascii	"\312)\214\234\335lfM\235\353\247V\005\354\324\252\306"
ARM GAS  /tmp/cc4JZDS4.s 			page 201


 2553      DD6C664D 
 2553      9DEBA756 
 2553      05ECD4AA 
 2553      C6
 2554 5ab4 457FA52A 		.ascii	"E\177\245*\036\225S\031z\234.\202\304v\377l\240;,mt"
 2554      1E955319 
 2554      7A9C2E82 
 2554      C476FF6C 
 2554      A03B2C6D 
 2555 5ac9 F520B5E7 		.ascii	"\365 \265\347\360\023kz\310Z\354r\217\271\334\322\355"
 2555      F0136B7A 
 2555      C85AEC72 
 2555      8FB9DCD2 
 2555      ED
 2556 5ada 160F98EE 		.ascii	"\026\017\230\356\334\271\271S\275\021\353\226k\330="
 2556      DCB9B953 
 2556      BD11EB96 
 2556      6BD83D
 2557 5ae9 93096643 		.ascii	"\223\011fC\261\"\004\263\013\243PeC\353#L\343\005\313"
 2557      B12204B3 
 2557      0BA35065 
 2557      43EB234C 
 2557      E305CB
 2558 5afc F375D332 		.ascii	"\363u\32325^\262<\266\207\031\220\034\340Y_7.13\247"
 2558      355EB23C 
 2558      B6871990 
 2558      1CE0595F 
 2558      372E3133 
 2559 5b11 DBD6AECB 		.ascii	"\333\326\256\313\314\264m\271,oy\364\320\370/H\036|"
 2559      CCB46DB9 
 2559      2C6F79F4 
 2559      D0F82F48 
 2559      1E7C
 2560 5b23 16587E97 		.ascii	"\026X~\227\005\007\213\020JY\367BMBj\033 Z\324}\335"
 2560      05078B10 
 2560      4A59F742 
 2560      4D426A1B 
 2560      205AD47D 
 2561 5b38 3EE75B9E 		.ascii	">\347[\236\306\347h\250\323&\351\361~\207vy\354\032"
 2561      C6E768A8 
 2561      D326E9F1 
 2561      7E877679 
 2561      EC1A
 2562 5b4a 88C68F0F 		.ascii	"\210\306\217\017`\314\005\257=f\2645~t\365H^\017\234"
 2562      60CC05AF 
 2562      3D66B435 
 2562      7E74F548 
 2562      5E0F9C
 2563 5b5d BDF72D3A 		.ascii	"\275\367-:G\212\006N\206\365\027\235\225#'5y\300\255"
 2563      478A064E 
 2563      86F5179D 
 2563      95232735 
 2563      79C0AD
 2564 5b70 30F4D7EA 		.ascii	"0\364\327\352k\035\313\346,\250\353\266\335\006\333"
 2564      6B1DCBE6 
 2564      2CA8EBB6 
 2564      DD06DB
ARM GAS  /tmp/cc4JZDS4.s 			page 202


 2565 5b7f 85E8F08F 		.ascii	"\205\350\360\217L\032\335\326Ax\321\265=\343\322/]O"
 2565      4C1ADDD6 
 2565      4178D1B5 
 2565      3DE3D22F 
 2565      5D4F
 2566 5b91 70018FE5 		.ascii	"p\001\217\345ft\303\003\222\330-\012\375\016\013y\315"
 2566      6674C303 
 2566      92D82D0A 
 2566      FD0E0B79 
 2566      CD
 2567 5ba2 B65B5D66 		.ascii	"\266[]f\333u\307\254\267oM\2205\332\333\314`\326\036"
 2567      DB75C7AC 
 2567      B76F4D90 
 2567      35DADBCC 
 2567      60D61E
 2568 5bb5 5BF2F580 		.ascii	"[\362\365\200/-/\214\032\023;\015\001j\033\355\220\353"
 2568      2F2D2F8C 
 2568      1A133B0D 
 2568      016A1BED 
 2568      90EB
 2569 5bc7 BC176A5C 		.ascii	"\274\027j\\Ml\272\026o\272\340;\350\371<\374\271\001"
 2569      4D6CBA16 
 2569      6FBAE03B 
 2569      E8F93CFC 
 2569      B901
 2570 5bd9 702B92AB 		.ascii	"p+\222\253\030\355\350\006\013g\006\243\304S\370nE\253"
 2570      18EDE806 
 2570      0B6706A3 
 2570      C453F86E 
 2570      45AB
 2571 5beb DBE3A6B7 		.ascii	"\333\343\246\267\357\216X1?\304M\213\361\236\177\230"
 2571      EF8E5831 
 2571      3FC44D8B 
 2571      F19E7F98 
 2572 5bfb 419B412F 		.ascii	"A\233A/\216\017\001w\002\335\015\035\213\027\204\340"
 2572      8E0F0177 
 2572      02DD0D1D 
 2572      8B1784E0 
 2573 5c0b CEEB365F 		.ascii	"\316\3536_\034KlL\017\354\003\010nV\323\332=\034\206"
 2573      1C4B6C4C 
 2573      0FEC0308 
 2573      6E56D3DA 
 2573      3D1C86
 2574 5c1e 8543ECFB 		.ascii	"\205C\354\373\314\340\031\303sC\236\006\251N\316\365"
 2574      CCE019C3 
 2574      73439E06 
 2574      A94ECEF5 
 2575 5c2e 7837F0F6 		.ascii	"x7\360\366\3475\315l\357jXd\\\322z\342l\306#b\262vo"
 2575      E735CD6C 
 2575      EF6A5864 
 2575      5CD27AE2 
 2575      6CC62362 
 2576 5c45 1744DE09 		.ascii	"\027D\336\011\231\222\024\266Y\330\263\371V\000\313"
 2576      999214B6 
 2576      59D8B3F9 
 2576      5600CB
 2577 5c54 6AF51C47 		.ascii	"j\365\034G\017\016\246I\332\234\221\352\323\320\354"
ARM GAS  /tmp/cc4JZDS4.s 			page 203


 2577      0F0EA649 
 2577      DA9C91EA 
 2577      D3D0EC
 2578 5c63 7057E3EF 		.ascii	"pW\343\357\222t\240G\214\360\226\243q \315\033]\237"
 2578      9274A047 
 2578      8CF096A3 
 2578      7120CD1B 
 2578      5D9F
 2579 5c75 3075566E 		.ascii	"0uVnd`\266\325.+\303*G\013\2608\3530\307\360\017&*\271"
 2579      6460B6D5 
 2579      2E2BC32A 
 2579      470BB038 
 2579      EB30C7F0 
 2580 5c8d 8E7B5B88 		.ascii	"\216{[\210}c\257\256\333\263\355_/w=\207\225}\213\227"
 2580      7D63AFAE 
 2580      DBB3ED5F 
 2580      2F773D87 
 2580      957D8B97 
 2581 5ca1 770D6311 		.ascii	"w\015c\021\232\274\310\23463Mf\306\000Le\213Lo[\213"
 2581      9ABCC89C 
 2581      36334D66 
 2581      C6004C65 
 2581      8B4C6F5B 
 2582 5cb6 6716ABCB 		.ascii	"g\026\253\313\325\345\305\313\325\305\236\017\307\300"
 2582      D5E5C5CB 
 2582      D5C59E0F 
 2582      C7C0
 2583 5cc4 CA43C3B1 		.ascii	"\312C\303\261$\300\200\345\222 Nh\2601\362H\260\030"
 2583      24C080E5 
 2583      92204E68 
 2583      B031F248 
 2583      B018
 2584 5cd6 BD6D3358 		.ascii	"\275m3X\2620\341\251s[\315;\264\235\003\2375X\247\010"
 2584      B230E1A9 
 2584      735BCD3B 
 2584      B49D039F 
 2584      3558A708 
 2585 5cea 0B87DD90 		.ascii	"\013\207\335\220\211\327n\306\355\021\016\345\367\024"
 2585      89D76EC6 
 2585      ED110EE5 
 2585      F714
 2586 5cf8 1579BE83 		.ascii	"\025y\276\203\263\243\223;\2061(\327\006\374Bd~\315"
 2586      B3A3933B 
 2586      863128D7 
 2586      06FC4264 
 2586      7ECD
 2587 5d0a 126086EA 		.ascii	"\022`\206\352h|i\\\207\205Udz8\023\250\3369\306[\334"
 2587      687C695C 
 2587      87855564 
 2587      7A3813A8 
 2587      DE39C65B 
 2588 5d1f 24FF11A1 		.ascii	"$\377\021\241=9\342\354`\255\2349\344mB\023\216\243"
 2588      3D39E2EC 
 2588      60AD9C39 
 2588      E46D4213 
 2588      8EA3
 2589 5d31 C5618833 		.ascii	"\305a\2103-\030\203n\303\245\326=\267c\355\016\372\215"
ARM GAS  /tmp/cc4JZDS4.s 			page 204


 2589      2D18836E 
 2589      C3A5D63D 
 2589      B763ED0E 
 2589      FA8D
 2590 5d43 000619DC 		.ascii	"\000\006\031\334:\002\217p;@3#\320\334\321\37604\227"
 2590      3A028F70 
 2590      3B403323 
 2590      D0DCD1FE 
 2590      303497
 2591 5d56 6C2D1F21 		.ascii	"l-\037!\235\216\334\277!p\026b\354\361\200)\220\027"
 2591      9D8EDCBF 
 2591      21701662 
 2591      ECF18029 
 2591      9017
 2592 5d68 62321927 		.ascii	"b2\031'\334\275\211\315K\372S`\346\354Z]w\211\370tM"
 2592      DCBD89CD 
 2592      4BFA5360 
 2592      E6EC5A5D 
 2592      7789F874 
 2593 5d7d 74228485 		.ascii	"t\"\204\205\313\314Z\027\307\\\370 B\230\200\215\215"
 2593      CBCC5A17 
 2593      C75CF820 
 2593      4298808D 
 2593      8D
 2594 5d8e 1E6B49C7 		.ascii	"\036kI\307\361\020\333!\014\222\377\274\277\357H\320"
 2594      F110DB21 
 2594      0C92FFBC 
 2594      BFEF48D0 
 2595 5d9e D6873625 		.ascii	"\326\2076%\210Z7\211\036H\010\275U5\006\322B'\222V\263"
 2595      885A3789 
 2595      1E4808BD 
 2595      553506D2 
 2595      42279256 
 2596 5db3 5A4F488B 		.ascii	"ZOH\213\006\224\2640p\223\224\260\030\224r\241)\010"
 2596      0694B430 
 2596      709394B0 
 2596      189472A1 
 2596      2908
 2597 5dc5 CD894027 		.ascii	"\315\211@'\316W\321\232R\247-:\311aIQ\015K\242\225\261"
 2597      CE57D19A 
 2597      52A72D3A 
 2597      C9614951 
 2597      0D4BA295 
 2598 5dda 43A95804 		.ascii	"C\251X\004\272\363\244\234\024\014j\246Y\367\340r\\"
 2598      BAF3A49C 
 2598      140C6AA6 
 2598      59F7E072 
 2598      5C
 2599 5deb 53F89890 		.ascii	"S\370\230\220`\206\004\314\037\006h|J\200\224\367\037"
 2599      608604CC 
 2599      1F06687C 
 2599      4A8094F7 
 2599      1F
 2600 5dfc A57F623A 		.ascii	"\245\177b:\355KH\320\363s\342\240<\277\210g\303\012"
 2600      ED4B48D0 
 2600      F373E2A0 
 2600      3CBF8867 
ARM GAS  /tmp/cc4JZDS4.s 			page 205


 2600      C30A
 2601 5e0e E9D073E2 		.ascii	"\351\320s\342\2400$T\322\363\013J\343=\177\326\3506"
 2601      A0302454 
 2601      D2F30B4A 
 2601      E33D7FD6 
 2601      E836
 2602 5e20 DABB7532 		.ascii	"\332\273u2\311\272\255\207a\363x\244E\333\314\361\366"
 2602      C9BAAD87 
 2602      61F378A4 
 2602      45DBCCF1 
 2602      F6
 2603 5e31 D859111C 		.ascii	"\330Y\021\034\233\263\203\370*\303\345\374a\200\306"
 2603      9BB383F8 
 2603      2AC3E5FC 
 2603      6180C6
 2604 5e40 4F442BA3 		.ascii	"OD+\2438\260c9\314\353\361\022\014\315\242\320\262\007"
 2604      38B06339 
 2604      CCEBF112 
 2604      0CCDA2D0 
 2604      B207
 2605 5e52 69704A57 		.ascii	"ipJWvd\2722\225\010\260GJ\232\326\351\271\206\246-\335"
 2605      7664BA32 
 2605      9508B047 
 2605      4A9AD6E9 
 2605      B986A62D 
 2606 5e67 BE7AEA74 		.ascii	"\276z\352t>\352\315h\2730cL\373\020\334Y\020\362R\324"
 2606      3EEACD68 
 2606      BB30634C 
 2606      FB10DC59 
 2606      10F252D4 
 2607 5e7b DF66BBEB 		.ascii	"\337f\273\353\256\034\335\322y\267A\312\243Fk\206\301"
 2607      AE1CDDD2 
 2607      79B741CA 
 2607      A3466B86 
 2607      C1
 2608 5e8c 6C0433D9 		.ascii	"l\0043\331;w\020x\215\300<(\212^3\300\300\254h\342\014"
 2608      3B771078 
 2608      8DC03C28 
 2608      8A5E33C0 
 2608      C0AC68E2 
 2609 5ea1 7CEC98C6 		.ascii	"|\354\230\306T\274;O\356H\331{Vn+o\264\021\240\341\261"
 2609      54BC3B4F 
 2609      EE48D97B 
 2609      566E2B6F 
 2609      B411A0E1 
 2610 5eb6 F391535A 		.ascii	"\363\221SZ8\274s\3124R\254\317S\001\017R\226\311\216"
 2610      38BC73CA 
 2610      3452ACCF 
 2610      53010F52 
 2610      96C98E
 2611 5ec9 5A662AE4 		.ascii	"Zf*\344f:\010\367\314\204\334\202\276\243\207\227R\201"
 2611      663A08F7 
 2611      CC84DC82 
 2611      BEA38797 
 2611      5281
 2612 5edb BE3F7F18 		.ascii	"\276?\177\030\250\3614=\322.\260\034\265\332YKd0\371"
 2612      A8F1343D 
ARM GAS  /tmp/cc4JZDS4.s 			page 206


 2612      D22EB01C 
 2612      B5DA594B 
 2612      6430F9
 2613 5eee CB1A829E 		.ascii	"\313\032\202\236\3259@\352\244\011H1j \365\272,\307"
 2613      D53940EA 
 2613      A4094831 
 2613      6A20F5BA 
 2613      2CC7
 2614 5f00 349EBBAC 		.ascii	"4\236\273\254\005\246\317\003<\367\003<3\2275\234+\026"
 2614      05A6CF03 
 2614      3CF7033C 
 2614      3397359C 
 2614      2B16
 2615 5f12 B77B9D0E 		.ascii	"\267{\235\016Y>\224\273G\342Gk_\267\020]wq\350\032\242"
 2615      593E94BB 
 2615      47E2476B 
 2615      5FB7105D 
 2615      7771E81A 
 2616 5f27 29D3CD50 		.ascii	")\323\315P\342\313H\202\000K:Q\003\214\371\001\333\033"
 2616      E2CB4882 
 2616      004B3A51 
 2616      038CF901 
 2616      DB1B
 2617 5f39 2FC2DA16 		.ascii	"/\302\332\026r\013\350ay\254\331\236\360\2234\177f\210"
 2617      720BE861 
 2617      79ACD99E 
 2617      F093347F 
 2617      6688
 2618 5f4b 15648F97 		.ascii	"\025d\217\2275d\212\227\30660\261\214\020\225,\327\357"
 2618      35648A97 
 2618      C63630B1 
 2618      8C10952C 
 2618      D7EF
 2619 5f5d F1084D86 		.ascii	"\361\010M\206l\206\225\204\246\013\373!\230\214p\342"
 2619      6C869584 
 2619      A60BFB21 
 2619      988C70E2 
 2620 5f6d 5D0BBD5E 		.ascii	"]\013\275^`\260i\331!\346\231\313\202\331\341\356\015"
 2620      60B069D9 
 2620      21E699CB 
 2620      82D9E1EE 
 2620      0D
 2621 5f7e 9CF0700A 		.ascii	"\234\360p\012C\253\210\207\351$n\215\317\037\212\037"
 2621      43AB8887 
 2621      E9246E8D 
 2621      CF1F8A1F 
 2622 5f8e C8C1B3D2 		.ascii	"\310\301\263\322\327\334rX\345tW\372\235\254\320\014"
 2622      D7DC7258 
 2622      E57457FA 
 2622      9DACD00C 
 2623 5f9e 3F83     		.ascii	"?\203"
 2624 5fa0 37CB1C28 		.ascii	"7\313\034(f<\236r\214 \325\306yK\367^\311\363\276<\351"
 2624      663C9E72 
 2624      8C20D5C6 
 2624      794BF75E 
 2624      C9F3BE3C 
 2625 5fb5 5995F96A 		.ascii	"Y\225\371j\221\246\026e\227\232\223\262\331\011<\227"
ARM GAS  /tmp/cc4JZDS4.s 			page 207


 2625      91A61665 
 2625      979A93B2 
 2625      D9093C97 
 2626 5fc5 A72979CF 		.ascii	"\247)y\317\350{\272e\027\202\276\324\3410\005rY\271"
 2626      E87BBA65 
 2626      1782BED4 
 2626      E1300572 
 2626      59B9
 2627 5fd7 8B0C924A 		.ascii	"\213\014\222J/\310\361>s|~\220\305\024\344\"\031\012"
 2627      2FC8F13E 
 2627      737C7E90 
 2627      C514E422 
 2627      190A
 2628 5fe9 1BAB69B8 		.ascii	"\033\253i\270\010N\201\300\300\03699\030%\330\024\267"
 2628      084E81C0 
 2628      C01E3939 
 2628      1825D814 
 2628      B7
 2629 5ffa 9CC9903B 		.ascii	"\234\311\220;T#"
 2629      5423
 2630 6000 598EC66F 		.ascii	"Y\216\306o\252FB\331\243r\005 T\271\202\240\2672\330"
 2630      AA4642D9 
 2630      A3720520 
 2630      54B982A0 
 2630      B732D8
 2631 6013 FE0799A5 		.ascii	"\376\007\231\245\002\214\322{\243]\">\342L!\345\350"
 2631      028CD27B 
 2631      A35D223E 
 2631      E24C21E5 
 2631      E8
 2632 6024 FD9463B9 		.ascii	"\375\224c\271y8\255\240c{\3734\034\265\251r\262\220"
 2632      7938ADA0 
 2632      637BFB34 
 2632      1CB5A972 
 2632      B290
 2633 6036 F7EC4D02 		.ascii	"\367\354M\002([`\037\211\235g\367\270\345\2713\000\017"
 2633      285B601F 
 2633      899D67F7 
 2633      B8E5B933 
 2633      000F
 2634 6048 7A648EA8 		.ascii	"zd\216\250c(f\312zf2\306c\264i\323&\263\271\016m\242"
 2634      632866CA 
 2634      7A6632C6 
 2634      63B469D3 
 2634      26B3B90E 
 2635 605e 5857CD77 		.ascii	"XW\315w\365Pk\2330<m\315\363\354\214A\356\014\246\244"
 2635      F5506B9B 
 2635      303C6DCD 
 2635      F3EC8C41 
 2635      EE0CA6A4 
 2636 6072 BBD87A38 		.ascii	"\273\330z8\005\317\253\3320U\231i\231\223\002\350:d"
 2636      05CFABDA 
 2636      30559969 
 2636      999302E8 
 2636      3A64
 2637 6084 F9592A7B 		.ascii	"\371Y*{<\223B\251\024*\032J\250\377O!\002\201\022\342"
 2637      3C9342A9 
ARM GAS  /tmp/cc4JZDS4.s 			page 208


 2637      142A1A4A 
 2637      A8FF4F21 
 2637      028112E2 
 2638 6098 89587C5B 		.ascii	"\211X|[\373\216P@)\3034\261\2332\202j\001s\345\026K"
 2638      FB8E5040 
 2638      29C334B1 
 2638      9B32826A 
 2638      0173E516 
 2639 60ad 443F16E6 		.ascii	"D?\026\346,\305s\311\265\222z'\020%\240q\2206-\344'"
 2639      2CC573C9 
 2639      B5927A27 
 2639      1025A071 
 2639      90362DE4 
 2640 60c2 147BAB50 		.ascii	"\024{\253P\221\366\0012\340\214\320\300\\\240z\001\365"
 2640      91F60132 
 2640      E08CD0C0 
 2640      5CA07A01 
 2640      F5
 2641 60d3 6E8A7760 		.ascii	"n\212w`S\274SxW\012`::\357\317K\235B[\225\244\220::"
 2641      53BC5378 
 2641      570A603A 
 2641      3AEFCF4B 
 2641      9D425B95 
 2642 60eb 41BFC0FB 		.ascii	"A\277\300\373x\212c\012\242VZ7\315\240\000\024\364\204"
 2642      788A630A 
 2642      A2565A37 
 2642      CDA00014 
 2642      F484
 2643 60fd 64A55F29 		.ascii	"d\245_)\304\316./\037\260J\325\010\030\314\006\233\""
 2643      C4CE2E2F 
 2643      1FB04AD5 
 2643      0818CC06 
 2643      9B22
 2644 610f CFE0F450 		.ascii	"\317\340\364P\035fP\016\221\317\357j\242\233\023\357"
 2644      1D66500E 
 2644      91CFEF6A 
 2644      A29B13EF 
 2645 611f 1A1FAFFA 		.ascii	"\032\037\257\372sx\237\262ya=a\021ltl}\0271\233\232"
 2645      73789FB2 
 2645      79613D61 
 2645      116C746C 
 2645      7D17319B 
 2646 6134 9199A039 		.ascii	"\221\231\2409\211\335F\351\365{\342\003jV\215\255\300"
 2646      89DD46E9 
 2646      F57BE203 
 2646      6A568DAD 
 2646      C0
 2647 6145 EBAF333F 		.ascii	"\353\2573?\360\234\255\375\300\341\201\224\374\244\320"
 2647      F09CADFD 
 2647      C0E18194 
 2647      FCA4D0
 2648 6154 270D7501 		.ascii	"'\015u\001\012j\317\247\332\222M\002\215\347\313\203"
 2648      0A6ACFA7 
 2648      DA924D02 
 2648      8DE7CB83 
 2649 6164 2B9A3D0E 		.ascii	"+\232=\016k80l6\0150\365D\007[\242C\252\2743IB\205<"
 2649      6B38306C 
ARM GAS  /tmp/cc4JZDS4.s 			page 209


 2649      360D30F5 
 2649      44075BA2 
 2649      43AABC33 
 2650 617c E5485A8D 		.ascii	"\345HZ\215J\246\027\"\023*]l\325\266w\"\246\216z\355"
 2650      4AA61722 
 2650      132A5D6C 
 2650      D5B67722 
 2650      A68E7AED 
 2651 6190 AC27FCC5 		.ascii	"\254'\374\3054\242w\302\243\"kP\373\230IfB\344\323d"
 2651      34A277C2 
 2651      A3226B50 
 2651      FB984966 
 2651      42E4D364 
 2652 61a4 1C5BBF99 		.ascii	"\034[\277\231C\0274\325\261\2534K\236\374\361\303\236"
 2652      431734D5 
 2652      B1AB344B 
 2652      9EFCF1C3 
 2652      9E
 2653 61b5 51726B04 		.ascii	"Qrk\004\225\214\220\002Z+\307G\226\330\211t\3121),\247"
 2653      958C9002 
 2653      5A2BC747 
 2653      96D88974 
 2653      CA31292C 
 2654 61ca 5DA41929 		.ascii	"]\244\031)\243\273\\tt\244 \342\324s8'r\357y\3463\327"
 2654      A3BB5C74 
 2654      74A420E2 
 2654      D4733827 
 2654      72EF79E6 
 2655 61e0 44349C94 		.ascii	"D4\234\2247\027\"\016\347T\204\314A\005hRA=5>\321\313"
 2655      3717220E 
 2655      E75484CC 
 2655      41056852 
 2655      413D353E 
 2656 61f6 B27D9A94 		.ascii	"\262}\232\224\335\347\300\340\343\021\302A\"\207\001"
 2656      DDE7C0E0 
 2656      E311C241 
 2656      228701
 2657 6205 F78EEE77 		.ascii	"\367\216\356w\221\222e\3669\017h\004\301\315\317\263"
 2657      919265F6 
 2657      390F6804 
 2657      C1CDCFB3 
 2658 6215 BEC50D9C 		.ascii	"\276\305\015\234Q\026\011\006\362\371\214P\207\234\272"
 2658      51160906 
 2658      F2F98C50 
 2658      879CBA
 2659 6224 22C97325 		.ascii	"\"\311s%\312\354\276\336F%]\014\371%q]\242\361i\240"
 2659      CAECBEDE 
 2659      46255D0C 
 2659      F925715D 
 2659      A2F169A0 
 2660 6238 C43E2C94 		.ascii	"\304>,\224\276:t\263\224hC\203\014\336?\032\372\223"
 2660      BE3A74B3 
 2660      94684383 
 2660      0CDE3F1A 
 2660      FA93
 2661 624a 244D8039 		.ascii	"$M\2009\272S\242\215\250\002]\345\247\256w\004\224O"
 2661      BA53A28D 
ARM GAS  /tmp/cc4JZDS4.s 			page 210


 2661      A8025DE5 
 2661      A7AE7704 
 2661      944F
 2662 625c 7AAE3A85 		.ascii	"z\256:\205\332\366\346\336\373\0267\241\264\224I\322"
 2662      DAF6E6DE 
 2662      FB1637A1 
 2662      B49449D2 
 2663 626c 9554D70C 		.ascii	"\225T\327\014\262\2768\3479\220Gm\352\005\026\364J@"
 2663      B2BE38E7 
 2663      3990476D 
 2663      EA0516F4 
 2663      4A40
 2664 627e 8E5D0311 		.ascii	"\216]\003\021y\201\345\3458\275\243#\344\011\341\332"
 2664      7981E5E5 
 2664      38BDA323 
 2664      E409E1DA 
 2665 628e D43F3ECC 		.ascii	"\324?>\314\277\312\255\027\256\005aa\3201z$kzN\322\233"
 2665      BFCAAD17 
 2665      AE056161 
 2665      D0317A24 
 2665      6B7A4ED2 
 2666 62a3 26CFE197 		.ascii	"&\317\341\227\307\2628Z@&'\026\362\034\355E\263`\360"
 2666      C7B2385A 
 2666      40262716 
 2666      F21CED45 
 2666      B360F0
 2667 62b6 F209D9EE 		.ascii	"\362\011\331\356q\342,c\322{\011d\244\343\246\336\314"
 2667      71E22C63 
 2667      D27B0964 
 2667      A4E3A6DE 
 2667      CC
 2668 62c7 508FBC0A 		.ascii	"P\217\274\012u\336\001\350\236\025\360\036e\252\310"
 2668      75DE01E8 
 2668      9E15F01E 
 2668      65AAC8
 2669 62d6 5E83500C 		.ascii	"^\203P\014\347)\354Q\277@5\243%.\234FL\003\226 \242"
 2669      E729EC51 
 2669      BF4035A3 
 2669      252E9C46 
 2669      4C039620 
 2670 62eb 449A7620 		.ascii	"D\232v \2409\243\027\004\224u\014@8F\024\3029+\0144"
 2670      A039A317 
 2670      0494750C 
 2670      40384614 
 2670      C2392B0C 
 2671 6300 F8FC8CF0 		.ascii	"\370\374\214\360\373\005\037\361\336\320\240(\304\232"
 2671      FB051FF1 
 2671      DED0A028 
 2671      C49A
 2672 630e AC4D3571 		.ascii	"\254M5qi\221\027\016\000\223\246\223P\260 m\340\334"
 2672      6991170E 
 2672      0093A693 
 2672      50B0206D 
 2672      E0DC
 2673 6320 702A9BA6 		.ascii	"p*\233\246\3246\3550\256\317F\227h5\203\303N!\016]4"
 2673      D436ED30 
 2673      AECF4697 
ARM GAS  /tmp/cc4JZDS4.s 			page 211


 2673      683583C3 
 2673      4E210E5D 
 2674 6335 8E45F006 		.ascii	"\216E\360\006b\236!\003^\301\214\332\323\321\350\272"
 2674      629E2103 
 2674      5EC18CDA 
 2674      D3D1E8BA 
 2675 6345 B94BE7CC 		.ascii	"\271K\347\314\360x\357\250+\273\332\246\265\355-\222"
 2675      F078EFA8 
 2675      2BBBDAA6 
 2675      B5ED2D92 
 2676 6355 25272EEE 		.ascii	"%'.\356\342\325\233\214\"\344\034ua\277<\360\324u\336"
 2676      E2D59B8C 
 2676      22E41C75 
 2676      61BF3CF0 
 2676      D475DE
 2677 6368 CC806991 		.ascii	"\314\200i\221\212\317\017\372Q\242\236\000E\231\374"
 2677      8ACF0FFA 
 2677      51A29E00 
 2677      4599FC
 2678 6377 C2003448 		.ascii	"\302\0004H\366\023\363\242z`a\010\244J\0065o\3036\311"
 2678      F613F3A2 
 2678      7A606108 
 2678      A44A0635 
 2678      6FC336C9 
 2679 638b C35A284C 		.ascii	"\303Z(L\016\322\344)g\210\271\270\210\324\370\332\215"
 2679      0ED2E429 
 2679      6788B9B8 
 2679      88D4F8DA 
 2679      8D
 2680 639c 77296BC0 		.ascii	"w)k\300\260|g\375\302\306\352ru\271\014\337\245\323"
 2680      B07C67FD 
 2680      C2C6EA72 
 2680      75B90CDF 
 2680      A5D3
 2681 63ae F54904A0 		.ascii	"\365I\004\240\355Gm\211\363\266\230r\2133\277\201\340"
 2681      ED476D89 
 2681      F3B69872 
 2681      8B33BF81 
 2681      E0
 2682 63bf 0259008E 		.ascii	"\002Y\000\216\204\353N\201\256H\207\245\371\336>\013"
 2682      84EB4E81 
 2682      AE4887A5 
 2682      F9DE3E0B 
 2683 63cf C6A4BEB3 		.ascii	"\306\244\276\263\325:U\255T\3721\365\010@\324\243\266"
 2683      D53A55AD 
 2683      54FA31F5 
 2683      0840D4A3 
 2683      B6
 2684 63e0 A43E9710 		.ascii	"\244>\227\020\032QXwO\304\374 \026l\366ln\3716\353\263"
 2684      1A515877 
 2684      4FC4FC20 
 2684      166CF66C 
 2684      6EF936EB 
 2685 63f5 A0A42421 		.ascii	"\240\244$!\343\346\230\234l\325kgn_]\255\305\234D\000"
 2685      E3E6989C 
 2685      6CD56B67 
 2685      6E5F5DAD 
ARM GAS  /tmp/cc4JZDS4.s 			page 212


 2685      C59C4400 
 2686 6409 E2246A4B 		.ascii	"\342$jKNN\016N\200\030\241#TJa\243,\02120x`\313\026"
 2686      4E4E0E4E 
 2686      8018A123 
 2686      544A61A3 
 2686      2C113230 
 2687 6421 F9C50F8C 		.ascii	"\371\305\017\214\307\302\306N}u\265R\2159P}*\005TS\322"
 2687      C7C2C64E 
 2687      7D75B552 
 2687      8D39507D 
 2687      2A055453 
 2688 6436 9F3FAC3E 		.ascii	"\237?\254>\353\356;b\226\204\2161D]\206cI\207\276e\212"
 2688      EBEE3B62 
 2688      96848E31 
 2688      445D8663 
 2688      4987BE65 
 2689 644b 8B063454 		.ascii	"\213\0064T\331/\364\244\265\325\214\364\2441&s\315\326"
 2689      D92FF4A4 
 2689      B5D58CF4 
 2689      A4312673 
 2689      CDD6
 2690 645d CA4AA5B1 		.ascii	"\312J\245\261q~\300^\004\241\242'\356\250\033\037\""
 2690      717EC05E 
 2690      04A1A227 
 2690      EEA81B1F 
 2690      22
 2691 646e 50411C45 		.ascii	"PA\034E\251|\011\236\001\031\245\243\247\300\304$\006"
 2691      A97C099E 
 2691      0119A5A3 
 2691      A7C0C424 
 2691      06
 2692 647f A2C88C4A 		.ascii	"\242\310\214J\03251\247\362\032\211K\314\246\272(\301"
 2692      1A3531A7 
 2692      F21A894B 
 2692      CCA6BA28 
 2692      C1
 2693 6490 44192A8B 		.ascii	"D\031*\213\000\252\350\202\342@\226\"\343_W\000\341"
 2693      00AAE882 
 2693      E2409622 
 2693      E35F5700 
 2693      E1
 2694 64a1 1E89B010 		.ascii	"\036\211\260\020o\271~3a\035\253\242\240.0\251\240>"
 2694      6FB97E33 
 2694      611DABA2 
 2694      A02E30A9 
 2694      A03E
 2695 64b3 9F3005BA 		.ascii	"\2370\005\272\312\330`\346\3511\345\270\336\030Hp\275"
 2695      CAD860E6 
 2695      E931E5B8 
 2695      DE184870 
 2695      BD
 2696 64c4 419CE121 		.ascii	"A\234\341!9+\015\016\026\010\0074\310\225\204H\221\330"
 2696      392B0D0E 
 2696      16080734 
 2696      C8958448 
 2696      91D8
 2697 64d6 98BABCB1 		.ascii	"\230\272\274\261rn\265\272\274\234 \244\000\244\313"
ARM GAS  /tmp/cc4JZDS4.s 			page 213


 2697      726EB5BA 
 2697      BC9C20A4 
 2697      00A4CB
 2698 64e5 515B92BC 		.ascii	"Q[\222\274eX\2277=\327\342\036\314\331\234V~^\263\303"
 2698      65589737 
 2698      3DD7E21E 
 2698      CCD99C56 
 2698      7E5EB3C3 
 2699 64f9 B6D6ABCD 		.ascii	"\266\326\253\315Z\256^\255\234\021\027\254F\007\356"
 2699      5AAE5EAD 
 2699      9C1117AC 
 2699      4607EE
 2700 6508 FAFDE3B1 		.ascii	"\372\375\343\261\322\274P\303\262\230\021\331\245\333"
 2700      D2BC50C3 
 2700      B29811D9 
 2700      A5DB
 2701 6516 3DD9924C 		.ascii	"=\331\222L\314\306L(\317?\346>\317o\326o?}ze#F\037\001"
 2701      CCC64C28 
 2701      CF3FE63E 
 2701      CF6FD66F 
 2701      3F7D7A65 
 2702 652e 689F515B 		.ascii	"h\237Q[\222\230\211I\310\234tL\012\265\235\352j}\271"
 2702      92988949 
 2702      C89C744C 
 2702      0AB59DEA 
 2702      6A7DB9
 2703 6541 B2165388 		.ascii	"\262\026S\210\000D!j\037\246\260\351A\204aA\370A\315"
 2703      0044216A 
 2703      1FA6B0E9 
 2703      41846141 
 2703      F841CD
 2704 6554 B7DC5F19 		.ascii	"\267\334_\031\223\326\312\231\345S\003B\324\003\225"
 2704      93D6CA99 
 2704      E5530342 
 2704      D40395
 2705 6563 49D150D7 		.ascii	"I\321P\327\265\321'\035H\011\007e\266,l\362Q\215/\257"
 2705      B5D1271D 
 2705      48090765 
 2705      B62C6CF2 
 2705      518D2FAF 
 2706 6577 0354B29E 		.ascii	"\003T\262\236\335\027\215)\235LM\025n\342\323\264\032"
 2706      DD178D29 
 2706      9D4C4D15 
 2706      6EE2D3B4 
 2706      1A
 2707 6588 01BAA89F 		.ascii	"\001\272\250\237\275^\2500$\322M\011\230\257\251\033"
 2707      BD5EA830 
 2707      24D24D09 
 2707      98AFA91B 
 2708 6598 3E350199 		.ascii	">5\001\231\361\211\303s\024\235\231CS\347\022\234\""
 2708      F189C373 
 2708      149D9943 
 2708      53E7129C 
 2708      22
 2709 65a9 4CA1F29E 		.ascii	"L\241\362\236\031\212e[f1\272\371\3322K\211k\257uwn"
 2709      198A655B 
 2709      6631BAF9 
ARM GAS  /tmp/cc4JZDS4.s 			page 214


 2709      DA324B89 
 2709      6BAF7577 
 2710 65be 68620B6C 		.ascii	"hb\013lNES\251slh\370\"\322\375\213\376t4Av\345|\025"
 2710      4E4553A9 
 2710      736C68F8 
 2710      22D2FD8B 
 2710      FE743441 
 2711 65d6 24F2A203 		.ascii	"$\362\242\003s\272u\220\207\373VlQ\352\222\"\014\305"
 2711      73BA7590 
 2711      87FB566C 
 2711      51EA9222 
 2711      0CC5
 2712 65e8 877AA2D8 		.ascii	"\207z\242\330AU\234\203\261S\302\235\243\217$\321\317"
 2712      41559C83 
 2712      B153C29D 
 2712      A38F24D1 
 2712      CF
 2713 65f9 84B6BEC7 		.ascii	"\204\266\276\307\362\206\025\030=[\017~>\211j\310\341"
 2713      F2861518 
 2713      3D5B0F7E 
 2713      3E896AC8 
 2713      E1
 2714 660a 4A74250D 		.ascii	"Jt%\015I4\327\326j\255\365\255\355fI\267\367\365\003"
 2714      4934D7D6 
 2714      6AADF5AD 
 2714      ED6649B7 
 2714      F7F503
 2715 661d 4A1789C6 		.ascii	"J\027\211\306\331\267\311h\221\364R>[\256o\266\232\255"
 2715      D9B7C968 
 2715      91F4523E 
 2715      5BAE6FB6 
 2715      9AAD
 2716 662f 729D6E46 		.ascii	"r\235nF\233Q\206\350\204\360\244\273\006\335\372f\311"
 2716      9B5186E8 
 2716      84F0A4BB 
 2716      06DDFA66 
 2716      C9
 2717 6640 4C9899ED 		.ascii	"L\230\231\355\350\026*\360\214\374$Q\262%>b\323\332"
 2717      E8162AF0 
 2717      8CFC2451 
 2717      B2253E62 
 2717      D3DA
 2718 6652 469B989F 		.ascii	"F\233\230\237\\*\253O\000\221\025\257mo\247\327Z\333"
 2718      5C2AAB4F 
 2718      009115AF 
 2718      6D6FA7D7 
 2718      5ADB
 2719 6664 DBA93B1A 		.ascii	"\333\251;\032\333\251&^\365\355\363xm\2447\352\277\266"
 2719      DBA9265E 
 2719      F5EDF378 
 2719      6DA437EA 
 2719      BFB6
 2720 6676 FDFE3118 		.ascii	"\375\3761\030k\355H\327x\266\322\357\227E-\333\251,"
 2720      6BED48D7 
 2720      78B6D2EF 
 2720      97452DDB 
 2720      A92C
ARM GAS  /tmp/cc4JZDS4.s 			page 215


 2721 6688 AFF409B9 		.ascii	"\257\364\011\271\374\224l\003\271\0352|\010&\272\011"
 2721      FC946C03 
 2721      B91D327C 
 2721      0826BA09 
 2722 6698 BDEEF519 		.ascii	"\275\356\365\031y[\232\211\034x\321\265d\233\254J|\262"
 2722      795B9A89 
 2722      1C78D1B5 
 2722      649BAC4A 
 2722      7CB2
 2723 66aa 1097EE45 		.ascii	"\020\227\356Euo\203C(\310\253\033:\236\240/\362vT\354"
 2723      756F8343 
 2723      28C8AB1B 
 2723      3A9EA02F 
 2723      F27654EC 
 2724 66be EA824F77 		.ascii	"\352\202OwU\204\230\254\327.\304\361%\272\301\025\367"
 2724      558498AC 
 2724      D72EC4F1 
 2724      25BAC115 
 2724      F7
 2725 66cf E353839E 		.ascii	"\343S\203\236\347\317E\235\232i\236\215o\200\207!\315"
 2725      E7CF459D 
 2725      9A699E8D 
 2725      6F808721 
 2725      CD
 2726 66e0 855177C7 		.ascii	"\205Qw\307i\222**WJ.\303L\300p\320\351\217\340\370\347"
 2726      69922A2A 
 2726      574A2EC3 
 2726      4CC070D0 
 2726      E98FE0F8 
 2727 66f5 120EB21D 		.ascii	"\022\016\262\035\270T\015\320#\011\336E\321\0060=\222"
 2727      B8540DD0 
 2727      2309DE45 
 2727      D106303D 
 2727      92
 2728 6706 EE54370D 		.ascii	"\356T7\015\232\214G:\304[r\205,\256\376\017)\256\266"
 2728      9A8C473A 
 2728      C45B7285 
 2728      2CAEFE0F 
 2728      29AEB6
 2729 6719 0D       		.ascii	"\015"
 2730              		.text
 2731              		.section	.gnu.lto_.symtab.5ef73c3b71594aa5,"e",%progbits
 2732 0000 6D6F6475 		.ascii	"moduleInitInterrupts\000"
 2732      6C65496E 
 2732      6974496E 
 2732      74657272 
 2732      75707473 
 2733 0015 00       		.ascii	"\000"
 2734 0016 00       		.ascii	"\000"
 2735 0017 00       		.ascii	"\000"
 2736 0018 00000000 		.ascii	"\000\000\000\000\000\000\000\000"
 2736      00000000 
 2737 0020 7B010000 		.ascii	"{\001\000\000"
 2738 0024 6D6F6475 		.ascii	"moduleGpioCompassDrdy\000"
 2738      6C654770 
 2738      696F436F 
 2738      6D706173 
ARM GAS  /tmp/cc4JZDS4.s 			page 216


 2738      73447264 
 2739 003a 00       		.ascii	"\000"
 2740 003b 00       		.ascii	"\000"
 2741 003c 00       		.ascii	"\000"
 2742 003d 00000000 		.ascii	"\000\000\000\000\000\000\000\000"
 2742      00000000 
 2743 0045 24050000 		.ascii	"$\005\000\000"
 2744 0049 6D6F6475 		.ascii	"moduleGpioIrInt\000"
 2744      6C654770 
 2744      696F4972 
 2744      496E7400 
 2745 0059 00       		.ascii	"\000"
 2746 005a 00       		.ascii	"\000"
 2747 005b 00       		.ascii	"\000"
 2748 005c 00000000 		.ascii	"\000\000\000\000\000\000\000\000"
 2748      00000000 
 2749 0064 26050000 		.ascii	"&\005\000\000"
 2750 0068 6D6F6475 		.ascii	"moduleGpioGyroDrdy\000"
 2750      6C654770 
 2750      696F4779 
 2750      726F4472 
 2750      647900
 2751 007b 00       		.ascii	"\000"
 2752 007c 00       		.ascii	"\000"
 2753 007d 00       		.ascii	"\000"
 2754 007e 00000000 		.ascii	"\000\000\000\000\000\000\000\000"
 2754      00000000 
 2755 0086 28050000 		.ascii	"(\005\000\000"
 2756 008a 6D6F6475 		.ascii	"moduleGpioAccelInt\000"
 2756      6C654770 
 2756      696F4163 
 2756      63656C49 
 2756      6E7400
 2757 009d 00       		.ascii	"\000"
 2758 009e 00       		.ascii	"\000"
 2759 009f 00       		.ascii	"\000"
 2760 00a0 00000000 		.ascii	"\000\000\000\000\000\000\000\000"
 2760      00000000 
 2761 00a8 2A050000 		.ascii	"*\005\000\000"
 2762 00ac 6D6F6475 		.ascii	"moduleGpioPathDcStat\000"
 2762      6C654770 
 2762      696F5061 
 2762      74684463 
 2762      53746174 
 2763 00c1 00       		.ascii	"\000"
 2764 00c2 00       		.ascii	"\000"
 2765 00c3 00       		.ascii	"\000"
 2766 00c4 00000000 		.ascii	"\000\000\000\000\000\000\000\000"
 2766      00000000 
 2767 00cc 2C050000 		.ascii	",\005\000\000"
 2768 00d0 6D6F6475 		.ascii	"moduleGpioSysRegEn\000"
 2768      6C654770 
 2768      696F5379 
 2768      73526567 
 2768      456E00
 2769 00e3 00       		.ascii	"\000"
 2770 00e4 00       		.ascii	"\000"
ARM GAS  /tmp/cc4JZDS4.s 			page 217


 2771 00e5 00       		.ascii	"\000"
 2772 00e6 00000000 		.ascii	"\000\000\000\000\000\000\000\000"
 2772      00000000 
 2773 00ee 2E050000 		.ascii	".\005\000\000"
 2774 00f2 6D6F6475 		.ascii	"moduleGpioSysWarmrst\000"
 2774      6C654770 
 2774      696F5379 
 2774      73576172 
 2774      6D727374 
 2775 0107 00       		.ascii	"\000"
 2776 0108 00       		.ascii	"\000"
 2777 0109 00       		.ascii	"\000"
 2778 010a 00000000 		.ascii	"\000\000\000\000\000\000\000\000"
 2778      00000000 
 2779 0112 30050000 		.ascii	"0\005\000\000"
 2780 0116 6D6F6475 		.ascii	"moduleInitPeripheryInterfaces\000"
 2780      6C65496E 
 2780      69745065 
 2780      72697068 
 2780      65727949 
 2781 0134 00       		.ascii	"\000"
 2782 0135 00       		.ascii	"\000"
 2783 0136 00       		.ascii	"\000"
 2784 0137 00000000 		.ascii	"\000\000\000\000\000\000\000\000"
 2784      00000000 
 2785 013f 7D010000 		.ascii	"}\001\000\000"
 2786 0143 6D6F6475 		.ascii	"moduleHalSerialConfig\000"
 2786      6C654861 
 2786      6C536572 
 2786      69616C43 
 2786      6F6E6669 
 2787 0159 00       		.ascii	"\000"
 2788 015a 00       		.ascii	"\000"
 2789 015b 00       		.ascii	"\000"
 2790 015c 00000000 		.ascii	"\000\000\000\000\000\000\000\000"
 2790      00000000 
 2791 0164 52040000 		.ascii	"R\004\000\000"
 2792 0168 6D6F6475 		.ascii	"moduleHalI2cCompassConfig\000"
 2792      6C654861 
 2792      6C493263 
 2792      436F6D70 
 2792      61737343 
 2793 0182 00       		.ascii	"\000"
 2794 0183 00       		.ascii	"\000"
 2795 0184 00       		.ascii	"\000"
 2796 0185 00000000 		.ascii	"\000\000\000\000\000\000\000\000"
 2796      00000000 
 2797 018d 22040000 		.ascii	"\"\004\000\000"
 2798 0191 6D6F6475 		.ascii	"moduleHalI2cProxEepromPwrmtrConfig\000"
 2798      6C654861 
 2798      6C493263 
 2798      50726F78 
 2798      45657072 
 2799 01b4 00       		.ascii	"\000"
 2800 01b5 00       		.ascii	"\000"
 2801 01b6 00       		.ascii	"\000"
 2802 01b7 00000000 		.ascii	"\000\000\000\000\000\000\000\000"
ARM GAS  /tmp/cc4JZDS4.s 			page 218


 2802      00000000 
 2803 01bf 1E040000 		.ascii	"\036\004\000\000"
 2804 01c3 6D6F6475 		.ascii	"moduleHalPwmDriveConfig\000"
 2804      6C654861 
 2804      6C50776D 
 2804      44726976 
 2804      65436F6E 
 2805 01db 00       		.ascii	"\000"
 2806 01dc 00       		.ascii	"\000"
 2807 01dd 00       		.ascii	"\000"
 2808 01de 00000000 		.ascii	"\000\000\000\000\000\000\000\000"
 2808      00000000 
 2809 01e6 C7030000 		.ascii	"\307\003\000\000"
 2810 01ea 6D6F6475 		.ascii	"moduleHalQeiConfig\000"
 2810      6C654861 
 2810      6C516569 
 2810      436F6E66 
 2810      696700
 2811 01fd 00       		.ascii	"\000"
 2812 01fe 00       		.ascii	"\000"
 2813 01ff 00       		.ascii	"\000"
 2814 0200 00000000 		.ascii	"\000\000\000\000\000\000\000\000"
 2814      00000000 
 2815 0208 8B030000 		.ascii	"\213\003\000\000"
 2816 020c 6D6F6475 		.ascii	"moduleHalCanConfig\000"
 2816      6C654861 
 2816      6C43616E 
 2816      436F6E66 
 2816      696700
 2817 021f 00       		.ascii	"\000"
 2818 0220 00       		.ascii	"\000"
 2819 0221 00       		.ascii	"\000"
 2820 0222 00000000 		.ascii	"\000\000\000\000\000\000\000\000"
 2820      00000000 
 2821 022a 26030000 		.ascii	"&\003\000\000"
 2822 022e 6D6F6475 		.ascii	"moduleHalSerialCAN\000"
 2822      6C654861 
 2822      6C536572 
 2822      69616C43 
 2822      414E00
 2823 0241 00       		.ascii	"\000"
 2824 0242 00       		.ascii	"\000"
 2825 0243 00       		.ascii	"\000"
 2826 0244 00000000 		.ascii	"\000\000\000\000\000\000\000\000"
 2826      00000000 
 2827 024c 16030000 		.ascii	"\026\003\000\000"
 2828 0250 6D6F6475 		.ascii	"moduleHalSerialCanConfig\000"
 2828      6C654861 
 2828      6C536572 
 2828      69616C43 
 2828      616E436F 
 2829 0269 00       		.ascii	"\000"
 2830 026a 00       		.ascii	"\000"
 2831 026b 00       		.ascii	"\000"
 2832 026c 00000000 		.ascii	"\000\000\000\000\000\000\000\000"
 2832      00000000 
 2833 0274 1E030000 		.ascii	"\036\003\000\000"
ARM GAS  /tmp/cc4JZDS4.s 			page 219


 2834 0278 6D6F6475 		.ascii	"moduleInitTests\000"
 2834      6C65496E 
 2834      69745465 
 2834      73747300 
 2835 0288 00       		.ascii	"\000"
 2836 0289 00       		.ascii	"\000"
 2837 028a 00       		.ascii	"\000"
 2838 028b 00000000 		.ascii	"\000\000\000\000\000\000\000\000"
 2838      00000000 
 2839 0293 7F010000 		.ascii	"\177\001\000\000"
 2840 0297 6D6F6475 		.ascii	"moduleTestAllShellCmd\000"
 2840      6C655465 
 2840      7374416C 
 2840      6C536865 
 2840      6C6C436D 
 2841 02ad 00       		.ascii	"\000"
 2842 02ae 00       		.ascii	"\000"
 2843 02af 00       		.ascii	"\000"
 2844 02b0 00000000 		.ascii	"\000\000\000\000\000\000\000\000"
 2844      00000000 
 2845 02b8 5E040000 		.ascii	"^\004\000\000"
 2846 02bc 6D6F6475 		.ascii	"moduleShutdownPeripheryInterfaces\000"
 2846      6C655368 
 2846      7574646F 
 2846      776E5065 
 2846      72697068 
 2847 02de 00       		.ascii	"\000"
 2848 02df 00       		.ascii	"\000"
 2849 02e0 00       		.ascii	"\000"
 2850 02e1 00000000 		.ascii	"\000\000\000\000\000\000\000\000"
 2850      00000000 
 2851 02e9 81010000 		.ascii	"\201\001\000\000"
 2852 02ed 6D6F6475 		.ascii	"moduleSsspBcbSetup\000"
 2852      6C655373 
 2852      73704263 
 2852      62536574 
 2852      757000
 2853 0300 00       		.ascii	"\000"
 2854 0301 00       		.ascii	"\000"
 2855 0302 00       		.ascii	"\000"
 2856 0303 00000000 		.ascii	"\000\000\000\000\000\000\000\000"
 2856      00000000 
 2857 030b 85010000 		.ascii	"\205\001\000\000"
 2858 030f 6D6F6475 		.ascii	"moduleSsspBcbRelease\000"
 2858      6C655373 
 2858      73704263 
 2858      6252656C 
 2858      65617365 
 2859 0324 00       		.ascii	"\000"
 2860 0325 00       		.ascii	"\000"
 2861 0326 00       		.ascii	"\000"
 2862 0327 00000000 		.ascii	"\000\000\000\000\000\000\000\000"
 2862      00000000 
 2863 032f 87010000 		.ascii	"\207\001\000\000"
 2864 0333 6D6F6475 		.ascii	"moduleSsspBcbTransmit\000"
 2864      6C655373 
 2864      73704263 
ARM GAS  /tmp/cc4JZDS4.s 			page 220


 2864      62547261 
 2864      6E736D69 
 2865 0349 00       		.ascii	"\000"
 2866 034a 00       		.ascii	"\000"
 2867 034b 00       		.ascii	"\000"
 2868 034c 00000000 		.ascii	"\000\000\000\000\000\000\000\000"
 2868      00000000 
 2869 0354 8D010000 		.ascii	"\215\001\000\000"
 2870 0358 6D6F6475 		.ascii	"moduleSsspBcbReceive\000"
 2870      6C655373 
 2870      73704263 
 2870      62526563 
 2870      65697665 
 2871 036d 00       		.ascii	"\000"
 2872 036e 00       		.ascii	"\000"
 2873 036f 00       		.ascii	"\000"
 2874 0370 00000000 		.ascii	"\000\000\000\000\000\000\000\000"
 2874      00000000 
 2875 0378 74010000 		.ascii	"t\001\000\000"
 2876 037c 6D6F6475 		.ascii	"moduleLldProximity\000"
 2876      6C654C6C 
 2876      6450726F 
 2876      78696D69 
 2876      747900
 2877 038f 00       		.ascii	"\000"
 2878 0390 00       		.ascii	"\000"
 2879 0391 00       		.ascii	"\000"
 2880 0392 00000000 		.ascii	"\000\000\000\000\000\000\000\000"
 2880      00000000 
 2881 039a 3A050000 		.ascii	":\005\000\000"
 2882 039e 6D6F6475 		.ascii	"moduleLldStepDownConverterVdrive\000"
 2882      6C654C6C 
 2882      64537465 
 2882      70446F77 
 2882      6E436F6E 
 2883 03bf 00       		.ascii	"\000"
 2884 03c0 00       		.ascii	"\000"
 2885 03c1 00       		.ascii	"\000"
 2886 03c2 00000000 		.ascii	"\000\000\000\000\000\000\000\000"
 2886      00000000 
 2887 03ca 44050000 		.ascii	"D\005\000\000"
 2888 03ce 6D6F6475 		.ascii	"moduleGpioPowerEn\000"
 2888      6C654770 
 2888      696F506F 
 2888      77657245 
 2888      6E00
 2889 03e0 00       		.ascii	"\000"
 2890 03e1 00       		.ascii	"\000"
 2891 03e2 00       		.ascii	"\000"
 2892 03e3 00000000 		.ascii	"\000\000\000\000\000\000\000\000"
 2892      00000000 
 2893 03eb 46050000 		.ascii	"F\005\000\000"
 2894 03ef 6D6F6475 		.ascii	"moduleLldI2cMultiplexer\000"
 2894      6C654C6C 
 2894      64493263 
 2894      4D756C74 
 2894      69706C65 
ARM GAS  /tmp/cc4JZDS4.s 			page 221


 2895 0407 00       		.ascii	"\000"
 2896 0408 00       		.ascii	"\000"
 2897 0409 00       		.ascii	"\000"
 2898 040a 00000000 		.ascii	"\000\000\000\000\000\000\000\000"
 2898      00000000 
 2899 0412 4F050000 		.ascii	"O\005\000\000"
 2900 0416 6D6F6475 		.ascii	"moduleLldPowerPathController\000"
 2900      6C654C6C 
 2900      64506F77 
 2900      65725061 
 2900      7468436F 
 2901 0433 00       		.ascii	"\000"
 2902 0434 00       		.ascii	"\000"
 2903 0435 00       		.ascii	"\000"
 2904 0436 00000000 		.ascii	"\000\000\000\000\000\000\000\000"
 2904      00000000 
 2905 043e 58050000 		.ascii	"X\005\000\000"
 2906 0442 6D6F6475 		.ascii	"moduleGpioPathDcEn\000"
 2906      6C654770 
 2906      696F5061 
 2906      74684463 
 2906      456E00
 2907 0455 00       		.ascii	"\000"
 2908 0456 00       		.ascii	"\000"
 2909 0457 00       		.ascii	"\000"
 2910 0458 00000000 		.ascii	"\000\000\000\000\000\000\000\000"
 2910      00000000 
 2911 0460 5A050000 		.ascii	"Z\005\000\000"
 2912 0464 6D6F6475 		.ascii	"moduleLldAccelerometer\000"
 2912      6C654C6C 
 2912      64416363 
 2912      656C6572 
 2912      6F6D6574 
 2913 047b 00       		.ascii	"\000"
 2914 047c 00       		.ascii	"\000"
 2915 047d 00       		.ascii	"\000"
 2916 047e 00000000 		.ascii	"\000\000\000\000\000\000\000\000"
 2916      00000000 
 2917 0486 66050000 		.ascii	"f\005\000\000"
 2918 048a 6D6F6475 		.ascii	"moduleLldStatusLed\000"
 2918      6C654C6C 
 2918      64537461 
 2918      7475734C 
 2918      656400
 2919 049d 00       		.ascii	"\000"
 2920 049e 00       		.ascii	"\000"
 2921 049f 00       		.ascii	"\000"
 2922 04a0 00000000 		.ascii	"\000\000\000\000\000\000\000\000"
 2922      00000000 
 2923 04a8 90050000 		.ascii	"\220\005\000\000"
 2924 04ac 6D6F6475 		.ascii	"moduleGpioLed\000"
 2924      6C654770 
 2924      696F4C65 
 2924      6400
 2925 04ba 00       		.ascii	"\000"
 2926 04bb 00       		.ascii	"\000"
 2927 04bc 00       		.ascii	"\000"
ARM GAS  /tmp/cc4JZDS4.s 			page 222


 2928 04bd 00000000 		.ascii	"\000\000\000\000\000\000\000\000"
 2928      00000000 
 2929 04c5 92050000 		.ascii	"\222\005\000\000"
 2930 04c9 6D6F6475 		.ascii	"moduleLldGyroscope\000"
 2930      6C654C6C 
 2930      64477972 
 2930      6F73636F 
 2930      706500
 2931 04dc 00       		.ascii	"\000"
 2932 04dd 00       		.ascii	"\000"
 2933 04de 00       		.ascii	"\000"
 2934 04df 00000000 		.ascii	"\000\000\000\000\000\000\000\000"
 2934      00000000 
 2935 04e7 98050000 		.ascii	"\230\005\000\000"
 2936 04eb 6D6F6475 		.ascii	"moduleLldPowerMonitorVdd\000"
 2936      6C654C6C 
 2936      64506F77 
 2936      65724D6F 
 2936      6E69746F 
 2937 0504 00       		.ascii	"\000"
 2938 0505 00       		.ascii	"\000"
 2939 0506 00       		.ascii	"\000"
 2940 0507 00000000 		.ascii	"\000\000\000\000\000\000\000\000"
 2940      00000000 
 2941 050f A6050000 		.ascii	"\246\005\000\000"
 2942 0513 6D6F6475 		.ascii	"moduleLldCompass\000"
 2942      6C654C6C 
 2942      64436F6D 
 2942      70617373 
 2942      00
 2943 0524 00       		.ascii	"\000"
 2944 0525 00       		.ascii	"\000"
 2945 0526 00       		.ascii	"\000"
 2946 0527 00000000 		.ascii	"\000\000\000\000\000\000\000\000"
 2946      00000000 
 2947 052f AC050000 		.ascii	"\254\005\000\000"
 2948 0533 6D6F6475 		.ascii	"moduleLldEeprom\000"
 2948      6C654C6C 
 2948      64456570 
 2948      726F6D00 
 2949 0543 00       		.ascii	"\000"
 2950 0544 00       		.ascii	"\000"
 2951 0545 00       		.ascii	"\000"
 2952 0546 00000000 		.ascii	"\000\000\000\000\000\000\000\000"
 2952      00000000 
 2953 054e B3050000 		.ascii	"\263\005\000\000"
 2954 0552 6D6F6475 		.ascii	"moduleLldMotors\000"
 2954      6C654C6C 
 2954      644D6F74 
 2954      6F727300 
 2955 0562 00       		.ascii	"\000"
 2956 0563 00       		.ascii	"\000"
 2957 0564 00       		.ascii	"\000"
 2958 0565 00000000 		.ascii	"\000\000\000\000\000\000\000\000"
 2958      00000000 
 2959 056d BA050000 		.ascii	"\272\005\000\000"
 2960 0571 6D6F6475 		.ascii	"moduleShellSerialCanChannel\000"
ARM GAS  /tmp/cc4JZDS4.s 			page 223


 2960      6C655368 
 2960      656C6C53 
 2960      65726961 
 2960      6C43616E 
 2961 058d 00       		.ascii	"\000"
 2962 058e 00       		.ascii	"\000"
 2963 058f 00       		.ascii	"\000"
 2964 0590 00000000 		.ascii	"\000\000\000\000\000\000\000\000"
 2964      00000000 
 2965 0598 DD050000 		.ascii	"\335\005\000\000"
 2966 059c 6D6F6475 		.ascii	"moduleShellPrompt\000"
 2966      6C655368 
 2966      656C6C50 
 2966      726F6D70 
 2966      7400
 2967 05ae 00       		.ascii	"\000"
 2968 05af 00       		.ascii	"\000"
 2969 05b0 00       		.ascii	"\000"
 2970 05b1 00000000 		.ascii	"\000\000\000\000\000\000\000\000"
 2970      00000000 
 2971 05b9 DF050000 		.ascii	"\337\005\000\000"
 2972 05bd 6D6F6475 		.ascii	"moduleGpioSysPd\000"
 2972      6C654770 
 2972      696F5379 
 2972      73506400 
 2973 05cd 00       		.ascii	"\000"
 2974 05ce 00       		.ascii	"\000"
 2975 05cf 00       		.ascii	"\000"
 2976 05d0 00000000 		.ascii	"\000\000\000\000\000\000\000\000"
 2976      00000000 
 2977 05d8 E1050000 		.ascii	"\341\005\000\000"
 2978 05dc 6D6F6475 		.ascii	"moduleGpioSysSync\000"
 2978      6C654770 
 2978      696F5379 
 2978      7353796E 
 2978      6300
 2979 05ee 00       		.ascii	"\000"
 2980 05ef 00       		.ascii	"\000"
 2981 05f0 00       		.ascii	"\000"
 2982 05f1 00000000 		.ascii	"\000\000\000\000\000\000\000\000"
 2982      00000000 
 2983 05f9 E7050000 		.ascii	"\347\005\000\000"
 2984 05fd 6D6F6475 		.ascii	"moduleGpioSysUartUp\000"
 2984      6C654770 
 2984      696F5379 
 2984      73556172 
 2984      74557000 
 2985 0611 00       		.ascii	"\000"
 2986 0612 00       		.ascii	"\000"
 2987 0613 00       		.ascii	"\000"
 2988 0614 00000000 		.ascii	"\000\000\000\000\000\000\000\000"
 2988      00000000 
 2989 061c EB050000 		.ascii	"\353\005\000\000"
 2990 0620 6D6F6475 		.ascii	"moduleHalSpiGyroscopeConfig\000"
 2990      6C654861 
 2990      6C537069 
 2990      4779726F 
ARM GAS  /tmp/cc4JZDS4.s 			page 224


 2990      73636F70 
 2991 063c 00       		.ascii	"\000"
 2992 063d 00       		.ascii	"\000"
 2993 063e 00       		.ascii	"\000"
 2994 063f 00000000 		.ascii	"\000\000\000\000\000\000\000\000"
 2994      00000000 
 2995 0647 08060000 		.ascii	"\010\006\000\000"
 2996 064b 6D6F6475 		.ascii	"moduleHalSpiAccelerometerConfig\000"
 2996      6C654861 
 2996      6C537069 
 2996      41636365 
 2996      6C65726F 
 2997 066b 00       		.ascii	"\000"
 2998 066c 00       		.ascii	"\000"
 2999 066d 00       		.ascii	"\000"
 3000 066e 00000000 		.ascii	"\000\000\000\000\000\000\000\000"
 3000      00000000 
 3001 0676 0A060000 		.ascii	"\012\006\000\000"
 3002 067a 63683000 		.ascii	"ch0\000"
 3003 067e 00       		.ascii	"\000"
 3004 067f 02       		.ascii	"\002"
 3005 0680 00       		.ascii	"\000"
 3006 0681 00000000 		.ascii	"\000\000\000\000\000\000\000\000"
 3006      00000000 
 3007 0689 04050000 		.ascii	"\004\005\000\000"
 3008 068d 53443100 		.ascii	"SD1\000"
 3009 0691 00       		.ascii	"\000"
 3010 0692 02       		.ascii	"\002"
 3011 0693 00       		.ascii	"\000"
 3012 0694 00000000 		.ascii	"\000\000\000\000\000\000\000\000"
 3012      00000000 
 3013 069c 47040000 		.ascii	"G\004\000\000"
 3014 06a0 49324344 		.ascii	"I2CD1\000"
 3014      3100
 3015 06a6 00       		.ascii	"\000"
 3016 06a7 02       		.ascii	"\002"
 3017 06a8 00       		.ascii	"\000"
 3018 06a9 00000000 		.ascii	"\000\000\000\000\000\000\000\000"
 3018      00000000 
 3019 06b1 20040000 		.ascii	" \004\000\000"
 3020 06b5 49324344 		.ascii	"I2CD2\000"
 3020      3200
 3021 06bb 00       		.ascii	"\000"
 3022 06bc 02       		.ascii	"\002"
 3023 06bd 00       		.ascii	"\000"
 3024 06be 00000000 		.ascii	"\000\000\000\000\000\000\000\000"
 3024      00000000 
 3025 06c6 0E040000 		.ascii	"\016\004\000\000"
 3026 06ca 50574D44 		.ascii	"PWMD2\000"
 3026      3200
 3027 06d0 00       		.ascii	"\000"
 3028 06d1 02       		.ascii	"\002"
 3029 06d2 00       		.ascii	"\000"
 3030 06d3 00000000 		.ascii	"\000\000\000\000\000\000\000\000"
 3030      00000000 
 3031 06db AA030000 		.ascii	"\252\003\000\000"
 3032 06df 51454944 		.ascii	"QEID3\000"
ARM GAS  /tmp/cc4JZDS4.s 			page 225


 3032      3300
 3033 06e5 00       		.ascii	"\000"
 3034 06e6 02       		.ascii	"\002"
 3035 06e7 00       		.ascii	"\000"
 3036 06e8 00000000 		.ascii	"\000\000\000\000\000\000\000\000"
 3036      00000000 
 3037 06f0 5F030000 		.ascii	"_\003\000\000"
 3038 06f4 51454944 		.ascii	"QEID4\000"
 3038      3400
 3039 06fa 00       		.ascii	"\000"
 3040 06fb 02       		.ascii	"\002"
 3041 06fc 00       		.ascii	"\000"
 3042 06fd 00000000 		.ascii	"\000\000\000\000\000\000\000\000"
 3042      00000000 
 3043 0705 5D030000 		.ascii	"]\003\000\000"
 3044 0709 46424341 		.ascii	"FBCAND1\000"
 3044      4E443100 
 3045 0711 00       		.ascii	"\000"
 3046 0712 02       		.ascii	"\002"
 3047 0713 00       		.ascii	"\000"
 3048 0714 00000000 		.ascii	"\000\000\000\000\000\000\000\000"
 3048      00000000 
 3049 071c 48030000 		.ascii	"H\003\000\000"
 3050 0720 53504944 		.ascii	"SPID1\000"
 3050      3100
 3051 0726 00       		.ascii	"\000"
 3052 0727 02       		.ascii	"\002"
 3053 0728 00       		.ascii	"\000"
 3054 0729 00000000 		.ascii	"\000\000\000\000\000\000\000\000"
 3054      00000000 
 3055 0731 8A050000 		.ascii	"\212\005\000\000"
 3056 0735 63685379 		.ascii	"chSysHalt\000"
 3056      7348616C 
 3056      7400
 3057 073f 00       		.ascii	"\000"
 3058 0740 02       		.ascii	"\002"
 3059 0741 00       		.ascii	"\000"
 3060 0742 00000000 		.ascii	"\000\000\000\000\000\000\000\000"
 3060      00000000 
 3061 074a 91010000 		.ascii	"\221\001\000\000"
 3062 074e 5F5F6462 		.ascii	"__dbg_check_unlock\000"
 3062      675F6368 
 3062      65636B5F 
 3062      756E6C6F 
 3062      636B00
 3063 0761 00       		.ascii	"\000"
 3064 0762 02       		.ascii	"\002"
 3065 0763 00       		.ascii	"\000"
 3066 0764 00000000 		.ascii	"\000\000\000\000\000\000\000\000"
 3066      00000000 
 3067 076c 9E010000 		.ascii	"\236\001\000\000"
 3068 0770 616F7354 		.ascii	"aosTestResultPrintSummary\000"
 3068      65737452 
 3068      6573756C 
 3068      74507269 
 3068      6E745375 
 3069 078a 00       		.ascii	"\000"
ARM GAS  /tmp/cc4JZDS4.s 			page 226


 3070 078b 02       		.ascii	"\002"
 3071 078c 00       		.ascii	"\000"
 3072 078d 00000000 		.ascii	"\000\000\000\000\000\000\000\000"
 3072      00000000 
 3073 0795 A9010000 		.ascii	"\251\001\000\000"
 3074 0799 63687072 		.ascii	"chprintf\000"
 3074      696E7466 
 3074      00
 3075 07a2 00       		.ascii	"\000"
 3076 07a3 02       		.ascii	"\002"
 3077 07a4 00       		.ascii	"\000"
 3078 07a5 00000000 		.ascii	"\000\000\000\000\000\000\000\000"
 3078      00000000 
 3079 07ad AE010000 		.ascii	"\256\001\000\000"
 3080 07b1 5F70616C 		.ascii	"_pal_lld_enablepadevent\000"
 3080      5F6C6C64 
 3080      5F656E61 
 3080      626C6570 
 3080      61646576 
 3081 07c9 00       		.ascii	"\000"
 3082 07ca 02       		.ascii	"\002"
 3083 07cb 00       		.ascii	"\000"
 3084 07cc 00000000 		.ascii	"\000\000\000\000\000\000\000\000"
 3084      00000000 
 3085 07d4 C8010000 		.ascii	"\310\001\000\000"
 3086 07d8 5F5F6462 		.ascii	"__dbg_check_lock\000"
 3086      675F6368 
 3086      65636B5F 
 3086      6C6F636B 
 3086      00
 3087 07e9 00       		.ascii	"\000"
 3088 07ea 02       		.ascii	"\002"
 3089 07eb 00       		.ascii	"\000"
 3090 07ec 00000000 		.ascii	"\000\000\000\000\000\000\000\000"
 3090      00000000 
 3091 07f4 CA010000 		.ascii	"\312\001\000\000"
 3092 07f8 70616C53 		.ascii	"palSetLineCallbackI\000"
 3092      65744C69 
 3092      6E654361 
 3092      6C6C6261 
 3092      636B4900 
 3093 080c 00       		.ascii	"\000"
 3094 080d 02       		.ascii	"\002"
 3095 080e 00       		.ascii	"\000"
 3096 080f 00000000 		.ascii	"\000\000\000\000\000\000\000\000"
 3096      00000000 
 3097 0817 D3010000 		.ascii	"\323\001\000\000"
 3098 081b 616F7353 		.ascii	"aosSysGetStdGpioCallback\000"
 3098      79734765 
 3098      74537464 
 3098      4770696F 
 3098      43616C6C 
 3099 0834 00       		.ascii	"\000"
 3100 0835 02       		.ascii	"\002"
 3101 0836 00       		.ascii	"\000"
 3102 0837 00000000 		.ascii	"\000\000\000\000\000\000\000\000"
 3102      00000000 
ARM GAS  /tmp/cc4JZDS4.s 			page 227


 3103 083f D6010000 		.ascii	"\326\001\000\000"
 3104 0843 73646361 		.ascii	"sdcanStart\000"
 3104      6E537461 
 3104      727400
 3105 084e 00       		.ascii	"\000"
 3106 084f 02       		.ascii	"\002"
 3107 0850 00       		.ascii	"\000"
 3108 0851 00000000 		.ascii	"\000\000\000\000\000\000\000\000"
 3108      00000000 
 3109 0859 E2010000 		.ascii	"\342\001\000\000"
 3110 085d 73646361 		.ascii	"sdcanObjectInit\000"
 3110      6E4F626A 
 3110      65637449 
 3110      6E697400 
 3111 086d 00       		.ascii	"\000"
 3112 086e 02       		.ascii	"\002"
 3113 086f 00       		.ascii	"\000"
 3114 0870 00000000 		.ascii	"\000\000\000\000\000\000\000\000"
 3114      00000000 
 3115 0878 E6010000 		.ascii	"\346\001\000\000"
 3116 087c 63616E53 		.ascii	"canStart\000"
 3116      74617274 
 3116      00
 3117 0885 00       		.ascii	"\000"
 3118 0886 02       		.ascii	"\002"
 3119 0887 00       		.ascii	"\000"
 3120 0888 00000000 		.ascii	"\000\000\000\000\000\000\000\000"
 3120      00000000 
 3121 0890 F9010000 		.ascii	"\371\001\000\000"
 3122 0894 616F7346 		.ascii	"aosFBCanInit\000"
 3122      4243616E 
 3122      496E6974 
 3122      00
 3123 08a1 00       		.ascii	"\000"
 3124 08a2 02       		.ascii	"\002"
 3125 08a3 00       		.ascii	"\000"
 3126 08a4 00000000 		.ascii	"\000\000\000\000\000\000\000\000"
 3126      00000000 
 3127 08ac 03020000 		.ascii	"\003\002\000\000"
 3128 08b0 71656945 		.ascii	"qeiEnable\000"
 3128      6E61626C 
 3128      6500
 3129 08ba 00       		.ascii	"\000"
 3130 08bb 02       		.ascii	"\002"
 3131 08bc 00       		.ascii	"\000"
 3132 08bd 00000000 		.ascii	"\000\000\000\000\000\000\000\000"
 3132      00000000 
 3133 08c5 0A020000 		.ascii	"\012\002\000\000"
 3134 08c9 71656953 		.ascii	"qeiStart\000"
 3134      74617274 
 3134      00
 3135 08d2 00       		.ascii	"\000"
 3136 08d3 02       		.ascii	"\002"
 3137 08d4 00       		.ascii	"\000"
 3138 08d5 00000000 		.ascii	"\000\000\000\000\000\000\000\000"
 3138      00000000 
 3139 08dd 13020000 		.ascii	"\023\002\000\000"
ARM GAS  /tmp/cc4JZDS4.s 			page 228


 3140 08e1 70776D53 		.ascii	"pwmStart\000"
 3140      74617274 
 3140      00
 3141 08ea 00       		.ascii	"\000"
 3142 08eb 02       		.ascii	"\002"
 3143 08ec 00       		.ascii	"\000"
 3144 08ed 00000000 		.ascii	"\000\000\000\000\000\000\000\000"
 3144      00000000 
 3145 08f5 1F020000 		.ascii	"\037\002\000\000"
 3146 08f9 69326353 		.ascii	"i2cStart\000"
 3146      74617274 
 3146      00
 3147 0902 00       		.ascii	"\000"
 3148 0903 02       		.ascii	"\002"
 3149 0904 00       		.ascii	"\000"
 3150 0905 00000000 		.ascii	"\000\000\000\000\000\000\000\000"
 3150      00000000 
 3151 090d 2E020000 		.ascii	".\002\000\000"
 3152 0911 73645374 		.ascii	"sdStart\000"
 3152      61727400 
 3153 0919 00       		.ascii	"\000"
 3154 091a 02       		.ascii	"\002"
 3155 091b 00       		.ascii	"\000"
 3156 091c 00000000 		.ascii	"\000\000\000\000\000\000\000\000"
 3156      00000000 
 3157 0924 3D020000 		.ascii	"=\002\000\000"
 3158 0928 616F7353 		.ascii	"aosShellAddCommand\000"
 3158      68656C6C 
 3158      41646443 
 3158      6F6D6D61 
 3158      6E6400
 3159 093b 00       		.ascii	"\000"
 3160 093c 02       		.ascii	"\002"
 3161 093d 00       		.ascii	"\000"
 3162 093e 00000000 		.ascii	"\000\000\000\000\000\000\000\000"
 3162      00000000 
 3163 0946 48020000 		.ascii	"H\002\000\000"
 3164 094a 69326353 		.ascii	"i2cStop\000"
 3164      746F7000 
 3165 0952 00       		.ascii	"\000"
 3166 0953 02       		.ascii	"\002"
 3167 0954 00       		.ascii	"\000"
 3168 0955 00000000 		.ascii	"\000\000\000\000\000\000\000\000"
 3168      00000000 
 3169 095d 4C020000 		.ascii	"L\002\000\000"
 3170 0961 71656953 		.ascii	"qeiStop\000"
 3170      746F7000 
 3171 0969 00       		.ascii	"\000"
 3172 096a 02       		.ascii	"\002"
 3173 096b 00       		.ascii	"\000"
 3174 096c 00000000 		.ascii	"\000\000\000\000\000\000\000\000"
 3174      00000000 
 3175 0974 4E020000 		.ascii	"N\002\000\000"
 3176 0978 71656944 		.ascii	"qeiDisable\000"
 3176      69736162 
 3176      6C6500
 3177 0983 00       		.ascii	"\000"
ARM GAS  /tmp/cc4JZDS4.s 			page 229


 3178 0984 02       		.ascii	"\002"
 3179 0985 00       		.ascii	"\000"
 3180 0986 00000000 		.ascii	"\000\000\000\000\000\000\000\000"
 3180      00000000 
 3181 098e 50020000 		.ascii	"P\002\000\000"
 3182 0992 70776D53 		.ascii	"pwmStop\000"
 3182      746F7000 
 3183 099a 00       		.ascii	"\000"
 3184 099b 02       		.ascii	"\002"
 3185 099c 00       		.ascii	"\000"
 3186 099d 00000000 		.ascii	"\000\000\000\000\000\000\000\000"
 3186      00000000 
 3187 09a5 54020000 		.ascii	"T\002\000\000"
 3188 09a9 63616E53 		.ascii	"canStop\000"
 3188      746F7000 
 3189 09b1 00       		.ascii	"\000"
 3190 09b2 02       		.ascii	"\002"
 3191 09b3 00       		.ascii	"\000"
 3192 09b4 00000000 		.ascii	"\000\000\000\000\000\000\000\000"
 3192      00000000 
 3193 09bc 58020000 		.ascii	"X\002\000\000"
 3194 09c0 73646361 		.ascii	"sdcanStop\000"
 3194      6E53746F 
 3194      7000
 3195 09ca 00       		.ascii	"\000"
 3196 09cb 02       		.ascii	"\002"
 3197 09cc 00       		.ascii	"\000"
 3198 09cd 00000000 		.ascii	"\000\000\000\000\000\000\000\000"
 3198      00000000 
 3199 09d5 5A020000 		.ascii	"Z\002\000\000"
 3200 09d9 63684462 		.ascii	"chDbgCheckClassI\000"
 3200      67436865 
 3200      636B436C 
 3200      61737349 
 3200      00
 3201 09ea 00       		.ascii	"\000"
 3202 09eb 02       		.ascii	"\002"
 3203 09ec 00       		.ascii	"\000"
 3204 09ed 00000000 		.ascii	"\000\000\000\000\000\000\000\000"
 3204      00000000 
 3205 09f5 5C020000 		.ascii	"\\\002\000\000"
 3206 09f9 616F7346 		.ascii	"aosFBCanRemoveFilterI\000"
 3206      4243616E 
 3206      52656D6F 
 3206      76654669 
 3206      6C746572 
 3207 0a0f 00       		.ascii	"\000"
 3208 0a10 02       		.ascii	"\002"
 3209 0a11 00       		.ascii	"\000"
 3210 0a12 00000000 		.ascii	"\000\000\000\000\000\000\000\000"
 3210      00000000 
 3211 0a1a 66020000 		.ascii	"f\002\000\000"
 3212 0a1e 616F7346 		.ascii	"aosFBCanTransmitTimeout\000"
 3212      4243616E 
 3212      5472616E 
 3212      736D6974 
 3212      54696D65 
ARM GAS  /tmp/cc4JZDS4.s 			page 230


 3213 0a36 00       		.ascii	"\000"
 3214 0a37 02       		.ascii	"\002"
 3215 0a38 00       		.ascii	"\000"
 3216 0a39 00000000 		.ascii	"\000\000\000\000\000\000\000\000"
 3216      00000000 
 3217 0a41 72020000 		.ascii	"r\002\000\000"
 3218              		.text
 3219              		.section	.gnu.lto_.opts,"e",%progbits
 3220 0000 272D666E 		.ascii	"'-fno-openmp' '-fno-openacc' '-fno-pie' '-mcpu=cort"
 3220      6F2D6F70 
 3220      656E6D70 
 3220      2720272D 
 3220      666E6F2D 
 3221 0033 65782D6D 		.ascii	"ex-m3' '-mthumb' '-mfloat-abi=soft' '-march=armv7-m"
 3221      33272027 
 3221      2D6D7468 
 3221      756D6227 
 3221      20272D6D 
 3222 0066 2720272D 		.ascii	"' '-O2' '-fstack-usage' '-ffunction-sections' '-fda"
 3222      4F322720 
 3222      272D6673 
 3222      7461636B 
 3222      2D757361 
 3223 0099 74612D73 		.ascii	"ta-sections' '-fno-common' '-flto' '-fshort-enums'\000"
 3223      65637469 
 3223      6F6E7327 
 3223      20272D66 
 3223      6E6F2D63 
 3224              		.text
 3225              		.comm	__gnu_lto_v1,1,1
 3226              		.comm	__gnu_lto_slim,1,1
 3227              		.ident	"GCC: (GNU Arm Embedded Toolchain 9-2020-q2-update) 9.3.1 20200408 (release)"
ARM GAS  /tmp/cc4JZDS4.s 			page 231


DEFINED SYMBOLS
                            *ABS*:0000000000000000 module.c
                            *COM*:0000000000000001 __gnu_lto_v1
                            *COM*:0000000000000001 __gnu_lto_slim

NO UNDEFINED SYMBOLS
