ARM GAS  /tmp/cczrWAkj.s 			page 1


   1              		.cpu cortex-m3
   2              		.eabi_attribute 20, 1
   3              		.eabi_attribute 21, 1
   4              		.eabi_attribute 23, 3
   5              		.eabi_attribute 24, 1
   6              		.eabi_attribute 25, 1
   7              		.eabi_attribute 26, 1
   8              		.eabi_attribute 30, 2
   9              		.eabi_attribute 34, 1
  10              		.eabi_attribute 18, 4
  11              		.file	"helloworld_slave.c"
  12              		.section	.gnu.lto_.profile.a835eeb8c85e4f66,"e",%progbits
  13 0000 789CE360 		.ascii	"x\234\343``\004B \000\000\000]\000\013"
  13      60044220 
  13      0000005D 
  13      000B
  14              		.text
  15              		.section	.gnu.lto_.icf.a835eeb8c85e4f66,"e",%progbits
  16 0000 789CE360 		.ascii	"x\234\343``dPc@\0006\206C\275\007\26613M\3708g\033\007"
  16      60645063 
  16      40003686 
  16      43BD07B6 
  16      31334DF8 
  17 0018 F3DCCE47 		.ascii	"\363\334\316G\377yY\327\317}y\212\205\375\177w\327{"
  17      FF7959D7 
  17      CF7D798A 
  17      85FD7F77 
  17      D77B
  18 002a 0E8E3D7D 		.ascii	"\016\216=}W\377r0\000\000`T\0228"
  18      57FF7230 
  18      00006054 
  18      1238
  19              		.text
  20              		.section	.gnu.lto_.jmpfuncs.a835eeb8c85e4f66,"e",%progbits
  21 0000 789CB558 		.ascii	"x\234\265X}L\033e\030\177\237\367\216\322\026\030\233"
  21      7D4C1B65 
  21      187F9FF7 
  21      8ED21618 
  21      9B
  22 0011 6EBAB939 		.ascii	"n\272\2719\357L\232\014\223Q\022c4$\232T\235\331?\372"
  22      EF4C9A0C 
  22      93511263 
  22      34249A54 
  22      9DD93FFA 
  23 0025 072CD1FF 		.ascii	"\007,\321\377H\241\207\324t\224\364Z\266\304\204u0\007"
  23      48A187D4 
  23      7494F45A 
  23      B6C48475 
  23      3007
  24 0037 EE03985F 		.ascii	"\356\003\230_\203\301\254\262?\235Q&\213s\323Qu\233"
  24      83C1ACB2 
  24      3F9D5126 
  24      8B73D351 
  24      759B
  25 0049 F383E1E7 		.ascii	"\363\203\341\347\024D\004\235\270\341\334\324\311@d"
  25      1444049D 
  25      B8E1DCD4 
ARM GAS  /tmp/cczrWAkj.s 			page 2


  25      C94064
  26 0058 C3F7DAE3 		.ascii	"\303\367\332\343(w\275\227\276\3055\271^{\357s\357\363"
  26      2877BD97 
  26      BEC535B9 
  26      5E7BEF73 
  26      EFF3
  27 006a FB3DBFE7 		.ascii	"\373=\277\347y\356\275\327\212\000=\275\002\241{\001"
  27      79EEBDD7 
  27      8A003DBD 
  27      02A17B01 
  28 007a C53E1908 		.ascii	"\305>\031\010\003p[\"\034\202\010\007\030\357\345`\317"
  28      03705B22 
  28      1C820807 
  28      18EFE560 
  28      CF
  29 008b C1FEFC46 		.ascii	"\301\376\374F.\302a\250\201\243\260\022A\224\207\032"
  29      2EC261A8 
  29      81A3B012 
  29      4194871A 
  30 009b 722064E5 		.ascii	"r d\345\310pm\335\033\0359\005\371\021\216;\300\241"
  30      C8706DDD 
  30      1B1D3905 
  30      F9118E3B 
  30      C0A1
  31 00ad 164E9904 		.ascii	"\026N\231\004\216AA\314\014\221cbzz:\027\024\313\306"
  31      8E4141CC 
  31      0C916362 
  31      7A7A3A17 
  31      14CBC6
  32 00c0 BACB8356 		.ascii	"\272\313\203Ve&2\000\357\302J\345P\256\367t\217_\315"
  32      65263200 
  32      EFC24AE5 
  32      50AEF774 
  32      8F5FCD
  33 00d3 1421126E 		.ascii	"\024!\022n\021\"\\\006\202\367@\324\356\236\212\337"
  33      11225C06 
  33      82F740D4 
  33      EE9E8ADF 
  34 00e3 9D687EA4 		.ascii	"\235h~\244i\340('\256\216\233[\020\03477W\340\357;r"
  34      69E02827 
  34      AE8E9B5B 
  34      101C3737 
  34      57E0EF3B 
  35 00f8 F12C56BC 		.ascii	"\361,V\274fBW\006t\253\004\2722\2220\260\306\030(\221"
  35      66425706 
  35      74AB04BA 
  35      329230B0 
  35      C6182891 
  36 010c 2057DF3A 		.ascii	" W\337:\3236`Q\256\332 \012\005-\034V\210\275\257\022"
  36      D3366051 
  36      AEDA200A 
  36      052D1C56 
  36      88BDAF12 
  37 0120 E36789D1 		.ascii	"\343g\211\321\230|\300\306\344C\012\023=r\236\257!\337"
  37      987CC0C6 
  37      E4430A13 
  37      3D729EAF 
ARM GAS  /tmp/cczrWAkj.s 			page 3


  37      21DF
  38 0132 33D6D38A 		.ascii	"3\326\323\21252\374\277+\314c\016\000x\024\341\354\344"
  38      3532FCBF 
  38      2BCC630E 
  38      007814E1 
  38      ECE4
  39 0144 C822C266 		.ascii	"\310\"\302fc\234\252\214'\2142\322\330\236\244\263="
  39      639CAA8C 
  39      278C32D2 
  39      D89EA4B3 
  39      3D
  40 0155 7F7D64C4 		.ascii	"\177}d\304\"\272\343\3469\010N\321u\333\321\337<\272"
  40      22BAE3E6 
  40      39084ED1 
  40      75DBD1DF 
  40      3CBA
  41 0167 28AEDB18 		.ascii	"(\256\333\030\300G*\3421`\320\355\264\246\333\307l\272"
  41      C0472AE2 
  41      3160D0ED 
  41      B4A6DBC7 
  41      6CBA
  42 0179 7DC2C6E4 		.ascii	"}\302\306\344S\232n:\344\330\022\276\033\353\204\232"
  42      539A6E3A 
  42      E4D812BE 
  42      1BEB849A 
  43 0189 35DF2290 		.ascii	"5\337\"\220\361|\372x4o\236q\007m\234\2241`%\035\224"
  43      F17CFA78 
  43      346F9E71 
  43      076D9C94 
  43      3160251D 
  44 019e 54584CC0 		.ascii	"TXL\300\350\263h\326X\237N\212*\333O6\037\313QTY\004"
  44      E8B368D6 
  44      589F4E8A 
  44      2ADB4F36 
  44      1FCB5154 
  45 01b4 183E53A9 		.ascii	"\030>S\251\341\030\263y\2631\311tZK\310%-\241G\235N"
  45      E118B379 
  45      B331C974 
  45      5A4BC825 
  45      2DA1479D 
  46 01c9 4B37D28B 		.ascii	"K7\322\213\362\365\227\354$>\014\220\0311\332It\323"
  46      F2F597EC 
  46      243E0C90 
  46      1931DA49 
  46      74D3
  47 01db 9F9D6BE5 		.ascii	"\237\235k\345L\357MB\305B\244J\337Y\352e|\206\255\214"
  47      4CEF4D42 
  47      C542A44A 
  47      DF59EA65 
  47      7C86AD8C 
  48 01ef 7BD992FF 		.ascii	"{\331\222\377sz\031\237\036\335\265\333\026/\343>\004"
  48      737A199F 
  48      1EDDB5DB 
  48      162FE33E 
  48      04
  49 0200 5FA888FB 		.ascii	"_\250\210\373\020C\031\177\251\225\361Wle\3745\033\223"
  49      1043197F 
ARM GAS  /tmp/cczrWAkj.s 			page 4


  49      A995F157 
  49      6C65FC35 
  49      1B93
  50 0212 6F6865AC 		.ascii	"ohe\254C>\247\3048\0061\316\262\211\361-\033\205\357"
  50      433EA7C4 
  50      380631CE 
  50      B289F12D 
  50      1B85EF
  51 0225 E8620CBD 		.ascii	"\350b\014\275y\352JV\\\214^\004}*\342^\0261\37251\276"
  51      79EA4A56 
  51      5C8C5E04 
  51      7D2AE25E 
  51      1631FA35 
  52 023b 67136380 		.ascii	"g\023c\200\215\311\01741t\3103\225g\234Emj\213\225\306"
  52      8DC90F34 
  52      3174C833 
  52      95679C45 
  52      6D6A8B95 
  53 0250 66310BFF 		.ascii	"f1\013\377 =\374\375\235\007'A<\240\242^\202\340Gs\030"
  53      203DFCFD 
  53      9D072741 
  53      3CA0A25E 
  53      82E04773 
  54 0265 FA02B5A4 		.ascii	"\372\002\265\244\024\277!-~\303\364\370\031\240\374"
  54      14BF212D 
  54      7EC3F4F8 
  54      19A0FC
  55 0274 943A141E 		.ascii	"\224:\024\036\231\221\234\323to\"M\367\347\204\246K"
  55      99919CD3 
  55      746F224D 
  55      F7E784A6 
  55      4B
  56 0285 561596E8 		.ascii	"V\025\226\350\375\346O\017\323Y\355\351\335\226\244"
  56      FDE64F0F 
  56      D359EDE9 
  56      DD96A4
  57 0294 27CEC177 		.ascii	"'\316\301w3\301w\316\370PH4YJL~1\230\360f\362\217\320"
  57      33C177CE 
  57      F8504834 
  57      594A4C7E 
  57      3198F066 
  58 02ab E56F0AF7 		.ascii	"\345o\012\367\034\316\026\373\324\230/C\360\253y\314"
  58      1CCE16FB 
  58      D4982F43 
  58      F0AB79CC 
  59 02bb F994E43E 		.ascii	"\371\224\344>\257\311}\201.\267\301\365\250\271k\323"
  59      AFC97D81 
  59      2EB7C1F5 
  59      A8B96BD3 
  60 02cb ECFE8D4E 		.ascii	"\354\376\215N\357\304`\224\370\030V}\334\202\340\"-"
  60      EFC46094 
  60      F818567D 
  60      DC82E022 
  60      2D
  61 02dc A562D940 		.ascii	"\245b\331@Yk\244\227\377\277k\001\271D\017\210\001\354"
  61      596BA497 
  61      FFBF6B01 
ARM GAS  /tmp/cczrWAkj.s 			page 5


  61      B9440F88 
  61      01EC
  62 02ee E5FF13AC 		.ascii	"\345\377\023\254i\206\374A\017\341\271\235\333^\317"
  62      6986FC41 
  62      0FE1B99D 
  62      DB5ECF
  63 02fd 10275554 		.ascii	"\020'UT\267\"\370s\241\031\362\227\026\220+\364\200"
  63      B722F873 
  63      A119F297 
  63      16902BF4 
  63      80
  64 030e 185CFF9D 		.ascii	"\030\\\377\235F\206\214\321\351\035?\324\371\016\026"
  64      46868CD1 
  64      E91D3FD4 
  64      F90E16
  65 031d AFA93E96 		.ascii	"\257\251>\226#\270\232J\323\231b\320\177\\\243;A\247"
  65      23B89A4A 
  65      D39962D0 
  65      7F5CA33B 
  65      41A7
  66 032f 6B80F24F 		.ascii	"k\200\362O\272P\022\350O\322\351w\327\035n\262\211M"
  66      BA5012E8 
  66      4FD2E977 
  66      D71D6EB2 
  66      894D
  67 0341 38EE7305 		.ascii	"8\356s\005\202\177S\367\311S\027\356\351\025\313\224"
  67      827F53F7 
  67      C95317EE 
  67      E915CB94 
  68 0351 16AC6BF4 		.ascii	"\026\254k\364`\031\200_\277Q\300M\013g\232\261p\302"
  68      6019805F 
  68      BF51C04D 
  68      0B679AB1 
  68      70C2
  69 0363 788185B3 		.ascii	"x\201\205\263\025\317\004\247\026\263\025N]\252\256"
  69      15CF04A7 
  69      16B3154E 
  69      5DAAAE
  70 0372 13E86DC3 		.ascii	"\023\350m\303Tz\255\027^;\204\3056U\200\333\020<\263"
  70      547AAD17 
  70      5E3B84C5 
  70      365580DB 
  70      103CB3
  71 0385 507ADB35 		.ascii	"Pz\3335z\365tz\006\327\015i\320{\226N\257\253\256\253"
  71      7AF5747A 
  71      06D70D69 
  71      D07B964E 
  71      AFABAEAB 
  72 0399 3147EC54 		.ascii	"1G\354T}\220\307\355\216\205\322\333\251\321\333E\247"
  72      7D90C7ED 
  72      8E85D2DB 
  72      A9D1DB45 
  72      A7
  73 03aa 6770BDDB 		.ascii	"gp\275\333\334u\352\313\360F:_\375\342\265\311\334g"
  73      DC75EACB 
  73      F0463A5F 
  73      FDE2B5C9 
ARM GAS  /tmp/cczrWAkj.s 			page 6


  73      DC67
  74 03bc B2C56B33 		.ascii	"\262\305k3\005\"1\337\372vK\230\213/\303\307\021\354"
  74      052231DF 
  74      FA764B98 
  74      8B2FC3C7 
  74      11EC
  75 03ce C171C4E3 		.ascii	"\301q\304\343,\313\360\347\264\360=O\017\237\236\311"
  75      2CCBF0E7 
  75      B4F03D4F 
  75      0F9F9EC9 
  76 03de 0B6C4C5E 		.ascii	"\013lL^\2440\321#\267S\267\036\222-\366\346[\335\255"
  76      A430D123 
  76      B753B71E 
  76      922DF6E6 
  76      5BDDAD
  77 03f1 22ABBB97 		.ascii	"\"\253\273\2270\325\344vb\262\327`\262E\260S\227\003"
  77      30D5E476 
  77      62B2D760 
  77      B245B053 
  77      9703
  78 0403 A98249E2 		.ascii	"\251\202I\342\035\231\305C\361I\353\2447\314'e?i\001"
  78      1D99C543 
  78      F149EBA4 
  78      37CC2765 
  78      3F6901
  79 0416 3E71D2B0 		.ascii	">q\322\260Zy\362\252\005\271\344\035k5D\270;\310Y g"
  79      5A79F2AA 
  79      05B9E41D 
  79      6B3544B8 
  79      3BC85920 
  80 042b D14A5E00 		.ascii	"\321J^\000\364\233)\011\035\241f\316\276\010\227t+h"
  80      F49B2909 
  80      1DA166CE 
  80      BE089774 
  80      2B68
  81 043d B076FF44 		.ascii	"\260v\377Dv|g\211\207\026\3255\037\235\33133\237]\331"
  81      767C6789 
  81      8716D535 
  81      1F9DD933 
  81      339F5DD9 
  82 0451 31A38D46 		.ascii	"1\243\215F\363\250\243\016\363\321\245\226\250`>\232"
  82      F3A8A30E 
  82      F3D1A596 
  82      A8603E9A 
  83 0461 8CC4A586 		.ascii	"\214\304\245\206\372\366\330\013\366\235\320\300C\253"
  83      FAF6D80B 
  83      F69DD0C0 
  83      43AB
  84 046f CAA2214E 		.ascii	"\312\242!N#\311\216-\327Jj\3334j\2068\021s\314f\316"
  84      23C98E2D 
  84      D74A6ADB 
  84      346A8638 
  84      1173CC66 
  85 0484 3198A7DE 		.ascii	"1\230\247\336=\367\261u\3176\266\236\323N\357\236\303"
  85      3DF7B175 
  85      CF36B69E 
  85      D34EEF9E 
ARM GAS  /tmp/cczrWAkj.s 			page 7


  85      C3
  86 0495 F543EDEA 		.ascii	"\365C\355\352\206~\007\206\375j\214;0C\367|Y\353\236"
  86      867E0786 
  86      FD6A8C3B 
  86      3043F77C 
  86      59EB9E
  87 04a8 11B6EEF9 		.ascii	"\021\266\356\371\012\033\223Wi\335S\207\034\255r\310"
  87      0A1B9357 
  87      69DD5387 
  87      1CAD72C8 
  88 04b8 6B1CA1BC 		.ascii	"k\034\241\274B\301\355\227\037.}\322%\313R (\224\273"
  88      42C1ED97 
  88      1F2E7DD2 
  88      25CB5220 
  88      2894BB
  89 04cb BD3EC983 		.ascii	"\275>\311\203\036tV\3707J\316*o\320\351*^WR\344zh\235"
  89      1E7456F8 
  89      374ACE2A 
  89      6FD0E92A 
  89      5E5752E4 
  90 04e2 D3F5A8B7 		.ascii	"\323\365\250\267\310\277\326UU%;7z=\036\237\264\311"
  90      C8BFD655 
  90      55253B37 
  90      7A3D1E9F 
  90      B4C9
  91 04f4 1D909CA1 		.ascii	"\035\220\234\241\242\015Noe\2313\024\010\226\310\241"
  91      A20D4E6F 
  91      65993314 
  91      0896C8A1 
  92 0504 52B92CE0 		.ascii	"R\271,\340-\225\002\371\025\310E\237\302\255|\255\227"
  92      2D9502F9 
  92      15C8459F 
  92      C2AD7CAD 
  92      97
  93 0515 7C3EFFE3 		.ascii	"|>\377\343\376\200\317\343\254P~nR~\226\310>w\265\224"
  93      FE80CFE3 
  93      AC507E6E 
  93      527E96C8 
  93      3E77B594 
  94 0529 5F86EE99 		.ascii	"_\206\356\231\035\026\212\225k\205B\250R\332\\%\225"
  94      1D168A95 
  94      6B8542A8 
  94      52DA5C25 
  94      95
  95 053a 05258F20 		.ascii	"\005%\217 UK\225A! \225I\336j\311S(\024lv\024\334\367"
  95      554B9541 
  95      21209549 
  95      DE6AC953 
  95      28146C76 
  96 0551 841D65DA 		.ascii	"\204\035e\332\036+\332 \332\321r[19\013kB\262T\036\362"
  96      1E2BDA20 
  96      DAD1725B 
  96      31390B6B 
  96      42B2541E 
  97 0566 554AB25C 		.ascii	"UJ\262\\(8\312\363\354\010\333\321\022a\355\003\202"
  97      2838CAF3 
  97      EC08DBD1 
ARM GAS  /tmp/cczrWAkj.s 			page 8


  97      1261ED03 
  97      82
  98 0577 4316AABD 		.ascii	"C\026\252\275~\237;\350\365W\242,\333#1k\207\234\207"
  98      7E9F3BE8 
  98      F557A22C 
  98      DB23316B 
  98      879C87
  99 058a 9629A34F 		.ascii	"\226)\243Oy\203A)\220`a\261\255'\026\350?\007T\252\342"
  99      79834129 
  99      906061B1 
  99      AD2716E8 
  99      3F0754AA 
 100              		.text
 101              		.section	.gnu.lto_.inline.a835eeb8c85e4f66,"e",%progbits
 102 0000 789C9D53 		.ascii	"x\234\235S=K\003A\020}3{w\271|\030\203\304*\"\207\265"
 102      3D4B0341 
 102      107D337B 
 102      77B97C18 
 102      83C42A22 
 103 0016 58F843F2 		.ascii	"X\370C\362#4\301\017\220\370\023\324\224BH'\251\002"
 103      2334C10F 
 103      90F813D4 
 103      94424827 
 103      A902
 104 0028 9682365A 		.ascii	"\226\2026Z%\215\330\011\327\210\275\235\261T0\215\330"
 104      258DD809 
 104      D788BD9D 
 104      B154308D 
 104      D8
 105 0039 38BB7B6E 		.ascii	"8\273{nB\270\234\301\345\3307;\273;\363\336\336L\010"
 105      42B89CC1 
 105      E5D8373B 
 105      BB3BF3DE 
 105      DE4C08
 106 004c C2860737 		.ascii	"\302\206\0077|`\355-\356\265y\337W\210Z\027\212:\355"
 106      7C60ED2D 
 106      EEB579DF 
 106      57885A17 
 106      8A3AED
 107 005f F797B0A3 		.ascii	"\367\227\260\243\372JN\322\200j@t\234 \001\036\237\310"
 107      FA4A4ED2 
 107      806A4074 
 107      9C20011E 
 107      9FC8
 108 0071 E05D20D4 		.ascii	"\340] \324\206j0\030\236\3615PA\320\273\035\305j\307"
 108      866A3018 
 108      9EF13550 
 108      41D0BB1D 
 108      C56AC7
 109 0084 8349C145 		.ascii	"\203I\301E\271 a\374\262F\343\2322\203\025}\244[\357"
 109      B92061FC 
 109      B246E39A 
 109      3283157D 
 109      A45BEF
 110 0097 D6199B77 		.ascii	"\326\031\233w\243\370\211\017Hq\324\242\255\032Xr\032"
 110      A3F8890F 
 110      4871D4A2 
ARM GAS  /tmp/cczrWAkj.s 			page 9


 110      AD1A5872 
 110      1A
 111 00a8 D0294B26 		.ascii	"\320)K&S\023(\230<\315\377\247\364*2Q\267>\017\025\036"
 111      53132898 
 111      3CCDFFA7 
 111      F42A3251 
 111      B73E0F15 
 112 00bd F11AF7FA 		.ascii	"\361\032\367\372J\230\220eB\226\011\031&UI\365\245\231"
 112      4A989065 
 112      42960919 
 112      265549F5 
 112      A599
 113 00cf 684AF7D9 		.ascii	"hJ\367\331L\362Z^\250\345AO\002\010\2265\035\347\232"
 113      4CF25A5E 
 113      A8E5414F 
 113      02089635 
 113      1DE79A
 114 00e2 5A4AEC25 		.ascii	"ZJ\354%\231\224Yh\015\211\204\211\002k\251\222%\232"
 114      99945968 
 114      0D898489 
 114      026BA992 
 114      259A
 115 00f4 2D3357FD 		.ascii	"-3W\375\244\217\357\207s>\362\275\224\0075Z\374+\032"
 115      A48FEF87 
 115      733EF2BD 
 115      9407355A 
 115      FC2B1A
 116 0107 8C2FAFD5 		.ascii	"\214/\257\325!P~\276\031?\360\336\\1\341\231\210U\015"
 116      21507EBE 
 116      193FF0DE 
 116      5C31E199 
 116      88550D
 117 011a 44703C21 		.ascii	"Dp<!\002&\226*I@\326{l\376(r\0256\312,e\273\371\213"
 117      0226962A 
 117      4940D67B 
 117      6CFE2872 
 117      1536CA2C 
 118 0132 7E995C00 		.ascii	"~\231\\\000J\012 \3157{\317\354L\316\244Y\346^\232o"
 118      4A0A20CD 
 118      377BCFEC 
 118      4CCEA459 
 118      E65E9A6F 
 119 0146 36D65F98 		.ascii	"6\326_\230\375\274\371Ur\352\026\261Cl\313[\236\352"
 119      FDBCF955 
 119      72EA16B1 
 119      436CCB5B 
 119      9EEA
 120 0158 A29A69B1 		.ascii	"\242\232i\261ui\261a\322bC\327b\201\355\254\205\252"
 120      7569B161 
 120      D26243D7 
 120      6281EDAC 
 120      85AA
 121 016a CC964652 		.ascii	"\314\226FR`\266plu\244a\261*XH\352\317}\331b\361\003"
 121      60B6706C 
 121      75A461B1 
 121      2A5848EA 
 121      CF7DD962 
ARM GAS  /tmp/cczrWAkj.s 			page 10


 122 0180 DBA09BE3 		.ascii	"\333\240\233\343"
 123              		.text
 124              		.section	.gnu.lto_.pureconst.a835eeb8c85e4f66,"e",%progbits
 125 0000 789CE360 		.ascii	"x\234\343``d\020````e\230\311\3024\223\205y\026\013"
 125      60641060 
 125      60606065 
 125      98C9C234 
 125      93857916 
 126 0015 FB4E168E 		.ascii	"\373N\026\216Y,\000\034\021\003f"
 126      592C001C 
 126      110366
 127              		.text
 128              		.section	.gnu.lto_urtSrtSubscriberCalculateUsefulness.a835eeb8c85e4f66,"e",%progbits
 129 0000 789C8D94 		.ascii	"x\234\215\224]LSg\030\307\337\377y\317Gi)\2729\335\004"
 129      5D4C5367 
 129      18C7DFFF 
 129      79CF4769 
 129      29BA39DD 
 130 0015 4DCA8541 		.ascii	"M\312\205A\366a\271\330\325\256\326)\227K\026\334\305"
 130      F661B9D8 
 130      D5AED629 
 130      974B16DC 
 130      C5
 131 0026 EE0C1FDD 		.ascii	"\356\014\037\335\254A!m\311\262\233y\350\352\307\004"
 131      AC41216D 
 131      C9B29B79 
 131      E8EAC704 
 132 0036 159D8B40 		.ascii	"\025\235\213@\304\252\214\350\226\0051\272\014\021\265"
 132      C4AA8CE8 
 132      960531BA 
 132      0C11B5
 133 0045 8A22389C 		.ascii	"\212\"8\234_\330a\305:\231\222mi\334\262\013\335\225"
 133      5FD861C5 
 133      3A99926D 
 133      69DCB20B 
 133      DD95
 134 0057 EE79CE69 		.ascii	"\356y\316i\251SQ\232\364\344}\337\347\375\375\317\377"
 134      A953519A 
 134      F4E47DDF 
 134      E7FDFDCF 
 134      FF
 135 0068 F99FF31E 		.ascii	"\371\237\363\036\207\200X\257\011\021\026B\324\320\037"
 135      878058AF 
 135      09111642 
 135      D4D01F
 136 0077 0E01C534 		.ascii	"\016\001\3054\315w\215F\207\242\310\311\221\2669\252"
 136      CD778D46 
 136      87A2C8C9 
 136      91B639AA 
 137 0087 E934DA0F 		.ascii	"\3514\332\017O\276\251\232\371RQ\323\235\267\347\322"
 137      4FBEA99A 
 137      F95251D3 
 137      9DB7E7D2 
 138 0097 8AB6637C 		.ascii	"\212\266c|\367\353\264\242B\317\354\326\246F:\214\314"
 138      F7EBB4A2 
 138      42CFECD6 
 138      A6463A8C 
ARM GAS  /tmp/cczrWAkj.s 			page 11


 138      CC
 139 00a8 C800AC91 		.ascii	"\310\000\254\221\351\200X\253HU\323\015\254\305V\271"
 139      E98058AB 
 139      4855D30D 
 139      ACC556B9 
 140 00b8 532215E9 		.ascii	"S\"\025\351\3707\177\213\214I\001\225\246;\316\037\031"
 140      F8377F8B 
 140      8C490195 
 140      A63BCE1F 
 140      19
 141 00c9 76F214F0 		.ascii	"v\362\024\360\320\264y\354\267\203(\335O\260\031\337"
 141      D0B479EC 
 141      B78328DD 
 141      4FB019DF 
 142 00d9 39FAC6E5 		.ascii	"9\372\306\345u\2337\265 &\025\321F\373\217\241\010}"
 142      759B37B5 
 142      202615D1 
 142      46FB8FA1 
 142      087D
 143 00eb 2812FC43 		.ascii	"(\022\374C?Ji\377\375\355c\337\270d9\004\215\367^\235"
 143      3F4A69FF 
 143      FDED63DF 
 143      B8643904 
 143      8DF75E9D 
 144 00ff F8C755D2 		.ascii	"\370\307U\322e\232\0213~\247\260\335\214\2531)q\034"
 144      659A1133 
 144      7EA7B0DD 
 144      8CAB3129 
 144      711C
 145 0111 F27F2CAD 		.ascii	"\362\177,\255\021}\002%D\334I\375}S\221\037Xt\357\201"
 145      117D0225 
 145      44DC49FD 
 145      7D53911F 
 145      5874EF81 
 146 0125 7D69354B 		.ascii	"}i5K/\264i\025'\237\242U\242\343(\021\314L\034z\370"
 146      2FB46915 
 146      279FA255 
 146      A2E32811 
 146      CC4C1C7A 
 147 013a B55B57D9 		.ascii	"\265[W\331\034[:\005\235R\025\342\340\025-n>|\264\301"
 147      1C5B3A05 
 147      9D5215E2 
 147      E0152D6E 
 147      3E7CB4C1 
 148 014e 8CA7BAB1 		.ascii	"\214\247\272\261m\364Aa\001\010\324\024\272\350\222"
 148      6DF44161 
 148      0108D414 
 148      BAE892
 149 015d 2E860E36 		.ascii	".\206\0166\340\002\013\271\005\267'\232\244\340\246"
 149      E0020BB9 
 149      05B7279A 
 149      A4E0A6
 150 016c 55987121 		.ascii	"U\230q!\232\245bO\032ir\027\321[\003\223\335\325,\337"
 150      9AA5624F 
 150      1A697217 
 150      D15B0393 
 150      DDD52CDF 
ARM GAS  /tmp/cczrWAkj.s 			page 12


 151 0180 2175BAED 		.ascii	"!u\272\355\226/\376J983\011\201\323\231@\232\245<LO"
 151      962FFE4A 
 151      39383309 
 151      81D39940 
 151      9AA53C4C 
 152 0195 0DCCE04F 		.ascii	"\015\314\340OD\372\363l\000\217\003\016\253\325\216"
 152      44FAF36C 
 152      008F030E 
 152      ABD58E
 153 01a4 03238FF2 		.ascii	"\003#\217\362\242\2104:h\245\223\275\323b\342\306\340"
 153      A288343A 
 153      68A593BD 
 153      D362E2C6 
 153      E0
 154 01b5 2574A193 		.ascii	"%t\241\223\322\316\303\031D\201\001V\246J\337\366\215"
 154      D2CEC319 
 154      44810156 
 154      A64ADFF6 
 154      8D
 155 01c6 3D7A5937 		.ascii	"=zY7;\362\304\244\023gi[\253\3251\025\243\277\177\233"
 155      3BF2C4A4 
 155      1367695B 
 155      ABD53115 
 155      A3BF7F9B 
 156 01da 744E155D 		.ascii	"tN\025]\030DY\253\344\020p\016e\226\367\2459\037]M\373"
 156      184459AB 
 156      E410700E 
 156      6596F7A5 
 156      391F5D4D 
 157 01ef 8EB9D987 		.ascii	"\216\271\331\207\013\012\206\246\214\253\221\304\256"
 157      0B0A86A6 
 157      8CAB91C4 
 157      AE
 158 01fc B7D9B792 		.ascii	"\267\331\267\222\306\006\217\025\343\023.\363\333X\023"
 158      C6068F15 
 158      E3132EF3 
 158      DB5813
 159 020b C3646B66 		.ascii	"\303dkf\015\234\177^\003?M\337\200\033#\334\200b\327"
 159      0D9C7F5E 
 159      033F4DDF 
 159      801B23DC 
 159      8062D7
 160 021e 4E5D4B7E 		.ascii	"N]K~%\371>\033\255b\001.\240\314~\312?\223>m\270p\362"
 160      25F93E1B 
 160      AD62012E 
 160      A0CC7ECA 
 160      3F933E6D 
 161 0235 C17DA3F8 		.ascii	"\301}\243\370\243\230\331J\345Y\214\364\017|w\264\200"
 161      A398D94A 
 161      E5598CF4 
 161      0F7C77B4 
 161      80
 162 0246 91560B99 		.ascii	"\221V\013\231\215\213(\266\221K6\322\273u\274O\026+"
 162      8D8B28B6 
 162      914B36D2 
 162      BB75BC4F 
 162      162B
ARM GAS  /tmp/cczrWAkj.s 			page 13


 163 0258 36F21223 		.ascii	"6\362\022#C_\016\015\272s\310\313\270\234E\256\330H"
 163      435F0E0D 
 163      BA73C8CB 
 163      B89C45AE 
 163      D848
 164 026a 7B6F3AA1 		.ascii	"{o:\241plspD\303U\024\305\344+Vp\332\241\226\236\273"
 164      706C7370 
 164      44C35514 
 164      C5E42B56 
 164      70DAA196 
 165 0280 8293932F 		.ascii	"\202\223\223/Hnt\306\311]\233>\271\271HX\311e\260\323"
 165      486E74C6 
 165      C95D9B3E 
 165      B9B94858 
 165      C965B0D3 
 166 0294 9BD6279C 		.ascii	"\233\326'\234\271t\346\341\227l:c3N\347z\266\325\344"
 166      B974E6E1 
 166      976C3A63 
 166      334EE77A 
 166      B6D5E4
 167 02a7 8CD3B991 		.ascii	"\214\323\271\221E\306\331\351ci\350S\357\277\226F\364"
 167      45C6D9E9 
 167      6369E853 
 167      EFBF9646 
 167      F4
 168 02b8 9969BCDA 		.ascii	"\231i\274\332\306\217\02673il\373>\271\204s}\015\237"
 168      C68F1637 
 168      33696CFB 
 168      3EB98473 
 168      7D0D9F
 169 02cb 23C542F3 		.ascii	"#\305B\363-!#w\370\370 \375q\357\207\036\330/\261BP"
 169      2D212377 
 169      F8F820FD 
 169      71EF871E 
 169      D82FB142 
 170 02e0 3CD973BD 		.ascii	"<\331s\275\200\322j\264C)\2443i\037B\252u\377\270\377"
 170      80D26AB4 
 170      4329A433 
 170      691F42AA 
 170      75FFB8FF 
 171 02f4 A29BF26A 		.ascii	"\242\233\362j\261JE\270e\345\245\362q\370\225\216\003"
 171      B14A45B8 
 171      65E5A5F2 
 171      71F8958E 
 171      03
 172 0305 AB0D17DA 		.ascii	"\253\015\027\332R\362\011\251=}\374i\230Nm\317\252\230"
 172      52F209A9 
 172      3D7DFC69 
 172      984E6DCF 
 172      AA98
 173 0317 5C80DB96 		.ascii	"\\\200\333\226\234\306r\023$\227\306:\217-\346&k\242"
 173      9CC67213 
 173      2497C63A 
 173      8F2DE626 
 173      6BA2
 174 0329 43BA4836 		.ascii	"C\272H6&\027\212{\210d\013\374\2267I\344\276-B\274\347"
 174      26178A7B 
ARM GAS  /tmp/cczrWAkj.s 			page 14


 174      88640BFC 
 174      963749E4 
 174      BE2D42BC 
 175 033e 5D59B7DA 		.ascii	"]Y\267\332\357\255\017\204\275\276\345\345+*|K\313\275"
 175      EFAD0F84 
 175      BDBEE5E5 
 175      2B2A7C4B 
 175      CBBD
 176 0350 BEF70315 		.ascii	"\276\367\003\025uo\371\352\353C\336\325\201\232\232"
 176      756FF9EA 
 176      EB43DED5 
 176      819A9A
 177 035f 5AFFA795 		.ascii	"Z\377\247\225A\277\267\241\342Co`M\265\267!\030^\021"
 177      41BFB7A1 
 177      E2436F60 
 177      4DB5B721 
 177      185E11
 178 0372 6AA80A55 		.ascii	"j\250\012U\007\003U\376\340\222\225\302\231\233\031"
 178      070355FE 
 178      E09295C2 
 178      999B19
 179 0381 B59561FF 		.ascii	"\265\225a\377\232\352\317\026,\012-^\324P\372\216\247"
 179      9AEACF16 
 179      2C0A2D5E 
 179      D450FA8E 
 179      A7
 180 0392 B22EB4AC 		.ascii	"\262.\264\254\352\023_(\344\017\206=\037W\006j\3755"
 180      EA135F28 
 180      E40F863D 
 180      1F57066A 
 180      FD35
 181 03a4 E23FD460 		.ascii	"\342?\324`\366\207"
 181      F687
 182              		.text
 183              		.section	.gnu.lto__helloworld_slaveShutdown.a835eeb8c85e4f66,"e",%progbits
 184 0000 789C9595 		.ascii	"x\234\225\225mPTe\024\307\357\271\317\275w_`\2277-\025"
 184      6D505465 
 184      14C7EFB9 
 184      CFBD775F 
 184      6097372D 
 185 0015 2B30156D 		.ascii	"+0\025m\212e\246\276\324\207&Rg\252\231f\032j\252o\016"
 185      8A65A6BE 
 185      D4872652 
 185      67AA9966 
 185      1A6AAA6F 
 186 002a CA963428 		.ascii	"\312\2264(\316\256\344\267\274,\253\030\220`j\002J\253"
 186      CEAEE4B7 
 186      BC2CAB18 
 186      90606A02 
 186      4AAB
 187 003c 3264960A 		.ascii	"2d\226\012\246i*\351\012jH\276\245\200\012\006h\262"
 187      A6692AE9 
 187      0A6A48BE 
 187      A5800A06 
 187      68B2
 188 004e 122296F9 		.ascii	"\022\"\226\371\202\205\3209\317\275\273\313\306K\270"
 188      8285D039 
ARM GAS  /tmp/cczrWAkj.s 			page 15


 188      CFBDBBCB 
 188      C64BB8
 189 005d 33CF9DE7 		.ascii	"3\317\235\347\355\374\3579\377\337}\2365\012 8\302\004"
 189      EDFCEF39 
 189      FFDF7D9E 
 189      350A2038 
 189      C204
 190 006f E17B4110 		.ascii	"\341{A\020\322\260\201Q\000QU\325W\014\331FQd\276\223"
 190      D2B08151 
 190      005155D5 
 190      570CD946 
 190      5164BE93 
 191 0083 2531926A 		.ascii	"%1\222j6\224\356\366=+\251\341L\224\272\313\257\214"
 191      3694EEF6 
 191      3D2BA9E1 
 191      4C94BACB 
 191      AF8C
 192 0095 C71979ED 		.ascii	"\307\031y\355\345/\237\301\031\011\024}\267\034\350"
 192      E52F9FC1 
 192      1909147D 
 192      B71CE8
 193 00a4 2960D07B 		.ascii	")`\320{\006\000\336S\215 ,\023\231$+\006X\006\205l="
 193      0600DE53 
 193      8D202C13 
 193      99242B06 
 193      5806856C 
 194 00b9 839A5CDF 		.ascii	"\203\232\\\337~q\346V\\V\275\353\233\"V\250\313'x\230"
 194      7E71E656 
 194      5C56BDEB 
 194      9B2256A8 
 194      CB277898 
 195 00cd 209460D3 		.ascii	" \224`\323~p\000f\342\276VWYo\370*\346a\000\022\016"
 195      7E700066 
 195      E2BE5657 
 195      596FF82A 
 195      E6610012 
 196 00e2 D7D6EF39 		.ascii	"\327\326\3579a\246\241\010q8\\\277\271\2465\234\315"
 196      61A6A108 
 196      71385CBF 
 196      B9A6359C 
 196      CD
 197 00f3 0601FB7B 		.ascii	"\006\001\373{;\367\275\221P\241\252.\325{\255\202\251"
 197      3BF7BD91 
 197      50A1AA2E 
 197      D57BAD82 
 197      A9
 198 0104 533D8CC1 		.ascii	"S=\214\301\217\300P\021\252!\026\016B\254 \340\034*"
 198      8FC05011 
 198      AA21160E 
 198      42AC20E0 
 198      1C2A
 199 0116 1F8204DC 		.ascii	"\037\202\004\334_V\326\337 \263\327yl\347\266]\015\240"
 199      5F56D6DF 
 199      20B3D779 
 199      6CE7B65D 
 199      0DA0
 200 0128 07F7E532 		.ascii	"\007\367\34525\334\303$8\254\005?\037\013I<T\302P/\017"
ARM GAS  /tmp/cczrWAkj.s 			page 16


 200      35DCC324 
 200      38AC053F 
 200      1F0B493C 
 200      54C2502F 
 201 013d 757B1BBF 		.ascii	"u{\033\277R\330[<t\373\206\235y\021zh\367\304R\325+"
 201      52D85B3C 
 201      74FB869D 
 201      79117A68 
 201      F7C452D5 
 202 0152 79980C47 		.ascii	"y\230\014G\206\274X\306\350\032H\020(\346\352\256\376"
 202      86BC58C6 
 202      E81A4810 
 202      28E6EAAE 
 202      FE
 203 0163 751645D2 		.ascii	"u\026E\322\253\205ZP\020\203 T\236\223\275j\377@\256"
 203      AB855A50 
 203      10832054 
 203      9E93BD6A 
 203      FF40AE
 204 0176 EAF5BDBC 		.ascii	"\352\365\275\274y\307\324\211\200a\212\210\017\003\303"
 204      79C7D489 
 204      80618A88 
 204      0F03C3
 205 0185 8751C287 		.ascii	"\207Q\302\207I\306\207\331\010$e\301n\230\025\037\341"
 205      49C687D9 
 205      082465C1 
 205      6E98151F 
 205      E1
 206 0196 11D48BA4 		.ascii	"\021\324\213\244^\024\365\242\251\027C\275q\324\023"
 206      5E14F5A2 
 206      A91743BD 
 206      71D413
 207 01a5 847C2690 		.ascii	"\204|&\220\321\022\250^A(`\2426\310\301A\007\270\333"
 207      D112A85E 
 207      412860A2 
 207      36C8C141 
 207      07B8DB
 208 01b8 6A7B0E29 		.ascii	"j{\016)\224C\0313Bb,7\277\200\261\335\310\036h\017t"
 208      94431933 
 208      42622C37 
 208      BF80B1DD 
 208      C81E680F 
 209 01cd 81ABDAA4 		.ascii	"\201\253\332\244m\000L~U\316\255V#!\260\360\372\313"
 209      6D004C7E 
 209      55CEAD56 
 209      2321B0F0 
 209      FACB
 210 01df BE3E3960 		.ascii	"\276>9`r\203+\333\2103\345T\020N6\265\034?\013\025P"
 210      72832BDB 
 210      8833E554 
 210      104E36B5 
 210      1C3F0B15 
 211 01f4 0E1E6685 		.ascii	"\016\036f\205c\340\0068J.\340\312\201\317WV)I;)\203"
 211      63E00638 
 211      4A2EE0CA 
 211      81CF5756 
 211      29493B29 
ARM GAS  /tmp/cczrWAkj.s 			page 17


 212 0209 380F8B80 		.ascii	"8\017\213\200\343\270\255\230\333@\276vnk6\007\026#"
 212      E3B8AD98 
 212      DB40BE76 
 212      6E6B3607 
 212      1623
 213 021b E127482A 		.ascii	"\341'H*f\344\014\324A\022\317uV0\217\212\374-\007-\224"
 213      66E40CD4 
 213      4112CF75 
 213      56308F8A 
 213      FC2D072D 
 214 0230 47248870 		.ascii	"G$\210p\002\374\211K\256\246\215/P\336b7\344\306qo\377"
 214      02FC894B 
 214      AEA68D2F 
 214      50DE6237 
 214      E4C6716F 
 215 0245 93655409 		.ascii	"\223eT\011iB=\2465\266\002~\036\255\200\223#\027\020"
 215      69423DA6 
 215      35B6027E 
 215      1EAD8093 
 215      231710
 216 0258 0DA7A800 		.ascii	"\015\247\250\000Q[;\322\330\274\206\321{V\362\305\030"
 216      515B3BD2 
 216      D8BC86D1 
 216      7B56F2C5 
 216      18
 217 0269 380D491A 		.ascii	"8\015I\032\3723\250\217\033N\035\276\177\317\020\377"
 217      FA33A88F 
 217      1B4E1DBE 
 217      7FCF10FF 
 218 0279 AE472DC6 		.ascii	"\256G-\306\345q\024R]\373\315~+\205\024\363\220\361"
 218      E5711452 
 218      5DFBCD7E 
 218      2B8514F3 
 218      90F1
 219 028b 7016E2B5 		.ascii	"p\026\342\265\220_\264\220\316~\237O\211\027\265\220"
 219      905FB490 
 219      CE7E9F4F 
 219      8917B590 
 220 029b C7286443 		.ascii	"\307(dC\313\315Rc0\344q8\347\0179\257\205\3445\027u"
 220      CBCD5263 
 220      30E47138 
 220      E70F39AF 
 220      85E43517 
 221 02b0 59C9B609 		.ascii	"Y\311\266\011p\027\240\001b=l\"7N\336UT\325!\220s\354"
 221      7017A001 
 221      623D6C22 
 221      374EDE55 
 221      54D52190 
 222 02c6 7F9C6B1C 		.ascii	"\177\234k\034\263sM#;7\011.p\347\364\260\232\274\025"
 222      B3734D23 
 222      3B37092E 
 222      70E7F4B0 
 222      9ABC15
 223 02d9 4DE6A03B 		.ascii	"M\346\240;\261p\321\357\316\2451\273\323\354/\265e\314"
 223      B170D1EF 
 223      CEA531BB 
 223      D3EC2FB5 
ARM GAS  /tmp/cczrWAkj.s 			page 18


 223      65CC
 224 02eb EE5CF687 		.ascii	"\356\\\366\207\374J\231\016rC\011|\377r7\270\207ucr"
 224      FC4A990E 
 224      7243097C 
 224      FF7237B8 
 224      87756372 
 225 02ff 09A18556 		.ascii	"\011\241\205V\335\215\325\333\233\023\311\327'\340\023"
 225      DD8DD5DB 
 225      9B13C9D7 
 225      27E013
 226 030e 6823A127 		.ascii	"h#\241'\271\220!x\330\360 \255\315;\266L\373\204\305"
 226      B9902178 
 226      D8F020AD 
 226      CD3BB64C 
 226      FB84C5
 227 0321 C147E929 		.ascii	"\301G\351)\256\340m\256\272dE\353\2621b\323m:\363qt"
 227      AEE06DAE 
 227      BA6445EB 
 227      B23162D3 
 227      6D3AF371 
 228 0336 26DB75FF 		.ascii	"&\333u\377\262=m?\004\375\213\207+\334?I\363ooCe\275"
 228      B23D6D3F 
 228      04FD8B87 
 228      2BDC3F49 
 228      F36F6F43 
 229 034c 495BDCE4 		.ascii	"I[\334\344\303\353k\012\\\245oO\326V\213\013\277\335"
 229      C3EB6B0A 
 229      5CA56F4F 
 229      D6568B0B 
 229      BFDD
 230 035e CFDDA565 		.ascii	"\317\335\245e+^(\360\033\036(\001\256Q\356t\276\037"
 230      2B5E28F0 
 230      1B1E2801 
 230      AE51EE74 
 230      BE1F
 231 0370 DCA86D2D 		.ascii	"\334\250m-y?\344j\322\301h\023n\022n\317\357\303\233"
 231      793FE46A 
 231      D2C16813 
 231      6E126ECF 
 231      EFC39B
 232 0383 88D2E7AB 		.ascii	"\210\322\347\253\203v\203\017\024\350@\213\004\270N"
 232      8376830F 
 232      14E8408B 
 232      04B84E
 233 0392 C5C5E05A 		.ascii	"\305\305\340ZGu\231*Sq\006\270HWw\313\335\345\212\366"
 233      4775992A 
 233      537106B8 
 233      485777CB 
 233      DDE58AF6 
 234 03a6 5D4CA1AA 		.ascii	"]L\241\252:\365\252\326\364\036<\027\246%\336^Y8iCN"
 234      3AF5AAD6 
 234      F41E3C17 
 234      A625DE5E 
 234      59386943 
 235 03bb 18DE5BF0 		.ascii	"\030\336[\360;\257M\341\302t\003%\361,O\274\250\311"
 235      3BAF4DE1 
 235      C2740325 
ARM GAS  /tmp/cczrWAkj.s 			page 19


 235      F12C4FBC 
 235      A8C9
 236 03cd 8F1BEC5D 		.ascii	"\217\033\354]X\210w(\3774\276\037n\350\362;\367m=cA"
 236      58887728 
 236      FF34BE1F 
 236      6EE8F23B 
 236      F76D3D63 
 237 03e2 F9226EDA 		.ascii	"\371\"n\332T\350\346\302\006]\370&\012#\336M\037\221"
 237      54E8E6C2 
 237      065DF826 
 237      0A23DE4D 
 237      1F91
 238 03f4 AE80C2D8 		.ascii	"\256\200\302\330D\017\233\246\241\252\274\203\177;\034"
 238      440F9BA6 
 238      A1AABC83 
 238      7F3B1C
 239 0403 167B743A 		.ascii	"\026{t:=\243\321\231\016\267\210\216qx:F\370\203\323"
 239      3DA3D199 
 239      0EB7888E 
 239      71783A46 
 239      F883D3
 240 0416 F9334827 		.ascii	"\3713H'\347zi(\035i\030:\017\003t\244P:\177!\235\333"
 240      E77A6928 
 240      1D69183A 
 240      0F0374A4 
 240      503A7F21 
 241 042c 9CCE1DAA 		.ascii	"\234\316\035\252&\212\276\326\346\256\036 \373\214P"
 241      268ABED6 
 241      E6AE1E20 
 241      FB8C50
 242 043b 2CE3B8F6 		.ascii	",\343\270\366\213C\235\272\177\323\251\254\273zY\235"
 242      8B439DBA 
 242      7FD3A9AC 
 242      BB7A599D 
 243 044b 7BF6ED36 		.ascii	"{\366\3556\004\360L\336\256\341\271\307\2133qe\001\356"
 243      04F04CDE 
 243      AEE1B9C7 
 243      8B337165 
 243      01EE
 244 045d 07F170FD 		.ascii	"\007\361p\375\350!<\242F\344\321\353\347\301\225\036"
 244      E8213CA2 
 244      46E4D1EB 
 244      E7C1951E 
 245 046d 0478DCE1 		.ascii	"\004x\334\341<\242\261\261 \217^?\017\351\321y\374="
 245      3CA2B1B1 
 245      208F5E3F 
 245      0FE9D179 
 245      FC3D
 246 047f 1A8F04F8 		.ascii	"\032\217\004\370\207x\230\207\347a\202>\316\343\341"
 246      87789887 
 246      E761823E 
 246      CEE3E1
 247 048e A0D37274 		.ascii	"\240\323rtc(\017y\030\036\375\001\036r(\217\001\344"
 247      63280F79 
 247      181EFD01 
 247      1E72288F 
 247      01E4
ARM GAS  /tmp/cczrWAkj.s 			page 20


 248 04a0 D1CF79A8 		.ascii	"\321\317y\250\"V\023\201k}k\016\224\363k\331\004\355"
 248      22561381 
 248      6B7D6B0E 
 248      94F36BD9 
 248      04ED
 249 04b2 C4A3CDBD 		.ascii	"\304\243\315\275\256I?.\011TV\266\250\225\325s\276\256"
 249      AE493F2E 
 249      095456B6 
 249      A895D573 
 249      BEAE
 250 04c4 4E0AF088 		.ascii	"N\012\360\210\256\323x\270D*.\214+\343\025.\006xp\375"
 250      AED378B8 
 250      442A2E8C 
 250      2BE3152E 
 250      067870FD 
 251 04d8 C8213C22 		.ascii	"\310!<\"F\344\341\026u\036\\i\271\350\347\201B\310\""
 251      46E4E116 
 251      751E5C69 
 251      B9E8E781 
 251      42C822
 252 04eb 129B14E4 		.ascii	"\022\233\024\344\321\347\347!?:\217\025\342(<f@\256"
 252      D1E7E721 
 252      3F3A8F15 
 252      E2283C66 
 252      40AE
 253 04fd 883CC287 		.ascii	"\210<\302\207\347a\206\225\"\361\370T\014\236\217\323"
 253      E7618695 
 253      22F1F854 
 253      0C9E8FD3 
 254 050d 65A13C94 		.ascii	"e\241<\224ax\014\004x(\241<\362E\005\362D\342Q@~Yp\255"
 254      61780C04 
 254      7828A13C 
 254      F24505F2 
 254      44E25140 
 255 0525 F1BBD317 		.ascii	"\361\273\323\027L\304\303\014U\012\216\273*\032w\204"
 255      4CC4C30C 
 255      550A8EBB 
 255      2A1A7784 
 256 0535 69FECDA0 		.ascii	"i\376\315\240\262>\323y\324\373\266\270\303\003<&\\"
 256      B23ED379 
 256      D4FBB6B8 
 256      C3033C26 
 256      5C
 257 0546 D278ACE2 		.ascii	"\322x\254\342\305Y\270\262\000\205A\036\\\337:\204\207"
 257      C559B8B2 
 257      0085411E 
 257      5CDF3A84 
 257      87
 258 0557 65441E45 		.ascii	"eD\036E~\036\\iu\200G\001\347a\305&\023\217\036p\265"
 258      7E1E5C69 
 258      75804701 
 258      E761C526 
 258      138F1E70 
 259 056c E7E7A5F3 		.ascii	"\347\347\245\363\277)\372\3453\320\376w\\^\032&\333"
 259      BF29FAE5 
 259      33D0FE77 
 259      5C5E1A26 
ARM GAS  /tmp/cczrWAkj.s 			page 21


 259      DB
 260 057d 16642EB4 		.ascii	"\026d.\264\333\026\247/\261%\277=gnJ\362\2549\266\344"
 260      DB16A72F 
 260      B125BF3D 
 260      676E4AF2 
 260      AC39B6E4 
 261 0591 37D35332 		.ascii	"7\323S2\237K^\274\330iK\245\307k\366\214\214\314\367"
 261      9F4B5EBC 
 261      D8694BA5 
 261      C76BF68C 
 261      8CCCF7
 262 05a4 321D1969 		.ascii	"2\035\031i\266\005\324]J\335\271\316\214\324\217\355"
 262      B605D45D 
 262      4ADDB9CE 
 262      8CD48FED 
 263 05b4 89F30569 		.ascii	"\211\363\005iQf\232]q\330S\235\231\213d>9y\232s\306"
 263      51669A5D 
 263      71D8539D 
 263      998B643E 
 263      39799A73 
 264 05c9 B4AC992F 		.ascii	"\264\254\231/\305\245f:g\317\3730\331\351\264;\226\304"
 264      C5A5663A 
 264      67CFFB30 
 264      D9E9B43B 
 264      96C4
 265 05db 7D909A9E 		.ascii	"}\220\232\236aO\023^\035\375\205\013\323\323\3222\354"
 265      614F135E 
 265      1DFD850B 
 265      D3D3D232 
 265      EC
 266 05ec 4B531D76 		.ascii	"KS\035v[V\312;\266\364E\363mY\216%s\235Y\363\234\363"
 266      5B56CA3B 
 266      B6F445F3 
 266      6D598E25 
 266      739D59F3 
 267 0602 1DE9F3EC 		.ascii	"\035\351\363\354\216\304\005\302\2775q\366S"
 267      8EC405C2 
 267      BF3571F6 
 267      53
 268              		.text
 269              		.section	.gnu.lto__helloworld_slaveSetup.a835eeb8c85e4f66,"e",%progbits
 270 0000 789C9D56 		.ascii	"x\234\235V{PTU\030\277\3379w\357>\001\315|B\011%\371"
 270      7B505455 
 270      18BFDF39 
 270      77EF3E01 
 270      CD7C4209 
 271 0016 4877B7B2 		.ascii	"Hw\267\262,\373'F\235\261f\032gt\232\376t\0206\331\211"
 271      2CFB2746 
 271      9DB1661A 
 271      67749AFE 
 271      741036D9 
 272 002b 5C07B0A6 		.ascii	"\\\007\260\246i&/\217P\001\025\025\203\005q\221\015"
 272      69262F8F 
 272      50011515 
 272      83057191 
 272      0D
 273 003c 5F908FD1 		.ascii	"_\220\217\321T\360\265j\232\232\257L)\321\020-Q\011"
ARM GAS  /tmp/cczrWAkj.s 			page 22


 273      54F0B56A 
 273      9A9AAF4C 
 273      29D1102D 
 273      5109
 274 004e B5D4D4AC 		.ascii	"\265\324\324\254\260\363\235swY`]Ww\340\314\271\347"
 274      B0F39D73 
 274      7759605D 
 274      5777E0CC 
 274      B9E7
 275 0060 7CAFDFEF 		.ascii	"|\257\337\357;\347w\257A\002\351\263\030I\252\226$\251"
 275      3BE777AF 
 275      4102E9B3 
 275      1849AA96 
 275      24A9
 276 0072 96FD4394 		.ascii	"\226\375C\224\004DU\325\267\364\331\006Bh\353\021w\037"
 276      044455D5 
 276      B7F4D906 
 276      4268EB11 
 276      771F
 277 0084 5935E9CB 		.ascii	"Y5\351\3137\265\216\224U\013%r\273\367B_\266\242+9\267"
 277      37B58E94 
 277      550B2572 
 277      BBF7425F 
 277      B6A22B39 
 278 0099 7C045B91 		.ascii	"|\004[\221A\321\254u\201\231\002zm\246'\006-\202E\213"
 278      41D1AC75 
 278      8199027A 
 278      6DA62706 
 278      2D82458B 
 279 00ad 6020462D 		.ascii	"` F-\202I\213`\004\263fm\012\314\314`\321f\026\000>"
 279      82498B60 
 279      04B3666D 
 279      0ACCCC60 
 279      D1661600 
 280 00c2 530D20CD 		.ascii	"S\015 \315&T\326)z\203\321d\266\300lXHK)4\347T\336\263"
 280      2654D629 
 280      7A83D164 
 280      B6C06C58 
 280      484B2934 
 281 00da 2CA01E2A 		.ascii	",\240\036*\201\314\036K\016o>d\302G\200x\366\230\327"
 281      81CC1E4B 
 281      0E6F3E64 
 281      C2478078 
 281      F698D7
 282 00ed B8BC5E1E 		.ascii	"\270\274^\036\276JUsT_i\203R\273\371\204j\364P\"\271"
 282      BE4A5573 
 282      545F6983 
 282      52BBF984 
 282      6AF45022 
 283 0102 99F97688 		.ascii	"\231\371v\210\205\006\210\225\360\007;`83/]\261\267"
 283      85068895 
 283      F0073B60 
 283      38332F5D 
 283      B1B7
 284 0114 D942C783 		.ascii	"\331B\307\203\304\346[\256l}gh\015\367\274\275\222\252"
 284      C4E65BAE 
 284      6C7D6768 
ARM GAS  /tmp/cczrWAkj.s 			page 23


 284      0DF7BCBD 
 284      92AA
 285 0126 433C94C2 		.ascii	"C<\224\302N\240]<\331\032\363\335\005C1\225\357\364"
 285      4EA05D3C 
 285      D91AF3DD 
 285      05433195 
 285      EFF4
 286 0138 4A85BECD 		.ascii	"J\205\276\315}\353*\326\025\304h\316\247\006\224\253"
 286      7DEB2AD6 
 286      15C468CE 
 286      A70694AB 
 287 0148 3ED94365 		.ascii	">\331Ce\330\335\303[f\336>\030*\241\317\245E\327\332"
 287      D8DDC35B 
 287      66DE3E18 
 287      2AA1CFA5 
 287      45D7DA
 288 015b F47412F7 		.ascii	"\364t\022\367__\271\265\312\230\350U\213\231\377\201"
 288      5F5FB9B5 
 288      CA98E855 
 288      8B99FF81 
 289 016b 8AB8EA5C 		.ascii	"\212\270\352\\\365\240\312B\350`O\267\020\370c\366\027"
 289      F5A0CA42 
 289      E8604FB7 
 289      10F863F6 
 289      17
 290 017c 37762C8D 		.ascii	"7v,\215Rd\330\013\211\010\015\001\355\003\205uV\002"
 290      5264D80B 
 290      89080D01 
 290      ED038575 
 290      5602
 291 018e 5C5B7F52 		.ascii	"\\[\177R\347S;\036\314Q}w\006\256\270\020\235\000,\265"
 291      E7533B1E 
 291      CC517D77 
 291      06AEB810 
 291      9D002CB5 
 292 01a2 42D8A0A7 		.ascii	"B\330\240\2478\223\331`\320\261\301\250\260\301\244"
 292      3893D960 
 292      D0B1C1A8 
 292      B0C1A4
 293 01b1 6783D980 		.ascii	"g\203\331\200\203\221\015\026\023\316\3148Xp\350\015"
 293      83910D16 
 293      13CECC38 
 293      5870E80D 
 294 01c1 58717F09 		.ascii	"Xq\177\011\343\016f\013Q\222TH%\326\"U\006\325'IE\224"
 294      E30E660B 
 294      51925448 
 294      25D62255 
 294      06D52749 
 295 01d7 88875CF6 		.ascii	"\210\207\\\366p\011\362\316\357\353p+XM%\355\015VQr"
 295      7009F2CE 
 295      EFEB702B 
 295      584D25ED 
 295      0D565172 
 296 01eb 11A59BD8 		.ascii	"\021\245\233\330\261\000\264\2016\310\331a\024\006\300"
 296      B100B481 
 296      36C8D961 
 296      1406C0
ARM GAS  /tmp/cczrWAkj.s 			page 24


 297 01fa A02CC8BD 		.ascii	"\240,\310\275\321l\300\006Fs&*W\037y`\314\203\234l\003"
 297      D16CC006 
 297      4673262A 
 297      571F7960 
 297      CC839C6C 
 298 020f 5BF15201 		.ascii	"[\361R\001\267\361\354\201\023P\003^\360\320\030\330"
 298      B7F1EC81 
 298      1350035E 
 298      F0D018D8 
 299 021f 0F7900DF 		.ascii	"\017y\000\337\"\031l\247a\361\334\015\212}\035V\020"
 299      22196CA7 
 299      61F1DC0D 
 299      8A7D1D56 
 299      10
 300 0230 EFA1BDE0 		.ascii	"\357\241\275\340\0003+\243\032KyW\3264\231\002\233\275"
 300      00332BA3 
 300      1A4B7957 
 300      D6349902 
 300      9BBD
 301 0242 E13BB097 		.ascii	"\341;\260\227Q@\262\016\202\235\327:\256\263\216\232"
 301      5140B20E 
 301      829DD73A 
 301      AEB38E9A 
 302 0252 C2EAED51 		.ascii	"\302\352\355QXGo p\010\374\205\3139\215\313Fc\335\244"
 302      58476F20 
 302      7008FC85 
 302      CB398DCB 
 302      4663DDA4 
 303 0266 1DE6C473 		.ascii	"\035\346\304s\226\273U\371\224\033c\302aVVd\000\276"
 303      96BB55F9 
 303      941B63C2 
 303      61565664 
 303      00BE
 304 0278 0F07E0C8 		.ascii	"\017\007\340\310\303\001\364\201\243\010\200\210\275"
 304      C301F481 
 304      A3088088 
 304      BD
 305 0285 3DA79B96 		.ascii	"=\247\233\226P\3143\227o>\015\307\300.\016\301q\026"
 305      50CC3397 
 305      6F3E0DC7 
 305      C02E0EC1 
 305      7116
 306 0297 9F191CDD 		.ascii	"\237\031\034\335}\367\216>\341=\217Z\306\266\373\242"
 306      7DF78E3E 
 306      E13D8F5A 
 306      C6B6FBA2 
 307 02a7 CB8E7D6B 		.ascii	"\313\216}k\353\243\321\245\214\273\364\203\023\220 "
 307      EBA3D1A5 
 307      8CBBF483 
 307      139020
 308 02b6 5C7E102E 		.ascii	"\\~\020.W:Z[\225\004\"\\\372\243K\305\331k\345\206N"
 308      573A5A5B 
 308      9504225C 
 308      FAA34BC5 
 308      D96BE586 
 309 02cb 970170D2 		.ascii	"\227\001p\322\357\362\243pi\331p\340\226\031i\033\010"
 309      EFF2A370 
ARM GAS  /tmp/cczrWAkj.s 			page 25


 309      69D970E0 
 309      9619691B 
 309      08
 310 02dc C7253805 		.ascii	"\307%8\005\261\036:\210\023\247\333X\274\341\222\204"
 310      B11E3A88 
 310      13A7DB58 
 310      BCE19284 
 311 02ec CCD14730 		.ascii	"\314\321G0w:b\346\032\037\316\\,\374\304\231\323\334"
 311      773A62E6 
 311      1A1FCE5C 
 311      2CFCC499 
 311      D3DC
 312 02fe F616E437 		.ascii	"\366\026\3447\232:\331\211\203\237\375\354\234\211\230"
 312      9A3AD989 
 312      839FFDEC 
 312      9C8998
 313 030d 9D263FD4 		.ascii	"\235&?\324\263\021\263s\316\357\362\013V\032\304\206"
 313      B311B373 
 313      CEEFF20B 
 313      561AC486 
 314 031d 1238FFBA 		.ascii	"\0228\377\272v\310\013\311\3063nl-4kl,\252k\262\"\257"
 314      76C80BC9 
 314      C6336E6C 
 314      2D346B6C 
 314      2CAA6BB2 
 315 0333 CFC2E770 		.ascii	"\317\302\347p\036\003\015\346\201\364\235\227\015/R"
 315      1E030DE6 
 315      81F49D97 
 315      0D2F52
 316 0342 7D5B6E3B 		.ascii	"}[n;\351\024\004&\0064X!\362\320\272e^\035\345\372\300"
 316      E9140426 
 316      06345821 
 316      F2D0BA65 
 316      5E1DE5FA 
 317 0357 37838CE1 		.ascii	"7\203\214\341\002(\320\302*\221\340\"^\203\301\301\327"
 317      0228D0C2 
 317      2A91E022 
 317      5E83C1C1 
 317      D7
 318 0368 31BE474F 		.ascii	"1\276GO\342\275\330\256\256=I\200\337\020\351\257={"
 318      E2BDD8AE 
 318      AE3D4980 
 318      DF10E9AF 
 318      3D7B
 319 037a D2B26661 		.ascii	"\322\262fa\257Q\036\372\034\\\342}\021\331z\036\352"
 319      AF511EFA 
 319      1C5CE27D 
 319      11D97A1E 
 319      EA
 320 038b 2868C543 		.ascii	"(h\305C\255\023\333p\231]L\206\253\374\320D,)\270\236"
 320      AD13DB70 
 320      995D4C86 
 320      ABFCD044 
 320      2C29B89E 
 321 039f 285E8FAF 		.ascii	"(^\217\257i\303\231h\221\372yV0\\\321\022g{\316o\323"
 321      69C39968 
 321      91FA7956 
ARM GAS  /tmp/cczrWAkj.s 			page 26


 321      305CD112 
 321      677BCE6F 
 322 03b4 1257B5B2 		.ascii	"\022W\265\262\315!p\225\247U\264\270m`\017\016\226\310"
 322      CD217095 
 322      A755B4B8 
 322      6D600F0E 
 322      96C8
 323 03c6 836DBFBD 		.ascii	"\203m\277\275\263\215\203\033\300V\274\310>[<\257\336"
 323      B38D831B 
 323      C056BCC8 
 323      3E5B3CAF 
 323      DE
 324 03d7 3C6A6219 		.ascii	"<jb\031\262{y\350\013\320\216\350~\327\222\334\272\274"
 324      B27B79E8 
 324      0BD08EE8 
 324      7ED792DC 
 324      BABC
 325 03e9 7F97BFDD 		.ascii	"\177\227\277\335-\205u\324\212\201\256\261<\242\347"
 325      2D8575D4 
 325      8A81AEB1 
 325      3CA2E7
 326 03f8 D7B173D8 		.ascii	"\327\261s\330\224\253\333\366\305\010a!\301I\207vA\220"
 326      94ABDBF6 
 326      C5086121 
 326      C1498776 
 326      4190
 327 040a 8DA5B6A1 		.ascii	"\215\245\266\241\304\016C\245\274\021\002\310}\006d"
 327      C40E43A5 
 327      BC1102C8 
 327      7D0664
 328 0419 38FCC181 		.ascii	"8\374\301\201\350Q\266\376d\354\370\217O%\355\337\255"
 328      E851B6FE 
 328      64ECF88F 
 328      4F25EDDF 
 328      AD
 329 042a 3F23DCFC 		.ascii	"?#\334\374\375r\023\313`\251=\364E\241\307\307*\224"
 329      FD7213CB 
 329      60A93DF4 
 329      45A1C7C7 
 329      2A94
 330 043c 4E874035 		.ascii	"N\207@5:\220\340V@\346\014!\365\231Ft+o\207\323\263"
 330      3A90E056 
 330      40E60C21 
 330      F5994674 
 330      2B6F87D3 
 331 0451 BFC209F2 		.ascii	"\277\302\011\362\235\200 \337\355*\3104H\201\215\221"
 331      9D8020DF 
 331      ED2AC834 
 331      48818D91 
 332 0461 2AF0BD88 		.ascii	"*\360\275\210u\344\357p\025\337\017\247\300\377\204"
 332      75E4EF70 
 332      15DF0FA7 
 332      C0FF84
 333 0470 53E07FFD 		.ascii	"S\340\177\375\032\363_\304\032\323\341\027\214\007\021"
 333      1AF35FC4 
 333      1AD3E117 
 333      8C0711
ARM GAS  /tmp/cczrWAkj.s 			page 27


 334 047f 6B8C4A34 		.ascii	"k\214J4\227l\302]\016\266\025\3157\012\005>#A\016\011"
 334      976CC25D 
 334      0EB615CD 
 334      370A053E 
 334      23410E09 
 335 0493 688E2962 		.ascii	"h\216)b\005\316%\2212\227G\302(\360\027$\234\002\347"
 335      05CE2591 
 335      329747C2 
 335      28F01724 
 335      9C02E7
 336 04a6 138D9D39 		.ascii	"\023\215\2359$Rv\346\372\241\316#\221\262S\340w)\304"
 336      245276E6 
 336      FAA1CE23 
 336      91B253E0 
 336      7729C4
 337 04b9 4A83D830 		.ascii	"J\203\3300G\254\300E\310F\260\346Z\272hnIA\315\030q"
 337      47ACC045 
 337      C846B0E6 
 337      5ABA686E 
 337      4941CD18 
 338 04ce 4AE51ED7 		.ascii	"J\345\036\327\231\206\271\316\254\274\2210\237Sd\020"
 338      9986B9CE 
 338      ACBC9130 
 338      9F536410 
 339 04de 146D39B5 		.ascii	"\024m9\265\376\260Q\273\353\273,\036:\012\026\020v\274"
 339      FEB051BB 
 339      EBBB2C1E 
 339      3A0A1610 
 339      76BC
 340 04f0 8C62B76C 		.ascii	"\214b\267lam='\020\267\243\331\027\033,$vV^1\226\327"
 340      616D3D27 
 340      10B7A3D9 
 340      171B2C24 
 340      76565E31 
 341 0506 0EF92121 		.ascii	"\016\371!!X\335LJ%XD\270\006\310\342\316\347\357/\026"
 341      58DD4C4A 
 341      255844B8 
 341      06C8E2CE 
 341      E7EF2F16 
 342 051a 9F3666F6 		.ascii	"\2376f\366i\263\030)\261\011 \337h@t\217\017dI8 v(A"
 342      69B31829 
 342      B10920DF 
 342      6840748F 
 342      0F644938 
 343 0532 20A6D040 		.ascii	" \246\320@\214\260\224\003\371R\000)c\324\206@\362\222"
 343      8CB09403 
 343      F9520029 
 343      63D48640 
 343      F292
 344 0544 9BE28BA9 		.ascii	"\233\342\213\251T \3211$Xz\260\2218X/\273\251^t\274"
 344      5420D131 
 344      24587AB0 
 344      9138582F 
 344      BBA95E74 
 345 0559 0C3B6E65 		.ascii	"\014;ne\350^\021\350\366k\350\224\307G\347\016\207n"
 345      E85E11E8 
 345      F66BE894 
ARM GAS  /tmp/cczrWAkj.s 			page 28


 345      C747E70E 
 345      876E
 346 056b 3494233A 		.ascii	"4\224#:sht&\250\340\350\226\021\355m\240i\251\276{\025"
 346      73687426 
 346      A8E0E896 
 346      11ED6DA0 
 346      69A9BE7B 
 347 0580 F763C269 		.ascii	"\367c\302i?\213\364*T\3622,(\220\313\211=8\232\241{"
 347      3F8BF42A 
 347      54F2322C 
 347      2890CB89 
 347      3D389AA1 
 348 0595 B4867E8F 		.ascii	"\264\206~\217\214\346\341\321\2420Z\025\261?\234\371"
 348      8CE6E1D1 
 348      A2305A15 
 348      B13F9CF9 
 349 05a5 D7DC881C 		.ascii	"\327\334\210\034V\010\346\025\215y\206\200\245\365\320"
 349      5608E615 
 349      8D798680 
 349      A5F5D0
 350 05b4 3182DCD3 		.ascii	"1\202\334\323\032\271\306\307'\267:\034\271\257\203"
 350      1AB9C6C7 
 350      27B73A1C 
 350      B9AF83
 351 05c3 17C98D0E 		.ascii	"\027\311\215\016M\256\005\276\342\344\326t#\327\364"
 351      4DAE05BE 
 351      E2E4D674 
 351      23D7F4
 352 05d2 04E4AEEC 		.ascii	"\004\344\256\354$wUWr\315O@\356\352Nr\327t\215f\351"
 352      24775557 
 352      72CD4F40 
 352      EEEA4E72 
 352      D7748D66 
 353 05e7 1EED66DC 		.ascii	"\036\355f\334#\243\255\345\321b0Z-oUE\350V\275\341F"
 353      23A3ADE5 
 353      D162305A 
 353      2D6F5545 
 353      E856BDE1 
 354 05fc B5803AD1 		.ascii	"\265\200:\321*c\240U&\006Bd\016\274\357\3072M\373\232"
 354      2A63A055 
 354      26064264 
 354      0EBCEFC7 
 354      324DFB9A 
 355 0610 C4F20BF2 		.ascii	"\304\362\013\362\246t\035r\252\274\013\006aL\374 \274"
 355      A6741D72 
 355      AABC0B06 
 355      614CFC20 
 355      BC
 356 0621 B9C3ADA0 		.ascii	"\271\303\255\240\021a\037\204\353\010\177\363\026R\020"
 356      11611F84 
 356      EB087FF3 
 356      165210
 357 0630 B297E3C3 		.ascii	"\262\227\343\303\307$[\232\353#\207m\2463\313\2264e"
 357      C7245B9A 
 357      EB23876D 
 357      A633CB96 
 357      3465
ARM GAS  /tmp/cczrWAkj.s 			page 29


 358 0642 C2D4C949 		.ascii	"\302\324\311I\343&\330\222\336uNv\215J\23293\323\226"
 358      E326D892 
 358      DE754E76 
 358      8D4A9A39 
 358      33D396
 359 0655 8CC34447 		.ascii	"\214\303DGz\272\353}WFz\252-\015\247\237\340tjfz\362"
 359      7ABAEB7D 
 359      57467AAA 
 359      2D0DA79F 
 359      E0746A66 
 360 066b C70E6B8A 		.ascii	"\307\016k\212$\317p\245:t\374I\227\345\232\351L\211"
 360      24CF70A5 
 360      3A74FC49 
 360      97E59AE9 
 360      4C89
 361 067d 4BCC1C96 		.ascii	"K\314\034\2268k\370\330\370dW\346\370i\323\22323\035"
 361      386BF8D8 
 361      F86457E6 
 361      F869D393 
 361      32331D
 362 0690 1959F11F 		.ascii	"\031Y\361\037$;\323\035\251\222\335j\265\261\277\017"
 362      243BD31D 
 362      A992DD6A 
 362      B5B1BF0F 
 363 06a0 1D19331C 		.ascii	"\035\0313\034\351\266qi\316i\316ISl\256L[F\226\3159"
 363      E9B67169 
 363      CE69CE49 
 363      536CAE4C 
 363      5B4696CD 
 364 06b5 23257D56 		.ascii	"#%}V\252\303\226\222\226\341\230\356\314\314\312\370"
 364      AAC39692 
 364      96E198EE 
 364      CCCCCAF8 
 365 06c5 D49A26FD 		.ascii	"\324\232&\375\017F\3326\263"
 365      0F46DA36 
 365      B3
 366              		.text
 367              		.section	.gnu.lto__helloworld_slaveLoop.a835eeb8c85e4f66,"e",%progbits
 368 0000 789C955A 		.ascii	"x\234\225ZwX\024\311\266\357S5\231!\010\250\010\210"
 368      775814C9 
 368      B6EF5335 
 368      992108A8 
 368      0888
 369 0012 33080A26 		.ascii	"3\010\012&0c\226Uw]\367\246\347\256\357\355\267\337"
 369      30639655 
 369      775DF7A6 
 369      E7AEEFED 
 369      B7DF
 370 0024 F7AE8B30 		.ascii	"\367\256\2130\256\334\217\213^Q\357}\377\334;\002F\214"
 370      AEDC8F8B 
 370      5E51EF7D 
 370      FFDC3B02 
 370      468C
 371 0036 6B007411 		.ascii	"k\000t\021\3149\007\314\"\030\300\254kD\305\214\250"
 371      CC3907CC 
 371      2218C0AC 
 371      6B44C58C 
ARM GAS  /tmp/cczrWAkj.s 			page 30


 371      A8
 372 0047 98737E55 		.ascii	"\230s~U\325\325==#\264\255\177\264\325]\347\324\211"
 372      D5D53D3D 
 372      23B4AD7F 
 372      B4D55DE7 
 372      D489
 373 0059 F5AB7386 		.ascii	"\365\253s\2062\011 \214m%\010\377\006A(\320\011\002"
 373      3209208C 
 373      6D2508FF 
 373      064128D0 
 373      0902
 374 006b FC4100E4 		.ascii	"\374A\000\344t:{\032G\233\020\302\225Gr\003tN\213q\316"
 374      743A7B1A 
 374      479B10C2 
 374      95477203 
 374      744E8B71 
 375 0080 C6CA163A 		.ascii	"\306\312\026:\247\025#]\365\302ku\311\027\375\314K\363"
 375      A715235D 
 375      F5C26B75 
 375      C917FDCC 
 375      4BF3
 376 0092 9A912F3A 		.ascii	"\232\221/:0pj\275<2\200\221\217\214\350k2\262\021\372"
 376      30706ABD 
 376      3C328091 
 376      8F8CE86B 
 376      32B211FA 
 377 00a6 8EE2FFD6 		.ascii	"\216\342\377\326\003\002\230\330$\230\220\231\317\005"
 377      030298D8 
 377      24989099 
 377      CF05
 378 00b4 F23933B2 		.ascii	"\36293\262\210\253Z\002E)V\013\362\342\362\254\\\236"
 378      88AB5A02 
 378      4529560B 
 378      F2E2F2AC 
 378      5C9E
 379 00c6 1778F3B5 		.ascii	"\027x\363\265\255\362\310\033\371\360\225\352\360\225"
 379      ADF2C81B 
 379      F9F095EA 
 379      F095
 380 00d4 7C902FE7 		.ascii	"|\220/\347\363\343|\276P\207S\373\311\243:\310\237S"
 380      F3E37CBE 
 380      508753FB 
 380      C9A33AC8 
 380      9F53
 381 00e6 05702A7F 		.ascii	"\005p*\177\010\344s\001\362(\020}w\352\321\2338B\325"
 381      08E47301 
 381      F228107D 
 381      77EAD19B 
 381      3842D5
 382 00f9 67CDD431 		.ascii	"g\315\3241FBuX\262!~\277\000uEk\352\242z\\\207h\256"
 382      46427558 
 382      B2217EBF 
 382      0075456B 
 382      EAA27A5C 
 383 0110 433D549F 		.ascii	"C=T\237[\023\315\255\251\217\202\270\274\020./\010\005"
 383      5B13CDAD 
 383      A98F82B8 
ARM GAS  /tmp/cczrWAkj.s 			page 31


 383      BC102E2F 
 383      0805
 384 0122 73AE069C 		.ascii	"s\256\006\234\253\001\004s\271\301\020\306G!\250!\247"
 384      AB010473 
 384      B9C110C6 
 384      4721A821 
 384      A7
 385 0133 0AE554A1 		.ascii	"\012\345T\241\320\220\3175\224\251\302P#N\325\204S5"
 385      D090CF35 
 385      94A9C250 
 385      234ED584 
 385      5335
 386 0145 42362EAF 		.ascii	"B6.\2571\227gC\341\374\213\235\177\261C8\347\017\207"
 386      31976743 
 386      E1FC8B9D 
 386      7FB14338 
 386      E70F87
 387 0158 267CD418 		.ascii	"&|\324\030Er\252\010N\025\001\221|.R\246j\202\232r\252"
 387      4572AA08 
 387      4E150191 
 387      7C2E52A6 
 387      6A829A72 
 388 016d 284ED514 		.ascii	"(N\325\024\242\371\\\224<\212F\375\270\367zs\357\035"
 388      A2F95C94 
 388      3C8A46FD 
 388      B8F77A73 
 388      EF1D
 389 017f 927C16BF 		.ascii	"\222|\026\277O\200f\242\367\232\241\346\\\367\030\256"
 389      4F8066A2 
 389      F79AA1E6 
 389      5CF718AE 
 390 018f 7B73D482 		.ascii	"{s\324\202{/\206{\257\005j\311\345\265\342\362ZB\014"
 390      7B2F867B 
 390      AF056AC9 
 390      E5B5E2F2 
 390      5A420C
 391 01a2 97D24A1E 		.ascii	"\227\322J\036\305\240o\271\274^\\^\231$%\276D\200XQ"
 391      C5A06FB9 
 391      BC5E5C5E 
 391      992425BE 
 391      44805851 
 392 01b6 5E2C6ACD 		.ascii	"^,j\315\345\265\347\362Z\2436\\^{.\257\015j\313\345"
 392      E5B5E7F2 
 392      5AA3365C 
 392      5E7B2EAF 
 392      0D6ACBE5 
 393 01ca B5E3F2DA 		.ascii	"\265\343\362\332B{.\245\235<j\217\372ry\035\270\274"
 393      427B2EA5 
 393      9D3C6A8F 
 393      FA72791D 
 393      B8BC
 394 01dc 52494A7C 		.ascii	"RIJ|\007\350\310\251:\242\257\270\274n\\^\261\000q\242"
 394      07E8C8A9 
 394      3AA2AFB8 
 394      BC6E5C5E 
 394      B10071A2 
 395 01f0 2E71D089 		.ascii	".q\320\211SuB]\317\035,\306d\266\363\362\255\273\272"
ARM GAS  /tmp/cczrWAkj.s 			page 32


 395      5375425D 
 395      CF1D2CC6 
 395      64B6F3F2 
 395      ADBBBA
 396 0203 12EACEA8 		.ascii	"\022\352\316\250\213\370\305\362\215\370\305zP\340\344"
 396      8BF8C5F2 
 396      8DF8C57A 
 396      50E0E4
 397 0212 F15DF802 		.ascii	"\361]\370\002{M]\241\033_\241\033\352\316\345\304s9"
 397      7B4D5DA1 
 397      1B5FA11B 
 397      EACEE5C4 
 397      7339
 398 0224 DD510F6E 		.ascii	"\335Q\017nEOnE\017\210\347\324E\202<\334+\000\260\241"
 398      454F6E45 
 398      0F88E7D4 
 398      45823CDC 
 398      2B00B0A1 
 399 0238 D304C27F 		.ascii	"\323\004\302\177\020\326\351\015\306\003\202\311l\361"
 399      10D6E90D 
 399      C60382C9 
 399      6CF1
 400 0246 B27AFBF8 		.ascii	"\262z\373\370\372\325\361\017\010<,\354\027\352\326"
 400      FAD5F10F 
 400      083C2CEC 
 400      17EAD6
 401 0255 AB1FD420 		.ascii	"\253\037\324 8$\264aX#\233=\274qDd\223\246Q\321\207"
 401      3824B461 
 401      58239B3D 
 401      BC714464 
 401      93A651D1 
 402 026a 847D42B3 		.ascii	"\204}B\263\346-Z\266\212)\023J\204\330\326m\332\266"
 402      E62D5AB6 
 402      8A29134A 
 402      84D8D66D 
 402      DAB6
 403 027c 6B5F2A74 		.ascii	"k_*t\350X,\304u\352|P\350\322\265[\367\036E\002\221"
 403      E8582CC4 
 403      75EA7C50 
 403      E8D2B55B 
 403      F71E4502 
 404 0291 F01FA349 		.ascii	"\360\037\243I\220\377\325u\015\233\271\206\261\256a"
 404      90FFD575 
 404      0D9BB986 
 404      B1AE61
 405 02a0 9C6BD8C9 		.ascii	"\234k\330\3115\234\212\2631T\244\347\275\262N\301\371"
 405      359C8AB3 
 405      3154A4E7 
 405      BDB24EC1 
 405      F9
 406 02b1 58001D79 		.ascii	"X\000\035y\235yhS\231\205\276\002\330\310k\346\331y"
 406      9D796853 
 406      9985BE02 
 406      D8C86BE6 
 406      D979
 407 02c3 DB74D14B 		.ascii	"\333t\321K\235\316tgQv\271q\345\246\023Ns>FB.!\337\001"
 407      9DCE7467 
ARM GAS  /tmp/cczrWAkj.s 			page 33


 407      5176B971 
 407      E5A6134E 
 407      733E4642 
 408 02db 21B01D42 		.ascii	"!\260\035B\330R\260\023\242\011y\366\374\342\012+\356"
 408      D852B013 
 408      A20979F6 
 408      FCE20A2B 
 408      EE
 409 02ec 0D02196F 		.ascii	"\015\002\031o\251*\354\327t1\343\254^\202\235\021\371"
 409      A92AECD7 
 409      7431E3AC 
 409      5E829D11 
 409      F9
 410 02fd 18C32EC0 		.ascii	"\030\303.\300n\234\344\033\341\335\015M\011}\316\350"
 410      6E9CE41B 
 410      E1DD0D4D 
 410      097DCEE8 
 411 030d F7F93EF8 		.ascii	"\367\371>\370[\306[\261\344\311S\263\304\334`\216\263"
 411      5BC65BB1 
 411      E4C953B3 
 411      C4DC608E 
 411      B3
 412 031e 484784C2 		.ascii	"HG\204\302\236O\270\021\341.b\334\231Eg\226\030\360"
 412      9E4FB811 
 412      E12E62DC 
 412      99456796 
 412      18F0
 413 0330 9F19F7AA 		.ascii	"\237\031\367\252\271k&\372r\356\323!\"\267\016\366~"
 413      B96B26FA 
 413      72EED321 
 413      22B70EF6 
 413      7E
 414 0341 C24D21BA 		.ascii	"\302M!\272\030\232\012\224\347\372\372\017\263\274\015"
 414      189A0A94 
 414      E7FAFA0F 
 414      B3BC0D
 415 0350 3A6A1835 		.ascii	":j\0305\247\004\014\310\355+\201tJv\263\342\321e\204"
 415      A7040CC8 
 415      ED2B8174 
 415      4A76B3E2 
 415      D16584
 416 0363 07303113 		.ascii	"\00701\023&]\252\362\216\\\350,\"b*\226\371/\310p\226"
 416      265DAAF2 
 416      8E5CE82C 
 416      22622A96 
 416      F92FC870 
 417 0378 3A89243D 		.ascii	":\211$=\354\367\220$\010J\021p\000\"\231\000\345\327"
 417      ECF79024 
 417      084A1170 
 417      00229900 
 417      E5D7
 418 038a 4C9230CE 		.ascii	"L\2220\316\202\227\263\243\0048\010\006&N!\036J\301"
 418      8297B3A3 
 418      04380806 
 418      264E211E 
 418      4AC1
 419 039c 00FB2807 		.ascii	"\000\373(\007\224\201\201L\314?s\"\035\304\240\371\221"
ARM GAS  /tmp/cczrWAkj.s 			page 34


 419      9481814C 
 419      CC3F7322 
 419      1DC4A0F9 
 419      91
 420 03ad D7D51F6F 		.ascii	"\327\325\037o\317\365\025\203\346\004\362~oAq\241\036"
 420      CFF51583 
 420      E604F27E 
 420      6F4171A1 
 420      1E
 421 03be FF2FD3F2 		.ascii	"\377/\323\362\370\332\302\335LK\247\263\350\300\326"
 421      F8DAC2DD 
 421      4C4BA7B3 
 421      E8C0D6
 422 03cd D0194EE7 		.ascii	"\320\031N\347\370\214\236\371\330\000GD-\017\023-\017"
 422      F88C9EF9 
 422      D8004744 
 422      2D0F132D 
 422      0F
 423 03de D5A0E551 		.ascii	"\325\240\345Q\227\226p\214\210\027\004D5\247\337\327"
 423      9796708C 
 423      88170444 
 423      35A7DFD7 
 424 03ee 9ED21739 		.ascii	"\236\322\0279?|\034\347,z\0216\377VX*\020_\032\021y"
 424      3F7C1CE7 
 424      2C7A1136 
 424      FF56582A 
 424      105F1A11 
 425 0403 98307998 		.ascii	"\2300y\230u\344a\321\323o\006\3720\322\207\211<\274"
 425      75E461D1 
 425      D36F06FA 
 425      30D28789 
 425      3CBC
 426 0415 CC74C242 		.ascii	"\314t\302B_\275(\261\225\276\372\320\221/\035\371\321"
 426      5FBD28B1 
 426      95BEFAD0 
 426      912F1DF9 
 426      D1
 427 0426 893AF4E1 		.ascii	"\211:\364\341O\036\326\000\372-\220\276\326\245$\365"
 427      4F1ED600 
 427      FA2D90BE 
 427      D6A524F5 
 428 0436 C8C3BB3E 		.ascii	"\310\303\273>y\370\004\321\327\006\3645\230\276\206"
 428      79F804D1 
 428      D706F435 
 428      98BE86
 429 0445 90876F28 		.ascii	"\220\207o(%nH\211\303\350l#\362\360\263\321ov\362\250"
 429      256E4889 
 429      C3E86C23 
 429      F2F0B3D1 
 429      6F76F2A8 
 430 0459 134E271A 		.ascii	"\023N'\032\263L\211`\317H\362\301\277\011}4\245\217"
 430      B34C8960 
 430      CF48F2C1 
 430      BF097D34 
 430      A58F
 431 046b 28FAE802 		.ascii	"(\372\350\0024\027z\002\235\037\300\250~b\317\277\222"
 431      34177A02 
ARM GAS  /tmp/cczrWAkj.s 			page 35


 431      9D1FC0A8 
 431      7E62CFBF 
 431      92
 432 047c C98081E4 		.ascii	"\311\200\201\344\021\3703]+\201\276\016\242\257\211"
 432      11F8335D 
 432      2B81BE0E 
 432      A2AF89
 433 048b F43589BE 		.ascii	"\3645\211\276:\350\353`\372\372\013}\035B_\223\351\253"
 433      3AE8EB60 
 433      FAFA0B7D 
 433      1D425F93 
 433      E9AB
 434 049d 206461E1 		.ascii	" da\341\321\233eq\340,\022\204I\030\261q\006\031\337"
 434      D19B6571 
 434      E02C1284 
 434      4918B171 
 434      0619DF
 435 04b0 82CC2B25 		.ascii	"\202\314+%\037\346\031\250\207\363p\027h%\006`\022\306"
 435      1FE619A8 
 435      87F37017 
 435      68250660 
 435      12C6
 436 04c2 E3CF3FF1 		.ascii	"\343\317?\361\243$p\027\322w\232\305y\032\323)\031\017"
 436      A3247017 
 436      D2779AC5 
 436      791AD329 
 436      190F
 437 04d4 2B4C34C6 		.ascii	"+L4\306uYX\363\226\035\371h\316\204\364\321&\362e!\026"
 437      755958F3 
 437      961DF968 
 437      CE84F4D1 
 437      26F26521 
 438 04e9 6377F6E2 		.ascii	"cw\366\342\201\023\260\030\026B>\256\007' \023\3408"
 438      8113B018 
 438      16423EAE 
 438      07272013 
 438      E038
 439 04fb 8D2C99D9 		.ascii	"\215,\231\331\376\353\370u\206\33054\313l\371\270>\234"
 439      FEEBF875 
 439      86D83534 
 439      CB6CF9B8 
 439      3E9C
 440 050d 24643998 		.ascii	"$d9\230\207<\263jy\271E\236\014\202S\020\233\303\022"
 440      873CB36A 
 440      79B9459E 
 440      0C825310 
 440      9BC312
 441 0520 1E7E8758 		.ascii	"\036~\207X\246j/\227\036\213\263\026\354\360\246z\004"
 441      A66A2F97 
 441      1E8BB316 
 441      ECF0A67A 
 441      04
 442 0531 0182D320 		.ascii	"\001\202\323 \351\255\313^vEO\365F\3250\316\306\022"
 442      E9ADCB5E 
 442      76454FF5 
 442      46D530CE 
 442      C612
ARM GAS  /tmp/cczrWAkj.s 			page 36


 443 0543 C743CB06 		.ascii	"\307C\313\006\271l\273\236!ji3\340\254\232\001\347j"
 443      B96CBB9E 
 443      216A6933 
 443      E0AC9A01 
 443      E76A
 444 0555 372018CE 		.ascii	"7 \030\316S\003\2208\267\367L\371\014L\345\214g\223"
 444      53039038 
 444      B7F74CF9 
 444      0C4CE58C 
 444      6793
 445 0567 21700162 		.ascii	"!p\001b\231zPN\326'\004G\367\274|a\264\017\311w\346"
 445      997A504E 
 445      D6270447 
 445      F7BC7C61 
 445      B40FC977 
 446 057c 90E950CA 		.ascii	"\220\351P\312\262\263d\3056\037\312\222\303X\032\302"
 446      B2B364C5 
 446      361FCA92 
 446      C3581AC2 
 447 058c 45B08B2C 		.ascii	"E\260\213,\227D\226\252\017\225\225\006;\022Y\302(\313"
 447      974496AA 
 447      0F959506 
 447      3B1259C2 
 447      28CB
 448 059e DC8BF7E7 		.ascii	"\334\213\367\347\230\\,\215\340\262\304R!\262\214.\314"
 448      985C2C8D 
 448      E0B2C452 
 448      21B28C2E 
 448      CC
 449 05af 7162EA36 		.ascii	"qb\3526\033\274\024\340\012\204\344c;s\234\376\361\332"
 449      1BBC14E0 
 449      0A84E463 
 449      3B739CFE 
 449      F1DA
 450 05c1 195ED471 		.ascii	"\031^\324q\3703\216\273\252\331q\327jw\\8\\g\216\343"
 450      F8338EBB 
 450      AAD971D7 
 450      6A775C38 
 450      5C678EE3 
 451 05d5 6CC513C7 		.ascii	"l\305\023\307\236\265\270\234\323\030nH\316\271\251"
 451      9EB5B89C 
 451      D3186E48 
 451      CEB9A9
 452 05e4 D939B724 		.ascii	"\3319\267$K+5;\347\266\304RE5U8\303 e\277\276\0322k"
 452      4B2B353B 
 452      E7B6C452 
 452      45355538 
 452      C32065BF 
 453 05fc 7446442E 		.ascii	"tFD.;2\356pgL_U\336\212z5\022\376M6\014Y\247\011[\307"
 453      3B32EE70 
 453      674C5F55 
 453      DE8A7A35 
 453      12FE4D36 
 454 0616 286FB4BB 		.ascii	"(o\264\273\2201{\334\344\223#\304\004Fy\270'\341\032"
 454      90317BDC 
 454      E49323C4 
 454      044679B8 
ARM GAS  /tmp/cczrWAkj.s 			page 37


 454      27E11A
 455 0629 BB7F9A98 		.ascii	"\273\177\232\230\303&\222\303\367\210\243H\216W\225"
 455      C32692C3 
 455      F788A348 
 455      8E5795
 456 0638 B4E33484 		.ascii	"\264\3434\204\340\340\303\373\247A$\020\240\232'y\026"
 456      E0E0C3FB 
 456      A7412410 
 456      A09A2779 
 456      16
 457 0649 FE7AEBAE 		.ascii	"\376z\353\256\231\241\000D\200)\203\370\023q\011\351"
 457      99A10044 
 457      802983F8 
 457      137109E9 
 458 0659 3327BE3F 		.ascii	"3'\276?Y\000\024\271\3630V\356\325\246L\311\242\362"
 458      590014B9 
 458      F33056EE 
 458      D5A64CC9 
 458      A2F2
 459 066b 75177C48 		.ascii	"u\027|HpFS\214\337Ma/\212\356\371\373<B\243\363\257"
 459      7046538C 
 459      DF4D612F 
 459      8AEEF9FB 
 459      3C42A3F3 
 460 0680 6C754528 		.ascii	"luE(\032\036\260\010\351\304\010m9\275\366\220Y\234"
 460      1A1EB008 
 460      E9C4086D 
 460      39BDF690 
 460      599C
 461 0692 2CD8E09D 		.ascii	",\330\340\235\217\233\301C\232\334zq6g\352\312m,~tz"
 461      8F9BC143 
 461      9ADC7A71 
 461      3667EACA 
 461      6D2C7E74 
 462 06a7 0109BE19 		.ascii	"\001\011\276\031\036\221-+\300c\352\037\212 \257'\357"
 462      1E912D2B 
 462      C063EA1F 
 462      8A20AF27 
 462      EF
 463 06b8 AFFCED47 		.ascii	"\257\374\355G\267\243L\367\311\301s5k\252^:yt\356'\317"
 463      B7A34CF7 
 463      C9C17335 
 463      6BAA5E3A 
 463      7974EE27 
 464 06cd 5302FD4F 		.ascii	"S\002\375O\330\311\363\214Z\367W2wf\303\261sfj\235\031"
 464      D8C9F38C 
 464      5AF75732 
 464      7766C3B1 
 464      73666A9D 
 465 06e2 D6D1C3E8 		.ascii	"\326\321\303\350\356\3423\253\275\304\334kF\355z\316"
 465      EEE233AB 
 465      BDC4DC6B 
 465      46ED7ACE 
 466 06f2 ED3A54B9 		.ascii	"\355:T\271 \323*\252~\265pf\360\221\014/\002\216\360"
 466      20D32AAA 
 466      7EB57066 
 466      F0910C2F 
ARM GAS  /tmp/cczrWAkj.s 			page 38


 466      028EF0
 467 0705 82596760 		.ascii	"\202Yg`+\013\360\222hK\325,\353$\256?P\351\275\0007"
 467      2B0BF092 
 467      684BD52C 
 467      EB24AE3F 
 467      50E9BD00 
 468 071a EF91E59B 		.ascii	"\357\221\345\233\023\005\340\025_~M\341\322\343\336"
 468      1305E015 
 468      5F7E4DE1 
 468      D2E3DE
 469 0729 64F969CC 		.ascii	"d\371i\314m-\3405[\330\310\027~C\026\256\206\034\347"
 469      6D2DE035 
 469      5BD8C817 
 469      7E4316AE 
 469      861CE7
 470 073c 226F71E1 		.ascii	"\"oq\341\237\311\332\002\211\016AZ\245\210\226$\276"
 470      9FC9DA02 
 470      890E415A 
 470      A5889624 
 470      BE
 471 074d 6FC1ED53 		.ascii	"o\301\355S+\362\351\235\373\247\030\362\351=\315.Q\331"
 471      2BF2E99D 
 471      FBA718F2 
 471      E93DCD2E 
 471      51D9
 472 075f D7C54B5E 		.ascii	"\327\305K^\353\304h\353<\302kS\215\255\005>0%i\351\006"
 472      EBC468EB 
 472      3CC26B53 
 472      8DAD053E 
 472      302569E9 
 473 0774 1F456CAD 		.ascii	"\037El\255*9\015\256\265d\221\026\"\322\211$t5\323\265"
 473      2A390DAE 
 473      B5649116 
 473      22D28924 
 473      7435D3B5 
 474 0788 811D0B8C 		.ascii	"\201\035\013\214\245\332 \262\374LXJV\227<a\005\\k2"
 474      A5DA20B2 
 474      FC4C584A 
 474      56973C61 
 474      055C6B32 
 475 079c 07A3651E 		.ascii	"\007\243e\036\313\212\255\273N\013R\212\356\2743w1g"
 475      CB8AADBB 
 475      4E0B528A 
 475      EEBC3377 
 475      3167
 476 07ae D26B0291 		.ascii	"\322k\002\221t\244\202\276\031H\345\370\310D\322\361"
 476      74A482BE 
 476      1948E5F8 
 476      C844D2F1 
 477 07be 310649C7 		.ascii	"1\006I\307\207(Xq^x=/\275\024\312\014\252\206"
 477      87285871 
 477      5E783D2F 
 477      BD14CA0C 
 477      AA86
 478 07d0 31363A5F 		.ascii	"16:_\013\354\215EZao\234\232\306\343k\3278\030& \225"
 478      0BEC8D45 
 478      5A616F9C 
ARM GAS  /tmp/cczrWAkj.s 			page 39


 478      9AC6E36B 
 478      D7381826 
 479 07e6 F362228A 		.ascii	"\363b\"\212e\352A\026b\370\266)c\323\024o{)\210\000"
 479      65EA4116 
 479      62F8B629 
 479      63D3146F 
 479      7B298800 
 480 07fa D786F2AC 		.ascii	"\327\206\362\254?s\224\012\227\000\256-LBv\221g2\371"
 480      3F73940A 
 480      9700AE2D 
 480      4C427691 
 480      6732F9
 481 080d 2C819B75 		.ascii	",\201\233u\363\303\253\035\371\021\251j\362\024\315"
 481      F3C3AB1D 
 481      F911A96A 
 481      F214CD
 482 081c 264FADDD 		.ascii	"&O\255\335\344p\230\206\324\220~\272d\326\257\332\315"
 482      E4709886 
 482      D4907EBA 
 482      64D6AFDA 
 482      CD
 483 082d 9A219935 		.ascii	"\232!\2315Sa\226\267+\317XnV.\217s%\247\234\317\255"
 483      536196B7 
 483      2BCF586E 
 483      562E8F73 
 483      25A79CCF 
 484 0842 493ECF92 		.ascii	"I>\317\222s\323g\026\351\237\\\251\231w\213\247\246"
 484      73D36716 
 484      E99F5CA9 
 484      99778BA7 
 484      A6
 485 0853 4193D5B3 		.ascii	"A\223\325\263\325\002\235\255\226\2329rj\346\272\247"
 485      D5029DAD 
 485      969A3972 
 485      6AE6BAA7 
 486 0863 A641919A 		.ascii	"\246A\221\232\276\333\027\255\361\321\222\232s4\307"
 486      BEDB17AD 
 486      F1D1929A 
 486      7334C7
 487 0872 69AE9AC6 		.ascii	"i\256\232\306\277\251\245f\236Zj\316\223b\230/\3060"
 487      BFA9A566 
 487      9E5A6ACE 
 487      9362982F 
 487      C630
 488 0884 F7CECA0D 		.ascii	"\367\316\312\015\310~\234\307\260\035\345)=2\341\256"
 488      C87E9CC7 
 488      B01DE529 
 488      3D32E1AE 
 489 0894 C115C3F6 		.ascii	"\301\025\303\366P \305p\276\"\206~\345\205\217B\264"
 489      5020C570 
 489      BE22867E 
 489      E5858F42 
 489      B4
 490 08a5 A4E602CD 		.ascii	"\244\346\002\315&/TK\315E\252\251\271X2k\211v\263\226"
 490      262F544B 
 490      CD45AAA9 
 490      B958326B 
ARM GAS  /tmp/cczrWAkj.s 			page 40


 490      8976B396 
 491 08b9 4A662D53 		.ascii	"Jf-S\230U\307\003\002\363%\0104j2a\271Z\324V\250\345"
 491      9855C703 
 491      02F32508 
 491      346A3261 
 491      B95AD456 
 492 08cf D94A39CF 		.ascii	"\331J9\317V\271\347\231Q\221g\376Z!p\265f\247\257Q\323"
 492      56B9E799 
 492      519167FE 
 492      5A2170B5 
 492      66A7AF51 
 493 08e4 78AD5A9E 		.ascii	"x\255Z\236\255S\313\263\365R@6\210\001\271\231\225\271"
 493      AD53CBB3 
 493      F5524036 
 493      8801B999 
 493      95B9
 494 08f6 5A6FBFC5 		.ascii	"Zo\277\305\003\322\201\362\\:\222\263\312\342\012HG"
 494      03D281F2 
 494      5C3A92B3 
 494      CAE20A48 
 494      47
 495 0907 D8280564 		.ascii	"\330(\005d\223\" \001Z!p\263f\223\267\250\345Y\241j"
 495      93222001 
 495      5A2170B3 
 495      6693B7A8 
 495      E559A16A 
 496 091b 9E6D95CC 		.ascii	"\236m\225\314\332\246\335\254\355\222Y;\024f\005\272"
 496      DAA6DDAC 
 496      ED92593B 
 496      146605BA 
 497 092b AA410681 		.ascii	"\252A\006\201\307VX8\004\312\347q\026\376\256\254\370"
 497      C7565838 
 497      04CAE771 
 497      16FEAEAC 
 497      F8
 498 093c DE0D20D5 		.ascii	"\336\015 \325c\026\356#\327\221u3\335\353\310\313g\244"
 498      6316EE23 
 498      D7917533 
 498      DDEBC8CB 
 498      67A4
 499 094e 3AD2F4E5 		.ascii	":\322\364\345\205\343N\244R8\306\301.\032bs-\205\243"
 499      85E34EA4 
 499      5238C6C1 
 499      2E1A6273 
 499      2D85A3
 500 0961 17EC46B4 		.ascii	"\027\354F\264p\334\203\344\302q\314\345\271\356\205"
 500      70DC83E4 
 500      C271CCE5 
 500      B9EE85
 501 0970 A3BE86C2 		.ascii	"\243\276\206\302q\265\\8\352\335\013\307\275\310\000"
 501      71B55C38 
 501      EADD0BC7 
 501      BDC800
 502 097f 4588168E 		.ascii	"E\210\026\216\305\210\230\223@\346\336\315\330\276\320"
 502      C5889893 
 502      40E6DECD 
 502      D8BED0
ARM GAS  /tmp/cczrWAkj.s 			page 41


 503 098e 871E065E 		.ascii	"\207\036\006^p\225\026!W2g\2355\210q\214\243v\225 \321"
 503      70951621 
 503      5732679D 
 503      3588718C 
 503      A3769520 
 504 09a3 AE07BF97 		.ascii	"\256\007\277\227\226\352\344\3021p\207X8\356c\326Y\330"
 504      96EAE4C2 
 504      31708758 
 504      38EE63D6 
 504      59D8
 505 09b5 CA02EC47 		.ascii	"\312\002\354Gr\341\310\326\037\364I\245\230Pk\245x\000"
 505      72E1C8D6 
 505      1FF449A5 
 505      98506BA5 
 505      7800
 506 09c7 F14A91AD 		.ascii	"\361J\221\255t\020\311\225\"[)\221,F*E\023\251\024i"
 506      7410C995 
 506      225B2991 
 506      2C462A45 
 506      13A91469 
 507 09db 69C86BC1 		.ascii	"i\310k\301\247s\253n \3560f5\255\012\351\357!,\031J"
 507      A773AB6E 
 507      20EE3066 
 507      35AD0AE9 
 507      EF212C19 
 508 09f0 5932881A 		.ascii	"Y2\210\032\335\331z+@\014\241\371\013\213\3032$\027"
 508      DDD97A2B 
 508      400CA1F9 
 508      0B8BC332 
 508      2417
 509 0a02 87879047 		.ascii	"\207\207\220GqhVT\203\365\322k\256\006\023\025\325_"
 509      71685654 
 509      83F5D26B 
 509      AE061315 
 509      D55F
 510 0a14 7D0FE8DB 		.ascii	"}\017\350\333&A\237E\323\256:\254\006$G\324\240\357"
 510      26419F45 
 510      D3AE3AAC 
 510      062447D4 
 510      A0EF
 511 0a26 A80C7DC7 		.ascii	"\250\014}\307\334\241\317\242\200\276 \031\372\210r"
 511      DCA1CFA2 
 511      80BE2019 
 511      FA8872
 512 0a35 B3CD2281 		.ascii	"\263\315\"\201\027\373eL\002\206<l\365\320\264S.\246"
 512      17FB654C 
 512      02863C6C 
 512      F5D0B453 
 512      2EA6
 513 0a47 E9749C66 		.ascii	"\351t\234f(\211\017a\310\307\235\231\227\270\004\253"
 513      28890F61 
 513      C8C79D99 
 513      97B804AB 
 514 0a57 ECA32CDC 		.ascii	"\354\243,\334@:\304u\223p\260$\315P\015c\325P\347\204"
 514      403AC475 
 514      9370B024 
 514      CD500D63 
ARM GAS  /tmp/cczrWAkj.s 			page 42


 514      D550E784 
 515 0a6b 66D439A9 		.ascii	"f\3249\251\346\237Sj@\373\273\032\320\236\226\020\351"
 515      E69F536A 
 515      40FBBB1A 
 515      D09E9610 
 515      E9
 516 0a7c 8C88487B 		.ascii	"\214\210H{26O5\333\2538\"u\241<W\016\214\271\255@\244"
 516      32364F35 
 516      DBAB3822 
 516      75A13C57 
 516      0E8CB9AD 
 517 0a92 AE705642 		.ascii	"\256pVB\244s\204'\017G2Pz\001\221\204vZq\361hd\177\246"
 517      A4738427 
 517      0F473250 
 517      7A019184 
 517      765A71F1 
 518 0aaa ACE926E7 		.ascii	"\254\351&\347=\335\341\243\254\351\316#B\016\027\010"
 518      3DDDE1A3 
 518      ACE9CE23 
 518      420E1708 
 519 0aba 6F10ED7C 		.ascii	"o\020\355|\253\036\255:\353c\177\313Y\272Q\226\205\345"
 519      AB1EAD3A 
 519      EB637FCB 
 519      59BA5196 
 519      85E5
 520 0acc BF3EB0BA 		.ascii	"\277>\260\272X\272C9c\271HX\032 \022\314\020\031\324"
 520      58BA4339 
 520      63B94858 
 520      1A2012CC 
 520      1019D4
 521 0adf 15C1F4F1 		.ascii	"\025\301\364\361\010\246o\315\301\274$\007\323\307#"
 521      08A66FCD 
 521      C1BC2407 
 521      D3C723
 522 0aee 98BE8A60 		.ascii	"\230\276\212`\206^\344\345\211i\022n(I\263|&\230\227"
 522      865EE4E5 
 522      8969126E 
 522      2849B37C 
 522      269897
 523 0b01 3507B342 		.ascii	"5\007\263B\355\010\271\242z\204\\\225\002vM{\300\256"
 523      ED08B9A2 
 523      7A845C95 
 523      02764D7B 
 523      C0AE
 524 0b13 4B01BBC1 		.ascii	"K\001\273\301\002\326\204\007\254\211\306\200\335d\336"
 524      02D68407 
 524      AC89C680 
 524      DD64DE
 525 0b22 BF457843 		.ascii	"\277ExC\264\006\254\222\261\334&,\2414`a\036\025\373"
 525      B406AC92 
 525      B1DC262C 
 525      A1346061 
 525      1E15FB
 526 0b35 D9957112 		.ascii	"\331\225q\022\200\270J\364F\356%\372\016\251D\367\323"
 526      80B84AF4 
 526      46EE25FA 
 526      0EA944F7 
ARM GAS  /tmp/cczrWAkj.s 			page 43


 526      D3
 527 0b46 E4D22AB5 		.ascii	"\344\322*\265\375qG\015?\356\312\370q\317\035?\374\024"
 527      FD71470D 
 527      3FEECAF8 
 527      71CF1D3F 
 527      FC14
 528 0b58 F861934B 		.ascii	"\370a\223Kt\005A\"\375m\242\340\346,\243\330o\370A\265"
 528      74054122 
 528      FD6DA2E0 
 528      E62CA3D8 
 528      6FF841B5 
 529 0b6c 9C40F625 		.ascii	"\234@\366%\013v\2319\032\204K\274\237C\203\373\232\023"
 529      0B769939 
 529      1A844BBC 
 529      9F4383FB 
 529      9A13
 530 0b7e E8819AB5 		.ascii	"\350\201\232\265\017\325\320\340\221\032\032<\226\222"
 530      0FD5D0E0 
 530      911A1A3C 
 530      9692
 531 0b8c EB89985C 		.ascii	"\353\211\230\\\2737\254\337\206\354\231\374\247\265"
 531      BB37ACDF 
 531      86EC99FC 
 531      A7B5
 532 0b9a 1E94E77C 		.ascii	"\036\224\347|\365\255\261\212\354\350\011O\245\344z"
 532      F5ADB18A 
 532      ECE8094F 
 532      A5E47A
 533 0ba9 C692AB29 		.ascii	"\306\222\253)O.\372'\222\345\327V\2561\332gs\366x\366"
 533      4F2EFA27 
 533      92E5D756 
 533      AE31DA67 
 533      73F678F6 
 534 0bbd 134DC6FC 		.ascii	"\023M\306\374\307\2122\372+x\3162\345\005\341\265\321"
 534      C78A32FA 
 534      2B78CE32 
 534      E505E1B5 
 534      D1
 535 0bce E47A76AE 		.ascii	"\344zv\256l\257\217\275\200\263\364\242,\013&\217\337"
 535      6CAF8FBD 
 535      80B3F4A2 
 535      2C0B268F 
 535      DF
 536 0bdf A448AEDE 		.ascii	"\244H\256\336\360\222\261\274\",v\232\\\215\245\275"
 536      F092B1BC 
 536      222C769A 
 536      5C8DA5BD 
 537 0bef 8A94A151 		.ascii	"\212\224\241Q\304\"b\323\254\215\376|3GJ\304\237\333"
 537      C42262D3 
 537      AC8DFE7C 
 537      33474AC4 
 537      9FDB
 538 0c01 CCAF35C7 		.ascii	"\314\2575\307\342\215\332f~\253\272\231\337I\376~\257"
 538      E28DDA66 
 538      7EABBA99 
 538      DF49FE7E 
 538      AF
ARM GAS  /tmp/cczrWAkj.s 			page 44


 539 0c12 DDDF1F24 		.ascii	"\335\337\037$\177\177d\376\216\342\376\216\322\350o"
 539      7F7F64FE 
 539      8EE2FE8E 
 539      D2E86F
 540 0c21 272587D1 		.ascii	"'%\207\321$\354\215\265\372;\235\261d\020\226\010\352"
 540      24EC8DB5 
 540      FA3B9DB1 
 540      64109608 
 540      EA
 541 0c32 EF261E07 		.ascii	"\357&\036\007\375.\351\240\257\243\311]\231X%u\307`"
 541      FD2EE9A0 
 541      AFA3C95D 
 541      99582575 
 541      C760
 542 0c44 958D3A16 		.ascii	"\225\215:\026K\033u\034v\333\250u\024\033\265\251\326"
 542      4B1B751C 
 542      76DBA875 
 542      141BB5A9 
 542      D6
 543 0c55 1E673CD6 		.ascii	"\036g<\326\032\340\011j\032O\254]\343`\310\302*\233"
 543      1AE0096A 
 543      1A4FAC5D 
 543      E360C8C2 
 543      2A9B
 544 0c67 6D12E6C1 		.ascii	"m\022\346\301\237\21457\003S0\017\376T\354j\006\242"
 544      9F8C3537 
 544      0353300F 
 544      FE54EC6A 
 544      06A2
 545 0c79 B4F638D3 		.ascii	"\264\3668\3234\233<\275v\223\303\341W\254\226\3233$"
 545      349B3CBD 
 545      7693C3E1 
 545      57AC96D3 
 545      3324
 546 0c8b B3666A37 		.ascii	"\263fj7k\226d\326l\205Y\321c\334{\234\017+-\236Ug\026"
 546      6B9664D6 
 546      6C8559D1 
 546      63DC7B9C 
 546      0F2B2D9E 
 547 0ca2 EE7758EE 		.ascii	"\356wX\356qzo\223z\234f\023\334{\234]\027\244\036\307"
 547      717A6F93 
 547      7A9C6613 
 547      DC7B9C5D 
 547      17A41EC7 
 548 0cb6 FFCB7B9C 		.ascii	"\377\313{\234l\254\322\343\364!S$\304^\265\3648V\310"
 548      6CACD2E3 
 548      F4215324 
 548      C45EB5F4 
 548      3856C8
 549 0cc9 C5B4C799 		.ascii	"\305\264\307\231\203]?\216\177\314u\357q\2145\3648\207"
 549      835D3F8E 
 549      7FCC75EF 
 549      718C35F4 
 549      3887
 550 0cdb E51EC7E8 		.ascii	"\345\036\307\350\336\343\374\206\0150\227\3251y\230"
 550      DEE3FC86 
 550      0D3097D5 
ARM GAS  /tmp/cczrWAkj.s 			page 45


 550      317998
 551 0cea 989344E6 		.ascii	"\230\223D\346\246\227\337}\300\376r`\205\034\332\343"
 551      A697DF7D 
 551      C0FE7260 
 551      851CDAE3 
 552 0cfa 94CCDE5D 		.ascii	"\224\314\336]\305{\222>\324\256yX\264\253jS\341F\243"
 552      C57B923E 
 552      D4AE7958 
 552      B4AB6A53 
 552      E146A3
 553 0d0d DCE384E5 		.ascii	"\334\343\204\345\213=N>\263\316\312V\026\240\000\313"
 553      8B3D4E3E 
 553      B3CECA56 
 553      16A000CB 
 554 0d1d 3D0E5BDF 		.ascii	"=\016[\337\361I\217\223Tk\2173\037\363\036\207\255\264"
 554      F1498F93 
 554      546B8F33 
 554      1FF31E87 
 554      ADB4
 555 0d2f 00CB3D0E 		.ascii	"\000\313=\016[i0Y\214\224]\376j=\316a\217\036g!V\364"
 555      5B693059 
 555      8C945DFE 
 555      6A3DCE61 
 555      8F1E6721 
 556 0d45 38C7A41E 		.ascii	"8\307\244\036'\340\013{\234EX\356q\026c\217\036'@\321"
 556      27E00B7B 
 556      9C4558EE 
 556      7116638F 
 556      1E2740D1 
 557 0d59 E334CFAC 		.ascii	"\3434\317\254\271\307\031\254\350qZ\254r\207\276\343"
 557      B9C719AC 
 557      E8715AAC 
 557      7287BEE3 
 558 0d69 12F4056A 		.ascii	"\022\364\005j\332UK\324\200d\251\032\364-\223\241o\271"
 558      DA554BD4 
 558      8064A91A 
 558      F42D93A1 
 558      6FB9
 559 0d7b 3BF4052A 		.ascii	";\364\005*\240\257eM=N]\217\262\270\236\207\246_\347"
 559      A0AF654D 
 559      3D4E5D8F 
 559      B2B89E87 
 559      A65FE7
 560 0d8e 52DFC00A 		.ascii	"R\337\300\012\314\312b\177\302\220\217\277\241\326\275"
 560      CCCA627F 
 560      C2908FBF 
 560      A1D6BD
 561 0d9d 1BC79D54 		.ascii	"\033\307\235T\2370\011\2379-WjF\226Uj>X\255\006\246"
 561      9F30099F 
 561      392D576A 
 561      4696556A 
 561      3E58AD06 
 562 0db2 6BD4C074 		.ascii	"k\324\300t\255\204:\353D\324\331WQ\264\331j_\306\317"
 562      AD843AEB 
 562      44D4D957 
 562      51B4D96A 
 562      5FC6CF
ARM GAS  /tmp/cczrWAkj.s 			page 46


 563 0dc5 B5BE9467 		.ascii	"\265\276\224g\343\224\253\367\025\177\024\374\026\326"
 563      E394ABF7 
 563      157F14FC 
 563      16D6
 564 0dd3 4BA8B301 		.ascii	"K\250\263\001\323\223\264\276\004<\255\266\324\320^"
 564      D393B4BE 
 564      043CADB6 
 564      D4D05E
 565 0de2 0479F8B1 		.ascii	"\004y\370\261A\315~\334(\3731\310\323\217\301\204\351"
 565      41CD7EDC 
 565      28FB31C8 
 565      D38FC184 
 565      E9
 566 0df3 737EDCA4 		.ascii	"s~\334\244\331\217\233\325\020z\213*B\027J\276\332\252"
 566      D98F9BD5 
 566      107A8B2A 
 566      42174ABE 
 566      DAAA
 567 0e05 DD57DB24 		.ascii	"\335W\333$_mg\276\012\226|\0253\301\035\244\217\255"
 567      5F6D67BE 
 567      0A967C15 
 567      33C11DA4 
 567      8FAD
 568 0e17 B6786E9B 		.ascii	"\266xn\233,\374\355q\031\244{\311 \035\233\345\361C"
 568      2CFCED71 
 568      19A47BC9 
 568      201D9BE5 
 568      F143
 569 0e29 D44509A4 		.ascii	"\324E\011\244C\276\034\244w\250\201t?\330IS\307\273"
 569      43BE1CA4 
 569      77A88174 
 569      3FD84953 
 569      C7BB
 570 0e3b 1690F685 		.ascii	"\026\220\366\205]\014\244w\273@z\314\313\234\037\351"
 570      5D0CA477 
 570      BB407ACC 
 570      CB9C1FE9 
 571 0e4b C5973CFC 		.ascii	"\305\227<\374\013\341\270\2653\317\251\247\010\353\013"
 571      0BE1B8B5 
 571      33CFA9A7 
 571      08EB0B
 572 0e5a E7E99FCC 		.ascii	"\347\351\237\314.>\037\303\177D\352Gu\332\303\001v\306"
 572      2E3E1FC3 
 572      7F44EA47 
 572      75DAC301 
 572      76C6
 573 0e6c AB1DA7BC 		.ascii	"\253\035\247\274d\235\002\240\210\351\344\303\356\322"
 573      649D02A0 
 573      88E9E4C3 
 573      EED2
 574 0e7a 08B0D705 		.ascii	"\010\260\327\005\255l\341!\237@\353/\265Bk\261\004\255"
 574      AD6CE121 
 574      9F40EB2F 
 574      B5426BB1 
 574      04AD
 575 0e8c 6CA51217 		.ascii	"l\245\022\027\264\262\225\222\311b$\345B\024\320\352"
 575      B4B29592 
ARM GAS  /tmp/cczrWAkj.s 			page 47


 575      C96224E5 
 575      4214D0EA 
 576 0e9c F6B7C3F4 		.ascii	"\366\267\303\364\355\322\337\016C\277\020:\367\271\240"
 576      EDD2DF0E 
 576      43BF103A 
 576      F7B9A0
 577 0eab 73BF2774 		.ascii	"s\277't\206*\240\263\365\230\232\2413Y\001\235m<\240"
 577      862AA0B3 
 577      F5989AA1 
 577      3359019D 
 577      6D3CA0
 578 0ebe F38E049D 		.ascii	"\363\216\004\235\0155\245\373\0015\3308\250\006\235"
 578      0D35A5FB 
 578      0135D838 
 578      A8069D
 579 0ecd A5327496 		.ascii	"\2452t\226\271CgC\005t\266}\241\261j<\244y\203\036V"
 579      B9436743 
 579      0574B67D 
 579      A1B16A3C 
 579      A479831E 
 580 0ee2 D3F8881A 		.ascii	"\323\370\210\032\320\035U\003\272c\322\346=.n\336\251"
 580      D01D5503 
 580      BA63D2E6 
 580      3D2E6EDE 
 580      A9
 581 0ef3 CEA364F3 		.ascii	"\316\243d\363\356U\026\360\363w/xiQ\026\360'\244\315"
 581      EE5516F0 
 581      F3772F78 
 581      695116F0 
 581      27A4CD
 582 0f06 7B52515E 		.ascii	"{RQ^\265+\324X5\236\322l\362\357j\230tZ\025\223\316"
 582      B52BD458 
 582      359ED26C 
 582      F2EF6A98 
 582      745A1593 
 583 0f1b 48669DD5 		.ascii	"Hf\235\325n\3269\311\254\363\012\263\332g\271\003R\305"
 583      6ED639C9 
 583      ACF30AB3 
 583      DA67B903 
 583      52C5
 584 0f2d 1A8B6732 		.ascii	"\032\213g2f\341\276'9 M\302\035\030 \311\0277\336_N"
 584      66E1BE27 
 584      39204DC2 
 584      1D1820C9 
 584      1737DE5F 
 585 0f42 11C90788 		.ascii	"\021\311\007\210\0277>>\315^j\021\357e\274\377\370\361"
 585      17373E3E 
 585      CD5E6A11 
 585      EF65BCFF 
 585      F8F1
 586 0f54 A32F5C20 		.ascii	"\243/\\ \273\375.\024W\260m@\317\004Bt\373\311\215\012"
 586      BBFD2E14 
 586      57B06D40 
 586      CF044274 
 586      FBC98D0A 
 587 0f68 AF4E85CE 		.ascii	"\257N\205\316\361D\013\275\000\345\270\023S\245\343"
 587      F1440BBD 
ARM GAS  /tmp/cczrWAkj.s 			page 48


 587      00E5B813 
 587      53A5E3
 588 0f77 13B73B21 		.ascii	"\023\267;!\367\257\360;!ay\270q\266\342\036\244\011"
 588      F7AFF03B 
 588      216179B8 
 588      71B6E21E 
 588      A409
 589 0f89 747011BB 		.ascii	"tp\021\273\337\011\011\223.\201\274\200\306D\023#\331"
 589      DF090993 
 589      2E81BC80 
 589      C6441323 
 589      D9
 590 0f9a E0033ABC 		.ascii	"\340\003:\274\331q"
 590      D971
 591 0fa0 8162E857 		.ascii	"\201b\350W2\206\306\255\272x\275\003\223@\345\321\253"
 591      3286C6AD 
 591      BA78BD03 
 591      9340E5D1 
 591      AB
 592 0fb1 A54E1D8C 		.ascii	"\245N\035\214\226\020u\363?\350=\272<\334\310\023O\037"
 592      961075F3 
 592      3FE83DBA 
 592      3CDCC813 
 592      4F1F
 593 0fc3 60753CFD 		.ascii	"`u<\375\016.\261`\371\212\301\332y\345\346\006\251J"
 593      0E2EB160 
 593      F98AC1DA 
 593      79E5E606 
 593      A94A
 594 0fd5 2B48CDC7 		.ascii	"+H\315\307~p\231\001f\005M\014\212D:Q\216\315#I\376"
 594      7E709901 
 594      66054D0C 
 594      8A443A51 
 594      8ECD2349 
 595 0fea 904B7FFC 		.ascii	"\220K\177\374\207+\342\221H\265X\366a\366I\023_\211"
 595      872BE291 
 595      48B558F6 
 595      61F64913 
 595      5F89
 596 0ffc C8F923BD 		.ascii	"\310\371#\275"
 597 1000 DB477905 		.ascii	"\333Gy\005\270JSG\004\260l\305\037q\377\004\002\\\303"
 597      B84A5347 
 597      04B06CC5 
 597      1F71FF04 
 597      025CC3
 598 1013 04CBFE2C 		.ascii	"\004\313\376,\243\217(J\201>\235KI01\363\002\311\344"
 598      A38F284A 
 598      813E9D4B 
 598      493031F3 
 598      02C9E4
 599 1026 82B7BF85 		.ascii	"\202\267\277\205\2104v\017u\376\222\213-D\235\353Z\324"
 599      8834760F 
 599      75FE928B 
 599      2D449DEB 
 599      5AD4
 600 1038 B9C132EA 		.ascii	"\271\3012\352\277\304[s\222P\273\374cU\026\376\346\364"
 600      BFC45B73 
ARM GAS  /tmp/cczrWAkj.s 			page 49


 600      9250BBFC 
 600      635516FE 
 600      E6F4
 601 104a A2BC32CC 		.ascii	"\242\2742\314\202\320\345i\336\261`Y\374\302\274\006"
 601      82D0E569 
 601      DEB16059 
 601      FCC2BC06 
 602 105a 6C090FE1 		.ascii	"l\011\017\341\375si\223\0007\371^\252]\362-1\377e\017"
 602      FD736993 
 602      0037F95E 
 602      AA5DF22D 
 602      31FF650F 
 603 106e 7C4F3C50 		.ascii	"|O<PI=\360\0033\266\353V\267t\275\377<E\324\355'1\247"
 603      493DF003 
 603      33B6EB56 
 603      B774BDFF 
 603      3C45D4ED 
 604 1085 5EBCDA9A 		.ascii	"^\274\332\232m\022s\352-K\327\333r\272\322+\225G?IW"
 604      6D1273EA 
 604      2D4BD7DB 
 604      72BAD22B 
 604      95473F49 
 605 109a 7A258AA7 		.ascii	"z%\212\247k\267\307\212\273\202U%\225;\254b*F(\325A"
 605      6BB7C78A 
 605      BB825525 
 605      953BAC62 
 605      2A4628D5 
 606 10af 449D3B98 		.ascii	"D\235;\230gf\004\021\332\221\370\362\247\256\345\367"
 606      67660411 
 606      DA91F8F2 
 606      A7AEE5F7 
 607 10bf 2E505774 		.ascii	".PWtWl&\372\313\300R\020\227\010\327\004\037w\325\020"
 607      576C26FA 
 607      CBC05210 
 607      9708D704 
 607      1F77D510 
 608 10d3 F39E1AC6 		.ascii	"\363\236\032\306W\313\030\177\037\273\335\037\014W`"
 608      57CB187F 
 608      1FBBDD1F 
 608      0C5760
 609 10e2 7C8F77C5 		.ascii	"|\217w\305ef\216\361c\325\356\275=\320\014x\017\325"
 609      65668EF1 
 609      63D5EEBD 
 609      3DD00C78 
 609      0FD5
 610 10f4 347EA486 		.ascii	"4~\244\206\361\217\3250\376\011\346w\342\236\212\311"
 610      F18FD530 
 610      FE09E677 
 610      E29E8AC9 
 611 1104 50BE7ED5 		.ascii	"P\276~\325\033\260\227q0\034@y\246_\234}@\357\002\303"
 611      1BB09771 
 611      301C4079 
 611      A65F9C7D 
 611      40EF02C3 
 612 1118 FF866798 		.ascii	"\377\206g\230\337p{\316\012\264\010\011\017{\356|s\310"
 612      DF707BCE 
 612      0AB40809 
ARM GAS  /tmp/cczrWAkj.s 			page 50


 612      0F7BEE7C 
 612      73C8
 613 112a 9FC3BCAA 		.ascii	"\237\303\274\252\325/4[\375R\015\346_\251\302\374k\311"
 613      D52F345B 
 613      FD520DE6 
 613      5FA9C2FC 
 613      6BC9
 614 113c B237DA2D 		.ascii	"\2627\332-{+Y\366\316\335\262x\031^\037@z\301\322y\301"
 614      7B2B59F6 
 614      CEDDB278 
 614      195E1F40 
 614      7AC1D279 
 615 1151 948A36CB 		.ascii	"\224\2126\313Ov\346\032\304\\5\300{1W\26300\352t\006"
 615      4F76E61A 
 615      C45C35C0 
 615      7B3157B3 
 615      3030EA74 
 616 1166 95F13143 		.ascii	"\225\3611C\206\376\335\0213,yDL\374\367}\006\366\217"
 616      86FEDD11 
 616      332C7944 
 616      4CFCF77D 
 616      06F68F
 617 1179 EFD52726 		.ascii	"\357\325'&\376\217\311\375\207\266\214\0376,-&\201>"
 617      FE8FC9FD 
 617      87B68C1F 
 617      362C2D26 
 617      813E
 618 118b FA3A5252 		.ascii	"\372:RR\206\376\317\320\341)I1C\350\360\237t80-%a\224"
 618      86FECFD0 
 618      E1294931 
 618      43E8F09F 
 618      7438302D 
 619 11a2 A355A2A0 		.ascii	"\243U\242\240K\035\232\344\320;F9RG\350\3317cJ\302\010"
 619      4B1D9AE4 
 619      D03B4639 
 619      5247E8D9 
 619      37634AC2 
 620 11b7 476AE2FF 		.ascii	"Gj\342\377Y\222\222\323\206%\214H\034\342H\012\215L"
 620      599292D3 
 620      86258C48 
 620      1CE2480A 
 620      8D4C
 621 11c9 8B8A1C19 		.ascii	"\213\212\034\031\335\331\22604\255\367\240_\342\323"
 621      DDD99630 
 621      34ADF7A0 
 621      5FE2D3
 622 11d8 D21CC347 		.ascii	"\322\034\303G\330\006'$\2478\222\204\257\324U\370{r"
 622      D8062724 
 622      A7389284 
 622      AFD455F8 
 622      7B72
 623 11ea 52528AE3 		.ascii	"RR\212\343\237\011\303\0351#\373\377\020\223\234\232"
 623      9F09C31D 
 623      3123FBFF 
 623      10939C9A 
 624 11fa 183372F8 		.ascii	"\0303r\370\210\201i#\007\245%\016O\036\344\030\336j"
 624      88816923 
ARM GAS  /tmp/cczrWAkj.s 			page 51


 624      07A5250E 
 624      4F1EE418 
 624      DE6A
 625 120c 886030F7 		.ascii	"\210`0\367\355\377\203]\250kk\331\335\366\267\344\021"
 625      EDFF835D 
 625      A86B6BD9 
 625      DDF6B7E4 
 625      11
 626 121d 231CC36D 		.ascii	"#\034\303m\243\222\207\022=\222\207\246\012\310\"x\231"
 626      A3928712 
 626      3D9287A6 
 626      0AC82278 
 626      99
 627 122e BF26F3B6 		.ascii	"\277&\363\266\250\310\264h\3010*!%9I0%\247\212\203:"
 627      A8C8B468 
 627      C1302A21 
 627      25394930 
 627      25A78A83 
 628 1243 9429324D 		.ascii	"\224)2M\301`Nr$$\245$\247:\004\243\270\230\020d\376"
 628      C1604E72 
 628      2424A524 
 628      A73A04A3 
 628      B8981064 
 629 1258 9EF18F4C 		.ascii	"\236\361\217Ls\014\036\231\222\352HK\353l\213\034\034"
 629      730C1E99 
 629      92EA484B 
 629      EB6C8B1C 
 629      1C
 630 1269 6D118CE6 		.ascii	"m\021\214\346?\221\011\213\320\336\345#\333\367\324"
 630      3F91098B 
 630      D0DEE523 
 630      DBF7D4
 631 1278 099D6D23 		.ascii	"\011\235m#S\035\377\032\346H\034\341H\2621\347\330\206"
 631      531DFF1A 
 631      E6481CE1 
 631      48B231E7 
 631      D886
 632 128a 3B121DC9 		.ascii	";\022\035\311\243\034I\235m\261\377\212\214\215\373"
 632      A31C499D 
 632      6DB1FF8A 
 632      8C8DFB
 633 1299 D122FC3F 		.ascii	"\321\"\374?\036\233bW"
 633      1E9B6257 
 634              		.text
 635              		.section	.gnu.lto_helloWorldSlaveInit.a835eeb8c85e4f66,"e",%progbits
 636 0000 789C9D57 		.ascii	"x\234\235WmPTU\030>\357=w\357\335]\026\004E\323\320"
 636      6D505455 
 636      183EEF3D 
 636      77EFDD5D 
 636      160445D3 
 637 0015 84D41045 		.ascii	"\204\324\020E\241\262/\253\231\030u\246ij\232\261\037"
 637      A1B22FAB 
 637      991875A6 
 637      696A9AB1 
 637      1F
 638 0026 FE745028 		.ascii	"\376tP(w\206\006F\314~\225\227\225/\301\374\304d\211"
 638      77860646 
ARM GAS  /tmp/cczrWAkj.s 			page 52


 638      CC7E9597 
 638      952FC1FC 
 638      C46489
 639 0039 F5AA4445 		.ascii	"\365\252DE\226\037\3318\251\224\353g\241hjB\011\012"
 639      961FD938 
 639      A994EB67 
 639      A1686A42 
 639      090A
 640 004b 6A828080 		.ascii	"j\202\200\200e~[\330\373\236\263|\014.\013\302\314\236"
 640      657E5BD8 
 640      FB9EB37C 
 640      0C2E0BC2 
 640      CC9E
 641 005d 39E79EF7 		.ascii	"9\347\236\367y\336\347<\347=\347^\254\014\330&\007c"
 641      79DEE73C 
 641      E73DE75E 
 641      AC0CD826 
 641      0763
 642 006f 1F31C692 		.ascii	"\0371\306\222\360\007V\006\212a\030\257\351\031VE\341"
 642      F0075606 
 642      8A6118AF 
 642      E9195645 
 642      E1
 643 0080 8D95EE61 		.ascii	"\215\225\356a\252a\327\213v6\306\252\206\203+jk\311"
 643      AA61D78B 
 643      7636C6AA 
 643      86832B6A 
 643      6BC9
 644 0092 C5E1F8C4 		.ascii	"\305\341\370\304Rpn\303$|\242\202\346\213\266t\3654"
 644      52706EC3 
 644      247CA282 
 644      E68BB674 
 644      F534
 645 00a4 D07D3D1D 		.ascii	"\320}=\035@\364\014+\260%\012W-\232\016K`%_\317\341"
 645      40F40C2B 
 645      B0250A57 
 645      2D9A0E4B 
 645      60255FCF 
 646 00b9 404EE36E 		.ascii	"@N\343n%\346K\2346\274\353\317\015\3156\262F\232\234"
 646      25E64B9C 
 646      36BCEBCF 
 646      0DCD36B2 
 646      469A9C
 647 00cc 3137FEE4 		.ascii	"17\376\344\037\354\201\030\214\253sy\3568Vp\223\003"
 647      1FEC8118 
 647      8CAB7379 
 647      EE385670 
 647      9303
 648 00de A8382C38 		.ascii	"\2508,8\372}\205\235\206\012D\3420\323[\365\205\306"
 648      FA7D859D 
 648      860A44E2 
 648      30D35BF5 
 648      85C6
 649 00f0 6702C3FE 		.ascii	"g\002\303\376\262=\236\275\326\350R\303p\031\336\033"
 649      B23D9EBD 
 649      D6E852C3 
 649      7019DE1B 
ARM GAS  /tmp/cczrWAkj.s 			page 53


 650 0100 A5DC186F 		.ascii	"\245\334\030or\016?\002GJ(\207\010\330\013\021\214\341"
 650      720E3F02 
 650      474A2887 
 650      08D80B11 
 650      8CE1
 651 0112 33A4FE09 		.ascii	"3\244\376\011\242\021\260\305u\245\215\3637\004xk\333"
 651      A211B0C5 
 651      75A58DF3 
 651      3704786B 
 651      DB
 652 0123 DD53C13E 		.ascii	"\335S\301>\360\241QE\206W5\271\012\373\036B\253\210"
 652      F0A15145 
 652      865735B9 
 652      0AFB1E42 
 652      AB88
 653 0135 F60A74F6 		.ascii	"\366\012t\366\341U{\203\2450\005\207\233\252N\272@\012"
 653      E1557B83 
 653      A5300587 
 653      9BAA4EBA 
 653      400A
 654 0147 0BC56171 		.ascii	"\013\305aq]\365\032\007\177[p\267\224~\336\252\373\270"
 654      5DF51A07 
 654      7F5B70B7 
 654      947EDEAA 
 654      FBB8
 655 0159 8F1C0B5D 		.ascii	"\217\034\013]\267\324\230hr\013\034\224\344\007\220"
 655      B7D49868 
 655      720B1C94 
 655      E40790
 656 0168 7CBF24B7 		.ascii	"|\277$\267 \371!A^\266\366~6\347s\004\274\304\2355\302"
 656      20F92141 
 656      5EB6F67E 
 656      36E77304 
 656      BCC49D35 
 657 017d 876E3F16 		.ascii	"\207n?\026.\321\032\034~\010\255!\372\010D3\302\\\332"
 657      2ED11A1C 
 657      7E08AD21 
 657      FA084433 
 657      C25CDA
 658 0190 D1B12E58 		.ascii	"\321\261.XS}v\302\317\240\341>3\266\355\264\305kt<\310"
 658      537D76C2 
 658      CFA0E13E 
 658      33B6EDB4 
 658      C56B743C 
 659 01a5 31BC27DE 		.ascii	"1\274'\336\334\264#v, LW\260\261rll*6v\0136A\0326\016"
 659      DCB42376 
 659      2C204C57 
 659      B0B1726C 
 659      6C2A3676 
 660 01bf 1D9B602B 		.ascii	"\035\233`+6!6l\2068\200|\013\003Z\1778\220\3201 \023"
 660      3621366C 
 660      8638807C 
 660      0B035A7F 
 660      3890D031 
 661 01d5 E67346FB 		.ascii	"\346sF\373\250\202\341el9W\344 \003\007\015\220Y\177"
 661      A882E165 
 661      6C3957E4 
ARM GAS  /tmp/cczrWAkj.s 			page 54


 661      2003070D 
 661      90597F
 662 01e8 B0BA5223 		.ascii	"\260\272R#\005\036\356@e+\226^\253\263\222O\034\030"
 662      051EEE40 
 662      652B965E 
 662      ABB3924F 
 662      1C18
 663 01fa FC42CA19 		.ascii	"\374B\312\031a\370N,5 \014\264\200\253\334&\001\320"
 663      61F84E2C 
 663      35200CB4 
 663      80ABDC26 
 663      01D0
 664 020c 13102ADC 		.ascii	"\023\020*\334\360|U\371\300\226\011\256\014+>)\241\345"
 664      F07C55F9 
 664      C09609AE 
 664      0C2B3E29 
 664      A1E5
 665 021e E1C3EADA 		.ascii	"\341\303\352\332#'\241\024J\300\344ap\0242\001*\210"
 665      2327A114 
 665      4AC0E461 
 665      70143201 
 665      2A88
 666 0230 1967F6AC 		.ascii	"\031g\366\254\311\335\256\305o%E\221&\037\012\3070\254"
 666      C9DDAEC5 
 666      6F254591 
 666      261F0AC7 
 666      30AC
 667 0242 509842D5 		.ascii	"P\230B\325\323TVc\357\232\034\006\225\020_\310\311'"
 667      D3545663 
 667      EF9A1C06 
 667      95105FC8 
 667      C927
 668 0254 380EF142 		.ascii	"8\016\361B\373\214n\035\245\371\233\345~\017\003\005"
 668      FB8C6E1D 
 668      A5F99BE5 
 668      7E0F0305 
 669 0264 4E740957 		.ascii	"Nt\011W]\325\305\323H\267\322\0129\221\302\351^*\303"
 669      5DD5C5D3 
 669      48B7D20A 
 669      3991C2E9 
 669      5E2AC3
 670 0277 DDC409BF 		.ascii	"\335\304\011\277\242\254\201-\340d\240\005\234\352{"
 670      A2AC812D 
 670      E064A005 
 670      9CEA7B
 671 0286 01C3E134 		.ascii	"\001\303\3414-@\221s\373\253j\326r\312\223+&G\300o\020"
 671      2D409173 
 671      FBAB6AD6 
 671      72CA932B 
 671      2647C06F 
 672 029b 2F0BE10C 		.ascii	"/\013\341\014\362c\300\361}\267o\351Q\211\246Q\210\323"
 672      F263C0F1 
 672      7DB76FE9 
 672      5189A651 
 672      88D3
 673 02ad 8F11A4FC 		.ascii	"\217\021\244\374\340\327\273C\010R( #\241\012\242$\244"
 673      E0D7BB43 
ARM GAS  /tmp/cczrWAkj.s 			page 55


 673      08522820 
 673      23A10AA2 
 673      24A4
 674 02bf 5A429A3A 		.ascii	"ZB\232:\032\033\265(EBF\021\344\263\332\266\"k7\344"
 674      1A1BB528 
 674      45424611 
 674      E4B3DAB6 
 674      226B37E4 
 675 02d3 71F8BD13 		.ascii	"q\370\275\023\362\207\204\\\314\271P\254\220m\021\260"
 675      F287845C 
 675      CCB950AC 
 675      906D11B0 
 676 02e3 5981B310 		.ascii	"Y\201\263\020a\362\321\3028\313\216U\333\033\0309\307"
 676      61F2D1C2 
 676      38CB8E55 
 676      DB1B1839 
 676      C7
 677 02f4 FB71AE66 		.ascii	"\373q\256f\300\316\325\366\355\334\0308'\234\363\301"
 677      C0CED5F6 
 677      EDDC1838 
 677      279CF3C1 
 678 0304 0EE46557 		.ascii	"\016\344eW\333\273\335y\002\316w\272S7`w\352;\227za"
 678      DBBBDD79 
 678      02CE77BA 
 678      53376077 
 678      EA3B977A 
 679 0319 C0EE5CEC 		.ascii	"\300\356\\\354\204\\\"\245=\334\320\272\352\337\322"
 679      845C22A5 
 679      3DDCD0BA 
 679      EADFD2
 680 0328 0A997EDD 		.ascii	"\012\231~\335\030\353\246\255\205?}n\254\376\246f*\371"
 680      18EBA6AD 
 680      853F7D6E 
 680      ACFEA666 
 680      2AF9
 681 033a 1A091FC3 		.ascii	"\032\011\037\303e\"\212\022Dz\367\341\303\203T\220W"
 681      65228A12 
 681      447AF7E1 
 681      C3835490 
 681      57
 682 034b 85ACA286 		.ascii	"\205\254\242\206\351\222\362\326l?\033\202fe`\314\306"
 682      E992F2D6 
 682      6C3F1B82 
 682      666560CC 
 682      C6
 683 035c 5D74FA9F 		.ascii	"]t\372\237\304S)\217!Ng\230\365?t;6\016\032\204c\252"
 683      C453298F 
 683      214E6798 
 683      F53F743B 
 683      360E1A84 
 684 0372 74ACBCFE 		.ascii	"t\254\274\376\362w\012I!l\010^\031\320\210\207\204\301"
 684      F2770A49 
 684      216C085E 
 684      19D08887 
 684      84C1
 685 0384 15D22352 		.ascii	"\025\322#R5\007\311L\274w\246\255<p\246\361\320$2Y\374"
 685      3507C94C 
ARM GAS  /tmp/cczrWAkj.s 			page 56


 685      BC77A6AD 
 685      3C70A6F1 
 685      D0243259 
 686 0399 64BAA7E0 		.ascii	"d\272\247\340\305\004\315\"U\013\245j\005\217q\031\374"
 686      C504CD22 
 686      550BA56A 
 686      058F7119 
 686      FC
 687 03aa 1934C12D 		.ascii	"\0314\301-.\367\253\024\205\353\225B\332ss\212\203\310"
 687      2EF7AB14 
 687      85EB9542 
 687      DA73738A 
 687      83C8
 688 03bc A7A72057 		.ascii	"\247\247 W\205V\210\360\360\260\2368\271\377\321n\274"
 688      855688F0 
 688      F0B09E38 
 688      B9FFD16E 
 688      BC
 689 03cd EDC5C6B4 		.ascii	"\355\305\306\264!Z\336T\275B&\272\361\316\026!\355}"
 689      215ADE54 
 689      BD4226BA 
 689      F1CE1621 
 689      ED7D
 690 03df 85C4B8B9 		.ascii	"\205\304\270\271&C\256\311\020\223O\"k\2567\325V\010"
 690      2643AEC9 
 690      10934F22 
 690      6BAE37D5 
 690      5608
 691 03f1 6F7A1B33 		.ascii	"oz\0333/\260/\223\341/\341\213FW\322\337\020\217\001"
 691      2FB02F93 
 691      E12FE18B 
 691      4657D2DF 
 691      108F01
 692 0404 BB96B595 		.ascii	"\273\226\265\225\331h9\223\001\340:\242\220\276\250"
 692      D9683993 
 692      01E03AA2 
 692      90BEA8
 693 0413 B9BEC23E 		.ascii	"\271\276\302>\010z\013\374#\350u\242\277\001\361\036"
 693      087A0BFC 
 693      23E875A2 
 693      BF01F11E 
 694 0423 1E2ED536 		.ascii	"\036.\32567\017\206.\026n\012:+\321\335\022j\273\356"
 694      370F862E 
 694      166E0A3A 
 694      2BD1DD12 
 694      6ABBEE
 695 0436 EE58BCEC 		.ascii	"\356X\274\354oK\265\327\233Z\312\006G\177G\320\333\210"
 695      6F4BB5D7 
 695      9B5ACA06 
 695      477F47D0 
 695      DB88
 696 0448 FE2E9ED6 		.ascii	"\376.\236\326.\276\253\315\372\240\370\356\011>;\361"
 696      2EBEABCD 
 696      FAA0F8EE 
 696      093E3BF1 
 697 0458 DDEFE62B 		.ascii	"\335\357\346+\310;\357\011\226\205\254\366\246\274\327"
 697      C83BEF09 
ARM GAS  /tmp/cczrWAkj.s 			page 57


 697      9685ACF6 
 697      A6BCD7
 698 0467 CF919902 		.ascii	"\317\221\231\002\377\012\316 Y\310\273\316l;j\223\223"
 698      FF0ACE20 
 698      59C8BBCE 
 698      6C3B6A93 
 698      93
 699 0478 1BDBB18E 		.ascii	"\033\333\261\216\247\302\177tA;\344l\341\312-\273\355"
 699      A7C27F74 
 699      413BE46C 
 699      E1CA2DBB 
 699      ED
 700 0489 3D0E941D 		.ascii	"=\016\224\035:D\225?\220U\356\377\022\210s\323v\201"
 700      3A44953F 
 700      9055EEFF 
 700      128873D3 
 700      7681
 701 049b A1881AC7 		.ascii	"\241\210\032\307\217\224x\251\271\301\343;\346\226G"
 701      8F9478A9 
 701      B9C1E33B 
 701      E69647
 702 04aa D79CA104 		.ascii	"\327\234\241\004\320\3744\270\024\324\034\354_s\020"
 702      D0FC34B8 
 702      14D41CEC 
 702      5F7310
 703 04b9 2C554873 		.ascii	",UHs\246\022@\3633n\252\011\310\222\232-&\177Vj\276"
 703      A61240F3 
 703      336EAA09 
 703      C8929A2D 
 703      267F566A 
 704 04ce D9A9F9A1 		.ascii	"\331\251\371\241\255\353_sv \315\323 \2074\207\370\327"
 704      ADEB5F73 
 704      7620CDD3 
 704      20873487 
 704      F8D7
 705 04e0 EC805CA1 		.ascii	"\354\200\\\241yY \315\317\271\251\320 Oj\326L\376\274"
 705      795920CD 
 705      CFB9A9D0 
 705      204F6AD6 
 705      4CFEBC
 706 04f3 D49C65FA 		.ascii	"\324\234e\3724\353\217\2569?\220\346\027`9i\036\342"
 706      34EB8FAE 
 706      393F90E6 
 706      17603969 
 706      1EE2
 707 0505 5F73307C 		.ascii	"_s0|\"4\257\010\244\371E7\0253\254\224\232u\223\277"
 707      2234AF08 
 707      A4F94537 
 707      1533AC94 
 707      9A7593BF 
 708 0519 E4AB8D4E 		.ascii	"\344\253\215N\315\326\336\232/\365\243y:\254\022\232"
 708      CDD6DE9A 
 708      2FF5A379 
 708      3AAC129A 
 709 0529 43FDBF02 		.ascii	"C\375\277\002B`\265P\265F\221\257\200\316\3176\333\243"
 709      4260B550 
 709      B54691AF 
ARM GAS  /tmp/cczrWAkj.s 			page 58


 709      80CECF36 
 709      DBA3
 710 053b BE00C6C1 		.ascii	"\276\000\306\301Z\245\307\253\246\2477\230f\010\024"
 710      5AA5C7AB 
 710      A6A73798 
 710      660814
 711 054a 90356174 		.ascii	"\2205atP\327a\302\276>\027^v\223\271\360\251\\\277\325"
 711      50D761C2 
 711      BE3E175E 
 711      7693B9F0 
 711      A95CBFD5 
 712 055e C3C74829 		.ascii	"\303\307H)]\377B\274\002*\254W\360U\371*k\007\327\306"
 712      5DFF42BC 
 712      022AAC57 
 712      F055F92A 
 712      6B07D7C6 
 713 0572 6F63050B 		.ascii	"oc\005\013\375\345s\350\376\202e,!nA\352\373\311qi\316"
 713      FDE573E8 
 713      FE82652C 
 713      216E41EA 
 713      FBC97169 
 714 0587 457109EF 		.ascii	"Eq\011\357\314\232;;a\306\254\270\204\267\234\263S\247"
 714      CC9A3B3B 
 714      61C6ACB8 
 714      84B79CB3 
 714      53A7
 715 0599 24A4A5A5 		.ascii	"$\244\245\245\307%R\363zrJJ\352\234\324\205)Iq\013\250"
 715      C72552F3 
 715      7A724A4A 
 715      EA9CD485 
 715      2949710B 
 716 05ae FB2175E7 		.ascii	"\373!u\347\246\247$.N\236:\237YDGM[\350L\325\027\245"
 716      A6A7242E 
 716      4E9E3A9F 
 716      5944474D 
 716      5BE84CD5 
 717 05c4 A639E73B 		.ascii	"\2469\347;\223l\351\311\013\027;\347';\223FOH\2378\341"
 717      936CE9C9 
 717      0B173BE7 
 717      273B9346 
 717      4F489F38 
 718 05d9 8398E991 		.ascii	"\203\230\351\221\211\251\3513\347\275\227\220\2163\213"
 718      89A9E933 
 718      E7BD9790 
 718      8E338B
 719 05e8 22DF4D74 		.ascii	"\"\337Mt\246$'\261\377\001\012bB\235"
 719      A62427B1 
 719      FF010A62 
 719      429D
 720              		.text
 721              		.section	.gnu.lto_.symbol_nodes.a835eeb8c85e4f66,"e",%progbits
 722 0000 789C6D91 		.ascii	"x\234m\221\277O\024A\024\307\337\274\271\335\331\333"
 722      BF4F1441 
 722      14C7DFBC 
 722      B9DDD9DB 
 723 0010 E5F68E3B 		.ascii	"\345\366\216;8\024\214\020\377\006\023-\365_\261\320"
 723      38148C10 
ARM GAS  /tmp/cczrWAkj.s 			page 59


 723      FF06132D 
 723      F55FB1D0 
 724 0020 C2C4420B 		.ascii	"\302\304B\013\312\267\321-46$\306\030\215&\204lA\345"
 724      CAB7D12D 
 724      343624C6 
 724      188D2684 
 724      6C41E5
 725 0033 8F989348 		.ascii	"\217\230\223Hl$W\2401t\030\005\024\224\005\177\240\002"
 725      6C2457A0 
 725      31741805 
 725      1494057F 
 725      A002
 726 0045 1A2D8889 		.ascii	"\032-\210\211\276\331\335\233\015a\246\372\344}\276"
 726      BED9DD9B 
 726      0D61A6FA 
 726      E47DBE
 727 0054 F39DBD7B 		.ascii	"\363\235\275{\036\010\2509\000\200w\220*\021\237\212"
 727      1E08A839 
 727      00807790 
 727      2A119F8A 
 728 0064 98580020 		.ascii	"\230X\000 \200\247\321\363\310e\315\307y\2170\246C+"
 728      80A7D1F3 
 728      C865CDC7 
 728      798F30A6 
 728      432B
 729 0076 48725F68 		.ascii	"Hr_hv\362t\036\301%$aW\316'\024\372\266\363\0261:\006"
 729      76F2741E 
 729      C1252461 
 729      57CE2714 
 729      FAB6F316 
 730 008d 20458A04 		.ascii	" E\212\004\377\2123\232\345\001\242\311S\334\262\214"
 730      FF8A339A 
 730      E501A2C9 
 730      53DCB28C 
 731 009d 843B7BD3 		.ascii	"\204;{\323'\017\366\277Cr\366\367G\205\022kH\356\201"
 731      270FF6BF 
 731      4372F6F7 
 731      4785126B 
 731      48EE81
 732 00b0 BA88EBC4 		.ascii	"\272\210\353\304*\222\262\233M$\317n6\220\252v\263\216"
 732      2A92B29B 
 732      4D24CF6E 
 732      3690AA76 
 732      B38E
 733 00c2 E4DBCD47 		.ascii	"\344\333\315G\244\300n> \365\331\315\026R\315n\276\""
 733      A4C06E3E 
 733      20F5D9CD 
 733      1652CD6E 
 733      BE22
 734 00d4 8576F305 		.ascii	"\205v\363\005\251n7\237\221\032v\263\213\324o7;HM\273"
 734      A96E379F 
 734      911A76B3 
 734      8BD46F37 
 734      3B484DBB 
 735 00e8 D9466AD9 		.ascii	"\331Fj\331\315\017\244\001\273\371\2164h7\337\220\332"
 735      CD0FA401 
 735      BBF98E34 
ARM GAS  /tmp/cczrWAkj.s 			page 60


 735      6837DF90 
 735      DA
 736 00f9 5623C1BF 		.ascii	"V#\301\277\374\372\356q\021\013\246G\023\0177@$\214"
 736      FCFAEE71 
 736      110BA647 
 736      130F3740 
 736      248C
 737 010b D5C79BAF 		.ascii	"\325\307\233\257n\013\321\025\025\3107\336qA\242\211"
 737      6E0BD115 
 737      15C837DE 
 737      7141A289 
 738 011b 6219C532 		.ascii	"b\031\3052\212yt\321\005\203\252D\277\304\000\2444]"
 738      8A7974D1 
 738      0583AA44 
 738      BFC400A4 
 738      345D
 739 012d B2EC92A6 		.ascii	"\262\354\222\246K\312z\236\355\272\275hW\231h\252L4"
 739      4BCA7A9E 
 739      EDBABD68 
 739      579968AA 
 739      4C34
 740 013f F6A50C8B 		.ascii	"\366\245\014\213(c-\3078\220\262\257\300P\312 \307\244"
 740      28632DC7 
 740      3890B2AF 
 740      C050CA20 
 740      C7A4
 741 0151 2E957F6B 		.ascii	".\225\177kz\325\321\317*\177\367\301\215@\277\252\252"
 741      7AD5D1CF 
 741      2A7FF7C1 
 741      8D40BFAA 
 741      AA
 742 0162 57DFFC6C 		.ascii	"W\337\374l\350G\225\377{~\345\210.R~g{\355\204H5\315"
 742      E84795FF 
 742      7B7EE588 
 742      2E527E67 
 742      7BED8448 
 743 0178 26F74391 		.ascii	"&\367C\221\006LK3;#\272\260\310\245a/\027ss+\233\305"
 743      064C4B33 
 743      3B23BAB0 
 743      C8A5612F 
 743      1773732B 
 744 018e 6D63995A 		.ascii	"mc\231Z\231M\206Ln\270\327\327\035aZ\326}\311\321\336"
 744      994D864C 
 744      6EB8D7D7 
 744      1D615AD6 
 744      7DC9D1DE 
 745 01a2 8D78B497 		.ascii	"\215x\264\227K\230 \233M\2355}L\360D\333\251s<\313("
 745      4B98209B 
 745      4D9D357D 
 745      4CF044DB 
 745      A9733CCB 
 746 01b7 D5F427FB 		.ascii	"\325\364'\373\346\013L3\331\214\251\231\377\340\364"
 746      E60B4C33 
 746      D98CA999 
 746      FFE0F4
 747 01c6 A254FDF3 		.ascii	"\242T\375\363s[\353R$\227\244j\374\272\2670,R&\377\357"
 747      735BEB52 
ARM GAS  /tmp/cczrWAkj.s 			page 61


 747      2497A46A 
 747      FCBAB730 
 747      2C5226FF 
 748 01db DC8BAAE8 		.ascii	"\334\213\252\350\2163=\333{\331\024\351xE]\341+(n\362"
 748      8E333DDB 
 748      7BD914E9 
 748      78455DE1 
 748      2B286EF2 
 749 01ef C6549C61 		.ascii	"\306T\234a\247\311x-\303\3053\214\327\363\300y\220\236"
 749      A7C9782D 
 749      C3C5338C 
 749      D7F3C079 
 749      909E
 750 0201 599E572E 		.ascii	"Y\236W.\317+\227\347\035.\376pWz\207\2125\370\322\033"
 750      CF2B97E7 
 750      1D2EFE70 
 750      577A878A 
 750      35F8D21B 
 751 0215 327BF2DA 		.ascii	"2{\362\332fO\336`1e\034(\256\205\360\037EL\324\023"
 751      664FDE60 
 751      31651C28 
 751      AE85F01F 
 751      454CD413 
 752              		.text
 753              		.section	.gnu.lto_.refs.a835eeb8c85e4f66,"e",%progbits
 754 0000 789C458D 		.ascii	"x\234E\215;\016Aa\030\005\317\234\377\276\376D\020\217"
 754      3B0E4161 
 754      1805CF9C 
 754      FFBEFE44 
 754      108F
 755 0012 2044A7D2 		.ascii	" D\247\322\210BB\256%\333\206F\241\025\266 l\301W]\305"
 755      884242AE 
 755      25DB8646 
 755      A115B620 
 755      6CC1575D 
 756 0027 642639C5 		.ascii	"d&9\305i\204.\222\222\204Ma\312\344.s\352RE\355\262"
 756      69842E92 
 756      92844D61 
 756      CAE42E73 
 756      EA5245ED 
 757 003c 113DD337 		.ascii	"\021=\3237\003W\223u\375\037\031\232\221\031\213\251"
 757      03579375 
 757      FD1F199A 
 757      91198BA9 
 758 004c 9999B958 		.ascii	"\231\231\271X\230\245Y\211\215\331\232\235\330\233\203"
 758      98A55989 
 758      8DD99A9D 
 758      D89B83
 759 005b 398A9369 		.ascii	"9\212\223i\315Y\\en\301=\336\037\341g\360\212~\207?"
 759      CD595C65 
 759      6EC13DDE 
 759      1FE167F0 
 759      8A7E873F 
 760 006f C15755D3 		.ascii	"\301WU\323\2358e\327\331\316\372\001\375\246\014}"
 760      9D3865D7 
 760      D9CEFA01 
 760      FDA60C7D 
ARM GAS  /tmp/cczrWAkj.s 			page 62


 761              		.text
 762              		.section	.gnu.lto_.decls.a835eeb8c85e4f66,"e",%progbits
 763 0000 789CB5BD 		.ascii	"x\234\265\275\011xT\311u(\254\333\325\335\352nm3\300"
 763      097854C9 
 763      7528ACDB 
 763      D5DDEA6E 
 763      6D33C0
 764 0013 2C3693C9 		.ascii	",6\223\311$\231\304Kl3\371\235\227\330\177\362\222L"
 764      2499C44B 
 764      6C33F99D 
 764      97D87FF2 
 764      924C
 765 0025 1C3B93FC 		.ascii	"\034;\223\374\036;\237\307q^\362\362\236\242\0011(\006"
 765      1E3B9FC7 
 765      715EF2F2 
 765      9EA20131 
 765      2806
 766 0037 8425314B 		.ascii	"\204%1K\336\377'\255\005\355hC\240\035Ih\337%\320\212"
 766      DEFF27AD 
 766      05ED6843 
 766      A01D4968 
 766      DF25D08A 
 767 004b 0468433B 		.ascii	"\004hC;\222\020h\337\027$\264\243\025\264\377\247\356"
 767      921068DF 
 767      1724B4A3 
 767      15B4FFA7 
 767      EE
 768 005c A9DB7D6F 		.ascii	"\251\333}o\367m\2318\011\037G}\253\372\324\251sN\235"
 768      F76D9938 
 768      091F477D 
 768      ABFAD4A9 
 768      734E9D
 769 006f 3A756AB9 		.ascii	":uj\271\325\032+\316\352g\351VV\177\372\246\225\225"
 769      D51A2BCE 
 769      EA67E956 
 769      567FFAA6 
 769      9595
 770 0081 46636575 		.ascii	"Fceu\000\377\324VVV\017\001~\013\340+\234\225U=|\322"
 770      00FFD456 
 770      56560F01 
 770      7E0BE02B 
 770      9C95553D 
 771 0097 BC3F84E7 		.ascii	"\274?\204\347\357\000\274\017\360\003\200\177\200\274"
 771      EF00BC0F 
 771      F003807F 
 771      80BC
 772 00a5 77145656 		.ascii	"w\024VV\267\340\371\024|~\003\340\023\310\373\004>\277"
 772      B7E0F914 
 772      7C7E03E0 
 772      13C8FB04 
 772      3EBF
 773 00b7 029F67E1 		.ascii	"\002\237g\341\363\217\001.\000,\001\316/\340\363S\000"
 773      F38F012E 
 773      002C01CE 
 773      2FE0F353 
 773      00
 774 00c8 02F005C0 		.ascii	"\002\360\005\300\377\001\3707\000\037\000\177\200`\200"
ARM GAS  /tmp/cczrWAkj.s 			page 63


 774      FF01F837 
 774      001F007F 
 774      806080
 775 00d7 50803080 		.ascii	"P\2000\200\017\211\225\325\217\001\276\003p\037\322"
 775      0F8995D5 
 775      8F01BE03 
 775      701FD2
 776 00e6 7F0FF4E0 		.ascii	"\177\017\364\340\321\352\034\3749\013\360k\220\367\006"
 776      D1EA1CFC 
 776      390BF06B 
 776      90F706
 777 00f5 A47F01CF 		.ascii	"\244\177\001\317\027\001>\003\370\002\300\023 \010\340"
 777      17013E03 
 777      F802C013 
 777      2008E0
 778 0104 0A403C40 		.ascii	"\012@<@.@\031@\015@\013@;@\037\3008\300,\300\022\300"
 778      2E401940 
 778      0D400B40 
 778      3B401FC0 
 778      38C02CC0 
 779 011a 06C016C0 		.ascii	"\006\300\026\300\036\000\247\264\262R\001\034Qb}\257"
 779      1E00A7B4 
 779      B252011C 
 779      51627DAF 
 780 012a C3E724C0 		.ascii	"\303\347$\300\014\200\370\037\261\266\262z\033>\217"
 780      0C80F81F 
 780      B1B6B27A 
 780      1B3E8F
 781 0139 001C03F8 		.ascii	"\000\034\003\370P\244\253\032\370l\266B]<\205r\257)"
 781      50A4AB1A 
 781      F86CB642 
 781      5D3C8572 
 781      AF29
 782 014b 514F7590 		.ascii	"QOu\220?\253D}\315)Q\217\363J\324\345\202\022\365\031"
 782      3FAB447D 
 782      CD29518F 
 782      F34AD4E5 
 782      8212F519 
 783 015f 478C7A5E 		.ascii	"G\214z^T\242\336# \357w \275\004\351e\200&\326\036T"
 783      54A2DE23 
 783      20EF7720 
 783      BD04E965 
 783      8026D61E 
 784 0174 0F6F2B50 		.ascii	"\017o+P\027T/\277\0068oq\310\267'\223\237\352\201cr"
 784      17542FBF 
 784      06386F71 
 784      C8B72793 
 784      9FEA8163 
 785 0189 88FFAD01 		.ascii	"\210\377\255\001\201\257\301\347\031\221\014\3426\244"
 785      81AFC1E7 
 785      19910CE2 
 785      36A4
 786 0197 323C8332 		.ascii	"2<\2032+\000\253\000k\000Z\025\320V\275\234L\324\006"
 786      2B00AB00 
 786      6B005A15 
 786      D056BD9C 
 786      4CD406
ARM GAS  /tmp/cczrWAkj.s 			page 64


 787 01aa 74AAC365 		.ascii	"t\252\303e\242m\374C\200o\000\374.\200\006\360m\000"
 787      A26DFC43 
 787      806F00FC 
 787      2E8006F0 
 787      6D00
 788 01bc 1400EF50 		.ascii	"\024\000\357P\331\000\034\000\354ed\375\001\300{\000"
 788      D9001C00 
 788      EC6564FD 
 788      01C07B00 
 789 01cc EF025803 		.ascii	"\357\002X\003\3767\341\363\035\240\177\002>\217\001"
 789      FE37E1F3 
 789      1DA07F02 
 789      3E8F01
 790 01db 7C0BE000 		.ascii	"|\013\340\000p\241\231x\273\020t\341\000\270G\001\336"
 790      70A19978 
 790      BB1074E1 
 790      00B84701 
 790      DE
 791 01ec 0038AE92 		.ascii	"\0008\256\222\327\315<0\370\307\"\275P\033>\305\364"
 791      D7CD3C30 
 791      F8C722BD 
 791      501B3EC5 
 791      F4
 792 01fd F20F2AD4 		.ascii	"\362\017*\324\315\357XI\365C\355\235\352\350\177\376"
 792      CDEF5849 
 792      F543ED9D 
 792      EAE87FFE 
 793 020d 27EAE71F 		.ascii	"'\352\347\037\341\373\011H\267\002\244\0024\302\367"
 793      E1FB0948 
 793      B702A402 
 793      34C2F7
 794 021c FF0BF2A6 		.ascii	"\377\013\362\246\224F\335\321\376\361\277!\357\201H"
 794      9446DDD1 
 794      FEF1BF21 
 794      EF8148
 795 022b 8F8E906E 		.ascii	"\217\216\220n&\250\303\177R\241-V3}R\373t\202\274R\246"
 795      26A8C37F 
 795      52A12D56 
 795      337D52FB 
 795      7482BC52 
 796 0240 DB8F55D8 		.ascii	"\333\217U\330Os\340\371\025\031=\017Q{\003\210\247\274"
 796      4F73E0F9 
 796      15193D0F 
 796      517B0388 
 796      A7BC
 797 0252 8BF44EF5 		.ascii	"\213\364N\365Mu\375\347\000\177\311\364\375=\000\235"
 797      4D75FDE7 
 797      007FC9F4 
 797      FD3D009D 
 798 0262 15F64741 		.ascii	"\025\366GA\337\247U\330\347ZX\037\374\005\353\217\264"
 798      DFA755D8 
 798      E75A581F 
 798      FC05EB8F 
 798      B4
 799 0273 5F1ED6BF 		.ascii	"_\036\326\277\226A\011\177g\241\015\250\014gY;\010z"
 799      9641097F 
 799      67A10DA8 
ARM GAS  /tmp/cczrWAkj.s 			page 65


 799      0C67593B 
 799      087A
 800 0285 7757603B 		.ascii	"wW`;\320\366\240}\361\307\254}\316\001\336\327\341\273"
 800      D0F6A07D 
 800      F1C7AC7D 
 800      CE01DED7 
 800      E1BB
 801 0297 5D0EED77 		.ascii	"]\016\355w_\371_c\277\016\314~\317\253\320\317\011~"
 801      5FF95F63 
 801      BF0ECC7E 
 801      CFABD0CF 
 801      097E
 802 02a9 6C4F897D 		.ascii	"lO\211}\212\3726W\025\372\271\013*\364}\277Pa\233\270"
 802      8AFA3657 
 802      15FAB90B 
 802      2AF47DBF 
 802      50619BB8 
 803 02bd C1E72241 		.ascii	"\301\347\"A?\350\016\317\036\000\027U\350\033?\205\317"
 803      3FE80ECF 
 803      1E001755 
 803      E81B3F85 
 803      CF
 804 02ce 7FA1F82A 		.ascii	"\177\241\370*\364\233\377/\353\033\377\037|\352\011"
 804      F49BFF2F 
 804      EB1BFF1F 
 804      7CEA09
 805 02dd FAD17F55 		.ascii	"\372\321\177Ua\273\367S\177J\363U\350g\237R\177\010"
 805      61BBF753 
 805      7F4AF355 
 805      E8679F52 
 805      7F08
 806 02ef CF63F0E9 		.ascii	"\317c\360\351\245B\037\334K\320\037{\253\344\333\373"
 806      A5421FDC 
 806      4BD01F7B 
 806      ABE4DBFB 
 807 02ff 07A2BEA3 		.ascii	"\007\242\276\243\004\234\017\210\261O\011}L\350w\177"
 807      049C0F88 
 807      B14F097D 
 807      4CE8777F 
 808 030f 01606B85 		.ascii	"\001`k\205\2767Hel\363+\360\034\247B\337\232\242B_4"
 808      BE374865 
 808      6CF32BF0 
 808      1CA742DF 
 808      9AA2425F 
 809 0324 CB7C6E9F 		.ascii	"\313|n\237\005\177\364\006t\324?1\361G\246c@\015\033"
 809      057FF406 
 809      74D43F31 
 809      F147A663 
 809      400D1B
 810 0337 675255E6 		.ascii	"gRU\346\276\211\266s\372\177b\337\243\355z\222\216_"
 810      BE89B673 
 810      FA7F62DF 
 810      A3ED7A92 
 810      8E5F
 811 0349 F099A1C2 		.ascii	"\360\231\241\302\361\347\003H\377\031\300\177\003x\225"
 811      F1E70348 
 811      FF19C07F 
ARM GAS  /tmp/cczrWAkj.s 			page 66


 811      037895
 812 0358 D91CB545 		.ascii	"\331\034\265E\241\337e\002\236R\211\355\223\005\317"
 812      A1DF6502 
 812      9E5289ED 
 812      9305CF
 813 0367 564A6CDF 		.ascii	"VJl\337lx\336e6\222\003\317/X[\345\252\320~\327\011"
 813      6C78DE65 
 813      369203CF 
 813      2F585BE5 
 813      AAD07ED7 
 814 037c CA6CDA16 		.ascii	"\312l\332\026\177\015\360}\202m\360\276\250\257}O\246"
 814      7F0DF07D 
 814      826DF0BE 
 814      A8AF7D4F 
 814      A6
 815 038d 1F7E8BB5 		.ascii	"\037~\213\265\307?*\260M\202D}\220\216e\3421\222\216"
 815      C73F2AB0 
 815      4D82447D 
 815      908E65E2 
 815      31928E
 816 03a0 6F749CA3 		.ascii	"ot\234\243\343\035\035\3676,\264I\024\341F\274\022^"
 816      E31D1DF7 
 816      362CB449 
 816      14E146BC 
 816      125E
 817 03b2 D88610EE 		.ascii	"\330\206\020\356\210\216SB2\262\245\270Y\007\311c:\356"
 817      888E5342 
 817      32B2A5B8 
 817      5907C963 
 817      3AEE
 818 03c4 1D485ECD 		.ascii	"\035H^\315\256\331e\337VS\354\262\340\345&\015Qp\364"
 818      AED965DF 
 818      5653ECB2 
 818      E0E5260D 
 818      5170F4
 819 03d7 39F35EEB 		.ascii	"9\363^\353\252\2068\360\317\367\374{{\325'\362\364\370"
 819      AA8638F0 
 819      CFF7FC7B 
 819      7BD527F2 
 819      F4F8
 820 03e9 4F9349AC 		.ascii	"O\223I\254\270\273\0341\326\222\237\273S\250S\002\347"
 820      B8BB1C31 
 820      D6929FBB 
 820      53A85302 
 820      E7
 821 03fa DC27B6DC 		.ascii	"\334'\266\334E%\315\252\362\335\273k\015\244\277\242"
 821      4525CDAA 
 821      F2DDBB6B 
 821      0DA4BFA2 
 822 040a E36848E2 		.ascii	"\343hH\342\000Y\215\313\213\2179\314\242\030\271\327"
 822      00598DCB 
 822      8B8F39CC 
 822      A218B9D7 
 823 041a 733C1DC8 		.ascii	"s<\035\310\337c\005\363-\031D\347\257\327{\351\223\274"
 823      DF6305F3 
 823      2D1944E7 
 823      AFD77BE9 
ARM GAS  /tmp/cczrWAkj.s 			page 67


 823      93BC
 824 042c F5DA0FAC 		.ascii	"\365\332\017\254\270J\3568w\233;n\305\325q|\211{\334"
 824      B84AEE38 
 824      779B3B6E 
 824      C5D5717C 
 824      897BDC
 825 043f 09AE16F2 		.ascii	"\011\256\026\362j \017\012\334\036\352.\307\032\353"
 825      6A200F0A 
 825      DC1EEA2E 
 825      C71AEB
 826 044e 39609EE3 		.ascii	"9`\236\343\353\364\275\037Vi\207\342( \231\334\335\351"
 826      EBF4BD1F 
 826      566987E2 
 826      282099DC 
 826      DDE9
 827 0460 C5A1B0AF 		.ascii	"\305\241\260\257P\341\362\303|5o\\\245\022\204y\353"
 827      50E1F2C3 
 827      7C356F5C 
 827      A5128479 
 827      EB
 828 0471 5F51701F 		.ascii	"_Qp\037\332p\215@\261\001(ZqM\334\033V\334}\252UJ\351"
 828      DA708D40 
 828      B101285A 
 828      714DDC1B 
 828      56DC7DAA 
 829 0488 6E4189A7 		.ascii	"nA\211\247\3166\320\300\017\375\332\300\222\025\327"
 829      CE36D0C0 
 829      0FFDDAC0 
 829      9215D7
 830 0497 CCD95286 		.ascii	"\314\331R\206\0205D?\251\"\316\274\030\315+\321\315"
 830      1035443F 
 830      A922CEBC 
 830      18CD2BD1 
 830      CD
 831 04a8 1A4BC5B8 		.ascii	"\032K\305\270\026\220D\\\362\311\215\205\327\220\333"
 831      1690445C 
 831      F2C98D85 
 831      D790DB
 832 04b7 AF422AAF 		.ascii	"\257B*\25748\316\032\223oB\262\245s\365\231-2_\315A"
 832      3438CE1A 
 832      936F42B2 
 832      A573F599 
 832      2D325FCD 
 833 04cc BABD687B 		.ascii	"\272\275h{\315\226|\312W#\010v\004\005\273wp\355\236"
 833      CD967CCA 
 833      57230876 
 833      0405BB77 
 833      70ED9E
 834 04df 12931A51 		.ascii	"\022\223\032Q\243\036c\215\372(b/\220\020=\207J_\336"
 834      A31E638D 
 834      FA28622F 
 834      90103D87 
 834      4A5FDE
 835 04f2 A8A4B57C 		.ascii	"\250\244\265|U\307\375\233\250I\276\212M\342\347\223"
 835      55C7FD9B 
 835      A849BE8A 
 835      4DE2E793 
ARM GAS  /tmp/cczrWAkj.s 			page 68


 836 0502 196A432E 		.ascii	"\031jC.#\352Xd@\235\032\333\244\320[\377\252\347\357"
 836      23EA5864 
 836      409D1ADB 
 836      A4D05BFF 
 836      AAE7EF
 837 0515 59715D20 		.ascii	"Yq] \312C*J\017\307\227\241\215\322\015y\217\261Q:\372"
 837      CA432A4A 
 837      0FC797A1 
 837      8DD20D79 
 837      8FB1513A 
 838 052a FDAA55E4 		.ascii	"\375\252U\344\032\026o}\272\367\302\216$c\342^qa\272"
 838      1A166F7D 
 838      BAF7C28E 
 838      2463E25E 
 838      7161BA
 839 053d 1DC96589 		.ascii	"\035\311e\211\306\254}{\362\000\023\317V\036\004\250"
 839      C6AC7D7B 
 839      F20013CF 
 839      561E04A8 
 840 054d C83826DA 		.ascii	"\3108&\332R|\033\355-T9$W\245*)=\362\212\206{\027\376"
 840      527C1BED 
 840      2D543924 
 840      57A52A29 
 840      3DF28A86 
 841 0564 1DBD418B 		.ascii	"\035\275A\213U7\336{/\353\356S\275>\342M\3362\372\240"
 841      5537DE7B 
 841      2FEBEE53 
 841      BD3EE24D 
 841      DE32FAA0 
 842 0578 D4047754 		.ascii	"\324\004wT\324v'\350\237J\372\210\005\332\263\337,\362"
 842      D47627E8 
 842      9F4AFA88 
 842      05DAB3DF 
 842      2CF2
 843 058a D6FB7BDB 		.ascii	"\326\373{\333r\275\200\377\210\341\013\325Z\261\277"
 843      72BD80FF 
 843      88E10BD5 
 843      5AB1BF
 844 0599 BF67C0DF 		.ascii	"\277g\300\337\314>v\013\361\207\001\177\320\014\277"
 844      CC3E760B 
 844      F187017F 
 844      D00CBF
 845 05a8 D3047F3F 		.ascii	"\323\004\177?\363\355do}\323?\361\354\364\313\263C\261"
 845      F3ED646F 
 845      7DD33FF1 
 845      ECF4CBB3 
 845      43B1
 846 05ba C379C304 		.ascii	"\303y\303\004\340\336\264\342\332\341\373\007T\352\001"
 846      E0DEB4E2 
 846      DAE1FB07 
 846      54EA01
 847 05c9 56808A3D 		.ascii	"V\200\212=\316\275\313\215\000\214\002\214q\357\262"
 847      CEBDCB8D 
 847      008C028C 
 847      71EFB2
 848 05d8 BE777F32 		.ascii	"\276w\1772\317\307\236Tb\247\335^\270?\241=*Oj\362\227"
 848      CFC79E54 
ARM GAS  /tmp/cczrWAkj.s 			page 69


 848      62A7DD5E 
 848      B83FA13D 
 848      2A4F6AF2 
 849 05ed 9212BCC3 		.ascii	"\222\022\274\303\021\364\016\015\373\015\311J2\202\224"
 849      11F40E0D 
 849      FB0DC94A 
 849      328294
 850 05fc 85FEFCF7 		.ascii	"\205\376\374\367\346\375\371\357\321xV\0162\306\325"
 850      E6FDF9EF 
 850      D178560E 
 850      32C6D5
 851 060b 6401D18B 		.ascii	"d\001\321\213{K\356\332\313w\350Y\216/B\331x\012y3h"
 851      7B4BEEDA 
 851      CB77E859 
 851      8E2F42D9 
 851      780A7933 
 852 0620 3B7E7BBB 		.ascii	";~{\273\241:\262\213\245\207k\352r\024\304\237\360\211"
 852      A13AB28B 
 852      A5876BEA 
 852      7214C49F 
 852      F089
 853 0632 82E9890D 		.ascii	"\202\351\211\015%\312D\377q\324\323Yq\013@e\021\245"
 853      25CA44FF 
 853      71D4D359 
 853      710B4065 
 853      11A5
 854 0644 61DCFB4E 		.ascii	"a\334\373N\245VX\223H,T\277y'\315\336\254\320\222Y\241"
 854      A5565893 
 854      482C54BF 
 854      7927CDDE 
 854      ACD09259 
 855 0659 F684FB55 		.ascii	"\366\204\373U\012q\217]\226\264\3163\316\026\361\206"
 855      0A718F5D 
 855      96B4CE33 
 855      CE16F186 
 856 0669 0E16A7EC 		.ascii	"\016\026\247\354Q5\307 9\333\0207m\207},\211\366\316"
 856      5135C720 
 856      39DB1037 
 856      6D877D2C 
 856      89F6CE
 857 067c B9F0D6DB 		.ascii	"\271\360\326\333v\344\006\326}5v\372M\222\217\3179\001"
 857      76E406D6 
 857      7D3576FA 
 857      4D928FCF 
 857      3901
 858 068e 8FBE20C5 		.ascii	"\217\276 \305\370|\243\240\247H%\257\223\015Y'\027\223"
 858      F87CA3A0 
 858      A74825AF 
 858      930D5927 
 858      1793
 859 06a0 B1D74948 		.ascii	"\261\327IH\015\226n\010\365\011\326\221&L\364\257\245"
 859      0D966E08 
 859      F509D691 
 859      264CF4AF 
 859      A5
 860 06b1 97DBC893 		.ascii	"\227\333\310\223z!K\352\316f\325}{\362\030K\317O\347"
 860      7A214BEA 
ARM GAS  /tmp/cczrWAkj.s 			page 70


 860      CE66D57D 
 860      7BF2184B 
 860      CF4FE7
 861 06c4 F428C830 		.ascii	"\364(\3100&|\374b\232\025f\232\332\001*\273\022M\335"
 861      267CFC62 
 861      9A15669A 
 861      DA012ABB 
 861      124DDD
 862 06d7 3AC8F225 		.ascii	":\310\362%d\206\025\332H\334T\231\025\3323+t-\347A\202"
 862      648615DA 
 862      48DC5499 
 862      15DA332B 
 862      742DE741 
 863 06ec C421EE4B 		.ascii	"\304!\356K\324{ \2507lh\253\312\206<C\342E\221\017\017"
 863      D47B20A8 
 863      376C68AB 
 863      CA863C43 
 863      E245910F 
 864 0701 D4640313 		.ascii	"\324d\003\023/\206S\037h\315j\362T\020\316K!\256\251"
 864      2F86531F 
 864      68CD6AF2 
 864      5410CE4B 
 864      21AEA9
 865 0714 A3E891A7 		.ascii	"\243\350\221\247=\361Q\362\205\362\232\273\307\210Y"
 865      3DF151F2 
 865      85F29ABB 
 865      C78859
 866 0723 216FB342 		.ascii	"!o\263BE{\345=\016b\366|\024b\366.)\030{\311Wb\322l"
 866      457BE53D 
 866      0E62F67C 
 866      1462F62E 
 866      29187BC9 
 867 073b C9559EB8 		.ascii	"\311U\236\270:\362\331l\273\202;J}\316\273\306\236\246"
 867      3AF2D96C 
 867      BB823B4A 
 867      7DCEBBC6 
 867      9EA6
 868 074d B4E256A1 		.ascii	"\264\342V\241\340\012m\002\312\235\037V\304\005*\336"
 868      E00A6D02 
 868      CA9D1F56 
 868      C4052ADE 
 869 075d E5820002 		.ascii	"\345\202\000\002\000\374\001\202\025|oC\3370\023D\002"
 869      00FC0182 
 869      157C6F43 
 869      DF301344 
 869      02
 870 076e 52422EEB 		.ascii	"RB.\353\223\274\010\267\011\356a\235\303\202F\026\320"
 870      93BC08B7 
 870      09EE619D 
 870      C3824616 
 870      D0
 871 077f A788DCD5 		.ascii	"\247\210\334\325v\006\321\247\276\307m\001\366s\013"
 871      7606D1A7 
 871      BEC76D01 
 871      F6730B
 872 078e D846DFD3 		.ascii	"\330F\337\323\223a\035\253\257\366QSI8\275\302\024\375"
 872      93611DAB 
ARM GAS  /tmp/cczrWAkj.s 			page 71


 872      AFF65153 
 872      4938BDC2 
 872      14FD
 873 07a0 84147B0E 		.ascii	"\204\024{\016IC\243p\333f\244M\335\346H\364\221\024"
 873      4943A370 
 873      DB66A44D 
 873      DDE648F4 
 873      9114
 874 07b2 DEAD51BE 		.ascii	"\336\255Q\276}\315H\033\275 \250\357\312b\350\377\""
 874      7DCD481B 
 874      BD20A8EF 
 874      CA62E8FF 
 874      22
 875 07c3 ADD834C9 		.ascii	"\255\3304\311\217\002\252uG\345\365v\371"
 875      8F02AA75 
 875      47E5F576 
 875      F9
 876 07d0 97EB8D0E 		.ascii	"\227\353\215\016\233\341\213s\326d\034\311\355\373O"
 876      9BE18B73 
 876      D6641CC9 
 876      EDFB4F
 877 07df 3C559319 		.ascii	"<U\223\031L\334i\274z\326\254\325\303\200h\270\244\325"
 877      4CDC69BC 
 877      7AD6ACD5 
 877      C38068B8 
 877      A4D5
 878 07f1 9F8D6F16 		.ascii	"\237\215o\026\332\213[=\\\302z\204\320\352\341\007\251"
 878      DA8B5B3D 
 878      5CC27A84 
 878      D0EAE107 
 878      A9
 879 0802 8FB56405 		.ascii	"\217\265d\005i\337-\210\010\261!\033\230\010\011\363"
 879      69DF2D88 
 879      08B1211B 
 879      980809F3 
 880 0812 7E64EE5D 		.ascii	"~d\356]\"\241\246\253\222\232\262\256\264u\030\354\320"
 880      22A1A6AB 
 880      929AB2AE 
 880      B47518EC 
 880      D0
 881 0823 C7325EC3 		.ascii	"\3072^\303\325\266\373\326b\216\256I8\212\0228*\213"
 881      D5B6FBD6 
 881      628EAE49 
 881      388A1238 
 881      2A8B
 882 0835 EBAFD190 		.ascii	"\353\257\321\220`\025\016\260q\235\236\314[7\321tzS"
 882      60150EB0 
 882      719D9ECC 
 882      5B37D174 
 882      7A53
 883 0847 C16361DC 		.ascii	"\301ca\334\247\261^`\177f\214\015\271\316#k#<\037\336"
 883      A7B15E60 
 883      7F668C0D 
 883      B9CE236B 
 883      233C1FDE 
 884 085b 51C13889 		.ascii	"Q\3018\211f\373\2560V\276{\367&\216\225\020\267\305"
 884      66FBAE30 
ARM GAS  /tmp/cczrWAkj.s 			page 72


 884      56BE7BF7 
 884      268E9510 
 884      B7C5
 885 086d 015BD725 		.ascii	"\001[\327%\365V\231\032\337\364\2357o\360\215\336\012"
 885      F556991A 
 885      DFF49D37 
 885      6FF08DDE 
 885      0A
 886 087e 36728793 		.ascii	"6r\207\223\3077\033\314b\025\307\271\030\005\264o4\253"
 886      C7371BCC 
 886      6215C7B9 
 886      1805B46F 
 886      34AB
 887 0890 81B66F12 		.ascii	"\201\266o\022\264\351\015\200T\200d\200\024\200D\200"
 887      B4E90D80 
 887      54806480 
 887      14804480 
 888 08a0 04807843 		.ascii	"\004\200xC\037\321\303\370Y\245\366\324WG\377\0237\005"
 888      1FD1C3F8 
 888      59A5F6D4 
 888      5747FF13 
 888      3705
 889 08b2 AEA383D5 		.ascii	"\256\243\203\325)\014jV\\\233\351\360\\\365J\032\317"
 889      290C6A56 
 889      5C9BE9F0 
 889      5CF54A1A 
 889      CF
 890 08c3 22288DBB 		.ascii	"\"(\215\273b&\222\211\311\003q\354 \340\350\271y3\201"
 890      62269289 
 890      C90371EC 
 890      20E0E8B9 
 890      793381
 891 08d6 1E982AA0 		.ascii	"\036\230*\240\223\003\312` \\\250<eS\3249\350\034\323"
 891      9303CA60 
 891      205CA83C 
 891      6553D439 
 891      E81CD3
 892 08e9 66649F88 		.ascii	"fd\237\210y\006\0215\200\031\002\030k\014S\350\020\342"
 892      79061135 
 892      80190218 
 892      6B0C53E8 
 892      10E2
 893 08fb 0E4D079D 		.ascii	"\016M\007\235\234\347\2536$\003[\377\340EY\242J\350"
 893      9CE7AB36 
 893      24035BFF 
 893      E04559A2 
 893      4AE8
 894 090d 473E523D 		.ascii	"G>R=\247\375\373\364L\207\353\341\335<\3110\230.a8\203"
 894      A7FDFBF4 
 894      4C87EBE1 
 894      DD3CC930 
 894      982E6138 
 895 0922 3740FA01 		.ascii	"7@\372\001\270%wRS\324\244\022\331\310\035\256\017\325"
 895      B8257752 
 895      53D4A412 
 895      D9C81DAE 
 895      0FD5
ARM GAS  /tmp/cczrWAkj.s 			page 73


 896 0934 98F5844C 		.ascii	"\230\365\204L` Kb\341\205\365\211\2675f=\301\034/\370"
 896      60204B62 
 896      E185F589 
 896      B735663D 
 896      C11C2FF8 
 897 0948 E9F5643B 		.ascii	"\351\365d;1#\331\022Fr\204\236\320\2235\026bK\232\031"
 897      3123D912 
 897      4672849E 
 897      D0933516 
 897      624B9A19 
 898 095c 13437523 		.ascii	"\023Cu#j\322\215\211\322\365\342t\025\031\306\304\366"
 898      6AD28D89 
 898      D2F5E274 
 898      1519C6C4 
 898      F6
 899 096d CD8831F3 		.ascii	"\315\2101\363\321#\037\252-\220T\033RT\276\243%\363"
 899      D1231FAA 
 899      2D90541B 
 899      5254BEA3 
 899      25F3
 900 097f 58E845EA 		.ascii	"X\350E\352\222^mV\250\320\254\320\316\365\274\012\011"
 900      925E6D56 
 900      A8D0ACD0 
 900      CEF5BC0A 
 900      09
 901 0990 AF45125E 		.ascii	"\257E\022^o2^\311\355\234\362V[\016\272\236\320\353"
 901      6F325EC9 
 901      ED9CF256 
 901      5B0EBA9E 
 901      D0EB
 902 09a2 C8D09350 		.ascii	"\310\320\223Pt\3729\314H\213\345\215T\342&\015\221p"
 902      74FA39CC 
 902      488BE58D 
 902      54E2260D 
 902      9170
 903 09b4 2E2B409B 		.ascii	".+@\233\367\0264c\211xHY\312c\026\015\325sy\362\244"
 903      F7163463 
 903      89784859 
 903      CA63160D 
 903      D57379F2 
 904 09c9 792BA57E 		.ascii	"y+\245~\331o\276\314\206D\251y\251\207\006\373G\310"
 904      D96FBECC 
 904      8644A979 
 904      A98706FB 
 904      47C8
 905 09db 51F91A4B 		.ascii	"Q\371\032K\345k\344\312\024G\241\344\345\325;\001\222"
 905      E56BE4CA 
 905      1447A1E4 
 905      E5D53B01 
 905      92
 906 09ec 51B44C52 		.ascii	"Q\264LRe9\032O9o<S\351-_\240\317:\016\251\301\316\253"
 906      65391A4F 
 906      396F3C53 
 906      E92D5FA0 
 906      CF3A0EA9 
 907 0a03 E15A1AC6 		.ascii	"\341Z\032\306\350YI\3107\026\274\255\320Q\206\271\012"
 907      E85949C8 
ARM GAS  /tmp/cczrWAkj.s 			page 74


 907      3716BCAD 
 907      D05186B9 
 907      0A
 908 0a14 051FC2CC 		.ascii	"\005\037\302\314\370\266\355\263\011\322[t\256\260["
 908      F8B6EDB3 
 908      09D25B74 
 908      AEB05B
 909 0a23 7397B9BB 		.ascii	"s\227\271\2731\032\202u\277\270\263mKn\360\302\020\317"
 909      311A8275 
 909      BFB8B36D 
 909      4B6EF0C2 
 909      10CF
 910 0a35 C0ED7EC2 		.ascii	"\300\355~\302\351\216s@\214\343\303$}\212\236@\037\371"
 910      E98E7340 
 910      8CE3C324 
 910      7D8A9E40 
 910      1FF9
 911 0a47 F671EE3D 		.ascii	"\366q\356=\020\350\016\010t\227\222\277\007}\246\032"
 911      10E80E08 
 911      749792BF 
 911      077DA61A 
 912 0a57 E8C7E835 		.ascii	"\350\307\3505|F\214\036\260\237\375\033\377L\347N\313"
 912      7C468C1E 
 912      B09FFD1B 
 912      FF4CE74E 
 912      CB
 913 0a68 3D6BCA23 		.ascii	"=k\312#aL)\177\306\321|\256\012\312T*(\2075\212#\310"
 913      614C297F 
 913      C6D17CAE 
 913      0ACA542A 
 913      2887358A 
 914 0a7e 263ED388 		.ascii	"&>\323\210bi*M\213L\326P\002\323\375+\205\226%\254c"
 914      62692A4D 
 914      8B4CD650 
 914      02D3FD2B 
 914      859625AC 
 915 0a93 12D6A284 		.ascii	"\022\326\242\204)>5W\330t\274\226\246\275\233;\033\324"
 915      293E3557 
 915      D874BC96 
 915      A6BD9B3B 
 915      1BD4
 916 0aa5 286218F5 		.ascii	"(b\030\365\350\236\233e\371ZSn\356\0037\365<7\015\224"
 916      E89E9B65 
 916      F95A536E 
 916      EE0337F5 
 916      3C370D94 
 917 0ab9 9B3AE4A6 		.ascii	"\233:\344\246\201\347f\243b\261S\215\004\375\355\350"
 917      81E766A3 
 917      62B1538D 
 917      04FDEDE8 
 918 0ac9 FCB4767A 		.ascii	"\374\264vz\237\315\024\207\370(9*-Y\313t\250\242ATG"
 918      9FCD1487 
 918      F828392A 
 918      2D59CB74 
 918      A8A24154 
 919 0ade D6061B52 		.ascii	"\326\006\033R\374m \235]9\033\255\300\264\236\316\250"
 919      FC6D209D 
ARM GAS  /tmp/cczrWAkj.s 			page 75


 919      5D391BAD 
 919      C0B49ECE 
 919      A8
 920 0aef 3D0782D3 		.ascii	"=\007\202\323\254\021_Og\236\031>\225\375Z\222\201\006"
 920      AC115F4F 
 920      679E193E 
 920      95FD5A92 
 920      8106
 921 0b01 543D7679 		.ascii	"T=vy\213 \362\001m\220\236\216\235d\245E\321;\230\350"
 921      8B20F201 
 921      6D909E8E 
 921      9D64A545 
 921      D13B98E8 
 922 0b15 ED28FA62 		.ascii	"\355(\372b\340^\224\203\251hm Z+/Z'\025\255\203\027"
 922      E05E9483 
 922      A9686D20 
 922      5A2B2F5A 
 922      2715AD83 
 923 0b2a 0D9003FC 		.ascii	"\015\220\003\374\012>\307\212\312u\264\307\207\225\371"
 923      0A3EC78A 
 923      CA75B4C7 
 923      8795F9
 924 0b39 32A93AF9 		.ascii	"2\251:\371Pp\341\356%\025\343\222J\325t3!\321\232\344"
 924      5070E1EE 
 924      2515E392 
 924      4AD57433 
 924      21D19AE4 
 925 0b4d 23970FAF 		.ascii	"#\227\017\257\014\214\262\006\372\016-\233\027\373\271"
 925      0C8CB206 
 925      FA0E2D9B 
 925      17FBB9
 926 0b5c 8568C4FB 		.ascii	"\205h\304\373\245\242\221\266\342\370\011{R\202\304"
 926      A5A291B6 
 926      E2F8097B 
 926      5282C4
 927 0b6b EB66A7FC 		.ascii	"\353f\247\374u\344\036\237P\254fn\336Qp\302\274\024"
 927      75E41E9F 
 927      50AC666E 
 927      DE5170C2 
 927      BC14
 928 0b7d 42BDB83A 		.ascii	"B\275\270:\026\352\011\321\330\300!\275\036T\306\263"
 928      16EA09D1 
 928      D8C021BD 
 928      1E54C6B3 
 929 0b8d 6388EBFB 		.ascii	"c\210\353\373X\001\312N\277\241\372\301\355\373^\016"
 929      5801CA4E 
 929      BFA1FAC1 
 929      EDFB5E0E 
 930 0b9d A40DABF7 		.ascii	"\244\015\253\367I\276\225k}T\276\370\240l\361\272\262"
 930      49BE956B 
 930      7D54BEF8 
 930      A06CF1BA 
 930      B2
 931 0bae C159D6C0 		.ascii	"\301Y\326\300\357\321\011`I\177\017[\036\322\023\272"
 931      EFD10960 
 931      497F0F5B 
 931      1ED213BA 
ARM GAS  /tmp/cczrWAkj.s 			page 76


 932 0bbe 0490B259 		.ascii	"\004\220\262Y\316\221A\244>\237=\360\330\236\214cBf"
 932      CE9141A4 
 932      3E9F3DF0 
 932      D89E8C63 
 932      4266
 933 0bd0 C5A7BAF8 		.ascii	"\305\247\272\370\366-[2\207\337_\036K\3155w\274\023"
 933      F62D5B32 
 933      87DF5F1E 
 933      4BCD3577 
 933      BC13
 934 0be2 C0C4A4C4 		.ascii	"\300\304\244\304\207V\357\224\017\332\222\035,t\313"
 934      8756EF94 
 934      0FDA921D 
 934      2C74CB
 935 0bf1 BF6ACCD6 		.ascii	"\277j\314\326\254\320\224Y\241\216\336\252\307Z\261"
 935      ACD09459 
 935      A18EDEAA 
 935      C75AB1
 936 0c00 C3792251 		.ascii	"\303y\"Q\344\2640H\014\227\266f\330\361LB\0267\256\340"
 936      E4B43048 
 936      0C97B666 
 936      D8F14C42 
 936      1637AEE0 
 937 0c14 D98CEF29 		.ascii	"\331\214\357)h\221,\003\235y]\264\014\364T\361\206\025"
 937      68912C03 
 937      9D795DB4 
 937      0CF454F1 
 937      8615
 938 0c26 37A360CB 		.ascii	"7\243`\313@-\273\273\327\225\342\212\340kQE\263\012"
 938      402DBBBB 
 938      D795E28A 
 938      E06B5145 
 938      B30A
 939 0c38 E3624E66 		.ascii	"\343bNfYd\216\015\011\262\346\005y\336\336\372\324b"
 939      59648E0D 
 939      09B2E605 
 939      79DEDEFA 
 939      D462
 940 0c4a 396E0E04 		.ascii	"9n\016\004\022\027\035\276t\273^C\"\261h\313D\351\307"
 940      12171DBE 
 940      74BB5E43 
 940      22B168CB 
 940      44E9C7
 941 0c5d 24019FA7 		.ascii	"$\001\237\247ozgi,,\207,*\344V`\212\0073+mH!\026\217"
 941      6F7A6769 
 941      2C2C872C 
 941      2AE45660 
 941      8A07332B 
 942 0c76 8A8ABAA5 		.ascii	"\212\212\272\245!U\230\010\250\016\254\327\221\026>"
 942      21559808 
 942      A80EACD7 
 942      91163E
 943 0c85 A1B857E4 		.ascii	"\241\270W\344\037\2476\230\346\301\026\271\343\327\010"
 943      1FA73698 
 943      E6C116B9 
 943      E3D708
 944 0c94 A619FC1E 		.ascii	"\246\031\374\036\277\006\262\002\244\327\024\3425\015"
ARM GAS  /tmp/cczrWAkj.s 			page 77


 944      BF06B202 
 944      A4D714E2 
 944      350D
 945 0ca2 A969167A 		.ascii	"\251i\026zc\\g\340\345\031+@\231Y5\330Vsr\301\222\035"
 945      635C67E0 
 945      E5192B40 
 945      995935D8 
 945      567372C1 
 946 0cb8 09D5F0D5 		.ascii	"\011\325\360\325\367v>oeMkV|]\266\370z\375\012\014\311"
 946      F7763E6F 
 946      654D6B56 
 946      7C5DB6F8 
 946      7AFD0A0C 
 947 0ccd 89583C2F 		.ascii	"\211X</i-\201\220\033\230\030\317\255\015P\223tLdm\204"
 947      692D8190 
 947      1B9818CF 
 947      AD0D5093 
 947      744C646D 
 948 0ce2 C4319745 		.ascii	"\3041\227E\307\227\333\335\2557\354\231G\243_/\014\004"
 948      C797DBDD 
 948      AD37EC99 
 948      47A35F2F 
 948      0C04
 949 0cf4 95712407 		.ascii	"\225q$\007q\223j\307\277I\212\360\331w*o\217\220RL4"
 949      71936AC7 
 949      BF498AF0 
 949      D9772A6F 
 949      8F90524C 
 950 0d09 7435AF72 		.ascii	"t5\257r\346\323Y\340k_bx\001w\363\317\222z,sk\256\254"
 950      E6D359E0 
 950      6B5F6278 
 950      0177F3CF 
 950      927A2C73 
 951 0d20 D13C4A38 		.ascii	"\321<J80+3V\262\033\313\211mAO\304\306\352I\230\261"
 951      302B3356 
 951      B21BCB89 
 951      6D414FC4 
 951      C6EA4998 
 952 0d35 3E6DDA7C 		.ascii	">m\332|\242!\217\221\370fsT\216\035\031\300Dp\320x\252"
 952      A2218F91 
 952      F8667354 
 952      8E1D19C0 
 952      4470D078 
 953 0d4a B5FC64DF 		.ascii	"\265\374d\337\233\310L\366\225M\327\307\377\204\217"
 953      9BC84CF6 
 953      954DD7C7 
 953      FF848F
 954 0d59 F559C091 		.ascii	"\365Y\300\221\240j\027\\\017T\307\355R\307F\016\213"
 954      A06A175C 
 954      0F54C7ED 
 954      52C7460E 
 954      8B
 955 0d6a 5DF7E3D9 		.ascii	"]\367\343\331\344\316\207\3508/b\212n\214J%\236s\033"
 955      E4CE87E8 
 955      382F628A 
 955      6E8C4A25 
 955      9E731B
ARM GAS  /tmp/cczrWAkj.s 			page 78


 956 0d7d DCF5168D 		.ascii	"\334\365\026\215?\367X\005\224-\177\362.w\011\300\227"
 956      3FF75805 
 956      942D7FF2 
 956      2E7709C0 
 956      97
 957 0d8e 888394F8 		.ascii	"\210\203\224\370cH\237\262\243\227g\207\005\275\033"
 957      63489FB2 
 957      A3976787 
 957      05BD1B
 958 0d9d 97EF0CDB 		.ascii	"\227\357\014\333\036\225\257\347\300r=\324\323W\305"
 958      1E95AFE7 
 958      C0723DD4 
 958      D357C5
 959 0dac 2FDA916B 		.ascii	"/\332\221kZ\252CU\332\342\366\026\307\361\323\037\214"
 959      5AAA4355 
 959      DAE2F616 
 959      C7F1D31F 
 959      8C
 960 0dbd B9977354 		.ascii	"\271\227sT\211)]z^)\001@c\007h\005\303\247@\334R\024"
 960      89295D7A 
 960      5E290140 
 960      63076805 
 960      C3A740DC 
 961 0dd3 66584E9B 		.ascii	"fXN\233`\005h\345APq\010\300e\200P\261\240\373\261\307"
 961      600568E5 
 961      41507108 
 961      C0658050 
 961      B1A0FBB1 
 962 0de8 527941C1 		.ascii	"RyA\301K>g\005\344&\311lN\035{\004\261\347\301;\274"
 962      4B3E6705 
 962      E426C96C 
 962      4E1D7B04 
 962      B1E7C13B 
 963 0dfd 3043375B 		.ascii	"0C7[\013\0308\216\241\036m\245@\"O]\210\365\012Cb\036"
 963      0B18388E 
 963      A11E6DA5 
 963      40224F5D 
 963      88F50A43 
 964 0e13 DA1D9517 		.ascii	"\332\035\225\027e\352pQ\240t\332^\334\232\035y\240\305"
 964      65EA7051 
 964      A074DA5E 
 964      DC9A1D79 
 964      A0C5
 965 0e25 297CC79D 		.ascii	")|\307\235NBz\371\204\372Aqo\220\371j\010t\357\021P"
 965      4E427AF9 
 965      84FA4171 
 965      6F90F96A 
 965      0874EF11 
 966 0e3a E4306DA5 		.ascii	"\3440m\245p\340\354\012\243\036\015T#\001\256\002\\"
 966      70E0EC0A 
 966      A31E0D54 
 966      2301AE02 
 966      5C
 967 0e4b 038822A2 		.ascii	"\003\210\"\242\231\336A\245*\177\262\005\375\320\006"
 967      99DE41A5 
 967      2A7FB205 
 967      FDD006
ARM GAS  /tmp/cczrWAkj.s 			page 79


 968 0e5a F4A16505 		.ascii	"\364\241e\005\0264\372\241\007&\012\233\216{\353&\256"
 968      1634FAA1 
 968      07260A9B 
 968      8E7BEB26 
 968      AE
 969 0e6b C52E41B8 		.ascii	"\305.A\270\260`\206\377\304\004\277=\376\315d\203\202"
 969      B06086FF 
 969      C404BF3D 
 969      FECD6483 
 969      82
 970 0e7c C718BA51 		.ascii	"\307\030\272Qcfs\311\370#\311B\353E\020yl\2419\200\377"
 970      636673C9 
 970      F823C942 
 970      EB451079 
 970      6CA13980 
 971 0e91 F6D8D723 		.ascii	"\366\330\327#\364\024=\014\3606\031u\343LUl\325\305"
 971      F4143D0C 
 971      F0361975 
 971      E34C556C 
 971      D5C5
 972 0ea3 77F64B1C 		.ascii	"w\366K\034\310\016\352s\350\240\270TuT^y1\277\\y4\212"
 972      C80EEA73 
 972      E8A0B854 
 972      75545E79 
 972      31BF5C79 
 973 0eb9 C9B83C47 		.ascii	"\311\270<G\210\037\256\303\336\335\333n\320\220@Ld\246"
 973      881FAEC3 
 973      DEDDDB6E 
 973      D090404C 
 973      64A6
 974 0ecb ACDDB3B0 		.ascii	"\254\335\263\260\261\022/\347;T\245\331Q\373\366\270"
 974      B1122FE7 
 974      3B54A5D9 
 974      51FBF6B8 
 975 0edb 5080523D 		.ascii	"P\200R=oU\015\337J\015\320\353\353=\325\\,\2602\012"
 975      6F550DDF 
 975      4A0DD0EB 
 975      EB3DD55C 
 975      2CB0320A 
 976 0eef 9225C1A7 		.ascii	"\222%\301\247\300\243\311\262\023\235\262_'\371\020"
 976      C0A3C9B2 
 976      139DB25F 
 976      27F910
 977 0efe 7107D872 		.ascii	"q\007\330r=lVK\361\215\263\332n\205As\022\251\037\001"
 977      3D6C564B 
 977      F18DB3DA 
 977      6E854173 
 977      12A91F01 
 978 0f12 C52EFEBB 		.ascii	"\305.\376\273$&r2\210y\035\340\006@\242\270c5$\220\212"
 978      24267232 
 978      88791DE0 
 978      0640A2B8 
 978      63352490 
 979 0f27 62BE8A04 		.ascii	"b\276\212\0040\3768\202U\310\317\363\201\243\236\353"
 979      30FE3882 
 979      55C8CFF3 
 979      81A39EEB 
ARM GAS  /tmp/cczrWAkj.s 			page 80


 980 0f37 2417D187 		.ascii	"$\027\321\207\200\243^\205):r\304\032\247O?\333\302"
 980      80A35E85 
 980      293A72C4 
 980      1AA74F3F 
 980      DBC2
 981 0f49 82A24C1A 		.ascii	"\202\242L\032_V\314=\371\224\334F}^\212^+\321\222\032"
 981      5F56CC3D 
 981      F994DC46 
 981      7D5E8A5E 
 981      2BD1921A 
 982 0f5d 4C44F637 		.ascii	"LD\3667T\233/\003\245\0013\351D<\004,\207\\J\2676\233"
 982      549B2F03 
 982      A50133E9 
 982      443C042C 
 982      875C4AB7 
 983 0f73 FC9AE325 		.ascii	"\374\232\343%G\007\335\225\204\015\031\022&3\205\241"
 983      4707DD95 
 983      840D1912 
 983      263385A1 
 984 0f83 627CA2C0 		.ascii	"b|\242\300GA\036!\023\225\365\227J\355\310\004&\222"
 984      47411E21 
 984      1395F597 
 984      4AEDC804 
 984      2692
 985 0f95 E2FA2A74 		.ascii	"\342\372*tf\034eCM9R"
 985      661C6543 
 985      4D3952
 986 0fa0 8EEA12D2 		.ascii	"\216\352\022\322\255\311\032\026\032M|z\331|$\3135+"
 986      ADC91A16 
 986      1A4D7C7A 
 986      D97C24CB 
 986      352B
 987 0fb2 547CB324 		.ascii	"T|\263$L\022v\345I\330\313g\354\221\220\250\275\025"
 987      4C1276E5 
 987      49D8CB67 
 987      EC9190A8 
 987      BD15
 988 0fc4 2D7509F2 		.ascii	"-u\011\362\223\311, \\\300\332\267\010\332\265P\322"
 988      93C92C20 
 988      5CC0DAB7 
 988      08DAB550 
 988      D2
 989 0fd5 AE2FD8F4 		.ascii	"\256/\330\364\025\250\361\323\327\202\303\007\252\345"
 989      15A8F1D3 
 989      D782C307 
 989      AAE5
 990 0fe3 D7D16382 		.ascii	"\327\321c\202n\370\211\264\014:k\325\345~\257j\007\342"
 990      6EF889B4 
 990      0C3A6BD5 
 990      E57EAF6A 
 990      07E2
 991 0ff5 6D835B50 		.ascii	"m\203[P=\267\236\250-Lv"
 991      3DB79EA8 
 991      2D4C76
 992 1000 6FCAF347 		.ascii	"o\312\363GW\011v\313W\330&@\0305\214\231\346\365\002"
 992      570976CB 
 992      57D82640 
ARM GAS  /tmp/cczrWAkj.s 			page 81


 992      18358C99 
 992      E6F502
 993 1013 2D894092 		.ascii	"-\211@\222\251\217n\017\252I\002\237 \351\261^\0136"
 993      A98F6E0F 
 993      AA49029F 
 993      20E9B15E 
 993      0B36
 994 1025 1C6E4AE9 		.ascii	"\034nJ\351\251c\027\233_)TPq\230\2656\304\211\373O\011"
 994      A963179B 
 994      5F295450 
 994      7198B536 
 994      C489FB4F 
 995 103a 4337F69F 		.ascii	"C7\366\237\0232\335G\344\317\255xt\312~\031\260_n`\177"
 995      1332DD47 
 995      E4CFAD78 
 995      74CA7E19 
 995      B05F6E60 
 996 104f 76BF6046 		.ascii	"v\277`FIRm$\263\265\267\330lM\330\314y\013m\242\253"
 996      49526D24 
 996      B3B5B7D8 
 996      6C4DD8CC 
 996      790B6DA2 
 997 1064 6F2E5141 		.ascii	"o.QAr\020w!0'\206m\\\230L\243\011_\200VUE`RL\370 t8"
 997      72107721 
 997      3027866D 
 997      5C984CA3 
 997      095F8056 
 998 1081 61794D49 		.ascii	"ayMI\356`\331\276\321\206f\216\324a\342\346H`\023\321"
 998      EE60D9BE 
 998      D186668E 
 998      D461E2E6 
 998      486013D1 
 999 1095 F8F284EA 		.ascii	"\370\362\204\352\304\204\252\201P\015\321\360\306&&"
 999      C484AA81 
 999      500DD1F0 
 999      C62626
 1000 10a4 E599E6F9 		.ascii	"\345\231\346\371w\244\013\013G\257\255>\263\225+\\k"
 1000      77A40B0B 
 1000      47AFAD3E 
 1000      B3952B5C 
 1000      6B
 1001 10b5 A1F06ACC 		.ascii	"\241\360j\314\370\034[0\360\247\315u\243\263/\311\236"
 1001      F81C5B30 
 1001      F0A7CD75 
 1001      A3B32FC9 
 1001      9E
 1002 10c6 4C2235FF 		.ascii	"L\"5\377\251\215;6\202L>\207-\015\320\030n\2516\214"
 1002      A98D3B36 
 1002      824C3E87 
 1002      2D0DD018 
 1002      6EA9368C 
 1003 10da 882DBF81 		.ascii	"\210-\277\201\210\347\262\215B\307\364\232(\355\341"
 1003      88E7B28D 
 1003      42C7F49A 
 1003      28EDE1
 1004 10e9 C81CD670 		.ascii	"\310\034\326p\303/\275O\303\326c\371y\351^Lk\2005Y\306"
 1004      C32FBD4F 
ARM GAS  /tmp/cczrWAkj.s 			page 82


 1004      C3D663F9 
 1004      79E95E4C 
 1004      6B803559 
 1005 10fe 6F851DA4 		.ascii	"o\205\035\244#l\007\251}\375\352\232\203\305\331r\033"
 1005      236C07A9 
 1005      7DFDEA9A 
 1005      83C5D972 
 1005      1B
 1006 110f C1D9722B 		.ascii	"\301\331r+J6R0X\257$[H\251}\361R\204\215\205Y\302\003"
 1006      4A365230 
 1006      58AF245B 
 1006      48A97DF1 
 1006      52848D85 
 1007 1126 22374BC8 		.ascii	"\"7K\310\017\177Qog\234l\277\311\265\2038\315\240\270"
 1007      0F7F516F 
 1007      679C6CBF 
 1007      C9B58338 
 1007      CDA0B8
 1008 1139 7AC24FCD 		.ascii	"z\302O\315\311\021\254\221\227\2511r\251DA|l\321,\202"
 1008      C911AC91 
 1008      97A93172 
 1008      A944417C 
 1008      6CD12C82 
 1009 114d 0A67D882 		.ascii	"\012g\330\202\302S\272\2400\236\331\356\303\246\332"
 1009      C253BAA0 
 1009      309ED9EE 
 1009      C3A6DA
 1010 115c D54BFCBA 		.ascii	"\325K\374\272\\\324\203v{\022\202\330{3\265\371*\304"
 1010      5CD48376 
 1010      7B1282D8 
 1010      7B33B5F9 
 1010      2AC4
 1011 116e EEE363F5 		.ascii	"\356\343c\365\304\314z;\022\215_\316wT\337\262\2213"
 1011      C4CC7A3B 
 1011      128D5FCE 
 1011      7754DFB2 
 1011      9133
 1012 1180 AA6E59A3 		.ascii	"\252nY\243*\334||]I\222\260\254gNd\241\216\344`\242"
 1012      2ADC7C7C 
 1012      5D4992B0 
 1012      AC674E64 
 1012      A18EE460 
 1013 1195 EAF1ED50 		.ascii	"\352\361\355P\216\334\304D[y\333\244\226\334\306\304"
 1013      8EDCC444 
 1013      5B79DBA4 
 1013      96DCC6C4 
 1014 11a5 4486EF8C 		.ascii	"D\206\357\214\371\316\341\000\320\037\2248\266\250\322"
 1014      F9CEE100 
 1014      D01F9438 
 1014      B6A8D2
 1015 11b4 88521D69 		.ascii	"\210R\035i\305B+\365\227\233\225f\316z\310\254P\356"
 1015      C5422BF5 
 1015      979B9566 
 1015      CE7AC8AC 
 1015      50EE
 1016 11c6 DE44A4E4 		.ascii	"\336D\244\344\210\300\260\244K\217\010\336\260\272?"
 1016      88C0B0A4 
ARM GAS  /tmp/cczrWAkj.s 			page 83


 1016      4B8F08DE 
 1016      B0BA3F
 1017 11d5 A04F69D1 		.ascii	"\240Oi\321\033Zq\243\254\257\216A_\035\227\304\216w"
 1017      1B5A71A3 
 1017      ACAF8E41 
 1017      5F1D97C4 
 1017      8E77
 1018 11e7 48333A0D 		.ascii	"H3:\015\240\305\365\003\003\243\2079\215\351\273$\016"
 1018      A0C5F503 
 1018      03A38739 
 1018      8DE9BB24 
 1018      0E
 1019 11f8 D1FF01D4 		.ascii	"\321\377\001\324-\217-\004\203\323\005\241\277GFxyI"
 1019      2D8F2D04 
 1019      83D305A1 
 1019      BF474678 
 1019      7949
 1020 120a 447DB48F 		.ascii	"D}\264\217eom\305M2\376\236\000\177Sb\376\246\253H9"
 1020      656F6DC5 
 1020      4D32FE9E 
 1020      007F5362 
 1020      FEA6AB48 
 1021 121f 5628F8EA 		.ascii	"V(\370\352\311C}\365R%\2514\016\331\023D\026\2379\353"
 1021      C9437DF5 
 1021      5225A934 
 1021      0ED91344 
 1021      169F39EB 
 1022 1233 DB5B31E1 		.ascii	"\333[1\341\032\362\324\226\315\264\226osd\015\023\321"
 1022      1AF2D496 
 1022      CDB4966F 
 1022      73640D13 
 1022      D1
 1023 1244 5E99C1F6 		.ascii	"^\231\301\366r^`\006\010>\225\361\002\261\367\242\323"
 1023      725E6006 
 1023      083E95F1 
 1023      02B1F7A2 
 1023      D3
 1024 1255 AC89B71D 		.ascii	"\254\211\267\035_\372\372dJ\200R\256\364\254\205\322"
 1024      5FFAFA64 
 1024      4A8052AE 
 1024      F4AC85D2 
 1025 1265 977B9EF7 		.ascii	"\227{\236\367i\311U,\335U\\\024mG\0220\221\272\265\\"
 1025      69C9552C 
 1025      DD555C14 
 1025      6D471230 
 1025      91BAB55C 
 1026 1279 664B5231 		.ascii	"fKR1\321\275\034\345\247\220\017\263\026\211\334v\367"
 1026      D1BD1CE5 
 1026      A7900FB3 
 1026      1689DC76 
 1026      F7
 1027 128a E2E5D57D 		.ascii	"\342\345\325}k\222\203\245\373\375\326[T\244\230O(w"
 1027      6B9283A5 
 1027      FBFDD65B 
 1027      54A4984F 
 1027      2877
 1028 129c 27370F34 		.ascii	"'7\0174\034\213\277h\314ZN\256\243\332\226@m\313@m\325"
ARM GAS  /tmp/cczrWAkj.s 			page 84


 1028      1C8BBF68 
 1028      CC5A4EAE 
 1028      A3DA9640 
 1028      6DCB406D 
 1029 12b1 829A6527 		.ascii	"\202\232e'IV<:\255}\035\032p\005`M\334\210s\025\004"
 1029      49563C3A 
 1029      AD7D1D1A 
 1029      7005604D 
 1029      DC887315 
 1030 12c6 C75B4A7C 		.ascii	"\307[J|\301\214\270\351\206\342\\\276\010\375\231</"
 1030      C18CB8E9 
 1030      86E25CBE 
 1030      08FD993C 
 1030      2F
 1031 12d7 AC09B33A 		.ascii	"\254\011\263:+\352\330`\371\373\220L\010\250\316eK\215"
 1031      2BEAD860 
 1031      F9FB904C 
 1031      08A8CE65 
 1031      4B8D
 1032 12e9 49746969 		.ascii	"Itii\263\243\371\222=\251B\005\010\353\214\307\330:"
 1032      B3A3F992 
 1032      3DA94205 
 1032      08EB8CC7 
 1032      D83A
 1033 12fb 63EB4620 		.ascii	"c\353F \314\355j\361\313\261\230\324k\314\347X\323\325"
 1033      CCED6AF1 
 1033      CBB198D4 
 1033      6BCCE758 
 1033      D3D5
 1034 130d BCDDE8AB 		.ascii	"\274\335\350\253\012\213\216r\2079\312ml\276\250\313"
 1034      0A8B8E72 
 1034      8739CA6D 
 1034      6CBEA8CB 
 1035 131d 39939288 		.ascii	"9\223\222\210\212.+\032\261w\211q\025&k`j\202\030\235"
 1035      8A2E2B1A 
 1035      B1778971 
 1035      15266B60 
 1035      6A82189D 
 1036 1331 A292FFF2 		.ascii	"\242\222\377\362\005X\002N\"\366\250S\334\021\234bi"
 1036      0558024E 
 1036      22F6A853 
 1036      DC119C62 
 1036      69
 1037 1342 7354BD8A 		.ascii	"sT\275\2124\333I\226\024\217\341\222\342\342\213\365"
 1037      34DB4996 
 1037      148FE192 
 1037      E2E28BF5 
 1038 1352 797BD289 		.ascii	"y{\322\211\337\225u\304D1\346\325t\324\335\032y\252"
 1038      DF9575C4 
 1038      4431E6D5 
 1038      74D4DD1A 
 1038      79AA
 1039 1364 B1C8BC97 		.ascii	"\261\310\274\227\022\231\367T\3428\232\337>\2542]\023"
 1039      1299F754 
 1039      E2389ADF 
 1039      3EAC325D 
 1039      13
ARM GAS  /tmp/cczrWAkj.s 			page 85


 1040 1375 3D20281C 		.ascii	"= (\034\314\375\225G\260\010\317Qg{\345\204\035\351"
 1040      CCFD9547 
 1040      B008CF51 
 1040      677BE584 
 1040      1DE9
 1041 1387 C55A8782 		.ascii	"\305Z\207\202\327\25282\316'\324%[\235\353:\266\365"
 1041      D7AA3832 
 1041      CE27D425 
 1041      5B9DEB3A 
 1041      B6F5
 1042 1399 C7E28B3C 		.ascii	"\307\342\213<\222\200\361\005H\305mA3\372+\217\212d"
 1042      9280F105 
 1042      48C56D41 
 1042      33FA2B8F 
 1042      8A64
 1043 13ab 15CD1CD9 		.ascii	"\025\315\034\331\3044Wl\203\373\254\200\334DVb\203\233"
 1043      C434576C 
 1043      83FBAC80 
 1043      DC445662 
 1043      839B
 1044 13bd 407183E7 		.ascii	"@q\203\347\225\242\363\263K\345\273\\\000@ \200\037"
 1044      95A2F3B3 
 1044      4BE5BB5C 
 1044      00402080 
 1044      1F
 1045 13ce 80AF5264 		.ascii	"\200\257Rd\213\333\331\"\343\362Q\232V\"\361'\324\341"
 1045      8BDBD922 
 1045      E3F2519A 
 1045      5622F127 
 1045      D4E1
 1046 13e0 E5907890 		.ascii	"\345\220x\220\002&\177\240\011N\317\360\215\3721\333"
 1046      02267FA0 
 1046      094ECFF0 
 1046      8DFA31DB 
 1047 13f0 0CCF160B 		.ascii	"\014\317\026\013qI\236>\032\257f\242\357N\215\232\303"
 1047      71499E3E 
 1047      1AAF66A2 
 1047      EF4E8D9A 
 1047      C3
 1048 1401 BDD2A34C 		.ascii	"\275\322\243LkKwI\024?\275\243\216\265\027t\020\241"
 1048      6B4B7749 
 1048      143FBDA3 
 1048      8EB51774 
 1048      10A1
 1049 1413 14CF35BB 		.ascii	"\024\3175\273\024\322\352Fn\223\202B\236\2759\360+\323"
 1049      14D2EA46 
 1049      6E938242 
 1049      9EBD39F0 
 1049      2BD3
 1050 1425 0C1FDD8D 		.ascii	"\014\037\335\215\351\326*\245^\305\250S\247\370XaJ="
 1050      E9D62AA5 
 1050      5EC5A853 
 1050      A7F85861 
 1050      4A3D
 1051 1437 C6847A7B 		.ascii	"\306\204z{\026\311\227:\337\010ya\230\354\367H\0022"
 1051      16C9973A 
 1051      DF087961 
ARM GAS  /tmp/cczrWAkj.s 			page 86


 1051      98ECF748 
 1051      0232
 1052 1449 D343F098 		.ascii	"\323C\360\230\201\230\231\307D:\224lV0^h\357\236g\234"
 1052      819899C7 
 1052      443A946C 
 1052      56305E68 
 1052      EF9E679C 
 1053 145d 1B1D8A71 		.ascii	"\033\035\212q\262$i\355f@h\342\277\212`\255\035\012"
 1053      B22469ED 
 1053      664068E2 
 1053      BF8A60AD 
 1053      1D0A
 1054 146f 2D7C0520 		.ascii	"-|\005 \034\3402@\010@0@\230R4\353o\311#\236|\253\323"
 1054      1CE03240 
 1054      08403040 
 1054      985234EB 
 1054      6FC9239E 
 1055 1486 D678CE2A 		.ascii	"\326x\316*3Z\216x\334\262\331Jo)\263c\315\"\3303Uu("
 1055      335A8E78 
 1055      DCB2D94A 
 1055      6F29B363 
 1055      CD22D833 
 1056 149d 49446540 		.ascii	"IDe@$\3065\001\2158\2112\352M\344k\217#Wy\371h\234L"
 1056      24C63501 
 1056      8D388932 
 1056      EA4DE46B 
 1056      8F235779 
 1057 14b5 4F515074 		.ascii	"OQPtc\364\\LL\314\277'\206\344\241\366\356\202\366n"
 1057      63F45C4C 
 1057      4CCCBF27 
 1057      86E4A1F6 
 1057      EE82F66E 
 1058 14c9 33FA82F6 		.ascii	"3\372\202\366\020\375\333\306\350=\221R\247\213\022"
 1058      10FDDBC6 
 1058      E83D9152 
 1058      A78B12
 1059 14d8 49AC2929 		.ascii	"I\254))\266qn\373P!\345f\340\036S\000\025\374\021#n"
 1059      B6716EFB 
 1059      5021E566 
 1059      E01E5300 
 1059      15FC1123 
 1060 14ed 5466A309 		.ascii	"Tf\243\011\372f\010\271\202\344!N\343Z\004|C\364f\322"
 1060      FA6608B9 
 1060      82E4214E 
 1060      E35A047C 
 1060      43F466D2 
 1061 1501 F20DD162 		.ascii	"\362\015\321b\335\334\267\240\033\363\271x\027\020|"
 1061      DDDCB7A0 
 1061      1BF3B978 
 1061      17107C
 1062 1510 08DF719D 		.ascii	"\010\337q\235\254\010m\320\030h\274H\200X\200\353\000"
 1062      AC086DD0 
 1062      1868BC48 
 1062      805880EB 
 1062      00
 1063 1521 D700AE02 		.ascii	"\327\000\256\002$\000D\001\304\003D\213\033\267!\223"
 1063      24004401 
ARM GAS  /tmp/cczrWAkj.s 			page 87


 1063      C403448B 
 1063      1BB72193 
 1064 1531 44631FED 		.ascii	"Dc\037\355T\034\341\0360]\030\367uZL\205\213#\331\350"
 1064      541CE11E 
 1064      305D18F7 
 1064      755A4C85 
 1064      8B23D9E8 
 1065 1545 996E81EE 		.ascii	"\231n\201\356RY\325\306n\220b\3324K\321$\027\233\246"
 1065      5259D5C6 
 1065      6E9062DA 
 1065      344BD124 
 1065      179BA6
 1066 1558 8E8EDEB2 		.ascii	"\216\216\336\262M\303\006\244\201\373\205k:\362\024"
 1066      4DC306A4 
 1066      81FB856B 
 1066      3AF214
 1067 1567 3D6455E2 		.ascii	"=dU\342\230\237\362\250\274\304\211\312_Ib.IIwCkC#\007"
 1067      989FF2A8 
 1067      BCC489CA 
 1067      5F49622E 
 1067      49497743 
 1068 157f 1DC83A56 		.ascii	"\035\310:V\223R\222\227\351\000\356\377w\350\2519\""
 1068      93529297 
 1068      E900EEFF 
 1068      77E8A939 
 1068      22
 1069 1590 9A66FD0E 		.ascii	"\232f\375\016N\263\236{\265\336\320\220mD\016\037\201"
 1069      4EB39E7B 
 1069      B5DED090 
 1069      6D440E1F 
 1069      81
 1070 15a1 70138388 		.ascii	"p\023\203\2100o\275\352\253V\206}\011.U\311\027\241"
 1070      306FBDEA 
 1070      AB56867D 
 1070      092E55C9 
 1070      17A1
 1071 15b3 1CA5288F 		.ascii	"\034\245(\217s7p\200\270u3l\331\216\004\332\343*q\357"
 1071      73377080 
 1071      B875336C 
 1071      D98E04DA 
 1071      E32A71EF 
 1072 15c7 BD043B12 		.ascii	"\275\004;\022coi{\306?\2477WE\262\361\373Gw|\226\034"
 1072      636F697B 
 1072      C63FA737 
 1072      5745B2F1 
 1072      FB47777C 
 1073 15dd E4E2A02C 		.ascii	"\344\342\240,\250([i\036\007=\177\222\265\340@J\260"
 1073      A8285B69 
 1073      1E073D7F 
 1073      92B5E040 
 1073      4AB0
 1074 15ef F49DF88A 		.ascii	"\364\235\370\212T\331\3229\026J\217D>\\W\363\354\344"
 1074      54D9D239 
 1074      164A8F44 
 1074      3E5C57F3 
 1074      ECE4
 1075 1601 C2B7994A 		.ascii	"\302\267\231J\236\241[\005C\005jR\213$\257\364\372\325"
ARM GAS  /tmp/cczrWAkj.s 			page 88


 1075      9EA15B05 
 1075      43056A52 
 1075      8B24AFF4 
 1075      FAD5
 1076 1613 9BAFC0E7 		.ascii	"\233\257\300\347\003\275\002\2458\352nj\351\316\325"
 1076      03BD02A5 
 1076      38EA6E6A 
 1076      E9CED5
 1077 1622 92562C94 		.ascii	"\222V,\224\273\277\037f\036\337\027\232\025\312\330"
 1077      BBBF1F66 
 1077      1EDF179A 
 1077      15CAD8
 1078 1631 092C951C 		.ascii	"\011,\225\034\370)\222t\201\233J6}\273\262;\254\327"
 1078      F8299274 
 1078      819B4A36 
 1078      7DBBB23B 
 1078      ACD7
 1079 1643 F26C4216 		.ascii	"\362lB\026\227\207lF\005N\316[[\334/*V\276a\305\335"
 1079      97876C46 
 1079      054ECE5B 
 1079      5BDC2F2A 
 1079      56BE61C5 
 1080 1658 52B2FDA2 		.ascii	"R\262\375\242\216\224K\317$\363D\370ZTQ\211\322\030"
 1080      8E944BCF 
 1080      24F344F8 
 1080      5A545189 
 1080      D218
 1081 166a 6E2C358D 		.ascii	"n,5\215w\332\221\036\024d\270;\346\226\322R9\256\024"
 1081      77DA911E 
 1081      1464B83B 
 1081      E696D252 
 1081      39AE14
 1082 167d 041217CD 		.ascii	"\004\022\027\315\011\362r&+Xrb\365F\245\003\331\265"
 1082      09F27226 
 1082      2B587262 
 1082      F546A503 
 1082      D9B5
 1083 168f D8EA2B85 		.ascii	"\330\352+\205\255\261\266$\000\217q\027T\334\257\322"
 1083      ADB1B624 
 1083      008F7117 
 1083      54DCAFD2 
 1084 169f C847A995 		.ascii	"\310G\251\225J\271S\203\271\217\256\316\343\006Z\225"
 1084      4AB95383 
 1084      B98FAECE 
 1084      E3065A95 
 1085 16af 121C1F2A 		.ascii	"\022\034\037*d\276\243\253\301\336\240\245;\230\371"
 1085      64BEA3AB 
 1085      C1DEA0A5 
 1085      3B98F9
 1086 16be 3C36FBDB 		.ascii	"<6\373\333b%Q|\243\226\356Q-\335\025\264\344\037\025"
 1086      6225517C 
 1086      A396EE51 
 1086      2DDD15B4 
 1086      E41F15
 1087 16d1 FD54D21C 		.ascii	"\375T\322\034\367$Z\252\026\211\232]YtCK\342\220\375"
 1087      F7245AAA 
 1087      16899A5D 
ARM GAS  /tmp/cczrWAkj.s 			page 89


 1087      5974434B 
 1087      E290FD
 1088 16e4 ADC1F93D 		.ascii	"\255\301\371=\033K\345\270\032\220@\\\324g\370\341C"
 1088      1B4BE5B8 
 1088      1A90405C 
 1088      D467F8E1 
 1088      43
 1089 16f5 35B98945 		.ascii	"5\271\211E\273\247\026\007m\310]\007Kj\322{n$\032e\272"
 1089      BBA71607 
 1089      6DC85D07 
 1089      4B6AD27B 
 1089      6E241A65 
 1090 170a 8F32DD4B 		.ascii	"\2172\335K\360K\261\261,T#\025\252A\020\252u8\272Ir"
 1090      F04BB1B1 
 1090      2C542315 
 1090      AA4110AA 
 1090      7538BA49 
 1091 171f D2B15122 		.ascii	"\322\261Q\"T\223\2103\317\322Q\275\015iCf\022\323\274"
 1091      54938833 
 1091      CFD251BD 
 1091      0D694366 
 1091      12D3BC
 1092 1732 566D2C95 		.ascii	"Vm,\225\343\232A(q\321\324\275P;2\205%\213G\037\374"
 1092      E39A4128 
 1092      71D1D4BD 
 1092      503B3285 
 1092      258B471F 
 1093 1747 0F328FCF 		.ascii	"\0172\217\317~\035+E\346\353~mJ\323\363\230\341-\251"
 1093      7E1D2B45 
 1093      E6EB7E6D 
 1093      4AD3F398 
 1093      E12DA9
 1094 175a B9B6E2DA 		.ascii	"\271\266\342\332\036HzB\273\320\023\202\343\006\375"
 1094      1E487A42 
 1094      BBD01382 
 1094      E306FD
 1095 1769 2493DB02 		.ascii	"$\223\333\002\011^\207\200\367d\371I\016;\007\253\247"
 1095      095E8780 
 1095      F764F949 
 1095      0E3B07AB 
 1095      A7
 1096 177a 2714D6FD 		.ascii	"'\024\326\375\202\2328\262\215L\355\214\204\324\251"
 1096      829A38B2 
 1096      8D4CED8C 
 1096      84D4A9
 1097 1789 48F82BFC 		.ascii	"H\370+\374\226\343`\376\343@\015L3\345\267\000\037\002"
 1097      96E360FE 
 1097      E3400D4C 
 1097      33E5B700 
 1097      1F02
 1098 179b A78F98CB 		.ascii	"\247\217\230\313},\216\011\017\002\265mu\355\270'@\317"
 1098      7D2C8E09 
 1098      0F02B56D 
 1098      75EDB827 
 1098      40CF
 1099 17ad 5B773144 		.ascii	"[w1D\231\275I:9\314^\351V\220\307|\215\\\305Db\245\275"
 1099      99BD493A 
ARM GAS  /tmp/cczrWAkj.s 			page 90


 1099      39CC5EE9 
 1099      5690C77C 
 1099      8D5CC544 
 1100 17c4 852DC76E 		.ascii	"\205-\307n\363\372\242\210mY\316\235"
 1100      F3FAA288 
 1100      6D59CE9D 
 1101 17d0 6A85105E 		.ascii	"j\205\020^\210\226\3007\363\216\\\341\343\005zH\213"
 1101      8896C037 
 1101      F38E5CE1 
 1101      E3057A48 
 1101      8B
 1102 17e1 1E8D1C53 		.ascii	"\036\215\034S\212\227\343\236\230\206\313\3739o\341"
 1102      8A97E39E 
 1102      9886CBFB 
 1102      396FE1
 1103 17f0 F6561934 		.ascii	"\366V\0314]\206\022\361MO\225\211\206\350l\3436C\235"
 1103      5D8612F1 
 1103      4D4F9589 
 1103      86E86CE3 
 1103      36439D
 1104 1803 19B6D9AE 		.ascii	"\031\266\331\256O{&;\204\007\255\300o\236\215\035\026"
 1104      4F7B263B 
 1104      8407ADC0 
 1104      6F9E8D1D 
 1104      16
 1105 1814 F94DE71A 		.ascii	"\371M\347\032\211\247[`ED|3\363u$\016\246\300\265\232"
 1105      89A75B60 
 1105      45447C33 
 1105      F375240E 
 1105      A6C0B59A 
 1106 1828 E19B9D02 		.ascii	"\341\233\235\002\315z\035%m\001\364z\013\274\213\242"
 1106      CD7A1D25 
 1106      6D01F47A 
 1106      0BBC8BA2 
 1107 1838 D6BCD723 		.ascii	"\326\274\327#\274\365\231\377\304\245AOJf\350\306\036"
 1107      BCF599FF 
 1107      C4A5414F 
 1107      4A66E8C6 
 1107      1E
 1108 1849 65BA5DD3 		.ascii	"e\272]\323\223c\344\275\334\214\270h\226\"\031\307;"
 1108      9363E4BD 
 1108      DC8CB868 
 1108      962219C7 
 1108      3B
 1109 185a 6180A4E1 		.ascii	"a\200\244\3415?z\214\261F\036\200qz\010`\030\240\037"
 1109      353F7A8C 
 1109      B1461E80 
 1109      717A0860 
 1109      18A01F
 1110 186d 601C6014 		.ascii	"`\034`\024\240\017`\020`\004\240\027`Bl|K\331l\233\262"
 1110      A00F6010 
 1110      6004A017 
 1110      60426C7C 
 1110      4BD96C9B 
 1111 1882 16A4ABB0 		.ascii	"\026\244\253\260\300\200(x\311\177\223\275\031\320\243"
 1111      C0802878 
 1111      C97F93BD 
ARM GAS  /tmp/cczrWAkj.s 			page 91


 1111      19D0A3
 1112 1891 C4A38A63 		.ascii	"\304\243\212c\022K\225l2t\366\205\356)\216\3123^\370"
 1112      124B956C 
 1112      3274F685 
 1112      EE298ECA 
 1112      335EF8
 1113 18a4 AB330E94 		.ascii	"\2533\016\224\017FnnK\006\241I\011\327S|\337\245\037"
 1113      0F466E6E 
 1113      4B06A149 
 1113      09D7537C 
 1113      DFA51F
 1114 18b7 7464ACC8 		.ascii	"td\254\310\033\267\2658\037}\302\346\243U8\032,\371"
 1114      1BB7B538 
 1114      1F7DC2E6 
 1114      A355381A 
 1114      2CF9
 1115 18c9 FBC5DB60 		.ascii	"\373\305\333`g\367\247\235=9\276\245Mm:?\235V\342q&"
 1115      67F7A79D 
 1115      3D39BEA5 
 1115      4D6D3A3F 
 1115      9D56E271 
 1116 18de 2B6E86CE 		.ascii	"+n\206\316O\237\360\363S\372,\357x\273\352\232\362\034"
 1116      4F9FF0F3 
 1116      53FA2CEF 
 1116      78BBEA9A 
 1116      F21C
 1117 18f0 2C8EAEB3 		.ascii	",\216\256\263\324\305>\025\\l\355\343\374M\211\253\234"
 1117      D4C53E15 
 1117      5C6CEDE3 
 1117      FC4D89AB 
 1117      9C
 1118 1901 95B8D839 		.ascii	"\225\270\3309\221\237\214\313\031\353r \213\350\010"
 1118      919F8CCB 
 1118      19EB7220 
 1118      8BE808
 1119 1910 063A9F2C 		.ascii	"\006:\237,\251-\225\343\346A\331\206\242\334\002\257"
 1119      A92D95E3 
 1119      E641D986 
 1119      A2DC02AF 
 1120 1920 96F67B09 		.ascii	"\226\366{\011\3416\026\325\262\310\324\262\201\301M"
 1120      E13616D5 
 1120      B2C8D4B2 
 1120      81C14D
 1121 192f 70CF5E03 		.ascii	"p\317^\003;\367\364\337\350\222h\365\374:;\227\226I"
 1121      3BF7F4DF 
 1121      E89268F5 
 1121      FC3A3B97 
 1121      9649
 1122 1941 23BE1B97 		.ascii	"#\276\033\227\247\256\230\315\342\227AKKJJ\354\031\325"
 1122      A7AE98CD 
 1122      E297414B 
 1122      4B4A4AEC 
 1122      19D5
 1123 1953 D2226AE9 		.ascii	"\322\"j\351\031\257\245\247\233\375\365\222\303\300"
 1123      19AFA5A7 
 1123      9BFDF592 
 1123      C3C0
ARM GAS  /tmp/cczrWAkj.s 			page 92


 1124 1961 4B92C5E6 		.ascii	"K\222\305\346\025l\277\025\236\321\007\367\037E[\223"
 1124      156CBF15 
 1124      9ED107F7 
 1124      1F455B93 
 1125 1971 C057F995 		.ascii	"\300W\371\225\274\232\324\336[ZN\213\207\336\374\370"
 1125      BC9AD4DE 
 1125      5B5A4E8B 
 1125      87DEFCF8 
 1126 1981 E8CC3B0C 		.ascii	"\350\314;\014T Dg\253 \351\232Rk\305\255C\355\033J<"
 1126      54204467 
 1126      AB20E99A 
 1126      526BC5AD 
 1126      43ED1B4A 
 1127 1996 F44633F8 		.ascii	"\364F3\370Co\257\360\217@\323\367f\315\252d\233\007"
 1127      436FAFF0 
 1127      8F40D3F7 
 1127      66CDAA64 
 1127      9B07
 1128 19a8 F245F56F 		.ascii	"\362E\365ob\375\233|\375\275Y\225\007\016(\373\033\220"
 1128      62FD9B7C 
 1128      FDBD5995 
 1128      070E28FB 
 1128      1B90
 1129 19ba BC1B74F9 		.ascii	"\274\033t\371\212e\275\275`z{\216\321\353\265\240\260"
 1129      8A65BDBD 
 1129      607A7B8E 
 1129      D1EBB5A0 
 1129      B0
 1130 19cb 6766A7D9 		.ascii	"gf\247\331\214\263\260-\252\230\027\250\230-^1ew\006"
 1130      8CB3B02D 
 1130      AA9817A8 
 1130      982D5E31 
 1130      657706
 1131 19de 42ED2D52 		.ascii	"B\355-R\337f\324\337\343\211\227\347\327\216\230\035"
 1131      DF66D4DF 
 1131      E38997E7 
 1131      D78E981D 
 1132 19ee DC331AD6 		.ascii	"\3343\032\326\016%\276\215\304wx\342s#~\375\226\227"
 1132      0E25BE8D 
 1132      C47778E2 
 1132      73237EFD 
 1132      9697
 1133 1a00 957619F1 		.ascii	"\225v\031\361N\354\011\236;\336\177\202R\277J\243\333"
 1133      4EEC099E 
 1133      3BDE7F82 
 1133      52BF4AA3 
 1133      DB
 1134 1a11 967B934A 		.ascii	"\226{\223J\326/\350R\376@F\320\252\215i\335\373\240"
 1134      D62FE852 
 1134      FE4046D0 
 1134      AA8D69DD 
 1134      FBA0
 1135 1a23 F33DBEC5 		.ascii	"\363=\276\305\017h\335\273X\367\001_wM]D\017{\237\213"
 1135      0F68DDBB 
 1135      58F7015F 
 1135      774D5D44 
 1135      0F7B9F8B 
ARM GAS  /tmp/cczrWAkj.s 			page 93


 1136 1a37 EE53F414 		.ascii	"\356S\364\024d\346\332Yd\305S\205\254\350U<+\255\015"
 1136      64E6DA59 
 1136      64C55385 
 1136      ACE8553C 
 1136      2BAD0D
 1137 1a4a 33B1CCFA 		.ascii	"3\261\314\372lDK\356\307\330\222\373Z\310\363\223\246"
 1137      6C444BEE 
 1137      C7D892FB 
 1137      5AC8F393 
 1137      A6
 1138 1a5b AC78AB8E 		.ascii	"\254x\253\216s^*J\313Gu\004\011\3423\340\317f\275\370"
 1138      735E2A4A 
 1138      CB477504 
 1138      09E233E0 
 1138      CF66BDF8 
 1139 1a6f BF2C567D 		.ascii	"\277,V}\211U\275\202Z\330\032\257}\306\226\367_\203"
 1139      8955BD82 
 1139      5AD81AAF 
 1139      7DC696F7 
 1139      5F83
 1140 1a81 E4A59E51 		.ascii	"\344\245\236Q_\266\014\226I\325\320ym9\307\316\264n"
 1140      5FB60C96 
 1140      49D5D079 
 1140      6D39C7CE 
 1140      B46E
 1141 1a93 3FA8DB97 		.ascii	"?\250\333\227\257\333\237\326}\011\353\366\347\353\356"
 1141      AFDB9FD6 
 1141      7D09EBF6 
 1141      E7EBEE
 1142 1aa2 194E4962 		.ascii	"\031NIbj\240\307\366\236\246m\372Z>:\031\310x\011@5"
 1142      6AA0C7F6 
 1142      9EA66DFA 
 1142      5A3E3A19 
 1142      C8780940 
 1143 1ab7 0807D98E 		.ascii	"\010\007\331\216\341A\266\341\235\241\036bZw\220\012"
 1143      E141B6E1 
 1143      9DA11E62 
 1143      5A77900A 
 1144 1ac7 97D6ACB8 		.ascii	"\227\326\254\270`Zw \326\035\314\327\355\271<\364\015"
 1144      605A7720 
 1144      D61DCCD7 
 1144      EDB93CF4 
 1144      0D
 1145 1ad8 12F62A2E 		.ascii	"\022\366*.\022w\205M\252,\004\016\227Urg\225\3122\036"
 1145      1277854D 
 1145      AA2C040E 
 1145      97557267 
 1145      95CA321E 
 1146 1aec FF93B8C7 		.ascii	"\377\223\270\307\204\250\304\0367T\305\367\030\370\240"
 1146      84A8C41E 
 1146      3754C5F7 
 1146      18F8A0
 1147 1afb 2B805D31 		.ascii	"+\200]1\005\222\303\262\364\2650#n\030\342\206\361\270"
 1147      0592C3B2 
 1147      F4B53023 
 1147      6E18E286 
 1147      F1B8
ARM GAS  /tmp/cczrWAkj.s 			page 94


 1148 1b0d 1D51EDFF 		.ascii	"\035Q\355\377\214\372\210\246/\366\265\257\216N\263"
 1148      8CFA88A6 
 1148      2FF6B5AF 
 1148      8E4EB3
 1149 1b1c 15D53EBA 		.ascii	"\025\325>\272\022\352\273?\365DI\022\220\351\274\203"
 1149      12EABB3F 
 1149      F5444912 
 1149      90E9BC83 
 1150 1b2c 99380716 		.ascii	"\2318\007\026\211Q\355?M\361j\321\2224\374\362 \275"
 1150      8951ED3F 
 1150      4DF16AD1 
 1150      9234FCF2 
 1150      20BD
 1151 1b3e 3040436E 		.ascii	"0@Cn\242\233\010[\030\326\253\016Y\360\217R\261\343"
 1151      A29B085B 
 1151      18D6AB0E 
 1151      59F08F52 
 1151      B1E3
 1152 1b50 06AA77B9 		.ascii	"\006\252w\271\030\2258\026\313\327\216\244\005\3419"
 1152      18953816 
 1152      CBD78EA4 
 1152      05E139
 1153 1b5f 22213C88 		.ascii	"\"!<\210R\035\022{\214\344\277\215\301\004\015\234\257"
 1153      521D127B 
 1153      8CE4BF8D 
 1153      C1040D9C 
 1153      AF
 1154 1b70 A964B185 		.ascii	"\251d\261\205-\211\355+\025%6\3449\362\333\265\240\367"
 1154      2D89ED2B 
 1154      152536E4 
 1154      39F2DBB5 
 1154      A0F7
 1155 1b82 E3C81E26 		.ascii	"\343\310\036&\372\257Vw\020\342u\204O\304^O\2104?o\036"
 1155      FAAF5677 
 1155      10E27584 
 1155      4FC45E4F 
 1155      88343F6F 
 1156 1b97 0FB41354 		.ascii	"\017\264\023T\342@\367E\374\215\007\366$\002\013]\252"
 1156      E240F745 
 1156      FC8D07F6 
 1156      24020B5D 
 1156      AA
 1157 1ba8 0FF817B3 		.ascii	"\017\370\027\2632\327\315\312,\326\004\214JB\370D\011"
 1157      32D7CDCA 
 1157      2CD6048C 
 1157      4A42F844 
 1157      09
 1158 1bb9 BB492A16 		.ascii	"\273I*\026\364\246\347o\335\327\220T\244\375d\267\240"
 1158      F4A6E76F 
 1158      DDD79054 
 1158      A4FD64B7 
 1158      A0
 1159 1bca 85237998 		.ascii	"\205#y\230H\351j|nCJ0\021\274\265\036jgVm\012T\233*"
 1159      48E96A7C 
 1159      6E434A30 
 1159      11BCB51E 
 1159      6A67566D 
ARM GAS  /tmp/cczrWAkj.s 			page 95


 1160 1be2 A9F6C9D5 		.ascii	"\251\366\311\325\304G\266\244\036\013e\305t\026\331"
 1160      C447B6A4 
 1160      1E0B65C5 
 1160      7416D9
 1161 1bf1 981F2930 		.ascii	"\230\037)0+\024\322v\037\370\021\037\330\227\360\232"
 1161      2B14D276 
 1161      1FF8111F 
 1161      D897F09A 
 1162 1c01 21F0BABE 		.ascii	"!\360\272\276_\336lC\272y\342\252\330';\236t%\330p2"
 1162      5FDE6C43 
 1162      BA79E2AA 
 1162      D8273B9E 
 1162      7425D870 
 1163 1c16 AC27FB15 		.ascii	"\254'\373\025\014p\200\026\227\011\225\344\036\326\234"
 1163      0C708016 
 1163      970995E4 
 1163      1ED69C
 1164 1c25 0D39AC39 		.ascii	"\0159\2549\201:wC\036[\374\262H\256\210x\234\031\272"
 1164      813A7743 
 1164      1E5BFCB2 
 1164      48AE8878 
 1164      9C19BA
 1165 1c38 28AE9518 		.ascii	"(\256\225\030b\244\3528\213\254r\231!f\201!f\003\344"
 1165      62A4EA38 
 1165      8BAC7299 
 1165      21668121 
 1165      6603E4
 1166 1c4b 01E4880D 		.ascii	"\001\344\210\015r\365wq\275\230V\220l\241\002\026nm"
 1166      72F57771 
 1166      BD985690 
 1166      6CA10216 
 1166      6E6D
 1167 1c5d 958D4E13 		.ascii	"\225\215N\0232\210J\316y\356S\342@\3060\321\321:\341"
 1167      32884ACE 
 1167      79EE53E2 
 1167      40C630D1 
 1167      D13AE1
 1168 1c70 4CA6F179 		.ascii	"L\246\361yb=/\303\374]\270B ]$\321\376jG\324i\262\214"
 1168      623D2FC3 
 1168      FC5DB842 
 1168      205D24D1 
 1168      FE6A47D4 
 1169 1c87 65AEB404 		.ascii	"e\256\264\004\314\233O\275n\232\225\351\212nzC\334`"
 1169      CC9B4FBD 
 1169      6E9A95E9 
 1169      8A6E7A43 
 1169      DC60
 1170 1c99 B724CC16 		.ascii	"\267$\314\026\263\006#\336;\323?\263|v\202\262R\302"
 1170      B30623DE 
 1170      3BD33FB3 
 1170      7C7682B2 
 1170      52C2
 1171 1cab D45206EA 		.ascii	"\324R\006\352(\025\253\2431A\025*\234\363\003z\3749"
 1171      2815ABA3 
 1171      3141152A 
 1171      9CF3037A 
 1171      FC39
ARM GAS  /tmp/cczrWAkj.s 			page 96


 1172 1cbd BF92439B 		.ascii	"\277\222C\233h\365MT \305\326\313c3\375]\275\022\375"
 1172      68F54D54 
 1172      20C5D6CB 
 1172      6333FD5D 
 1172      BD12FD
 1173 1cd0 C4D2DB01 		.ascii	"\304\322\333\0017\345\231\202R\273i\035}\032\262\215"
 1173      37E59982 
 1173      52BB691D 
 1173      7D1AB28D 
 1174 1ce0 8A9A5ACB 		.ascii	"\212\232Z\313]w0ST\005\024\276-QT\315^\177\274\216x"
 1174      5D773053 
 1174      540514BE 
 1174      2D5154CD 
 1174      5E7FBC8E 
 1175 1cf5 1FE50BD5 		.ascii	"\037\345\013\325\024?\3117?bSiV\350\246g\356\240$h\252"
 1175      143FC937 
 1175      3F625369 
 1175      56E8A667 
 1175      EEA02468 
 1176 1d0a 92887287 		.ascii	"\222\210r\207\251W\351_:\033\241\020\235\215\034\234"
 1176      A957E95F 
 1176      3A1BA110 
 1176      9D8D1C9C 
 1177 1d1a D5EEE2F2 		.ascii	"\325\356\342\362(}\355\255\000\350V[0\"v\220(\312\032"
 1177      287DEDAD 
 1177      00E8565B 
 1177      30227690 
 1177      28CA1A
 1178 1d2d 176BCB01 		.ascii	"\027k\313\001-\226\241[:(kj\322\274\260\325LS\367@S"
 1178      2D96A15B 
 1178      3A286B6A 
 1178      D2BCB0D5 
 1178      4C53F740 
 1179 1d42 77016AC4 		.ascii	"w\001j\304M\270)\274\260w\207\265\210\0347\202\313\034"
 1179      4DB829BC 
 1179      B07787B5 
 1179      881C3782 
 1179      CB1C
 1180 1d54 1D5E18B4 		.ascii	"\035^\030\264%e\250\250\321\305\312\"\223s\222\206j"
 1180      2565A8A8 
 1180      D1C5CA22 
 1180      93739286 
 1180      6A
 1181 1d65 6B2D570B 		.ascii	"k-W\013%K\3072\227\264\344>\222i\352\330\313\325\312"
 1181      254BC732 
 1181      97B4E43E 
 1181      9269EAD8 
 1181      CBD5CA
 1182 1d78 AF41D6AB 		.ascii	"\257A\326\253\344\326 \027\227\273\242\024\244\033K"
 1182      E4D62017 
 1182      97BBA214 
 1182      A41B4B
 1183 1d87 0F2FA5FD 		.ascii	"\017/\245\375\310\254\261\032\240\\\243\244\261\016"
 1183      C8ACB11A 
 1183      A05CA3A4 
 1183      B10E
 1184 1d95 EA12ABA5 		.ascii	"\352\022\253\245k%\022)\233\004\347\225}\263!\330\206"
ARM GAS  /tmp/cczrWAkj.s 			page 97


 1184      6B251229 
 1184      9B04E795 
 1184      7DB321D8 
 1184      86
 1185 1da6 8C23EDB1 		.ascii	"\214#\355\261k\327{ud\016\023\215%!\203\016\304\347"
 1185      6BD77B75 
 1185      640E138D 
 1185      2521830E 
 1185      C4E7
 1186 1db8 183FA035 		.ascii	"\030?\2405\372\327%\231\354`\277)\222\276\005\352oc"
 1186      FAD72599 
 1186      EC60BF29 
 1186      92BE05EA 
 1186      6F63
 1187 1dca D2B783E4 		.ascii	"\322\267\203\344\017\304\012\337\311\327\026L\372\352"
 1187      0FC40ADF 
 1187      C9D7164C 
 1187      FAEA
 1188 1dd8 C37CDFE4 		.ascii	"\303|\337\344\227\027Z\031\256\345\327\277\273\276\034"
 1188      97175A19 
 1188      AEE5D7BF 
 1188      BBBE1C
 1189 1de7 C7BF8D46 		.ascii	"\307\277\215F\261\233\315\260%\033\240\231\355\335\326"
 1189      B19BCDB0 
 1189      251BA099 
 1189      EDDDD6
 1190 1df6 E4EA317C 		.ascii	"\344\3521|3\240p|\312\344\305l\003\203\035\362\014F"
 1190      33A0707C 
 1190      CAE4C56C 
 1190      03831DF2 
 1190      0C46
 1191 1e08 11EBBEC2 		.ascii	"\021\353\276\302\304m[\216\275\264\307\014\260\340m"
 1191      C46D5B8E 
 1191      BDB4C70C 
 1191      B0E06D
 1192 1e17 B6FCDFA9 		.ascii	"\266\374\337\251\302If\027|\032\235\346\260\314\346"
 1192      C2496617 
 1192      7C1A9DE6 
 1192      B0CCE6
 1193 1e26 8C786E49 		.ascii	"\214xnI[\243\213U\326\015\225=\002\350\005x\014\320"
 1193      5BA38B55 
 1193      D60D953D 
 1193      02E80578 
 1193      0CD0
 1194 1e38 03F050AC 		.ascii	"\003\360P\254\235\221L6_\277\257\302Cv\264\2441\212"
 1194      9D914C36 
 1194      5FBFAFC2 
 1194      4376B4A4 
 1194      318A
 1195 1e4a 36DD915B 		.ascii	"6\335\221[\312\325a\347\310e\235C\312\232\351\272\307"
 1195      CAD561E7 
 1195      C8659D43 
 1195      CA9AE9BA 
 1195      C7
 1196 1e5b 66221B4F 		.ascii	"f\"\033O\232\230\261wY\034}\350v_>#N\203\210\253\214"
 1196      9A98B177 
 1196      591C7DE8 
ARM GAS  /tmp/cczrWAkj.s 			page 98


 1196      765F3E23 
 1196      4E8388AB 
 1197 1e70 B851F36D 		.ascii	"\270Q\363m&\035\265!\353\010\036\306\254\003\264|3^"
 1197      261DB521 
 1197      EB081EC6 
 1197      AC03B47C 
 1197      335E
 1198 1e82 248343DB 		.ascii	"$\203C\333\376d\205\216\024aKm-n\206i-L\314\373^Nyt"
 1198      FE64858E 
 1198      14614B6D 
 1198      2D6E8669 
 1198      2D4CCCFB 
 1199 1e9a 3A51169C 		.ascii	":Q\026\234\243a\261\032\177\361\006{\263\342\010{\263"
 1199      A361B11A 
 1199      7FF1067B 
 1199      B3E2087B 
 1199      B3
 1200 1eab A2A9EEC6 		.ascii	"\242\251\356\306*\233%\352\351u\017\263^\025\3678r\017"
 1200      2A9B25EA 
 1200      E9750FB3 
 1200      5E15F738 
 1200      720F
 1201 1ebd 59B81A1B 		.ascii	"Y\270\032\033\334\310\316\006\365q\242\310\372\010\213"
 1201      DCC8CE06 
 1201      F571A2C8 
 1201      FA088B
 1202 1ecc AC63537B 		.ascii	"\254cS{\202\330\305\026\325t\30202\2200aGZ\261\360\354"
 1202      82D8C516 
 1202      D574C230 
 1202      32903061 
 1202      475AB1F0 
 1203 1ee1 42E2308B 		.ascii	"B\3420\213\022\243)r\311\365\344\006F,\214\246\327\256"
 1203      12A32972 
 1203      C9F5E406 
 1203      462C8CA6 
 1203      D7AE
 1204 1ef3 5E9E5591 		.ascii	"^\236U\221\016D\026\246.G\330\324\345z^\352\226\232"
 1204      0E4416A6 
 1204      2E47D8D4 
 1204      E57A5EEA 
 1204      969A
 1205 1f05 0C1D9384 		.ascii	"\014\035\223\204\224GXH\371`\340J\250\003\231\306//"
 1205      94475848 
 1205      F960E04A 
 1205      A80399C6 
 1205      2F2F
 1206 1f17 4F6DDC52 		.ascii	"Om\334R\221\015Lt\246D\372\261\367\202\252\251t\355"
 1206      910D4C74 
 1206      A644FAB1 
 1206      F782AAA9 
 1206      74ED
 1207 1f29 8BA1B376 		.ascii	"\213\241\263v\344\322k\374\227\217\233{&\010\011\301"
 1207      E4D26BFC 
 1207      978F9B7B 
 1207      260809C1 
 1208 1f39 44F14873 		.ascii	"D\361Hs\220\326\342\\|AE\304\323xe\324Rp\015\307\037"
 1208      90D6E25C 
ARM GAS  /tmp/cczrWAkj.s 			page 99


 1208      7C4145C4 
 1208      D37865D4 
 1208      52700DC7 
 1209 1f4e 2E96B4C7 		.ascii	".\226\264\307\0344#.\246,\261\306x\006\312_\006X\021"
 1209      1C34232E 
 1209      A62CB1C6 
 1209      7806CA5F 
 1209      065811
 1210 1f61 5BEF4CAE 		.ascii	"[\357L\256MG\026\033\017\027Ux\340wIbb\303\246\333O"
 1210      4D47161B 
 1210      0F175578 
 1210      E0774962 
 1210      62C3A6DB 
 1211 1f76 6D6F8763 		.ascii	"mo\207c\347\022\016\272R|\343AW\323\200\350\201q}*\316"
 1211      E7120EBA 
 1211      527CE341 
 1211      57D380E8 
 1211      81717D2A 
 1212 1f8b 0271C159 		.ascii	"\002q\301Yoy\355\224\252\3100j!\2645\256\311\366\250"
 1212      6F79ED94 
 1212      AAC8306A 
 1212      21B435AE 
 1212      C9F6A8
 1213 1f9e AC4C     		.ascii	"\254L"
 1214 1fa0 DCAA8A58 		.ascii	"\334\252\212X\022\013JFx/\015+\310<\222)\014ZI5\037"
 1214      120B4A46 
 1214      782F0D2B 
 1214      C83C9229 
 1214      0C5A4935 
 1215 1fb5 1CD781C0 		.ascii	"\034\327\201\300\206\304\337\326eD\245H\374\355\206"
 1215      86C4DFD6 
 1215      6544A548 
 1215      FCED86
 1216 1fc4 84D14DC1 		.ascii	"\204\321M\301\337\366\315\372\336P\222=$\036x\2718\312"
 1216      DFF6CDFA 
 1216      DE50923D 
 1216      241E78B9 
 1216      38CA
 1217 1fd6 81F8BE8E 		.ascii	"\201\370\276\216[S\015k)\266$\222O(}\352\267\223M[E"
 1217      5B530D6B 
 1217      29B62492 
 1217      4F287DEA 
 1217      B7934D5B 
 1218 1feb 72E2649B 		.ascii	"r\342d\233\261\277\013\254\357\000\354I\242\224{\337"
 1218      B1BF0BAC 
 1218      EF00EC49 
 1218      A2947BDF 
 1219 1ffb 192E35BC 		.ascii	"\031.5\274t"
 1219      74
 1220 2000 BC05CC6E 		.ascii	"\274\005\314n\037\032\243\264\017\263#\364\013JlB\031"
 1220      1F1AA3B4 
 1220      0FB323F4 
 1220      0B4A6C42 
 1220      19
 1221 2011 74D192E1 		.ascii	"t\321\222\341\3501/o=\370g\272\321\364\202\021\027\266"
 1221      E8312F6F 
 1221      3DF867BA 
ARM GAS  /tmp/cczrWAkj.s 			page 100


 1221      D1F48211 
 1221      17B6
 1222 2023 03C59DFE 		.ascii	"\003\305\235\376\225G{\273\353D\274\227,r\262Km&\357"
 1222      95477BBB 
 1222      EB44BC97 
 1222      2C72B24B 
 1222      6D26EF
 1223 2036 1C5F521F 		.ascii	"\034_R\037\366\316\361t\233\311;\307\024\335\"\213@"
 1223      F6CEF174 
 1223      9BC93BC7 
 1223      14DD228B 
 1223      40
 1224 2047 5CFACEB1 		.ascii	"\\\372\316\261\024\333lIvdPt\201\310\224\312\024\177"
 1224      14DB6C49 
 1224      76645074 
 1224      81C894CA 
 1224      147F
 1225 2059 526582DF 		.ascii	"Re\202\337\320q\014\335*\245?k\206?\24321\342~\021\371"
 1225      D0710CDD 
 1225      2AA53F6B 
 1225      863FA332 
 1225      31E27E11 
 1226 206e 6933F427 		.ascii	"i3\364'bt:\376\264S\277J\273\310\032hv\236\341\033{"
 1226      62743AFE 
 1226      B453BF4A 
 1226      BBC81A68 
 1226      769EE11B 
 1227 2083 648CFCF8 		.ascii	"d\214\374\3703\006\010\243\252\343h\235\264\004\265"
 1227      330608A3 
 1227      AAE3689D 
 1227      B404B5
 1228 2092 8F03B00D 		.ascii	"\217\003\260\015?\365\273\334e\000=@ \300>\344\005\301"
 1228      3FF5BBDC 
 1228      65003D40 
 1228      20C03EE4 
 1228      05C1
 1229 20a4 A70F8017 		.ascii	"\247\017\200\027@0\2007@\000\200/\200'\200\277ZdO=\003"
 1229      40308037 
 1229      4000802F 
 1229      802780BF 
 1229      5A644F3D 
 1230 20b9 22FEFBCC 		.ascii	"\"\376\373\314\3249\251\262\240}\341-n\231\266\022\015"
 1230      D439A9B2 
 1230      A07DE12D 
 1230      6E99B612 
 1230      0D
 1231 20ca 6923A36C 		.ascii	"i#\243l\324\241v\364\234\361n\264\364\011S\352\375&"
 1231      D4A176F4 
 1231      9CF16EB4 
 1231      F40953EA 
 1231      FD26
 1232 20dc 97BDC829 		.ascii	"\227\275\310)S\274}-p#\274(n\202obh#\017\276\314.]`"
 1232      53BC7D2D 
 1232      7023BC28 
 1232      6E826F62 
 1232      68230FBE 
 1233 20f4 23A614BD 		.ascii	"#\246\024\275\312\004\275\241O\304\315S\013\226 \036"
ARM GAS  /tmp/cczrWAkj.s 			page 101


 1233      CA04BDA1 
 1233      4FC4CD53 
 1233      0B96201E 
 1234 2104 BF79B307 		.ascii	"\277y\263\007n\204\227\321)\276\205\227\321\307\256"
 1234      6E8497D1 
 1234      29BE8597 
 1234      D1C7AE
 1235 2113 6D7A7124 		.ascii	"mzq$\016\335\303\370F\362\266\311\033\014\206\006\017"
 1235      0EDDC3F8 
 1235      46F2B6C9 
 1235      1B0C8606 
 1235      0F
 1236 2124 51FFA735 		.ascii	"Q\377\24758\035\315*b\374\224\244\000\253\365\331\213"
 1236      381DCD2A 
 1236      62FC94A4 
 1236      00ABF5D9 
 1236      8B
 1237 2135 0A52915B 		.ascii	"\012R\221[|\302&i\363\371}\265q\363Fx\271m\251\331\304"
 1237      7CC22669 
 1237      F3F97DB5 
 1237      71F34678 
 1237      B96DA9D9 
 1238 214a BCE36554 		.ascii	"\274\343eT&\322\301\346=\223\256\037\177h\327_\272g"
 1238      26D2C1E6 
 1238      3D93AE1F 
 1238      7F68D75F 
 1238      BA67
 1239 215c D2F5E30F 		.ascii	"\322\365\343\017\353\372@\\\332\365\343\017\357\372"
 1239      EBFA405C 
 1239      DAF5E30F 
 1239      EFFA
 1240 216a 4B4D260D 		.ascii	"KM&\015(\307\274\221\374\366_#u\241'H\261c\024&\324"
 1240      28C7BC91 
 1240      FCF65F23 
 1240      75A12748 
 1240      B1631426 
 1241 217f 0DDC085D 		.ascii	"\015\334\010]A\206w\021\272\344B\203\370C\355\264\247"
 1241      41867711 
 1241      BAE44283 
 1241      F843EDB4 
 1241      A7
 1242 2190 C5A41BC8 		.ascii	"\305\244\033\310q\362{&:\027\331]\274\005\273\223}["
 1242      71F27B26 
 1242      3A17D95D 
 1242      BC05BB93 
 1242      7D5B
 1243 21a2 840B5763 		.ascii	"\204\013Wc\011ja\221`-\321\000q\000W\001b\000\256\000"
 1243      096A6191 
 1243      602DD100 
 1243      71005701 
 1243      6200AE00 
 1244 21b6 5C038800 		.ascii	"\\\003\210\000\210\005\2102XS\345\203\3417\310}4\246"
 1244      88058832 
 1244      5853E583 
 1244      E137C87D 
 1244      34A6
 1245 21c8 9DF2917F 		.ascii	"\235\362\221\177=*_A\302\257\\A\367P\344u\025\351\307"
ARM GAS  /tmp/cczrWAkj.s 			page 102


 1245      3D2A5F41 
 1245      C2AF5C41 
 1245      F750E475 
 1245      15E9C7
 1246 21db 1AB67A4A 		.ascii	"\032\266zJ\275t\322*\376\003W6x^/\351\206\200\002I\267"
 1246      BD74D22A 
 1246      FE035736 
 1246      785E2FE9 
 1246      86800249 
 1247 21f0 3F1DAFB2 		.ascii	"?\035\257\262%\343|\302zb\177\336\333\232\223\234]\033"
 1247      25E37CC2 
 1247      7A627FDE 
 1247      DB9A939C 
 1247      5D1B
 1248 2202 F823A951 		.ascii	"\370#\251Qg\036j\324=\225&F\235y\230Q\217T\232\030u"
 1248      671E6AD4 
 1248      3D952646 
 1248      9D799851 
 1248      8F549A18 
 1249 2217 E6E1462D 		.ascii	"\346\341F-\271CC\206\262%\223\313\264`r\362\241\372"
 1249      B9434386 
 1249      B22593CB 
 1249      B46072F2 
 1249      A1FA
 1250 2229 0D3596A0 		.ascii	"\0155\226\240\012M\2056I\007\310\002H\003\310\000HQ"
 1250      0A4D8536 
 1250      4907C802 
 1250      4803C800 
 1250      4851
 1251 223b 8B8E2989 		.ascii	"\213\216)\211/\340\310\264\354\363n\351\257vj\310\032"
 1251      2FE0C8B4 
 1251      ECF36EE9 
 1251      AF766AC8 
 1251      1A
 1252 224c AAFC6175 		.ascii	"\252\374au`\224\255\205yB\366\313U\036ET-\376/61\226"
 1252      6094AD85 
 1252      7942F6CB 
 1252      551E4554 
 1252      2DFE2F36 
 1253 2262 9286B843 		.ascii	"\222\206\270C\340>\007y\377\234\313\350\024B\271<\200"
 1253      E03E0779 
 1253      FF9CCBE8 
 1253      1442B93C 
 1253      80
 1254 2273 02807C31 		.ascii	"\002\200|1\363\007Om\206S\332\365\374\026y\022 'B\345"
 1254      F3074F6D 
 1254      8653DAF5 
 1254      FC167912 
 1254      202742E5 
 1255 2287 B490605B 		.ascii	"\264\220`[&~\002Jl\277\215\326\020\012X\343*\304\026"
 1255      267E024A 
 1255      6CBF8DD6 
 1255      100A58E3 
 1255      2AC416
 1256 229a FCB51537 		.ascii	"\374\265\0257b2\342w1\354\353\200\025\306h\033O\263"
 1256      6232E277 
 1256      31ECEB80 
ARM GAS  /tmp/cczrWAkj.s 			page 103


 1256      15C6681B 
 1256      4FB3
 1257 22ac 99C607B5 		.ascii	"\231\306\007\265\277\206\3309\200\225\314\260\005\275"
 1257      BF86D839 
 1257      8095CCB0 
 1257      05BD
 1258 22ba 48E7C7F7 		.ascii	"H\347\307\367\346C\273\330\364\242\223N\221n&Oo)I\363"
 1258      E643BBD8 
 1258      F4A2934E 
 1258      916E264F 
 1258      6F2949F3 
 1259 22ce 1BD8572E 		.ascii	"\033\330W.\015]\321\221vL\324l\025\334\024n\272\241"
 1259      0D5DD191 
 1259      764CD46C 
 1259      15DC146E 
 1259      BAA1
 1260 22e0 98B3E335 		.ascii	"\230\263\3435[\204t\343\227\361#=\021\266d\204%\026"
 1260      5B8474E3 
 1260      97F1233D 
 1260      11B66484 
 1260      2516
 1261 22f2 C74B3564 		.ascii	"\307K5d\032\023\331\327\033\206-\254e\224\251\345\326"
 1261      1A13D9D7 
 1261      1B862DAC 
 1261      6594A9E5 
 1261      D6
 1262 2303 32840DCE 		.ascii	"2\204\015\316#l\2033*\271v\304\226\254#\265\212\352"
 1262      236C8333 
 1262      2AB976C4 
 1262      96AC23B5 
 1262      8AEA
 1263 2315 E626F66E 		.ascii	"\346&\366n|\365;t\314\233\257.\2677}\211\242R}\234\253"
 1263      7CF53B74 
 1263      CC9BAF2E 
 1263      B7377D89 
 1263      A2527D9C 
 1264 232a 50F33A57 		.ascii	"P\363:W\033v?\351\004i\354a\274\216l!\245\350\266\326"
 1264      1B763FE9 
 1264      0469EC61 
 1264      BC8E6C21 
 1264      A5E8B6D6 
 1265 233e FFC3DEFC 		.ascii	"\377\303\336\374\240\313\372\367\367\342\252\330-\017"
 1265      A0CBFAF7 
 1265      F7E2AAD8 
 1265      2D0F
 1266 234c 7AFEDA87 		.ascii	"z\376\332\207\236\226\333%v$\360M\212\254[\034~\022"
 1266      9E96DB25 
 1266      7624F04D 
 1266      8AAC5B1C 
 1266      7E12
 1267 235e C5198635 		.ascii	"\305\031\2065a\331\252!\366\010N\314\313\325:\256\024"
 1267      61D9AA21 
 1267      F6084ECC 
 1267      CBD53AAE 
 1267      14
 1268 236f 8469568B 		.ascii	"\204iV\213'\346\305j\223Q*V\344\217K\030\272h\361Qm"
 1268      27E6C56A 
ARM GAS  /tmp/cczrWAkj.s 			page 104


 1268      93512A56 
 1268      E48F4B18 
 1268      BA68F151 
 1269 2384 D2EFB68F 		.ascii	"\322\357\266\217\033\007\222\233f\350E\022th\363\375"
 1269      1B07929B 
 1269      66E84512 
 1269      7468F3FD 
 1270 2394 442126EC 		.ascii	"D!&\354\207(\351\212\012\013\030[=\302\304F\226\242"
 1270      8728E98A 
 1270      0A0B185B 
 1270      3DC2C446 
 1270      96A2
 1271 23a6 D9180B4A 		.ascii	"\331\030\013J\342w\021x\372\006\325\231\276\015\225"
 1271      E2771178 
 1271      FA06D599 
 1271      BE0D95
 1272 23b5 A8436C6A 		.ascii	"\250CljJ\303\214\270\261\177\014\230\204`=q\"YoY`^\244"
 1272      4AC38CB8 
 1272      B17F0C98 
 1272      84603D71 
 1272      22596F59 
 1273 23cc 9ACC573C 		.ascii	"\232\314W<\371\011\003\335\345\254f\350\302\204!\334"
 1273      F90903DD 
 1273      E5AC66E8 
 1273      C28421DC 
 1274 23dc 405BD239 		.ascii	"@[\3229\357\001\253w\325\364]!\206O\355\350>\364\313"
 1274      EF01AB77 
 1274      D5F45D21 
 1274      864FEDE8 
 1274      3EF4CB
 1275 23ef 16801A80 		.ascii	"\026\200\032\200Z\200F\200:\200\006\200z\200&q\237\355"
 1275      5A804680 
 1275      3A800680 
 1275      7A802671 
 1275      9FED
 1276 2401 89798B4D 		.ascii	"\211y\213M4\351\346\374m\265\251\306*\324\242\216R\023"
 1276      34E9E6FC 
 1276      6DB5A9C6 
 1276      2AD4A28E 
 1276      5213
 1277 2413 74CD835C 		.ascii	"t\315\203\\\343\315\201[\337\331\251196`\340\246\365"
 1277      E3CD815B 
 1277      DFD9A931 
 1277      393660E0 
 1277      A6F5
 1278 2425 DFCF0D1D 		.ascii	"\337\317\015\035G\002\256\007HVN\333\244\356[\315oH"
 1278      4702AE07 
 1278      48564EDB 
 1278      A4EE5BCD 
 1278      6F48
 1279 2437 C107DD6C 		.ascii	"\301\007\335l\\lN\263!Y\310J\345BI\234\203\374i\262"
 1279      5C6C4EB3 
 1279      2159C84A 
 1279      E542499C 
 1279      83FC69B2 
 1280 244b 76B5D969 		.ascii	"v\265\331i2\256CM\227*\306s\332b\330\236\341\013\372"
 1280      32AE434D 
ARM GAS  /tmp/cczrWAkj.s 			page 105


 1280      972AC673 
 1280      DA62D89E 
 1280      E10BFA
 1281 245e 02514CD1 		.ascii	"\002QL\321\362\274\035\251B\212\331MM\375v\244\006\023"
 1281      F2BC1DA9 
 1281      428AD94D 
 1281      4DFD76A4 
 1281      0613
 1282 2470 F5DB03BE 		.ascii	"\365\333\003\2766\344\001&\002\362\272\2369\310w\345"
 1282      36E40126 
 1282      02F2BA9E 
 1282      39C877E5 
 1283 2480 47B25D39 		.ascii	"G\262]9%\177\"\323\216\214ai\257\372\201\347\354\315"
 1283      257F22D3 
 1283      8E8C6169 
 1283      AFFA81E7 
 1283      ECCD
 1284 2492 B1A43A09 		.ascii	"\261\244:\011\247V\\\217\232\035W\024\275\234\0210\221"
 1284      A7565C8F 
 1284      9A1D5714 
 1284      BD9C1130 
 1284      91
 1285 24a3 B76F4B66 		.ascii	"\267oKf\261p|\313\306\000'[\230\353\205\252\345\312"
 1285      B1707CCB 
 1285      C600275B 
 1285      98EB85AA 
 1285      E5CA
 1286 24b5 77664434 		.ascii	"wfD4@o\347\313\253V\0365\3361\276PK\227%2\355\226\356"
 1286      406FE7CB 
 1286      AB561E35 
 1286      DE31BE50 
 1286      4B972532 
 1287 24cc B706EB93 		.ascii	"\267\006\353\223<\011\367\030\272o7P\031R[\\W\243\347"
 1287      3C09F718 
 1287      BA6F3750 
 1287      19525B5C 
 1287      57A3E7
 1288 24df 89F2D8A1 		.ascii	"\211\362\330\241\234>\250\214\036\233\031\222\037\217"
 1288      9C3EA88C 
 1288      1E9B1992 
 1288      1F8F
 1289 24ed 2D4CC787 		.ascii	"-L\307\207\230M\014B\273\017\000\214\000\014\213\255"
 1289      984D0C42 
 1289      BB0F008C 
 1289      000C8BAD 
 1290 24fd 71B39CCD 		.ascii	"q\263\234\315\030\351\333\211\375jS\372\246K\240\373"
 1290      18E9DB89 
 1290      FD6A53FA 
 1290      A64BA0FB 
 1291 250d 056FA1F3 		.ascii	"\005o\241\363\241\334w\311s\037\244B\333\275\237v\253"
 1291      A1DC77C9 
 1291      731FA442 
 1291      DBBD9F76 
 1291      AB
 1292 251e 464112BF 		.ascii	"FA\022\277\204\357\334\325\325\205\231\274uix\227\177"
 1292      84EFDCD5 
 1292      D58599BC 
ARM GAS  /tmp/cczrWAkj.s 			page 106


 1292      75697897 
 1292      7F
 1293 252f 94D1B1C0 		.ascii	"\224\321\261\300(5\235\306&_\015\311GR5K+7\225\244\030"
 1293      28359DC6 
 1293      265F0DC9 
 1293      4752354B 
 1293      2B3795A4 
 1294 2544 13973DE3 		.ascii	"\023\227=\343\336'e\3743\231\352\237\236\267>dws\212"
 1294      DE2765FC 
 1294      3399EA9F 
 1294      9EB73E64 
 1294      77738A
 1295 2557 D5F10468 		.ascii	"\325\361\004hO\213\2250S`\027z\211\355nR=L\002CS\026"
 1295      4F8B9530 
 1295      5360177A 
 1295      89ED6E52 
 1295      3D4C0243 
 1296 256d E31E2830 		.ascii	"\343\036(0\3615t\222\024yB\036YX\374y\342\023\024\351"
 1296      F1357492 
 1296      1479421E 
 1296      5958FC79 
 1296      E21314E9 
 1297 2581 40FA91DB 		.ascii	"@\372\221\333\241\0271+\302%;\366t\177\263lqJx\207\356"
 1297      A117312B 
 1297      C2253BF6 
 1297      747FB36C 
 1297      714A7887 
 1298 2596 1945587E 		.ascii	"\031EX~\021\270\342@\246xlUu\300H\210\235L\2000\013"
 1298      11B8E240 
 1298      A6786C55 
 1298      75C04888 
 1298      9D4C8030 
 1299 25ab BDFE29ED 		.ascii	"\275\376)\355\3653P\365<\023j\021\204Z\006X\000X\022"
 1299      F53350F5 
 1299      3C136A11 
 1299      845A0658 
 1299      005812
 1300 25be 0B379D2D 		.ascii	"\0137\235-,l%\201\277\031gE\204\023\317\346G\231\226"
 1300      2C6C2581 
 1300      BF196745 
 1300      8413CFE6 
 1300      479996
 1301 25d1 12A97FA2 		.ascii	"\022\251\177\242'\330@\2709\001\335|\231\233a\347\034"
 1301      27D840B8 
 1301      3901DD7C 
 1301      999B61E7 
 1301      1C
 1302 25e2 C3B5D631 		.ascii	"\303\265\3261\300z\310\260\215\366\327\2516A\317bsj"
 1302      C07AC8B0 
 1302      8DF6D7A9 
 1302      3641CF62 
 1302      736A
 1303 25f4 AA317AFC 		.ascii	"\2521z\374^J\334hnT\036~y\363\326\254\015YD\355\005"
 1303      5E4ADC68 
 1303      6E541E7E 
 1303      79F3D6AC 
 1303      0D5944ED 
ARM GAS  /tmp/cczrWAkj.s 			page 107


 1304 2609 3C7B5666 		.ascii	"<{Vf\375\233I\3721 \264\334dw;\305\367\262>\231\343"
 1304      FD9B49FA 
 1304      3120B4DC 
 1304      64773BC5 
 1304      F7B23E99 
 1305 261e EFEFE59E 		.ascii	"\357\357\345\236A\325l\325\213>[\361\017+\352\337\204"
 1305      41D56CD5 
 1305      8B3E5BF1 
 1305      0F2BEADF 
 1305      84
 1306 262f 62C9C363 		.ascii	"b\311\303c\367\264\343\334(\247\240y\\\300 \007e\350"
 1306      F7B4E3DC 
 1306      28A7A079 
 1306      5CC02007 
 1306      65E8
 1307 2641 A5C9F007 		.ascii	"\245\311\360\007\227\315\350'G\237)\034\010\3778\372"
 1307      97CDE827 
 1307      479F291C 
 1307      08FF38FA 
 1308 2651 8FE1E107 		.ascii	"\217\341\341\007E\300<\374\020\376`\236\202QQX\341?"
 1308      45C03CFC 
 1308      10FE609E 
 1308      82515158 
 1308      E13F
 1309 2663 0ECB2075 		.ascii	"\016\313 u>)\"\215\337s\354{\201\010\026@\256\214\005"
 1309      3E29228D 
 1309      DF73EC7B 
 1309      81081640 
 1309      AE8C05
 1310 2676 59968255 		.ascii	"Y\226\202U'.\301\231ql$he *\374c\317t\261w\357r\242"
 1310      272EC199 
 1310      716C2468 
 1310      65202AFC 
 1310      63CF74B1 
 1311 268e FD0437E6 		.ascii	"\375\0047\346I\033\245h\360G\347\270\327\302\336\261"
 1311      491BA568 
 1311      F047E7B8 
 1311      D7C2DEB1 
 1312 269e C293C239 		.ascii	"\302\223\3029\276\236v\244\357\313|\"\251o\316OEU>\006"
 1312      BE9E76A4 
 1312      EFCB7C22 
 1312      A96FCE4F 
 1312      45553E06 
 1313 26b2 C1E6B05D 		.ascii	"\301\346\260]\302d \364\022\356\317\370\223\252\353"
 1313      C26420F4 
 1313      12EECFF8 
 1313      93AAEB
 1314 26c1 2295C3B3 		.ascii	"\"\225\303\263\025\267\246\236\340\270U\3658\345a\203"
 1314      15B7A69E 
 1314      E0B855F5 
 1314      38E56183 
 1315 26d1 57FD56CA 		.ascii	"W\375V\312\223T\025):\216\261O]T\266\206\321\232{\033"
 1315      93541529 
 1315      3A8EB14F 
 1315      5D54B686 
 1315      D19A7B1B 
 1316 26e5 3A901754 		.ascii	":\220\027T\256\340O\362n\212Hm\232\222z\316\223ZL)\030"
ARM GAS  /tmp/cczrWAkj.s 			page 108


 1316      AEE04FF2 
 1316      6E8A486D 
 1316      9A927ACE 
 1316      935A4C29 
 1317 26fa 53924624 		.ascii	"S\222F$\325\275\277;e\315H\215\334\2655\320\242g\247"
 1317      D5BDBF3B 
 1317      65CD488D 
 1317      DCB535D0 
 1317      A267A7
 1318 270d 5F8868BD 		.ascii	"_\210h\2750\245\265\305\323j\250\032\353\266'\343Hk"
 1318      30A5B5C5 
 1318      D36AA81A 
 1318      EBB627E3 
 1318      486B
 1319 271f D0FBD1BE 		.ascii	"\320\373\321\276\203\341:i<\232V\031\274\035k\276\177"
 1319      83E13A69 
 1319      3C9A5619 
 1319      BC1D6BBE 
 1319      7F
 1320 2730 4FEF30DC 		.ascii	"O\3570\334U\213WW7\253\267Zl\314^\030M3\303\253\332"
 1320      558B5757 
 1320      37ABB75A 
 1320      6CCC5E18 
 1320      4D33C3AB 
 1321 2745 E9DE971C 		.ascii	"\351\336\227\034C\333\2238\214}5[\205\215\035J\334\260"
 1321      43DB9338 
 1321      8C7D355B 
 1321      858D1D4A 
 1321      DCB0
 1322 2757 E179812C 		.ascii	"\341y\201,nG\215\247\320\247\3467-_^\255\267~\303\212"
 1322      6E478DA7 
 1322      D0A7E637 
 1322      2D5F5EAD 
 1322      B77EC38A 
 1323 276b 3B50B373 		.ascii	";P\263sr\336\025a\327\324\240\230\3521\272\332\372\325"
 1323      72DE1561 
 1323      D7D4A098 
 1323      EA31BADA 
 1323      FAD5
 1324 277d FC14EAD5 		.ascii	"\374\024\352\325\270\017(\026\267-R\314\266\251b<\255"
 1324      B80F2816 
 1324      B72D52CC 
 1324      B6A9623C 
 1324      AD
 1325 278e A9623A3C 		.ascii	"\251b:<\303\257\330\220Ko\341\312NBe:\036\211\247[@"
 1325      C3AFD890 
 1325      4B6FE1CA 
 1325      4E42653A 
 1325      1E89A75B 
 1326 27a3 A89899EC 		.ascii	"\250\230\231\354\260'xX\232F\237\336\326|f\352\274\327"
 1326      B0277858 
 1326      9A469FDE 
 1326      D67C66EA 
 1326      BCD7
 1327 27b5 0C22C240 		.ascii	"\014\"\302@\317\371`\346\375\305\200-\363\013\235h\324"
 1327      CFF960E6 
 1327      FDC5802D 
ARM GAS  /tmp/cczrWAkj.s 			page 109


 1327      F30B9D68 
 1327      D4
 1328 27c6 E46B2D56 		.ascii	"\344k-V\315\340\316\303\347\326"
 1328      CDE0CEC3 
 1328      E7D6
 1329 27d0 6678AD66 		.ascii	"fx\255fx\011{\227\177.\326\240\237\265X\203\376\326"
 1329      78097B97 
 1329      7F2ED6A0 
 1329      9FB55883 
 1329      FED6
 1330 27e2 4C83F539 		.ascii	"L\203\3659^\025\310\013dq\227\220\227\264\221\365\015"
 1330      5E15C80B 
 1330      64719790 
 1330      97B491F5 
 1330      0D
 1331 27f3 CB270D03 		.ascii	"\313'\015\003\251\006\003\254\231\006\363\027\322\277"
 1331      A90603AC 
 1331      9906F317 
 1331      D2BF
 1332 2801 6434F8FC 		.ascii	"d4\370\374\346Y\275^\247\2448\234\227\265Q\177\360,"
 1332      E659BD5E 
 1332      A7A4389C 
 1332      97B5517F 
 1332      F02C
 1333 2813 D55F10AF 		.ascii	"\325_\020\257\277\247\017\033\343\011\211A\375m\324"
 1333      BFA70F1B 
 1333      E3098941 
 1333      FD6DD4
 1334 2822 C477D20D 		.ascii	"\304w\322\015\0265^\233L\217\355\364D5\376!\346P^>\207"
 1334      16355E9B 
 1334      4C8FEDF4 
 1334      4435FE21 
 1334      E6505E3E 
 1335 2837 9CDEE047 		.ascii	"\234\336\340G\203j\222\202%\266cv\213\304g\350D\361"
 1335      836A9282 
 1335      25B66376 
 1335      8BC467E8 
 1335      44F1
 1336 2849 46A8355F 		.ascii	"F\2505_\214z\372\020\353\343\334ek<\2065[X\213\322\206"
 1336      8C7AFA10 
 1336      EBE3DC65 
 1336      6B3C8635 
 1336      5B588BD2 
 1337 285e 590B4DB4 		.ascii	"Y\013M\264p\351\361\252\275Ea#\250\260\341\202\260\236"
 1337      70E9F1AA 
 1337      BD456123 
 1337      A8B0E182 
 1337      B09E
 1338 2870 7E4FEA6C 		.ascii	"~O\352l\231G\355\270\3540\037\300<*`q\301\"q\341\031"
 1338      9947EDB8 
 1338      EC301FC0 
 1338      3C2A6071 
 1338      C12271E1 
 1339 2885 1DC8155E 		.ascii	"\035\310\025^\314\344\305\204N;\322\217L\267\224^\251"
 1339      CCE4C584 
 1339      4E3BD28F 
 1339      4CB7945E 
ARM GAS  /tmp/cczrWAkj.s 			page 110


 1339      A9
 1340 2896 C21705F8 		.ascii	"\302\027\005\370w\341i\223^*\0121{\241\303\212\273&"
 1340      77E16993 
 1340      5E2A0A31 
 1340      7BA1C38A 
 1340      BB26
 1341 28a8 69CF9882 		.ascii	"i\317\230\202\212[vd\002i\314\366\344\365\233\277\315"
 1341      8A5B7664 
 1341      0269CCF6 
 1341      E4F59BBF 
 1341      CD
 1342 28b9 11051C48 		.ascii	"\021\005\034H\0135d\\9!6\202h\211\021\304\010F\020\356"
 1342      0B35645C 
 1342      39213682 
 1342      688911C4 
 1342      084610EE 
 1343 28cd B9966ECD 		.ascii	"\271\226n\315\263\004Y\334U4\202\375\233\003\015\234"
 1343      B30459DC 
 1343      553482FD 
 1343      9B030D9C 
 1344 28dd 582FFF20 		.ascii	"X/\377 >\025\030G\365\022+\350e\261\255uP\301\364rp"
 1344      3E151847 
 1344      F5122BE8 
 1344      65B1AD75 
 1344      50C1F472 
 1345 28f2 DDE169BB 		.ascii	"\335\341i\273o\365\337\3608\\\244H+\221\202V\342y\255"
 1345      6FF5DFF0 
 1345      385CA448 
 1345      2B918256 
 1345      E279AD
 1346 2905 44567885 		.ascii	"DVx\205\351H\316\257Yz\321 \320w~\007\337\204\241\333"
 1346      E948CEAF 
 1346      597AD120 
 1346      D0777E07 
 1346      DF84A1DB 
 1347 2919 19D791AB 		.ascii	"\031\327\221\253K\031O\037h\015\336'\0213\347o7\357"
 1347      4B194F1F 
 1347      680DDE27 
 1347      1133E76F 
 1347      37EF
 1348 292b 680C9949 		.ascii	"h\014\231I\230\231\260\021\023lc\310L\306\3148\375\365"
 1348      9899B011 
 1348      136C63C8 
 1348      4CC6CC38 
 1348      FDF5
 1349 293d 7AADE12D 		.ascii	"z\255\341-\215\033\230\231\342\325\\D\310}d$\251\367"
 1349      8D1B9899 
 1349      E2D55C44 
 1349      C87D6424 
 1349      A9F7
 1350 294f C51F9969 		.ascii	"\305\037\231i6\325\332\364b\334\342\252\321=\311>Q\232"
 1350      36D5DAF4 
 1350      62DCE2AA 
 1350      D13DC93E 
 1350      519A
 1351 2961 44B5E982 		.ascii	"D\265\351\202j3\206\346;\225|\205\220\305\245`\2059"
 1351      6A3386E6 
ARM GAS  /tmp/cczrWAkj.s 			page 111


 1351      3B957C85 
 1351      90C5A560 
 1351      8539
 1352 2973 AB5B73E6 		.ascii	"\253[s\346WB\323\325_\351fTl\326\301\242\344xr\246\244"
 1352      5742D3D5 
 1352      5FE96654 
 1352      6CD6C1A2 
 1352      E47872A6 
 1353 2988 922CA192 		.ascii	"\222,\241\222\212\344k\255X\011dq\031X\311@\351\213"
 1353      8AE46BAD 
 1353      58096471 
 1353      1958C940 
 1353      E98B
 1354 299a 483B71FB 		.ascii	"H;q\373\321m\036c\003\346\320\006\314\026\0320}\270"
 1354      D16D1E63 
 1354      03E6D006 
 1354      CC161A30 
 1354      7DB8
 1355 29ac 69C58135 		.ascii	"i\305\2015`\343\275\367\226;\237\352\375u<\022\227 "
 1355      60E3BDF7 
 1355      963B9FEA 
 1355      FD753C12 
 1355      9720
 1356 29be 6AC104A1 		.ascii	"j\301\004\241\005s\371\026\214j\360]\264%\017\177\315"
 1356      0573F916 
 1356      8C6AF05D 
 1356      B4250F7F 
 1356      CD
 1357 29cf E2B830D1 		.ascii	"\342\2700\321\260\361Xm\310\313G\306F\263\362r\255\015"
 1357      B0F1586D 
 1357      C8CB47C6 
 1357      46B3F272 
 1357      AD0D
 1358 29e1 6D508099 		.ascii	"mP\200\231e\025\275_6\250\251\020\363n\372=\226\271"
 1358      6515BD5F 
 1358      36A8A910 
 1358      F36EFA3D 
 1358      96B9
 1359 29f3 E38E2E61 		.ascii	"\343\216.a\336\224XyZ\340\355\005\363cE\011fx[\315\007"
 1359      DE945879 
 1359      5AE0ED05 
 1359      F3634509 
 1359      66785BCD 
 1360 2a08 5F911C2B 		.ascii	"_\221\034+\222h\263X\320fdx|7\012\002Y\\\021\362\362"
 1360      9268B358 
 1360      D0666478 
 1360      7C370A02 
 1360      595C11F2 
 1361 2a1d 223C3053 		.ascii	"\"<0SaY\233\245T\233%\00671\034\320\243e\332\254u\215"
 1361      61599BA5 
 1361      549B2506 
 1361      37311CD0 
 1361      A365DAAC 
 1362 2a33 D5D72A28 		.ascii	"\325\327*(\002\227'\322d\236\240\3112^\223\021S\363"
 1362      029727D2 
 1362      649EA0C9 
 1362      325E9311 
ARM GAS  /tmp/cczrWAkj.s 			page 112


 1362      53F3
 1363 2a45 74AFD262 		.ascii	"t\257\322b_\030\017\361\253\303\026\246\327\011W O%"
 1363      5F180FF1 
 1363      ABC316A6 
 1363      D7095720 
 1363      4F25
 1364 2a57 2DAD5BC4 		.ascii	"-\255[\304\370\312\021f\372w\244\204;\0304Y\311F\234"
 1364      F8CA1166 
 1364      FA77A484 
 1364      3B183459 
 1364      C9469C
 1365 2a6a 99E91973 		.ascii	"\231\351\031s\015\231\217\273\0359\005\321\222\243r"
 1365      0D998FBB 
 1365      1D3905D1 
 1365      92A372
 1366 2a79 77242ABA 		.ascii	"w$*\272+\250H\277V:\206\354@\026W\205\225<_\367\214"
 1366      2BA848BF 
 1366      563A86EC 
 1366      40165785 
 1366      953C5FF7 
 1367 2a8e E12CABA8 		.ascii	"\341,\253\250\232\252\350\236\240\242\272\201\371\016"
 1367      9AAAE89E 
 1367      A0A2BA81 
 1367      F90E
 1368 2a9c C1E0E6CE 		.ascii	"\301\340\346\316\363*\002\004\256\\\244\242rAE5\274"
 1368      F32A0204 
 1368      AE5CA4A2 
 1368      72414535 
 1368      BC
 1369 2aad 8A1E2676 		.ascii	"\212\036&vLZ\223Ko\343\011\227\345\306\002\316 :\352"
 1369      4C5A934B 
 1369      6FE30997 
 1369      E5C602CE 
 1369      203AEA
 1370 2ac0 A8A0366C 		.ascii	"\250\2406l\323(y\0352\245\337+8b&8]\360\274/1\215\320"
 1370      D328791D 
 1370      32A5DF2B 
 1370      38622638 
 1370      5DF0BC2F 
 1371 2ad7 B83BADE6 		.ascii	"\270;\255\346\333\303\331fx\341iWB%o\2375H\024\324("
 1371      DBC3D966 
 1371      78E16957 
 1371      42256F9F 
 1371      354814D4 
 1372 2aec 28C8F346 		.ascii	"(\310\363Fz\031s\362\300K=\362\342\331\275\257\327X"
 1372      7A1973F2 
 1372      C04B3DF2 
 1372      E2D9BDAF 
 1372      D758
 1373 2afe 56503355 		.ascii	"VP3UP\223\240\240\211\232\241z\302\024\324\205\012\002"
 1373      5093A0A0 
 1373      899AA17A 
 1373      C214D485 
 1373      0A02
 1374 2b10 04AE56A4 		.ascii	"\004\256V\244\240ZAA-\274\202\036\227>\203\331J\"*h"
 1374      A05A4141 
 1374      2DBC821E 
ARM GAS  /tmp/cczrWAkj.s 			page 113


 1374      973E83D9 
 1374      4A222A68 
 1375 2b24 2B6F7BD2 		.ascii	"+o{\322\316\020x\240\202.\357\355\206\023q\375TO\306"
 1375      CE1078A0 
 1375      822EEFED 
 1375      861371FD 
 1375      544FC6
 1376 2b37 FA1FD0FA 		.ascii	"\372\037\320\372\333\204\372\357Tt\265\012C\335\316"
 1376      DB84FAEF 
 1376      5474B50A 
 1376      43DDCE
 1377 2b46 0387B63A 		.ascii	"\003\207\266:\336\245\003\016\327*b\241U`\241\235g\341"
 1377      DEA5030E 
 1377      D72A62A1 
 1377      5560A19D 
 1377      67E1
 1378 2b58 C9749DBF 		.ascii	"\311t\235\277\206, \013\025\371W{\320<\351\251|d\301"
 1378      862C200B 
 1378      15F9577B 
 1378      D03CE9A9 
 1378      7C64C1
 1379 2b6b 77A8285F 		.ascii	"w\250(_A\366\021!w#\325\337\274\177?\004\362]\022\245"
 1379      41F61121 
 1379      7723D5DF 
 1379      BC7F3F04 
 1379      F25D12A5 
 1380 2b7f AF644CA4 		.ascii	"\257dL\244\333\223\253\277\216\257c6\215?2?\032\367"
 1380      DB93ABBF 
 1380      8EAF6336 
 1380      8D3F323F 
 1380      1AF7
 1381 2b91 C8AC5057 		.ascii	"\310\254PWBh\227\344\365\255\307\222\226\352\026Z*b"
 1381      426897E4 
 1381      F5ADC792 
 1381      96EA165A 
 1381      2A62
 1382 2ba3 27DFCB96 		.ascii	"'\337\313\226\347\022\262\270Nl\251\274\203\246^\245"
 1382      E712B2B8 
 1382      4E6CA9BC 
 1382      83A65EA5 
 1383 2bb3 E596EAA5 		.ascii	"\345\226\352\245\232\352\0214\325\271\227\270!L\263"
 1383      9AEA1134 
 1383      D5B997B8 
 1383      214CB3
 1384 2bc2 76F2B5CD 		.ascii	"v\362\265\315\215\274\246\000\207\353\020i\252C\320"
 1384      8DBCA600 
 1384      87EB1069 
 1384      AA43D0
 1385 2bd1 541FAFA9 		.ascii	"T\037\257\251\360\221\266\037\220|\024)\255\342r\221"
 1385      F091B61F 
 1385      907C1429 
 1385      ADE27291 
 1386 2be1 CA2C2A36 		.ascii	"\312,*6\027\251,\252#Hr\211\362\200D\244AA\244\234\240"
 1386      17A92CAA 
 1386      23487289 
 1386      F28044A4 
 1386      4141A49C 
ARM GAS  /tmp/cczrWAkj.s 			page 114


 1387 2bf6 4719E860 		.ascii	"G\031\350`!\213)~l\343\361\222\271\007\3503;o\026\341"
 1387      218B297E 
 1387      6CE3F192 
 1387      B907E833 
 1387      3B6F16E1 
 1388 2c0a B3704962 		.ascii	"\263pIb\340\303\222:F\204:\256\207\227\304\341@\012"
 1388      E0C3923A 
 1388      46843AAE 
 1388      8797C4E1 
 1388      400A
 1389 2c1c 59DC10AA 		.ascii	"Y\334\020\252-(q\254\346\220!g\214\252mTP[vg\374m!f"
 1389      2D2871AC 
 1389      E6902167 
 1389      8CAA6D54 
 1389      505B7667 
 1390 2c34 D8FE23DE 		.ascii	"\330\376#\336\300\001\201\353\027\351\254_\320\3318"
 1390      C00181EB 
 1390      17E9AC5F 
 1390      D0D938
 1391 2c43 AFB3F5FA 		.ascii	"\257\263\365\372\214A\2164\242\322vBf\032\321\005m*"
 1391      8C418E34 
 1391      A2D27642 
 1391      661AD105 
 1391      6D2A
 1392 2c55 0521F7C3 		.ascii	"\005!\367\303=\367\024|\336\012\344M\2628f\353a\202"
 1392      3DF7147C 
 1392      DE0AE44D 
 1392      B23866EB 
 1392      6182
 1393 2c67 BDE04DA7 		.ascii	"\275\340M\2470o\360Z\3625;C\243?\301\314\366\366\244"
 1393      306FF05A 
 1393      F2353B43 
 1393      A33FC1CC 
 1393      F6F6A4
 1394 2c7a 759D41A4 		.ascii	"u\235A\244i\314\334Z/\271d+\026\211\256}\212\356@\245"
 1394      69CCDC5A 
 1394      2FB9642B 
 1394      1689AE7D 
 1394      8AEE40A5 
 1395 2c8e 22CD0822 		.ascii	"\"\315\010\"-<\333\315V2\2216+_I\366N\372*\305\340&"
 1395      2D3CDBCD 
 1395      56329136 
 1395      2B5F49F6 
 1395      4EFA2AC5 
 1396 2ca4 44324D08 		.ascii	"D2M\0102\315\3622\275Xix\233\014\374\272\305\021\264"
 1396      32CDF232 
 1396      BD586978 
 1396      9B0CFCBA 
 1396      C511B4
 1397 2cb7 AFB12ED2 		.ascii	"\257\261.\322\3320\030\315#S\235^\017>\264\314\323\""
 1397      DA3018CD 
 1397      23539D5E 
 1397      0F3EB4CC 
 1397      D322
 1398 2cc9 E56941E0 		.ascii	"\345iA\340)1ahV\315x\252\273\367\356r\261\336GEQ\270"
 1398      29316168 
 1398      56CD78AA 
ARM GAS  /tmp/cczrWAkj.s 			page 115


 1398      BBF7EE72 
 1398      B1DE4745 
 1399 2cdf 39115373 		.ascii	"9\021Ss\002SK<Sm\311#\353\204\354\376\272EW;\223\025"
 1399      02534B3C 
 1399      536DC923 
 1399      EB84ECFE 
 1399      BA45573B 
 1400 2cf5 338BE33A 		.ascii	"3\213\343:=\334\376\014\271\032\012\254h\2633\314\177"
 1400      3DDCFE0C 
 1400      B91A0AAC 
 1400      68B333CC 
 1400      7F
 1401 2d06 56303354 		.ascii	"V03T\037\336ooP\352*f>\356NZ=\304\021\256S\001\326\004"
 1401      1FDE6F6F 
 1401      50EA2A66 
 1401      3EEE4E5A 
 1401      3DC411AE 
 1402 2d1e 011A5B8A 		.ascii	"\001\032[\212.\253\204\3302_{\307/\020cn\300\342\226"
 1402      2EAB84D8 
 1402      325F7BC7 
 1402      2F10636E 
 1402      C0E296
 1403 2d31 45322C0B 		.ascii	"E2,\0132l\3602<\272D\257:\012z\207\227\241(%y\312\030"
 1403      326CF032 
 1403      3CBA44AF 
 1403      3A0A7A87 
 1403      97A12825 
 1404 2d48 20A10C09 		.ascii	" \241\014\011\017\232\016l-\306\375/(\017\317\005\036"
 1404      0F9A0E6C 
 1404      2DC6FD2F 
 1404      280FCF05 
 1404      1E
 1405 2d59 520FFA7D 		.ascii	"R\017\372}u\206\360\350\033\313\205\030\036\001\022"
 1405      7586F0E8 
 1405      1BCB8518 
 1405      1E0112
 1406 2d68 B7296261 		.ascii	"\267)baS`a\213g\301\327\363\366M-IB\026\"v\364\345\306"
 1406      5360618B 
 1406      67C1D7F3 
 1406      F64D2D49 
 1406      42162276 
 1407 2d7f A80259C8 		.ascii	"\250\002Y\310y\276\036\240\260\310\302.eaG`a;\262<\332"
 1407      79BE1EA0 
 1407      B0C8C22E 
 1407      65614760 
 1407      613BB23C 
 1408 2d94 46E82E38 		.ascii	"F\350.8\036\354\322I\252\250\372m\241\372=\276\372\373"
 1408      1EECD249 
 1408      AAA8FA6D 
 1408      A1FA3DBE 
 1408      FAFB
 1409 2da6 3B8B7735 		.ascii	";\213w5\244\004\253o\333\033\016r0\214\330X}\307\345"
 1409      A404AB6F 
 1409      DB1B0E72 
 1409      308CD858 
 1409      7DC7E5
 1410 2db9 D103ADC5 		.ascii	"\321\003\255\305\352a\250\202\211\262P\375|\177{\204"
ARM GAS  /tmp/cczrWAkj.s 			page 116


 1410      EA61A882 
 1410      89B250FD 
 1410      7C7F7B84 
 1411 2dc9 10D24C60 		.ascii	"\020\322L`\365\200\300\355\213\252\337\027\252\367\324"
 1411      F580C0ED 
 1411      8BAADF17 
 1411      AAF7D4
 1412 2dd8 D0EABD77 		.ascii	"\320\352\275w\003\222\034H\013V\357s\335\357g\206\341"
 1412      03921C48 
 1412      0B56EF73 
 1412      DDEF6786 
 1412      E1
 1413 2de9 106B2FDD 		.ascii	"\020k/\335\274\023m\271v\037Z\273\267\206\325~p\267"
 1413      BC136DB9 
 1413      761F5ABB 
 1413      B786D57E 
 1413      70B7
 1414 2dfb AA40F015 		.ascii	"\252@\360\025-X; p^\032\321\014S\303j\277\304\327~\357"
 1414      2D583B20 
 1414      705E1AD1 
 1414      0C53C36A 
 1414      BFC4D77E 
 1415 2e10 C67A808E 		.ascii	"\306z\200\216\214\276c)\240\362\273>\315\336_\247/\236"
 1415      8CBE6329 
 1415      A0F2BB3E 
 1415      CDDE5FA7 
 1415      2F9E
 1416 2e22 FA69F8CC 		.ascii	"\372i\370\314]\237R_\033\001\317\037\363\312\013\247"
 1416      5D9F525F 
 1416      1B01CF1F 
 1416      F3CA0BA7 
 1417 2e32 C27114A3 		.ascii	"\302q\024\243o6\006`\346L@\375\204\0011\020\363\356"
 1417      6F360660 
 1417      E64C40FD 
 1417      84013110 
 1417      F3EE
 1418 2e44 5CEA7A88 		.ascii	"\\\352z\210\003\011}\3013\0103}\037e\354\353\014S\375"
 1418      03097DC1 
 1418      3308337D 
 1418      1F65ECEB 
 1418      0C53FD
 1419 2e57 60CC5CB8 		.ascii	"`\314\\\270Y\330\351`\030\030/c\246WX\346Cc\227\012"
 1419      59D8E960 
 1419      18182F63 
 1419      A65758E6 
 1419      4363970A 
 1420 2e6b C1CCE566 		.ascii	"\301\314\345f\357u\205\341]\353P\314\314\311+\256\265"
 1420      EF7585E1 
 1420      5DEB50CC 
 1420      CCC92BAE 
 1420      B5
 1421 2e7c B3A8B870 		.ascii	"\263\250\270p\252\2700AqI\201\023\201\202\341\356\004"
 1421      AAB83041 
 1421      71498113 
 1421      8182E1EE 
 1421      04
 1422 2e8d 6A43706C 		.ascii	"jCpl\002\034\316W\244;_Aw\021\274\356\026#bb\355\311"
ARM GAS  /tmp/cczrWAkj.s 			page 117


 1422      021CCE57 
 1422      A43B5F41 
 1422      7711BCEE 
 1422      16236262 
 1423 2ea3 3CEAEEF2 		.ascii	"<\352\356\362tc\207\003Y\306D\341\330\370U\223my\303"
 1423      74638703 
 1423      59C644E1 
 1423      D8F85593 
 1423      6D79C3
 1424 2eb6 E26AA4E6 		.ascii	"\342j\244\346\320\305U(\335[\267V\244\370\355\024\236"
 1424      D0C55528 
 1424      DD5BB756 
 1424      A4F8ED14 
 1424      9E
 1425 2ec7 999902BB 		.ascii	"\231\231\002\273\241\214V\275>\031\346\233\232\243\334"
 1425      A18C56BD 
 1425      3E19E69B 
 1425      9AA3DC
 1426 2ed6 15E4C640 		.ascii	"\025\344\306@\315\212\346P\216\256i~\233\006C\372\220"
 1426      CD8AE650 
 1426      8EAE697E 
 1426      9B0643FA 
 1426      90
 1427 2ee7 6A5BB2CB 		.ascii	"j[\262\313L\231\335f\177\204\335f\177m\266\245\206\275"
 1427      4C99DD66 
 1427      7F84DD66 
 1427      7F6DB6A5 
 1427      86BD
 1428 2ef9 6BA9A78B 		.ascii	"k\251\247\213\304\313\343\336\251\016D\377\033<\362"
 1428      C4CBE3DE 
 1428      A90E44FF 
 1428      1B3CF2
 1429 2f08 DEEDB836 		.ascii	"\336\355\2706\035\361\301\304\270~'\306\226\004cb\345"
 1429      1DF1C1C4 
 1429      B87E27C6 
 1429      96046362 
 1429      E5
 1430 2f19 567EB6BD 		.ascii	"V~\266\275\374\342A\274Fn\361\2400\314\323\223\220\010"
 1430      FCE241BC 
 1430      466EF1A0 
 1430      30CCD393 
 1430      9008
 1431 2f2b 2C3D5051 		.ascii	",=PQ\366}:Lz\037~\313]R\253\177\273\226\304c\231\266"
 1431      F67D3A4C 
 1431      7A1F7ECB 
 1431      5D52AB7F 
 1431      BB96C463 
 1432 2f41 E4AD5007 		.ascii	"\344\255P\007\222\313'\224\013\343wB\370_\343b\367\036"
 1432      92CB2794 
 1432      0BE37742 
 1432      F85FE362 
 1432      F71E
 1433 2f53 2EE7BF3A 		.ascii	".\347\277:>\323\204G\226\02240a\005\036\3224\207\235"
 1433      3ED38447 
 1433      96123430 
 1433      61051ED2 
 1433      34879D
ARM GAS  /tmp/cczrWAkj.s 			page 118


 1434 2f66 AF1FF812 		.ascii	"\257\037\370\022.\252S\35483l\361\306\210\2177\214G"
 1434      2EAA53EC 
 1434      38336CF1 
 1434      C6888F37 
 1434      8C47
 1435 2f78 D16FE2D9 		.ascii	"\321o\342\331\300D\015L\246\345\321-_S\234\304\012\360"
 1435      C0440D4C 
 1435      A6E5D12D 
 1435      5F539CC4 
 1435      0AF0
 1436 2f8a BBF49A77 		.ascii	"\273\364\232w\271\024\200\033\032\303vC\300F\201\222"
 1436      B914801B 
 1436      1AC37643 
 1436      C0468192 
 1437 2f9a 4CA2948F 		.ascii	"L\242\224\217\236\337"
 1437      9EDF
 1438 2fa0 CED759D8 		.ascii	"\316\327Y\330\271H?\224\214p!\365\021v!\365\303\342"
 1438      B9483F94 
 1438      8C7021F5 
 1438      117621F5 
 1438      C3E2
 1439 2fb2 AA48762B 		.ascii	"\252Hv+\240\236\336\010um\372\301\252\226\254b5\217"
 1439      A09EDE08 
 1439      756DFAC1 
 1439      AA96AC62 
 1439      358F
 1440 2fc4 3B47D208 		.ascii	";G\322\010\331\303\204>r'\321\216\370\376&\237(}>>\240"
 1440      D9C3843E 
 1440      7227D18E 
 1440      F8FE269F 
 1440      287D3E3E 
 1441 2fd9 95DF6CCB 		.ascii	"\225\337l\313\325\310]\3350t\353r\235\206\204`\351\334"
 1441      D5C85DDD 
 1441      3074EB72 
 1441      9D868460 
 1441      E9DC
 1442 2feb 967CE95D 		.ascii	"\226|\351]u\267%g(\0134\254e\275\247\022\306\355\311"
 1442      75B72567 
 1442      280B34AC 
 1442      65BDA712 
 1442      C6EDC9
 1443 2ffe 352C     		.ascii	"5,"
 1444 3000 3471B0FF 		.ascii	"4q\260\377\317$\021\237W\026\213\0368\220\014L\324\247"
 1444      CF24119F 
 1444      57168B1E 
 1444      38900C4C 
 1444      D4A7
 1445 3012 BE9833FF 		.ascii	"\276\2303\377u\245\233\300\306-\2158\354\27237~\331"
 1445      75A59BC0 
 1445      C62D8D38 
 1445      ECBA3337 
 1445      7ED9
 1446 3024 9A1460A1 		.ascii	"\232\024`\241\254\302\365+\346K|\305f\205r\322+\237"
 1446      ACC2F52B 
 1446      E64B7CC5 
 1446      668572D2 
 1446      2B9F
ARM GAS  /tmp/cczrWAkj.s 			page 119


 1447 3036 48AECB2E 		.ascii	"H\256\313.\2214i)cU\0211\032\230\245\022\356\0230\273"
 1447      91346929 
 1447      63551131 
 1447      1A98A512 
 1447      EE1330BB 
 1448 304a ED9E3253 		.ascii	"\355\2362S\306\332\244\\#}Gfk\035O\237\002)\376\014"
 1448      C6DAA45C 
 1448      237D4766 
 1448      6B1D4F9F 
 1448      0229FE0C 
 1449 305e 5D99BCCD 		.ascii	"]\231\274\315P^\326\303\307\354,\334\247_l^\003\224"
 1449      505ED6C3 
 1449      C7EC2CDC 
 1449      A75F6C5E 
 1449      0394
 1450 3070 C89C1BDD 		.ascii	"\310\234\033\335%\244\002E\036\037j,\264'\225\230\250"
 1450      25A40245 
 1450      1E1F6A2C 
 1450      B4279598 
 1450      A8
 1451 3081 7C1E57E9 		.ascii	"|\036W\351@j1\361`\362`UG\2321\021tu\021f\002\235L\267"
 1451      406A31F1 
 1451      60F26055 
 1451      479A3111 
 1451      74751166 
 1452 3099 4F1E8599 		.ascii	"O\036\205\231\257\242\334\245\236D\242\246\306\244\256"
 1452      AFA2DCA5 
 1452      9E44A2A6 
 1452      C6A4AE
 1453 30a8 18C94CE0 		.ascii	"\030\311L\340\236D\212j\241E\033:\222\3264d\030\211"
 1453      9E448A6A 
 1453      A1451B3A 
 1453      92D63464 
 1453      1889
 1454 30ba 5784472C 		.ascii	"W\204G,j\310$&\246:\212k$\313\321\342\237\346\342j\241"
 1454      6AC82426 
 1454      A63A8A6B 
 1454      24CBD1E2 
 1454      9FE6E26A 
 1455 30cf 46C3AF73 		.ascii	"F\303\257s-\005'\265K\342\347:P\235\261\262z\241\262"
 1455      2D0527B5 
 1455      4BE2E73A 
 1455      509DB1B2 
 1455      7AA1B2
 1456 30e2 91E8A04A 		.ascii	"\221\350\240J\033\262\211\364\357\206\256\226k\311\036"
 1456      1BB289F4 
 1456      EF86AE96 
 1456      6BC91E
 1457 30f1 26FC5E4C 		.ascii	"&\374^L\024:\020\337\337\242\011\315|b\301\015\303\311"
 1457      143A10DF 
 1457      DFA209CD 
 1457      7C62C10D 
 1457      C3C9
 1458 3103 DB63CC53 		.ascii	"\333c\314S\344\250b\263\"p\367\215.c6@\375\035\232c"
 1458      E4A862B3 
 1458      2270F78D 
 1458      2E633640 
ARM GAS  /tmp/cczrWAkj.s 			page 120


 1458      FD1D9A63 
 1459 3117 9677DF06 		.ascii	"\226w\337\006>@GA\221\033\017E\246g\210[\214\327p\337"
 1459      3E404741 
 1459      911B0F45 
 1459      A667885B 
 1459      8CD770DF 
 1460 312b FF65C8FB 		.ascii	"\377e\310\373\355\354\026n\372\033[\225\277\014{\263"
 1460      EDEC166E 
 1460      FA1B5B95 
 1460      BF0C7BB3 
 1461 313b 8D910695 		.ascii	"\215\221\006\225sw~\031v\355\377\303\016V\000r\315/"
 1461      73777E19 
 1461      76EDFFC3 
 1461      0E560072 
 1461      CD2F
 1462 314d 43DEFE10 		.ascii	"C\336\376\020\221\241{rU\226\221#\344\354\323\212\307"
 1462      91A17B72 
 1462      55969123 
 1462      E4ECD38A 
 1462      C7
 1463 315e A6C6D90C 		.ascii	"\246\306\331\014\356\250\011\240\005\340\001@\033@;"
 1463      EEA809A0 
 1463      05E00140 
 1463      1B403B
 1464 316d 40ABC168 		.ascii	"@\253\301h\227\353\333B\355\310e\276q\270\276\355\360"
 1464      97EBDB42 
 1464      EDC865BE 
 1464      71B8BEED 
 1464      F0
 1465 317e 201DB98A 		.ascii	" \035\271\212\211\231\354\312\0025\271\216\2119\357"
 1465      8999ECCA 
 1465      0235B98E 
 1465      8939EF
 1466 318d EA712549 		.ascii	"\352q%I\303\204\327\225G\271Z\222\215\211\011\237\304"
 1466      C384D795 
 1466      47B95A92 
 1466      8D89099F 
 1466      C4
 1467 319e 0FE56EF2 		.ascii	"\017\345n\362|\254\221\273\311\223\375\354\3451\374"
 1467      7CAC91BB 
 1467      C993FDEC 
 1467      E531FC
 1468 31ad D9CBA0E0 		.ascii	"\331\313\240\340\375\002Bn\"\241\376\265\344![9J\275"
 1468      FD02426E 
 1468      22A1FEB5 
 1468      E4215B39 
 1468      4ABD
 1469 31bf B29452EB 		.ascii	"\262\224R\353\012`b}\033\3136\227\346\305j\345\312\366"
 1469      0A60627D 
 1469      1BCB3697 
 1469      E6C56AE5 
 1469      CAF6
 1470 31d1 CB96DD8E 		.ascii	"\313\226\335\216\214\3766\251\303\242\003\323=\331\222"
 1470      8CFE36A9 
 1470      C3A203D3 
 1470      3DD992
 1471 31e0 8B05DA25 		.ascii	"\213\005\332%\003\337\220`\337)7^x)I\013\026\312-\015"
ARM GAS  /tmp/cczrWAkj.s 			page 121


 1471      03DF9060 
 1471      DF29375E 
 1471      7829490B 
 1471      16CA2D0D 
 1472 31f4 4E355FAE 		.ascii	"N5_\256\036\206\312F$=uarcUC\372\261PR]e\273\271\353"
 1472      1E86CA46 
 1472      243D7561 
 1472      72635543 
 1472      FAB15052 
 1473 320d 1C352BD4 		.ascii	"\0345+\324\342W\266\"9\2241&\351\336\343\002Gm\373\275"
 1473      E257B622 
 1473      39943126 
 1473      E9DEE302 
 1473      476DFBBD 
 1474 3221 F11C9941 		.ascii	"\361\034\231A\342/\242\233S\355\310\022&\"r;{\325d\025"
 1474      E22FA29B 
 1474      53EDC812 
 1474      2622723B 
 1474      7BD56415 
 1475 3235 1339076B 		.ascii	"\0239\007k\241\266d\003\023\001\313\363_6c\341\011\260"
 1475      A1B66403 
 1475      1301CBF3 
 1475      5F3663E1 
 1475      09B0
 1476 3247 302D6121 		.ascii	"0-a!s\256\336K\362\246\306\264\204\205\031C\247\257"
 1476      73AEDE4B 
 1476      F2A6C6B4 
 1476      84851943 
 1476      A7AF
 1477 3259 BAF1DC8E 		.ascii	"\272\361\334\216x\276Ki+\252:g\227\024\026\275\362S"
 1477      78BE4B69 
 1477      2BAA3A67 
 1477      971416BD 
 1477      F253
 1478 326b A86496F9 		.ascii	"\250d\226\371\3149\261W~\036pt<=\370v\261^\257US\312"
 1478      CC39B157 
 1478      7E1E7074 
 1478      3C3DF876 
 1478      B15EAF55 
 1479 3281 DC14C394 		.ascii	"\334\024\303\224\367\313uk\255\275\326\344\376\273\350"
 1479      F7CB756B 
 1479      ADBDD6E4 
 1479      FEBBE8
 1480 3290 3E7B961E 		.ascii	">{\226\036\333\222fL\324\357\026\245iH'&\342\356,\350"
 1480      DB92664C 
 1480      D4EF16A5 
 1480      69482726 
 1480      E2EE2CE8 
 1481 32a4 CD871CF0 		.ascii	"\315\207\034\360\200\334\222DR\337\364\214\000-\231"
 1481      80DC9244 
 1481      52DFF48C 
 1481      002D99
 1482 32b3 C042D3D9 		.ascii	"\300B\323\331\015\013\346\027Q-\233\025z\322\271\327"
 1482      0D0BE617 
 1482      512D9B15 
 1482      7AD2B9D7 
 1483 32c3 2AB19967 		.ascii	"*\261\231g\022vW\004\365\344x\315,\022\262\311\023W"
ARM GAS  /tmp/cczrWAkj.s 			page 122


 1483      12765704 
 1483      F5E478CD 
 1483      2C12B2C9 
 1483      1357
 1484 32d5 96660E6E 		.ascii	"\226f\016n\332[~s\202\347m\215)h\023\372\350:\300\206"
 1484      DA5B7E73 
 1484      82E76D8D 
 1484      296813FA 
 1484      E83AC086 
 1485 32e9 58517509 		.ascii	"XQu\011\252\202:_}X\015Gk\340\337\360\\\263\030!\361"
 1485      AA823A5F 
 1485      7D580D47 
 1485      6BE0DFF0 
 1485      5CB31821 
 1486 32fe 07C5E2D8 		.ascii	"\007\305\342\330/9\344A@\265\2521E7\373q\323Xv\343\311"
 1486      2F39E441 
 1486      40B5AA31 
 1486      4537FB71 
 1486      D35876E3 
 1487 3313 0A1B1C65 		.ascii	"\012\033\034e\250\263F\330;\310\335\264\263\020\022"
 1487      A8B346D8 
 1487      3BC8DDB4 
 1487      B31012
 1488 3322 2D5B9603 		.ascii	"-[\226\003Jft{N)\310\016\252d$\247kQ\313I\006\202\266"
 1488      4A66747B 
 1488      4E29C80E 
 1488      AA6424A7 
 1488      6B51CB49 
 1489 3339 34361054 		.ascii	"46\020T\000\211\027@j\367\260\201\240\366\233\322\027"
 1489      00891740 
 1489      6AF7B081 
 1489      A0F69BD2 
 1489      17
 1490 334a 3229B2C5 		.ascii	"2)\262\305\223\012\023\014\3719P^`\224e~\361!BN*+\036"
 1490      930A130C 
 1490      F939505E 
 1490      6094657E 
 1490      F121424E 
 1491 3361 9B8AB405 		.ascii	"\233\212\264\005\342l\003\354\030D\012\314I\352\322"
 1491      E26C03EC 
 1491      18440ACC 
 1491      49EAD2
 1492 3370 12FD6F63 		.ascii	"\022\375ocx\256\217\274fO|1\321\0213\026bG\3741\341"
 1492      78AE8FBC 
 1492      664F7C31 
 1492      D1113316 
 1492      6247FC31 
 1493 3385 9356FE82 		.ascii	"\223V\376\202\223\217\342\016d\2438\317\370G\223\012"
 1493      938FE20E 
 1493      64A338CF 
 1493      F847930A 
 1494 3395 128AA567 		.ascii	"\022\212\245g\363\036=\"$\022\023\373\031\365\236jy"
 1494      F31E3D22 
 1494      241213FB 
 1494      19F59E6A 
 1494      79
 1495 33a6 525E5A39 		.ascii	"R^Z9R\011\336Q\205\204\304c\351g\265\007\263\204\334"
ARM GAS  /tmp/cczrWAkj.s 			page 123


 1495      5209DE51 
 1495      8584C463 
 1495      E967B507 
 1495      B384DC
 1496 33b9 C044D860 		.ascii	"\300D\330`\307\252-\311\300D\302\215\324\377An\342s"
 1496      C7AA2DC9 
 1496      C044C28D 
 1496      D4FF416E 
 1496      E273
 1497 33cb E7A067B4 		.ascii	"\347\240g\264\245\237\343\365\323\312\334,\255\336\277"
 1497      A59FE3F5 
 1497      D3CADC2C 
 1497      ADDEBF
 1498 33da 96508437 		.ascii	"\226P\2047(\011'\025G\013\216z\3167\321{q\210\232\363"
 1498      28092715 
 1498      470B8E7A 
 1498      CE37D17B 
 1498      71889AF3 
 1499 33ee D7EA385F 		.ascii	"\327\3528_(xY{\330/\346\326~\031\307=o\300\276\304\260"
 1499      2878597B 
 1499      D82FE6D6 
 1499      7E19C73D 
 1499      6FC0BEC4 
 1500 3403 2D0E922D 		.ascii	"-\016\222-\"d\037ydQw\030`\330z\300\336\327\230b\313"
 1500      22641F79 
 1500      64517718 
 1500      60D87AC0 
 1500      DED79862 
 1501 3418 BE92FEA6 		.ascii	"\276\222\376\246\370bu\212OE\016\324\276\313\005\001"
 1501      F862758A 
 1501      4F450ED4 
 1501      BECB0501 
 1502 3428 84000403 		.ascii	"\204\000\004\003\004hE\235\264K\304\222\247\031K\222"
 1502      0468459D 
 1502      B44BC492 
 1502      A7194B92 
 1503 3438 13C58D37 		.ascii	"\023\305\2157\307c\354\3114\252\273.\375A\242\311\331"
 1503      C763ECC9 
 1503      34AABB2E 
 1503      FD41A2C9 
 1503      D9
 1504 3449 3EC34F74 		.ascii	">\303Ot\2042:\207T\036E\216\266\015.>\266\026\275\003"
 1504      84323A87 
 1504      541E458E 
 1504      B60D2E3E 
 1504      B616BD03 
 1505 345d 217E1702 		.ascii	"!~\027\002\373\326~\226\250o\025\201\006R$\314u\233"
 1505      FBD67E96 
 1505      A86F1581 
 1505      065224CC 
 1505      759B
 1506 346f 9CCCEFFA 		.ascii	"\234\314\357\372G<z\031\006X{\014\333\250\015\323KI"
 1506      473C7A19 
 1506      06587B0C 
 1506      DBA80DD3 
 1506      4B49
 1507 3481 BBFEEF68 		.ascii	"\273\376\357h}\265\247\232\353\323\340\035\243\024["
ARM GAS  /tmp/cczrWAkj.s 			page 124


 1507      7DB5A79A 
 1507      EBD3E01D 
 1507      A3145B
 1508 3490 384A89E7 		.ascii	"8J\211\347\265{4\006\344\325\357\"\362\000 \323{\033"
 1508      B57B3406 
 1508      E4D5EF22 
 1508      F20020D3 
 1508      7B1B
 1509 34a2 CD91C5EF 		.ascii	"\315\221\305\357@\025\260(\013F>\376-m)\333\2227K\201"
 1509      4015B028 
 1509      0B463EFE 
 1509      2D6D29DB 
 1509      92374B81 
 1510 34b6 EDF60E16 		.ascii	"\355\366\016\026\302\321 \350\266\231\224\303\246oB"
 1510      C2D120E8 
 1510      B69994C3 
 1510      A66F42
 1511 34c5 74FD3DB6 		.ascii	"t\375=\266\030\215\370\012-(E\204>\367\017\210N}j\216"
 1511      188DF80A 
 1511      2D284584 
 1511      3EF70F88 
 1511      4E7D6A8E 
 1512 34d9 19BAF9D5 		.ascii	"\031\272\371\325\256y\354\274\023\365\037\363\014_\306"
 1512      AE79ECBC 
 1512      13F51FF3 
 1512      0C5FC6
 1513 34e8 EBB05875 		.ascii	"\353\260Xu\200\211J\303\276|\013\324\305\227N\035\211"
 1513      80894AC3 
 1513      BE7C0BD4 
 1513      C5974E1D 
 1513      89
 1514 34f9 E4CF5E51 		.ascii	"\344\317^Q\3777\301\320-\367\255\206rF]\270)UN\221\""
 1514      FF37C1D0 
 1514      2DF7AD86 
 1514      72465DB8 
 1514      29554E91 
 1515 350e 516BFF3B 		.ascii	"Qk\377;\212J\337\216\357\264\240HQ\350|\373\210\017"
 1515      8A4ADF8E 
 1515      EFB4A048 
 1515      51E87CFB 
 1515      880F
 1516 3520 7F98B61B 		.ascii	"\177\230\266\0334\363H#\327\250\374\301@6\330T2^(\361"
 1516      34F34823 
 1516      D7A8FCC1 
 1516      4036D854 
 1516      325E28F1 
 1517 3534 2E33E2A6 		.ascii	".3\342\246o%\264|\227\235\267\003\275\014\232a\233\376"
 1517      6F25B47C 
 1517      979DB703 
 1517      BD0C9A61 
 1517      9BFE
 1518 3546 A6667B3E 		.ascii	"\246f{>3\001\032FL\232\241\233\335\2526R%b\346\241\005"
 1518      33011A46 
 1518      4C9AA19B 
 1518      DDAA3652 
 1518      2562E6A1 
 1519 355b 66CC5D43 		.ascii	"f\314]C\226\3468\227\011F\315\377`r\012\353\2401\320"
ARM GAS  /tmp/cczrWAkj.s 			page 125


 1519      96E63897 
 1519      0946CDFF 
 1519      60720AEB 
 1519      A031D0
 1520 356e 299301E2 		.ascii	")\223\001\342\000\256\002\304\003$\001D\002\\\001\270"
 1520      00AE02C4 
 1520      03240144 
 1520      025C01B8 
 1521 357e 0E900870 		.ascii	"\016\220\010p\003 \001\340\032@8@\024@,@4@\204\320\251"
 1521      032001E0 
 1521      1A403840 
 1521      14402C40 
 1521      344084D0 
 1522 3593 39DFF2D6 		.ascii	"9\337\362\326\343G\345+\335\373/\253\264x\340\366\244"
 1522      E347E52B 
 1522      DDFB2FAB 
 1522      B478E0F6 
 1522      A4
 1523 35a4 8A6CA163 		.ascii	"\212l\241c\352\273\366(\336<&J\003\227\224\256\025\307"
 1523      EABBF628 
 1523      DE3C264A 
 1523      039794AE 
 1523      15C7
 1524 35b6 445EF537 		.ascii	"D^\3657\276JB\177\207/3\022\334z`~**\303\254L\325m\357"
 1524      BE4A427F 
 1524      872F3312 
 1524      DC7A607E 
 1524      2A2AC3AC 
 1525 35ce 19C99983 		.ascii	"\031\311\231\203L\211\336\263\264,\216Z\013\272\224"
 1525      4C89DEB3 
 1525      B42C8E5A 
 1525      0BBA94
 1526 35dd A025A948 		.ascii	"\240%\251H\\_:\225\245 Y\230\350\277\322\374\320\206"
 1526      5C5F3A95 
 1526      A5205998 
 1526      E8BFD2FC 
 1526      D086
 1527 35ef 1461A26A 		.ascii	"\024a\242j\376\352\222\205\337\330\316\225\033\026\025"
 1527      FEEA9285 
 1527      DFD8CE95 
 1527      1B1615
 1528 35fe B50F8ACB 		.ascii	"\265\017\212\313t\206\237B[\3568\3529\335\204\206\220"
 1528      74869F42 
 1528      5BEE38EA 
 1528      39DD8486 
 1528      90
 1529 360f A7C54B6B 		.ascii	"\247\305Kk\012\344\207\037\371\0207G\213\005h-\371\006"
 1529      0AE4871F 
 1529      F9103747 
 1529      8B05682D 
 1529      F906
 1530 3621 6D567687 		.ascii	"mVv\207v\330\2209d\2618\254\270PkaU\241P\266x\310\350"
 1530      76D89039 
 1530      64B138AC 
 1530      B8506B61 
 1530      55A150B6 
 1531 3638 E3DF202B 		.ascii	"\343\337 +X:\372\205\3270![\230\010\316\257I\265p\004"
ARM GAS  /tmp/cczrWAkj.s 			page 126


 1531      583AFA85 
 1531      D730215B 
 1531      9808CEAF 
 1531      49B57004 
 1532 364c FB9656EE 		.ascii	"\373\226V\356\332\371\324\262\2408-\361\376\012\356"
 1532      DAF9D4B2 
 1532      A0382DF1 
 1532      FE0AEE
 1533 365b 367514FD 		.ascii	"6u\024\375\005\011\342\237\025+^\331\3056B\340n\376"
 1533      0509E29F 
 1533      152B5ED9 
 1533      C53642E0 
 1533      6EFE
 1534 366d FB9F40AC 		.ascii	"\373\237@\254\214\261Un\030\352\240\227\315\347\250"
 1534      8CB1556E 
 1534      18EAA097 
 1534      CDE7A8
 1535 367c 82D3F47C 		.ascii	"\202\323\364|<*\304_eZK\027\"\224%\347'(H\024V\356\337"
 1535      3C2AC45F 
 1535      655A4B17 
 1535      229425E7 
 1535      27284814 
 1536 3693 55D2636F 		.ascii	"U\322co\341B\221\012\363\352\240\304V\364l\200\035\271"
 1536      E142910A 
 1536      F3EAA0C4 
 1536      56F46C80 
 1536      1DB9
 1537 36a5 81C5D36A 		.ascii	"\201\305\323j6\253u$\013\023\2737\363v\325\244\032\023"
 1537      36AB7524 
 1537      0B13BB37 
 1537      F376D5A4 
 1537      1A13
 1538 36b7 A12583BB 		.ascii	"\241%\203\273\016\244\031\023\372\301\314\253\366\362"
 1538      0EA41913 
 1538      FAC1CCAB 
 1538      F6F2
 1539 36c5 E7C6EF6A 		.ascii	"\347\306\357je\316\215\223\250\310\236=\007\316\360"
 1539      65CE8D93 
 1539      A8C89E3D 
 1539      07CEF0
 1540 36d4 DE14FF36 		.ascii	"\336\024\3776\013\370\034\341\027\302j\344=\267\374"
 1540      0BF81CE1 
 1540      17C26AE4 
 1540      3DB7FC
 1541 36e3 B51B555A 		.ascii	"\265\033UZ,@\253\250\206\336U+\016\022\006\336\216\321"
 1541      2C40ABA8 
 1541      86DE552B 
 1541      0E1206DE 
 1541      8ED1
 1542 36f5 577BA9B9 		.ascii	"W{\251\271{`ew\030\242q\301[z\321\307\225\226\233s\326"
 1542      7B606577 
 1542      18A271C1 
 1542      5B7AD1C7 
 1542      95969B73 
 1543 370a E4118AF4 		.ascii	"\344\021\212\364x\"\357_\217\312WX'_!]\346m\017\211"
 1543      7822EF5F 
 1543      8FCA5758 
ARM GAS  /tmp/cczrWAkj.s 			page 127


 1543      275F215D 
 1543      E66D0F89 
 1544 371e B723B348 		.ascii	"\267#\263H!/\334\363\212\202,\363\011\342\267\377\360"
 1544      212FDCF3 
 1544      8A822CF3 
 1544      09E2B7FF 
 1544      F0
 1545 372f 91CEECBC 		.ascii	"\221\316\354\274\264\201d\003\220ld$\233\201d\223X\206"
 1545      B4816403 
 1545      906C6424 
 1545      9B816493 
 1545      5886
 1546 3741 CD1191CF 		.ascii	"\315\021\221\317\244\277\006\320x\210\217\245o=\214"
 1546      A4BF06D0 
 1546      78888FA5 
 1546      6F3D8C
 1547 3750 B0B14A08 		.ascii	"\260\261J\010\277\033\345\325IW\247\226\257\315*\311"
 1547      BF1BE5D5 
 1547      4957A796 
 1547      AFCD2AC9 
 1548 3760 1E32BC35 		.ascii	"\0362\27459z_kA\346\026y\006i$\033\022[jK\002\277\212"
 1548      397A5F6B 
 1548      41E61679 
 1548      0669241B 
 1548      125B6A4B 
 1549 3777 DD6671F5 		.ascii	"\335fq\365\271-\211\302DIg^\205\222\334\300DhM\306\347"
 1549      B92D89C2 
 1549      4449675E 
 1549      8592DCC0 
 1549      44684DC6 
 1550 378c 24079FE7 		.ascii	"$\007\237\347\363\256$\252I\021\237P\215m<y\256\022"
 1550      F3AE24AA 
 1550      49119F50 
 1550      8D6D3C79 
 1550      AE12
 1551 379e DF963413 		.ascii	"\337\2264\023\372Z\362H\2741\200\354\200\252\037\037"
 1551      FA5AF248 
 1551      BC3180EC 
 1551      80AA1F1F 
 1552 37ae 169B76E1 		.ascii	"\026\233v\341\017\252S\334vy\\\221r\346\336\340\177"
 1552      0FAA53DC 
 1552      76795C91 
 1552      72E6DEE0 
 1552      7F
 1553 37bf 618B465A 		.ascii	"a\213FZ\235\014\331\030iYx\333\315\370\332\365c"
 1553      9D0CD918 
 1553      695978DB 
 1553      CDF8DAF5 
 1553      63
 1554 37d0 A68287A0 		.ascii	"\246\202\207\240\202.\200n\200G\342\236:`$\377\300\214"
 1554      822E806E 
 1554      8047E29E 
 1554      3A6024FF 
 1554      C08C
 1555 37e2 BC2426CD 		.ascii	"\274$&\315\367\367\276\243!s\250\221\302\231\007\223"
 1555      F7F7BEA3 
 1555      2173A891 
ARM GAS  /tmp/cczrWAkj.s 			page 128


 1555      C2990793 
 1556 37f2 9C859B0A 		.ascii	"\234\205\233\012z\030\035\013\365F\021]FS\326\226=g"
 1556      7A181D0B 
 1556      F546115D 
 1556      4653D696 
 1556      3D67
 1557 3804 78B95E7A 		.ascii	"x\271^z\202=\006F\261h:\212\3215\223>Fg\010\312\217"
 1557      823D0646 
 1557      B1683A8A 
 1557      D135933E 
 1557      466708CA 
 1558 3819 020C038C 		.ascii	"\002\014\003\214\001\014\002\364\003\014\000\214\003"
 1558      010C02F4 
 1558      030C008C 
 1558      03
 1559 3826 8C88ED0F 		.ascii	"\214\210\355\017\342\331\355\007,\236\205\201\202\277"
 1559      E2D9ED07 
 1559      2C9E8581 
 1559      82BF
 1560 3834 99BDCF72 		.ascii	"\231\275\317r\200B\243\245ej\201\364\034|*\340e\263"
 1560      8042A3A5 
 1560      656A81F4 
 1560      1C7C2AE0 
 1560      65B3
 1561 3846 8A85F1D4 		.ascii	"\212\205\361\324<\376\245\247xhs\027Ql\255)u\263_\200"
 1561      3CFEA5A7 
 1561      78687317 
 1561      516CAD29 
 1561      75B35F80 
 1562 385a DBFE39BA 		.ascii	"\333\3769\272\213V@\273\317\320\215w\216\230\314E\273"
 1562      8B5640BB 
 1562      CFD08D77 
 1562      8E98CC45 
 1562      BB
 1563 386b CE21F26D 		.ascii	"\316!\362m@*a\310\026~\272\216r\362\005F\342\275\200"
 1563      402A61C8 
 1563      167EBA8E 
 1563      72F20546 
 1563      E2BD80
 1564 387e D5C6B08D 		.ascii	"\325\306\260\215\315?j\362\206\325\300Y\244]O\3715c"
 1564      CD3F6AF2 
 1564      86D5C059 
 1564      A45D4FF9 
 1564      3563
 1565 3890 C43428DC 		.ascii	"\3044(\334>\307\256\201\002C\275iAJ\021\337\237#\355"
 1565      3EC7AE81 
 1565      0243BD69 
 1565      414A11DF 
 1565      9F23ED
 1566 38a3 0CE8C4B1 		.ascii	"\014\350\304\261L\203ro\304\323\315\216\206\351\307"
 1566      4C83726F 
 1566      C4D3CD8E 
 1566      86E9C7
 1567 38b2 26EF851B 		.ascii	"&\357\205\033Z}\364\337\337\352\324\241{\346\357k\330"
 1567      5A7DF4DF 
 1567      DFEAD4A1 
 1567      7BE6EF6B 
ARM GAS  /tmp/cczrWAkj.s 			page 129


 1567      D8
 1568 38c3 765B47E2 		.ascii	"v[G\342k\311\023\253\021\372$\177\002\365\002\251(\266"
 1568      6BC913AB 
 1568      11FA247F 
 1568      02F502A9 
 1568      28B6
 1569 38d5 E126D461 		.ascii	"\341&\324aEsh\3301\251\245\033n[\013\363\261\222\337"
 1569      457368D8 
 1569      31A9A51B 
 1569      6E5B0BF3 
 1569      B192DF
 1570 38e8 18A6FB5B 		.ascii	"\030\246\373[\262\3672\322\375\223\251\233Y\266\277"
 1570      B2F732D2 
 1570      FD93A99B 
 1570      59B6BF
 1571 38f7 91F6B544 		.ascii	"\221\366\265D}\364;\334\224\366\010\277\212}mm\336\226"
 1571      7DF43BDC 
 1571      94F608BF 
 1571      8A7D6D6D 
 1571      DE96
 1572 3909 947D8DEF 		.ascii	"\224}\215\357\031\223s\315\035v\300Ig5\177Hx\257\307"
 1572      199373CD 
 1572      1D76C049 
 1572      67357F48 
 1572      78AFC7
 1573 391c 47AF3F42 		.ascii	"G\257?B1\271i-\262a$Ms\236h\177\203.\233\361\234Tgm"
 1573      31B9692D 
 1573      B261244D 
 1573      739E687F 
 1573      832E9BF1 
 1574 3934 4D4896F7 		.ascii	"MH\226\367\256J\226Y\236\362A\017\375\000\334\365\221"
 1574      AE4A9659 
 1574      9EF2410F 
 1574      FD00DCF5 
 1574      91
 1575 3945 EE10C96D 		.ascii	"\356\020\311m\331\364\004\252\021w\026qgy\334\347#1"
 1575      D9F404AA 
 1575      11771671 
 1575      6779DCE7 
 1575      2331
 1576 3957 2592A36E 		.ascii	"%\222\243n\267$?\3172\207\270s<np_\211dK\250FqD\204"
 1576      B7243FCF 
 1576      3287B873 
 1576      3C6E705F 
 1576      89644BA8 
 1577 396f 3A8FA8F3 		.ascii	":\217\250\363<j|h\3165\351\317_Ip\027\020w\201\307-"
 1577      3C6A7C68 
 1577      CE35E9CF 
 1577      5F497017 
 1577      107781C7 
 1578 3984 BC3F1B2F 		.ascii	"\274?\033/\331\230\210\220\260\273\210\270\213<\356"
 1578      D9988890 
 1578      B0BB88B8 
 1578      8B3CEE
 1579 3993 DEB5B86E 		.ascii	"\336\265\270n\203\032|\000\227\276\304a\304m\346\204"
 1579      831A7C00 
 1579      97BEC461 
ARM GAS  /tmp/cczrWAkj.s 			page 130


 1579      C46DE684 
 1580 39a3 5B599778 		.ascii	"[Y\227x\364\202\203\2418\235\030\375\314\353\"\354O"
 1580      F48283A1 
 1580      389D18FD 
 1580      CCEB22EC 
 1580      4F
 1581 39b4 04E4651E 		.ascii	"\004\344e\0369s~:^\262\217\224#9m\377\014\371x\306\343"
 1581      39737E3A 
 1581      5EB28F94 
 1581      23396DFF 
 1581      0CF978C6 
 1582 39c9 5EAF0B7F 		.ascii	"^\257\013\177,9\203\224$\301]A\334\025\0367\275\254"
 1582      2C398394 
 1582      24C15D41 
 1582      DC151E37 
 1582      BDAC
 1583 39db 675BD21C 		.ascii	"g[\322\034\327%\270\253\210\273\212\362=\234,P\210q"
 1583      D725B8AB 
 1583      88BB8AF2 
 1583      3D9C2C50 
 1583      8871
 1584 39ed 4325B86B 		.ascii	"C%\270k\210\273\306\343N?Z\377u\322\216\246uk8~\023"
 1584      88BBC6E3 
 1584      4E3F5AFF 
 1584      75D28EA6 
 1584      756B387E 
 1585 3a02 CFC784A9 		.ascii	"\317\307\204\251\204\275\375\201\376'\317\315W\216\351"
 1585      84BDFD81 
 1585      FE27CFCD 
 1585      578EE9
 1586 3a11 2FEF6E4A 		.ascii	"/\357nJ\342\351\345\221\254:\3633Q\364\332J)\236wjR"
 1586      E2E9E591 
 1586      AC3AF333 
 1586      51F4DA4A 
 1586      299E776A 
 1587 3a26 8A6479F7 		.ascii	"\212dy\367\271\244\323\277\020\342\356\332\307\301M"
 1587      B9A4D3BF 
 1587      10E2EEDA 
 1587      C7C14D
 1588 3a35 780C19B2 		.ascii	"x\014\031\262\270\015-\317L\364\245\205\025\007\303"
 1588      B80D2DCF 
 1588      4CF4A585 
 1588      1507C3
 1589 3a44 99A42DCC 		.ascii	"\231\244-\314l\231\216\037U\011\347\007\2661\357\312"
 1589      6C998E1F 
 1589      5509E707 
 1589      B631EFCA 
 1590 3a54 D3F81776 		.ascii	"\323\370\027vB\336\016\346\215\327<\352=\344\324\351"
 1590      42DE0EE6 
 1590      8DD73CEA 
 1590      3DE4D4E9 
 1591 3a64 9EF60DE8 		.ascii	"\236\366\015\350\206Z\266\327\2372YX&Q7|-~iB`3e\340"
 1591      865AB6D7 
 1591      9F325958 
 1591      2651377C 
 1591      2D7E6942 
 1592 3a7c CA77C900 		.ascii	"\312w\311\000\252oz\345\232\222L}\315\322)\211\365\205"
ARM GAS  /tmp/cczrWAkj.s 			page 131


 1592      AA6F7AE5 
 1592      9A924C7D 
 1592      CDD22989 
 1592      F585
 1593 3a8e DBD13696 		.ascii	"\333\3216\226\353\367\322A\375\236:V\377V\313\360\220"
 1593      EBF7D241 
 1593      FD9E3A56 
 1593      FF56CBF0 
 1593      90
 1594 3a9f 64970CBE 		.ascii	"d\227\014\276\026\325\357\255c\367\312\335\353I\271"
 1594      16D5EFAD 
 1594      63F7CADD 
 1594      EB49B9
 1595 3aae 4B44BFDA 		.ascii	"KD\277\332\324x\357\033y\015\270P\013<r\007\340\000"
 1595      D478EF1B 
 1595      790DB850 
 1595      0B3C7207 
 1595      E000
 1596 3ac0 2EE9FE1D 		.ascii	".\351\376\035{\323\221\012,@\375\210\217\356]\316\027"
 1596      7BD3910A 
 1596      2C40FD88 
 1596      8FEE5DCE 
 1596      17
 1597 3ad1 C04F271A 		.ascii	"\300O'\032\373\370W\343)\351uy\322\246o\321\003\247"
 1597      FBF857E3 
 1597      29E97579 
 1597      D2A66FD1 
 1597      03A7
 1598 3ae3 9C5E678A 		.ascii	"\234^g\212*\031\370\207\352\333\206\014+\272>/\315O"
 1598      2A19F887 
 1598      EADB860C 
 1598      2BBA3E2F 
 1598      CD4F
 1599 3af5 14BDDBB0 		.ascii	"\024\275\333\260oG\322\351\375%\265\004\360Z\242\037"
 1599      6F47D2E9 
 1599      FD25B504 
 1599      F05AA21F 
 1600 3b05 D4F0F29F 		.ascii	"\324\360\362\237uI:\333\214R\354L\002\0217\220\307\335"
 1600      75493ADB 
 1600      8C52EC4C 
 1600      02113790 
 1600      C7DD
 1601 3b17 D8ED29E5 		.ascii	"\330\355)\345\304=^N\373\\\020\217\373d\375Z\221\202"
 1601      C43D5E4E 
 1601      FB5C108F 
 1601      FB64FD5A 
 1601      9182
 1602 3b29 3CFB9AA5 		.ascii	"<\373\232\245\2439\363\203w\237\037r\216/\2046\373e"
 1602      A339F383 
 1602      779F1F72 
 1602      8E2F8436 
 1602      FB65
 1603 3b3b A1D96F46 		.ascii	"\241\331oFo\345\331\010\357\026\305\221\274b\275\317"
 1603      6FE5D908 
 1603      EF16C591 
 1603      BC62BDCF 
 1604 3b4b 25BDBE56 		.ascii	"%\275\276VI\321\270`\235\350\245\010\235\311; \241:"
ARM GAS  /tmp/cczrWAkj.s 			page 132


 1604      49D1B860 
 1604      9DE8A508 
 1604      9DC93B20 
 1604      A13A
 1605 3b5d FE54DF70 		.ascii	"\376T\337p\330\230-\011\376\272\305cJeA\201\235\207"
 1605      D8982D09 
 1605      FEBAC563 
 1605      4A654181 
 1605      9D87
 1606 3b6f 186104E5 		.ascii	"\030a\004\345&\\\340\246\274\327\377:a\334L\344\222"
 1606      265CE0A6 
 1606      BCD7FF3A 
 1606      61DC4CE4 
 1606      92
 1607 3b80 587DAD97 		.ascii	"X}\255\227^\237\254\240X\\\230\210\2310Sf\256\360\314"
 1607      5E9FACA0 
 1607      585C9888 
 1607      99305366 
 1607      AEF0CC
 1608 3b93 F4D615D7 		.ascii	"\364\326\025\327kI\346\327-\036\331z\341\323\327\253"
 1608      6B49E6D7 
 1608      2D1ED97A 
 1608      E1D3D7AB 
 1609 3ba3 B5CCCC35 		.ascii	"\265\314\3145\312\314U\201\231\256\260\200p\341m\260"
 1609      CACC5581 
 1609      99AEB080 
 1609      70E16DB0 
 1610 3bb3 ED7B4666 		.ascii	"\355{Ff\000\213\213\0241\023i\312L\024\317\314RH`\037"
 1610      008B8B14 
 1610      311369CA 
 1610      4C14CFCC 
 1610      5248601F 
 1611 3bc7 47EABF6E 		.ascii	"G\352\277n\361\010\333\243gIy\207\234\270\216\245\314"
 1611      F108DBA3 
 1611      67497987 
 1611      9CB88EA5 
 1611      CC
 1612 3bd8 C408CCC4 		.ascii	"\304\010\314\304\216\365\370;0f\272\372\215\314\000"
 1612      8EF5F83B 
 1612      3066BAFA 
 1612      8DCC00
 1613 3be7 16172D62 		.ascii	"\026\027-b&\332\224\2318\236\231\272\260\352\032\341"
 1613      26DA9499 
 1613      389E99BA 
 1613      B0EA1AE1 
 1614 3bf7 E70CF9ED 		.ascii	"\347\014\371\355\243\362\355\030\035\031C\346n\316\334"
 1614      A3F2ED18 
 1614      1D1943E6 
 1614      6ECEDC
 1615 3c06 6C509165 		.ascii	"lP\221eL4\347g\007\333\221}L\024?\365\015\344H\360\357"
 1615      4C34E767 
 1615      07DB917D 
 1615      4C143FF5 
 1615      0DE448F0 
 1616 3c1b 225A5FDA 		.ascii	"\"Z_\332\260\003I\300\304\015\317\356V;R\204\211\252"
 1616      B00349C0 
 1616      C40DCFEE 
ARM GAS  /tmp/cczrWAkj.s 			page 133


 1616      563B5284 
 1616      89AA
 1617 3c2d CDE84C07 		.ascii	"\315\350L\007R\212\011\357\222\375<\311x\264\310\211"
 1617      528A09EF 
 1617      92FD3CC9 
 1617      78B4C889 
 1618 3c3d BB48AA4E 		.ascii	"\273H\252N\360\267k1\205Zr\027\013\205\256\335\377\033"
 1618      F0B76B31 
 1618      855A7217 
 1618      0B85AEDD 
 1618      FF1B
 1619 3c4f D2FABB6C 		.ascii	"\322\372\273l\277\376R\205-y\302'\310\336f\336m\035"
 1619      BFFE5285 
 1619      2D79C227 
 1619      C8DE66DE 
 1619      6D1D
 1620 3c61 67B8E4E6 		.ascii	"g\270\344\346\371\376k\236\363\235\370\332;=~\225\001"
 1620      F9FE6B9E 
 1620      F39DF8DA 
 1620      3B3D7E95 
 1620      01
 1621 3c72 A2675BE8 		.ascii	"\242g[\350\350l\352\026s\214\335UO/2Lc\370\207^d)\276"
 1621      E86CEA16 
 1621      738CDD55 
 1621      4F2F324C 
 1621      63F8875E 
 1622 3c89 B2309D15 		.ascii	"\2620\235\025\240\356 \013\\A\246\301\025\334M\257\377"
 1622      A0EE200B 
 1622      5C41A6C1 
 1622      15DC4DAF 
 1622      FF
 1623 3c9a 80947E03 		.ascii	"\200\224~\003\027\030\364\351\237[\270\3630\307\022"
 1623      1718F4E9 
 1623      9F5BB8F3 
 1623      30C712
 1624 3ca9 014DFAC2 		.ascii	"\001M\372\302~\252\216\023\375\300\023\2358f\011\227"
 1624      7EAA8E13 
 1624      FDC0139D 
 1624      38660997 
 1625 3cb9 1EE6EAF0 		.ascii	"\036\346\352\360\002\223\"\2358\2405\275\177f3\236\335"
 1625      0293229D 
 1625      38A035BD 
 1625      7F66339E 
 1625      DD
 1626 3cca 2C98AAC3 		.ascii	",\230\252\303m\254\"y\337\313n\014H4^\343\226\2423E"
 1626      6DAC2279 
 1626      DFCB6E0C 
 1626      48345EE3 
 1626      96A23345 
 1627 3cde 367B35F6 		.ascii	"6{5\366\372+\3547\247\351-\317+\214\270\334\353\253"
 1627      FA2BEC37 
 1627      A7E92DCF 
 1627      2B8CB8DC 
 1627      EBAB
 1628 3cf0 12C90DBF 		.ascii	"\022\311\015\277\350\274\300\270\347\227x@\362[\000"
 1628      E8BCC0B8 
 1628      E7977840 
ARM GAS  /tmp/cczrWAkj.s 			page 134


 1628      F25B00
 1629 3cff 85000500 		.ascii	"\205\000\005\000\305\0007\001\362\304\236~:\363\230"
 1629      C5003701 
 1629      F2C49E7E 
 1629      3AF398
 1630 3d0e B16593CD 		.ascii	"\261e\223\315\3703\273U1\201\275,N\357M\241w6\312\310"
 1630      F833BB55 
 1630      3181BD2C 
 1630      4EEF4DA1 
 1630      7736CAC8 
 1631 3d22 2E7EB73C 		.ascii	".~\267<QD\375\206\005\351\205\205\210\350\266\240^K"
 1631      5144FD86 
 1631      05E98585 
 1631      88E8B6A0 
 1631      5E4B
 1632 3d34 BF54BDF4 		.ascii	"\277T\275\364\362r\001\245\212\224\200B;\322\205v\322"
 1632      F27201A5 
 1632      8A948042 
 1632      3BD28576 
 1632      D2
 1633 3d45 E673B94B 		.ascii	"\346s\271KGF\370\204\"\246\270k^iq%\252\0148,g\265T"
 1633      4746F884 
 1633      22A6B86B 
 1633      5E697125 
 1633      AA0C382C 
 1634 3d5c E844F3DB 		.ascii	"\350D\363\333\216\353ox\216\306K\267\002\313\345M\232"
 1634      8EEB6F78 
 1634      8EC64BB7 
 1634      02CBE54D 
 1634      9A
 1635 3d6d BAC4CC9A 		.ascii	"\272\304\314\232u\035\271\376M\276\372\245\356\254\257"
 1635      751DB9FE 
 1635      4DBEFAA5 
 1635      EEACAF
 1636 3d7c 5A5889BA 		.ascii	"ZX\211\272m^\035]oz\322t\313\206\344c\351\334\031\337"
 1636      6D5E1D5D 
 1636      6F7AD274 
 1636      CB86E463 
 1636      E9DC19DF 
 1637 3d90 211DA9C6 		.ascii	"!\035\251\306D\272w@\224\302\302\332\336\035\2405\300"
 1637      44BA7740 
 1637      94C2C2DA 
 1637      DE1DA035 
 1637      C0
 1638 3da1 AEF8E937 		.ascii	"\256\370\3517\\\343S\224^\327\305\256g,\347\257k\254"
 1638      5CE35394 
 1638      5ED7C5AE 
 1638      672CE7AF 
 1638      6BAC
 1639 3db3 4CFF0E7B 		.ascii	"L\377\016{\031\234\336\347\276\364\274\177\233#\217"
 1639      199CDEE7 
 1639      BEF4BC7F 
 1639      9B238F
 1640 3dc2 917A41AD 		.ascii	"\221zA\255\337\200\222\314b\242n\376\316-\015\331\307"
 1640      DF8092CC 
 1640      62A26EFE 
 1640      CE2D0DD9 
ARM GAS  /tmp/cczrWAkj.s 			page 135


 1640      C7
 1641 3dd3 4449C1E8 		.ascii	"DI\301\350\226=\271\366-~Ku0p\244^'\212E\226\333\336"
 1641      963DB9F6 
 1641      2D7E4B75 
 1641      3070A45E 
 1641      278A4596 
 1642 3de9 489EEB64 		.ascii	"H\236\353d[p\264\273\327\000'\015/c\264\206\355\247"
 1642      5B70B4BB 
 1642      D700270D 
 1642      2F63B486 
 1642      EDA7
 1643 3dfb 3A5682F2 		.ascii	":V\202\362\336\004\015y\037\240Ql\244\233\261\"3\252"
 1643      DE040D79 
 1643      1FA0516C 
 1643      A49BB122 
 1643      33AA
 1644 3e0d 67D8163A 		.ascii	"g\330\026:\021\265i\211\373\2515\343G\334VQ\007\223"
 1644      11B56989 
 1644      FBA935E3 
 1644      47DC5651 
 1644      0793
 1645 3e1f 9D4A32F9 		.ascii	"\235J2\371-\\\320\273T\236\253\266\260G\326l\231\311"
 1645      2D5CD0BB 
 1645      549EABB6 
 1645      B047D66C 
 1645      99C9
 1646 3e31 286297DD 		.ascii	"(b\227\335\277\226\245\344\2147\375\031\234\313H\026"
 1646      BF96A5E4 
 1646      8C37FD19 
 1646      9CCB4816 
 1647 3e41 73167775 		.ascii	"s\026wu\370\323\340m\026\372\227\244\326j\335q\356\236"
 1647      F8D3E06D 
 1647      16FA97A4 
 1647      D66ADD71 
 1647      EE9E
 1648 3e53 0E6A0D63 		.ascii	"\016j\015c%h\255\217\240\306\007\000\275\000\255\000"
 1648      2568AD8F 
 1648      A0C60700 
 1648      BD00AD00 
 1649 3e63 9D003D00 		.ascii	"\235\000=\000\217\001\272\000\272\001\332\001\036\002"
 1649      8F01BA00 
 1649      BA01DA01 
 1649      1E02
 1650 3e71 7488D5D7 		.ascii	"t\210\325\327\236)\272\317\205vZJ\321\362\205\020\233"
 1650      9E29BACF 
 1650      85765A4A 
 1650      D1F28510 
 1650      9B
 1651 3e82 F9A27BE0 		.ascii	"\371\242{\340\022t\246,\343Z\206\321e\255~\027\327\016"
 1651      1274A62C 
 1651      E35A86D1 
 1651      65AD7E17 
 1651      D70E
 1652 3e94 5A98F3A4 		.ascii	"Z\230\363\244\330\306\305\237V\"m\233\206lQSV\231\021"
 1652      D8C6C59F 
 1652      56226D9B 
 1652      866C5153 
ARM GAS  /tmp/cczrWAkj.s 			page 136


 1652      569911
 1653 3ea7 976E1151 		.ascii	"\227n\021Q\207Xnz# -`\\\233\210\327\231\270\333\\\321"
 1653      87586E7A 
 1653      23202D60 
 1653      5C9B88D7 
 1653      99B8DB5C 
 1654 3ebc FD848966 		.ascii	"\375\204\211f\364\037\233\2603\235\370eD\247WF\351\315"
 1654      F41F9BB0 
 1654      339DF865 
 1654      44A75746 
 1654      E9CD
 1655 3ece 9AC7F496 		.ascii	"\232\307\364\226\330\034\201\231\022@Kb\324\2157x\232"
 1655      D81C8199 
 1655      12404B62 
 1655      D48D3778 
 1655      9A
 1656 3edf 6E2AB5E7 		.ascii	"n*\265\347\211\274\345u\013\314\210Wx\276\216.\246\022"
 1656      89BCE575 
 1656      0BCC8857 
 1656      78BE8E2E 
 1656      A612
 1657 3ef1 D04A19BA 		.ascii	"\320J\031\272\345E\233\315L\223Kh\333t\026/\241\315"
 1657      E5459BCD 
 1657      4C934B68 
 1657      DB74162F 
 1657      A1CD
 1658 3f03 498B5DB0 		.ascii	"I\213]\260>*oc\364U\315\377\200\215\321~\023\275:-\211"
 1658      3E2A6F63 
 1658      F455CDFF 
 1658      808DD17E 
 1658      13BD3A2D 
 1659 3f18 D0FB2472 		.ascii	"\320\373$r\366\013\341G\307\310\336\242$\342\226\303"
 1659      F60BE147 
 1659      C7C8DEA2 
 1659      24E296C3 
 1660 3f28 E306F888 		.ascii	"\343\006\370\210{\362R\324\240\204f\252d\0129\250\023"
 1660      7BF252D4 
 1660      A08466AA 
 1660      640A39A8 
 1660      13
 1661 3f39 66E4833C 		.ascii	"f\344\203<\272gG\314\204d\3069!A\037B\322C<nq\332\365"
 1661      BA6747CC 
 1661      8464C639 
 1661      21411F42 
 1661      D2433C6E 
 1662 3f50 6EC94206 		.ascii	"n\311B\006]W\021-\353!\3560\217{g'\245F\022Y=\220\254"
 1662      5D57112D 
 1662      EB21EE30 
 1662      8F7B6727 
 1662      A5461259 
 1663 3f67 388C20EE 		.ascii	"8\214 \356\010\217\333Q\276.9\264\323,A\035E\324Q\036"
 1663      088FDB51 
 1663      BE2E39B4 
 1663      D32C411D 
 1663      45D4511E 
 1664 3f7b 75E866E0 		.ascii	"u\350f\340\212\344\320c\265\004w\014q\307x\334\245h"
 1664      8AE4D063 
ARM GAS  /tmp/cczrWAkj.s 			page 137


 1664      B504770C 
 1664      71C778DC 
 1664      A568
 1665 3f8d FD82643D 		.ascii	"\375\202d=\247T\202;\216\270\343<nv\257\227^\262\230"
 1665      A754823B 
 1665      8EB8E33C 
 1665      6E76AF97 
 1665      5EB298
 1666 3fa0 9223C19D 		.ascii	"\222#\301\235@\334\011\036w\274{\356\271\206\354\241"
 1666      40DC091E 
 1666      77BC7BEE 
 1666      B986ECA1 
 1667 3fb0 EB93BC63 		.ascii	"\353\223\274c\315\202\345\206[\205\351\234\305c\363"
 1667      CD82E586 
 1667      5B85E99C 
 1667      C563F3
 1668 3fbf 4F68AC3C 		.ascii	"Oh\254<%\304\3123\275\255Q\032\341Z\200\2717\222o\215"
 1668      25C4CA33 
 1668      BDAD511A 
 1668      E15A80B9 
 1668      37926F8D 
 1669 3fd3 83E57FD5 		.ascii	"\203\345\177\325\377\010E\343&E\301\362\244i\260<\315"
 1669      FF0845E3 
 1669      2645C1F2 
 1669      A469B03C 
 1669      CD
 1670 3fe4 07CB83E1 		.ascii	"\007\313\203\341\236\375JRs\002\017D\027\007\024\250"
 1670      9EFD4A52 
 1670      73020F44 
 1670      170714A8 
 1671 3ff4 48339F20 		.ascii	"H3\237 \017\"_ts\234a\235"
 1671      0F225F74 
 1671      739C619D 
 1672 4000 FC205F1B 		.ascii	"\374 _\033\332\310nR\241W\363\317\000\355\271_6\371"
 1672      DAC86E52 
 1672      A157F3CF 
 1672      00EDB95F 
 1672      36F9
 1673 4012 150787F4 		.ascii	"\025\007\207\364m\2719f\356\263`\306\363\342\201~\251"
 1673      6DB93966 
 1673      EEB360C6 
 1673      F3E2817E 
 1673      A9
 1674 4023 421C7F3D 		.ascii	"B\034\177=e\264\345\2062:Y\331\277w\337\316B\010\372"
 1674      65B4E586 
 1674      323A59D9 
 1674      BF77DFCE 
 1674      4208FA
 1675 4036 48BE166E 		.ascii	"H\276\026nAG\177\306\321\253u\240@b\255\375\222#\323"
 1675      41477FC6 
 1675      D1AB75A0 
 1675      4062ADFD 
 1675      9223D3
 1676 4049 8BD84C8B 		.ascii	"\213\330L\213|3m_\362\253\220,L\311-RpK<\356\340Hx\203"
 1676      7C336D5F 
 1676      F2AB902C 
 1676      4CC92D52 
ARM GAS  /tmp/cczrWAkj.s 			page 138


 1676      704B3CEE 
 1677 4061 64412358 		.ascii	"dA#X%\266\354e\244\273\314\343\306\024?i\227\254\037"
 1677      25B6EC65 
 1677      A4BBCCE3 
 1677      C6143F69 
 1677      97AC1F
 1678 4074 F94B709F 		.ascii	"\371Kp\237!\3563\036w\312\2777\\BwG2\255^A\334\025\036"
 1678      21EE331E 
 1678      77CABF37 
 1678      5C427747 
 1678      32AD5E41 
 1679 408b F7565F6A 		.ascii	"\367V_j\265\004wQb\202\253\210\273\312\3436\372\215"
 1679      B5047751 
 1679      6282AB88 
 1679      BBCAE336 
 1679      FA8D
 1680 409d 3E97FC5E 		.ascii	">\227\374^\211\217\204\2075\304]\343q\357v_\0321\373"
 1680      898F8487 
 1680      35C45DE3 
 1680      71EF765F 
 1680      1A31FB
 1681 40b0 D51563CB 		.ascii	"\325\025c\313\254\353\014?\241L\237\351t\351FJ\234D"
 1681      ACEB0C3F 
 1681      A14C9FE9 
 1681      74E9464A 
 1681      9C44
 1682 40c2 40C81611 		.ascii	"@\310\026\021\337@\342\033<\361\231\310\234AI\337=\220"
 1682      DF40E21B 
 1682      3CF199C8 
 1682      9C4149DF 
 1682      3D90
 1683 40d4 08B889B8 		.ascii	"\010\270\211\270\233<n\354\350\352\007\026\1779\346"
 1683      9B3C6EEC 
 1683      E8EA0716 
 1683      7F39E6
 1684 40e3 B90E7F39 		.ascii	"\271\016\1779\2062E\275XG\242/\373\325\031-$[\343:="
 1684      863245BD 
 1684      5847A22F 
 1684      FBD5192D 
 1684      245BE33A 
 1685 40f8 D9356F4D 		.ascii	"\3315oM\364\353\271\273\031ef?\346\263\005\216\371\005"
 1685      F4EBB9BB 
 1685      1965663F 
 1685      E6B3058E 
 1685      F905
 1686 410a 3FAC6D53 		.ascii	"?\254mS\231(E|\246\375;\247\262^\342\272\266%2\355 "
 1686      9928457C 
 1686      A6FD3BA7 
 1686      B25EE2BA 
 1686      B62532ED 
 1687 411f 9F3B3C9F 		.ascii	"\237;<\237~I\305\322\205Uo\211L\273\210\273\313\343"
 1687      7E49C5D2 
 1687      85556F89 
 1687      4CBB88BB 
 1687      CBE3
 1688 4131 EEF5E7A4 		.ascii	"\356\365\347\244Kt\245\2274\332\036\342\356\361\270"
 1688      4B74A597 
ARM GAS  /tmp/cczrWAkj.s 			page 139


 1688      34DA1EE2 
 1688      EEF1B8
 1689 4140 756983E9 		.ascii	"ui\203\351\022\343\335\222\320\335G\334}\036\267$\262"
 1689      12E3DD92 
 1689      D0DD47DC 
 1689      7D1EB724 
 1689      B2
 1690 4151 AD4DB201 		.ascii	"\255M\262\001\377TB\367\000q\017x\334\203\333s\275\022"
 1690      FF5442F7 
 1690      00710F78 
 1690      DC83DB73 
 1690      BD12
 1691 4163 BA0B926E 		.ascii	"\272\013\222n\255\267\341q\341\203\032z\376C\251\361"
 1691      ADB7E171 
 1691      E1831A7A 
 1691      FE43A9F1 
 1692 4173 8E49E87A 		.ascii	"\216I\350z\"\256'\217\333\022v\247Y\202\333+\301\365"
 1692      22AE278F 
 1692      DB1276A7 
 1692      5982DB2B 
 1692      C1F5
 1693 4185 425C2F1E 		.ascii	"B\\/\036\267)\241\270M\242\337g\022\331\274\021\327"
 1693      B729A1B8 
 1693      4DA2DF67 
 1693      12D9BC11 
 1693      D7
 1694 4196 9BC79DF2 		.ascii	"\233\307\235\362,\236V\222\276\023\026WU\245\253\233"
 1694      2C9E5692 
 1694      BE131657 
 1694      55A5AB9B 
 1695 41a6 976C6456 		.ascii	"\227ldV7}m\314W7\3750/\360j\347-\245a\231\311\0373\027"
 1695      377D6DCC 
 1695      5737FD30 
 1695      2FF06AE7 
 1695      2DA56199 
 1696 41be F65A3AED 		.ascii	"\366Z:\355-\257_\004\332\320\213Fl\004\237\034u\255"
 1696      2DAF5F04 
 1696      DAD08B46 
 1696      6C049F1C 
 1696      75AD
 1697 41d0 54C1D62F 		.ascii	"T\301\326/\032\357\275\027B\257jI\366\324\377\331\007"
 1697      1AEFBD17 
 1697      42AF6A49 
 1697      F6D4FFD9 
 1697      07
 1698 41e1 148FF3B1 		.ascii	"\024\217\363\2611:ex6\271l\304\206:\345\352\201\221"
 1698      313A6578 
 1698      36B96CC4 
 1698      863AE5EA 
 1698      8191
 1699 41f3 606BB2FA 		.ascii	"`k\262\372\262\022^\226\2230DF\302P\314k\316\216Jt0"
 1699      B2125E96 
 1699      93304446 
 1699      C250CC6B 
 1699      CE8E4A74 
 1700 4208 2CD08461 		.ascii	",\320\204af[{m\363!\013\270\021T\302pA\302\362\304\344"
 1700      665B7B6D 
ARM GAS  /tmp/cczrWAkj.s 			page 140


 1700      F3210BB8 
 1700      1154C270 
 1700      41C2F2C4 
 1701 421d 683B26E1 		.ascii	"h;&\341@\233h\355\012\344\013\026\311\027l*\337\025"
 1701      409B68ED 
 1701      0AE40B16 
 1701      C9176C2A 
 1701      DF15
 1702 422f 5EBE80A2 		.ascii	"^\276\200\242\260\0305\011~\357%\345\273*'\3375\031"
 1702      B0183509 
 1702      7EEF25E5 
 1702      BB2A27DF 
 1702      3519
 1703 4241 F9A2302F 		.ascii	"\371\2420/\361Z~\220\302\260\032\026\215\231\351\205"
 1703      F15A7E90 
 1703      C2B01A16 
 1703      8D99E985 
 1704 4251 F7EE1DF2 		.ascii	"\367\356\035\362\242t,\225/F\220\257\3143\346\251=\223"
 1704      A2742C95 
 1704      2F4690AF 
 1704      CC33E6A9 
 1704      3D93
 1705 4263 AFB652B4 		.ascii	"\257\266R\264\002\005\362E\212\344\2134\225/\216\227"
 1705      0205F245 
 1705      8AE48B34 
 1705      952F8E97 
 1706 4273 AF7F3475 		.ascii	"\257\1774uBA\322_V\276\0049\371\256\313\310\227\210"
 1706      4241D25F 
 1706      56BE0439 
 1706      F9AECBC8 
 1706      9788
 1707 4285 79B5FD01 		.ascii	"y\265\375\001\225\266\206\245\307$\314,\011\277{\351"
 1707      95B686A5 
 1707      C724CC2C 
 1707      09BF7BE9 
 1708 4295 90B5C71B 		.ascii	"\220\265\307\033T\276dA\276\346\315\362\373:\341\302"
 1708      54BE6441 
 1708      BEE6CDF2 
 1708      FB3AE1C2 
 1709 42a5 A644A37C 		.ascii	"\246D\243|\200\305\305\213\344\2137\225/\205\227o\251"
 1709      80C5C58B 
 1709      E48B3795 
 1709      2F85976F 
 1709      A9
 1710 42b6 F27A88F4 		.ascii	"\362z\210\364wY\324\342\336\232\212\2755\225\357\255"
 1710      7759D4E2 
 1710      DE9A8ABD 
 1710      3595EFAD 
 1711 42c6 DD991543 		.ascii	"\335\231\025C6\026N:\321\2372\375\2579\351\22433U'\361"
 1711      36164E3A 
 1711      D19F32FD 
 1711      AF39E994 
 1711      33335527 
 1712 42db 3D693692 		.ascii	"=i6\222KO\220\303t\236\303\273\376\215\276\222\210\227"
 1712      4B4F90C3 
 1712      749EC3BB 
 1712      FE8DBE92 
ARM GAS  /tmp/cczrWAkj.s 			page 141


 1712      8897
 1713 42ed BE7468C4 		.ascii	"\276th\304\315@\334\014\036\267\267\177\333K2^\371H"
 1713      CD40DC0C 
 1713      1EB7B77F 
 1713      DB4B325E 
 1713      F948
 1714 42ff 70331137 		.ascii	"p3\0217\223\307\275\332\331\026+\301\325Kp\263\0207"
 1714      93C7BDDA 
 1714      D9162BC1 
 1714      D54B70B3 
 1714      1037
 1715 4311 8BC74DF7 		.ascii	"\213\307M\367\361\274*\361\301\273\022_\231\215\270"
 1715      F1BC2AF1 
 1715      C1BB125F 
 1715      998DB8
 1716 4320 D93C6EF6 		.ascii	"\331<n\366\263\207\235\222\361\345\205\0047\007qsx\334"
 1716      B3879D92 
 1716      F1E58504 
 1716      37077173 
 1716      78DC
 1717 4332 A8C0E2FB 		.ascii	"\250\300\342\373\022\277\272.\301\315E\\\372a{\321\335"
 1717      12BFBA2E 
 1717      C1CD455C 
 1717      FA617BD1 
 1717      DD
 1718 4343 F9F4C5B3 		.ascii	"\371\364\305\263\347\235\335\335O~\374g'\316\270\236"
 1718      E79DDDDD 
 1718      4F7EFC67 
 1718      27CEB89E 
 1719 4353 733E71C1 		.ascii	"s>q\301\305\343\304\373\037}\337\361'\357\177\357\373"
 1719      C5E3C4FB 
 1719      1F7DDFF1 
 1719      27EF7FEF 
 1719      FB
 1720 4364 27DEFFD0 		.ascii	"'\336\377\320\345'\256\337|\377\302\005\367\023N\364"
 1720      E527AEDF 
 1720      7CFFC205 
 1720      F7134EF4 
 1721 4374 CF07CE67 		.ascii	"\317\007\316g\317\272\376\235\253\333\331S'\316\320"
 1721      CFBAFE9D 
 1721      ABDBD953 
 1721      27CED0
 1722 4383 C7CFE8A3 		.ascii	"\307\317\350\243\243\373Y\247O\235\277uR\363\227?\372"
 1722      A3FB59A7 
 1722      4F9DBF75 
 1722      52F3973F 
 1722      FA
 1723 4394 DB77BEF7 		.ascii	"\333w\276\367\335\357Z\331\\t\363p<\345|\326\351\013"
 1723      DDEF5AD9 
 1723      5C74F370 
 1723      3CE57CD6 
 1723      E90B
 1724 43a6 478F57E8 		.ascii	"G\217W\350\263\261\032\307\323\332\013n\256\247]\316"
 1724      B3B11AC7 
 1724      D3DA0B6E 
 1724      AEA75DCE 
 1725 43b6 BA9CFFC4 		.ascii	"\272\234\377\304\326\375\342\271\037:y8\237?\351\342"
ARM GAS  /tmp/cczrWAkj.s 			page 142


 1725      D6FDE2B9 
 1725      1F3A7938 
 1725      9F3FE9E2 
 1726 43c6 ECAEB9E8 		.ascii	"\354\256\271\350r\336\343\017~\337\321Cw\316\351s\314"
 1726      72DEE30F 
 1726      7EDFD143 
 1726      77CEE973 
 1726      CC
 1727 43d7 FD4277CE 		.ascii	"\375Bw\316\345<{|\207\222\371\330\311\335\331\375\342"
 1727      E53C7B7C 
 1727      8792F9D8 
 1727      C9DDD9FD 
 1727      E2
 1728 43e8 C7EE27DD 		.ascii	"\307\356'\335\\>vvs4\020:\345\344\341t\364\374\305s"
 1728      5C3E7676 
 1728      7334103A 
 1728      E5E4E174 
 1728      F4FCC573 
 1729 43fc 1F42054E 		.ascii	"\037B\005N\2378\273\377\304\371\244\263\313\247\316"
 1729      9F38BBFF 
 1729      C4F9A4B3 
 1729      CBA7CE
 1730 440b A75EA785 		.ascii	"\247^\247\205\014X']/\236\367\200b\036\177~\270\240"
 1730      0C58275D 
 1730      2F9EF780 
 1730      621E7F7E 
 1730      B8A0
 1731 441d E75C4E9D 		.ascii	"\347\\N\235:\353\374\231\223\233\363\211\213?\371\351"
 1731      3AEBFC99 
 1731      939BF389 
 1731      8B3FF9E9 
 1732 442d 0997F327 		.ascii	"\011\227\363'OP:\306\212\277u\306\3527\177\031;\216"
 1732      4F503AC6 
 1732      8ABF75C6 
 1732      EA377F19 
 1732      3B8E
 1733 443f 1E76679D 		.ascii	"\036vg\235\334=\030G\177\365\027\016\264\3009L\271\234"
 1733      DC3D1847 
 1733      7FF5170E 
 1733      B4C0394C 
 1733      B99C
 1734 4451 72F4B011 		.ascii	"r\364\260\021}k#\372\316N\364\014X\316\237z\374\320"
 1734      7D6B23FA 
 1734      CE4EF40C 
 1734      58CE9F7A 
 1734      FCD0
 1735 4463 C51D34E0 		.ascii	"\305\0354\340\354\246:}\326\351\023w[\347O\235\317{"
 1735      ECA63A7D 
 1735      D6E91377 
 1735      5BE74F9D 
 1735      CF7B
 1736 4475 F08F8E1E 		.ascii	"\360\217\216\036j>\341n\303\177\234sr\377\271\243\207"
 1736      6A3EE16E 
 1736      C37F9C73 
 1736      72FFB9A3 
 1736      87
 1737 4486 E62C43D7 		.ascii	"\346,C\327\236<\343\350q\306\315\331\351\224\006?\034"
ARM GAS  /tmp/cczrWAkj.s 			page 143


 1737      9E3CE3E8 
 1737      71C6CDD9 
 1737      E994063F 
 1737      1C
 1738 4497 3D94E79D 		.ascii	"=\224\347\235?\367\260\347\221\035\005\264W\244I\240"
 1738      3FF7B0E7 
 1738      911D05B4 
 1738      57A449A0 
 1739 44a7 F9194FFC 		.ascii	"\371\031O\374[\337\372\326\011\370\377sg\267\363\316"
 1739      5BDFFAD6 
 1739      09F8FF73 
 1739      67B7F3CE 
 1740 44b7 674F7CEF 		.ascii	"gO|\357\214\313\307.?\376\350\204\253\373\0117\017\252"
 1740      8CCBC72E 
 1740      3FFEE884 
 1740      ABFB0937 
 1740      0FAA
 1741 44c9 91B3174F 		.ascii	"\221\263\027O9\2378y\006\353\007}\274F\331vu\377>M\377"
 1741      399F3879 
 1741      06EB077D 
 1741      BC46D976 
 1741      75FF3E4D 
 1742 44de D0404BE5 		.ascii	"\320@K\345\341z\301\345\244\226~\307?\221O\317y\274"
 1742      E17AC1E5 
 1742      A4967EC7 
 1742      3F914FCF 
 1742      79BC
 1743 44f0 2EA3B99F 		.ascii	".\243\271\237}\370\323Wy\025\273y\030s5'?\276\340\344"
 1743      7DF8D357 
 1743      7915BB79 
 1743      18733527 
 1743      3FBEE0E4 
 1744 4504 E674CEFD 		.ascii	"\346t\316\375\250\331W\240\334\367]\335\177\374\221"
 1744      A8D957A0 
 1744      DCF75DDD 
 1744      7FFC91
 1745 4513 07C8750E 		.ascii	"\007\310u\016\012\3338\271\272C\355|\322\372\344\031"
 1745      0ADB38B9 
 1745      BA43ED7C 
 1745      D2FAE419 
 1746 4523 A7F3C0B3 		.ascii	"\247\363\300\263\035\315sqe)[\300\377\253\037\177\017"
 1746      1DCD7371 
 1746      65295BC0 
 1746      FFAB1F7F 
 1746      0F
 1747 4534 136FA36C 		.ascii	"\023o\243l']\241\205i\353\"&\026\007YtF\332J(\356\246"
 1747      275DA185 
 1747      69EB2226 
 1747      16075974 
 1747      46DA4A28 
 1748 454a FEF8E2E9 		.ascii	"\376\370\342\351\323\316nj7\347s\256\036\316Zh\222\217"
 1748      D3CE6E6A 
 1748      37E773AE 
 1748      1ECE5A68 
 1748      928F
 1749 455c 5C2FBA9D 		.ascii	"\\/\272\235t\306\246pt\347\023\366\342\004\225\334\345"
 1749      74C6A670 
ARM GAS  /tmp/cczrWAkj.s 			page 144


 1749      74E713F6 
 1749      E20495DC 
 1749      E5
 1750 456d 1C15C1E9 		.ascii	"\034\025\301\351\354\331\217\235N\376\374\025h\214O"
 1750      ECD98F9D 
 1750      4EFEFC15 
 1750      688C4F
 1751 457c 5DDC3C2E 		.ascii	"]\334<.:\235u\344\277q\220\244\240\331>\3658}\361\374"
 1751      3A9D75E4 
 1751      BF7190A4 
 1751      A0D93EF5 
 1751      387DF1FC 
 1752 4590 497870A1 		.ascii	"Ixp\2416\372\251\323\331#\224\253\263\256\347?\0212"
 1752      36FAA9D3 
 1752      D92394AB 
 1752      B3AEE73F 
 1752      1132
 1753 45a2 C01A3CDC 		.ascii	"\300\032<\334\\>\371\304\331\215\226\341\305\243\017"
 1753      5C3EF9C4 
 1753      D98D96E1 
 1753      C5A30F
 1754 45b1 EE1E4EE7 		.ascii	"\356\036N\347.(\351\323\237\242X\036\220u\342\202\263"
 1754      2E28E9D3 
 1754      9FA2581E 
 1754      9075E282 
 1754      B3
 1755 45c2 9BCB8533 		.ascii	"\233\313\2053\316n_|\363,t\325\367\277\375\335\367\376"
 1755      CE6E5F7C 
 1755      F32C74D5 
 1755      F7BFFDDD 
 1755      F7FE
 1756 45d4 C0F1D3DF 		.ascii	"\300\361\323\337;\201\030\246\262\323\302 \267\203\204"
 1756      3B8118A6 
 1756      B2D3C220 
 1756      B78384
 1757 45e3 A4A387E2 		.ascii	"\244\243\207\342S\017\002-\240\244\214\251NQ\013Q^p"
 1757      530F022D 
 1757      A0A48CA9 
 1757      4E510B51 
 1757      5E70
 1758 45f5 73FED40E 		.ascii	"s\376\324\016d\201\276\015&N\263\034$)\020\234O\330"
 1758      6481BE0D 
 1758      264EB31C 
 1758      2429109C 
 1758      4FD8
 1759 4607 B97FE16E 		.ascii	"\271\177\341n\344\373\233/eK\264<5%\320\363YW\247S'"
 1759      E4FB9B2F 
 1759      654BB43C 
 1759      3525D0F3 
 1759      5957A753 
 1760 461c 5EAA90EB 		.ascii	"^\252\220\353\307\377\354|\222/\246\025\270w\263f\206"
 1760      C7FFEC7C 
 1760      922FA615 
 1760      B877B366 
 1760      86
 1761 462d 73DC82A8 		.ascii	"s\334\202\250\264\377\332\030\022 \247\313\251\2434"
 1761      B4FFDA18 
ARM GAS  /tmp/cczrWAkj.s 			page 145


 1761      1220A7CB 
 1761      A9A334
 1762 463c E94E3D1A 		.ascii	"\351N=\03262\355\241r\305y\024\312#\032\313\253`)\037"
 1762      3632EDA1 
 1762      72C57914 
 1762      CA231ACB 
 1762      AB60291F 
 1763 4650 D12C8325 		.ascii	"\321,\203%\332\003\026\217\204\010\257\030\0121;t\020"
 1763      DA03168F 
 1763      8408AF18 
 1763      0A313B74 
 1763      10
 1764 4661 4A3053B4 		.ascii	"J0S\264\227R\320\271\272\013\275G\215\246\244>\351z"
 1764      9752D0B9 
 1764      BA0BBD47 
 1764      8DA6A43E 
 1764      E97A
 1765 4673 FEB4CB27 		.ascii	"\376\264\313'\257\032\011\361iP4\264\222\207\263\275"
 1765      AF1A09F1 
 1765      695034B4 
 1765      9287B3BD 
 1766 4683 219F4FBE 		.ascii	"!\237O\276\"MBo\006\247t\356\002\364|\247s\316Z\346"
 1766      224D426F 
 1766      06A774EE 
 1766      02F47CA7 
 1766      73CE5AE6 
 1767 4697 073E73D2 		.ascii	"\007>s\322\271{\374\334\351\254\313'\347\035=\264\206"
 1767      B97BFCDC 
 1767      E9ACCB27 
 1767      E71D3DB4 
 1767      86
 1768 46a8 125A5730 		.ascii	"\022ZW0\032'\017\027\327\363\326\324\025\177\007<\261"
 1768      1A270F17 
 1768      D7F3D6D4 
 1768      157F073C 
 1768      B1
 1769 46b9 F3E7CE27 		.ascii	"\363\347\316')\241\213\356\320(\036\320\226\326']\317"
 1769      29A18BEE 
 1769      D0281ED0 
 1769      96D6275D 
 1769      CF
 1770 46ca 9D733A7F 		.ascii	"\235s:\177J$\027f\0341\315\000\312n\316\277\270\010"
 1770      4A241766 
 1770      1C31CD00 
 1770      CA6ECEBF 
 1770      B808
 1771 46dc B6E47C4A 		.ascii	"\266\344|JG}\235\323IJ\332\301\200\207\351WM\322\216"
 1771      477D9DD3 
 1771      494ADAC1 
 1771      8087E957 
 1771      4DD28E
 1772 46ef 1ED66740 		.ascii	"\036\326g@\001\256n_\250\235O\271@Y\265\273\313\277"
 1772      01AE6E5F 
 1772      A89D4FB9 
 1772      4059B5BB 
 1772      CBBF
 1773 4701 801C1A77 		.ascii	"\200\034\032w\347\263\320\320\316\247\254O^ts\203\236"
ARM GAS  /tmp/cczrWAkj.s 			page 146


 1773      E7B3D0D0 
 1773      CEA7AC4F 
 1773      5E747383 
 1773      9E
 1774 4712 A672397F 		.ascii	"\246r9\177\341\242\207\332\311\355\023\350\235jw\347"
 1774      E1A287DA 
 1774      C9ED13E8 
 1774      9D6A77E7 
 1775 4722 5F9C753E 		.ascii	"_\234u>O? \245\005\024wW\267\013\256\356j\310\374\304"
 1775      4F3F20A5 
 1775      05147757 
 1775      B70BAEEE 
 1775      6AC8FCC4 
 1776 4736 E38C8DA1 		.ascii	"\343\214\215\241\022T\333'\316\2747>\357z\312\231O9"
 1776      1254DB27 
 1776      CEBC373E 
 1776      EF7ACA99 
 1776      4F39
 1777 4748 7AD8BB9F 		.ascii	"z\330\273\237\271\350q\312\365\263\363\350q^\021\222"
 1777      B9E871CA 
 1777      F5B3F3E8 
 1777      715E1192 
 1778 4758 42FFD5F1 		.ascii	"B\377\325\361.\210\327\204\255\361\021\330\022\350\350"
 1778      2E88D784 
 1778      ADF111D8 
 1778      12E8E8
 1779 4767 8407478F 		.ascii	"\204\007G\217/\013\217\0371\"\337cD@\241g]]/`\025\266"
 1779      2F0B8F1F 
 1779      3122DF63 
 1779      4440A167 
 1779      5D5D2F60 
 1780 477d F45120FF 		.ascii	"\364Q \377\252\310{~\310\273\361\327\005\"?\0044#\001"
 1780      AAC87B7E 
 1780      C8BBF1D7 
 1780      05223F04 
 1780      342301
 1781 4790 1B77678F 		.ascii	"\033wg\217\213\214\202\035\377,\220x\303P+\3155\226"
 1781      8B8C821D 
 1781      FF2C9078 
 1781      C3502BCD 
 1781      3596
 1782 47a2 5063A3DB 		.ascii	"Pc\243\333c\015?e#\201\201\274t\320RQ\246\334\377\370"
 1782      630D3F65 
 1782      238181BC 
 1782      74D05251 
 1782      A6DCFFF8 
 1783 47b6 571A1E29 		.ascii	"W\032\036)5\350\031o\312Sv\364x\213~qF\342\305\335\234"
 1783      35E8196F 
 1783      CA5376F4 
 1783      788B7E71 
 1783      46E2C5DD 
 1784 47cb 4FBA7E0A 		.ascii	"O\272~\012>"
 1784      3E
 1785 47d0 CAF1B4CA 		.ascii	"\312\361\264\312\361\317]]\317\3322&\241[\202\035\270"
 1785      F1CF5D5D 
 1785      CFDA3226 
 1785      A15B821D 
ARM GAS  /tmp/cczrWAkj.s 			page 147


 1785      B8
 1786 47e1 83F77001 		.ascii	"\203\367p\001/{\336\325\303\345\264\313I\3362\225t\220"
 1786      2F7BDED5 
 1786      C3E5B4CB 
 1786      49DE3295 
 1786      7490
 1787 47f3 FBD35F6D 		.ascii	"\373\323_m\370Fr\300\242\012\314\362\242\263\222\352"
 1787      F84672C0 
 1787      A20ACCF2 
 1787      A2B392EA 
 1788 4803 C741188C 		.ascii	"\307A\030\214\230\255\276j\222\206\026>\015#\317\237"
 1788      98ADBE6A 
 1788      9286163E 
 1788      0D23CF9F 
 1789 4813 03AAF519 		.ascii	"\003\252\365\031\374\264gr0\214W\244I0\260\323n\256"
 1789      FCB46772 
 1789      308C57A4 
 1789      4930B0D3 
 1789      6EAE
 1790 4825 E73D9467 		.ascii	"\347=\224g]O\376\\\005\215O\007\2013\216|\215:\341\001"
 1790      5D4FFE5C 
 1790      058D4F07 
 1790      81338E7C 
 1790      8D3AE101 
 1791 4839 A8C2E3B9 		.ascii	"\250\302\343\271\213\036\316\237[\363\177\035=~\367"
 1791      8B1ECE9F 
 1791      5BF37F1D 
 1791      3D7EF7
 1792 4848 A5BCDD39 		.ascii	"\245\274\3359\217\317\201\177;T\323\207X\322A$\034\037"
 1792      8FCF817F 
 1792      3B54D387 
 1792      58D24124 
 1792      1C1F
 1793 485a 5888D21A 		.ascii	"X\210\322\032\210\211\250)\270\177I\224)m\230W\000\345"
 1793      8889A829 
 1793      B87F4994 
 1793      296D9857 
 1793      00E5
 1794 486c C7944DF7 		.ascii	"\307\224M\3673.\027~\010\203\340q\213\2500\352\212\277"
 1794      332E177E 
 1794      0883E071 
 1794      8BA830EA 
 1794      8ABF
 1795 487e 03633434 		.ascii	"\003c44\245;\001\025\330:\177~\201\357\243?\001\327"
 1795      A53B0115 
 1795      D83A7F7E 
 1795      81EFA33F 
 1795      01D7
 1796 4890 A38528EE 		.ascii	"\243\205(\356\257]<`\010\260?\005&\0074\234\177|\372"
 1796      AF5D3C60 
 1796      08B03F05 
 1796      2607349C 
 1796      7F7CFA
 1797 48a3 3498ACC3 		.ascii	"4\230\254\303/\260\205\335X\360\243\021\322\257\031"
 1797      2FB085DD 
 1797      58F0A311 
 1797      D2AF19
ARM GAS  /tmp/cczrWAkj.s 			page 148


 1798 48b2 5BDFCD68 		.ascii	"[\337\315h\277\337y\351\306\246\361\251#\320puw:k\324"
 1798      BFDF79E9 
 1798      C6A6F1A9 
 1798      23D07075 
 1798      773A6BD4 
 1799 48c6 D24FD1C7 		.ascii	"\322O\321\307\277jf}\032\301\372\354>uq=\313[\327\367"
 1799      BF6A667D 
 1799      1AC1FAEC 
 1799      3E75713D 
 1799      CB5BD7F7 
 1800 48da C06CD5A2 		.ascii	"\300l\325\242\230Cj\255\036\344\264\033\3229-\316?j"
 1800      98436AAD 
 1800      1EE4B41B 
 1800      D2392DCE 
 1800      3F6A
 1801 48ec 96039860 		.ascii	"\226\003\230`3\344<\303>o\206}^\212\375\376\1770\356"
 1801      33E43CC3 
 1801      3E6F867D 
 1801      5E8AFDFE 
 1801      7F30EE
 1802 48ff 3E63A504 		.ascii	">c\245\004\277\355\254\376g^\335\032A\335\326|\310\345"
 1802      BFEDACFE 
 1802      675EDD1A 
 1802      41DDD67C 
 1802      C8E5
 1803 4911 72CACE10 		.ascii	"r\312\316\020~\271\3601 \010\371\212)\015\233\013n\340"
 1803      7EB9F031 
 1803      2008F98A 
 1803      290D9B0B 
 1803      6EE0
 1804 4923 F27F7CD1 		.ascii	"\362\177|\321\003|\352\021\323/\035=\216\210\275\307"
 1804      037CEA11 
 1804      D32F1D3D 
 1804      8E88BDC7 
 1805 4933 DFB8B9B8 		.ascii	"\337\270\271\270\002\035ww\367\0136\347\\O]\004\277"
 1805      021D7777 
 1805      F70B36E7 
 1805      5C4F5D04 
 1805      BF
 1806 4944 4C036B1C 		.ascii	"L\003k\034\001 \023\363h]\032|\374\253S\016\302w\314"
 1806      012013F3 
 1806      685D1A7C 
 1806      FCAB530E 
 1806      C277CC
 1807 4957 DDEADCBF 		.ascii	"\335\352\334\2778\177\022\307\267/\313\215\262\200\011"
 1807      387F12C7 
 1807      B72FCB8D 
 1807      B28009
 1808 4966 52D90BCF 		.ascii	"R\331\013\317h|*\336\203+\\\335\225\237\\pq}K\256\334"
 1808      687C2ADE 
 1808      832B5CDD 
 1808      959F5C70 
 1808      717D4BAE 
 1809 497b 1730DAF0 		.ascii	"\0270\332\360\021\2341\245\021\002\2737\214b}\344\346"
 1809      119C31A5 
 1809      1102BB37 
 1809      8C627DE4 
ARM GAS  /tmp/cczrWAkj.s 			page 149


 1809      E6
 1810 498c F1B78609 		.ascii	"\361\267\206\011\311\037\375\252\332\207z\024\277o\245"
 1810      C91FFDAA 
 1810      DA877A14 
 1810      BF6FA5
 1811 499b 71723BF7 		.ascii	"qr;\367\351\037~\363\234\225\016X\201\016\371\315s\337"
 1811      E91F7EF3 
 1811      9C950E58 
 1811      810EF9CD 
 1811      73DF
 1812 49ad B67ADDD1 		.ascii	"\266z\335\321T\205\274S\376\217\266\363I\253\327\314"
 1812      5485BC53 
 1812      FE8FB6F3 
 1812      49ABD7CC 
 1813 49bd 08D3E1E1 		.ascii	"\010\323\341\341K\346\325\261\221\347\267\240\335@\330"
 1813      4BE6D5B1 
 1813      91E7B7A0 
 1813      DD40D8
 1814 49cc 8F0CC606 		.ascii	"\217\014\306\006\375\352\344E0vg\243\374G\317\030\252"
 1814      FDEAE445 
 1814      307667A3 
 1814      FC47CF18 
 1814      AA
 1815 49dd FC8896FD 		.ascii	"\374\210\226\375\253\363.\0360w\370\351\231S\337\377"
 1815      ABF32E1E 
 1815      3077F8E9 
 1815      9953DFFF 
 1816 49ed DCC54375 		.ascii	"\334\305Cu\316\035b\215\227\213\305p\244\241\261\030"
 1816      CE1D628D 
 1816      978BC570 
 1816      A4A1B118 
 1817 49fd B837DEA0 		.ascii	"\2707\336\240N\037\373s\360\245\037Q\327x\336\303\305"
 1817      4E1FFB73 
 1817      F0A51F51 
 1817      D778DEC3 
 1817      C5
 1818 4a0e 890539DF 		.ascii	"\211\0059\337\266D\355\214\323\331\023g]>>\201\015\346"
 1818      B644ED8C 
 1818      D3D91367 
 1818      5D3E3E81 
 1818      0DE6
 1819 4a20 7E42A002 		.ascii	"~B\240\002\024\251\003\373@,\211\341\311\306`\336\216"
 1819      14A903FB 
 1819      402C89E1 
 1819      C9C660DE 
 1819      8E
 1820 4a31 1E14EB07 		.ascii	"\036\024\353\007\262X_2\325\204\344\233\037\311~C=\353"
 1820      B2585F32 
 1820      D584E49B 
 1820      1FC97E43 
 1820      3DEB
 1821 4a43 F7C0BEFE 		.ascii	"\367\300\276\376\322\331\343\247\224\376\2576.R\013"
 1821      D2D9E3A7 
 1821      94FEAF36 
 1821      2E520B
 1822 4a52 0501A82B 		.ascii	"\005\001\250+\370\010=\347O\234\335/\270\236\307\311"
 1822      F8083DE7 
ARM GAS  /tmp/cczrWAkj.s 			page 150


 1822      4F9CDD2F 
 1822      B89EC7C9 
 1823 4a62 A9E04C4F 		.ascii	"\251\340LO\271\270_p\362\200\011\325\2517\345\263\035"
 1823      B9B85F70 
 1823      F28009D5 
 1823      A937E5B3 
 1823      1D
 1824 4a73 3DDE3452 		.ascii	"=\3364Rx\377\344/.\272\270\001!~\3149b\374\342/\030"
 1824      78FFE42F 
 1824      2EBAB801 
 1824      217ECC39 
 1824      62FCE22F 
 1825 4a88 FE6F982A 		.ascii	"\376o\230*\302\320\360?\203\270\017\002\253/\354\215"
 1825      C2D0F03F 
 1825      83B80F02 
 1825      AB2FEC8D 
 1826 4a98 85688B1F 		.ascii	"\205h\213\0373\325\257\220\371\003\271\314\217\3442"
 1826      33D5AF90 
 1826      F903B9CC 
 1826      8FE432
 1827 4aa7 7F649A49 		.ascii	"\177d\232I[\346G\340m\3503\201\036ik\354\225\340\"O"
 1827      5BE647E0 
 1827      6DE83381 
 1827      1E696BEC 
 1827      95E0224F 
 1828 4abb 9E798F9C 		.ascii	"\236y\217\234\372\370\023k\027w7\307\223\020\317\001"
 1828      FAF8136B 
 1828      177737C7 
 1828      9310CF01 
 1829 4acb 40CC78C1 		.ascii	"@\314x\301\351<4$\030\035\235W0\334S\316\037_\374DC"
 1829      E93C3424 
 1829      181D9D57 
 1829      30DC53CE 
 1829      1F5FFC44 
 1830 4ae0 07548AF8 		.ascii	"\007T\212\370r\223\011\276\014\365!b\032\374\332\002"
 1830      729309BE 
 1830      0CF52162 
 1830      1AFCDA02 
 1831 4af0 1814CE8A 		.ascii	"\030\024\316\212\341\317Y\260/Wk\217\013\274G\263\206"
 1831      E1CF59B0 
 1831      2F576B8F 
 1831      0BBC47B3 
 1831      86
 1832 4b01 D195CE41 		.ascii	"\321\225\316A4\316\027\234\317\237\2021\317\3723'\027"
 1832      34CE179C 
 1832      CF9F8231 
 1832      CFFA3327 
 1832      17
 1833 4b12 0FFA09AC 		.ascii	"\017\372\011\254\320/\264\354\323\321\203\273\250v\376"
 1833      D02FB4EC 
 1833      D3D183BB 
 1833      A876FE
 1834 4b21 8C8622EA 		.ascii	"\214\206\"\352\317<\240\324\005\370pw>w\301\226\362"
 1834      CF3CA0D4 
 1834      05F87077 
 1834      3E77C196 
 1834      F2
ARM GAS  /tmp/cczrWAkj.s 			page 151


 1835 4b32 EC7CCEE9 		.ascii	"\354|\316\351\302\031hs\325g\036\036n\027\216\260\230"
 1835      C2196873 
 1835      D5671E1E 
 1835      6E178EB0 
 1835      98
 1836 4b43 DBCD1966 		.ascii	"\333\315\031f\220\316\347\351\260\011\3100k\271\240"
 1836      90CEE7E9 
 1836      B009C830 
 1836      6BB9A0
 1837 4b52 7186EE75 		.ascii	"q\206\356u\222\2168n\247\276\000\201\255\335]>\246#"
 1837      928E386E 
 1837      A7BE0081 
 1837      ADDD5D3E 
 1837      A623
 1838 4b64 2DF41D97 		.ascii	"-\364\035\227\263\247\000\227\216D\320m\224P\324\335"
 1838      B3A70097 
 1838      8E44D06D 
 1838      9450D4DD 
 1839 4b74 DA83FE05 		.ascii	"\332\203\376\005\036=\316\3611\246\306C\210\357?s\242"
 1839      1E3DCEF1 
 1839      31A6C643 
 1839      88EF3F73 
 1839      A2
 1840 4b85 E18A3DD4 		.ascii	"\341\212=\324L'\261\347!\033*\261\023=\003\216\033\037"
 1840      4C27B1E7 
 1840      211B2AB1 
 1840      133D038E 
 1840      1B1F
 1841 4b97 7590931E 		.ascii	"u\220\223\036\237+\300g_\000?\005\337z@\322\226\177"
 1841      9F2BC067 
 1841      5F003F05 
 1841      DF7A40D2 
 1841      967F
 1842 4ba9 86190538 		.ascii	"\206\031\0058.\217?\260\244X\032\321\273\236?Aq\335"
 1842      2E8F3FB0 
 1842      A4581AD1 
 1842      BB9E3F41 
 1842      71DD
 1843 4bbb 4FBCFF93 		.ascii	"O\274\377\223\017\301\335}\010*f\206M\316\234rS_\340"
 1843      0FC1DD7D 
 1843      082A6686 
 1843      4DCE9C72 
 1843      535FE0
 1844 4bce 6B7815B8 		.ascii	"kx\025\270\240\272t\003\373\302H\347\250Y\216#\235D"
 1844      A0BA7403 
 1844      FBC248E7 
 1844      A8598E23 
 1844      9D44
 1845 4be0 BAB82AA9 		.ascii	"\272\270*\251\"\371)\214;w^}\221o|%\235&X\273y\360\011"
 1845      22F9298C 
 1845      3B775E7D 
 1845      916F7C25 
 1845      9D2658BB 
 1846 4bf7 15B83398 		.ascii	"\025\2703\230p~\014\366\255;y\361\034\265]\227O\235"
 1846      707E0CF6 
 1846      AD3B79F1 
 1846      1CB55D97 
ARM GAS  /tmp/cczrWAkj.s 			page 152


 1846      4F9D
 1847 4c09 356E1E1E 		.ascii	"5n\036\036|t\370\365\227\363Ht08\302\2278\347\354\344"
 1847      7C74F8F5 
 1847      97F34874 
 1847      3038C297 
 1847      38E7ECE4 
 1848 4c1d 7E112677 		.ascii	"~\021&wt\222\356\361\232T]\2168\247:f\236\005L\271\235"
 1848      7492EEF1 
 1848      9A545D8E 
 1848      38A73A66 
 1848      9E054CB9 
 1849 4c32 3E79915A 		.ascii	">y\221Z\000\375\264\241\177\034q\241\345\033/\305\001"
 1849      00FDB4A1 
 1849      7F1C71A1 
 1849      E51B2FC5 
 1849      01
 1850 4c43 2DC0CF69 		.ascii	"-\300\317iiA\017k\2523G\227SZ\366\0119n\316\237PU\330"
 1850      69410F6B 
 1850      AA334797 
 1850      535AF609 
 1850      396ECE9F 
 1851 4c5a D01A9C3F 		.ascii	"\320\032\234?\201'\267/t\302\0034\335\247\036\364\333"
 1851      8127B72F 
 1851      74C20334 
 1851      DDA71EF4 
 1851      DB
 1852 4c6b D74D970F 		.ascii	"\327M\227\017\334yC\324P\205\321\264\226Z9\257\227\327"
 1852      DC7943D4 
 1852      5085D1B4 
 1852      965A39AF 
 1852      97D7
 1853 4c7d 64D04099 		.ascii	"d\320@\231n\364\323\216\257\303\351\324\027|\256\255"
 1853      6EF4D38E 
 1853      AFC3E9D4 
 1853      177CAEAD 
 1854 4c8d F1D1D1C3 		.ascii	"\361\321\321\303\026\305\340\3475\356\272s\216\320\211"
 1854      16C5E0E7 
 1854      35EEBA73 
 1854      8ED089
 1855 4c9c 21F7CC29 		.ascii	"!\367\314)\315yG0\023\367\317N\252\316;\272\270\375"
 1855      CD794730 
 1855      13F7CF4E 
 1855      AACE3BBA 
 1855      B8FD
 1856 4cae 42F806FA 		.ascii	"B\370\006\372\354\313uC\236\036\355\206b\372/\033\355"
 1856      ECCB7543 
 1856      9E1EED86 
 1856      62FA2F1B 
 1856      ED
 1857 4cbf 8250D471 		.ascii	"\202P\324q\032\207DG~\200\222\031^\035\351\364\326\346"
 1857      1A874447 
 1857      7E809219 
 1857      5E1DE9F4 
 1857      D6E6
 1858 4cd1 B433783E 		.ascii	"\2643x>\272\\\010]\225\177\376\021X\265\315\305\363"
 1858      BA5C085D 
 1858      957FFE11 
ARM GAS  /tmp/cczrWAkj.s 			page 153


 1858      58B5CDC5 
 1858      F3
 1859 4ce2 8658EBB8 		.ascii	"\206X\353\270\251\227\372[\351w\037\035\362\335\017"
 1859      A997FA5B 
 1859      E9771F1D 
 1859      F2DD0F
 1860 4cf1 0EF9EE03 		.ascii	"\016\371\356\003\013\337\331\237\021\177\341n\317\226"
 1860      0BDFD99F 
 1860      117FE16E 
 1860      CF96
 1861 4cff F5BE87EB 		.ascii	"\365\276\207\353\220vgyVY\030\374\012\2354;\321\211"
 1861      90766779 
 1861      565918FC 
 1861      0A9D343B 
 1861      D189
 1862 4d11 2FCBA0EB 		.ascii	"/\313\240\353\231\037\320\001\010\350\321\246\374\241"
 1862      991FD001 
 1862      08E8D1A6 
 1862      FCA1
 1863 4d1f F36908BA 		.ascii	"\363i\010\272`2l}\301\351\013\272@b{\321\003B\363\177"
 1863      60326C7D 
 1863      C1E90BBA 
 1863      40627BD1 
 1863      0342F37F 
 1864 4d33 E123570C 		.ascii	"\341#W\014\360\205eC\263\000_B\344W\233>1\332\320 \307"
 1864      F0856543 
 1864      B3005F42 
 1864      E4579B3E 
 1864      31DAD020 
 1865 4d48 2D560553 		.ascii	"-V\005S\002\220\370'0S\007\227t\352\010t!\030i\350\244"
 1865      0290F827 
 1865      30530797 
 1865      74EA0874 
 1865      211869E8 
 1866 4d5d FE532737 		.ascii	"\376S'7\027\247\217\317:\277\\\237\241\345\350r\024"
 1866      17A78FCF 
 1866      3ABF5C9F 
 1866      A1E5E872 
 1866      14
 1867 4d6e 069DC0FB 		.ascii	"\006\235\300\373)(\017!<*D\244\320\243\242i\363Gl\341"
 1867      29280F21 
 1867      3C2A44A4 
 1867      D0A3A269 
 1867      F3476CE1 
 1868 4d82 ED986819 		.ascii	"\355\230h\031\030F\303\223Nn\247\234O\2113\377\346\""
 1868      1846C393 
 1868      4E6EA79C 
 1868      4F8933FF 
 1868      E622
 1869 4d94 B8590825 		.ascii	"\270Y\010%O\275a\014\034$R\330\003\262\250\222\377\376"
 1869      4FBD610C 
 1869      1C2452D8 
 1869      03B2A892 
 1869      FFFE
 1870 4da6 2BA98BA7 		.ascii	"+\251\213\247\313\342\026\271J \246>y\346'\316\237@"
 1870      CBE216B9 
 1870      4A20A63E 
ARM GAS  /tmp/cczrWAkj.s 			page 154


 1870      79E627CE 
 1870      9F40
 1871 4db8 608851F5 		.ascii	"`\210Q\365\217\300\202\337{9\227\302\274\003P\267f\263"
 1871      8FC082DF 
 1871      7B3997C2 
 1871      BC0350B7 
 1871      66B3
 1872 4dca 4E7B30B9 		.ascii	"N{0\271s.\356\356\240k:\3371\013i~ \364\006\2630J\362"
 1872      732EEEEE 
 1872      A06B3ADF 
 1872      310B697E 
 1872      20F406B3 
 1873 4de1 CD0F2C7E 		.ascii	"\315\017,~\363\221\3547\377?\252a\337\016"
 1873      F391EC37 
 1873      FF3FAA61 
 1873      DF0E
 1874              		.text
 1875              		.section	.gnu.lto_.symtab.a835eeb8c85e4f66,"e",%progbits
 1876 0000 5F68656C 		.ascii	"_helloworld_slaveShutdown\000"
 1876      6C6F776F 
 1876      726C645F 
 1876      736C6176 
 1876      65536875 
 1877 001a 00       		.ascii	"\000"
 1878 001b 00       		.ascii	"\000"
 1879 001c 00       		.ascii	"\000"
 1880 001d 00000000 		.ascii	"\000\000\000\000\000\000\000\000"
 1880      00000000 
 1881 0025 79030000 		.ascii	"y\003\000\000"
 1882 0029 5F68656C 		.ascii	"_helloworld_slaveSetup\000"
 1882      6C6F776F 
 1882      726C645F 
 1882      736C6176 
 1882      65536574 
 1883 0040 00       		.ascii	"\000"
 1884 0041 00       		.ascii	"\000"
 1885 0042 00       		.ascii	"\000"
 1886 0043 00000000 		.ascii	"\000\000\000\000\000\000\000\000"
 1886      00000000 
 1887 004b 75030000 		.ascii	"u\003\000\000"
 1888 004f 5F68656C 		.ascii	"_helloworld_slaveLoop\000"
 1888      6C6F776F 
 1888      726C645F 
 1888      736C6176 
 1888      654C6F6F 
 1889 0065 00       		.ascii	"\000"
 1890 0066 00       		.ascii	"\000"
 1891 0067 00       		.ascii	"\000"
 1892 0068 00000000 		.ascii	"\000\000\000\000\000\000\000\000"
 1892      00000000 
 1893 0070 77030000 		.ascii	"w\003\000\000"
 1894 0074 68656C6C 		.ascii	"helloWorldSlaveInit\000"
 1894      6F576F72 
 1894      6C64536C 
 1894      61766549 
 1894      6E697400 
 1895 0088 00       		.ascii	"\000"
ARM GAS  /tmp/cczrWAkj.s 			page 155


 1896 0089 00       		.ascii	"\000"
 1897 008a 00       		.ascii	"\000"
 1898 008b 00000000 		.ascii	"\000\000\000\000\000\000\000\000"
 1898      00000000 
 1899 0093 8B030000 		.ascii	"\213\003\000\000"
 1900 0097 616F7300 		.ascii	"aos\000"
 1901 009b 00       		.ascii	"\000"
 1902 009c 02       		.ascii	"\002"
 1903 009d 00       		.ascii	"\000"
 1904 009e 00000000 		.ascii	"\000\000\000\000\000\000\000\000"
 1904      00000000 
 1905 00a6 16040000 		.ascii	"\026\004\000\000"
 1906 00aa 63683000 		.ascii	"ch0\000"
 1907 00ae 00       		.ascii	"\000"
 1908 00af 02       		.ascii	"\002"
 1909 00b0 00       		.ascii	"\000"
 1910 00b1 00000000 		.ascii	"\000\000\000\000\000\000\000\000"
 1910      00000000 
 1911 00b9 E3040000 		.ascii	"\343\004\000\000"
 1912 00bd 68656C6C 		.ascii	"helloworldSrtUsefulness\000"
 1912      6F776F72 
 1912      6C645372 
 1912      74557365 
 1912      66756C6E 
 1913 00d5 00       		.ascii	"\000"
 1914 00d6 02       		.ascii	"\002"
 1915 00d7 00       		.ascii	"\000"
 1916 00d8 00000000 		.ascii	"\000\000\000\000\000\000\000\000"
 1916      00000000 
 1917 00e0 71030000 		.ascii	"q\003\000\000"
 1918 00e4 63685468 		.ascii	"chThdExit\000"
 1918      64457869 
 1918      7400
 1919 00ee 00       		.ascii	"\000"
 1920 00ef 02       		.ascii	"\002"
 1921 00f0 00       		.ascii	"\000"
 1922 00f1 00000000 		.ascii	"\000\000\000\000\000\000\000\000"
 1922      00000000 
 1923 00f9 93030000 		.ascii	"\223\003\000\000"
 1924 00fd 63687072 		.ascii	"chprintf\000"
 1924      696E7466 
 1924      00
 1925 0106 00       		.ascii	"\000"
 1926 0107 02       		.ascii	"\002"
 1927 0108 00       		.ascii	"\000"
 1928 0109 00000000 		.ascii	"\000\000\000\000\000\000\000\000"
 1928      00000000 
 1929 0111 9C030000 		.ascii	"\234\003\000\000"
 1930 0115 75727448 		.ascii	"urtHrtSubscriberSubscribe\000"
 1930      72745375 
 1930      62736372 
 1930      69626572 
 1930      53756273 
 1931 012f 00       		.ascii	"\000"
 1932 0130 02       		.ascii	"\002"
 1933 0131 00       		.ascii	"\000"
 1934 0132 00000000 		.ascii	"\000\000\000\000\000\000\000\000"
ARM GAS  /tmp/cczrWAkj.s 			page 156


 1934      00000000 
 1935 013a AC030000 		.ascii	"\254\003\000\000"
 1936 013e 75727446 		.ascii	"urtFrtSubscriberSubscribe\000"
 1936      72745375 
 1936      62736372 
 1936      69626572 
 1936      53756273 
 1937 0158 00       		.ascii	"\000"
 1938 0159 02       		.ascii	"\002"
 1939 015a 00       		.ascii	"\000"
 1940 015b 00000000 		.ascii	"\000\000\000\000\000\000\000\000"
 1940      00000000 
 1941 0163 B7030000 		.ascii	"\267\003\000\000"
 1942 0167 75727453 		.ascii	"urtSrtSubscriberSubscribe\000"
 1942      72745375 
 1942      62736372 
 1942      69626572 
 1942      53756273 
 1943 0181 00       		.ascii	"\000"
 1944 0182 02       		.ascii	"\002"
 1945 0183 00       		.ascii	"\000"
 1946 0184 00000000 		.ascii	"\000\000\000\000\000\000\000\000"
 1946      00000000 
 1947 018c C1030000 		.ascii	"\301\003\000\000"
 1948 0190 7572744E 		.ascii	"urtNrtSubscriberSubscribe\000"
 1948      72745375 
 1948      62736372 
 1948      69626572 
 1948      53756273 
 1949 01aa 00       		.ascii	"\000"
 1950 01ab 02       		.ascii	"\002"
 1951 01ac 00       		.ascii	"\000"
 1952 01ad 00000000 		.ascii	"\000\000\000\000\000\000\000\000"
 1952      00000000 
 1953 01b5 CA030000 		.ascii	"\312\003\000\000"
 1954 01b9 75727443 		.ascii	"urtCoreGetTopic\000"
 1954      6F726547 
 1954      6574546F 
 1954      70696300 
 1955 01c9 00       		.ascii	"\000"
 1956 01ca 02       		.ascii	"\002"
 1957 01cb 00       		.ascii	"\000"
 1958 01cc 00000000 		.ascii	"\000\000\000\000\000\000\000\000"
 1958      00000000 
 1959 01d4 CE030000 		.ascii	"\316\003\000\000"
 1960 01d8 75727453 		.ascii	"urtServiceRespond\000"
 1960      65727669 
 1960      63655265 
 1960      73706F6E 
 1960      6400
 1961 01ea 00       		.ascii	"\000"
 1962 01eb 02       		.ascii	"\002"
 1963 01ec 00       		.ascii	"\000"
 1964 01ed 00000000 		.ascii	"\000\000\000\000\000\000\000\000"
 1964      00000000 
 1965 01f5 D8030000 		.ascii	"\330\003\000\000"
 1966 01f9 75727453 		.ascii	"urtServiceAcquireRequest\000"
ARM GAS  /tmp/cczrWAkj.s 			page 157


 1966      65727669 
 1966      63654163 
 1966      71756972 
 1966      65526571 
 1967 0212 00       		.ascii	"\000"
 1968 0213 02       		.ascii	"\002"
 1969 0214 00       		.ascii	"\000"
 1970 0215 00000000 		.ascii	"\000\000\000\000\000\000\000\000"
 1970      00000000 
 1971 021d E1030000 		.ascii	"\341\003\000\000"
 1972 0221 75727453 		.ascii	"urtServiceDispatch\000"
 1972      65727669 
 1972      63654469 
 1972      73706174 
 1972      636800
 1973 0234 00       		.ascii	"\000"
 1974 0235 02       		.ascii	"\002"
 1975 0236 00       		.ascii	"\000"
 1976 0237 00000000 		.ascii	"\000\000\000\000\000\000\000\000"
 1976      00000000 
 1977 023f E9030000 		.ascii	"\351\003\000\000"
 1978 0243 75727446 		.ascii	"urtFrtSubscriberCalculateValidity\000"
 1978      72745375 
 1978      62736372 
 1978      69626572 
 1978      43616C63 
 1979 0265 00       		.ascii	"\000"
 1980 0266 02       		.ascii	"\002"
 1981 0267 00       		.ascii	"\000"
 1982 0268 00000000 		.ascii	"\000\000\000\000\000\000\000\000"
 1982      00000000 
 1983 0270 EE030000 		.ascii	"\356\003\000\000"
 1984 0274 75727453 		.ascii	"urtServiceInit\000"
 1984      65727669 
 1984      6365496E 
 1984      697400
 1985 0283 00       		.ascii	"\000"
 1986 0284 02       		.ascii	"\002"
 1987 0285 00       		.ascii	"\000"
 1988 0286 00000000 		.ascii	"\000\000\000\000\000\000\000\000"
 1988      00000000 
 1989 028e F5030000 		.ascii	"\365\003\000\000"
 1990 0292 75727448 		.ascii	"urtHrtSubscriberInit\000"
 1990      72745375 
 1990      62736372 
 1990      69626572 
 1990      496E6974 
 1991 02a7 00       		.ascii	"\000"
 1992 02a8 02       		.ascii	"\002"
 1993 02a9 00       		.ascii	"\000"
 1994 02aa 00000000 		.ascii	"\000\000\000\000\000\000\000\000"
 1994      00000000 
 1995 02b2 F9030000 		.ascii	"\371\003\000\000"
 1996 02b6 75727446 		.ascii	"urtFrtSubscriberInit\000"
 1996      72745375 
 1996      62736372 
 1996      69626572 
ARM GAS  /tmp/cczrWAkj.s 			page 158


 1996      496E6974 
 1997 02cb 00       		.ascii	"\000"
 1998 02cc 02       		.ascii	"\002"
 1999 02cd 00       		.ascii	"\000"
 2000 02ce 00000000 		.ascii	"\000\000\000\000\000\000\000\000"
 2000      00000000 
 2001 02d6 FD030000 		.ascii	"\375\003\000\000"
 2002 02da 75727453 		.ascii	"urtSrtSubscriberInit\000"
 2002      72745375 
 2002      62736372 
 2002      69626572 
 2002      496E6974 
 2003 02ef 00       		.ascii	"\000"
 2004 02f0 02       		.ascii	"\002"
 2005 02f1 00       		.ascii	"\000"
 2006 02f2 00000000 		.ascii	"\000\000\000\000\000\000\000\000"
 2006      00000000 
 2007 02fa 01040000 		.ascii	"\001\004\000\000"
 2008 02fe 7572744E 		.ascii	"urtNrtSubscriberInit\000"
 2008      72745375 
 2008      62736372 
 2008      69626572 
 2008      496E6974 
 2009 0313 00       		.ascii	"\000"
 2010 0314 02       		.ascii	"\002"
 2011 0315 00       		.ascii	"\000"
 2012 0316 00000000 		.ascii	"\000\000\000\000\000\000\000\000"
 2012      00000000 
 2013 031e 05040000 		.ascii	"\005\004\000\000"
 2014 0322 7572744E 		.ascii	"urtNodeInit\000"
 2014      6F646549 
 2014      6E697400 
 2015 032e 00       		.ascii	"\000"
 2016 032f 02       		.ascii	"\002"
 2017 0330 00       		.ascii	"\000"
 2018 0331 00000000 		.ascii	"\000\000\000\000\000\000\000\000"
 2018      00000000 
 2019 0339 12040000 		.ascii	"\022\004\000\000"
 2020              		.text
 2021              		.section	.gnu.lto_.opts,"e",%progbits
 2022 0000 272D666E 		.ascii	"'-fno-openmp' '-fno-openacc' '-fno-pie' '-mcpu=cort"
 2022      6F2D6F70 
 2022      656E6D70 
 2022      2720272D 
 2022      666E6F2D 
 2023 0033 65782D6D 		.ascii	"ex-m3' '-mthumb' '-mfloat-abi=soft' '-march=armv7-m"
 2023      33272027 
 2023      2D6D7468 
 2023      756D6227 
 2023      20272D6D 
 2024 0066 2720272D 		.ascii	"' '-O2' '-fstack-usage' '-ffunction-sections' '-fda"
 2024      4F322720 
 2024      272D6673 
 2024      7461636B 
 2024      2D757361 
 2025 0099 74612D73 		.ascii	"ta-sections' '-fno-common' '-flto' '-fshort-enums'\000"
 2025      65637469 
ARM GAS  /tmp/cczrWAkj.s 			page 159


 2025      6F6E7327 
 2025      20272D66 
 2025      6E6F2D63 
 2026              		.text
 2027              		.comm	__gnu_lto_v1,1,1
 2028              		.comm	__gnu_lto_slim,1,1
 2029              		.ident	"GCC: (GNU Arm Embedded Toolchain 9-2020-q2-update) 9.3.1 20200408 (release)"
ARM GAS  /tmp/cczrWAkj.s 			page 160


DEFINED SYMBOLS
                            *ABS*:0000000000000000 helloworld_slave.c
                            *COM*:0000000000000001 __gnu_lto_v1
                            *COM*:0000000000000001 __gnu_lto_slim

NO UNDEFINED SYMBOLS
