S02B00002F686F6D652F7069742F4153455F524143452F414D69526F2D417070732F636F6E66696775726174F5
S3FD0800600000040020396200083B6200083B6200083B6200083B6200083B6200083B6200083B6200083B6200083B6200086D6A01083B6200083B6200083B6200083B6200083B6200083B6200083B620008F16A01083B6200083B620008D56F01089D6F0108656F01082D6F0108F56E0108856D0108656D0108456D0108256D0108056D0108E56C0108C56C01083B620008B581010845810108D5800108A56D0108816E01083B6200083B6200083B6200083B620008816A01083B6200083B620008B5800108CD7E010895800108997E01083B6200083B620008617A01083B6200083B620008016E01083B6200083B6200083B6200083B6200083B6200087B
S36D080060F83B6200083B6200083B6200083B620008557C01083B6200083B6200083B6200083B6200083B620008A56C0108856C0108656C0108D56D01083B6200083B6200083B6200083B6200083B6200083B6200083B6200083B6200083B6200083B6200083B6200083B62000896
S3FD0800616072B6264880F30888254880F30988254825490860022080F31488BFF36F8F10F0D1FF09F063FF4FF0553020491B4A91423CBF41F8040BFAE71D49194A91423CBF41F8040BFAE71B491B4A1C4B9A423EBF51F8040B42F8040BF8E700201849194A91423CBF41F8040BFAE710F073FF10F0A7FF154C154DAC4203DA54F8041B8847F9E706F0B5F9124C124DAC4203DA54F8041B8847F9E710F091BF000000040020000800200060000808ED00E0000000200004002000CD0208000800207C13002080130020346100206061000860610008606100086061000892E700F000F8FEE72DE9F04FC1F80CD0C3689D46BDE8F08F12F028F810F0A8FFAB
S3FD08006258002383F311882846A047002012F046FCFEE710F0AFFF12F07BF810F0CBFF12F015F810F095FF00DFFEE7000080F0004002E000BF81F0004142001FBF5FEA410392EA030F7FEA226C7FEA236C6AD04FEA1262D2EB1363C1BFD218414048404140B8BF5B42192B88BF704710F0004F40F4000020F07F4018BF404211F0004F41F4000121F07F4118BF494292EA030F3FD0A2F1010241FA03FC10EB0C00C3F1200301FA03F100F0004302D5494260EB4000B0F5000F13D3B0F1807F06D340084FEA310102F10102FE2A51D2B1F1004F40EBC25008BF20F0010040EA03007047490040EB0000013A28BFB0F5000FEDD2B0FA80FCACF1080CB2EB5F
S3FD080063500C0200FA0CF0AABF00EBC25052421843BCBFD0401843704792F0000F81F4000106BF80F400000132013BB5E74FEA41037FEA226C18BF7FEA236C21D092EA030F04D092F0000F08BF0846704790EA010F1CBF0020704712F07F4F04D1400028BF40F00040704712F100723CBF00F50000704700F0004343F0FE4040F4000070477FEA226216BF08467FEA23630146420206BF5FEA412390EA010F40F4800070474FF0000304E000BF10F0004348BF40425FEA000C08BF704743F0964301464FF000001CE050EA010208BF70474FF000030AE000BF50EA010208BF704711F0004302D5404261EB41015FEA010C02BF84460146002043F0B64336
S3FD0800644808BFA3F18053A3F50003BCFA8CF2083AA3EBC25310DB01FA02FC634400FA02FCC2F12002BCF1004F20FA02F243EB020008BF20F00100704702F1200201FA02FCC2F1200250EA4C0021FA02F243EB020008BF20EADC7070474FF0FF0C1CEAD0521EBF1CEAD15392EA0C0F93EA0C0F6FD01A4480EA010C400218BF5FEA41211ED04FF0006343EA501043EA5111A0FB01310CF00040B1F5000F3EBF490041EAD3715B0040EA010062F17F02FD2A1DD8B3F1004F40EBC25008BF20F00100704790F0000F0CF0004C08BF49024CEA502040EA51207F3AC2BFD2F1FF0340EAC250704740F400004FF00003013A5DDC12F1190FDCBF00F00040704748
S3FD08006540C2F10002410021FA02F1C2F1200200FA02FC5FEA310040F1000053EA4C0308BF20EADC70704792F0000F00F0004C02BF400010F4000F013AF9D040EA0C0093F0000F01F0004C02BF490011F4000F013BF9D041EA0C018FE70CEAD15392EA0C0F18BF93EA0C0F0AD030F0004C18BF31F0004CD8D180EA010000F00040704790F0000F17BF90F0004F084691F0000F91F0004F14D092EA0C0F01D142020FD193EA0C0F03D14B0218BF084608D180EA010000F0004040F0FE4040F40000704740F0FE4040F4400070474FF0FF0C1CEAD0521EBF1CEAD15392EA0C0F93EA0C0F69D0A2EB030280EA010C49024FEA402037D04FF0805343EA11114C
S3FD0800663843EA10130CF000408B4238BF5B0042F17D024FF4000C8B4224BF5B1A40EA0C00B3EB510F24BFA3EB510340EA5C00B3EB910F24BFA3EB910340EA9C00B3EBD10F24BFA3EBD10340EADC001B0118BF5FEA1C1CE0D1FD2A3FF650AF8B4240EBC25008BF20F0010070470CF0004C4CEA50207F32C2BFD2F1FF0340EAC250704740F400004FF00003013A37E792F0000F00F0004C02BF400010F4000F013AF9D040EA0C0093F0000F01F0004C02BF490011F4000F013BF9D041EA0C0195E70CEAD15392EA0C0F08D142027FF47DAF93EA0C0F7FF470AF084676E793EA0C0F04D14B023FF44CAF08466EE730F0004C18BF31F0004CCAD130F000423F
S3FD080067307FF45CAF31F000437FF43CAF5FE700BF4FF0FF3C06E000BF4FF0010C02E000BF4FF0010C4DF804CD4FEA40024FEA41037FEA226C18BF7FEA236C11D001B052EA530C18BF90EA010F58BFB2EB030088BFC81738BF6FEAE17018BF40F0010070477FEA226C02D15FEA402C05D17FEA236CE4D15FEA412CE1D05DF8040B704700BF844608466146FFE70FB5FFF7C9FF002848BF10F1000F0FBD4DF808EDFFF7F4FF0CBF012000205DF808FB00BF4DF808EDFFF7EAFF34BF012000205DF808FB00BF4DF808EDFFF7E0FF94BF012000205DF808FB00BF4DF808EDFFF7D2FF94BF012000205DF808FB00BF4DF808EDFFF7C8FF34BF012000205DF822
S3FD0800682808FB00BF4FEA40024FEA41037FEA226C02D15FEA402C08D17FEA236C02D15FEA412C02D14FF0000070474FF0010070474FEA4002B2F1FE4F0FD34FF09E03B3EB12620DD94FEA002343F0004310F0004F23FA02F018BF404270474FF00000704712F1610F01D1420205D110F0004008BF6FF0004070474FF0000070474FEA410212F5001215D211D56FF47873B3EB625212D94FEAC12343F0004343EA505311F0004F23FA02F018BF404270474FF00000704750EA013005D111F0004008BF6FF0004070474FF00000704700BF42000ED2B2F1FE4F0BD34FF09E03B3EB126209D44FEA002343F0004323FA02F070474FF00000704712F1610F41
S3FD0800692001D1420202D14FF0FF3070474FF00000704700BFD0B500F0D5FA00220B4B06460F4600F027FB00F0D5FD044600F0A8FA0022074B00F01EFB02460B463046394600F060F900F0C6FD2146D0BD0000F03D0000F041844641EA000313F0030349D1403A23D30B6803604B6843608B688360CB68C3600B6903614B6943618B698361CB69C3610B6A03624B6A43628B6A8362CB6AC3620B6B03634B6B43638B6B8363CB6BC36340304031403ADBD230320BD30B6803604B6843608B688360CB68C36010301031103AF3D20C3205D351F8043B40F8043B043AF9D2043208D0D2071CBF11F8013B00F8013B01D30B8803806046704700BF082A13D386
S3FD08006A188B07B1D010F00303AED0C3F10403D21ADB071CBF11F8013B00F8013BA4D331F8023B20F8023B9FE7043AD9D3013A11F8013B00F8013BF9D20B7803704B7843708B7883706046704780EA010C1CF0030F37D110F0030C20F0030021F0030150F8042B08BF51F8043B0ED08CF0030C6FF07F434FEACC0C23FA0CFC51F8043B42EA0C0243EA0C0300BFA2F1013C9A4201BF2CEA020C1CF0803F50F8042B51F8043BF2D04FEA02604FEA1222012828BFB0EB036F08BF1B0AF4D003F0FF03000EC01A704710F0030F0AD010F8012B11F8013B012A28BF9A42F4D0A2EB030070474DF8045D50F8042B01F0030521F0030151F8043B022D26D04DD82D
S3FD08006B1022F07F45B5EB132FA2F1013C2CEA020C0DD11CF0803C08BF51F8043B0AD185EA0205B5EB036F0CD150F8042BE8E74FEA13235BE03CF07F4C54D10B784FEA126554E04FEA126503F0FF034FE04FEA0245A2F1013C4FEA15452CEA020CB5EB134F18D11CF0803C08BF51F8043B07D185EA0205B5EB034F09D150F8042BE6E75FEA0C4C2FD10B884FEA12452FE04FEA03434FEA12454FEA134328E000BF02F0FF05B5EB136FA2F1013C2CEA020C0DD11CF0803C08BF51F8043B0AD185EA0205B5EB032F0AD150F8042BE8E74FEA13630DE012F0FF0F06D051F8043B4FEA122523F07F4303E04FF0000020BC704705F0FF0203F0FF00012828BF77
S3FD08006C08904204BF2D0A1B0AF4D0A2EB000020BC704700BF81F0004102E000BF83F0004330B54FEA41044FEA430594EA050F08BF90EA020F1FBF54EA000C55EA020C7FEA645C7FEA655C00F0E2804FEA5454D4EB5555B8BF6D420CDD2C4480EA020281EA030382EA000083EA010180EA020281EA0303362D88BF30BD11F0004F4FEA01314FF4801C4CEA113102D0404261EB410113F0004F4FEA03334CEA133302D0524263EB430394EA050F00F0A780A4F10104D5F1200E0DDB02FA0EFC22FA05F2801841F1000103FA0EF2801843FA05F359410EE0A5F120050EF1200E012A03FA0EFC28BF4CF0020C43FA05F3C01851EBE37101F0004507D54FF055
S3FD08006D00000EDCF1000C7EEB00006EEB0101B1F5801F1BD3B1F5001F0CD349085FEA30004FEA3C0C04F101044FEA445212F5800F80F09A80BCF1004F08BF5FEA500C50F1000041EB045141EA050130BD5FEA4C0C404141EB0101013C28BFB1F5801FE9D291F0000F04BF01460020B1FA81F308BF2033A3F10B03B3F120020CDA0C3208DD02F1140CC2F10C0201FA0CF021FA02F10CE002F11402D8BFC2F1200C01FA02F120FA0CFCDCBF41EA0C019040E41AA2BF01EB0451294330BD6FEA04041F3C1CDA0C340EDC04F11404C4F1200220FA04F001FA02F340EA030021FA04F345EA030130BDC4F10C04C4F1200220FA02F001FA04F340EA0300294674
S3FD08006DF830BD21FA04F0294630BD94F0000F83F4801306BF81F480110134013D4EE77FEA645C18BF7FEA655C29D094EA050F08BF90EA020F05D054EA000C04BF1946104630BD91EA030F1EBF0021002030BD5FEA545C05D14000494128BF41F0004130BD14F580043CBF01F5801130BD01F0004545F0FE4141F470014FF0000030BD7FEA645C1ABF194610467FEA655C1CBF0B46024650EA013406BF52EA033591EA030F41F4002130BD00BF90F0000F04BF0021704730B54FF4806404F132044FF000054FF0000150E700BF90F0000F04BF0021704730B54FF4806404F1320410F0004548BF40424FF000013EE700BF42004FEAE2014FEA31014FEAF7
S3FD08006EF002701FBF12F07F4393F07F4F81F06051704732F07F4208BF704793F07F4F04BF41F40021704730B54FF4607401F0004521F000411CE700BF50EA010208BF704730B54FF000050AE050EA010208BF704730B511F0004502D5404261EB41014FF4806404F132045FEA915C3FF4D8AE4FF003025FEADC0C18BF03325FEADC0C18BF033202EBDC02C2F1200300FA03FC20FA02F001FA03FE40EA0E0021FA02F11444BDE600BF70B54FF0FF0C4CF4E06C1CEA11541DBF1CEA135594EA0C0F95EA0C0F00F0DEF82C4481EA030621EA4C5123EA4C5350EA013518BF52EA033541F4801143F4801338D0A0FB02CE4FF00005E1FB02E506F00042E0FBA1
S3FD08006FE803E54FF00006E1FB03569CF0000F18BF4EF0010EA4F1FF04B6F5007F64F5407404D25FEA4E0E6D4146EB060642EAC62141EA55514FEAC52040EA5E504FEACE2EB4F1FD0C88BFBCF5E06F1ED8BEF1004F08BF5FEA500E50F1000041EB045170BD06F0004646EA010140EA020081EA0301B4EB5C04C2BFD4EB0C0541EA045170BD41F480114FF0000E013C00F3AB8014F1360FDEBF002001F0004170BDC4F10004203C35DA0C341BDC04F11404C4F1200500FA05F320FA04F001FA05F240EA020001F0004221F0004110EBD37021FA04F642EB06015EEA430E08BF20EAD37070BDC4F10C04C4F1200500FA04F320FA05F001FA04F240EA02001C
S3FD080070E001F0004110EBD37041F100015EEA430E08BF20EAD37070BDC4F1200500FA05F24EEA020E20FA04F301FA05F243EA020321FA04F001F0004121FA04F220EA020000EBD3705EEA430E08BF20EAD37070BD94F0000F0FD101F00046400041EB010111F4801F08BF013CF7D041EA060195F0000F18BF704703F00046520043EB030313F4801F08BF013DF7D043EA0603704794EA0C0F0CEA135518BF95EA0C0F0CD050EA410618BF52EA4306D1D181EA030101F000414FF0000070BD50EA410606BF1046194652EA430619D094EA0C0F02D150EA013613D195EA0C0F05D152EA03361CBF104619460AD181EA030101F0004141F0FE4141F4700185
S3FD080071D84FF0000070BD41F0FE4141F4780170BD70B54FF0FF0C4CF4E06C1CEA11541DBF1CEA135594EA0C0F95EA0C0F00F0A7F8A4EB050481EA030E52EA03354FEA013100F088804FEA03334FF0805545EA131343EA12634FEA022245EA111545EA10654FEA00260EF000419D4208BF964244F1FD0404F5407402D25B084FEA3202B61A65EB03055B084FEA32024FF480104FF4002CB6EB020E75EB030E22BFB61A754640EA0C005B084FEA3202B6EB020E75EB030E22BFB61A754640EA5C005B084FEA3202B6EB020E75EB030E22BFB61A754640EA9C005B084FEA3202B6EB020E75EB030E22BFB61A754640EADC0055EA060E18D04FEA051545EA03
S3FD080072D016754FEA06164FEAC30343EA52734FEAC2025FEA1C1CC0D111F4801F0BD141EA00014FF000004FF0004CB6E711F4801F04BF01430020B4F1FD0C88BFBCF5E06F3FF6AFAEB5EB030C04BFB6EB020C5FEA500C50F1000041EB045170BD0EF0004E4EEA113114EB5C04C2BFD4EB0C0541EA045170BD41F480114FF0000E013C90E645EA060E8DE60CEA135594EA0C0F08BF95EA0C0F3FF43BAF94EA0C0F0AD150EA01347FF434AF95EA0C0F7FF425AF104619462CE795EA0C0F06D152EA03353FF4FDAE1046194622E750EA410618BF52EA43067FF4C5AE50EA41047FF40DAF52EA43057FF4EBAE12E74FF0FF3C06E000BF4FF0010C02E000BF41
S3FD080073C84FF0010C4DF804CD4FEA410C7FEA6C5C4FEA430C18BF7FEA6C5C1BD001B050EA410C0CBF52EA430C91EA030F02BF90EA020F0020704710F1000F91EA030F58BF994208BF90422CBFD8176FEAE37040F0010070474FEA410C7FEA6C5C02D150EA013C07D14FEA430C7FEA6C5CD6D152EA033CD3D05DF8040B704700BF8446104662468C461946634600E000BF01B5FFF7B7FF002848BF10F1000F01BD4DF808EDFFF7F4FF0CBF012000205DF808FB00BF4DF808EDFFF7EAFF34BF012000205DF808FB00BF4DF808EDFFF7E0FF94BF012000205DF808FB00BF4DF808EDFFF7CEFF94BF012000205DF808FB00BF4DF808EDFFF7C4FF34BF012073
S3FD080074C000205DF808FB00BF4FEA410C7FEA6C5C02D150EA013C0AD14FEA430C7FEA6C5C02D152EA033C02D14FF0000070474FF0010070474A0011D212F5001211D20DD56FF47873B3EB62520ED44FEAC12343F0004343EA505323FA02F070474FF00000704750EA013002D14FF0FF3070474FF0000070474FEA4102B2F1E04324BFB3F5001CDCF1FE5C0DD901F0004C4FEAC0024CEA5070B2F1004F40EB830008BF20F00100704711F0804F21D113F13872BCBF01F00040704741F480114FEA5252C2F11802C2F1200C10FA0CF320FA02F018BF40F001004FEAC1234FEAD32303FA0CFC40EA0C0023FA02F34FEA4303CCE77FEA625307D150EA013326
S3FD080075B81EBF4FF0FE4040F44000704701F0004040F0FE4040F40000704700BF7BB972B90029BEBF00204FF0004106E008BF00281CBF6FF000414FF0FF3000F0F1B9ADF1080C6DE904CE002909DB002B1ADB00F085F8DDF804E0DDE9022304B07047404261EB4101002B1BDB00F078F8DDF804E0DDE9022304B0404261EB4101524263EB43037047524263EB430300F067F8DDF804E0DDE9022304B0404261EB41017047524263EB430300F059F8DDF804E0DDE9022304B0524263EB4303704753B94AB9002908BF00281CBF4FF0FF314FF0FF3000F0A6B9ADF1080C6DE904CE00F03EF8DDF804E0DDE9022304B0704738B50C460546214628460022B3
S3FD080076B00023FFF7E1FE28B928462146BDE8384000F00AB8284604F1004100F005F8404261EB410138BD00BFD0B500220B4B06460F46FFF757FCFFF705FF0446FFF7D8FB0022074BFFF74EFC02460B4630463946FFF790FAFFF7F6FE2146D0BD0000F03D0000F0412DE9F047089E0D4604468E46002B40F083808A42174647D9B2FA82F34BB1C3F1200105FA03FE20FA01F19F4041EA0E0E9C404FEA1748BEFBF8FC1FFA87F908FB1CE20CFB09F0210C41EA024290420AD9BA180CF1FF3180F01881904240F21581ACF1020C3A44121AB2FBF8F008FB102200FB09F1A4B244EA0244A14209D93C1900F1FF3280F00381A14240F2008102383C44641A57
S3FD080077A8002140EA0C401EB10022DC40C6E90042BDE8F08702B9FFDEB2FA82F3002B4FD18D1A01214FEA124E1FFA82F8B5FBFEFC0EFB1C5508FB0CF0220C42EA0545A84207D97D190CF1FF3202D2A84200F2E98094462D1AB5FBFEF00EFB105508FB00F8A4B244EA0544A04507D93C1900F1FF3202D2A04500F2D9801046A4EB080440EA0C40C0E78B4208D9002E00F0B1800021C6E900050846BDE8F087B3FA83F100294BD1AB4202D3824200F2B980841A65EB030301209E46002EAAD0C6E9004EA7E79F40C3F12002D1404FEA174EB1FBFEF01FFA87F80EFB101124FA02F29D4000FB08FC2A43150C45EA0145AC4504FA03F409D97D1900F1FF31D1
S3FD080078A080F08F80AC4540F28C8002383D44A5EB0C05B5FBFEF10EFB115C01FB08F995B245EA0C45A94507D97D1901F1FF3274D2A94572D902393D44A5EB090541EA004178E7C1F120078B4022FA07FC4CEA030C25FA07F44FEA1C4EB4FBFEF91FFA8CF80EFB194420FA07F309FB08FA8D401D432B0C43EA0444A24502FA01F200FA01F309D91CEB040409F1FF3048D2A24546D9A9F102096444A4EB0A04B4FBFEF00EFB104400FB08FAADB245EA0444A24508D91CEB040400F1FF352DD2A2452BD90238644440EA0940A0FB0289A4EB0A044C45C6464D4619D316D05EB1B3EB0E0264EB050404FA07F722FA01F31F43CC40C6E900740021BDE8F087CF
S3FD08007998314630460CE78C46EBE61046FFE64345E6D2B8EB020E69EB0C050138E0E72846D3E711468CE78146B9E7084673E7084649E7ACF1020C3D4413E702383C4424E7704700BF704700BF836933B1002219461A70DB68CA60002BF9D1002383610370704700BF70B51A4E04460FF079FC3368F068B34224D183680021A2686163934219D20FF0DDFB01230146054684F824302046F4600FF082FBEFF309832A6A243B9A4205D829462046BDE87040FEF7FCBB084816F087F92046BDE870400FF000BC9A6883689342D7D2034816F07BF900BF205D002000820208689C02080239012970B5044615461FD92A681B49204616F09BFD1A49204616F0A9
S3FD08007A9097FD1949204616F093FD1849204616F08FFD1749204616F08BFD1649204616F087FD2046144916F083FD0226304670BD506818F075FF064650B10128D8D10F4B20460F4983F8486316F072FD0026EDE70A4B20460B4983F8486316F069FDE5E7708202088482020890820208C8820208D0820208F882020800830208A846002040820208108202082DE9F04F0F4600258849FB1E87B0022B04469046CDE9045503912DD8BB1E2E46DFF874A2019302F104090AE058460021FEF748FE0136F6B2F0B9019B35469E4254DA59F8040F18F023FFFFF7E7FC834606AB20F0004203EB85051046514645F80CBC0092FEF756FE30B9009A51461046F6
S3FD08007B88FEF746FE0028D9D0D8F800206C49204616F012FD6B49204616F00EFD6A49204616F00AFD6949204616F006FD6849204616F002FD6749204616F0FEFC6649204616F0FAFC6549204616F0F6FC6449204616F0F2FC6349204616F0EEFC6249204616F0EAFC6149204616F0E6FC2046604916F0E2FC022007B0BDE8F08FD8F804505C492846FEF728FF30B95B4B039AC3F8B42407B0BDE8F08F28465849FEF71CFF48B128465649FEF717FF58B9524B039AC3F8BC24DFE7504B039AC3F8B82407B0BDE8F08F28464F49FEF706FF48B128464D49FEF701FF48B9474B039AC3F8CC24C9E7454B039AC3F8C824C4E728464749FEF7F2FE20B9404B68
S3FD08007C80039AC3F8D024BAE728464349FEF7E8FE20B93B4B039AC3F8A024B0E728463F49FEF7DEFE20B9364B039AC3F8A424A6E728463B49FEF7D4FE20B9314B039AC3F8A8249CE728463749FEF7CAFE70B92C4B039A032FC3F8B4241CD0049A052FC3F8B82417D1059AC3F8BC2488E728462E49FEF7B6FE80B9224B039A032FC3F8C82408D0049A052FC3F8CC2403D1059AC3F8D02474E7002072E728462449FEF7A0FE00287FF435AF164B039A032FC3F8A024F0D0049A052FC3F8A424EBD1059AC3F8A8245CE70000C07F508302086883020870830208A0830208B4830208E0830208F483020824840208388402086084020870840208C484020829
S3FD08007D7820850208788502083016002024830208288302082C8302083083020834830208388302083C8302084083020844830208488302084C830208FFFF7F7F01F59563834200D07047D1F80C03022108F0D2B80B461021D3F80C0308F0CCB838B501F5707398420C46054608D004F558739D420DD004F583639D4212D038BD0221D4F80C0308F0B7F804F558739D42F1D10821D4F80C0308F0AEF804F583639D42ECD1D4F80C030421BDE8384008F0A3B800BF2DE9F0410F468046487C45460130C0B211460024787402E00134322C40D095F848671035002EF7D14FF0010CC3F3050308EB041686F849370A79250105F24A7086F848C702F00F02B1
S3FD08007E7010314044FEF77EFDBB6933B92BE096F8492748780132904203D01946DB68002BF5D105F5E965454408EB0414C4F85437CD603B78032B01D0BDE8F0813A7C7B7CB3EB520FF8D101233B7008F566700821BDE8F0410FF0E8BA3B78032B08D005233B70BDE8F08105F5E9654544BD61E0E704223B7C3A70B0EB530FDDD13846BDE8F041FFF775BD00BFB2F57F4F70B5154628BF4FF47F45322D38BF32251C4C1D4B04F11006A183C0E90162DA68266912F002020660706001EB050620611BD10220B6B25E631A61D8605A6A521A92B2954200D970BD01F1330080B2DA6892070DD558635A6A521A92B295420AD9E36A43F00103E36270BD084861
S3FD08007F6815F0F8FE074815F0F5FE013080B28142E7D1054815F0EEFE205D0020000C0040909C0208B09C0208789B0208F8B51D4F1D4A3B4653F8105F526A9D421FFA82FC0A4629D0BB8B0646ACEB03039BB2CB1834BF1C460C46A868A04205D916E0AE4211D02D68241AA8688442F8D84FF0FF31B460AA686B68141B356073601E60C5E90164B961F8BD094815F0B4FE60460FF049F93D69A868E7E76146BDE8F840FFF777BF00BF205D0020000C0040849B020870B505460C460FF0C3F9002D43D02B78043B012B3FD86B6ADA68910736D0DA6892073BD1186910F003002ED02020D3F8C011D3F8C421D3F8C861D3F8CC51C4E9046518611869850780
S3FD0800806003D1586940F0100058612079C1F340031B01C1F3800520F0300043EA45130343980623712AD5A368C90861F31C03A36000202379110A62F30303120C23712170628070BD1A699207C5D1012070BD0E4815F054FE2020D3F8B011D3F8B421D3F8B861D3F8BC51C4E90465D860D8688607CBD1586940F002005861C6E72389490D61F30A032381D3E7C89C0208426A0B7870B4946813F0200FC4F30164C3F3001318D048685B0043EAC00343F00403087802EB041243F0010300F00F00D1E90265C2F88401C2F88861C2F88C51C2F8803170BC704788885B0043EA4053E7E700BF2DE9F041044601260F4690460FF02CF9274B06FA04F51868B3
S3FD08008158054218BF002001D0BDE8F0812349284318604869DFF888C0A21943F8327040EA060E03EBC2020CEB04105F68C2F804808268C1F814E0174249694FEA041414D00E214FF0000E0CEB040672685CF804C0747B3D43A14014685D6024F00F041460CCF80410C2F800E0CEE74FF0500EC17B4A09920001F1604802F1604201F01F0102F561428E4008F5614888F800E3C2F880611660D4E700BF585F002000100240FC9D0208F0B54FF461644268274DC2F31A03A5FB0323264E9B09A6FB0326F60A04FB16330778234C07F1500C4578A4FB03248278C1F814C090F801C06409604640090138DFF87CE005F00F05013D8861C4EB0410A3EB800300
S3FD0800825002F01F023EF815E0C1E90325CCF3001C013A0B60BB07C1E90146C1F820C0724407F2BC700BD10E4B0E4C03FB00F3B4EBB30F04D2012D00DD0132CA61F0BD084B094C03FB00F3B4EB331FF6D3012DF3DCF3E700BFD34D6210C5B3A29189888888295C8FC2285C8F020AD7A300389F020870B4022501260024204B858403F120050561826080F826605E6AC16103F1380100F110058842C0E90563C0E90F44426435605D6227D0D968CB6A816213B15C6CA24219D30363C86200234FF0FF36002400250F49C0E91645CA6886640132CA6000F13802C0E9143370BCC362C36482637047596C8A4203D21C461B6B002BF8D103632063E0E71C6621
S3FD080083489C66DDE7205D0020485F002010B5094C002918BF0C46FEF747F84FF06A51FEF79BF80549FEF798F8A0470349FEF748F910BD00BF81FA01080000C84270B53023044683F311880EF01DFF0FF0E9FF23785A1E012A42D8234A012B626018D000224FF6FF76032511200221A3681A605A609A62DA60DE629A6942F4807242F001029A619D6018622170BDE8704016F0C6BB154B9C4212D0154B9C42E0D1144BDA6942F00402DA61DA691A6942F004021A611A6922F004021A611B69D0E70C4BDA6942F00202DA61DA691A6942F002021A611A6922F002021A611B69C0E7054815F099FC00BFB09F0208381400204414002000100240BC9C02088E
S3FD0800844070B51F4E04463023F56883F311880EF0BDFE0FF089FFEB6B34EA030208D04FF0FF310B206C630FF08BF900280FDBEB6B23EA0403EB630FF015FF0EF095FE3368B3420FD1002383F31188204670BD0FF009FF0EF089FE3368B3420BD1002080F3118870BDF2689B6892689A42EAD2054815F054FCF2689B6892689A42EED2F6E7205D0020AC9B020800B170470EB400B582B004AA06490748019215F081FC6FF0010010F007FB02B05DF804EB03B070477C850208D853002030B50C460546003887B018BF01208D230E4A0F49FFF7DCFF00234FF0FF32FF2C08BF0024A988CDE90132009318BF44F004040123286841F070010DF117028DF8DC
S3FD08008538174014F0A1FE07B030BD00BF9C8502087C85020870B50E461546044686B018B10068003818BF012053230B4A0B49FFF7AFFF00234FF0FF3220681321CDE90132009305AA02238DF814608DF8155014F07BFE06B070BD00BFE08502087C85020838B5836804460BB14368E3B1114D124A95F820351149022B18BF284641F2490308BF05F23C5015F0FFFF6FF0010010F095FA238CD5F8402543F0040323846260C5F8404538BD028CA3F582731A42DDD1004DEEE7D853002024860208408602080022F0B57A4C7B4883B004F5E063C4F8F806C4F8003778480DF10701C4F8FC2614F0B8FF9DF80730012B11D094F82035724A022B18BF20465B
S3FD0800863040F20923704908BF04F23C5015F0C0FF6FF0010010F056FA6C480DF1070114F09DFF9DF807307BB194F82035654A022B654940F20B230CBF65485F4815F0A8FF6FF0010010F03EFA62480DF1070114F085FF9DF807307BB194F82035594A022B594940F213230CBF5948534815F090FF6FF0010010F026FA0025574B57481D60574C584A5849594B3027046011601B6087F31188564E0EF081FD0FF04DFE3368544C03F00F03544D04EBC302566044F833500FF0F3FD87F311880EF06FFD0FF03BFE424B31681B7921F00F003B40102B01F00F0166D0202B62D0BB420CBF032200220EF063FA30270FF0D8FD87F31188424E0EF053FD0FF0E2
S3FD080087281FFE3368404903F00F0304EBC30244F8331056600FF0C6FD87F311880EF042FD0FF00EFE284B31681B7921F00F003B40102B01F00F013DD0202B3FD0BB420CBF032200220EF036FA30270FF0ABFD87F311882E4E0EF026FD0FF0F2FD336803F00F0304EBC30244F8335056600FF09AFD87F311880EF016FD0FF0E2FD174B31681B7921F00F003B40102B01F00F010FD0202B11D0BB420CBF032200220EF00AFA0FF080FD03B0F0BD02229EE701229CE70122F3E70122C5E70222EFE70222C1E7D853002000001012A09F02085C86020878860208989F020814590020A89F0208E0370020A4530020A8530020845300200000C07FDC3700200D
S3FD080088209C0800207050002035130108A0080020F1D50108A408002070B584B09DF80030BDF804400688857823F03F0343F00303002269466FF30A040848ADF808608DF80A508DF80030ADF8044014F0E3F9A0F10300B0FA80F0400904B070BD0008002070B50E4615460446A8B1D4F898303BB394F8A02042B115B128460FF037FF3046BDE870400FF06CBF1122D4F89C0084F8A0209847EFE70C480C4A90F820350C49022B08BF00F23C5040F2233315F078FE6FF0010010F00EF9D4F89830002BD7D1112007F087FDD6E7D8530020948602087886020838B50C4689B11A4B1A4ADB68B4F84803DA6107F083FB0546C0B12946022204F5547007F07F
S3FD08008918CBFC022038BD1348134A90F820351349022B08BF00F23C50842315F045FE6FF0010010F0DBF8DCE70A480B4A90F820350A49022B08BF00F23C508D2315F034FE6FF0010010F0CAF8D5E700BF205D0020BC9D0208D8530020D88602087886020810B514463AB1D4F8503304F554709B68BDE8104018470848084A90F820350849022B08BF00F23C50F52315F00DFE6FF0010010F0A3F8E6E7D8530020D88602087886020870B50C4651B32A4E2A4AF368B4F84004DA6107F01FFB054688B32946082204F5896007F067FC302383F311880EF0F0FB0FF0BCFC234642F210711F4A04F5956008F012FF0FF050FC0EF0D0FB3368B34226D10023BA
S3FD08008A1083F311880C2070BD1748184A90F820351749022B08BF00F23C50E42315F0C8FD6FF0010010F05EF8C3E70F480F4A90F820350F49022B08BF00F23C50ED2315F0B7FD6FF0010010F04DF8BCE7F2689B6892689A42D3D2074815F078F9205D0020CC9D0208B57D0008D85300201C87020878860208189C020810B514463AB1D4F8483404F589609B68BDE8104018470948094A90F820350949022B08BF00F23C504FF4967315F084FD6FF0010010F01AF8E5E700BFD85300201C8702087886020838B50C46E9B1294B294ADB68B4F8A803DA6107F095FA0546B0B32946022204F56C7007F0DDFBB4F8680207F089FA0546C0B12946042204F5D1
S3FD08008B081C7007F0D1FB062038BD1C481C4A90F820351C49022B08BF00F23C50F32315F04BFD6FF001000FF0E1FFD0E71348144A90F820351349022B08BF00F23C504FF4827315F039FD6FF001000FF0CFFFD4E70A480B4A90F820350A49022B08BF00F23C50FF2315F028FD6FF001000FF0BEFFB7E700BF205D0020B09D0208D8530020688702087886020810B514466AB1D4F8703204F51C709B689847D4F8B03304F56C709B68BDE8104018470948094A90F820350949022B08BF00F23C504FF4C97315F0FAFC6FF001000FF090FFDFE700BFD8530020688702087886020838B50C46E9B1284B284ADB68B4F84802DA6107F00BFA0546A8B329466E
S3FD08008C00042204F5147007F053FBB4F8880307F0FFF90546C0B12946022204F5647007F047FB062038BD1B481B4A90F820351B49022B08BF00F23C50AC2315F0C1FC6FF001000FF057FFD0E71248134A90F820351249022B08BF00F23C50BD2315F0B0FC6FF001000FF046FFD5E70A480A4A90F820350A49022B08BF00F23C50B82315F09FFC6FF001000FF035FFB8E7205D0020A49D0208D8530020B88702087886020810B514466AB1D4F8503204F514709B689847D4F8903304F564709B68BDE8104018470948094A90F820350949022B08BF00F23C504FF4987315F072FC6FF001000FF008FFDFE700BFD8530020B8870208788602082DE9F84335
S3FD08008CF80E4600285ED0002E6FD0454C4549E368454AD9613023C6F8442383F311880EF059FA0FF025FB0EF043FB404A06F54F7351685360C6F84C130FF0B8FA0EF038FA2368A34263D1002282F31188334606F5207083F8682A20338342FAD1D6F8F84624B3334FDFF8D090DFF8D08007E06368206829461A6807F09FFA2469B4B1A08907F04AF905460028F1D197F820354A46022B414640F2013314BF3846254815F013FC6FF001000FF0A9FEE0E706F566700823022206F567710FF074FCD6F8B003BDE8F8831A481C4A90F820351B49022B08BF00F23C5040F2E72315F0F5FB6FF001000FF08BFE002E8FD11148124A90F820351249022B08BF45
S3FD08008DF000F23C504FF43A7315F0E2FB6FF001000FF078FE7DE7E2689B6892689A4296D2094814F0A3FF00BF205D0020489D0208E9EC000800080020D8530020145900200888020878860208F49B020810B5144652B1D4F8F84634B1206803689B6898472469002CF8D110BD0848094A90F820350849022B08BF00F23C5040F29D3315F0A7FB6FF001000FF03DFEE2E7D853002008880208788602082DE9F04F0C4683B0002900F04E82C24DD4F8B863C14AEB68C14F30463946DA61FDF7A2FC002800F0A5814FF00009BD4EC4F8B873302383F311880EF083F90FF04FFA23463146B84A04F5707008F0A6FC0FF0E4F90EF064F92B68AB4240F0C88293
S3FD08008EE8002787F311884FF08048D4F8486441463046FDF779FC002840F08981AB4F30463946FDF771FC002800F02082C4F848740127A74E302383F311880EF053F90FF01FFA23463146A04A04F5836008F076FC0FF0B4F90EF034F92B68AB4240F0A182002383F31188DFF88082D4F8586341463046FDF749FC002800F07481C4F858834FF00508934E302383F311880EF02AF90FF0F6F9234631468B4A04F5587008F04DFC0FF08BF90EF00BF92B68AB4240F07F82002383F3118894F854330C2B00F06181082B00F0FF8128204FF0000AD4F85033814E8149824A824DC3E90561DA61587403F10806072101230DF103022E608DF802A08DF803A0A3
S3FD08008FE0ADF804A014F0F2F92B6851461E69587A0DF102020123B04701232A689DF8021016691170507A19460DF10202B0472B689DF802201E695A710221587A0DF102020123B0472B689DF802201E699A710321587A0DF102020123B0472B689DF802201E69DA710621587A0DF102020123B0472B689DF802201E691A720421587A01AA0223B0472B68BDF804201E695A80587A0DF1020201230721B0472B689DF8022001A81A718DF803A08DF804A00DF022FC78B99DF80430002B40F0E2812A6801231669507A3E210DF10302B047002800F0A3819DF80400002840F0328100232A688DF803308DF80430002A00F0888001A80DF000FC78B99DF8DC
S3FD080090D80430002B40F0C6812A6801231669507A41210DF10302B047002800F070819DF80400002840F00D8100232A688DF803308DF80430002A66D001A80DF0DFFB50B99DF80430002B40F0938101200DF0AEFB002800F055829DF80400002840F0EE8000232A688DF801308DF80230002A4AD00DF102000DF0C2FB50B99DF80230002B40F0708101200DF091FB002800F054829DF80200002840F0DD8000232A688DF803308DF8043072B301A80DF0A7FB28BB9DF80430002B40F0618101200DF076FB002800F0028219E0205D0020D89C020885EBF94029F40100D57D00080000C0400B8B020085450100CDD3010895D30108918301086C600020FB
S3FD080091D0000040419DF80400002840F0A48094F854030DF0A1FB94F8543303F0FB03082B14BF0E201E2003B0BDE8F08FB54F30463946FDF7F5FA50B14FF6EC164FF00109C4F8B87352E6B04EC4F848847EE6AF4F30463946FDF7E4FA002840F0F480AC4F30463946FDF7DCFA002800F034814FF47A564FF00309C4F8B87337E6DFF8C08230464146FDF7CCFA002800F09080C4F858834AF6D6164FF0040880E6D4F85863D4F848A430465146FDF7B0FAD4F8B8B368B130465946FDF7A9FA40B1302383F311880DF09BFF0FF067F831461AE030465946FDF7B9FA68B159465046FDF7B4FA40B1302383F311880DF088FF0FF054F8594607E0302383F322
S3FD080092C811880DF07FFF0FF04BF851464FF07E50FDF796F98149FDF7DFF84FF07C51FCF7D3FFFDF703FB234601467D4A04F58F6008F094FA0EF0D2FF0DF052FF2B68AB4240F03181002383F311884DE60DF008FB0EE70DF005FBEFE60DF002FBCAE60DF0FFFA58E70DF0FCFA1FE76E486E4A90F820356E49022B08BF00F23C508B2315F03BF96FF001000FF0D1FBA0E54FF0824730463946FDF748FA00285FD1644F30463946FDF741FA002800F0D280C4F84874604E0327CEE54FF0844830464146FDF733FA00284FD1DFF8848130464146FDF72BFA002800F0D080C4F8588345F21D364FF00308DFE5D4F858A3D4F8B86350463146FDF70FFA302384
S3FD080093C000283FF464AF83F311880DF0FFFE0EF0CBFF51467EE79DF803302A6823F03F0343F021038DF80330D66801234121507A0DF10302B0477EE69DF803302A6823F003038DF80330D66801233E21507A0DF10302B0474DE64FF4FA464FF00209C4F8B8734BE5C4F84874354E022776E5C4F8588347F612264FF0070898E50DF074FA00287FF491AE89E60DF06EFA00287FF46EAE66E60DF068FA00287FF4BBAE98E60DF062FA00287FF424AE17E60DF05CFA00287FF440AE33E6EA689B6892689A42BFF432AD1F4814F069FCEA689B6892689A42BFF459ADF5E7EA689B6892689A42BFF47BADEEE7184F30463946FDF7A0F9002863D1154F3046A9
S3FD080094B83946FDF799F9002800F025814FF47A664FF00509C4F8B873F4E400BF7B147A4120A107000000FA4100007A4200247449C97D0008D8530020448802087886020800002041A086010048E801000C9C02080000FA4200007A430000B84100003C42AB4F30463946FDF767F990BBA94F30463946FDF761F9002800F0FB80C4F848744CF250360527EDE44FF0854830464146FDF752F910BBDFF8988230464146FDF74BF9002800F0F280C4F8588342F2AD164FF00208FFE4EA689B6892689A42BFF4C9AE83E74FF4FA564FF00409C4F8B87398E4C4F84874904E0427C3E4C4F8588343F609564FF00608E5E42A6801231669507A09210DF1030215
S3FD080095B0B04700287FF40EAE9DF80330296823F007031F438DF80370CD680123487A0DF103020921A847FDE52A6801231669507A08210DF10302B04700287FF4A0AD9DF803302A6823F01C0343EA89098DF80390D66801230821507A0DF10302B0478EE52A6808F1FF33DBB2072B1669507A4FF001034FF00A010DF1010228BF4FF00008B04778B99DF80130296823F0380343EAC803CE68487A8DF801300A2101230DF10102B04700222B688DF80420002B3FF483AD1A79012A08D001200DF00BF92B6818B11A79012A7FF477AD1E69587A0B21012301AAB0479DF8043000287FF46CAD03F00703042B7FF467AD2B688DF80400002B3FF461AD1A7929
S3FD080096A8012A08D001200DF0E9F82B6818B11A79012A7FF455AD1E69587A0D21012301AAB0479DF8046000287FF44AAD2B688DF803008DF80400002B3FF442AD01A80DF0F5F840B99DF80430002B4ED101200DF0C5F800284ED09DF8040000283FF430AD0DF00EF92CE5314F30463946FDF76CF810B34FF4FA664FF00609C4F8B873FFF7C9BB2B4F30463946FDF75EF8E8B1C4F8487449F640460627FFF7ECBBDFF8A48030464146FDF750F8B8B1C4F8588341F2FC064FF0010806E41E4B4FF47A764FF00709C4F8B833FFF7A5BB1B4B48F235260727C4F84834FFF7CDBB184B80464FF4EF66C4F85833FFF7EEBB0DF0C9F80028B1D1ABE72A680123C8
S3FD080097A0D2F81090507A0D210DF1030208F1FF38C847C6F3C203B8F1060F34D8DFE808F033332E3818381800000070410000A0416B0401000000FA430000C84100007A440000F04100C002440000E84200006643072B18BF0623002881D19DF80320296822F0380242EAC3038DF80330CE680123487A0DF103020D21B04770E7022B38BF0223DBB2E7E7012B38BF0123DBB2E2E7042B38BF0423DBB2DDE700BF2DE9F0470D46144688B0002A00F0008115F00E0F0AD194F8543303F0FB03082B14BF0E201E2008B0BDE8F087302383F311880DF0ADFC0EF079FD06A807F000FF0EF012FD0DF092FCA14B1A689A4240F0EB82002383F31188AA0778D5CD
S3FD0800989894F854239C4E02F0FB02082A00F0FC8131688DF8103004F58167002967D00A79002A40F041820DF1100AD1F810800123487A52463B21C0479DF810308046DB0700F13E82B8F1000F51D18C4A336892E803000490ADF81410002B48D01A79002A40F065821E6952460821587A0623B04702469DF810309DF911009DF913C09DF812809DF915109DF8146043EA002048EA0C2846EA012652BBFDF7C6FA0022784BFDF756FCFDF7FAFD03464046C4F80834FDF7BAFA0022724BFDF74AFCFDF7EEFD03463046C4F80C34FDF7AEFA6C4B0022FDF73EFCFDF7E2FD02233946C4F8100400930C2206AB04F57C7009F083FD25F002056E0700F1CC8077
S3FD0800999029076DD4EB067FF55CAF5D4D5D4A2B6892E8030004F598670490ADF81410002B3FF44FAF1A79002A40F011821D692E21587A04AA0623A8479DF911509DF810309DF913109DF812609DF9152043EA05239DF8145046EA012645EA022500287FF430AF1846FDF764FA0022474BFDF7F4FBFDF798FD03463046C4F8C034FDF758FA0022414BFDF7E8FBFDF78CFD03462846C4F8C434FDF74CFA00223B4BFDF7DCFBFDF780FD0222C4F8C8043946009206AB0C2204F5956009F021FD02E73348344A90F820353349022B08BF00F23C5040F2171314F0ADFD6FF001000FF043F8EDE60027274E8DF81070336804F56A78002B00F018821A79002AC7
S3FD08009A8840F0B5810DF1100A52463B211F69587A0123B8479DF810200346C2F34001920700F1A48033685FFA80F98DF80F108DF81010002B00F0018250460CF007FF002840F08B809DF81030002B40F0818033683B211F69587A0DF10F020123B84778B99DF80F30316823F0020343F002038DF80F30CF68487A01233B210DF10F02B847C7B26BE0205D00206C600020F881020800005940D85300204488020878860208C34EC44A336892E8030004F58D680490ADF81410002B48D01A79002A40F06B811E690E21587A04AA0623B0479DF911609DF810309DF913109DF812709DF9152043EA06239DF8146047EA012746EA022658BB1846FDF7A0F9F0
S3FD08009B800022AF4BFDF706FAFDF7D4FC03463846C4F86834FDF794F90022A94BFDF7FAF9FDF7C8FC03463046C4F86C34FDF788F90022A34BFDF7EEF9FDF7BCFC0223C4F87004414600930C2206AB04F58A6009F05DFC25F00405DBE60CF0A6FE00283FF47AAFFF279DF81000002840F0508107EB09035BB2002B50D19049326803C90490ADF81410002A48D01179002940F01E81166906231421507A04AAB04702469DF810309DF911009DF913C09DF812709DF915109DF8146043EA002047EA0C2746EA012652BBFDF73CF900227E4BFDF7CCFAFDF770FC03463846C4F8A833FDF730F90022784BFDF7C0FAFDF764FC03463046C4F8AC33FDF724F9FA
S3FD08009C780022724BFDF7B4FAFDF758FC0223C4F8B003414600930C2206AB04F5647009F0F9FB25F0080579E66649326803C904F581680490ADF81410002A3FF468AE1179002940F0DC80166906232821507A04AAB0479DF911609DF810309DF913109DF812709DF9152043EA06239DF8146047EA012746EA022600287FF449AE1846FDF7E3F80022524BFDF773FAFDF717FC03463846C4F80834FDF7D7F800224C4BFDF767FAFDF70BFC03463046C4F80C34FDF7CBF8474B0022FDF75BFAFDF7FFFB02234146C4F810041BE618460CF09FFD316800283FF4B8AD0B79002B3FF4B4AD16E6002332688DF80F308DF81030002A00F0A98050460CF0B2FDC5
S3FD08009D70002840F096809DF81030002B40F08C8033683B21D3F81090587A0DF10F020123C84770B99DF80F30316823F001038DF80F30D1F80C90487A01233B210DF10F02C8475FFA80F99DF81000002874D1C8444FFA88F88AE540460CF05CFD336800283FF494AD1A79002A3FF490ADD3E500200CF050FD2B6800283FF4E8AD1A79002A3FF4E4AD2DE538460CF044FD336800283FF444AE1A79002A3FF440AE4FF0FF098DF80F708DF810700DF1100A50E600200CF030FD336800283FF48EAE1A79002A3FF48AAECDE600BF6C600020F88102080000B03F00208C400000594018460CF019FD326800283FF4DBAE1379002B3FF4D7AE1AE7D968936848
S3FD08009E688A689A42BFF40FAD154813F073FF18460CF004FD326800283FF41DAF1379002B3FF419AF7BE50CF04BFD0744FFB2AAE60CF046FD00283FF46FAF4FF0FF0986E70CF03EFD81445FFA89F984E74FF081094F4698E64FF081097DE7812793E600BF0C9C0208F8B50C46002900F0A180634E634BF26804F56A70D361B4F8AC13EFF30583C3F30803002B18BF0022082306F067FF02215B4DEF1CD4F84C03FEF7F8FA822194F85023D4F84803FEF71BFB14228321D4F84803FEF715FB842194F85123D4F84803FEF70EFB07228021D4F84803FEF708FBBD4202D015F8011BDCE794F85033013BDBB2062B60D8474A4FF07E5052F82310FCF754FBE4
S3FD08009F604449FCF79DFA4FF07C51FCF791F9FCF7C1FC0546302383F311880DF027F90EF0F3F9234629463C4A04F5567007F04AFC0EF088F90DF008F93368B34253D1002383F3118894F8511301F07001402948D01ED9602943D0702920D1304D302383F311880DF003F90EF0CFF9234629462A4A04F5826007F026FC0EF064F90DF0E4F83368B34237D1002383F311880E20F8BD202922D0302907D1214DDFE7214B224D502918BF1D46D9E71E4B204D002918BF1D46D3E71E4DADE71E481F4A90F820351E49022B08BF00F23C509D2314F0C8FA6FF001000EF05EFD4DE7194DBEE7194DBCE7194DBAE7F2689B6892689A42A6D2164813F083FEF268B1
S3FD0800A0589B6892689A42C2D2F6E700BF205D00203C9D0208599B02085C9B0208002474499DFF0008A086010090D0030020A107000B8B020040420F0034D30700D853002084880208788602081516050048E80100400D0300E89B02082DE9F04F0D46144693B0002A00F0318115F0060A4ED12B073DD5D4F8F833002B00F07C81B54890F82035022B39D040F2A113B34AB34914F06BFA6FF001000EF001FD0E2013B0BDE8F08F109B032B05D8BDF8442003F5E87324F813203846314606F006FBA8B9D4F8E823109B176B032B98BF00223B4688BF012204F5687403F8022B03CCC7F80200596030460C2106F07DFA25F00805002DC4D10E2013B0BDE840
S3FD0800A150F08F40F2A113964A964900F23C5014F02FFAC2E7302383F311880DF02FF80EF0FBF80AA807F082FA0EF094F80DF014F88D4B1A689A4240F0DD81002686F311880221D4F84C0305EA01030593FEF7ACF9BAF1060FDFF818B2DFF81892DFF8188212D0059B002B50D1690700F1C4800136042E00F0A4801BF8011BD4F84C03FEF793F9BAF1060FECD1D4F84873002F00F0E1803868003818BF012091234A464146FEF76AF992234A4641460120FEF764F993234A4641460120FEF75EF9852000234FF0FF31042209938DF8200009AB3868CDE9012100931321012308AA13F028F89DF824109DF825309DF8262043EA01239DF827700DA921F8A1
S3FD0800A2481630059B47EA02270FAA22F8167073BBB1E7D4F84873002F00F027813868003818BF01207B234A464146FEF729F97C234A4641460120FEF723F9872000234FF0FF310222ADF824308DF8200009AB3868CDE90121009308AA0123132112F0ECFF9DF824309DF825700FAA47EA0327D4F8F83333B104F5806151F826303B4441F8263004F5687333F816300792C3F57F40FF300693FCF78CF801463648FCF790F90146069BF81A0F46FCF782F801463846FCF7D2F8FCF7FAFA079A22F816000136042E7FF45CAF059B002B40F099806A0700F18C8025F00605D1E62248224A90F820352249022B08BF00F23C5040F2091314F042F96FF001001D
S3FD0800A3400EF0D8FBBCE6D4F848736FB33868003818BF012066234A464146FEF7B5F867234A4641460120FEF7AFF8852000234FF0FF310222ADF824308DF8200009AB3868CDE9012100931321012308AA12F078FF9DF824109DF825300DAA43EA012322F816300CE7384620E70598D3E7D85300208488020878860208205D002000FF7F47599B0208E08502087C85020804F56A7704F57A763846314600930FAA06F0C6F900283FF4AEAED4F8E8335B6B0C2B10D06148624A90F820356149022B08BF00F23C504FF4B07314F0DBF86FF001000EF071FB9DF83C30032B3FF693AE01A252F823F000BF13A50008FBA00008D5A40008B7A4000802220AAB16
S3FD0800A43800920DA9082204F5886009F023F869E702220AAB00920FA9082204F5627009F019F8D4F8F833002B3FF459AFD4F8FC2301329342C4F8FC237FF451AF04F56877384604F5806104F5826651F8042BB2FBF3F28E4220F8022BF7D104F57A76314604F56A7006F040F90346002857D0002345F00805C4E9FE3331E73846DAE60023109AC4F8FC33C4F80034C4F80434C4F80834C4F80C34C4F8F82336E612AB04F5687813E9030088E803003846314606F01BF9034600287FF428AEB8E80300D4F8E823146B224602F8023BC4F80200516030460C2106F096F817E63846314606F003F9034600287FF410AED4F8E82304F56874176B03CC3A46A7
S3FD0800A53002F8023BC7F80200516030460C2106F07DF8FEE5D96893688A689A42BFF41DAE0C4813F003FCD4F8E82303CFD2F830C0624602F8023BCCF80200516030460C2106F064F897E700BFD85300208488020878860208E89B020838B51446002A3ED0302383F311880CF019FE0DF0E5FE0CF003FFD4F858331BB104F556700DF0A6F800230022264DC4E9DE230DF073FE0CF0F3FD2B68AB4234D1002383F31188302383F311880CF0FAFD0DF0C6FE0CF0E4FED4F8103404F5826413B120460DF086F800230022C4E908230DF054FE0CF0D4FD2B68AB421DD1002383F3118838BD1148114A90F820351149022B08BF00F23C504FF4D87313F0CCFFF7
S3FD0800A6286FF001000EF062FAAEE7EA689B6892689A42C5D2084813F08DFBEA689B6892689A42DCD2F6E700BF205D0020D85300208488020878860208E89B020838B50C4671B30023234D2448EA68D4F86413D061C4F86433022204F5587005F015FE00231E4AC4F8E033C4F8E433C4F8EC33C4F8E823302383F311880CF094FD0DF060FE04F5846006F0E6FF0DF0F8FD0CF078FD2B68AB4215D1002383F31188062038BD0F48104A90F820350F49022B08BF00F23C504D2313F070FF6FF001000EF006FABFE7EA689B6892689A42E4D2074813F031FB00BF205D0020E09D0208CDCCCC3DD8530020C488020878860208849C02082DE9F04F0D461446F2
S3FD0800A7208DB0002A00F0C2806A0700F1A180AB0740F19A800022D4F8603304F57C7500925E68294608AB04F55870B047002840F08B800FCD04F58166D4F80474D4F8F093D4F8F4830FC60297D4F82034DDF820B0D4F824C4099A95E8030086E80300BBEB030062EB0C010392FBF744FE6249FBF73BFF039AD4F8ECA30546C4F82424C4F820B4504615F0EAF80646504615F08CF9494683463046FBF773FE414603905846FBF76EFE039A01461046FBF75FFD2946FBF766FE0146D4F8E003FBF759FD02464946C4F8E0235846FBF75AFE0246414630461646FBF754FE01463046FBF746FD2946FBF74DFE0146D4F8E403FBF740FD2946C4F8E403029802
S3FD0800A818FBF742FE5146FBF737FD0546FCF75EFB35A3D3E9002304F5846780468946FCF73DFE002847D132A3D3E9002340464946FCF716FE00284AD1C4F8EC5300223B46009204F57871102204F5527008F012FE06200DB0BDE8F08F002304F5687708AE00933846324604A905F074FF049B73B196E80F0004F5787686E80F00384604A905F042FF18B9014604A805F0CBFE25F0040540E71B481C4A90F820351B49022B08BF00F23C50752313F07EFE6FF001000EF014F92CE710A3D3E9002340464946FCF7A4F9FCF72AFEC4F8EC03B6E70AA3D3E9002340464946FCF79AF9FCF71EFEC4F8EC03AAE700BF1F85EB51B81E09401F85EB51B81E09C070
S3FD0800A9101F85EB51B81E194000247449D8530020C48802087886020810B514463AB1D4F8603304F558709B68BDE8104018470848084A90F820350849022B08BF00F23C50CF2313F035FE6FF001000EF0CBF8E6E7D8530020C4880208788602082DE9F043044683B002200E46154605F02BFB0746002800F09F800122294630460BF040FF01286AD0012E38DCDFF84882404606F0F5FA002840F0D2804FF07C53D8F830908B4AC9F8002008250126C9F80430C9F83840013D4FEA4606FBD1D8F80030009540221C68394633468248A04746F001000DF072FD012804462B46D8F8002000F0E780012154687B482A46A0477A480DF0BFFE284603B0BDE8C1
S3FD0800AA08F083686815F0CCFFFCF790FD20F00049804674494846FBF705FF002860D148467049FBF7F5FE00285AD140460021FBF7EFFE002854D0022E40F08C80DFF89C81404606F09FFA00287CD16868D8F8309015F0A6FFFCF76AFD4FF07C53C9F80000A5E72A682046604913F0A6FD20465F4913F0A2FD20465E4913F09EFD20465D4913F09AFD20465C4913F096FD20465B4913F092FD20465A4913F08EFD2046594913F08AFD2046584913F086FD2046574913F082FD002003B0BDE8F0835448554A90F820355449022B08BF00F23C5040F2BF2313F071FD6FF001000EF007F84EE7022E02D0A86815F05BFF2A6820463E4913F062FD20463D49D8
S3FD0800AB0013F05EFD20463C4913F05AFD20463B4913F056FD20463A4913F052FD2046394913F04EFD2046384913F04AFD2046374913F046FD2046364913F042FD2046354913F03EFD022003B0BDE8F0832046354913F036FD012003B0BDE8F083A86815F023FFFCF7E7FC20F0004806461F494046FBF75CFE0028BCD140461C49FBF74CFE0028B6D130460021FBF746FE0028B0D0144806F0FBF90028D8D1DFF848806868D8F8309015F000FFFCF7C4FC0346A868C9F8003015F0F8FEFCF7BCFC0346FAE60221556807481A46A84707480DF0D8FD154B2146D8680DF0D3FC802012E700BF0000A040101B00201C1B0020FFFF7F7F608902088C89020837
S3FD0800ABF898890208B4890208BC890208EC890208288A0208348A0208688A0208E48A0208D8530020FC88020878860208208B0208205D002070B5694D0446D5F8D834002B00F0B9806649204613F0BEFCD5F8B404FCF74CF902460B462046624913F0B4FCD5F8B804FCF742F90B4602465E49204613F0AAFCD5F8D83400219E6A3046FBF7CFFD002800F088803046FCF72FF902460B462046554913F097FC5549204613F093FCD5F8BC04FCF721F902460B462046504913F089FC5049204613F085FCD5F8C804FCF713F902460B462046454913F07BFCD5F8CC04FCF709F90B4602464249204613F071FCD5F8D8340021DE6A3046FBF796FD002859D002
S3FD0800ACF03046FCF7F7F802460B462046394913F05FFC3949204613F05BFCD5F8D004FCF7E9F802460B462046344913F051FC3549204613F04DFCD5F8A004FCF7DBF802460B462046294913F043FCD5F8A404FCF7D1F80B4602462649204613F039FCD5F8D83400215E6A3046FBF75EFDE8B13046FCF7C0F802460B462046234913F028FC20461D4913F024FCD5F8A804FCF7B2F802460B462046194913F01AFC002070BD20461A4913F014FC7BE72046174913F00FFCE5E72046154913F00AFCA9E71448144A90F820351449022B08BF00F23C5040F2172313F0FCFB6FF001000DF092FE34E700BF30160020448B0208548B0208608B0208788B02081E
S3FD0800ADE848BB02088C8B0208988B0208A88B0208B48B0208808B0208D8530020FC88020878860208F0B5064683B001200F46144605F0DCF8054648B3022F3ADD294E304606F0B0F8F12806D1002331681A464F6830460221B847606815F0B2FDFCF776FB0246336BA0681A6015F0AAFDFCF76EFB0024326B336850610094294618221D6818482346A847204603B0F0BD1648174A90F820351649022B08BF00F23C504FF4F77313F099FB6FF001000DF02FFE022FC4DC226830460F4913F08EFB30460E4913F08AFB30460D4913F086FB30460C4913F082FB30460B4913F07EFB022003B0F0BD00BFA81B0020D8530020FC88020878860208C08B020840
S3FD0800AEE0E48B0208F48B02081C8C0208288C0208F0B50E461546044683B018B304F54A773846C4F81063C4F8245306F025F8034650B9D4F828230090156838461822D4F88013A84703B0F0BD0F48104990F82025022A1A4608BF00F23C5003B0BDE8F04013F03EBB08480A4A90F820350949022B08BF00F23C50502313F032FB6FF001000DF0C8FDCAE700BFD8530020508C0208B8870208788602082DE9F0470E46144684B0B2B3B20713D54FF0000904F5647804F574770023D4F89023CDF80090156839461A464046A847E528F3D126F00206730711D54FF0000804F5147704F524760023D4F85022CDF80080156831461A463846A847E528F3D124
S3FD0800AFD894F8E033022B00F0F080032B5DD0012B25D0062004B0BDE8F087A24FA24A97F82035A249022B14BF384607F23C50D22313F0DAFA6FF001000DF070FD97F82035994A022B99494FF066030CBF9848954813F0CAFA6FF001000DF060FDA6E749F64043B4F8D0539D4240F2EC80B4F8DE239A4240F2E780002204F2F32304F20B3103F8012F8B42FBD1864890F82035022B00F0F980874913F0A7FA002384F8E03304F52675284605F06BFF0028B1D1D4F8982200900346D4F8F012284615681822A847062004B0BDE8F087764F7A4997F82035DFF8D091022B14BF384607F23C5013F082FADFF8F48109F23C5A04F5247504F5267697F8203571
S3FD0800B0D02A88022B0CBF504648464146023513F06FFAB542F2D197F820356A49022B0CBF6548624813F064FA97F820356649022B0CBF61485D4813F05BFADFF87091DFF8A48109F23C5A04F5747504F5787697F820352A88022B0CBF504648464146023513F046FAAE42F2D197F820355749022B0CBF51484D4813F03BFA302383F3118800250CF03BF80DF007F902A806F08EFA4F49029B039A5B1845EB020202A80293039206F0B5FB0DF095F80CF015F8494B1A689A4271D1002383F3118849F64043B4F8D0239A427FF628AFB4F8DE239A427FF623AF97F82035022B32D03749334813F006FA0023062084F8E03304B0BDE8F087B4F89232B4F8E5
S3FD0800B1C89402C3F5CB431033C01AFBF711F93449FBF762F9334902462046FFF785FE49F64043B4F8D0239A427FF6FBAEB4F8DE239A427FF6F6AE002220461146FFF774FE1C4B93F82035022BCCD11E491C4813F0D3F9CBE72246042004F2F32304F20B3103F8010F8B42FBD149F64046052104F2D23304F5787001E033F8025BB54205D982F8F41282F8F51282F8F612984202F10302F1D10CE70B4900F23C5013F0ACF903E7D96893688A689A4288D20E4812F071FD00BFD8530020B88702087886020814590020908C0208A08C0208C08C0208C48C0208DC8C020840420F00205D002017B7D138CDCCCC3D249C0208B88C02082DE9F04F0D461446CC
S3FD0800B2C08FB0002A00F0DE8011F00C0F40F00081AA0740F1D38094F84833002B00F01081012B40F0328194F8A034002B00F00881012B40F0C38005AE37464FF0625904F5916504F5936835F8020BB0F5804F28BF4FF48040FBF770F84946FBF7C1F8454547F8040FEFD1B0461625DFF80493DFF804A3DFF804B315E051463846FBF76CFA002840F0178159463846FBF765FA002814BF04210221EA1E6319D5B2FE2D83F8201409D058F8047F49463846FBF754FA0028E1D00121EEE74FF0000A9F4DD046DFF8B8B29E490DF1340903E055F8081C55F804BC56F8047F08353846FBF780F801464046FAF774FF594680463846FBF777F801465046FAF7F1
S3FD0800B3B86BFFB1458246E5D14FF07C514046FBF76BF88E49FAF760FF4FF0814105465046FBF762F80021FAF757FF894E074696F820354046022B00F0CB80FBF777FD804638468946FBF772FD02460B462846CDE90423FBF76BFD02460B465046CDE90223FBF764FD4246CDE900014B463046794913F0CAF804F57279484605F091FD8046002800F0CF8096F820357349022B0CBF72486F4813F0B8F804F55A784046C4F85053C4F8647305F07BFD002840F0AF80D4F8682300900346156840461822D4F8C013A8470E200FB0BDE8F08F604E644A96F820356349022B14BF304606F23C504FF4827313F090F86FF001000DF026FB15F00C0F3FF410AF7E
S3FD0800B4B096F82035584A022B58494FF070030CBF5448514813F07CF86FF001000DF012FB2B077FF5FDAE4FF0000904F5896804F5916A04F59367D4F84834CDF800901E683A46002351464046B047E528F3D1E7E6302383F3118800240BF060FE0CF02CFF06A806F0B3F84249069B079A5B1844EB020206A8CDE9063206F0DAF90CF0BAFE0BF03AFE3B4B1A689A421DD1002383F311880E200FB0BDE8F08F2F48324A90F820353249022B08BF00F23C5040F2191313F02EF86FF001000DF0C4FA0E200FB0BDE8F08F0821EEE6D96893688A689A42DCD2294812F0EAFBFBF7ACFC804638468946FBF7A7FC02460B462846CDE90423FBF7A0FC02460B46DB
S3FD0800B5A85046CDE90223FBF799FC4246CDE900014B46144906F23C5012F0FEFF32E796F820251849022A02460CBF10480C4812F0F3FF4FE7B4F8380404F0F8FCD4F8C823CDF80080014643464846D2F800801822C04729E7C89F0208000040BFCDCCCC3DD8530020E08C0208048D0208145900201C8702087886020840420F00205D0020189C0208508C0208CDCC0C3F9A99193E0AD7233D000080BF30B5044683B0F8B104F56875284605F083FC034650B9D4F8A0230090D4F81014284615681822A84703B030BD0F48104990F82025022A1A4608BF00F23C5003B0BDE8304012F09CBF08480A4A90F820350949022B08BF00F23C50552312F090FFC5
S3FD0800B6A06FF001000DF026FACEE700BFD85300203C8D0208D8860208788602080239012970B5044615462AD92A6820462B4912F077FF20462A4912F073FF2046294912F06FFF2046284912F06BFF2046274912F067FF2046264912F063FF2046254912F05FFF2046244912F05BFF2046234912F057FF2046224912F053FF022070BD506815F046F9034668B101281ED00228CBD101261C4D1C4A2E7020461C49137012F03FFF05E0184A20461949137012F038FF0021184B03F1180203F8011F9342FBD11548FFF76DFF002070BD0F4D0D4A2B7020461249137012F023FFE9E7248E0208388E0208A88E0208B08E0208C8820208E48E0208F88202084F
S3FD0800B798088F0208308F0208388F0208DC450020C0450020E88D0208808D02089F450020A8410020B08D02082DE9F0430D46144685B042B16F4E33780BB1AB0714D4022005B0BDE8F0836C486C4A90F820356C49022B08BF00F23C50A02312F0E5FE6FF001000DF07BF9E5E7002C34D008234FF00009039304F5547804F56475D4F85033CDF800901F6829460023404603AAB847E528F3D15B4B1B78012B72D0022B2BD0002B60D004F57E752946182256481CF041FC60B928686968AA68EB68524C0FC42869696903C4022005B0BDE8F0832046FFF7EAFEEEE74848484A90F820354849022B08BF00F23C50642312F09DFE6FF001000DF033F9B9E79B
S3FD0800B89042F2273044F2672746F2A71E4FF001094FF004084FF0050C032603AB04F5667135F8022B82421DD81E708D4203F10103F6D19DF80C009DF80D109DF80E209DF80F3084F80C0484F80D0484F80E1484F80F1484F8F82384F8F92384F8FA3384F8FB33A3E7BA423BD883F800C0DDE71D4604F20F4204F2F73303F8015F9A42FBD12046FFF795FE357090E741F287374EF65F2E4FF004084FF0020C032603AA04F5667035F8021B632915D81670A84202F10102F6D19DF80C009DF80D109DF80E209DF80F3084F80C0484F80F1484F8F82384F8FB336AE7B94209D882F800C0E5E7724594BF83F8008083F800909DE7714594BF82F800801370E8
S3FD0800B988D8E700BFDC450020D8530020D886020878860208C0450020C445002002B1704708B50948094A90F820350949022B08BF00F23C5040F2711312F0FEFDBDE808406FF001000DF092B8D85300204488020878860208F0B50E461546044683B018B304F552773846C4F83063C4F8445305F0AFFA034650B9D4F848230090156838461822D4F8A013A84703B0F0BD0F48104990F82025022A1A4608BF00F23C5003B0BDE8F04012F0C8BD08480A4A90F820350949022B08BF00F23C50502312F0BCFD6FF001000DF052F8CAE700BFD8530020508C0208688702087886020830B5044683B088B104F52E75284605F071FA034640B9D4F8B822009047
S3FD0800BA80D4F81013284615681822A84703B030BD0848094A90F820350849022B08BF00F23C50402312F08CFD6FF001000DF022F8DCE700BFD853002068870208788602082DE9F04F30278BB087F3118800250BF07DFBC94E0CF048FCD6E90212C74BC84C023259611D6103F118019D62DB62C6E902120CF005FC638AC249E28A0B400A4043F4FF5343F01C0342F48052BE496382E282BE4BBE4AC4E90055C4E90255C3E90024E461A1611D7287F311880BF04EFB0CF01AFC0BF038FC726804F11003226273600CF0AFFB0BF02FFBB24B1A689A4240F0AF84002585F31188DFF874B3DFF874A30221AC4AAD4805F040FC29465846AB4A05F03BFC5046E8
S3FD0800BB780121AA4A05F036FC0821A94AA94805F031FC0921A84AA94805F02CFC0621A84AA84805F027FC0721A74AA84805F022FC0421A74AA74805F01DFC0321A64AA74805F018FC0A21A64AA64805F013FC0C21A54AA64805F00EFCA54EA649A64AA74BA74C0491029231464FF4027200930596FE230396019606F50270C6F8984206F0C9FD06F5187005F0CFFB022004F004FA9C4C014606F5127004F0F0FC04F5587004F0BEFB022004F0F7F903460A20C4F8643304F0F1F9014604F5527004F0DEFC9149924A924B04F542700594039401940491029221464FF442720093802306F099FDD4F80C230423052104F5687005F0AFF8884FDFF868C2CE
S3FD0800BC700497CDF808C000224FF0834C4FF000084FF000094FF080474FF0FF36804C814B81498248009304F59263059403940194C4F8B8C4C4F8CCC4C3E90089C4F8A014C4F8D804214604F54270C4F88824C4F88C24C4F89824C4F89C24C4F8A424C4F8A824C4F8AC24C4F8B024C4F8BC24C4F8C024C4F8C424C4F8D024C4F8B4744FF44272C4F8C874FE2306F048FD684BC4E9DE89C4E9E089C4F84833C4E9D95504F56470C4F84C53C4F87453C4F88853C4F8706305F03DFBC4E9F055C4E9F255C4E9F655C4E9F855C4F8D05384F8E853C4F8D463022004F064F90646D4F80C230423012104F58160C4F84C6305F035F8D4F80C230823022104F57F
S3FD0800BD68896005F02DF84D494D4805F0CFF84D4805F012FB4C494D4805F0C8F840F606614B4C4C4A4C4BA4F8501304F55670C4E9D22305F001FB0323C4E9E489C4E9E689C4E9E85504F58260C4F888B3C4E9FE55A4F8AC3305F0F0FA4049414A414BDFF814B104F5896E04F58A6C0594039401940491029221464FF44272009304F54270CEE90089CCE900898123C4F840A473E000080020F8370020805200200380FFFF39FE000874600020CD470108205D0020601F0020A81E002090240020D02300202838002038380020E0450020F04500206815002078150020F038002000390020B8510020C8510020F050002000510020A84F0020B84F00204E
S3FD0800BE60A4520020A8520020081C00206128010841390108ED280108189D0208804B002029A9000819A7000865A60008C900010830160020110101088FC2753DE89C02081C9F0208001C0020A81B0020701B0020681B0020101B0020781F0020340900202809002089A50008B1A00008CD9E000898240020D8230020B90801085025002006F054FC0BF5707005F05AFA0BF5587005F056FA0BF5836005F052FA0BF58F6005F04EFA072004F083F801460BF5647004F070FB092004F07BF801460BF58A6004F068FB062004F073F801460BF57C7004F060FB082004F06BF801460BF5956004F058FB934C9449944A954BCDF814B0CDF80CB0CDF804B0BE
S3FD0800BF58049102920093CBF8B8434FF00804DFF858E2DFF858C259460BF54270CBF84874CBF850E3CBF858C38BF8544381234FF4427206F0FFFBDFF838C208266346E64643F8046F10264FF0180A4EF8086F202166467E4C46F80C1FC4F80C3D7C4BC4F8ECAC04F6085AC4F804AD03F1400AC4F808AD04F61C5AC4F818AD03F1800AC4F81CAD4FF0070A3146082604204FF00209A4F828AD04F5536AC4F82CAD03F1C00A01226746C4F8FC6CC4F8106DC4F830AD0C264FF0060AC4F820EDDFF8B8E1E346CDF820C0CDF824C0C4F8F8CC84F82A9DCEF82C90CCF80000DFF89C91DFF89CC1C4F8F05CA4F8005DC4F8F43CA4F83CADAEF80450A4F8142DF3
S3FD0800C05084F8162D84F83E2D0790C4F8E8EC84F8020DC4F8246DC9F800C0C4F8341DBC464021C4F8386D4CF8101F8026394641F8146F0E4639464FF48077C4F8905DA8460C2584F8522D84F8662DC4F8882D84F88E2D04F64452C4F8402D03F58072C4F8442D4FF0090241F8187F0F46C4F84C5D4FF400714FF00805A4F8502D04F65852C4F8542D03F5A072C4F8582D04F66C52C4F8682D03F5C072C4F86C2D4FF00A024BF81C1FA4F8645D10210C2503F5E073C4F8803D04F55863C4F87C3D04F6E843C4F8B433DFF8C0A0244BA4F8782D04F6F442C4F8605DA4F88C5DC4F85C6DCDF818C0C4F8741D84F87A0DC4F848CDC4F8707DCAF8003017461A
S3FD0800C1480346194E194DC4F884BDC4F8F8268BB9174B324693F820352946022B08BF154840F2DA3318BF124812F026FA6FF001000CF0BCFC00225FFA88F3234483F809233F6908F101082FB3BB7BE0E785EBF940A5B900083D980008898E0008202A0020205B0020040003000888020878860208D853002014590020080900200000404184600020E05A00208060002001000500706000200225B94AB949BA4BB3F8FC3604920291B84AB94900920594039401944FF4427284F8083301F55670BF2384F8445784F8F456C4F840A7C4F8F09606F0B9FAD4E9CF23062102F0004203F0004342F0C04263F04043A94DC4E9CF23C4F89853C4F84843C4F8AA
S3FD0800C240B01305F515652868D4F85C23C36A818804F0BAFD2B68D4F8B023DB6AAD681343C4F8B033002DEED19C4901F28465A1F5047004F04FFEA5F25C61A1F5C47004F049FEA5F23461A1F5807004F043FE286804F082F86B68D4F8B0231B682D691343C4F8B033002DF2D104268D4C012084F8E053A4F84852A4F8886303F08BFE03462846C4F8803303F085FE034604F51470C4F8F03204F060F804F5647004F05CF804F53D7104F5267004F014FE04F5447104F54A7004F00EFE7A4F7B4A7B4B214604F502700594039401940292784C4FF4027200930497422306F038FA012084F80054A4F86852A4F8A86303F053FE03462846C4F8A03303F074
S3FD0800C3384DFE034604F51C70C4F8103304F028F804F56C7004F024F804F5457104F52E7004F0DCFD04F54C7104F5527004F0D6FD624D634A634B214605940394019404F50270029200934FF402724223049506F001FA022204F2133304F21F3403F8012FA342FBD10426584B03F10C0203F8016F9A42FBD15048FFF759FB00254FF0100C0127524C5249534A534B0594039401940491029200934FF44272C4F898C48123214604F5427084F8A074A4F8406484F8485306F0CFF904F5547104F55A7004F08DFD04F5846104F5727004F087FD384603F0E4FD0346082604F58960C4F8C033A4F8385403F0BCFF04F5956004F0BCFF3A4C3B483B493C4BD4
S3FD0800C4303C4A3D4F0490029100930594039401944223214604F5427015703D704FF44272A4F84853C4F8986306F098F904F57E7104F5687004F056FD284603F0B3FD034604F55470C4F8103403F08EFF2B480CF0E7FE2B480CF0E4FE2A480CF0E1FE2A480CF0DEFE29480CF0DBFE29480CF0D8FE28480CF0D5FE28480BB0BDE8F04F0CF0CFBED96893688A689A42BFF44BAB234811F04CFC3D8E000889EE0008D8530020F58C0008202A0020B82D002090300020B8390020A18C000879AF0008E58B0008A03D0020918B000819E60008D18A0008BF400020A8460020898A0008B9B20008BD890008A841002079890008C1B70008F5880008C045002092
S3FD0800C528DC4500205C0800204408002050080020380800202C080020B4080020C0080020A8080020D09B02082DE9F04F0024B5B0079412F0B1F80020002101224FF0FF330425C24ECDE92801CDE92544C6E9014427943270249324A80AF018FE24A80AF0E7FD013DF7D1249A7368C6E90225002B41F0AD84B64CB74B7460A56223634FF0300E8EF3118862B64FF6FF0801274FF0FF3C4FF0200900230022AF496460C868A56000EA0808AD48E56248EA0000DFF87083C860D8F80C00A58340F08070C8F80C00DFF86083C4F89C50D8F80000C4E92D553843C4E93355C4F8A850C4F8AC50C4F8BC50C4F8D450C8F80000C4F818C081F81F90C4F8B0C030
S3FD0800C62081F822E004EB0901C4E9081104F1B00004F11001C4E93023C4F8C8C0C4E904112460C4F89850C4F8A070C4E936230AF0B1FD80228C4904F13800FBF731FEDFF8F0C255216346894A80F8247002620CF5A472DFF8E0E2E060CDE925C2844827972995CDF890E0289003F8011B9342FBD124A80AF09BFE0AF0CBFE022333700BF001FE0AF081FD2368A34241F02784002686F31188FF200CF0A3F9FBF79DFF002200237448744D066074487549C5E9000605F108000E80A860724905F10C00E8607148C1E900230AF01FFD70480CF0B0FD6F480CF0ADFD6F480CF0AAFD6E480CF0A7FD01206D4B6E496E4F05F22452C5F81C15A5F82005B5F828
S3FD0800C718FC16C5F82425C5F83C356948C5F84065C5F818750AF08AF801463846C5F848150AF084F8C5F84805002800F04982614EA6F1300004F028FE4FF480727F21C5F8806506F1180019F067FD5B480CF074FD5A480CF071FD5A480CF06EFD59480CF06BFD59480CF068FD08F0E6FAA6F5AF6044F20213012255490BF084FFA6F274504FF0FF33022252490BF07CFF08F0C2F8042300214F4E504A3373504BB16073603260302383F311880AF004FD0BF0D0FD337B6A6843F001033373B2606E600BF065FD0AF0E5FC2368A34241F09483002686F31188424B434A434816601B600AF097FC424A4249434B0E6016604249434A0E701A60FFF758F988
S3FD0800C8104149214811F0D4FE40491F4811F0D0FE3F491D4811F0CCFE3E491B4811F0C8FE3D49194811F0C4FE3C49174811F0C0FE3B49154811F0BCFE3A49134811F0B8FE3949114811F0B4FE38490F4811F0B0FE37490D4811F0ACFE36490B4811F0A8FE72E000BF485F0020205D0020509F020800ED00E00003FA05649F020800040020FD6201088C530020D8530020BC9E020888530020A8530020B83700206808002080080020740800208C080020E49E02086C8F0208EC9D02087C8F020858590020CC080020D8080020F0080020E4080020FC080020541500204015002030150020549D020850140020B0530020C4530020B4530020D453002087
S3FD0800C908C8530020D0530020CC5300207460002020BD0208948F0208DC8F0208249002086C900208B8900208009102084891020890910208D89102082092020868920208F0ED00E0001000E0005E0020648F0208A549A64811F030FEA549A44811F02CFEA449A24811F028FE32463146304610F0E9FFD5F8F836B3F1915F0FD095F820359D4A022B9D4940F235230CBF9C48974811F012FE6FF001000CF0A8F8994EDFF880923746DFF87CA20121384607AA10F0C9FFE0B1079BB268134240F0EF80D9F808201A4040F0F38095F82015009202294FF41572514600F0F780844811F0ECFD0121384607AA10F0ADFF0028E2D1D5F8F8368046B3F1985F48
S3FD0800CA000FD095F820357E4A022B7E4940F259230CBF7D48774811F0D3FD6FF001000CF069F840F2FF70BDF86220BDF86630BDF88010774F42F4FF4223F4FF4360F30A0142F07C0223F07C031EA8ADF86630ADF86220ADF88010CDE91A700DF1600B302383F311884FF000090AF0B0FB0BF07CFC0AF09AFC674A2AAF5368C2F804B01C9308F04CF94FF0FF330822634963480BF005FE38464FF0FF3304222BA92A97CDF890900BF0FBFD3096ADF8CC90CDF81080049BDFF84091002B41F04B84D5F8F836B3F1005F00F01286B3F1995F00F0A48100F2B08023F48013B3F1985F00F06A810DF1C70840465A46032104F007FC8DF8CA00002800F0FD8028
S3FD0800CAF8022820D195F82035022B4FF0300300F03D8483F311880AF05DFB0BF029FC424BD3F824800BF0C2FB0AF042FB2368A34241F03E83002383F311883C4948461FFA88F211F041FD3023D4F80CA083F311880AF040FB0BF00CFCDAF83C30002B40F03D820BF0A3FB0AF023FB2368A34241F09581002383F311880793079B002BA1D0B268134241F0ED83294882681A4041F04D8395F82015009202294FF42472254901F05083154811F00FFD85E738460BF019FDC3057FF500AF4FF0100835E748460BF010FD95F820354FF41472022B5146079B00907FF409AF0D4811F0F5FCEBE64FF479632846144A084911F0EDFC6FF001000BF083FFAAE50B
S3FD0800CBF0B0920208D8530020948F020820BD0208F89202087886020814590020541500207DFD000800080020C8370020DC370020000C004028940208401500201493020824860208D24A93427FF452AF95F82035022B4FF0300300F0EF8383F311880AF0BDFA0BF089FBCB4BD3F824800BF022FB0AF0A2FA2368A34241F0BA82002383F31188C54948461FFA88F211F0A1FC302383F311880AF0A2FA0BF06EFB0AF08CFB249B13B124A80AF031FD0BF003FB0AF083FA2368A34241F03E81002383F3118803230DF1C7088DF8C430319940460BF025FF4046FBF7B8FD95F82035002840F04D81022B18BF4846AC4908BFAC4811F06FFC0021AB4810F03C
S3FD0800CCE8D7FDAB4BC5F8F836F8E695F82035022B4FF0300300F0F78283F311880AF062FA0BF02EFB9D4BD3F824800BF0C7FA0AF047FA2368A34241F03C82002383F311889C4948461FFA88F211F046FC9DF8C730022B8DF8C43017D003F0FD02012A00F0A28100238DF8C43095F820359249022B28D0484611F030FC874A079BC5F8F826002B3FF4A7AE03E79DF8C8109DF8C93095F8202543EA0123022AADF8C53001F0D7804846BDF8C520844911F015FC844BD5F8F8269A4200F06C8395F820358149022BD6D1784811F007FCD5E795F820357D49022B14BF4846734811F0FDFB302383F311880AF0FEF90BF0CAFA0AF0E8FA249B13B124A80AF0E2
S3FD0800CDE08DFC0AF0E1FA0022724B42F2107124A82793CDE92872FBF7CDF80BF053FA0AF0D3F92368A34241F0E481002383F31188694BC5F8F83663E695F82035022B4FF0300300F0E68283F311880AF0CFF90BF09BFA544BD3F824800BF034FA0AF0B4F92368A34241F0D381002383F311885B4948461FFA88F211F0B3FB0223002101228DF8C43095F820358DF8C610022B14BF4846474852490DF1C708A5F8FC268DF8C52011F09DFB319940460BF03FFE4046FBF7D2FC95F82035002867D1022B18BF4846484908BF3A4811F08AFB302383F311880AF08BF90BF057FA0AF075FA249B13B124A80AF01AFC0AF06EFA0023DFF8E4A042F2107124A830
S3FD0800CED8CDE92873CDF89CA0FBF758F80BF0DEF90AF05EF92368A34241F06882002383F31188302383F31188314805900AF062F90BF02EFA0AF04CFA0598036813B10AF0F1FB059805900AF043FA00220598294B426103614FF47A71C0F80CA02448FBF72DF80BF0B3F90AF033F92368A34241F09B82002383F31188319AB5F8FE36C2F30F22ADF8CC20124A0133A5F8FE36C5F8F826BBE5022B18BF4846174908BF064811F022FBB2E500BF00104213000C0040A4930208B093020814590020A09F020800204213C093020814940208E093020800003113F093020860930208418B010802001113709302087C93020888930208E0370020DC37002083
S3FD0800CFD094930208C3F1000823EA0802CAF83C2008EA03080BF05EF90AF0DEF82368A34241F0E180002383F311882D9BCDF81C8018EA030F00F08E8095F82035022B4FF0300300F0D38183F311880AF0D7F80BF0A3F9C04BD3F824800BF03CF90AF0BCF82368A34241F0C680002383F31188BA4948461FFA88F211F0BBFAD5F8F836B74A934200F0EE82B64A934200F0328195F82035B449022B14BF4846B34811F0A8FAB24BC5F8F8362BA80BF0B0FA079B2D9A23EA02030793002B3FF418AD74E5012B15D195F82035AA49022B14BF4846A64811F08EFAD5F8F836A04A934295F8203500F04382022B9F497FF44FAE76E6002B3FF446AE032B7FF476
S3FD0800D0C843AE95F820359D49022B14BF4846984811F072FA302383F311880AF073F80BF03FF90AF05DF9249B13B124A80AF002FB0BF0D4F80AF054F82368A34241F0B581002181F311888E4810F0C2FB8D4A079BC5F8F826002B3FF4CDAC29E5DFF840A2DAF8083018EA030F72D095F82035022B4FF0300300F08F8283F311880AF042F80BF00EF9754BD3F824800BF0A7F80AF027F82368A34241F01481002383F31188794948461FFA88F211F026FA77480FA910F008FA9DF83C30002B40F06C8195F820357349022B14BF4846694811F014FA01216E4810F07CFB0021694810F078FB302383F311886B4805900AF00BF80BF0D7F80AF0F5F80598FB
S3FD0800D1C0036813B10AF09AFA059805900AF0ECF800230598624A4361624B0261C3604FF47A715E48FAF7D6FE0BF05CF809F0DCFF2368A34241F04B81002383F311885A480BF0ECF9079BDAF8082023EA02030793002B3FF453ACAFE4309B9B6818EA030F00F0418695F82035022B4FF0300300F0698183F3118809F0C9FF0BF095F8394BD3F824800BF02EF809F0AEFF2368A34241F02B81002383F31188444948461FFA88F211F0ADF930980BF0B8F910F4804F80460AD095F820353D49022B14BF48462D4811F09DF928F4804818F0020F40F09781B8F1000F00F0C18195F820354246022B344914BF4846234811F089F93099079BCA6842EA08021C
S3FD0800D2B8CA60002B3FF4FEAB5AE495F820352C49022B14BF48461A4811F076F995F820352849022B00F0BB81484611F06DF924A810F08EFCC3E683F3118809F06BFF0BF037F80A4BD3F824800AF0D0FF09F050FF2368A34241F03680002383F311881A491FFA88F2064811F04FF907E5000C00405494020802001113000041131C9402081459002000104213C893020800940208A09F020800204213BC940208A89F0208C8940208E0370020DC370020418B0108C8370020DC940208E8940208149502088C940208A4940208C093020883F3118809F020FF0AF0ECFFC04BD3F824800AF085FF09F005FF2368A34240F0E487002383F31188BA491FFACD
S3FD0800D3B088F2BA4811F004F9FFF7C1BB83F3118809F004FF0AF0D0FFB24BD3F824800AF069FF09F0E9FE2368A34240F0DD87002383F31188AE491FFA88F2AC4811F0E8F82BE683F3118809F0E9FE0AF0B5FFA54BD3F824800AF04EFF09F0CEFE2368A34241F00A80002383F31188A2491FFA88F29E4811F0CDF818E583F3118809F0CEFE0AF09AFF974BD3F824800AF033FF09F0B3FE2368A34240F0C487002383F3118895491FFA88F2914811F0B2F80FE495F820359249022B14BF48468C4811F0A8F800218F4810F010FAC1E6BDF8C520BDF8CC309A427FF68DAC95F820358949022B14BF4846814811F093F8302383F3118809F094FE0AF060FF29
S3FD0800D4A809F07EFF249B13B124A80AF023F909F077FF00227E4B42F2107124A82793CDE92872FAF763FD0AF0E9FE09F069FE2368A34241F05680002383F31188B5F8FE36319A0133A5F8FE36079BC2F30F22ADF8CC20002B3FF4DEAAFFF73ABB83F3118809F060FE0AF02CFF604BD3F824800AF0C5FE09F045FE2368A34241F01080002383F3118863491FFA88F25A4811F044F895E6022B14BF484656485F4911F03CF801215E4810F0A4F9302383F3118809F039FE0AF005FF09F023FF249B13B124A80AF0C8F809F01CFF0022514B42F2107124A82793CDE92872FAF708FD0AF08EFE09F00EFE2368A34240F0EA87002383F3118895F820354A4996
S3FD0800D5A0022B14BF48463D4811F00AF84FF09953C5F8F836079B002B3FF480AAFFF7DCBA40480DA90FF0E2FF9DF83430012B95F8203500F03087022B14BF48462F483B4910F0EEFFD5F8F836394A934200F02B86384A934200F0708795F820353649022B14BF4846254810F0DBFF344BC5F8F83628F00208B8F1000F7FF43FAE309A079B926823EA02030793002B3FF447AAFFF7A3BA95F820352A49022B14BF4846174810F0BEFF002295F820352649022BA5F8FC267FF445AE114810F0B2FF43E683F3118809F0B3FD0AF07FFE0A4BD3F824800AF018FE09F098FD2368A34240F00E87002383F3118818491FFA88F2034810F097FF6FE5000C00403D
S3FD0800D69828940208145900205494020870930208A4930208D4940208A89F0208EC930208418B0108DC940208D0930208A09F0208D4930208F494020800204213000031131C940208001042136094020878940208BC94020895F82035DDF81080022B00F00586A949A94810F05FFF302383F3118809F060FD0AF02CFE0AA803F0B3FF0AF0C5FD09F045FD2368A34240F0CC86002383F311884FF0300A5A4608210DA803F0E1FD81468AF3118809F044FD0AF010FE08A803F097FF0AF0A9FD09F029FD2368A34240F09283002383F31188B9F1000F00F0CE84DDE90801DDE90A238B4208BF8242D9D2871A61EB03030393002342F20F720297DDE9020198
S3FD0800D7908B4208BF8242CBD295F82035022B00F0548681497F4810F00BFF302383F3118809F00CFD0AF0D8FD59467C480FF0DAF8074607F0ABFA67B195F820357849022B0CBF7848734810F0F3FE6FF001000BF089F93769744827F480474FF0FF33042227F0020724A937610AF050FF95F820356E49022B0CBF6B48664810F0D9FE6C4FDFF8D891DFF88CA14FF0FF300AF054FEB2680790104240F00383BA68104240F00883269A024040F0158395F82015034602290092494640F20E3200F00783504610F0B6FEB8F1000F03D1269A079B9A42DAD195F820355749022B0CBF51484D4810F0A6FEB8F1000F00F0668301234FF48072594650480AF09E
S3FD0800D88809FF50480BF002F84F4BD3F80090B9F1000F00F07D863027D9F804A087F3118809F090FC0AF05CFD9AF82430022B40F033835046FAF79EF80AF0F0FC09F070FC2368A34240F0B283002383F31188D9F80090B9F1000FDFD13C4B3A481F4602930AF04AFF01203A493E233A4AFAF7E8FD012138680FF0CCFFB8F1000F40F05886354FDFF89890DFF8DCA009F5E0684FF0FF300AF0D5FD0790042800F2F981DFE810F0AE0163002200F701050024A80AF051FE43070ED595F82035022B274B186800F03285F9F7CAFA02460B464846244910F032FE3369404643F0020324A933610AF064FED3E714480AF034FE431E0F2B00F2B883DFE813F0BA
S3FD0800D9809E049304B6038804B603B603B603E201B603B603B603B603B603B603B6037D0430950208D85300205C950208000800206495020814590020D85A0020889502084015002020BD0208B0530020B4530020C4530020300900207C850208BC950208C05F002084530020F895020814930208AC480AF0F3FDC205B0D53369AA4843F0020324A933610AF015FED5F8F836B3F1005F00F0C8844FF0100895F82035A34A022BA34940F263530CBFA248A24810F0C7FD6FF001000BF05DF8A04BB8F1100FC5F8F83640F0918101219D480FF024FF9C4BC5F8F83601219B480AF069FD9B49954810F0ADFD4FF01008964BD5F8F8269A420FD095F82035E8
S3FD0800DA78954A022B8C494FF472730CBF8B488C4810F09AFD6FF001000BF030F83E2301208E4A8F49FAF714FD029B002118680FF0F7FE8C4B1B781BB902218B4802F042FA594689480AF0BAFD864B1A7842B195F820358649022B0CBF7848794810F074FD07F052FE302383F3118809F073FB0AF03FFC3B7A013B012B0CD995F820357C49022B0CBF6D486E4810F05EFD6FF001000AF0F4FF0122D7F884303A72186875490EF02CFF09F044FC0022BB696FF00101C7E9083370487A6109F06CFD0AF0E4FB6E4B1E68002E00F0C884302383F3118809F040FB0AF00CFC3378012B40F0BA840123304600276FF00101776000F8103B09F050FD6FF0010185
S3FD0800DB7006F1080009F04AFD09F0D0FB11F0B8FB302383F311885C4E09F020FB0AF0ECFB33785A1E012A00F2DD84022B00F05784012300273370F760776011F063F8534810F0F2FF524810F0EFFF504811F022F84F4811F01FF84F4811F088F84E4811F085F83A46394638460FF0B8FE4B4BD5F8F8269A420FD095F82035394A022B304940F2FA330CBF2F482F4810F0E1FC6FF001000AF077FF062009F000FA072009F0FDF9082009F0FAF9092009F0F7F90A2009F0F4F9172009F0F1F9282009F0EEF9374B384A1968914240F0D4805A79012A40F0D0809B79002B00F0CC80A8F11008B8F1140F00F2D680DFE818F0E002D400D400D400D400D400F0
S3FD0800DC68D400D400D400D400D400D400D400D400D400D400D400DC02D802D402D00295F8203540F29232022B4FF000035146009300F03282484610F08FFC5BE654150020D85A00205C8602087886020814590020D853002000001031A09F020800002031E453002024960208F8920208BC9502087C850208CC530020B0530020C0960208D096020830600020CC5F002000080020181400203814002044140020A8130020E013002000003031C00100084C422D41B0F5807F0FD095F82035C94A022BC9494FF467730CBFC848C84810F045FC6FF001000AF0DBFE58460AF04CFC3369C44843F0020324A94FF0230833610AF06EFCD5F8F836B3F1005F7B
S3FD0800DD607FF45BAEBD4BC5F8F8360121BC480FF093FD0121BB480FF08FFDBB4AA8F11003C5F8F826142B3FF670AE01A252F823F057DA00086BDA00086BDA00086BDA00086BDA00086BDA00086BDA00086BDA00086BDA00086BDA00086BDA00086BDA00086BDA00086BDA00086BDA00086BDA00086BDA0008F9E20008EDE20008E1E20008D5E20008A1499B4810F0EAFB2B68002202215B6A9748984772B6D4E92723134340F05A8395F820359949022B0CBF9048904810F0D5FB6FF001000AF06BFE6FF001000AF067FE6FF0010035B0BDE8F08F90480AF0D3FBC1057FF50CAD4FF010080FE538460AF0CAFB95F8203540F20332022B4946079B009066
S3FD0800DE587FF4F9AC7C4810F0AFFBF7E424A80AF0B9FB042295F820358149022B14BF50467548289210F0A0FBE8E4E1689B6889689942BFF468AC7B480FF064FFE2689B6892689A42BEF465AE77480FF05BFFB8F1000F3EF462AE95F82035022B4FF0300300F02A8283F3118809F084F90AF050FA6E4BD3F824800AF0E9F909F069F92368A34240F03E83002383F3118868494846079B1FFA88F210F067FBFEF73EBE65480FF030FFE2689B6892689A42BEF4D3AB61480FF027FFE2689B6892689A42BEF466AC5E480FF01EFF5D480FF01BFFE2689B6892689A42BEF4BCAE5A480FF012FFBDF8C5205849444810F03EFBFEF727BF3D21424807F038F8C8
S3FD0800DF505449404810F034FB2B68424602215B6A3C48984703235048DFF874A103844F4BC0F804808360C0F800A0FAF70DFB40F201134B484B4FDFF85C91C0E900A803848760FAF701FB48460AF0A0FC002840F0F1824FF4A1634A465521013B02F8011BFBD1302383F3118809F008F90AF0D4F93D4BDFF824C13D49C5F8B4C4422203F12400C5F8C434C5F8D894C5F89894C5F894143749FAF76CF9F9F708FD0AF0A2F9012359464FF4807232480AF04FFB32480AF048FC314BD3F80090B9F1000F7FF446AC2F4B2C4802930AF0B2FB3E2301202C4A2D49FAF750FA294B012118680FF033FC6AE4E2689B6892689A42BFF448AC26480FF08BFE00BF28
S3FD0800E048F89202087886020814590020D8530020D85A002000001031989F0208A09F020800002031E09602081C97020854150020AC95020850950208AC9B0208000C00401C950208309C0208949B0208B89B0208789C0208C49B0208E093020820BD0208605300205014002048600020C05F00206C580020D5A50108B4950208B0530020B4530020C453002030090020BC9502087C850208A09B02087C9D0208E85300205162000895F8203540F27732022B5146079B00907FF4CEADB74810F05DFA29E44B46CC4638270DAA12F8019BA7F12001C7F1200E09FA07F009FA01F129FA0EFE083F41EA0E0117F1080F41EA0C0C43EA0003E9D15FEA9C7227
S3FD0800E14014BF012100219A0E42EA8C1222F07F42149203F03F02C3F3444017910F92C3F38511C3F304321091C3F38353CCF3824111921290CCF348520FA8CDE91512139303F006FA95F820359649022B7FF40AAB934810F015FAFFF708BBE2689B6892689A42BEF4BEADC4E6E2689B6892689A42BEF4BCACBDE6E2689B6892689A42BEF419AF6DE6E2689B6892689A42BEF434AFAFE6E2689B6892689A42BEF416AEA8E6E2689B6892689A42BEF440ADA1E6E2689B6892689A42BEF427AE9AE67A4B9B699847FFE5784B5B699847FBE5764B1B699847F7E5744BDB699847F3E5724B1B6A9847EFE50AF0DAF995F82025079B022A6E494FF42372009008
S3FD0800E2387EF4B0AC684810F0BFF9FEF735BC95F820356949022B14BF4846634810F0B4F9002295F820356549022B14BF48465E48A5F8FC2610F0A8F924A80FF0C9FCFFF7CBB933695E4843F0020324A94FF0220833610AF0D3F963E53369594843F0020324A94FF0240833610AF0C8F958E53369534843F0020324A94FF0210833610AF0BDF94DE5012295F820355146022B0092079B40F267327FF4E5AC15E749494A4810F072F9FFF7C5BB4849474810F06CF9FFF7BFBB4649444810F066F9FFF7B9BB4449414810F060F9FFF7B3BB4249364810F05AF9FFF7F9B983F3118808F05AFF0AF026F83D4BD3F8248009F0BFFF08F03FFF2368A34240F0DC
S3FD0800E3302281002383F311883749079B28481FFA88F210F03DF9079B002B3EF4B7ABFEF713BCDDF81080FFF728BA30480AF03EF9C0057EF5A5AB4FF01008FFF71EBAE2689B6892689A42BFF416A8DAE5E2689B6892689A42BEF4C4AFD3E5E2689B6892689A42BEF4E6AECCE5E2689B6892689A42BFF41DA8C5E51E4BC5F8F836FFF74CBBF8F798FD02460B4609481A4910F000F9FFF7CCBAE2689B6892689A42BEF492ADAFE5E2689B6892689A42BFF436A8A8E514590020EC930208C00100081493020894940208F8940208D85A00209C960208D85300207C9602085C9602084496020830950208000C00401C9502085415002000001031F895020869
S3FD0800E428E2689B6892689A42BEF4F0AF7DE5022B18BF4846664908BF664810F0BDF8FFF7E3B86549A0E6F369327E1F60DF601F6102B15F641C2008F0D5FD604BDA6922F00102DA61DB69FFF797BBE2689B6892689A42BEF445AE58E5E2689B6892689A42BEF45FAD51E5E2689B6892689A42BEF4AFAE4AE5E2689B6892689A42BFF4ECA843E5E2689B6892689A42BEF4CFAE3CE54B480FF04FFCE2689B6892689A42BFF42EA9E0E4042B3FF443AB46480FF042FCB5F8FC36002B3FF48BA895F820354249022B14BF48463B4810F066F8302383F3118808F067FE09F033FF08F051FF249B13B124A809F0F6F808F04AFF0022374B42F2107124A8279399
S3FD0800E520CDE92872F9F736FD09F0BCFE08F03CFE2368A34249D1002383F311882E4BC5F8F836FFF765B8E2689B6892689A42BEF4EAAFEEE429480FF001FCE2689B6892689A42BFF4BCACE4E4E2689B6892689A42BFF410A8DDE4E2689B6892689A42BFF4D8AED6E41E480FF0E9FBE2689B6892689A42BEF4A4AFCCE41A4B1B481E4602930AF0EEF8012019493E23194AF9F78CFF012130680FF070F9D5F8F836154FB3F1005F7FF42AAAFFF738BAE2689B6892689A42B0D2ADE400BFF0940208145900205C9502080010024014970208A09C02080C950208418B010800004113A89C0208549C020830090020B45300207C850208BC950208C05F002082
S3FD0800E6182DE9F0470D46144684B0002A73D0AA0713D54FF0000904F56C7804F57C770023D4F8B023CDF80090166839461A464046B047E528F3D125F002056B0711D54FF0000804F51C7704F52C760023D4F87022CDF80080156831461A463846A847E528F3D194F80034042B41D8DFE813F067008700BB004A010500002220461146FDF7A1F90123204684F8143384F82C33FDF7DDF9302383F31188002508F08BFD09F057FE02A802F0DEFFCA49029B039A5B1845EB020202A8CDE9023203F005F909F0E5FD08F065FDC44B1A689A4240F0ED81002383F3118802220423204684F8142384F82C33FDF7B2F9032384F80034062004B0BDE8F087B94E27
S3FD0800E710B94A96F82035B949022B14BF304606F23C5040F219130FF04BFF6FF001000AF0E1F996F82035B04A022BB0494FF066030CBFAF48AB480FF03BFF6FF001000AF0D1F968E7002220461146FDF73FF949F64043B4F8F4239A4240F20681A148A54990F82035022B08BF00F23C500FF020FF0223204684F81633FDF76CF9032384F80034B8E749F64043B4F8F6239A4204D9B4F8F8239A4200F27981B4F8F033B3F57A6F09D8B4F8FE23B4F8F233B2F57A6FB4F8F45340F2368100218F4A2046FDF705F943F69723B4F8F0239A4293D8B4F8FE239A428FD842F20F73B4F8B2229A4286D9B4F8B4229A4285D881E77D4E834996F82035DFF8EC91DC
S3FD0800E808022B14BF304606F23C500FF0D5FEDFF8188209F23C5A04F57C7504F5806796F820352A88022B0CBF50464846414602350FF0C2FEAF42F2D196F820357249022B0CBF6D4869480FF0B7FE96F820356F49022B0CBF684865480FF0AEFEDFF88C91DFF8C48109F23C5A04F52C7504F52E7796F820352A88022B0CBF50464846414602350FF099FEAF42F2D196F820356049022B0CBF584855480FF08EFE302383F31188002508F08EFC09F05AFD02A802F0E1FE4C49029B039A5B1845EB020202A80293039203F008F809F0E8FC08F068FC454B1A689A4240F0F980002383F3118849F64043B4F8F6239A427FF608AFB4F8F8239A427FF603AFFB
S3FD0800E90096F820354549022B0CBF3D4839480FF057FE002384F80034F5E649F64043B4F8F6239A4204D9B4F8F8239A4200F2A380B4F8B232B4F8B402C3F5C3432833C01AF7F75AFD3649F7F7ABFD364902462046FDF744F841F29413B4F8F0239A4204D8B4F8FE239A427FF6CEAE0423062084F8003404B0BDE8F087B4F8FC239A427FF6C2AE1C48284990F82035022B08BF00F23C500FF015FE0123204684F81633FDF761F80222302384F8002483F31188002408F00CFC09F0D8FC02A802F05FFE1B49029B039A5B1844EB020202A8CDE9023202F086FF09F066FC08F0E6FB044B1A689A427ED1002383F311888CE640420F00205D0020D85300204A
S3FD0800E9F868870208788602081459002048970208000080BFC48C020820BD0208A08C0208DC8C02086C97020817B75139CDCC4C3E5897020880841E00B88C0208B3F57A6F3FF6C6AEDBB2C3F51C501030F7F7D8FC2949F7F729FD0021F7F71EFC0346E8B21D46A0F51C501038F7F7CAFC2249F7F71BFD2946F7F710FC20490246AAE6002220461146FCF7AEFF1D481E4990F82035022B08BF00F23C500FF096FD002384F8003449E7002220461146FCF79BFF1448144990F82035022B08BF00F23C500FF083FD002384F8003473E6D96893688A689A42BFF40DAE0C480FF044F9D96893688A689A42BFF401AFF5E7D96893688A689A42BFF47BAFEEE734
S3FD0800EAF017B7D138CDCC4C3DD85300206C970208009C02082DE9F04F8046894681B0002876D0B9F1000F00F08880D8F8080098F80420C0F3835AC0F3826BC0F31C035146DE464C4600254FF0FF3CC0F38F1002F00F0207E0BCF1FF3F04F120042BD00135142D2FD094F8686AB71E032FF2D894F86B7A8F42EED194F8697A8742EAD194F86A7A7745E6D1990600F09080042E40F0A18009EB451393F8782A93F8793A6801B3EB520F6BD100F66820484401B0BDE8F04FF8F71DBF002ED1D14FFA85FC0135142DCFD1BCF1FF3F5CD00220002109EB4C14C3F38F1584F8680A980684F8791A84F86ABA84F86BAAC4F87C1A4FEA4C1C84F8695A33D0C4F861
S3FD0800EBE87C2A484642460CF6682C09EB0C0101B0BDE8F04FF9F714B93648374A90F820353649022B08BF00F23C5040F235130FF0D3FC6FF0010009F069FFB9F1000F7FF478AF2C482C4A90F820352C49022B08BF00F23C504FF49B730FF0BEFC6FF0010009F054FF65E703230CF5276C84F8683A09EB0C00013A08F11001F7F787FE98F8173084F8783A01B0BDE8F08F19481A4A90F820351949022B08BF00F23C504FF4A1730FF099FC6FF0010001B0BDE8F04F09F02CBF052E0CBF0423032309EB451484F8683A013A04F5276008F11001F7F75DFE98F8173084F8783AD4E709EB4516D6F87C1A48468C18C6F87C4A424606F668218CE7D85300204D
S3FD0800ECE0088802087886020838B505460C4669B3002D3ED0AB68C3F38352C3F31C030F2A09D8DFE802F05C09080908090809480908090809080938BD94F8F4060028FAD0D4F8F0260138C0B202EB4000C3F38F13023A01E09042EED032F8021F9942F9D121462846BDE83840FFF7DCBE29482A4A90F820352949022B08BF00F23C5040F2A7230FF02DFC6FF0010009F0C3FE002DC0D12048204A90F820352049022B08BF00F23C504FF42A730FF01AFC6FF0010009F0B0FEAEE7D4F8B423002ABBD0C3F38F1302E09268002AB5D0116889889942F8D121462846BDE83840FFF7A3BE94F844070028A7D0D4F840270138C0B202EB4000C3F38F13023A27
S3FD0800EDD801E090429BD032F8021F9942F9D121462846BDE83840FFF789BE00BFD853002008880208788602082DE9F8430E461446804628B308EB4418D8F8804ADCB100204746814601E01C462846D7F87C3A00F108059D422CBF1A1A0822304404F1020128BF1D46F7F79AFDE36884F80090C4F80C90002BE7D10023C8F8803ABDE8F8830848094A90F820350849022B08BF00F23C505E230FF0A8FB6FF0010009F03EFEC8E700BFD853002008880208788602082DE9F04F99B002AF92467962002A00F035827B6A9E0700F1DA817B6A58071FD50AF5DD633B620AF5CE630AF58C68FB61D8F8283063B1D8F80020002354680121404607F13002A04786
S3FD0800EED00646002800F023813B6A08F1B00802333B62FB694345E7D1DAF8B493B9F1000F38D0DFF888B404E0D9F80890B9F1000F30D0D9F800007A6AC36A1A42F4D0D9F80430C7F814D0073323F00703ADEB030D02ABDAF8B8533B620AF56E733B61002D00F06A82DAF8C833002B00F07A83DAF8D833002B00F07A83D9F800307A6ADB6AD9F8089022EA0303D7F814D07B62B9F1000FCED1DAF8F8B6BBF1000F00F0D18000235E4697F807903B6206E03B6A366901333B62002E00F0C48073687A6A1B681A42F3D097F820300AEB030292F809337A610133DBB282F80933B27B9A42E5D8B368C7F810D0073323F00703ADEB030D02AB0025984607F1DD
S3FD0800EFC82C02C7E9062607F1300B0024FB69414618685B46026800941668BA69B047E52800F08680002108462826FB6A9AF80823C3F3C7045B07FB6902F007029B8918BF01344FEA831343EA8263DAF8502318BFE4B202F06042134363F31C01C7E90E019BE80300A7F84410090C6FF00102CAF85033386487F84610CE4807F1380164F3470987F8479087F838600DF0EFFD9AF85033F96A64F305038D422A468AF8503343D207F15003AE4607F148061D4632E0082210460EEB0204E4B20021C6E90011C6E9021197F8483040F0200023F02F030343D7F84CC087F84830DAF8503308EB0E0163F31C0C2846C7F84CC0F7F75EFC6FF001023146AF4897
S3FD0800F0C00DF0B8FD9AF85033F96A18463F3363F305008C4222468AF850030BD2964608328A42C9D3CCB2A4EB0E0202F00F00D2B2C7E72C4625466CE7FE697A697368D7F810D01B6882F809437A6A22EA03037B6234E7DAF8B0035C37BD46BDE8F08FD7F83090C7F818D009F1070222F00702ADEB020D02AB18464A46D8F830103B61F7F719FC002004464FF0280C3B6A9AF808131A8801F00701920142F0007242EA8162DAF85013C9F3C70501F0604119F0070F42EA010218BF01353B7D18BFEDB207F1380162F31C00BC6365F347038C60CAF85023C1F80B406FF00102F86377483B7587F8473087F838C00DF044FD9AF8502365F305028AF85023E0
S3FD0800F1B8B9F1000F40D0314607F148053E6907F1500B2FE0082213468C18E4B20020C5E90000C5E9020097F848E043F020002EF02F030343D7F84CC0DAF85003314460F31C0C584687F84830C7F84CC0F7F7B6FB6FF0010229465B480DF010FD9AF85033A1451A4603F13F0363F305028AF850230AD921460834A145CCD85FFA89F4621A02F00F03D2B2C9E77B6AD7F818D023F0040308F10C007B6209F096FA40E6302383F3118807F0B6FF09F082F8DAF8A843454E24F00802CAF8A82309F017F807F097FF336804F00804B34240F002824FF0000B8BF31188002C3FF407AED14607E00BF1010BBBF1140F09F1200900F09A8099F8683A5FFA8BF8DC
S3FD0800F2B0012BF1D199F86B3A0F2BEDD801A252F823F000BF91F3000829F3000899F2000829F3000899F2000829F3000899F2000829F30008E7F3000829F3000899F2000829F3000899F2000829F3000899F2000829F300081F48204A90F820351F49022B08BF00F23C5040F21A330FF051F96FF0010009F0E7FBB8E50AF58C64204601F013FE002800F0B2810AF5A264204601F00BFE002800F09B820AF5B864204601F003FE002800F0988204220AEB4B1389F8682A93F8782A99F8793AB3EB520F93D109F66820F8F734FB8EE700BF00080020205D0020D853002008880208788602080AF5E365424629465046FFF731FD99F8690A00F035FE0AF564
S3FD0800F3A8E0640146204601F021F90123D9F87C2A29460093204609F5276304F063F800230BF1010BBBF1140F89F8683A09F120097FF466AF7B6A23F002037B625DE55346002499F8691AD3F8B823D26992888A4200F025810134032C03F11003F3D147E73B69BB6007F12C0300933A6AB96807F1300301F0A7F900283FF492AD2B013B6007F1380300249846C7F818903B685344FB613B6BDAF850235907C3F3C705BB699AF808131B6822F0E1529B8801F007014FEA831322F4FF1243EA816322F4FE5243EA0203CAF85033FB6918BF0135D3F8B80318BFEDB201F09BFD03280AD8DFE800F08E8696020522BAF8523362F38913AAF852330023C8E977
S3FD0800F4A00033C8E90233F96B97F83830DAF8502323F02F0362F31C01BAF8522343F0280387F8383002F4E073B3F5A07FF9630FD1FB6907F14806D3F8B803314601F0BAFD96E803000B0C3864A7F8441087F8463097F82C306FF0010243EA45034146584687F847300DF096FB9AF850333A6B65F30503A2428AF8503355D907F1480607F1500930E0121B02F00F01D5B20020C6E90000C6E9020097F848E041F020002EF02F010143FB6CDAF8500387F84810396A60F31C0321444846FB64F7F70BFA6FF00102314658460DF065FB9AF850232C44104602F13F013A6BE4B261F3050094428AF850031FD204F108018A42CAD9082529462A46CAE70722AE
S3FD0800F598BAF8523362F38913AAF852337AE70122BAF8523362F38913AAF8523372E70322BAF8523362F38913AAF852336AE7FB69D3F8B8334BB1BB69B968186801F062F818B9BAF852339A0519D5DAF8B833FBB1DAF8C833F3B1DAF8D833002B7FF421AF0AF576710023BA69106800933A6A01F0B1F800287FF412AFD7F8189098E4BB69B868596801F00EF8DAF8B833002BDFD13969E7E70AF57271E4E70AF572730125BB60E7E60AF576730225BB60E2E604EB84050AEBC50505F57A75424629465046FFF7D2FB0AEB0413D3F8B8332401186B2946D9F87C2A04F56E74F7F77FF9D9F87C1A0AEB040000F0DDFF002389F8683A06E6F2689B6892683E
S3FD0800F6909A42BFF4F8AD83480EF060FB3860386200EB80000AEBC00505F5CE65424629465046FFF7A5FBB022396A002302FB01A20AEB4B1191F8781A4FF0FF3C396109F52761D1E90001C7E90201D9F87C1A99F86B0AF961B8610021002002F5906E99F8698AC2F86434C2F86834C2F87C34CEE9000102F5946EC2F89054C2F88834C2F88C3402F59565CEE9000102F5966EC5E90001CEE90001C2F89C34C2F898C43A69D50700F1A28004253B6A03F55D732AF81380BB69591E062952D8DFE801F090516D5104515500B02300224FF0FF3C386A514903FB00A33868C3F8601400F59960C3F8C0C4C3F8B824C3F8BC24C3F8C424504403F029F9302348
S3FD0800F78883F3118807F01EFD08F0EAFD07F1480001F070FF08F082FD07F002FD3268B24274D1002383F31188404600F00FFCD7E902238446D7E91201994208BF90424FF0B0024FF00003396A38BFBB6802FB01A238BF1B1AD2F860E4009320462B466146FA69DEF80040A047002389F8683A4FE5B0233A6A03FB02A32A4AC3F8602440463B6200F0E3FB00223B6A0146D3F860C400922B462046FA69DCF80040A047E3E7B02200234FF0FF3C386A1F4902FB00A24046C2F86014C2F8C0C4C2F8B834C2F8BC34C2F8C4343A6200F0C0FB00233A6A0146D2F860240093D2F800802B462046FA69C047C0E7B0233A6A03FB02A30F4AC3E71D4661E7012094
S3FD0800F880B02338623B600BE702204FF4B07338623B6005E7F36892689B68934285D206480EF05CFADC9B0208149F0208309F02080C9F0208289F0208F49B020870B50C4605460B880B491A460EF07AFE638828461A4609490EF074FEA38828461A4607490EF06EFEE3882846BDE870401A4604490EF066BE7C97020898970208B4970208D09702082DE9F04304469DB003200E46154600F05FFB0746002800F0DA8006A803A901F0F7FA022E7DD0042E52D0062E00F01981032E0ED16E68AC493046F7F78FF8002800F0828133782D2B03D17378612B00F077812A68A54920460EF030FEA44920460EF02CFEA34920460EF028FEA24920460EF024FEAC
S3FD0800F978A14920460EF020FEA04920460EF01CFE9F4920460EF018FE9E4920460EF014FE04229D4920460EF00FFE04229B4920460EF00AFE9A4920460EF006FE994920460EF002FE984920460EF0FEFD204697490EF0FAFD02201DB0BDE8F0836E6894493046F7F741F840B133782D2BB7D17378732BB4D1B378002BB1D106A801F0CAFA0123129EA868337003786C2B00F03F81722B06D14278662A00F06381722B00F055810022114612F049FC706044E16E6880493046F7F718F8002866D033782D2B5DD02A6820466C490EF0BEFD20466B490EF0BAFD20466A490EF0B6FD204669490EF0B2FD204668490EF0AEFD204667490EF0AAFD20466649F4
S3FD0800FA700EF0A6FD204665490EF0A2FD0422204663490EF09DFD0422204662490EF098FD204661490EF094FD204660490EF090FD20465F490EF08CFD20465E490EF088FD6C685F492046F6F7D3FF002845D023782D2B83D16378682B80D1A07800283CD07CE75848584A90F820355849022B08BF00F23C5040F21F230EF06AFD6FF0010009F000F813E77378672B9ED1B378002B9BD106A801F042FA00254FF0FF32129E069B3570009239460C221F6806A80423B8470420F8F78CFC2B46069906A84D681A460221A847357855B9B11C2046FFF7BDFE09A808F01CFE28461DB0BDE8F0833B4920460EF034FD09A808F011FE01201DB0BDE8F0836E68CD
S3FD0800FB682F493046F6F778FF58B133782D2B7FF4EEAE7378732B7FF4EAAEB378002B7FF4E6AE06A801F0FEF9DDF848900223C8462E1D08F8043B1435002256F8040F114612F084FBAE4228F8020BF5D14FF0FF32069B009239460C221D6806A80423A8470420F8F739FC002306991A464D6806A80221A84799F80050002DB5D109F10201A8E700BF049802080C980208309802088C890208589802087498020880980208BC980208C8980208F09802083C99020894990208A8990208B4990208D8990208FC970208EC970208249A0208D85300208488020878860208F4970208B378002B7FF485AE06A801F09DF903230022129E1146A868337012F032
S3FD0800FC6029FB4FF0FF32069B7060009239460C221D6806A80423A8470420F8F7E1FB0023069906A853E74278772A0DD06C2B7FF4BBAE4278662A7FF4B7AE8278002A7FF4B3AE0123736003E08278002AEED172600022E868114612F0FDFA4FF0FF32069B3081D2E74378772B7FF4A7AE8378002B7FF4A3AE03237360EAE78278002A7FF499AE02237360E3E7D1E90C30184700BF90F8A030ABB9D0F888202AB9102380F8A030D0E926301847D0E923139942F5D8D0F8843033B10A4493428CBF11231023EDE77047CA420CBF1023112380F8A030D0E92630184700BF90F8A8309BB9C26D2AB9102380F8A830D0E928301847D0E918139942F5D8836D23
S3FD0800FD5833B10A4493428CBF11231023EEE77047CA420CBF1023112380F8A830D0E92830184700BF30B40C4605460FCD0FC495E8030084E8030030BC704700BFF8B5054608680C46C369AB4207D1D0E90867D1E902239F4208BF964209D00C3008F0E4FC2368D869A84214BFF120F420F8BD0020F8BD00BF70B50B680C46C968054603600846F6F761FB0021F6F756FA216906460846F6F759FB01463046F6F74DFA616906460846F6F750FB01463046F6F744FA68600FF09BFE002168600646F6F700FD38B131466069F6F7F3FB3146F6F73CFB686070BD0B460221D3F80C0207F00CBB0A4A0B68B2F8FE26013393420B6000D0704710B50C46D1E9F5
S3FD0800FE50010107F021FB0023C4E90033C4E9023310BD00BFD8530020F8B5302383F3118807F0A6F92B4C07F0DFFC2B4B5D6A07F093FA2368ADB213B1204607F037FC002607F08AFA254B47F6FF712248C4E90466E360F8F777F80023214F224C3A88AA1A92B212F1010C43EB06014FEA4C13B3EB0C034FEA411262EB01025802520242EAD35210EB0C0341EB02024FEA821E98014EEA936EC31A6EEB020213EB0C0042EB010110F1FF304FF000030F4A41F1FF31F7F7B8FBD4E90023801843EB0101C4E900013D8007F07AFC07F040F986F31188F8BD00BF8C530020000C004069FE000888530020A853002040420F0008B5EFF30583C3F3080363B91D
S3FD0800FF48EFF311832BB107F0A3FABDE8084007F0E1B9BDE8084008F0E7BABDE8084007F097BA00BF08B5EFF30583C3F3080363B9EFF311832BB107F067FABDE8084007F0C9B9BDE8084008F0F7BABDE8084007F05BBA00BF38B501F5567398420C46054604D004F582639D4209D038BD0221D4F80C03FFF7D7FF04F582639D42F5D1D4F80C030421BDE83840FFF7CCBF38B505460B4808F05BFC0B4B1C6814B905E024681CB1A388AB42FAD304D1054808F0C4FB204638BD0024024808F0BEFB204638BDB4530020C853002038B505460B4808F03DFC0B4B1C6814B905E024681CB1A388AB42FAD304D1054808F0A6FB204638BD0024024808F0A0FBB5
S3FD08010040204638BDB4530020D45300201B4A1346116841F0010111601A689107FCD500201968164A01F0F90119605860536813F00C0FFBD11168114B41F4803111601A689203FCD559680D4A41F4E8115960196841F08071196013689B01FCD51221084B0848506019605368044943F0020353604B6803F00C03082BFAD17047001002400020024000641D0010B514463AB1D4F8483304F552709B68BDE8104018470948094A90F820350949022B08BF00F23C504FF4C1730EF064FA6FF0010008F0FAFCE5E700BFD8530020FC88020878860208F8B50C46002974D000224C4B4C48D968D4F88833D4F84C53C86104F55277C4F84C2383B14748484A34
S3FD0801013890F820354749022B08BF00F23C5040F279630EF039FA6FF0010008F0CFFCD4F8C83383B13D483E4A90F820353D49022B08BF00F23C5040F27C630EF025FA6FF0010008F0BBFC002D52D000234FF47A724FF0FF3105F10806C4E9F513C4E9F322C4E9F733C4F8E43384F8E8333046C4F84C5308F073FBAA6D2B6E5168C4E9D92133B933E0D3F89410D4F8DC23914203D218461B6C002BF5D1C4F88833076404F5547105F118004FF0FF33022208F05AFAEA69D5F8B030013201333046EA61C5F8B03008F0C1FA0E20F8BD1448164A90F820351449022B08BF00F23C50AF230EF0D3F96FF0010008F069FC79E72F66D6E70A480B4A90F82035BA
S3FD080102300A49022B08BF00F23C5040F27E630EF0BFF96FF0010008F055FC9AE7205D002030B20208D85300209486020878860208FC88020838B505460C4648B1092C02D00F2C00D038BD2846BDE8384008F07ABB0848094A90F820350849022B08BF00F23C50BA230EF094F96FF0010008F02AFCE4E700BFD853002000A0020840860208F8B50D461746044608B1436883B13348334A90F820353349022B08BF00F23C5040F25E530EF074F96FF0010008F00AFC002D41D087B92948294A90F820352949022B08BF00F23C504FF4AC630EF060F96FF0010008F0F6FB0CB163687BB11F481F4A90F820351F49022B08BF00F23C508B230EF04DF96FF078
S3FD08010328010008F0E3FB05F108063046656008F0ADFAAB6D3A46596805F11800C4E9073104F108014FF0FF3308F0A4F9D5F8B03030460133C5F8B03008F00EFA0020F8BD0848094A90F820350849022B08BF00F23C5040F25F530EF01FF96FF0010008F0B5FBABE7D8530020948602087886020838B5044680B10023002000214FF0FF350E4AC4E90C01C4E90E01C4E90733C4E90A536360226038BD09480A4A90F820350949022B08BF00F23C5040F243530EF0F3F86FF0010008F089FBDCE748B20208D8530020948602087886020838B5044680B92E482E4A90F820352E49022B08BF00F23C5040F231130EF0D6F86FF0010008F06CFBEFF30583DA
S3FD08010420C3F3080333BB264BDB681BB39D68EFF31183002B39D0234B1A7882B301212248FFF77CFDAB1EFC2B10D91A481A4A90F820351E49022B08BF00F23C5040F249130EF0AEF86FF0010008F044FBEFF3118383B138BD134B1A7832B91C700121BDE838401148FFF75ABD0121BDE838400E48FFF754BD2846BDE8384008F0B1BA012109481C70FFF74AFDCCE7BF2008F0A8FAC1E700BFD853002038A0020878860208205D0020CC530020B05300204086020838B5044628B3406818B304F10801183008F0A8F86068083008F0D4F96068256A816DD0F8B0304A68013B9542C0F8B03007D0E3691B689A6A994202F1FF329A62F8D1083008F034F962
S3FD080105180020C4E90700606038BD194D194A95F820351949022B14BF284605F23C504FF4F1730EF041F86FF0010008F0D7FA84B995F82035022B13D04FF4BD730D4A0E490B480EF031F86FF0010008F0C7FA6068B7E760680028B4D195F82035022BEBD14FF4BD73034A044904480EF01DF8EAE7D853002094860208788602081459002038B504460D4688B1D4E90C23D4E90A01521943F100038842C4E90C2301D8A84200D9A562A94238BFE56238BD0848094A90F820350849022B08BF00F23C50AF230DF0F2FF6FF0010008F088FADCE700BFD8530020948602087886020838B504460D4639B1002200232560C4E90223C4E9042338BD0848094AB2
S3FD0801061090F820350849022B08BF00F23C50F2230DF0CEFF6FF0010008F064FAE6E700BFD853002074A002087886020838B504460D4660B1006850B10022C16A4563C261C1B90C3008F094F80020206038BD0C480C4A90F820350C49022B08BF00F23C504FF48C730DF0A4FF6FF0010008F03AFA2068E1E7806AFFF771FC2068E1E700BFD8530020B8A002087886020838B505460C4628B35CB1206848B10C3008F0C2F8E0B121462846BDE83840FFF76BBB1548154A90F820351549022B08BF00F23C5040F201130DF074FF6FF0010008F00AFA20680C3008F0A6F80028E2D1F22038BD0848094A90F820350849022B08BF00F23C504FF480730DF0FC
S3FD080107085BFF6FF0010008F0F1F9C7E7D8530020B8A002087886020838B50B680C46054683B90D480D4A90F820350D49022B08BF00F23C50E8230DF03FFF6FF0010008F0D5F9236803F10C0008F0A0F821462846BDE83840FFF71ABBD8530020B8A00208788602082DE9F04383B00D4691461E460446DDF82880002846D0002D56D004F10807384608F082F8A369002B66D003F10C002B6008F07AF800222868E16983688842A361826063D0216A884208BF2262626A90420BBF0023002263625A60B9F1000F07D0016B002954D0426B4846F6F7CDF82868D0E90823C5E902230EB1436B3360B8F1000F05D0C36AB3FA83F35B0988F800300C3007F079
S3FD08010800BFFF384607F0BCFF012003B0BDE8F0832648274A90F820352649022B08BF00F23C509E230DF0CCFE6FF0010008F062F9002DA8D11D481E4A90F820351D49022B08BF00F23C509F230DF0BAFE04F108076FF0010008F04EF9384608F01BF8A369002B98D13846019307F08AFF019B18462B6003B0BDE8F083E2619DE70B480C4A90F820350B49022B08BF00F23C50C6230DF096FE6FF0010008F02CF92868016B426B4846F6F766F8286897E7D8530020B8A00208788602082DE9F04F0D461446A1B0002A4FD0A9070BD50022D4F8483300925E6810A90AAB04F55270B047002852D06A0721D42B0703D40E2021B0BDE8F08F002304F58964B1
S3FD080108F8009320460CA910AAFFF734FF0C9B002BEFD01E9810B136490DF056FE20460CA9FFF702FF0028E4D101460CA8FFF78AFEDFE7002304F581663046009310AA0CA9FFF718FF0028D2D010A904F59160FFF741FA0C9B002BCAD030460CA9FFF7A2FE0028C4D118210CA8FFF76CFEBFE72148214A90F820352149022B08BF00F23C50D3230DF021FE6FF0010008F0B7F89EE710A90CA8FFF71EFAD4F8889449464846F5F748FF002840F0E781D4F88C8441464046F5F73FFF002840F0DE8104F592630893D3E9002352EA03011BD0DDE90A67BB4208BFB24280F0CC81B01A67EB0301F5F71CFD0649F5F713FE82460CE000BFF8A00208D8530020E7
S3FD080109F0FC88020878860208002474494FF0FF4AD4F8D8645046316AF5F74AFD4FF07E510FF008F80D9907464046F5F737FCD4F8981483460390F5F731FC5146F5F7ECFD804639464FF07E50CDF81480F5F726FCD4F89C140290F5F72BFD594683463846F5F726FD01465846F5F71AFCD6F824808346C4F89C0400214046F5F7D5FECDF810B088B140462BF00041F5F7AFFE58B158460021F5F7BEFE10B908F100429046CDF81080C4F89C84D4F8A0140398F5F7FFFCD4F8A41406900498F5F7F9FC069B01461846F5F7ECFBD4F8A81483460598F5F7EEFC01465846F5F7E2FB0C9B01469846069048460593F5F7D8FB4146F5F7D5FBD4F8AC1480462F
S3FD08010AE8F5F7D0FB5146F5F78BFD0346D4F8B01402980793F5F7D0FC414683463846F5F7CBFC01465846F5F7BFFBD6F828B00490C4F8B00400215846F5F77AFE049B049398B1584623F000410993F5F753FE60B1099B00211846F5F761FE10B90BF100429346CDF810B0C4F8B0B4D4F8B4144046F5F7A2FCD4F8B81409900498F5F79CFC099B01461846F5F78FFBD4F8BC1483460798F5F791FC01465846F5F785FB0346069948469946F5F77FFB0599F5F77AFBD4F8C0148346F5F775FB5146F5F730FD8246D4F8C4140298CDF810A0F5F774FC594682463846F5F76FFC01465046F5F763FBD6F82CA00746C4F8C40400215046F5F71EFE029738B1C2
S3FD08010BE0504627F00041F5F7F9FD002840F0B080D4F8C8145846F5F753FCD4F8CC1405900298F5F74DFC059B01461846F5F740FBD4F8D01407460498F5F742FC01463846F5F736FB29F0004A07464FF07E515046F5F7F2FD27F00043002869D0194650460EF0DCFE01464FF07E50F5F7DDFC824648465146F5F724FC514681463846F5F71FFC074600214846F5F7D6FDD6F800A0367900286AD053494846F5F711FCF5F739FE82B2314650460CF018FCD4F8D834002138461E6993F814A0F5F7BDFD002852D048493846F5F7FBFBF5F723FE82B2514630460CF002FCD4F8D834002148469E6893F80CA0F5F789FD002833D10246514630460CF0F2FB91
S3FD08010CD8D4F8D834002138469E6993F81C90F5F779FDD8B90246494630460CF0E3FBDDE90A230899C1E90023039BC4F8AC84C4F89834C4F8C0B4E8E518464FF07E510293F5F77EFD029B00288CD19FE7274907F10040F5F7B9FBF5F7E1FD82B2DBE7234909F10040F5F7B0FBF5F7D8FD82B2C3E70246B1E7024699E738460021F5F756FD10B90AF100429246CDF808A0C4F8C4A442E74FF0000A47E6D4F8D8340022197918680CF09FFBD4F8D8340022197D18690CF098FBD4F8D8340022197B98680CF091FBD4F8D8340022197F98690CF08AFBDDE90A23002104F59260C0E90023C4F89814C4F8AC14C4F8C0148EE500FF7F472DE9F04188461746F9
S3FD08010DD01D46044600286BD0002F58D07DB94748474A90F820354749022B08BF00F23C506F230DF0E5FB6FF0010007F07BFE002604F10800A4F80480266006F08DF9002000212368C4E90666C4E90866C4E90A75C4E90C01C4E90E0183B13448364A90F820353449022B08BF00F23C504FF4E1730DF0BEFB6FF0010007F054FE2F4807F021FD2F4B1D682DB1A988A28891420BD33AD9256029481C6007F08AFC0020BDE8F081AB889A422ED929462D68002DF8D122480C6007F07CFC2846BDE8F0811B481B4A90F820351B49022B08BF00F23C506E230DF08DFB6FF0010007F023FE95E71248134A90F820351249022B08BF00F23C5069230DF07CFBFC
S3FD08010EC86FF0010007F012FE002F83D1DBE708D10C4807F051FC0023F020C4E90A33BDE8F081256007480C6007F046FC0020BDE8F08100BFD8530020B8A002087886020838A00208B4530020C853002070B500250E4B0446C0E9003585600C300E4606F0FFF8002200234FF0FF31C4E90823C4E91023C4E91223C4E91423C4E90A55C4E90C65C4E90E15E56170BD00BF289F020838B500F10C050446284607F067FC20B1E3694BB9A06A10B938BDF22038BD284607F002FCF32038BD284607F0FDFBF12038BD00BF38B5044600F10C05284607F07DFCE36913B9A06A28B938BD284607F0EBFBF12038BD284607F0E6FBF32038BD10B5044608B323688F
S3FD08010FC01D4A934232D01D4A934233D01C4A93422ED01C4A934212D01B481C4A90F820351B49022B08BF00F23C5040F2A1430DF0E7FA6FF0010007F07DFDFF2010BD002010BD1148114A90F820351149022B08BF00F23C5040F296430DF0D2FA6FF0010007F068FD2368044A9342CCD1032010BD012010BD022010BD149F02080C9F0208309F0208289F0208D853002000A102087886020838B504460D46E0B1E36D83B1D4E918218A420CD8A16D134429BB5A1C0AD0D4E90801C01841F10001C5E9000138BDA36D002BF2D14FF0FF324FF0FF33C5E9002338BD0B480B4A90F820350B49022B08BF00F23C504FF449730DF088FA6FF0010007F01EFDEB
S3FD080110B8D0E78B4228BF0B46D5E700BFD853002000A102087886020810B50446002833D02046FFF76DFF01280CD1E269136A1BB39968C4E901319C60A368002B37D05C60146210BD2046FFF75BFF0228EDD01948194A90F820351949022B08BF00F23C5040F2C5130DF050FA6FF0010007F0E6FCE269136A002BDBD1D369002BD8D19369A3B1A3609461DAE70A480B4A90F820350A49022B08BF00F23C504FF4E2730DF033FA6FF0010007F0C9FCB9E794615462146210BDD853002000A102087886020838B504460D4688B1D4E91023D4E90E01521943F100038842C4E9102301D8A84200D9A563A94238BFE56338BD0848094A90F820350849022BB3
S3FD080111B008BF00F23C5040F20B130DF001FA6FF0010007F097FCDBE7D853002000A102087886020838B5044600283DD0E069083007F058FB6368002B2FD0A268E0699A60A268C169A14226D0056AA54217D0EAB15360D0E90E32013342F10002C0E90E32083007F0B5FAD4E91431002201335141C4E91431C4E90122E261A26238BD994214BF194600210162002AE1D14362002BDFD09A60DDE7C361D9E7E069A26882619AB153606368CCE709480A4A90F820350949022B08BF00F23C50C8230DF0A8F96FF0010007F03EFCB0E71346B9E700BFD853002000A102087886020838B50446E0B1E369A26CD3E90C15E06C013145F10005013240F10000D6
S3FD080112A8C3E90C15D96AC4E91220986AFEF75AFEE069083007F060FA04F10C00BDE8384007F05ABA0848094A90F820350849022B08BF00F23C50AE230DF06EF96FF0010007F004FCD1E700BFD853002000A102087886020870B5148CC4F30A049CB91546127F02F00F028A4201D0022070BD40F2FF7605F12801F5F729FB2B8C204666F30A032B8470BD012070BD00BF10B5044608B1036883B91448144A90F820351449022B08BF00F23C5040F2AA430DF034F96FF0010007F0CAFB302383F3118805F02BFF06F065FA012123680A4803F00F03994006F08DF806F045FA05F00BFF002383F3118810BD00BFD853002040A1020840860208E053002013
S3FD080113A010B5044650B1002000210023C4E90601C4E90801C4E90A33236010BD0848094A90F820350849022B08BF00F23C509F230DF0F6F86FF0010007F08CFBE3E700BFD85300205CA10208788602082DE9F0410025044600260027904681800560083005F092FE04F1180304F12802A36104F12003C4E90833A265C4E90A55C4E90F55C4E91755C4E90C67C4E91267E561C4F83880256504F16800FFF7B2FFA36D2268C4E92655C4E92867C4E92A67C4F8B0501B6082B11A481B4A90F820351A49022B08BF00F23C504FF4AF730DF0A9F86FF0010007F03FFB154807F00CFA144B1D6835B1A988A28891420CD316D9256000251C600E4807F074F9D0
S3FD080114982846BDE8F081AB889A4205D929462D68002DF8D10C60F0E703D0256000250C60EBE7E025E9E700BFD853002038A0020878860208B4530020D453002010B5044688B1236AA4F1640293424FF0000009D2013BA4F1650213F8011F552918BF01309A42F8D110BD0848084A90F820350849022B08BF00F23C506E230DF055F86FF0010007F0EBFADCE7D853002078A102084086020838B50546B8B1A5F164031C462D6AA542A3EB05002B4602D30BE09C4209D019781A46552903F10103F7D0013A521B801A38BD002038BD0848084A90F820350849022B08BF00F23C505F230DF023F86FF0010007F0B9FAD6E7D853002078A1020840860208E5
S3FD0801159010B58CB001AA00210DF020F801A803A9F6F72CFE03A80FF025FC04460CF058F90A4B5A689206FCD55A68094942F010025A600A68210CA4B29161D4615A6822F010025A600CF01AF90CB010BD00280040A46000202DE9F0418EB006460CF038F91C4B5A681207FCD51A4A53689B06FCD5194B1B689F69DD69D3F810805C699969DA6905EB074502EB01429542F2D10CF0F5F800231149124A04EB084401FB0424104A6846A2FB042405A90095A40B01930FF0C0F958B1214605A803AA0CF0C6FF314603A8F6F7D2FD0EB0BDE8F08106480CF07CFB00280040A460002018FCFFFFB8A8B90383DE1B431CB202081A4A1B4B526A1B8870B5D21A3B
S3FD08011688002392B2561C43F1000173019B1B4FEA411262EB010204465202580242EAD352831941EB02029501980145EA9365C31A65EB0202981942EB010110F1FF304FF00003094A41F1FF31F5F7D0FF074AD2E90032C01842EB0101C4E9000170BD00BF000C00408853002040420F00A85300202DE9F043044683B00FE0DDE90089D4E90623994508BF904521D3D4E90A3100209847D4E90823134337D06846FFF7AAFFD4E9080150EA0103E7D0D4E90623DDE9008952EA030506D110EB080241EB0903C4E90623DDE7994508BF904520D200216FF00200B2EB080663EB0907B94208BFB0421BD205F01CFE236813B1204605F0C1FF05F015FE002219
S3FD08011780244B20466FF00201C4E90442E360F6F701FC03B0BDE8F083121841EB0303C4E90623B2E77B017201921B43EAD66363EB070351025B0243EAD2530A460021921947EB03039D01900145EA9265821A124865EB0303921947EB0303101843EB01010E4A0023F5F746FF054605F0DDFD236813B1204605F082FF05F0D6FD0022084B2946204624616261E360F6F7C3FB03B0BDE8F083B91801083F420F0040420F007D1801083129F8B50D46044617461E4610D80F480F4A90F820350F49022B08BF00F23C5040F209130CF0BAFE6FF0010007F050F9002300200021C4E90A76C4E90601256220466362BDE8F840FFF744BFD85300205CA10208E7
S3FD080118784086020838B505460C46302383F3118805F09AFC05F0D4FFD4E90A3128469847D4E90823134307D105F0B4FF05F07AFC002383F3118838BD2046FFF721FFF3E710B530230C4683F3118805F07DFC05F0B7FF2046FFF714FF05F09CFF05F062FC002383F3118810BD2DE9F041804682B06846FFF7C7FED8E90023DDE90001994208BF904240D26FF0020600270FE06FF00201082005F038FF6846FFF7B3FED8E90023DDE90001994208BF90422CD2141A63EB0105AF4208BFA642E8D36B016201121B43EAD46363EB050351025B0243EAD2530A460021121945EB03039E01900146EA9266821A0A4866EB0303121945EB0303101843EB010151
S3FD08011970064A0023F5F77EFE0146082005F000FF02B0BDE8F08100BF3F420F0040420F002DE9F0470E461746054682B000285AD0BE4210D93548364A90F820353549022B08BF00F23C504FF434730CF001FE6FF0010007F097F826F00F04A7422CD9DFF8C090DFF8C080DFF8C0A007E022784146284601340CF0ECFDA7421DD022070BD1A64204D22B680A212846DB6898472246494628460CF0DCFDA30704D12B6820212846DB689847A642E0D95146284601340CF0CEFDA742E1D1BE1B04D02B680A212846DB68984730461349F6F78BFCF5F751FA3246CDE90001284610490CF0B8FD02B0BDE8F0870948094A90F820350949022B08BF00F23C50B0
S3FD08011A6840F2CF230CF0A8FD6FF0010007F03EF892E700BFD853002040A102084086020801F90108A8A1020894A10208A0A102089CA102082DE9F0470F461646054684B0002800F09381012F40F3A481D6F804809A494046F4F7D0FF0446002800F0018240469749F4F7C8FF0446002800F0F08140469449F4F7C0FF0446002800F0FA8140469149F4F7B8FF0446002800F0F88140468E49F4F7B0FF0446002800F0F68140468B49F4F7A8FF0446002800F0F48140468849F4F7A0FF0446002800F0F88140468549F4F798FF0446002800F0F68140468249F4F790FF0446002800F0F48140467F49F4F788FF0446002800F0F28140467C49F4F780FF99
S3FD08011B600446002800F0F08140467949F4F778FF0446002800F0CA8140467649F4F770FF0446002800F0E68140467349F4F768FF0446002800F0E48140467049F4F760FF0446002800F0EA8140466D49F4F758FF0446002800F0E88140466A49F4F750FF0446002800F0E68140466749F4F748FF0446002800F0E48140466449F4F740FF0446002800F0E28140466149F4F738FF0446002800F0E08198F800302D2B40F0B58198F80130742B40F0B08198F80230002B40F0AB81284656490CF0D1FC0024554F564EDFF89481DFF894A1DFF8949104E05AF8246059F8247001340021B81BF6F788FBF5F74EF93346CDE9020122464146284600970CF005
S3FD08011C58B3FC072CE9D10024474F484EDFF86081DFF860A1DFF8609104E05AF8246059F8247001340021B81BF6F768FBF5F72EF93346CDE9020122464146284600970CF093FC072CE9D13A4F3A4C3B49381BF6F755FBF5F71BF9394E2246394C3B46CDE90001384928460CF07FFC301B3249F6F745FBF5F70BF9344F2246344C3346CDE90001334928460CF06FFC2B49381BF6F735FBF5F7FBF82F4E22462F4C3B46CDE900012E4928460CF05FFC2349301BF6F725FBF5F7EBF82246CDE900013346284627490CF051FC0024C6E000BFC0A10208C8A10208D0A10208D8A10208E0A10208E8A10208F0A10208F8A1020800A2020808A2020810A20208AE
S3FD08011D5018A2020820A2020828A2020830A2020838A2020840A2020848A2020850A2020858A2020864A2020800000808006000080000012000000020F88102086061000801F90108F8CC0208F8810208DCA202087C13002000080020FCA2020834610020801300201CA302083CA3020894A20208E0B00208FCB00208B8A2020818B1020834B102087B487C4A90F820357B49022B08BF00F23C5040F2F9230CF0E9FB6FF0010006F07FFE012F3FF75CAE3268744928460CF0DDFB734928460CF0D9FB724928460CF0D5FB714928460CF0D1FB704928460CF0CDFB6F4928460CF0C9FB6E4928460CF0C5FB6D4928460CF0C1FB6C4928460CF0BDFB6B49AA
S3FD08011E4828460CF0B9FB6A4928460CF0B5FB694928460CF0B1FB684928460CF0ADFB674928460CF0A9FB664928460CF0A5FB654928460CF0A1FB644928460CF09DFB634928460CF099FB624928460CF095FB614928460CF091FB31463846012204F0B4FC01280CBF00240224204604B0BDE8F0872846594A5949FFF767FD204604B0BDE8F0872846564A5749FFF75EFD204604B0BDE8F0872846544A5449FFF755FDE3E72846534A5349FFF74FFDDDE72846524A5249FFF749FDD7E72846514A5149FFF743FDD1E72846504A5049FFF73DFDCBE728464F4A4F49FFF737FDC5E728464E4A4E49FFF731FDBFE728464D4A4D49FFF72BFDB9E728464C4A58
S3FD08011F404C49FFF725FDB3E728464B4A4B49FFF71FFDADE728464A4A4A49FFF719FDA7E72846494A4949FFF713FDA1E740464849F4F776FD00287FF441AF4CE62846454A4549FFF705FD93E72846444A4449FFF7FFFC8DE72846434A4349FFF7F9FC87E72846424A4249FFF7F3FC81E72846414A4149FFF7EDFC7BE72846404A4049FFF7E7FC75E7D853002040A10208408602085CA3020870A302087CA302088CA30208A8A30208B8A30208ECA30208FCA302082CA4020854A4020860A4020884A40208A8A40208B0A40208F4A4020800A5020848A5020850A50208A4A50208ACA50208000000000000000000000808006000080000000000000000B6
S3FD08012038000000000000000000000000000000000000000000000000000000000000000000000000000000000000000000000000000001200000002000000000000000000000000000000000000000000000000000000000000000005CA2020800000000000000000000000000000000F881020860610008F8CC0208F88102087C13002000080020346100208013002070B50E4615460446002845D000222946304604F09BFB002856D16D682E782D2E2AD028465A49F4F7B9FC58B32D2E03D16B78642B00F0998028465649F4F7AEFC002800F096802D2E00F0858028465249F4F7A4FC002800F086802D2E03D16B78722B00F0888028464C49F4F7A4
S3FD0801213097FC002840F08680022106E06B78682BD1D1AB78002BCED11021464806F0F0F9454BD86806F00EFC002070BD4348444A90F820354349022B08BF00F23C5040F24D230CF025FA6FF0010006F0BBFC00222946304604F044FB0028A8D02A68204639490CF015FA204638490CF011FA204637490CF00DFA204636490CF009FA204635490CF005FA204634490CF001FA204633490CF0FDF9204632490CF0F9F9204631490CF0F5F9204630490CF0F1F920462F490CF0EDF920462E490CF0E9F920462D490CF0E5F920462C490CF0E1F920462B490CF0DDF929463046002204F000FB01280CBF0020022070BD6B78742B7FF477AFAB78002B7FF468
S3FD0801222873AF04218DE7AB78002B7FF463AF082187E7AB78002B3FF47BAF72E72A4620461A490CF0B9F9022070BD00BFB0A70208BCA70208C8A70208DCA70208E4530020205D0020D853002040A10208408602085CA3020870A30208F4A502088CA3020800A6020814A6020838A6020870A6020884A60208A8A60208ECA6020804A702082CA7020878A702088CA70208E8A702082DE9F04F8846164604468FB0002800F0F680B8F1010F06DDBC497068F4F7C4FB0546002841D03268B94920460CF06CF9B84920460CF068F9B74920460CF064F9B64920460CF060F9B54920460CF05CF9B44920460CF058F9B34920460CF054F9B24920460CF050F9F9
S3FD08012320B14920460CF04CF9B04920460CF048F9AF4920460CF044F9AE4920460CF040F92046AD490CF03CF9022531464046012204F05EFA012808BF002528460FB0BDE8F08FB8F1040FBAD105A8FFF73BF9F0680EF01EFBD6F808900746A0494846F4F76FFB002840F0A98040F26B739F4240F3A480A7F26C720A92DDE908735FFA83FB7B1E9BB202F26C790BF1010A1E2B1FFA89F95FFA8AFA0FD99148924A90F820359149022B08BF00F23C5042230CF0F8F86FF0010006F08EFBBBF10B0F0FD98848884A90F820358849022B08BF00F23C5043230CF0E5F86FF0010006F07BFB6421824BBAF1020FA3FB09034FEA531001FB109998BF0AF10C0A71
S3FD080124180AF1010202EB42037B491FFA89F902EB8302BFB2A1FB022107EB090303EB990303EB9003754AA3EB400303EB9103A2FB0301581A01EB50018908C1EBC1015B1A0533A2FB0301581A01EB50018908C1EBC1015B1A0133DBB2A2FB0312991A02EB51029208C2EBC2029B1ADBB205A80B93FFF782F805A8FFF7A9F8DDE90671DDE90932019120460899059C0091CDE902745B49013302F26C720CF086F849E75248584A90F820355249022B08BF00F23C5040F2E1130CF078F86FF0010006F00EFBF7E648465049F4F7BFFA60B148464F49F4F7BAFAF8B9002F1DDD1F2F43DCDDE9093208974EE7002F15DD0C2F30DC791E089F0A9A7B1E5FFA89
S3FD0801251081FB9BB202F26C720BF1010A1E2B09915FFA8AFA1FFA82F93FF646AF67E748463D49F4F795FA48B9002F33DA4A462046F3683A490CF03CF8022506E748463849F4F786FA68BB002FF0DB3B2FEEDC06970A9ADDE9087319E748462E49F4F778FA0028BED048462C49F4F772FA90B148462B49F4F76DFA0028E7D048462949F4F767FA0028D2D13B2FD0DC05970A9ADDE90873FBE6172FEADC07970A9ADDE90873F4E648461F49F4F753FA0028BED1002FE9DABBE700A802085CA3020870A302087CA302088CA30208ACA80208C4A80208F0A8020808A9020814A9020824A9020830A902083CA902084CA902080CA80208D853002060A80208DA
S3FD08012608408602081F85EB51CDCCCCCC254992247CA8020840A1020814A80208F4AA02081CA8020834A8020824A802082CA802080CB470B50C46054682B0002832D007AB2146284601930BF0B7FF064608BB34462B6820212846DB68013498471E2CF7D1731C1E2BC6F11D0688BF00261E44019A069928460BF0B0FB2B6804460A212846DB6898470136A01902B0BDE8704002B070472B6820212846DB68013698471D2ED5D9E4E70848094A90F820350849022B08BF00F23C504FF480730BF07DFF6FF0010006F013FABAE7D853002040A1020840860208F8B50E4617460446002837D02FB30325236831462046DB689847013DF8D123682021DB6858
S3FD08012700204698473A4620461C490BF059FF071D4F2F054608D8236820212046DB6898474B2D05F1050706D1236820460A21DB689847781CF8BD3D46236831462046DB6801359847502DF7D17B1C502BC7F14F0788BF00271F44E7E709480A4A90F820350949022B08BF00F23C50CC230BF028FF6FF0010006F0BEF9B6E700BF5CA90208D853002040A102084086020870B5002504462C4E86B00A4405600846CDE90223019105940095049606F098F8002845D1DDE90132552103F8011B9A42FBD8302383F3118804F002FD05F0CEFD684604F0FDFD054605F0AEFD00220020002165600A9D2368A5600B9DC4E90E01E5600C9D228425610D9D65617E
S3FD080127F80E9DA5610F9DE56183B11148114A90F820351149022B08BF00F23C504FF48D730BF0D2FE6FF0010006F068F90B4806F035F80B4B09481A6822601C6005F0A4FF06B070BD07480BF08DFA00BF713B0108D853002038A0020878860208B4530020C4530020CCB1020810B51446FAB1302383F3118804F0AEFC05F07AFD04F098FDD4F860321BB104F5187004F03BFF00220023C4E9A02305F009FD04F089FC104B1A689A4214D1002383F3118810BD0D480D4A90F820350D49022B08BF00F23C50BF230BF081FE6FF0010006F017F9CEE7D96893688A689A42E5D205480BF042FA205D0020D853002060A9020878860208B4B1020870B50C4616
S3FD080128F082B0002942D0314D3149EA683023D16183F3118804F062FC05F02EFD04F52470FEF7B4FE05F0C6FC04F046FC2B68AB423DD1002383F31188D4F8983201A998680AF078FDD4F8983201A998690AF072FDD4F898223023166A83F3118804F03EFC05F00AFD234631461A4A04F51870FEF761FF05F09FFC04F01FFC2B68AB421ED1002383F31188022002B070BD1248134A90F820351249022B08BF00F23C5059230BF016FE6FF0010006F0ACF8ABE7EA689B6892689A42BCD20A480BF0D7F9EA689B6892689A42DBD2F6E700BF205D00203CB202082DFE0008D853002060A9020878860208B4B1020810B53023044683F3118804F0F3FB05F056
S3FD080129E8BFFC04F0DDFC236813B1204604F082FE00220023C4E9082305F050FC04F0D0FB084B1A689A4205D1002383F31188C4E90C3310BDD96893688A689A42F4D202480BF098F9205D0020DC9B0208D0B5D1E900670446C0E90C23302383F3118804F0C1FB05F08DFC002100200F4BC4E90801A3622046C4E90667E462FEF749FE05F01DFC04F09DFB094B1A689A4203D1002383F31188D0BDD96893688A689A42F6D203480BF067F900BFE9FC0008205D0020DC9B02082DE9F043054683B000286AD04068002867D005F10801183005F0BEFD6868083005F0EAFE05F14800FFF788FF00236868C5F88030046EA5427CD04F4EDFF844814E4F01E090
S3FD08012AE0002C5FD02346246CAC42F9D12A6C1A64002669682A6A8B6D08465B682E649A4229D0EC69434FDFF81891DFF80C812468A3698BB997F820354146022B4A4640F2E94314BF38463D480BF04AFD6FF0010005F0E0FFA3696968D1F858C0A26A013B002B08BF0126013AA4450846A361A262DDD1002E37D1C269D0F8B030013A013BC261C0F8B030083005F00AFE0020C5E90700C5E92600686003B0BDE8F0832548274A90F820352449022B08BF00F23C5040F2AA430BF014FD6FF0010005F0AAFF686884E796F820354246022B394640F2DB4314BF304619480BF002FD6FF0010005F098FF8EE7203005F0A0FD6868C2E72B6C0366A3B1D3F884
S3FD08012BD894308BB1816DD5F89820D1E90267F61847F10007CDE9006768304AB12B4669460A4AFFF71BFF77E76830FFF7E9FE73E712236946064AFFF711FF6DE7D85300207886020814590020948602082D2C0108F5030108F0B5036C044683B093B14068D3F89410856DD3F89820D5E90267761847F10007CDE90067683082B169460B4AFFF7ECFE94F8A0303BB91222D4F89830D4F89C0084F8A020984703B0F0BD12236946034AFFF7DAFEECE700BF2D2C0108F50301082DE9F04383B0884616461F460546DDF82890002800F09B804068002800F09780083005F0F1FD68682B6A826D51688B4200F00C81E9694868834200F0D380146863681BB929
S3FD08012CD0246860680028FBD0A369002B00F090806368C5E907431FB1D4E90223C7E90023B8F1000F04D0D4E904124046F3F73AFE0EB163693360A3693022013BA36182F3118804F05BFA05F027FB6846FEF7AEFC05F0C0FA04F040FA7D4B1A689A4240F0C880002686F31188D4E90223DDE900018B42D5F8803008BF824238BF861AA34268D0B9F1000F01D0C9F80060A36A3146013BA3622846FDF717FCD5E90E32D5F88810013342F10002C5E90E3211B3D5E92332934215D8B34278D8B2421AD2F21A914213D26A68A36902F10801002B40F0998020322846F5F76BFD112003B0BDE8F083B242C5F88C6004D233469E42C5F89060E7D3A369002BEB
S3FD08012DC84DD06868083005F0D7FC002003B0BDE8F0835248524A90F820355249022B08BF00F23C5040F27F330BF0E6FB6FF0010005F07CFE686855E74848494A90F820354849022B08BF00F23C504FF467730BF0D3FB6FF0010005F069FE5DE76B689B6DA3426DD02268D5F88830C5F880203BBBD5F8841002F10803D3E900235218D5F8981043F10003CDE90023002960D069462B46354A05F14800FFF7E8FD75E76868203005F04FFCACE70C68A369002B7FF433AFC1E7901B814297D2B24283D385E7D5E923718F42D3D8D5F8841029B33B449942CFD9D2E90201C018D5F8983041F10001CDE90001002BD1D1112305F1480069461E4AFFF7BAFD42
S3FD08012EC047E7D96893688A689A42BFF432AF1A480AF044FF002265E7083005F051FCE52078E73B44D2E90201D5F89820C01841F10001CDE90001002AADD1002B0CBF1023112305F14800D7E705F14800FFF764FD0023C5F880301CE7102305F14800CBE7205D0020D85300209486020878860208F1FC0008F5030108A8B102082DE9F04F87B00546CDE90112DDF840800393002800F09F804068002800F09B80083005F099FC6B682A6A996D4868824200F0ED80EC696068824200F0E1800C6862681AB924686268002AFBD00027734EDFF8D491DFF8D4B1A2698AB999F820355A46022B18BF48464FF48A636C4908BF6C480BF007FB6FF0010005F014
S3FD08012FB89DFD6B689B6DA34200F08A80A3693022013B002B08BF0127A36182F3118804F0F9F805F0C5F904A8FEF74CFB05F05EF904F0DEF83368B34240F098804FF0000C8CF31188D4E90223DDE904018B42D5F8803008BF82422CBFE246A0EB020AA34233D0B8F1000F01D0C8F800A0A36A2846013BA3625146FDF7B3FAD5E90E32D5F88800013342F10002C5E90E32002840D0D5E92332934233D8534558D9A2EB0A0C60452DD2524503D2AAEB030290422CD2A3696968002B62D0002228460831F5F703FC112007B0BDE8F08F05F14800FFF7A7FC0023C5F88030C3E73448344A90F820353049022B08BF00F23C504FF486630BF08AFA6FF00100A3
S3FD080130B005F020FD686851E75245C5F88CA004D253469A45C5F890A0CED36B689A6D1846A2421FD024685DE763680399C5E9074319B1D4E90223C1E90023019B23B1D4E904121846F3F73EFC029A002A3FF462AF636913605EE75245AAD36B689A6D1846A242DFD1A7B9083005F032FB002007B0BDE8F08FF2689B6892689A42BFF462AF0E480AF013FE01F120029AE7246823E7203005F0E3FA6868E5E703F1080005F017FBE52092E700BF205D00207886020814590020D853002094860208A8B102082DE9F04782B08A469046994604460A9F002877D04068002874D0083005F082FB6068816D4B68002B00F09980226AC36D9A4200F09480E369DA
S3FD080131A8A66B1D68E36BAA6A701C02F1FF32AA6243F10002A942C4E90E0210D0023643F100032D683046AA6A013602F1FF32AA621A4643F10003A942F3D1C4E90E026B68C4E90753B9F1000F03D0D5E90223C9E90023BAF1000F04D0D5E904125046F3F7B5FBB8F1000F02D06B69C8F80030302383F3118803F0D6FF05F0A2F86846FEF729FA05F03BF803F0BBFF344B1A689A425CD1002383F31188D5E90201DDE90089494508BF40452CBF1D46A8EB00056068083005F091FA29462046FDF799F9002F38D000203D6002B0BDE8F087244D254A95F820352449022B14BF284605F23C5040F2CD130BF098F96FF0010005F02EFC84B995F82035022B32
S3FD080132A020D040F22B13194A194917480BF088F96FF0010005F01EFC606866E7606800287FF463AF95F82035022BEAD10AE0083005F056FAE52002B0BDE8F087384602B0BDE8F08740F22B13084A094909480BF067F9DDE7D96893688A689A429DD206480AF02CFD205D0020D8530020948602087886020814590020A8B102082DE9F04383B089461646984604460A9F00285AD04068002857D0083005F0ACFAD4E90732596891427AD063689B6D1D686B68C4E90753B8F1000F03D0D5E90223C8E90023B9F1000F04D0D5E904124846F3F702FB0EB16B693360302383F3118803F026FF04F0F2FF6846FEF779F904F08BFF03F00BFF384B1A689A42C4
S3FD0801339864D1002686F31188D5E90223DDE900018B4208BF8242A36B38BF861AA96AE26B0133606801F1FF3142F10002A9620830C4E90E3205F0D8F931462046FDF7E0F8002F38D000203E6003B0BDE8F083244D244A95F820352449022B14BF284605F23C5040F2AD130BF0DFF86FF0010005F075FB7CB995F82035022B20D0D923194A194917480BF0D0F86FF0010005F066FB606884E76068002881D195F82035022BECD10CE06068826D934282D1083005F09BF9E520C8E7384603B0BDE8F083D923084A094909480BF0AFF8DDE7D96893688A689A4295D206480AF074FC205D0020D8530020948602087886020814590020A8B102082DE9F04FF0
S3FD0801349087B08046CDE902219DF840400193002800F0BA81D8E90232013342F10002C8E90232002C00F09780D8F80000083005F0E9F9D8F80090D9F858301E687268B3690092002B00F09A80022C40F0D381944FFA6809F10803126C9A4211D0914B924A93F820359149022B08BF91484FF04D0318BF8C480BF05CF86FF0010005F0F2FA302383F3118803F059FE04F025FFD7F80CA0DAF8405003F0E7FE002D00F0B78103F0E2FEAB689A4540F0B481EC68CAF8404003F0D9FE2B689D4200F09881DAF844B05CB103F0D0FE23689C4203D09B689B4538BF9B46E468002CF3D1CAF808B02868016C03682B605D60C5E90201056403F056FF09F120048E
S3FD080135882346CAF8344004E09968DAF80820914202D31B689C42F7D159680720CAE90031C1F800A0C3F804A003F0C6FE2846DAF8344003F0B3FF04F071FE03F0F1FD3B68BB4240F06E81002383F31188A31C00F00F81002C00F00C8158480AF0BBFBD8F80000083005F022F9002800F02381D8F80090D9F858301E68B369002B40F03E8173680093009B4BB1D6E90201019BD3E900238B4208BF8242C0F06881D9F858301D68029B002B00F010812B69002B00F04C81D9F858406368002B00F01781019BD3E90001D4E90223994208BF904280F00D812E68266001E0344636687368002BFAD0D6E90223994208BF9042F4D22E602560D9F85830D9F8F9
S3FD080136806040AB4217D1B4B1D4F8941099B1019BD3E900235218D4F8981043F10003CDE90423002900F033812346274A04A909F16800FFF7BFF9D9F85C30029E013305BF01221346C9F85C30C9F85C206B60019B0399D3E900232869C5E902233246F3F749F9D9F858306E61AB4216BF2B68D9F81C109969D5E9083201332B62AB6A42F10002A9616A6233B1D9E92A32013342F10002C9E92A32D9F8B030AB62002C56D0AA46C346094E0A4F019DCDF800903FE0205D0020D853002000A00208408602081459002050B102082D2C0108F1FC0008F5030108D4E923329342D4F884002DD8194460B388422AD80146D4F880303BB1D3E90289D5E90023BF
S3FD080137784B4508BF424515D2D5E90023D4F898C0521843F10003CDE90423BCF1000F00F091802346324604A904F14800FFF746F9C4F880A0246C5CB1D4F888100029CDD1D4F8840001460029D3D1246C002CF3D1D846DDF80090D9E92832013342F100020021C9E9283209F11800FCF7ABFBD8F80000083004F0C8FF002007B0BDE8F08F7368009AD8F8009093421FBFD9F858301E6873680093B369002B7FF465AEF7E64148424A90F820354149022B08BF00F23C5040F21D130AF0C7FE6FF0010005F05DF933E6E120D8E90432013342F10002C8E9043207B0BDE8F08F3348334A90F820353349022B08BF00F23C504A230AF0ABFE6FF0010005F082
S3FD0801387041F9DEE6D9F86040C9F8585003E70023AB607FE609F1080004F07AFFD8E90432013342F10002E220C8E90432D6E723480AF05CFA22480AF059FAFA689B6892689A42BFF48CAE1F480AF050FA81420CBF102311233A4604A904F14800FFF7B2F86AE71348134A90F820351349022B08BF00F23C504B230AF06BFE6FF0010005F001F9A2E609F1080004F042FFD8E90432013342F10002E420C8E904329EE71223094A04A909F16800FFF78CF8CBE600BFD853002074A0020878860208C0B10208E4B102086CB10208F5030108000000002DE9F0470D4614468CB0002A00F0E280AB0703D402200CB0BDE8F0870023CDE90633CDE90833CDE9BE
S3FD080139680A33302383F3118803F02CFC04F0F8FC04A8FDF77FFE04F091FC03F011FC744B1A689A4240F0D680002383F31188DDE90423D4E9A401994208BF9042D6D2D4F8983202A9986809F039FDD4F8983203A9986909F033FDDDE90401D4E9A4238B4208BF824280F0B380801AF2F70DFD6149F2F716FE82460298F2F70AFDD4F898520646E868F2F700FD01463046F2F708FEF3F774FA064628680F46F2F7F5FCF3F76DFA51A3D3E90023F3F7EAFB02460B4630463946F3F7BAFAF3F788FD07460398F2F7E6FC0646E869F2F7DEFC01463046F2F7E6FDF3F752FA804628698946F2F7D3FCF3F74BFA40A3D3E90023F3F7C8FB02460B46404649465B
S3FD08013A60F3F798FAF3F766FD6B69D5F80480064608EB0300F2F7BCFC05464046F2F7B8FC2946F2F7C1FD80464FF07E504146F2F7FDFB3146F2F704FD414680463846F2F7FFFC01464046F2F7F3FB5146F2F7ACFD0346394630460693F2F7E8FBF3F712FA064628460F46F3F70DFA21A3D3E90023F3F78AFB02460B4630463946F3F784FBF3F728FD0BF0F4FD5146F2F78DFD0222054604AB009206A9182204F512700B95FFF7C4FCDDE904230220C4E9A4230CB0BDE8F0871248134A90F820351249022B08BF00F23C507A230AF04AFD6FF0010004F0E0FF0CE74FF0000A50E7D96893688A689A42BFF424AF08480AF007F900BF0000000080842E4195
S3FD08013B58205D002000247449D853002060A9020878860208B4B102082DE9F04F044600F1240385B01946039301224FF0FF33984804F088FDA368002B00F0A4802046E168984740F00105DFF86C8298F80030002B5FD0904EF36893F8259019F004093ED14FF0300A11E0D4E9043220469847D4E90E32013342F10002C4E90E3240F00105F36893F825305B0729D44FF0FF31284604F01CFCC2070146E5D58AF3118803F0E9FA04F0B5FBD4F830B0C4F8309004F04DFB03F0CDFA3368B34266D189F311881BF0010F20D11BF0020FD9D00F216068FCF71CFBF36893F825305B07D5D50F216068FCF713FBA36923B1204698F80010E2699847039966484B
S3FD08013C5004F0F0FC002005B0BDE8F04F04F04ABF09216068FCF7FEFAB6E7614804F012FE218C604B01311B6889B221841BB958E01B68002B55D01A8C9142F9D001398A422FD1594B1E687EB3337A6BBB72681946009218461A463768B847A0F12002D2B2012A40F28E805148514A90F820355149022B08BF00F23C5067230AF079FC6FF0010004F00FFF012333720DE04FF0FF355DE7F2689B6892689A4293D246480AF035F82120FCF77EFB3D4804F041FD0120F4F79EFB302383F3118803F05FFA04F02BFB236B354E23F00403236304F0C2FA03F042FA3368B34243D1002383F311883CE7314B1E68002E36D0337A022B22D0012372681846009229
S3FD08013D48274904223768B847B8B1202814D0212831D02848284A90F820352849022B08BF00F23C5090230AF027FC6FF0010004F0BDFE02233372BBE701203072B8E71D481D4A90F820351D49022B08BF00F23C508B230AF011FC6FF0010004F0A7FECBE704210F48FCF7C6F8A2E7F2689B6892689A42B6D296E70223337298F80030002B96D1212388F8003092E721287FF47FAF0223012102483372FCF7ACF8EDE700BFB0530020205D0020B4530020C4530020D0530020D8530020CCA9020878860208DC9B0208CC5300202DE9F0410D4616461F46044682B0002865D004F10C084046002D47D004F032FDE369002B73D0022D45D12046FDF7CAF937
S3FD08013E404FF0F108302383F3118803F0BFF904F08BFA6846FDF712FC04F024FA03F0A4F9434B1A689A4274D1002585F31188DDE90001D4E908238B4208BF824238BF851A04F16800FEF7A8FD0EB1636B336007B13D6029462046FDF76FF9B8F1000F20D1E36DF3B1D4E918218A423BD8AA4258D9481B834236D2A94255D33AE004F0BAFC38B3E3695BB340464FF0F10804F058FC404602B0BDE8F0811120FCF78BFA4FF0110800234046A36202B0BDE8F0812148214A90F820352149022B08BF00F23C5040F227430AF05CFB6FF0010004F0F2FD87E74FF0F208404602B0BDE8F0814FF000088FE7A9422566DBD22A4695426566D7D2D4F8A030002B10
S3FD08013F38CED094F8A8204FF01108002ACDD1D4F8A40084F8A8809847C7E7D96893688A689A4285D2084809F0FDFEA942BDD2A91A8B42E2D3DEE700BF205D0020D853002000A10208788602089CB102082DE9F0410D4617469846044682B0002861D004F10C063046002D40D004F078FCE369002B6ED0022D3ED12046FDF710F9F126302383F3118803F006F904F0D2F96846FDF759FB04F06BF903F0EBF83A4B1A689A4261D1002585F31188DDE90001D4E908238B4208BF824238BF851AB8F1000F01D0C8F8005029462046FDF7BAF826B9A36DC3B1AB4216D210260023A36277B13046636B3B6002B0BDE8F08104F007FC50B3E3696BB3304604F056
S3FD08014030A7FBF126304602B0BDE8F081E36D002BE6D0D4E918218A4220D8AA422FD9481B83421BD2A9422CD31FE01948194A90F820351949022B08BF00F23C5040F2BB230AF0A6FA6FF0010004F03CFD8BE7F226304602B0BDE8F081002694E7A9422566BED22A4695426566BAD21126B8E7D96893688A689A4298D2084809F057FEA942AED2A91A8B42F0D3ECE700BF205D0020D853002000A10208788602089CB102082DE9F0410D4690461F46044682B000284ED004F10C063046002D3AD004F0D2FBE369002B42D0022D38D12046FDF76AF8F1260023A362B8F1000F02D0636BC8F80030302383F3118803F058F804F024F96846FDF7ABFA04F0D1
S3FD08014128BDF803F03DF8244A136893423BD1002585F31188DDE90001D4E908238B4208BF824238BF851A29462046FDF711F807B13D60304602B0BDE8F08104F067FBE8B1E3693BB13046F12604F006FB304602B0BDE8F0810026C0E71048114A90F820351049022B08BF00F23C5040F23F230AF013FA6FF0010004F0A9FC9EE7F226304602B0BDE8F081D2689B6892689A42BED2054809F0CFFD00BF205D0020D853002000A10208788602089CB102082DE9F0410D4690461F46044682B000284ED004F10C063046002D3AD004F050FBE369002B42D0022D38D12046FCF7E8FFF1260023A362B8F1000F02D0636BC8F80030302383F3118802F0D6FF92
S3FD0801422004F0A2F86846FDF729FA04F03BF802F0BBFF244A136893423BD1002585F31188DDE90001D4E908238B4208BF824238BF851A29462046FCF78FFF07B13D60304602B0BDE8F08104F0E5FAE8B1E3693BB13046F12604F084FA304602B0BDE8F0810026C0E71048114A90F820351049022B08BF00F23C504FF4C3730AF091F96FF0010004F027FC9EE7F226304602B0BDE8F081D2689B6892689A42BED2054809F04DFD00BF205D0020D853002000A10208788602089CB10208F8B50D4617461E46044630B3002D36D00023E561C4E90133302383F3118802F069FF04F035F804F12000FDF7BBF903F0CDFF02F04DFF1E4B1A689A4230D10022C3
S3FD0801431882F311883EB1EFF30581C1F3080101B9DA68C4E90A266763F8BD1648164A90F820351649022B08BF00F23C508D230AF03BF96FF0010004F0D1FB002DC8D10D480D4A90F820350D49022B08BF00F23C508E230AF029F96FF0010004F0BFFBB7E7D968926889689142C9D2054809F0EAFC205D0020D853002000A10208788602089CB102082DE9F04184B00D461646984604460A9F002871D0002D00F08380236B002B00F094802946434632462046FFF787FFE16DA765B1B1D4E91832934212D819448FB1B9420FD3D4E90823D4F8A010D21943F10003CDE90223002946D1102304F16800A3E03946002934D105F1080004F044FAE369DA69C3
S3FD08014410002A7DD069462046FCF71CFEE36902A99D692846FCF716FEDDE90067DDE902239F4208BF96420DD277E0AD6802A92846FCF708FEDDE90223DDE900679F4208BF96426AD3E269D3699D42EED199686360D46100297BD0A1604C609C6056E0D4E90823D4F8A000521843F10003CDE9022300285AD02346384A02A904F16800FEF7D1FAB7E73548364A90F820353549022B08BF00F23C504FF474730AF089F86FF0010004F01FFB002D7FF47DAF2B482C4A90F820352B49022B08BF00F23C5040F2D1330AF075F86FF0010004F00BFB236B002B7FF46CAF002E3FF469AF1F48204A90F820351F49022B08BF00F23C5040F2D2330AF05DF86FF073
S3FD08014508010004F0F3FA56E79A69EAB1A260C3E9064454602046FCF7B5FE002004B0BDE8F081D5B16B68A56093B163609C606C60F0E7B9420CBF1023112304F168000C4A02A9FEF773FA59E79C615C62DC61E1E7E3699C61EBE7546283E7E269D36979E739FD0008D853002000A1020878860208F50301082DE9F041069E0D46174698460446B8B14DB3206B00283AD043463A4629462046FFF79CFE05F10800A66504F075F92046FCF790FD2046FCF76BFE0020BDE8F0811D481E4A90F820351D49022B08BF00F23C5040F2892309F0F5FF6FF0010004F08BFA002DD5D11448144A90F820351449022B08BF00F23C5040F28A2309F0E2FF6FF00100E5
S3FD0801460004F078FA206B0028C4D1002FC2D00948094A90F820350949022B08BF00F23C5040F28B2309F0CCFF6FF0010004F062FAB0E700BFD853002000A1020878860208F8B50D4616461F460446A8B13DB3206B002838D03B46324629462046FFF73CFE05F1080004F016F92046FCF731FD2046FCF70CFE0020F8BD1D481E4A90F820351D49022B08BF00F23C5040F2032309F097FF6FF0010004F02DFA002DD7D11448144A90F820351449022B08BF00F23C504FF4017309F084FF6FF0010004F01AFA206B0028C6D1002EC4D00948094A90F820350949022B08BF00F23C5040F2052309F06EFF6FF0010004F004FAB2E700BFD853002000A102081F
S3FD080146F878860208F8B50E4617461D460446C8B15EB3236B002B3CD02B463A4631462046FFF7DEFD06F1080004F0B8F8E269536A002B42D0636020469C605462FCF7AAFD0020F8BD2048214A90F820352049022B08BF00F23C5040F24B1309F035FF6FF0010004F0CBF9002ED3D11748174A90F820351749022B08BF00F23C504FF4A67309F022FF6FF0010004F0B8F9236B002BC2D1002FC0D00C480C4A90F820350C49022B08BF00F23C5040F24D1309F00CFF6FF0010004F0A2F9AEE7204694615462FCF768FD0020F8BDD853002000A10208788602082DE9F047089C002850D001284BD10D464D48002116461F4608F082F9014600283DD0E27D27
S3FD080147F090F800C0C2F38013E08AB1F804E0C2F340121B012CF03F0C43EA4213C0F38A0243EA0C0362F30A0E0B70A1F804E03D4808F0ECF8302383F3118802F0CFFC03F09BFD2268384B02F10109C4F80090B3F8FEA603F02FFD02F0AFFC344B1A689A4258D14FF0000888F31188D14548D02020C4E90156E760BDE8F08739462846FBF765FB2120BDE8F08763687BB12648284A90F820352749022B08BF00F23C50A12309F096FE6FF0010004F02CF9A3687BB11D481F4A90F820351E49022B08BF00F23C50A22309F084FE6FF0010004F01AF9E36893B11448164A90F820351549022B08BF00F23C50A32309F072FE6FF0010004F008F92020BDE8EE
S3FD080148E8F0872020BDE8F08728463146FBF722FB4046C4E90088C4E90288B7E7D96893688A689A42A1D2064809F024FA00080020D8530020205D002008AA020878860208D09B0208F8B5302383F3118802F04AFC03F016FDB0490B7A5A1E012A00F2C881012B05D1AD4B9A6942F480429A619B694FF0400C012742F22C1600250220FF24D1F8D820A64B02F56142A3FB0232D1F8D430120C9A60C3F810C05F61DE601D601A685B6881F8DC40087203F087FC02F007FC9C4B1A689A4240F09D81002484F311889949994D4A68994EAA42134628BF2B46B24294BF0122022296480A724B600AF0E2F9944995484B689D4228BF1D46B34294BF01230223FB
S3FD080149E04D600B720AF0D4F9302383F3118802F0EDFB03F0B9FC8C4B1A78511E012900F277814FF480508949012AC3E90204596000F0388158698649DA69B0FBF1F5146054639463D463146454626C1EB4F5803F80F04F8101FB05F1884240F04A81002140F6FF7741F211160125DA69187E9462D7625160166255611161D16010B14FF40041516485200221106019700AF002F97048F3F787FC7048F3F784FC6D480AF0A7F86D480AF0A4F800216C4C6C4B26686C486D4AB3612369C6E90702616053B1A06800E013465A69C3E904101846002AF8D12261A3600022644B6549181D23620833C4E90903C4E906123023626183F3118802F07BFB03F0FD
S3FD08014AD847FC3378012B40F00A8102215B4B5C4A9E423170726000F0E9800122736A1A605A68D10707D40121082002F03DFE736A5A68D207F7D504217268524824CADD61514D1A60586131700AF0E6FB4FF0FF312B46012000224D4E29674D4943F8046B28722068A9676B6005F10C0105F1300305F17006C5E90311C5E90833ED62ED67AB61EE616A61AA6280B94248424A90F820354249022B08BF00F23C5040F22A4309F022FD6FF0010003F0B8FF302383F3118802F01FFB03F0EBFB23681B78043B012B0DD93348364990F82035022B08BF00F23C5009F008FD6FF0010003F09EFF2B7A013B012B0DD92A482E4990F82035022B08BF00F23C5086
S3FD08014BD009F0F6FC6FF0010003F08CFF284B5A68C5F884306A6702F0DFFB022263682A72C5F880306660BDE8F84003F081BB00BF5014002000100240C5B3A291205D00204C090020801A0600A0860100A813002058090020E013002018140020ACB2020800A24A0438140020441400200008002031790108A1780108617801082008002009D2010880130020A4B202085B870100C05F002054B20208DD740108D853002060AA0208408602087CAA0208D0960208E4B2020870264FF0805546F668001B4AD16941F00101D161D169116941F001011161116921F0010111611269144AD96982F81C63134EC2F880515E6115608861C861BCE60D4BDA69B2
S3FD08014CC842F00072DA61DB690FE70D4809F042F80C4809F03FF8D96893688A689A42BFF45DAE094809F036F8084809F033F8084809F030F80010024000E100E000A24A040CB2020828B2020860B1020800B20208F4B1020808B503F0C1FA02F041FA084B1A689A4203D1002383F3118808BDD96893688A689A42F6D2024809F00BF800BF205D002090B10208F8B5302787F311887A4E02F037FA03F003FB3368784C03F00F0304EBC302774D566044F83350FFF7D1FF87F3118802F025FA03F0F1FA724B31681B7921F00F003B40102B01F00F0100F0C180202B00F0BC80BB420CBF0322002201F017FF3027FFF7B4FF87F31188664E02F007FA03F05B
S3FD08014DC0D3FA336803F00F0304EBC302566044F83350FFF7A3FF87F3118802F0F7F903F0C3FA5D4B31681B7921F00F003B40102B01F00F0100F09B80202B00F09C80BB420CBF0322002201F0E9FE3027FFF786FF87F31188514E02F0D9F903F0A5FA336803F00F0304EBC302566044F83350FFF775FF87F3118802F0C9F903F095FA484B31681B7921F00F003B40102B01F00F016BD0202B6DD0BB420CBF0322002201F0BDFE3027FFF75AFF87F311883D4E02F0ADF903F079FA336803F00F0304EBC302566044F83350FFF749FF87F3118802F09DF903F069FA344B31681B7921F00F003B40102B01F00F013DD0202B47D0BB420CBF0322002201F08D
S3FD08014EB891FE3027FFF72EFF87F31188294E02F081F903F04DFA336803F00F0304EBC302566044F83350FFF71DFF87F3118802F071F903F03DFA204B31681B7921F00F003B40102B01F00F010FD0202B19D0BB420CBF0322002201F065FEBDE8F840FFF701BF022245E7012243E70122F3E70122C5E7012297E7012269E7022293E7022265E70222E7E70222B9E700BF3C090020705000203513010884B20208380900207CB20208400900208CB202084409002094B20208480900209CB2020870B5104E3023F46883F3118802F024F903F0F0F92546A46A002CFBD103F088F902F008F93368B34204D1002383F31188284670BDF2689B6892689A42BF
S3FD08014FB0F5D2024808F0D2FE205D002084B102082DE9F04F04460D46DFF8D0A3A1B0002800F0EB822946B94A2046FDF77FFBB84BB84AB9492046FDF727FBB84BB54AB8492046FDF721FBB74BB24AB7492046FDF71BFBB64BAF4AB6492046FDF715FB4823B44AB5492046FDF70FFBDFF884E3B34ADFF88083B24F0B92AEEB0202CDE90CE2B049DFF874E30E97A8EB0707CDE90F87AD4ADFF868831191AEEB0101CDE912E1AA4FDFF85CE31492A8EB0202CDE91582A749DFF850831797AEEB0707CDE918E7A44AA54F1A91A8EB0101DFF83CE3CDE91B81A2491D92BA1ACDE91E72A1EB0E07CDF820E04FF0010C0023A046A94608A809910DF1740E7FB902
S3FD080150A8BCF1080F00F10C003BD00CEB4C0220A901EB820252F8587C0CF1010C002FEFD0BCF1080F27D0024614E01569A94219D84468594538BF5946A54294BFC1EB0501C1EB04018F4234BF00277F1A87600C32964510D051690029F9D00168D2F80CB05945E2D24468A345F1D81569AC42E0D90C329645EED1BCF1080F3B4400F10C00C3D19B0A784A79494046FDF781FA4946774A4046FDF7CEFA764A774B1168444699424D4619D1117953790529907992F807C000F03982042900F06B82032900F06082022900F077826C4A6D4F6D4E01290CBF11463946079629E240466A4909F01BFA684B07932946684A2046FDF7A2FA674B01274FF00008B6
S3FD080151A04FF003094FF0040B1E46644A6449029320460223CDE9037BCDE90098FDF73CFA3B46CDE901865F4A5F492046CDE903790097FDF731FA0222079E07235B49019220465B4ACDF800800296FDF725FA02220823584900922046554ACDF804800296FDF71AFA544B2F4A54492046FDF714FA0923534A534900932046534BCDE90197FDF70AFA514A524B524900922046524AFDF702FA2946514A2046FDF74FFA3B4620464F4A4F49CDF800B0FDF7F5F9BAF8FC36002B00F0B48020464B4A4B49FDF7EBF9BAF8FE36484A49492046FDF7E4F92946484A2046FDF731FA08A8FCF7B2F9DDE90C230E990B9F03F26C730132002900F09C80012900F0D5
S3FD08015298CE81022900F0D181032900F0C681042900F0D7813A48DFF80CC105290CBF0146614688E034AB02087C8F02085CA9020840AB02084CAB020874AB020880AB02088CAB02089CAB0208A4AB0208B4AB0208BCAB0208000000000000000000000000000000000000000000000000000000000000000000000120CCAB0208D4AB0208D8AB0208C00100084C422D41ACAA0208C0AA0208B8AA02086CAC0208A0AC0208C0AC0208E4AB0208B4AC0208C8AC0208E8AC020800AD0208F4AC02080CAD020818AD020820AD020854AC020860AC0208D8AA02084CAD02082CAD020840AD020838AD020858AD020860AD020868AD020870AD020874AD02083D
S3FD0801539090AD02089CAD020810AB0208D85300200000000000000000000000000000000000000000000000000000002028AB02082046AB4AAB49FDF737F94AE7AA49CDE9017100922046A94AA949FDF72DF9DDE908232046CDE90032A6490A9BA64AFDF723F901232046A54AA549FDF71DF94FF46162322300922046A24AA349FDF714F9302383F31188DFF80CA301F0D7FE02F0A3FF08A8FCF72AF902F03CFF01F0BCFEDAF80030534540F006814FF0000B8BF31188DDE90889142340464946934AF2F711F9494607464FF47A7240460023F2F709F940460492494600238D4AF2F702F9104619464FF47A720023F2F7FBF88446494640460023874A66
S3FD08015488CDF80CC0F2F7F2F810461946824A0023F2F7ECF872A3D3E90023844649464046CDF808C0F2F7E2F8104619467B4A0023F2F7DCF88446494640461423754ACDF804C0F2F7D3F81046194665A3D3E90023F2F7CCF83B460090714A20467149FDF7A7F8714A6C4B10680293F1F7F7FC6F4ACDE9000120466E49FDF79AF8294620466C4AFDF7E7F86C4B6C4A2046DB686C49FDF78EF8DAF8B430DFF8048208AF03F1FF3EA8FB0E2E3A46DFF8F8914FEA1E1E0EF1010EBEF1320F98BF4A461646DFF8E8C10093BCE80F000FC7BCE80F000FC7BCE80F000FC79CE8030047F8040B7346398020465749584A0196FDF761F8DAF8CC2008AE531EA8FB68
S3FD0801558003131B090133322B98BF4E462046CDE9002650494E4AFDF74FF85A4629462046FDF79CF821B0BDE8F08F9AF820354A4A022B18BF50464FF49173484908BF0AF23C5008F0FDFF6FF0010003F093FA01E5434A11460792434F434A97F80AE0CDF810E097F809E0CDE9000CCDE9021E20463E49FDF721F87B7A012B03D020463C4908F0DEFF374A3B4BD17B107B0291977B39490197527B012818BF0B4600922046364A3749FDF708F8B1E52D4A35490792D1E73549CBE63549C9E6294A34490792C9E73449C3E6DAF80C209B6892689A42BFF4F3AE304808F081FB3049B7E6204A2F490792B7E700BF00A493D60000000080AD020874AD02089E
S3FD0801567818AB0208B0AD0208C4AD0208DCAD0208CCAD020874AE0208E4AD0208FCAD020814AE02080060D71D40420F00008793032CAE020848AE02088453002068AE02087CAE020898AE0208485F002070AD0208ACAE0208D8AE0208BCAE0208F4AE020840A1020840860208B8AA0208C0010008E4AB020800AC02080CAC0208D8AA0208DCAA020854AC020860AC0208A4AA0208F8AA020820AB020890AA0208F0AA020878B1020804AB0208B0AA0208205D0020398EE338BC8C02080CAF020810B5044628B120462D21FFF73FFC002010BD0B480B4A90F820350B49022B08BF00F23C504FF40D7308F030FF6FF0010003F0C6F920462D21FFF728FCEA
S3FD08015770002010BDD853002040A10208408602082DE9F04FA34C85B0E3689B68FF2B10D0A148A24A90F82035A149022B08BF00F23C5040F2A65308F00BFF6FF0010003F0A1F9DFF89092D9F80C30022B40F2BE804FF0000A4FF0000B302383F3118801F0FDFC02F0C9FD02A8FBF750FF02F062FD01F0E2FC2368A34240F0F580002383F31188DDE902239B4508BF92451CD2B2EB0A0163EB0B0301930023864A0091DDE900018B4208BF82420ED27F4BD9F80C2093F820358049022B0CBF80487A48013A08F0C6FEDDE902ABFFF79CFB0746002846D00026B046E568BD4207D008F0AAFA874203D07B6C9E4238BF1E4608F0A2FA87421BD0302383F32A
S3FD08015868118801F0AFFC02F07BFDFD6A002D7AD002F014FD01F094FC2368A34240F0998088F311882F46E568BD42DBD108F086FA8742E3D1AB689E4211D95D4B5D4A93F820355D49022B08BF5E4840F2D65318BF574808F081FE6FF0010003F017F91EB1E3689B689E427ED3302383F3118801F079FC02F045FD01F00BFDE06825688368AA689A4217D301222B685C60236085F82420E56001F0ACFC06462846314601F015FCEFF30983326A243B9A4258D831462846F0F791FC02F0C1FC01F041FC2368A34263D1002383F31188D9F80C30022B3FF646AF364CFF2003F05EF894F82035022B4DD02046384908F036FE94F82015022953D023680022A7
S3FD0801596002215B6A2C48984705B0BDE8F08F3B6B9BB9BF6A002FFAD108F014FA074602F091FC01F011FC2368A3420ED188F31188002F7FF458AFE56880E71F4602F082FC01F002FC2368A342F0D0E2689B6892689A42EBD21F4808F0D1F9E2689B6892689A42BFF461AFF5E71B4808F0C7F9304603F016F8ADE7E2689B6892689A42BFF405AF164808F0BAF9114904F23C5008F0E7FDAFE7E2689B6892689A4296D2104808F0ACF9D4F83C3500225B6A07489847AAE700BF205D0020D853002040A10208788602083F420F0044AF0208145900207CAF020884B102080082020878B10208A09B0208485F00202DE9F04F0446AFB0002800F05C82BA4B6A
S3FD08015A58DFF804E3DFF804C315AF1AAE93E803000E908DF83C10BEE80F000FC7BCE80F000FC69CE80300DEF800E0DFF8E4C227F802EB46F8040B10AD4FEA1E4E318087F800E0BCE80F000FC5DCF8003025F8023B1B0C2B70FFF762FA002800F04782A34B4FF000080793234645464646C24647464FF0300904469B46D4E91631ED18A36A41EB07073BB100219B6A0131002BFBD18E4238BF0E46E069002800F048810EF02DFD804538BF804608F050F984422DD089F3118801F05EFB02F02AFCE36A0A936BB102F0C3FB01F043FB079B1A689A420A9B40F0D8818AF311881C46CCE7236B002B40F02681A46A002CF8D108F02EF9044602F0ABFB01F0C1
S3FD08015B502BFB079A1368934240F0CB818AF31188002CB5D15C4601360EA80EF0F3FC82461AA80EF0EFFC814610A80EF0EBFC079A814538BF8146114606FB0A8AD2F8D800D2F8C030D1F8DC10D2F8C420CA4538BFCA461B1841EB02025B190C93204642EB070365490D9308F003FD0AF10103834205460B9308D9236820212046DB689847AA4505F10105F6D15C49204608F0F0FCFFF7C8F90546002800F0E180DFF87C91DFF87C81AA6A1646FAB10027B66A0137002EFBD1002F00F09B81002300E0926A0133BB42FBD1136B43B14146204608F0CFFC013F064408D0AA6AEEE74946204608F0C6FC013F0644F6D145490EAA204608F0BEFC0346EA6979
S3FD08015C4815A8002A08BF02463F4920461E4408F0B3FC0B9B0644B34208D9236820212046DB689847B24506F10106F6D16A6C3749204608F0A1FCD5E91601F0F7C7FB0D9906460C98F0F7C2FB01463046F0F7B8FC2F49F0F701FCF1F721F902460B462846CDE90823FBF73EFCF0F79EFB296AA5F1640B0646ABEB0100F0F796FB01463046F0F79EFC2249F0F7E7FBF1F707F9064628460F46FBF726FC014628460A91FBF7F5FBDDE90823296A0390ABEB010B0A9920460291CDE900671649CDF810B008F05BFC08F04BF885424DD0302383F3118801F058FA02F024FBEE6A3EB302F0BEFA01F03EFA079A1368934240F0E580002383F31188354659E794
S3FD08015D4098B00208205D00209CAF0208A4AF02085CA90208C8AF02080000C842CCAF0208A0B00208B4B00208CCB00208C0AF0208B8AF02082B6B53B9AD6A002DFAD108F011F8054604E015A8B5E61C46DDE61D4602F088FA01F008FA079A1368934240F0C880002383F31188002D7FF423AF204668491AAA08F004FC0B9B0546834208D9236820212046DB689847AA4505F10105F6D1DDE90C01F0F71DFB0646079BD3E93001F0F717FB3146F0F70EFC5A49F0F757FBF1F777F80B4602465849204608F0DFFB2046534910AA08F0DAFB0B9B0546834208D9236820212046DB689847AA4505F10105F6D1079B20AFD3E93601F0F7F1FA3146F0F7E8FB6F
S3FD08015E384749F0F731FBF1F751F83D4602460B462046444908F0B8FB2046434908F0B4FB32224FF461632046404908F0ADFB079BDFF81C91D3F8B4E0DFF818810EF1FF3CA9FB0C2C4FEA1C1C0CF1010CBCF1320F8CBFBA46C246364E0FCE0FC50FCE0FC50FCE0FC596E8030045F8040B73466246298020462F49CDF800A008F085FB079B2046D3F8CC305A1EA9FB021212090132322A98BF47462849009708F075FB00202FB0BDE8F08F07999268C96889689142BFF421AE214807F035FFD1689B6889689942BFF42FAEF5E7D2689B6892689A42BFF415AFEEE71A481A4A90F820351A49022B08BF00F23C504FF4797308F04CFB6FF0010002F0E2FDB3
S3FD08015F3091E5D2689B6892689A42BFF432AFD5E73E467AE600250F4B804601262F4607930AE600BF5CA902080000C842F0AF020808B0020820B002080CAF020848B0020870B0020884B10208D853002040A1020840860208205D0020398EE338BC8C0208A0F14103192B0FD9A0F15B03052B08D9A0F16103DBB2192B02D858004130C0B270471A30C0B2704720384000C0B27047A0F14103192B05D8602911D97A2914D900207047A0F16103192B09D84029F7D95A2905D82038401AB0FA80F04009704788420CBF0220002070472039081AB0FA80F04009704700BF038C9B0703D0806803685B6A18476FF00100704738B50446008C00F009000128AF
S3FD0801602801D0002038BDA06805682D6AA847238CDB06F6D438BD00BF10B4048C14F0220F07D0640605D480680468E469A44610BC6047002010BC7047038C03F00903012B0BD110B50446806803689B699847238CDB0648BF6FF0010010BD6FF001007047038C13F0220F05D05B0603D4806803685B6918476FF00100704700BF038C03F00903012B0BD110B50446806803681B699847238CDB0648BF6FF0010010BD6FF001007047038C13F0220F05D05B0603D480680368DB6818476FF00100704700BF038C03F00903012B01D00020704710B50446806803689B689847238CDB0648BF002010BD038C13F0220F05D05B0603D4806803685B6818472C
S3FD080161200020704710B4037B044613F0060004D0606810BC03685B6A184710BC704700BF38B50446406805682D6AA847237B13F0020F08BF002038BD30B4047B054614F0040005D068680468E469A44630BC604730BC704710B50446406803689B699847237B13F0020F08BF6FF0010010BD00BF037B5B0703D5406803685B6918476FF00100704710B50446406803681B699847237B13F0020F08BF6FF0010010BD00BF037B5B0703D540680368DB6818476FF00100704710B50446406803689B689847237B13F0020F08BF002010BD10B4037B044613F0040004D0606810BC03685B68184710BC704700BF302383F311880D4B5B6813F4006302D174
S3FD0801621883F311887047EFF309834FF08072203BDA6183F30988064A1168D2688968926891428CBF034A044A9A61704700ED00E0205D00206B6200087E620008024AD36843F0C003D36070470038014030B40268437B11684468D940246801F00E010C420ED0807B074C013054F8305001FA03F353602DB104EBC0002B4630BC4068184730BC7047585F0020302383F31188054A0021D2F8A8300133C2F8A83081F31188704700BF205D00200D4B30B4D0E904455B68C2688B60816801325B1A4168E418C0E90232026845F100058B4288BF43609342C0E9044530BC38BF0360704700BF001000E030BFFDE738B50B07446B0FD40E23026BD2E9005062
S3FD08016310016821F00F010160527B93406B60636843F40073636038BD014807F017FD00BFECB2020808B530B129B1012901D0002008BD002AFBD0014807F008FD60BE020808B5302383F31188084AD2F89C30002B08DDD2F8A01029B9013BC2F89C3081F3118808BD024807F0F1FC00BF205D0020F8B2020808B5302383F31188084AD2F89C30002B08DBD2F8A01029B90133C2F89C3081F3118808BD024807F0D7FC00BF205D002000B302082DE9F04782B004460EF0C8F80546002863D0002211461646DFF810C4A35C1CF8030010F0040752D000295BD1571CBD4240F23D81E35D1CF8030041077CD410F0440F26D1782B00F04E810221582B3A46B7
S3FD0801640854D02E2B00F085803A2B3DD101360329F6B200F2C380012900F22B81A1B30132954231D80121023903292DD8DFE811F017010D01E800C3003A4611F0050F29D11746791C8D4240F20081635C1CF80320500778D5BA1C954240F2F780A35C03211CF8030010F0040F14D110F04400E4D1782B17D127447B78302B05D11EE010F0440F0DD0042904D10025284602B0BDE8F087D2D901329542C5D9012996D1F3E7782B01D0582BACD1002AAAD0A01810F8010C3028A5D10429E6D0EBD811F0050FE8D1571CBD4240F2C080E35D1CF80310480700F1FF8011F0440140F00681782B00F05881032189E7971CBD4240F2B780E35D1CF803004107A3
S3FD080165001ED410F0440FA0D1782B7FF47AAF22445378302BBCD13A46D7E70136F6B20529BCD801A353F821F0916401089D6401087B650108916401089D64010891640108033295424FF002013FF644AF6FE712F044022FD0BA1C95427BD9A35C03211CF8030010F0040F99D110F044007FF469AF782B00F0E980174644E7032E88D8571CBD4241D9E35D1CF8031011F0040040F0A08011F044017FF47BAF782B3FF478AF04212FE704293FF473AF013295423FF611AF3CE7782B78D00F46032122E74FF0000A01AF55460DE0B2451CBF00FA03F39846019C0AF1010AB245454404F101043FF657AF2046102239460BF04DFFCAEB4A7300294FEAC3031C
S3FD080165F808BFB0F5807F804603F11803E0D343E74FF0000A01AF55460DE0B2451CBF00FA03F39846019C0AF1010AB245454404F101043FF632AF20460A2239460BF028FFCAEB4A7300294FEAC30308BFB0F5807F804603F11803E0D31EE72046102200210BF016FF0546284602B0BDE8F08720460A2200210BF00CFF0546284602B0BDE8F087032E3FF608AF571CBD429BD9E35D1CF8031048072AD411F0440F45D1782B5DD00521B2E6A35C302B7FF4F5AE3A460FE7E35D302B7FF4EFAEBA1C9542CCD9A35C03211CF8030010F0040F7FF4EAAE10F0440F7FF4B9AE4EE70232954297D904217BE602329542B7D9032176E6023295427FF668AF0521B1
S3FD080166F070E6971CBD42ACD9E35D03211CF8030010F0040F41D110F044007FF499AE782B7FF478AE22445378302B7FF4B9AE3A46D0E6901C85427FF64AAF235C05211CF8037017F0040F2FD117F0440F44D1782B25D002460521B1E627447B78302B7FF49FAE0321A2E6A35C302B7FF499AE971CBD427FF62CAFE35D05211CF8030010F0040F0AD110F0440007D1782B7FF442AE22445378302B7FF483AE3A4686E622445378302B7FF47CAE02467FE6A35C302B7FF476AE901C85427FF653AF235C03211CF8037017F0040FEED117F0440F06D1782B06D0024671E60246052166E6024637E622445378302B7FF45AAE0246032170E600BF9DC6020878
S3FD080167E80C3008F091BE00BF4FF0FF330C3008F08BBE00BF0C3008F01FBF00BF4FF0FF310C3008F019BF00BF012813DD08B548684AB103782D2B06D14378682B03D183780BB9012008BD0449F0F716F9B0FA80F0400908BD02207047249A020870B50C4605460DF083FEB0B102462B7804EB840018445600002308E0B3FBF2F102FB1131685C9E42204438BF9B1A01339A4200EB8004F1D870BD204670BD00BF002270B5114D82B02B688DF80720D3B104461E69587A072101230DF10702B04770B92B680721DE68587A8DF8074001230DF10702B04708B92B681C7102B070BD4FF0FF30FAE76FF07E00F7E76C600020002230B5124C83B023688DF8DC
S3FD080168E00720E3B11979054669B91C69587A3D2101230DF10702A0479DF8073003F00F032B7003B030BD1046FFF7BCFF23680028EBD01A79002AE8D04FF0FF30F1E76FF07E00EEE76C600020002370B5364D82B02A688DF807308DF80630002A5DD006460DF10600FFF7C6FF002853D19DF8063063B32B683D211C69587A0DF107020123A0470446A0B99DF807202B6822F00F028DF80720002B43D0DC68587A3D2101230DF10702A04704462B6814205B6998476EB32A6801231469507A3D210DF10702A047044660B1204602B070BD2B683D211C69587A0DF107020123A0470446B0B99DF8073006F00F0623F00F0329681E438DF80760CC680123E5
S3FD080169D8487A0DF107023D21A0472B6804465B694FF416709847204602B070BD4FF0FF34F9E76FF07E04F6E76FF07E04C1E700BF6C6000200120704708B5014807F0A2F908B3020808B5014807F09CF910B302080120704708B513460021582218460FF0FBFB4FF40052034600205A6008BD00BF03460C224FF0FF301A607047002070471846704700207047034616224FF0FF301A607047EFF30983203383F30988002383F31188704700BF38B51A4DFFF70CFCFFF77CFCEB691C69DA681440E2B2D2431A61A30704D56B681B690BB128469847600704D56B689B690BB10E489847210704D56B681B6A0BB10A489847E20604D56B689B6A0BB107489B
S3FD08016AD09847E30704D56B689B680BB103489847FFF736FCBDE83840FFF78EBB1814002038B5FFF7D5FBFFF745FC134A53681807FCD5124C2268136850685168034021F007015160D9079DB203D50021204663689847AA0703D501216368084898476B0703D50221636805489847FFF709FCBDE83840FFF761BB00BF00280040A460002030B400224FF400441E49436B88421C601A605A605A6104D01B4B98421AD030BC70470E23D0E90B246568296821F00F012960617B256803FA01F1546869602168156821F00F012160527B93406B600E4B9842E4D1D0E90B21D1E900540E23206820F00F002060497B506803FA01F169600168146821F00F0112
S3FD08016BC80160527B9340636030BC7047A8130020E0130020F8B501231E4D8B40AC681C4235D1EC681C4232D10F2721F0030404F1804404F5803400F1404001F003018900A668A0F58430C0F383208F40884026EA07010843D107A06013D5D943A8681843A8600C4812F0020FC26814BF1A430A40C260084A106803431360536819405160F8BDA868D94320EA0300A860E9E7024807F080F80004014074C0020808B5FFF71BFBFFF78BFB0448FFF7F8FAFFF76CFBBDE80840FFF7C4BA8C9E020808B5FFF70BFBFFF77BFB0448FFF7E8FAFFF75CFBBDE80840FFF7B4BA7C9E020808B5FFF7FBFAFFF76BFB0448FFF7D8FAFFF74CFBBDE80840FFF7A4BA21
S3FD08016CC06C9E020808B5FFF7EBFAFFF75BFB0448FFF7C8FAFFF73CFBBDE80840FFF794BA5C9E020808B5FFF7DBFAFFF74BFB0448FFF7B8FAFFF72CFBBDE80840FFF784BA4C9E020808B5FFF7CBFAFFF73BFB0448FFF7A8FAFFF71CFBBDE80840FFF774BA3C9E020808B5FFF7BBFAFFF72BFB0448FFF798FAFFF70CFBBDE80840FFF764BA2C9E020808B5FFF7ABFAFFF71BFB0448FFF788FAFFF7FCFABDE80840FFF754BA1C9E020808B5FFF79BFAFFF70BFB0448FFF778FAFFF7ECFABDE80840FFF744BA0C9E020808B5FFF78BFAFFF7FBFA0448FFF768FAFFF7DCFABDE80840FFF734BAFC9D020808B5FFF77BFAFFF7EBFA0848436A5A685A605207C3
S3FD08016DB804D5026A99690AB109049047FFF7C4FABDE80840FFF71CBA8013002010B5094CFFF762FAFFF7D2FA2046FFF73FFA04F11000FFF73BFAFFF7AFFABDE81040FFF707BA00BF9C9E020810B5FFF74DFAFFF7BDFA1B4B5A691C68144004F47C425A61620504D5174A136D0BB1506D9847230504D5144A936D0BB1D06D9847E00404D5104A136E0BB1506E9847A10404D50D4A936E0BB1D06E9847620404D5094A136F0BB1506F9847230404D5064A936F0BB1D06F9847FFF770FABDE81040FFF7C8B9000401407050002010B5FFF70DFAFFF77DFA184B5A691C68144004F478725A61A30604D5144A936A0BB1D06A9847600604D5114A136B0BB141
S3FD08016EB0506B9847210604D50D4A936B0BB1D06B9847E20504D50A4A136C0BB1506C9847A30504D5064A936C0BB1D06C9847FFF737FABDE81040FFF78FB900BF000401407050002008B5FFF7D3F9FFF743FA094A516913680B4003F01003536123B1064A136A0BB1506A9847FFF71AFABDE80840FFF772B9000401407050002008B5FFF7B7F9FFF727FA094A516913680B4003F00803536123B1064A93690BB1D0699847FFF7FEF9BDE80840FFF756B9000401407050002008B5FFF79BF9FFF70BFA094A516913680B4003F00403536123B1064A13690BB150699847FFF7E2F9BDE80840FFF73AB9000401407050002008B5FFF77FF9FFF7EFF9094AFF
S3FD08016FA8516913680B4003F00203536123B1064A93680BB1D0689847FFF7C6F9BDE80840FFF71EB9000401407050002008B5FFF763F9FFF7D3F9094A516913680B4003F00103536123B1064A13680BB150689847FFF7AAF9BDE80840FFF702B900040140705000200122002143099B0010B403F1604300F01F0400F16040A24003F5614300F56140C3F88020C3F8802180F8001310BC7047012270B5194C857B2368AA401A422AD06168866823EA020321EA02023242C4E900321BD00022013504EBC5014A60590644F8352008D102F1804202F50432516921F001015161526913F4786F05D1084B5A6922F002025A615B6970BDC07BFFF7B7FF236858
S3FD080170A0DEE7034806F05AFE585F002000100240ACC00208F0B40026134F144D1448154B154907F1700C984211D91A46043951F8044F42F8044B9042F9D8421ED21A22F00302043213449D4203D943F8046B9D42FBD8674505D0D7E90413D7E906051037E1E7F0BC704700BFBCC002083461002034610020346100207CD80208FEE700BF704700BF704700BF0023C0E900008360704700BF10B40C46064A00F14801D2F8AC3004F14800013310BCC2F8AC30FFF7B7B800BF205D00200E4A0F4B91685B6882685B1A9B1AC26830B4D0E9044541680132E418C0E90232026845F100058B4288BF43609342C0E9044530BC38BF0360704700BF485F0020CE
S3FD08017198001000E00148FFF7DBBF00BFE85D00200148FFF7D5BF00BFD05D0020014B5B6883607047001000E00148FFF7F7BF00BFE85D00200148FFF7F1BF00BFD05D002008B590F8243083B10F2B0ED000228369816880F824201B689A688A42FBD85A68C0E900321060586008BD014806F0AAFD10BF0208012138B50F4B1C68D868226853601A6084F82410DC60FFF7D9FF054620462946FFF782FFEFF309832A6A243B9A4205D829462046BDE83840EEF7FCBF024806F087FD00BF205D00200082020808B590F8243083B10F2B0ED000228369816880F824201B689A688A42FBD25A68C0E900321060586008BD014806F06AFDFCBE0208B1F57F4FC7
S3FD0801729028BF4FF47F41322938B538BF32213224114AD5684318AD079BB20FD55363536A9BB2181A80B281420BD9322C00D138BD0A4AD36A43F00103D36238BD084806F045FD611CB1F5803F02D018460C46E0E7044806F03BFD00BF000C0040205D0020B09C0208789B020808B5064BD3F89C2022B9D3F8A030002B00DD08BD024806F025FD00BF205D002018B3020810B5074CFFF7EAFFE36822689B6892689A4203D9BDE81040FFF76ABF10BD00BF205D002070B50646FFF7D8FF06F02CFD134AD46884421FD0A36993421CD101211D6884F824602A68284653601A6085F824102146DD60FFF7DFFEEFF30983226A243B9A4205D821462846BDE8FA
S3FD080173887040EEF759BF044806F0E4FC034806F0E1FC00BF205D002000820208B8BF020808B5064BD3F89C20002A04DBD3F8A030002B00DD08BD024806F0CCFC205D002020B3020870B50446FFF7EAFF6168480722D1A3685A071FD199421DD25A1AB2F5847F19D3E268FF2A16D82069A0B165690B4E43F8840CA3F1840043F8401C43F8805C216843F8646C43F8540CBDE87040A3F16000F0F750BF024806F09BFC00BF5162000888BF020810B50446FFF7B8FF24B12046BDE81040FFF70ABF014806F089FC00BFACBF020838B504460D46FFF7A7FFBCB1E16B94F8243029430A2BE1630CD00B2B00D038BD636B8B43FBD1002320466363BDE83840A2
S3FD08017480FFF7D6BF636B1942F5D1F0E7014806F065FC00BFF0BF020870B506460D46FFF783FF8EB13468A6420DD0E3682B43E36015B123691D4203D0D4E90101FFF7C8FF2468A642F1D170BD014806F047FC00BF0CC0020808460021FFF7DEBF03792DE9F0411B070F4616D0804601F10C0600F10F0505E098F8043003F00F03A3420AD92C46304615F8011F07F0A4F80E3CA4EB08040028EED0381D0421BDE8F041FFF7BBBF00BF70B50446364BDD68FFF7E4FE002C31D0A068002831D0AA688368934207D290F824308260062B41D0072B2BD0C3B1234603E09968AA68914202D31B689C42F8D15A680620C5E9003215605D606C63FFF7E5FEA3685C
S3FD08017578AB420DD12B6CA3420AD170BD0121D0E9003280F8241013605A60FFF74DFFDCE71B4806F0DFFB2B6CC4E902532C6470BD466B4168026833460A60516003E099688268914202D31B689E42F8D15A68C0E9003210605860C0E7466B4168026833460A60516003E099688268914202D31B689E42F8D15A68C0E9003210605860436BAA689868836893429FD3A6E7205D002040BF020838B504460068A04211D00D4605E04563FFF708FF2068A04209D0036823605C6090F82430042BF2D0014806F091FB38BDDCBE020808B50346006850B190F82420032A07D100221A604163BDE80840FFF7E9BE08BD014806F07BFB00BF50C0020838B5204BED
S3FD08017670204ADC68D368A16B04F13805013B8D426063D36025D194F826305BB3E36A53B193F824200F2AFAD09A6B092022609C63FFF74EFEF2E7A26A52B1D36AA3420DD01A461B6BA342FBD1236B13630023A3620F20FFF73DFE0C4806F048FB236BD362F4E70B680846A363FFF7AAFEA16B8D42D1D0F6E7D4E9043213605A60CEE700BF205D0020485F002030C0020870B50446FFF752FE002C2ED0FFF74EFE236853B3184A11698C420CD000264FF0FF359968A068014460680360C3E901012660956170BD1146002041F8103F5960206013698B4213D09968A4680B4821449960406A938B80B2C31A9BB29942E9D9BDE87040C91AFFF793BD0548BD
S3FD0801776806F0F8FA024BD86070BD00BF205D0020000C0040E0BF020870B50C46144B86B0DE680546FFF7B4FD631C18D0FFF708FEDCB100220F4B214668460393CDE90462F0F7F4FB2846FFF7C7FDFFF7F9FD009B13B16846FFF79EFF706B06B070BD2846FFF7BAFD706B06B070BD034806F0C2FA205D00203D820108489C0208084AD26851B1034610B44468C2E900042260042010BC5A60FFF7C0BF4FF0FF30704700BF205D002008B5084BD3F89C20002A07DDD3F8A020002A03DD0022C3F8A02008BD024806F097FA00BF205D002028B3020808B5074BD3F89C20002A06DDD3F8A0201AB90122C3F8A02008BD024806F082FA205D002030B30208D7
S3FD0801786038B50D4B0D4C0D46834218BF0024302383F31188FFF7A4FCFFF7DEFF294604F12800FFF709FEFFF7C1FFFFF787FC002383F3118838BD00BF80130020000800202DE9F843DFF88490814530D10F46302383F311881B4DFFF783FCFFF7BDFF2C69C4B10026C84609E01E6121464046F0F70DFCAB68AC6063612C695CB1D9F824309B6813F0E05F05D063692B61002BEBD16B61EAE739460C48FFF7CEFDFFF786FFFFF74CFC002383F31188BDE8F883302383F31188FFF754FCFFF78EFF00231B69FFDE00BF0008002024080020801300202DE9F041454B464D88B006460F46984218BF00254FF0300888F31188FFF738FCFFF772FF002E75D0E4
S3FD080179583378012B6FD0042B6AD1304602A9F0F757FB00283BD16C685CB933E0E1799DF80C20C1F38011C2F30012914204D0246944B3E3785906F1D49A0608D5E2799DF80C30C2F34012C3F340139A42EFD19DF80C309B062AD4E388BDF810206188C3F38A03C2F30A02534013EA91030CBF01230023002BDBD0D4E9023102A898472469002CD6D1304602A9F0F71AFBC8B1394605F12000FFF754FDFFF70CFFFFF7D2FB002383F3118808B0BDE8F0816168049A23684A40C3F31C031A420CBF01230023D7E70190FFF7F6FEFFF7BCFB019880F3118888F31188FFF7C7FBFFF701FF9AE7064806F08FF9064806F08CF9054806F089F900BF80130020D7
S3FD08017A500008002060B3020844B3020838B302082DE9F047774DFEF71BFCFEF78BFCD5F8D460D6F80C803368DA059CB263D4302383F31188FFF79CFBFFF7D6FE14F02F0F3DD06D4F07F1080908E0A006D6F804A01ED4336813F02F0F9CB230D02307F4D014F0080F0CBF00218021E00748BF41F02001A20748BF41F040016307384648BF41F48071FFF7E0FCA006D6F804A0E0D5FFF762FC6B6995F8DC403BB3484604EA0A0106F0AFFD0028D3DA4FF480613846FFF7CAFC336813F02F0F9CB2CED1FFF77DFEFFF743FB002383F3118818F0800F01D0220626D418F0400F01D0630654D4FEF70EFCBDE8F047FEF766BB04213846FFF7AAFCD2E7302332
S3FD08017B4883F31188FFF738FBFFF772FE4FF40071281DFFF79DFC6FF480733360FFF752FEFFF718FB002383F3118884E7302383F31188FFF721FBFFF75BFEFFF711FCD5E911239A423DD0AA6B286C591C0132AA63A96481421F7801D3EB6BAB64286B294B98420AD002682A63536090F82430042B41D100234363FFF737FC7760FFF722FEFFF7E8FA002383F3118818F0400FABD0A8E7302383F31188FFF7EEFAFFF728FED5E911239A4219D0FFF70CFEFFF7D2FA002383F31188FEF7A7FBBDE8F047FEF7FFBAAA6B002ABED008210D48FFF740FC4FF67F7308EA0303F360CFE7AB6B002BE2D010210648FFF733FC4FF6BF7308EA0303F360D8E704488F
S3FD08017C4006F08CF8501400205414002080140020DCBE02082DE9F0474A4EFEF721FBFEF791FB3369F2681340DAB2D2439B07326105D4FEF76DFBBDE8F047FEF7C5BA302383F31188FFF79CFA0027FFF7D5FDFFF78BFBFFF789FBDFF8F8A00AF110084FF03009706ABAF81C30DAF8104080B2A568C11A89B2A94248D3D4E900212B449DB2AAF81C500A6051602760DAF81030434508BFF760FFF79AFDFFF760FA87F31188D4E903312046984789F31188FFF768FAFFF7A2FD60690028D3D0716A89B24D1BADB2A8421ED3DAF81020424535D09368984209D9A24202D12CE094422AD01268C01A93689842F8D84FF0FF31A06093682260181A536863603C
S3FD08017D381C60C2E90140CAF81810ACE7104806F009F8444505D0691AAAF81C00A160FFF799FAFFF757FDFFF71DFA002383F31188FEF7F2FABDE8F047FEF74ABA054805F0F1FF421B2046F0F7BBF8EAE7000C004024C00208849B0208205D00203E4B70B59842044661D03D4B9C4247D011F480731BBF01221346A360A260880544BF43F00203A3604A050BD5626B43F00403506820F400705060106840F400701060A3600E0544BF43F00803A3604D0444BF43F02003A360C8041CD543F010030904A36002D543F04003A360302383F31188FFF7DBF9FFF715FD6FF0010104F11C00FFF713FCFFF7F7FCFFF7BDF9002383F3118870BD0A04E5D4002B01
S3FD08017E30E6D170BD0E23D4E90B256E68306820F00F003060687B2E6803FA00F0556870602868166820F00F002860527B93407360A0E70E23D0E90B256E68306820F00F003060687B2E6803FA00F0556870602868166820F00F002860527B9340736086E7A8130020E013002038B50B4C636B5D69FEF7FEF9FEF76EFA05F45F43DB43626B2046A9B25361FFF76DFFFEF749FABDE83840FEF7A1B900BFE013002038B50B4C636B5D69FEF7E4F9FEF754FA05F45F43DB43626B2046A9B25361FFF753FFFEF72FFABDE83840FEF787B900BFA813002070B511F00804436B2AD10E22C16A05464E68306820F00F003060487B096882404A605A68302122F468
S3FD08017F2880525A601A6822F480621A601A6842F400721A6081F31188FFF73EF9FFF778FC214605F11C00FFF777FBFFF75BFCFFF721F984F3118870BD014805F0FBFE00BFECB2020870B5446B464AA369656982B045EA034303F0FF1393423CD8B3F5403F2AD9A3F54033013B102B1FD8DFE803F027091E1E1E1E1E471E1E1E1E1E1E1E1E4C006268C36A22F400725B6862601A6842F001021A60626842F4805262605B68012B03D8236823F48063236015F00A0F18BFA36902B070BDB3F1011FF6D1038C1A0A1FD002F0060203F00103134343F0F0032361EAE7244A934238D002329342E4D1C36A22695B685E68A6B1028C236842F0010243F4A06365
S3FD0801802002842360DAE7038CC3F347032361D1E7FEF78EFD636823F400736360CAE76368302223F4007363602368019043F40073236082F31188FFF7B3F8FFF7EDFB019831461C30FFF7ECFAFFF7D0FBFFF796F886F31188AEE76368026B23F4007352686360136843F001031360A3E7110003008200070008B5FEF703F9FEF773F90448FFF764FFFEF754F9BDE80840FEF7ACB8E013002008B5FEF7F3F8FEF763F90448FFF754FFFEF744F9BDE80840FEF79CB8A813002070B5194CFEF7E2F8FEF752F9636A1D69AA071AD05A69A66922F010025A6116B102212046B047302383F31188FFF75EF8FFF798FB00210D48FFF77EFAFFF77CFBFFF742F840
S3FD08018118002383F31188EB0606D5D4E90832102111610BB103489847FEF70EF9BDE87040FEF766B8801300209013002070B5194CFEF7AAF8FEF71AF9636ADD68AA071AD05A69A66922F002025A6116B101212046B047302383F31188FFF726F8FFF760FB00210D48FFF746FAFFF744FBFFF70AF8002383F31188EB0606D5D4E908321021D1600BB103489847FEF7D6F8BDE87040FEF72EB8801300209013002008B5FEF773F8FEF7E3F81D4A516A8B688B6013F0010104D013F00C0F18BF4FF48031D80506D513F4406F14BF41F4003141F00201D80306D513F4402F14BF41F4802141F00401D3690BB10D489847302383F31188FEF7DAFFFFF714FB0D
S3FD0801821000210948FFF7FAF9FFF7F8FAFEF7BEFF002383F31188FEF793F8BDE80840FDF7EBBF00BF801300208813002038B530230C4683F31188FEF7BBFFFFF7F5FA94F82430052B0ED8DFE803F0130D0D1B0903656BFFF7A1F8AB680133AB60D4E9003213605A604FF0FF3320466363FEF7ECFFFFF7C4FAFEF78AFF002383F3118838BD0022636B20461A604FF0FF336363FEF7DBFFEDE708B5074BD3F89C2032B9D3F8A010002902DDC3F8A02008BD024805F04DFD00BF205D002078B3020808B5FFF7E9FFFEF769FF084B1A689A4203D1002383F3118808BDD96893688A689A42F6D2024805F033FD00BF205D0020C49B020808B5FFF7CFFFFEF734
S3FD080183084FFF084B1A689A4203D1002383F3118808BDD96893688A689A42F6D2024805F019FD00BF205D0020C4BE020808B5FFF7B5FFFEF735FF084B1A689A4203D1002383F3118808BDD96893688A689A42F6D2024805F0FFFC00BF205D0020A09B020808B5064BD3E927120A4303D10122C3F8A02008BD024805F0EDFC00BF205D002080B30208000000004FF47A7370B5002503FB00F01C491D4C0023E1FB00451A4A20462946EFF762F915A3D3E90023AB4208BFA24219D3064600B970BD302383F31188FEF7FFFEFFF7CBFF31460820FFF7D3F9FFF763FFFEF7E3FE0D4B1A689A4206D1002383F3118870BD0A4805F0B2FCD96893688A689A42C5
S3FD08018400F3D2074805F0AAFCBFBDF0FF3F420F0040420F003F420F00205D002070BE0208A09B02082DE9F041254D04460F463023D5F80C8083F31188FEF7C8FEFFF794FFD8F83C3013EA04060DD1EFB14FF0FF310A20C8F83440FFF793F9002807DBD8F83C3003EA040623EA0603C8F83C30FFF719FFFEF799FE2B68AB4212D1002383F311883046BDE8F081FFF70CFFFEF78CFE2B68AB420DD1002686F311883046BDE8F081EA689B6892689A42E7D2054805F055FCEA689B6892689A42ECD2F6E700BF205D0020AC9B020870B5174D04463023EE6883F31188FEF779FEFFF745FFF36B13EA040010D04442044023EA0403F363FFF7D8FEFEF758FEA8
S3FD080184F82B68AB420CD1002383F31188204670BD0A207463FEF718FFF36B03EA0400E6E7EA689B6892689A42EDD2024805F01AFC205D0020AC9B020838B504460D46302383F31188FEF746FEFFF712FF29462046FEF7A6FFFEF7E6FEFFF7A8FEFEF728FE074B1A689A4203D1002383F3118838BDD96893688A689A42F6D2024805F0F2FB205D0020AC9B020838B5D0B104460D46302383F31188FEF71DFEFFF7E9FE29462046FEF759FFFEF7BDFEFFF77FFEFEF7FFFD094B1A689A4206D1002383F3118838BD064805F0CEFBD96893688A689A42F3D2034805F0C6FB205D002000C00208AC9B020838B5C0B10446302383F31188FEF7F0FDFFF7BCFED3
S3FD080185F00023E568E360FFF755FEFEF7D5FD0A4B1A689A4208D1002383F311882069284038BD064805F0A2FBD96893688A689A42F1D2034805F09AFB205D0020C8BF0208AC9B020838B5F8B104460D46302383F31188FEF7C3FDFFF78FFE234601E0AB420FD01A461B68A342F9D1FFF723FEFEF7A3FD0B4B1A689A4209D1002383F3118838BD1B681360F0E7064805F06FFBD96893688A689A42F0D2034805F067FB00BF205D002078BF0208AC9B02082DE9F0410C46054690461F46302181F31188FEF78DFDFFF759FEFEF777FEADB10023104E2968F26821602C60C4E90337C4E90128FFF7E8FDFEF768FD3368B34207D1002383F31188BDE8F08144
S3FD080186E8064805F037FBF2689B6892689A42F2D2034805F02FFB00BF205D002024BF0208AC9B020838B53023044683F31188FEF759FDFFF725FEFEF743FEDCB12068A0420AD06FF00105036823605C60FEF77CFE456320688442F6D1FEF7ECFDFFF7AEFDFEF72EFD094B1A689A4206D1002383F3118838BD064805F0FDFAD96893688A689A42F3D2034805F0F5FA00BF205D002064BF02086CB102082DE9F041DFF8A88005463023D8F80C7083F31188FEF71AFDFFF7E6FD3E6C002E33D0B368BB4230D1AE422ED1EC683C64FEF7A2FD2B689D422AD07E6C5CB1FEF79BFD23689C4203D09B689E4238BF1E46E468002CF3D1BE602868026C03682B605E
S3FD080187E05D60C5E902020564FEF722FEFEF796FDFFF758FDFEF7D8FCD8F8003043450AD1002383F31188BDE8F081074805F0A6FA0023B360ECE7D8F80C209B6892689A42EED2024805F09AFAA0BF0208B8BE0208205D002070B53023044683F31188FEF7C5FCFFF791FDFEF757FDA3686BB100260E4DFFF727FDFEF7A7FC2B68AB420CD1002383F31188304670BD084D0126EB681A6CC4E902321C64EBE7EA689B6892689A42EDD2024805F069FA00BF205D0020B8BE020810B53023044683F31188FEF795FCFFF761FD2046FEF73CFEFFF7FAFCFEF77AFC074B1A689A4203D1002383F3118810BDD96893688A689A42F6D2024805F044FA205D00200D
S3FD080188D8B8BE02082DE9F8433023074683F311881F4DFEF76FFCFFF73BFD2C6AFFF7D6FCFEF756FC2B68103CAB422AD1002686F311884FF03009DFF8608002E086F31188E4B1236A9F4219D089F31188FEF752FCFFF71EFD246944450CBF0024103CFFF7B5FCFEF735FC2B68AB42E7D0EA689B6892689A42E2D2074805F004FA2046BDE8F883EA689B6892689A42CFD2F3E700BF205D0020F0BE0208405D002010B53023044683F31188FEF725FCFFF7F1FC4CB3E36AABB193F82510DA6A41F0040183F825100AB11346F5E71A6B1AB11346F1E79C4205D09B6A1A6B002AF9D09C42F1D194F8253043F0040384F82530FFF76EFCFEF7EEFB094B1A6853
S3FD080189D09A4206D1002383F3118810BD064805F0BDF9D96893688A689A42F3D2034805F0B5F900BF205D00204CBF0208A09B0208F8B5394EFF28F46858D80546302383F31188FEF7DBFBFFF7A7FC676CA368BB4223D0AB4221D3A26A656482B1BD420ED0D36A1CD9206B13B1596C8D4229D32363D46223B11A461B6BA342FBD11063FEF765FCFFF727FCFEF7A7FB3368B34230D1002383F311883846F8BDA560DBE79C4217D01A461B6BA342FBD1236B1363D3B1596CA94217D91A461B6BF8E75A6C954203D219461B6B002BF8D123630C63236BCFE7236BD362A26213B1596C8D4213D32363D462CBE723631463C8E70B4805F04DF9F2689B689268B7
S3FD08018AC89A42C9D2084805F045F95A6C954203D219461B6B002BF8D123630C63B3E700BF205D00203CC00208A09B020808B50446302383F31188FEF765FBFFF731FC2046FEF7B0FDCBB282B0022B019106D003F0FD02012A0BD0802002B07047BDF805200370131282704370002002B070470370002002B0704700BF10B599B10C46302383F31188FEF738FBFEF772FE20460021FEF79EFCFEF756FEFEF71CFB002383F3118810BD0748084A90F820350749022B08BF00F23C50FF2305F01EFD6FF00100FFF7B4FFD85300205C860208408602082DE9F047002852D091469846074600293DD0B9F13F0F10D92C482D4A90F820352C49022B08BF00F294
S3FD08018BC03C5040F6B81305F0FBFC6FF00100FFF791FFB8F1400F18D8C14528BF002012D209F1FF3408F1FF360C440E4407F22C5AD7F82C5514F8011F5046ED68A847A642F6D1A8EB0900BDE8F0871648164A90F820351649022B08BF00F23C5040F6B91305F0CEFCD1E79A42BFD20E480E4A90F820350E49022B08BF00F23C5040F6B71305F0BEFCC1E70748074A90F820350749022B08BF00F23C5040F6B61305F0B0FCB3E700BFD853002024860208408602082DE9F047002861D090461F46054600294CD0B8F1400F10D93448354A90F820353449022B08BF00F23C5040F6951305F08FFC6FF00100FFF725FF402F28D8B8450FD9444605F22C59EE
S3FD08018CB8D5F82C154846CE68013C0821B047A742F6D1A4EB0800BDE8F08741D208F1FF3407F1FF390C44894405F22C5AD5F82C3514F8011F5046DE68B047A145F6D13C46A4EB0800BDE8F0871648174A90F820351649022B08BF00F23C5040F6961305F053FCC2E79A42B0D20E480F4A90F820350E49022B08BF00F23C5040F6941305F043FCB2E70748084A90F820350749022B08BF00F23C5040F6931305F035FCA4E74446CDE7D85300202486020840860208F8B5002849D00D46B1B30B787F2B33D00023D0F890260446D0F88C66FFF774FF28460BF0E3FB00220346C4F88C0629462046FFF7FDFED4F88C36B34219D2C4F8903604F22C57D4F8BD
S3FD08018DB02C352021DB6838469847D4F890360133B342C4F89036F2D3D4F88C36324629462046FFF74DFFD4F88C36C4F89036F8BD0F48104A90F820350F49022B08BF00F23C5040F6FB1305F0E3FB6FF00100FFF779FE0748074A90F820350749022B08BF00F23C5040F6FA1305F0D2FBEDE700BFD85300202486020840860208000000002DE9F0438FB0002835D090F81135044613F00C0315D0042B42D0082B00F0A7806548664A90F820356549022B08BF00F23C5040F6781305F0ABFB6FF00100FFF741FE00F22C55D4F82C3500225B6A02212846984794F811359B071AD4D4F80C25584B2846002A08BF1A46574905F090FB0FB0BDE8F0835048D3
S3FD08018EA8504A90F820355349022B08BF00F23C5040F6571305F080FBD3E728464E4905F07BFB0FB0BDE8F083302383F31188FEF779F9FFF745FA04A8F8F7CCFBFFF7DEF9FEF75EF9454B1A689A426BD1002383F31188DDE90467142330463946404AEEF7B5FB1046194634A3D3E90023EEF7AEFB1423814639463046394AEEF7A7FB394680464FF47A7230460023EEF79FFB3046039239460023334AEEF798FB104619464FF47A720023EEF791FB39460290002330462D4AEEF78AFB10461946294A0023EEF784FB1CA3D3E900230546394630460195EEF77BFB10461946234A0023EEF775FB04F22C5500904B46424628461F4905F012FB6BE704A8A7
S3FD08018FA0F8F720FBDDE90832DDE90460069902F26C7204F22C55CDE90206009201912846079A1549013305F0FBFA54E7D96893688A689A428ED2114804F0C0FEAFF3008000A493D600000000D853002024860208788602087C8F0208D8B3020840860208D0B30208205D00200060D71D40420F000087930388B30208ACB30208D0BE020800B583B002AB03E906009DF80430012B0DD90522023B0270BDF80010009A072B18D8DFE803F0403D3A372B1D1A151F481F4A90F820351F49022B08BF00F23C5040F6E30305F0ACFA6FF00100FFF742FD5C23437003B05DF804FB2D234370F9E72B23437072B91148134990F82035022B08BF00F23C5005F083
S3FD0801909893FAE5E740234370002AF0D0130C120E41800371427103B05DF804FB7E234370E4E723234370D9E721234370DEE73F234370D3E7D85300202486020840860208E0B302082DE9F041F0B10A0E0F461749064605F069FA10250446DFF8508033683A21DB683046984727FA05F241463046D2B205F059FA083D013415F1080F0444EDD12046BDE8F08109480A4A90F820350949022B08BF00F23C5040F2CF7305F043FA6FF00100FFF7D9FC00BFF4B30208D853002024860208408602082DE9F04F85B0CDE9012198460E9A0390002858D0029B002B44D00AB1002313700027DDE9026AB8F1000F04D0D8F800300BB1BB4255D99AF800405546DD
S3FD080191900AF1010AB4B1B14616F801BBBBF1000F13D059462046FCF70BFF022803D0019BF3B901281CD11AB11378012B18BF10700137DAE7029B3B449946B8F1000F02D0C8F800702C7899F800B02046FCF7D8FE02465846FCF7D4FE101A05B0BDE8F08FB8F1000FECD1F0E71248134A90F820351249022B08BF00F23C5040F2C56305F0D7F96FF00100FFF76DFC0A480A4A90F820350A49022B08BF00F23C5040F2C46305F0C6F9EDE7039BDC5D029B13F807B0CBE700BFD853002024860208408602082DE9F041056882B00DB12B7883B93448344A90F820353449022B08BF00F23C5040F6B57305F0A4F96FF00100FFF73AFC0446202128460EF082
S3FD080192884FFF0028E7D1284609210EF049FF0028E1D1636883B3A6686EB12348234A90F820352349022B08BF00F23C5040F6BA7305F082F9DCE71F4F1F48FFF7E7FA3D6845B3B0462868CDF80080002301222168FFF73CFF00280ADB1ED0A560D6B1B4601548FFF749FA002002B0BDE8F081AB682E46B3B11D46E5E70B480C4A90F820350B49022B08BF00F23C5040F6B97305F053F9ADE73C60E3E70748FFF72DFA8020E2E7AC60DCE700BFD85300202486020840860208AC600020B837002008B5B8B1032910D91148124A90F820351149022B08BF00F23C5040F2D15305F02DF96FF00100FFF7C3FB00EB811000F5B16008BD0648074A90F8203524
S3FD080193800649022B08BF00F23C504FF4BA6305F017F9E8E7D8530020248602084086020808B528B1BDE80840D0F8C016FFF7CABF0848094A90F820350849022B08BF00F23C504FF4C06305F0FBF86FF00100FFF791FB00BFD8530020248602084086020808B5D8B1032910D91348144A90F820351349022B08BF00F23C5040F2F25305F0DFF86FF00100FFF775FBD0F8C036591A01F00301BDE80840FFF794BF0648074A90F820350649022B08BF00F23C5040F2F15305F0C5F8E4E7D8530020248602084086020808B5B8B1D0F8C416034669B1012903D0D0F8C826914209D11846FFF79FFF18B103787F2B00D008BD002008BD0139FFF7B5FFF4E7BA
S3FD080194780848094A90F820350849022B08BF00F23C5040F2226305F097F86FF00100FFF72DFB00BFD8530020248602084086020808B548B1D0F8C41621B1BDE808400139FFF792BF084608BD0848094A90F820350849022B08BF00F23C5040F20F6305F073F86FF00100FFF709FB00BFD85300202486020840860208F8B5D0B10446FFF753FFD4F8C416054649B9D4F8C8362BBB01232846C4F8C436C4F8C836F8BD012918D0D4F8C83699421CD1C4F8C8362846F8BD1848184A90F820351849022B08BF00F23C5040F6432305F03EF86FF00100FFF7D4FA2846C4F8C816F8BD40220CF06BFED5E72046FFF7A3FF2B4600F1400C076846688168C26875
S3FD08019570103060451F605E609960DA6003F11003F2D1D4F8C436C4F8C836CCE7D853002024860208408602082DE9F04F8BB0002800F08E80B84EF56895F83832A5F5956713F0E00F0DD0B548B54990F82035022B08BF00F23C5004F0FBFF6FF00100FFF791FA894690460446012241464846FDF717F9002840F00F81D8F804A09AF800B0BBF12D0F72D19AF80130612B6ED19AF80230002B6AD1B9F1020F00F3C981DFF8D88243F60573D7F83045ADF80830A4B1238CD9050ED5226843F0200323842046536802A902229847238C1A055CBF23F0200323846468002CEAD1302383F31188FDF7BCFDFEF788FE08A8F8F70FF88D494046ECF71DFFEDF79B
S3FD0801966865F900230022089C0019099CC5F8B00044EB01018648C5F8B41005F1C801C5E92E23C5E9300105F19800F8F731F8FEF705FEFDF785FD3368B34240F06E83002383F3118897F8E02642F0200287F8E02618460BB0BDE8F08F7248764A90F820357549022B08BF00F23C5040F20A5304F073FF76E750467149EDF7BEF900288ED0BBF12D0F04D19AF801306C2B00F0FA8050466B49EDF7B0F9002800F0F880BBF12D0F00F0878150466649EDF7A5F9002800F08A81BBF12D0F40F03E839AF80130642B40F039839AF80230002B40F03483B9F1020F40F32A83B9F1030F35D0D8F80C0007F02DF921F0004902464B4649468246EDF7B5FE002843
S3FD0801976040F09A83504649464FF0FF32504BEDF7ABFE48B9504649464FF0FF324C4BEDF785FE002800F088835046494600224FF48013EDF785FE002800F07E83D8F80C0007F002F900220023EDF77AFE002840F0B183DFF83491D8F8080003782A2B40F0FD824378002B40F0F98242F60552C7F8D436ADF82020D7F83045002C3FF46CAF228C12050BD5216802224D68204608A90193A847228C019B22F4026222846468002CEDD158E7D8F800202A49204604F0D7FE2949204604F0D3FE2849204604F0CFFE2749204604F0CBFE2649204604F0C7FE2549204604F0C3FE2449204604F0BFFE2349204604F0BBFE2249204604F0B7FE2149204604F078
S3FD08019858B3FE2049204604F0AFFE1F49204604F0ABFE1E49204604F0A7FE414648460122FCF7CAFF01280CBF0023022318E700BF205D0020D8530020FCB3020800247449D5740108248602084086020894B50208A0B50208A8B50208FFFFEF7F08B4020870A302087CA302088CA302082CB4020840B4020878B4020888B40208CCB40208E0B4020810B502082CB5020870B50208CDCCCC3D9AF80230002B7FF401AFB9F1020F00F34F81DFF8948342F20533D7F83045ADF80C307CB1238C1B0509D5D7F8D436A34205D02368022220465B6803A998476468002CEFD1302383F31188FDF749FCFEF715FD08A8F7F79CFECE494046ECF7AAFDECF7F2FF84
S3FD0801995000230022089C0019099CC5F8B00044EB0101C848C5F8B41005F1C801C5E92E23C5E9300105F19800F7F7BEFEFEF792FCFDF712FC3368B34240F07F82002383F3118897F8E02642F0400287F8E0268BE6D8F8080007F000F821F000440246234621468146EDF788FD002840F02A81484621464FF0FF32B04BEDF77EFD48B9484621464FF0FF32AC4BEDF758FD002800F018814846214600224FF48013EDF758FD002800F00E81D8F8080006F0D5FF00220023EDF74DFD00283FF401AED8F8080006F0CAFFEDF78EFD8046FAE59AF80130632B7FF474AE9AF80230002B7FF46FAEB9F1020F40F3AE81B9F1030F35D0D8F80C0006F0B1FF21F014
S3FD08019A48004902464B4649468246EDF739FD002840F05D81504649464FF0FF32884BEDF72FFD48B9504649464FF0FF32844BEDF709FD002800F04B815046494600224FF48013EDF709FD002800F04181D8F80C0006F086FF00220023EDF7FEFC002840F02D82DFF8E891D8F80800FCF781FCC7F8D006002800F0EC80D7F83835984200F0E78020466F4904F077FD2046D7F8D016FFF700FB20466C4904F06EFD0622D7F8D0368DF8242008930AAB04A813E90600FFF792FAD7F83045A4B1238CD8050ED5226843F02003238404A95368204606229847238C19055CBF23F0200323846468002CEAD1302383F31188FDF74BFBFEF717FC06A8F7F79EFD1A
S3FD08019B404F494846ECF7ACFCECF7F4FE00230022069C0019079CC5F8B00044EB01014948C5F8B41005F1C801C5E92E23C5E9300105F19800F7F7C0FDFEF794FBFDF714FB3368B34240F0CE81002383F3118897F8E02642F0600287F8E0268DE5D8F8080006F002FF21F000440246234621468146EDF78AFC002878D1484621464FF0FF32314BEDF781FC40B9484621464FF0FF322D4BEDF75BFC002867D04846214600224FF48013EDF75CFC00285ED0D8F8080006F0DAFE00220023EDF752FC00283FF47EAED8F8080006F0CFFEEDF793FC804677E6D8F8080006F0C7FE21F000498A4602464B4649460446EDF74EFC00287FF4EEAC204649464FF09D
S3FD08019C38FF32134BEDF744FC48B9204649464FF0FF320F4BEDF71EFC00283FF4DCAC2046494600224FF48013EDF71EFC00287FF4D2AC2046514600220023EDF7F7FB00287FF4BDAEC7E400BF00247449D5740108FFFFEF7FD4B50208E4B50208CDCCCC3D2046A94904F090FC00220223C7F8D02606E5D8F8080006F07BFE21F000498A4602464B4649460446EDF702FC00287FF41AAE204649464FF0FF329C4BEDF7F8FB48B9204649464FF0FF32984BEDF7D2FB00283FF408AE2046494600224FF48013EDF7D2FB00287FF4FEAD2046514600220023EDF7ABFB00287FF46CAFF3E5D8F80C0006F045FE21F0004A8B460246534651468146EDF7CCFB10
S3FD08019D3000287FF4BAAE484651464FF0FF32814BEDF7C2FB48B9484651464FF0FF327D4BEDF79CFB00283FF4A8AE4846514600224FF48013EDF79CFB00287FF49EAE4846594600220023EDF775FB00287FF48AAE93E6F2689B6892689A42BFF48CAC6E4803F0E4FF20466D4904F012FC02238BE450466B49ECF75CFE00283FF4C5AC52462046684904F004FC02237DE4FCF7FCFAC7F8D00600283FF467AFD7F8382590423FF462AF2046604904F0F2FB2046D7F8D016FFF77BF920465C4904F0E9FB42F20533ADF81830D7F830457CB1238CDB0509D5D7F8D436A34205D02368022220465B6806A998476468002CEFD1302383F31188FDF7D3F9FEF7AC
S3FD08019E289FFA08A8F7F726FC4B494846ECF734FBECF77CFD00230022089C0019099CC5F8B00044EB01014548C5F8B41005F1C801C5E92E23C5E9300105F19800F7F748FCFEF71CFAFDF79CF93368B3425DD1002383F3118897F8E02662F07F0287F8E02616E4F2689B6892689A42BFF47BAD7AE7D8F80C0006F084FD21F0004A8B460246534651468146EDF70BFB00287FF47DAC484651464FF0FF32204BEDF701FB48B9484651464FF0FF321C4BEDF7DBFA00283FF46BAC4846514600224FF48013EDF7DBFA00287FF461AC4846594600220023EDF7B4FA00287FF44DAC56E4D8F80C0006F04EFDEDF712FB8146CCE5D8F80C0006F046FDEDF70AFB78
S3FD08019F20814648E4F2689B6892689A42BFF42CAE2DE7F2689B6892689A429CD227E700BFC8B50208FFFFEF7FD0BE0208B4B50208E8B50208E8A70208F8B50208E4B5020800247449D57401082DE9F843002871D001290F461646044639DD55687E4B95F80080D3F80C90B8F12D0F5CD028467B49ECF766FD00286ED1022F28D0B56878492846ECF75DFD002800F09B8028467549ECF756FD002800F08D8028467249ECF74FFD002800F0A38028467049ECF748FD002800F0B98028466D49ECF741FD002800F0A9802A4620466A4904F0E9FA32686949204604F0E4FA6849204604F0E0FA6749204604F0DCFA6649204604F0D8FA6549204604F0D4FADC
S3FD0801A0186449204604F0D0FA6349204604F0CCFA6249204604F0C8FA314638460122FCF7EBFB01280CBF00200220BDE8F8836B78702B9FD1AB78002BA2D09BE75848594A90F820355849022B08BF00F23C5040F2A44304F0A9FA6FF00100FEF73FFDB8F12D0F02D16B786D2B55D028464F49ECF7EBFC002846D1022F63D0B5684C492846ECF7E2FC78B395F80080B8F1630F24D028464849ECF7D8FC40B1B8F1630F95D16B78692B92D1AB78002B8FD199F86930002023F0100389F86930B6E799F8693043F0020389F86930AFE799F8693023F0020389F86930BDE8F8836B78732BD7D1AB78002BD4D199F86930002043F0100389F8693099E799F8C3
S3FD0801A110693023F00C0389F8693092E7012231463846FCF775FB01287FF45CAF5FE7AB78002BACD0A5E799F8693023F0040343F0080389F869307CE799F8693023F0080343F0040389F8693073E799F869101C4B11F0100F184A204608BF1A46194904F027FA002065E700BF205D002028B6020840A2020834B602083CB6020844B602084CB6020844B7020880B6020870A302087CA302088CA3020898B60208D0B60208ECB6020820B70208D8530020248602084086020858B6020808B6020860B6020818B6020870B6020810B5002873D00446414904F0EDF923680A21DB682046984720463E4904F0E4F920463D4904F0E0F920463C4904F0DCF95D
S3FD0801A20820463B4904F0D8F920463A4904F0D4F92046394904F0D0F92046384904F0CCF92046374904F0C8F92046364904F0C4F92046354904F0C0F92046344904F0BCF92046334904F0B8F92046324904F0B4F92046314904F0B0F92046304904F0ACF920462F4904F0A8F920462E4904F0A4F920462D4904F0A0F920462C4904F09CF920462B4904F098F920462A4904F094F92046294904F090F92046284904F08CF92046274904F088F92046264904F084F9236820460A21DB689847002010BD2248224A90F820352249022B08BF00F23C5040F2714304F070F96FF00100FEF706FC5CB702087CB7020890B70208A8B70208B0B70208D0B702085D
S3FD0801A300D8B70208ECB7020800B8020828B8020844B8020868B8020874B802089CB80208A8B80208D0B80208DCB8020820B9020834B9020858B902086CB9020894B90208A4B90208CCB90208D4B9020800BA0208D853002024860208408602082DE9F04385B0002800F09880534E0446F5682A6EA5F5956512B1514904F022F95049204604F01EF9D5F838152046FEF7A7FE4D49204604F015F94C48FEF77CFA4B4B1B68002B00F0878000259B680135002BFBD14548FEF7E5F92A464549204604F000F940224449204604F0FBF808224249204604F0F6F804222046404904F0F1F8F368002B47D01A6A643B3D499A1A204604F0E7F8F068F7F79AF845
S3FD0801A3F8F5680746002D39D0EBF7F6FF2B6A643D8046E81AEBF7F0FF01464046ECF7F8F83249ECF741F8ECF761FD3A46CDE9000120462F4904F0C8F8F568FDB12B6AA5F16400C01AEBF7D8FF01464046ECF7E0F82649ECF729F8ECF749FD804628468946F7F73CF83A460290CDE900892046214904F0AAF8002005B0BDE8F0831E4B1F4A93F820351E49022B08BF1E484FF4917318BF194804F098F86FF00100FEF72EFB1548194A90F820351549022B08BF00F23C5040F24C4304F087F8EDE71D467BE7205D00202CBA020848BA020820BD0208B8370020AC60002064BA020880BA0208A8BA0208C4BA0208FCBA02080000C84220BB02084CBB020874
S3FD0801A4F0D8530020E0BA0208408602081459002024860208F8B5446844B130260027144D238C1B0703D46468002CF9D1F8BD86F31188FCF753FEFDF71FFF228CE36922F0080243F00403E3612284FDF7B3FEFCF733FE2B68AB4202D187F31188E3E7EA689B6892689A42F7D2024803F0FFFB00BF205D0020D0BE02082DE9F04144680CB30D4630260027DFF85880A54217D086F31188FCF723FEFDF7EFFEE269238C22F0040243F008032384E261FDF783FEFCF703FED8F80030434506D187F311886468002CE2D1BDE8F081D8F80C209B6892689A42F2D2014803F0C9FB00BFD0BE0208205D00202DE9F04F93B0002800F0CC83DFF854A3D0F8082535
S3FD0801A5E8DAF80C3000F5A364DA6181460394FEF7D3FE402200210BF017FE002301222146C9F8943609F5AE64BC48C9F88836C9F88C36C9F89036C9F89736C9F89C36C9F8A036C9F8A436C9F8A836C9F8AC36C9F8B036C9F8B436C9F8B836C9F8BC36C9F8C036C9F8C83689F8CC36C9F8D036C9F8D436C9F8D836C9F8DC3689F8E036C9F8C4264FF0FF3309F2745504940595FEF711F8204629464FF0FF330222FEF70AF8D9F8304509F2946854B10423A06804F10C011A461844FDF7FDFF6468002CF4D109F22C579649384603F086FF9549384603F082FFD9F82C350A21DB68384698474846FEF7B1FB022309F2145B89F8103558460121FDF728FFC2
S3FD0801A6E0DAF80C3093F825305A0720D4884BA3EB090307934346D846CB46B9461F464FF0FF30FDF7E1FE022800F00C83042863D0012852D002467F49484603F051FFDAF80C3093F825305807E9D5D946C34603997448FDF77FFF302383F31188FCF746FDFDF712FEFCF730FED9F8403509F5A86413B12046FCF7D2FF00230022C4E90823FDF7A0FDFCF720FDDAF80030534541F09B81002383F31188DDE90401FDF75AFFD9F8304544B1A06804F10C010430FDF751FF6468002CF6D1302383F31188FCF715FDFDF7E1FD04235846082189F81035FCF772FE0020FCF759FF0398FDF70EFF10F0FF0F00F00B830323DAF80C008BF81035FEF7CFF8A2E741
S3FD0801A7D8DBF88806002800F0D4835B46CDF81880CB46B84699460C30FDF7F4FE430762D499F8E03613F0110F09D1D9F88836002B00F0B1825868C9F888060028EBD14B464746D946DDF818809B467CE7224640463B4909F0C1FE002800F0588422464046384909F0B9FE002800F0C68322464046354909F0B1FE002840F00181032C01F02782022C08D822464046304909F0A4FE002800F002810125224640462C4909F09BFE002840F00281062C01F0F081052C98BF012522464046264909F08DFE002800F0FF8022464046234909F085FE38B122464046214909F07FFE002840F04A87052C00F24787D9F88806036801221C6A0DF136010023A047B1
S3FD0801A8D0002891D0D9F88816D9F8D4060A8C002800F0F881D70529D4884201F00080162403689DF83610DB689847D9F8880689F8CC46DEE7E45300207CBB020898BB02086CF9FFFF58BD02082CBC020830BC020834BC020838BC02083CBC020844BC02084CBC020854BC0208205D0020140540F1198288420CBF162400249DF83630052B00F0238299F8E056E90600F1FF80002C40F067819DF836301B2B00F0258299F8E026D10740F19E820022D9F89C468DF8362009EB0402013482F89436C9F89C461CB9404609F0DEFD044622464046D24909F006FE002840F02082042C00F08C8022464046CD4909F0FBFD032C8CBF0025012518B9032C00F26D
S3FD0801A9C81D83012522464046C74909F0EDFD002840F0E082032C01F06D80022C00D8012522464046C14909F0DFFD002840F0BC82042C01F0E580032C22464046BC4998BF012509F0D1FD18B9032C3FF607AF012522464046B74909F0C7FD002840F0C982032C01F09D80022C00F2588322464046B14909F0B9FD002840F0928622464046AE4909F0B1FD00283FF405AF012522464046AB4909F0A8FD00287FF405AF032C01F04B81022C3FF6FFAE22464046A54909F09AFD012500283FF404AF22464046A14909F091FD002840F04283062C00F02787052C40F24386224640469B4909F083FD002800F04E8622464046984909F07BFD002840F04686C2
S3FD0801AAC0062C7FF4F9AE12245846FFF71BFD002399F8E0269DF8361022F0010289F8E026C8F80030C8F80330C9F89C36002940F07B828A4B5B7813F0970F40F01A83052C00F09C820B2C00F0A2830C2C00F06B830D2C01F007830E2C00F029850F2C00F0BE83092C00F0BB83102C00F042830A2C00F03F83112C00F0C284122C00F0E084082C00F00984072C00F02184042C00F05C84D9F8880699F8CC46D0E60023D9F89C069DF8361009EB0002013082F894168DF83630C9F89C06002840F04281404609F0E8FC002840F03C815846FFF7BAFC99F8E03623F0100389F8E0364846FEF751FCD9F890260146D9F88C3605464846FEF75EF8D9F82C3569
S3FD0801ABB80A21DB6858469847D9F82C353F21DB6858469847D9F89C3663B14446079E14F8012B5846504903F0EFFCD9F89C2633199A42F4D80024D9F82C350A21DB6858469847C8F800404846C8F80340C9F89C46FEF712F922462946D9F88C364846FDF7BFFF29464846D9F89036D9F88C26FEF723F81524D9F8880665E6A31E142B8CD801A252F823F000BF33B1010891B10108DBAE0108F9B201084BB401084BB0010801B2010867B20108B5AC0108BDB20108C9B1010895AC01087DB50108C9B401080FB5010867B3010899B30108C3B301080BB401089DAB0108A5B50108D9F89026531E00214846FDF7E7FFD9F890360D24013BD9F88806C9F896
S3FD0801ACB0903624E6D9F8C436013BC9F8C4364846FEF7C0FB01464846FEF74EF80A24D9F8880614E6D6053FF531AE02F41062B2F5807F7FF43FAE34E704BC02080CBC020814BC02081CBC020824BC02082CBC020830BC020834BC020838BC02083CBC020844BC02084CBC020854BC02089CC60208C4BC02089BF8E02602F0E003602B14D010D8202B02D0402B40F00F8102F01D02404604218BF8E026FDF7F2FB5846FEF76FF8E4E4802B40F000814846D14903F02FFC00239BF8E026CBF8D036E6E7D9F830054CE50124E8E5CB48CC4A90F82035CB49022B08BF00F23C5040F6073303F017FC6FF00100FDF7ADFED9F89C36002B7FF4D8AD99F8E0366F
S3FD0801ADA8584643F0100389F8E036FFF7D9FBCDE5D9F89C26002A7FF4D6AD99F8E036584643F0010389F8E036D9F88816FFF7C8FB9DF83630C7E50246B449484603F0ECFB99E422464046B24909F0DEFB00285BD1042C00F065860546E0E599F89426052A7FF4BFAE01283FF456AD99F89536402B00F23186202B7FF6B4AE213B1F2B3FF6B0AE01A252F823F023B701088BAB0108EBB601088BAB01088BAB01088BAB01088BAB01088BAB01088BAB01088BAB0108E3B501088BAB01084DB601088BAB01088BAB01088BAB01088BAB01088BAB01088BAB01088BAB01088BAB01088BAB01088BAB01088BAB01088BAB01088BAB01088BAB01088BAB01081E
S3FD0801AEA08BAB01088BAB0108E7B50108B1B5010800258BE5814A9A5C12F0970F40F03981092B40F0AF8099F8CC36033B012B04D9D9F89036002B40F05B814846FEF7B2FA05467748FDF7D6FC764B1C68002C01F066800026744F19E0134620680992C15C089379B109F026FB089B099AC31A002B08DD002E00F0018539465846226803F04FFB0136A468002C00F09E85D9F890261092002AE0D0002399F811250093C2F3001210AB28462168FEF704F9D9F89026109B9A42D1D99B1AD9E753485B4990F82035022B08BF00F23C5003F029FB10E722464046564909F01BFB00287FF44CAD042C7FF445AD0A249EE5DBF83005CBF8880600287FF425AC29
S3FD0801AF98FFF7C1BB224640464C4909F005FB00287FF41EAD032C00F0DD83022C98BF012516E522464046464909F0F6FA00287FF43DAC032C00F08984022C7FF637AD22464046404909F0E8FA00283FF445AC36E52F48304A90F820352F49022B08BF00F23C5040F6752303F0DFFAC6E622464046354909F0D1FA00283FF4EAAC224640462E4909F0C9FA0028C7D0E1E40D2B00F067810A2B00F06481082B00F005827F2B40F0C081D9F89026D9F88C369A42BFF484AD4846FEF750FA0446D9F89026D9F88C36511C013B0144C9F88C3610449A1A0CF0D0FE2146D9F89026D9F88C364846FDF78EFDD9F82C352021DB6858469847D9F88C2621464846B9
S3FD0801B090D9F890360132FDF7EBFD0724D9F888062DE400BFE0BB0208D85300202486020840860208B4BB02080CBC02089DC60208B8370020AC6000207CBC0208E8BB020824BC020818BC020830BC020834BC020814BC020822464046CF4909F061FA00283FF471AF22464046CC4909F059FA00283FF4ABAB22464046C94909F051FA00283FF4ACACFFF7ACBB22464046C54909F047FA00287FF4C4AC062C7FF4C5AB1124CAE44846FEF7DCF9D9F88C3604465A1C3F2A00F2938548469DF83650FEF728F999F811350446D80740F1A387D9F890362946E554D9F89036D9F88C2601339A4238BF1A46D9F82C05C9F89036C9F88C26C368584698470224AD
S3FD0801B188D9F88806FFF7B7BB4846FEF757F90025D9F8904608908DF83750002840F01E860324D9F88806FFF7A6BBD9F8C436012B00F0AD877FF6C9ACD9F8C836012B1BD801234846C9F8C436FEF738F901464846FDF7C6FD0C24D9F88806FFF78CBBD9F8C436012B00F09387022B40F08B87D9F8C826012A7FF65CAD0023D9F8902619464846FDF731FDD9F88C265AB10024D9F82C3520215846DB689847D9F88C260134A242F4D8002348461946FDF71DFD00230824D9F88806C9F89036C9F88C36C9F8C436FFF758BBD9F8C41603293FF67DAC4846FEF7C1F803787F2B3FF476ACD9F8C436002B40F02984D9F8C826012A40F2248402234846C9F891
S3FD0801B280C436FEF7DFF80146002800F0A0844846FDF76AFD0924D9F88806FFF730BBD9F8C41603293FF655AC003918BF01214846FEF796F803787F2B3FF44BAC0423C9F8C43604E0D9F8C436013BC9F8C4364846FEF7EAF803787F2BF4D04846FEF7B2F80146002800F06B844846FDF73DFD0B24D9F88806FFF703BBD9F82C350A21DB68584698474846FEF79DF80546002800F01C844846FEF7ECF800222B461646174605F140000CE0022A07D0072E9CBF09EB8602C2F8A04602220136984200F00E851C4613F8011B002900F008852029EAD1012203F8017CF0E7D9F89026D9F88C369A42BFF4F6AB4846FEF76CF8D9F88C360146D9F89026484601
S3FD0801B378FDF77AFCD9F88C361124D9F88806C9F89036FFF7B8BAD9F89036002B3FF4DDAB4846FEF753F800230146D9F890264846FDF762FC00231224D9F88806C9F89036FFF7A1BA032B7FF4C8AB58461C4903F0FBF899F81135DF0740F10B845846194903F0F2F8D9F8C836002B40F0F983002301224846C9F88C36C9F89036C9F8C836C9F8C426FDF718FD1324D9F88806FFF77ABA99F811351424DE074CBF23F0010343F00103D9F8880689F81135FFF76BBA30BC020834BC020838BC02084CBC0208C0BC020820BD0208D9F89036002B3FF484AB4846FEF750F80446D9F89016D9F88C26481E121A2144C9F8900620440CF0D1FC0022D9F88C3636
S3FD0801B4702146013BC9F88C36E254D9F8903648465A1CFDF7F5FB2146D9F89026D9F88C364846FDF781FBD9F82C352021DB6858469847D9F88C2621464846D9F890360132FDF7DEFB0624D9F88806FFF720BAD9F89036002B3FF445AB4846FDF7BBFFD9F89026014615468318002D00F0BA8213F8010D013D2028F7D04B19002D00F0B18213F8014D681E202C00F0AB820546F4E7D9F89026D9F88C369A42BFF422AB4846FDF798FFD9F89026D9F88C3601469A4280F0F185501E1546084402E001359D4212D010F8014F202CF8D0AB420CD9013B5818C1F101064B19984206EB030503D013F8014F202CF7D12B464846FDF788FB1024D9F88806C9F894
S3FD0801B5689056FFF7C8B9D9F89026D9F88C369A42BFF4EBAA4846FDF761FFD9F890260146531C4846FDF770FBD9F890360E240133D9F88806C9F89036FFF7ADB9D9F88816D9F8D406FFF79CB9062206287FF483A900231E4609F2956010F8011F99400833202B0E44F8D1043A032A00F2CC82DFE812F0880071010A01CC000722E5E75846FEF78CFF0023032199F8E0268DF8441022F0100289F8E026C8F80030C8F80330D9F838250EAF1092C9F89C3612AB13E906003846FDF700FDD9F888063946038C026843F020030384536806229847D9F88806038C1A0502D423F0200303841724FFF759B95846FEF759FF002340211E2499F8E02622F01002D3
S3FD0801B66089F8E026C8F80030C8F80330C9F89C36D9F88836D9F8D4261D8C934225F40060188408BF0023069808BFC9F8D436FCF74FFFD9F8880605F40065038C23F020030384002D3FF42BA999F8E03613F002067FF425A94846FDF7BBFB4846FDF7C2FE054670B101463246D9F88C364846FDF763FA29464846D9F89036D9F88C26FDF7C7FAD9F88806FFF70AB9D9F8D426D9F888369A4200F084815846FEF703FF99F8E036152C23F0100389F8E0363FF446AA0023C8F80030C8F80330C9F89C36FFF71EB9032245E722464046D84908F040FF00283FF4C4A822464046D54908F038FF00287FF4BCA80125FFF7B6B8002D7FF4B6A85846FEF7D6FEFE
S3FD0801B75899F8E03623F0010389F8E036FFF71ABA0125C3E40824FFF7ABB9D9F83835B34200F0FE8105F0E005602DB9D1D9F8D036B34200F023855846FEF7B8FE002399F8E02622F0100289F8E026C8F80030C8F80330C9F89C3699F8E03603F0E003802B03D15846B54902F0FFFE42F60553D9F88806ADF83830036802225B680EA99847002299F8E036C9F8D0269C0700F1638240211D2440E705F0E005602DCBD0D9F83835B34200F09B80D9F888361A8C17057FF576AFD9F8D42693423FF471AF5846FEF774FE0023002099F8E0269C4922F0100289F8E026C8F80030C8F80330D9F88826C9F89C36138C23F402631384C9F8D006584602F0B8FE20
S3FD0801B85099F8E036442103F01D0389F8E0360698FCF766FE302383F31188FBF7AFFCFCF77BFDFBF799FDD9F8403509F5A86413B12046FBF73BFF00230022C4E90823FCF709FDFBF789FCDAF80030534540F0A883002181F311880220FCF7BCFD4846FDF7BFFA1C24D9F88806FFF721B8D9F83835B34200F0598105F0E005402D00F0BE83802D7FF411AFD9F8D036B3427FF40CAF55E70C24FFF7F0B81024FFF7EDB8038CD9F82C2543F0400303849DF83610D36858469847D9F8D426D9F88806138C162423F040031384FEF7F2BF2946D9F88C364846FDF7A5F9D9F82C350A215846DB689847FFF7F1BA5846FEF7E4FD0022072099F8E0360EAF23F074
S3FD0801B948100389F8E036C8F80020C8F80320D9F88816D9F838450B8CC9F89C2643F402630B848DF8440012AB109413E906003846FDF752FBD9F888063946036806225B689847D9F8303553B1D9F88816994203D01A8C42F040021A845B68002BF6D13D49584602F009FED9F838155846FDF792FB5846394902F000FED9F88826D9F8D436934200F0198320210698FCF7ADFD99F8E03613F0020500F01181D9F8303533B11A8C22F040021A845B68002BF8D11A24D9F88806FEF77FBF5846FEF77FFD0023052199F8E0268DF8441022F0100289F8E026C8F80030C8F80330D9F838250EAF1092C9F89C3612AB13E906003846FDF7F3FAD9F88806394648
S3FD0801BA40036806225B6898471824D9F88806FEF756BF2B464846FDF70BF90F24D9F88806C9F89056FEF74BBF0E48FCF789FE002E40F0E2800424D9F88806FEF740BF5C2B25D07E2B3FF495ADFFF77FB84CBC020854BC020824BD020800BD0208E8BC020850AC0208B8370020DAF80C209B6892689A42BEF45EAED44802F050F90724FFF703B80133FFF7DABB0524FEF7FDBF5846FEF718FD00238021202499F8E02622F0100289F8E026C8F80030C8F80330C9F89C36D9F88836D9F8D4061A8C834222F412621A8408BF0023069808BFC9F8D436FCF70EFD5846BD4902F052FD99F8E03613F002067FF4DDADC4E574B123F002030421069889F8E03601
S3FD0801BB38FCF7FAFCD9F8DC261AB15846B24902F03BFDDAF80C3093F825305B0740F1448203230524D9F8880689F81035FEF7CBBE0B24FEF7ADBFD9F83835B34240F065825846FEF7C3FC002399F8E02610A922F0100289F8E026C8F80030C8F80330C9F89C3645F60543D9F88806ADF84030036802225B68984799F8E0369A0700F1A88080211F2499E70B24D9F88806FEF79BBE0924FEF77DBF0924D9F88806FEF793BE4846FDF7E1FB402200210AF025FBFFF7FEBB4846FDF72AFCD9F88C360146D9F890264846FCF7CCFFFFF7E8BB4846FDF713F94846FDF71AFC044600283FF4E5AE2A460146D9F88C364846FCF7B9FF21464846D9F89036D9F8F4
S3FD0801BC308C26FDF71DF8D4E64846FDF7F9F822462946D9F88C364846FCF7A6FF29464846D9F89036D9F88C26FDF70AF80424D9F88806FEF74CBE0F24FEF72EBFD9F8902601464846FCF7FCFF6649584602F0A0FC4846FDF7D5F82146D9F88C3600224846FCF782FF2146D9F890364846D9F88C26FCF7E6FF02241CE50D24FEF70DBF03F01D0389F8E036302383F31188FBF786FAFCF752FBFBF770FBD9F8403509F5A86413B12046FBF712FD00230022C4E90823FCF7E0FAFBF760FADAF80030534540F04E82002181F311880220FCF793FB442173E50E24FEF7E0BE23F0020389F8E036302383F31188FBF759FAFCF725FBFBF743FBD9F8403509F5C5
S3FD0801BD28A86413B12046FBF7E5FC00230022C4E90823FCF7B3FAFBF733FADAF80030534540F0A282002181F311880220FCF766FB84212EE7072E00F23681002109EB860303F29C6309F2BC6243F8041F9A42FBD1002E40F0DF813446D9F88C36EA1873B112F8011D013B0029F9D020222B44AB4205D013F8011D0029F9D11A70F7E70023C9F88C36C9F89036C9F8C836002E40F093814846FDF7F0FA402200210AF034FA012299F8E036C9F8C42613F0E00F3FF4A8AE0524D9F88806FEF78DBD0C48FCF755FD0C4B1E68002E00F09F81089B0EAF10AACDF82CB00A95BB4609921F4628E0D0BE020834BD02089CBC02085CBC0208B8370020AC60002081
S3FD0801BE203846099BFDF796F9109DA54227D22B1BD9F89026AA422ED00BD2089ABA4200F0B880002B20DB04D19DF83830022B08BF2C46B668002E00F0AF800A9A99F811358DF8382031681094C3F30012CDF800B0002CD5D123463846FDF76CF9109D3068435D1BB92546D3E72C46E2E708F062FB431BE518CCE73768099B384600220899CDF800B01095FDF755F99DF83830022BEAD12C46DDF82CB0BE48FCF761FCDDE9080399F811250DF137010091C2F3001239461094FDF73EF9D9F89036A3420CD37FF462A99DF83730012B7FF45DA9384608F030FBA0427FF457A94846FDF7F8FAD9F89056D9F88C260646AA421AD9715D785DFAF755F8022860
S3FD0801BF1805D0012812D199F81135D9060ED52A466B1C31464846FCF79FFED9F89036D9F88C26C5189542C9F89056E4D3A3185B1B402B84BF05F14004A41A7119521B30190BF058FFD9F89006D9F88C369DF83710221A13440229C9F88C3600F09581394622463046EAF7FAFC00233146D9F890264846FCF771FE002231464846D9F88C36FCF7FEFD234631464846D9F88C26C9F89046FCF761FEFFF7FBB82C4637684CE7DDF82CB07CE77D48FCF7DEFB0424D9F88806FEF798BC082E00F0B4805846784902F0F2FA0024CFE64846FCF725FF0524D9F88806FEF787BCDAF80C209B6892689A42BFF451AC5AE50021D9F83035C9F8D41643B90EE0198C15
S3FD0801C0100D055CBF21F0400119845B6833B19A42F5D1118C41F040011184F6E75846634902F0C6FAD9F88826138C23F040031384C5E405F0E005202D7FF456AB5846FEF759FA002399F8E02622F0100289F8E026C8F80030C8F80330C9F89C3686B15449584602F0A5FA31465846FDF72FF85846504902F09DFA1924D9F88806FEF737BC58464D4902F094FA1924D9F88806FEF72EBCD9F89016D9F88C26481C521A204421440BF0ABFED9F890362146E554D9F88C3648460133C9F88C36D9F89026FCF763FDD9F8903621460133C9F89036DCE501214846FDF77CF901462846EAF7B8FC00283FF462AED9F8C036013303F00303C9F8C03659E61546E4
S3FD0801C108FFF726BA012B7EF620ADFEF7D1BDD9F8C836012B7EF419ADFFF76EB8D9F89026002A3EF412ADFEF7B3BD089B1F4610AB0993BDE61D48FCF7A9FB224B1C6854B3D9F8A07601E0A4682CB338462168EAF783FC0028F7D11548FCF70EFB99F8E036022143F00203069889F8E036C9F8D846FCF7DAF931465846636809F5D4629847C9F8DC06F8E5DAF80C209B6892689A42BFF4ABAD8BE40548FCF7EEFA5846D9F8A026094902F008FA0024E5E5B837002084BC020800BD0208CCBC020820BD0208D0BC0208AC60002088BD0208D9F888361A8C160504D5D9F8D42693427FF417AB5846FEF78BF9002399F8E016C8F80030C8F80330D9F88826BF
S3FD0801C200C9F89C36138C1C0501D543F04003002023F0400343F4026301F00D01138489F8E016C9F8D00614210698C9F8D426FCF77FF9302383F31188FAF7C8FFFCF794F8FBF7B2F8D9F8403509F5A86413B12046FBF754FA00230022C4E90823FCF722F8FAF7A2FFDAF8003053450AD1002181F311880220FCF7D6F81B24D9F88806FEF73EBBDAF80C209B6892689A42EED212E4DAF80C209B6892689A42BFF457AD0AE43B46034419463044EAF764FB31464846D9F88C36D9F89026FCF76EFC6EE600BFF8B590B144680CB30E4617460025236820463A4631465B6A984764688542A8BF0546002CF3D12846F8BD0A480A4A90F820350A49022B08BFDC
S3FD0801C2F800F23C504FF47A7302F05EF96FF00100FCF7F4FB25462846F8BD00BFD853002024860208408602082DE9F04F83B000285DD01F46884691468346302383F31188FAF748FFFCF714F83B4B3C4E5B6A1FFA83FAFBF7ABFFFAF72BFF3368B34260D1002585F31188B7F5803F60D2DBF804401FFA87FB0BEB0A039BB20193002C59D0002F45D04B465746C14698460AE0002383F311886468002C3FD0A7EB0A039BB29B4535D9019B2168DB1B4246CF69204649469BB2B8478542A8BF0546302383F31188FAF707FFFBF7D3FF1B4B5F6AFBF76DFFFAF7EDFE3168BFB2B142D7D0F36889689B688B42D2D2154801F0BBFC1548154A90F82035154931
S3FD0801C3F0022B08BF00F23C504FF4747302F0E0F86FF00100FCF776FB4FF0FF3003B0BDE8F08F284603B0BDE8F08FF2689B6892689A4299D2DCE7084801F098FC2046EDE7000C0040205D0020D0BE0208D8530020248602084086020888BE02082DE9F84F00285CD00F4615460446302383F31188FAF7B4FEFBF780FF374B384E5B6A1FFA83F8FBF717FFFAF797FE3368B34257D1002383F31188B5F5803F57D21FFA85FA64680AEB08091FFA89F9002C51D08DB31D46C34609E0002383F3118864685CB3ABEB08039BB29A4524D92368A9EB0B02394620465B6992B298478542A8BF0546302383F31188FAF779FEFBF745FF1A4B5A6A1FFA82FBFBF716
S3FD0801C4E8DDFEFAF75DFE3268B242D8D0F36892689B689342D3D2144801F02CFC4FF0FF352846BDE8F88F1148114A90F820351149022B08BF00F23C504FF46E7302F04CF86FF00100FCF7E2FAF2689B6892689A42A2D2E0E7084801F00DFC2546E0E700BF000C0040205D0020D0BE0208D8530020248602084086020888BE020870B580B14468FCB10E460025236820463146DB68984764688542A8BF0546002CF4D1284670BD0A480A4A90F820350A49022B08BF00F23C5040F2A53302F00EF86FF00100FCF7A4FA2546284670BD00BFD85300202486020840860208F8B590B144680CB30E4617460025236820463A4631465B6898476468854238BFD8
S3FD0801C5E00546002CF3D12846F8BD0A480A4A90F820350A49022B08BF00F23C5040F2923301F0DEFF6FF00100FCF774FA25462846F8BD00BFD85300202486020840860208F8B590B144680CB30E4617460025236820463A4631465B6A9847A4688542A8BF0546002CF3D12846F8BD0A480A4A90F820350A49022B08BF00F23C5040F22B1301F0AEFF6FF00100FCF744FA25462846F8BD00BFD8530020A4BD0208408602082DE9F04F83B000285DD01F46884691468346302383F31188FAF798FDFBF764FE3B4B3C4E5B6A1FFA83FAFBF7FBFDFAF77BFD3368B34260D1002585F31188B7F5803F60D2DBF804401FFA87FB0BEB0A039BB20193002C59D0D6
S3FD0801C6D8002F45D04B465746C146984609E0002383F31188002C40D0A7EB0A039BB29B4536D9019B2168DB1B4246CF69204649469BB2B8478542A8BF05463023A46883F31188FAF757FDFBF723FE1B4B5F6AFBF7BDFDFAF73DFD3168BFB2B142D7D0F36889689B688B42D2D2154801F00BFB1548154A90F820351549022B08BF00F23C504FF4897301F030FF6FF00100FCF7C6F94FF0FF3003B0BDE8F08F284603B0BDE8F08FF2689B6892689A4299D2DCE7084801F0E8FA2046EDE7000C0040205D0020B89B0208D8530020A4BD0208408602087CBE02082DE9F84F00285CD00F4615460446302383F31188FAF704FDFBF7D0FD364B374E5B6A1FFAE5
S3FD0801C7D083F8FBF767FDFAF7E7FC3368B34256D1002383F31188B5F5803F56D21FFA85FA64680AEB08091FFA89F9002C50D08DB31D46C34608E0002383F3118864B3ABEB08039BB29A4525D92368A9EB0B02394620465B6992B298478542A8BF05463023A46883F31188FAF7C9FCFBF795FD194B5A6A1FFA82FBFBF72DFDFAF7ADFC3268B242D8D0F36892689B689342D3D2134801F07CFA4FF0FF352846BDE8F88F1048104A90F820351049022B08BF00F23C50F92301F09DFE6FF00100FCF733F9F2689B6892689A42A3D2E1E7084801F05EFA2546E1E7000C0040205D0020B89B0208D8530020A4BD0208408602087CBE020870B580B14468F4B172
S3FD0801C8C80E460025236820463146DB689847A4688542A8BF0546002CF4D1284670BD0948094A90F820350949022B08BF00F23C50E42301F061FE6FF00100FCF7F7F82546284670BDD8530020A4BD020840860208F8B590B1446804B30E4617460025236820463A4631465B689847A468854238BF0546002CF3D12846F8BD0948094A90F820350949022B08BF00F23C50CE2301F033FE6FF00100FCF7C9F825462846F8BDD8530020A4BD02084086020838B505460C46FAF715FD4DB3BCB16B689C420ED02BB11A69A24204D01346002BF9D1802038BD0022216910461961226138BD0023226918466A60236138BD0F480F4A90F820350F49022B08BFF3
S3FD0801C9C000F23C5040F2A63301F0FAFD6FF00100FCF790F80648074A90F820350649022B08BF00F23C5040F2A53301F0E9FDEDE7D853002060AA02084086020870B500283AD00D4639B30446302383F31188FAF7DDFBFBF7A9FC20680378042B40D02169002937D02846D4E906536269A84723691969002941D000262161FBF733FCFAF7B3FB254B1A689A423ED1002383F3118886F0010070BD2148214A90F820352149022B08BF00F23C5040F2463301F0A8FD6FF00100FCF73EF81848194A90F820351849022B08BF00F23C5040F2453301F097FDEDE7C5E904110E46C4E90455CCE7436A9B6813F0E05FB9D02946EBF71EFBA36801266B61A5603F
S3FD0801CAB8BFE763695E69002EBBD066610E46B8E7D96893688A689A42BBD2054801F042F9205D0020D853002060AA020840860208C4BE02082DE9F04F85B000286DD004460D46302383F31188FAF764FBFBF730FCE3687BB90026FBF7C9FBFAF749FB404B1A689A4274D1002383F31188304605B0BDE8F08F6846F4F7A5FD00274FF00009DFF8F080DFF8F0A0A66826B100237269A2607361DFE7002DDCD06B1C4ED002A8F4F790FDDDE902BCDDE900232668634508BF5A4506F1080648D2BBEB02006CEB03014B014201121A43EAD06363EB01034FEA422C5B0243EAD2531CEB000241EB03034FEA831E4FEA821C4EEA926EBCEB02026EEB030310180D
S3FD0801CBB043EB010110EB0A0042464B4647EB0101EAF758FD291A3046FAF70CFE0028B7D09CE71248124A90F820351249022B08BF00F23C5040F20D3301F0EAFC6FF00100FBF780FF206829460830FAF7F3FD00289ED083E72946DEE7D96893688A689A4285D2054801F0A2F8205D0020D853002060AA020840860208C4BE020840420F003F420F002DE9F04182B0A8B1C3680E46154604460BB31146FFF750FF054600284AD096E80F0085E80F002946204602B0BDE8F041FFF7CABE3248334A90F820353249022B08BF00F23C5040F2823301F09FFC6FF00100FBF735FF076887B3302383F31188FAF79AFAFBF766FB3B781A1F012A25D807F10808F6
S3FD0801CCA800E03B78052B04D07B6A9B6813F0E05F1DD129464046FAF791FD0028F1D00190FBF7ECFAFAF76CFA1B4B01981A689A421DD1002383F31188013001D0802000E0032002B0BDE8F081144801F033F831463846EBF7F7F9FBF7D1FAFAF751FA0E4B1A689A420BD1002080F31188E9E7D96893688A689A42DCD2094801F01BF8D96893688A689A42EED2F6E700BFD853002060AA020840860208205D00208CC0020894BE02082DE9F04F83464FF000040020DBF884500E46E9798BB0C1F3401161F3451414F0FF0FCDE9060090461F46CDE908008DF8184040F0D380EB88BDF81C20C3F38A0363F30A02ADF81C20302383F311886E4DFAF716FA1D
S3FD0801CDA0FBF7E2FA02A8F4F769FCFBF77BFAFAF7FBF92B68AB4240F0C480002484F31188B8F1000F00F0C4804FF0300A62E07B1C00F090808AF31188FAF7F8F9FBF7C4FA04A8F4F74BFCFBF75DFAFAF7DDF92B68AB4240F09F804FF0000989F31188DDE90401DDE902238B4208BF82427FD2CDE900010199801A61EB03014B014201121A43EAD06363EB01034FEA422C5B0243EAD2531CEB000241EB03034FEA831C4FEA821E4CEA926CBEEB02026CEB0303101843EB0101404B414AC01841EB09010023EAF708FC0246974298BF4A46DBF8843088BFBA1A186806A9FFF7DCFE802842D0032840D09DF8183003F00F031C44A0451E4438D9A8EB040274
S3FD0801CE98082A28BF08229DF81830314662F3030308A88DF81830E9F761FD8AF31188FAF789F9FBF755FA04A8F4F7DCFBDDE9043213F57A7342F1000204A8CDE90432F4F703FDFBF7E3F9FAF763F92B68AB4217D1002383F31188002F7FF46DAFDBF884303A46186806A9FFF799FE8028BCD120460BB0BDE8F08FDBF884303A461868AEE7EA689B6892689A42E2D20F4800F01AFF6A68079B62F31C0307932FE7EA689B6892689A42BFF45BAFEFE7EA689B6892689A42BFF436AFE8E74446D8E7205D00203F420F0040420F00C4BE020870B505460020D5F8846086B0F379CDE90200C3F340135B0143F0010303F02F038DF808309B061446CDE90400B1
S3FD0801CF9040D4F388BDF80C20C3F38A0363F30A02ADF80C2030238DF8101083F31188FAF70DF9FBF7D9F96846F4F760FBDDE9003213F57A7342F100026846CDE90032F4F787FCFBF767F9FAF7E7F8174B1A689A421ED1002383F31188B4F57A7F38BF4FF47A74D5F88430A4F57A72186802A9FFF719FE802814D003284FF0FF3018BF002006B070BD7268039B62F31C030393C1E7D96893688A689A42DBD2044800F096FE6FF00100ECE700BF205D0020C4BE0208002210B50446D0F8840086B0C379CDE90222C3F340135B0143F0010303F02F038DF808309B06CDE9042239D4C388BDF80C20C3F38A0363F30A02ADF80C2030238DF8101083F3118888
S3FD0801D088FAF7A0F8FBF76CF96846F4F7F3FADDE9003213F57A7342F100026846CDE90032F4F71AFCFBF7FAF8FAF77AF8114B1A689A4217D1002383F31188D4F884304FF0FF32186802A9FFF7B1FD80280CBF6FF00100002006B010BD4268039B62F31C030393C8E7D96893688A689A42E2D2024800F030FE205D0020C4BE02082DE9F04707464FF000000023D7F884600C46F17986B0C1F3401161F3451010F0FF0FCDE902331546CDE904338DF808005ED1F388BDF80C20C3F38A0363F30A02ADF80C20002D4ED04FF0000A4FF03008D1462A4E15E089F31188D7F884304FF0FF32186802A9FFF763FD80283CD003283AD09DF8083003F00F039A4413
S3FD0801D18055451C4432D9A5EB0A02082A28BF08229DF80830214662F3030304A88DF80830E9F7E8FB88F31188FAF710F8FBF7DCF86846F4F763FADDE9003213F57A7342F100026846CDE90032F4F78AFBFBF76AF8F9F7EAFF3368B342BFD0F2689B6892689A42BAD2074800F0B9FDAA46504606B0BDE8F0877268039B62F31C030393A3E7205D0020C4BE020808B530B121B3AAB10023C0E90423506108BD1648164A90F820351649022B08BF00F23C504FF4B47301F0C6F96FF00100FBF75CFC0D480E4A90F820350D49022B08BF00F23C504FF4B57301F0B5F9EDE70648074A90F820350649022B08BF00F23C5040F2691301F0A7F9DFE7D853002068
S3FD0801D27860AA0208408602082DE9F04F87B0DDE911BA002860D01F463A4BD0F81490D3F80C800D46C1451646044602D00C30FBF7F5FABBF1010F29D0BAF1FF3F0AD00021DFF8C8C030480023ECFB0A012F4AEAF7D5F98246109B2946009332463B462046CDE901BA01F0A6FE0546C14503D004F10C00FBF749FA6B1C3FD045BBBBF1010F14BF0020082007B0BDE8F08FBAF1FF3F0AD00021DFF874C01B480023ECFB0A011A4AEAF7ABF982464FF0020C05A83B4632462946CDE9000CCDF808A0204601F079FE9DF81430109A05461370CDE76FF07F0007B0BDE8F08F0D480E4A90F820350D49022B08BF00F23C5040F2151301F02BF96FF00100FBF74A
S3FD0801D370C1FB6FF07E0007B0BDE8F08F205D00203F420F0040420F00D8530020C4BD02084086020830B50C460A4D87B0CDE900230146012302950DF1170207488DF81740FFF766FF10F0F70F14BF4FF0FF30002007B030BD40420F00A8130020F0B50C4603F1080185B001F4FC7104AFADEB010D054611460DF111001A468DF810405C1CE9F7C0FA0020094E0090CDE901062346294604AA0648FFF73BFF10F0F70F14BF4FF0FF3000200437BD46F0BD40420F00A813002038B508B304460D46302383F31188F9F7CBFEFAF797FFF9F7B5FF2378023B012B2AD8A2686388526AD31A62801CB2FAF727FFF9F7A7FE124B1A689A4214D1002080F3118871
S3FD0801D4682C6038BD0E480F4A90F820350E49022B08BF00F23C50F62301F09EF86FF00100FBF734FBD96893688A689A42E5D2074800F060FC064800F05DFC00BF205D0020D8530020C4BD020840860208ACBE0208A0C00208F8B500283AD0037C0D468B4204464DD916463023876883F31188F9F779FEFAF745FF2378022B41D10122E368AA401343E3603046E8F77EFF1E49E9F787F806463846E8F777FF01463046E8F7CBFF4FF07C51E8F7BFFEE9F7EFF9E1690C3501EB85056860FAF7C0FEF9F740FE124B1A689A4213D1002080F31188F8BD0F48104A90F820350F49022B08BF00F23C50C42301F038F86FF00100FBF7CEFAD96893688A689A42BA
S3FD0801D560E6D2084800F0FAFB074800F0F7FB00BF00FF7F47205D0020D8530020C4BD020840860208A0BE020860C00208026808B5BAB10379106803F00C03A3F10803B3FA83F320F00F02926800F00F00C24002F001025B099B1AB3FA83F35B090B70002008BD0848084A90F820350849022B08BF00F23C50922300F0F3FF6FF00100FBF789FA00BFD8530020C4BD0208408602082DE9F04F85B008B303680446F3B1302383F31188F9F7DCFDFAF716F9744BD3F8F836B3F1005F21D001212368714803F00F039940F9F738FFFAF7F0F8F9F7B6FD002383F3118805B0BDE8F08F68486A4A90F820356949022B08BF00F23C50852300F0B6FF6FF0010066
S3FD0801D658FBF74CFA64480DF10701FFF793FF9DF80730002BD4D102A8F4F704F8DDE9020100235E4AE9F7FAFF1946002310465C4A8B4208BF8242CDE9020150D20022574B584D1B1A62EB0100CDE902302968DFF860810A68D8F80090D3184A680B6042EB0000486049464846E9F7B4F8DDE90267002878D139463046E8F7A0FE4946054600F10040E8F7D6FD20F0004A50464649E9F778F8002860D050464349E8F788FF83464FF07E505946E8F7C4FD594682462846E8F7C9FE054651464846E8F7C4FE2946E8F7B7FDC8F80000002F08BF332E2CBF062102213548F9F7B2FE70E7314BDFF8CC801B68D8F80090D3E90025121A65EB010548464946B6
S3FD0801D750C3E90025E9F76AF8DDE90267002837D139463046E8F756FE49460546E8F78EFD20F0004A50462249E9F730F8E0B150461F49E8F741FF83464FF07E505946E8F77DFD594682462846E8F782FE054651464846E8F77DFE2946E8F772FDC8F80000B7E74FF0000AABE74FF0000AEFE730463946E8F727FE00F10043C8F80030A8E730463946E8F71EFEC8F80000A1E700BFD8530020E05300205C86020840860208A09F020840420F001FA10700A453002000004842D85A002084530020D8B910B5EFF30583C3F308036BB9F9F77FFDFAF741FDF9F7C1FC0C4B1A689A420CD1002383F3118810BD0446F9F7E8FFF9F7AEFC84F3118810BD7047AD
S3FD0801D848D96893688A689A42EDD2024800F082FA205D0020949B020810B5EFF311845CB9EFF30583C3F3080343B1302383F31188F9F7A2FCF9F7DCFF204610BD302383F31188F9F79FFCFAF76BFD204610BD00BF70B5002836D003680546002B3FD003799B070FD42448254A90F820352449022B08BF00F23C509E2300F07EFE6FF00100FBF714F90C46FFF7C7FF2B792A6803F00C03082B0DBF0123002301260026126804F0010102F00F044B4004F110057140AB40A14022F00F0219431161FFF782FF002070BD0C480D4A90F820350C49022B08BF00F23C509C2300F04EFECEE70648064A90F820350649022B08BF00F23C509D2300F041FEC1E7A0
S3FD0801D940D8530020C4BD020840860208F0B5A24F85B0D7F8F846B4F1005F31D006460B461AD89E4DAC4243D0B4F1915F36D1002875D08168994200F09F8097F82035984A022B18BF38464FF43473964908BF07F23C5000F015FE1DE093498C421ED100284AD097F820358E4A022B18BF384640F2FF238C4908BF07F23C5000F001FE09E097F820358949022B14BF384607F23C5000F0F6FD6FF00100FBF78CF897F820358349022B0CBF83487B4800F0E9FDF1E770B197F820357A4A022B18BF38464FF42F73784908BF07F23C5000F0D9FDE1E7002942D1002A00F0BD8097F82035704A022B18BF384640F2BE236E4908BF07F23C5000F0C5FDCDE7F3
S3FD0801DA3803BB002A00F0858097F82035664A022B18BF384640F20133644908BF07F23C5000F0B2FDBAE797F820355F4A022B18BF384640F2CF235D4908BF07F23C5000F0A3FDABE797F82035574A022B18BF38464FF44073554908BF07F23C5000F094FD9CE797F82035504A022B18BF384640F2BD234E4908BF07F23C5000F085FD8DE7002A37D04FF0FF300192FAF701FD019A1060B368184223D002A94948FFF75AFD302383F31188F9F775FBFAF741FCF368019A13F0020F57D09DF80850002D5CD08025FAF7D3FBF9F753FB3E4B1A689A425FD1002383F311889D4208BF4FF09854D7F8F806C7F8F846A0422CBF8020002005B0F0BD97F820356B
S3FD0801DB302B4A022B18BF384640F2D123294908BF07F23C5000F03CFD44E7302383F31188F9F73CFBFAF708FC02A8F3F78FFDDDE9023213F57A7342F1000202A8CDE90232F3F7B6FEFAF796FBF9F716FB1F4B1A689A421AD1002181F311881B48FFF784FE1B4CC1E71848FFF77FFE4FF09154BBE78025002BA9D1B168136823EA01031360A3E723F00203F360F3E7D96893688A689A42DFD20F4800F0C9F8D96893688A689A429AD2F6E700BFD8530020000010125C8602084086020800002031E8BD020838BE020814590020A09F0208205D002000003031C49B0208F8B53023044683F31188F9F7DBFAFAF7A7FBF9F76DFB434A434B526A434D1A806E
S3FD0801DC28F9F7BEFB2B6813B12846F9F763FDF9F7B7FB00233E4A47F6FF713C48EA60C5E90433EAF7A3F9002000213A4B3A4DC3E90001FAF723FBF9F7A3FA2B68AB425BD1002383F31188302383F31188F9F7AAFAFAF776FBF9F794FB304803680BB1F9F739FDFAF70BFBF9F78BFA2B68AB4235D1002787F311882A492A488E68FAF7C6FC39462948FFF7F4FD302383F31188F9F789FAFAF755FBF9F773FB236813B12046F9F718FDFAF7EAFAF9F76AFA2B68AB421CD1002585F31188636A04F11C011E4304F11800FAF7A2FC29463046FAF796FB4FF00052154BC3F8F826F8BDEA689B6892689A42C4D2124800F024F8EA689B6892689A42DDD2F6E7D2
S3FD0801DD20EA689B6892689A429ED2F0E7000C0040885300208C53002069FE0008A8530020205D0020E0370020C8370020DC370020A89F0208D8530020C49B020882B0014672B624200D4B0E4AC3F8981050600191019B1B78002BF9D013681B06FCD5019B1B785360019B01330193019B1B78002BECD013681B06EFD5F1E700BF205D00200038014008B5044B58688368012B00D108BD0248FFF7D2FF205D002078C1020808B530B129B1012901D0002008BD002AFBD00148FFF7C2FF08C20208000000000B462DE9F04F894613F8011B95B00292002900F0CE830022824601920EE0019CDAF8002001345046D2689946019490474B4613F8011B0029C7
S3FD0801DE1800F0BA802529EED199F801202D2A0ABF0122002209F1020303921A782B2A05BF01265A7800269B19302A05BF90465A784FF0200801332A2A40F0A8805A7802992E2A51F804BB03F1020900F0B780002502F0DF034C2B00F0C380A2F14103192B40F2C880A2F16303152B00F2A382DFE813F07902D102A102A401A102A102D102A102A102A102A102A1028A008700A102A1028701A1021600A102A10287000A2400250B46002153F8040B02930DF14303CDF81090C146984600E0F04622462B46E9F77CFB06460F4602F13003392BC8BF02F13703DBB256EA0702304608F1FF3E08F8013CE9D10EAA0DF143014646A1EB0E07C846DDF8109084
S3FD0801DF10049201E016F8013B8E4202F8013BF9D1049BDC191F46E41B039BABEB040525EAE575002B40F0DC802E46013C6D42002E40F03082002C0EDB3E19DAF8003017F8011BDB6850469847F31B002BF5DA019B0133E3180193002D3FF452AF2C46DAF8003041465046DB689847013CF7D1019B2B4401934B4613F8011B00297FF446AF019815B0BDE8F08F102400258DE7082400258AE703F10109002AF1D04FF0000B05E019F8012B03EB410B002AE8D0A2F13003DBB2092B0BEB8B01F2D92E2A02997FF449AF99F80020002AD9D02A2A40F0028299F8012051F8045B02F0DF034C2B09F102097FF43DAF99F80020002AC7D002F0DF034C2B75D0B0
S3FD0801E00809F10109A2F14403342B00F2DB8101A050F823F02DE40108CDE30108CDE30108CDE30108CDE301082DE40108CDE30108CDE30108CDE30108CDE30108CDE301089FDF010899DF0108CDE30108CDE30108CDE30108CDE30108B7DE0108CDE30108CDE3010899DF0108CDE30108CDE30108CDE30108CDE30108CDE30108CDE30108CDE30108CDE30108CDE30108CDE301087DE301082DE40108CDE30108D3E10108CDE30108CDE301082DE40108CDE30108CDE30108CDE30108CDE30108CDE301089FDF010899DF0108CDE30108CDE3010899E10108CDE30108B7DE0108CDE30108CDE3010899DF0108013C27E799F8012009F10209002A3FF456
S3FD0801E10047AFA2F14403342B00F26081DFE813F0C9015E015E015E015E01C9015E015E015E015E015E0141003E005E015E015E015E0135005E015E013E005E015E015E015E015E015E015E015E015E015E013601C9015E0161005E015E01C9015E015E015E015E015E0141003E005E015E0144005E0135005E015E013E000A240025073121F00703F3E8020102939BE610240025F5E708240025F2E70B4653F8047B0293002F00F094813B78002D00F0C781002B00F0C681013D00F1C3813C4601E0EA4204D414F8013F3A1B002BF8D14FF02008A9E6073121F00703F3E802010293E9F7A9F920F000470446BC493846E8F71EFB002840F07B81384658
S3FD0801E1F8B849E8F70DFB002840F0748100212046E8F7E8FA002840F0A181002E00F0AD812B230DF139028DF838300EAB059204932046E8F75BFE013D082DCDE9060100F27781A94B53F825301D4618460C93E8F72BFE2A46A54BCDE90A01A3FB0223DB080D932046E8F7FCFA0446059B089003F10B070997C517204629460A220023E9F7ADF902F13006F6B22046294600230A2207F8016DE9F7A2F904460D4654EA0503E9D1059809993A46CF1B01460346394401E012F8016F03F8016B8B42F9D12E22059C013F3C441A7008980894E8F7FCFD02460B46DDE90601E8F7A8FCDDE90A23E8F75CFEE8F7E2FAA31C05930C9B0446092B4FEAE07540F29A
S3FD0801E2F018810D9B1946DA17089BCDF824B00D33C346CDF830901F46884691460693204629460A220023E9F75DF902F13006F6B2204629460A22002307F8016DE9F752F98C460023494604460A2240466546E9F749F98046894658EA0903E0D1DDE905320899D41BA21C1144D8460A46DDF824B0DDF8309001E017F8016F03F8016B9342F9D1059B049F23441C46D4E50A46039C52F8043B0BF1FF354FF0200802928DF8383025EAE5751CBB2E460EAF6D42002E3FF4D0AD39782D2932D02B2930D0DAF8003041465046DB6898470135F7D1019B002C33440193BFF6BFAD21E5039C0BF1FF358DF83820029125EAE575002CDBD000240EAFB0E500256C
S3FD0801E3E809F10109A2F13003DBB2092B05EB85003FF636AD19F8012B03EB4005002AF1D1019815B0BDE8F08FB8F1300FCBD1DAF800305046DB689847019B013701330193013CC0E70B4653F8044BE517002C029375F100033BDB002E00F093802B230DF139028DF838300EAB05920493059B0B331F460893204629460A220023E9F7B6F802F13006F6B22046294600230A2207F8016DE9F7ABF804460D4654EA0503E9D1089BDC1B059B1C4401E017F8016F03F8016BA342F9D1049F41E5073121F00703F3E80245002C029375F10003C3DA2D238DF838300DF13903644205930EAB65EB45050493C2E7064F002D7FF46FAE47F6FE756EE6FFFF7F7F46
S3FD0801E4E060C20208CDCCCCCCD0CC020838462E49E8F79CF9002840D138462B49E8F778F900283AD16923294A0EAC28210494013202E0194612F8013F04F8011B002BF8D1BDE701462A46E7E6214B0D931CA3D3E90023CDE90A231F4B0C938EE6002BCAD1039B2BEAEB7533BB2E464FF0FF344FF02008F3E42D238DF838300DF1390305930EAB04F1004404935EE60EABCDE9043370E70EABCDE9043356E621462046E8F755F90D4B00280D4A12BF6E231A466523BAE70191FCE44FF02008E4E4AFF300800000000065CDCD41FFFF7F7F44C1020800E1F50500CA9A3B4CC102083CC102080EB400B582B003AA52F8041B0192FFF707FC02B05DF804EB3C
S3FD0801E5D803B070474FF4616CF0B44FF47A77056A44686B1C08BF00258368C4EB04144669A4000CFB0344503E036916700668D0F818C034440133C66807FB041403F00F0311680CF1010C180236040CF0070340EA433021F4FF1106F4F813034321F4706150680B43C3F3072164F31A0065F30411C2E90030F0BC5170704700BF38B504460D46F8F7A5FED4E90532934220D0A268591C0132A26061611D70D4E904329A420FD22068844211D0036823605C6090F82430042B12D100244463F8F7CDFE204638BD2068E36884426361EDD1002038BDA268002ADBD04FF0FF3038BD0148FFF751FB00BFDCBE02084FF0FF3200212DE9F84F1A4B1A481C6969
S3FD0801E6D01A611C6919611C69DC68DA60DA68D960DA68DA6942F08052DA61DA69DA6942F00062DA61DA69026842F4807202601A6A02F44072B2F5407F03D04FF480321A621962084B1A6A100440F100820021074A0C461346C2E9001102F160050448054A0BE000BF0010024000700040585F0020FC9D0208080002404268146043F8084F9D4200F11000F7D14FF0FF3360224FF4807080274FF400714FF0400C4FF480664FF400050024DFF884E3CEF80430CEF80434C54B83F80623C3F880C1C3F800C083F80723C3F880711F6083F80823C3F88001186083F80923C3F880111960BB4983F80A23C3F880611E6083F81723C3F880511D6083F8282396
S3FD0801E7C8C3F88401CA195860C1E9004408318A42FAD101254FF60F6B45F6CA7A41F6ED794FF007084FF04432AB4BB02198694FF4002E40F4FE7028439861A8489E69C0F80CB0DFF8F4B24FF4801CC0F804B00BF10B4B0BF5390B0BF54B5BC0F800B0C0F80CA4DFF8D8A24FF40017C0F804A40AF17D4AAAF5994AAAF17B0AC0F800A4C0F80C98DFF8BC924FF0040AC0F80498DFF8B492DFF8B4B2C0F80098C0F80C8CDFF8AC82C0F8042CC0F8008C8D48DFF8A0824FF08049C8F80C404460C8F804208461C8F80020C461C8F80C44C8F80424C8F80024C8F80C48C8F80428C8F8002800F10802C0E9022200F11002C0E904224FF48002DFF8DC810570F7
S3FD0801E8C0046288F81313C8F880E1C8F800E088F81413C8F880C1C8F800C088F81513C8F88071C8F8007088F81613C8F88021C8F80020D9696D4A41F00071D961D969D2F80062ACF5881C426206EA0C002843C2F80002D2F80012664F01EA0C0141F460612943C2F80012C2F84042C2F84442C2F80442C2F81442C2F80C52C2F81C52D2F800125C4E21F00101C2F80012DA6907F10C0022F00072DA61DB693D707C60F8F7E3FB554B06F10C00C7E90B44FC617B6335707460F8F7D8FB504B20201A464FF0400E4FF0C00C4E49C6E90B440F46F461C6F834B04B4EC3E90A4342F8046B5A60494A4A4E15705460D460147682F810A0C2F81C90464A5C6152
S3FD0801E9B8C2E9014615705480444A1D7254805460434C1570946003F1540403F10C02C3E90322C3E9084403F194029C6103F13004C3E90C44DA61C3F838E088F825C3C8F88401C8F804004868C3E91122DA6303F1D4021A64334E344D344C354A20F00800C3E9354231601B65DD6448607B681A07FCD5254A53689B06FCD500210823F0204FF4802401254FF0470E4FF6FF7C80271160134A716082F80303C2F8803125481360254B4360104BD86940F00800D8612248DB69436823434360214BC3F828E0C3F82CC099615963D96059605D611D6082F83273C2F884415460BDE8F88F00BF00E100E070500020001002400008014080130020006400408B
S3FD0801EAB0A8130020E013002000540040501400200028004084C202081814002000040040381400204414002000080040A460002055620108003801400051250200000140120D0004002004E0000C004000000240B4888BB8FFFF444747444744704734440058004044474444001801401A6A42F440721A62FEF79CFE0C4B5A689106FCD54FF2234100245A6842F010025A609C60D9605A6822F010025A60FEF75FFE044A136A43F400431362E0E500BF002800400010024008B5F9F79DFBF8F71DFB084B1A689A4203D1002383F3118808BDD96893688A689A42F6D20248FFF7E7F800BF205D0020ACBE020810B53023044683F31188F8F713FBF9F742
S3FD0801EBA8DFFB2378023B012B08D800210223A26811602370BDE81040FFF7D0BF0148FFF7C9F800BFFCC1020810B53023044683F31188F8F7F7FAF9F7C3FB2378022B08D101210323A26811602370BDE81040FFF7B5BF0148FFF7AEF8F0C1020810B53023044683F31188F8F7DDFAF9F7A9FB23785A1E012A1ED8022B05D001232370BDE81040FFF79BBF00210C4BA2689C42116009D00B4B9C42F0D10A4BDA6922F00402DA61DB69E9E7074BDA6922F00202DA61DB69EEE70448FFF77DF800BF381400204414002000100240CCC1020808B5F9F715FBF8F795FA084B1A689A4203D1002383F3118808BDD96893688A689A42F6D20248FFF75FF800BFA3
S3FD0801ECA0205D0020A0BE020808B5F9F7FBFAF8F77BFA084B1A689A4203D1002383F3118808BDD96893688A689A42F6D20248FFF745F800BF205D002060C1020810B53023044683F31188F8F771FAF9F73DFB23785A1E012A09D8012B09D10123002223706260BDE81040FFF7CFBF052B34D12046F7F71EFF1A4B9C4218D01A4B9C42ECD1206BF8F78BF9E06AF8F788F900232120C4E90B33F8F76AF92220F8F767F9124BDA6922F48002DA61DB69D6E7206BF8F775F9E06AF8F772F900231F20C4E90B33F8F754F92020F8F751F9074BDA6922F40012DA61DB69D0E70448FEF7EFFF00BFA8130020E013002000100240C4C102082DE9F0413023044693
S3FD0801ED980D4683F31188F8F715FAF9F7E1FA2678731E012B00F2BC80012E6560656B42D06168904B4A68501E984200F2A1804FF6C076636B0F7A58683040586058688A4E40F02400B242586000F38480012F40F08F80864E5200B6FBF2F002FB1062002A40F0868082B2032A40F282802520B2F5805F1862C2F30B007AD2D86109781A68022992B27ED0032979D0012973D002211A602B6843F001032B602170FFF738FF0020BDE8F081724B9C4200F08980714B9C42B5D19A228A23C4E909326E4E22463369042043F48003336133696B4923F4800333613369E9F767F9E062002800F0BB80224603206649E9F75EF92063002800F0B2804FF0500E51
S3FD0801EE904FF002084FF0040C4FF4004700214FF41062F36943F48003F361F3695B4B83F821E3C3F88481C3F8048083F822E3C3F884C1C3F804C0636AE66A43F44053406876686362A36A43F44053A36205F11003B36083602F6029606A6065E7B81E01280AD8022F26D0192000FB02F24148B0FBF2F602FB1602A2B14548FEF727FF22F00A0292B287E742F00A0284E722F0080292B242F002027EE7052E64D16560656B42E74FF48042B0B20B26104340F400401E6266E72F4802EB4202B0FBF2F602FB1602002AEFD0D7E79A228A23C4E909322B4F22463B69062043F400133B613B69284923F400133B613B69E9F7E1F8E062002835D0224605202F
S3FD0801EF882349E9F7D9F8206370B350224FF000484FF4004E4FF0000C4FF41061FB6943F40013FB61FB691B4B83F81F23C3F88081C3F8008083F82023C3F884615E60E36A626A5E68A36A406843F4405342F44052C4E9092305F11003B3608360C5F800E0C5F800C069602AE70C48FEF7B3FE0C48FEF7B0FE7F1A0600A086010000512502A8130020E013002000100240017F01080163010800E100E0B0C1020810C20208A4C102082DE9F84FDDF82C90002866D00C4690461E468346B9F1000F5CD10C9B002B5CD09BF80070022F58D1302282F31188F8F7B7F8F9F783F900210322DBF83450CBF808108BF80020B9F1000F40F0DE806100934CABF823
S3FD0801F0802010F9F70FF9F8F78FF82268A24240F0DC80002282F311888D4B9B4573D08D4B9B4500F085808C4A4FF0300A566A91464CF24F38B6B202E0002282F311888AF31188F8F783F8F9F74FF9AA69910702D42A68920533D5D9F82420921B92B2424514D8F9F7DFF8F8F75FF82268A242E3D0E168926889689142DED27848FEF72EFE0A9B002B9FD17648FEF728FE704B9B457AD0704B9B455DD005274FF0FF358BF80070F9F7BFF8F8F73FF82368A34240F09680002383F311882846BDE8F88F6A68DBF81C1042F400726A602A680BF11C0042F480722A6000297ED1E2680C99CBF81C2050630320F8F70BFB05460028D6D0574B9B4500F0938036
S3FD0801F178564B9B4578D06B1C08BF0527CBE7DBE90B21DBF82800496852680A9B0860DBF82400C1F80C804E601060D3604B4BC2F804909B457FF47BAFDBE90B21DBF82800496852680A9B0860DBF82400C1F80C804E601060D360C2F8049068E70E22DBE90B5046680527316821F00F013160417B066802FA01F16868716001682E6821F00F010160697B4FF0FF358A4072608AE70E22DBE90B504668316821F00F013160417B066802FA01F16868716001682E6821F00F010160697B8A4072606DE7B9F1010F03D00A9B002B7FF41BAF2748FEF789FDE168926889689142BFF41EAF50E72348FEF77FFDE2689B6892689A42BFF464AF2048FEF776FD7E
S3FD0801F2700E22DBE90B167368186820F00F001860707B336802FA00F04E68586030680B6820F00F003060497B8A405A606FE70E22DBE90B167368186820F00F001860707B336802FA00F04E68586030680B6820F00F003060497B8A405A6055E7205D0020A8130020E0130020000C004054C10208D4C1020820C202088CC1020860C1020808B5F8F7D7FFF7F757FF084B1A689A4203D1002383F3118808BDD96893688A689A42F6D20248FEF721FD00BF205D002094BE02082DE9F04F85B0D0F81C9002930392002A74D004460E464FF0300888F31188B246F7F742FF3A4FF9F70DF8039DA368D4E90420AB422CBF2E46A668121AB2424DD83AD25146D5
S3FD0801F368A6EB020B0192E7F701FB019AE0680AEB02015A46E7F7FAFAA368E2689B1B5A446261A360B9F1000F01D02046C847F8F785FFF7F705FF3B68BB4235D1002383F31188AD1BB24488F31188F7F70BFFF8F7D7FF002DC8D1F8F771FFF7F7F1FE3B68BB422CD1002383F31188039B581B05B0BDE8F08F32465146E7F7C8FAE3686361A3689B1BA360002ECCD120460299F8F7F5F90028A8D0DEE732465146E7F7B6FA636933446361EBE7FA689B6892689A42C4D20748FEF79EFC0648FEF79BFCFA689B6892689A42CDD2F3E700BF205D00206CC1020850C202083030FFF76FBF00BF4FF0FF333030FFF769BF00BFF8B505460F461646302383F3FC
S3FD0801F4601188F7F7B3FEF8F77FFF05E031462846F8F7B8F9041E21DBAB68002BF6D06A69AB68511C013B6961AB601770D5E904329A4224BFEB686B61EB690BB128469847F8F700FFF7F780FE124B1A689A4212D1002080F3118804462046F8BDF8F7F2FEF7F772FE0B4B1A689A420CD1002383F311882046F8BDD96893688A689A42E7D20548FEF73BFCD96893688A689A42EDD2F6E700BF205D00206CC102083030FFF7A9BF00BF4FF0FF323030FFF7A3BF00BF2DE9F04F85B0D0F81C9002930392002A75D004460E464FF0300888F31188B246F7F74CFE3A4FF8F717FF039DA368A169AB4228BF2E46226938BFA668521AB2424DD83AD25046A6EB1A
S3FD0801F558020B0192E7F70AFA019AE1680AEB02005A46E7F703FAA368E2689B1B5A44A261A360B9F1000F01D02046C847F8F78EFEF7F70EFE3B68BB4235D1002383F31188AD1BB24488F31188F7F714FEF8F7E0FE002DC7D1F8F77AFEF7F7FAFD3B68BB422CD1002383F31188039B581B05B0BDE8F08F32465046E7F7D1F9E368A361A3689B1BA360002ECCD120460299F8F7FEF80028A7D0DEE732465046E7F7BFF9A3693344A361EBE7FA689B6892689A42C4D20648FEF7A7FB0648FEF7A4FBFA689B6892689A42CDD2F3E7205D00206CC1020840C202080C30FFF76FBF00BF4FF0FF330C30FFF769BF00BF70B5302305460E4683F31188F7F7BEFDF1
S3FD0801F650F8F78AFE05E031462846F8F7C3F8041E13DBAB68002BF6D0A969AB6828694A1C013B8242AB6028BFEB68AA610C7828BFAB61EB690BB128469847F8F70BFEF7F78BFD084B1A689A4204D1002383F31188204670BDD96893688A689A42F5D20248FEF754FB205D00206CC102080C30FFF7BFBF00BF4FF0FF310C30FFF7B9BF00BF2DE9F04120F00045B5F1A14F0446074608DBB5F1FF4F72DC002840F39F807048BDE8F0816F4B9D4279DCB5F1445F6BDB4FF0FF3821462046E6F7CAFE01460646E6F7C6FE05466849E6F7C2FE6749E6F7B7FD2946E6F7BCFE6549E6F7B1FD2946E6F7B6FE6349E6F7ABFD2946E6F7B0FE6149E6F7A5FD294696
S3FD0801F748E6F7AAFE5F49E6F79FFD3146E6F7A4FE5D4906462846E6F79FFE5C49E6F792FD2946E6F799FE5A49E6F78CFD2946E6F793FE5849E6F786FD2946E6F78DFE5649E6F780FD2946E6F787FEB8F1FF3F014630464AD0E6F778FD2146E6F77DFE4F4B4F4D53F82810E6F76DFD2146E6F76AFD014655F82800E6F765FD002F94DA00F10040BDE8F0810146E6F75EFDBDE8F0814449E6F759FD4FF07E51E7F719F800288AD0204680E700F001F93F4B04469D4226DCA3F5D0039D4244DC0146E6F744FD4FF07E51E6F73EFD4FF0804105462046E6F73AFD01462846E6F7F2FE4FF0000804466BE73148BDE8F081E6F72DFD2146E6F732FE0146204659
S3FD0801F840E6F724FDBDE8F0812B4B9D4216DC4FF07F51E6F71BFD03464FF07F5120461C46E6F71EFE4FF07E51E6F712FD01462046E6F7CAFE4FF00208044643E701461F48E6F7C2FE4FF0030804463BE74FF07E51E6F7FCFC4FF07E5105462046E6F7F8FC01462846E6F7B0FE4FF00108044629E7DB0FC93FFFFFDF3ED769853C59DA4B3D356B883D6E2EBA3D2549123EABAAAA3E21A215BD6BF16E3D95879D3D388EE33DCDCC4C3EBCC20208ACC20208CAF24971FFFF973FDB0FC9BFFFFF1B40000080BFF8B5C0F3C7557F3D162D044620F0004717DC002D06461BDB164F2F41384221D01549E6F7B5FC0021E6F776FFD0B1002C04DD4FF4000343FA11
S3FD0801F93805F52E4426EA0700F8BDB7F1FF4F0DD30146E6F7A1FCF8BD0949E6F79DFC0021E6F75EFF10B1002C05DB0FB92046F8BD4FF07E50F8BD4FF00040F8BDFFFF7F00CAF2497100B51C4A20F00043934283B018DDB3F1FF4F05DB0146E6F77BFC03B05DF804FB694600F0F5F800F00302012A0ED0022A18D092B101220199009800F0E9FEECE7002100F0ADFA03B05DF804FB0199009800F0DEFE00F10040DFE70199009800F09FFADAE70199009800F09AFA00F10040D3E700BFD80F493F20F00040704700BF38B50C46054600F023F808B9204638BD204600F01DF828B121462846E6F7FEFE0028F3D0284638BD38B50C46054600F00FF808B9D1
S3FD0801FA30204638BD204600F009F828B121462846E6F7CCFE0028F3D0284638BD30F000400ED0A0F50003B3F1FE4F0DD3074B421E9A4207D9A0F1FF40B0FA80F040097047022070470320704704207047FEFF7F0008B5C0F3C7537F3B162B01460EDC002B024610DB0B481841014205D04FF480011941114421EA0001084608BD802BFBD1E6F7EEFB08BD013300F00041F4D141F07E51F1E7FFFF7F0000B51D4A20F00043934283B019DDB3F1FF4F05DB0146E6F7D5FB03B05DF804FB694600F04FF800F00300012810D0022819D090B10199009800F00CFA00F10040EBE70022002100F03DFE03B05DF804FB0199009800F0FEF9DFE701220199009842
S3FD0801FB2800F030FED9E701220199009800F02AFE00F10040D1E700BFD80F493F38B5044600F094F90E4B054693F90030013309D021462046E6F766FE20B920460021E6F739FE08B9284638BD00F022FF2123002103600846E6F744FD0546284638BD00BF640900202DE9F04FAB4A20F0004494420D4689B06CDDA94A074694421CDC0028A74940F31E81E6F76DFBA64B24F00F049C4206466BD0A449E6F764FB014630462960E6F75FFBA049E6F75CFB01266860304609B0BDE8F08F9C4A94426CDDB4F1FF4F4DDAE615863EA4EBC6542046E6F72FFEE6F7FDFB014620460591E6F742FB4FF08741E6F748FC8046E6F721FEE6F7EFFB04464046214655
S3FD0801FC200694E6F733FB4FF08741E6F739FC00210790E6F7C9FD002800F0B88020460021E6F7C2FD002814BF01230223022082493246CDE90001294605A800F025FA002F0646B9DAD5E9002302F1004203F1004346422A606B60AFE700262860002230464A6009B0BDE8F08F0146E6F7FFFA002668602860A0E77149E6F7F8FA70490446E6F7F4FA014620462960E6F7EFFA6C49E6F7ECFA01266860304609B0BDE8F08FFFF798FE67498046E6F7EAFB4FF07C51E6F7DEFAE6F7C0FD0646E6F78DFB5A498346E6F7DDFB01464046E6F7CFFA584982465846E6F7D4FB1F2E81460146504620DC594B721E53F8223024F0FF029A4218D0E6F7BBFA8046FE
S3FD0801FD18C5F8008041465046E6F7B4FA4946E6F7B1FA002F6860BFF653AF08F1004800F10040C5F800806860764249E7E6F7A2FAC0F3C753C3EBD453082B80464FEAE452DEDD404958460392E6F79EFB804650464146E6F78FFA044650462146E6F78AFA4146E6F787FA804637495846E6F78CFB4146E6F77FFA814620464946E6F77AFA039AC0F3C753D21A192A804604DCA2462860B7E703234DE72E495846E6F774FB804620464146E6F765FA824620465146E6F760FA4146E6F75DFA044626495846E6F762FB2146E6F755FA81465046494693E7E6F751FA174B24F00F049C4206460ED01549E6F748FA014630462960E6F741FA1149E6F740FA26
S3FD0801FE104FF0FF366860DFE61049E6F739FA10490446E6F735FA014620462960E6F72EFA0B49E6F72DFA4FF0FF366860CCE600BFD80F493FE3CB1640800FC93FD00FC93F43443537800F49434CC302080044353708A3852E84F9223FCCC2020800A3852E32318D2420F00042B2F1FF4FF8B504462FD26AB3002803463DDB10F0FF4F4FEAE0542DD00026E207A4F17F0031464FF019044FF08072C3F3160343F4000358BF5B0047105B008D189D4202DC5B1BA9181644013C4FEA43034FEA5202F3D113B1013626F00106701000F17C5000EBC750F8BD0146E6F7DCFA2146E6F7D1F9F8BD10F400020ED15B001802114602F10102F9D5641AC6E70146EF
S3FD0801FF08E6F7C0F90146E6F77BFBF8BD4FF0FF31F3E700BF2DE9F84320F00045B5F1485F064688464ADAE6F793FC002800F09F8031463046E6F7B0FA04464F49E6F7ACFA4E49E6F7A1F92146E6F7A6FA4C49E6F799F92146E6F7A0FA4A49E6F795F92146E6F79AFA4849E6F78DF92146E6F794FA4649E6F789F92146E6F78EFA07464FF07C512046E6F788FA0346394620461C46E6F782FA414605463046E6F77DFA01462846E6F76FF901462046E6F76BF901464FF07E50E6F766F9BDE8F8830146E6F76BFA04462C49E6F767FA2C49E6F75CF92146E6F761FA2A49E6F754F92146E6F75BFA2849E6F750F92146E6F755FA2649E6F748F92146E6F7F6
S3FD080200004FFA2449E6F744F92146E6F749FA224B07469D42B7DD214B9D4228DC05F17F4529464FF07E50E6F731F981464FF07C512046E6F735FA2946E6F728F90346394620461C46E6F72CFA414605463046E6F727FA01462846E6F719F901462046E6F715F901464846E6F711F9BDE8F883DFF834900B4DDAE74FF07E50BDE8F88300BF4ED747ADF6740F317CF29334010DD037610BB63AABAA2A3D9999993E0000483F0000903E0000383F2DE9F04F1C46DDB00991611E06930191BE4B6699054653F821100B920391111DC0F20183D31E44BF13460433DB1005930133DB000A93DDE90A239B1A0493059A019BD61A039A12EB030818D408F101080F
S3FD080200F80024DDF89C91B04420AF08E059F82600E6F776F90136464547F8040B07D0002EF4DA20460136464547F8040BF7D1039B002BA5F104030293C0F213831946069B019E9A000092039A01EB830520A901EB83070DF5907802EB0309019B002BB8BF002410DBBB460024DDF808A05BF8041D5AF8040FE6F798F901462046E6F78CF8AA450446F2D101364E4548F8044B07F10407E2D1039A0CA901EB820302980099924601440D46083B07930BAB03EB820308935CAB03EB8A03BAF1000F53F8509C4FEA8A0822DD48AF0CAE07EB8A044FF06E514846E6F768F9E6F742FBE6F710F94FF087418346E6F75FF901464846E6F751F8E6F735FB034606
S3FD080201F054F8041D584646F8043BE6F749F8BC428146E0D1049E4846314600F075FB4FF078510446E6F744F900F02EFB4FF08241E6F73EF901462046E6F730F80446E6F713FB0746E6F7E0F801462046E6F726F8002E044640F38A800AF1FF300CAB53F82030C6F1080243FA02F101FA02F29B1AC6F1070643FA06F60CAA002E42F820300F447DDC00212046E6F7A6FA002800F0D480039B0AF1FF34A34210DC00220AF18043013B0CA9089801EB830353F80419834242EA0102F9D1002A40F01781039B0CAA013B52F82330002B40F00A810127079B53F804290137002AFAD00AF1010398460AEB07020092059A03EB0209069A09F1804902EB0A06ED
S3FD080202E820AA02EB8606679A09F1FF3902EB890948AA02EB830A59F8040FE6F779F8019B3446002B306006F104061ADB0027DDF808B0043C01E054F804095BF8041FE6F7BBF801463846E5F7AFFFAB450746F2D1009B08F1010898454AF8047BDBDD9A462FE70027009B08F1010898454AF8047BD1DDF4E740F0A1800AF1FF330CAA52F823603612002E81DDBAF1000F07F1010740F3AE810C9A002A40F08780BAF1010F1ED001210CAB53F8042F002A00F080804B1CC2F580720CA89A4540F821200EDD50F82320804400EB830302E090C602081A68C2F1FF0243F8042B4345F8D10122049B002B0EDD012B00F07281022B09D10AF1FF310CAB53F8B6
S3FD080203E021300CA803F03F0340F82130022E7FF441AF21464FF07E500092E5F747FF009A0446002A3FF436AF04994FF07E5000F073FA01462046E5F739FF044600212046E6F7D2F900287FF42CAF2046DDE90A32991ACDE9016700F05FFA4FF087410446E6F7E0F9002800F072814FF06E512046E6F726F8E6F700FAE5F7CEFF4FF087410546E6F71DF801462046E5F70FFFE6F7F3F903460CAA42F82A302846E6F7ECF9049B0AF10104083304930CAB43F824003AE00123002180E7013151457FF477AF92E74FF07C51E6F7ADF9064600283FF4E1AEBAF1000FC8BF022607F101073FF75DAF21464FF07E50E5F7E0FE02260446D0E60AF10103984616
S3FD080204D80093FDE6049A0CAB53F82430083ACDE90167049263B90AF18043023B0CA901EB830353F80419013C083A0029F9D004924FF07E50049900F0F3F9002C0746C0F224814FF06E56A30048A91A1D01EB030804930CAB059203EB020908F1040559F8040DE5F75DFF3946E5F7AEFF03463146384645F8043DE5F7A7FF0CAB99450746EDD100274FF00009DDF80CA0A8F104080094BAF1000FB8BF4D4615DBC3464D460026824C824803E0B7420DDB54F8040F5BF8041FE5F788FF01462846E5F77CFE0136B2450546EFDA009A5CAB03EB8703BA4243F8A05CA8F1040807F1010301D01F46D6E7669A009C022A1ADC002A00F3898010D1059B34ADEE
S3FD080205D02B4400201C4654F8041DE5F759FEA542F9D1019B0BB100F10040099B1860029B03F007005DB0BDE8F08F669B032BF6D1002C00F0BB80049A5CAB134434AD53F8A07CAE1856F8048C38464146E5F738FEB946074640463946E5F730FE4946E5F72FFE306046F8047DB542EBD1012C40F39D80049B5CAAEE183746D31853F8A04C0DF1D40857F8049C20464946E5F718FEA246044648462146E5F710FE5146E5F70FFE386047F8044DB845EBD100200436083556F8041DE5F703FEB542F9D1019B002B54D0DDE9342300F1004002F1004203F1004309994B60029B886003F007000A605DB0BDE8F08F0AF1FF310CAB53F821300CA803F07F03F3
S3FD080206C840F821308EE608230A930023059302E5002275E6002034AE06EB830555F8041DE5F7D2FDAE42F9D1019B3BBB099B014618603498E5F7C6FD002C0CDD012534AE56F8041F0135E5F7BFFDAC42F8DA019B0BB100F10040099B5860029B03F007005DB0BDE8F08F2046E6F792F80CAB544643F82A00E4E6349A359BAFE7099A00F10043014613603498E5F79CFD002CD5DCDFE7069B9B00009314E5669B022B05DC002B09DC7FF43FAF002036E7669B032B7FF439AF002086E70020B5E764C602080000C93F2DE9F84320F00043B3F1485F04460E46904603DAE6F75AF8002858D021462046E5F778FE054620462946E5F773FE29498146284653
S3FD080207C0E5F76EFE2749E5F761FD2946E5F768FE2549E5F75DFD2946E5F762FE2349E5F755FD2946E5F75CFE2149E5F751FD0746B8F1000F22D04FF07C513046E5F750FE394607464846E5F74BFE01463846E5F73DFD2946E5F744FE3146E5F737FD154905464846E5F73CFE01462846E5F730FD01462046E5F72AFDBDE8F88301462846E5F72EFE0B49E5F721FD4946E5F728FE2146E5F71DFDBDE8F8832046BDE8F883D3C92E2F342FD7321BEF3836010D50398988083CABAA2A3EF8B5C0F3C7557F3D162D044620F0004717DC002D06461BDB164F2F4138421ED01549E5F7F9FC0021E5F7BAFFB8B1002C04DA4FF4000343FA05F52E4426EA070042
S3FD080208B8F8BDB7F1FF4F0AD30146E5F7E5FCF8BD0949E5F7E1FC0021E5F7A2FF08B92046F8BD002C01DB0020F8BD002FF7D00348F8BD00BFFFFF7F00CAF24971000080BF38B530F0004403461DD0B4F1FF4F1BD210F0FF4F02460D461AD14FF09841E5F7C3FD204A034695422CDBC0F3C7540246A4F119004419FE2C0EDD18461A4961F31E00E5F7B1FD38BD0146E5F7A5FC38BDE00D4419FE2CF0DC002C0EDC14F1160F14DA4CF2503218469542CCBF0E490F4961F31E00E5F798FD38BD22F0FF4040EAC45038BD0949E5F78FFD38BD04F1190022F0FF424FF04C5142EAC050E5F784FD38BD00BFB03CFFFFCAF249716042A20D002101F0DBBB00BF43
S3FD080209B00A22002101F07EBC014B1868704700BF680900202DE9F0410C46074602F026FC21460546384602F025FC43690446990703F26C7807D17D4B7D497E4A03FB0813B2EBB30F2FD3794E794A7B4B06FB08264FEA36169E4294BF30260026774B1E4401F010FE01F01AFE754B1B6833B36B6843451AD12B68002B40F09A80D7E90001D5E90823904271EB030380F29F80D5E91223904271EB0303B4BF0123002323620DDA2A6D0CE03026D8E7404601F020FD0028DFD14FF0FF33236200E02362AA6A4FF461655F4BD01783FB02131344C0EBE32105FB11215C4DC0EBE32385FB0125CA170D44C2EB6515C5EB0510A268A1EB80012068D31A626842
S3FD08020AA8411A521B3B2984E80E004EDD01323C39C4E900123B2A41DD01333C3AC4E90123172B1EDDD4E906210132062AC8BF0022A261E268183B01320131C4E90232E161216956F821309A4206DDD21A0B29E26001F1010341D0236101F09EFD2046BDE8F081002BF8DAD4E90621013A48BF0622A261E26801391833013AC4E90232E161002AE9D12369013B31D423619B00F358E36001F081FD2046BDE8F081002ABFDA013B3C32C4E90123BAE70029B2DA013A3C31C4E90012ADE7D7E90001D5E90823904271EB03030FDBD5E91223904271EB030309DA0123236267E700226369226101336361E261B7E7002323626BE70B22636922615A1E03F295
S3FD08020BA06B7362619A070CD10C4A0D480D4902FB0302B1EBB20F04D240F26D122C23E261B9E706480649084A00FB0313B2EB331F2CBF0122002202F5B672EFE7295C8FC250B81E05285C8F020AD7A30000C80208CC600020C5B3A291898888882DE9F043016804463B2983B000F2CC8041683B2900F2B680A168172900F2A08021690B2900F28A8063699A073DD16D486D4A6E4D00FB0326B5EBB60F71D2E3681D20002B35DC6A4D664F674EDFF89CC1DFF8A0E107E001290CBF024655F821201344002B1CDC0139F5D261694A1E12F0030F626160D107FB0262BCEBB20FC0F0A58001F26B7107FB0161BEEB311F34BF1C201D201F221344002B4FF0DF
S3FD08020C980B01E2DDC4E9033103B0BDE8F0831C20E368002BC9DD022600274E4DDFF828E1DFF828C1DFF82881DFF82C91012901F101020ED055F821109942A3EB0103E3DA0C2AC4E903320DD01146012901F10102F0D19842A3EB0003D6DA0222C4E903361146F2E7616927614A1C12F0030F626102D01C200021D9E70EFB02C2B8EBB20F58D21D20F6E703F26C7300FB0323324AB2EB331F34BF1C201D20B9E71C20ABE70C22684601F022FEDDE900216369002913446361BDBF0C3103F1FF33C4E90413216164E71822684601F010FEDDE90012E368002A0B44E360BDBF183203F1FF33C4E90223A2604DE73C22684601F0FEFDDDE90023A168002B71
S3FD08020D901144A160BDBF3C3301F1FF31C4E90131636038E73C22684601F0ECFDDDE900236168002B11446160BDBF3C3301F1FF31C4E90031236022E71D2061E701F26D720EFB02C2B9EB321F34BF1C201D2095E7295C8FC250B81E05285C8F02A0C702080AD7A3002DE9F04F8DB0054602F00EFA4FF4616781462846FFF7F8FE2869A5496B682A6851F82040C3EB0313D5E9026102EB83030139012807FB0636D5F814800C4403DD18F0030F00F0DB8044F6206208F51C5310339342EC6100F2BC81B8F1460F00F3AE8045D0B8F1450F00F07F81452340F26D1A904F9048DFF844C2DFF844E214E007FB0301BCEBB10F03F26C72C0F0038107FB02025F
S3FD08020E88BEEB321F34BF52464FF4B772013B4345A4EB020408D09A07E8D040F26D12013B4345A4EB0204F6D118F0030F40F053817B497C4A7C4B01FB0820B3EBB00FC0F05D8108F26C7001FB0022784940F26D13B1EB321F28BF4FF4B773E41A744BF717C3FB0467CDE9006701F0A0FB01F0AAFB704BD3F800B0BBF1000F00F0A280D5F820A06869D9F80430BAF1010F00F26C70D346A8BF4FF0010B834203D001F0BCFA00282ED0D9E91223D9F828C0D9F850E0CDE906237046B2EB0C02164663EBEC731F466246C117CDE90201DDE90001B042CDE90A6771EB07064FEAE27352DBDDE90601029FC61B08960E46039966EB01060996DDE90867DDE933
S3FD08020F800001B04271EB070640DABBF1010F5CD1D9F850000246C317CDE90223DDE90078029A039BBE1847464FF0010B43EB070754E0462340F26D1C3B493D483D4F13E001FB03FEB0EBBE0F03F26C721BD301FB02F2B7EB321F34BF62464FF4B7720133434514443FF47EAF9A07E9D040F26D12F5E72D4A2D4B2E4902FB0830B1EBB00F46D201341AE74FF4B772E8E70299D9F82060D9F800B0761A04960399D9F8246066EB01060596DDE90467DDE90001BBF1000F47D0B04271EB070680F29380BAF1000F4EDC4FF0000B02E0D9F82820D317DDE90078BE18474643EB070701F0F0FA174B043483FB04231A19E317C3EBA203C3EBC303E31A48BF99
S3FD080210780733C5F820B0AB61304639460DB0BDE8F08F4FF4B77201E708F26C7102FB0133064AB2EB331FFFF4CDAEAEE7D0C70208295C8FC250B81E05285C8F020AD7A30080510100CC60002093244992B04271EB070652DADDE90A67DDE90001B04271EB07064ADBBAF1000FB6DD4FF0000BAEEB0C012B68DDE90067761847EBE177194428462960D5F80CA0CDE90067FFF77AFDEA68B2EB0A023FF43CAF012A53DD4FF0FF32EB691444D21833D418F0030F52D1DFF8C0C02C482D4B0CFB0801B3EBB10F4FD340F26D1108F26C730CFB03032848B0EB331F34BF0B464FF4B7739A42A8BFD21AEA6115E740F26D13BEE6DDE90A67B04271EB0706BFF685
S3FD0802117066AFBAF1000F7FF411AF4FF0010BACEB0E01B2E74FF4B773ABE608F1FF339A0720D116481249134A00FB0313B2EBB30F40F26D1309D308F26B7200FB02120E49B1EB321F38BF4FF4B673EB61E5E6911CD8BF0122A9E74FF0FF36374658E740F26D13BFE74FF4B673EFE74FF4B773B9E750B81E05285C8F020AD7A300295C8FC22DE9F0410D46904602F064FF06460F46B8F1000F11D0C5F30A53C3F16B03002B0BDD00241B0503F17F5505F5401522462B46E5F7B7FE06460F4630463946BDE8F08100BF000000002DE9F04F0025AF4C80462068A3B08A461C46069207901E9503F080F90022002351468346CDE90423CDF874A00F4611F848
S3FD08021268013B2D2B2FD8DFE813F09E002E002E002E002E002E002E002E002E00AC00AC00AC00AC00AC002E002E002E002E002E002E002E002E002E002E002E002E002E002E002E002E002E002E00AC002E002E002E002E002E002E002E002E002E002E000F042E00050400220A92302B7BD000220B922F2B1C4640F30B854FF0000938464E464D4612E00130082D1D90C8BF09EB89090478C6BF03EB4903A3F13009A2F130062F2C234605F1010574DD06EB8602392C03EB4202E6DD5A46079903F044F9002861D11D9B1A465B441D9312F80B40002D40F0D485302C40F06F85C3F10102981801331D931C78302CF9D0A4F13103082B00F243831D9F2B
S3FD080213600023A4F1300E01253C4600F1010B0893002006EB86060EEB4606631C1D936478A4F13002092A06D896460130002A40F087841D9CF1E7652C4FF0010C00F08280452C38D1002D7DD10B9B034379D1069B13B1069BC3F800A04FF0000A4FF0000B5046594623B0BDE8F08F1D914AE77B7803F0DF03582B00F0448401371D973B78302BFAD0002B00F0D18001220B9274E70020652C834684460895D3D0D0E75A46079903F0D5F8002800F0D48008954FF0000BDC46584600230C93002D00F092803046E5F73DFD089CCDE904012346002C08BF2B4608930C9B102D2C46A3EB0B03A8BF1024092D0B9314DD2D4B03EBC40353E91223E5F79EFD47
S3FD08021458024648468A469146E5F71EFD02460B4648465146E5F7DCFBCDE904010F2D00F3A6800B9B002B00F0ED830B9B40F34B83162B40F31E850B9AC5F12503934280F233850B9B2C1B1C4497E00025DDF874A00AF101031D939AF801402B2C00F093822D2C00F027824FF0000EA4F13003092B00F21B82302C05D11D9B01331D931C78302CFAD0A4F13103082B98D81D9AA4F13001531C1D93547807922F2C0EDC00F00EBC00BFACCA020870CB0208194601331D934C78A2F130012F2C05DD01EB8102392C04EB4202F1DD079A9B1A082B40F3F68344F61F630C93BEF1000F3FF471AF0C9B5B420C93002D7FF46EAF0B9B034320D1BCF1000F7FF40A
S3FD080215502EAF692C00F0408400F3F982492C00F03B844E2C7FF423AFB5491DA801F026FD00283FF41CAF1D9B1B78282B00F08F85B04802F00FFF82468B4603E04FF0000A4FF0000B069A0AB11D9B13600A9B002B3FF40EAF0BF100439B465046594623B0BDE8F08F1D9B089503EB0B021D9213F80B408346DCE60B9B2C1B1C44002C40F3DF8214F00F000AD0DDE904239A4901EBC001D1E90001E5F7D5FCCDE9040134F00F0340F07D82002307932B4639464046089A009602F068FA1390002800F0FE8300220C9B1746ABEB03010B9B91469342A8BF114623EAE3730E911093139C4046616802F0D3F98346002800F04281DDE90456226904F10C0188
S3FD08021648023292000C30CDE90856E5F78FF920A81FA9CDE900102A463346404602F0BAFD1E90002800F018810121404602F0DAFA8146002800F021811F9B002BC0F210810E9A109C9D180799209A5B1A13446D49013B8B42C2F1360280F2AD80C91A1F29A2EB010200F3218101238B400C9300239A46AE18B5422B46A8BF33461444079A1444A342A8BF2346002B02DDF61AE41AED1A0E9B002B00F3BF80002E00F3D3800B9B002B00F3E080002C00F3F480002D08DD49462A46404602F0A6FB8146002800F0DB805A4640461E9902F02FFC0746002800F0D2800026C3684946C6600F9302F006FCB042C0F2888400F0FC834946384602F0B1FD0022E0
S3FD080217404FF0804304460D46E5F7A0FE00285BD00F9B002B00F0E78000233D4C1196CDE90C34059B9A463A4B12933A4C3A4B0AEA04069E4200F0FC80079B9BB1B6F1D46F10D82DA3D3E90023119D129C28462146E5F77CFE002840F091810D9B03F1D6639B1B0D93DDE90801DDE90C4502F08AFC02460B4620462946E5F7ECFBDDE90823E5F732FA03460C460D46CDE90434079B23B9204B2B409E4200F00D8140461E9902F022F95946404602F01EF94946404602F01AF93946404602F016F916E700239A4601230C9358E7002220462946134BE5F7C0FB0F9ACDE91101002A7ED101F1004314901593DDE91434CDE90C34059B9A469AE7AFF3008008
S3FD080218380000C0FFFFFFDF416CC80208BC8C020870CB020802FCFFFF0000F03F0000F07F0000E07F0000E03F49461A46404602F0A7FA814648B301461E9A404602F0F0F918B30F901E99404602F0D2F80F9B002E1E937FF72DAF324640461E9902F0DCFA1E9000287FF424AF3E46CDF82CB010E0109A0E9DD41AEEE659464046109A02F07FFA834600287FF417AF3E46CDF82CB01E98A94B0022059322230492C8F80030DDE904ABB9E059462246404602F0B4FA834600287FF403AFE7E701219F480C91C31A01FA03F39A46DBE60023CDF874A00C9386E54FF0010E0AF102031D939AF80240D2E5DDE91123CDE914237FE7DDE90412002940F0B38081
S3FD08021930C2F313039246002B40F0B3800022204629468D4BE5F798FD002840F0D0828B4B204629460022E5F71DFBCDE9110101F100431A901B93DDE91A34CDE90C34FCE6AAF154730593DDE90423DDE90C01CDE9040110461946CDE90C2302F09BFB02460B46DDE90401E5F7FDFADDE90C23E5F743F90D4601EA040C04460B46CDE90445DDE9084520462946714ACDE91801944578D902F15472954203D1B4F1FF3F3FF478AF4FF0FF336B4ACDE90432FEE64FF0000E95E7652C00F0AC80452C00F0A9804FF0010CA6E5119E129C30462146E5F751FEE5F799FA0B46024621463046E5F709F9049C0F9EC5F3130C264356EA0C0304460D4672D04CA3F3
S3FD08021A28D3E90023E5F724FD48B94BA3D3E9002320462946E5F73AFD00283FF4CBAE3E461E98CDF82CB0DDE904AB0146404601F0E7FF40460B9901F0E3FF4946404601F0DFFF4046139901F0DBFF3146404601F0D7FF8BE501230A937A1C1D927B78002B3FF491AC174620E400230A93F4E7DDE90412012900F04281924600230021384CCDE90C34324BCDE911135AE603F15475059588E621462846E5F718FD012838BF0120E5F7E9F90B46CDE911010F990246002940F0358103F1004316921793DDE91634CDE90C3454E6B3F59A7F40F32D811D4B0022059322230492C8F80030DDE904AB43E516A3D3E90023E5F7B1FC00283FF460AE93E71633F0
S3FD08021B20FFF651AD0C9A194BABEB020103EBC103D3E90023DDE90401E5F756FB82468B4628E500234FF0010C9B4608932CE46E2C3FF40AAD2BE400BF9535A094FFFFDF3F35E5AF350000E03F9535A094FFFFCF3F0000F07FE2FBFFFF0000F03F0000E03FFFFF9F7CFFFFEF7F0000F0BF70CB02083FF431AD644214F00F020AD0DDE90401B84B03EBC203D3E90023E5F71DFBCDE9040124113FF41FAD1F2C36DCDDE9040114F0100318BF6A2307930023DFF8D492E20704D5D9E90023E5F7DCF90123641009F10809F4D10BB1CDE90401079B9BB1DDE90412C2F30A53C3F16B03002B11460ADD1F2B40F376820022342B049240F37C824FF05C730593D2
S3FD08021C180022DDE904010023E5F720FC00283FF4E8AC22234FF0000A4FF0000BC8F80030ACE41F9ADDE9201302F2334223F4801343EA025304910593250742BF059B43F000430593DDE904AB98E40A9A1EABCDE9003202944046864A1FAB1DA900F0F4FE10F0070504463FF485AC062D40F0D080069B0137002B3FF493AB4FF0000A4FF0000B1F60FFF790BB01281D9C834405F1010300F04582284400F1FF3C03E04E009C451D460CD0082D05F1010306EB8601F5DD102BDCBF09EB89094FEA4909EFE70546BCF1080F7FF747AB102DD8BF09EB89094FF00000D8BF02EB4909FFF741BB5A463846079902F057FC002800F0D78000231D4699461E46C1
S3FD08021D100893FFF77CBB44F61F639942A8BF19460C9105E4DDE904129246002A7FF4B9AE3E46CDF82CB022234FF0000A4FF0000B1E98C8F8003084E6DDE91123CDE91623C9E6102B4FEA231440F3B581DDE9040100234A4A99469246079214F0010F09F101094FEA640404D0DAE90023E5F70AF90123012C0AF1080AEFD10BB1CDE90401059B3F4CA3F154730593079B03EBC909D9E90001DDE90423E5F7F4F8DFF8F8C001EA040363450A46CDE9040100F2218134498B4240F21681334B0593002307934FF0FF33049310E430491DA801F0EEF800283FF4E4AA1D9B2D49013B1DA81D9301F0E4F810B91D9B01331D930023244CCDE90434DDE904AB4F
S3FD08021E08FFF7C4BB204B139A059322230492C8F80030DDE904ABFFF7B9BB0020FFF796BA1E9A3AB1352120A802F064FA40461E9901F0F6FD013D052D3FF606AF01A353F825F000BF3B1C0208AD1E02087B1E02086D1E02083B1C0208651E02080023CDE90433F1E64FF0FF336FF00046CDE90436EAE60023044FCDE90437E5E670CB020870C8020848CB02080000F07F0000907CFFFFEF7F60C8020864C8020898C802080000A07C209B0493219B0593CCE61D9B06461A465B441D93814612F80B40FFF73ABA0B989C49DDE9042301EBC001D1E90001E5F75BF882468B46FFF757BB83460895FFF749BA0023944CCDE91A340F9B1193934B129332E57E
S3FD08021F008F4CC5F10F0504EBC501DDE90423D1E90001E5F73FF80B9B5D1B04EBC504D4E90023E5F737F882468B46FFF733BB0F9B3E46CDF82CB05746DDE908AB002B67D0DDE90445814BC5F3130199422A462DD0002F00F09E80059B1F4210D0DDE904010F9B079A002B00F0B380FFF741F902460B4650465946E4F757FE82468B46079B002B35D0724B50461993002318935946DDE91823E4F7FEFF03460B4382468B4626D122231E98C8F8003052E5079B0499002B00F0A780674B2B40B3F1D46F00F2A1804FF0FF301B0DC3F16B0300FA03F39942BDD1604B9A4200F0A9805D4B134003F58013059300230493DDE904ABC6E71E982EE502F15473E1
S3FD08021FF8059300230793FFF7FCBA2223002205940492C8F8003025E6DDE90412C2F313030B43144698D1079B002B7AD14B4B2340A3F580136FEA13536FEA035305934FF0FF330493DDE904AB9DE70F9BDDE904452343CDF82CB03E46DDE908AB93D1C5F313032C46002B8ED125F000431B0D1B05B3F1D66F87D97B6913B93B69012B82DD31460122404601F0E7FE4946064601F057FF00287FF777AFC5E70C9B049A13423FF471AF5EE72F491DA820AA00F0A2FF05287FF469AA219B43F0FF4343F4E0030593209B0493DDE904ABFFF767BA264B4FF0000907935FE6FFF78EF802460B4650465946E4F7A2FD0022002382468B46E5F7BCF900283FF4B5
S3FD080220F046AF20E64FF0FF3202FA03F3049A1A40049289E54FF0FF3362E74FF0FF32203B02FA03F30B4005937EE50E4B2340B3F1D66F81DCB3F15C7F3FF72CAF03E601317FF454AFFFF7C8BBAC461D46CDE500BF70CB02080000E0BF0000E03FFFFF0F00000050390000F07FFFFFEF7F84C8020848CB0208034B0A4601461868024BFFF763B800BF68090020FC0D0020012B2DE9F84F35D0242B984632D80D46474FAC4615F8014B3E5D16F00806F8D12D2C64D02B2C2DD0A3466FF000498BB3102B68D00027B9FBF8FEBC4608FB1E9A07E0E64513D347D0012708FB0C4C15F801BBABF13004092C05D9ABF14104192C27D8ABF13704A3422BDD002FD5
S3FD080221E8E9DA4FF0FF37ECE7FEF7E2FB1622034600201A60BDE8F88F95F800B06FF000490CF10205002BCDD1BBF1300F31D12B7803F0DF03582B3AD14FF0100895F801B043460235C0E7ABF16104192C03D8ABF15704A342D3DC002F0DDB0EB1CCF1000C0AB117BB11606046BDE8F88FA245B5DA4FF0FF37B5E7222303609AB1CC46691EF0E795F800B04FF0004901260CF1020597E74FF00A08434696E7BBF1300F0AD0984691E7CC466046DEE7E146E6E74FF00808434688E72C7804F0DF04582CBBD0984681E79DC60208FFF764BF30B40D46034C134601462A46206830BCFFF75ABF680900202DE9F04F8B469A460D4685B00192684A03902946B8
S3FD080222E015F8014B135D13F00803F8D12D2C00F08A802B2C08BF2C78029308BF8D1CBAF1000F1AD0BAF1100F00F08280D0464FEAEA7942464B464FF0FF304FF0FF31E5F7A9F98C46064642464B464FF0FF304FF0FF316746E5F79EF90BE0302C7DD005224FF099364FF00A084FF000094FF00A0A4B4F4FF0000C0020002115E08F4208BF864220D3B94208BFB0423AD04FF0010C00FB09F408FB0144A0FB08012144C01841EBE37115F8014BA4F13003092B05D9A4F14103192B09D8A4F137039A450DDDBCF1000FDADA4FF0FF3CEBE7A4F16103192B03D8A4F157039A45F1DCBCF1000F14DB029B13B1404261EB4101019B2BB1BCF1000F14D1019BAB
S3FD080223D8C3F800B005B0BDE8F08F9342C2DD4FF0FF3CCBE72223039A4FF0FF301360019B4FF0FF31002BEDD005F1FF3BE7E701232C7802938D1C76E7302C28D12B7803F0DF03582B1ED16C780F224FF0FF366FF070474FF010084FF000094FF0100A02358BE72B7803F0DF03582BECD007224FF0FF366FF060474FF008084FF000094FF0080A7AE74FF010084FF0000955E70F224FF0FF366FF070474FF010084FF000096BE700BF9DC6020899999919FFF722BF30B40D46034C134601462A46206830BCFFF718BF680900202DE9F04F83B0804600F0B8FE40F2B173984540F3AB804FF4C8735A4A4FEAE87682FB081EC6EBEE1703FB17870446002F5E
S3FD080224D00CBF3023002301466FF4F66040F26D1A4FF064096FF4C86540440193A8F26D734FEAA00CC6EB6E1682FB030EA8F2B2700AFB00C0DB174544A3EB6E1309FB1686C4F8048008F0030803444046A2FB0552DFF80CE103EBD21504F1500C0B7A4A2B1ED0442B2CD14A6905EB02088A698B6A0EFB08221A44D317C1E9082328318C45ECD1D4E90801D4E91223904271EB0303B4BF012300230120236003B0BDE8F08F4B695A1930B92EB13B2BC8BF013202F1FF38DBE7002FFAD13B2BC8BF0132F6E700283FD0DDF80490CB68234A012B91442A4610DD88464FEA830BABF1080ACA44A9F1040353F8041F9A450A44FAD14146ABF1040BD944194B1F
S3FD080225C802F1040883FB083A4FEAE873C244C3EBAA03C3EBC30A4B69A8EB0A08B3EB08080B6948BF08F10708013BD9F80090C3EBC3039844C84503DBA8F10708C845FBDA904497E7002003B0BDE8F08F019B002E0CBF99464FF03009BAE700BF1F85EB5100C802089324499280510100014800F0E9BE00BF28610020014800F0E7BE00BF28610020014B186800F002B8680900202DE9F04F8BB0064600F0DCFDBB490446304600F0CFFD0546002800F00581B84F396829B1E4F7F0F9002800F0E2803968084600F0CFFE284601F060FF01463046013100F0CFFE386010B1294601F0F8FE2B78AC4A3A2B08BF01352846AA4908AB01F07AFE002840F34A
S3FD080226C0C48008982B5C05442D2B00F0C1804FF001092B2B08BF01354FF0000808AB06AF0DF1160628469F490393019305AA02970096ADF81680ADF8188001F059FE404540F3A3804FF46160BDF81630BDF81810BDF81420C3EB031301EB830300FB023309FB03F30898DFF854A2DFF830C2DFF840920544A36228465246894908ABC9F800C001F035FE404540F3EF80089BC9F804A0EA5C1D442D2A7ED04FF001082B2A08BF01354FF0000C08AB2846CDE90273CDE900637B4905AAADF814C0ADF816C0ADF818C0CDF820C001F012FE002840F385804FF46160BDF81620BDF81810BDF81430C2EB021201EB820200FB032308FB03F3A1464FF0000A06
S3FD080227B8089ADFF8C4B12365154495F80080B8F12C0F04BF95F801800135B8F14D0F65D0B8F14A0F08BF01354FF00A02284609A918BF4FF0440801F0BDFF099BADF81E00AB4234D080B2C9F8140089F808801D4600230222ADF81630ADF81420ADF8183008932B782F2B69D04FF4E153C9F8183009F12809BAF1000F16D06068FFF734FEA26A236D4A489B1A18BF0123494903600A600BB0BDE8F08F4FF0FF3901353FE74FF0FF38013581E74FF0010AADE7BAF1000F69D04D250B2001210022C4E90D0184F83050E263C2E73A4A354C38493A4B15603A4A2068C3E900220D6000F0CAFD2560D6E7A36AA3F5616386E708A90DF11E0207ABCDE9011296
S3FD080228B00391009328460B460DF11A02594601F077FD0328C1D1BDF81A305A1E0B2ABCD8BDF81C20511E0429B7D8BDF81E100629B3D8C9E9033289F80880C9F81410089B1D4489E708AB2846CDE90273CDE900631D4905AA01F054FD4FF4616CBDF81620BDF81800BDF814300899C2EB021200EB82020CFB03230D447CE7A06A0F49D9F800200D4B0860C9F80420C3F8008084E74D2003210222C4F814A0C4E90312207259E700BFC0C80208C8600020BC600020C8C80208D8C80208CC600020D0600020980D0020C4C8020800C90208B0600020ECC8020891FBF2F3002910B402FB13140BDB002C03DBC0E9003410BC7047A41A0133C0E9003410BC59
S3FD080229A87047002CC4BFA41803F1FF33C0E9003410BC70472DE9F0410569B5EB611F2FDD00F114044F1111F01F0C04EB850604EB87032BD054F8272004339E4222FA0CF1CCF1200818D9A6461A6802FA08F20A434EF8042B53F8041B9E4221FA0CF1F3D8EB1B9B00053B9B08013344F8231004EB8303C9B1043317E0234641610029F9D10023036100234361BDE8F0819E4288BF00F11002F4D953F8041B9E4242F8041FF9D8EB1B04EB83031A1B9210A3420261E8D0BDE8F08100BF2DE9F04FBC4C8BB0059020688946044602920793039001F06DFD02462046D9F800301044997810F801BC302940F0E4816FF00100C01A03331C4600EB030A13F86D
S3FD08022AA0011B3029F8D0DFF8B48218F80130002B00F0F48000273D46237818F8033026462BB116F8013F18F80330002BF9D130460399019201F06CFD019A0090002800F09380002D40F093803378009503F0DF03502B354600F09580C9F80060002F40F0B0802B1B013B072B394604DD5B10072B01F10101FADC0598049200F05FFF049A0190002800F03982019BAC4203F11406069680F0BE810027C2F10103B946049311E0202F00F096803946043715F8013C554618F80330A54203F00F0303FA01F349EA030916D915F8013C05F1FF3A5B45E7D1049B5344A342E3D3184603990992089301F015FDDDE908320028D9D11D46A542E8D8069B46F821
S3FD08022B98049BF61A019BB6101E61484600F0F2FF029B76011C68301AA04200F3B080C0F22E810027029B009A9B689342C0F26A810298009A4368934240F381809D1AAC4200F3C280C268022A00F09C81032A00F09481012A00F0788150250598019900F017FF00232846149A13600BB0BDE8F08F002D00F01381AD1BAB0000933378354603F0DF03502B7FF46BAF6B782B2B00F0F3802D2B6ED04FF0000C6E1C18F80330591E182964D87178103B18F80110013629BBBCF1000F00D05B420099C9F8006019440091002F3FF450AFBAF1000F14BF0025062528460BB0BDE8F08F002146F8049B0427894665E716F8010F03EB830301EB430318F8001081
S3FD08022C90103B0029D9D01929F2DDD6E720460399009201F085FC009A002877D1A15CA51818F80130002B73D030292C4605D114F8013F302BFBD018F80330B3FA83F74FF0010A7F09F3E6012557B1029BDB68022B66D0032B68D0012B00F0898045F01005149B28461A46019B1360079B1A46009B13600BB0BDE8F08F2E46F5E64FF0010CAB78AE1C8EE7019D061B3146284601F011FB074678B10127721E0699531151F8231002F01F0307FA03F30B4203D0BA4200F3C1800227DDE90030314633440093FFF734FE32E700BFACCA0208ACC902086E1E002F40F0A380002E40F0A68001230699721151F8222006F01F0603FA06F629461642019818BFFC
S3FD08022D8847F00207FFF716FE029B641B5B68022500939DE72546217801F0DF01502900F09780C9F8005058E7159BC3F101031593159B002B96D0019ADDF818C01669002063460CEB8601B70003E0994243F8040C42D99E4653F8042BB2F1FF3FF5D00132022DCEF8002000F09A8014F01F0440F0B980212578E7BA077FF574AF069B1B681F43FB07D7D46DE74FF0000C7CE7261A32460199059801F017F8009B00279B1B00930346143301900693C3E6B35CB01818F80310064600293FF454AE16F8013F18F803100029F9D1801B8100009149E64FF0000A9C1C22E6019B9B689E4265DA33464FF0010E019803EB0E02022D00EB83030261C3F814E0CD
S3FD08022E8051D09642B5DA01210198FFF797FD029B009A9B68013293420092AEDA0199059800F0C2FD0023149AA3251360DEE601275DE74FF00009069E6CE63146019801F041FA074653E72846B11E01F03BFA00283FF438AF032736E7002301270093A0E6AC427FF485AE012C08D00198611E01F029FA00283FF47CAE029B5B680122079962250B60019B06991A610A60149A1360ACE6159A002A3FF46BAEEFE7159A002A7FF466AEEAE7029B1B68013BA34228D02225DDE6019B05985968013100F04EFD804680B3019A0C30136902F10C0102339A00E3F70FFD0199059800F065FDD8F81030CDF8048008F1140C7EE7674457F8040C00F00BFEC4F18D
S3FD08022F782004A042BFF63DAF81E7012362115CF8222004F01F04A34013420CBF22252125AAE60246DE21054B054802F0FFFD02468421024B024802F0F9FD00BF14C9020828C9020830B4046808E014F8013FA3F14105192D98BF2033934208D111F8012B002AF2D101340460012030BC7047002030BC70472DE9F04F096885B04B1102EB830311F01F011CBF1D460433009308BF1D1F002301900391019908680099013041F8043C0478002C00F0A480AC469A461E46984629469646DFF8549102950EE0202C00F29380B24506DA614501D2072B79DD8E455FD3082310F8014F94B119F80450002DECD00133082B06F101064ADC0A68120105F00F057D
S3FD0802307015430D6010F8014F002CECD17246029D002E73D08C4513D9072B11DC0846C3F108039B000E68C3F1200E476807FA0EF4344327FA03F6046040F8046F8445F4D88A4234D20B46101F53F8044BAB4240F8044FF9D96B1A23F0030301310433681C884238BF04230021134443F8041BAB42FBD9009B53F8043C2BB9AA4242D055F8043D002BF9D0052005B0BDE8F08F8E45A6D241F8048C002201230439AEE7A1F1040C41F8048CB2466146002398E7039B002BDED04FF0FF33009C039954F8040CC1F12001CB40034044F8043CD4E70C46C3F108039B000F68C3F1200B656805FA0BF23A4325FA03F7226044F8047F6445F4D372E7292C7246DF
S3FD08023168029D09D0042005B0BDE8F08F012305202B6005B0BDE8F08F019C013020607BE7ACC902082DE9F047DFF8748089461746064602F051FDD8F8005055B199F800301C4673B14C4602E014F8013F3BB13D2BFAD1304602F046FD0020BDE8F087A4EB090428680028F4D02246494601F0ECF928B92B681A5D03EB040A3D2A04D055F8040F0028F0D1E4E7D8F800303046ED1AAD103D6002F026FD0AF10100BDE8F0877813002000B583B001AAFFF7BBFF03B05DF804FB00487047A00D00202DE9F843D0E900890023624A0C4640464946E4F7CDF900230646494640465D4AE4F7C6F9002AC0F2AB8006F52F2000F66C204FF46163584D5849A5FB3C
S3FD080232600265ED0A03FB1522564BA1FB0261C61C83FB06739F19F317C3EBA7034909C3EBC303F31AA560C1EB011548BF0733A2EB85020028C4E90021A36178DB4A4BC51783FB0023C5EBE33540F26D11474E40F2F95206FB0506464BDFF834C1B008A3FB0073DFF830E1ACFB00703709AEFB07E706EBD323A3EBD013A3EB17133D4F9808A7FB03E7DB1B07EB5303ACFB00703A4F1B0AA7FB03C7C009C0EB5710304401FB13004FF4C87600EB80010231914294BF02276FF00907314A06FB0535A2FB0121CA0902EBC2012E4E01EB01110231A6FB01613A44012A98BF0135461CB0F5997FA6EB91010CD3A0F599700023A5F26C75E061C4E9031220464C
S3FD0802335865612362BDE8F8839E070BD01F4E204F06FB03F3B7EB331F2CBF012300233B301844E6E7194E1B4F06FB03F6B7EBB60FECD20123F3E70E4DA0F50E33A3F52C7385FB0325DB17C3EBE53581E702F5A83206F52F2002F5C07200F66B204FE700BF80510100C5B3A2918988888893244992BD066B394FC5FDFF7F206B3961F319671F85EB51D7802BD6CDCCCCCC295C8FC20AD7A300285C8F02D97CC65941D67200014B93F828017047FC0D0020704700BF704700BF704700BF704700BF704700BF704700BF024B0146186800F00BB800BF68090020024B0146186802F0A3BD00BF680900202DE9F04F01F10B05162D064683B024D8102900F2D7
S3FD08023450B68000F0B7FA102502201823DFF8E88443445C68A3F10802944200F0B4806368E16823F0030323445A68A56842F00102E96030468D6008345A6000F0A1FA204603B0BDE8F08F35F0070500F19080A94200F28D8000F08EFAB5F5FC7FC0F085816B0A00F08B80042B00F25B81AB0903F1390003F13807C100DFF87C8441444C680839A14206D10CE0002A80F22281E468A14206D0636823F003035A1B0F2AF3DD3846D8F81040DFF854C4644577D0626822F00302531B0F2B00F36581002BC8E904CC80F25681B2F5007F80F006810121D30852090B4401FA02F2D8F8041058F8337008EBC30E0A43AEF10801C4E90271C8F8042048F83340C7
S3FD08023548FC60012183109940914253D8114206D120F003004900114200F10400FAD008EBC0094C468646E768BC4207D109E1002B80F21081FF68BC4200F003817A6822F00302531B0F2BF2DD45F0010E3046D7E902413D4443F00106C7F804E0E1608C60C8E90455C5E902CC6E60BB5000F00CFA07F1080402E00C2300243360204603B0BDE8F08F4FF4007140203F2778E7DC68A34208BF02307FF446AFD8F81040DFF864C3644587D10121D8F80420831099409142ABD9D8F80840676827F00307BD4202D87B1B0F2B77DCDFF83C93C84BD9F800201B6801322B4404EB070A00F0248103F580530F3323F47F6B2BF00F0B59463046F3F705FA411C54
S3FD08023640024600F0E180824500F2DC80BB4B196859440846196000F04181D9F80010019301311BBFA2EB0A0A5044C9F80020186012F0070A00F00A81CAF108010A44CAF5805193440831A1EB0B01C1F30B09494630460092F3F7D8F9421CDDE9002300F04381801A00EB090B19684BF0010049444445C8F808201960506000F01C810F2F40F21B814FF0050C60680C3F27F0070700F00100384304EB070E0F2F6060CEE901CC00F2378114465068954B1A688A4238BF1960934B1A688A4238BF196086E045F0010243F00103254462603046C8F8085008346B6000F05BF9204603B0BDE8F08F23445A68E168A7E6B2F5206F4FEA522361D3142B00F257
S3FD08023738BA8003F15C01C9005B3308EB010758F80110083F8F4200F092804B6823F00303934202D989688F42F7D1CF68D8F80420C4E90217BC60CC60EBE6142B59D9542B00F2A1802B0B03F16F0003F16E07C1009EE60EF1010E1EF0030F04F108047FF4EAAE51E03C463A445368F96854F8085F43F0010353603046E9608D6000F00CF904E7E80805F108034CE622445368304643F001035360083400F0FEF8F6E645F0010743F00101254467603046C8E90455C5E902CC6960A35000F0EEF80834E5E6930903F13901C90038339EE7444564D0D8F80840606820F0030B5D45ABEB050302D80F2B3FF770AF304600F0D5F80024CCE603F15C0003F11A
S3FD080238305B07C10048E659F808394B4540F0A98010F0030F00F1FF30F5D1D8F8043023EA0103C8F80430490099423FF6CFAE19B9CCE649000EF1040E1942FAD070467AE603F1100BDFE64FF0010E9A10D8F804300EFA02F21A43C8F804206DE702EB0B014942C1F30B09494630460092F3F7D4F8431CDDE900237FF4FCAED146FCE6542B26D8130B03F16F01C9006E3341E7B3F5AA7F26D8EB0B03F1780003F17707C100FAE51A4B186858441860BEE6CAF30B0CBCF1000F7FF4B9AED8F80840BB444BF001006060F9E61446F7E6012353608FE7B3F5AA7F32D8D30B03F17801C900773317E740F25452934232D8AB0C03F17D0003F17C07C100CFE5C9
S3FD08023928AAF1080AD3444FF00009ABEB020BB7E604610020D4600020FC60002000610020680F0020700F00207013002004F108013046009302F00EFBD8F80840009B60681968BEE640F254518B420AD8930C03F17D01C9007C33E0E64FF47E717F207E279EE54FF47E717E23D7E6D8F804305EE782B049B15AB16BB113780B601278101E18BF012002B0704701A9002AF3D1104602B070476FF00100F4E700BF0148FFF723BD00BF1C6100200148FFF721BD00BF1C610020C36C70B505460C464BB153F8240080B1026843F824200023C0E9033370BD2122042102F0EFF80346E8640028EDD1002070BD012101FA04F6721D2846920002F0E1F8002865
S3FD08023A20F3D0C0E90146E4E731B1C36C4A6853F82200086043F82210704700BF2DE9F04180461C4600200F460E6914310D680130ABB202FB03432C0C1D0C02FB04549BB203EB0443864241F8043B4FEA1444EDDC3CB1BB68B34207DD07EB860301365C613E613846BDE8F081796840460131FFF7A5FF0546B0B13A6907F10C01023292000C30E2F767FFD8F84C307A6853F82210396043F822702F4607EB860301365C613E61DEE70246B521014B024802F06AF814C90208C4CA02082DE9F0471F46284B07F1080C83FB0C3E092F4FEAEC73064689469046089DC3EB6E0339DD012400216400A34201F10101FADC3046FFF766FF014678B30123B8F1BD
S3FD08023B18090FC0E9043515DC4FF0090809F10A0447450CDDA7EB0805254414F8013B0A223046303BFFF77EFFA5420146F5D10846BDE8F08709F1090A5546C14415F8013B0A223046303BFFF76DFF4D450146F5D1A8F108045444DBE70021CAE70246CE21024B034802F012F8398EE33814C90208C4CA0208020C12040346CAB90304102013F07F4F04BF1B02083013F0704F04BF1B01043013F0404F04BF9B000230002B05DB13F0804F00F1010008BF202070470020E5E70368014613F0070207D0DA0720D4980722D55B0801200B60704798B2A8B1104613F0FF0F04BF1B0A08301A0704BF1B0904309A0704BF9B080230DA0703D45B0800F10100EC
S3FD08023C1006D00B60704710201B0CE7E700207047202070479B0802200B60704710B50C460121FFF7D3FE024618B10123C0E9043410BD4FF4A071024B024801F0ABFF00BF14C90208C4CA02082DE9F04F0D6917690E46BD42144685B005DB3A4623462F460C4615461E46A368616807EB05084345B8BF0131FFF7AAFE0190002800F08880019B03F1140909EB880AD14505D24B46002243F8042B9A45FBD806F1140E0EEB850B04F11403DE451A4603EB87073ED23B1B153B23F0030304331534A74238BF0423CDE902A89846924603E0F34509F104092AD95EF8040B86B2002E38D1000CF4D0D9F8003054461E464D464FF0000C2288360C00FB026667
S3FD08023D089BB2B44443EA0C4345F8043B54F8043B2E681B0CB2B200FB0323A74203EB1C434FEA134CE8D8F34549F8083009F10409D4D8DDE902A8B8F1000F03DC06E0B8F1010803D05AF8043D002BF8D00198C0F8108005B0BDE8F08F55464C46002355F8041B20688AB21FFA80FC06FB02C2090C000C06FB0101134401EB13429BB243EA0243AF4244F8043B4FEA1243E7D849F808305EF8040CA6E7024640F25D11024B024801F0FBFE00BF14C90208C4CA020812F003032DE9F041144607462ED10E46A4101CD0BD6C95B3E3074FF0000806D4641014D02868A8B10546E307F8D52A4631463846FFF734FFB6B17168FB6C641053F82120326043F83A
S3FD08023E0021600646EAD13046BDE8F0812A4629463846FFF721FF28600546C0F80080E0E70646D9E7094A013B52F823200023FFF705FE0646C8E740F271213846FFF7F6FE0023B86405460360C2E700BF38CC02082DE9F0470F698B6807EB62177E1C9E420D469146804649684FEA621404DD5B009E4201F10101FADC4046FFF7AFFD00284FD0002C00F114010DDD0B46002205344FEA840C00EB840443F8042BA342FBD1ACF1140319442C6905F1140319F01F0903EB840C2DD08E464FF0000AC9F120021C6804FA09F444EA0A044EF8044B53F8044B9C4524FA02FAF2D8ACEB0503153B23F00303043305F11502944538BF0423BAF1000F18BF3746DA
S3FD08023EF841F803A0D8F84C306A68076153F82210296043F82250BDE8F087043953F8042B9C4541F8042FF9D8ECE7024640F2D911014B024801F03AFE14C90208C4CA020830B40B6905460069C01A11D11435143101EB830205EB830301E09D4208D253F8044D52F8041D8C42F7D003D24FF0FF3030BC7047012030BC704700BF2DE9F84F0B690C4611699046A3EB010BBBF1000F7CD104F11406143206EB810302EB810201E09E4276D253F8045D52F8041D8D42F7D065D36168FFF715FD002874D000F11406B44600232769D8F8102004F1140A08F11405C0F80CB010340AEB870E05EB820954F8042F55F804BB91B20B441FFA8BF14FEA1B4B591A93
S3FD08023FF0CBEB124303EB214389B241EA0341A9454CF8041B4FEA2343E7D8A9EB0802153A08F11508C14522F0030404F1040438BF042422F0030238BF0022A244D6453444164418D92546524652F8046BB1B219440B1403EB164389B241EA0341964545F8041B4FEA2343EFD80EF1FF36A6EB0A0626F00306264421B956F8043D013F002BFAD00761BDE8F88F23464FF0010B4446984693E7F8DB4FF0000B8FE70021FFF7A5FC60B101220023C0E90423BDE8F88F02464FF41071054B054801F07BFD024640F23221014B024801F074FD14C90208C4CA02080F4B0B40A3F15073002B02DD0020194670475B42B3F1A07F4FEA235205DA4FF400230020EF
S3FD080240E843FA02F17047143A1E2AD6BF4FF00043012223FA02F20021104670470000F07F2DE9F041076900F1140606EB870757F8048C4046FFF736FDC0F120030A280B60A7F1040338DD9E4220D2B0F10B0357F8081C28D0C3F1200C08FA03F821FA0CF048EA0008A7F1080248F07F55964245F440153AD257F80C2C01FA03F022FA0CF303431C4620462946BDE8F081B0F10B0308D008FA03F0002340F07F551C4645F44015EFE719460C4648F07F5545F4401520462946BDE8F081C0F10B0128FA01F29E4242F07F552CBF002257F8082C00F1150338BFCA4008FA03F345F4401543EA020420462946BDE8F08101FA03F31C46C8E700BF70B501217D
S3FD080241E082B016461D46FFF7F9FB044600284CD02B46C5F30A55C3F313030DB143F48013002E019322D068460096FFF7DFFC002837D0019B0099C0F1200203FA02F20A43C34001936261002B14BF02210121A3612161B5B1069AA5F2334303441360079BC0F135001860204602B070BD01A8FFF7BDFC0123019A1946C4E904322030002DE8D1069A04EB8103A0F2324010601869FFF78CFCC0EB41112046079B196002B070BDDDE900236261CDE7024640F20A31014B024801F086FC14C90208C4CA02082DE9F04383B0884669468146FFF72CFF04460D46404601A9FFF726FFD9F810200646D8F810000F46DDE90013121ACB1A03EB4213002B0BDD85
S3FD080242D805EB03594D4632463B4620462946E2F77FFF03B0BDE8F083C3EB033307EB03510F46F0E770B44C1E116902F11403641103EB810101348B4200EB84040CD2051F53F8046B994245F8046FF9D88B1A153B23F0030304331844844204D9002340F8043B8442FBD870BC704700BF03694A11934200F1140009DA00EB830302E053F8042DC2B98342FAD80020704710DD11F01F010DD010B450F8224000EB820324FA01F202FA01F18C420BD0012010BC704700EB8203E6E70120704753F8042D002AF3D18342F9D8002010BC704700200149704700BF0000F87F0EB44FF40172F0B59CB021AC54F8047BADF814200290069000F0C4F801460025A2
S3FD080243D04FF6FF760A4B019418682346094C039107913A4602A90E951395ADF816600A9400F066FA1CB0BDE8F04003B0704700BF680900202D44020810B50C46B1F90E10F2F726FB002803DB236D0344236510BDA38923F48053A38110BD00BF002070472DE9F0410C46B1F90C101F46CB05164605460BD421F48051A1813B4632462846B4F90E10BDE8F041F2F7FEBAB4F90E1002230022F2F7FAFAB4F90C10EAE700BF10B50C46B1F90E10F2F7F0FAA389421C0EBF23F4805343F480532065A38110BDB1F90E10F2F7DEBA80EA0102844612F0030F4FD111F0030F32D14DF8044D11F0040F51F8043B0BD0A3F101329A4312F0803F04BF4CF8043BC2
S3FD080244C851F8043B16D100BF51F8044BA3F101329A4312F0803FA4F101320BD14CF8043BA24312F0803F04BF51F8043B4CF8044BEAD023460CF8013B13F0FF0F4FEA3323F8D15DF8044B704711F0010F06D011F8012B0CF8012B002A08BF704711F0020FBFD031F8022B12F0FF0F16BF2CF8022B8CF8002012F47F4FB3D1704711F8012B0CF8012B002AF9D1704700BF20F0030110F00300C0F1000051F8043B00F1040C4FEACC0C6FF000021CBF22FA0CF213434FF0010C4CEA0C2C4CEA0C4CA3EB0C0222EA030212EACC1204BF51F8043B0430F4D0C2F1000102EA0102B2FA82F2C2F11F0200EBD20070479AB3F0B440EA0105AD070446034608466B
S3FD080245C028D020780B78834229D1012A2AD0254650B115F8010F11F8013F98421FD1EB431344E318F4D11846F0BC704707681C4653F8045B0146A5F10136BD4200F1040026EA0506DDD1043A0CD016F0803F09D11C460146032AE9D8D3E710467047C01AF0BC70470020F0BC704700BF8C462DE9F04786464A4867461CF8014B065D16F00806F8D12D2C57D02B2C12BF25469CF8005007F1020C5BB1102B53D04FF0FF38B8FBF3F803FB08FA99466FEA0A0A07E0302D5BD00A234FF0050A9946DFF8E4800027384607E0404513D826D0012709FB00401CF8015BA5F13004092C05D9A5F14104192C08D8A5F13704A3420CDD002FE9DA4FF0FF37ECE75F
S3FD080246B8A5F16104192C03D8A5F15704A342F2DC002F0BDB06B140420AB177B91160BDE8F0875445D6DD4FF0FF37D6E722234FF0FF30CEF80030002AF1D00CF1FF31EDE79CF80050012607F1020CA8E7302D24D19CF8000000F0DF00582818D14FF010099CF801504B464FF00F0A6FF070480CF1020CA9E79CF8003003F0DF03582BEDD008234FF0070A99466FF060489CE799466FF070484FF00F0A96E74FF00F0A6FF07048994690E700BF9DC6020899999919FFF760BF30B40D46034C134601462A46206830BCFFF756BF680900204B1C70B51AD014469389126B23F02003CDB2A381AAB16268636B9A4209DA23685A1E226003F8015C63680133E4
S3FD080247B06360284670BD214601F0AAF90028F0D04FF0FF35F5E7236922682BB1934203D212F8013CAB420FD02346032601216068A26304F14002E0636663226303F8425F2846C4E9003170BD6368013A0133C4E90023D6E710B50C46096B69B104F14003994201D001F0B2FB0020E36B2063636013B1A36B236010BD0021A389226943F020034FF0FF30C4E90021A38110BD00BF2DE9F04F02FB03FA83B09B460C9C0192BAF1000F26D00746894656464FF0000811E02A4648462168E2F784F8226821462A4422603846C4F80480FFF7C3FFA944721B98B916466568B542EAD3DA46484632462168E2F76EF8D4E900539B1B3544C4E90053504603B0F7
S3FD080248A8BDE8F08F019B5544AD1BB5FBF3FA504603B0BDE8F08F00BF2DE9F04FE1B08B46B1F90C1002AF8D0481463B6209D4DBF8643041F4005123F40053ABF80C10CBF86430904618F8013BFB63002B01F02080002292467A61FA623A617A62BA62784AD45C14F0080440F0A980252B40F0868098F800207C63A2F1250308F10101552B6DD8DFE813F07A006C006C006C006C0030026C006C006C006C006C00C200C200C200C200C200C200C200C200C200C2006C006C006C006C006C006C006C006C006C00200227026C006C006C006C006C006C006C00D1006C006C00B4016C006C006C0014026C006C006C006C00DF006C006C000B026C006C00E1
S3FD080249A06C006C006C006C006C00C405C9056C006C006C00FF011902D1006C00C901D501E301C605F1016C006C00F501D900F8016C006C00DF006C00D90059464846FFF711FF002800F0E8834346D7F80880002B00F06886BB6A002B00F0BE85BBF80C305A0600F1B985FB6A2BB1FB6A1E6816B13046FEF70BFDB86A07F5BE77BD46BDE8F08F8846DBF80430002B3BDDDBF8003018F8012C19789142E5D1DBF804200133013ACBF800300AF1010ACBF8042018F8013BFB63002BD6D0234AD45C14F008043FF457AFDBF804200EE0DBF800301E491A7801338A5C1407E9D5DBF804200AF1010A013ACBE90032002AEEDC59464846FFF7B8FE0028E8D0AB
S3FD08024A9818F8013BFB63002BDAD1B0E759464846FFF7ACFE0028BDD0A0E714F08F0FA6D17B6B03EB830302EB4302A2F130037B6398F80120884626E7230798D198F8012044F0020488461EE7260790D1F0E700BF9DC60208B96144F40074AC4B03257B6110237B62DBF80430002B40F3D580660640F1AF80022D00F0C582032D00F00282012D7B6B00F04881012B38BF01237B6314F0010300F0E18314F01003FB6140F06186210640F1B6863D6A55F8043BFB60002B3FF45CAF8020FEF764FC0646002800F00E85FB6AFA68B3F806809C881060A04580F0C7841868FA6808F1010340F82820FA6A3D62D38020237E60BB60002425463C6907F15008EE
S3FD08024B90C7F830A0FEF730FCA8423FF42BAFDBE9000310F801CB013B032C08F805C005F1010ACBF80000CBF8043007F1480502D12A68042A04D008220021284601F030FB4246534631464846009501F007FB421C04463FF407AF002840F0E884FB6903B933603B6B53443B637B6B013B7B63FB694BB9FB6833B17B68F51ABB68B3EBA50F40F246850436DBF804300025002B40F3D5847B6B002BB5D1D7F830A03C61FB6833B17B68F11ABB68B3EBA10F00F21F87FB6913B9BB6A0133BB62D7F8188018F8013BFB63002B7FF4FFAED4E659464846FFF7D0FD00287FF4C5AEDBF8002013784D49CB5C18077FF549AFDBF804300AF1010A013B002BCBF8E6
S3FD08024C88043002F10102E5DDCBF80020EBE7B96144F00104414B03257B6108237B62DBF80430002B3FF72BAF59464846FFF7A6FD00283FF424AF99E620077FF4A0AE98F801206C2A00F0BD85884644F0010422E614F08F037FF493AEFA6A002A00F0008698F8012044F08004884614E6E506B961A7D4200740F11F863A6A884652F8043B83F800A03A629EE6B96144F40874ECE60225B961EEE6214B03257B610A23B9617B62E7E622077FF46AAE98F80120682A00F08F85884644F00404ECE507F1780001F0BAFC012544F04004B861D2E60225B96144F00104CDE6124B03257B610023B9617B62C6E6B96144F00104002544F04004BFE6B96144F098
S3FD08024D8001040A4B03257B610A237B62B6E67B6B23437B637FF437AE98F8012010248846BDE500BF694702089DC60208B1220208002B08BF4FF0FF33E0077B6340F1258214F01003FB6040F0D684210640F182853E6A56F8043BBB60002B3FF414AE8020FEF71CFB0546002800F0C683FB6ABA68B3F806809C881060A04580F090831868BA6808F1010340F82820FA6A3E62D38020237D603B60C7F81CA00024CA463E69A94643E00546C9F8000007F148031846082200213B6101F0FBF992482A46D0F8E0003B69054607F138015046A847012800F01884002207F178039B5C002B00F0DD85FB69032E4344FB6100F00F847B6B013B7B63FB68002BC6
S3FD08024E7840F0B783BB6809F10409002B00F0B1837B68A9EB03043B68B3EBA40F40F23184FC68DBF80430002B40F3A9837B6B002B00F0AE84FEF7A4FAA0423FF49FADDBE9002312F8011B013BCBE9002307F1500007F14003032E015504F101083B6302D13B6C042B04D008220021386B01F0A4F93B6B07F15002009349464346504601F079F9421C06463FF479AD00288ED0831C08BF4446C5D0D9F800301D46013388D12A469CE77A6B531E262B40F22082A2F127031E4627237B6307F150031D463B634B464FF00008D1469A4644F458645946C346A0467C6B086890F800C0ACF12B034D2B38D8DFE803F0743774373782606060606060607A7A37AE
S3FD08024F7037373737373727272727272737373737373737373737373737373737376837373737373737372727272727273737373737373737373737373737373737687B6A0A2B0CDD28F4386805F801CB4B68013B002B4B6062DD01300860013CBFD144465346D8468B46E105CA46994607D53B6B9D4200F29C833B6B9D423FF40CAD14F0100240F0FB8048467B6A396B7E692A70B047A20600F1EA80230700F1A882660740F1EA843A6A52F8043B18803A62E2E07A6A194B28F4386833F912307B62C3E708F4C063B3F5007FC9D1102328F400787B6248F4A068B7E718F0800FBFD028F08008B1E77A6A0C4B33F91230082B7B62A8DCB4E718F4006FB2
S3FD08025068A6D07B6A1BB9082348F400787B6218F4806F00F0E88128F4B06899E7FC0D002044CC020850467963FFF7B8FB796B002897D098E77B6B002B08BF4FF0FF3314F001057B6300F0608114F0100840F06783200640F101843A6A52F8043B3A623B63002B3FF49CAC8020FEF7A4F93A6A0646002800F04D82FB6A396BDD889C880860A54280F027821868396B6B1C40F82510F96AC7E90762CB802023FB60DBF80030984A1B78D45C14F0080440F0D782C7F80880FEF76DF9A0423FF468ACDBE9002312F8011B013BCBE900233B6907F15000032B015504F1010807F1480502D12B68042B04D008220021284601F06DF807F150024346314648462D
S3FD08025160009501F043F80246013238613FF442AC002840F05683306001F02AF8002840F06984C2447B6B013B7B63BB68002B40F05D843B6B0436002B00F05884FB69F41AFB68B3EBA40F40F29584D7F80880DBF80430002B7FF711ACDBF800306B4A1B78D35C190700F17C827B6B002B00F078824446FEF711F9A042A4D10BE43A6A52F8043B18603A62BB6A0133BB623B6BED1A05EB0803D7F818809A4418F8013BFB63002B7FF429ACFFF7FEBBE60600F1C48214F0800400F04483D7F8208058F8043BFB61002B3FF4EFAB2020FEF7F7F80546002800F0A181FA6AFB69D68894881860A64280F04B8110682024FA69731C40F82620FA6AC7F82080E2
S3FD08025258D380DBF8002007F17808137818F80330002B3FF4CCAB2E46C7F80CA0C7F83090D7F81CA0C146D7F834802946DBF80400551C0138CBE90050107801F8010B8D1BBAF1000F02D0A54280F010810D46B8F101080BD0DBF80410002940F3D781DBF80020117819F801100029DED1D7F80CA0D7F83090AE1B3FF49AAB00232B70FB691BB1711C8C4200F27583BB6AD7F818800133BB62B244FFF7AEBBE50600F11C82240640F1B180D7F8208058F8046B002E3FF47DAB786BFEF785F80446002800F02F81FB6A3060DA8899888A4280F0F182186840F82260531CFA6A2146D380484601227B6BCDF800B0FFF77EFA0446002800F00F817B6B834213
S3FD0802535040F295800146306800F0BAFF002800F08E8030608BE000231E46E1E59DC60208E20600F1FB8214F0800200F04B823A6A52F8048B3A63B8F1000F3FF43CAB2020FEF744F80446002800F0EE80FB6A3A6BDE889D88C8F80000AE4272D21868731C40F826802026F96A3A62CB80DBF80030B6491A788A5C150700F1E4815246CA46C146B04626467D6BDBF80410581C0139CBE900011B7804F8013BA31BB9F1000F02D0434580F03982013D0BD0DBF80430002B40F3A982DBF80030A4481978415C0807E1D535464646C846D1469246611B8A44013100232370B8F1000F02D08E4200F26182BB6AD7F818800133BB6218F8013BFB63002B7FF4D4
S3FD0802544807ABFFF7DCBA28F4607816B1731E1E4601340BF1010BADE53D6A0122296848467B6BCDF800B0FFF7E7F9044600283FF4BDAA05F10408BB6AC7F820800133D7F81880A244BB62FFF7DEBA4FF6F6739D423A6371D8FA6A08351068A90000F014FF002869D0FB6A3A6B18609D807BE7B9615CE4B961FFF7EEBBB9615EE464003046214600F001FF0646002851D00544CAF80000E4E64FF6F6739C424DD8FA6A08341068A10000F0F0FE002845D0FB6A18609C80A5E64FF6F6739C423DD8FA6A08341068A10000F0E0FE002835D0FB6A18609C80FFF729BB4FF6F6739C422CD8FA6A08341068A10000F0CFFE28B3FB6A18609C8061E44FF6F67325
S3FD080255409C423A621CD8FA6A08341068A10000F0BFFEA8B1FB6A3A6A18609C80C8E53A6A52F8043B18703A623DE6BB6A43B1BBF80C305B067FF549AAFB6A002B00F0DA81FB6ADD88002D00F08281FB6A4FF000081E68344606EB850523681868FDF746FF54F8043BAC42C3F80080F5D14FF0FF33BB62002E7FF42CAAFFF72DBA831C45D1DBF80410554600293FF7E4AA59464846FFF718F900283FF424ABD7F830A03C61002D3FF424ABFFF705BADBF804300024002B3FF757AC59465046FFF703F900283FF450AC4D463E61D146D7F81CA0002C7FF4F0A9FB68002B7FF417AB2B60BB68002B3FF40FAB7B683A68E91A8B1001339A427FF607ABBC685A
S3FD080256380431206800F048FE00283FF4FFAA2060FFF7FCBA3B6B032853443B637FF4D0AA2B68042B7FF4CCAAFFF7CDBA5946386BFFF7CCF800283FF422AEB542D7F80CA0D7F830907FF426AEFFF7B8B997F83820FFF7E5BB3B6B1B68042B7FF4ECABFFF7EDBB00BF9DC602087868D90000F014FE786000283FF464AFBB68FA685B0046191060BB60FFF7AABAD7F80880B8F1000F7FF4BFAA3B6BC6F80080002B3FF4B6AAFB69FA68F11A8B1001339A427FF6AEAA3C6B0431206800F0EFFD0028A7D1FFF7A5BA7868D9001D4600F0E6FD786000283FF436AFBA686B0000EB04091060FC683B60FFF7BEBB15F8011C6B1E5A4648461D46FFF72BF85AE478
S3FD080257301C467D6B0DE0DBF8002059461A444846CBF800201C44ED1AFFF75CF8002840F04681DBF804309D42EDDCDBF800205B1B2A44CBF804302C44CBF80020D7F81880A244FFF76CB9002307F13C05C7E901333B60FFF748BB002307F13C06FB60FB613B63B7E4012145E6DBF8002007F17808137818F80330002B3FF42DA9DBF804300132013BCBE900237A6B012A19D01A467C6B0EE0DBF800301A78013318F802207AB1DBF804200135013AAC42CBE9003207D0002AEEDC59464846FFF70BF80028E8D0D7F81880AA44FFF729B90026C7E90166FE60FFF7BFB94D463E61D146D7F81CA0FFE63B6A164653F8044B90463B62CCE53B6902333FF48E
S3FD08025828C2AC306800F0D0FC002840F00F813B69C244032B7FF4A2AC2B68042B7FF49EAC9FE498F8022044F0020408F10208FFF762B898F8022044F0080408F10208FFF75AB84FEA480830464146C7E90C2300F02BFD064600283FF47BAE7B6B3A6BC418C9F80000B4E51E684FF0FF33BB62002E7FF4BAA8FFF7BBB83B6A53F8045BC7E90743D6E43B6AFA6953F8046BBA603B627A60FA60FFF763B93B6AC7F80C8053F8046BC7F83080C7E9078317E43B6AFA6853F8045BC7E901223A603B62FFF797BA82B002AA1360FA620393FFF7F9B9D8F8000000F0E9FC00283FF498ADC8F8000094E54FF6F67399423A633FF635AEFA6A01F108051068A9006C
S3FD0802592000F0D6FC00283FF42BAEFB6A3A6B18609D80FAE44FF0FF33BB62FFF76CB8610740F1A7803A6AD7F8188052F8043BA3F800A03A62FFF77BB8594650467A63FEF751FF7A6B00283FF44EAD53E5DBF8002065491378CB5C1B073FF53BAFDBF804307C6B0132013B012CCBE9002300F0B98001251A4611E0DBF800305B491A7801338A5C16073FF525AFDBF804200135013AAC42CBE900323FF41CAF002AEBDC59464846FEF71FFF0028E5D012E718681C4600F07EFC00283FF484AC206081E4002C7FF4C4AEFFF706B814F001027FF4F6ABA10768D57B6948461946444B99427B6A396B79D000F05EFF02460B46386A50F8041BC1E90023386215
S3FD08025A18FFF7E5BB4D463E61D146D7F81CA0B8F1000F3FF4F3AD07F150031C4421785A464846FEF7A3FE07F15003A34204F1FF34F4D1E3E54FF00008FFF7ADBB4346D7F80880002B3FF432AE07F150031C4421785A464846FEF78AFE07F15003A34204F1FF34F4D122E6FC68206800F025FC00283FF4DAA82060FFF7D7B8E2070DD4A3070BD552463B6AD7F8188053F8041B3B62D317C1E90023FEF7CEBF3A6AD7F8188052F8043BC3F800A03A62FEF7C4BF3A6A52F8043B3A621860FFF789BBF869D9001D4600F0F9FBF86100283FF449AD3A6B6B00D7F8088006191060FB60FFF75BBBFCF7C4FC02460B4684E77D6B75E600BF9DC6020869470208D0
S3FD08025B102DE9F0410C46096B04F14003994214D0666B77003A4600F0DBFB054648B300EB0608324640462946E0F71CFF0020C4E90C57C4F80080BDE8F0814FF48061FDF775FC0346A8B14FF4806194F84220C4E90C0180F8FF2394F8411000F2FD3280F8FE1394F84010002083F8FD132260BDE8F0814FF0FF30DEE7034649B1FF2A02D801200A7070478A224FF0FF301A60704708467047144600B5094D1A460346286885B0C06844B1074D0091CDE90154064900F078F901F0FEFD044D2C46F4E700BF6809002068CC020878CC0208BC8C020810B502FB01F1FDF729FC044668B150F8042C22F00302043A242A18D8132A06D802460023C2E90033A2
S3FD08025C089360204610BD00231B2AC0E900330FD9242AC0E902330ABFC0E9043300F1100200F11802E9E7002100F0FEFA204610BD00F10802E1E700BF0148FDF7E5BB00BF146100200148FDF7E3BB00BF14610020B1F90C202DE9F0410D461107804647D46B6842F40062002BAA815EDDAC6A002C58D00023D8F80060C8F8003093B212F4805256D101234046E969A047431C67D0AB89AC6A5F0705D56A682B6B801A0BB1EB6BC01A0246E96900234046A047411C41D1D8F80030002B3DD01D2B01D0162B56D100212A69AB89C5E9002123F40063AB81296BC8F8006021B305F14003994202D0404600F046F900202863BDE8F0812F69BFB193B29A07A9
S3FD08025D0018BF00232E6808BF6B692F60F61BAB600AE033463A466C6A4046E969A047041EA6EB0406274417DD002EF2DC0020BDE8F081EB6B002B9DDCF8E7286DAEE70021B5F90C302A6923F40063AB81DB04C5E90021C2D52865C0E7AB894FF0FF3043F04003AB81BDE8F081D8F80030002B93D01D2B06D0162B04D0AB8943F04003AB81D5E7C8F80060D1E738B50C46054608B1836BA3B1B4F90C00B8B1636EDB0701D4810515D528462146FFF756FF636E0546DA0702D4A3899B050ED5284638BD00F03FF8B4F90C000028E7D10546284638BDA06DFDF71DFBE5E7A06DFDF71DFB284638BD00BF002310B50446C0E90033C0E904338181C2811946F6
S3FD08025DF883604366836108225C3000F015FA07480749084A084BC4E90740C4E90912E36204F15800BDE81040FDF7F0BA09440208314402087144020891440208014900F0A7B900BFD577020810B504461348FDF7E3FAA26BEAB90320114904F53B73C4F8E832C4E9B820E16360680421FFF7BEFFA06801220921FFF7B9FFE06802221221FFF7B4FF01230548A363BDE81040FDF7C7BA0248BDE81040FDF7C2BA18610020355E02080148FDF7B7BA00BF2C6100200148FDF7B5BA00BF2C6100200EB410B583B005AB064C53F8042B01462068019300F03AFD03B0BDE8104003B0704700BF68090020F8B50C46234F0646FDF76EFDBB68C4F57E615D68E7
S3FD08025EF00F3125F003054B1923F47F6323F00F03A3F58054B4F5805F07DB00213046F0F79BFDBB682B44984204D03046FDF758FD0020F8BD30466142F0F78EFD01300DD0104AB96813682D1B45F0010530461B1B4D601360FDF744FD0120F8BD00213046F0F77AFDBA68831A0F2BDEDD064943F001030C680349001B53600860D5E700BF680F0020D46000207013002000295FD0F8B50C460646FDF71DFD54F8043CDFF8F4C1A4F1080023F001014218DCF808705568974225F0030500F08980DF07556034D454F8087C0CF10804C01B83683944A3426AD057197F68D0F80CE0C3F80CE0CEF80830FB0740F1978041F0010343601160B1F5007F34D2DB
S3FD08025FE80122DCF80440CB084909134402FA01F121430CEBC3025CF83340083AC0E90242CCF804104CF83300E0603046BDE8F840FDF7DABC53195B68DF070ED429440CF108049368A34273D0D46841F00102DC60A36042604150D0E7704741F00103B1F5007F44F8043C1160CAD3B1F5206F4FEA51234AD28B0903F13905ED0003F138025CF805300CEB0504083C9C4259D05A6822F003028A4202D99B689C42F7D1DC68C0E90234A060D8603046BDE8F840FDF79BBC53195B68DB0766D4D2E90223294441F00104D3609A60446041503046BDE8F840FDF789BCDB07294407D454F8084C001BD0E902232144D3609A60294B41F001021B6842608B4246
S3FD080260E0CCF8080095D8264B30461968FFF7F6FE8FE7142B0AD9542B21D80B0B03F16F05ED0003F16E02AFE729448EE703F15C05ED0003F15B02A7E741F00103CCE90400C0E902444360415073E70125DCF80410921005FA02F20A43CCF80420A4E7B3F5AA7F06D8CB0B03F17805ED0003F177028AE740F25452934206D88B0C03F17D05ED0003F17C027FE74FF47E757E227BE741F00103436011604BE700BF7413002004610020680F00202DE9F843074688464FF0000900F53876D6E90154013D10D4A389013D012B08D9B4F90E30013304D021463846C04749EA00096B1C04F16804EED13668002EE7D14846BDE8F88300BF002100F001B800BF54
S3FD080261D8FF289DBF024BC05C00F00800002070479DC6020870B582B00646069C42B10C4D0094D5F8E450A847431C0BD002B070BD074B00941146D3F8E450064A0123A847431CF3D100228A232260336002B070BDFC0D0020BC8C0208F0B4860746D0541E002A3CD00346CAB201E0013C37D303F8012B9D07F9D1032C2AD9CDB245EA05250F2C45EA054534D9A4F1100222F00F0C03F120071609674403F1100242E9045542E902551032BA42F8D1721C14F00C0F03EB021204F00F0613D0331F23F003030433134442F8045B9342FBD106F003042CB1CAB21C4403F8012B9C42FBD1F0BC704734461346002CF3D1F8E714460346C1E71A462646E0E729
S3FD080262D0024B0A460146186800F002B8680900202DE9F84F1646002900F0BD8006F10B050C468046FDF766FB162D5FD810252A46AE4260D854F8041CA4F1080921F00307974280F28680C94B09EB0700D3F808C0844500F0B980D0F804C02CF0010303445B68DB0700F18C802CF0030C07EB0C03934280F21581CB070FD454F8083CA9EB030ADAF8043023F003018C44BC44944538DA7B18934280F20F8131464046FDF765F80646E0B154F8043CA0F1080223F001034B44934200F0F9803A1F242A00F21C81132A00F2CD8003462246116819605168596092689A6021464046FFF7E6FD4046FDF70DFB3046BDE8F88F25F00705002D2A469CDA0C2347
S3FD080263C80026C8F800303046BDE8F88F5646D0E90213CB60996056F8081FDAF80C303A1F242ACB60996000F20781132A40F2028123681B2ACAF808306368CAF80C3000F21B8108340AF11003226867461A606268D1465A60A26834469A607B1B0F2BD9F8042021D802F001023A4309EB0701C9F804204B6843F001034B6026464046FDF7C3FA3046BDE8F88FC9078AD454F8083CA9EB030ADAF8041021F003017DE71146BDE8F84FFCF7E6BF02F0010209EB050143F001032A43C9F804204F444B607B68404643F0010308317B60FFF773FDD4E7DCF804B005F110002BF0030B07EB0B0C84454DDAC9073FF55CAF54F8081CA9EB010ADAF8041021F0C4
S3FD080264C003018B44BB4458453FF74BAF5646DAF80C1056F8080F3A1F242AC160886000F2BD80132A40F2B88021681B2ACAF808106168CAF80C1000F2C18008340AF110022168116061685160A1689160ABEB05020AEB050142F0010299604A60DAF80430404603F001031D43CAF80450FDF750FA4DE723681B2A03606368436049D804F1080200F1080329E7ACEB050209EB050142F0010299604A6054F8043C404603F001031D4344F8045CFDF732FA26462EE7D0E902121F46CA60916052E750F8043C23F003031F444CE75646DAF80C1056F8080F3A1F242AC160886027D8132A23D921681B2ACAF808106168CAF80C102FD808340AF1100221680D
S3FD080265B81F4611606368D1465360A368344693602BE7214601F01EFCEAE6A368242A8360E368C36024D004F1100200F11003D9E63246E4E7214630461F46D14601F00AFC344612E7334607E7214630466746D14601F000FC344608E7A168242ACAF81010E168CAF8141023D010340AF11802C6E7236904F118020361616900F118034161B0E600BF680F0020A368242ACAF81030E368CAF8143021D010340AF11803DBE6324651E72146304601F0D4FB154B51E721690AF12002CAF8181061691834CAF81C109CE7A168242ACAF81010E168CAF814100DD010340AF1180235E722690AF12003CAF8182062691834CAF81C20B3E621690AF12002CAF8EB
S3FD080266B0181061691834CAF81C1021E7680F0020F0B40D7804465E2D21D000221646481C631E04F1FF0103F8012F8B42FBD19DB1E74386F001026255411C11F8013C08462D2B01F1FF360FD05D2B03D00BB11D46F1E73046F0BC70470138F0BC704701224D781646881CDBE70E785D2EEFD0B542EDDC05F1010C04EB0C0303F8012BF8188642FADCEB433344B542A8BF0023023103EB0C05D1E700BF2DE9F04F0F461E460D4687B001925A4A0590294615F8014B135D13F00803F8D12D2C77D04FF0FF3A6FF0004B2B2C08BF2C78049308BF8D1C2EB1102E73D0B0464FEAE67906E0302C79D04FF00A084FF000090A2642464B4650465946E0F766FFA5
S3FD080267A884460292604600224FF0000C0023039718E07446A64222DDBCF1FF3F10D0994208BF904233D32FD002FB09FC08FB03CCA2FB082363444FF0010C121943EBE47315F8014BA4F1300EBEF1090FE1D9A4F1410EBEF1190F1DD8373CA642DCDCBCF1FF3F039F1DD0049911B1524263EB4303019921B1BCF1000F45D101990F601046194607B0BDE8F08F029FA742CCDA4FF0FF3CD5E7A4F1610EBEF1190FDFD8573CB8E72223059A1360019B2BB352465B466F1EE2E701232C784FF0000A4FF0004B8D1C049388E7302C04D12B7803F0DF03582B09D04FF010084FF000098AE72B7803F0DF03582B11D16C784FF010084FF00009102602357DE73D
S3FD080268A052465B461046194607B0BDE8F08F92469B46CFE74FF008084FF0000908266DE79DC60208FFF740BF2DE9F84F4B6E90469C042DD59368126843B38B46064602F1080959E9025A5FEA9A0715D00024043D01E0A7420ED05A46304655F8041F01F01FF8431C04F10104F3D10023C8E90133BDE8F88FD8F808302AF0030AA3EB0A03C8F8083009F10809002BDAD10020ECE701F03AF80023C8E90133BDE8F88F00BF2DE9F04FBBB01C4689469046CDE9043018B1836B002B00F07A82D9F86430B9F90C10DE078AB202D48D0540F11A8590040AD4D9F8643041F4005223F40053A9F80C20C9F8643092B2110740F1F680D9F81030002B00F0F18089
S3FD0802699802F01A030A2B00F0FA800023CB46CDE90833CDE90A33CDE90F330DF1440A0393CDF838A098F80030002B00F0ED81444604E014F8013F002B00F02781252BF8D1B4EB080540F025812378002B00F0DC814FF0000200238DF833204FF0FF322B251F460293637804F10108009208F10108A3F120025A2A00F24181DFE812F072023F013F016D023F013F013F014B023F013F016A0027023F01220231023F012C025B005B005B005B005B005B005B005B005B003F013F013F013F013F013F013F013F013F010E027A003F013F013F013F013F013F013F013F013F013F01D7003F013F013F01F2013F0197023F013F0100053F013F013F013F013F
S3FD08026A903F013F013F013F013F013F010E027C003F013F013F018A027C0075003F017D023F01B602D900A60275003F01F2017200FE043F013F011C053F0172000021A3F1300218F8013B01EB810102EB4101A3F13002092AF5D902918EE7049B53F8042B002A02920493C0F2AD8198F8003081E798F8003047F020077CE747F01007BC0640F15881049C073424F007031946F1E8022314461D460491002A73F10003C0F21E84009B013300F0F08454EA050327F0800900F0FC83002D08BF0A2C80F0A98401234F4630348DF8E74001930DF1E706DDE900218A42B8BF0A469DF833301546002B00F09D8001359AE04946059800F0B9FD002840F04A858C
S3FD08026B88B9F80C2002F01A030A2B7FF406AFB9F90E30002BFFF601AFD9F86430DE0702D4950540F10E85234642464946059800F059FD039003983BB0BDE8F08F47F01007B806049C40F10981073424F00703F3E802450493002327F480694FF000028DF83320009A1146013100F0DB8154EA050129F0800740F0D481002A40F08D84002B40F09E8319F00103019300F0C38330230DF1E7068DF8E7309EE7B4EB080500F0BB80DDE90F3201332A44072BCAE90085CDE90F3206DC0AF1080A039A23782A440392CAE6002A00F07283594605980EAAFFF736FE50B90DF1440AEEE7594605980EAAFFF72DFE002800F08D80D946D9F8643013F0010FB9F89C
S3FD08026C800C3000F095805B0600F1D48403983BB0BDE8F08F002B00F0838001258DF884304FF0000301958DF8333021AE0023009317F00203079318BF023517F08403069304D1029B5C1B002C00F37482DDE90F12481C9DF8334074B101210DF133040A440728CDE90F02CAE9004100F3468201460AF1080A0130079BC3B102210DAB0A440728CDE90F02CAE9003140F34E82002A00F00C83594605980EAAFFF7D5FD0028A8D1DDE90F120DF1440A481C069B802B00F07E81DDE900341C1B002C00F3D381019B07281A44CAE9006310920F9040F36C81002A00F07682594605980EAAFFF7B3FD002886D1109A0DF1440A790704D5029B5C1B002C00F3B0
S3FD08026D786E82DDE90213A942ACBF5B185B190393002A7FF46BAF00230F9398F800300DF1440A002B7FF413AE109BD946002B40F0268400230F9362E79A053FF568AFD9F85800FCF72DFBB9F80C3060E7049BF80653F8044B00F10883790640F1028324B2E517049322462B46A2E654F8043BF906049400F1F3827A0640F1ED8200259CB2F0E64FF00003049C8DF8333054F8046B002E00F09783009A1346013300F01E830021304600F0B6FF002800F0D883831B019300230494009396E601254FF00002049C8DF8332054F8043B01958DF88430049421AE2EE7FEF7F7FF82E5029B5B42029398F8003047F00407CFE598F800308DF83350CAE598F8F9
S3FD08026E70003047F08007C5E5414611F8013B2A2B00F0DD83A3F13002092A884698BF002100F2AD8318F8013B01EB810102EB4101A3F13002092AF5D90091ADE5059C204600F0F0FE436818460A93FDF74BFB034620460B931C4600F0E5FE82680992002C3FF413AE099B002B3FF40FAE099B1B78002B3FF40AAE98F8003047F4806789E598F8003047F0010784E59DF83330002B7FF4FBAD20238DF8333098F8003079E598F800306C2B03BF98F8013047F0200708F1010847F010076CE598F80030682B03BF98F8013047F4007708F1010847F040075FE547F0100919F0200F049C00F00082073424F00703F3E80245049301233FE647F63003049C7C
S3FD08026F68ADF8343054F8042BBF4B0494089314460025022347F002092FE6BB0600F13282FE0600F1CF827D0600F10183BC0540F1C982049C039A54F8043B1A70049409E5B946012B3FF4CBAD022B3AAE13D10898230943EA0573290904F00F020D461C46835C06F8013D54EA0503F1D13AAB9B1B4F460193C0E5E20842EA4572E90804F007030D461446303354EA0501324606F8013DF0D119F0010FE8D0302BE6D03023023A06F8013C3AAB9B1A4F4616460193A2E50123019A0F93CDE9102612920DF1440A0AF1080A9DE6029B5C1B002C7FF77DAE102C40F3EA82DFF8309250460697B2464E46C146A846059D06E001F1020C19460830103C102CA0
S3FD080270601ADD10274B1C1032072B1092066047600F93EFDD002A7BD0594628460EAAFFF723FC00287FF4F6ADDDE90F12103C102C11A801F1010CE4DC4546C846B14656468246069F2244BCF1070FCAE900941092CDF83CC040F37E81002A00F05C82594605980EAAFFF700FC00287FF4D3ADDDE90034DDE90F121C1B002C0DF1440A01F101007FF72DAE102CDFF888912FDDD446B2464E46C146A846059D06E0881C19460CF1080C103C102C1CDD10204B1C1032072B1092CCF80060CCF804000F93EDDD0AB3594628460EAAFFF7CEFB00287FF4A1ADDDE90F12103C102C0DF1440C01F10100E2DC4546C846B1465646E24622440728CAE900941092C4
S3FD080271580F9000F3D3800AF1080A0130ECE5012011460DF1440CC9E74FF0010C114611A870E7002A00F0D380594605980EAAFFF79FFB00287FF472ADDDE90F120DF1440A481CACE5022201200DABCDE911320DF1440A01460AF1080A481CBBE5102C40F31482DDE90F32DFF8B890D446B2464E46C146A846059D06E0991C03460CF1080C103C102C1CDD1021581C103207281092CCF80060CCF804100F90EDDD0AB3594628460EAAFFF764FB00287FF437ADDDE90F32103C102C0DF1440C03F10101E2DC4546C846B1465646E24622440729CAE9009410920F9100F3A8800AF1080A481C4BE5134601210DF1440CC9E778070F9254D5029B5C1B002C92
S3FD0802725050DD0DF1440A102C40F3D781DFF8189010264B460F99A946059F1D460DE000BFBCCC0208E8CC0208D8CC0208881C19460AF1080A103C102C19DD4B1C1032072BCAE9005610920F93F0DD32B3594638460EAAFFF711FB00287FF4E4ACDDE90F12103C102C0DF1440A01F10100E5DC2B464D46994622440728CAE9009410920F907FF753AD72B1594605980EAAFFF7F4FA00287FF4C7AC109A47E5012011460DF1440AC7E7DDE90223AA42ACBF9B185B19039344E5002A3FF488AE594605980EAAFFF7DAFA00287FF4ADACDDE90F020DF1440A01300CE5079B002B6BD1012011460DF1440AFAE40F920DF1440A81E4009B002B7FF405AC4F469A
S3FD0802734800233AAE0093019306E454F8042B19F0100F4FF00103049432D119F0400F2BD0002594B239E42D2364428DF83330B9464FF0010365EB450533E4002A6FD0594605980EAAFFF79CFA00287FF46FAC0DF1440A97E43AAEFFF7DFBBD9F85800FCF733F8B9F90C108AB2FFF7DDBA61460AF1080A0CF10100B9E419F4007F40F0EF801446002509E4BE0500F1F7801C46002500E4BA0500F1EA80E517049322462B46FFF79EBB039B049CDD171A462B4654F8041BC1E900230494FFF7DCBA02220DABCDE911320DF1440ACCE6B94698E5904A0892BD06049C30D5073424F00702F2E802450492FE0709D554EA050206D030228DF8353047F00207D4
S3FD080274408DF83420022327F48069FFF7CABB834A0892E2E73046FDF77DF80023049401900093FFF77DBB9DF83310002940F08980079B002B7FF492AE114601200DF1440A58E454F8042B0494FC0607D4780602D5002594B2CAE7B90500F1898014460025C4E709F48063CDF80490CDF8188000279846DDF824903AAE0BE00A22002320462946E0F7D7F8002D08BF0A2C19D304460D460A22002320462946E0F7CBF8303206F8012C0137013EB8F1000FE5D099F80030BB42E1D1FF2FDFD0002D08BF0A2C25D2CDF824903AABDDF804909B1B4F46DDF818800193FFF723BBB946FFF713BB012BB9467FF444ADFFF712BB049C039A54F8043B1A600494C7
S3FD08027538FFF740BA009D484E062D28BF062504940195FFF7AFBB0B9B0A99F61A1A46304600F00EFD99F801300BB109F101090A22002320462946E0F781F80027ABE7012011460DF1440AFFF7D9BB01220DF133011046CDE911120DF1440AFFF7ACBB049C039A54F8043B1A800494FFF70BBA0025D4B2FFF71ABB0025D4B23BE764B2E517049322462B46FFF7B3BA0025DCB2FFF709BBD9F85800FBF723FFFFF7ECBA009B049401930090FFF7BFBADDE90F12DFF87C90013119E600220092FFF709BA594605980EAAFFF764F900283FF4D2ABFFF736BB0F98DFF85490013057E68446DFF8509043E5D9F86430DB0707D4B9F80C309F0503D4D9F858007E
S3FD08027630FBF7F2FE4FF0FF330393FFF727BB049A98F8013052F8040B884640EAE07000900492FFF7D7B900BFA8CC0208BCCC0208D0CC0208D8CC0208E8CC0208F0B50C464FF4806C4FF0000E154606461F46636EADF26C4DE28989891993E369ADF80E20626A21F00201079316A81AABADF80C10CDF818E0099200930493CDF808C0CDF814C0FBF7A7FE2A463B4669463046FFF73FF9051E07DB30466946FEF75DFB002818BF4FF0FF35BDF80C305B0603D5A38943F04003A3811698FBF78EFE28460DF26C4DF0BD38B5324B054618680C4610B1836B002B3CD0B4F90C3018079AB20CD52169A9B112F0010022D000256069A5604042A06111B3002026
S3FD0802772838BDD1063FD5520729D4216943F00803A3819AB20029E9D102F42070B0F5007FE4D02846214600F0D3FAB4F90C3021699AB212F00100DCD1950758BF6069A0600029DCD1120658BF0846D9D543F040034FF0FF30A38138BDFEF75EFBBFE7216B51B104F14002914204D02846FEF7F2FBB4F90C30002222630022216923F02403C4E90012C2E7092243F040032A604FF0FF30A38138BD00BF68090020062008B500F0B6FB0120EFF725F900BF70B500294BD00C46054610B1836B002B48D0636ED80734D5B4F90C30002B3ED021462846FEF72EFAE36A064633B12846E16998470028B8BF4FF0FF36A3891A063BD4216B41B104F1400399425F
S3FD0802782002D02846FEF7AAFB00232363616C21B12846FEF7A3FB00236364FEF72FFB0022636EA281DB0727D5A06DFBF7DDFDFEF72BFB304670BDA3899905CBD4A06DFBF7D7FDB4F90C30002BC4D1666E16F0010608D00026304670BDFEF7E2FA636ED807B4D4E8E7A06DFBF7C7FD304670BD28462169FEF773FBBEE7A06DFBF7BDFDD3E72DE9F04383B0074688461446FBF7A4FD012803D108F1FF33FE2B33D94246384604F15C0301A900F0E3FB421C06462FD018B39DF8041000250DF1040908E023685A1C226019700135B54216D215F80910A368013B002BA360F1DAA269934201DB0A29ECD12246384600F06AFB431CEAD10646304603B0BDE807
S3FD08027918F0834646304603B0BDE8F0835FFA88F106468DF80410D2E73046A38943F04003A38103B0BDE8F08330B5536E144613F0010FB2F90C30054683B09AB201D198051CD5900406D4626E43F4005342F40052A381626628462246FFF796FF636E0546DA0702D4A3899B0502D5284603B030BDA06DFBF745FD284603B030BDA06D0191FBF73AFDB4F90C3001999AB2D9E700BF9368002B00F0BD802DE9F04F9046B1F90C200C461107814683B093B227D522692AB313F00207D8F800502FD04FF0000B5F46DFF8B4A2002F00F0898057453B465A4628BF53464846E169666AB047002840F38D80D8F8083083441B1A3F1AC8F80830002BE7D100209A
S3FD08027A1003B0BDE8F08F21464846FFF76BFE002840F03281B4F90C20D8F8005093B213F00207CFD113F0010A79D15646002E56D09A05A76840F1BD80B742BB4600F2D28013F4906F00F0D080D4E90417226807EB4707A2EB010B07EBD7770BF101007F103044B8423A4684BF07463A465B0540F1E78011464846FBF7D9FC002800F0F6805A4621690090DEF76DFFA289009B22F4906242F08002A281A7EB0B0203EB0B006761B346374623612060A2605A46514600F0A4F9A2682368D21B374600265B44A2602360D8F80820BA44D71BC8F80870002F94D0B4F90C309BB2002EA8D1D5E900A60835A2E7D5E900B708356FE729465A4600F083F92368DE
S3FD08027B0821465B4448462360FEF73AF958B3B4F90C304FF0FF3043F04003A38103B0BDE8F08F002070473E46AA4638463D4600976EB3002835D0009A20682169B24228BF32468842636904D9A16803EB010B5A45D1DC93426BDC2A464846E169676AB847B0F1000BD3DD009BB3EB0B03009357D00120D8F808305D44A3EB0B03A6EB0B06C8F80830002B3FF43EAF002ED1D10AF1080353F8046C9A4653F8085C0833002EF7D032460A21284600F0ECF800285ED00130431B1A460093BEE720682369984218D86269B24215D86FF00043B34228BF334693FBF2F3676A02FB03F348465246E169B847071E92DDF61B6FE73746B34620685FE7B74228BF9D
S3FD08027C00374651463A4600F001F9A3682268DB1B3A44A3602260002BEAD121464846FEF7B3F80028E4D076E721464846FEF7ACF80028A2D06FE729469346019200F0E6F8A1682368019A891A1A44A16022608EE74846FEF745FB034600287FF425AF48462169FEF78BF90C22B4F90C30C9F8002023F0800351E7721C009261E70C22B4F90C30C9F8002048E74FF0FF30C0E600BF00FCFF7F00487047EC0E002070B50C46B1F90E10154600291E4696B014DB6A46EEF7BCFE00280FDB019A4FF4806302F47042A2F50052B2FA82F24FF40060520932602B6016B070BD0023A189336011F0800004D0402218462A6016B070BD4FF480632B6016B070BD53
S3FD08027CF870B58B890C469D0782B007D5012201F143034A610B600B6102B070BD01AB6A460646FFF7BFFF009905463046FBF78AFBB4F90C3070B11649009AF163019943F08003C4E90402A381206089B92B43A38102B070BD9A05DFD4012123F0030304F1430243F00203A381616122602261D3E73046B4F90E10EEF75BFE10B9B4F90C30E4E7A28922F0030242F0010213B2DDE7355E020870B48407CDB212D00346541E2AB90BE09A0718460CD0013C06D3184613F8012BAA42F5D170BC7047002070BC70471446032C0DD8002CF7D00246031901E09A42F2D0104612F8011BA942F8D170BC704706460A0292B22A4342EA0242336830465340A3F1B1
S3FD08027DF0013121EA030313F0803F06F10406E1D1043C032C3046EFD8DAE700BF8842F0B40DD98B1883420AD9841832B1224613F8014D994202F8014DF9D1F0BC70470F2A0ED80346541E002AF7D001340C44013B11F8012BA14203F8012FF9D1F0BC704740EA01039B073ED1A2F1100323F00F0401F1200727441B0901F1100400F1100554F8106C103445F8106C54F81C6C103545F81C6C54F8186C45F8186C54F8146CBC4245F8146CEBD1013312F00C0F01EB031102F00F0400EB031317D00E46043C24F0030CA5089C441C1F56F8047B44F8047F6445F9D16C1C03EB840301EB840102F00302AEE70346541EAEE72246A9E71F2938B5054621D82F
S3FD08027EE8D0F8DC220C466AB152F8213053B1012B16D0591C10D00025204642F824509847284638BD284600F031F8224601462846BDE8384000F014B8162301202B6038BD002038BD16234FF0FF302B6038BD00BF024B01461868FFF7CFBF00BF6809002070B50C4603460026074D204611461C462E60EEF759FD431C00D070BD2B68002BFBD0236070BD00BF30610020EEF74ABD70B440EA0104A30722D1032A20D90B460446194653F8046BA6F1013525EA060515F0803F15D1043A032A194644F8046BEFD84D1E52B1234615F8011F561E03F8011B41B132461C46002AF4D170BC704704464D1EEEE72244002EF7D003F8011B9342FBD170BC70474D
S3FD08027FE0F8B50D461446064610B1836B002B43D0B4F90C20A3691707A36090B21BD52369CBB1EDB281042F4622D522686169D31A994229DD0133A168501C0139A1602060157062699A422AD0A389DB0701D50A2D25D03846F8BD21463046FFF75BFB20BBB4F90C20EDB290B281042F462369DCD4616E42F4005221F40051A281226861666169D31A9942D5DC21463046FDF78CFE58B901232268CEE7FDF7E2FEB8E721463046FDF781FE0028D3D04FF0FF37D0E770B506461D4684B039B10B4CD4F8E040A047431C0AD004B070BD0C4606492246D1F8E04001A9A047431CF4D100228A232A60336004B070BDFC0D0020032A70B412D940EA0105AD0763
S3FD080280D804460B461DD11946204653F8045B54F8046BAE4215D1043A032A20461946F2D8561E9AB10139441E01E0C3180BD014F8015F11F8012F331B9542F6D0A81A70BC7047561EEEE7184670BC70471046F6E711F0FF01034644D0820732D170B4046841EA012646EA064686EA0405A5F10133A4F1013223EA050322EA0402134313F0803F0FD150F8044F84EA0605A5F10132A4F1013322EA050223EA0403134313F0803FEFD0037823B936E010F8013F002B32D09942F9D130E08A4211D09A071846CCD0184613F8012B002AF5D1104670479907184607D01A7818460133002AF7D170478207F7D10268A2F1013323EA020313F0803F08D150F899
S32D080281D0042FA2F1013323EA020313F0803FF6D00378002BE8D010F8013F002BFBD17047184670BC704700BF8F
S3FD080281F80000000000000000737461636B206F766572666C6F7700004F62737461636C6541766F6964616E63653A20736574204F62737461636C6541766F6964616E6365206F66662E0A00004F62737461636C6541766F6964616E63653A20736574204F62737461636C6541766F6964616E6365206F6E2E0A00000055736167653A2025732053545241544547590A0053545241544547593A0A00002020537472617465677920746F206265207365742E204D757374206265206F6E65206F662074686520666F6C6C6F77696E673A0A000000002020300A00000000202020204465616374697661746520616C6C204F62737461636C6541766F696429
S3FD080282F0616E63652E0A00002020310A00000000202020204163746976617465204F62737461636C6541766F6964616E63652E0A000000002D6C69002D6C64002D7270002D7269002D7264002D7370002D7369002D7364002D6C00002D7200002D73000055736167653A202573204741494E2056414C2E2E2E0A00004741494E3A0A000020204761696E20746F207365742E206D757374206265206F6E65206F662074686520666F6C6C6F77696E673A0A00000020202D6C702C202D6C692C202D6C640A000000002020202053657420502C2049206F722044206761696E20666F7220746865206C656674206D6F746F722E0A0020202D72702C202D92
S3FD080283E872692C202D72640A000000002020202053657420502C2049206F722044206761696E20666F7220746865207269676874206D6F746F722E0A0000000020202D73702C202D73692C202D73640A000000002020202053657420502C2049206F722044206761696E20666F72207374656572696E672E0A00000020202D6C2C202D722C202D730A0000002020202053657420616C6C206761696E7320666F7220746865206C656674206D6F746F722C20746865207269676874206D6F746F72206F72207374656572696E672C20726573706563746976656C792E0A000000202020205468652066697273742076616C7565206F662056414C206944
S3FD080284E0732073657420617320502D6761696E2C20746865207365636F6E6420617320492D6761696E20616E642074686520746869726420617320442D6761696E2E0A00202020204966206F6E6C79206F6E65206F722074776F2076616C75657320617265207370656369666965642C2074686520756E737065636966696564206761696E732072656D61696E20756E6368616E6765642E0A0000002D6C70002573282575293A206170616C446267417373657274206661696C6564000000002E2E2F2E2E2F7065726970686572792D6C6C642F414D69526F2D4C4C442F647269766572732F50434139353434412F76312F616C6C645F5043413935BD
S3FD080285D83434412E630000002E2E2F2E2E2F7065726970686572792D6C6C642F414D69526F2D4C4C442F647269766572732F56434E4C343032302F76312F616C6C645F56434E4C343032302E630000002E2E2F2E2E2F636F72652F7372632F616F735F7368656C6C2E6300002573282575293A20616F73446267436865636B206661696C656400002E2E2F2E2E2F636F72652F7372632F616F735F737373702E630000002573282575293A20616F73446267417373657274206661696C6564002F686F6D652F7069742F4153455F524143452F414D69526F2D417070732F6D6964646C65776172652F7552542F7372632F7572745F7375627363726904
S3FD080286D06265722E630000002F686F6D652F7069742F4153455F524143452F414D69526F2D417070732F617070732F4C69676874466C6F6F72446174612F6C69676874666C6F6F72646174612E6300002F686F6D652F7069742F4153455F524143452F414D69526F2D417070732F617070732F4F62737461636C6541766F6964616E63652F6F62737461636C6561766F6964616E63652E63000000002F686F6D652F7069742F4153455F524143452F414D69526F2D417070732F617070732F496E74726F5F57616C6C466F6C6C6F77696E672F696E74726F5F77616C6C666F6C6C6F77696E672E63000000002F686F6D652F7069742F4153455F5241EC
S3FD080287C843452F414D69526F2D417070732F617070732F496E74726F5F4C696E65466F6C6C6F77696E672F696E74726F5F6C696E65666F6C6C6F77696E672E63000000002F686F6D652F7069742F4153455F524143452F414D69526F2D417070732F617070732F43414E4272696467652F63616E6272696467652E63000000002F686F6D652F7069742F4153455F524143452F414D69526F2D417070732F617070732F414D69526F5F424E4F3035352F616D69726F5F626E6F3035352E6300002F686F6D652F7069742F4153455F524143452F414D69526F2D417070732F617070732F414D69526F5F466C6F6F722F616D69726F5F666C6F6F722E63BF
S3FD080288C0000000002F686F6D652F7069742F4153455F524143452F414D69526F2D417070732F617070732F4F646F6D657472792F6F646F6D657472792E6300002F686F6D652F7069742F4153455F524143452F414D69526F2D417070732F617070732F414D69526F5F446966666572656E7469616C4D6F746F72436F6E74726F6C2F616D69726F5F646966666572656E7469616C6D6F746F72636F6E74726F6C2E63000055736167653A202573205B2D68656C707C2D685D205B44454C41595D205B494E54455256414C5D0A000000002D2D68656C702C202D680A0020205072696E7420746869732068656C7020746578742E0A0000000044454C419B
S3FD080289B8590A0000202054696D6520746F2064656C6179206175746F2063616C6962726174696F6E20696E207365636F6E64732E0A00000020204966206E6F74207370656369666965642C2063616C6962726174696F6E2069732064656C617965642062792035207365636F6E64732E0A000000494E54455256414C0A00000020204475726174696F6E206F6620656163682063616C6962726174696F6E20706861736520696E207365636F6E64732E0A0000002020447572696E672063616C6962726174696F6E2070726F6365647572652C207468652073797374656D2077696C6C20746F67676C65206265747765656E2061637469766520616EBC
S3FD08028AB0642073746174696F6E617279207068617365732C20656163682074616B696E6720494E54455256414C207365636F6E64732E0A0020204966206E6F74207370656369666965642C20746869732076616C75652064656661756C747320746F20302E35207365636F6E64732E0A0000000043616C6962726174696F6E2063757272656E746C7920696E2070726F67726573732E0A006C656674206D6F746F723A0A000000002020503A2025660A000000002020493A2025662028616E74692D77696E6475703A2000002566206D2F73000064697361626C6564000000002020443A2025660A000000007269676874206D6F746F723A0A00000094
S3FD08028BA87374656572696E673A0A00002566207261642F730000000055736167653A202573203C7472616E736C6174696F6E3E203C726F746174696F6E3E0A007472616E736C6174696F6E3A0A0000002020546172676574207472616E736C6174696F6E2076656C6F6369747920696E206D2F732E0A0000726F746174696F6E3A0A0000202054617267657420726F746174696F6E2076656C6F6369747920696E207261642F732E0A000000436F756C64206E6F74206163717569726520757274207768696C65207369676E616C696E67206D6F746F7220736572766963652120526561736F6E3A25690A0053746174653A2049444C450A00000000FE
S3FD08028CA0466C6F6F722050726F78696D69747920446174613A0A000025752009000000000A200A0052696E672050726F78696D69747920446174613A0A0000000A0A0000667820252E32662066777A2025302E3266207820252E326620777A20252E32660A000000436F756C64206E6F74206163717569726520757274207768696C65207369676E616C696E67206C6967687420736572766963652100000000436F756C64206E6F74206163717569726520757274207768696C65207369676E616C696E67206C6967687420736572766963652120526561736F6E3A2025690A000000004C69676874466C6F6F72446174613A205475726E20616C6C03
S3FD08028D982076697375616C697A6174696F6E73206F66662E0A0000004C69676874466C6F6F72446174613A2053657420737461746520746F2064656661756C742076697375616C697A6174696F6E2E0A000000004C69676874466C6F6F72446174613A2053657420737461746520746F204C696E65466F6C6C6F77696E672076697375616C697A6174696F6E2E0A000055736167653A2025732053544154450A000000005365747320746865206C6967687473206F6620746865204C6967687452696E67206163636F7264696E6720746F2074686520666C6F6F7220646174612076616C7565732E0A446966666572656E742056697375616C697A61B1
S3FD08028E9074696F6E732061726520617661696C61626C653A0A00000053544154453A0A002020537461746520746F206265207365742E204D757374206265206F6E65206F662074686520666F6C6C6F77696E673A0A000000202020204465616374697661746520616C6C2076697375616C697A6174696F6E2E0A00002020202041637469766174652064656661756C742076697375616C697A6174696F6E2E0A000000002020320A00000000202020204163746976617465204C696E65466F6C6C6F77696E672076697375616C697A6174696F6E2E0A000069646C65000000004469576865656C447269766500000000414D69526F2044695768656514
S3FD08028F886C44726976652076312E3200232323232323232323232323232323232323232323232323232323232323232323232323232323232323232323232323232323232323232323232323232323232323232323230A002320414D69526F2D4F5320697320616E206F7065726174696E672073797374656D2064657369676E656420666F7220746865204175746F6E6F6D6F7573204D696E69202020230A002320526F626F742028414D69526F2920706C6174666F726D2E2020202020202020202020202020202020202020202020202020202020202020202020202020202020202020230A002320436F707972696768742028432920323031362B
S3FD080290802E2E32303232202054686F6D617320536368C3B67070696E6720657420616C2E202020202020202020202020202020202020230A00000000232020202020202020202020202020202020202020202020202020202020202020202020202020202020202020202020202020202020202020202020202020202020202020230A00232054686973206973206672656520736F6674776172653B207365652074686520736F7572636520666F7220636F7079696E6720636F6E646974696F6E732E202020202020230A0023205468657265206973204E4F2077617272616E74793B206E6F74206576656E20666F72204D45524348414E5441424986
S3FD080291784C495459206F72204649544E45535320464F522020230A0023204120504152544943554C415220505552504F53452E20202020202020202020202020202020202020202020202020202020202020202020202020202020202020202020230A00232054686520646576656C6F706D656E74206F66207468697320736F6674776172652077617320737570706F727465642062792074686520457863656C6C656E6365202020230A002320436C7573746572204558432032323720436F676E697469766520496E746572616374696F6E20546563686E6F6C6F67792E2054686520457863656C6C656E6365202020230A002320436C75737465BC
S3FD080292707220455843203232372069732061206772616E74206F662074686520446575747363686520466F72736368756E677367656D65696E7363686166742020230A002320284446472920696E2074686520636F6E74657874206F6620746865204765726D616E20457863656C6C656E636520496E69746961746976652E20202020202020202020230A002E2E2F2E2E2F636F72652F7372632F616F735F6D61696E2E637070004354524C20282575293A20756E65787065637465642F756E6B6E6F776E206576656E742072656365697665642E206D61736B3A203078253038583B20666C6167733A203078253038580A0000535353503A204D53DC
S3FD080293684920696E69740A002575097374617274090000006263204944202825752909006F6B092D3E636F756E740A006661696C092D3E72657472790A00000025750961626F7274090000006F6B09532D092D3E73796E630A0000002575094243420900494E495409000000532B09002D3E73746172740A000000004944202825752909000000006F6B0A006661696C092D3E61626F72740A00000041424F525409532D092D3E73796E630A00000000696E76616C6964092D3E61626F72740A00000000257509424342095741524E494E473A20756E6B6E6F776E206D6573736167652072656365697665640A00000025750974696D656F75740900DD
S3FD080294606E6F20696E6974092D3E6F7065726174696F6E0A00000000535353503A204D534920736B69707065640A000073756363657373092D3E6F7065726174696F6E0A00000000535353503A204D534920636F6D706C657465640A0000000025750964656C61790900000055502B202620532D0A00000055502D0A000000002575094750494F09000000003F55500A000000002B530A002D530900535353503A204D53492061626F727465640A00002D3E646F6E650A003078253038580A002575094F54484552093078253038580A00000000726563656976696E672063757272656E7420646174652F74696D652E2E2E09006368537973556E6C1D
S3FD080295586F636B006661696C0A0000005353535020424342206661696C656420746F2072656D6F76652066696C746572000000007761697420666F722066697273742073796E6368726F6E697A6174696F6E2E2E2E000000096F6B0A000000006E6F6E616D6500002E2E2F2E2E2F7065726970686572792D6C6C642F414D69526F2D4C4C442F647269766572732F41333930362F76312F616C6C645F41333930362E63004354524C3A20637269746963616C20535353502073796E6368726F6E697A6174696F6E20282566292E0A000073687574646F776E20726571756573742072656365697665642E2E2E0A00000072657374617274696E67207356
S3FD08029650797374656D2E2E2E0A00000073687574646F776E20746F2068696265726E617465206D6F64652E2E2E0A000073687574646F776E20746F2064656570736C656570206D6F64652E2E2E0A000073687574646F776E20746F207472616E73706F72746174696F6E206D6F64652E2E2E0A00755254207374617475733A2025750A00696E76616C69642073746174650000004552524F523A20414D69526F2D424C5420696E636F6D70617469626C65206F72206E6F7420617661696C61626C65210A000000005356233100000000414D69526F2D4F53206D757374206E6F742070726F6365656420746F207468697320706F696E742100000000A8
S3FD080297484C494E45464F4C4C4F57494E47200A0053746174653A20574C5F5052494E54494E470A0053746174653A20574C5F49444C450A00206C65667420776865656C3A2030782530345820282575290A000000206C6566742066726F6E743A2030782530345820282575290A00000072696768742066726F6E743A2030782530345820282575290A000000726967687420776865656C3A2030782530345820282575290A0000002D2D6765740000006661696C65640A002D2D7365740000002D2D6175746F000075736167653A202573204F5054494F4E205B504152414D45544552532E2E2E5D0A00000054686520666F6C6C6F77696E67206F70DE
S3FD0802984074696F6E732061726520617661696C61626C653A0A00000020205072696E7420746869732068656C70206D6573736167652E0A002D2D6765742C202D670A000020205265747269657665207468652063757272656E746C7920636F6E666967757265642063616C6962726174696F6E206F6666736574732E0A0000002D2D7365742C202D730A000020204D616E75616C6C79207365742063616C6962726174696F6E206F6666736574732E0A000000002020526571756972657320656974686572202575206F666673657420706172616D6574657273206F722074776F20706172616D65746572733A2053454E534F52204F46465345542E35
S3FD080299380A0000002020496E20746865206C617474657220636173652C2053454E534F52206D617920626520616E20696E746567657220696E2072616E6765205B302C2025755D206F72206120737472696E67206F6620746865207365740A0020207B6C772C206C662C2072662C2072777D0A002D2D6175746F2C202D610A002020506572666F726D206175746F6D617469632063616C6962726174696F6E2E0A0000002020526571756972657320616E206164646974696F6E616C20706172616D657465722C2073706563696679696E6720746865206E756D626572206F66206D6561737572656D656E74732E0A002D2D68656C7000006C69676833
S3FD08029A3074466C6F6F72446174613A7365745374617465006F62737461636C6541766F6964616E63653A73657453747261746567790000006C696E65466F6C6C6F77696E673A7365745374726174656779000000666C6F6F723A63616C6962726174696F6E000000444D433A63616C6962726174696F6E00444D433A7365744761696E7300000000444D433A6765744761696E7300000000444D433A73657456656C6F6369747900633000007368656C6C3A72656D6F7465000000007368656C6C3A68656C7000007368656C6C3A696E666F00007368656C6C3A636F6E666967000000006D6F64756C653A746F7000006D6F64756C653A6D656D647509
S3FD08029B286D70000073797374656D3A73687574646F776E006D6F64756C653A696E666F006D6F64756C653A636F6E6669670000000203000100007A400000FA4000007A410000FA4100007A420000FA4200007A43636854696D6541646458000063685F646C6973745F696E73657274006368537973556E6C6F636B006368537973556E6C6F636B006368537973556E6C6F636B006368537973556E6C6F636B006368537973556E6C6F636B006368537973556E6C6F636B006368537973556E6C6F636B006368537973556E6C6F636B006368537973556E6C6F636B006368537973556E6C6F636B006368537973556E6C6F636B006368537973556E6C72
S3FD08029C206F636B006368537973556E6C6F636B006368496E7374616E63654F626A656374496E69740000000063685654446F5365744900006368546864437265617465537461746963000000636853636857616B65757053000000006368546864537461727400006368537973556E6C6F636B0073745374617274416C61726D0000000063616E53746F700070776D53746F70007374536574416C61726D000071656953746172740000000063616E54727952656365697665490000416D69726F5F424E4F30353500000000181400200000000018140020010000001814002002000000181400200300000000002041C3F548400000803F0000803F9F
S3FD08029D18AAAB0200649600003814002080050000AAAB020064960000441400208005000010270000416D69726F5F466C6F6F720043414E42726964676500000000000000ED610108D5610108C1610108A56101089161010875610108596101084161010825610108000000000D610108E9600108CD600108A56001088960010861600108416001081D60010809600108496E74726F5F4C4600000000496E74726F5F574C000000004C69676874466C6F6F724461746100004F62737461636C6541766F6964616E63650000004F646F6D657472790000000073797374656D207368656C6C000000000000024008000240010000000000000B00000240B2
S3FD08029E101C000240020000000004010C0000024030000240040000000008020D000002404400024008000000000C030E0000024058000240100000000010040F000002406C00024020000000001405100000024080000240400000000018061100040240080402408000000000000738000402401C04024000010000000408390004024030040240000200000008093A000402404404024000040000000C0A3B00040240580402400008000000100B3B0000000019C9010800000000C1C8010800000000ADC701080000000081C601080000000021C6010800000000C1C501080000000065C50108000000004DC401080000000021C3010800000000AE
S3FD08029F08C1C201087D450108853F01089D430108113E01088D2C01083D2F01089D2A0108FD460108D541010841460108D140010800001F003B005A0078009700B500D400F300110130014E01D49A02080004002000080020005E0020485F00206D61696E002C0238040260080C10141C2024250000000000000024040100040000000000000C001020282C00980800200A0000009C08002037000000A008002037000000A408002037000000000100000000FFFF0000000000000000000040BF000080BF000040BF000000BF0000803E000080BE000000000000000000000000000000000000803E0000803E000040BF0000003F000040BF0000803FD5
S3FD0802A0002F686F6D652F7069742F4153455F524143452F414D69526F2D417070732F6D6964646C65776172652F617070735F7572746F73616C2E63002F686F6D652F7069742F4153455F524143452F414D69526F2D417070732F6D6964646C65776172652F7552542F7372632F7572745F636F72652E63002F686F6D652F7069742F4153455F524143452F414D69526F2D417070732F6D6964646C65776172652F7552542F7372632F7572745F7075626C69736865722E63000000002F686F6D652F7069742F4153455F524143452F414D69526F2D417070732F6D6964646C65776172652F7552542F7372632F7572745F736572766963652E63000036
S3FD0802A0F8544F444F0A0000002F686F6D652F7069742F4153455F524143452F414D69526F2D417070732F6D6964646C65776172652F7552542F7372632F7572745F726571756573742E6300002E2E2F2E2E2F636F72652F7372632F616F735F73797374656D2E63002E2E2F2E2E2F636F72652F7372632F616F735F74696D65722E6300002E2E2F2E2E2F636F72652F7372632F616F735F7468726561642E6300307825303858000020202000202530325800000073697A653A20257520422028252E3266206B6942290A0000666C617368300000666C617368310000666C617368320000666C617368330000666C617368340000666C617368350000EF
S3FD0802A1F0666C617368360000666C61736837000072616D300000000072616D310000000072616D320000000072616D330000000072616D340000000072616D350000000072616D360000000072616D37000000007465787400000000726F6461746100006461746100000000627373002D2D7461626C650053454354494F4E2020202020424153452020202020202020454E4420202020202053495A4520286B6942290A00000000666C61736825752020203078253038582020307825303858202025392E32660A0000000072616D257520202020203078253038582020307825303858202025392E32660A0000000074657874202020202030782547
S3FD0802A2E83038582020307825303858202025392E32660A00726F646174612020203078253038582020307825303858202025392E32660A006461746120202020203078253038582020307825303858202025392E32660A006273732020202020203078253038582020307825303858202025392E32660A0055736167653A202573204F5054494F4E0A0000004F7074696F6E733A0A00000020202D2D68656C702C202D680A000000202020205072696E7420746869732068656C7020746578742E0A000020202D2D7461626C652C202D740A0000202020205072696E742061207461626C65206F6620616C6C20666C61736820616E642072616D2073DA
S3FD0802A3E0656374696F6E732E0A0000002020666C6173687B302D377D0A000000202020205265616420616E64206F757470757420646174612066726F6D20666C617368206D656D6F72792E0A000000002020202054686572652061726520757020746F203820666C61736820726567696F6E732E0A000000202072616D7B302D377D0A00202020205265616420616E64206F757470757420646174612066726F6D2052414D2E0A002020202054686572652061726520757020746F20382052414D20726567696F6E732E0A002020746578740A00202020205265616420616E64206F757470757420646174612066726F6D20746865202774657874271E
S3FD0802A4D82073656374696F6E2028696E737472756374696F6E73292E0A0000002020726F646174610A000000202020205265616420616E64206F757470757420646174612066726F6D207468652027726F64617461272073656374696F6E2028726561642D6F6E6C792064617461292E0A0000002020646174610A00202020205265616420616E64206F757470757420646174612066726F6D20746865202764617461272073656374696F6E20287772697461626C652C20696E697469616C697A7465642064617461292E0A0000000020206273730A0000202020205265616420616E64206F757470757420646174612066726F6D207468652027625C
S3FD0802A5D07373272073656374696F6E2028756E696E697469616C697A65642064617461292E0A000020202D2D68656C700A00000020202D2D68696265726E6174652C202D680A00002020202053687574646F776E20746F2068696265726E617465206D6F64652E0A00000000202020204C6561737420656E6572677920736176696E672C2062757420616C6C6F7773206368617267696E67207669612070696E732E0A0020202D2D64656570736C6565702C202D640A00002020202053687574646F776E20746F2064656570736C656570206D6F64652E0A00000000202020204D696E696D756D20656E6572677920636F6E73756D7074696F6E207703
S3FD0802A6C868696C6520616C6C6F77696E67206368617267696E672076696120706C75672E0A00000020202D2D7472616E73706F72746174696F6E2C202D740A002020202053687574646F776E20746F207472616E73706F72746174696F6E206D6F64652E0A000000202020204D696E696D756D20656E6572677920636F6E73756D7074696F6E207769746820616C6C20696E74657272757074732064697361626C656420286E6F206368617267696E67292E0A0020202D2D726573746172742C202D720A000000002020202053687574646F776E20616E6420726573746172742073797374656D2E0A0000002D2D68696265726E617465002D2D64650C
S3FD0802A7C06570736C656570002D2D7472616E73706F72746174696F6E000000002D2D72657374617274000000756E6B6E6F776E20617267756D656E7420272573270A00002D2D646174652674696D650079656172000000006D6F6E7468000000686F7572000000006D696E75746500007365636F6E640000756E6B6E6F776E206F7074696F6E2027257327206F7220696E76616C69642076616C756520272573270A00002E2E2F2E2E2F636F72652F7372632F616F735F74696D652E63000000646174652F74696D652073657420746F20253034752D253032752D2530327520253032753A253032753A253032750A0020202D2D646174652674696DCF
S3FD0802A8B865204F50542056414C0A0000202020205365742074686520646174652F74696D652076616C7565206F66204F505420746F2056414C2E0A0020202020506F737369626C65204F505473206172653A0A00202020202020796561720A002020202020206D6F6E74680A000000002020202020206461790A0000202020202020686F75720A002020202020206D696E7574650A0000002020202020207365636F6E640A000000257300002F686F6D652F7069742F4153455F524143452F414D69526F2D417070732F617070732F414D69526F5F446966666572656E7469616C4D6F74696F6E457374696D61746F722F616D69726F5F646966666589
S3FD0802A9B072656E7469616C6D6F74696F6E657374696D61746F722E63000000002F686F6D652F7069742F4153455F524143452F414D69526F2D417070732F6D6964646C65776172652F7552542F7372632F7572745F73796E632E63002F686F6D652F7069742F4153455F524143452F414D69526F2D417070732F636F6E66696775726174696F6E732F414D69526F44656661756C742F6D6F64756C65732F414D69526F44656661756C745F636F6D6D6F6E2E63002E2E2F2E2E2F636F72652F7372632F616F735F666263616E2E630000696E76616C69642043414E20737461746500000072656C656173652063616E6469646174650000006265746177
S3FD0802AAA8000000007072652D616C706861000000737461626C6500003C72656C65617365207479706520756E6B6E6F776E3E0000474343003C636F6D70696C657220756E6B6E6F776E3E000054756573646179005765646E6573646179000000546875727364617900000000467269646179000053756E64617900004D6F6E64617900005361747572646179000000004841524457415245000000006D6F64756C65206E616D650053544D33324631307820506572666F726D616E6365204C696E6520486967682044656E7369747900706C6174666F726D00000000436F727465782D4D33000000636F72652076617269616E740000000041524D7691
S3FD0802ABA0372D4D00617263686974656374757265000000002575204D487A0000636F7265206672657175656E637900002575206B6942000052414D00424F4F544C4F41444552000025752E25752E25752025732028535353502025752E25752900000000414D69526F2D424C540000005741524E494E473A20414D69526F2D424C5420616E6420414D69526F2D4F5320696D706C656D656E7420696E636F6D70617469626C6520535353502076657273696F6E73210A000025732025752E25752E257500636F6D70696C6572000000005741524E494E473A20414D69526F2D424C5420696E636F6D70617469626C65206F72206E6F7420617661696C8B
S3FD0802AC9861626C652E0A00004F5045524154494E472053595354454D00000000414D69526F2D4F530000000072656C656173650025752E25752E25752025732028706572697068414C2025752E25752900000000414D69526F2D4C4C4400000025752E25752E25752025730043686962694F532F5254000043686962694F532F48414C0064656275670000006275696C64207479706500004A756C2020322032303234002573202D20257300636F6D70696C65640000000031343A34393A303100000000535353500000000025752E257500000076657273696F6E00257500006D6F64756C652049440000006E6F7420617661696C61626C65000000CB
S3FD0802AD90236D6F64756C65730000000043414C454E44415220262054494D494E47000000253034752D253032752D253032752028257329006461746500000000253032753A253032753A25303275000074696D65000000006D6F64756C652074696D65207265736F6C7574696F6E000025752075732028257520636C6F636B206379636C657329006D6178696D756D206578706563746564206A69747465720025753A253032753A253032753A253032753A253033753A253033750073797374656D20757074696D652028643A683A6D3A733A6D733A757329000000252E336620757320706572202575207573000000535353502053796E6368726F4C
S3FD0802AE886E697A6174696F6E204F66667365740052554E54494D4520494E464F524D4154494F4E006163746976652074687265616473000025752075732028257520636C6F636B206379636C6573292573000000776F7273742074687265616420637269746963616C207A6F6E650000776F7273742049535220637269746963616C207A6F6E650020205741524E494E473A204D6178696D756D206578706563746564206A697474657220686173206265656E2065786365656465642100000077616974696E6720666F7220616C6C207468726561647320746F207465726D696E617465202825752072656D61696E696E67292E2E2E0A00414D69524C
S3FD0802AF806F2D4F53207369676E696E67206F66662E20476F6F64627965210A0054485245414400005052494F202020435055202020535441434B0A007C202020000000002020202000000000253475002025352E316625252025352E31662525202825752F25752F2575206279746573290A0000206E2F612025352E31662525202020206E2F610A000000000A435249544943414C205A4F4E45532054494D494E470A006D617820657870656365642025752075732028257520636C6F636B206379636C6573290A0000000020202020746872656164732025752075732028257520636C6F636B206379636C65732925730A00002020202020202049BA
S3FD0802B0785352732025752075732028257520636C6F636B206379636C65732925730A00002B2D2D20000000003C616E6F6E796D6F7573207468726561643E000074687265616420637269746963616C207A6F6E657300000049535220637269746963616C207A6F6E6573000000000000000000000000000000000000000000000000000000000000000000000000000000000000000000000000000000000000000000000000000000000000000000000000000000000000000000000000000000000000000000000000000000000000000000000000000000000000757274436F6E647661725761697400006368537973556E6C6F636B006368537936
S3FD0802B17073556E6C6F636B006368537973556E6C6F636B006368537973556E6C6F636B006368537973556E6C6F636B006368537973556E6C6F636B006368537973556E6C6F636B006368537973556E6C6F636B006368436F6E64576169745300636854686443726561746553757370656E6465640000000063684D7478556E6C6F636B530000000063616E53746172740000000070776D53746172740000000070776D5F6C6C645F73746172740000007274635F6465636F646500007364537461727400416D69726F5F444D43000000416D69726F5F444D450000001D33010871310108D10401080000000005D10108F167010841D001080568010837
S3FD0802B26865CF0108FD6701084DCD0108E96701083563010838090020190000003C090020250000004009002039000000440900203900000048090020370000006400000001002D0100A24A0400100000000000000100000000000000010000000000000001000000000000000100000000000000000000000000000000000000000800200000FC1F444D41206661696C75726500535623390000000053562338000000006B696C6C000000006578697400000000535623313100000053562331300000005356233700000000535623360000000043414E206973204E554C4C0043414E20697320696E2043414E5F53544F502053544154452100000059
S3FD0802B36043414E20697320696E20756E6B6E6F776E20737461746500535623350000000053562334000000005B253031753A253032753A253032753A253032753A253033753A253033755D20000000005B253032752D253032752D253034757C253032753A253032753A253032755D2000000000253E2420000000002573242000000000696E76616C69642072656D6F7465204944000000253032580000000072656D6F746520627573790055736167653A202573204F5054494F4E205B49445D205B54494D454F55543D315D0A000020202D2D617661696C61626C652C202D610A0000202020204C6973747320616C6C20617661696C61626C65200A
S3FD0802B45872656D6F7465207368656C6C7320746F20636F6E6E65637420746F2E0A00000020202D2D6C6973742C202D6C0A000000202020204C6973747320616C6C2072656D6F7465207368656C6C73207768696368206172652063757272656E746C7920636C69656E74206F72207365727665722E0A000020202D2D636F6E6E6563742C202D632049440A0020202020547269657320746F20636F6E6E65637420746F207468652072656D6F7465207368656C6C20274944272E0A0020202D2D646973636F6E6E6563742C202D64207B49442C2A7D0A000020202020446973636F6E6E656374206368616E6E656C207769746820636C69656E742027B6
S3FD0802B550494427206F7220616C6C206368616E6E656C73202849443D272A27292E0A000054494D454F55542064656661756C747320746F20302E31207365636F6E64732E0A0000002D2D617661696C61626C65002D2D6C69737400002D2D636F6E6E6563740000006E6F204944207370656369666965640A00000000494420696E76616C69640A00636F6E6E656374696E6720746F2000002E2E2E002D2D646973636F6E6E65637400000000736561726368696E6720666F722000006361736573656E73697469766500000063617365696E736573697469766500002D2D70726F6D7074000000006D696E696D616C006E6F74696D6500007570746989
S3FD0802B6486D650000646174652674696D650000002D2D6D617463680063617365696E73656E7369746976650063757272656E746C792025730A00000055736167653A202573204F5054494F4E205B56414C5D0A0020202D2D70726F6D70742C202D70205B746578747C6D696E696D616C7C757074696D657C646174652674696D657C6E6F74696D655D0A000020202020436F6E66696775726573207468652070726F6D70742E0A0020202D2D6D617463682C202D6D205B6361736573656E7369746976657C63737C63617365696E73656E69746976657C63695D0A0020202020436F6E6669677572657320737472696E67206D61746368696E672E0AC8
S3FD0802B74000000000756E6B6E6F776E206F7074696F6E20272573270A00000000486F7720746F207573652074686520414D69526F2D4F53207368656C6C3A0A004241434B53504143452F44454C4554450A000000202064656C657465206C6566742F72696768740A00000000494E534552540A002020746F67676C6520696E736572742F6F7665727772697465206D6F64650A00454E5445520A000020206578656375746520636F6D6D616E640A00004152524F57204C4546542F52494748540A00000020206D6F766520637572736F72206F6E6520636861726163746572206C6566742F72696768740A004354524C202B204152524F57204C454614
S3FD0802B838542F52494748540A0000000020206D6F766520637572736F72206F6E6520776F7264206C6566742F72696768740A0000484F4D452F454E440A00000020206D6F766520637572736F7220746F207468652076657279206C6566742F72696768740A0000004152524F572055500A0000002020726563616C6C2070726576696F757320696E7075742066726F6D20686973746F72790A0000004152524F5720444F574E0A002020726563616C6C2073756273657175656E7420696E7075742066726F6D20686973746F7279206F7220636C656172207468652063757272656E7420696E7075740A00004354524C202B204152524F572055500A1F
S3FD0802B930000000002020726563616C6C206F6C6465737420696E7075742066726F6D20686973746F72790A004354524C202B204152524F5720444F574E0A00002020726563616C6C206F7220636C656172207468652063757272656E7420696E7075740A00000000504147452055502F444F574E0A00000020206964656E746963616C20746F204352544C202B204152524F572055502F444F574E0A000000005441420A0000000020203173742074696D653A206175746F2D636F6D706C6574652063757272656E7420696E7075740A000000002020636F6E73656375746976656C793A2073756767657374206D61746368696E6720636F6D6D616EFA
S3FD0802BA2864730A002020202020202020202020202020202020206E616D653A2025730A00202020202072656D6F7465206964656E7469666965723A200000000020202020636F6D6D616E647320617661696C61626C653A2025750A002020202020202020202020696E7075742077696474683A20257520636861726163746572730A000020202020206D6178696D756D20617267756D656E74733A2025750A0020202020202020202020686973746F72792073697A653A2025750A002E2E2F2E2E2F636F72652F696E632F616F735F7468726561642E6800202020202020202020202020737461636B2073697A653A2025752062797465730A00000076
S3FD0802BB20737461636B207065616B207574696C697A6174696F6E3A2025752062797465732028252E32662525290A0000737461636B207065616B207574696C697A6174696F6E3A2025752062797465732028252E326625252920282575290A0057656C636F6D6520746F20414D69526F2D4F53207368656C6C210A004869742054414220746F2067657420737461727465642E0A000000000A4552524F523A20756E6B6E6F776E204F53206576656E742072656365697665642028307825303858290A00096661696C0A0000756E65787065637465642074696D656F7574206576656E74000000001B5B327E000000001B5B337E000000001B5B480066
S3FD0802BC181B5B46001B5B357E000000001B5B367E000000001B5B41001B5B42001B5B44001B5B43001B5B313B354100001B5B313B354200001B5B313B354400001B5B313B354300000A096D6178696D756D206C696E6520776964746820726561636865640A0000000925730A0000000009746F6F206D616E7920617267756D656E74730A00000000636F6D6D616E642072657475726E65642065786974207374617475732025640A000000005E43000020307825303258002D20000021203C696E76616C6964206964656E7469666965723E0A00096F6B0A57656C636F6D6520746F207368656C6C20000000096F6B0A57656C636F6D65206261636B28
S3FD0802BD1020746F206C6F63616C207368656C6C210A00000009646973636F6E6E656374696E670A000A5741524E494E473A2072656D6F7465206368616E6E656C2064697361626C65640A00000A5348454C4C3A204552524F523A20756E6B6E6F776E206576656E742072656365697665642028307825303858290A0009636F6D6D616E642027257327206E6F7420666F756E640A000000002E2E2F2E2E2F636F72652F7372632F616F735F696F73747265616D2E630000002E2E2F2E2E2F7065726970686572792D6C6C642F616F735F706572697068414C2E630000696E206F7264657220746F2065786974206F7065726174696F6E207068617365BC
S3FD0802BE082C20616F735373737053687574646F776E496E697428292066756E6374696F6E206D7573742062652075736564000000496E76616C69642053535350207374616765207472616E6974696F6E206F636375727265640000005F616F73536463616E43746C00000000636854696D65555332490000636854696D65416464580000636854696D654164645800006368537973556E6C6F636B006368537973556E6C6F636B006368537973556E6C6F636B006368537973556E6C6F636B006368537973556E6C6F636B006368537973556E6C6F636B006368546864446F446571756575654E65787449006368537973556E6C6F636B005F5F7363FC
S3FD0802BF00685F72656164795F626568696E6400005F5F7363685F72656164795F6168656164000000636845767452656769737465724D61736B57697468466C616773490063684D74784C6F636B5300005F5F7468645F6E65787444657363656E64616E74000000006368436F6E6442726F61646361737449000000006368457674556E726567697374657200636854686443726561746553757370656E6465644900000063684D7478556E6C6F636B006368536368526561647949006368536368476F536C656570530000006368457674476574416E64436C656172466C61677300000063685654446F526573657449000000006368457674536967AC
S3FD0802BFF86E616C490000000063684576745369676E616C00636845767442726F616463617374466C616773490000000063685654446F5469636B490063685468644578697453000063685468645365745072696F72697479000000006368546864526573756D65490000000070776D456E61626C654368616E6E656C000000005F70616C5F6C6C645F656E61626C657061646576656E740063616E5472616E736D697454696D656F75740000716569557064617465490000646D6153747265616D467265654900007CD802083461002034610020346100207CD802080000000000000000000000007CD802080000000000000000000000007CD80208B2
S3FD0802C0F00000000000000000000000007CD802080000000000000000000000007CD802080000000000000000000000007CD802080000000000000000000000007CD80208000000000000000000000000286E616E2900000028696E662900000028657272290000006368537973556E6C6F636B006368537973556E6C6F636B006368537973556E6C6F636B00636853797347657449646C655468726561645800636854686453757370656E6454696D656F757453000000006932635374617274000000006932635F6C6C645F7365745F636C6F636B00000069326353746F700071656953746F70006932634D61737465725472616E736D697454696D2F
S3FD0802C1E8656F757400000000716569456E61626C6500000071656944697361626C6500005F63746C000000006932635F6C6C645F73746172740000006932635F6C6C645F6D61737465725F7472616E736D69745F74696D656F75740069715265616454696D656F75740000006F71577269746554696D656F757400000A00000064000000E803000010270000A086010040420F008096980000E1F50500CA9A3B0000000049F4010835F6010805F50108C5F60108FDF40108BDF6010841F401082DF60108C1DD01083863ED3EDA0F493F5E987B3FDA0FC93F6937AC3168212233B40F14336821A233000FC93F000F494000CB9640000FC9400053FB407E
S3FD0802C2E000CB164100ED2F41000F49410031624100537B41003A8A4100CB9641005CA34100EDAF41007EBC41000FC94100A0D5410031E24100C2EE410053FB4100F20342003A0A420083104200CB164200141D42005C234200A5294200ED2F4200363642007E3C4200C74242000F4942A2000000F9000000830000006E0000004E000000440000001500000029000000FC0000002700000057000000D1000000F500000034000000DD000000C0000000DB0000006200000095000000990000003C000000430000009000000041000000FE0000005100000063000000AB000000DE000000BB000000C500000061000000B7000000240000006E00000006
S3FD0802C3D83A000000420000004D000000D2000000E000000006000000490000002E000000EA00000009000000D1000000920000001C000000FE0000001D000000EB0000001C000000B100000029000000A70000003E000000E80000008200000035000000F50000002E000000BB0000004400000084000000E90000009C0000007000000026000000B40000005F0000007E000000410000003900000091000000D600000039000000830000005300000039000000F40000009C000000840000005F0000008B000000BD000000F9000000280000003B0000001F000000F800000097000000FF000000DE00000005000000980000000F000000EF000000BB
S3FD0802C4D02F000000110000008B0000005A0000000A0000006D0000001F0000006D000000360000007E000000CF00000027000000CB00000009000000B70000004F000000460000003F000000660000009E0000005F000000EA0000002D0000007500000027000000BA000000C7000000EB000000E5000000F10000007B0000003D0000000700000039000000F70000008A0000005200000092000000EA0000006B000000FB0000005F000000B10000001F0000008D0000005D0000000800000056000000030000003000000046000000FC0000007B0000006B000000AB000000F0000000CF000000BC000000200000009A000000F40000003600000052
S3FD0802C5C81D000000A9000000E300000091000000610000005E000000E60000001B000000080000006500000099000000850000005F00000014000000A000000068000000400000008D000000FF000000D8000000800000004D00000073000000270000003100000006000000060000001500000056000000CA00000073000000A8000000C900000060000000E20000007B000000C00000008C0000006B0000000000C93F0000F0390000DA370000A2330000842E0000502B0000C2270000D0220000C41F0000C61B0000441704000000070000000900000000202020202020202020282828282820202020202020202020202020202020202088101074
S3FD0802C6C010101010101010101010101010040404040404040404041010101010101041414141414101010101010101010101010101010101010101011010101010104242424242420202020202020202020202020202020202020202101010102000000000000000000000000000000000000000000000000000000000000000000000000000000000000000000000000000000000000000000000000000000000000000000000000000000000000000000000000000000000000000000000000000000000000000000000000000000000000000000000000000000000000000000000001F0000001C0000001F0000001E0000001F0000001E00000047
S3FD0802C7B81F0000001F0000001E0000001F0000001E0000001F000000000000001F0000003B0000005A0000007800000097000000B5000000D4000000F300000011010000300100004E0100001F0000001C0000001F0000001E0000001F0000001E0000001F0000001F0000001E0000001F0000001E0000001F0000001F0000001D0000001F0000001E0000001F0000001E0000001F0000001F0000001E0000001F0000001E0000001F0000006E660000696E697479000000616E000035000000CEFBFFFFCB030000010000000000000034000000CEFBFFFFCB0300000100000000000000BC89D897B2D29C3C33A7A8D523F649393DA7F444FD0FA532AF
S3FD0802C8B09D978CCF08BA5B25436FAC6428066811545A0000474D54002531305B5E302D392C2B2D5D256E0000256875256E3A256875256E3A256875256E0000004D256875256E2E256875256E2E256875256E00002F256875256E3A256875256E3A256875256E000042616C6C6F6320737563636565646564000000002F6D6E742F776F726B73706163652F776F726B73706163652F4743432D392D706970656C696E652F6A656E6B696E732D4743432D392D706970656C696E652D3230305F32303230303532315F313539303035333337342F7372632F6E65776C69622F6E65776C69622F6C6962632F7374646C69622F6764746F612D67657468651E
S3FD0802C9A8782E630000000000000000000000000000000000000000000000000000000000000000000000000000000000000000000000000010111213141516171819000000000000001A1B1C1D1E1F00000000000000000000000000000000000000000000000000001A1B1C1D1E1F0000000000000000000000000000000000000000000000000000000000000000000000000000000000000000000000000000000000000000000000000000000000000000000000000000000000000000000000000000000000000000000000000000000000000000000000000000000000000000000000000000000000000000000000000000000000000000005B
S3FD0802CAA0000000000000000000000000A8950208BC8C0208F80D002043000000504F5349580000002F6D6E742F776F726B73706163652F776F726B73706163652F4743432D392D706970656C696E652F6A656E6B696E732D4743432D392D706970656C696E652D3230305F32303230303532315F313539303035333337342F7372632F6E65776C69622F6E65776C69622F6C6962632F7374646C69622F6D707265632E6300000000000000000080E03779C34143176E05B5B5B89346F5F93FE9034F384D321D30F94877825A3CBF737FDD4F1575000000000000F03F000000000000244000000000000059400000000000408F40000000000088C3401C
S3FD0802CB9800000000006AF8400000000080842E4100000000D01263410000000084D797410000000065CDCD41000000205FA00242000000E876483742000000A2941A6D42000040E59C30A2420000901EC4BCD64200003426F56B0C430080E03779C3414300A0D8855734764300C84E676DC1AB43003D9160E458E143408CB5781DAF154450EFE2D6E41A4B4492D54D06CFF08044F64AE1C7022DB544B49DD9794378EA4405000000190000007D0000000A000100020003000400050006000700080009000A000B000C000D000E000F00100000002C2066756E6374696F6E3A2000000000617373657274696F6E2022257322206661696C65643A206656
S36D0802CC90696C6520222573222C206C696E65202564257325730A000030313233343536373839414243444546000000003031323334353637383961626364656600000000286E756C6C29000020202020202020202020202020202020303030303030303030303030303030300F
S30D0802CCF81CAAFD7F01000000E1
S3FD0802CD008013002000000000000000000000000000000000000000000000000000000000000000000000000000000000809A020805F9000800000000949A02086DA9000800000000B49A02082DAC000800000000A49A0208197B000800000000C49A02080DAE000800000000009B0208699F010800000000E89A0208D9A1010800000000F49A02085DA3010800000000D89A02089995010800000000020C014008100140011001400E0C01402C9A0208BDB6000800000000649A0208DD79000800000000449A0208757A000800000000489B0208B9220108000000003C9B020835570108000000001C9B02089D1A0108000000002C9B0208C52001082B
S3FD0802CDF800000000109B0208495A010800000000A813002028000000000000000000000000000000000000000000000000000000E013002077000000909F0208E01300200F0C01400C0C014003100140091001400214014001000000801A06000200000001000000801A060002000000FF0000007009002000000000000000005C0C0020C40C00202C0D00200000000000000000000000000000000000000000000000000000000000000000000000000000000000000000000000000000000000000000000000000000000000000000000000000000000000000000000000000000000000000000000000000000000000000000000000000000000090
S3FD0802CEF00000000000000000000000000000000000000000000000000000000000000000000000000000000001000000000000000E33CDAB34126DE6ECDE05000B000000000000000000000000000000000000000000000000000000000000000000000000000000000000000000000000000000000000000000000000000000000000000000000000000000000000000000000000000000000000000000000000000000000000000000000000000000000000000000000000000000000000000000000000000000000000000000000000000000000000000000000000000000000000000000000000000000000000000000000000000000000000000D
S3FD0802CFE8000000000000000000000000000000000000000000000000000000000000000000000000000000000000000000000000000000000000000000000000000000000000000000000000000000000000000000000000000000000000000000000000000000000000000000000000000000000000000000000000000000000000000000000000000000000000000000000000000000000000000000000000000000000000000000000000000000000000000000000000000000000000000000000000000000000000000000000000000000000000000000000000000000000000000000000000000000000000000000000000000000000000000041
S3FD0802D0E0000000000000000000000000000000000000000000000000000000000000000000000000000000000000000000000000000000000000000000000000000000000000000000000000000000000000000000000000000000000000000000000000000000000000000000000000000000000000000000000000000000000000000000000000000000000000000000000000000000000000000000000000000000000000000000000000000000000000000000000000000000000000000000000000000000000000000000000000000000000000000000000000000000000000000000000000000000000000000000000000000000000000000048
S3FD0802D1D8000000000000000000000000000000000000000000000000000000000000000000000000000000000000000000000000000000000000000000000000000000000000000000000000000000000000000000000000000000000000000000000000000000000000000000000000000000000000000000000000000000000000000000000000000000000000000000000000000000000000000000000000000000000000000000000000000000000000000000000000000000000000000000000000C4C80208C4C8020801000000000000004A000000000000000000000000000000000000000000000000000000000000000000000000000000D8
S3FD0802D2D04A000000000000000000000000000000000000000000000000000000000000000000000000000000FF00000043000000000000000000000000000000000000000000000000000000000000004300000000000000000000000000000000000000000000000000000000000000430000000000000000000000000000000000000000000000000000000000000043000000000000000000000000000000000000000000000000000000000000004300000000000000000000000000000000000000000000000000000000000000430000000000000000000000000000000000000000000000000000000000000043000000000000000000000038
S3FD0802D3C80000000000000000000000000000000000000000895B020899390208000000009CC60208A8950208BC8C0208BC8C0208BC8C0208BC8C0208BC8C0208BC8C0208BC8C0208BC8C0208BC8C0208FFFFFFFFFFFFFFFFFFFFFFFFFFFF000001004153434949000000000000000000000000000000000000000000000000000000415343494900000000000000000000000000000000000000000000000000000000000000000000000000680F0020680F0020700F0020700F0020780F0020780F0020800F0020800F0020880F0020880F0020900F0020900F0020980F0020980F0020A00F0020A00F0020A80F0020A80F0020B00F0020B00F00209D
S3FD0802D4C0B80F0020B80F0020C00F0020C00F0020C80F0020C80F0020D00F0020D00F0020D80F0020D80F0020E00F0020E00F0020E80F0020E80F0020F00F0020F00F0020F80F0020F80F002000100020001000200810002008100020101000201010002018100020181000202010002020100020281000202810002030100020301000203810002038100020401000204010002048100020481000205010002050100020581000205810002060100020601000206810002068100020701000207010002078100020781000208010002080100020881000208810002090100020901000209810002098100020A0100020A0100020A8100020A810002036
S3FD0802D5B8B0100020B0100020B8100020B8100020C0100020C0100020C8100020C8100020D0100020D0100020D8100020D8100020E0100020E0100020E8100020E8100020F0100020F0100020F8100020F810002000110020001100200811002008110020101100201011002018110020181100202011002020110020281100202811002030110020301100203811002038110020401100204011002048110020481100205011002050110020581100205811002060110020601100206811002068110020701100207011002078110020781100208011002080110020881100208811002090110020901100209811002098110020A0110020A0110020F1
S3FD0802D6B0A8110020A8110020B0110020B0110020B8110020B8110020C0110020C0110020C8110020C8110020D0110020D0110020D8110020D8110020E0110020E0110020E8110020E8110020F0110020F0110020F8110020F811002000120020001200200812002008120020101200201012002018120020181200202012002020120020281200202812002030120020301200203812002038120020401200204012002048120020481200205012002050120020581200205812002060120020601200206812002068120020701200207012002078120020781200208012002080120020881200208812002090120020901200209812002098120020AC
S3D90802D7A8A0120020A0120020A8120020A8120020B0120020B0120020B8120020B8120020C0120020C0120020C8120020C8120020D0120020D0120020D8120020D8120020E0120020E0120020E8120020E8120020F0120020F0120020F8120020F81200200013002000130020081300200813002010130020101300201813002018130020201300202013002028130020281300203013002030130020381300203813002040130020401300204813002048130020501300205013002058130020581300206013002060130020FFFFFFFF000002000861002038
S7050800623957
