ARM GAS  /tmp/cczIMEmO.s 			page 1


   1              		.cpu cortex-m4
   2              		.eabi_attribute 27, 1
   3              		.eabi_attribute 20, 1
   4              		.eabi_attribute 21, 1
   5              		.eabi_attribute 23, 3
   6              		.eabi_attribute 24, 1
   7              		.eabi_attribute 25, 1
   8              		.eabi_attribute 26, 1
   9              		.eabi_attribute 30, 2
  10              		.eabi_attribute 34, 1
  11              		.eabi_attribute 18, 4
  12              		.file	"helloworld_master.c"
  13              		.section	.gnu.lto_.profile.d70710ac7c427607,"e",%progbits
  14 0000 789CE360 		.ascii	"x\234\343``\004B \000\000\000]\000\013"
  14      60044220 
  14      0000005D 
  14      000B
  15              		.text
  16              		.section	.gnu.lto_.icf.d70710ac7c427607,"e",%progbits
  17 0000 789CE360 		.ascii	"x\234\343``d\260`@\000N\206{'fwq1\315\234sj\035?\313"
  17      6064B060 
  17      40004E86 
  17      7B276677 
  17      7131CD9C 
  18 0019 E1598B67 		.ascii	"\341Y\213g\261\263\276\231\375u\031\037\333\203\207"
  18      B1B3BE99 
  18      FD75191F 
  18      DB8387
  19 0028 3DBB99D9 		.ascii	"=\273\231\331\217\354Yy\230\217c\353\216]\377x\270\216"
  19      8FEC5979 
  19      988F63EB 
  19      8E5DFF78 
  19      B88E
  20 003a 1E59BA82 		.ascii	"\036Y\272\202\217\373\343\277\336{,\014\000\001\004"
  20      8FFBE3BF 
  20      DE7B2C0C 
  20      000104
  21 0049 1B5A     		.ascii	"\033Z"
  22              		.text
  23              		.section	.gnu.lto_.jmpfuncs.d70710ac7c427607,"e",%progbits
  24 0000 789CC59A 		.ascii	"x\234\305\232ip\024E\024\307\373\365\314n\222\205\210"
  24      69701445 
  24      14C7FBF5 
  24      CC6E9285 
  24      88
  25 0011 0A780561 		.ascii	"\012x\005aF\215\202\226\331X\224\226\025?hT\320\262"
  25      468D8296 
  25      D9589496 
  25      153F6854 
  25      D0B2
  26 0023 0A3F8055 		.ascii	"\012?\200UZe)\025\311\000\253!\301\354.\360\011\"Q\024"
  26      5A652915 
  26      C900AB21 
  26      C1EC2EF0 
  26      09225114 
  27 0037 444E0D21 		.ascii	"DN\015!\210\313\341\001\036\240\002\312\231DI\270\003"
  27      88CBE101 
ARM GAS  /tmp/cczIMEmO.s 			page 2


  27      1EA002CA 
  27      994449B8 
  27      03
  28 0048 88810448 		.ascii	"\210\201\004HB@N5$\250\034*\030{v\206\311\356\314\316"
  28      42404E35 
  28      24A81C2A 
  28      187B7686 
  28      C9EECCCE 
  29 005c CBF46E2C 		.ascii	"\313\364n,S\265G\246\217\367~\377~\357\365\356\364&"
  29      53B547A6 
  29      8FF77EFF 
  29      7EEFF5EE 
  29      F426
  30 006e 13204F0D 		.ascii	"\023 O\015 d9\220\360_\022\021\201\375\365\230\024\022"
  30      20643990 
  30      F05F1211 
  30      81FDF598 
  30      1412
  31 0080 08840460 		.ascii	"\010\204\004`\257\224\275\012\224\316\023`\366\347\207"
  31      AF94BD0A 
  31      94CE1360 
  31      F6E787
  32 008f 32660821 		.ascii	"2f\010!A\204\211\260\036\322\010T\262w\354AH\262\300"
  32      418489B0 
  32      1ED20854 
  32      B277EC41 
  32      48B2C0
  33 00a2 9A2717AF 		.ascii	"\232'\027\257\\\222\232\231\021\022\\K\005R*\250\323"
  33      5C929A99 
  33      11125C4B 
  33      05522AA8 
  33      D3
  34 00b3 C106C80C 		.ascii	"\301\006\310\014w#\354q\251\275\275\275\007\250=g\024"
  34      7723EC71 
  34      A9BDBDBD 
  34      07A83D67 
  34      14
  35 00c4 B73625AB 		.ascii	"\2676%\2533\271\201\300FHS\037\352\365\232\212\213\027"
  35      33B981C0 
  35      4648531F 
  35      EAF59A8A 
  35      8B17
  36 00d6 92640815 		.ascii	"\222d\010\025\225J!!\211\300&\220\215\321\227\265\321"
  36      954A2121 
  36      89C02690 
  36      8DD197B5 
  36      D1
  37 00e7 91DD17FF 		.ascii	"\221\335\027\377\276\363\034\225\373j\335\223\011\224"
  37      BEF31C95 
  37      FB6ADD93 
  37      0994
  38 00f5 DB7757DD 		.ascii	"\333wW\335\257([=\307\245ZM\201\352$\250\320\001\252"
  38      AF285B3D 
  38      C7A55A4D 
  38      81EA24A8 
  38      D001AA
  39 0108 93621078 		.ascii	"\223b\020x\302\004\252&\354\352\252\335\013\032\334"
ARM GAS  /tmp/cczIMEmO.s 			page 3


  39      C204AA26 
  39      ECEAAADD 
  39      0B1ADC
  40 0117 EAD56E50 		.ascii	"\352\325nP\011\231\245\002U\301\276\323\301\304\016"
  40      0999A502 
  40      55C1BED3 
  40      C1C40E
  41 0126 308CE47B 		.ascii	"0\214\344{>\222\315\010\211\331sJ\235.F\225u10\237\253"
  41      3E92CD08 
  41      89D9734A 
  41      9D2E4695 
  41      7531309F 
  42 013b F97CDE82 		.ascii	"\371|\336\202\253_WT\\\221\252\251_\225\004[u\217\253"
  42      AB5F5754 
  42      5C91AAA9 
  42      5F95045B 
  42      758FAB
  43 014e 78D4DF66 		.ascii	"x\324\337f\250\277\235O\375\035|$;1\365M\236\213\342"
  43      A8BF9D4F 
  43      FD1D7C24 
  43      3B31F54D 
  43      9E8BE2
  44 0161 44F67CB5 		.ascii	"D\366|\265w\273\332\233\210\023\005\363%*\261e\002J"
  44      77BBDA9B 
  44      881305F3 
  44      252AB165 
  44      024A
  45 0173 42427796 		.ascii	"BBw\226R\251\311\346vw\363}\346i\242\345\233R=kCX\276"
  45      52A9C9E6 
  45      7677F37D 
  45      E669A2E5 
  45      9B523D6B 
  46 018a 6B80C22E 		.ascii	"k\200\302.\335\007\252\005\000k\3368\345Jy\222\326\254"
  46      DD07AA05 
  46      006BDE38 
  46      E54A7992 
  46      D6AC
  47 019c 0DAED1BB 		.ascii	"\015\256\321\273\204\377\343\214\223\335|q\262\007W"
  47      84FFE38C 
  47      93DD7C71 
  47      B20757
  48 01ab 774555CB 		.ascii	"wEU\313\002*\277\250u\357A`/\036'\353\232\3327\366\320"
  48      022ABFA8 
  48      75EF4160 
  48      2F1E27EB 
  48      9ADA37F6 
  49 01c0 E2A486C0 		.ascii	"\342\244\206\300\017\272\3075\204#N\366\031q\362#_\234"
  49      0FBAC735 
  49      84234EF6 
  49      1971F223 
  49      5F9C
  50 01d2 D4F291EC 		.ascii	"\324\362\221\354\307\342\304\344\271\213-\200\260\224"
  50      C7E2C4E4 
  50      B98B2D80 
  50      B094
  51 01e0 396B3340 		.ascii	"9k3@\354X}\026'\314\330\326\326\226Z\320\252-\201\003"
  51      EC587D16 
ARM GAS  /tmp/cczIMEmO.s 			page 4


  51      27CCD8D6 
  51      D6965AD0 
  51      AA2D8103 
  52 01f4 90C62E95 		.ascii	"\220\306.\225O\337\273S\320.\001\324\251F\016\350F4"
  52      4FDFBB53 
  52      D02E01D4 
  52      A9460EE8 
  52      4634
  53 0206 1BD173A8 		.ascii	"\033\321s\250\215\261z\261\"\257\226\370\220p-\241\342"
  53      8DB17AB1 
  53      22AF96F8 
  53      90702DA1 
  53      E2
  54 0217 44628E44 		.ascii	"Db\216DUd\326\354\326C\365:5\\\335v\221R\217G\312\206"
  54      5564D6EC 
  54      D643F53A 
  54      355CDD76 
  54      91528F47 
  55 022d 37DA6A3C 		.ascii	"7\332j<\362b]\340\353\011\034\264W\314\222\021\216\226"
  55      F2625DE0 
  55      EB091CB4 
  55      57CC9211 
  55      8E96
  56 023f FA90B1D4 		.ascii	"\372\220\261\324\207\361\245\266\270\322\340\334\025"
  56      87F1A5B6 
  56      B8D2E0DC 
  56      15
  57 024c D10EBF11 		.ascii	"\321\016\277\021\307/\237\371A\231[\256\327m\366$\320"
  57      C72F9FF9 
  57      41995BAE 
  57      D76DF624 
  57      D0
  58 025d 646F5374 		.ascii	"doSt\204{\304\300m\306q-\246\217:5\035\201w\014\307"
  58      847BC4C0 
  58      6DC6712D 
  58      A68F3A35 
  58      1D81770C 
  59 0272 AB3FBBB9 		.ascii	"\253?\273\2711Un\320m\364\"\360S\242x\307\015\274\023"
  59      31556ED0 
  59      6DF422F0 
  59      53A278C7 
  59      0DBC13
  60 0285 389EC5F4 		.ascii	"8\236\305\364I$\025\335\315\367S\333\332j\033\332\247"
  60      492415DD 
  60      CDF753DB 
  60      DA6A1BDA 
  60      A7
  61 0296 70F85517 		.ascii	"p\370U\027\032g\201|L\367\2407\201\323X<\261\244rWf"
  61      1A67817C 
  61      4CF7A037 
  61      81D3583C 
  61      B1A47257 
  62 02ab D97B618E 		.ascii	"\331{a\2168a\276y\007\211,-\031i\321\2369\314\2253\206"
  62      3861BE79 
  62      07892C2D 
  62      1969D19E 
  62      39CC9533 
ARM GAS  /tmp/cczIMEmO.s 			page 5


  63 02c0 BA3FE3EA 		.ascii	"\272?\343\352Z\330~\371\037\331l\243\363W|\201\332\313"
  63      5AD87EF9 
  63      1FD96CA3 
  63      F3577C81 
  63      DACB
  64 02d2 D6B688F2 		.ascii	"\326\266\210\362\305\216\020iI4:\317\032\372\265\342"
  64      C58E1069 
  64      49343ACF 
  64      1AFAB5E2 
  65 02e2 FA594CB7 		.ascii	"\372YL\267a\321\271\350!{\355l\341\317\341\360\257\027"
  65      61D1B9E8 
  65      217BED6C 
  65      E1CFE1F0 
  65      AF17
  66 02f4 7D3B2F49 		.ascii	"};/I\276\242{p\003\201\337\022\205\377\335\200\377\003"
  66      BEA27B70 
  66      0381DF12 
  66      85FFDD80 
  66      FF03
  67 0306 87B7983E 		.ascii	"\207\267\230>\037G\345\271\320I\345)\331;\033\344\271"
  67      1F47E5B9 
  67      D049E529 
  67      D93B1BE4 
  67      B9
  68 0317 D408D08B 		.ascii	"\324\010\320\213\211\342]2\360\376\354\244\362\230M"
  68      89E25D32 
  68      F0FEECA4 
  68      F2984D
  69 0326 FF1507DE 		.ascii	"\377\025\007\336\3378\336\232\205\207\317\271\344e\272"
  69      DF38DE9A 
  69      8587CFB9 
  69      E465BA
  70 0335 8D1B095C 		.ascii	"\215\033\011\\N\024\357\212\201\367\017\216g1\335no"
  70      4E14EF8A 
  70      81F70F8E 
  70      6731DD6E 
  70      6F
  71 0346 DAB67416 		.ascii	"\332\266t\026Q\024\357l\373\262=\311r\205n\343&\002"
  71      5114EF6C 
  71      FBB23DC9 
  71      72856EE3 
  71      2602
  72 0358 AF51075B 		.ascii	"\257Q\007[\361e\255\032\270\213\036q^j\234\325\305\311"
  72      F165AD1A 
  72      B88B1E71 
  72      5E6A9CD5 
  72      C5C9
  73 036a F4AA38C5 		.ascii	"\364\2528\305\024\025\307\342\370\353\377\225\343\266"
  73      1415C7E2 
  73      F8EBFF95 
  73      E3B6
  74 0378 91F3062E 		.ascii	"\221\363\006.\355\305-3\246u\227\267Q\243\362L\261\367"
  74      EDC52D33 
  74      A67597B7 
  74      51A3F24C 
  74      B1F7
  75 038a D059E4BC 		.ascii	"\320Y\344\274i\210\363\026.\216\305\364T{\323lKF\304"
ARM GAS  /tmp/cczIMEmO.s 			page 6


  75      6988F316 
  75      2E8EC5F4 
  75      547BD36C 
  75      4B46C4
  76 039d B0859F86 		.ascii	"\260\205\237\206\303[*\317\333\211\302O7\340\337\301"
  76      C35B2ACF 
  76      DB89C24F 
  76      37E0DFC1 
  77 03ad E12DA667 		.ascii	"\341-\246g85\035\2017\023\307\263T\236Y\211\342\315"
  77      38351D81 
  77      3713C7B3 
  77      549E5989 
  77      E2CD
  78 03bf 36F0E6E0 		.ascii	"6\360\346\340x\026\323s\343\300{\027\307\263T\236\367"
  78      7816D373 
  78      E3C07B17 
  78      C7B3549E 
  78      F7
  79 03d0 12C52B31 		.ascii	"\022\305+1\360\346\341x\026\323\245q\340\315\307\361"
  79      F0E6E178 
  79      16D3A571 
  79      E0CDC7F1 
  80 03e0 2C1FC8CB 		.ascii	",\037\310\313\022\305[`\340\275\217\343YL/\214\003\357"
  80      12C55B60 
  80      E0BD8FE3 
  80      594C2F8C 
  80      03EF
  81 03f2 031CEFF2 		.ascii	"\003\034\357\362\366\365\265\202\274\273#\373C\211\342"
  81      F6F5B582 
  81      BCBB23FB 
  81      4389E2
  82 0401 2D32F016 		.ascii	"-2\360\026\343x\026\323K\260\302\263\350\2118\012\317"
  82      E37816D3 
  82      4BB0C2B3 
  82      E889380A 
  82      CF
  83 0412 521CBE62 		.ascii	"R\034\276bZ\331\331\024\271V\367\340f\002\037&\012\377"
  83      5AD9D914 
  83      B956F7E0 
  83      66021F26 
  83      0AFF
  84 0424 9101FF31 		.ascii	"\221\001\3771\016o1\375\011\006_\204|\021\242\350\207"
  84      0E6F31FD 
  84      09065F84 
  84      7C11A2E8 
  84      87
  85 0435 788A6E5F 		.ascii	"x\212n_l\354\3408\276b-\303e\255\\\274\277D\224\337"
  85      6CECE038 
  85      BE622DC3 
  85      65AD5CBC 
  85      BF4494DF 
  86 0449 1234B65B 		.ascii	"\0224\266[\010,w\262\335\362\354\374\237\0322\177\206"
  86      082C77B2 
  86      DDF2ECFC 
  86      9F1A327F 
  86      86
  87 045a CB6C71E5 		.ascii	"\313lq\345s\347\256D\010c\232\331\371\035\271/p\245"
ARM GAS  /tmp/cczIMEmO.s 			page 7


  87      73E7AE44 
  87      08639AD9 
  87      F91DB92F 
  87      70A5
  88 046c CCF7B156 		.ascii	"\314\367\261V\330{\027\353>\326J$fX\367\262\272]\277"
  88      D87B17EB 
  88      3ED64A24 
  88      6658F7B2 
  88      BA5DBF
  89 047f E877E44A 		.ascii	"\350w\344J\000\276\244\232\307%\020\303e;\241\2772\204"
  89      00BEA49A 
  89      C72510C3 
  89      653BA1BF 
  89      3284
  90 0491 FE1A17DA 		.ascii	"\376\032\027\332L\262\212\217d5Bb\366<*`\005\342q\027"
  90      4CB28A8F 
  90      64354262 
  90      F63C2A60 
  90      05E27117 
  91 04a5 0D44223C 		.ascii	"\015D\"<\362\216\\\032\020XC\315_Ti\344\301F\037\326"
  91      F28E5C1A 
  91      105843CD 
  91      5F5469E4 
  91      C1461FD6 
  92 04b9 E51B1A7D 		.ascii	"\345\033\032}\333\315.\012\330\270o\246\266,OQ\307\335"
  92      DBCD2E0A 
  92      D8B86FA6 
  92      B62C4F51 
  92      C7DD
  93 04cb 0A00DFEA 		.ascii	"\012\000\337\352\34347m\263g-g\366\254\353\352\354Y"
  93      E334376D 
  93      B3672D67 
  93      F6ACEBEA 
  93      EC59
  94 04dd 6F2CEA06 		.ascii	"o,\352\006\316\354\331\330\025\331c+\314&\\\2303\347"
  94      CEECD9D8 
  94      15D9632B 
  94      CC265C98 
  94      33E7
  95 04ef F755A6CA 		.ascii	"\367U\246\312%\2727}\011\224w\2650\025\2060\225\270"
  95      25BA377D 
  95      099477B5 
  95      30158630 
  95      95B8
  96 0501 301657BE 		.ascii	"0\026W\276\353\012aDw\363}x$O_r\2508|#\271\237\336\372"
  96      EB0A6144 
  96      77F37D78 
  96      244F5F72 
  96      A8387C23 
  97 0519 3D8DFFB4 		.ascii	"=\215\377\264`3_m\252\342\313\350j\2746\035=?\265N?"
  97      60335F6D 
  97      AAE2CBE8 
  97      6ABC361D 
  97      3D3FB54E 
  98 052e 553A4560 		.ascii	"U:E`\213\216q\212\347\264`\253\261Z\333\370j\323v>\222"
  98      8B8E718A 
  98      E7B460AB 
ARM GAS  /tmp/cczIMEmO.s 			page 8


  98      B15ADBF8 
  98      6AD3763E 
  99 0543 1D586D32 		.ascii	"\035Xm2{\216o\325\221\025Cb\025cgT\305\210*D2+D\273"
  99      7B8E6FD5 
  99      91154362 
  99      15636754 
  99      C5882A44 
 100 055b F05A751B 		.ascii	"\360Zu\033\353Rc\3512I\302o\353Q\263\325\030f\210\035"
 100      EB5263E9 
 100      3249C26F 
 100      EB51B3D5 
 100      1866881D 
 101 056f B03A39FA 		.ascii	"\260:9\372\201\"\321\311\261\317#N&\2471\025\361\240"
 101      8122D1C9 
 101      B1CF234E 
 101      26A73115 
 101      F1A0
 102 0581 CB62C950 		.ascii	"\313b\311P\323\016\240\212\3364y\341\245\356\3329\235"
 102      D30EA08A 
 102      DE3479E1 
 102      A5EEDA39 
 102      9D
 103 0592 08BBF566 		.ascii	"\010\273\365f\321\272l\267\2635\331\0235:,Y'A\361\321"
 103      D1BA6CB7 
 103      B335D913 
 103      353A2C59 
 103      2741F1D1 
 104 05a6 DB4BB443 		.ascii	"\333K\264CB\011(\354\245Q\207\204\034\220<ws-\220f\252"
 104      420928EC 
 104      A5518784 
 104      1C903C77 
 104      732D9066 
 105 05bb 18187858 		.ascii	"\030\030xX\305\3577\317\035\226\316\3746\367\357<b\023"
 105      C5EF37CF 
 105      1D96CEFC 
 105      36F7EF3C 
 105      6213
 106 05cd D01B09D6 		.ascii	"\320\033\011\326\256\360\033O\206\270\375V\217\011E"
 106      AEF01B4F 
 106      86B8FD56 
 106      8F0945
 107 05dc F598903D 		.ascii	"\365\230\220=\356P\217\011E\313v\211nD\216w\230\037"
 107      EE508F09 
 107      45CB7689 
 107      6E448E77 
 107      981F
 108 05ee F876987D 		.ascii	"\370v\230}|u\371G|\207in\332|\322\255\377j\204B\255"
 108      7C75F947 
 108      7C87696E 
 108      DA7CD2AD 
 108      FF6A8442 
 109 0603 2E4435E5 		.ascii	".D5\345\330a\366\033;\314\001\276\035\246\216\217\244"
 109      D861F61B 
 109      3BCC01BE 
 109      1DA68E8F 
 109      A4
 110 0614 1EDB614C 		.ascii	"\036\333aL\236ws\251\207\300\320\217\255[:\204\204;"
ARM GAS  /tmp/cczIMEmO.s 			page 9


 110      9E7773A9 
 110      87C0D08F 
 110      AD5B3A84 
 110      843B
 111 0626 D9EB5DEC 		.ascii	"\331\353]\354\265?{\035\240F\2449\220\3203\032s\222"
 111      B53F7B1D 
 111      A046A439 
 111      90D0331A 
 111      7392
 112 0638 4795B2BB 		.ascii	"G\225\262\273Y);\030#\246\254\247X,\301\0222+\262\312"
 112      59293B18 
 112      23A6ACA7 
 112      582CC112 
 112      322BB2CA 
 113 064c C23581C8 		.ascii	"\3025\201\310**\357\200\201\366\003,\271j\372!\210@"
 113      2A2AEF80 
 113      81F6032C 
 113      B96AFA21 
 113      8840
 114 065e 7AB92BEF 		.ascii	"z\271+\357\345\030\257\336V\275r\2761\374\243\245{\240"
 114      E518AFDE 
 114      56BD72BE 
 114      31FCA3A5 
 114      7BA0
 115 0670 DE058774 		.ascii	"\336\005\207t\336z\227\006l\375\355\2110?\3427\006\246"
 115      DE7A9706 
 115      6CFDED89 
 115      303FE237 
 115      06A6
 116 0682 F9639CF6 		.ascii	"\371c\234\366\263\356\224\257\273\300\321\335y\212\037"
 116      B3EE94AF 
 116      BBC0D1DD 
 116      798A1F
 117 0691 E64BF106 		.ascii	"\346K\361\006\276\304h\304S\274|\376\027\372\367\333"
 117      BEC468C4 
 117      53BC7CFE 
 117      17FAF7DB 
 118 06a1 360A4DBA 		.ascii	"6\012M\272\304m<\031~\304\310\360f\276\014?\312\007"
 118      C46D3C19 
 118      7EC4C8F0 
 118      66BE0C3F 
 118      CA07
 119 06b3 720CCB70 		.ascii	"r\014\313p\223\347\316\305\377\211O\374\343|>\237\300"
 119      93E7CEC5 
 119      FF894FFC 
 119      E37C3E9F 
 119      C0
 120 06c4 C56F68DB 		.ascii	"\305oh\333\325$h\352\267R8\2513\264\362\250\177\312"
 120      D52468EA 
 120      B75238A9 
 120      33B4F2A8 
 120      7FCA
 121 06d6 50FF349F 		.ascii	"P\3774\237\372g\370H~\306\3247yN\372\244\373\373\247"
 121      FA67F848 
 121      7EC6D437 
 121      794EFAA4 
 121      FBFBA7
ARM GAS  /tmp/cczIMEmO.s 			page 10


 122 06e9 07076449 		.ascii	"\007\007dI9\005\376\307_\032\225\355\367+\205\001id"
 122      3905FEC7 
 122      5F1A95ED 
 122      F72B8501 
 122      6964
 123 06fb 8E2F4FC9 		.ascii	"\216/O\311%\017{G\027\214Q\274c}\001o\366\260A\303\207"
 123      250F7B47 
 123      178C51BC 
 123      637D016F 
 123      F6B041C3 
 124 0710 663F36C8 		.ascii	"f?6\310\233=\3047\264\340\336\354\261c\375\3361\276"
 124      9B3DC437 
 124      B4E0DEEC 
 124      B163FDDE 
 124      31BE
 125 0722 DCDC3C65 		.ascii	"\334\334<e|N\241\342\015\016}\306\353\313\037\341\015"
 125      7C4EA1E2 
 125      0D0E7DC6 
 125      EBCB1FE1 
 125      0D
 126 0733 16068617 		.ascii	"\026\006\206\027*\257\006\025\177 c4y\024\037\237\243"
 126      2AAF0615 
 126      7F206334 
 126      79141F9F 
 126      A3
 127 0744 3E3DA9E4 		.ascii	">=\251\344\345\025<[P\230\227\353\035\255\276\035\257"
 127      E5153C5B 
 127      509897EB 
 127      1DADBE1D 
 127      AF
 128 0755 BE1D3E26 		.ascii	"\276\035>&\307\037P\0123F\220\007:\332\245!\341\213"
 128      C71F500A 
 128      33469007 
 128      3ADAA521 
 128      E18B
 129 0767 5952305F 		.ascii	"YR0_\2310V\031\021Pr%e\234\222\037\220\012\225\021\212"
 129      99305619 
 129      11507225 
 129      659C921F 
 129      900A9511 
 130 077c 6F9C929B 		.ascii	"o\234\222\233%eNH\317|\3609\017\021d\017q\245<=\364"
 130      25654E48 
 130      CF7CF039 
 130      0F11640F 
 130      71A53C3D 
 131 0791 19D24B96 		.ascii	"\031\322K\226\372\007\375\312\310`^\276\342\367gI\351"
 131      FA07FDCA 
 131      C8605EBE 
 131      E2F76749 
 131      E9
 132 07a2 2307A84D 		.ascii	"#\007\250M\303XS\357\250\251\374\201\234@\320\357!\275"
 132      C35853EF 
 132      A8A9FC81 
 132      9C40D0EF 
 132      21BD
 133 07b4 B2A4977D 		.ascii	"\262\244\227}\001fH\032\347+\310\313\011\370\012\362"
 133      0166481A 
ARM GAS  /tmp/cczIMEmO.s 			page 11


 133      E72BC8CB 
 133      09F80AF2 
 134 07c4 3DE4862C 		.ascii	"=\344\206,)W\311\311\315\363\345+"
 134      2957C9C9 
 134      CDF3E52B 
 135 07d0 919793D9 		.ascii	"\221\227\223\331\344\351\376\360\204\203\331\204\256"
 135      E4E9FEF0 
 135      8483D984 
 135      AE
 136 07dd 9427D9F3 		.ascii	"\224'\331\363\300\230.\277\222_0>_\012\024\372F\215"
 136      C0982EBF 
 136      925F303E 
 136      5F0A14FA 
 136      468D
 137 07ef 625347FB 		.ascii	"bSG\373\355!\251\317\247\007_\220\302\003\037\366\220"
 137      ED21A9CF 
 137      A7075F90 
 137      C2031FF6 
 137      90
 138 0800 9E1DFF49 		.ascii	"\236\035\377I\341y\030\315\277\344B/\247"
 138      E17918CD 
 138      BFE4422F 
 138      A7
 139              		.text
 140              		.section	.gnu.lto_.inline.d70710ac7c427607,"e",%progbits
 141 0000 789CAD54 		.ascii	"x\234\255T\277O\333@\024\376\356\335\3311\011-Q\312"
 141      BF4FDB40 
 141      14FEEEDD 
 141      D931092D 
 141      51CA
 142 0012 80048317 		.ascii	"\200\004\203\027\324\001\211\277\241\177\201\377\210"
 142      D40189BF 
 142      A17F81FF 
 142      88
 143 001f 3451D32E 		.ascii	"4Q\323.\260\261UF0G^ 2CAb\250\332\261\331Z\220`\351"
 143      B0B15546 
 143      30475E20 
 143      32434162 
 143      A8DAB1D9 
 144 0037 50A58C48 		.ascii	"P\245\214H\225\242\252\035\312\002\022R\367J}wgc'q~"
 144      95A2AA1D 
 144      CA021252 
 144      F74A7D77 
 144      67632771 
 145 004c A9B5AC7B 		.ascii	"\251\265\254{\237\337\273\367\343\336=\177\036\004v"
 145      9FDFBBF7 
 145      E3DE3D7F 
 145      1E0476
 146 005b 5C3C3C25 		.ascii	"\\<<%`\343k\334\375L-\307\205\277\325\221\242\275w\377"
 146      60E36BDC 
 146      FD4C2DC7 
 146      85BFD591 
 146      A2BD77FF 
 147 006f DD6BCB63 		.ascii	"\335k\313c\311;\305G\261\012\370\333F\322\240\231\330"
 147      C93BC547 
 147      B10AF8DB 
 147      46D2A099 
ARM GAS  /tmp/cczIMEmO.s 			page 12


 147      D8
 148 0080 FCC9A8B7 		.ascii	"\374\311\250\267\215\204/\300\037\274p\370\3350\014"
 148      8D842FC0 
 148      1FBC70F8 
 148      DD300C
 149 008f 5F336211 		.ascii	"_3b\021R\203@P\026\342\031\334\270{\323\223u\005\365"
 149      52834050 
 149      16E219DC 
 149      B87BD393 
 149      7505F5
 150 00a2 A00C45AA 		.ascii	"\240\014E\252\255\242\252\313\242\012\030\0108\217\265"
 150      ADA2AACB 
 150      A20A1808 
 150      388FB5
 151 00b1 545A9583 		.ascii	"TZ\225\203\332\252\022\253\312\254\011tkzK\024D\001"
 151      DAAA12AB 
 151      CAAC0974 
 151      6B7A4B14 
 151      4401
 152 00c3 61ED2AEE 		.ascii	"a\355*\356^\313\027B\012\177Kl\256Bp\261Fp\231\312\341"
 152      5ECB1742 
 152      0A7F4B6C 
 152      AE4270B1 
 152      467099CA 
 153 00d8 E4179C1D 		.ascii	"\344\027\234\035%\013\362eV\363e&\361\241t\320i\351"
 153      250BF265 
 153      56F36526 
 153      F1A174D0 
 153      69E9
 154 00ea 1D54EF4E 		.ascii	"\035T\357N\177\276\343\244\240\032\367\341\204\232\003"
 154      7FBEE3A4 
 154      A01AF7E1 
 154      849A03
 155 00f9 8D48EA67 		.ascii	"\215H\352g\177\363\220\216\230\002Q\326\310\256%,\260"
 155      7FF3908E 
 155      980251D6 
 155      C8AE252C 
 155      B0
 156 010a CF0F6A71 		.ascii	"\317\017jq\0342\356\317\207\343\330\2156Z\024\344\235"
 156      1C32EECF 
 156      87E3D88D 
 156      365A14E4 
 156      9D
 157 011b BDB55DF5 		.ascii	"\275\265]\365\366b\377\210^9\212\354\321\311\036\335"
 157      F662FF88 
 157      5E398AEC 
 157      D1C91EDD 
 158 012b DC9039BF 		.ascii	"\334\2209\277\363\233\372\037\276E\324\342\253\213\377"
 158      F39BFA1F 
 158      BE45D4E2 
 158      AB8BFF
 159 013a 742EA939 		.ascii	"t.\2519\266\001\336A\377\315{\331\200\257c\253G\274"
 159      B601DE41 
 159      FFCD7BD9 
 159      80AF63AB 
 159      47BC
 160 014c 48200A32 		.ascii	"H \0122$\027u!\3741F\2465\2326\032\017w)kh\261v\\\214"
ARM GAS  /tmp/cczIMEmO.s 			page 13


 160      24177521 
 160      FC3146A6 
 160      359A361A 
 160      0F77296B 
 161 0165 69B986E5 		.ascii	"i\271\206\345P\275f2\212t\377+\337\254\275(\264\247"
 161      50BD6632 
 161      8A74FF2B 
 161      DFACBD28 
 161      B4A7
 162 0177 FA0259D4 		.ascii	"\372\002Y\324\367d\222\022a\2074\033W\215Ro\323Y\307"
 162      F7649212 
 162      6187341B 
 162      578D526F 
 162      D359C7
 163 018a 0EDB8448 		.ascii	"\016\333\204H\323LzJ'\317\277\267l\257pf\350\330\353"
 163      D34C7A4A 
 163      27CFBFB7 
 163      6CAF7066 
 163      E8D8EB
 164 019d 46E9C95C 		.ascii	"F\351\311\\\372(\230\305P\306\012S\300\241\246\200\202"
 164      FA2898C5 
 164      50C60A53 
 164      C0A1A680 
 164      82
 165 01ae FF400933 		.ascii	"\377@\0113\355\365\231(\300\336\223\341\225\211\015"
 165      EDF59928 
 165      C0DE93E1 
 165      95890D
 166 01bd A8E00B7E 		.ascii	"\250\340\013~\365\342[\371R\014S\352:s\346YB\251g\243"
 166      F5E25BF9 
 166      520C53EA 
 166      3A73E659 
 166      42A967A3 
 167 01d1 94FA94CD 		.ascii	"\224\372\224\315\347\011\245\236\017RjZ\024\312\006"
 167      E709A59E 
 167      0F526A5A 
 167      14CA06
 168 01e0 34E7A7D4 		.ascii	"4\347\247\324\321\001\310~2F# \033\274\212nn\33147\367"
 168      D101C87E 
 168      32462320 
 168      1BBC8A6E 
 168      6ED93437 
 169 01f5 FE0B45E3 		.ascii	"\376\013E\343/\347\333\330\321"
 169      2FE7DBD8 
 169      D1
 170              		.text
 171              		.section	.gnu.lto_.pureconst.d70710ac7c427607,"e",%progbits
 172 0000 789CE360 		.ascii	"x\234\343``d\020c```g\230\301\3024\213\205u\027+\373"
 172      60641063 
 172      60606067 
 172      98C1C234 
 172      8B857517 
 173 0016 2E568E99 		.ascii	".V\216\231,\\3Y\270g\261\000\0007\324\004\342"
 173      2C5C3359 
 173      B867B100 
 173      0037D404 
 173      E2
ARM GAS  /tmp/cczIMEmO.s 			page 14


 174              		.text
 175              		.section	.gnu.lto_urtSrtRequestCalculateUsefulness.d70710ac7c427607,"e",%progbits
 176 0000 789C8D95 		.ascii	"x\234\215\225[p\023U\030\307\317\267g7\273I\266\330"
 176      5B701355 
 176      18C7CFB7 
 176      6737BB49 
 176      B6D8
 177 0012 5A50B13A 		.ascii	"ZP\261:\246\017L\255\203\244\017>\371\240F\344\305\031"
 177      A60F4CAD 
 177      83A40F3E 
 177      F9A046E4 
 177      C519
 178 0024 5FAAEF9D 		.ascii	"_\252\357\2354]lfz3\233\214\343\213l\322(L[\261\305"
 178      345D6C66 
 178      7A339B8C 
 178      E38B6CD2 
 178      284C5BB1 
 179 0039 2A4DC718 		.ascii	"*M\307\030\241SE\274\000\0033L\241\230\224\266\310\245"
 179      A15345BC 
 179      0003334C 
 179      A19894B6 
 179      C8A5
 180 004b 2822147A 		.ascii	"(\"\024z!XJ+\326HA\024\0022\305s\366\222\004\012q3\223"
 180      21584A2B 
 180      D6484114 
 180      0232C573 
 180      F692040A 
 181 0062 CCB9FDBE 		.ascii	"\314\271\375\276\363}\377\363\375'\002\0024  \024F\010"
 181      F37DFFF3 
 181      FD270202 
 181      34202014 
 181      4608
 182 0074 7D4DBE50 		.ascii	"}M\276P\200\200Q\024\345%>(0\014\236\035\211\024\263"
 182      80805114 
 182      E5253E28 
 182      300C9E1D 
 182      8914B3
 183 0087 8A8DEFDE 		.ascii	"\212\215\357\336=\273\222UD\314\260\251\236\251ed\205"
 183      3DBB9255 
 183      44CCB0A9 
 183      9EA96564 
 183      85
 184 0098 EB9CFCEC 		.ascii	"\353\234\374\354\031\262\302\202E?\315eF\026\340\365"
 184      19B2C282 
 184      453FCD65 
 184      4616E0F5 
 185 00a8 11CF087A 		.ascii	"\021\317\010z\004Q\217 0V=\202M\217`\005\273~\332\226"
 185      04518F20 
 185      30563D82 
 185      4D8F6005 
 185      BB7EDA96 
 186 00bc 19D941D4 		.ascii	"\031\331A\324G\"\200:R\004@\353\030\314r\026^\260\332"
 186      4722803A 
 186      520440EB 
 186      18CC7216 
 186      5EB0DA
 187 00cf EC22AC83 		.ascii	"\354\"\254\203\017\361f\014\311P4-n\3041\214\200%\323"
ARM GAS  /tmp/cczIMEmO.s 			page 15


 187      0FF1660C 
 187      C950342D 
 187      6EC4318C 
 187      8025D3
 188 00e2 CEA37B8E 		.ascii	"\316\243{\216\330\350\024\300A\246mg\247w@\371\227$"
 188      D8E814C0 
 188      41A66D67 
 188      A77740F9 
 188      9724
 189 00f4 8292D8DC 		.ascii	"\202\222\330\334\371\302T\363\007-\355\020\303\014\212"
 189      F9C254F3 
 189      072DED10 
 189      C30C8A
 190 0103 90F3FBA1 		.ascii	"\220\363\373\241\004\366A\011\242\037\350\207rr~\242"
 190      04F64109 
 190      A21FE887 
 190      72727EA2 
 191 0113 2338C6E2 		.ascii	"#8\306\342\227\001\221\361'\221\360V\266\254Wi\017)"
 191      970191F1 
 191      2791F056 
 191      B6AC5769 
 191      0F29
 192 0125 89D4F26E 		.ascii	"\211\324\362n%\301\3060\206\003\200\357b\311\032\241"
 192      25C1C630 
 192      860380EF 
 192      62C91AA1 
 193 0135 BF873242 		.ascii	"\277\2072B\\L^9\307\340WUz\373\360\315\240U\247\207"
 193      5C4C5E39 
 193      C7E05755 
 193      7AFBF0CD 
 193      A055A787 
 194 0149 9ED46816 		.ascii	"\236\324h\026\342\213h\226\320\011\225\336\3336\177"
 194      E28B6896 
 194      D00995DE 
 194      DB367F
 195 0158 58C0952A 		.ascii	"X\300\225*\035\357\213/\010\006]\256\321\034\014,\242"
 195      1DEF8B2F 
 195      08065DAE 
 195      D11C0C2C 
 195      A2
 196 0169 39421F54 		.ascii	"9B\037T\351\226\261m\021;\256R\351\326/n}k\320\247V"
 196      E996B16D 
 196      113BAE52 
 196      E9D62F6E 
 196      7D6BD0A7 
 197 017e 6AB40506 		.ascii	"j\264\005\006\027\321\026B\017A\031\242\314\205]\013"
 197      17D11642 
 197      0F4119A2 
 197      CC855D0B 
 198 018e 1F175858 		.ascii	"\037\027XX*\014\225c\030,\2441\020\332q\222K(\013w\326"
 198      2A0C9563 
 198      182CA431 
 198      10DA7192 
 198      4B280B77 
 199 01a3 2B89641A 		.ascii	"+\211d\032::G\236Z\012\004\344\031\372\303\003\255\233"
 199      3A3A479E 
 199      5A0A04E4 
ARM GAS  /tmp/cczIMEmO.s 			page 16


 199      19FAC303 
 199      AD9B
 200 01b5 3C10C9A0 		.ascii	"<\020\311\240\020h\025E@\343\025#\2520j\305\210\352"
 200      10681545 
 200      40E31523 
 200      AA306AC5 
 200      88EA
 201 01c7 CE829240 		.ascii	"\316\202\222@\250\0153\332$H&3\020>?8\233\366\320[\242"
 201      A80D33DA 
 201      24482633 
 201      103E3F38 
 201      9BF6D05B 
 202 01dc 9827B76F 		.ascii	"\230'\267ol\236O\012\364\3310 8\244\277I\033\306\273"
 202      6C9E4F0A 
 202      F4D93020 
 202      38A4BF49 
 202      1BC6BB
 203 01ef 49F70065 		.ascii	"I\367\000e`\016B\375V\015\200\\@P+\216n\033\271c\015"
 203      600E42FD 
 203      560D805C 
 203      40502B8E 
 203      6E1BB963 
 204 0204 43282890 		.ascii	"C((\220\225\036Z\002Y\034\2358t\002z\241\207<\270\025"
 204      951E5A02 
 204      591C9D38 
 204      74027AA1 
 204      873CB815 
 205 0218 0E4318E0 		.ascii	"\016C\030\340\007\032\231\354\354\333\264a\247\245\342"
 205      071A99EC 
 205      ECDBB461 
 205      A7A5E2
 206 0227 3B9A9123 		.ascii	";\232\221#\206mp\204\034\353R\013'\233\341K_\215\333"
 206      866D7084 
 206      1CEB520B 
 206      279BE14B 
 206      5F8DDB
 207 023a 329B7638 		.ascii	"2\233v8\012\025]\230j\001\307\240B\315}u6\217\336\326"
 207      0A155D98 
 207      6A01C7A0 
 207      42CD7D75 
 207      368FDED6 
 208 024e ADFB0B68 		.ascii	"\255\373\013h\036v``$\2238\033\032\375\3649\2327\223"
 208      1E766060 
 208      2493381B 
 208      1AFDF439 
 208      9A3793
 209 0261 82F50E55 		.ascii	"\202\365\016U\315{\262\024#4&\034'i\231+\340\307|\005"
 209      CD7BB214 
 209      2334261C 
 209      2769992B 
 209      E0C77C05 
 210 0275 FCF4E002 		.ascii	"\374\364\340\002\012\340\004-\200\321\366\006N\217\177"
 210      0AE0042D 
 210      80D1F606 
 210      4E8F7F
 211 0284 84E93D1B 		.ascii	"\204\351=\033\324\315%\3603Th\217}\222\304'\007\216"
 211      D4CD25F0 
ARM GAS  /tmp/cczIMEmO.s 			page 17


 211      3354688F 
 211      7D92C427 
 211      078E
 212 0296 C76F5CE7 		.ascii	"\307o\\\347KkcJ\027\331~\210\"\375\203\333\373\226P"
 212      4B6B634A 
 212      17D97E88 
 212      22FD83DB 
 212      FB9650
 213 02a9 A44B450A 		.ascii	"\244KE\012\341\027(\325\220S\032\262\345\332\261\253"
 213      E11728D5 
 213      90531AB2 
 213      E5DAB1AB 
 214 02b9 4C29A321 		.ascii	"L)\243!E\024\231\236<\320'f\221\207\341\264\201\214"
 214      4514999E 
 214      3CD02766 
 214      9187E1B4 
 214      818C
 215 02cb 6AC819A5 		.ascii	"j\310\031\2459\256\312V\014C<\234\201\222\030^\252\012"
 215      39AECA56 
 215      0C433C9C 
 215      8192185E 
 215      AA0A
 216 02dd C7ED6ADF 		.ascii	"\307\355j\3379\203\250r\370\177\224;kZ\271\261\007+"
 216      3983A872 
 216      F87F943B 
 216      6B5AB9B1 
 216      072B
 217 02ef B70CC655 		.ascii	"\267\014\306U\345t\354`\313\373\243\266\254:\217\300"
 217      E574EC60 
 217      CBFBA3B6 
 217      AC3A8FC0 
 218 02ff 84A1CEA4 		.ascii	"\204\241\316\244iu\316\031\245&M\253s\336@~\245\231"
 218      6975CE19 
 218      A5264DAB 
 218      73DE407E 
 218      A599
 219 0311 E6A861C9 		.ascii	"\346\250a\311\364?\227\202\360}\325x4B\237\026\246t"
 219      F43F9782 
 219      F07DD578 
 219      34429F16 
 219      A674
 220 0323 353ABE19 		.ascii	"5:\276\031_Eu}\014\336\205\0134\320r5\020\177\217\371"
 220      5F45757D 
 220      0CDE850B 
 220      34D07235 
 220      107F8FF9 
 221 0337 E6D258EB 		.ascii	"\346\322X\353a1\327K\0341\337t\246\207\205\373\232\217"
 221      6131D74B 
 221      1C31DF74 
 221      A68785FB 
 221      9A8F
 222 0349 3125F9C5 		.ascii	"1%\371\305|\315:\223\317m\263\031\267\375v\267\333r"
 222      7CCD3A93 
 222      CF6DB319 
 222      B7FD76B7 
 222      DB72
 223 035b ED65356B 		.ascii	"\355e5k\257K\246\233\344\367|\031\317\345\263\327\037"
ARM GAS  /tmp/cczIMEmO.s 			page 18


 223      AF4BA69B 
 223      E4F77C19 
 223      CFE5B3D7 
 223      1F
 224 036c F9EC9532 		.ascii	"\371\354\2252\032\350O\323\015t\331\350\206y\323\015"
 224      1AE84FD3 
 224      0D74D9E8 
 224      8679D30D 
 225 037c 74C540AE 		.ascii	"t\305@\256jH\274{\317&N\263\3270\017\177e\033\312f\332"
 225      6A48BC7B 
 225      CF264EB3 
 225      D7300F7F 
 225      651BCA66 
 226 0391 5ED74C2B 		.ascii	"^\327L+\367w>{\375\223\327^\327\015un\230V'm\224z\323"
 226      F7773E7B 
 226      FD93D75E 
 226      D70D756E 
 226      9856276D 
 227 03a8 B43AB70C 		.ascii	"\264:\267\014\344_\232i\216\032v\323\366\272M\325\310"
 227      E45F9A69 
 227      8E1A76D3 
 227      F6BA4DD5 
 227      C8
 228 03b9 35949835 		.ascii	"5\224\2305T\012\336\373<~{\213n\250b\342)\024\305\205"
 228      540ADEFB 
 228      3C7E7B8B 
 228      6EA862E2 
 228      2914C585 
 229 03cd 515C14C3 		.ascii	"Q\\\024\303\217\243\313\020r\350\033\264}Z1d\377\023"
 229      8FA3CB10 
 229      72E81BB4 
 229      7D5A3164 
 229      FF13
 230 03df 117AD159 		.ascii	"\021z\321Y\333X/9\233\274~\247\353\3655U\225\256\325"
 230      DB582F39 
 230      9BBC7EA7 
 230      EBF53555 
 230      95AED5
 231 03f2 6B9CAED7 		.ascii	"k\234\256\327\274\225\215\317\272\232\232dg\275\267"
 231      BC958DCF 
 231      BA9A9A64 
 231      67BDB7
 232 0401 A6A64E7A 		.ascii	"\246\246Nz\333\355\223\234\201\3127\234\336\006\217"
 232      DBED939C 
 232      81CA379C 
 232      DE068F
 233 0410 33E0F357 		.ascii	"3\340\363W\371\244\267\002\222\354_U\213x}\310\327\271"
 233      F9A4B702 
 233      92EC5F55 
 233      8B787DC8 
 233      D7B9
 234 0422 FD5283E7 		.ascii	"\375R\203\347\0351 Kk\003u\015\222,{\252\005Ou\223\333"
 234      1D31204B 
 234      6B03750D 
 234      922C7BAA 
 234      054F7593 
 235 0437 E7AE979F 		.ascii	"\347\256\227\237X!?\275\"P\376\274\303\335(\277R\375"
ARM GAS  /tmp/cczIMEmO.s 			page 19


 235      58213FBD 
 235      2250FEBC 
 235      C3DD28BF 
 235      52FD
 236 0449 A64B9625 		.ascii	"\246K\226%\237\337\261\326\355\255\223j\320\177\204"
 236      9FDFB1D6 
 236      EDAD936A 
 236      D07F84
 237 0458 D71347   		.ascii	"\327\023G"
 238              		.text
 239              		.section	.gnu.lto__helloworld_masterSetup.d70710ac7c427607,"e",%progbits
 240 0000 789C9555 		.ascii	"x\234\225UoPTU\024\277\347\335\267\357\275\335\226?"
 240      6F505455 
 240      14BFE7DD 
 240      B7EFBDDD 
 240      963F
 241 0012 6516BA56 		.ascii	"e\026\272VKIH\223\373\366C\237\372\024\0213\2163M\223"
 241      4B494893 
 241      FBF6439F 
 241      FA141133 
 241      8E334D93 
 242 0026 7EE8A383 		.ascii	"~\350\243\203\260\311N+\313\354\3424}\311\307\262\203"
 242      B0C94E2B 
 242      CBECE234 
 242      7DC9C7B2 
 242      83
 243 0037 26865614 		.ascii	"&\206V\024,\005+1Xb*\214\016\205 \254 \026\004F\246"
 243      2C052B31 
 243      58622A8C 
 243      0E8520AC 
 243      20160446 
 244 004c 5B222D60 		.ascii	"[\"-`\201h\210\245&6\223\322=\357.\260D\024\355\354"
 244      816888A5 
 244      263693D2 
 244      3DEF2EB0 
 244      4414EDEC 
 245 0060 BEB9F79E 		.ascii	"\276\271\367\236\363;\347w~\347\235\273\012\001rH&\244"
 245      F33BE777 
 245      7EE79DBB 
 245      0A017248 
 245      26A4
 246 0072 9A1092C3 		.ascii	"\232\020\222\303~\240\020\0204M{N.T\004\201\216\365"
 246      7EA01010 
 246      344D7B4E 
 246      2E540481 
 246      8EF5
 247 0084 0696899A 		.ascii	"\006\226\211\232I\256<:\366\264\250\231\251 N\324\216"
 247      49AE3C3A 
 247      F6B4A899 
 247      A9204ED4 
 247      8E
 248 0095 2C672786 		.ascii	",g'\206\262\301\352\247\330\211\010R\324\3330\273\222"
 248      B2C1EAA7 
 248      D8890852 
 248      D4DB30BB 
 248      92
 249 00a6 408EAE64 		.ascii	"@\216\256d\000}\245)@\266\013T4H2l\207=\264\234B\304"
ARM GAS  /tmp/cczIMEmO.s 			page 20


 249      007DA529 
 249      40B60B54 
 249      3448326C 
 249      873DB49C 
 250 00bc 5775C75C 		.ascii	"Wu\307\\J\203\224\200\310\266e=\307\272M\270\005\260"
 250      4A839480 
 250      C8B6653D 
 250      C7BA4DB8 
 250      05B0
 251 00ce B2AD3F5C 		.ascii	"\262\255?\\\335,\246}\242i>-T\336$\035<\326\257\031"
 251      DD2CA67D 
 251      A2693E2D 
 251      54DE241D 
 251      3CD6AF19 
 252 00e2 83542001 		.ascii	"\203T \001\346\336\002\0268\016\026\202\037h\2054\346"
 252      E6DE0216 
 252      380E1682 
 252      1F688534 
 252      E6
 253 00f3 5E5ED311 		.ascii	"^^\323\0211\323L l\3354\376\371\372\324:\035\371\347"
 253      31D34C20 
 253      6CDD34FE 
 253      F9FAD43A 
 253      1DF9E7
 254 0106 7EAAAD0E 		.ascii	"~\252\255\016R\012'\200\316C\2623\206m\203T\346\177"
 254      520A2780 
 254      CE43B233 
 254      866D8354 
 254      E67F
 255 0118 B7BDB8C6 		.ascii	"\267\275\270\306L\327\353\330\366\241\375\215J\024<"
 255      4CD7EBD8 
 255      F6A1FD8D 
 255      4A143C
 256 0127 9854A985 		.ascii	"\230T\251\205\304 \025\241}\001Zd\350\020\244\022\304"
 256      C42015A1 
 256      7D015A64 
 256      E810A412 
 256      C4
 257 0138 5C6ABCF7 		.ascii	"\\j\274\367~\234$\"5$t\022$&)!G\316\032B\332\275\351"
 257      7E9C2422 
 257      35247412 
 257      24262921 
 257      47CE1A42 
 258 014f 1D5A686C 		.ascii	"\035ZhlE\315H\\<0\230A`\017\211\262\207,\001\0060\263"
 258      45CD485C 
 258      3C309841 
 258      600F89B2 
 258      872C0106 
 259 0165 A5424809 		.ascii	"\245BH\011%L&M\004-D\310n*\360M\021\333\214\202\177"
 259      254C264D 
 259      042D44C8 
 259      6E2AF04D 
 259      11DB8C82 
 260 017a A8733220 		.ascii	"\250s2 a\330**\201\215\227\275\233\322\243\2545\200"
 260      61D82A2A 
 260      818D97BD 
 260      9BD2A3AC 
ARM GAS  /tmp/cczIMEmO.s 			page 21


 260      3580
 261 018c 3E70157C 		.ascii	">p\025|\255F\356\000\214Oi\321\365\210\202J\032\365"
 261      AD46EE00 
 261      8C4F69D1 
 261      F588824A 
 261      1AF5
 262 019e 92AA3EED 		.ascii	"\222\252>\355\2356\372\301W\250\260\223Z\344\310\016"
 262      9D36FAC1 
 262      57A8B093 
 262      5AE4C80E 
 263 01ae C3174FF7 		.ascii	"\303\027O\367C\035\324B\220\232\240\023\374\000\035"
 263      431DD442 
 263      909AA013 
 263      FC001D
 264 01bd 5818B31C 		.ascii	"X\030\263\034\177wg\203d?\214\014\254Az\037\234bn\025"
 264      7F776783 
 264      643F8C0C 
 264      AC417A1F 
 264      9C626E15 
 265 01d1 7A65D895 		.ascii	"ze\330\225\361\003\003\246Y\243\031\272\300^A\261X8"
 265      F10303A6 
 265      59A319BA 
 265      C05E41B1 
 265      5838
 266 01e3 0D769D6B 		.ascii	"\015v\235k\306\034\217\272\222\217[\342\220\207\031"
 266      C61C8FBA 
 266      928F5BE2 
 266      908719
 267 01f2 04F81266 		.ascii	"\004\370\022f\210\213\276\360G\317 oa\002vXu\271\376"
 267      888BBEF0 
 267      47CF206F 
 267      61027658 
 267      75B9FE
 268 0205 C6322E80 		.ascii	"\3062.\2001\341+Fki\005t\377[\001=\213\027\020\017_"
 268      31E12B46 
 268      6B690574 
 268      FF5B013D 
 268      8B17100F 
 269 021a 630102B7 		.ascii	"c\001\002\267\235<?\360\036\305<;uc\002\364\202\235"
 269      9D3C3FF0 
 269      1EC53C3B 
 269      756302F4 
 269      829D
 270 022c 77B38FC5 		.ascii	"w\263\217\305g\016}\355S\267\345\344\227\203Z\0053'"
 270      670E7DED 
 270      53B7E5E4 
 270      97835A05 
 270      3327
 271 023e 22A4B5B3 		.ascii	"\"\244\265\263\2769\036!\025:\344~8\003\311\034\362"
 271      BE391E21 
 271      153AE47E 
 271      3803C91C 
 271      F2
 272 024f 0D871C3E 		.ascii	"\015\207\034>u\355C!Y\340\220\007\020rf\352\203\026"
 272      75ED4321 
 272      59E09007 
 272      107266EA 
ARM GAS  /tmp/cczIMEmO.s 			page 22


 272      8316
 273 0261 790EB20C 		.ascii	"y\016\262\014\372g \337rHsd\2725\001e{\020\372\010\234"
 273      FA6720DF 
 273      72487364 
 273      BA350165 
 273      7B10FA08 
 274 0276 054B902E 		.ascii	"\005K\220.\327\20534\356m\030%\250\034\375\017\345\276"
 274      D7853334 
 274      EE6D1825 
 274      A81CFD0F 
 274      E5BE
 275 0288 5BB272E7 		.ascii	"[\262r\347\026W\356!8\257+\027\205u\354*\016\233\346"
 275      1657EE21 
 275      38AF2B17 
 275      8575EC2A 
 275      0E9BE6
 276 029b D47918C2 		.ascii	"\324y\030\3023\352|\277du~\230)\365\302\222\325\031"
 276      33EA7CBF 
 276      64757E98 
 276      29F5C292 
 276      D519
 277 02ad 98815C44 		.ascii	"\230\201\\D\2461jH\263\357\277a\002\374\377\250FR\000"
 277      A6316A48 
 277      B3EFBF61 
 277      02FCFFA8 
 277      465200
 278 02c0 5B0B8351 		.ascii	"[\013\203Q5\336\371l\300\206\272\256\2007\341G\014\264"
 278      35DEF96C 
 278      C086BAAE 
 278      8037E147 
 278      0CB4
 279 02d2 520F24CF 		.ascii	"R\017$\317\015\033\016Rs\244hB\2307\325Q\001\370\201"
 279      0D1B0E52 
 279      73A46842 
 279      9837D551 
 279      01F881
 280 02e5 1FBD87DF 		.ascii	"\037\275\207\337\252\247\372\240\353\306\030g\030\002"
 280      AAA7FAA0 
 280      EBC61867 
 280      1802
 281 02f3 09228C09 		.ascii	"\011\"\214\011\201a\034\003s\3548Z\026\364\304R\213"
 281      81611C03 
 281      73EC385A 
 281      16F4C452 
 281      8B
 282 0304 ED9ADF93 		.ascii	"\355\232\337\223Up\011+\035Y\330\223\341?J\023\327\006"
 282      5570092B 
 282      1D59D893 
 282      E13F4A13 
 282      D706
 283 0316 E923F093 		.ascii	"\351#\360\223\336\027\236m\341K\255\300\317\370R\033"
 283      DE179E6D 
 283      E14BADC0 
 283      CFF8521B 
 284 0326 B81946D9 		.ascii	"\270\031F\331`\262\272*\273\327!\245X>\212\316'4\320"
 284      60B2BA2A 
 284      BBD721A5 
ARM GAS  /tmp/cczIMEmO.s 			page 23


 284      583E8ACE 
 284      2734D0
 285 0339 70219EA7 		.ascii	"p!\236\247~\224\021\206\261h\342\302\340\320\027\321"
 285      7E941186 
 285      B168E2C2 
 285      E0D017D1 
 286 0349 C4FBC698 		.ascii	"\304\373\306\230\3611\270\254\247\225\242q\307\301\036"
 286      F131B8AC 
 286      A795A271 
 286      C7C11E
 287 0358 1BCCAA07 		.ascii	"\033\314\252\007k\271u\342\252^\\\022;\251E\365\331"
 287      6BB975E2 
 287      AA5E5C12 
 287      3BA945F5 
 287      D9
 288 0369 E19076A3 		.ascii	"\341\220v\243\317\3042\024&\006i2\273\254XuW\242In^"
 288      CFC43214 
 288      26066932 
 288      BBAC5875 
 288      57A2496E 
 289 037e EE6A53A2 		.ascii	"\356jS\242\355\036.\251\2476\014\364\013\313\303{>\201"
 289      ED1E2EA9 
 289      A7360CF4 
 289      0BCBC37B 
 289      3E81
 290 0390 9DC3A65C 		.ascii	"\235\303\246\\9\224\315\357\025!6\347\343\363\012(\344"
 290      3994CDEF 
 290      152136E7 
 290      E3F30A28 
 290      E4
 291 03a1 E53F81B7 		.ascii	"\345?\201\267\344\265\205E0\323j\230\324K\220yC\233"
 291      E4B58545 
 291      30D36A98 
 291      D44B9079 
 291      439B
 292 03b3 CE1DE931 		.ascii	"\316\035\3511\316\032%\270\216\262)x\231\375\3125+\333"
 292      CE1A25B8 
 292      8EB22978 
 292      99FDCA35 
 292      2BDB
 293 03c5 053C2BFD 		.ascii	"\005<+\375\237i~[<M\012\334\3004Fn\253\330s\260Y\037"
 293      9F697E5B 
 293      3C4D0ADC 
 293      C034466E 
 293      ABD873B0 
 294 03db 2A6E94E1 		.ascii	"*n\224\341&\313L\340\026\326\275\330\214?\031\320\377"
 294      26CB4CE0 
 294      16D6BDD8 
 294      8C3F19D0 
 294      FF
 295 03ec 7D7E471F 		.ascii	"}~G\037&\010gW\334\265\227\337\265\251\354\256\275\015"
 295      26086757 
 295      DCB597DF 
 295      B5A9ECAE 
 295      BD0D
 296 03fe 169CBEE2 		.ascii	"\026\234\276\342\273m2?\232f\237\004\230\302w~\015\231"
 296      BB6D323F 
ARM GAS  /tmp/cczIMEmO.s 			page 24


 296      9A669F04 
 296      98C2777E 
 296      0D99
 297 0410 04DFBEF6 		.ascii	"\004\337\276\366\267Wb\350\330KZ`\300;\374\222.\241"
 297      B75762E8 
 297      D84B5A60 
 297      C03BFC92 
 297      2EA1
 298 0422 C067C217 		.ascii	"\300g\302\027\302\355\363j\256{\253C\315w\026\250\351"
 298      C2EDF36A 
 298      AE7BAB43 
 298      CD7716A8 
 298      E9
 299 0433 1B33376D 		.ascii	"\03337mH\317\310T\323_tnp\257M\317\317\367\252Y\370"
 299      48CFC854 
 299      D35F746E 
 299      70AF4DCF 
 299      CFF7AA59 
 300 0448 58E770B9 		.ascii	"X\347p\271\334\257\270=\256\0345\027\227\257\343r\323"
 300      DCAFB83D 
 300      AE1C3517 
 300      97AFE372 
 300      D3
 301 0459 D62C6F81 		.ascii	"\326,o\201\303c\313&b\236;\307!\361\355\252\024\357"
 301      C363CB26 
 301      629E3BC7 
 301      21F1EDAA 
 301      14EF
 302 046b 9A946D69 		.ascii	"\232\224mi\317Z\263\334\336\0276oI\367z\035\236\002"
 302      CF5AB3DC 
 302      DE17366F 
 302      49F77A1D 
 302      9E02
 303 047d EBAB594E 		.ascii	"\353\253YN\227#\207\330m6\225}_sx\362\034.5#\327\271"
 303      972387D8 
 303      6D36957D 
 303      5F7378F2 
 303      1C2E3523 
 304 0493 D9F9D246 		.ascii	"\331\371\322F\325\355U=\005\2523/\333\265-\307\241f"
 304      D5ED553D 
 304      05AA332F 
 304      DBB52DC7 
 304      A166
 305 04a5 E77A1C5B 		.ascii	"\347z\034[\234\336\002\317\033\266\\\362\027\001\016"
 305      9CDE02CF 
 305      1BB65CF2 
 305      17010E
 306 04b4 B9B9     		.ascii	"\271\271"
 307              		.text
 308              		.section	.gnu.lto_chSysUnlock.d70710ac7c427607,"e",%progbits
 309 0000 789C8D94 		.ascii	"x\234\215\224]l\024U\024\307\357\177\356\314\354\354"
 309      5D6C1455 
 309      14C7EF7F 
 309      EECCECEC 
 310 0010 B6855245 		.ascii	"\266\205REM\372\262}\360\201\210\235&$&\276I\232\230"
 310      4DFAB27D 
 310      F081889D 
ARM GAS  /tmp/cczIMEmO.s 			page 25


 310      262426BE 
 310      499A98
 311 0023 F0504CE8 		.ascii	"\360PL\350\243\017F\326\215\335\310v\315.$\362\304t"
 311      A30F46D6 
 311      8DDDC876 
 311      CD2E24F2 
 311      C474
 312 0035 5B6DA104 		.ascii	"[m\241\004\214\306\32056\323X? \321\202\2204J\241lA"
 312      8CC6D035 
 312      36D3583F 
 312      20D18290 
 312      344AA16C 
 313 004a 3E84566B 		.ascii	">\204Vk\351\007\264\330B\261\225\024\204\004y\320h\250"
 313      E907B4D8 
 313      42B19514 
 313      840479D0 
 313      68A8
 314 005c E7DCD95D 		.ascii	"\347\334\331]\246d[\235\354\334\235{\317\271\367\377"
 314      A6645B9D 
 314      ECDC9D7B 
 314      CFB9F7FF 
 315 006c BBFF7367 		.ascii	"\273\377sg,\001q\327\020\342}!\304f\272a\012h\216\343"
 315      2C0171D7 
 315      10E27D21 
 315      C466BA61 
 315      0A688EE3 
 316 0080 BC1468B2 		.ascii	"\274\024h\2624M\016e\216\231\272\0232\216\315\017\276"
 316      344D0E65 
 316      8E99BA13 
 316      328ECD0F 
 316      BE
 317 0091 A83BA552 		.ascii	"\250;\245R\323\037\033\321a\344\262\015@=9\026\304."
 317      D31F1BD1 
 317      61E4B20D 
 317      403D3916 
 317      C42E
 318 00a3 4DEA0676 		.ascii	"M\352\006va\277< q\272u\376;m\335\227\024t\262\007>"
 318      61BF3C20 
 318      71BA75FE 
 318      3B6DDD97 
 318      1474B207 
 319 00b8 AEFCCA19 		.ascii	"\256\374\312\031v\244+\205\310\320\355]8\216uBP\352"
 319      76A42B85 
 319      C8D0ED5D 
 319      388E7542 
 319      50EA
 320 00ca EC370F3F 		.ascii	"\3547\017?*3\365\\\010}0\261d\024bI\232J8A\310\002'"
 320      2A33F55C 
 320      087D30B1 
 320      64146249 
 320      9A4A3841 
 321 00e1 E989FEBA 		.ascii	"\351\211\376\272\2458<bd\235\207\213\255N\366\301g\230"
 321      A5383C62 
 321      649D878B 
 321      AD4EF6C1 
 321      6798
 322 00f3 78750D84 		.ascii	"xu\015\204+\241Q\243Ij\244\316\215A\215nRc\004\270\261"
ARM GAS  /tmp/cczIMEmO.s 			page 26


 322      2BA151A3 
 322      496AA4CE 
 322      8D418D6E 
 322      526304B8 
 323 0108 381AE440 		.ascii	"8\032\344@\210\033!\332\245`\\\035NV\210\275R\363:\315"
 323      881B21DA 
 323      A5605C1D 
 323      4E5688BD 
 323      52F33ACD 
 324 011c D4B983E6 		.ascii	"\324\271\203\346\256S\275\222\225\231\244\363\340\340"
 324      AE53BD92 
 324      9599A4F3 
 324      E0E0
 325 012a 62B005E9 		.ascii	"b\260\005\351&\313\225fFj\204\320\217\026\226\014\250"
 325      26CB9566 
 325      466A84D0 
 325      8F16960C 
 325      A8
 326 013b D41B2F2C 		.ascii	"\324\033/,\223I\"8\225\317\\@\372\304\241\3512N\355"
 326      93492238 
 326      95CF5C40 
 326      FAC4A1E9 
 326      324EED
 327 014e 94BCE37D 		.ascii	"\224\274\343}\315\367\246\255}\344\022y\371\330\\\253"
 327      CDF7A6AD 
 327      7DE41279 
 327      F9D85CAB 
 328 015e 9B5DA0C1 		.ascii	"\233]\240\301\361\251s\303\370\034\335pe\020\003\264"
 328      F1A973C3 
 328      F81CDD70 
 328      651003B4 
 329 016e 14B2A854 		.ascii	"\024\262\250T\221\343\037\264\0351kz\030:\354\312\020"
 329      91E31FB4 
 329      1D316B7A 
 329      183AECCA 
 329      10
 330 017f 4E535A87 		.ascii	"NSZ\207r\224\202-\267\016M\206\012\301\022\234AMG\336"
 330      7294822D 
 330      B70E4D86 
 330      0AC1129C 
 330      414D47DE 
 331 0193 D7F14F06 		.ascii	"\327\361O\006Z\265B\014\370\236c\032W\342,j\210\262"
 331      5AB5420C 
 331      F89E631A 
 331      57E22C6A 
 331      88B2
 332 01a5 79B8151E 		.ascii	"y\270\025\036\244\346q\3767\330\271\225\300\316\257"
 332      A4E671FE 
 332      37D8B995 
 332      C0CEAF
 333 01b4 0476C107 		.ascii	"\004v\301\007606\371\241d\235\266\034\331\017\304#p"
 333      363036F9 
 333      A1649DB6 
 333      1CD90FC4 
 333      2370
 334 01c6 910D24F3 		.ascii	"\221\015$\363\376\311cI\"#\337\337\015{]\235\246\366"
 334      FEC96349 
ARM GAS  /tmp/cczIMEmO.s 			page 27


 334      2223DFDF 
 334      0D7B5D9D 
 334      A6F6
 335 01d8 3D38B9A0 		.ascii	"=8\271\240\020\237qei\206\312/p\211\247Q2E\317\337\373"
 335      109F7165 
 335      6986CA2F 
 335      7089A751 
 335      3245CFDF 
 336 01ed 7D146C34 		.ascii	"}\024l4)a\020\225\256,\023s\204R\233[\200\307\324\021"
 336      29611095 
 336      AE2C1373 
 336      84529B5B 
 336      80C7D411 
 337 0201 DD2BE5FC 		.ascii	"\335+\345\374`f\003\237\001\215\313\025\364\022\214"
 337      6066039F 
 337      018DCB15 
 337      F4128C
 338 0210 FF65C2D0 		.ascii	"\377e\302\320J&\374\270\274\011:~b\0238\210aU\201\202"
 338      4A26FCB8 
 338      BC093A7E 
 338      62133888 
 338      61558182 
 339 0224 B0E93F25 		.ascii	"\260\351?%\272:%\331\311#WW\221d\2237y\025\321\341\347"
 339      BA3A25D9 
 339      C9235757 
 339      91649337 
 339      7915D1E1 
 340 0239 9C68933B 		.ascii	"\234h\223;\363\355#\321\325\030Q\242\272'\332;z\370"
 340      F3ED23D1 
 340      D51851A2 
 340      BA27DA3B 
 340      7AF8
 341 024b 62D0E7FC 		.ascii	"b\320\347\374e\0265\274XW\327\302Di!V\216Q\216\231\014"
 341      651635BC 
 341      5857D7C2 
 341      44692156 
 341      8E518E99 
 342 0260 34B61428 		.ascii	"4\266\024(\340\007B1\240\022:3\030/\012T\216\011\005"
 342      E0074231 
 342      A0123A33 
 342      182F0A54 
 342      8E0905
 343 0273 A416BEE2 		.ascii	"\244\026\276\342\235\265\336|Q-\332m\247\367\226\024"
 343      9DB5DE7C 
 343      512DDA6D 
 343      A7F79614 
 344 0283 0A1DA461 		.ascii	"\012\035\244a_\241C\305\013}\325+t\260HeC\276\312\352"
 344      5FA143C5 
 344      0B7DD52B 
 344      74B04865 
 344      43BECAEA 
 345 0297 7B7AF61B 		.ascii	"{z\366\033\\Yy\007-\341b/\354\232\014\373\201I^\317"
 345      5C597907 
 345      2DE1622F 
 345      EC9A0CFB 
 345      81495ECF 
 346 02ab BFCF0AD5 		.ascii	"\277\317\012\325\365+WtK\317\270\031\347\376P\2107_"
ARM GAS  /tmp/cczIMEmO.s 			page 28


 346      F52B5774 
 346      4BCFB819 
 346      E7FE5088 
 346      375F
 347 02bd EECA2770 		.ascii	"\356\312'p\215O\300Tn\357\177\374v\266\337\342\374\016"
 347      8D4FC054 
 347      6EEF7FFC 
 347      76B6DFE2 
 347      FC0E
 348 02cf B5F90AFC 		.ascii	"\265\371\012\374B\233W\262\230\246<W>\251\260\214G_"
 348      429B57B2 
 348      98A63C57 
 348      3EA9B08C 
 348      475F
 349 02e1 9DDB48CF 		.ascii	"\235\333H\317\3765\3627\274\317\034\304\016?\304Z\005"
 349      FE35F237 
 349      BCCF1CC4 
 349      0E3FC45A 
 349      05
 350 02f2 F1A97BF4 		.ascii	"\361\251{\364\317P\325{p\235\016Z\363)\036\372\372f"
 350      CF50D57B 
 350      709D0E5A 
 350      F3291EFA 
 350      FA66
 351 0304 9F63E9FC 		.ascii	"\237c\351\374M\272\216*\245\3346\367\305\024\217\340"
 351      4DBA8E2A 
 351      A5DC36F7 
 351      C5148FE0 
 352 0314 0674CC30 		.ascii	"\006t\3140\016f\301o\311\301\3763s\245U\273s\263\237"
 352      0E66C16F 
 352      C9C1FE33 
 352      73A555BB 
 352      73B39F
 353 0327 E6DCFB3D 		.ascii	"\346\334\373=G\307J\324\354\233<\033\277B\027w\221\276"
 353      47C74AD4 
 353      EC9B3C1B 
 353      BF421777 
 353      91BE
 354 0339 DE7EFB79 		.ascii	"\336~\373y\305\312W\273\304\"]\022\351,w\237\253\256"
 354      C5CA57BB 
 354      C4225D12 
 354      E92C779F 
 354      ABAE
 355 034b B6E9F756 		.ascii	"\266\351\367V4\331\030\335f\3276\304\266\306^\251\267"
 355      34D918DD 
 355      66D736C4 
 355      B6C65EA9 
 355      B7
 356 035c 13293BB9 		.ascii	"\023);\271\335\2165F\266\355x#jG\032R;S\325\015\342"
 356      DD8E3546 
 356      B6ED7823 
 356      6A471A52 
 356      3B53D50D 
 357 0371 E5E57223 		.ascii	"\345\345r#\211x<\321hG\337\331no\334Rg\327\326\325o"
 357      89783CD1 
 357      6847DFD9 
 357      6E6FDC52 
ARM GAS  /tmp/cczIMEmO.s 			page 29


 357      67D7D6D5 
 358 0386 AAB76B13 		.ascii	"\252\267k\023\311\250\275)\277D<\025K\275\366f$B\313"
 358      C9A8BD29 
 358      BF443C15 
 358      4BBDF666 
 358      2442CB
 359 0399 94D7D56F 		.ascii	"\224\327\325o\011o}=\025};\031[\037~\266FhI\021\210"
 359      096F7D3D 
 359      157D3B19 
 359      5B1F7EB6 
 359      46684911 
 360 03ae 47E389E4 		.ascii	"G\343\211\344N\361/{\013\010c"
 360      4EF12F7B 
 360      0B0863
 361              		.text
 362              		.section	.gnu.lto_aosSysGetUptime.d70710ac7c427607,"e",%progbits
 363 0000 789C7550 		.ascii	"x\234uP\337KTA\030\375\316\235\353\356\372\013\242\307"
 363      DF4B5441 
 363      18FDCE9D 
 363      EBEEFA0B 
 363      A2C7
 364 0012 2C5A2111 		.ascii	",Z!\021)\274\276\364^,\004\006\022\270\177\200\350v"
 364      29BCBEF4 
 364      5E2C0406 
 364      12B87F80 
 364      E876
 365 0024 C9257737 		.ascii	"\311%w7\366\256\220A8\256\013\022\273\324\213\241>,"
 365      F6AE9041 
 365      38AE0B12 
 365      BBD48BA1 
 365      3E2C
 366 0036 D7824DA1 		.ascii	"\327\202M\241\037\226\324CYv\323\3144\213\022\204^\012"
 366      1F96D443 
 366      5976D3CC 
 366      348B1284 
 366      5E0A
 367 0048 53AC20F3 		.ascii	"S\254 \363!z\020\002\355\233{\213Tr\230\201\371\316"
 367      217A1002 
 367      ED9B7B8B 
 367      54729881 
 367      F9CE
 368 005a 77BE3367 		.ascii	"w\2763gN\200@\375\032\321]\":\300\007\202\240I)\217"
 368      4E8040FD 
 368      1AD15D22 
 368      3AC00782 
 368      A049298F 
 369 006e F9BB021A 		.ascii	"\371\273\002\032\340\336d\000\324\251\241\023WD\237"
 369      E0DE6400 
 369      D4A9A113 
 369      57449F
 370 007d C044CFE7 		.ascii	"\300D\317\347\207Z\315\020w\244\323\367~\357-\371V\012"
 370      875ACD10 
 370      77A4D3F7 
 370      7EEF2DF9 
 370      560A
 371 008f 5B100DF0 		.ascii	"[\020\015\360\361\026\036\241\206\211\037\323\371\365"
 371      F1161EA1 
ARM GAS  /tmp/cczIMEmO.s 			page 30


 371      86891FD3 
 371      F9F5
 372 009d B2CBDC03 		.ascii	"\262\313\334\003t.{g\357\317\224\250RC\220\313\241\345"
 372      742E7B67 
 372      EFCF94A8 
 372      524390CB 
 372      A1E5
 373 00af 5C561307 		.ascii	"\\V\023\007A|\037\311\276\353.\255.H\231\226\316\352"
 373      417C1FC9 
 373      BEEB2EAD 
 373      2E489996 
 373      CEEA
 374 00c1 0D210FD9 		.ascii	"\015!\017\331B\340\011\004K\3421*0\206\012\"\306Xz\034"
 374      42E00904 
 374      4BE2312A 
 374      30860A22 
 374      C6587A1C 
 375 00d5 D5A44696 		.ascii	"\325\244F\226\356m\\-\367\351\177^\305S\370\260\015"
 375      EE6D5C2D 
 375      F7E97F5E 
 375      C553F8B0 
 375      0D
 376 00e6 05EDA069 		.ascii	"\005\355\240i[\201\214r?8V\020\356\244\333\334B\306"
 376      5B818C72 
 376      3F385610 
 376      EEA4DBDC 
 376      42C6
 377 00f8 04AB3D83 		.ascii	"\004\253=\203o;8\311\240\243@<\347\033\253\215\314\027"
 377      6F3B38C9 
 377      A0A3403C 
 377      E71BAB8D 
 377      CC17
 378 010a 397263B3 		.ascii	"9rc\263G:k'\257\255T\251\270\\wYAJ^\207t\210rB\363\212"
 378      473A6B27 
 378      AFAD54A9 
 378      B85C7759 
 378      414A5E87 
 379 0124 6E2EBE21 		.ascii	"n.\276!\275ts\376W\271\247\000\212\262\276,|\235vc\321"
 379      BD7473FE 
 379      57B9A700 
 379      8AB2BE2C 
 379      7C9D7663 
 380 0139 51C7E575 		.ascii	"Q\307\345u{t\275\244\362\202-\373\203\266(R\006n/\217"
 380      7B74BDA4 
 380      F2822DFB 
 380      83B62852 
 380      066E2F8F 
 381 014d C980CE0E 		.ascii	"\311\200\316\016\361\002\225\256\245\251\334\207\031"
 381      F10295AE 
 381      A5A9DC87 
 381      19
 382 015a 3F239886 		.ascii	"?#\230\206\216)\225\015^\272\021\017\217O\256\224U^"
 382      8E29950D 
 382      5EBA110F 
 382      8F4FAE94 
 382      555E
 383 016c F4867D8A 		.ascii	"\364\206}\212\372\343\316\350B\251;<\243\2061\013\235"
ARM GAS  /tmp/cczIMEmO.s 			page 31


 383      FAE3CEE8 
 383      42A93B3C 
 383      A386310B 
 383      9D
 384 017d 56D1BDF8 		.ascii	"V\321\275\370\240\367\347>\365#\305\311\017\317m\026"
 384      A0F7E73E 
 384      F523C5C9 
 384      0FCF6D16 
 385 018d 6790EE0A 		.ascii	"g\220\356\012\330\302?\300\311\363\367\011\257\220\001"
 385      D8C23FC0 
 385      C9F3F709 
 385      AF9001
 386 019c 671E50F4 		.ascii	"g\036P\364\301\357Gw!\353\036y\356\0379\263xi\244X\245"
 386      C1EF4777 
 386      21EB1E79 
 386      EE1F39B3 
 386      7869A458 
 387 01b1 BA935D3C 		.ascii	"\272\223]<\300\377!\274V\324\274\320lQ\342J\177\252"
 387      C0FF21BC 
 387      56D4BCD0 
 387      6C51E24A 
 387      7FAA
 388 01c3 FA1F99A5 		.ascii	"\372\037\231\245U\322o\376\352\256!=\370\245\000\227"
 388      55D26FFE 
 388      EAAE213D 
 388      F8A50097 
 389 01d3 AA5656C0 		.ascii	"\252VV\300\2135\355\250r\177m\255\301;\222H\232F4\036"
 389      8B35EDA8 
 389      727F6DAD 
 389      C13B9248 
 389      9A46341E 
 390 01e7 319A1356 		.ascii	"1\232\023V\223\325a\245\314Xm+i\355\251\023^\377\254"
 390      93D561A5 
 390      CC586D2B 
 390      69EDA913 
 390      5EFFAC
 391 01fa 998C9B6D 		.ascii	"\231\214\233mF\2505\332\022=\0256\022\026O\304b\211"
 391      46A835DA 
 391      123D1536 
 391      12164FC4 
 391      6289
 392 020c B8619E4F 		.ascii	"\270a\236O\031\307\033\033\214PC\270>l\204\224L}<\322"
 392      19C71B1B 
 392      8C5043B8 
 392      3E6C8494 
 392      4C7D3CD2 
 393 0220 D67EDA34 		.ascii	"\326~\3324\"1+j5\235\211DXiOC\2701\330\322l\231\347"
 393      22312B6A 
 393      359D8944 
 393      58694F43 
 393      B831D8D2 
 394 0237 92D123C1 		.ascii	"\222\321#\301\252:\322\222\344\217\231\261D\262\203"
 394      AA3AD292 
 394      E48F99B1 
 394      44B283
 395 0246 0EEFF644 		.ascii	"\016\357\366D2\245,yZ\255l\212u~\003\273a\004\311"
 395      32A52C79 
ARM GAS  /tmp/cczIMEmO.s 			page 32


 395      5AAD6C8A 
 395      757E03BB 
 395      6104C9
 396              		.text
 397              		.section	.gnu.lto__helloworld_masterLoop.d70710ac7c427607,"e",%progbits
 398 0000 789C9D7C 		.ascii	"x\234\235|w\\\026W\326\377\2753\3173\017 `A\215\212"
 398      775C1657 
 398      D6FFBD33 
 398      CF330F20 
 398      60418D8A 
 399 0014 0534C612 		.ascii	"\0054\306\022\013FcMbLb\352&\233M\331\354f7\233u\225"
 399      0B46634D 
 399      624C62EA 
 399      269B4DD9 
 399      EC66379B 
 400 002a 2426468D 		.ascii	"$&F\215b\366\375}>\373y\367\261b\301\032\001Q\021\224"
 400      62F6FD7D 
 400      3EFB79F7 
 400      B162C11A 
 400      01511194 
 401 003e D86389D8 		.ascii	"\330c\211\330P\020\004T\244\010\"\240\242b\005\261\001"
 401      50100454 
 401      A40822A0 
 401      A26205B1 
 401      01
 402 004f F68EEF3D 		.ascii	"\366\216\357=\267Ly\3128\376\374c\234g\356=\347\236"
 402      B74C79CA 
 402      38FEFC63 
 402      9C67EE3D 
 402      E79E
 403 0061 F33DE59E 		.ascii	"\363=\345\23693\203\017\302\250\323w\010]\300\010}\342"
 403      3933830F 
 403      C2A8D377 
 403      085DC008 
 403      7DE2
 404 0073 4008FF8C 		.ascii	"@\010\377\214\260\344t:_wL\364\221$\271*?.\310\346\364"
 404      B0E4743A 
 404      5F774CF4 
 404      9124B92A 
 404      3F2EC8E6 
 405 0088 732C4EAE 		.ascii	"s,N\256\352fs\372\313\222\355j\322\331f\344\212}\341"
 405      EA6673FA 
 405      CB92ED6A 
 405      D2D966E4 
 405      8A7DE1
 406 009b C9655DC9 		.ascii	"\311e]\311\025\033V\370l\273z\246`\007?sH>37\316\205"
 406      151B56F8 
 406      6CBB7AA6 
 406      60073F73 
 406      483E3337 
 407 00b1 F9DDEF1C 		.ascii	"\371\335\357\034\256\203\371>\222/\277\022\310\257\370"
 407      AE83F93E 
 407      922FBF12 
 407      C8AFF8
 408 00c0 4A7E6476 		.ascii	"J~dv\010\271\022\300\376\367\367\223\032\360U\374\371"
 408      08B912C0 
 408      FEF7F793 
ARM GAS  /tmp/cczIMEmO.s 			page 33


 408      1AF055FC 
 408      F9
 409 00d1 2A0D7000 		.ascii	"*\015p\000\347\350\257\236\005\340@~\026(5\344<\233"
 409      E7E8AF9E 
 409      05E0407E 
 409      162835E4 
 409      3C9B
 410 00e3 729E0DA5 		.ascii	"r\236\015\245F\234g\020\347\331Hj\314y6\341<\033\343"
 410      469C6710 
 410      E7D9486A 
 410      CC7936E1 
 410      3C1BE3
 411 00f6 204EDF44 		.ascii	" N\337D=\013\302M\371YS\251\031\347\331\231\363l&5\347"
 411      3D0BC24D 
 411      F95953A9 
 411      19E7D999 
 411      F36C2635 
 412 010b 68B4E268 		.ascii	"h\264\342h4\227\236\343<[p\236\317\341\226\234\276\205"
 412      34979EE3 
 412      3C5B709E 
 412      CFE1969C 
 412      BE85
 413 011d 7AD612B7 		.ascii	"z\326\022\267\342g\255\244`\316\263\035\347\031,\265"
 413      E267ADA4 
 413      60CEB31D 
 413      E7192CB5 
 414 012d E61CDA70 		.ascii	"\346\034\332p\016\255q[>\273\215z\326\026\267\343g\355"
 414      0EAD715B 
 414      3EBB8D7A 
 414      D616B7E3 
 414      67ED
 415 013f A4103E3F 		.ascii	"\244\020>?\224\317\017\301\241|,Tj\317\307:\360\261"
 415      94CF0FC1 
 415      A17C2C54 
 415      6ACFC73A 
 415      F0B1
 416 0151 F6B8031F 		.ascii	"\366\270\003\037\353 =\317\307:\362\261\347qG>\326Q"
 416      EB203DCF 
 416      C73AF2B1 
 416      E771473E 
 416      D651
 417 0163 7A818F75 		.ascii	"z\201\217u\342c/\340N|\254\023\356\314\317:K]8\242\335"
 417      E2632FE0 
 417      4E7CAC13 
 417      EECCCF3A 
 417      4B5D38A2 
 418 0178 38A25DA4 		.ascii	"8\242]\244\256\234\356EN\327\025w\343\263_T\317\272"
 418      AE9CEE45 
 418      4ED71577 
 418      E3B35F54 
 418      CFBA
 419 018a E1EEFCAC 		.ascii	"\341\356\374\254\273\324\203s\370\211s\350!\365dH\372"
 419      BBD48373 
 419      F88973E8 
 419      21F56448 
 419      FA
 420 019b BDC190F5 		.ascii	"\275\301\220\365\357)\205\335O\370\265\035\271\322+"
ARM GAS  /tmp/cczIMEmO.s 			page 34


 420      EF2985DD 
 420      4FF8B51D 
 420      B9D22B
 421 01aa F2CC0998 		.ascii	"\362\314\011\230\023\206{q\372^\322K\234\376\015N\377"
 421      13867B71 
 421      FA5ED24B 
 421      9CFE0D4E 
 421      FF
 422 01bb 92D49B4B 		.ascii	"\222\324\233K\320\207K\320\033\277\314g\367Q\317^\266"
 422      D0874BD0 
 422      1BBFCC67 
 422      F751CF5E 
 422      B6
 423 01cc 0D26678D 		.ascii	"\015&g\215\024\247O_\376\377\000\376\377+\342\272\324"
 423      14A74F5F 
 423      FEFF00FE 
 423      FF2BE2BA 
 423      D4
 424 01dd 8FF3E9CF 		.ascii	"\217\363\351\317\371\364\303op\352\376\352\331\000i"
 424      F9F4C36F 
 424      70EAFEEA 
 424      D90069
 425 01ec 209F3588 		.ascii	" \2375\210\317\032\250\216\015R\317^\221^\345\263^\343"
 425      CF1AA88E 
 425      0D52CF5E 
 425      915EE5B3 
 425      5EE3
 426 01fe B35E55C7 		.ascii	"\263^U\307^S\317\006K\257\363YC\370\254\014\244\016"
 426      5E53CF06 
 426      4BAFF359 
 426      43F8AC0C 
 426      A40E
 427 0210 EED54E33 		.ascii	"\356\325N3\221\364&\207\350K\016Q\026\222\336\342\030"
 427      91F42687 
 427      E84B0E51 
 427      1692DEE2 
 427      18
 428 0221 0DE51865 		.ascii	"\015\345\030e#<\224\023\354C\322\333\034\245/9J\373"
 428      233C9413 
 428      EC43D2DB 
 428      1CA52F39 
 428      4AFB
 429 0233 91F40E5F 		.ascii	"\221\364\016_\354]\276\330\001\204\337\343\0049\332"
 429      EC5DBED8 
 429      0184DFE3 
 429      0439DA
 430 0242 E94164FB 		.ascii	"\351Ad\373\202#\362>\377\377O\374\377\317\370\377\271"
 430      8223F23E 
 430      FFFF4FFC 
 430      FFCFF8FF 
 430      B9
 431 0253 48FA80F3 		.ascii	"H\372\200\363\372\210\363\312C\322\207|\305?\360\025"
 431      FA88F3CA 
 431      43D2877C 
 431      C53FF015 
 432 0263 F311FE90 		.ascii	"\363\021\376\220\363,@\370K~z\010I\037\363\211\177\344"
 432      F32C40F8 
ARM GAS  /tmp/cczIMEmO.s 			page 35


 432      4B7E7A08 
 432      491FF389 
 432      7FE4
 433 0275 130B11FE 		.ascii	"\023\013\021\376\230\217\026i\023\017#\351\023\276\310"
 433      988F1669 
 433      130F23E9 
 433      13BEC8
 434 0284 A77C9162 		.ascii	"\247|\221bm\364\210vZ\202\244\317\371\304?\363\211\245"
 434      6DF48876 
 434      5A82A4CF 
 434      F9C43FF3 
 434      89A5
 435 0296 DA689976 		.ascii	"\332h\231vz\024I\177\341\023\377\312'\036\323F\217k"
 435      7A14497F 
 435      E113FFCA 
 435      271ED346 
 435      8F6B
 436 02a8 A7E548FA 		.ascii	"\247\345H\372\033\307;\234\343}\002I\177\347x\177\305"
 436      1BC73B9C 
 436      E37D0249 
 436      7FE7787F 
 436      C5
 437 02b9 F13E89F0 		.ascii	"\361>\211\360W\234\340\024\222\376\301\225\012\347J"
 437      579CE014 
 437      92FEC195 
 437      0AE74A
 438 02c8 5520E96B 		.ascii	"U \351k\227K\247\221\364O\276\3760\276\376\031\204\377"
 438      974BA791 
 438      F44FBEFE 
 438      30BEFE19 
 438      84FF
 439 02da C5799CD5 		.ascii	"\305y\234\325N\317!i8\2378\202O<\217p8\037\275\240\235"
 439      4ECF2169 
 439      389F3882 
 439      4F3C8F70 
 439      381FBDA0 
 440 02ef 5622E91B 		.ascii	"V\"\351\033.\350X.h\025\222\276\345\202~\307\005\275"
 440      2EE8582E 
 440      681592BE 
 440      E5827EC7 
 440      05BD
 441 0301 88F0779C 		.ascii	"\210\360w\234\240\032I#\271Tc\271T\227\220\364\275\313"
 441      A01A4923 
 441      B95463B9 
 441      549790F4 
 441      BDCB
 442 0313 A5CB48FA 		.ascii	"\245\313H\372\201\257?\212\257\177\005\341\0379\217"
 442      81AF3F8A 
 442      AF7F05E1 
 442      1F398F
 443 0322 ABDAE935 		.ascii	"\253\332\3515$\215\346\023\307\360\2115\010\217\345"
 443      248DE613 
 443      C7F08935 
 443      088FE5
 444 0331 A3B5DA69 		.ascii	"\243\265\332i\035\302?\361\323\353H\032\307\327\233"
 444      1DC23FF1 
 444      D3EB481A 
ARM GAS  /tmp/cczIMEmO.s 			page 36


 444      C7D79B
 445 0340 C0D7BB81 		.ascii	"\300\327\273\201\244\361\234M\004gs\023\341\011\234"
 445      A4F19C4D 
 445      04677313 
 445      E1099C
 446 034f E096767A 		.ascii	"\340\226vz\033aLO\235>\030\375W\222mv\305\341\343\353"
 446      1B614C4F 
 446      9D3E18FD 
 446      57926D76 
 446      C5E1E3EB 
 447 0363 D7C03F20 		.ascii	"\327\300? \260a\243\306M\202\2326k\376\\\213\226\255"
 447      B061A3C6 
 447      4D829A36 
 447      6BFE5C8B 
 447      96AD
 448 0375 825BB769 		.ascii	"\202[\267i\333.$\264}\207\347;\276\320\251s\227\256"
 448      DB2E24B4 
 448      7D87E73B 
 448      BED0A973 
 448      97AE
 449 0387 2F76EBDE 		.ascii	"/v\353\336\243gX\257\227z\367y\271o\277\376\003\006"
 449      A36758AF 
 449      977AF779 
 449      B96FBFFE 
 449      0306
 450 0399 0E7AE5D5 		.ascii	"\016z\345\325\327\006g\240\275(\023e\241l\264\017\355"
 450      D70667A0 
 450      BD281365 
 450      A16CB40F 
 450      ED
 451 03aa 4707500E 		.ascii	"G\007P\016:\210rQ\036\312G\005\350\020*DE\3500*FGP\011"
 451      3A887251 
 451      1ECA4705 
 451      E8102A44 
 451      45E8302A 
 452 03c2 2A4565E8 		.ascii	"*Ee\350(:\206\216\243rt\002\235D\247P\005:\215\316\240"
 452      283A868E 
 452      A3727402 
 452      9D44A750 
 452      053A8DCE 
 453 03d7 B3E81C3A 		.ascii	"\263\350\034:\217.\240JT\205.\242jt\011]FW\320Ut\015"
 453      8F2EA04A 
 453      54852EA2 
 453      6A74095D 
 453      4657D055 
 454 03ed D5A05A54 		.ascii	"\325\240ZT\207\256\243\033\350&\272\205\210\324\377"
 454      87AEA31B 
 454      E826BA85 
 454      88D4FF
 455 03fc C573E558 		.ascii	"\305s\345X\031WL\212\277\347?GN\220\021\266\221\237"
 455      19574C8A 
 455      BFE73F47 
 455      4E9011B6 
 455      919F
 456 040e 0B73B71E 		.ascii	"\013s\267\036\364\203\237\030\207\220\237S\312\226\245"
 456      F4839F18 
 456      87909F53 
ARM GAS  /tmp/cczIMEmO.s 			page 37


 456      CA96A5
 457 041d D8BAAC76 		.ascii	"\330\272\254v:'93b\027;\326o-r\372&\310\022\212#\323"
 457      3A273933 
 457      62173BD6 
 457      6F2D72FA 
 457      26C8128A 
 458 0433 77E360BC 		.ascii	"w\343`\274\013\007#\370\207Sq\0272=vyf\205\277<\024"
 458      0B0723F8 
 458      87537117 
 458      323D7679 
 458      6685BF3C 
 459 0448 2372BEBD 		.ascii	"#r\276\275z\307\373\235VR\312[\253d\347\363\011\262"
 459      7AC7FB9D 
 459      5652CA5B 
 459      AB64E7F3 
 459      09B2
 460 045a 8CD3B06C 		.ascii	"\214\323\260l\240$\327\010\355\036\334\211\314_4\361"
 460      A024D708 
 460      ED1EDC89 
 460      CC5F34F1 
 461 046a 7142A0FC 		.ascii	"qB\240\374>\245\255Xu\343\246\257 n\271\330\231a#\213"
 461      3EA5AD58 
 461      75E3A6AF 
 461      206EB9D8 
 461      9961238B 
 462 047e E274376A 		.ascii	"\342t7j\211PgP\352\307\351\323\226\373\313\037S\352"
 462      89506750 
 462      EAC7E9D3 
 462      96FBCB1F 
 462      53EA
 463 0490 F4D3AB7E 		.ascii	"\364\323\253~\367\341\324'\203\031\265\015\357u\243"
 463      F7E1D427 
 463      8319B50D 
 463      EF75A3
 464 049f B611EA4C 		.ascii	"\266\021\352L\334\011\001\315\271\337\353\243\003\024"
 464      DC0901CD 
 464      B9DFEBA3 
 464      0314
 465 04ad 1B2806EA 		.ascii	"\033(\006\352da\205\224\037H!#\321\213\253Z\310_P\306"
 465      64618594 
 465      1F482123 
 465      D18BAB5A 
 465      C85F50C6 
 466 04c1 733252D7 		.ascii	"s2R\327\331:&Q\306w\342\033%Mv\3468\011o;\316v\341M"
 466      D93A2651 
 466      C677E21B 
 466      254D76E6 
 466      38096F3B 
 467 04d9 79ECC31D 		.ascii	"y\354\303\035A\230'1\3516\206\257\017p[\267\367\221"
 467      41982731 
 467      E93686AF 
 467      0F705BB7 
 467      F791
 468 04eb 3FC33703 		.ascii	"?\3037\003X>L\331\347\364\221\277\242\354\323Jc&\007"
 468      583E4CD9 
 468      E7F491BF 
 468      A2ECD34A 
ARM GAS  /tmp/cczIMEmO.s 			page 38


 468      632607
 469 04fe 10F6194E 		.ascii	"\020\366\031NgF\331\262\026[&;\247O~=AVp\016c\177\200"
 469      6746D9B2 
 469      165B263B 
 469      A74F7E3D 
 469      4156700E 
 470 0515 B0DFAFB2 		.ascii	"\260\337\257\262?H\331\353ir;/qf,\002\211\274\220\344"
 470      3F48D9EB 
 470      69723B2F 
 470      71662C02 
 470      89BC90E4 
 471 0529 529269F5 		.ascii	"R\222i\365\027*m\362\327t\311\365\031\205\223\002\011"
 471      172A6DF2 
 471      D774C9F5 
 471      19859302 
 471      09
 472 053a F93CA251 		.ascii	"\371<\242Q\315\272\026B#\007\316\363\244Q\276\333\222"
 472      CDBA1642 
 472      2307CEF3 
 472      A451BEDB 
 472      92
 473 054b 65EB5B3F 		.ascii	"e\353[?E\314\002Js\241\242\356\224$\177K\327\234\021"
 473      45CC024A 
 473      73A1A2EE 
 473      94247F4B 
 473      D79C11
 474 055e 75B29AD2 		.ascii	"u\262\232\322\003\212)MV\3605}\360!Ok\026\342\216\233"
 474      038A294D 
 474      56F0357D 
 474      F0214F6B 
 474      16E28E9B 
 475 0572 8AED19CE 		.ascii	"\212\355\031\316\372'\221dz\353\345\225\235\256`L\214"
 475      FA279164 
 475      7AEBE595 
 475      9DAE604C 
 475      8C
 476 0583 E72B9183 		.ascii	"\347+\221\203\237L\016\015lpf'\007\177\005\006\034\344"
 476      9F4C0E0D 
 476      6C706627 
 476      077F0506 
 476      1CE4
 477 0595 10E003D7 		.ascii	"\020\340\003\327|\341\314\017\316\032\300\301\037\246"
 477      7CE1CC0F 
 477      CE1AC0C1 
 477      1FA6
 478 05a3 04C09440 		.ascii	"\004\300\224@\030h\010\327\032\301Yc8kB\016\201Ap\326"
 478      186808D7 
 478      1AC15963 
 478      386B420E 
 478      814170D6 
 479 05b7 941C1A36 		.ascii	"\224\034\0326\203y\315\201\34298k\001\363Z\302h+8\013"
 479      8379CD81 
 479      E239386B 
 479      01F35AC2 
 479      682B380B 
 480 05cb 86B3D6E4 		.ascii	"\206\263\326\344\320\250\015\234\265%\207\306\355\340"
 480      D0A80D9C 
ARM GAS  /tmp/cczIMEmO.s 			page 39


 480      B52587C6 
 480      EDE0
 481 05d9 2C841C9A 		.ascii	",\204\034\232\204\222CP{ \353\000\327\236\207y\035\201"
 481      84924350 
 481      7B20EB00 
 481      D79E8779 
 481      1D81
 482 05eb D50B70AD 		.ascii	"\325\013p\255\023\034:\303\241\013\034\272\302\341E"
 482      131C3AC3 
 482      A10B1CBA 
 482      C2E145
 483 05fa 60D00DA6 		.ascii	"`\320\015\246t\207\237=\340\320\023h\303\340Z/8{\011"
 483      74879F3D 
 483      E0D01368 
 483      C3E05A2F 
 483      387B09
 484 060d CE7AC340 		.ascii	"\316z\303@\0378\274\014\207\276\260Z?\030\350\017?\007"
 484      1F38BC0C 
 484      87BEB05A 
 484      3F18E80F 
 484      3F07
 485 061f C061204C 		.ascii	"\300a L\036D\016M_!\207f\257\302\317\327\340\347`\370"
 485      1E440E4D 
 485      5F218766 
 485      AFC2CFD7 
 485      E0E760F8 
 486 0633 F93A8836 		.ascii	"\371:\2106\004(\336\200\311o\302\341-8\014\245\221\364"
 486      0428DE80 
 486      C96FC2E1 
 486      2D380CA5 
 486      91F4
 487 0645 363DBE43 		.ascii	"6=\276C\235\367]z|\217\036\337'S\232\177\000\207\037"
 487      9DF75D7A 
 487      7C8F1EDF 
 487      27539A7F 
 487      00871F
 488 0658 30C4CC58 		.ascii	"0\304\314X\014\363\306\321\261\237\351\361?\364\370"
 488      0CF3C6D1 
 488      B19FE9F1 
 488      3FF4F8
 489 0667 5FEA2491 		.ascii	"_\352$\221\230\376\230\211)\267h0\327s+\340\330b-\034"
 489      98FE9889 
 489      29B76830 
 489      D7732BE0 
 489      D8622D1C 
 490 067b 5B6E6403 		.ascii	"[nd\003[\350\217d:\260\025\216\255\266\321\363\355\224"
 490      5BE88F64 
 490      3AB0158E 
 490      ADB6D1F3 
 490      ED94
 491 068d 60071DDD 		.ascii	"`\007\035\335I\257\244\320\321]\364|7\035M\245\243i"
 491      49AFA4D0 
 491      D15DF47C 
 491      371D4DA5 
 491      A369
 492 069f F4CA1E3A 		.ascii	"\364\312\036:\232N\3173\350\350^z\236I\257g\30118\233"
 492      9A4ECF33 
ARM GAS  /tmp/cczIMEmO.s 			page 40


 492      E8E85E7A 
 492      9E49AF67 
 492      C131389B 
 493 06b3 5ED94747 		.ascii	"^\331GG\367S\332\003pl\235CG\017\322\321\\:\232GG\363"
 493      F753DA03 
 493      706C9D43 
 493      470FD2D1 
 493      5C3A9A47 
 494 06c9 E968011D 		.ascii	"\351h\001\035=DG\013\351h\021\035=LG\213\351\350\021"
 494      3D44470B 
 494      E968111D 
 494      3D4C478B 
 494      E9E811
 495 06dc 3A5A4247 		.ascii	":ZBGK\351h\031\035Eh\226\214\310\316\340\264ag\006B"
 495      4BE96819 
 495      1D456896 
 495      8CC8CEE0 
 495      B4616706 
 496 06f1 51B2C47E 		.ascii	"Q\262\304~L&?*\361\224\323Y\365K\025\3103\361\362\017"
 496      4C263F2A 
 496      F194D359 
 496      F54B15C8 
 496      33F1F20F 
 497 0705 B807F3F6 		.ascii	"\270\007\363\366(YN&{&\2069\3702\236\224\352\313&`\310"
 497      28594E26 
 497      7B268639 
 497      F8329E94 
 497      EACB2660 
 498 071a 3D936B2B 		.ascii	"=\223k+| q\264\241A\024\277&\377\211\357\024<i\242\017"
 498      7C2071B4 
 498      A14114BF 
 498      26FF89EF 
 498      143C69A2 
 499 072f B9920449 		.ascii	"\271\222\004I\213\\,;\261\277\010\257\304I8An\213\017"
 499      8B5C2C3B 
 499      B1BF08AF 
 499      C4493841 
 499      6E8B0F
 500 0742 E3291817 		.ascii	"\343)\030\027A\034\221\221]\013\246oV\3026\202\004!"
 500      411C9191 
 500      5D0BA66F 
 500      56C23682 
 500      0421
 501 0754 09723B5C 		.ascii	"\011r;\\L\246-\242\251\016\222|\365\332r?u0\004\037"
 501      4CA62DA2 
 501      A90E927C 
 501      F5DA723F 
 501      7530041F 
 502 0768 C1618B64 		.ascii	"\301a\213d\014\301W\202\303\250\254ojr\254\234\265b"
 502      0CC15782 
 502      C3A8AC6F 
 502      6A72AC9C 
 502      B562
 503 077a 7700C811 		.ascii	"w\000\310\021\202%\\\212\205\340\266IeK\373\200\334"
 503      82255C8A 
 503      85E0B649 
 503      654BFB80 
ARM GAS  /tmp/cczIMEmO.s 			page 41


 503      DC
 504 078b D2551C19 		.ascii	"\322U\034\031B\363\247\213\224\241q\300\023\227\021"
 504      42F3A78B 
 504      94A171C0 
 504      139711
 505 079a B1AC2970 		.ascii	"\261\254)p\324L\201c\336\025h\217\217\203\002\022\033"
 505      D44C8163 
 505      DE15688F 
 505      8F830212 
 505      1B
 506 07ab DB5B5AFE 		.ascii	"\333[Z\376\213\014\353L\247\203\035p9\016c\351\375\004"
 506      8B0CEB4C 
 506      A7831D70 
 506      390E63E9 
 506      FD04
 507 07bd E14F2614 		.ascii	"\341O&\024\244\337\275\343\010\035\223\340\\D\206\237"
 507      A4DFBDE3 
 507      081D93E0 
 507      5C44869F 
 508 07cd 0792D4   		.ascii	"\007\222\324"
 509 07d0 AC752981 		.ascii	"\254u)\201@\262\210\222t\304'q(#9\305H6f_[\"\205J\214"
 509      40B28892 
 509      74C42771 
 509      282339C5 
 509      4836665F 
 510 07e9 E4052039 		.ascii	"\344\005 9t7f\267C#\351\204+\004\311iFr\366\366\214"
 510      743766B7 
 510      4323E984 
 510      2B04C969 
 510      4672F6F6 
 511 07fe A314B6CE 		.ascii	"\243\024\266\316\230\324>gpp\202\334\205\002g\377}\336"
 511      98D43E67 
 511      707082DC 
 511      850267FF 
 511      7DDE
 512 0810 E64A04C8 		.ascii	"\346J\004\310\311OA\356\254e\344\316yG\256+>O\221\343"
 512      C94F41EE 
 512      AC65E4CE 
 512      7947AE2B 
 512      3E4F91E3 
 513 0824 649933A7 		.ascii	"d\2313\247\225\371i\350\274\210/\010t*-\243S%T\275h"
 513      95F969E8 
 513      BC882F08 
 513      742A2DA3 
 513      532554BD 
 514 0839 199D6A41 		.ascii	"\031\235jAr\011$\325\241\241\250\376o\277\212\247xD"
 514      720924D5 
 514      A1A1A8FE 
 514      6FBF8AA7 
 514      7844
 515 084b A35B1CDD 		.ascii	"\243[\034\335\366/s4\346\377V\336\003p\355\216\377\027"
 515      F62F7334 
 515      E6FF56DE 
 515      0370ED8E 
 515      FF17
 516 085d 5F01463D 		.ascii	"_\001F=(#\207\026l\227\361\344\230\310\202\335\021\314"
 516      28238716 
ARM GAS  /tmp/cczIMEmO.s 			page 42


 516      6C97F1E4 
 516      98C882DD 
 516      11CC
 517 086f 87A57879 		.ascii	"\207\245xy,l\202\373\34617\366#n|\225@E\364\255\316"
 517      2C6C82FB 
 517      E63137F6 
 517      236E7C95 
 517      4045F4AD 
 518 0884 EAC3E790 		.ascii	"\352\303\347\220\011\007j\257\225`6\001\341k\252\237"
 518      09076AAF 
 518      95603601 
 518      E16BAA9F 
 519 0894 FB14D73D 		.ascii	"\373\024\327=X\2039\337I\013g^\333\235(i\345\003d=V"
 519      588339DF 
 519      490B675E 
 519      DB9D2869 
 519      E503643D 
 520 08a9 3C10096B 		.ascii	"<\020\011k\200\225\254\017\335\236T\342\214\362\315"
 520      8095AC0F 
 520      DD9E54E2 
 520      8CF2CD
 521 08b8 C70389A9 		.ascii	"\307\003\211\251&\022\011\023/\303~\024\0069\240\226"
 521      26120913 
 521      2FC37E14 
 521      0639A096 
 522 08c8 DB6B62C2 		.ascii	"\333kb\302\351\235\232\275z\341:j/\033\263\327\366\222"
 522      E99D9ABD 
 522      7AE13A6A 
 522      2F1BB3D7 
 522      F692
 523 08da 4DB9BE6C 		.ascii	"M\271\276l0qc`\202\374\022\276\016\276ng\243\213\346"
 523      30716360 
 523      82FC12BE 
 523      0EBE6E67 
 523      A38BE6
 524 08ed AE4FA1D6 		.ascii	"\256O\241\326\204\341\025\022\331\032\361\015\022\301"
 524      84E11512 
 524      D91AF10D 
 524      12C1
 525 08fb 08DF04B0 		.ascii	"\010\337\004\260\256\342\251!L\250q.\220\366\216\243"
 525      AEE2A921 
 525      4CA8712E 
 525      90F68EA3 
 526 090b 75D82D98 		.ascii	"u\330-\230\305D\216ZQ>Y\006\221\355\370\011\371\327"
 526      C5448E5A 
 526      513E5906 
 526      91EDF809 
 526      F9D7
 527 091d 10DF0668 		.ascii	"\020\337\006h\3730,\343\323\376\303\370\330\030\253"
 527      FB302CE3 
 527      D3FEC3F8 
 527      D818AB
 528 092c 3D514579 		.ascii	"=QEy2\203\012\343;\002\313l\314'\351\320\363\335V{\246"
 528      32830AE3 
 528      3B02CB6C 
 528      CC27E9D0 
 528      F3DD567B 
ARM GAS  /tmp/cczIMEmO.s 			page 43


 529 0941 1F058F58 		.ascii	"\037\005\217X7q\323\\\207\016\272\203\000]\015\203\356"
 529      3771D35C 
 529      870EBA83 
 529      005D0D83 
 529      EE
 530 0952 AEBBD95F 		.ascii	"\256\273\331_\216\243\365\332=n\366\330\2545\351\230"
 530      8EA3F5DA 
 530      3D6EF6D8 
 530      AC35E998 
 531 0962 AB4A60EA 		.ascii	"\253J`\352\013\344\224\014\337'\227\023\344~`\236\324"
 531      0BE4940C 
 531      DF279713 
 531      E47E609E 
 531      D4
 532 0973 4B3549CD 		.ascii	"K5I\315\341j\274lw\001>\304\024u\177\374\200\242N\205"
 532      E16ABC6C 
 532      77013EC4 
 532      14757FFC 
 532      80A24E85 
 533 0987 79C89260 		.ascii	"y\310\222`uV\011\326x\2516\365'\356\361HU\320\257|G"
 533      755609D6 
 533      78A936F5 
 533      27EEF148 
 533      55D0AF7C 
 534 099c 5DB0F08E 		.ascii	"]\260\360\216\324K\265I\012#Q,\305\355c\263\214Wo\226"
 534      D44BB549 
 534      0A23512C 
 534      C5ED63B3 
 534      8C576F96 
 535 09b0 B29FA829 		.ascii	"\262\237\250)\333)\211\224\315\026\326\345\350\006\253"
 535      DB298994 
 535      CD16D6E5 
 535      E806AB
 536 09bf 56A4F9EA 		.ascii	"V\244\371\352\366\026:\001L\220T\276\341\262\266T\177"
 536      F6163A01 
 536      4C9054BE 
 536      E1B2B654 
 536      7F
 537 09d0 C07291EC 		.ascii	"\300r\221\354\000n\023\01172\371Q$W\335\207\020\020"
 537      006E1309 
 537      3732F951 
 537      2457DD87 
 537      1010
 538 09e2 DB4D0BF1 		.ascii	"\333M\013\361d\"\236\247&IV\363\324d\311D\337)\222I"
 538      64229EA7 
 538      264956F3 
 538      D464C944 
 538      DF299249 
 539 09f6 869F2A99 		.ascii	"\206\237*\231d\370iR\030s\205H\211&\244K\267\2133\002"
 539      64F86952 
 539      18738548 
 539      8926A44B 
 539      B78B3302 
 540 0a0a 42A330CB 		.ascii	"B\2430\313H\003\200\306YzvVC-#\015\304\323\245PF3\203"
 540      480380C6 
 540      597A7656 
 540      432D230D 
ARM GAS  /tmp/cczIMEmO.s 			page 44


 540      C4D3A550 
 541 0a21 D0103D45 		.ascii	"\320\020=EB\362\337\032\235\334\204\356k:\314|M1\233"
 541      42F2DF1A 
 541      9DDC84EE 
 541      6B3ACC7C 
 541      4D319B
 542 0a34 E982991F 		.ascii	"\351\202\231\037!x\032f\263,c\026\345\035\263\256x\266"
 542      21781A66 
 542      B32C6316 
 542      E51DB3AE 
 542      78B6
 543 0a46 6496DBE7 		.ascii	"d\226\333\347\010\\\346Z\307e\236\300e>\305\305O\340"
 543      085CE65A 
 543      C7659EC0 
 543      653EC5C5 
 543      4FE0
 544 0a58 12A04632 		.ascii	"\022\240F2M\011i\351\021L\331\237YJ(\274\365\373\001"
 544      4D0969E9 
 544      114CD99F 
 544      594A28BC 
 544      F5FB01
 545 0a6b 5F9612EA 		.ascii	"_\226\022\352i\376X \005\223\231\231\025\024\023~\357"
 545      69FE5820 
 545      05939999 
 545      1514137E 
 545      EF
 546 0a7c 72F1C6F9 		.ascii	"r\361\306\371\212\006\003v8\247\023\305\310\012\277"
 546      8A060376 
 546      38A713C5 
 546      C80ABF
 547 0a8b 480328EB 		.ascii	"H\003(\353@}\212%\274g\037\346\351\246A\274\374\216"
 547      407D8A25 
 547      BC671FE6 
 547      E9A641BC 
 547      FC8E
 548 0a9d 96AB457E 		.ascii	"\226\253E~i \362\313\035\374\016Y\334\247\374n\006\311"
 548      6920F2CB 
 548      1DFC0E59 
 548      DCA7FC6E 
 548      06C9
 549 0aaf 4B3F073C 		.ascii	"K?\007<\250\257\306\204[CC\312Y\277P\237rru)g\241\344"
 549      A8AFC684 
 549      5B4343CA 
 549      59BF509F 
 549      72727529 
 550 0ac6 2DE5444B 		.ascii	"-\345DK^R\016!\247d8F\322\245\234\331+\233\303\325x"
 550      5E520E21 
 550      A7643846 
 550      D2A59CD9 
 550      2B9BC3D5 
 551 0adb D9FF1953 		.ascii	"\331\377\031SN\254\244\246\234E\222\226r\030/]\216i"
 551      4EACA4A6 
 551      9C459296 
 551      72182F5D 
 551      8E69
 552 0aed 64CC3173 		.ascii	"d\3141sV*lN\200%\377\2113\213\271\305\336c.\004/\221"
 552      562A6C4E 
ARM GAS  /tmp/cczIMEmO.s 			page 45


 552      8025FF89 
 552      338BB9C5 
 552      DE632E04 
 553 0b03 448E59AA 		.ascii	"D\216Y\252\346\030\266\260.\3074v\3111tB\240\207x\311"
 553      E618B6B0 
 553      2EC73476 
 553      C9317442 
 553      A08778C9 
 554 0b17 55E3255E 		.ascii	"U\343%^\213\027:\273!!`\361\342\301&<^\226Y\216\227"
 554      8B173ABB 
 554      212160F1 
 554      E2C1263C 
 554      5E96598E 
 555 0b2c 04337D13 		.ascii	"\0043}\023\315r\314r\263\034\263\202\304\022\265}\022"
 555      CD72CC72 
 555      B31CB382 
 555      C412B57D 
 555      12
 556 0b3d 8BA58CE5 		.ascii	"\213\245\214\345\2451\266\320D\036K\203\200\346La\352"
 556      A531B6D0 
 556      441E4B83 
 556      80E64C61 
 556      EA
 557 0b4e 127F2D96 		.ascii	"\022\177-\226^\301\277\222X\2424+i,5\024\261\324\304"
 557      5EC1BF92 
 557      58A2342B 
 557      692C3514 
 557      B1D4C4
 558 0b61 25C75014 		.ascii	"%\307P\024\032\231b\266\312\005\263\306\204\340i\230"
 558      1A9962B6 
 558      CA05B3C6 
 558      84E06998 
 559 0b71 ADB68CD9 		.ascii	"\255\266\214\331\032\263\034\263\3264\307\254\023\270"
 559      1AB31CB3 
 559      D634C7AC 
 559      13B8
 560 0b7f ACB78ECB 		.ascii	"\254\267\216\313o\002\227\015\024\227\306\002\227 ]"
 560      6F02970D 
 560      1497C602 
 560      97205D
 561 0b8e 8E21A5D6 		.ascii	"\216!\245\326\206#\255\231\262M\334\212(\331\274\210"
 561      8623AD99 
 561      B24DDC8A 
 561      28D9BC88 
 562 0b9e 7A156FA4 		.ascii	"z\025o\244B\3730\241SO_\330\"\2112\251-\271\353\307"
 562      42FB30A1 
 562      534F5FD8 
 562      228932A9 
 562      2DB9EBC7 
 563 0bb2 9B24A892 		.ascii	"\233$\250\2226K\264JZD\352F\017(\276\026\007e\026\376"
 563      364BB44A 
 563      5A44EA46 
 563      0F28BE16 
 563      076516FE 
 564 0bc6 5DA24552 		.ascii	"]\242ER\023}\2118\230\324\000[\244`}Y\360:\271\224L"
 564      137D8938 
 564      98D4005B 
ARM GAS  /tmp/cczIMEmO.s 			page 46


 564      A4607D59 
 564      F03AB994 
 565 0bdb 2FE9D346 		.ascii	"/\351\323F\342\212\000C\342\330\312@\332>\343\332Z\232"
 565      E28A0043 
 565      E2D8CA40 
 565      DA3EE3DA 
 565      5A9A
 566 0bed 2D879002 		.ascii	"-\207\220\002j\233D*\2557X\352;u$\202\251\374\037\222"
 566      6A9B442A 
 566      AD3758EA 
 566      3B752482 
 566      A9FC1F92 
 567 0c01 FAC8C427 		.ascii	"\372\310\304'7cW\373\261\264\372\230\246\325\355jZ%"
 567      376357FB 
 567      B1B4FA98 
 567      A6D5ED6A 
 567      5A25
 568 0c13 D3787FC7 		.ascii	"\323x\177\307%\255\356\340i\265\251KZM+\345i5(^~W\337"
 568      25ADEEE0 
 568      69B5A94B 
 568      5A4D2BE5 
 568      6935285E 
 569 0c2a 08F4C336 		.ascii	"\010\364\3036\274Sr\311\262AZ\226}\227\310\022H \370"
 569      BC5372C9 
 569      B2415A96 
 569      7D97C812 
 569      4820F8
 570 0c3d 4FD0AED5 		.ascii	"O\320\256\325\227 \3056\323\333)\365\322\206}A\272\034"
 570      9720C536 
 570      D3DB29F5 
 570      D2867D41 
 570      BA1C
 571 0c4f 9BAFCBB1 		.ascii	"\233\257\313\261)\240JSW\353\3552+\201\023w\2212\366"
 571      29A04A53 
 571      57EBED32 
 571      2B811377 
 571      9132F6
 572 0c62 4DBC8BDA 		.ascii	"M\274\213\332\317\027\230\354&\266\242\367\006\224\333"
 572      CF1798EC 
 572      26B6A2F7 
 572      0694DB
 573 0c71 7F5DACF4 		.ascii	"\177]\254\364V\034dP\234\312\254\3244A\036\312n\266"
 573      561C6450 
 573      9CCAACD4 
 573      34411ECA 
 573      6EB6
 574 0c83 EFAC0BD4 		.ascii	"\357\254\013\324\010T+9\210\225\322$\221\273\232_\212"
 574      08542B39 
 574      8895D224 
 574      91BB9A5F 
 574      8A
 575 0c94 3CD54897 		.ascii	"<\325H\227\273\350\374f\226\"f\217Y\226I7\313\252\031"
 575      BBE8FC66 
 575      9622668F 
 575      59964937 
 575      CBAA19
 576 0ca7 6A56DDAB 		.ascii	"jV\335\253fU\266\260.\253>\367\370\301Q\273vw\235\342"
ARM GAS  /tmp/cczIMEmO.s 			page 47


 576      6655B6B0 
 576      2EAB3EF7 
 576      F8C151BB 
 576      76779DE2 
 577 0cbb 35C6332D 		.ascii	"5\3063-\307x\226\231\304\331fyq\237Y^\334O\342\037\304"
 577      C7789699 
 577      C4D96679 
 577      719F595E 
 577      DC4FE21F 
 578 0cd0 C30724AB 		.ascii	"\303\007$\253\367\2179$\374)\311A\311\352\375c\256 "
 578      F78F3924 
 578      FC29C941 
 578      C9EAFD63 
 578      AE20
 579 0ce2 C963248B 		.ascii	"\311c$\213\217\346_i\310\356\256c0\316\227\324\373\311"
 579      8FE65F69 
 579      C8EEAE63 
 579      30CE97D4 
 579      FBC9
 580 0cf4 1657A3A6 		.ascii	"\026W\243\2466\320n\256\275\003W`\031\270Cf\311\261"
 580      36D06EAE 
 580      BD035760 
 580      19B84366 
 580      C9B1
 581 0d06 D0343916 		.ascii	"\32049\026\011p\016[\006\247Xhz\30428%\202\244\024$"
 581      09700E5B 
 581      06A75868 
 581      7AC43238 
 581      2582A414 
 582 0d1b D581D152 		.ascii	"\325\201\321R\370\267]\304\217\227{\3532\000C\1777\335"
 582      F8B75DC4 
 582      8F977BEB 
 582      3200437F 
 582      37DD
 583 0d2d CA18E129 		.ascii	"\312\030\341)\244\304\241>\332\374\031K\234\243Z\211"
 583      A4C4A13E 
 583      DAFC194B 
 583      9CA35A89 
 584 0d3d 734C57E2 		.ascii	"sLW\3420^\272\022'X\354\210\264h\253\215n\251K(\005"
 584      305EBA12 
 584      2758EC88 
 584      B468AB8D 
 584      6EA94B28 
 585 0d52 90504076 		.ascii	"\220P@v\302\344\270\327\242\255\334[\321F\310)\031>"
 585      C2E4B8D7 
 585      A2ADDC5B 
 585      D146C829 
 585      193E
 586 0d64 A12BDAD6 		.ascii	"\241+\332\326\246\332\341b\274\374\234%\0278i\026;\247"
 586      A6DAE162 
 586      BCFC9C25 
 586      17386916 
 586      3BA7
 587 0d76 CCA2BD42 		.ascii	"\314\242\275B\215\366\323j\264\263\205u\321\336\272"
 587      8DF6D36A 
 587      B4B38575 
 587      D1DEBA
ARM GAS  /tmp/cczIMEmO.s 			page 48


 588 0d85 EE4CA2A2 		.ascii	"\356L\242\242\313CtB\013\017\365@\201Z\017\234\321\352"
 588      CB437442 
 588      0B0FF540 
 588      815A0F9C 
 588      D1EA
 589 0d97 013ABB25 		.ascii	"\001:\273%!`\365\200\007\210D?\311\262\313\2373\323"
 589      2160F580 
 589      0788443F 
 589      C9B2CB9F 
 589      33D3
 590 0da9 F7BC59AE 		.ascii	"\367\274Y\256\270`\226+*I8PSTY\257\025.\022\347\246"
 590      B860962B 
 590      2A493850 
 590      535459AF 
 590      152E12E7 
 591 0dbe 34D5B456 		.ascii	"4\325\264Vh)|\273M\366\326\005\376\272\032\212\242\320"
 591      68297CBB 
 591      4DF6D605 
 591      FEBA1A8A 
 591      A2D0
 592 0dd0 CA14B34B 		.ascii	"\312\024\263K.\230\005\023\202\247av\3312fW\314\322"
 592      2E980513 
 592      82A76176 
 592      D9326657 
 592      CCD2
 593 0de2 C455D334 		.ascii	"\304U\3234qM\340Rc\035\227Z\201K\035\305E\215\371\266"
 593      714DE052 
 593      631D975A 
 593      814B1DC5 
 593      458DF9B6 
 594 0df6 6A24B132 		.ascii	"j$\2612\201\314\341\217d\\\312\204\353\274Lhg,\272f"
 594      81CCE18F 
 594      645CCA84 
 594      EBBC4C68 
 594      672CBA66 
 595 0e0a 1F1FC5C2 		.ascii	"\037\037\305\302\263\265\353\266]\377\224\242\353m|"
 595      B3B5EBB6 
 595      5DFF94A2 
 595      EB6D7C
 596 0e19 836AE9E7 		.ascii	"\203j\351\347\336\271\252\362O wr7\3017\032x\350\\\215"
 596      DEB9AAF2 
 596      4F207772 
 596      37C1371A 
 596      78E85C8D 
 597 0e2d 4E901BE1 		.ascii	"N\220\033\341[\264$\273\315J\262)g\036\306T\254;\214"
 597      5BB424BB 
 597      CD4AB229 
 597      671EC654 
 597      AC3B8C
 598 0e40 63F50FEA 		.ascii	"c\365\017\352\034H\367\344n\0120>3+\307\036L\223\003"
 598      1C48F7E4 
 598      6E0A303E 
 598      332BC71E 
 598      4C9303
 599 0e53 1DD5CDC6 		.ascii	"\035\325\315\306w\211\336w i\340{\240\315Z\354b\304"
 599      7789DE77 
 599      2069E07B 
ARM GAS  /tmp/cczIMEmO.s 			page 49


 599      A0CD5AEC 
 599      62C4
 600 0e65 77E3641F 		.ascii	"w\343d\037\230\204\360}V:\264N\220\337c\245\203HP\224"
 600      9884F07D 
 600      563AB44E 
 600      90DF63A5 
 600      83485094 
 601 0e79 66C3ADD5 		.ascii	"f\303\255\325\253\355\260\323\274\217\257c\374@\255"
 601      ABEDB0D3 
 601      BC8FAF63 
 601      FC40AD
 602 0e88 1D420AB2 		.ascii	"\035B\012\262\0374Q3\344\375\212\251W\327\177b\220\326"
 602      1F345133 
 602      E4FD8AA9 
 602      57D77F62 
 602      90D6
 603 0e9a D783B407 		.ascii	"\327\203\264\007\355-\271\264\276Fi\037\021i\037Ri\037"
 603      ED2DB9B4 
 603      BE46691F 
 603      11691F52 
 603      691F
 604 0eac C3CA2B60 		.ascii	"\303\312+`\345%i\311\247\003a\345F\270\032\236$>\272"
 604      E52569C9 
 604      A70361E5 
 604      46B81A9E 
 604      243EBA
 605 0ebf 38F596C2 		.ascii	"8\365\226\302\274\355\035\260B\275\304\254P<gV\246\235"
 605      BCED1DB0 
 605      42BDC4AC 
 605      503C6756 
 605      A69D
 606 0ed1 014D506B 		.ascii	"\001MPk\224\266\222\334\263\267\300O\250-\374)k\204"
 606      94B692DC 
 606      B3B7C04F 
 606      A82DFC29 
 606      6B84
 607 0ee3 9D3275FD 		.ascii	"\2352u\375\324\203=\330\002\321\206'\014-\014mJ\302"
 607      D4833DD8 
 607      02D18627 
 607      0C2D0C6D 
 607      4AC2
 608 0ef5 FF031001 		.ascii	"\377\003\020\001O\224\331\002\033w\254.\014 \013\314"
 608      4F94D902 
 608      1B77AC2E 
 608      0C200BCC 
 609 0f05 A366FE03 		.ascii	"\243f\376\003\236$\003\353\000\316z\262\014\345Yd\342"
 609      9E2403EB 
 609      00CE7AB2 
 609      0CE55964 
 609      E2
 610 0f16 F7C01901 		.ascii	"\367\300\031\001k\304\234G}p\360!\226\360\024\331P-"
 610      6BC49C47 
 610      7D70F021 
 610      96F014D9 
 610      502D
 611 0f28 7F44B69B 		.ascii	"\177D\266\233\251\306K\177$\227\246\201\037\177L\361"
 611      A9C64B7F 
ARM GAS  /tmp/cczIMEmO.s 			page 50


 611      2497A681 
 611      1F7F4CF1 
 612 0f38 0D35EC40 		.ascii	"\0155\354@\367\317m\031\300\214\322\306\325-\32755\253"
 612      F7CF6D19 
 612      C08CD2C6 
 612      D52DD735 
 612      35AB
 613 0f4a 26DBC273 		.ascii	"&\333\302s\306H*p \344\200\351\034\210\373\025\373\352"
 613      C6482A70 
 613      20E480E9 
 613      1C88FB15 
 613      FBEA
 614 0f5c D7190DE6 		.ascii	"\327\031\015\346\347\301`yv\0077\230\237\321`3e\005"
 614      E7C16079 
 614      76073798 
 614      9FD16033 
 614      6505
 615 0f6e CFA095E7 		.ascii	"\317\240\225\347,\231H\225\214-\033\250\325&f\240(\231"
 615      2C994895 
 615      8C2D1BA8 
 615      D52666A0 
 615      2899
 616 0f80 1B682644 		.ascii	"\033h&D\343l\315@\224\341V\354f\221do\026\371\023\271"
 616      E36CCD40 
 616      94E156EC 
 616      6691646F 
 616      16F913B9 
 617 0f94 27015E0D 		.ascii	"'\001^\0159\257\271\324\"\213\234\277"
 617      39AFB9D4 
 617      228B9CBF 
 618 0fa0 06002F04 		.ascii	"\006\000/\004\314\300$\244\024\206;\024(\365\011\214"
 618      CCC024A4 
 618      14863B14 
 618      28F5098C 
 619 0fb0 09F2272C 		.ascii	"\011\362',\3407\355\214\011f\320\266}\366\210\237'\233"
 619      E037ED8C 
 619      0966D0B6 
 619      7DF6889F 
 619      279B
 620 0fc2 44FCA778 		.ascii	"D\374\247x\276L\"\276\221\347\210o\214\027\310\020\361"
 620      BE4C22BE 
 620      91E7886F 
 620      8C17C810 
 620      F1
 621 0fd3 B045F088 		.ascii	"\260E\360\210\257\257/2F|\003\017&9\244F|\003\243I\242"
 621      AFAF2F32 
 621      467C030F 
 621      2639A446 
 621      7C03A349 
 622 0fe8 89491652 		.ascii	"\211I\026R\223\304\000\202[<F|4\000\024+\323\210o\353"
 622      93C40082 
 622      5B3C467C 
 622      3400142B 
 622      D3886FEB 
 623 0ffc 16F15BF4 		.ascii	"\026\361[\364"
 624 1000 11DEDE35 		.ascii	"\021\336\3365\302o\2551:\214\277\007\351\012\325\010"
 624      C26FAD31 
ARM GAS  /tmp/cczIMEmO.s 			page 51


 624      3A8CBF07 
 624      E90AD508 
 625 1010 F7374A47 		.ascii	"\3677JGnSX%\204\027\203t\333@\272\304\373\333fK\340"
 625      6E535825 
 625      84178374 
 625      DB40BAC4 
 625      FBDB664B 
 626 1025 FB8DB113 		.ascii	"\373\215\261\023\"\274\354\362\214X?f\357O\001\365%"
 626      22BCECF2 
 626      8C583F66 
 626      EF4F01F5 
 626      25
 627 1036 DCDC3392 		.ascii	"\334\3343\222g\036\267i\021>\2079\320R\212}c\312\032"
 627      671EB769 
 627      113E8739 
 627      D0528A7D 
 627      63CA1A
 628 1049 912D4075 		.ascii	"\221-@u \272\300vw\007\332\346=\244\227\211\220\246"
 628      20BAC076 
 628      7707DAE6 
 628      3DA49789 
 628      90A6
 629 105b BC12D490 		.ascii	"\274\022\324\220^L\375g;E\013b\030\202V\037\245\035"
 629      5E4CFD67 
 629      3B450B62 
 629      1882561F 
 629      A51D
 630 106d 8C51BA62 		.ascii	"\214Q\272b;\217\322v\377\037Q\232\250E\351r-J\367\273"
 630      3B8FD276 
 630      FF1F519A 
 630      A845E972 
 630      2D4AF7BB 
 631 1081 801EE001 		.ascii	"\200\036\340\001\364\343j\224\006\030AO\"\240\257\240"
 631      F4E36A94 
 631      0618414F 
 631      22A0AFA0 
 632 1091 A0FF0A98 		.ascii	"\240\377\012\230\354\304\226An5\235\201\274R\200\234"
 632      ECC49641 
 632      6E359D81 
 632      BC52809C 
 633 10a1 04C0ACD2 		.ascii	"\004\300\254\322@\246\014S\334A\336\351=JW\213(\245"
 633      40A60C53 
 633      DC41DEE9 
 633      3D4A578B 
 633      28A5
 634 10b3 BCD66851 		.ascii	"\274\326hQ\372+E9\205\242l\210\322vZ\224\326\211(\015"
 634      FA2B4539 
 634      85A26C88 
 634      D2765A94 
 634      D689280D 
 635 10c7 79F6285D 		.ascii	"y\366(]k\026\245\237\341u\020\245M<Gi\023\274\236F\351"
 635      6B16A59F 
 635      E17510A5 
 635      4D3C4769 
 635      13BC9E46 
 636 10dc 6F5A941E 		.ascii	"oZ\224\036\273\341\022\245\201\036LrR\215\322@\243I"
 636      BBE112A5 
ARM GAS  /tmp/cczIMEmO.s 			page 52


 636      811E4C72 
 636      528DD240 
 636      A349
 637 10ee 3612936C 		.ascii	"6\022\223l\240&\331\004\010\356\360\030\245\033\001"
 637      A026D904 
 637      08EEF018 
 637      A51B01
 638 10fd A0CD2C4A 		.ascii	"\240\315,JC\334\242t\207>J\237w\215\322\312x\243\303"
 638      43DCA274 
 638      873E4A9F 
 638      778DD2CA 
 638      78A3C3
 639 1110 34F420DD 		.ascii	"4\364 \335)5J\033\032\245\333B\244\373\235J\227\014"
 639      29354A1B 
 639      1AA5DB42 
 639      A4FB9D4A 
 639      970C
 640 1122 D2ED02E9 		.ascii	"\322\355\002\351\026$\307~\015A\332\004\257\201^\362"
 640      1624C77E 
 640      0D41DA04 
 640      AF815EF2 
 641 1132 81F9C7EF 		.ascii	"\201\371\307\357rs\177\006\240o\345\326.X?\271\302O"
 641      72737F06 
 641      A06FE5D6 
 641      2E583FB9 
 641      C24F
 642 1144 F59FA627 		.ascii	"\365\237\246'\223\250\377l\243\320\007Q\316\010o\327"
 642      93A8FF6C 
 642      A3D00751 
 642      CE086FD7 
 643 1154 FC87F2DF 		.ascii	"\374\207\362\337\355\356?\273\274\007\351\016\021\244"
 643      EDEE3FBB 
 643      BC07E90E 
 643      11A4
 644 1162 94D74E35 		.ascii	"\224\327N5H\223\251\373\354\246`y\012\322\216\306\233"
 644      4893A9FB 
 644      ECA66079 
 644      0AD28EC6 
 644      9B
 645 1173 B9DA945F 		.ascii	"\271\332\224_\215\366k\344\001\241\323jH52\"\264\213"
 645      8DF66BE4 
 645      01A1D36A 
 645      48353222 
 645      B48B
 646 1185 20944211 		.ascii	" \224B\021\332\015\032\244a\313\220\264=\304 I\025\220"
 646      DA0D1AA4 
 646      61CB90B4 
 646      3DC42049 
 646      1590
 647 1197 EC0235D2 		.ascii	"\354\0025\3224H(\303=\356\220\244y\017\251=\"\244(\257"
 647      344828C3 
 647      3DEE90A4 
 647      790FA93D 
 647      22A428AF 
 648 11ab 742DA476 		.ascii	"t-\244vSL\366PLt!\245/8|\340\245\024@I\204\330\232X"
 648      534CF650 
 648      4C7421A5 
ARM GAS  /tmp/cczIMEmO.s 			page 53


 648      2F387CE0 
 648      A5144049 
 649 11c3 1E62A1CF 		.ascii	"\036b\241\317\036b{\315B\354s\234\011!\326\324s\210"
 649      1E627BCD 
 649      42EC739C 
 649      0921D6D4 
 649      7388
 650 11d5 05E12C1A 		.ascii	"\005\341,\032b\331\272\215\260\312%\304\032{0\321e5"
 650      62D9BA8D 
 650      B0CA25C4 
 650      1A7B30D1 
 650      6535
 651 11e7 C41A1B4D 		.ascii	"\304\032\033M\264\237\230h\0375\321\001@4\325c\210\355"
 651      B49F9868 
 651      1F35D101 
 651      4034D563 
 651      88ED
 652 11f9 07C07258 		.ascii	"\007\300rX\210\205\272\205X\252>\304^p\011\261}5\213"
 652      8885BA85 
 652      58AA3EC4 
 652      5E7009B1 
 652      7D358B
 653 120c 8D21D6C4 		.ascii	"\215!\326\304\203tW\324\020kb\224.\227Hw\220J\227\007"
 653      837457D4 
 653      106B6294 
 653      2E974877 
 653      904A9707 
 654 1220 D2A5D38D 		.ascii	"\322\245\323\215\260\244\216\2762\027\204\213\340\301"
 654      B0A48EBE 
 654      3217848B 
 654      E0C1
 655 122e E983ACF3 		.ascii	"\351\203\254\363Y\334\374\237\003\350\371\334\372\227"
 655      59DCFC9F 
 655      03E8F9DC 
 655      FA97
 656 123c 9C978A1A 		.ascii	"\234\227\212\032h)z\003\363\247\002\012}3\312\031\341"
 656      68297A03 
 656      F3A7020A 
 656      7D33CA19 
 656      E1
 657 124d 439A3F51 		.ascii	"C\232?Q\376\031\356\376\224\356=\304\012E\210Q^Ej\210"
 657      FE19EEFE 
 657      94EE3DC4 
 657      0A458851 
 657      5E456A88 
 658 1261 E55177CA 		.ascii	"\345Qw\312\240`y\012\261N\306\020\233\271\315%\304\202"
 658      A060790A 
 658      B14EC610 
 658      9BB9CD25 
 658      C482
 659 1273 3C20744D 		.ascii	"< tM\015\261 #B\305\004\241\303\024\241#\240\301^l\031"
 659      0DB12023 
 659      42C504A1 
 659      C314A123 
 659      A0C15E6C 
 660 1288 92A66B18 		.ascii	"\222\246k\030$%\002\222bP\243T\203\2042\314t\207d\257"
 660      24250292 
ARM GAS  /tmp/cczIMEmO.s 			page 54


 660      6250A354 
 660      838432CC 
 660      748764AF 
 661 129c F7102B13 		.ascii	"\367\020+\023!Fy\035\325B\354\010\305$\223b\242\013"
 661      2146791D 
 661      D542EC08 
 661      C5249362 
 661      A20B
 662 12ae 312DA626 		.ascii	"1-\246&\307Dn:\023\333\206yT$f]\347;\367v\306\372\260"
 662      C7446E3A 
 662      13DB8679 
 662      5424665D 
 662      E73BF776 
 663 12c5 AEF343DA 		.ascii	"\256\363C\332\321>\006\353\022\010;k\355j\332&\272\263"
 663      D13E06EB 
 663      12083B6B 
 663      ED6ADA26 
 663      BAB3
 664 12d7 298C75A2 		.ascii	")\214u\242\337\323\007\255\235\004\355q\2317\246\337"
 664      DFD307AD 
 664      9D04ED71 
 664      9937A6DF 
 665 12e7 232C9B22 		.ascii	"#,\233\"\340\335i\361\036\332\231\356\262vgZ\011\322"
 665      E0DD69F1 
 665      1EDA99EE 
 665      B276675A 
 665      09D2
 666 12f9 0CF1A492 		.ascii	"\014\361\244\222\267\263\333[\272\207/\227M\372\036"
 666      B7B3DB5B 
 666      BA872F97 
 666      4DFA1E
 667 1308 2764933E 		.ascii	"'d\223>\317IY\364yN\311\242\317\303\026\326\365y\272"
 667      CF4959F4 
 667      794EC9A2 
 667      CFC316D6 
 667      F579BA
 668 131b DECA39D9 		.ascii	"\336\3129\331\232\366y\304\253\031^\272\016\025\262"
 668      9AF679C4 
 668      AB195EBA 
 668      0E15B2
 669 132a D5AEC369 		.ascii	"\325\256\303i3\211\317x\227\270=>+\233tj\316\311\024"
 669      3389CF78 
 669      97B83D3E 
 669      2B9B746A 
 669      CEC914
 670 133d 7C84CFCB 		.ascii	"|\204\317\313\264#\221>sq\215oh\015\357H\374\231\336"
 670      B423913E 
 670      73718D6F 
 670      680DEF48 
 670      FC99DE
 671 1350 D594D64C 		.ascii	"\325\224\326L\221\265\216\304\027\370\002\011\015JS"
 671      91B58EC4 
 671      17F80209 
 671      0D4A53
 672 135f 2943A38D 		.ascii	")C\243\215\265#^\024\201!=E\345*\313*_\364\256rW\\-"
 672      B5235E14 
 672      81213D45 
ARM GAS  /tmp/cczIMEmO.s 			page 55


 672      E52ACB2A 
 672      5FF4AE72 
 673 1376 9B355A2E 		.ascii	"\2335Z.\011\265.[W\353\212P\353\252N\255n.\317VN]\037"
 673      09B52E5B 
 673      57EB8A50 
 673      EBAA4EAD 
 673      6E2ECF56 
 674 138d C5CC3D93 		.ascii	"\305\314=\223\270\371X\372\224\006\246\301\007'\372"
 674      B8F958FA 
 674      9406A6C1 
 674      0727FA
 675 139c 9792D26E 		.ascii	"\227\222\322n\362\227\222:\304\313C\265g.\374-\244\016"
 675      F297923A 
 675      C4CB43B5 
 675      672EFC2D 
 675      A40E
 676 13ae DA2397A1 		.ascii	"\332#\227\241\204\213\003\001\273n\273\316\037\007\317"
 676      848B0301 
 676      BB6EBBCE 
 676      1F07CF
 677 13bd EE01DB85 		.ascii	"\356\001\333\205$<;fV\355\211\234\224}\212!\3114\325"
 677      243C3B66 
 677      56ED899C 
 677      947D8A21 
 677      C934D5
 678 13d0 27191BBC 		.ascii	"'\031\033\274H+^M\322g\227\032\222]\256\321\354R\013"
 678      482B5E4D 
 678      D267971A 
 678      925DAED1 
 678      EC520B
 679 13e3 C9200B70 		.ascii	"\311 \013p\270\026\0373\012\242\353/x\036\274\352pm"
 679      B8161F33 
 679      0AA2EB2F 
 679      781EBCEA 
 679      706D
 680 13f5 F1892501 		.ascii	"\361\211%\001\014\356\277B\262\251\203\200\303\327\011"
 680      0CEEBF42 
 680      B2A98380 
 680      C3D709
 681 1404 B44CDED8 		.ascii	"\264L\336\330\3429\376\300\207S\253\301\371W\022\234"
 681      E239FEC0 
 681      8753ABC1 
 681      F957129C 
 682 1414 3764E1ED 		.ascii	"7d\341\355=/\346\307%\353\336\234\332p;\0213\252\347"
 682      3D2FE6C7 
 682      25EBDE9C 
 682      DA703B11 
 682      33AAE7
 683 1427 5DF7D7ED 		.ascii	"]\367\327\355\376O\333_oz\333_\353ik\351\226\354\245"
 683      FE4FDB5F 
 683      6F7ADB5F 
 683      EB696BE9 
 683      96ECA5
 684 143a B5B40243 		.ascii	"\265\264\002C\377\3446\335`\357\200\213y\350\326\360"
 684      FFE436DD 
 684      60EF808B 
 684      79E8D6F0 
ARM GAS  /tmp/cczIMEmO.s 			page 56


 685 144a 7CBCCED1 		.ascii	"|\274\316\321\231\242\343\326\234\271+\213\346\314="
 685      99A2E3D6 
 685      9CB92B8B 
 685      E6CC3D
 686 1459 903EDBFA 		.ascii	"\220>\333\372\275\276h\306\334\027\367\372w!\207>\320"
 686      BDBE68C6 
 686      DC17F7FA 
 686      7721873E 
 686      D0
 687 146a F23165B8 		.ascii	"\3621e\270\317=\037g{\337\242\036\212-\212\362z\244"
 687      CF3D1F67 
 687      7BDFA21E 
 687      8A2D8AF2 
 687      7AA4
 688 147c 6E5194D5 		.ascii	"nQ\224\325~\014\354\020\203X}\312\370!\306\370\261q"
 688      7E0CEC10 
 688      83587DCA 
 688      F821C6F8 
 688      B171
 689 148e D3A276FC 		.ascii	"\323\242v\374\245,\220\031d\277~\273\017\213\274\231"
 689      A52C9019 
 689      64BF7EBB 
 689      0F8BBC99 
 690 149e 77146976 		.ascii	"w\024iv\253=Q4s\270\301\321\232\031]*Nn\356\301\307"
 690      AB3D5134 
 690      73B8C1D1 
 690      9A195D2A 
 690      4E6EEEC1 
 691 14b3 9E808F19 		.ascii	"\236\200\217\0311N\334}z\005&>\342\264)\224\211\236"
 691      314EDC7D 
 691      7A05263E 
 691      E2B42994 
 691      899E
 692 14c5 64A24DC1 		.ascii	"d\242M\301\365\324-'\331\210D\007\014\035\260/\335:"
 692      F5D42D27 
 692      D9884407 
 692      0C1DB02F 
 692      DD3A
 693 14d7 607F03D0 		.ascii	"`\177\003\320'\333\334@O\\\277\257W\202\374w<\305\006"
 693      27DBDC40 
 693      4F5CBFAF 
 693      5782FC77 
 693      3CC506
 694 14ea 2835A77C 		.ascii	"(5\247|aJ\366\275\264\305\015\265\307\002\255\361T["
 694      614AF6BD 
 694      B4C50DB5 
 694      C702ADF1 
 694      545B
 695 14fc 181DC3D3 		.ascii	"\030\035\303\323l\254\354\012\201\205]3\320Wq\362sl"
 695      6CACEC0A 
 695      81855D33 
 695      D05771F2 
 695      736C
 696 150e 5AA48D96 		.ascii	"Z\244\215\226J\007\310\332\377\2400\3652\270w\352\375"
 696      4A07C8DA 
 696      FFA030F5 
 696      32B877EA 
ARM GAS  /tmp/cczIMEmO.s 			page 57


 696      FD
 697 151f CC2B07ED 		.ascii	"\314+\007\355\014\315\216\261\317\366\220d\272M}H2\303"
 697      0CCD8EB1 
 697      CFF69064 
 697      BA4D7D48 
 697      32C3
 698 1531 A63D2461 		.ascii	"\246=$a\274t\017I^J\256\312?\256\333\3346\255V\330\244"
 698      BC740F49 
 698      5E4AAECA 
 698      3FAEDBDC 
 698      36AD56D8 
 699 1546 172CE5CD 		.ascii	"\027,\345\315\2316\223\255b\226\315ds\213\262\211\315"
 699      993693AD 
 699      6296CD64 
 699      738BB289 
 699      CD
 700 1557 6DB64DDD 		.ascii	"m\266M\335\334\350\302\272\315\255w\354\226\335mu\233"
 700      DCE8C2BA 
 700      CDAD77EC 
 700      96DD6D75 
 700      9B
 701 1568 9BEC2DD3 		.ascii	"\233\354-\323\317\261Y\315\364s\315$\236\347]\342\366"
 701      CFB159CD 
 701      F473CD24 
 701      9EE75DE2 
 701      F6
 702 1579 78BECD64 		.ascii	"x\276\315ds[@L_C_@\262\321]\340\321\301]%r\350\012\376"
 702      735B404C 
 702      5F435F40 
 702      B2D15DE0 
 702      D1C15D25 
 703 1591 8CED6BA0 		.ascii	"\214\355k\240\211.L<\247{,\367O\274\320\026\312h\242"
 703      892E4C3C 
 703      A77B2CF7 
 703      4FBCD016 
 703      CA68A2
 704 15a4 6DDA2ED0 		.ascii	"m\332.\320'~\353\374A\272\315\315\253\3121\226U\216"
 704      277EEBFC 
 704      41BACDCD 
 704      ABCA3196 
 704      558E
 705 15b6 F5AE7257 		.ascii	"\365\256rW\274\310f\266\271\305\011\265\026[Wk\211P"
 705      BCC866B6 
 705      B9C509B5 
 705      165B576B 
 705      8950
 706 15c8 6BA94EAD 		.ascii	"k\251N\255\2275?\273\204\247&\236m#\222\004\341\260"
 706      97353FBB 
 706      84A7269E 
 706      6D239204 
 706      E1B0
 707 15da 745AF159 		.ascii	"tZ\361Y\251\303r\"\321\304\214\262\324\346\023\235S"
 707      A9C37222 
 707      D1C48CB2 
 707      D4E6139D 
 707      53
 708 15eb 09D930FE 		.ascii	"\011\3310\376\025\0157F\336\354\254S\001\2618z\342\024"
ARM GAS  /tmp/cczIMEmO.s 			page 58


 708      150D3746 
 708      DEECAC53 
 708      01B1387A 
 708      E214
 709 15fd BACA3078 		.ascii	"\272\3120x\345\307\326\001\334g\231-\226>\006\275r\375"
 709      E5C7D601 
 709      DC67992D 
 709      963E06BD 
 709      72FD
 710 160f A82F65E2 		.ascii	"\250/e\342\314\310\035\344\\\343\343\306B\335RZR\334"
 710      CCC81DE4 
 710      5CE3E3C6 
 710      42DD525A 
 710      52DC
 711 1621 12CBD7E4 		.ascii	"\022\313\327\3449t\034q\"\211|\234\300\230.gL\227\337"
 711      39741C71 
 711      22897C9C 
 711      C0982E67 
 711      4C97DF
 712 1634 99FD50E1 		.ascii	"\231\375P\341\222\235\363\310\2644\361B\264\2031\205"
 712      929DF3C8 
 712      B434F142 
 712      B4833185 
 713 1644 976DA6DC 		.ascii	"\227m\246\334\330\234\250\350\231&\001\323\025\214\351"
 713      D89CA8E8 
 713      992601D3 
 713      158CE9
 714 1653 AF8C69D4 		.ascii	"\257\214i\324\371Gy\001\234\351\003\217L\217E\027\\"
 714      F9477901 
 714      9CE9038F 
 714      4C8F4517 
 714      5C
 715 1664 6DC89836 		.ascii	"m\310\2306&?\327\346\335\260\353y\256\002\236+\031\317"
 715      263FD7E6 
 715      DDB0EB79 
 715      AE029E2B 
 715      19CF
 716 1676 D5842705 		.ascii	"\325\204'\005\270oA\\rs\212o5\236\230XI\361\245\332"
 716      B86F415C 
 716      72738A6F 
 716      359E9858 
 716      49F1A5DA 
 717 168a D0B0DEB5 		.ascii	"\320\260\336\265\332\301\000\357d\311c\326\230\005\311"
 717      DAC100EF 
 717      64C963D6 
 717      9805C9
 718 1699 5AB3B05E 		.ascii	"Z\263\260^\247\206\365zcXw\322\205u\277\375W\0179\254"
 718      A786F57A 
 718      635877D2 
 718      8575BFFD 
 718      570F39AC 
 719 16ad 84F56F96 		.ascii	"\204\365o\226}|\203\231\304\033\315\302z\223YXo\026"
 719      7D7C8399 
 719      C41BCDC2 
 719      7A935958 
 719      6F16
 720 16bf FEFF3BF3 		.ascii	"\376\377;\363\377=s\227-VB\327p\377\377\027\320Dm/\316"
ARM GAS  /tmp/cczIMEmO.s 			page 59


 720      FF3D7397 
 720      2D5642D7 
 720      70FFFF17 
 720      D0446D2F 
 721 16d4 F2D3FC7F 		.ascii	"\362\323\374\1778\336\"\374?Y\347\377\375#7\\\010\264"
 721      38DE22FC 
 721      3F59E7FF 
 721      FD23375C 
 721      08B4
 722 16e6 12D65B2D 		.ascii	"\022\326[-\253\274\315,\254\267\233\206\365\016\241"
 722      ABBCCD2C 
 722      ACB79B86 
 722      F50EA1
 723 16f5 D64EEB6A 		.ascii	"\326N\353j\245\010\265v\351\324\032`\360\272\233\361"
 723      A508B576 
 723      E9D41A60 
 723      F0BA9BF1 
 724 1705 C1D4ED56 		.ascii	"\301\324\355V\010\267K\023n\327\331\222F\273\315\214"
 724      08B74B13 
 724      6ED7D992 
 724      46BBCD8C 
 725 1715 986AE676 		.ascii	"\230j\346vi\252\333\3551\272]g\235\333\015\264\352v"
 725      69AADBED 
 725      31BA5D67 
 725      9DDB0DB4 
 725      EA76
 726 1727 E9966D90 		.ascii	"\351\226m\220a&\361^3\267\3134s\273,a\237lf\237m\361"
 726      6126F15E 
 726      33B7CB34 
 726      73BB2C61 
 726      9F6C669F 
 727 173d 27AEDB43 		.ascii	"'\256\333C\177\343\366\031\00147W\347Wa\315>\341x\237"
 727      7FE3F619 
 727      01343757 
 727      E75761CD 
 727      3EE1789F 
 728 1751 B0CF7E9D 		.ascii	"\260\317~\235}\006Yu\273\003\226U\3161s\273\203\246"
 728      7D065975 
 728      BB039655 
 728      CE3173BB 
 728      83A6
 729 1763 6E972BD4 		.ascii	"n\227+\324\312\263\256V\276P\253@\247\326+\006\267{"
 729      CAB3AE56 
 729      BE50AB40 
 729      A7D62B06 
 729      B77B
 730 1775 C2DD6EA5 		.ascii	"\302\335n\245p\273\034\341v],it\310\314\210\205fnW\244"
 730      70BB1CE1 
 730      765D2C69 
 730      74C8CC88 
 730      85666E57 
 731 178a BADD61A3 		.ascii	"\272\335a\243\333u\321\271\335\253V\335\256\330\262"
 731      DB75D1B9 
 731      DDAB56DD 
 731      AED8B2
 732 1799 0D8E9849 		.ascii	"\015\216\230I\\b\346v\245fnW&\354s\224\331\347XL\321"
 732      5C62E676 
ARM GAS  /tmp/cczIMEmO.s 			page 60


 732      A5666E57 
 732      26EC7394 
 732      D9E7584C 
 733 17ae 7C1C9AC5 		.ascii	"|\034\232\305\355\363\015\320\234\312K\032\244\231\347"
 733      EDF30DD0 
 733      9CCA4B1A 
 733      A499E7
 734 17bd 5B7C4C98 		.ascii	"[|L\230\347\270\316<\257Y\365\272r\313\032\2370\363"
 734      E7B8CE3C 
 734      AF59F5BA 
 734      72CB1A9F 
 734      30F3
 735 17cf BA       		.ascii	"\272"
 736 17d0 93A65E77 		.ascii	"\223\246^wJhUaY\253\323B\2533:\255\006\033\234n\375"
 736      4A685561 
 736      59ABD342 
 736      AB333AAD 
 736      061B9C6E 
 737 17e5 32E674F1 		.ascii	"2\346t\361\302\351\362\204\323u\265\244\320Y3\023\236"
 737      C2E9F284 
 737      D375B5A4 
 737      D0593313 
 737      9E
 738 17f6 3373BAF3 		.ascii	"3s\272\363\252\323]0:]W\235\323\275n\325\351*-\233\240"
 738      AAD35D30 
 738      3A5D579D 
 738      D3BD6ED5 
 738      E92A2D9B 
 739 180b CA4CE28B 		.ascii	"\312L\342\213fNWm\346t\227\204y.3\363Lq\356\210u\204"
 739      664E576D 
 739      E6749784 
 739      792E33F3 
 739      4C71EE88 
 740 1821 1EE3E6F9 		.ascii	"\036\343\346\371\216\336\334\224\347\346\372j\366\031"
 740      8EDEDC94 
 740      E7E6FA6A 
 740      F619
 741 182f 89AF08FB 		.ascii	"\211\257\010\373\\\325\331g\210U\257\273fY\345\0323"
 741      5CD5D967 
 741      8855AFBB 
 741      6659E51A 
 741      33
 742 1840 AFAB35F5 		.ascii	"\257\2535\365\272:\241\326u\353j\335\020j\335\324\251"
 742      BA3AA1D6 
 742      75EB6ADD 
 742      106ADDD4 
 742      A9
 743 1851 F5067C3B 		.ascii	"\365\006|;\205\015M\232\231.M\232\026\036n\225o\331"
 743      850D4D9A 
 743      992E4D9A 
 743      161E6E95 
 743      6FD9
 744 1863 E0BEF736 		.ascii	"\340\276\3676\334\367\346\300\372\213\016\324\246\372"
 744      DCF7E6C0 
 744      FA8B0ED4 
 744      A6FA
 745 1871 B27ECC1A 		.ascii	"\262~\314\032\270\357]\025UtA\321\365c\356\300}/\276"
ARM GAS  /tmp/cczIMEmO.s 			page 61


 745      B8EF5D15 
 745      557441D1 
 745      F563EEC0 
 745      7D2FBE
 746 1884 6B53FB31 		.ascii	"kS\3731[\347\362~L\016\3265`\336\25426`\322\036\212"
 746      5BE7F27E 
 746      4C0ED635 
 746      60DEAC32 
 746      3660D21E 
 747 1899 06CC8BB1 		.ascii	"\006\314\213\261\317\334\200\271g3i\300|\212\357\333"
 747      CFDC80B9 
 747      673369C0 
 747      7C8AEFDB 
 748 18a9 BC3CE987 		.ascii	"\274<\351\207\006Lc\374\300\006\015\230\2076\255\001"
 748      064C63FC 
 748      C0060D98 
 748      8736AD01 
 749 18b9 A37F98CE 		.ascii	"\243\177\230\316\0330'\324\006\214\313\263\363G6\361"
 749      1B3027D4 
 749      068CCBB3 
 749      F34736F1 
 750 18c9 ECFC3160 		.ascii	"\354\3741`t\320\372c\\\361\254\274\336\306\037\343>"
 750      74D0FA63 
 750      5CF1ACBC 
 750      DEC61FE3 
 750      3E
 751 18da 827BF927 		.ascii	"\202{\371'6\355m\030`\230\353\336\2009\350\275\001\343"
 751      36ED6D18 
 751      6098EBDE 
 751      8039E8BD 
 751      01E3
 752 18ec B48BD75F 		.ascii	"\264\213\327_\200\327D\273\372\372\013\260\312\303\300"
 752      80D744BB 
 752      FAFA0BB0 
 752      CAC3C0
 753 18fb 0E118845 		.ascii	"\016\021\210E\307\0056\312%\325\347\305\373\347TMx\333"
 753      C70536CA 
 753      25D5E7C5 
 753      FBE7544D 
 753      78DB
 754 190d A5107764 		.ascii	"\245\020wd\0164\311\016\016\304[2Ui}\230\211\362\364"
 754      0E34C90E 
 754      0EC45B32 
 754      55697D98 
 754      89F2F4
 755 1920 2D99B79E 		.ascii	"-\231\267\236\332\222i\351\301\255&\333\335;0\017\017"
 755      DA9269E9 
 755      C1AD26DB 
 755      DD3B300F 
 755      0F
 756 1931 D00ECC14 		.ascii	"\320\016\314\024\273{\007f\252]t`\246\331\211\000\371"
 756      BB7B0766 
 756      AA5D7460 
 756      A6D98900 
 756      F9
 757 1942 863714BE 		.ascii	"\2067\024\276t{C\201v`\"\355n\250\213\016\314t;\357"
 757      747B4381 
ARM GAS  /tmp/cczIMEmO.s 			page 62


 757      766022ED 
 757      6EA88B0E 
 757      CC743BEF 
 758 1956 C010BE30 		.ascii	"\300\020\2760%kO\372lY\337\201\231a\017\243cx\246]t"
 758      256B4FFA 
 758      6C59DF81 
 758      99610FA3 
 758      6378A65D 
 759 196b 60A6D93D 		.ascii	"`\246\331=w`\350\264Yv\332\201\311W;0C\253\214\035\230"
 759      7760E8B4 
 759      5976DA81 
 759      C9573B30 
 759      43AB8C1D 
 760 1980 73774507 		.ascii	"swE\007\246[\354\263u`\242\354j\007f\266\335\245\003"
 760      A65BECB3 
 760      7560A2EC 
 760      6A0766B6 
 760      DDA503
 761 1993 D34DD781 		.ascii	"\323M\327\201y\333\245\003S-:0\335-\245\2509v\223\254"
 761      79DBA503 
 761      532D3A30 
 761      DD2DA5A8 
 761      397693AC 
 762 19a7 3CD76EB2 		.ascii	"<\327n\262\217\314\263\213}d\276\335\260\217t\327\355"
 762      8FCCB38B 
 762      7D64BEDD 
 762      B08F74D7 
 762      ED
 763 19b8 23EFC458 		.ascii	"#\357\304X\354\300,\260[M\252\277\230I\274\320\273\304"
 763      ECC02CB0 
 763      5B4DAABF 
 763      9849BCD0 
 763      BBC4
 764 19ca ED71B4DD 		.ascii	"\355q\264\335d\037\211\261\363\204\033k\247\011\367"
 764      641F89B1 
 764      F3841B6B 
 764      A709F7
 765 19d9 EEFE3933 		.ascii	"\356\37693\375Ck\364\255\212\005\271\353\012u\011\367"
 765      FD436BF4 
 765      AD8A05B9 
 765      EB0A7509 
 765      F7
 766 19ea 9F78919D 		.ascii	"\237x\221\235'\3348\273\226p\337]j\261\003\263\330\262"
 766      27DC38BB 
 766      9670DF5D 
 766      6AB103B3 
 766      D8B2
 767 19fc CA4BBCAB 		.ascii	"\312K\274\253\334\025/\265\233\355#\361B\255e\326\325"
 767      DC152FB5 
 767      9BED23F1 
 767      42AD65D6 
 767      D5
 768 1a0d 4A106A25 		.ascii	"J\020j%\352\324z\317\330\201Y\331N\344\004\302\241:"
 768      EAD47ACF 
 768      D88159D9 
 768      4EE404C2 
 768      A13A
ARM GAS  /tmp/cczIMEmO.s 			page 63


 769 1a1f A56E893F 		.ascii	"\245n\211?oIT\244{\351\300\034\311\211\264\031;0\313"
 769      6F4954A4 
 769      7BE9C01C 
 769      C989B419 
 769      3B30CB
 770 1a32 EDB407B1 		.ascii	"\355\264\007\261\302N\373\032S~\377evC\336\201)~\315"
 770      C24EFB1A 
 770      537EFF65 
 770      7643DE81 
 770      297ECD
 771 1a45 535FA332 		.ascii	"S_\2432!n\256\344\326rIb\\~e\\\212v\314\230\345\307"
 771      216EAEE4 
 771      D6724962 
 771      5C7E655C 
 771      8A76CC98 
 772 1a5b 45B9EC91 		.ascii	"E\271\354\221\313\334\202\302\233\201n=\226\225\214"
 772      CBDC82C2 
 772      9B816E3D 
 772      96958C
 773 1a6a CB2AC6E5 		.ascii	"\313*\306\345\374\211\222H\301%s\260'.g\266-9\022\350"
 773      FC899248 
 773      C12573B0 
 773      272E67B6 
 773      2D3912E8 
 774 1a7e D65559CD 		.ascii	"\326UY\315\270\254\261\363\256\312\373\206\232o-\305"
 774      B8ACB1F3 
 774      AECAFB86 
 774      9A6F2DC5 
 775 1a8e 8C0A4C43 		.ascii	"\214\012LC\365\212(\371zX\362\202\265f\216\277\316,"
 775      F58A28F9 
 775      7A58F282 
 775      B5668EBF 
 775      CE2C
 776 1aa0 54D7ABA1 		.ascii	"T\327\253\241\372\2331T{\350B\365\003\265\344\203:\301"
 776      FA9B3154 
 776      7BE842F5 
 776      03B5E483 
 776      3AC1
 777 1ab2 974DE849 		.ascii	"\227M\350I\037\331\010G\216\227\303\\$\375>NnE\330n"
 777      1FD90847 
 777      8E97C35C 
 777      24FD3E4E 
 777      6E45D86E 
 778 1ac6 6079F045 		.ascii	"`y\360EB\220 \377@\223\025_!LMU\263\344?$m\277(\303"
 778      429020FF 
 778      4093155F 
 778      214C4D55 
 778      B3E43F24 
 779 1ade 0AB628F9 		.ascii	"\012\266(\371C\261\232B\337v\366\036%\033-G\311&3|6"
 779      43B19A42 
 779      DF76F61E 
 779      251B2D47 
 779      C926337C 
 780 1af3 9B2586DF 		.ascii	"\233%\206\337\315\022\303\026\021A\311,\202j\236\254"
 780      CD12C316 
 780      1141C92C 
 780      826A9EAC 
ARM GAS  /tmp/cczIMEmO.s 			page 64


 781 1b03 29F409BD 		.ascii	")\364\011\275\305#h\024\320\034((}d\327\"\350G\274U"
 781      C5236814 
 781      D01C2828 
 781      7D64D722 
 781      E847BC55 
 782 1b17 44D0363B 		.ascii	"D\3206;\274\011\375>\015\242;\370}2w^f\346D)\3641'\037"
 782      BC09FD3E 
 782      0DA23BF8 
 782      7D32775E 
 782      66E64429 
 783 1b2f 0DE4B3E3 		.ascii	"\015\344\263\343o\356\326\265@\307\340\355\366P\242"
 783      6FEED6B5 
 783      40C7E0ED 
 783      F650A2
 784 1b3e F90E42FB 		.ascii	"\371\016B\373\001|\330_]\367[Y`\350\024Y\267bR\371\202"
 784      017CD85F 
 784      5DF75B59 
 784      60E81459 
 784      B76252F9 
 785 1b53 1A7FFD8A 		.ascii	"\032\177\375\212;)I\012!\371\203D\214\371\221Z\314\352"
 785      3B29490A 
 785      21F98344 
 785      8CF9915A 
 785      CCEA
 786 1b65 8CD9CBC5 		.ascii	"\214\331\313\305\230/y6\346.\325\230\275\\\214\371\222"
 786      982F7936 
 786      E62ED598 
 786      BD5C8CF9 
 786      92
 787 1b76 CE987FCC 		.ascii	"\316\230\177\314\216\331B\015\350\023%\177,V\363{\212"
 787      8ED9420D 
 787      E813257F 
 787      2C56F37B 
 787      8A
 788 1b87 31775B36 		.ascii	"1w[6f\252Y\312K3My{\204\301\322\255\033,C\030l/5\330"
 788      66AA59CA 
 788      4B334D79 
 788      7B84C1D2 
 788      AD1B2C43 
 789 1ba0 07DC601F 		.ascii	"\007\334`\037X4X&E?\213\320~d\325`\331\224d\037!\371"
 789      58345826 
 789      453F8BD0 
 789      7E64D560 
 789      D994641F 
 790 1bb6 2318EC4F 		.ascii	"#\030\354O\206L\261#\201\267$D\252\250\021\251\242\267"
 790      864CB123 
 790      81B72444 
 790      AAA811A9 
 790      A2B7
 791 1bc8 25F4F69B 		.ascii	"%\364\366\233\205\302\001\263T\221\243\246\212\203\306"
 791      85C201B3 
 791      5491A3A6 
 791      8A83C6
 792 1bd7 54D15B97 		.ascii	"T\321[\227*>\261zw\230k\331\336yf\022\347\233\005o\201"
 792      2A3EB17A 
 792      77986BD9 
 792      DE796612 
ARM GAS  /tmp/cczIMEmO.s 			page 65


 792      E79B056F 
 793 1bec 59F01E12 		.ascii	"Y\360\036\022\276Ph\267\3342*\022\276pX\267\375}j\365"
 793      BE5068B7 
 793      DC322A12 
 793      BE7058B7 
 793      FD7D6AF5 
 794 1c00 EEB0D8B2 		.ascii	"\356\260\330\262\312G\314\\\274\304\324\305K\205Ze\326"
 794      CA47CC5C 
 794      BCC4D4C5 
 794      4B855A65 
 794      D6
 795 1c11 D53A2AD4 		.ascii	"\325:*\324:\246S\3533\203\333\235\347n\267Z\270\335"
 795      3AA653EB 
 795      3383DB9D 
 795      E76EB75A 
 795      B8DD
 796 1c23 7DE1767D 		.ascii	"}\341v},it\334\314\210\345fnwBu\273\223F\267\353\243"
 796      2C6974DC 
 796      CC88E566 
 796      6E774275 
 796      BB9346B7 
 797 1c39 73BBCFAD 		.ascii	"s\273\317\255\272\335)\3136\2500\223\370\264\231\333"
 797      BADD29CB 
 797      36A83093 
 797      F8B499DB 
 798 1c49 9D3173BB 		.ascii	"\2351s\273\263\302>\347\354V{F\347\205y.\350\314\363"
 798      B3C23EE7 
 798      EC567B46 
 798      E785792E 
 798      E8CCF3
 799 1c5c 67AB5E57 		.ascii	"g\253^WiY\343*3\257\273h\352u\325B\253K\226\265\272"
 799      6959E32A 
 799      33AFBB68 
 799      EA75D542 
 799      AB4B96B5 
 800 1c71 2CB4BAA2 		.ascii	",\264\272\242\323\352\013\203\323\325r\247[.\234\356"
 800      D3EA0B83 
 800      D3D572A7 
 800      5B2E9CEE 
 801 1c81 9170BA97 		.ascii	"\221p\272\227-)t\325\314\204\327\314\234\256Fu\272Z"
 801      2D2974D5 
 801      CC84D7CC 
 801      9CAE4675 
 801      BA5A
 802 1c93 A3D3BDAC 		.ascii	"\243\323\275\254s\272\277Xu\272:\313&\270n&\361\015"
 802      73BABF58 
 802      75BA3ACB 
 802      26B86E26 
 802      F10D
 803 1ca5 33A7BB69 		.ascii	"3\247\273i\346t\267\204yn\333-\267\214\356\010\373\334"
 803      E674B784 
 803      796EDB2D 
 803      B78CEE08 
 803      FBDC
 804 1cb7 D5D9E7AF 		.ascii	"\325\331\347\257V\275\356\236e\225\357\233y\335\003"
 804      56BDEE9E 
 804      6595EF9B 
ARM GAS  /tmp/cczIMEmO.s 			page 66


 804      79DD03
 805 1cc6 53AF7B28 		.ascii	"S\257{(\324zd]\255\307B\255z\235Z_\326\273v\302\216"
 805      D47A645D 
 805      ADC742AD 
 805      7A9D5A5F 
 805      D6BB76C2 
 806 1cdb 1DCB3276 		.ascii	"\035\3132v\302\202=\264,\236@\313\002;\025\342\027\005"
 806      C2823DB4 
 806      2C9E40CB 
 806      023B15E2 
 806      1705
 807 1ced B07EC589 		.ascii	"\260~\305\211M\267x'\254\010^\276\376e{\371\002I\327"
 807      4DB77827 
 807      AC085EBE 
 807      FE657BF9 
 807      0249D7
 808 1d00 099BA840 		.ascii	"\011\233\250@'l\222\242v\302b\026\360NX\201\276\023"
 808      276C92A2 
 808      76C26216 
 808      F04E5881 
 808      BE13
 809 1d12 F6B74A63 		.ascii	"\366\267Jc'\254`\376r~w\3377\366\231;a\223\025\223N"
 809      27AC60FE 
 809      727E77DF 
 809      37F6993B 
 809      61931593 
 810 1d27 D867788A 		.ascii	"\330gx\212\342\345mz\350\2045\301S\025\350\204MS\264"
 810      E2E56D7A 
 810      E88435C1 
 810      5315E884 
 810      4D53B4
 811 1d3a 4E98FE85 		.ascii	"N\230\376\205u\336\011\213\362\025\2350\227\367\323"
 811      75DE098B 
 811      F2159D30 
 811      97F7D3
 812 1d49 2315F17E 		.ascii	"#\025\361~\372t\300\350\220\365\267\257\305\013\351"
 812      FA74C0E8 
 812      90F5B7AF 
 812      C50BE9
 813 1d58 3314FEF6 		.ascii	"3\024\376\3665a\205\360LE\355\204Q\206\205\356\235\260"
 813      356185F0 
 813      4C45ED84 
 813      518685EE 
 813      9DB0
 814 1d6a 43DE3B61 		.ascii	"C\336;a\263\024\336\011\243\274\242\024\321\011\243"
 814      B314DE09 
 814      A3BCA214 
 814      D109A3
 815 1d79 AC8A30B0 		.ascii	"\254\2120\260#\265m_\257\2350\242\246\241\0236[\321"
 815      23B56D5F 
 815      AF9D30A2 
 815      A6A11336 
 815      5BD1
 816 1d8b 75C26A72 		.ascii	"u\302jrx'\254H\337\011\373\373S;a\255=\270\325\034\305"
 816      7827AC48 
 816      DF09FBFB 
 816      533B61AD 
ARM GAS  /tmp/cczIMEmO.s 			page 67


 816      3DB8D51C 
 817 1da0 BD139654 		.ascii	"\275\023\226T\273\034:as\025\367N\330<Et\302\346\203"
 817      BB1C3A61 
 817      7315F74E 
 817      D83C4574 
 817      C2E683
 818 1db3 2687F55F 		.ascii	"&\207\365_\001|\351\366\025\000m\204-P\334@\027\215"
 818      017CE9F6 
 818      15006D84 
 818      2D50DC40 
 818      178D
 819 1dc5 B05F14DE 		.ascii	"\260_\024\336\010#la\312\266\203+\036\330\365\215\260"
 819      08236C61 
 819      CAB6832B 
 819      1ED8F58D 
 819      B0
 820 1dd6 854A181D 		.ascii	"\205J\030\035\303\321\212h\204\315W<7\302\350\264\030"
 820      C3D18A68 
 820      84CD573C 
 820      37C2E8B4 
 820      18
 821 1de7 85DE331C 		.ascii	"\205\3363\034V\033a_U\032\033a\223V\345\362FX\277\330"
 821      561B615F 
 821      551A1B61 
 821      9356E5F2 
 821      4658BFD8 
 822 1dfb 676B84C5 		.ascii	"gk\204\305*\332\237\244Q\\\032a\375t\215\260\177\250"
 822      2ADA9FA4 
 822      515C1A61 
 822      FD748DB0 
 822      7FA8
 823 1e0d 0D0A4CDF 		.ascii	"\015\012L\337\033\177\244\010[\305\352^\336x\237\340"
 823      1B7FA408 
 823      5BC5EA5E 
 823      DE789FE0 
 824 1e1d 1BA7089A 		.ascii	"\033\247\010\232\257\343\222\253\272i\275\263\270\265"
 824      AFE392AB 
 824      BA69BDB3 
 824      B8B5
 825 1e2b 9CA6BFA5 		.ascii	"\234\246\277\245\244\266X1\311\343K\024\223\235g\251"
 825      A4B65831 
 825      C9E34B14 
 825      939D67A9 
 826 1e3b 22769E78 		.ascii	"\"v\236x\305\260\363\364\327\355<\377\234u<\276\241"
 826      C5B0F3F4 
 826      D7ED3CFF 
 826      9C753CBE 
 826      A1
 827 1e4c 959D6799 		.ascii	"\225\235g\231b5\015'\230I\234\350]\342\366x\271b\366"
 827      62350D27 
 827      98499CE8 
 827      5DE2F678 
 827      B962F6
 828 1e5f 8768149E 		.ascii	"\207h\024\236\242\223\024\232\242\237,\336y\315\026"
 828      A293149A 
 828      A29F2CDE 
 828      79CD16
ARM GAS  /tmp/cczIMEmO.s 			page 68


 829 1e6e 3A5BD635 		.ascii	":[\3265\231f\035)\211\016\3207\231~Ux\212^\251h)z\330"
 829      99661D29 
 829      890ED037 
 829      997E5578 
 829      8A5EA968 
 830 1e85 9CF29C36 		.ascii	"\234\362\2346Vv\236U\226U^\355]\345\256x\215b\266\363"
 830      56769E55 
 830      96555EED 
 830      5DE5AE78 
 830      8D62B6F3 
 831 1e99 AC156AAD 		.ascii	"\254\025j\255\263\256\326z\241\326o:\265\376et\263\245"
 831      B3AED67A 
 831      A1D66F3A 
 831      B5FE6574 
 831      B3A5
 832 1eab 6B798133 		.ascii	"ky\2013\300\222\006\033\314\214\266\321\314\3156\251"
 832      C092061B 
 832      CC8CB6D1 
 832      CCCD36A9 
 833 1ebb 6EB6D9E8 		.ascii	"n\266\331\350f\003tn6\\u3]\253` o\025D\362V\301 \027"
 833      6603746E 
 833      365C7533 
 833      5DAB6020 
 833      6F1544F2 
 834 1ed3 49C7C6C9 		.ascii	"I\307\306\311m\340\017\321\260\260\357K\010\364\023"
 834      6DE00FD1 
 834      B0B0EF4B 
 834      08F413
 835 1ee2 18803FC5 		.ascii	"\030\200?\305\301#0\300b\013h\320#8A\036'>v\247L_!|"
 835      C12330C0 
 835      620B68D0 
 835      2338411E 
 835      273E76A7 
 836 1efa D1533A06 		.ascii	"\321S:\006\311\226\015\275\325\014\246mf\276\275\335"
 836      C9960DBD 
 836      D50CA66D 
 836      66BEBDDD 
 837 1f0a CCB77708 		.ascii	"\314\267w\010'\330\311\234 \371\316\251y8\364\027YW"
 837      27D8C99C 
 837      20F9CEA9 
 837      7938F417 
 837      5957
 838 1f1c F42EDF5C 		.ascii	"\364.\337\\W\345\247\257zS\204\023\354R\240\233\360"
 838      57E5A7AF 
 838      7A538413 
 838      EC52A09B 
 838      F0
 839 1f2d 8AF08311 		.ascii	"\212\360\203\021\252{\353\240~\325\005\352\327<C\275"
 839      AA7BEBA0 
 839      7ED505EA 
 839      D73C43BD 
 840 1f3d 5B85FA55 		.ascii	"[\205\372U3\250S=C=\230\360}\032\324i\226\241\336c\026"
 840      33A8533D 
 840      433D98F0 
 840      7D1AD469 
 840      96A1DE63 
 841 1f52 53E9A631 		.ascii	"S\351\2461\225!\340\334k\035\316L\001g\026\205s\260"
ARM GAS  /tmp/cczIMEmO.s 			page 69


 841      9521E0DC 
 841      6B1DCE4C 
 841      01671685 
 841      73B0
 842 1f64 8033DCAD 		.ascii	"\2003\334\255\240\253[\353R\320\265\363\260\363f\303"
 842      A0AB5BEB 
 842      52D0B5F3 
 842      B0F366C3 
 843 1f74 CE8BF7C1 		.ascii	"\316\213\367\3016ZL\213\225\234\350\014?V\320\335\003"
 843      365A4C8B 
 843      959CE80C 
 843      3F56D0DD 
 843      03
 844 1f85 EAE2F3E7 		.ascii	"\352\342\363\347R|t\005\335~Z\320\035\320\012\272\223"
 844      527C7405 
 844      DD7E5AD0 
 844      1DD00ABA 
 844      93
 845 1f96 A2A02BD6 		.ascii	"\242\240+\326\027t\337\270\024t"
 845      1774DFB8 
 845      1474
 846 1fa0 8FA34541 		.ascii	"\217\243EA\367\372\263\027t9f\005\335\347\370\240\342"
 846      F7FAB317 
 846      74396605 
 846      DDE7F8A0 
 846      E2
 847 1fb1 E5DB2D28 		.ascii	"\345\333-(\350\202p.-\350\362\264\202\316\360y\024/"
 847      E882702E 
 847      2DE8F2B4 
 847      82CEF079 
 847      142F
 848 1fc3 E836A905 		.ascii	"\3506\251\005\235\313\327P\371\212\370\032\252\0000"
 848      9DCBD750 
 848      F98AF81A 
 848      AA0030
 849 1fd2 3A62FD5B 		.ascii	":b\375[\037\361\371\323!\205\177\353\223\017\265A\241"
 849      1FF1F9D3 
 849      21857FEB 
 849      930FB541 
 849      A1
 850 1fe3 56D05186 		.ascii	"V\320Q\206%\356\005\335\021\357\005]\221(\350(\257\303"
 850      25EE05DD 
 850      11EF055D 
 850      9128E828 
 850      AFC3
 851 1ff5 6A414759 		.ascii	"jAGY\225b`G\302\342u"
 851      95626047 
 851      C2E275
 852 2000 CF2F93D7 		.ascii	"\317/\223\3275a\026(\325\327k\337>\265^\013\361\340"
 852      35611628 
 852      D5D76BDF 
 852      3EB55E0B 
 852      F1E0
 853 2012 35C51EEA 		.ascii	"5\305\036\352\265\332\243\264^;\342\241^+Q\353\265R"
 853      B5DAA3B4 
 853      5E3BE2A1 
 853      5E2B51EB 
ARM GAS  /tmp/cczIMEmO.s 			page 70


 853      B552
 854 2024 10B44CFF 		.ascii	"\020\264L\377I\331\227n\237\224\321z\255Lq\303T\324"
 854      49D9976E 
 854      9F94D17A 
 854      AD4C71C3 
 854      54D4
 855 2036 6B4745BD 		.ascii	"kGE\275V\302\212\260\364\324\253\313\375\364\365\332"
 855      56C28AB0 
 855      F4D4ABCB 
 855      FDF4F5DA 
 856 2046 31125630 		.ascii	"1\022V0\206\217\253\365Z\251\227z\215N+g\331\244L\255"
 856      868FABF5 
 856      5AA9977A 
 856      8D4E2B67 
 856      D9A44CAD 
 857 205a D7BE73A9 		.ascii	"\327\276s\251\327\316m\024\365\332\220g\254\327Nh\365"
 857      D7CE6D14 
 857      F5DA9067 
 857      ACD74E68 
 857      F5
 858 206b DA49D77A 		.ascii	"\332I\327zm\210\256^\033\351\245^#\266\322\012\264\357"
 858      6D88AE5E 
 858      1BE9A55E 
 858      23B6D20A 
 858      B4EF
 859 207d 8D3B67AA 		.ascii	"\215;g\252(\320\336\260\224\247N\231m\011\025f;\347"
 859      28D0DEB0 
 859      94A74E99 
 859      6D091566 
 859      3BE7
 860 208f 6975E73C 		.ascii	"iu\347<c\3349\337\320\355\234?X-\320\316Z\316\254\347"
 860      63DC39DF 
 860      D0ED9C3F 
 860      582DD0CE 
 860      5ACEACE7 
 861 20a3 CC243E6F 		.ascii	"\314$>o\266\211]0\333\304*E\326\255bY\367XM\326\251"
 861      B6895D30 
 861      DBC42A45 
 861      D6AD6259 
 861      F7584DD6 
 862 20b8 80D035FA 		.ascii	"\200\3205\372J&\373\336\303J\177}%sQd\335j]%3\312j\201"
 862      4A26FBDE 
 862      C34A7F7D 
 862      25735164 
 862      DD6A5D25 
 863 20d0 76C9B2CA 		.ascii	"v\311\262\312\227\3156\223+\246\233\311U\241\3265\353"
 863      97CD3693 
 863      2BA69BC9 
 863      55A1D635 
 863      EB
 864 20e1 6AD508B5 		.ascii	"j\325\010\265juj\375ht\263tQ\240\275iI\203:3\243]7s"
 864      6A756AFD 
 864      6874B374 
 864      51A0BD69 
 864      49833A33 
 865 20f9 B31BAA9B 		.ascii	"\263\033\252\233\3354\272\331\233:7\033m\325\315nY\306"
 865      DD34BAD9 
ARM GAS  /tmp/cczIMEmO.s 			page 71


 865      9B3A371B 
 865      6DD5CD6E 
 865      59C6
 866 210b FCB699C4 		.ascii	"\374\266\231\304w\314\334\354\256\231\233\335\023\366"
 866      77CCDCEC 
 866      AE999BDD 
 866      13F6
 867 2119 B8AF587E 		.ascii	"\270\257X~/\370\201\260\307C\235=\306Xu\263G\226U~l"
 867      2FF881B0 
 867      C7439D3D 
 867      C65875B3 
 867      4796557E 
 868 212e E666F5A6 		.ascii	"\346f\365\246n\366D\250\345tXVk\242\203\2535\311\241"
 868      6EF644A8 
 868      E5745856 
 868      6BA283AB 
 868      35C9A1
 869 2141 A935562D 		.ascii	"\2515V-X0\373#\326K~d\346\336\210\341\343;\370\354\224"
 869      5830FB23 
 869      D64B7E64 
 869      E6DE88E1 
 869      E33BF8EC 
 870 2156 FD8524D8 		.ascii	"\375\205$\330p\012\335\376B\222\017\311\226\016\366"
 870      700ADDFE 
 870      42920FC9 
 870      960EF6
 871 2165 17927E82 		.ascii	"\027\222~\202\267\272d\355\313\324\372\002\177\366\301"
 871      B7BA64ED 
 871      CBD4FA02 
 871      7FF6C1
 872 2174 DEDBFA9B 		.ascii	"\336\333\372\233]\011^\253q\360\357\367\336&KtG\260"
 872      5D095EAB 
 872      71F0EFF7 
 872      DE264B74 
 872      47B0
 873 2186 D6D85DDB 		.ascii	"\326\330]\333\313\341\373\275q\206W\303R/U\257\305\214"
 873      CBE1FBBD 
 873      718657C3 
 873      522F55AF 
 873      C58C
 874 2198 C95B9610 		.ascii	"\311[\226\020\235\3520q\242i\016\023\267\217t\010\267"
 874      9DEA3071 
 874      A2690E13 
 874      B78F7408 
 874      B7
 875 21a9 9FEE30FC 		.ascii	"\237\3560\374q\377\267tn?~\343\334\251l\233\306\264"
 875      71FFB774 
 875      6E3F7EE3 
 875      DCA96C9B 
 875      C6B4
 876 21bb 70F5FE47 		.ascii	"p\365\376G\351g8\254:\301L3\221gy\027\271=\216r\230"
 876      E96738AC 
 876      3AC14C33 
 876      91677917 
 876      B93D8E72 
 877 21d0 F8FD6C07 		.ascii	"\370\375l\007\377\203\365s\230\203\354\236ZW\340\027"
 877      FF83F573 
ARM GAS  /tmp/cczIMEmO.s 			page 72


 877      9883EC9E 
 877      5A57E017 
 878 21e0 BA91E7A1 		.ascii	"\272\221\347\241\361@s`R\366!\335\215b\004\236\353\340"
 878      F1407360 
 878      52F621DD 
 878      8D62049E 
 878      EBE0
 879 21f2 7F7E7E9E 		.ascii	"\177~~\236\003\212\332\267\205\217D\034\026\237qJOQ"
 879      038ADAB7 
 879      858F441C 
 879      169F714A 
 879      4F51
 880 2204 7BBE65B5 		.ascii	"{\276e\265\027xW\273+\376\305a\346\373\013\205j\321"
 880      177857BB 
 880      2BFEC561 
 880      E6FB0B85 
 880      6AD1
 881 2216 D6558B11 		.ascii	"\326U\213\021\252\305\032U\233\2409m\015\236\224\230"
 881      AAC51A55 
 881      9BA0396D 
 881      0D9E9498 
 882 2226 BCBA154C 		.ascii	"\274\272\025L\203\252\351Fj\234\302\034V\301\213\230"
 882      83AAE946 
 882      6A9CC21C 
 882      56C18B98 
 883 2236 C3CE9231 		.ascii	"\303\316\2221\233>)\003~\276\321\363\2731?\206\367\034"
 883      9B3E2903 
 883      7EBED1F3 
 883      BB313F86 
 883      F71C
 884 2248 3B32A2E7 		.ascii	";2\242\347\220O\207~\375\311\2207\207\366\034\362\341"
 884      904F877E 
 884      FDC99037 
 884      87F61CF2 
 884      E1
 885 2259 C84FC674 		.ascii	"\310O\306t\0372v\354\370\236\303\340\360n\370\250Qc"
 885      1F3276EC 
 885      F89EC3E0 
 885      F06EF8A8 
 885      5163
 886 226b BE18336E 		.ascii	"\276\0303n\324\210\236\337\301\351\277\341\364\353\037"
 886      D4889EDF 
 886      C1E9BFE1 
 886      F4EB1F
 887 227a 878D8F08 		.ascii	"\207\215\217\010\037\327c8\262\215\0363\"\334\036\376"
 887      1FD76338 
 887      B28D1E33 
 887      22DC1EFE 
 888 228a 73F8E808 		.ascii	"s\370\350\010\205]\264\1773j\330\267\343q\204c|\370"
 888      855DB47F 
 888      336AD8B7 
 888      E3718463 
 888      7CF8
 889 229c B89F470E 		.ascii	"\270\237G\016\017w\214\032\026\021>z\370\377k\335q|"
 889      0F778C1A 
 889      16113E7A 
 889      F8FF6BDD 
ARM GAS  /tmp/cczIMEmO.s 			page 73


 889      717C
 890 22ae E78E13BA 		.ascii	"\347\216\023\272\014\014\0316f\374[\377\372v\310x2\036"
 890      0C0C1936 
 890      66FC5BFF 
 890      FA76C878 
 890      321E
 891 22c0 11F2CDB0 		.ascii	"\021\362\315\260\221\243\302G\240\240\277u\234\360U"
 891      91A3C247 
 891      A0A0BF75 
 891      9CF055
 892 22cf 085D2B84 		.ascii	"\010]+\204.\026\352\207\002\264k\203\375\320`sY\177"
 892      2E16EA87 
 892      02B46B83 
 892      FDD06073 
 892      597F
 893 22e1 1C3962C4 		.ascii	"\0349b\304\250\360\177\017\033\027\336s\302'\237\365"
 893      A8F07F0F 
 893      1B17DE73 
 893      C2279FF5 
 894 22f1 1C397A78 		.ascii	"\0349zx\317\011\343\"\276\036\027\376\323\204\360\361"
 894      CF09E322 
 894      BE1E17FE 
 894      D384F0F1 
 895 2301 113DBE43 		.ascii	"\021=\276C\2755EB>\244\202\016\014\2310\372\207\321"
 895      BD354542 
 895      3EA4820E 
 895      0C9930FA 
 895      87D1
 896 2313 63FE3D3A 		.ascii	"c\376=:$b\334\310o\277\015\037\027B\325\010\031\027"
 896      2462DCC8 
 896      6FBF0D1F 
 896      1742D508 
 896      1917
 897 2325 3E3C7CE4 		.ascii	"><|\344\317\341#\374\220\335\367\335O>C2\221\245\371"
 897      CFE123FC 
 897      90DDF7DD 
 897      4F3E4332 
 897      91A5F9
 898 2338 C09011E1 		.ascii	"\300\220\021\341\303F\214\0329:<\344\347\221c\210J#"
 898      C3468C1A 
 898      393A3CE4 
 898      E7916388 
 898      4A23
 899 234a C78CF643 		.ascii	"\307\214\366CM\007\206|?2\202\360\322_l\006\214\303"
 899      4D07867C 
 899      3F3282F0 
 899      D25F6C06 
 899      8CC3
 900 235c FF676CF8 		.ascii	"\377gl\370\360\210\360\021!\343#\206EL\030\017\274\336"
 900      F088F011 
 900      21E32386 
 900      454C180F 
 900      BCDE
 901 236e 26BC7C42 		.ascii	"&\274|BC:w\034\337\305\017)?\017\0335r\004\362\0319"
 901      433A771C 
 901      DFC50F29 
 901      3F0F1B35 
ARM GAS  /tmp/cczIMEmO.s 			page 74


 901      7204F219 
 902 2383 9A9DD87D 		.ascii	"\232\235\330}?%\303M\311\360\204\361\341\337L\0305:"
 902      3F25C34D 
 902      C9F084F1 
 902      E1DF4C18 
 902      353A
 903 2395 7CFCF881 		.ascii	"|\374\370\201!\035\277\351\002\224\037\221\241\276\036"
 903      211DBFE9 
 903      02941F91 
 903      A1BE1E
 904 23a4 E5579731 		.ascii	"\345W\2271\212>0$\354\177:\206\365\377\213\037\372?"
 904      8A3E3024 
 904      EC7F3A86 
 904      F5FF8B1F 
 904      FA3F
 905 23b6 AAA648CE 		.ascii	"\252\246H\316"
 906              		.text
 907              		.section	.gnu.lto__helloworld_masterShutdown.d70710ac7c427607,"e",%progbits
 908 0000 789C9594 		.ascii	"x\234\225\224_lSU\034\307\317\367\236\373\247\353\272"
 908      5F6C5355 
 908      1CC7CFF7 
 908      9EFBA7EB 
 908      BA
 909 0011 8922382C 		.ascii	"\211\"8,j\227@\306\314\\\233\350\223OV\\bH|\020\037"
 909      6A9740C6 
 909      CC5C9BE8 
 909      934F565C 
 909      62487C10 
 910 0026 E48D1457 		.ascii	"\344\215\024We\311\240\313:\343\233\334\326\262\021"
 910      65C9A0CB 
 910      3AE39BDC 
 910      D6B211
 911 0035 46C03F93 		.ascii	"F\300?\223\265`\275\316e\352\324\300\026\014:6]\331"
 911      B560BDCE 
 911      65EAD4C0 
 911      160C3A36 
 911      5DD9
 912 0047 06CA1C7F 		.ascii	"\006\312\034\177\3041\241`\007\350\352b*\276\250\350"
 912      C431A160 
 912      07E8EA62 
 912      2ABEA8E8 
 913 0057 83C3DF39 		.ascii	"\203\303\3379\267]\2112\2357\2717\347\234\337\357\373"
 913      B75D8932 
 913      9D37B937 
 913      E79CDFEF 
 913      FB
 914 0068 FBF339E7 		.ascii	"\373\3639\347\\\007\003+\325\031ka\214\325\323\013\007"
 914      5C07032B 
 914      D5196B61 
 914      8CD5D30B 
 914      07
 915 0079 83629AE6 		.ascii	"\203b\232\346#F\304\241(<;\221X\252\232Nc\337\241l\215"
 915      2346C4A1 
 915      283C3B91 
 915      58AA9A4E 
 915      63DFA16C 
 916 008e 6ABAB8A2 		.ascii	"j\272\270\242\346\272\257,\243\025\255\343\322\233\367"
ARM GAS  /tmp/cczIMEmO.s 			page 75


 916      E6BAAF2C 
 916      A315ADE3 
 916      D29BF7
 917 009d D38A0A3D 		.ascii	"\323\212\012=\357\255\315\217t\030\371\221\001\310\221"
 917      EFADCD8F 
 917      7418F991 
 917      01C891
 918 00ac E900DBA6 		.ascii	"\351\000\333\246pU\323\015l\303\036\336\3111\322\226"
 918      7055D30D 
 918      6CC31EDE 
 918      C931D296 
 919 00bc 1D50AADF 		.ascii	"\035P\252\337%\263\231\352\334\273\274\325\334^aq\306"
 919      25B399EA 
 919      DCBBBCD5 
 919      DC5E6171 
 919      C6
 920 00cd 12F4DA0F 		.ascii	"\022\364\332\017\216\240\232\3742\321\344\357\256\335"
 920      8EA09AFC 
 920      32D1E4EF 
 920      AEDD
 921 00db DCE2804A 		.ascii	"\334\342\200J\323\216\361\217N8\305T\201\207\246\235"
 921      D38EF18F 
 921      4E38C554 
 921      8187A69D 
 922 00eb 5D231917 		.ascii	"]#\031\027\257\003\243\361\341\331\217\327U\365\230"
 922      AF03A3F1 
 922      E1D98FD7 
 922      55F598
 923 00fa 66D44CE5 		.ascii	"f\324L\345z\270\271\312\342\034\237\202SD\014\301\215"
 923      7AB8B9CA 
 923      E21C9F82 
 923      53440CC1 
 923      8D
 924 010b 41B819A3 		.ascii	"A\270\031\2435\212\374\031\252\310?\231\234\233\324"
 924      358AFC19 
 924      AAC83F99 
 924      9C9BD4
 925 011a F83AA99D 		.ascii	"\370:\251\235\355\355\237D^<V\0217S\260\270\212a[\375"
 925      EDED9F44 
 925      5E3C5611 
 925      3753B0B8 
 925      8A615BFD 
 926 012e A01B3EA9 		.ascii	"\240\033>\251UI\233\222\332?\207[\273\\\374I\251\035"
 926      55499B92 
 926      DA3F875B 
 926      BB5CFC49 
 926      A91D
 927 0140 9E7EA7DF 		.ascii	"\236~\247\337\221\327\376\262b\237\231R-\256\341\350"
 927      91D7FEB2 
 927      629F9952 
 927      2DAEE1E8 
 928 0150 3F326BA4 		.ascii	"?2k\244\036A\025\023\232\253\375s\257\227\351j\276]"
 928      1E411513 
 928      9AABFD73 
 928      AF97E96A 
 928      BE5D
 929 0162 8C42A77D 		.ascii	"\214B\247}`\354\340Y-e\316\335h3S\331\015]\177\324\270"
ARM GAS  /tmp/cczIMEmO.s 			page 76


 929      60ECE059 
 929      2D65CEDD 
 929      683353D9 
 929      0D5D7FD4 
 930 0177 40325DA1 		.ascii	"@2]\241\217\301\351C`\355\000\355\234\011n*\314\024"
 930      8FC1E943 
 930      60ED00ED 
 930      9C096E2A 
 930      CC14
 931 0189 63BBB862 		.ascii	"c\273\270bO\"4\231Alz\364\332y]DLr\035\265n\311r\027"
 931      4F223499 
 931      416C7AF4 
 931      DA795D44 
 931      4C721DB5 
 932 01a1 E787682B 		.ascii	"\347\207h+!|\360#\242C%\266\003\250\224\335/\375\234"
 932      217CF023 
 932      A24325B6 
 932      03A894DD 
 932      2FFD9C
 933 01b4 7108A225 		.ascii	"q\010\242%\262\233\344{\0237Jb\210F\034\264\322-\312"
 933      B29BE47B 
 933      13374A62 
 933      88461CB4 
 933      D22DCA
 934 01c7 A3C5A98B 		.ascii	"\243\305\251\213\307\317\240\007\335D\305\211c\210\001"
 934      C7CFA007 
 934      DD44C589 
 934      638801
 935 01d6 63A227B2 		.ascii	"c\242'\262\034yuG\237\356; *\360X\274\024\307\311-."
 935      1C797547 
 935      9FEE3B20 
 935      2AF058BC 
 935      14C7C92D 
 936 01eb 9B22636C 		.ascii	"\233\"cl\2667\355\2347\272\3609|q.\372\304\027\360\311"
 936      B637ED9C 
 936      37BAF039 
 936      7C712EFA 
 936      C417F0C9 
 937 01ff 5AD716EB 		.ascii	"Z\327\026\353\350i\177{\260L\324\341\202\202\023(\024"
 937      E8697F7B 
 937      B04CD4E1 
 937      82821328 
 937      14
 938 0210 AE46A7DE 		.ascii	"\256F\247\336xH\324\255\344\320\346\221\244\376VeYB"
 938      7848D4AD 
 938      E4D0E691 
 938      A4FE5665 
 938      5942
 939 0222 C4C43895 		.ascii	"\304\3048\225\265\270\006\276\374\267\006&\026n\240"
 939      B5B806BE 
 939      FCB70626 
 939      166EA0
 940 0231 1C274503 		.ascii	"\034'E\003\212m;z.\375\032\027yvH\343m8\005\237\275"
 940      8A6D3B7A 
 940      2EFD1A17 
 940      797648E3 
 940      6D38059F 
ARM GAS  /tmp/cczIMEmO.s 			page 77


 941 0246 91A7293E 		.ascii	"\221\247)>9\234\034\276\376\233Q\271\3012\343d^\"$C"
 941      399C1CBE 
 941      FE9B51B9 
 941      C132E364 
 941      5E222443 
 942 025a A3EF0F94 		.ascii	"\243\357\017\224\013I\\Jn\307\031T\332\222\257l\311"
 942      0B495C4A 
 942      6EC71954 
 942      DA92AF6C 
 942      C9
 943 026b 81B19FF6 		.ascii	"\201\261\237\366+\225\212-\271CHN]\337;h\024%Kq\266"
 943      2B958A2D 
 943      B943484E 
 943      5DDF3B68 
 943      14254B71 
 944 0280 20F9DA96 		.ascii	" \371\332\226\\\316\214fu\201\355N\034S0\011\267\305"
 944      5CCE8C66 
 944      7581ED4E 
 944      1C533009 
 944      B7C5
 945 0292 9749705A 		.ascii	"\227IpZ\377\313}3L\220\343\377A\356\334\242\311M-Ln"
 945      FFCB7D33 
 945      4C90E3FF 
 945      41EEDCA2 
 945      C94D2D4C 
 946 02a7 39BE91E4 		.ascii	"9\276\221\344\362\262\221\235\255S\316\"\235\273p\276"
 946      F2B2919D 
 946      AD53CE22 
 946      9DBB70BE 
 947 02b7 40E7C2A2 		.ascii	"@\347\302\242\351\244\013\255^\\4\235K\005\311\267\242"
 947      E9A40BAD 
 947      5E5C349D 
 947      4B05C9B7 
 947      A2
 948 02c8 D29B68E8 		.ascii	"\322\233h\350\363\347_\313!vK\032\025\011\261\265\310"
 948      F3E75FCB 
 948      21764B1A 
 948      1509B1B5 
 948      C8
 949 02d9 E469BCF2 		.ascii	"\344i\274\362a\272Vp]\201\0271-\002\335-\003\031\305"
 949      61BA5670 
 949      5D811731 
 949      2D02DD2D 
 949      0319C5
 950 02ec CB262E52 		.ascii	"\313&.R\357\376R\373\010+7_%\267\214\220J\367]('t\021"
 950      EFFE52FB 
 950      082B375F 
 950      25B78C90 
 950      4AF75D28 
 951 0303 9BD04A71 		.ascii	"\233\320Jq!/\347\341E\254\351O\212\360\356\301\025\011"
 951      212FE7E1 
 951      45ACE94F 
 951      8AF0EEC1 
 951      1509
 952 0315 4FB5E11D 		.ascii	"O\265\341\035\236<8^2o4pU\034;M\334\233\357\350\336"
 952      9E3C385E 
 952      326F3470 
ARM GAS  /tmp/cczIMEmO.s 			page 78


 952      551C3B4D 
 952      DC9BEFE8 
 953 032a 50DA8E9D 		.ascii	"P\332\216\235\260\263\362\377\231\346\373\205\323\334"
 953      B0B3F2FF 
 953      99E6FB85 
 953      D3DC
 954 0338 8B199146 		.ascii	"\213\031\221F\267m\361=\037\014\310\375\263\215\016"
 954      B76DF13D 
 954      1F0CC8FD 
 954      B38D0E
 955 0347 642933C3 		.ascii	"d)3\303\017\002N\016\333o\011\360\276\204\374\273\316"
 955      0F024E0E 
 955      DB6F09F0 
 955      BE84FCBB 
 955      CE
 956 0358 0A1F0242 		.ascii	"\012\037\002B\325Y\334\303\256!\372\326\2575\322_<\355"
 956      D559DCC3 
 956      AE21FAD6 
 956      AF35D25F 
 956      3CED
 957 036a 1CC57F17 		.ascii	"\034\305\177\027c\217z7\207\266\004\275M\015-^\377S"
 957      638F7A37 
 957      87B604BD 
 957      4D0D2D5E 
 957      FF53
 958 037c 751BD7FB 		.ascii	"u\033\327\373\327\326y\375O4\254\017=\340oj\012{\003"
 958      D7D679FD 
 958      4F34AC0F 
 958      3DE06F6A 
 958      0A7B03
 959 038f E2F378B0 		.ascii	"\342\363x\260\2611\364t\250\271\261\336\273Y\014_\020"
 959      B131F474 
 959      A8B9B1DE 
 959      BB590C5F 
 959      10
 960 03a0 C38D5B02 		.ascii	"\303\215[\002\341\226`s\3553L\335\032\252\017\352\315"
 960      E1966073 
 960      ED334CDD 
 960      1AAA0FEA 
 960      CD
 961 03b1 C14038B4 		.ascii	"\301@8\264U\267WW\256\016\257Y\375|\365\303\236@(\374"
 961      55B75757 
 961      AE0EAF59 
 961      FD7CF5C3 
 961      9E4028FC 
 962 03c5 D8A6E7FC 		.ascii	"\330\246\347\374\341p\260\271\305\363l\240\2411X\317"
 962      E170B0B9 
 962      C5F36CA0 
 962      A13158CF 
 963 03d5 FE02DFD1 		.ascii	"\376\002\337\321\036>"
 963      1E3E
 964              		.text
 965              		.section	.gnu.lto_helloWorldMasterInit.d70710ac7c427607,"e",%progbits
 966 0000 789C9D57 		.ascii	"x\234\235WiP\024G\024\2367=\273\263\027G\024\257@\""
 966      69501447 
 966      149E373D 
 966      BBB31747 
ARM GAS  /tmp/cczIMEmO.s 			page 79


 966      14AF4022 
 967 0014 245E1815 		.ascii	"$^\030\025\0225\207\271$\306\252\374H~\304\374H\345"
 967      123587B9 
 967      24C6AAFC 
 967      487EC4FC 
 967      48E5
 968 0026 47621141 		.ascii	"Gb\021A\335\212\026\024\220\344_\034V.\357[\031\025"
 968      DD8A1614 
 968      90E45F1C 
 968      562EEF5B 
 968      1915
 969 0038 57455440 		.ascii	"WET@Q\343Q\301\023\361\210\007\032O\242\010\030\215"
 969      51E351C1 
 969      13F18807 
 969      1A4FA208 
 969      188D
 970 004a 27821AE3 		.ascii	"'\202\032\343\031\003\346\275\356\331e\203\353\272J"
 970      1903E6BD 
 970      EED96583 
 970      EBBA4A
 971 0059 D576754F 		.ascii	"\325vuO\277\357\275\257\277\367\336\364`\221@\252\017"
 971      BFEFBDAF 
 971      BFF7DEF4 
 971      609140AA 
 971      0F
 972 006a 93A45C49 		.ascii	"\223\244\\I\222J\361\007!\022\310\232\246\015V3-\262"
 972      924AF107 
 972      2112C89A 
 972      A60D5633 
 972      2DB2
 973 007c CC2E55E9 		.ascii	"\314.U\351\355\025\315\246\316_\177\251\217\2429\230"
 973      ED15CDA6 
 973      CE5F7FA9 
 973      8FA23998 
 974 008c AC34169E 		.ascii	"\2544\026\236\353\200OL\263k\027\365\306'\012\230\015"
 974      EB804F4C 
 974      B36B17F5 
 974      C6270A98 
 974      0D
 975 009d 6B937766 		.ascii	"k\223wf\006\325\230\251\262\305\360\3400<Xd\253\341"
 975      06D598A9 
 975      B2C5F0E0 
 975      303C5864 
 975      ABE1
 976 00af C16678B0 		.ascii	"\301fx\260\202\335\260\266ygvp\0303\007\000\237i\026"
 976      82DDB0B6 
 976      79677670 
 976      18330700 
 976      9F6916
 977 00c2 90C6C94C 		.ascii	"\220\306\311L1\231U\213\325fw\3008\230\306\3461\250"
 977      3199558B 
 977      D56677C0 
 977      3898C6E6 
 977      31A8
 978 00d4 CCBD542E 		.ascii	"\314\275T.\307\256@\033\255b\336\334N9Zvg7\223$\035"
 978      C7AE401B 
 978      AD62DEDC 
ARM GAS  /tmp/cczIMEmO.s 			page 80


 978      4E395A76 
 978      67379324 
 979 00e9 7FE20F36 		.ascii	"\177\342\0176C,\332\325\273\012\356;\24627\003Pp9\373"
 979      432CDAD5 
 979      BB0AEE3B 
 979      A6323703 
 979      507039FB 
 980 00fd C086FD36 		.ascii	"\300\206\3756Z\312\020\215\313\346\0359K\034l(H8o\\"
 980      5ACA108D 
 980      CBE61D39 
 980      4B1C6C28 
 980      48386F5C 
 981 0111 B62FCFD4 		.ascii	"\266/\317\324\263H\323\\Z\305\356\345L\353\346f\014"
 981      B348D35C 
 981      5AC5EEE5 
 981      4CEBE666 
 981      0C
 982 0122 B6014397 		.ascii	"\266\001C\227\260\025\"a\013DJ\022>C\327\333\241'\002"
 982      B0152261 
 982      0B444A12 
 982      3E43D7DB 
 982      A12702
 983 0135 4A5D979B 		.ascii	"J]\227\233\030\373\224\203\313\232\036\034\0151\300"
 983      18FB9483 
 983      CB9A1E1C 
 983      0D31C0
 984 0144 B55DE66B 		.ascii	"\265]\346k\025\212\233)\260\3431\264\202\350\012\216"
 984      158A9B29 
 984      B0E331B4 
 984      82E80A8E 
 985 0154 2ED9D050 		.ascii	".\331\320P\015\354s\216>Q\250\2251\003};J\240M\260\363"
 985      0DEC738E 
 985      3E51A895 
 985      31037D3B 
 985      4AA04DB0 
 986 0169 31B409D1 		.ascii	"1\264\011\321\225\034\235\263g\372\226\020q,\031\227"
 986      951C9DB3 
 986      67FA9610 
 986      712C1997 
 987 0179 4B4E1E71 		.ascii	"KN\036q\2018V8.\027\326W\317t\260\257\270\357\206\242"
 987      81385638 
 987      2E17D657 
 987      CF74B0AF 
 987      B8EF86A2 
 988 018d 658DAAE1 		.ascii	"e\215\252\341\373zm\2739\343\265^nf\206=\302\371nt\276"
 988      FB7A6DBB 
 988      39E3B55E 
 988      6E66863D 
 988      C2F96E74 
 989 01a2 4B3837A3 		.ascii	"K87\243\363\275\334y\361\254\2079\214%rx\241\236\335"
 989      F3BDDC79 
 989      F1AC8739 
 989      8C257278 
 989      A19EDD
 990 01b5 D14057D7 		.ascii	"\321@W\327u\024h\025~}\014\255\"z\037\364\224\010s~"
 990      75146815 
 990      7E7D0CAD 
ARM GAS  /tmp/cczIMEmO.s 			page 81


 990      227A1FF4 
 990      9408737E 
 991 01c9 5DCB9C10 		.ascii	"]\313\234\020\263b$\003\366\203\031\213M\222\326\034"
 991      B3622403 
 991      F683198B 
 991      4D92D61C 
 992 01d9 3355682D 		.ascii	"3Uh-\217r\265\212\273_/)\037\330\003\020f\221i`8X\025"
 992      8F72B58A 
 992      BB5F2F29 
 992      1FD80310 
 992      66916960 
 993 01f0 1C6C261C 		.ascii	"\034l&\034\354f\034\034*\016!\026\034B\2558\204\331"
 993      EC661C1C 
 993      2A0E2116 
 993      1C42AD38 
 993      84D9
 994 0202 70080F03 		.ascii	"p\010\017\003\222>\002H\204\316@BF\001q\356\012\"\366"
 994      923E0248 
 994      84CE4042 
 994      460171EE 
 994      0A22F6
 995 0215 24265141 		.ascii	"$&QA(\240UH\322d&\213E&..B\326\331]-uf\"S\300\302\220"
 995      28A05548 
 995      D264268B 
 995      45262E2E 
 995      42D6D95D 
 996 0231 E4D4F137 		.ascii	"\344\324\3617\352-$\031\003\011\016\320!$\302\260\365"
 996      EA2D2419 
 996      03090ED0 
 996      2124C2B0 
 996      F5
 997 0242 58B84018 		.ascii	"X\270@\030h\000\327V\253\000\200/\340\005.L\301\312"
 997      6800D756 
 997      AB00802F 
 997      E0052E4C 
 997      C1CA
 998 0254 AA47D62C 		.ascii	"\252G\326,peZ\360I!\235\024\037V\237\331{\004\212\240"
 998      70655AF0 
 998      49219D14 
 998      1F569FD9 
 998      7B048AA0 
 999 0268 10DCAC1D 		.ascii	"\020\334\254\035TA\026\300A\362\214;\233g\346\2555\307"
 999      544116C0 
 999      41F28C3B 
 999      9B67E6AD 
 999      35C7
 1000 027a 9711A368 		.ascii	"\227\021\243h7k\017\207\320,\237\353\203\233YW\212k"
 1000      376B0F87 
 1000      D02C9FEB 
 1000      839B5957 
 1000      8A6B
 1001 028c 6CDECD08 		.ascii	"l\336\315\0108\014\361\371\214$\203\337 \236s\037\322"
 1001      380CF1F9 
 1001      8C2483DF 
 1001      209E731F 
 1001      D2
 1002 029d CAA368D2 		.ascii	"\312\243h\322R\221\372\010\220\341\210\227\270\342\252"
ARM GAS  /tmp/cczIMEmO.s 			page 82


 1002      5291FA08 
 1002      90E18897 
 1002      B8E2AA
 1003 02ac 5E388078 		.ascii	"^8\200x\313\215\220\033\315Eo\303\262\203N>\341(\322"
 1003      CB8D901B 
 1003      CD456FC3 
 1003      B2834E3E 
 1003      E128D2
 1004 02bf 0AEE00C7 		.ascii	"\012\356\000\307\002\035\340\370\223\017\320\021N\320"
 1004      021DE0F8 
 1004      930FD011 
 1004      4ED0
 1005 02cd 0164B1B7 		.ascii	"\001d\261\267\363d\315,Fq\362\370f'8\011\361\242&\252"
 1005      F364CD2C 
 1005      4671F2F8 
 1005      66273809 
 1005      F1A226AA 
 1006 02e1 D13F1A1C 		.ascii	"\321?\032\034\332q\357\256\032\363\235[\313\307\355"
 1006      DA71EFAE 
 1006      1AF39D5B 
 1006      CBC7ED
 1007 02f0 CE04D9BA 		.ascii	"\316\004\331\272\253\244<\224 \371\034\322\005~\207"
 1007      ABA43C94 
 1007      20F91CD2 
 1007      057E87
 1008 02ff 18013925 		.ascii	"\030\0019% e\273\233\026\3101\262\200\274H\220\303\367"
 1008      2065BB9B 
 1008      16C831B2 
 1008      80BC4890 
 1008      C3F7
 1009 0311 E66E515B 		.ascii	"\346nQ[!\221p\332\003\251\021\220\332\233U\365\214d"
 1009      219170DA 
 1009      03A91190 
 1009      DA9B55F5 
 1009      8C64
 1010 0323 8B821B32 		.ascii	"\213\202\0332\234\201H7{\211\013gZ7}\355E\211\224cO"
 1010      9C814837 
 1010      7B890B67 
 1010      5A377DED 
 1010      45899463 
 1011 0338 51AE3668 		.ascii	"Q\2566h\345\352\236\254\334\313P\317\2253`\225\023s"
 1011      E5EA9EAC 
 1011      DCCB50CF 
 1011      95336095 
 1011      1373
 1012 034a AA6DADEA 		.ascii	"\252m\255\352t\205\263\036u\376\010Z\235s\236\243\236"
 1012      7485B31E 
 1012      75FE085A 
 1012      9D739EA3 
 1012      9E
 1013 035b 0F5A9D3F 		.ascii	"\017Z\235?=\220\013\304\324G\015\263\267\376M\215\220"
 1013      3D900BC4 
 1013      D4470DB3 
 1013      B7FE4D8D 
 1013      90
 1014 036c E5578D68 		.ascii	"\345W\215h\235R\013\027\0155f\254\252\351G\272\306\300"
 1014      9D520B17 
ARM GAS  /tmp/cczIMEmO.s 			page 83


 1014      0D3566AC 
 1014      AAE947BA 
 1014      C6C0
 1015 037e 4F70891C 		.ascii	"Op\211\034\275\302\035\251m\232\257\362\033Q\302\021"
 1015      BDC21DA9 
 1015      6D9AAFF2 
 1015      1B51C211 
 1016 038e BEAD64C2 		.ascii	"\276\255d\302\336\273\354-a\213\337\336\223\203R\374"
 1016      DEBBEC2D 
 1016      618BDFDE 
 1016      938352FC 
 1017 039e 4AA05ABD 		.ascii	"J\240Z\275\032\250\331\032\274\315v\355\377\315\346"
 1017      1AA8D91A 
 1017      BCCD76ED 
 1017      FFCDE6
 1018 03ad DB5DD660 		.ascii	"\333]\326`\273\2531\350\032i\012\304\370z\240\356\272"
 1018      BBAB31E8 
 1018      1A690AC4 
 1018      F87AA0EE 
 1018      BA
 1019 03be 11A8BB6E 		.ascii	"\021\250\273nz\352\347\257\240\353\347\226\247\030\376"
 1019      7AEAE7AF 
 1019      A0EBE796 
 1019      A718FE
 1020 03cd 0EBA7E6E 		.ascii	"\016\272~n{ w\004d\273\276:L4\327M\031\356\266\226\223"
 1020      7B207704 
 1020      64BBBE3A 
 1020      4C34D74D 
 1020      19EEB696 
 1021 03e2 2DE8E6BA 		.ascii	"-\350\346\272\027\264p\367\0035\327\203\200\315\365"
 1021      17B470F7 
 1021      0335D783 
 1021      80CDF5
 1022 03f1 8F479C87 		.ascii	"\217G\234\207A\213\363\257\347\244\315A\213\323\342"
 1022      418BF3AF 
 1022      E7A4CD41 
 1022      8BD3E2
 1023 0400 813C22A6 		.ascii	"\201<\"\246>j\330\203n.MF5|\333\311\321\332N\330\033"
 1023      3E6AD883 
 1023      6E2E4D46 
 1023      357CDBC9 
 1023      D1DA4ED8 
 1024 0415 B3276EDC 		.ascii	"\263'n\334\006\242J\351c\250\242f\355\351P\224'\023"
 1024      06A24AE9 
 1024      63A8A266 
 1024      EDE95094 
 1024      2713
 1025 0427 6D166FA6 		.ascii	"m\026o\246{\365U\274\344\304\255\206\333\231\356\263"
 1025      7BF555BC 
 1025      E4C4AD86 
 1025      DB99EEB3 
 1026 0437 BFB46AD4 		.ascii	"\277\264j\324\0152e\322H\021\032m={\341g\231\202\023"
 1026      0D3265D2 
 1026      48111A6D 
 1026      3D7BE167 
 1026      998213
 1027 044a 3614EF61 		.ascii	"6\024\357ap\311\361\310`<1\340\241\036\330E$\245m\244"
ARM GAS  /tmp/cczIMEmO.s 			page 84


 1027      70C9F1C8 
 1027      603C31E0 
 1027      A11ED845 
 1027      24A56DA4 
 1028 045e 4D2C70A4 		.ascii	"M,p\244\356\220\305#\231\374Dj\221\361\266\207l\036"
 1028      EE90C523 
 1028      99FC446A 
 1028      91F1B687 
 1028      6C1E
 1029 0470 2A874235 		.ascii	"*\207B5B\201v\001\374I\322C\347\037]\271d\205\347\025"
 1029      42817601 
 1029      FC49D243 
 1029      E71F5DB9 
 1029      6485E715 
 1030 0484 44EE35DF 		.ascii	"D\3565\337\2513Q\305\365\204S&\310\223#\013Xg_\234\310"
 1030      A93351C5 
 1030      F5845326 
 1030      C893230B 
 1030      58675F9C 
 1031 0499 782F1DBF 		.ascii	"x/\035\277\302x*& Z\\\374mLbu|\013q\223\211O2\351\255"
 1031      C2782A26 
 1031      205A5CFC 
 1031      6D4C6275 
 1031      7C0B7193 
 1032 04b2 33B33099 		.ascii	"3\2630\231$L\334\3545\222f\376\325\007\007Ci\243\255"
 1032      244CDCEC 
 1032      359266FE 
 1032      D5070743 
 1032      69A3AD
 1033 04c5 302303EB 		.ascii	"0#\003\353\322\007&s]\314B\227M'\326\034\260\212\315"
 1033      D2072673 
 1033      5DCC4297 
 1033      4D27D61C 
 1033      B08ACD
 1034 04d8 C525402F 		.ascii	"\305%@/\305)26\270J\257\244\251r<\2762)\330\255+\315"
 1034      C5293236 
 1034      B84AAFA4 
 1034      A9723CBE 
 1034      3229D8AD 
 1035 04ee D7ECCF11 		.ascii	"\327\354\317\021\254/L\343\301,\344n\272\034O\001'4"
 1035      AC2F4CE3 
 1035      C12CE46E 
 1035      BA1C4F01 
 1035      2734
 1036 0500 155B49BB 		.ascii	"\025[I\273\276\0000C\216\024i.8\032\"\362lj\033\341"
 1036      BE003043 
 1036      8E14692E 
 1036      381A22F2 
 1036      6C6A1BE1 
 1037 0514 FA532AAA 		.ascii	"\372S*\252\037\314\344!\254\376+\312\016\263x\232g\213"
 1037      1FCCE421 
 1037      ACFE2BCA 
 1037      0EB3789A 
 1037      678B
 1038 0526 348BBA2F 		.ascii	"4\213\272/`\3466i\216\323\371G\344\034\221\346(7\213"
 1038      60E63669 
 1038      8ED3F947 
ARM GAS  /tmp/cczIMEmO.s 			page 85


 1038      E41C91E6 
 1038      28378B
 1039 0539 47E36CBF 		.ascii	"G\343l\277M\362\272N\307\201\271\302\324\204\276\334"
 1039      4DF2BA4E 
 1039      C781B9C2 
 1039      D484BEDC 
 1040 0549 EC0D9111 		.ascii	"\354\015\221\021}\365\363\210\244\302<~\002\033\211"
 1040      7DF5F388 
 1040      A4C23C7E 
 1040      021B89
 1041 0558 944F9A77 		.ascii	"\224O\232w\025\232/\230\362<\356\372\203\316\335\331"
 1041      159A2F98 
 1041      F23CEEFA 
 1041      83CEDDD9 
 1042 0568 C9DD7CAE 		.ascii	"\311\335|\256\271\367\312\353\217}\275\300\243y\335"
 1042      B9F7CAEB 
 1042      8F7DBDC0 
 1042      A379DD
 1043 0577 714373B5 		.ascii	"qCs\265m\204[O\321|\000,\344!\034\217\327\320fl\255"
 1043      6D845B4F 
 1043      D17C002C 
 1043      E4211C8F 
 1043      D7D0666C 
 1044 058c 81504035 		.ascii	"\201P@5\024\"v\363\247\225\226\333|2\022\002\213xF\334"
 1044      142276F3 
 1044      A79596DB 
 1044      7C321202 
 1044      8B7846DC 
 1045 05a0 2223FE45 		.ascii	"\"#\376E~S\247\204\302b!\262\012\375\360]\364\226\240"
 1045      7E53A784 
 1045      C26221B2 
 1045      0AFDF05D 
 1045      F496A0
 1046 05b3 7DF1B8F1 		.ascii	"}\361\270\361\362\261<;\355%\201h\277\015K\211v\250"
 1046      F2B13C3B 
 1046      ED258168 
 1046      BF0D4B89 
 1046      76A8
 1047 05c5 7FDAA150 		.ascii	"\177\332\241P\310i/\013D\373\035\235\262\010E\202\266"
 1047      C8692F0B 
 1047      44FB1D9D 
 1047      B2084582 
 1047      B6
 1048 05d6 85D31E24 		.ascii	"\205\323\036$h\337\361\320\266>;\355\345\201h\277\013"
 1048      68DFF1D0 
 1048      B63E3BED 
 1048      E58168BF 
 1048      0B
 1049 05e7 2B887698 		.ascii	"+\210v\230\177\332a\260\222\323.\026\264s\374\322~O"
 1049      7FDA61B0 
 1049      92D32E16 
 1049      B473FCD2 
 1049      7E4F
 1050 05f9 A76A8112 		.ascii	"\247j\201\022A\333\212\264\251J\334\354}A=\373\244A"
 1050      41DB8AB4 
 1050      A94ADCEC 
 1050      7D413DFB 
ARM GAS  /tmp/cczIMEmO.s 			page 86


 1050      A441
 1051 060b DDF6ECD4 		.ascii	"\335\366\354\324K\003Q\377\000V\021\365p\377\324\303"
 1051      4B0351FF 
 1051      005611F5 
 1051      70FFD4C3 
 1052 061b 6135A75E 		.ascii	"a5\247^&\250\347k\212?\356\037\352\344\035\326\010\356"
 1052      26A8E76B 
 1052      8A3FEE1F 
 1052      EAE41DD6 
 1052      08EE
 1053 062d 3683BB6F 		.ascii	"6\203\273o\321\017\306\242_+G\362d$H\327\301\265x\343"
 1053      D10FC6A2 
 1053      5F2B47F2 
 1053      642448D7 
 1053      C1B578E3 
 1054 0641 40EE89FE 		.ascii	"@\356\211\376&1h\375\257M\222>\212\033\235269.\325\231"
 1054      263168FD 
 1054      AF4D923E 
 1054      8A1B9D32 
 1054      36392ED5 
 1055 0656 1197F0C5 		.ascii	"\021\227\360\305\320\341\303\022\206\014\215K\370\314"
 1055      D0E1C312 
 1055      860C8D4B 
 1055      F8CC
 1056 0664 392CA56F 		.ascii	"9,\245oBjjz\\\"\015\237$\217\031\223\362eJ\332\230\244"
 1056      426A6A7A 
 1056      5C220D9F 
 1056      248F1993 
 1056      F2654ADA 
 1057 067a B8D134FD 		.ascii	"\270\3214\375\221\246\303\307&\246g$\247\365\033!\231"
 1057      91A6C3C7 
 1057      26A66724 
 1057      A7F51B21 
 1057      99
 1058 068b C54C494D 		.ascii	"\305LIMs\246\250\031i\316Q\243\222\323\324\214\224T"
 1058      73A6A819 
 1058      69CE51A3 
 1058      92D3D48C 
 1058      9454
 1059 069d E7086792 		.ascii	"\347\010g\2225=9\355\007\347\210dgRT\367\364^\335\277"
 1059      353D39ED 
 1059      07E78864 
 1059      675254F7 
 1059      F45EDDBF 
 1060 06b1 8F1D149D 		.ascii	"\217\035\024\235\230\222\376\361\267\243\022\322q'#"
 1060      9892FEF1 
 1060      B7A312D2 
 1060      712723
 1061 06c0 7A64A273 		.ascii	"zd\242sLr\222\364\0379vQh"
 1061      4C7292F4 
 1061      1F397651 
 1061      68
 1062              		.text
 1063              		.section	.gnu.lto_.symbol_nodes.d70710ac7c427607,"e",%progbits
 1064 0000 789C7594 		.ascii	"x\234u\224\353K\024Q\030\207\317;\357\316\316\270\243"
 1064      EB4B1451 
 1064      1887CF3B 
ARM GAS  /tmp/cczIMEmO.s 			page 87


 1064      EFCECEB8 
 1064      A3
 1065 0011 AE79CD7B 		.ascii	"\256y\315{\267\377\240\240\017})\350/\251((H(\250o\275"
 1065      B7FFA0A0 
 1065      0F7D29E8 
 1065      2FA92828 
 1065      4828A86F 
 1066 0026 8B8C0815 		.ascii	"\213\214\010\025i\201E\240e\333\244\246y\311u\313K)"
 1066      698145A0 
 1066      65DBA4A6 
 1066      79C975CB 
 1066      4B29
 1067 0038 C2104217 		.ascii	"\302\020B\027(0)\012DV\243\022\215L\004\241\313\231"
 1067      2830290A 
 1067      4456A312 
 1067      8D4C04A1 
 1067      CB99
 1068 004a DB3949A7 		.ascii	"\3339I\247\371\364\360{~\347\234wu\316\230\014X\211"
 1068      F9F4F07B 
 1068      7EE79C77 
 1068      75CE980C 
 1068      5889
 1069 005c C918D31A 		.ascii	"\311\030\323\032\221b)\376\304\240\365\025c\304\330"
 1069      916229FE 
 1069      C4A0F515 
 1069      63C4D8
 1070 006b 68EA1097 		.ascii	"h\352\020\227\374\321\357 \333\341U:\220`Ke\2743\252"
 1070      FCD1EF20 
 1070      DBE1553A 
 1070      90604B65 
 1070      BC33AA
 1071 007e DC43CDAB 		.ascii	"\334C\315\253\350\355\210\251]\214\2416\015\244o\351"
 1071      E8ED88A9 
 1071      5D8CA136 
 1071      0DA46FE9 
 1072 008e 8EA5A653 		.ascii	"\216\245\246S\361\260=\214\020\264F5\212\377\257\245"
 1072      F1B03D8C 
 1072      10B44635 
 1072      8AFFAFA5 
 1073 009e DD42D2D4 		.ascii	"\335B\322\324\307A/\022\373\035>\365\276f,\325y\220"
 1073      C7412F12 
 1073      FB1D3EF5 
 1073      BE662CD5 
 1073      7990
 1074 00b0 2FBA8D84 		.ascii	"/\272\215\204\352EZ'\222\261UE\277\020\356\"\231\377"
 1074      EA455A27 
 1074      92B15545 
 1074      BF10EE22 
 1074      99FF
 1075 00c2 EC97E2FB 		.ascii	"\354\227\342\373A\032)Om\034\244\204\332<D\262\324f"
 1075      411A294F 
 1075      6D1CA484 
 1075      DA3C44B2 
 1075      D466
 1076 00d4 08295F6D 		.ascii	"\010)_m\006\221\012\324f\000\251Pm\372\220\222j\323"
 1076      06910AD4 
 1076      6600A950 
ARM GAS  /tmp/cczIMEmO.s 			page 88


 1076      6DFA9092 
 1076      6AD3
 1077 00e6 8F54A436 		.ascii	"\217T\2446\017\220\266\251\315\010R\261\332\334G*Q\233"
 1077      0F90B6A9 
 1077      CD0852B1 
 1077      DADC472A 
 1077      519B
 1078 00f8 0C52A9DA 		.ascii	"\014R\251\332\364 \225\251M7R\271\332t!U\250M\026i\273"
 1078      F42095A9 
 1078      4D3752B9 
 1078      DA742155 
 1078      A84D1669 
 1079 010d DA3C41AA 		.ascii	"\332<A\252T\233\011\244*\265\031G\252V\2331\244\032"
 1079      549B09A4 
 1079      2AB51947 
 1079      AA569B31 
 1079      A41A
 1080 011f B51945AA 		.ascii	"\265\031E\252U\233\307Huj\363\010\251^i\220\0254\276"
 1080      559BC748 
 1080      756AF308 
 1080      A95E6990 
 1080      1534BE
 1081 0132 6DDF0736 		.ascii	"m\337\0076pz\330:\264\310\337&\216\371\231\245\0277"
 1081      707AD83A 
 1081      B4C8DF26 
 1081      8EF999A5 
 1081      1737
 1082 0144 015C88BC 		.ascii	"\001\\\210\274\033\027>\027\027\3366b,x\217\263\006"
 1082      1B173E17 
 1082      17DE3662 
 1082      2C788FB3 
 1082      06
 1083 0155 BF43622B 		.ascii	"\277Cb+Mn\245\311\255\264\302\240\3137\320\213\003\334"
 1083      4D6EA5C9 
 1083      ADB4C2A0 
 1083      CB37D08B 
 1083      03DC
 1084 0167 83FAB680 		.ascii	"\203\372\266\200\016\243^\024\020o\352E|\315^p\014\324"
 1084      0EA35E14 
 1084      106FEA45 
 1084      7CCD5E70 
 1084      0CD4
 1085 0179 9317075A 		.ascii	"\223\027\007Zt\310\031h\224EE\2434\240ch\224\004\304"
 1085      74C81968 
 1085      944545A3 
 1085      34A06368 
 1085      9404C4
 1086 018c 8F34C23B 		.ascii	"\2174\302;\236\0064\305\034\246\234\303\224s\230\325"
 1086      9E0634C5 
 1086      1CA69CC3 
 1086      947398D5 
 1087 019c 6FBE6DF6 		.ascii	"o\276m\366\200\367\233L#\273:\277\037\322\006\257v\245"
 1087      80F79B4C 
 1087      23BB3ABF 
 1087      1FD206AF 
 1087      76A5
 1088 01ae 9FE6816D 		.ascii	"\237\346\201mq\032i\313\024C\316\0226)l\211\260\234"
ARM GAS  /tmp/cczIMEmO.s 			page 89


 1088      711A69CB 
 1088      1443CE12 
 1088      36296C89 
 1088      B09C
 1089 01c0 AA7CEB94 		.ascii	"\252|\353\224\243Y\351\223]\305\355\317\3159\035\354"
 1089      A359E993 
 1089      5DC5EDCF 
 1089      CD391DEC 
 1090 01d0 6A4ECB97 		.ascii	"jN\313\227\233,p8\345\177n\376X\004.'\303_\233\256\343"
 1090      9B2C7038 
 1090      E57F6EFE 
 1090      58042E27 
 1090      C35F9BAE 
 1091 01e5 F6DB7C67 		.ascii	"\366\333|g\034\334zN\356\310\265|p\216\240\271=\330"
 1091      1CDC7A4E 
 1091      EEC8B57C 
 1091      708EA0B9 
 1091      3DD8
 1092 01f7 E56844EE 		.ascii	"\345hD\356\011\221\235\216\3109\303W\374\230\371P\003"
 1092      09919D8E 
 1092      C839C357 
 1092      FC98F950 
 1092      03
 1093 0208 EE794E7E 		.ascii	"\356yN~\226\343T\336\274\366|\216\201M<\2741<Q\007\216"
 1093      96E354DE 
 1093      BCF67C8E 
 1093      814D3CBC 
 1093      313C5107 
 1094 021d FF87E818 		.ascii	"\377\207\350\030\271z\000\\\037\237-\2772 w\327\303"
 1094      B97A005C 
 1094      1F9F2DBF 
 1094      322077D7 
 1094      C3
 1095 022e E6FE5C21 		.ascii	"\346\376\\!\330]\"\265\273E\352t\213\324\351\025\251"
 1095      D85D22B5 
 1095      BB45EA74 
 1095      8BD4E915 
 1095      A9
 1096 023f DB2B52B7 		.ascii	"\333+R\267O\2449\017\243\203\207\275\370\272\177r\306"
 1096      4FA4390F 
 1096      A38387BD 
 1096      F8BA7F72 
 1096      C6
 1097 0250 C376FF64 		.ascii	"\303v\377d\017+\2023\036\313!<\254\010\216\033\227\363"
 1097      0F2B8233 
 1097      1ECB213C 
 1097      AC088E1B 
 1097      97F3
 1098 0262 4CC87926 		.ascii	"L\310y&\345<\223r\236)9\317\224\234gA\316\263\360\327"
 1098      E53C9372 
 1098      9E2939CF 
 1098      949C6741 
 1098      CEB3F0D7 
 1099 0276 3C9FBCF8 		.ascii	"<\237\274\370\322\273\216$\270_<\274\362~\246\026r\036"
 1099      D2BB8E24 
 1099      B85F3CBC 
 1099      F27EA616 
ARM GAS  /tmp/cczIMEmO.s 			page 90


 1099      721E
 1100 0288 323F5DF8 		.ascii	"2?]\370*\012\316\212\227\372\205\205\025\321uV\345n"
 1100      2A0ACE8A 
 1100      97FA8585 
 1100      15D17556 
 1100      E56E
 1101 029a EE9A28DB 		.ascii	"\356\232(\333\033\262\261!\323M\231\3728\320\322\344"
 1101      1BB2B121 
 1101      D34D99FA 
 1101      38D0D2E4 
 1102 02aa 4DF1CBE3 		.ascii	"M\361\313\343\327\376\333\346\374\202\230\371\322\335"
 1102      D7FEDBE6 
 1102      FC8298F9 
 1102      D2DD
 1103 02b8 2C86B6E3 		.ascii	",\206\266\343,f\372\377\271\266\023,\314fOF\331\354"
 1103      2C66FAFF 
 1103      B9B6132C 
 1103      CC664F46 
 1103      D9EC
 1104 02ca A9286B6B 		.ascii	"\251(kk\210\262\365\206(\313\236\025k\317q\372\364\342"
 1104      88B2F586 
 1104      28CB9E15 
 1104      6BCF71FA 
 1104      F4E2
 1105 02dc 6606207B 		.ascii	"f\006 {\201\343R\200\203\300y1\340%\311\353\337\201"
 1105      81E35280 
 1105      83C07931 
 1105      E025C9EB 
 1105      DF81
 1106 02ee 61425C8C 		.ascii	"aB\\\214\204\274\030\011y1\0225\301\035r\342h\211\252"
 1106      84BC1809 
 1106      79311235 
 1106      C11D72E2 
 1106      6889AA
 1107 0301 25AB96AC 		.ascii	"%\253\226\254Z\342\263`\311\317\202%>\013h\355\016\357"
 1107      5AE2B360 
 1107      C9CF8225 
 1107      3E0B68ED 
 1107      0EEF
 1108 0313 3AC75D21 		.ascii	":\307]!&\320\332\031\336W\013\255\035!\026\242U\037"
 1108      26D0DA19 
 1108      DE570BAD 
 1108      1D2116A2 
 1108      551F
 1109 0325 5E7C8E75 		.ascii	"^|\216ua\232D\2536L\223\354\017#K\356\031"
 1109      619A44AB 
 1109      364C93EC 
 1109      0F234BEE 
 1109      19
 1110              		.text
 1111              		.section	.gnu.lto_.refs.d70710ac7c427607,"e",%progbits
 1112 0000 789C6590 		.ascii	"x\234e\220\301*\204a\024\206\317\373~\377\214o\376Y"
 1112      C12A8461 
 1112      1486CFFB 
 1112      7EFF8C6F 
 1112      FE59
 1113 0012 FC16CA76 		.ascii	"\374\026\312v\026\312^l,\334\205\013\032%\022i\244q"
ARM GAS  /tmp/cczIMEmO.s 			page 91


 1113      16CA5E6C 
 1113      2CDC850B 
 1113      1A251269 
 1113      A471
 1114 0024 01A2AC6C 		.ascii	"\001\242\254l$\022\231q\003BIr\003\032\203\215X\361"
 1114      24129971 
 1114      03424972 
 1114      031A838D 
 1114      58F1
 1115 0036 AC8CB278 		.ascii	"\254\214\262xz\236N}\235\316\227C\261\250\210z\204l"
 1115      7A9E4E7D 
 1115      9DCE9743 
 1115      B1A8887A 
 1115      846C
 1116 0048 15562D94 		.ascii	"\025V-\224\255\322j\326<\232\2451\027\271\300\311\251"
 1116      ADD26AD6 
 1116      3C9AA531 
 1116      17B9C0C9 
 1116      A9
 1117 0059 88945DAF 		.ascii	"\210\224]\257z\221\377\274\031\267&\254\311P\313\232"
 1117      7A91FFBC 
 1117      19B726AC 
 1117      C950CB9A 
 1118 0069 B2A64333 		.ascii	"\262\246C3\326\2545\027\232\267\026\254\036\033\006"
 1118      D6AC3517 
 1118      9AB716AC 
 1118      1E1B06
 1119 0078 610DE195 		.ascii	"a\015\341\225\376\306mYK\012-\343\025X\245\327\360:"
 1119      FEC66D59 
 1119      4B0A2DE3 
 1119      1558A5D7 
 1119      F03A
 1120 008a 6CD09BB8 		.ascii	"l\320\233\270\003[\3646\356\302\016\275\213\367`\237"
 1120      035BF436 
 1120      EEC20EBD 
 1120      8BF7609F 
 1121 009a 3EC08770 		.ascii	">\300\207pD\037\343\0238\245\317\3609\\\320\227\270"
 1121      441FE313 
 1121      38A5CFF0 
 1121      395CD097 
 1121      B8
 1122 00ab 0F57F435 		.ascii	"\017W\3645\276\201[\372Nn\334\323\017\370\021?1{\306"
 1122      BE815BFA 
 1122      4E6EDCD3 
 1122      0FF8113F 
 1122      317BC6
 1123 00be 0378A187 		.ascii	"\003x\241\207\370\015\336\351\017\374\011_J\345\357"
 1123      F80DDEE9 
 1123      0FFC095F 
 1123      4AE5EF
 1124 00cd DD8DE6FF 		.ascii	"\335\215\346\377o\263+\347\312e\025?\251\003+\027"
 1124      6FB32BE7 
 1124      CA65153F 
 1124      A9032B17 
 1125              		.text
 1126              		.section	.gnu.lto_.decls.d70710ac7c427607,"e",%progbits
 1127 0000 789CB4BD 		.ascii	"x\234\264\275\011X\\\331q(\314\345t7\335\3156#\215g"
ARM GAS  /tmp/cczIMEmO.s 			page 92


 1127      09585CD9 
 1127      7128CCE5 
 1127      7437DDCD 
 1127      36238D67 
 1128 0014 269E89E3 		.ascii	"&\236\211\3438\223d\022/\032\307Nb\277$v\306\216\023"
 1128      38936412 
 1128      2F1AC74E 
 1128      62BF2476 
 1128      C68E13
 1129 0027 E72513E7 		.ascii	"\347%\023\347y\3548\311\367\336\2470\0223\"\326f@\343"
 1129      79EC38C9 
 1129      F7DEA730 
 1129      123322D6 
 1129      6640E3
 1130 003a 99F7BEEF 		.ascii	"\231\367\276\357O\263\010\204@\200\020\210}\007\261"
 1130      4FB30884 
 1130      40801088 
 1130      7D07B1
 1131 0049 6F621508 		.ascii	"ob\025\010\304&V\011\020\233\3307\261\257\002$$@\300"
 1131      C4265609 
 1131      109BD837 
 1131      B1AF0224 
 1131      2440C0
 1132 005c 5FE7D4B9 		.ascii	"_\347\324\271\335\367v\337\326\310N\"\273\246\357\271"
 1132      DDF776DF 
 1132      D6C84E22 
 1132      BBA6EFB9 
 1133 006c D4A95355 		.ascii	"\324\251SU\247N\235:\353\325\332\0106\2374\330\330\034"
 1133      A74E9D3A 
 1133      EBD5DA08 
 1133      369F34D8 
 1133      D81C
 1134 007e 7EC3C626 		.ascii	"~\303\306&Ngcs\000\377\264666\367\000\276\002\360-\301"
 1134      4E676373 
 1134      00FFB436 
 1134      3636F700 
 1134      BE02F02D 
 1135 0093 C6E6DB00 		.ascii	"\306\346\333\000\357\002|\017@\003\357~\014\277\357"
 1135      EF027C0F 
 1135      4003EF7E 
 1135      0CBFEF
 1136 00a2 03FC6F00 		.ascii	"\003\374o\000\027\200\177\205w\177kkc3\006\317\001\360"
 1136      17807F85 
 1136      777F6B6B 
 1136      633306CF 
 1136      01F0
 1137 00b4 FB11A47F 		.ascii	"\373\021\244\177\037 \030\236C\000\272\3409\034~\243"
 1137      1F20189E 
 1137      4300BAE0 
 1137      391C7EA3 
 1138 00c4 00E20012 		.ascii	"\000\342\000\022\001R\0012\0002\001\362\000\212\000"
 1138      01520132 
 1138      003201F2 
 1138      008A00
 1139 00d3 DC00AF09 		.ascii	"\334\000\257\011\240\024\236o\000T\001\334\002\250\005"
 1139      A0149E6F 
 1139      005401DC 
ARM GAS  /tmp/cczIMEmO.s 			page 93


 1139      02A805
 1140 00e2 A803F802 		.ascii	"\250\003\370\002\320\377\031\374\376\234\330\330\234"
 1140      D0FF19FC 
 1140      FE9CD8D8 
 1140      9C
 1141 00ef 023803F0 		.ascii	"\0028\003\360\013\200?\002\230\205\367\377\002y\341"
 1141      0B803F02 
 1141      9885F7FF 
 1141      0279E1
 1142 00fe D1E632FC 		.ascii	"\321\3462\374'\024\340/\340\335\027i\331\360\034\005"
 1142      2714E02F 
 1142      E0DD1769 
 1142      D9F01C05 
 1143 010e 10031007 		.ascii	"\020\003\020\007\220\011\220\003p\035\240\032\3406@"
 1143      90099003 
 1143      701DA01A 
 1143      E03640
 1144 011d 07C07D80 		.ascii	"\007\300}\200aJ\013`\036`\021`\031`\025\340!\300#\200"
 1144      614A0B60 
 1144      1E601160 
 1144      196015E0 
 1144      21C02380 
 1145 0131 67B40015 		.ascii	"g\264\000\025\374\037\340e\200\327\001~\023\340m\200"
 1145      FC1FE065 
 1145      80D7017E 
 1145      13E06D80 
 1146 0141 7700FE14 		.ascii	"w\000\376\024\340\273\000\177\005\360C\200\237\252\030"
 1146      E0BB007F 
 1146      05F04380 
 1146      9FAA18
 1147 0150 BACDBFC0 		.ascii	"\272\315\277\300\177\\\000\276\246\266\261\371\023\000"
 1147      7F5C00BE 
 1147      A6B6B1F9 
 1147      1300
 1148 015e E9BFFF65 		.ascii	"\351\277\377egc\003\352\2679\004\360\012\300{\012z_"
 1148      676303EA 
 1148      B73904F0 
 1148      0AC07B0A 
 1148      7A5F
 1149 0170 06F853C8 		.ascii	"\006\370S\310\367\317*\324\365*\244\277\245F\235\177"
 1149      F7CF2AD4 
 1149      F52AA4BF 
 1149      A5469D7F 
 1150 0180 5B8D75F1 		.ascii	"[\215u\361?\324X\037\177\246\306:\271KLu\365\347j\254"
 1150      3FD4581F 
 1150      7FA6C63A 
 1150      B94B4C75 
 1150      F5E76AAC 
 1151 0194 BB4678F7 		.ascii	"\273Fx\367\035\001y\242:\372K[\324\023\325\031\025-"
 1151      1D0179A2 
 1151      3AFA4B5B 
 1151      D413D519 
 1151      152D
 1152 01a6 93EB82EA 		.ascii	"\223\353\202\352D\340|K\377}\035x\375\003\011\257\264"
 1152      44E07C4B 
 1152      FF7D1D78 
 1152      FD0309AF 
ARM GAS  /tmp/cczIMEmO.s 			page 94


 1152      B4
 1153 01b7 6EC53AA7 		.ascii	"n\305:\247<\322:\371\013(\353;\352\027\343\227\332\310"
 1153      3CD23AF9 
 1153      0B28EB3B 
 1153      EA17E397 
 1153      DAC8
 1154 01c9 773F83DF 		.ascii	"w?\203\337\277\204\347\257\002\274\012\260\006\3646"
 1154      BF84E7AF 
 1154      02BC0AB0 
 1154      06F436
 1155 01d8 A85EE0F9 		.ascii	"\250^\340\371\033j\264\205\177\007\370_\000\177\007"
 1155      1B6AB485 
 1155      7F07F85F 
 1155      007F07
 1156 01e7 B4BEA746 		.ascii	"\264\276\247F\333\353\207\264^A\306\267\341\357\207"
 1156      DBEB87B4 
 1156      5E41C6B7 
 1156      E1EF87
 1157 01f6 01E680CE 		.ascii	"\001\346\200\316\011H\377\010\340\037\001h\225DId\377"
 1157      0948FF08 
 1157      E01F0168 
 1157      95444964 
 1157      FF
 1158 0207 2B35DA03 		.ascii	"+5\332\003\341:P\252\267\237\201.^\207\337\023\000?"
 1158      E13A50AA 
 1158      B79F812E 
 1158      5E87DF13 
 1158      003F
 1159 0219 80BFFD1F 		.ascii	"\200\277\375\037\202<\177\207\363\360\327\360\233m\306"
 1159      823C7F87 
 1159      F3F0D7F0 
 1159      9B6DC6
 1160 0228 7F3DD0FA 		.ascii	"\177=\320\372\033\370\235!(K3\300\247\324V\340\335\337"
 1160      1BF89D21 
 1160      284B33C0 
 1160      A7D456E0 
 1160      DDDF
 1161 023a 521AF03C 		.ascii	"R\032\360<De\201\347\367\000\276\002|C1\214\357W\000"
 1161      446581E7 
 1161      F700BE02 
 1161      7C43318C 
 1161      EF5700
 1162 024d EA54C8FF 		.ascii	"\352T\310\3774\3746\001\324\252\260Lj\317\357\253\321"
 1162      34FC3601 
 1162      D4AAB04C 
 1162      6ACFEFAB 
 1162      D1
 1163 025e 66E7B90D 		.ascii	"f\347\271\015S[\206\354F\273\223\376s\005\242\366\234"
 1163      535B86EC 
 1163      46BB93FE 
 1163      7305A2F6 
 1163      9C
 1164 026f 77B12E69 		.ascii	"w\261.i[\225\226+\362\377\023\370-\"\230\217\362r\235"
 1164      5B95962B 
 1164      F2FF13F8 
 1164      2D22988F 
 1164      F2729D
ARM GAS  /tmp/cczIMEmO.s 			page 95


 1165 0282 97F54F6A 		.ascii	"\227\365Ojl\027\253\274\235\344\020\033\213\177\177"
 1165      6C17ABBC 
 1165      9DE4101B 
 1165      8B7F7F
 1166 0291 0C19CE59 		.ascii	"\014\031\316Y\261\027\332\276\247\341\327S\215m\233"
 1166      B117DABE 
 1166      A7E1D753 
 1166      8D6D9B
 1167 02a0 DA0FD5DB 		.ascii	"\332\017\325\333_p]\276\015\317\347\340\371\367\340"
 1167      5F705DBE 
 1167      0DCFE7E0 
 1167      F9F7E0
 1168 02af F763F8FD 		.ascii	"\367c\370\375%\300'\000\237\252\261\215\374\010\340"
 1168      25C02700 
 1168      9FAAB18D 
 1168      FC08E0
 1169 02be 7781C67F 		.ascii	"w\201\306\177@\372\022\300O\341\331\037~C\000B\377\013"
 1169      40FA12C0 
 1169      4FE1D91F 
 1169      7E430042 
 1169      FF0B
 1170 02d0 EDCFDCC6 		.ascii	"\355\317\334\306.\303\337^S\241^\302\270n&l\320g]Q\243"
 1170      2EC3DF5E 
 1170      53A15EC2 
 1170      B86E266C 
 1170      D0675D51 
 1171 02e5 2F0B87DF 		.ascii	"/\013\207\337\037\302\373\010\265\334\257\275\244B\177"
 1171      1FC2FB08 
 1171      B5DCAFBD 
 1171      A4427F
 1172 02f4 7515DE13 		.ascii	"u\025\336\023x\376Cx\336\203\367\221\220> \350\337\202"
 1172      78FE4378 
 1172      DE83F791 
 1172      903E20E8 
 1172      DF82
 1173 0306 E0394A2D 		.ascii	"\3409J-\367}\377\037\244\243\001\374\250\035\000\336"
 1173      F77DFF1F 
 1173      A4A301FC 
 1173      A81D00DE 
 1174 0316 AB543F04 		.ascii	"\253T?\004}g\014\274\213\005\210\003\310\003\310\001"
 1174      7D670CBC 
 1174      8B058803 
 1174      C803C801 
 1175 0326 D0810CF9 		.ascii	"\320\201\014\371\360\273I\320\347\026\250\261\256\251"
 1175      F0BB49D0 
 1175      E716A8B1 
 1175      AEA9
 1176 0334 0F2E54A3 		.ascii	"\017.T\243\357-R\243/\276\256F\177\\\014\277%\000\273"
 1176      EF2D52A3 
 1176      2FBEAE46 
 1176      7F5C0CBF 
 1176      2500BB
 1177 0347 04FD7229 		.ascii	"\004\375r)<\227\003T\000\334\000\370.\320\314 \350\313"
 1177      3C970354 
 1177      00DC00F8 
 1177      2ED0CC20 
 1177      E8CB
ARM GAS  /tmp/cczIMEmO.s 			page 96


 1178 0359 2BA90E14 		.ascii	"+\251\016\024\332\327\011\336\236\216\003L\302\337?"
 1178      DAD709DE 
 1178      9E8E034C 
 1178      C2DF3F
 1179 0368 80DF8F00 		.ascii	"\200\337\217\000>\004\370*\300\022\340\005@^Wx\016\204"
 1179      3E04F82A 
 1179      C012E005 
 1179      405E5778 
 1179      0E84
 1180 037a DF2FC3AF 		.ascii	"\337/\303\257\012\340+\000\177\010\364\377\000~\337"
 1180      0AE02B00 
 1180      7F08F4FF 
 1180      007EDF
 1181 0389 044881BF 		.ascii	"\004H\201\277\375\266\015\372l\261MR_Km\357e\356\177"
 1181      FDB60DFA 
 1181      6CB14D52 
 1181      5F4B6DEF 
 1181      65EE7F
 1182 039c 6BD4E88B 		.ascii	"k\324\350\213o\303\357]\200{\000\003\000\023\264}\000"
 1182      6FC3EF5D 
 1182      807B0003 
 1182      0013B47D 
 1182      00
 1183 03ad 2C016C00 		.ascii	",\001l\000l\001\354\001\250\240B\365\000N\000/i\320"
 1183      6C01EC01 
 1183      A8A042F5 
 1183      004E002F 
 1183      69D0
 1184 03bf 9FBF02BF 		.ascii	"\237\277\002\277\257j\320\257\177\036~\337\324\240\017"
 1184      AF6AD0AF 
 1184      7F1E7EDF 
 1184      D4A00F
 1185 03ce A47DC697 		.ascii	"\244}\306\227\340\371-\215\262\037\374\266\035\362'"
 1185      E0F92D8D 
 1185      B21FFCB6 
 1185      1DF227
 1186 03dd 6D3FD4AE 		.ascii	"m?\324\256\177\246\340\013\377\273\354\360w)\277*l\223"
 1186      7FA6E00B 
 1186      FFBBECF0 
 1186      7729BF2A 
 1186      6C93
 1187 03ef 4AF520FA 		.ascii	"J\365 \3726\312z\234D\217\264\277R\222\351\377\001\241"
 1187      36CA7A9C 
 1187      448FB4BF 
 1187      5292E9FF 
 1187      01A1
 1188 0401 EF99C9A4 		.ascii	"\357\231\311\244\324\327.\363~\376\3674\330>\377]\203"
 1188      D4D72EF3 
 1188      7EFEF734 
 1188      D83EFF5D 
 1188      83
 1189 0412 6DF213DE 		.ascii	"m\362\023\336F?\376/\224\231\312{\201\352\225\312\257"
 1189      463FFE2F 
 1189      9499CA7B 
 1189      81EA95CA 
 1189      AF
 1190 0423 C13EFE17 		.ascii	"\301>\376\0274V\000\3707\200\237\250P\037\324_\320\366"
ARM GAS  /tmp/cczIMEmO.s 			page 97


 1190      345600F8 
 1190      37809FA8 
 1190      501FD45F 
 1190      D0F6
 1191 0435 761270FE 		.ascii	"v\022p\376\006\336\235\202\337\357\253\320\257\374!"
 1191      06DE9D82 
 1191      DFEFABD0 
 1191      AFFC21
 1192 0444 6F2BA7E1 		.ascii	"o+\247\341\335wT\330v\316\300\363\237\250\260-\235\205"
 1192      DD7754D8 
 1192      76CEC0F3 
 1192      9FA8B02D 
 1192      9D85
 1193 0456 E7232A6C 		.ascii	"\347#*l\207\277\320`,\361\373\264\177W\320\253\013\300"
 1193      87BFD060 
 1193      2CF1FBB4 
 1193      7F57D0AB 
 1193      0BC0
 1194 0468 31897EA9 		.ascii	"1\211~\251\235\2136\356\312\355\374\017\270=\177\231"
 1194      9D8B36EE 
 1194      CAEDFC0F 
 1194      B83D7F99 
 1195 0478 DBBCA30D 		.ascii	"\333\274\243\015\306\031\242\376iL \215G~\310\343\205"
 1195      C619A2FE 
 1195      694C208D 
 1195      477EC8E3 
 1195      85
 1196 0489 EFF2F8E1 		.ascii	"\357\362\370\341\035\036O(\325Q$\021\306\274\343\237"
 1196      1D1E4F28 
 1196      D5512411 
 1196      C6BCE39F 
 1197 0499 3A0413E1 		.ascii	":\004\023\341\220^PA2\274\255\244U\017\311W\364\302"
 1197      905E5041 
 1197      32BCADA4 
 1197      550FC957 
 1197      F4C2
 1198 04ab 172179EF 		.ascii	"\027!y\357\312\320\270\016\377\372-\311_\017\341_\263"
 1198      CAD0B80E 
 1198      FFFA2DC9 
 1198      5F0FE15F 
 1198      B3
 1199 04bc AB16A26C 		.ascii	"\253\026\242l\021\331`\013\351\206\362\341\005[\374"
 1199      11D9600B 
 1199      E986F2E1 
 1199      055BFC
 1200 04cb F33B904C 		.ascii	"\363;\220L\361\352kw$\266\002-\346\246\337^\215\035"
 1200      F1EA6B77 
 1200      24B6022D 
 1200      E6A6DF5E 
 1200      8D1D
 1201 04dd FCE95FF4 		.ascii	"\374\351_\364\002\015\012\235\341U\363\332J\257\200"
 1201      020D0A9D 
 1201      E155F3DA 
 1201      4AAF80
 1202 04ec AF2846DC 		.ascii	"\257(F\334U\303E\015\261c\31719\023\241NG\362\014\370"
 1202      55C3450D 
 1202      B163CF31 
ARM GAS  /tmp/cczIMEmO.s 			page 98


 1202      3913A14E 
 1202      47F20CF8 
 1203 0500 4F1B4D6C 		.ascii	"O\033Ml\204\006\201\230\230N\333^+w ?f\270}k\221\376"
 1203      84068198 
 1203      984EDB5E 
 1203      2B77203F 
 1203      66B87D6B 
 1204 0516 B6FA0B06 		.ascii	"\266\372\013\006\203\267!\311\307\240\373\241\215P%"
 1204      83B721C9 
 1204      C7A0FBA1 
 1204      8D5025
 1205 0525 BC21540A 		.ascii	"\274!T\012o\330\010\267\005F\275Q8\"\324\303\273:xG"
 1205      6FD808B7 
 1205      0546BD51 
 1205      3822D4C3 
 1205      BB3A7847 
 1206 0539 59D98ACA 		.ascii	"Y\331\212\312t&\377\3022\317\244,\177\016\031~\033R"
 1206      7426FFC2 
 1206      32CFA42C 
 1206      7F0E197E 
 1206      1B52
 1207 054b B70EAEDE 		.ascii	"\267\016\256\336RaR\013\311\210\354\272g\016(^-E\236"
 1207      5261520B 
 1207      C988ECBA 
 1207      670E285E 
 1207      2D459E
 1208 055e 4FF56ED3 		.ascii	"O\365n\323\021\027\226\361\340Za\200\226\234\226\311"
 1208      111796F1 
 1208      E05A6180 
 1208      969C96C9 
 1209 056e F6FB96B2 		.ascii	"\366\373\226\262\375>\312\266^\330\036\343@<\330s\301"
 1209      FD3ECAB6 
 1209      5ED81EE3 
 1209      403CD873 
 1209      C1
 1210 057f 8DDB37B5 		.ascii	"\215\3337\265\312\374v\012,\007\345\267\003\336\335"
 1210      CAFC760A 
 1210      2C07E5B7 
 1210      03DEDD
 1211 058e 457ED3F6 		.ascii	"E~\323\366B\034\311y\201e^\232\315\351\267%A\230\360"
 1211      421CC979 
 1211      81655E9A 
 1211      CDE9B725 
 1211      4198F0
 1212 05a1 F58F6EB5 		.ascii	"\365\217n\265=|\231k\311 \320\032\266\021\272\201H\217"
 1212      3D7C996B 
 1212      C920D01A 
 1212      B611BA81 
 1212      488F
 1213 05b3 709852E1 		.ascii	"p\230R\341\332*\031\277\373\317\344*\346\361\357\\/"
 1213      DA2A19BF 
 1213      FBCFE42A 
 1213      E6F1EF5C 
 1213      2F
 1214 05c4 D25BE4E9 		.ascii	"\322[\344\351\265\310s\271--\327\301\341\242\221K\241"
 1214      B5C873B9 
 1214      2D2DD7C1 
ARM GAS  /tmp/cczIMEmO.s 			page 99


 1214      E1A2914B 
 1214      A1
 1215 05d5 0FFE2C32 		.ascii	"\017\376,2j#\364\013\016\014\217\204.\217\032\324\302"
 1215      6A23F40B 
 1215      0E0C8F84 
 1215      2E8F1AD4 
 1215      C2
 1216 05e6 E1B7DE62 		.ascii	"\341\267\336b$C)I\225\215\320\006\210\255\014\361>R"
 1216      24432949 
 1216      958DD006 
 1216      88AD0CF1 
 1216      3E52
 1217 05f8 150684B7 		.ascii	"\025\006\204\267\204A\341-J=\205\022\255]\313\375VK"
 1217      8441E12D 
 1217      4A3D8512 
 1217      AD5DCBFD 
 1217      564B
 1218 060a 939F21B4 		.ascii	"\223\237!\264N\240\304\204{\300\301}Y\021G\350\177\276"
 1218      4EA0C484 
 1218      7BC0C17D 
 1218      591147E8 
 1218      7FBE
 1219 061c FE8688DF 		.ascii	"\376\206\210\337%\264\374\233\320%\350\205;\312\230"
 1219      25B4FC9B 
 1219      D025E885 
 1219      3BCA98
 1220 062b 55F41118 		.ascii	"U\364\021\030\357)\011(P\223\031\224622\262XK\036a\""
 1220      EF290928 
 1220      50931994 
 1220      363232B2 
 1220      584B1E61 
 1221 0640 A0F662A3 		.ascii	"\240\366b\243\236x\243=\346\256=\256\242u\366\266^\370"
 1221      9E78A33D 
 1221      E6AE3DAE 
 1221      A275F6B6 
 1221      5EF8
 1222 0652 0F497DBD 		.ascii	"\017I}\275\215\365\345\357\233\031bO\374\021u\"<\240"
 1222      8DF5E5EF 
 1222      9B19624F 
 1222      FC117522 
 1222      3CA0
 1223 0664 41831556 		.ascii	"A\203\025V\350cx\331\353\353&\371\204q\201\345\241\022"
 1223      E86378D9 
 1223      EBEB26F9 
 1223      847181E5 
 1223      A112
 1224 0676 8EC1BB51 		.ascii	"\216\301\273QVc\266\267\212.\304j\204\267\016#\347\315"
 1224      5663B6B7 
 1224      8A2EC46A 
 1224      84B70E23 
 1224      E7CD
 1225 0688 6DDFACAA 		.ascii	"m\337\254\252X6\030\246\014@\013\004\030\201<S \200"
 1225      583618A6 
 1225      0C400B04 
 1225      18813C53 
 1225      2080
 1226 069a 49494651 		.ascii	"IIFQ\231\022\241\020\203\360\272\244\220a\236\201\226"
ARM GAS  /tmp/cczIMEmO.s 			page 100


 1226      9912A110 
 1226      83F0BAA4 
 1226      90619E81 
 1226      96
 1227 06ab 32893A04 		.ascii	"2\211:\004\266\274\326F\276Br\220\305\204\356\320\007"
 1227      B6BCD646 
 1227      BE427290 
 1227      C584EED0 
 1227      07
 1228 06bc EAC3CAB9 		.ascii	"\352\303\312\271\037(\346\316+\013\212\265CS\177\035"
 1228      1F28E6CE 
 1228      2B0B8AB5 
 1228      43537F1D 
 1229 06cc 927EFBD3 		.ascii	"\222~\373\3233*R\201\324V\326\272#mI-&FW\323\377\301"
 1229      332A5281 
 1229      D456D6BA 
 1229      236D492D 
 1229      264657D3 
 1230 06e2 C25EE680 		.ascii	"\302^\346\200\346\274\314^\356\354?\270\241'w\270\306"
 1230      E6BCCC5E 
 1230      EEEC3FB8 
 1230      A12777B8 
 1230      C6
 1231 06f3 1EF7AE5A 		.ascii	"\036\367\256Z\032\331\202E\2460\337\345\363*\251\221"
 1231      1AD98245 
 1231      A630DFE5 
 1231      F32AA991 
 1232 0703 2DCAEA75 		.ascii	"-\312\352u\211\033\231\220\334\327\345- \263/Q\336\017"
 1232      891B9990 
 1232      DCD7E52D 
 1232      20B32F51 
 1232      DE0F
 1233 0715 E6629DB9 		.ascii	"\346b\235\271\333\021 \275]>>K\310\020\226\235\363\304"
 1233      DB1120BD 
 1233      5D3E3E4B 
 1233      C810969D 
 1233      F3C4
 1234 0727 B7D4998C 		.ascii	"\267\324\231\214c\242\370 \313\217\220\031L\370>N\334"
 1234      63A2F820 
 1234      CB8F9019 
 1234      4CF83E4E 
 1234      DC
 1235 0738 525B70F5 		.ascii	"R[p\365\320\302\364\257\346\334\215\327J\271Z\227q\265"
 1235      D0C2F4AF 
 1235      E6DC8DD7 
 1235      4AB95A97 
 1235      71B5
 1236 074a 2172B573 		.ascii	"!r\265s\345F\251=YE\342\241#\3337\355\311#Lt\266O\271"
 1236      E546A93D 
 1236      5945E2A1 
 1236      23DB37ED 
 1236      C9234C74 
 1237 0761 926D7C9E 		.ascii	"\222m|\236z\224\227a\331H\037C\251[\262R7:#?$\336\204"
 1237      7A949761 
 1237      D9481F43 
 1237      A95BB252 
 1237      373A233F 
ARM GAS  /tmp/cczIMEmO.s 			page 101


 1238 0778 E5B9D216 		.ascii	"\345\271\322\026\260d\251\277'\026y\272\243Z^\2232\372"
 1238      B064A9BF 
 1238      271679BA 
 1238      A35A5E93 
 1238      32FA
 1239 078a 54C6E8B6 		.ascii	"T\306\350\266\310hR\375\344W\311%F\232\370\354\316\376"
 1239      C86852FD 
 1239      E457C925 
 1239      469AF8EC 
 1239      CEFE
 1240 079c 93D5E6CA 		.ascii	"\223\325\346\312\330\332\345\266\262\007-\366\231\264"
 1240      D8DAE5B6 
 1240      B2072DF6 
 1240      99B4
 1241 07aa C5DE5FFC 		.ascii	"\305\336_\374\363\250G\363\006C\330\353\224\264\260"
 1241      F3A847F3 
 1241      0643D8EB 
 1241      94B4B0
 1242 07b9 C37195DA 		.ascii	"\303q\225\332!f\330x=\306P\353\253a\330\217\224\261"
 1242      2166D878 
 1242      3DC650EB 
 1242      AB61D88F 
 1242      94B1
 1243 07cb BF8E8D36 		.ascii	"\277\216\2156\342"
 1243      E2
 1244 07d0 4AD40C39 		.ascii	"J\324\0149\254\314\323\023e\236 \327\263\364\316\001"
 1244      ACCCD313 
 1244      659E20D7 
 1244      B3F4CE01 
 1245 07e0 2DA9459D 		.ascii	"-\251E\235Mo\346>r\266\320\331\001d6\330JuV\2677\030"
 1245      4D6FE63E 
 1245      72B6D0D9 
 1245      016436D8 
 1245      4A7556B7 
 1246 07f6 A727AD98 		.ascii	"\247'\255\230\251\256d&\337\311\"\223\227\255y\246\353"
 1246      A9AE6426 
 1246      DFC92293 
 1246      97AD79A6 
 1246      EB
 1247 0807 5EB9C376 		.ascii	"^\271\303vRM{\333JE\361\261EM\253.\224-\204\331\012"
 1247      524D7BDB 
 1247      4A45F1B1 
 1247      454DAB2E 
 1247      942D84D9 
 1248 081c 6FBD75F8 		.ascii	"o\275u\370-\324@\373\316;\031>\006p\\`4\302\032\360"
 1248      2DD440FB 
 1248      CE3B193E 
 1248      06705C60 
 1248      34C21AF0 
 1249 0830 E227CB87 		.ascii	"\342'\313\207\255\237\3738\203\241\266?\322\316\213"
 1249      AD9FFB38 
 1249      83A1B63F 
 1249      D2CE8B
 1250 083f 696C1FE4 		.ascii	"il\037\344\335\344\350\326\334\204\250\250\025\370\373"
 1250      DDE4E8D6 
 1250      DC84A8A8 
 1250      15F8FB
ARM GAS  /tmp/cczIMEmO.s 			page 102


 1251 084e 3255D401 		.ascii	"2U\324\001\317@\025u\336\366-\301\027\300\337VR\201"
 1251      CF401575 
 1251      DEF62DC1 
 1251      17C0DF56 
 1251      5281
 1252 0860 5B197658 		.ascii	"[\031vX!\300/\253\020%nD?:>\272<\354@\366PO\343+UE\016"
 1252      21C02FAB 
 1252      10256E44 
 1252      3F3A3EBA 
 1252      3CEC40F6 
 1253 087b 87958BBD 		.ascii	"\207\225\213\275`k\265X\3109\030Q\333IH\240\012\273"
 1253      606BB558 
 1253      C8391851 
 1253      DB4948A0 
 1253      0ABB
 1254 088d F584F870 		.ascii	"\365\204\370p\255\205\272/\002\201@\231\272\237\306"
 1254      AD85BA2F 
 1254      02814099 
 1254      BA9FC6
 1255 089c A5DC7522 		.ascii	"\245\334u\"\261\230\351|c\300\377\265\310\023d\221g"
 1255      B198E97C 
 1255      63C0FFB5 
 1255      C8136491 
 1255      67
 1256 08ad A52E605C 		.ascii	"\245.`\\\326j/\311\204\013\346U$\\>H\353\325\221<\244"
 1256      D66A2FC9 
 1256      840BE655 
 1256      245C3E48 
 1256      EBD5913C 
 1257 08c2 BD74E966 		.ascii	"\275t\351f\204#)\302D\352n\343\276\316\242\244P(\351"
 1257      842329C2 
 1257      44EA6EE3 
 1257      BECEA2A4 
 1257      5028E9
 1258 08d5 B2ACA46B 		.ascii	"\262\254\244k\303\023\203\306\326\351k\035o\376\332"
 1258      C31383C6 
 1258      D6E96B1D 
 1258      6FFEDA
 1259 08e4 788246CA 		.ascii	"x\202F\312Q\230\214\243+\"G\031\335\223\031jr\033\231"
 1259      51988CA3 
 1259      2B224719 
 1259      DD93196A 
 1259      721B99
 1260 08f7 D89BABCF 		.ascii	"\330\233\253\317W\243\253\033\240i\277[%\211j\036\203"
 1260      57A3AB1B 
 1260      A069BF5B 
 1260      25896A1E 
 1260      83
 1261 0908 A821DD51 		.ascii	"\250!\335Q\264\263\351@z\0219\373zS\220=\031\303\304"
 1261      B4B3E940 
 1261      7A1139FB 
 1261      7A53903D 
 1261      19C3C4
 1262 091b C3F5BB01 		.ascii	"\303\365\273\001j2\207\211;\251~\315NV\372\254h[\205"
 1262      6A328789 
 1262      3BA97ECD 
 1262      4E56FAAC 
ARM GAS  /tmp/cczIMEmO.s 			page 103


 1262      685B85
 1263 092e 3E4BE809 		.ascii	">K\350\011\333\273H\310>f\357\034\364\257U\223@5v\225"
 1263      DBBB48C8 
 1263      3E66EF1C 
 1263      F4AF5593 
 1263      40357695 
 1264 0942 09395ECE 		.ascii	"\0119^\316\344*&n-\265e\020\345\350%\336V)zi\237\337"
 1264      E42A266E 
 1264      2DB56510 
 1264      E5E825DE 
 1264      56297A69 
 1265 0958 7BEA4852 		.ascii	"{\352HR0w\307zP\201@\3620\261\3261\032\254!\355,\241"
 1265      3077C77A 
 1265      508140F2 
 1265      30B1D631 
 1265      1AAC21ED 
 1266 096e 59F5EB9B 		.ascii	"Y\365\353\233\265\207\226\003M\207\267\235\245\334\267"
 1266      B5879603 
 1266      4D87B79D 
 1266      A5DCB7
 1267 097d F3CA0C86 		.ascii	"\363\312\014\206\242ZA\210\261\325\013\311@=]\326\034"
 1267      A25A4188 
 1267      B1D50BC9 
 1267      403D5DD6 
 1267      1C
 1268 098e 66047984 		.ascii	"f\004y\2040\226\363\205d\326\330\022\000=\216\243[\367"
 1268      3096F385 
 1268      64D6D812 
 1268      003D8EA3 
 1268      5BF7
 1269 09a0 4E4DB9AF 		.ascii	"NM\271\257\027\371\030.\3708\260N9\326\202\274\251q"
 1269      17F9182E 
 1269      F838B04E 
 1269      39D682BC 
 1269      A971
 1270 09b2 9AEC1EFA 		.ascii	"\232\354\036\372\325\032@\250\246\342&\361\034T\336"
 1270      D51A40A8 
 1270      A6E226F1 
 1270      1C54DE
 1271 09c1 0CB0F954 		.ascii	"\014\260\371T\2004\200k\000)\322f\267\232\373J1\026"
 1271      8034806B 
 1271      0029D266 
 1271      B79AFB4A 
 1271      3116
 1272 09d3 44E588B2 		.ascii	"D\345\210\262(h\331L\216\255l\211\034\211\312rp\277"
 1272      2868D94C 
 1272      8EAD6C89 
 1272      1C89CA72 
 1272      70BF
 1273 09e5 395AF7F0 		.ascii	"9Z\367\360\035\322\213\352\014H\365\016\320\036V\346"
 1273      1DD28BEA 
 1273      0C48F50E 
 1273      D01E56E6 
 1274 09f5 35F3B379 		.ascii	"5\363\263y\215$\366\373\255\355\035\002\255\003V\013"
 1274      8D24F6FB 
 1274      ADED1D02 
 1274      AD03560B 
ARM GAS  /tmp/cczIMEmO.s 			page 104


 1275 0a05 6F8915B1 		.ascii	"o\211\025\261\332\362\3714\306\017X\254\020\002\224"
 1275      DAF2F934 
 1275      C60F58AC 
 1275      100294
 1276 0a14 0A94F9E1 		.ascii	"\012\224\371\341\334\267h\320\311@\213c}\204\002\266"
 1276      DCB768D0 
 1276      C9408B63 
 1276      7D8402B6 
 1277 0a24 580BE0F2 		.ascii	"X\013\340\362\264@7\0000V9\246\350Vd\356H\022\001\006"
 1277      B4403700 
 1277      305639A6 
 1277      E85664EE 
 1277      48120106 
 1278 0a38 73D755F0 		.ascii	"s\327U\360\\G\252\245\332\316\002\224H\316\256\250\011"
 1278      5C47AAA5 
 1278      DACE0294 
 1278      48CEAEA8 
 1278      09
 1279 0a49 1BE1A672 		.ascii	"\033\341\246r\265^\265}C\210\260\005U\205\363\034TU"
 1279      B55EB57D 
 1279      4388B005 
 1279      5585F31C 
 1279      5455
 1280 0a5b D9A09E1C 		.ascii	"\331\240\236\034\200<\200\\\200b\200\022\200\"\200\353"
 1280      803C805C 
 1280      80628012 
 1280      802280EB 
 1281 0a6b 008500F9 		.ascii	"\000\205\000\371\322\252f,6\2019\325Z\260xKP\220\234"
 1281      D2AA662C 
 1281      368139D5 
 1281      5AB0784B 
 1281      50909C
 1282 0a7e C6B1ED1C 		.ascii	"\306\261\355\034\325d\020-f\006\301\250~\344 4[!j\206"
 1282      D564102D 
 1282      6606C1A8 
 1282      7EE42034 
 1282      5B216A86 
 1283 0a92 09619330 		.ascii	"\011a\2230k\201:c^\376\200@\2254\015\034\014YpP-H\214"
 1283      6B813A63 
 1283      5EFE8040 
 1283      95340D1C 
 1283      0C597050 
 1284 0aa9 2CC770BF 		.ascii	",\307p\277\304\221<B+\273\336\347\363H%Z\231\257\\u"
 1284      C4913C42 
 1284      2BBBDEE7 
 1284      F348255A 
 1284      99AF5C75 
 1285 0abd A5BF9EEA 		.ascii	"\245\277\236\352\200j\324H\327={\251\253,\223\361^."
 1285      806AD448 
 1285      D73D7BA9 
 1285      AB2C93F1 
 1285      5E2E
 1286 0acf BACAB8F2 		.ascii	"\272\312\270\362[\345\316\"\236\257\025<\241\302\326"
 1286      5BE5CE22 
 1286      9EAF153C 
 1286      A1C2D6
 1287 0ade 01707D3A 		.ascii	"\001p}:\256\025\351DO\345\373Y\236J\270a\253\207L\371"
ARM GAS  /tmp/cczIMEmO.s 			page 105


 1287      AE15E944 
 1287      4FE5FB59 
 1287      9E4AB861 
 1287      AB874CF9 
 1288 0af2 B9BB857A 		.ascii	"\271\273\205z\025\214\316\251\276\317\251h\231\225#"
 1288      158CCEA9 
 1288      BECFA968 
 1288      999523
 1289 0b01 7D15F88A 		.ascii	"}\025\370\212\266\307J[\366\322\357vh\225#\272i[I\200"
 1289      B6C74A5B 
 1289      F6D2EF76 
 1289      689523BA 
 1289      695B4980 
 1290 0b15 FA0A06A8 		.ascii	"\372\012\006\250\345\371\241~\332\327\"\230\222|\014"
 1290      E5F9A17E 
 1290      DAD72298 
 1290      927C0C
 1291 0b24 2FD90AEF 		.ascii	"/\331\012\357\331\013\325\240\245\233\266\224\313\032"
 1291      D90BD5A0 
 1291      A59BB694 
 1291      CB1A
 1292 0b32 DBD78017 		.ascii	"\333\327\200\027[\025\212TSP\352\245\227\212\016\177"
 1292      5B158A54 
 1292      5350EAA5 
 1292      978A0E7F 
 1293 0b42 96D630D8 		.ascii	"\226\3260\330;\353R(j\260\341\201\232\234\327\260\212"
 1293      3BEB5228 
 1293      6AB0E181 
 1293      9A9CD7B0 
 1293      8A
 1294 0b53 2869AB38 		.ascii	"(i\2538 RUH\363\011\265 \2411\253P\307\024Rp0\022\253"
 1294      20525548 
 1294      F309B520 
 1294      A131AB50 
 1294      C7145270 
 1295 0b6a 97E638F1 		.ascii	"\227\3468\361\252\244\240\217D\344z\206\\Z\235\226\252"
 1295      AAA4A08F 
 1295      44E47A86 
 1295      5C5A9D96 
 1295      AA
 1296 0b7b 2157B1AC 		.ascii	"!W\261\254\334\321\306\020\313~\273\001\312h\224\365"
 1296      DCD1C610 
 1296      CB7EBB01 
 1296      CA6894F5 
 1297 0b8b 78858D89 		.ascii	"x\205\215\211\225Z\213\236\321\022/h>!\331Q*\363mY5"
 1297      955A8B9E 
 1297      D1122F68 
 1297      3E21D951 
 1297      2AF36D59 
 1298 0ba0 3689D5DD 		.ascii	"6\211\325\335\2375\021\354@\3228\023#\015c\032R\210"
 1298      9F3511EC 
 1298      40D23813 
 1298      230D631A 
 1298      5288
 1299 0bb2 89B24725 		.ascii	"\211\262G%\327\324\244\002\023;\327\303&,;\356V(\266"
 1299      D7D4A402 
 1299      133BD7C3 
ARM GAS  /tmp/cczIMEmO.s 			page 106


 1299      262C3BEE 
 1299      5628B6
 1300 0bc5 4D566C70 		.ascii	"MVlpQ\305\256\2164a\246\247i\253\006\215E\246v\213L"
 1300      51C5AE8E 
 1300      3461A6A7 
 1300      69AB068D 
 1300      45A6768B 
 1301 0bda BB097937 		.ascii	"\273\011y7d\274\336\221\361z\227\363J*s*\332\035\004"
 1301      64BCDE91 
 1301      F17A97F3 
 1301      4A2A732A 
 1301      DA1D04
 1302 0bed 63E4373E 		.ascii	"c\3447>DFfB.\031\222 \244o\342~\263S\331o*\207\275\315"
 1302      44466642 
 1302      2E199220 
 1302      A46FE27E 
 1302      B353D96F 
 1303 0c05 3C033352 		.ascii	"<\0033Rh,]\262.%\217;Y(^hQ&-\006rW\374\227\312\355\311"
 1303      682C5DB2 
 1303      2E258F3B 
 1303      59285E68 
 1303      51262D06 
 1304 0c20 064A3D32 		.ascii	"\006J=2<8f-\320\276\247\\\242\320m{\030r^\332\250\016"
 1304      3C38662D 
 1304      D0BEA75C 
 1304      A2D06D7B 
 1304      18725EDA 
 1305 0c36 7096EAA1 		.ascii	"p\226\352\241[Vd\0176\275\036f<\323\327\332>\305\306"
 1305      5B56640F 
 1305      36BD1E66 
 1305      3CD3D7DA 
 1305      3EC5C6
 1306 0c49 F106A486 		.ascii	"\361\006\244\206\273\".\263\206h\3409\341\275)c\237"
 1306      BB222EB3 
 1306      8668E039 
 1306      E1BD2963 
 1306      9F
 1307 0c5a AD9E322C 		.ascii	"\255\2362,\364\332\262pa\316\357\316>\037\227\276I\343"
 1307      F4DAB270 
 1307      61CEEFCE 
 1307      3E1F97BE 
 1307      49E3
 1308 0c6c 98677535 		.ascii	"\230gu5|\012f\202\016\365\372\236V\357@T\312\204!^\027"
 1308      7C0A6682 
 1308      0EF5FA9E 
 1308      56EF4054 
 1308      CA84215E 
 1309 0c81 770689A0 		.ascii	"w\006\211\240\177C\000b\002k\350\206T\003\001\217\364"
 1309      7F430062 
 1309      026BE886 
 1309      5403018F 
 1309      F4
 1310 0c92 8D378477 		.ascii	"\2157\204w@\240\001\020h\220\222\037\202\2667\014\364"
 1310      40A00110 
 1310      6890921F 
 1310      82B6370C 
 1310      F4
ARM GAS  /tmp/cczIMEmO.s 			page 107


 1311 0ca3 A30D5AF6 		.ascii	"\243\015Z\366\"\332\000\330\017\377\203=\323\320g\255"
 1311      22DA00D8 
 1311      0FFF833D 
 1311      D3D067AD 
 1312 0cb3 7F537528 		.ascii	"\177Su(\224+\345/\005\372^\270\017y\372Y{\035\261=\204"
 1312      942BE52F 
 1312      05FA5EB8 
 1312      0F79FA59 
 1312      7B1DB13D 
 1313 0cc8 6CE2338D 		.ascii	"l\3423\215\3546\227\263y\220\366\035Hf6\205\266\352"
 1313      EC3697B3 
 1313      7990F61D 
 1313      48663685 
 1313      B6EA
 1314 0cda AD0A38C6 		.ascii	"\255\0128\306\005\034E\001\357\334\010\316\320b\336"
 1314      051C4501 
 1314      EFDC08CE 
 1314      D062DE
 1315 0ce9 EFD2F0E8 		.ascii	"\357\322\360\350\356\263\307*\024\360)\241f\331\374"
 1315      EEB3C72A 
 1315      14F029A1 
 1315      66D9FC
 1316 0cf8 E0C7E6AC 		.ascii	"\340\307\346\254L\000+\343\214\225I\312\312\030\262"
 1316      4C002BE3 
 1316      8C9549CA 
 1316      CA18B2
 1317 0d07 32C95859 		.ascii	"2\311XYH/-\341\023t\003N\220n\255\237\335\347SX#\264"
 1317      482F2DE1 
 1317      1374034E 
 1317      906EAD9F 
 1317      DDE75358 
 1318 0d1d B8C6C8F4 		.ascii	"\270\306\310\364d\035W \215\037\267\346\027\323\370"
 1318      641D5720 
 1318      8D1FB7E6 
 1318      17D3F8
 1319 0d2c 14DD00AD 		.ascii	"\024\335\000\255*q\012\357\020\237\302\363\032\012J"
 1319      2A710AEF 
 1319      109FC2F3 
 1319      1A0A4A
 1320 0d3b B7E3636B 		.ascii	"\267\343ck\352\3122|\253\006u\304\033\247\345j'.m\023"
 1320      EACA327C 
 1320      AB0675C4 
 1320      1BA7E56A 
 1320      272E6D13 
 1321 0d4f 443EA0B5 		.ascii	"D>\240\265\321\337\271\233\254\262*\370\"\027|\001\005"
 1321      D1DFB99B 
 1321      ACB22AF8 
 1321      22177C01 
 1321      05
 1322 0d60 5FB9B817 		.ascii	"_\271\270\027\351l.\332\034\2106\313D[\242\242-2\321"
 1322      E96C2EDA 
 1322      1C8836CB 
 1322      445BA2A2 
 1322      2D32D1
 1323 0d73 00B96171 		.ascii	"\000\271aq5\225O4^\240l\226\205\226\373q\261\272X\200"
 1323      35954F34 
 1323      5EA06C96 
ARM GAS  /tmp/cczIMEmO.s 			page 108


 1323      8596FB71 
 1323      B1BA5880 
 1324 0d87 BA5C739E 		.ascii	"\272\\s\236\207\305\006*V\313\365\370D;\022\200l\216"
 1324      87C5062A 
 1324      56CBF5F8 
 1324      443B1280 
 1324      6C8E
 1325 0d99 1CAC4C3B 		.ascii	"\034\254L;!\362+TEM\261\263\216\210\233D\271^\274\334"
 1325      21F22B54 
 1325      454DB1B3 
 1325      8E889B44 
 1325      B95EBCDC 
 1326 0dad 5EE94842 		.ascii	"^\351HB\0217\"f\366u\022\207\3179\001=\237\222\024|"
 1326      11372266 
 1326      F6751287 
 1326      CF39013D 
 1326      9F92147C 
 1327 0dc1 4E29E82F 		.ascii	"N)\350/R+\307\271\217\024\343\334\350\214\275.B\012"
 1327      522BC7B9 
 1327      8F14E3DC 
 1327      E88CBD2E 
 1327      420A
 1328 0dd3 30775388 		.ascii	"0wS\210o\220\236\224abp\363Z\205\2752\251'\212\244\252"
 1328      6F909E94 
 1328      616270F3 
 1328      5A85BD32 
 1328      A9278AA4 
 1329 0de8 B76EDE76 		.ascii	"\267n\336v\"\365\230\273(\374\336\001D\311\230x:\232"
 1329      22F598BB 
 1329      28FCDE01 
 1329      44C99878 
 1329      3A9A
 1330 0dfa 76D7D2D3 		.ascii	"v\327\322\323\355\000\225]\231\323\352,\352\361r\"C"
 1330      ED00955D 
 1330      99D3EA2C 
 1330      EAF17222 
 1330      43
 1331 0e0b 9829AFB5 		.ascii	"\230)\257\265o\202Xdzf\221\251h\257\242_\326\302\367"
 1331      6F825864 
 1331      7A6691A9 
 1331      68AFA25F 
 1331      D6C2F7
 1332 0e1e 642D7C5F 		.ascii	"d-|_\364\312\311W\242\323\035\310\022#\256\011\177\270"
 1332      F4CAC957 
 1332      A2D31DC8 
 1332      1223AE09 
 1332      7FB8
 1333 0e30 D0612B60 		.ascii	"\320a+`\270(s+\353P\263\017iT@\2713\020t+>\004\306\207"
 1333      B828732B 
 1333      EB50B30F 
 1333      695440B9 
 1333      3310742B 
 1334 0e48 00DE005E 		.ascii	"\000\336\000^\000\347\211t~a\237\004\244\006\243\313"
 1334      00E78974 
 1334      7E619F04 
 1334      A406A3CB 
 1335 0e58 7C0CB6B1 		.ascii	"|\014\266\261\3113*\216P1\313N\0061\244\275#<\005\354"
ARM GAS  /tmp/cczIMEmO.s 			page 109


 1335      C9332A8E 
 1335      5031CB4E 
 1335      0631A4BD 
 1335      233C05EC 
 1336 0e6c 2D2BD8A6 		.ascii	"-+\330\246\340\250_\034\376\356\363\030R\216n\026\307"
 1336      E0A85F1C 
 1336      FEEEF318 
 1336      528E6E16 
 1336      C7
 1337 0e7d 2E22693A 		.ascii	".\"i:p\337\266 m>\226\030\213:\224\312Bd\312\367\201"
 1337      70DFB620 
 1337      6D3E9618 
 1337      8B3A94CA 
 1337      4264CAF7 
 1338 0e92 05BA29C2 		.ascii	"\005\272)\302\247\246\234\027\363\311aeU=\373lUQ\017"
 1338      A7A69C17 
 1338      F3C96165 
 1338      553DFB6C 
 1338      55510F
 1339 0ea5 521237E5 		.ascii	"R\0227\345D\222\265\254r\033\026\246/\350I\016K\330"
 1339      4492B5AC 
 1339      721B16A6 
 1339      2FE8490E 
 1339      4BD8
 1340 0eb7 6E646E55 		.ascii	"ndnU\333\032\347\035\307\242_A\246Dy/*\313{\231\267"
 1340      DB1AE71D 
 1340      C7A25F41 
 1340      A644792F 
 1340      2ACB7B99 
 1341 0ecc 5FC68BD1 		.ascii	"_\306\213\3214/\020\314@y\0110\226=\274s\333\333\231"
 1341      342F10CC 
 1341      40790930 
 1341      963DBC73 
 1341      DBDB99
 1342 0edf 5460D9BE 		.ascii	"T`\331\276\311\305\271v\207\225\263\007*f\017/\035\354"
 1342      C9C5B976 
 1342      8795B307 
 1342      2A660F2F 
 1342      1DEC
 1343 0ef1 E7AB0B06 		.ascii	"\347\253\013\006\352\355&R\267*\004\322\214\344\226"
 1343      EAED2652 
 1343      B72A04D2 
 1343      8CE496
 1344 0f00 B2877A9D 		.ascii	"\262\207z\235\310]L(\004b\265%\225\305\016\244\037\377"
 1344      C85D4C28 
 1344      0462B525 
 1344      95C50EA4 
 1344      1FFF
 1345 0f12 7E69222D 		.ascii	"~i\"-\327\262%\\\206R\303\210\324\250kw+\206\035\310"
 1345      D7B2255C 
 1345      8652C388 
 1345      D4A86B77 
 1345      2B861DC8 
 1346 0f26 1C662ABE 		.ascii	"\034f*\276ps\302\301\"\323\025\213L\235\367o\366\352"
 1346      7073C2C1 
 1346      22D3158B 
 1346      4C9DF76F 
ARM GAS  /tmp/cczIMEmO.s 			page 110


 1346      F6EA
 1347 0f38 A42D215C 		.ascii	"\244-!\\\246\271\010\302[\302hY{\206#c\022^\011\241"
 1347      A6B908C2 
 1347      5BC26859 
 1347      7B862363 
 1347      125E09A1 
 1348 0f4c 84B119D7 		.ascii	"\204\261\031\327_\320&\013\376 \3142\005\177\221\004"
 1348      5FD0260B 
 1348      FE20CC32 
 1348      057F9104 
 1349 0f5c 82BFAB84 		.ascii	"\202\277\253\204\007\177m\317\236%\310&@\341\317\222"
 1349      077F6DCF 
 1349      9E25C826 
 1349      40E1CF92 
 1350 0f6c 82A28829 		.ascii	"\202\242\210)\370\313,\017\317\261'OP\220'\035\355\363"
 1350      F8CB2C0F 
 1350      CFB1274F 
 1350      5090271D 
 1350      EDF3
 1351 0f7e 56F309D1 		.ascii	"V\363\011\321 \2204\353\350\371\312F-1\350X\326\266"
 1351      209034EB 
 1351      E8F9CA46 
 1351      2D31E858 
 1351      D6B6
 1352 0f90 A9B20F48 		.ascii	"\251\262\017H\000>\317^\367\311\322Z\231%\210#"
 1352      003ECF5E 
 1352      F7C9D25A 
 1352      99258823 
 1353 0fa0 4AB30425 		.ascii	"J\263\004%\303\231U\366$\016\263\267&\027\254:\222L"
 1353      C39955F6 
 1353      240EB3B7 
 1353      2617AC3A 
 1353      924C
 1354 0fb2 4CDCEF7A 		.ascii	"L\334\357z\322\356`e\012:\221(MA\267um<\024\227W\250"
 1354      D2EE6065 
 1354      0A3A9128 
 1354      4D41B775 
 1354      6D3C1497 
 1355 0fc8 5F7ED4B8 		.ascii	"_~\324\270\016\341Y\005\222\313K\332\214'\244\012\023"
 1355      0EE15905 
 1355      92CB4BDA 
 1355      8C27A40A 
 1355      13
 1356 0fd9 93B9F501 		.ascii	"\223\271\365\001\032r\013\023Y\217\203cy\327@{\206\312"
 1356      1A720B13 
 1356      598F8363 
 1356      79D7407B 
 1356      86CA
 1357 0feb BEF61427 		.ascii	"\276\366\024'\336\301\321?/\017\005\226\013\244\021"
 1357      DEC1D13F 
 1357      2F0F0596 
 1357      0BA411
 1358 0ffa 71FDA6F3 		.ascii	"q\375\246\363\366\010"
 1358      F608
 1359 1000 69C34453 		.ascii	"i\303DSw\353\206`Q\373\231\300[\226\254\366\003j\362"
 1359      77EB8660 
 1359      51FB99C0 
ARM GAS  /tmp/cczIMEmO.s 			page 111


 1359      5B96ACF6 
 1359      036AF2
 1360 1013 4F9201CC 		.ascii	"O\222\001\314S\274X\336l\031%f[\344\231(}\026#H+$Gf"
 1360      53BC58DE 
 1360      6C192566 
 1360      5BE49928 
 1360      7D162348 
 1361 102b 31B9A2C5 		.ascii	"1\271\242\305\314\267l\315h\311<\022\337j\215\314q$"
 1361      CCB76CCD 
 1361      68C93C12 
 1361      DF6A8DCC 
 1361      7124
 1362 103d AB98080A 		.ascii	"\253\230\010\012\234L\263S\356%\362\211B/\241jI\230"
 1362      9C4CB353 
 1362      EE25F289 
 1362      422FA16A 
 1362      4998
 1363 104f FC8E64AA 		.ascii	"\374\216d\252\261g\361[q%\006C\200\003-\214\015\274"
 1363      B167F15B 
 1363      71250643 
 1363      80032D8C 
 1363      0DBC
 1364 1061 AF3FD765 		.ascii	"\257?\327e\355\307q\227U@\364B\0361GW\232\375\200\366"
 1364      EDC77197 
 1364      5540F442 
 1364      1E314757 
 1364      9AFD80F6 
 1365 1075 7D8DBC21 		.ascii	"}\215\274!\244\2237Pm\327y\373.\006\367T\010P$\365\346"
 1365      A4933750 
 1365      6DD779FB 
 1365      2E06F754 
 1365      085024F5 
 1366 108a AB71DCFB 		.ascii	"\253q\334\373Pv\036)\263\303=\342\343K\325\243f\263"
 1366      50761E29 
 1366      B3C33DE2 
 1366      E34BD5A3 
 1366      66B3
 1367 109c 8BC672B2 		.ascii	"\213\306r\262\255\227\0039\357\335\214[q$\317\230\006"
 1367      AD970339 
 1367      EFDD8C5B 
 1367      7124CF98 
 1367      06
 1368 10ad D5E92B3B 		.ascii	"\325\351+;\333\202\300\246.p\204;\336\242NL\3556\260"
 1368      DB82C0A6 
 1368      2E70843B 
 1368      DEA24E4C 
 1368      ED36B0
 1369 10c0 0EA50468 		.ascii	"\016\245\004hd\000\255r\370\025\211[\213\301\223\341"
 1369      6400AD72 
 1369      F815895B 
 1369      8BC193E1 
 1370 10d0 EF74B8CC 		.ascii	"\357t\270\314\334I9/\274\014\012\276\001P\001P)\025"
 1370      DC49392F 
 1370      BC0C0ABE 
 1370      01500150 
 1370      2915
 1371 10e2 743FE615 		.ascii	"t?\346\025\234\036\001G\225\3123(\271~\356\224c\016"
ARM GAS  /tmp/cczIMEmO.s 			page 112


 1371      9C1E0147 
 1371      95CA3328 
 1371      B97EEE94 
 1371      630E
 1372 10f4 21760CA8 		.ascii	"!v\014\250%\315\002\335\242\207\033z\003\373,ZK\245"
 1372      25CD02DD 
 1372      A2871B7A 
 1372      03FB2C5A 
 1372      4BA5
 1373 1106 56A88B91 		.ascii	"V\250\213\221~ap\364=\307\303\312\242\\y\276(\220;}"
 1373      7E6170F4 
 1373      3DC7C3CA 
 1373      A25C79BE 
 1373      28903B7D 
 1374 111a 2F76D391 		.ascii	"/v\323\221\024\343\002Xrg5D3\325,\241\271[r?\320\262"
 1374      14E30258 
 1374      72673544 
 1374      33D52CA1 
 1374      B95B723F 
 1375 1130 8F87067E 		.ascii	"\217\207\006~\011\250\323)\010\341&P\257\341\324\033"
 1375      09A8D329 
 1375      08E12650 
 1375      AFE1D41B 
 1376 1140 80EA2D80 		.ascii	"\200\352-\200Z\200:\200z\243\262\240J\326\006\324\371"
 1376      5A803A80 
 1376      7AA3B2A0 
 1376      4AD606D4 
 1376      F9
 1377 1151 0FDAA08F 		.ascii	"\017\332\240\217\017zGH\202\014\011<\243\365Y\275\331"
 1377      0F7A4748 
 1377      820C093C 
 1377      A3F559BD 
 1377      D9
 1378 1162 D837AFE3 		.ascii	"\3307\257\343\354Y<\250 \326\002\277\332\014\277#\356"
 1378      EC593CA8 
 1378      20D602BF 
 1378      DA0CBF23 
 1378      EE
 1379 1173 F564A382 		.ascii	"\365d\243\202C8\272Ic\346s+[q\207\222\305\332\253\266"
 1379      4338BA49 
 1379      63E6732B 
 1379      5B718792 
 1379      C5DAABB6 
 1380 1187 822D9934 		.ascii	"\202-\2314\351\210y5\314@\321\253\000/\205\343\213J"
 1380      E9887935 
 1380      CC40D1AB 
 1380      002F85E3 
 1380      8B4A
 1381 1199 965B7549 		.ascii	"\226[uI\365~\2513\231\324\363\220\264\244L}XYy\215\237"
 1381      F57EA933 
 1381      99D4F390 
 1381      B4A44C7D 
 1381      5859798D 
 1382 11ae AD3C1A36 		.ascii	"\255<\0326d\\Z$d\005\311\325\354\3554i\311CLd\246n\336"
 1382      645C5A24 
 1382      6405C9D5 
 1382      ECED3469 
ARM GAS  /tmp/cczIMEmO.s 			page 113


 1382      C9434C64 
 1383 11c5 B23225DB 		.ascii	"\2622%\333\254\3449\324e\331\221\373N\2028\325\012R"
 1383      ACE439D4 
 1383      65D991FB 
 1383      4E8238D5 
 1383      0A52
 1384 11d7 CDCDAB47 		.ascii	"\315\315\253G\213\323\002\014\206F/\215p\033X\011\206"
 1384      8BD3020C 
 1384      86462F8D 
 1384      701B5809 
 1384      86
 1385 11e8 7CEDF02B 		.ascii	"|\355\360+\362h9\303\266\237@\362\275\231\273\361\003"
 1385      F26839C3 
 1385      B69F40F2 
 1385      BD99BBF1 
 1385      03
 1386 11f9 BC0D5BC4 		.ascii	"\274\015[\304\027#\031q\232\215iN&\365*`\2540\214v."
 1386      17231971 
 1386      9A8D694E 
 1386      26F52A60 
 1386      AC308C76 
 1387 120e F21D10B3 		.ascii	"\362\035\020\263\025\340.@\233\264a5\305\223\033\350"
 1387      15E02E40 
 1387      9BB46135 
 1387      C5931BE8 
 1388 121e D15AA0E6 		.ascii	"\321Z\240\346\2338K\312\001\033]<I \271\210\036\004"
 1388      9B384BCA 
 1388      011B5D3C 
 1388      4920B988 
 1388      1E04
 1389 1230 68FE16E8 		.ascii	"h\376\026\350\246\211?:\021\335\2742\313\207\010O\355"
 1389      A6893F3A 
 1389      11DDBC32 
 1389      CB87084F 
 1389      ED
 1390 1241 217D6371 		.ascii	"!}cq\346c\222d\217\013\016Q\233\245:\222\201\211\360"
 1390      E6639264 
 1390      8F0B0E51 
 1390      9BA53A92 
 1390      8189F0
 1391 1254 C1A65ACB 		.ascii	"\301\246Z\313\025\"h\033\302=Y\007\260\026|\376\232"
 1391      1522681B 
 1391      C23D5907 
 1391      B0167CFE 
 1391      9A
 1392 1265 9DC5D487 		.ascii	"\235\305\324\207%^rT`\215\254\347\356\2261\331#v\024"
 1392      255E7254 
 1392      608DACE7 
 1392      EE9631D9 
 1392      237614
 1393 1278 935305BE 		.ascii	"\223S\005\276\266\344\0062Q\325x\276\314\221\264`\""
 1393      B6E40632 
 1393      51D578BE 
 1393      CC91B460 
 1393      22
 1394 1289 2976E086 		.ascii	")v\340\206\345\342`\037\224\324/\347\250!\376\232\035"
 1394      E5E2601F 
ARM GAS  /tmp/cczIMEmO.s 			page 114


 1394      94D42FE7 
 1394      A821FE9A 
 1394      1D
 1395 129a 19C44CE3 		.ascii	"\031\304L\343\211\363\227,\373\261\373\026\231J\256"
 1395      89F3972C 
 1395      FBB1FB16 
 1395      994AAE
 1396 12a9 9786CA22 		.ascii	"\227\206\312\"\237\001\031{\203\234=\022\034\271\267"
 1396      9F01197B 
 1396      839C3D12 
 1396      1CB9B7
 1397 12b8 AEB3BE8E 		.ascii	"\256\263\276\216\330\013\204\207x\375\216@\275\016\313"
 1397      D80B8487 
 1397      78FD8E40 
 1397      BD0ECB
 1398 12c7 EAF5299F 		.ascii	"\352\365)\237\274\000jl\362b\350\371\035\325\332\253"
 1398      BC006A6C 
 1398      F262E8F9 
 1398      1DD5DAAB 
 1399 12d7 E8317B08 		.ascii	"\3501{\010N\243(\240\363Z]\033\364\256u&\013(\362\255"
 1399      4EA328A0 
 1399      F35A5D1B 
 1399      F4AE7526 
 1399      0B28F2AD 
 1400 12eb FEE2198D 		.ascii	"\376\342\031\215\225\251\216Qe\376 \327X\364#?>\036"
 1400      95A98E51 
 1400      65FE20D7 
 1400      58F4233F 
 1400      3E1E
 1401 12fd 9EA08631 		.ascii	"\236\240\2061\327\372\250@G\236\"\311\264\236\312a\015"
 1401      D7FAA840 
 1401      479E22C9 
 1401      B49ECA61 
 1401      0D
 1402 130e 01574455 		.ascii	"\001WDUp-\306{\231\256X\034F\363\033\213\221\232\337"
 1402      702DC67B 
 1402      99AE581C 
 1402      46F31B8B 
 1402      919ADF
 1403 1321 241430FD 		.ascii	"$\0240\375<km\212\225\266\237\011\216nj?G\024\232\217"
 1403      3C6B6D8A 
 1403      95B69F09 
 1403      8E6E6A3F 
 1403      47149A8F 
 1404 1335 C49FDB30 		.ascii	"\304\237\3330t\312\376\024\260\377\300\310\376\302~"
 1404      74CAFE14 
 1404      B0FFC0C8 
 1404      FEC27E
 1405 1344 C19C8A5C 		.ascii	"\301\234\212\\t\220\015\327\337\344\303uq\223\303\233"
 1405      74900DD7 
 1405      DFE4C375 
 1405      7193C39B 
 1406 1354 E837BA07 		.ascii	"\3507\272\007\026\023m\311e\304]\276\230\023\315\307"
 1406      16136DC9 
 1406      65C45DBE 
 1406      9813CDC7 
 1407 1364 BBF24994 		.ascii	"\273\362I\224y\3022\320\242\346\240\360Y\302\342\300"
ARM GAS  /tmp/cczIMEmO.s 			page 115


 1407      79C232D0 
 1407      A2E6A0F0 
 1407      59C2E2C0 
 1408 1374 D1F8B54D 		.ascii	"\321\370\265M\025I\305\274\003\343M\255\002\311\302"
 1408      1549C5BC 
 1408      03E34DAD 
 1408      02C9C2
 1409 1383 C4F5B18B 		.ascii	"\304\365\261\213-D\353\307\0105H\011-\001\241e\242e"
 1409      2D44EBC7 
 1409      08354809 
 1409      2D01A165 
 1409      A265
 1410 1395 C62625E5 		.ascii	"\306&%\345\225\356\3653R\201\231\2436!$T\312\274b%\263"
 1410      95EEF533 
 1410      528199A3 
 1410      36212454 
 1410      CABC6225 
 1411 13aa 7FFF7A34 		.ascii	"\177\377z4\237\221\030\240\325\225\3225\220\344DZ\221"
 1411      9F9118A0 
 1411      D595D235 
 1411      90E4445A 
 1411      91
 1412 13bb DA85E9C7 		.ascii	"\332\205\351\307\325\366\242L\276\317\233\030\242\021"
 1412      D5F6A24C 
 1412      BECF9B18 
 1412      A211
 1413 13c9 DC6A7D28 		.ascii	"\334j}(\221\255\372\023\351d\306\206\3300\275\247\312"
 1413      91ADFA13 
 1413      E964C686 
 1413      D830BDA7 
 1413      CA
 1414 13da FA05D285 		.ascii	"\372\005\322\205%\334/nh\347\301g\355(}\261\027\335"
 1414      25DC2F6E 
 1414      68E7C167 
 1414      ED287DB1 
 1414      17DD
 1415 13ec 1E6047FA 		.ascii	"\036`G\372\360\257\275\361=7\355\221\271J\252\377\252"
 1415      F0AFBDF1 
 1415      3D37ED91 
 1415      B94AAAFF 
 1415      AA
 1416 13fd F18902AD 		.ascii	"\361\211\002\255\325\351\222'\004\247K\266P\262\261"
 1416      D5E99227 
 1416      04A74BB6 
 1416      50B2B1
 1417 140c 82E14615 		.ascii	"\202\341F\025\031GJ\035+\347\303\354\255\004\352O\225"
 1417      19474A1D 
 1417      2BE7C3EC 
 1417      AD04EA4F 
 1417      95
 1418 141d 03F59689 		.ascii	"\003\365\226\211P\275i\266\345ua\033\304y\004\212[c"
 1418      50BD69B6 
 1418      E575611B 
 1418      C479048A 
 1418      5B63
 1419 142f 81CF0E39 		.ascii	"\201\317\0169\204%2\231\232\303WKm\311\"\226\325|\347"
 1419      84253299 
ARM GAS  /tmp/cczIMEmO.s 			page 116


 1419      9AC3574B 
 1419      6DC92296 
 1419      D57CE7
 1420 1442 7634E7BA 		.ascii	"v4\347\272\202ne\012.\213\332\341\323'\265\273\024\241"
 1420      826E650A 
 1420      2E8BDAE1 
 1420      D327B5BB 
 1420      14A1
 1421 1454 3FF26E87 		.ascii	"?\362n\207\023y\204\330Y\211\231\215\216d\037\023K\235"
 1421      137984D8 
 1421      5989998D 
 1421      8E641F13 
 1421      4B9D
 1422 1466 B5C5F64A 		.ascii	"\265\305\366JFt\240hD\205[\275\011*\342\347\310\362"
 1422      4674A068 
 1422      44855BBD 
 1422      092AE2E7 
 1422      C8F2
 1423 1478 7AE58417 		.ascii	"z\345\204\027\352\311eL\334\354\255\014\021H\024&\356"
 1423      EAC9654C 
 1423      DCECAD0C 
 1423      11481426 
 1423      EE
 1424 1489 54DC79A0 		.ascii	"T\334y\240#I\230\230\312\360\233SY82_\025\270m\225\324"
 1424      23499898 
 1424      CAF09B53 
 1424      5938325F 
 1424      15B86D95 
 1425 149e 91459685 		.ascii	"\221E\226\205\225\351I\021fZo\274\324\252\262p\316~"
 1425      95E94911 
 1425      665A6FBC 
 1425      D4AAB270 
 1425      CE7E
 1426 14b0 169972F7 		.ascii	"\026\231r\367\246\302es\361\376*i\023\276\240\342\336"
 1426      A6C26573 
 1426      F1FE2A69 
 1426      13BEA0E2 
 1426      DE
 1427 14c1 AF763060 		.ascii	"\257v0`@\365\234MO\001HU\270\250zK\010TIc\305j\322\212"
 1427      40F59C4D 
 1427      4F014855 
 1427      B8A87A4B 
 1427      08544963 
 1428 14d9 4E026809 		.ascii	"N\002h\011>\300@\200\3529Nb\266\206\304\"\372\277\352"
 1428      3EC04080 
 1428      EA394E62 
 1428      B686C422 
 1428      FABFEA
 1429 14ec 056F656C 		.ascii	"\005oel1\370k\217\355\362\342\303\242\0266\266+\010"
 1429      31F86B8F 
 1429      EDF2E2C3 
 1429      A21636B6 
 1429      2B08
 1430 14fe F93A6964 		.ascii	"\371:id\362\223\260\306(_\353\336\332F\010\346\374\206"
 1430      F293B0C6 
 1430      285FEBDE 
 1430      DA4608E6 
ARM GAS  /tmp/cczIMEmO.s 			page 117


 1430      FC86
 1431 1510 02BF2152 		.ascii	"\002\277!R~go\222\012d@\364\325\301V8\340A\177\025\251"
 1431      7E676F92 
 1431      0A6440F4 
 1431      D5C15638 
 1431      E0417F15 
 1432 1525 3275D997 		.ascii	"2u\331\227T\212\370\342\236\017\276\273\356\020\337"
 1432      548AF8E2 
 1432      9E0FBEBB 
 1432      EE10DF
 1433 1534 5D57B91D 		.ascii	"]W\271\035}YK:\034\371\270k\255R \203\230\210\362\316"
 1433      7D594B3A 
 1433      1CF9B86B 
 1433      AD522083 
 1433      9888F2CE 
 1434 1548 0C7252F2 		.ascii	"\014rR\362\012W\240\200p\225\245W\210\271\025\225nG"
 1434      0A57A080 
 1434      7095A557 
 1434      88B91595 
 1434      6E47
 1435 155a 163077C2 		.ascii	"\0260w\302\203\324\000\225R\356\010+\271/\365?\031\320"
 1435      83D40095 
 1435      52EE082B 
 1435      B92FF53F 
 1435      19D0
 1436 156c 915DCCDD 		.ascii	"\221]\314\335]R\024\345H|\234pc\324\245\215};r\021\023"
 1436      5D5214E5 
 1436      487C9C70 
 1436      63D4A58D 
 1436      7D3B7211 
 1437 1581 83FE8FDA 		.ascii	"\203\376\217\332\324\344\012K\250\236=\330:\320\012"
 1437      D4E40A4B 
 1437      A89E3DD8 
 1437      3AD00A
 1438 1590 A6C5EB8E 		.ascii	"\246\305\353\216\012\222\200\212\240\253\201\321PR\234"
 1438      0A92808A 
 1438      A0AB81D1 
 1438      50529C
 1439 159f 15C5290E 		.ascii	"\025\305)\016{l\030:\255\222\004\250\222X\200xi\265"
 1439      7B6C183A 
 1439      AD9204A8 
 1439      92588078 
 1439      69B5
 1440 15b1 2CDE20D8 		.ascii	",\336 \330\203R\342Q\026\304\315'\276\026\363%\3501"
 1440      8352E251 
 1440      16C4CD27 
 1440      BE16F325 
 1440      E831
 1441 15c3 CABCF04A 		.ascii	"\312\274\360J\311\352\272\321\300\343\242oB2>\2406\227"
 1441      C9EABAD1 
 1441      C0E3A26F 
 1441      42323EA0 
 1441      3697
 1442 15d5 CF1E27D1 		.ascii	"\317\036'\321\371\232\255\316\326\363N$\026\025\320"
 1442      F99AADCE 
 1442      D6F34E24 
 1442      1615D0
ARM GAS  /tmp/cczIMEmO.s 			page 118


 1443 15e4 FEF8E281 		.ascii	"\376\370\342\201-I\306\304Dt\332U\015f\264\203d\313"
 1443      2D49C6C4 
 1443      4474DA55 
 1443      0D66B483 
 1443      64CB
 1444 15f6 B3A8085B 		.ascii	"\263\250\010[\253\256.M\205\256.U\305\024\036y)\347"
 1444      ABAE2E4D 
 1444      85AE2E55 
 1444      C5141E79 
 1444      29E7
 1445 1608 812C26A2 		.ascii	"\201,&\2423\303&\354t\225i*#khz\212\230\334\232\212"
 1445      33C326EC 
 1445      7495692A 
 1445      236B687A 
 1445      8A98DC9A 
 1446 161d FDD1B4B8 		.ascii	"\375\321\264\270{Mu\010\251c\310\334\032\331\250&\231"
 1446      7B4D7508 
 1446      A963C8DC 
 1446      1AD9A826 
 1446      99
 1447 162e C8A0B893 		.ascii	"\310\240\270\223\365\025\334\311\272\362\364\321\222"
 1447      F515DCC9 
 1447      BAF2F4D1 
 1447      92
 1448 163b 1329C0BF 		.ascii	"\023)\300\277\225wFGr\3465\264\337\334\036\233\267\356"
 1448      95774647 
 1448      72E635B4 
 1448      DFDC1E9B 
 1448      B7EE
 1449 164d A77338F3 		.ascii	"\247s8\363\331\310\374h~\307\250\332|Z;S\205\302\301"
 1449      D9C8FC68 
 1449      7EC7A8DA 
 1449      7C5A3B53 
 1449      85C2C1
 1450 1660 C89F7294 		.ascii	"\310\237r\224#r\324\325Q5\345H\312\260\324\221\240\315"
 1450      2372D4D5 
 1450      5135E548 
 1450      CAB0D491 
 1450      A0CD
 1451 1672 9B02A965 		.ascii	"\233\002\251e\011M\351v\327#=\306\344<(o\312#\361\030"
 1451      094DE976 
 1451      D7233DC6 
 1451      E43C286F 
 1451      CA23F118 
 1452 1686 21805442 		.ascii	"!\200TB\012T[\221J\272\220-\031\373\361\241e\256\324"
 1452      0A545B91 
 1452      4ABA902D 
 1452      19FBF1A1 
 1452      65AED4
 1453 1699 E6327806 		.ascii	"\3462x\006\245\241\250\314\346\222\200\327D\306k\021"
 1453      A5A1A8CC 
 1453      E69280D7 
 1453      44C66B11 
 1454 16a9 B7B912B0 		.ascii	"\267\271\022\260\267\353\000\305\000\205\000\005R\333"
 1454      B7EB00C5 
 1454      00850005 
 1454      52DB
ARM GAS  /tmp/cczIMEmO.s 			page 119


 1455 16b7 DBC99618 		.ascii	"\333\311\226\030S\236E!\346\353\373\2639$\016\244\200"
 1455      539E4521 
 1455      E6EBFBB3 
 1455      39240EA4 
 1455      80
 1456 16c8 98093421 		.ascii	"\230\0114!dq|\223~,&i\263\245B\344+\323Gc\325N\015T"
 1456      64717C93 
 1456      7E2C2669 
 1456      B3A542E4 
 1456      2BD34763 
 1457 16e0 D76970BF 		.ascii	"\327ip\277\002N\203@y\2535$\222\015\320\250\253\364"
 1457      024E8340 
 1457      79AB3524 
 1457      920DD0A8 
 1457      ABF4
 1458 16f2 82EC552A 		.ascii	"\202\354U*\351h\021\207\036\222\341x%)(d\354]\005O\020"
 1458      E9681187 
 1458      1E92E178 
 1458      25292864 
 1458      EC5D054F 
 1459 1707 C6F1D141 		.ascii	"\306\361\321A\300\370_e&\315\352MN\235\272\2655[s\352"
 1459      C0F85F65 
 1459      26CDEA4D 
 1459      4E9DBAB5 
 1459      355B73EA 
 1460 171b 412AB3B1 		.ascii	"A*\263\261h\026\311\227\273\317*\253\356\236\312~\213"
 1460      6816C997 
 1460      BBCF2AAB 
 1460      EE9ECA7E 
 1460      8B
 1461 172c C4233306 		.ascii	"\304#3\006\025N\177K\231\211\220\262\016\274l\335\340"
 1461      154E7F4B 
 1461      998990B2 
 1461      0EBC6CDD 
 1461      E0
 1462 173d BCD0D61C 		.ascii	"\274\320\326\034\311979\020\245}\016P\333\323\020\361"
 1462      C9393739 
 1462      10A57D0E 
 1462      50DBD310 
 1462      F1
 1463 174e 3C6094AA 		.ascii	"<`\224\252xmW@\015\337\004\250\004(\003(\007(\005\270"
 1463      786D5740 
 1463      0DDF04A8 
 1463      04280328 
 1463      072805B8 
 1464 1762 A1928CDB 		.ascii	"\241\222\214\333\333\362\010\356L\243\265\221\314\013"
 1464      DBF208EE 
 1464      4CA3B591 
 1464      CC0B
 1465 1770 33598EB4 		.ascii	"3Y\216\264'\262\337y8\266\251\345\325\"\261\347\255"
 1465      27B2DF79 
 1465      38B6A9E5 
 1465      D522B1E7 
 1465      AD
 1466 1781 58928DF6 		.ascii	"X\222\215\366<\006\241k'D\004\2152\345u\0203eo\005\223"
 1466      3C06A16B 
 1466      2744048D 
ARM GAS  /tmp/cczIMEmO.s 			page 120


 1466      32E57510 
 1466      33656F05 
 1467 1796 2B0636F2 		.ascii	"+\0066\362\207hEx\3143\230b\030\363\210:\223D\241\245"
 1467      87684578 
 1467      CC339862 
 1467      18F3883A 
 1467      9344A1A5 
 1468 17aa 2DD91E12 		.ascii	"-\331\036\022\346m\021\335\264\3004cV\365\253Q$\027"
 1468      E66D11DD 
 1468      B4C03463 
 1468      56F5AB51 
 1468      2417
 1469 17bc B5BD0A81 		.ascii	"\265\275\012\201\345\"'/j{\234\230\031J\010I\304\252"
 1469      E522272F 
 1469      6A7B9C98 
 1469      194A0849 
 1469      C4AA
 1470 17ce 8448     		.ascii	"\204H"
 1471 17d0 50D8E4D8 		.ascii	"P\330\344\330\246\252\\3\303\357\217&yH}\001z\302\031"
 1471      A6AA5C33 
 1471      C3EF8F26 
 1471      79487D01 
 1471      7AC219
 1472 17e3 45EADF30 		.ascii	"E\352\3370\361\236H\"PT:f]\343\274\233\306\312\313\266"
 1472      F19E4822 
 1472      50543A66 
 1472      5DE3BC9B 
 1472      C6CACBB6 
 1473 17f7 9695091D 		.ascii	"\226\225\011\035\331\036\350\342\031\235%\333\345\364"
 1473      D91EE8E2 
 1473      199D25DB 
 1473      E5F4
 1474 1805 697DD640 		.ascii	"i}\326@\335\325\0014\001\324\002\324\0034\003T\0034"
 1474      DDD50134 
 1474      01D402D4 
 1474      03340354 
 1474      0334
 1475 1817 00DC02B8 		.ascii	"\000\334\002\270-\255\333\241[\274ni\235\356sJ&;\231"
 1475      2DADDBA1 
 1475      5BBC6E69 
 1475      9DEE734A 
 1475      263B99
 1476 182a 32D35B53 		.ascii	"2\323[S\224T\023\017\255hB:g\022K\205\003C\245C\226"
 1476      9454130F 
 1476      AD68423A 
 1476      67124B85 
 1476      0343A543 
 1477 183f 2D2E9B69 		.ascii	"-.\233i 3N$\306#\014\335.\334\324\223f\364\220A\013"
 1477      20334E24 
 1477      C6230CDD 
 1477      2EDCD493 
 1477      66F49041 
 1478 1854 F97784C3 		.ascii	"\371w\204\303\312\"\267\250~-\221\005\010\004\201\362"
 1478      CA22B7A8 
 1478      7E2D9105 
 1478      080481F2 
 1479 1864 959590FF 		.ascii	"\225\225\220\377Cz\260\224\344\236\200Z\275\225\025"
ARM GAS  /tmp/cczIMEmO.s 			page 121


 1479      437AB094 
 1479      E49E805A 
 1479      BD9515
 1480 1873 9936D58B 		.ascii	"\2316\325\213\254\310\324\207\204\017\303\270\023\311"
 1480      ACC8D487 
 1480      840FC3B8 
 1480      13C9
 1481 1881 A596E665 		.ascii	"\245\226\346e\322\335\311\277GO\003\020\311\260\353"
 1481      D2DDC9BF 
 1481      474F0310 
 1481      C9B0EB
 1482 1890 F770D8F5 		.ascii	"\367p\330\365\304\273=EK\326\020\371\362\030\204\243"
 1482      C4BB3D45 
 1482      4BD610F9 
 1482      F21884A3 
 1483 18a0 183187FA 		.ascii	"\0301\207\372\030\324o\333\030\227\012\204N\025\313"
 1483      18D46FDB 
 1483      18970A84 
 1483      4E15CB
 1484 18af C2E66EA0 		.ascii	"\302\346n\240\241\335\305\356\246\370z\350\232#9\340"
 1484      A1DDC5EE 
 1484      A6F87AE8 
 1484      9A2339E0 
 1485 18bf FAB97F2B 		.ascii	"\372\271\177+\336\221\004;[[1\271\220s?WM\022\361\357"
 1485      DE91043B 
 1485      5B5B31B9 
 1485      90733F57 
 1485      4D12F1EF 
 1486 18d3 3DD5BEAB 		.ascii	"=\325\276\253\316JqP/\024\324\247\020\007=\231\311Z"
 1486      CE4A7150 
 1486      2F14D4A7 
 1486      10073D99 
 1486      C95A
 1487 18e5 7626D998 		.ascii	"v&\331\230\273:\356F\232b\356~+\271\307\302\357=\322"
 1487      BB3AEE46 
 1487      9A62EE7E 
 1487      2BB9C7C2 
 1487      EF3DD2
 1488 18f8 3076EEC3 		.ascii	"0v\356\303_{T\214\241\342\202\221\002\015)G\222W\356"
 1488      5F7B548C 
 1488      A1E28291 
 1488      020D2947 
 1488      9257EE
 1489 190b FB375ACE 		.ascii	"\3737Z\316\307\017\002\275!YT\336\322\326\227\253#\265"
 1489      C70F02BD 
 1489      215954DE 
 1489      D2D697AB 
 1489      23B5
 1490 191d 9829777F 		.ascii	"\230)w\177?\3242\376\037\266\310\224\261{\261\314I\032"
 1490      3FD432FE 
 1490      1FB6C894 
 1490      B17BB1CC 
 1490      491A
 1491 192f 538CC88C 		.ascii	"S\214\310\214t\224\207\362\302\225g\243\006\035c\023"
 1491      749487F2 
 1491      C29567A3 
 1491      061D6313 
ARM GAS  /tmp/cczIMEmO.s 			page 122


 1492 193f 5E0903C8 		.ascii	"^\011\003\310f\344\305\007KvV\227p\306U\257\331\010"
 1492      66E4C507 
 1492      4B765697 
 1492      70C655AF 
 1492      D908
 1493 1951 632ABE84 		.ascii	"c*\276\204\323\231z\376\241l\334\010\177\226\0244!\011"
 1493      D3997AFE 
 1493      A16CDC08 
 1493      7F961434 
 1493      2109
 1494 1963 5E565B26 		.ascii	"^V[&\273\034I;\0122\332\027]\254\262\226O\230\004\201"
 1494      BB1C493B 
 1494      0A32DA17 
 1494      5DACB296 
 1494      4F980481 
 1495 1977 A4597302 		.ascii	"\244Ys\002\275]\311,\346\234\332H\251r&\353Vk=\267'"
 1495      BD5DC92C 
 1495      E69CDA48 
 1495      A97226EB 
 1495      566B3DB7 
 1496 198c 620957A5 		.ascii	"b\011W\245\350q\211\031\024i\251\263\273\311\311(\347"
 1496      E8718919 
 1496      1469A9B3 
 1496      BBC9C928 
 1496      E7
 1497 199d 2CBE7C12 		.ascii	",\276|\022\223\375\015\251\230\024\337$\347<\225sN\224"
 1497      93FD0DA9 
 1497      9814DF24 
 1497      E73C9573 
 1497      4E94
 1498 19af F34264D4 		.ascii	"\363Bd\324\274L\241\36329\027$\314fW\025\245\350\310"
 1498      BC4CA1F3 
 1498      32391724 
 1498      CC665715 
 1498      A5E8C8
 1499 19c2 3E32B83D 		.ascii	">2\270=\274\264go-\237\260\010rJ\263\372\216\336\273"
 1499      BCB4676F 
 1499      2D9FB008 
 1499      724AB3FA 
 1499      8EDEBB
 1500 19d5 A721112F 		.ascii	"\247!\021/\261\254}\323+\303\366$\371%k\202\032\274"
 1500      B1AC7DD3 
 1500      2BC3F624 
 1500      F9256B82 
 1500      1ABC
 1501 19e7 1E279A64 		.ascii	"\036'\232dZE\231n\305\373\247\332[\027\352!\025jM\024"
 1501      5A45996E 
 1501      C5FBA7DA 
 1501      5B17EA21 
 1501      156A4D14 
 1502 19fb AA7D34AA 		.ascii	"\252}4\252E\266i\370\241L\250u\011g^e\343\006{R\200"
 1502      45B669F8 
 1502      A14CA875 
 1502      09675E65 
 1502      E3067B52 
 1503 1a10 CC24A67B 		.ascii	"\314$\246{o\330[\313'l\200P\322\254A\261\303\376\262"
 1503      6FD85BCB 
ARM GAS  /tmp/cczIMEmO.s 			page 123


 1503      276C8050 
 1503      D2AC41B1 
 1503      C3FEB2
 1504 1a23 61E590CC 		.ascii	"a\345\220\314\026\037\211\2668\2636\223\303G\332\006"
 1504      161F89B6 
 1504      38B33693 
 1504      C347DA06 
 1505 1a33 7A16EB91 		.ascii	"z\026\353\221\177`\213@\232\261\310\335\261\340\006"
 1505      7F608B40 
 1505      9AB1C8DD 
 1505      B1E006
 1506 1a42 35196309 		.ascii	"5\031c\011\333\341\374\336\213Z\030\320)/\267mA\371"
 1506      DBE1FCDE 
 1506      8B5A18D0 
 1506      292FB76D 
 1506      41F9
 1507 1a54 4FB96BDC 		.ascii	"O\271k\334\226\306nsq\272;\015\0358\373N\367\242>\341"
 1507      96C66E73 
 1507      71BA3B0D 
 1507      1D38FB4E 
 1507      F7A23EE1 
 1508 1a68 880A5BCC 		.ascii	"\210\012[\314\351\260+{\275\017\342\373\227Y\3617\246"
 1508      E9B02B7B 
 1508      BD0FE2FB 
 1508      9759F137 
 1508      A6
 1509 1a79 12AB9CAC 		.ascii	"\022\253\234\254,\357\355X\226\027I\034\312s\252km\305"
 1509      2CEFED58 
 1509      9617491C 
 1509      CA73AA6B 
 1509      6DC5
 1510 1a8b 304032D9 		.ascii	"0@2\331\274\225w\350\012\353\016\332!\013]Z?\257\226"
 1510      BC9577E8 
 1510      0AEB0EDA 
 1510      210B5D5A 
 1510      3FAF96
 1511 1a9e 4E7C559B 		.ascii	"N|U\233\207\265\3739o\342B\322\024\250\264[\205\370"
 1511      87B5FB39 
 1511      6FE242D2 
 1511      14A8B45B 
 1511      85F8
 1512 1ab0 E6FB1A25 		.ascii	"\346\373\032%\335S\266iB\177\331\002\333b}\245#\363"
 1512      DD53B669 
 1512      427FD902 
 1512      DB627DA5 
 1512      23F3
 1513 1ac2 F514860E 		.ascii	"\365\024\206\016\265\300\226\251\344\370f\021\332l\256"
 1513      B5C096A9 
 1513      E4F86611 
 1513      DA6CAE
 1514 1ad1 89F83D2B 		.ascii	"\211\370=+\254H\210oe\276\212\304\305\023N\012\304\245"
 1514      AC48886F 
 1514      65BE8AC4 
 1514      C5134E0A 
 1514      C4A5
 1515 1ae3 017CD6AB 		.ascii	"\001|\326\253(\351&\360\262b\205wIt\231\367j\230\217"
 1515      28E926F0 
ARM GAS  /tmp/cczIMEmO.s 			page 124


 1515      B2628577 
 1515      497499F7 
 1515      6A988F
 1516 1af6 21F3DF84 		.ascii	"!\363\337\204.\210\026\357pt\223\245\233/\214\364\347"
 1516      2E8816EF 
 1516      707493A5 
 1516      9B2F8CF4 
 1516      E7
 1517 1b07 98787F60 		.ascii	"\230x\177`A\\2\232\220\365\267\217\241\353\241a0\363"
 1517      415C329A 
 1517      90F5B78F 
 1517      A1EBA161 
 1517      30F3
 1518 1b19 CB340BAD 		.ascii	"\3134\013\255\344\003\350O\275\324\320\023\002\354\303"
 1518      E403E84F 
 1518      BDD4D013 
 1518      02ECC3
 1519 1b28 B31FFCFA 		.ascii	"\263\037\374\372\002\354\301\263\001~}\000\236\301\263"
 1519      02ECC1B3 
 1519      017E7D00 
 1519      9EC1B3
 1520 1b37 BF5ABA20 		.ascii	"\277Z\272 \230\315\027\004\227@\272i+\014H\302\333\374"
 1520      98CD1704 
 1520      9740BA69 
 1520      2B0C48C2 
 1520      DBFC
 1521 1b49 D7F9AEE9 		.ascii	"\327\371\256\351]\025\356\343\245\370&K\225M\347w\015"
 1521      5D15EEE3 
 1521      A5F8264B 
 1521      954DE777 
 1521      0D
 1522 1b5a 84ECD91E 		.ascii	"\204\354\331\036Vf|\370\327g\034(\037\214]\337\221\271"
 1522      56667CF8 
 1522      D7671C28 
 1522      1F8C5DDF 
 1522      91B9
 1523 1b6c F70B32AE 		.ascii	"\367\0132\256\003\324l\333\033\374\000n\321\352t:\337"
 1523      03D46CDB 
 1523      1BFC006E 
 1523      D1EA743A 
 1523      DF
 1524 1b7d 8B55C7A6 		.ascii	"\213U\307\246`\006\327\013\255o|\013T\3438\362\242\232"
 1524      6006D70B 
 1524      AD6F7C0B 
 1524      54E338F2 
 1524      A29A
 1525 1b8f F597A9BE 		.ascii	"\365\227\251\276uW\370tH=M\373\264v5i\320\031\204Rg"
 1525      7557F874 
 1525      483D4DFB 
 1525      B4763569 
 1525      D0198452 
 1526 1ba4 E0B5559E 		.ascii	"\340\265U\236\2573\037g^R\277!\004\251)\265`\365!$\211"
 1526      AF331F67 
 1526      5E52BF21 
 1526      04A929B5 
 1526      60F52124 
 1527 1bb9 CF906167 		.ascii	"\317\220ag\250\264\315V\312y\222l>:\0049\017a\234\007"
ARM GAS  /tmp/cczIMEmO.s 			page 125


 1527      A8B4CD56 
 1527      CA79926C 
 1527      3E3A0439 
 1527      0F619C07 
 1528 1bcd F5EF35F1 		.ascii	"\365\3575\361i\324?\246\003\347\300G\311\032\253\214"
 1528      69D43FA6 
 1528      03E7C047 
 1528      C91AAB8C 
 1529 1bdd 5FE68C87 		.ascii	"_\346\214\207\"\343\333\027:\206\371|\341\237\320qv"
 1529      22E3DB17 
 1529      3A86F97C 
 1529      E19FD071 
 1529      76
 1530 1bee 7CF19816 		.ascii	"|\361\230\026\371.\244\321ON_F\0101\347\373\012\360"
 1530      F92EA4D1 
 1530      4F4E5F46 
 1530      0831E7FB 
 1530      0AF0
 1531 1c00 1DC6F80E 		.ascii	"\035\306\370\016\247|_F\276\303\031\337i\227.\277k\265"
 1531      A77C5F46 
 1531      BEC319DF 
 1531      69972EBF 
 1531      6BB5
 1532 1c12 EC085EF6 		.ascii	"\354\010^\366M\234\264\365\356\313-\347\323\025\264"
 1532      4D9CB4F5 
 1532      EECB2DE7 
 1532      D315B4
 1533 1c21 2CF150DB 		.ascii	",\361P\333+x\250\255kq\320Kk^t$\024}\225\025\035E\213"
 1533      2B78A8AD 
 1533      6B71D04B 
 1533      6B5E7424 
 1533      147D9515 
 1534 1c38 8EC0A2A3 		.ascii	"\216\300\242\243X\321\331\217\026r\255\017\374\243y"
 1534      58D1D98F 
 1534      1672AD0F 
 1534      FCA379
 1535 1c47 D99538C3 		.ascii	"\331\2258\303\332?\232\232\304\017\245\321\035h\374"
 1535      DA3F9A9A 
 1535      C40FA5D1 
 1535      1D68FC
 1536 1c56 24E92B78 		.ascii	"$\351+x\222\264\365\312\340\224\243y\321\261Pt\014+"
 1536      92B4F5CA 
 1536      E094A379 
 1536      D1B15074 
 1536      0C2B
 1537 1c68 3A8E161D 		.ascii	":\216\026\035\215E\307\261\242\333\203\374\253\235\221"
 1537      8D45C7B1 
 1537      A2DB83FC 
 1537      AB9D91
 1538 1c77 1A8D4F0B 		.ascii	"\032\215O\013b\246w\210UN\0228'\361X\003\021Y!\271\366"
 1538      62A67788 
 1538      554E1238 
 1538      27F15803 
 1538      115921B9 
 1539 1c8c E685993C 		.ascii	"\346\205\231<j\"-,\001\013Kd\205-d=\375#\253\304\223"
 1539      6A222D2C 
 1539      010B4B64 
ARM GAS  /tmp/cczIMEmO.s 			page 126


 1539      852D643D 
 1539      FD23ABC4 
 1540 1ca1 38F187A8 		.ascii	"8\361\207\250\342\355\311\372\207|\257\343\347 y\276"
 1540      E2EDC9FA 
 1540      877CAFE3 
 1540      E72079BE 
 1541 1cb1 7FDC8F4F 		.ascii	"\177\334\217O\243d\3229\355\256\253k9\026\202\246\200"
 1541      A364D239 
 1541      EDAEAB6B 
 1541      391682A6 
 1541      80
 1542 1cc2 A0C94CD0 		.ascii	"\240\311L\320TZv\022\226\235\312\312n\331\336\010\260"
 1542      545A7612 
 1542      969DCACA 
 1542      6ED9DE08 
 1542      B0
 1543 1cd3 AEE3345E 		.ascii	"\256\3434^x2J\266{\357Z<\237\230y\225\012\232_\221\300"
 1543      78324AB6 
 1543      7BEF5A3C 
 1543      9F987995 
 1543      0A9A5F91 
 1544 1ce8 778C14D2 		.ascii	"w\214\024\322\302\033[C\332\005\363\302\257A\341\351"
 1544      C21B5B43 
 1544      DA05F3C2 
 1544      AF41E1E9 
 1545 1cf8 ACF00C5A 		.ascii	"\254\360\014Zx\032\026\236\301\012\257\351;?fa\214&"
 1545      781A169E 
 1545      C10AAFE9 
 1545      3B3F6661 
 1545      8C26
 1546 1d0a 9F92A936 		.ascii	"\237\222\2516N\037\321g\310\020\230\224Q\310\245\377"
 1546      4E1FD167 
 1546      C8109894 
 1546      51C8A5FF 
 1547 1d1a 235AC9F1 		.ascii	"#Z\311\361\336\267\2553\237\315\231\317B\346\237\226"
 1547      DEB7AD33 
 1547      9FCD99CF 
 1547      42E69F96 
 1548 1d2a 792771E6 		.ascii	"y'q\346\277\001\311\207\331A\035\274w\217\242\306\272"
 1548      BF01C987 
 1548      D9411DBC 
 1548      778FA2C6 
 1548      BA
 1549 1d3b 36F3B0D1 		.ascii	"6\363\260\321\301\234\227\\`>\2071\237Gy\311F\346\363"
 1549      C19C975C 
 1549      603E8731 
 1549      9F4779C9 
 1549      46E6F3
 1550 1d4e 182F89FE 		.ascii	"\030/\211\376\323\216V\313\316\347e\247c\364]\3364\237"
 1550      D38E56CB 
 1550      CEE765A7 
 1550      63F45DDE 
 1550      349F
 1551 1d60 CEBD8923 		.ascii	"\316\275\211#$\033Bk\353\2703\231g!dQ\205\267\205\305"
 1551      241B426B 
 1551      EBB83399 
 1551      67216451 
ARM GAS  /tmp/cczIMEmO.s 			page 127


 1551      85B785C5 
 1552 1d74 1442D905 		.ascii	"\024B\331\005\254\354\"Zv>\226]\304\312^\255\212\273"
 1552      ACEC225A 
 1552      763E965D 
 1552      C4CA5EAD 
 1552      8ABB
 1553 1d86 EF4C2A31 		.ascii	"\357L*1\026h\237\274\267d\2534\026\270\256\206\020_"
 1553      16689FBC 
 1553      B764AB34 
 1553      16B8AE86 
 1553      105F
 1554 1d98 6D391698 		.ascii	"m9\026\230\214x\234\355L\3721\367\300\224\377\260V)"
 1554      8C789CED 
 1554      4CFA31F7 
 1554      C094FFB0 
 1554      5629
 1555 1daa 7789526E 		.ascii	"w\211Rn\241TM\217b_\250\312)\343\215\215\262S\226\037"
 1555      A1544D8F 
 1555      625FA8CA 
 1555      29E38D8D 
 1555      B253961F 
 1556 1dbe 556D7DC7 		.ascii	"Um}\307m9\327E\031\326\303\302r\342(_\244\211\242VS"
 1556      6D39D745 
 1556      19D6C3C2 
 1556      72E2285F 
 1556      A489A256 
 1557 1dd3 58BCBA65 		.ascii	"X\274\272e\261\335\267B\215\315\311F\270A\205/G\341"
 1557      B1DDB742 
 1557      8DCDC946 
 1557      B841852F 
 1557      47E1
 1558 1de5 6F30E12B 		.ascii	"o0\341+\362\023!\016{\204\354\327\354\024\356:+\257"
 1558      F213210E 
 1558      7B84ECD7 
 1558      EC14EE3A 
 1558      2BAF
 1559 1df7 B657AA2D 		.ascii	"\266W\252-\217\025T\251\351\261\202\307O\323\017\034"
 1559      8F1554A9 
 1559      E9B182C7 
 1559      4FD30F1C 
 1560 1e07 89FF211C 		.ascii	"\211\377!\034\000\246\370V(\252\357&\344\257VP\337V"
 1560      00A6F856 
 1560      28AAEF26 
 1560      E4AF5650 
 1560      DF56
 1561 1e19 DCECB41D 		.ascii	"\334\354\264\035I\301\3343^\301y\212Kd5J\271\205[L}"
 1561      49C1DC33 
 1561      5EC1798A 
 1561      4B64354A 
 1561      B9855B4C 
 1562 1e2e F35B838D 		.ascii	"\363[\203\215\262\363\213tr\315\244\260Z\354\013jY_"
 1562      B2F38B74 
 1562      72CDA4B0 
 1562      5AEC0B6A 
 1562      595F
 1563 1e40 50DB1D5D 		.ascii	"P\333\035] \333\006\232 \233\215\255C\334:\206\033\370"
 1563      20DB069A 
ARM GAS  /tmp/cczIMEmO.s 			page 128


 1563      209B8DAD 
 1563      43DC3A86 
 1563      1BF8
 1564 1e52 243493EF 		.ascii	"$4\223\357\326\216\242rz\373\216&r\223\357\2423\251"
 1564      D68EA272 
 1564      7AFB8E26 
 1564      7293EFA2 
 1564      33A9
 1565 1e64 A5B75603 		.ascii	"\245\267V\003\370jj\013\265\371\320\235\216@q\313\027"
 1565      F86A6A0B 
 1565      B5F9D09D 
 1565      8E4071CB 
 1565      17
 1566 1e75 DDDE1D5B 		.ascii	"\335\336\035[\330\327`Gn\241d\367G\256L\213\304l%\255"
 1566      D8D76047 
 1566      6EA164F7 
 1566      47AE4C8B 
 1566      C46C25AD 
 1567 1e89 FD106FED 		.ascii	"\375\020o\355)\211\345y\342\261_\272\32676\024?\345"
 1567      2989E579 
 1567      E2B15FBA 
 1567      D6373614 
 1567      3FE5
 1568 1e9b 485A30B3 		.ascii	"HZ0\263\270\311\367\020\337\344+Z\374!n\361]\251\341"
 1568      B8C9F710 
 1568      DFE42B5A 
 1568      FC216EF1 
 1568      5DA9E1
 1569 1eae FEBC6BA8 		.ascii	"\376\274k\250\245\234t\254\204,8\222;\207\254\215-\272"
 1569      A59C74AC 
 1569      842C3892 
 1569      3B87AC8D 
 1569      2DBA
 1570 1ec0 1B5AF29C 		.ascii	"\033Z\362\234\255\016\001\273\3240\212\350T\363QD}o"
 1570      AD0E01BB 
 1570      D4308AE8 
 1570      54F35144 
 1570      7D6F
 1571 1ed2 FE966C34 		.ascii	"\376\226l4\000\177\226h\354\236\3324\024\350m\355\237"
 1571      007F9668 
 1571      EC9EDA34 
 1571      14E86DED 
 1571      9F
 1572 1ee3 22A40F8B 		.ascii	"\"\244\017\213-\031k\015\324Y\313'tC}J\263^\034\314"
 1572      2D196B0D 
 1572      D459CB27 
 1572      74437D4A 
 1572      B35E1CCC 
 1573 1ef7 8CB6274B 		.ascii	"\214\266'K,\253*r5\250N`[rdA\317]\260b\014\214\372x"
 1573      2CAB2A72 
 1573      35A84E60 
 1573      5B726441 
 1573      CF5DB062 
 1574 1f0f C4731F22 		.ascii	"\304s\037\"\232~\200\001i(67\246\353\314\342;m{\324"
 1574      9A7E8001 
 1574      69283637 
 1574      A6EBCCE2 
ARM GAS  /tmp/cczIMEmO.s 			page 129


 1574      3B6D7BD4 
 1575 1f23 B84DA64F 		.ascii	"\270M\246O\026\327\3342\217\306\356|\3412NP\211\333"
 1575      16D7DC32 
 1575      8FC6EE7C 
 1575      E1324E50 
 1575      89DB
 1576 1f35 4328BE69 		.ascii	"C(\276i{\210Y\234\334t\327\024k\366\252\225\211\213"
 1576      7B88599C 
 1576      DC74D714 
 1576      6BF6AA95 
 1576      898B
 1577 1f47 333EDBDE 		.ascii	"3>\333\336\273ej\222w\230\251$\244=\266\305\341\260"
 1577      BB656A92 
 1577      7798A924 
 1577      A43DB6C5 
 1577      E1B0
 1578 1f59 A24CC220 		.ascii	"\242L\302 '\244 V\244i\037\340!\276\0170!/m[C\252\220"
 1578      27A42056 
 1578      A4691FE0 
 1578      21BE0F30 
 1578      212F6D5B 
 1579 1f70 ECDDA12B 		.ascii	"\354\335\241+!\316\3446K|\346\225\005c\274\214q\240"
 1579      21CEE436 
 1579      4B7CE695 
 1579      0563BC8C 
 1579      71A0
 1580 1f82 3F2155DB 		.ascii	"?!U\333Z\356[\235fW\026\214=o\264 \273\262@\001S\324"
 1580      5AEE5B9D 
 1580      6657168C 
 1580      3D6FB420 
 1580      BBB24001 
 1581 1f98 406A77F3 		.ascii	"@jw\363\023{\322\213"
 1581      137BD28B 
 1582 1fa0 AC0E2CF8 		.ascii	"\254\016,\370\245\250\310\003L\\\274T\022\351L\2261"
 1582      A5A8C803 
 1582      4C5CBC54 
 1582      12E94C96 
 1582      31
 1583 1fb1 71B96933 		.ascii	"q\271i3\325\201\354`\342a{\351c\007\342\365\012.q\005"
 1583      D581EC60 
 1583      E2617BE9 
 1583      6307E2F5 
 1583      0A2E7105 
 1584 1fc5 F83C11AC 		.ascii	"\370<\021\254\032\322\214\334\220TyiQ\203Z3\333\221"
 1584      1AD28CDC 
 1584      90547969 
 1584      51835A33 
 1584      DB91
 1585 1fd7 AD3DCD71 		.ascii	"\255=\315q\005,\200\002\346\001\026\245J\350\037}\325"
 1585      052C8002 
 1585      E60116A5 
 1585      4AE81F7D 
 1585      D5
 1586 1fe8 58B5D340 		.ascii	"X\265\323@y\356\271C\232\325\221/`\320?\313\315L\001"
 1586      79EEB943 
 1586      9AD5912F 
 1586      60D03FCB 
ARM GAS  /tmp/cczIMEmO.s 			page 130


 1586      CD4C01
 1587 1ffb 5DB2196B 		.ascii	"]\262\031k\354"
 1587      EC
 1588 2000 156F1F43 		.ascii	"\025o\037C\324\277\261)\243\007\234\2708gj\032\376D"
 1588      D4BFB129 
 1588      A3079CB8 
 1588      38676A1A 
 1588      FE44
 1589 2012 92977D2E 		.ascii	"\222\227}.e\3648\012\246)f\376\217[_\247\331\201\305"
 1589      65F4380A 
 1589      A62966FE 
 1589      8F5B5FA7 
 1589      D981C5
 1590 2025 F5E715DA 		.ascii	"\365\347\025\332\321iv`Q\001[2\233)=\260H1_\364\300"
 1590      D1697660 
 1590      51015B32 
 1590      9B293DB0 
 1590      48315FF4 
 1591 203a E2FA73C7 		.ascii	"\342\372s\307rM\203\2223\237#jst\234\373\227\316\251"
 1591      724D8392 
 1591      339F236A 
 1591      73749CFB 
 1591      97CEA9
 1592 204d 766ABC0C 		.ascii	"vj\274\014\265\240)\361\220#\305\377\314C\216\255\320"
 1592      B5A029F1 
 1592      9023C5FF 
 1592      CC438EAD 
 1592      D0
 1593 205e 945AD474 		.ascii	"\224Z\324tz\211\227@ky\011jx\031`\025`\005`\007`\027"
 1593      7A899740 
 1593      6B79096A 
 1593      78196015 
 1593      60056007 
 1594 2074 600B601B 		.ascii	"`\013`\033`\023\340!\300c\2005\200\247\000O\000\036"
 1594      6013E021 
 1594      C0638035 
 1594      80A7004F 
 1594      001E
 1595 2086 016CA825 		.ascii	"\001l\250%\363\310\373cz\234G\246\2656\305K0YU\273\332"
 1595      F3C8FB63 
 1595      7A9C47A6 
 1595      B536C54B 
 1595      305955BB 
 1596 209b 8ADEC5F3 		.ascii	"\212\336\305\363\222\353\326\234\004\027y\370P\030\272"
 1596      92EBD69C 
 1596      041779F8 
 1596      5018BA
 1597 20aa A02140EC 		.ascii	"\240!@\354\340\364M\036\357\216\031\375\246\001\211"
 1597      E0F44D1E 
 1597      EF8E19FD 
 1597      A60189
 1598 20b9 4A47ADA8 		.ascii	"JG\255\250\364\353f\032\005vhCm\347\354X?\223\331?d"
 1598      F4EB661A 
 1598      05766843 
 1598      6DE7EC58 
 1598      3F93D93F 
 1599 20ce 76D8584E 		.ascii	"v\330XN}Xmf\013\213\377\202\302\212gz\225\320\025t\303"
ARM GAS  /tmp/cczIMEmO.s 			page 131


 1599      7D586D66 
 1599      0B8BFF82 
 1599      C28A677A 
 1599      95D01574 
 1600 20e3 4F7D2AA9 		.ascii	"O}*\251\306\312\251O9\352g\234\372\224\313(;\3659\023"
 1600      C6CAA94F 
 1600      39EA679C 
 1600      FA94CB28 
 1600      3BF53913 
 1601 20f7 91D8E340 		.ascii	"\221\330\343@b\321\301\334\\\216\254\327\037V\266\245"
 1601      62D1C1DC 
 1601      5C8EACD7 
 1601      1F56B6A5 
 1602 2107 67FFB5B6 		.ascii	"g\377\265\266D\003\001\237\254p~\255P-\213\"nD\373\253"
 1602      4403019F 
 1602      AC707EAD 
 1602      502D8B22 
 1602      6E44FBAB 
 1603 211b 48EE2B2F 		.ascii	"H\356+/\344\275\015\032d\305K\003\303|\215\304qu\377"
 1603      E4BD0D1A 
 1603      64C54B03 
 1603      C37C8DC4 
 1603      7175FF
 1604 212e 4F54A9E8 		.ascii	"OT\251\350\272)\342\213\271n\005L\321u\307d\007\026"
 1604      BA29E28B 
 1604      B96E054C 
 1604      D175C764 
 1604      0716
 1605 2140 DA9142C6 		.ascii	"\332\221B\306\232s~\355R\235\3364\343\205\216\211Wh"
 1605      9A737EED 
 1605      529DDE34 
 1605      E3858E89 
 1605      5768
 1606 2152 9B994B0A 		.ascii	"\233\231K\012~^\351\375mf.I\001\333\212K\242\230/\352"
 1606      7E5EE9FD 
 1606      6D662E49 
 1606      01DB8A4B 
 1606      A2982FEA 
 1607 2166 92E4542D 		.ascii	"\222\344T-\246\227\356\230\271$9\272\205K\002\246\345"
 1607      A697EE98 
 1607      B92439BA 
 1607      854B02A6 
 1607      E5
 1608 2177 2E89E22B 		.ascii	".\211\342+\271$\205\243\322r\322\267\314\271\356h7k"
 1608      B92485A3 
 1608      D272D2B7 
 1608      CCB9EE68 
 1608      376B
 1609 2189 CA4AAC7C 		.ascii	"\312J\254|\335\214\023P\037\255\270vN\336zS\036\273"
 1609      DD8C1350 
 1609      1FADB876 
 1609      4EDE7A53 
 1609      1EBB
 1610 219b 6BD694E5 		.ascii	"k\326\224\345\324%MY\326\000\366\241\001P\237#\370h"
 1610      D4254D59 
 1610      D600F6A1 
 1610      01509F23 
ARM GAS  /tmp/cczIMEmO.s 			page 132


 1610      F868
 1611 21ad 300BB53A 		.ascii	"0\013\265:_\260\272\363\000\376\000~\000\227\001\302"
 1611      5FB0BAF3 
 1611      00FE007E 
 1611      009701C2 
 1612 21bd 00820042 		.ascii	"\000\202\000B\001.\002\004\000\004\002\\\000\010\001"
 1612      012E0204 
 1612      0004025C 
 1612      000801
 1613 21cc B824B5D2 		.ascii	"\270$\265\322\215\277\227\373\011%^\024\014\205\373"
 1613      8DBF97FB 
 1613      09255E14 
 1613      0C85FB
 1614 21db 09253D5A 		.ascii	"\011%=Z\361\023r\324\317\360\023r\005\312\374\304h\310"
 1614      F11372D4 
 1614      CFF01372 
 1614      05CAFCC4 
 1614      68C8
 1615 21ed 7C939EDC 		.ascii	"|\223\236\334B?1\226\032!^\241a\241\246+\3775j\242\353"
 1615      423F3196 
 1615      1A215EA1 
 1615      61A1A62B 
 1615      FF356AA2 
 1616 2202 0223E109 		.ascii	"\002#\341\011j\322\205E\356\265\325L9\312\213\374/8"
 1616      6AD28545 
 1616      EEB5D54C 
 1616      39CA8BFC 
 1616      2F38
 1617 2214 90EE9550 		.ascii	"\220\356\225P\332\247&\275/\346r\242\270T\321\300e\214"
 1617      DAA726BD 
 1617      2FE672A2 
 1617      B854D1C0 
 1617      658C
 1618 2226 CCE57C57 		.ascii	"\314\345|W\356r\242^\330\345(`\212.gtu\344@M\006\030"
 1618      EE72A25E 
 1618      D8E52860 
 1618      8A2E6774 
 1618      75E4404D 
 1619 223c 6BF6D72B 		.ascii	"k\366\327+}6\354\004Kws\313\314\335\244<\327\335\334"
 1619      7D36EC04 
 1619      4B7773CB 
 1619      CCDDA43C 
 1619      D7DDDC
 1620 224f 3273370A 		.ascii	"2s7\012\330V\334M\312\257\340nR\254\273\033\203\331"
 1620      D856DC4D 
 1620      CAAFE06E 
 1620      52ACBB1B 
 1620      83D9
 1621 2261 950D292F 		.ascii	"\225\015)/\356:R\254\271\016e\223\210\325`\026Z_qP_"
 1621      EE3A52AC 
 1621      B90E6593 
 1621      88D56016 
 1621      5A5F7150 
 1622 2276 F1008900 		.ascii	"\361\000\211\000\011\000\351\000\327\000R\001\322\000"
 1622      0900E900 
 1622      D7005201 
 1622      D200
ARM GAS  /tmp/cczIMEmO.s 			page 133


 1623 2284 92019234 		.ascii	"\222\001\2224\222\010\207J\036\305}J\312s}\212\364\312"
 1623      9208874A 
 1623      1EC57D4A 
 1623      CA737D8A 
 1623      F4CA
 1624 2296 06250EAD 		.ascii	"\006%\016\2554\312\224_\245Q\246Xo\224\027\313s2\234"
 1624      34CA945F 
 1624      A551A658 
 1624      6F9417CB 
 1624      73329C
 1625 22a9 C91CB690 		.ascii	"\311\034\266\220E\357\351@'+-$\343\327SG$Q\017_\361"
 1625      45EFE940 
 1625      272B2D24 
 1625      E3D75347 
 1625      24510F5F 
 1626 22be CDB4979E 		.ascii	"\315\264\227\236\266iN\264_nh7\260\305\245L \031\011"
 1626      B6694EB4 
 1626      5F6E6837 
 1626      B0C5A54C 
 1626      201909
 1627 22d1 A4B3E157 		.ascii	"\244\263\341W,K\361\264\015\360r\033\034D#\363k\331"
 1627      2C4BF1B4 
 1627      0DF0721B 
 1627      1C4423F3 
 1627      6BD9
 1628 22e3 9C912C28 		.ascii	"\234\221,((\027 \007 O\252\377\215\337\302\036&\034"
 1628      28172007 
 1628      204FAAFF 
 1628      8DDFC21E 
 1628      261C
 1629 22f5 10A10DB0 		.ascii	"\020\241\015\260\014\242\177\261a\321\210\324\242\332"
 1629      0CA27FB1 
 1629      61D188D4 
 1629      A2DA
 1630 2303 38F655C0 		.ascii	"8\366U\300\212\260`\306\274\323\030z\033\261\367hH\304"
 1630      8AB060C6 
 1630      BCD3187A 
 1630      1BB1F768 
 1630      48C4
 1631 2315 698B318E 		.ascii	"i\2131\216\215\320\254\226h\267p\334\267\212\317\226"
 1631      8DD0AC96 
 1631      68B770DC 
 1631      B78ACF96 
 1632 2325 B7D0F864 		.ascii	"\267\320\370da\262n\233\220\252\317\341\206\330+\273"
 1632      61B26E9B 
 1632      90AACFE1 
 1632      86D82BBB 
 1633 2335 7E843462 		.ascii	"~\2044b\242l\"sUG:0\321\322\271\227\253S^\353/\322("
 1633      A26C2273 
 1633      55473A30 
 1633      D1D2B997 
 1633      AB535EEB 
 1634 234c ADF51F04 		.ascii	"\255\365\037\004%\324\363\011\221BZ\316\375K\003\376"
 1634      25D4F309 
 1634      91425ACE 
 1634      FD4B03FE 
 1635 235c 6A3286D4 		.ascii	"j2\206\324f.\257,\332\221yL\354_\230\232\327\220ULT"
ARM GAS  /tmp/cczIMEmO.s 			page 134


 1635      662EAF2C 
 1635      DA91794C 
 1635      EC5F989A 
 1635      D790554C 
 1636 2371 37479CB4 		.ascii	"7G\234\264X!/\203\022\3125\322\025\362T\357\326\"B\236"
 1636      58212F83 
 1636      12CA35D2 
 1636      15F254EF 
 1636      D622429E 
 1637 2385 629EA4FB 		.ascii	"b\236\244\373O\377\314\"O\205E\236\222\233\343{\262"
 1637      4FFFCC22 
 1637      4F85459E 
 1637      929BE37B 
 1637      B2
 1638 2396 F5D21B32 		.ascii	"\365\322\0332\203\255\324\360\225\314\330\212\354&\035"
 1638      83ADD4F0 
 1638      95CCD88A 
 1638      EC261D
 1639 23a5 F17D95D1 		.ascii	"\361}\225\321\236\276;\277\240%a\230H\230\230\006\355"
 1639      9EBE3BBF 
 1639      A0256198 
 1639      48989806 
 1639      ED
 1640 23b6 A660A26B 		.ascii	"\246`\242k6\260\315\231\324\260\004i\2708\277\355(\271"
 1640      36B0CD99 
 1640      D4B00469 
 1640      B838BFED 
 1640      28B9
 1641 23c8 4061D03E 		.ascii	"@a\320>F\272Vy\023\230\251\325|\306uX\257K\356\245\252"
 1641      46BA5679 
 1641      1398A9D5 
 1641      7CC67558 
 1641      AF4BEEA5 
 1642 23dd E619A852 		.ascii	"\346\031\250Ro\201%\325I=\363\316o\304\262\332\246\224"
 1642      6F8125D5 
 1642      493DF3CE 
 1642      6FC4B2DA 
 1642      A694
 1643 23ef 6B2C284B 		.ascii	"k,(K\207\232\302\356\343g\211\216\344\322k\270\245{"
 1643      879AC2EE 
 1643      E367898E 
 1643      E4D26BB8 
 1643      A57B
 1644 2401 BE62C0AC 		.ascii	"\276b\300\254-\031\013\254W.\020D\273{\265\350\232\243"
 1644      2D190BAC 
 1644      572E1044 
 1644      BB7BB5E8 
 1644      9AA3
 1645 2413 BC03795D 		.ascii	"\274\003y]r6\253\01226\362\214M\220\361\266\324\346"
 1645      7236AB0A 
 1645      3236F28C 
 1645      4D90F1B6 
 1645      D4E6
 1646 2425 FBE30E85 		.ascii	"\373\343\016\205\343\260\247A\203\316\261Q\301\347J"
 1646      E3B0A741 
 1646      83CEB151 
 1646      C1E74A
ARM GAS  /tmp/cczIMEmO.s 			page 135


 1647 2434 CF4BBD84 		.ascii	"\317K\275\204k\216P\031B)\247\254\274\331se\375Y\244"
 1647      6B8E5019 
 1647      4229A7AC 
 1647      BCD97365 
 1647      FD59A4
 1648 2447 3DC941C9 		.ascii	"=\311A\311z:\012\014\344\2602\203\315\312\014\322i\266"
 1648      7A3A0A0C 
 1648      E4B03283 
 1648      CDCA0CD2 
 1648      69B6
 1649 2459 B2B59FF2 		.ascii	"\262\265\237\362);j\241\331%\213\375\002\251B\212\241"
 1649      293B6AA1 
 1649      D9258BFD 
 1649      02A9428A 
 1649      A1
 1650 246a E9C1BF63 		.ascii	"\351\301\277caS\364Xq\273\314\246r\347\374F\364\244"
 1650      6153F458 
 1650      71BBCCA6 
 1650      72E7FC46 
 1650      F4A4
 1651 247c 01F3DC4A 		.ascii	"\001\363\334J*W\270\305\355\216\306<SExK\202l\312\355"
 1651      2A57B8C5 
 1651      ED8EC63C 
 1651      5345784B 
 1651      826CCAED 
 1652 2490 AE4CCA0E 		.ascii	"\256L\312\016\215xN\245k\337[\307\017ix3\037\225\323"
 1652      8D784EA5 
 1652      6BDF5BC7 
 1652      0F697833 
 1652      1F95D3
 1653 24a3 C027BE00 		.ascii	"\300'\276\000\207\035\323\270g\265k\244\033\263b_\225"
 1653      871DD3B8 
 1653      67B56BA4 
 1653      1BB3625F 
 1653      95
 1654 24b4 2F5653EC 		.ascii	"/VS\354_\341\224\306=\256\265N\320Z\227QkO\366\036\217"
 1654      5FE194C6 
 1654      3DAEB54E 
 1654      D05A9751 
 1654      6B4FF61E 
 1655 24c9 8A977CD1 		.ascii	"\212\227|\321\265\243\310\344\3721\007r\037U\220\021"
 1655      B5A3C8E4 
 1655      FA310772 
 1655      1F559011 
 1656 24d9 1C3460CF 		.ascii	"\0344`\317G?_\205t\370\263\231(>\015:\304f:\003'\267"
 1656      473F5F85 
 1656      74F8B399 
 1656      283E0D3A 
 1656      C4663A03 
 1657 24ef 9DADCE7D 		.ascii	"\235\255\316}\367kp\356\273O\203;\241\257\335\354P\233"
 1657      F76B70EE 
 1657      BB4F833B 
 1657      A1AFDDEC 
 1657      509B
 1658 2501 1F03E8D5 		.ascii	"\037\003\350\325\274!tk(\366}\315!\314\202\221\305\245"
 1658      BC21746B 
 1658      28F67DCD 
ARM GAS  /tmp/cczIMEmO.s 			page 136


 1658      21CC8291 
 1658      C5A5
 1659 2513 A7DD3A32 		.ascii	"\247\335:2\202l\324\015\204\236\340\363\251tf7\367\301"
 1659      826CD40D 
 1659      849EE0F3 
 1659      A9746637 
 1659      F7C1
 1660 2525 54ABB837 		.ascii	"T\253\2707\241\233-\177\265U\226:\222UD\276{\273'\312"
 1660      A19B2D7F 
 1660      B555963A 
 1660      925544BE 
 1660      7BBB27CA 
 1661 2539 8EECB004 		.ascii	"\216\354\260\004\251K\273_\254\023tx-\207?\233\250\366"
 1661      A94BBB5F 
 1661      AC137478 
 1661      2D873F9B 
 1661      A8F6
 1662 254b 097D4930 		.ascii	"\011}I0NT\217@m\216jt6\302\030\3601\256\301k9\350\013"
 1662      4E548F40 
 1662      6D8E6A74 
 1662      36C218F0 
 1662      31AEC16B 
 1663 2562 762DC74B 		.ascii	"v-\307K\3541\222\350\032s\257M\352\004\343\344\216\314"
 1663      EC3192E8 
 1663      1A73AF4D 
 1663      EA04E3E4 
 1663      8ECC
 1664 2574 328720E7 		.ascii	"2\207 \347\240\206\236\344\000Z\023\\\307\017@\307\223"
 1664      A0869EE4 
 1664      005A135C 
 1664      C70F40C7 
 1664      93
 1665 2585 00F30053 		.ascii	"\000\363\000S\000s\0003\000\263\000\323\262&\025\375"
 1665      00730033 
 1665      00B300D3 
 1665      B22615FD 
 1666 2595 269FCCA4 		.ascii	"&\237\314\244\213\271=\234\204\270`l\303u#9\353\026"
 1666      8BB93D9C 
 1666      84B8606C 
 1666      C3752339 
 1666      EB16
 1667 25a7 FB2A9F79 		.ascii	"\373*\237yh\001\274\022\216o\252\344b3\374\325(>\022"
 1667      6801BC12 
 1667      8E6FAAE4 
 1667      6233FCD5 
 1667      283E12
 1668 25ba 02F5B2B8 		.ascii	"\002\365\262\270\217\242\233\224n\036}e\275\344\305"
 1668      8FA29B94 
 1668      6E1E7D65 
 1668      BDE4C5
 1669 25c9 26BD406E 		.ascii	"&\275@na\230\023\027'\275\352\315\002\376\261x\311X"
 1669      61981317 
 1669      27BDEACD 
 1669      02FEB178 
 1669      C958
 1670 25db A580234B 		.ascii	"\245\200#KV\2014f\021\303l\246\036Y\241\335Y\223\032"
 1670      56813466 
ARM GAS  /tmp/cczIMEmO.s 			page 137


 1670      11C36CA6 
 1670      1E59A1DD 
 1670      59931A
 1671 25ee F14D3D6E 		.ascii	"\361M=n\203\031\371\2558\276\245\340\272\206\3669\210"
 1671      8319F9AD 
 1671      38BEA5E0 
 1671      BA86F639 
 1671      88
 1672 25ff 6E9AF6CE 		.ascii	"n\232\366\3167\023\264#\226\317\370P3o\263\320K\253"
 1672      3713B423 
 1672      96CFF850 
 1672      336FB3D0 
 1672      4BAB
 1673 2611 111D4C64 		.ascii	"\021\035Ld9b\242\331\226\030^\307]\\\353\221\305fn\324"
 1673      3962A2D9 
 1673      96185EC7 
 1673      5D5CEB91 
 1673      C5666ED4 
 1674 2625 58A50BBF 		.ascii	"X\245\013\277Z\225\322>\345Z\337%\331\025=\2132\245"
 1674      5A95D23E 
 1674      E55ADF25 
 1674      D9153D8B 
 1674      32A5
 1675 2637 2C316740 		.ascii	",1g@\177\350\332\325Jk\272=\011G6\252\226Kc\255\254"
 1675      7FE8DAD5 
 1675      4A6BBA3D 
 1675      094736AA 
 1675      964B63AD 
 1676 264c E52C6B2C 		.ascii	"\345,k,\327rV4\264%\\\363\011\210\264\265r\353\001u"
 1676      D7725634 
 1676      B4255CF3 
 1676      0988B4B5 
 1676      72EB0175 
 1677 2660 5496B71E 		.ascii	"T\226\267\036<\335i\012\226\255\276\254\312\370[C\376"
 1677      3CDD690A 
 1677      96ADBEAC 
 1677      CAF85B43 
 1677      FE
 1678 2671 D6187F71 		.ascii	"\326\030\177q+\223eZ\222\201\374e'4\215Z\211\030\036"
 1678      2B93655A 
 1678      9281FC65 
 1678      27348D5A 
 1678      89181E
 1679 2684 5A460CC2 		.ascii	"ZF\014\302:\343\357\352\212\317\0231:\241\347w\242\213"
 1679      3AE3EFEA 
 1679      8ACF1331 
 1679      3AA1E777 
 1679      A28B
 1680 2696 D6961C49 		.ascii	"\326\226\034I)R\024oh~\005oh\316ni\031t$\225\370\267"
 1680      2952146F 
 1680      687E056F 
 1680      68CE6E69 
 1680      19742495 
 1681 26ac C69D213F 		.ascii	"\306\235!?{\322\204\211\200\274\356\207\316\312Eo)\006"
 1681      7BD28489 
 1681      80BCEE87 
 1681      CECA456F 
ARM GAS  /tmp/cczIMEmO.s 			page 138


 1681      2906
 1682 26be 2BA9F953 		.ascii	"+\251\371S\231\216d\020s{7\016=\341\213TI\0152\305\332"
 1682      998E6410 
 1682      737B370E 
 1682      3DE18B54 
 1682      490D32C5 
 1683 26d3 08DB1ABE 		.ascii	"\010\333\032\276F%\271\2229`*o\337\201La\346\270\266"
 1683      4625B992 
 1683      39602A6F 
 1683      DF814C61 
 1683      E6B8B6
 1684 26e6 C7438262 		.ascii	"\307C\202bfa\007\212V\312\337\225\021\006\203\320\015"
 1684      6661078A 
 1684      56CADF95 
 1684      110683D0 
 1684      0D
 1685 26f7 965FBDDE 		.ascii	"\226_\275\336\323\\m:\336J\347\355\023\035Wo\267\007"
 1685      D35C6D3A 
 1685      DE4AE7ED 
 1685      131D576F 
 1685      B707
 1686 2709 1992BCC0 		.ascii	"\031\222\274\300\365\202a?\005*\0072\303\2668s\230\307"
 1686      F582613F 
 1686      052A0732 
 1686      C3B63873 
 1686      98C7
 1687 271b 37EEEC42 		.ascii	"7\356\354Batk\315\201r'ae\002\375\200\233\357>\230\351"
 1687      61746BCD 
 1687      81722761 
 1687      6502FD80 
 1687      9BEF3E98 
 1688 2730 1E8097DD 		.ascii	"\036\200\227\335[\202\301N\342\201\266*^A\372\364\254"
 1688      5B82C14E 
 1688      E281B62A 
 1688      5E41FAF4 
 1688      AC
 1689 2741 E0338D39 		.ascii	"\3403\2159}\363>}\277\340Ml\226\224\373\307\312\334"
 1689      7DF33E7D 
 1689      BFE04D6C 
 1689      9694FBC7 
 1689      CADC
 1690 2753 3FD2603B 		.ascii	"?\322`;\273\235^\\gK\242~\003O\30054\204j\254\234\254"
 1690      BB9D5E5C 
 1690      674BA27E 
 1690      034FC035 
 1690      34846AAC 
 1691 2769 F7B623CF 		.ascii	"\367\266#\317c\224.\3336\267\370\201-\"\251\272\325"
 1691      63942EDB 
 1691      36B7F881 
 1691      2D22A9BA 
 1691      D5
 1692 277a F5EB2A92 		.ascii	"\365\353*\222\207\211K^\261\357\222B\366L\246\007g\227"
 1692      87894B5E 
 1692      B1EF9242 
 1692      F64CA607 
 1692      6797
 1693 278c EC9E333A 		.ascii	"\354\2363:\366\267\3032.\000\355\000\251\022\326\362"
ARM GAS  /tmp/cczIMEmO.s 			page 139


 1693      F6B7C332 
 1693      2E00ED00 
 1693      A912D6F2 
 1694 279c 1D43CE07 		.ascii	"\035C\316\007bgL\365\340\007\014Qd\253\235\361\324\037"
 1694      62674CF5 
 1694      E0070C51 
 1694      64AB9DF1 
 1694      D41F
 1695 27ae E0309522 		.ascii	"\3400\225\"\237WF\026\007\3113\276\201\341\316\244\033"
 1695      9F574616 
 1695      07C933BE 
 1695      81E1CEA4 
 1695      1B
 1696 27bf B9BD365C 		.ascii	"\271\2756\\\264\302\367V\014\320\026q>\271>\211\337"
 1696      B4C2F756 
 1696      0CD01671 
 1696      3EB93E89 
 1696      DF
 1697 27d0 D656BB47 		.ascii	"\326V\273G\021\326\236^\\w&\243\014[\235\273\265\331"
 1697      11D69E5E 
 1697      5C7726A3 
 1697      0C5B9DBB 
 1697      B5D9
 1698 27e2 211BD8AC 		.ascii	"!\033\330\254\346\274\202g\276}\240\274M\320~\210\235"
 1698      E6BC8267 
 1698      BE7DA0BC 
 1698      4DD07E88 
 1698      9D
 1699 27f3 745E7B43 		.ascii	"t^{Cci\015\340\317\202\354\336\020\002\355@\317\027"
 1699      63690DE0 
 1699      CF82ECDE 
 1699      1002ED40 
 1699      CF17
 1700 2805 ED3007D5 		.ascii	"\3550\007\325\301e\320A\030@(@\260T\027\263\331\342"
 1700      C165D041 
 1700      18402840 
 1700      B05417B3 
 1700      D9E2
 1701 2817 FA5A2B04 		.ascii	"\372Z+\004\032\276<\213\270\331\331rw\324j\"\355\302"
 1701      1ABE3C8B 
 1701      B8D9D972 
 1701      77D46A22 
 1701      EDC2
 1702 2829 80277A0B 		.ascii	"\200'z\013\327%\216\256\020\032s\354,\356\247\251\306"
 1702      D7258EAE 
 1702      101A73EC 
 1702      2CEEA7A9 
 1702      C6
 1703 283a E80E6C39 		.ascii	"\350\016l9\266\311\334(\203le\265x\301\236\314\242\366"
 1703      B6C9DC28 
 1703      836C65B5 
 1703      78C19ECC 
 1703      A2F6
 1704 284c 021E3E2C 		.ascii	"\002\036>,\267\373R\222a\002\010=\271\345X\231\352w"
 1704      B7FB5292 
 1704      6102083D 
 1704      B9E55899 
ARM GAS  /tmp/cczIMEmO.s 			page 140


 1704      EA77
 1705 285e C9902CB0 		.ascii	"\311\220,\260k\354\204+P2\017\312\350\263\015{\010\267"
 1705      6BEC842B 
 1705      50320FCA 
 1705      E8B30D7B 
 1705      08B7
 1706 2870 FB12644B 		.ascii	"\373\022dK\036\235\270\245\233\024\306\005\372\315\020"
 1706      1E9DB8A5 
 1706      9B14C605 
 1706      FACD10
 1707 287f 41D81984 		.ascii	"A\330\031\204X\216\376\217\376\007\243:\372+\320g\012"
 1707      588EFE8F 
 1707      FE07A33A 
 1707      FA2BD067 
 1707      0A
 1708 2890 07E23F81 		.ascii	"\007\342?\201\376\343x\370C\021\360\035\376\210\377"
 1708      FEE378F8 
 1708      4311F01D 
 1708      FE88FF
 1709 289f C177B69C 		.ascii	"\301w\266\234\212\255\015\376\0230\017RgI\011i\374\273"
 1709      8AAD0DFE 
 1709      13300F52 
 1709      67490969 
 1709      FCBB
 1710 28b1 C0FF2E12 		.ascii	"\300\377.\022\301\014\310\225)#\177e\313\213\223\346"
 1710      C10CC895 
 1710      29237F65 
 1710      CB8B93E6 
 1711 28c1 102C3836 		.ascii	"\020,86\021\2641\022\025\377\361g:\240\353\255o\321"
 1711      11B43112 
 1711      15FFF167 
 1711      3AA0EBAD 
 1711      6FD1
 1712 28d3 4D09135E 		.ascii	"M\011\023^P)]\211\261\357\235\022\234B\277h\203\343"
 1712      50295D89 
 1712      B1EF9D12 
 1712      9C42BF68 
 1712      83E3
 1713 28e5 A2E0CA51 		.ascii	"\242\340\312Q-\351\373<.\373\3057=\326Q\225O@+\031u"
 1713      2DE9FB3C 
 1713      2EFBC537 
 1713      3DD65195 
 1713      4F402B19 
 1714 28fa 8C7D7011 		.ascii	"\214}p\021Z\211\360\227l\227i\244D\345\360\014cy\273"
 1714      5A89F097 
 1714      6C9769A4 
 1714      44E5F00C 
 1714      6379BB
 1715 290d 294188B0 		.ascii	")A\210\260\233\244<D1\325{7\371\305\352H\341\033x\234"
 1715      9BA43C44 
 1715      31D57B37 
 1715      F9C5EA48 
 1715      E11B789C 
 1716 2921 B3AD7658 		.ascii	"\263\255vX\305i-\276\011\015\010\3021\203-\333\205\033"
 1716      C5692DBE 
 1716      090D08C2 
 1716      31832DDB 
ARM GAS  /tmp/cczIMEmO.s 			page 141


 1716      851B
 1717 2933 2D21156D 		.ascii	"-!\025mN*\206\221J\333)\216T\223f$u)\360q\275\300I\215"
 1717      4E2A8691 
 1717      4ADB298E 
 1717      54936624 
 1717      7529F071 
 1718 294b 0D381869 		.ascii	"\0158\030i\321\235\313\261\022Z\261\346\264\342\030"
 1718      D19DCBB1 
 1718      125AB1E6 
 1718      B4E218
 1719 295a 2D9FC99B 		.ascii	"-\237\311\233Om\311\324\033\326\226\334[\327\243Ze\203"
 1719      4F6DC9D4 
 1719      1BD696DC 
 1719      5BD7A35A 
 1719      6583
 1720 296c 4BEB371A 		.ascii	"K\3537\032R\347\024\354\337\240b\004\022\355\034\204"
 1720      52E714EC 
 1720      DFA06204 
 1720      12ED1C84 
 1721 297c 043BDCFC 		.ascii	"\004;\334\374\373\253\336N\3734\345q\252\232QI\266\203"
 1721      FBABDE4E 
 1721      FB34E571 
 1721      AA9A5149 
 1721      B683
 1722 298e 4817A9F4 		.ascii	"H\027\251\364>\314,\266\2740\213^\014\232j'\035\204"
 1722      3ECC2CB6 
 1722      BC308B5E 
 1722      0C9A6A27 
 1722      1D84
 1723 29a0 342706D7 		.ascii	"4'\006\327Y\036+-\265\300\273\225U3\250\226\012\226"
 1723      591E2B2D 
 1723      B5C0BB95 
 1723      5533A896 
 1723      0A96
 1724 29b2 26735CE9 		.ascii	"&s\\\351v|\324<\221\373$\2020f\340\225\220\202\314\234"
 1724      767CD43C 
 1724      91FB2482 
 1724      3066E095 
 1724      9082CC9C 
 1725 29c6 BFB371CF 		.ascii	"\277\263q\317\326\352]\222\031v\257\201K\267\343\033"
 1725      D6EA5D92 
 1725      1976AF81 
 1725      4BB7E31B 
 1726 29d6 11A6D33B 		.ascii	"\021\246\323;\252\234E\273\311}\373i\203?m\252?\244"
 1726      AA9C45BB 
 1726      C97DFB69 
 1726      833F6DAA 
 1726      3FA4
 1727 29e8 5842BCA4 		.ascii	"XB\274\244\202\342\315+(\223UP\327jU\220=\361y\223U"
 1727      82E2CD2B 
 1727      28935550 
 1727      D76A5590 
 1727      3DF17993 
 1728 29fd 50444A63 		.ascii	"PDJc\257\316\352\006\210lZ\3569^lu\327Z*\265\213Z(\366"
 1728      AFCEEA06 
 1728      886C5AEE 
 1728      395E6C75 
ARM GAS  /tmp/cczIMEmO.s 			page 142


 1728      D75A2AB5 
 1729 2a15 20C0F9EE 		.ascii	" \300\371\356%\352\324\241X@\022\262$\305f\231\027\233"
 1729      25EAD4A1 
 1729      584012B2 
 1729      24C56699 
 1729      179B
 1730 2a27 C38A2DEC 		.ascii	"\303\212-\354\275\373DE\252\260\330\241\301\231'\226"
 1730      BDFB4445 
 1730      AAB0D8A1 
 1730      C1992796 
 1731 2a37 BAA737E0 		.ascii	"\272\2477\340\347\311t\032Zz\375g\026h\364\236!9Z\234"
 1731      E7C9741A 
 1731      5A7AFD67 
 1731      1668F49E 
 1731      21395A9C 
 1732 2a4b EF628B6C 		.ascii	"\357b\213l3K\276L\365\005\242\352G\343n\30790\325\303"
 1732      334BBE4C 
 1732      F505A2EA 
 1732      47E36EC7 
 1732      3930D5C3 
 1733 2a5f 2B6E8FFB 		.ascii	"+n\217\373\376\007\265\366V5PD5P(j>\257\376\332\220"
 1733      FE07B5F6 
 1733      56355044 
 1733      3550286A 
 1733      3EAFFEDA 
 1734 2a74 A882A57C 		.ascii	"\250\202\245|\307\334V?C\027\344\373!\303\023r%J\310"
 1734      C7DC563F 
 1734      4317E4FB 
 1734      21C31372 
 1734      254AC8
 1735 2a87 3557C275 		.ascii	"5W\302u\246\204\241\340\255\016-iG%L\306W]\303C\011"
 1735      A684A1E0 
 1735      AD0E2D69 
 1735      47254CC6 
 1735      575DC343 
 1736 2a9c 340E476E 		.ascii	"4\016Gn\346\262Cgp\263;\204yB\011\032Gi\256\227\237"
 1736      E6B24367 
 1736      70B33B84 
 1736      7942091A 
 1736      4769AE97 
 1737 2ab1 C05ED2D1 		.ascii	"\300^\322\321l)\276\274\235_6\213\373\377!`\025\312"
 1737      6C29BEBC 
 1737      9D5F368B 
 1737      FBFF2160 
 1737      15CA
 1738 2ac3 F0E56EEA 		.ascii	"\360\345n\352\312E\313+<\351\360\251B\246\260\315\221"
 1738      CA45CB2B 
 1738      3CE9F0A9 
 1738      42A6B0CD 
 1738      91
 1739 2ad4 AA39CB01 		.ascii	"\2529\313\001\370\202\005^\343\320\303D\331\345\326"
 1739      F882055E 
 1739      E3D0C344 
 1739      D9E5D6
 1740 2ae3 37648AAD 		.ascii	"7d\212\255\024\025\273\374\260\272\035\233)\274\022"
 1740      1415BBFC 
 1740      B0BA1D9B 
ARM GAS  /tmp/cczIMEmO.s 			page 143


 1740      29BC12
 1741 2af2 CA919967 		.ascii	"\312\221\231g\021)U\3267\327\334\244\232\255\0225;\232"
 1741      112955D6 
 1741      37D7DCA4 
 1741      9AAD1235 
 1741      3B9A
 1742 2b04 D99AA437 		.ascii	"\331\232\2447\371\302\366\366\005\203A\257\242HB\261"
 1742      F9C2F6F6 
 1742      058341AF 
 1742      A24842B1 
 1743 2b14 44ADC5E6 		.ascii	"D\255\305\346j\255fj\235\277\327\034G\310\004\252\365"
 1743      6AAD666A 
 1743      9DBFD71C 
 1743      47C804AA 
 1743      F5
 1744 2b25 715D5C17 		.ascii	"q]\\\027\275DP\203\337\351\240\347T\373#\233\377\024"
 1744      BD445083 
 1744      DFE9A0E7 
 1744      54FB239B 
 1744      FF14
 1745 2b37 DF50663E 		.ascii	"\337Pf>\241\223lA=0\010[\304\034;\321\317\212\354%c"
 1745      A1936C41 
 1745      3D30085B 
 1745      C41C3BD1 
 1745      CF8AEC25 
 1746 2b4c 6D893FA9 		.ascii	"m\211?\251\263c\331\250?\251\205\256\376\226\035\356"
 1746      B363D9A8 
 1746      3FA985AE 
 1746      FE961DEE 
 1747 2b5c 965C28AC 		.ascii	"\226\\(\254\307\232\253\267\023kn\371|\357\206\223U"
 1747      C79AABB7 
 1747      136B6EF9 
 1747      7CEF8693 
 1747      55
 1748 2b6d 691BA9B4 		.ascii	"i\033\251\264\015\242\264^\3763\015\016\274\263mNp^"
 1748      0DA2B45E 
 1748      FE330D0E 
 1748      BCB36D4E 
 1748      705E
 1749 2b7f 0AE09D2D 		.ascii	"\012\340\235-`\0115\022qk\304\316\3666v\266+\361]\216"
 1749      60093512 
 1749      716BC4CE 
 1749      F63676B6 
 1749      2BF15D8E 
 1750 2b93 24E93719 		.ascii	"$\3517\031\323meWnb\375\263K\013\340\315\360\371\242"
 1750      D36D6557 
 1750      6E62FDB3 
 1750      4B0BE0CD 
 1750      F0F9A2
 1751 2ba6 608B9336 		.ascii	"`\213\22366B\213\254F\243\013n\024;\222,\244\261\320"
 1751      36428BAC 
 1751      46A30B6E 
 1751      143B922C 
 1751      A4B1D0
 1752 2bb9 9F376879 		.ascii	"\2377hy\314\246\0258\220gj\312\270rDj\005m2+h\027\255"
 1752      CCA61538 
 1752      90676ACA 
ARM GAS  /tmp/cczIMEmO.s 			page 144


 1752      B872446A 
 1752      056D322B 
 1753 2bd0 E0B2D726 		.ascii	"\340\262\327&8)[|%4\243\025\354_\037j\022\244z\371W"
 1753      38295B7C 
 1753      2534A315 
 1753      EC5F1F6A 
 1753      12A47AF9 
 1754 2be5 E9418DBB 		.ascii	"\351A\215\273T/wD\275\254\334i\037\266\025\203\220\002"
 1754      542F7744 
 1754      BDACDC69 
 1754      1FB61583 
 1754      9002
 1755 2bf7 E7F90EBF 		.ascii	"\347\371\016\277\332\177d8B\223D+M\242V:\230Vv\275\036"
 1755      DA7F6438 
 1755      4293442B 
 1755      4DA2563A 
 1755      985676BD 
 1756 2c0c F73A920D 		.ascii	"\367:\222\015\224h}2\257\007Y\240w\364a\315L\247\267"
 1756      94687D32 
 1756      AF0759A0 
 1756      77F461CD 
 1756      4CA7B7
 1757 2c1f F9A0A6E8 		.ascii	"\371\240\246\350\015\202]\310V\364B\243\267-{I\357\315"
 1757      0D825DC8 
 1757      56F442A3 
 1757      B72D7B49 
 1757      EFCD
 1758 2c31 BB872F2B 		.ascii	"\273\207/+7\363\366-\233O\240\305d\326\372\\\316\250"
 1758      37F3F62D 
 1758      9B4FA0C5 
 1758      64D6FA5C 
 1758      CEA8
 1759 2c43 6C274E8F 		.ascii	"l'N\217L!\275\242BJ\262\272\256\240\253\207WB7\026\222"
 1759      4C21BDA2 
 1759      424AB2BA 
 1759      AEA0AB87 
 1759      57423716 
 1760 2c58 9879F99E 		.ascii	"\230y\371\236u\207\323O\025\322'*\344\246\317`\204\023"
 1760      7587D34F 
 1760      15D2272A 
 1760      E4A6CF60 
 1760      8413
 1761 2c6a 57C8FD7D 		.ascii	"W\310\375}r\340\303\015\005\260\204N\211J:E\225\334"
 1761      72E0C30D 
 1761      05B0844E 
 1761      894A3A45 
 1761      95DC
 1762 2c7c 672AA97D 		.ascii	"g*\251}\230\026E\310\245/X\032\012WISq\3415\301*\017"
 1762      981645C8 
 1762      A52F581A 
 1762      0A574953 
 1762      71E135C1 
 1763 2c92 43948741 		.ascii	"C\224\207A\221\207\254\256\256{j\316\303n\233\363\215"
 1763      9187ACAE 
 1763      AE7B6ACE 
 1763      C36E9BF3 
 1763      8D
ARM GAS  /tmp/cczIMEmO.s 			page 145


 1764 2ca3 66562980 		.ascii	"fV)\200#\014H8\030\0209\030f\034l\017&\3568\222\333"
 1764      230C4838 
 1764      18103918 
 1764      661C6C0F 
 1764      26EE3892 
 1765 2cb8 C8419EF7 		.ascii	"\310A\236\367\356m-\351\307\304\306\330H&\365\301\302"
 1765      EE6D2DE9 
 1765      C7C4C6D8 
 1765      4826F5C1 
 1765      C2
 1766 2cc9 28CB41A7 		.ascii	"(\313A\247\225\012\026\0025d\004\377\\\262t%\226v\325"
 1766      950A1602 
 1766      356404FF 
 1766      5CB27425 
 1766      9676D5
 1767 2cdc C2386DEA 		.ascii	"\3028m\352c\250\262B\257\332\014G2\211\030\365\3033"
 1767      63A8B242 
 1767      AFDA0C47 
 1767      328918F5 
 1767      C333
 1768 2cee 73B48A85 		.ascii	"s\264\212\205I\2121\201\030\246@\303\350J'3f\316\211"
 1768      498A3181 
 1768      18A640C3 
 1768      E84A2733 
 1768      66CE89
 1769 2d01 6F1E20D6 		.ascii	"o\036 \326\325\316\372e\"\025[#\265\305\031*\366\264"
 1769      D5CEFA65 
 1769      22155B23 
 1769      B5C5192A 
 1769      F6B4
 1770 2d13 28B6A126 		.ascii	"(\266\241&\311\233\266\321\207I\206\244\030\303\367"
 1770      C99BB6D1 
 1770      874986A4 
 1770      18C3F7
 1771 2d22 BC0D4186 		.ascii	"\274\015A\206\332b[\212$\214\210r\013S\200M\223(\372"
 1771      DA625B8A 
 1771      248C8872 
 1771      0B53804D 
 1771      9328FA
 1772 2d35 2C13BDBB 		.ascii	",\023\275\273n\323GE\026\220\331\234\013+\227\034E\345"
 1772      6ED34745 
 1772      1690D99C 
 1772      0B2B971C 
 1772      45E5
 1773 2d47 CD3B6736 		.ascii	"\315;g60\345\321.sN\242\2749\221\302<\2430\330\276\224"
 1773      30E5D12E 
 1773      734EA2BC 
 1773      3991C23C 
 1773      A330D8BE 
 1774 2d5c A423A5BF 		.ascii	"\244#\245\277\305(<\030\030Z\264\347\024\032\266\235"
 1774      C5283C18 
 1774      185AB4E7 
 1774      141AB69D 
 1775 2d6c 076E1B29 		.ascii	"\007n\033),H(,\210\024\026\031\205\221\355\314,-\331"
 1775      2C48282C 
 1775      88141619 
 1775      8591EDCC 
ARM GAS  /tmp/cczIMEmO.s 			page 146


 1775      2C2DD9
 1776 2d7f 420A55C5 		.ascii	"B\012U\305\205^b\253\202^k\031+\220\366XK\022\012K\""
 1776      855E62AB 
 1776      825E6B19 
 1776      2B90F658 
 1776      4B120A4B 
 1777 2d94 85654621 		.ascii	"\205eF!\262#s\320\226\370\177\221Q\010\017\353\274\351"
 1777      B22373D0 
 1777      96F87F91 
 1777      51080FEB 
 1777      BCE9
 1778 2da6 68E2A1D3 		.ascii	"h\342\241\323\304\303\212\204\302\212Ha\225Q\250\334"
 1778      C4C38A84 
 1778      C28A4861 
 1778      9551A8DC 
 1779 2db6 A903771D 		.ascii	"\251\003w\035\205\024n\372\266\005hMzH4\351aMBaM\244"
 1779      85146EFA 
 1779      B605684D 
 1779      7A4834E9 
 1779      614D4261 
 1780 2dcc F09051C8 		.ascii	"\360\220Q\310\27462eO\312\221\302\274O\320>v\202\364"
 1780      BC363265 
 1780      4FCA91C2 
 1780      BC4FD03E 
 1780      7682F4
 1781 2ddf BB1658C5 		.ascii	"\273\026X\305\305\227\256\356:X5\343MZ\237\033b}\006"
 1781      C597AEEE 
 1781      3A5835E3 
 1781      4D5A9F1B 
 1781      627D06
 1782 2df2 3F9EBEA1 		.ascii	"?\236\276\241\343\034\264\357|%\276\304\340\253\246"
 1782      E31CB4EF 
 1782      7C25BEC4 
 1782      E0ABA6
 1783 2e01 28C2BA84 		.ascii	"(\302\272\204\201u\221\201G\214\201\203\344\344\253"
 1783      81759181 
 1783      478C8183 
 1783      E4E4AB
 1784 2e10 76A40119 		.ascii	"v\244\001\031\030\366\351\331w6\336\020\216\014\224"
 1784      18F6E9D9 
 1784      7736DE10 
 1784      8E0C94
 1785 2e1f 3F5D72B7 		.ascii	"?]r\267\360\027t\247\300\023\231\377\364\257\011\216"
 1785      F01774A7 
 1785      C01399FF 
 1785      F4AF098E 
 1786 2e2f B2B70821 		.ascii	"\262\267\010!\257X\340\325\225\365G\310\016s<\225\371"
 1786      AF58E0D5 
 1786      95F547C8 
 1786      0E733C95 
 1786      F9
 1787 2e40 956DD1AF 		.ascii	"\225m\321\257\370\247\365\247\243\227\203W\302\026\032"
 1787      F8A7F5A7 
 1787      A3978357 
 1787      C2161A
 1788 2e4f 7756E4E3 		.ascii	"wV\344\343G\262\020\222\3164\232\264\261K\265\261#j"
 1788      47B21092 
ARM GAS  /tmp/cczIMEmO.s 			page 147


 1788      CE349AB4 
 1788      B14BB5B1 
 1788      236A
 1789 2e61 A3A732A4 		.ascii	"\243\2472\244\325h\023\271\357\2542m\000\212\360X\242"
 1789      D56813B9 
 1789      EFAC326D 
 1789      008AF058 
 1789      A2
 1790 2e72 8DC7A236 		.ascii	"\215\307\2426\2361m\\\011\2755\343D\246\270I\314/\355"
 1790      9E316D5C 
 1790      09BD35E3 
 1790      44A6B849 
 1790      CC2FED
 1791 2e85 60481D6C 		.ascii	"`H\035l\254\216\261\231\332\033\262\352\240\033\374"
 1791      AC8EB199 
 1791      DA1BB2EA 
 1791      A01BFC
 1792 2e94 4C1C1C50 		.ascii	"L\034\034P\016\366E\0166B\014\223z\316\301\330\312K"
 1792      0EF6450E 
 1792      36420C93 
 1792      7ACEC1D8 
 1792      CA4B
 1793 2ea6 293E496F 		.ascii	")>IoS\014aO\302\300\236\310\200A\313Z\326@\331\272\216"
 1793      530C614F 
 1793      C2C09EC8 
 1793      8041CB5A 
 1793      D640D9BA 
 1794 2ebb 3CFAA2D5 		.ascii	"<\372\242\325\350)%=\352\221,\342\240+\256&\006|\264"
 1794      E829253D 
 1794      EA912CE2 
 1794      A02BAE26 
 1794      067CB4
 1795 2ece C080B796 		.ascii	"\300\200\267\2263\020}k:K\364\255O2_N\336\352\242<0"
 1795      33107D6B 
 1795      3A4BF4AD 
 1795      4F325F4E 
 1795      DEEAA23C 
 1796 2ee3 2CC14B6B 		.ascii	",\301Kkb\002\236\221\011_\306D\177NE\261\2324\3746c"
 1796      62029E91 
 1796      095FC644 
 1796      7F4E45B1 
 1796      9A34FC36 
 1797 2ef8 6273BA72 		.ascii	"bs\272r\012\303\265R\265\2263\261u\265\247\317\362z"
 1797      0AC3B552 
 1797      B59633B1 
 1797      75B5A7CF 
 1797      F27A
 1798 2f0a F40716B1 		.ascii	"\364\007\026\261\255\317\325\2420\331\276`\177\255\354"
 1798      ADCFD5A2 
 1798      30D9BE60 
 1798      7FADEC
 1799 2f19 1A1A2DAF 		.ascii	"\032\032-\257\354\324\240\265D{V\006\274\022\374\264"
 1799      ECD4A0B5 
 1799      447B5606 
 1799      BC12FCB4 
 1800 2f29 AC909281 		.ascii	"\254\220\222\201\2640\014\270\350\012y\000\276\\\276"
 1800      B4300CB8 
ARM GAS  /tmp/cczIMEmO.s 			page 148


 1800      E80A7900 
 1800      BE5CBE
 1801 2f38 F8A006CD 		.ascii	"\370\240\006\315\302\315A\270\210\357\274\307.>\263"
 1801      C2CD41B8 
 1801      88EFBCC7 
 1801      2E3EB3
 1802 2f47 BC0C95AE 		.ascii	"\274\014\225\256E\005ie\037V\211K\373+\013\264f\013"
 1802      45056965 
 1802      1F56894B 
 1802      FB2B0BB4 
 1802      660B
 1803 2f59 B42B6189 		.ascii	"\264+a\211\247e\237_\221\361\034,\362\334x\020\030\205"
 1803      A7659F5F 
 1803      91F11C2C 
 1803      F2DC7810 
 1803      1885
 1804 2f6b 9503AF84 		.ascii	"\225\003\257\204@de}\374\362\300s\314#\224\326N\210"
 1804      4064657D 
 1804      FCF2C073 
 1804      CC2394D6 
 1804      4E88
 1805 2f7d 583B8FE3 		.ascii	"X;\217\343F\363\010\257\235\361A\373\013\347/b\317\007"
 1805      46F308AF 
 1805      9DF141FB 
 1805      0BE72F62 
 1805      CF07
 1806 2f8f 58C27949 		.ascii	"X\302yI\355\234\027k\3472\253\235\336\374\234$'"
 1806      ED9C176B 
 1806      E732AB9D 
 1806      DEFC9C24 
 1806      27
 1807 2fa0 721F6B67 		.ascii	"r\037kg\267-\346\000\017'W\251E\023\311\034\355\367"
 1807      B72DE600 
 1807      0F2757A9 
 1807      4513C91C 
 1807      EDF7
 1808 2fb2 B7B31094 		.ascii	"\267\263\020\224\036\000\227_\223\274\262\224m\220_"
 1808      1E00975F 
 1808      93BCB294 
 1808      6D905F
 1809 2fc1 0E2B9334 		.ascii	"\016+\2234B\2244g$\262\013;\036x%\\AI\357\344?\230\220"
 1809      42943467 
 1809      24B20B3B 
 1809      1E78255C 
 1809      4149EFE4 
 1810 2fd8 5D0E4BCB 		.ascii	"]\016K\313\227\334\016K%\275*J\272|\275\266Lt\256\367"
 1810      97DC0E4B 
 1810      25BD2A4A 
 1810      BA7CBDB6 
 1810      4C74AEF7 
 1811 2fec 6B5EAE2B 		.ascii	"k^\256+\013\312\247\255\221\241\011a\022Q\303DQ\243"
 1811      0BCAA7AD 
 1811      91A10961 
 1811      1251C344 
 1811      51A3
 1812 2ffe 98A8     		.ascii	"\230\250"
 1813 3000 6D194F9E 		.ascii	"m\031O\236\020\222\363%&j\307\265\212TGc8\203\242f5"
ARM GAS  /tmp/cczIMEmO.s 			page 149


 1813      1092F325 
 1813      266AC7B5 
 1813      8A544763 
 1813      3883A266 
 1814 3015 54E7E98C 		.ascii	"T\347\351\214\321G\014\2626\356\2739\254\261\3522\343"
 1814      D1470CB2 
 1814      36EEBB39 
 1814      ACB1EA32 
 1814      E3
 1815 3026 2867B122 		.ascii	"(g\261\"g\327\346\233s\304&\012\321G\340y\036}\000\226"
 1815      67D7E69B 
 1815      73C4260A 
 1815      D147E079 
 1815      1E7D0096 
 1816 303a 102D612C 		.ascii	"\020-a,Zd,\2361f\230J\371\016\251\372\222\265\011\200"
 1816      5A642C9E 
 1816      3166984A 
 1816      F90EA9FA 
 1816      92B50980 
 1817 304e B0D23B49 		.ascii	"\260\322;I\030y\321\335\302\211\310\226\177I\375\177"
 1817      1879D1DD 
 1817      C289C896 
 1817      7F49FD7F 
 1818 305e 187D6B12 		.ascii	"\030}k\022\276[\214h\370-1k2\276\012\332~\024\342hQ"
 1818      BE5B8C68 
 1818      F82D316B 
 1818      32BE0ADA 
 1818      7E14E268 
 1819 3073 7B749F6B 		.ascii	"{t\237k\252\314L\263\242\273\212\354-\360\236Y\340\005"
 1819      AACC4CB3 
 1819      A2BB8AEC 
 1819      2DF09E59 
 1819      E005
 1820 3085 DFB99D24 		.ascii	"\337\271\235$\037\263\313j9]\254\345\350\033wf\321\333"
 1820      1FB3CB6A 
 1820      395DACE5 
 1820      E81B7766 
 1820      D1DB
 1821 3097 C12B2105 		.ascii	"\301+!\005\231\251\336\016\332'VU\231AUyMTeR\315\323"
 1821      99A9DE0E 
 1821      DA275655 
 1821      99415579 
 1821      4D546552 
 1822 30ad 9B0E467F 		.ascii	"\233\016F\177\373-\364\267\200\"$H\364\230 \3521\223"
 1822      FB2DF4B7 
 1822      80222448 
 1822      F49820EA 
 1822      3193
 1823 30bf E971F8E9 		.ascii	"\351q\370\351\3603{r\367KV{\237\275;\275\025*QC\331"
 1823      F0337B72 
 1823      F74B567B 
 1823      9FBD3BBD 
 1823      152A5143 
 1824 30d4 C854F941 		.ascii	"\310T\371A\344)\313\273\217-{\232\236\310\273\262\021"
 1824      E429CBBB 
 1824      8F2D7B9A 
 1824      9EC8BBB2 
ARM GAS  /tmp/cczIMEmO.s 			page 150


 1824      11
 1825 30e5 73AE4CF0 		.ascii	"s\256L\360<Q\360\301\2708\177\0341\303+!\007\313\010"
 1825      3C51F0C1 
 1825      B8387F1C 
 1825      31C32B21 
 1825      07CB08
 1826 30f8 2F89FFB2 		.ascii	"/\211\377\262U\271\013\250\334\371\242\3341y\373ib\277"
 1826      55B90BA8 
 1826      DCF9A2DC 
 1826      3179FB69 
 1826      62BF
 1827 310a 3F743AC6 		.ascii	"?t:\306PoK\021\204,\211\324Y\242\324\205L\352\226\322"
 1827      506F4B11 
 1827      842C89D4 
 1827      59A2D485 
 1827      4CEA96D2 
 1828 311e 9C483519 		.ascii	"\234H5\031\267j>\305#\343s\226Uk9\035\263Z\263\346%"
 1828      B76A3EC5 
 1828      23E37396 
 1828      556B391D 
 1828      B35AB3E6 
 1829 3133 93B05826 		.ascii	"\223\260X&a\211(a\345\265\270V\224\020^\011\327Q\302"
 1829      61892861 
 1829      E5B5B856 
 1829      94105E09 
 1829      D751C2
 1830 3146 CB11C106 		.ascii	"\313\021\301\006\353\267;\227Q\021KE\021}\323\372B\305"
 1830      EBB73B97 
 1830      51114B45 
 1830      117DD3FA 
 1830      42C5
 1831 3158 F6DB8622 		.ascii	"\366\333\206\"\002\202P$\021\261H\024\261\234\211X\276"
 1831      02825024 
 1831      11B14814 
 1831      B19C8958 
 1831      BE
 1832 3169 1198AB23 		.ascii	"\021\230\253#\353VE\334Yn\255\261\034\226\321=M\225"
 1832      EB5645DC 
 1832      596EADB1 
 1832      1C96D13D 
 1832      4D95
 1833 317b 32EB2D8F 		.ascii	"2\353-\217\310\214\262l\015\031\026x\025\201]\027d\303"
 1833      C88CB26C 
 1833      0D191678 
 1833      15815D17 
 1833      64C3
 1834 318d 952A992A 		.ascii	"\225*\231*n\212\252\250(\030\332\303\236\006^\0117P"
 1834      6E8AAAA8 
 1834      2818DAC3 
 1834      9E065E09 
 1834      3750
 1835 319f 1581EDAD 		.ascii	"\025\201\355\255w\255\307X5T\025\325\242*\302\373\333"
 1835      77ADC758 
 1835      355415D5 
 1835      A22AC2FB 
 1835      DB
 1836 31b0 83C4A1C2 		.ascii	"\203\304\241\302\316)\246\012@\020*$\252\250\020Uq\213"
ARM GAS  /tmp/cczIMEmO.s 			page 151


 1836      CE29A60A 
 1836      40102A24 
 1836      AAA81055 
 1836      718B
 1837 31c2 A9A2FD41 		.ascii	"\251\242\375A\330\003;\342\363;xdj`\374\3338\211\240"
 1837      D8033BE2 
 1837      F33B7864 
 1837      6A60FCDB 
 1837      3889A0
 1838 31d5 11559173 		.ascii	"\021U\221s\257\266Y0v$u\310\322\343\013\341K\326Yj\240"
 1838      AFB65930 
 1838      762475C8 
 1838      D2E30BE1 
 1838      4BD6596A 
 1839 31ea 2CD58B2C 		.ascii	",\325\213,=\362{\222(6\274\341A\373g\030x\002\216P+"
 1839      3DF27B92 
 1839      2836BCE1 
 1839      41FB6718 
 1839      78028E50 
 1840 31ff E1AA56E4 		.ascii	"\341\252V\344\252\021{\221\262\207\223\032\022\216\\"
 1840      AA117B91 
 1840      B287931A 
 1840      128E5C
 1841 320e 6DE7ED3C 		.ascii	"m\347\355<p4N\311 [\227\366\236]\2265}\312\261\211\205"
 1841      70344EC9 
 1841      205B97F6 
 1841      9E5D9635 
 1841      7DCAB189 
 1842 3223 66CA4293 		.ascii	"f\312B\223\310B\365\215\356v\007S\240\341\265Y\213\201"
 1842      C842F58D 
 1842      EE760753 
 1842      A0E1B559 
 1842      8B81
 1843 3235 066009B7 		.ascii	"\006`\011\267%L\334\026\231haL\334Jy\024\240'i\277c"
 1843      254CDC16 
 1843      9968614C 
 1843      DC4A7914 
 1843      A02769BF 
 1844 324a CD4AFC13 		.ascii	"\315J\374\023f\371\235\026\364\310|\033\252\346\231"
 1844      66F99D16 
 1844      F4C87C1B 
 1844      AAE699
 1845 3259 6F999FBD 		.ascii	"o\231\237\275\210\327\216\357*\012\247/\343(\224\236"
 1845      88D78EEF 
 1845      2A0AA72F 
 1845      E328949E 
 1846 3269 C9BE832F 		.ascii	"\311\276\203/\347\002\032\247\214\210w\271C;\337}\017"
 1846      E7021AA7 
 1846      8C8877B9 
 1846      433BDF7D 
 1846      0F
 1847 327a 9B023D9A 		.ascii	"\233\002=\232\336\201/\375z2\366\365\306y\246N\036i"
 1847      DE812FFD 
 1847      7A32F6F5 
 1847      C679A64E 
 1847      1E69
 1848 328c 5C2FEC72 		.ascii	"\\/\354r6\206\037]<\324\010\315\274\207\335-\333\011"
ARM GAS  /tmp/cczIMEmO.s 			page 152


 1848      36861F5D 
 1848      3CD408CD 
 1848      BC87DD2D 
 1848      DB09
 1849 329e 892FD75A 		.ascii	"\211/\327Z}\036\331\032oo\350\306\2279y%\365\216V+\260"
 1849      7D1ED91A 
 1849      6F6FE8C6 
 1849      97397925 
 1849      F58E562B 
 1850 32b3 976AAFC7 		.ascii	"\227j\257\307\3509/N]\024;\241\2718]\260?\357\204\000"
 1850      E8392F4E 
 1850      5D143BA1 
 1850      B9385DB0 
 1850      3FEF8400 
 1851 32c7 4B689568 		.ascii	"Kh\225h\257U\324^\037\323\336JXt\214\023)D\355]\232"
 1851      AF55D45E 
 1851      1FD3DE4A 
 1851      58748C13 
 1851      2944ED5D 
 1852 32dc 6DEE7426 		.ascii	"m\356t&%\230H\256\016I1[\2256\256\342\334\327>w\025"
 1852      259848AE 
 1852      0E49315B 
 1852      9536AEE2 
 1852      DCD73E77 
 1853 32f1 0772176D 		.ascii	"\007r\027mz\207k\1777\225\261\263\226\3578\222\321n"
 1853      7A876B7F 
 1853      3795B1B3 
 1853      96EF3892 
 1853      D16E
 1854 3303 30243B08 		.ascii	"0$;\010\003\320\242\372\221\033#5\033\372\206r4\250"
 1854      03D0A2FA 
 1854      911B2335 
 1854      1BFA8672 
 1854      34A8
 1855 3315 FD5D6AEA 		.ascii	"\375]j\352Ms1|\305\326\236\005k\336\273vV7x\014kq\203"
 1855      4D73317C 
 1855      C5D69E05 
 1855      6BDEBB76 
 1855      5637780C 
 1856 332c C790964D 		.ascii	"\307\220\226M8%\215\257\256h,\216\300\032\027\247F\264"
 1856      38258DAF 
 1856      AE682C8E 
 1856      C01A17A7 
 1856      46B4
 1857 333e 87300B4E 		.ascii	"\2070\013N\3034\214\346\310\356*\243w\\ZC\316\337\233"
 1857      C3348CE6 
 1857      C8EE2AA3 
 1857      775C5A43 
 1857      CEDF9B
 1858 3351 4FB3FDED 		.ascii	"O\263\375\355\272\337I\244\2733\340/\324s\336\215j\323"
 1858      BADF49A4 
 1858      BB33E02F 
 1858      D473DE8D 
 1858      6AD3
 1859 3363 910EAEAD 		.ascii	"\221\016\256\255\273\233W\365d\004\023\305\2319#\366"
 1859      BB9B57F5 
 1859      640413C5 
ARM GAS  /tmp/cczIMEmO.s 			page 153


 1859      993923F6 
 1860 3373 207C572D 		.ascii	" |W-\233\002\036[\3615x\205\201\337\201\214\302\004"
 1860      9B021E5B 
 1860      F1357885 
 1860      81DF818C 
 1860      C204
 1861 3385 489F63F7 		.ascii	"H\237c\367%IA\343\360fL\373\333\264\203f\012\2302\004"
 1861      254941E3 
 1861      F0664CFB 
 1861      DBB48366 
 1861      0A983204 
 1862 3399 D73A9019 		.ascii	"\327:\220\031$%~\362\345\020\377\344\313\325\205\266"
 1862      24257EF2 
 1862      E510FFE4 
 1862      CBD585B6 
 1863 33a9 3ABE1FC6 		.ascii	":\276\037\306@\277p\"\236@>\304O \213\307;\017\361\343"
 1863      40BF7022 
 1863      9E403EC4 
 1863      4F208BC7 
 1863      3B0FF1E3 
 1864 33bd 9D6B933E 		.ascii	"\235k\223>i\316d\001\211\355U\306\336\321\223\025LL"
 1864      69CE6401 
 1864      89ED55C6 
 1864      DED19315 
 1864      4C4C
 1865 33cf 1A76A31D 		.ascii	"\032v\243\035\310cL\254\027\347g;)O\355-h\225\246\366"
 1865      C8634CAC 
 1865      17E7673B 
 1865      294FED2D 
 1865      6895A6F6 
 1866 33e3 0A43BDBC 		.ascii	"\012C\275\274\010\331\305\334C7\312\177@\375\246\317"
 1866      08D9C5DC 
 1866      4337CA7F 
 1866      40FDA6CF 
 1867 33f3 F32F0B4D 		.ascii	"\363/\013Mj\277\320\241#\347\337B\301\222\267C\234I"
 1867      6ABFD0A1 
 1867      23E7DF42 
 1867      C192B743 
 1867      9C49
 1868 3405 044BA896 		.ascii	"\004K\250\226'\253\203\331%Y\374\372\330\346m\347D\361"
 1868      27AB83D9 
 1868      2559FCFA 
 1868      D8E66DE7 
 1868      44F1
 1869 3417 E3178B5A 		.ascii	"\343\027\213Z\275\260\012<lh\237\267av\3507p5\224b\317"
 1869      BDB00A3C 
 1869      6C689FB7 
 1869      6176E837 
 1869      70359462 
 1870 342c 5B604B57 		.ascii	"[`KW\264}}\014\265[Q\257\343\216\340e\360\226K\312\350"
 1870      B47D7D0C 
 1870      B55B51AF 
 1870      E38EE065 
 1870      F0964BCA 
 1871 3441 D66F7B5F 		.ascii	"\326o{_\341\031\250J\326\265o\011\017\001\326\264\306"
 1871      E119A84A 
 1871      D6B56F09 
ARM GAS  /tmp/cczIMEmO.s 			page 154


 1871      0F01D6B4 
 1871      C6
 1872 3452 75E280C7 		.ascii	"u\342\200\307\005*\222\200R\366<\251\314\327[Yr\336"
 1872      052A9280 
 1872      52F63CA9 
 1872      CCD75B59 
 1872      72DE
 1873 3464 7C2E997B 		.ascii	"|.\231{%7\303\371\315\001\006\272\231\354\352\354\335"
 1873      2537C3F9 
 1873      CD0106BA 
 1873      99ECEAEC 
 1873      DD
 1874 3475 0D1DC943 		.ascii	"\015\035\311C\262\275]c\351\204T`\302\020\276\233\350"
 1874      B2BD5D63 
 1874      E9845460 
 1874      C210BE9B 
 1874      E8
 1875 3486 48EA3051 		.ascii	"H\3520Q\366drH\247\274\346\363T\253\264\3463R|\251A"
 1875      F6647248 
 1875      A7BCE6F3 
 1875      54ABB4E6 
 1875      33527CA9 
 1876 349b 4B5A3177 		.ascii	"KZ1wn[\276\374\312O\203\354\243'\273b\017\3503\035?"
 1876      6E5BBEFC 
 1876      CA4F83EC 
 1876      A327BB62 
 1876      0FE8331D 
 1877 34b0 E944EE61 		.ascii	"\351D\356a\246\251\203\375\177'C\370\274\276Rt\327\231"
 1877      A6A983FD 
 1877      7F2743F8 
 1877      BCBE5274 
 1877      D799
 1878 34c2 4C61A231 		.ascii	"La\2421\355\351\242\345\352\305>\260q \353w\253\027"
 1878      EDE9A2E5 
 1878      EAC53EB0 
 1878      7120EB77 
 1878      AB17
 1879 34d4 272FD991 		.ascii	"'/\331\221E\314\224U\370\350\212\345\300\303\2403\317"
 1879      45CC9455 
 1879      F8E88AE5 
 1879      C0C3A033 
 1879      CF
 1880 34e5 9473AD6A 		.ascii	"\224s\255jF\326Y{\351\244\254z\353\220U\333\260\361"
 1880      46D6597B 
 1880      E9A4AC7A 
 1880      EB9055DB 
 1880      B0F1
 1881 34f7 8B596AF1 		.ascii	"\213Yj\361r\030\213-*\224\031\037\035\337\206\257\223"
 1881      72188B2D 
 1881      2A94191F 
 1881      1DDF86AF 
 1881      93
 1882 3508 7DDEF5AD 		.ascii	"}\336\365\255\214f<\335\010\244\330\216m\037\235\265"
 1882      8C663CDD 
 1882      08A4D88E 
 1882      6D1F9DB5 
 1883 3518 AD83398F 		.ascii	"\255\2039\217.O8Z\331\004C97+\201\016\257\026\307\237"
ARM GAS  /tmp/cczIMEmO.s 			page 155


 1883      2E4F385A 
 1883      D9044339 
 1883      372B810E 
 1883      AF16C79F 
 1884 352c 11F20845 		.ascii	"\021\362\010E\236\034i.t\"[\230\250z\022[\345L\3660"
 1884      9E1C692E 
 1884      74225B98 
 1884      A87A125B 
 1884      E54CF630 
 1885 3540 71F7C1C1 		.ascii	"q\367\301\301\206\236\370\376.K\004F\254\\s\"\201\230"
 1885      869EF8FE 
 1885      2E4B0446 
 1885      AC5C7322 
 1885      8198
 1886 3552 689CE909 		.ascii	"h\234\351\011\265\374|\357E(,P'[\225K\352\216\226}\271"
 1886      B5FC7CEF 
 1886      45282C50 
 1886      275B954B 
 1886      EA8E967D 
 1887 3567 3A502645 		.ascii	":P&E\020W\223\320\324\231\004\366\030\205\304o\\\016"
 1887      105793D0 
 1887      D49904F6 
 1887      1885C46F 
 1887      5C0E
 1888 3579 031B4FC0 		.ascii	"\003\033O\300\304tgI\235lmC\372\001`!\030J4~\003x5("
 1888      C4746749 
 1888      9D6C6D43 
 1888      FA016021 
 1888      184A347E 
 1889 3591 A943768B 		.ascii	"\251Cv\213S\010\250\316TX\250X\330XT`\225=)B\3725!\033"
 1889      5308A8CE 
 1889      5458A858 
 1889      D8585460 
 1889      953D2942 
 1890 35a9 153A5281 		.ascii	"\025:R\201\011\377\247S\205\316\244\216%\264K\211\005"
 1890      09FFA753 
 1890      85CEA48E 
 1890      25B44B89 
 1890      05
 1891 35ba 29443C41 		.ascii	")D<A\364\012\266\363\361\026uLV\030z\006\272\250\020"
 1891      F40AB6F3 
 1891      F116754C 
 1891      56187A06 
 1891      BAA810
 1892 35cd 06E5C7EA 		.ascii	"\006\345\307\352^\261\276Mb\350\207\350\030(\362\225"
 1892      5EB1BE4D 
 1892      62E887E8 
 1892      1828F295 
 1893 35dd E722B383 		.ascii	"\347\"\263\203I\246\257\027\\\376,\344\375\016\376\361"
 1893      49A6AF17 
 1893      5CFE2CE4 
 1893      FD0EFEF1 
 1894 35ed 023A5DEE 		.ascii	"\002:]\356\377Y\330[w8iP\271\020\360Y\330\365\177\207"
 1894      FF59D85B 
 1894      77386950 
 1894      B910F059 
 1894      D8F57F87 
ARM GAS  /tmp/cczIMEmO.s 			page 156


 1895 3601 5C83CA84 		.ascii	"\\\203\312\204K\237\205\274\363\036\"C\363\024.XG\016"
 1895      4B9F85BC 
 1895      F31E2243 
 1895      F3142E58 
 1895      470E
 1896 3613 53B24F1B 		.ascii	"S\262O\033\206M\2153B\367\226\020\016p\025 \032 \012"
 1896      864D8D33 
 1896      42F79610 
 1896      0E701520 
 1896      1A200A
 1897 3626 200620D2 		.ascii	" \006 \322h\264k\215wB\034I\013\326\324\300\316\345"
 1897      68B46B8D 
 1897      77421C49 
 1897      0BD6D4C0 
 1897      CEE5
 1898 3638 403DE9C2 		.ascii	"@=\351\302\304\\vU\201\206\014bb\321\247vRE&0\341}\245"
 1898      C45C7655 
 1898      81860C62 
 1898      62D1A776 
 1898      52452630 
 1899 364f 0762F819 		.ascii	"\007b\370\031LL\371&\276\247t!r\222N\351B\344\300\240"
 1899      4C4CF926 
 1899      BEA77421 
 1899      72924EE9 
 1899      42E4C0A0 
 1900 3663 FD024256 		.ascii	"\375\002BV0\353\340f\362\210\203R\336\024\305\274i\015"
 1900      30EBE066 
 1900      F2888352 
 1900      DE14C5BC 
 1900      690D
 1901 3675 05F7ECC8 		.ascii	"\005\367\354\310c\314\333Z\226\027\243S\312\233\246"
 1901      63CCDB5A 
 1901      9617A353 
 1901      CA9BA6
 1902 3684 9877273C 		.ascii	"\230w'<\352\033d\037\263\016\315\366g\313v\326n\313"
 1902      EA1B641F 
 1902      B30ECDF6 
 1902      67CB76D6 
 1902      6ECB
 1903 3696 BAB60CD1 		.ascii	"\272\266\014\321\242SS\236z\253\310\371\337C/Z\026\224"
 1903      A253539E 
 1903      7AABC8F9 
 1903      DF432F5A 
 1903      1694
 1904 36a8 66392EC9 		.ascii	"f9.\311\204\302\262dms\371\301\343\015-\011\307LI\015"
 1904      84C2B264 
 1904      6D73F9C1 
 1904      E30D2D09 
 1904      C74C490D 
 1905 36bc 551D96CE 		.ascii	"U\035\226\3162\333\"S\233\177\371\272l\373\\\216\254"
 1905      32DB2253 
 1905      9B7FF9BA 
 1905      6CFB5C8E 
 1905      AC
 1906 36cd 41E78A1C 		.ascii	"A\347\212\034\335\331\277\037'\220\024$\3764\2525\315"
 1906      DDD9BF1F 
 1906      27901424 
ARM GAS  /tmp/cczIMEmO.s 			page 157


 1906      FE34AA35 
 1906      CD
 1907 36de 91646122 		.ascii	"\221da\",\267\353\276\206\344a\"\347`3\304\201\024b"
 1907      2CB7EBBE 
 1907      86E46122 
 1907      E76033C4 
 1907      811462
 1908 36f1 22606DE9 		.ascii	"\"`m\351\363\026,\024\002\013E2\0262\027\033\275es>"
 1908      F3162C14 
 1908      020B4532 
 1908      1632171B 
 1908      BD65733E 
 1909 3705 453216AE 		.ascii	"E2\026\256\033\233\371\315\224'\216\344&\243m{\263k"
 1909      1B9BF9CD 
 1909      94278EE4 
 1909      26A36D7B 
 1909      B36B
 1910 3717 61D5D6AA 		.ascii	"a\325\326\252\037.\206BJ\270\227,\225\372\341\316\301"
 1910      1F2E8642 
 1910      4AB8972C 
 1910      95FAE1CE 
 1910      C1
 1911 3728 C393D782 		.ascii	"\303\223\327\202*K\014\006\235\206R\026\0128\246\262"
 1911      2A4B0C06 
 1911      9D865216 
 1911      0A38A6B2 
 1912 3738 276ED86C 		.ascii	"'n\330l\277oG\014\277\217\016\263\177\265\327\201\370"
 1912      BF6F470C 
 1912      BF8F0EB3 
 1912      7FB5D781 
 1912      F8
 1913 3749 62A2F159 		.ascii	"b\242\361YQ\272\226\004b\"\266z\331`\331\311\200\033"
 1913      51BA9604 
 1913      6222B67A 
 1913      D960D9C9 
 1913      801B
 1914 375b 126EC824 		.ascii	"\022n\310$\365\273\226\001M5\0363\315f7-[\336\320Wi"
 1914      F5BB9601 
 1914      4D351E33 
 1914      CD66372D 
 1914      5BDED057 
 1915 3770 9169A66B 		.ascii	"\221i\246k\257]f3U2vo\212\352\311\361\236[!\244\210"
 1915      AF5D6633 
 1915      5532766F 
 1915      8AEAC9F1 
 1915      9E5B21A4 
 1916 3785 11579565 		.ascii	"\021W\225e\016o9Y?\206\316x\253\341\012\252\203Vy\013"
 1916      0E6F3959 
 1916      3F86CE78 
 1916      ABE10AAA 
 1916      8356790B 
 1917 3799 A056AAA8 		.ascii	"\240V\252\250\236\305?\217\301\213(\241\000vn\251\306"
 1917      9EC53F8F 
 1917      C18B28A1 
 1917      00766EA9 
 1917      C6
 1918 37aa 524B924D 		.ascii	"RK\222M}M\261\374\2137\333\0201U\353\314\321\3157\335"
ARM GAS  /tmp/cczIMEmO.s 			page 158


 1918      7D4DB1FC 
 1918      8B37DB10 
 1918      3155EBCC 
 1918      D1CD37DD 
 1919 37be 6DC5F0FB 		.ascii	"m\305\360\373\252n\362\336P\201:\257\203\275\203\334"
 1919      AA6EF2DE 
 1919      50813AAF 
 1919      83BD83DC 
 1920 37ce 2D47     		.ascii	"-G"
 1921 37d0 2B314FA5 		.ascii	"+1O\245u1 gF\237\327\264-)C\215\214\345t\257\320\315"
 1921      75312067 
 1921      469FD7B4 
 1921      2D29438D 
 1921      8CE574AF 
 1922 37e6 EA12CF7F 		.ascii	"\352\022\317\177'\235{\376\363@\242\001H5?\317\363\327"
 1922      279D7BFE 
 1922      F340A201 
 1922      48353FCF 
 1922      F3D7
 1923 37f8 7FD54BF6 		.ascii	"\177\325K\366\371p\212luS\330\024G\256\007\312\345\234"
 1923      F9708A6C 
 1923      7553D814 
 1923      47AE07CA 
 1923      E59C
 1924 380a B2C29771 		.ascii	"\262\302\227q\302\224\244\262a\330T\244F\020\3476@\223"
 1924      C294A4B2 
 1924      61D854A4 
 1924      4610E736 
 1924      4093
 1925 381c 51A48B39 		.ascii	"Q\244\2139I\335:R\205\026\264g\010\277\352D\3520\321"
 1925      49DD3A52 
 1925      8516B467 
 1925      08BFEA44 
 1925      EA30D1
 1926 382f 193D11EC 		.ascii	"\031=\021\354H\0320\341\233^\361TP\016\333`\214\241"
 1926      481A30E1 
 1926      9B5EF154 
 1926      500EDB60 
 1926      8CA1
 1927 3841 10B679C5 		.ascii	"\020\266y\305\365<\260%m\230{!\257\247\207\220NL\354"
 1927      F53CB025 
 1927      6D987B21 
 1927      AFA78790 
 1927      4E4CEC
 1928 3854 67347A69 		.ascii	"g4zi\224I\335U$\025\357\023YH\310}\314\375\260\376`"
 1928      9449DD55 
 1928      2415EF13 
 1928      5948C87D 
 1928      CCFDB0FE 
 1929 3869 8190514C 		.ascii	"\201\220QL\204\016wn8\220)L\304\247\244\3753Y\301\347"
 1929      840E776E 
 1929      3890294C 
 1929      C4A7A4FD 
 1929      3359C1E7 
 1930 387d AE61AF28 		.ascii	"\256a\257(k\037\324\006q-o\340\327\354_\215/\302\373"
 1930      6B1FD406 
 1930      712D6FE0 
ARM GAS  /tmp/cczIMEmO.s 			page 159


 1930      D7EC5F8D 
 1930      2FC2FB
 1931 3890 EFC4232D 		.ascii	"\357\304#-O\366\017{-\265\320[\315\210F\350\321\351"
 1931      4FF60F7B 
 1931      2DB5D05B 
 1931      CD8846E8 
 1931      D1E9
 1932 38a2 857B9071 		.ascii	"\205{\220q@\367\274oA\327\177\036;\272\016\300\356\342"
 1932      40F7BC6F 
 1932      41D77F1E 
 1932      3BBA0EC0 
 1932      EEE2
 1933 38b4 D8567BC5 		.ascii	"\330V{\3056\011r\2472\262\2449\014q\354v\300n\265\300"
 1933      360972A7 
 1933      32B2A439 
 1933      0C71EC76 
 1933      C06EB5C0 
 1934 38c8 961CE553 		.ascii	"\226\034\345S<\023b\303\360\251\310}P\373\375\000\203"
 1934      3C1362C3 
 1934      F0A9C87D 
 1934      50FBFD00 
 1934      83
 1935 38d9 00F7017A 		.ascii	"\000\367\001z\245m\264[\302\322\035+\205\360F\324|}"
 1935      A56DB45B 
 1935      C2D21D2B 
 1935      85F046D4 
 1935      7C7D
 1936 38eb 32DA8924 		.ascii	"2\332\211$\277\215\373\224\257\335M4\273\320\315x\032"
 1936      BF8DFB94 
 1936      AFDD4D34 
 1936      BBD0CD78 
 1936      1A
 1937 38fc 6588D379 		.ascii	"e\210\323yN\341\221\344\360\235\341\225^;\311al\343"
 1937      4EE191E4 
 1937      F09DE195 
 1937      5E3BC961 
 1937      6CE3
 1938 390e A16C63DB 		.ascii	"\241lc\333\332\317\222\264\255=\010\213W\345^\313l\274"
 1938      DACF92B4 
 1938      AD3D088B 
 1938      57E55ECB 
 1938      6CBC
 1939 3920 D5FDBF71 		.ascii	"\325\375\277q'\3750`\265\350\020\333\244\015\363\253"
 1939      27FD3060 
 1939      B5E810DB 
 1939      A40DF3AB 
 1940 3930 9FBBFF47 		.ascii	"\237\273\377G\224\241\326K#\244\352\360&g\212-n\352"
 1940      94A1D64B 
 1940      23A4EAF0 
 1940      26678A2D 
 1940      6EEA
 1941 3942 C7A37AB1 		.ascii	"\307\243z\261j#\362\306\267\0219\035\220\351E\304\226"
 1941      6A23F2C6 
 1941      B711391D 
 1941      90E945C4 
 1941      96
 1942 3953 C8927A1B 		.ascii	"\310\222z\033+\340a\025t|\302\232`\316\366\214\031\333"
ARM GAS  /tmp/cczIMEmO.s 			page 160


 1942      2BE06115 
 1942      747CC29A 
 1942      60CEF68C 
 1942      19DB
 1943 3965 1D9D3C66 		.ascii	"\035\235<f\243Q\217\237\316\034\335\342\254u7\277\250"
 1943      A3518F9F 
 1943      CE1CDDE2 
 1943      AC7537BF 
 1943      A8
 1944 3976 808678CF 		.ascii	"\200\206x\317\254(Ez\257\301\277\":\365\251O,\320-/"
 1944      AC28457A 
 1944      AFC1BF22 
 1944      3AF5A94F 
 1944      2CD02D2F 
 1945 398a D0CEE33B 		.ascii	"\320\316\343;Q\251\377(\343\334(x\035\036\234\016qQ"
 1945      51A9FF28 
 1945      E3DC2878 
 1945      1D1E9C0E 
 1945      7151
 1946 399c 699CB763 		.ascii	"i\234\267c\205\272\364\312@zT\212~\360\020\374_\036"
 1946      85BAF4CA 
 1946      407A548A 
 1946      7EF010FC 
 1946      5F1E
 1947 39ae 276EBD6D 		.ascii	"'n\275m5Up\352\342\215\316J\212\224\210Z\377\027(*\375"
 1947      355570EA 
 1947      E28DCE4A 
 1947      8A94885A 
 1947      FF17282A 
 1948 39c3 24649C15 		.ascii	"$d\234\025EJb\345\312C\276\354XG2Tj\242N\251R\331\226"
 1948      454A62E5 
 1948      CA43BEEC 
 1948      58473254 
 1948      6AA24EA9 
 1949 39da 6DDED954 		.ascii	"m\336\331T\211\274\000\361\004\013\342\346\307K\333"
 1949      89BC00F1 
 1949      040BE2E6 
 1949      C74BDB
 1950 39e9 BE8DAC40 		.ascii	"\276\215\254@4&\\\263\300\25667\201|n\0024\212\310\267"
 1950      34265CB3 
 1950      C0AE3637 
 1950      817C6E02 
 1950      348AC8B7 
 1951 39fd 40B738B5 		.ascii	"@\2678\265;vS\302L\274\025f,]\303c\355\033\354\200\272"
 1951      3B7653C2 
 1951      4CBC1566 
 1951      2C5DC363 
 1951      ED1BEC80 
 1952 3a12 D0CD8D92 		.ascii	"\320\315\215\2226\320ih\224\313\000\263\000\023\000"
 1952      36D06968 
 1952      94CB00B3 
 1952      001300
 1953 3a21 73004B00 		.ascii	"s\000K\000\343\000c\000\013\000\213\000+\000\363\000"
 1953      E3006300 
 1953      0B008B00 
 1953      2B00F300 
 1954 3a31 93002300 		.ascii	"\223\000#\000S\0003\000\017\000F\215}\213_E\373\033"
ARM GAS  /tmp/cczIMEmO.s 			page 161


 1954      53003300 
 1954      0F00468D 
 1954      7D8B5F45 
 1954      FB1B
 1955 3a43 87950B7D 		.ascii	"\207\225\013}\370\337Vh\311P\345\0035)A\3074p\265'\316"
 1955      F8DF5668 
 1955      C950E503 
 1955      352941C7 
 1955      3470B527 
 1956 3a58 32247A08 		.ascii	"2$z\010JZ\227\205D\336\215)o\2236\3143\026\324~`\271"
 1956      4A5A9785 
 1956      44DE8D29 
 1956      6F9336CC 
 1956      3316D47E 
 1957 3a6e C8BF6191 		.ascii	"\310\277a\221\347f\245\317\234l\003\354\246L\357\217"
 1957      E766A5CF 
 1957      9C6C03EC 
 1957      A64CEF8F 
 1958 3a7e C4306A33 		.ascii	"\3040j3\360<\324\3128\0227\224Mg\331\222iL\014^i\275"
 1958      F03CD4CA 
 1958      38123794 
 1958      4D67D992 
 1958      694C0C5E 
 1959 3a94 674F9631 		.ascii	"gO\2261qs)b\325\312'l\237(u\213\266\365wK\312\365\202"
 1959      71732962 
 1959      D5CA276C 
 1959      9F28758B 
 1959      B6F5774B 
 1960 3aab E9ACDCE7 		.ascii	"\351\254\334\347\274f[\370xO\207\307\322w\224\273\037"
 1960      BC665BF8 
 1960      784F87C7 
 1960      D27794BB 
 1960      1F
 1961 3abc E508774B 		.ascii	"\345\010wK\207\031h)\333FmV\365\205t\332\223\364?\300"
 1961      87196829 
 1961      DB466D56 
 1961      F58574DA 
 1961      93F43FC0 
 1962 3ad0 3D3DA125 		.ascii	"==\241%\205:+\323\010\273\212\331\203\307{\177\233\344"
 1962      853A2BD3 
 1962      08BB8AD9 
 1962      83C77B7F 
 1962      9BE4
 1963 3ae2 62EEA8A7 		.ascii	"b\356\250\247\336\243\204\224`\"(\277.\315\312Y\236"
 1963      DEA38494 
 1963      602228BF 
 1963      2ECDCA59 
 1963      9E
 1964 3af3 7DA0F42F 		.ascii	"}\240\364/(\255\344\314HZy`\254\216\324`\356\335\316"
 1964      28ADE4CC 
 1964      485A7960 
 1964      AC8ED460 
 1964      EEDDCE
 1965 3b06 A2BF224D 		.ascii	"\242\277\"M\354\331v\335;\273\304^\214\333->\035\345"
 1965      ECD976DD 
 1965      3BBBC45E 
 1965      8CDB2D3E 
ARM GAS  /tmp/cczIMEmO.s 			page 162


 1965      1DE5
 1966 3b18 A587CAD5 		.ascii	"\245\207\312\325\363\033\301\365\222-\374\303-\352\240"
 1966      F31BC1F5 
 1966      922DFCC3 
 1966      2DEAA0
 1967 3b27 74039B3F 		.ascii	"t\003\233?\021\343/\212\247|\267nyr~\274-\351\306\302"
 1967      11E32F8A 
 1967      A77CB76E 
 1967      79727EBC 
 1967      2DE9C6C2 
 1968 3b3b 2F7497F6 		.ascii	"/t\227\366;\035V.\316\327\2628\310\261\035\265\020\340"
 1968      3B1D562E 
 1968      CED7B238 
 1968      C8B11DB5 
 1968      10E0
 1969 3b4d 4846317B 		.ascii	"HF1{z\335V\255\236Lc\342\331\365\274g\032\262\213\211"
 1969      7ADD56AD 
 1969      9E4C63E2 
 1969      D9F5BC67 
 1969      1AB28B89 
 1970 3b61 90D2E167 		.ascii	"\220\322\341g\316\304\367\017Y\342\240\275(\316\212"
 1970      CEC4F70F 
 1970      59E2A0BD 
 1970      28CE8A
 1971 3b70 3904E815 		.ascii	"9\004\350\025\314\201\354\266\225\016\351L\037\270\252"
 1971      CC81ECB6 
 1971      950EE94C 
 1971      1FB8AA
 1972 3b7f FF4DF4DC 		.ascii	"\377M\364\334\342\227\024/\351\237\343\271\207\276\200"
 1972      E297142F 
 1972      E99FE3B9 
 1972      87BE80
 1973 3b8e 0EEAA25E 		.ascii	"\016\352\242^/\\\320#\362g\004\027*\311QZ\177\236\205"
 1973      2F5CD023 
 1973      F2670417 
 1973      2AC9515A 
 1973      7F9E85
 1974 3ba1 7214A87F 		.ascii	"r\024\250\177K\0102J~\245\355\372\242\035\011F\221\274"
 1974      4B08324A 
 1974      7EA5EDFA 
 1974      A21D0946 
 1974      91BC
 1975 3bb3 5A1BDA75 		.ascii	"Z\033\332u\207\225I\004[%Q\330\021\034\347H\322\220"
 1975      87954904 
 1975      5B2551D8 
 1975      111CE748 
 1975      D290
 1976 3bc5 44DE65AF 		.ascii	"D\336e\257+\266$\233%\210\377\376\275\036\275\305Q\026"
 1976      2BB6249B 
 1976      2588FFFE 
 1976      BD1EBDC5 
 1976      5116
 1977 3bd7 23C9CB40 		.ascii	"#\311\313@2\214\223\014\007\222W\364\222HgkL\3424\351"
 1977      328C930C 
 1977      079257F4 
 1977      9248676B 
 1977      4CE234E9 
ARM GAS  /tmp/cczIMEmO.s 			page 163


 1978 3beb 4756C2AC 		.ascii	"GV\302\254\211\314\017!\216\361\316J\214\277\303\224"
 1978      89CC0F21 
 1978      8EF1CE4A 
 1978      8CBFC394 
 1979 3bfb F549E7A3 		.ascii	"\365I\347\243\326\256.\250H\0052\274\375`\374\2665\231"
 1979      D6AE2EA8 
 1979      480532BC 
 1979      FD60FCB6 
 1979      3599
 1980 3c0d 239419A4 		.ascii	"#\224\031\244\241lpL\231\003\271\215$\242V6\2368\220"
 1980      A16C704C 
 1980      9903B98D 
 1980      24A25636 
 1980      9E3890
 1981 3c20 6E4C9476 		.ascii	"nL\224v\345\335P\221QL\204\324e|Bf\361y)\357J\242\206"
 1981      E5DD5091 
 1981      514C84D4 
 1981      657C4266 
 1981      F17929EF 
 1982 3c37 2CB3847A 		.ascii	",\263\204z\342\361\314\023\265 \211e\017\346\235\267"
 1982      E2F1CC13 
 1982      B5208965 
 1982      0FE69DB7 
 1983 3c47 37E60D86 		.ascii	"7\346\015\206\260\327Y\000\031\003%'\352\237\023\233"
 1983      B0D75900 
 1983      19032527 
 1983      EA9F139B 
 1984 3c57 76E3E794 		.ascii	"v\343\347\224)n\2642\256D7\213\257\261/\021\322H+\226"
 1984      296EB432 
 1984      AE44378B 
 1984      AFB12F11 
 1984      D2482B96 
 1985 3c6b 239B222D 		.ascii	"#\233\"-S\357f\345\352\273D\256\2018\320@<@\022@\202"
 1985      53EF66E5 
 1985      EABB44AE 
 1985      8138D040 
 1985      3C401240 
 1986 3c80 B4A50E99 		.ascii	"\264\245\016\231\310GY\220\227\305\244\371\027|\252"
 1986      C8475990 
 1986      97C5A4F9 
 1986      177CAA
 1987 3c8f B5E4092A 		.ascii	"\265\344\011*\244p\356\356\003\263\257\021\030\357\246"
 1987      A470EEEE 
 1987      03B3AF11 
 1987      18EFA6
 1988 3c9e 4BE674AC 		.ascii	"K\346t\254\224\033I\364[M~\225\216\202\351\2622c\030"
 1988      941B49F4 
 1988      5B4D7E95 
 1988      8E82E9B2 
 1988      326318
 1989 3cb1 DA9EC73F 		.ascii	"\332\236\307?Q\032\002\371\375\200N\232^z\276[\351\253"
 1989      511A02F9 
 1989      FD804E9A 
 1989      5E7ABE5B 
 1989      E9AB
 1990 3cc3 2D50F234 		.ascii	"-P\3624\364{\017\264o\340$K\032/9\023JL\005\310\002"
 1990      F47B0FB4 
ARM GAS  /tmp/cczIMEmO.s 			page 164


 1990      6FE0244B 
 1990      1A2F3913 
 1990      4A4C05C8 
 1991 3cd8 C801C800 		.ascii	"\310\001\310\000H\007\270\006\220\013\220-5\330\376"
 1991      4807B806 
 1991      900B902D 
 1991      35D8FE
 1992 3ce7 356EB0D0 		.ascii	"5n\260\320\257\260\017T\244\351\255\30634\270Z\023\317"
 1992      AFB00F54 
 1992      A4E9ADC6 
 1992      3334B85A 
 1992      13CF
 1993 3cf9 A1AF81DE 		.ascii	"\241\257\201\336\266\264\210/v\277\226\341\362\342i"
 1993      B6B4882F 
 1993      76BF96E1 
 1993      F2E269
 1994 3d08 F400CF00 		.ascii	"\364\000\317\000\373\261\316\234\272\305\2075w~\216"
 1994      FBB1CE9C 
 1994      BAC58735 
 1994      777E8E
 1995 3d17 DEE52AA0 		.ascii	"\336\345*\240\205Z(\301l\350\332}\012\221\317\003\222"
 1995      855A28C1 
 1995      6CE8DA7D 
 1995      0A91CF03 
 1995      92
 1996 3d28 81235BF9 		.ascii	"\201#[\371\"(\345\344S\014\334S\000+\222c\233\254eF"
 1996      2228E5E4 
 1996      530CDC53 
 1996      002B9263 
 1996      9BAC6546 
 1997 3d3c 2B3754BA 		.ascii	"+7T\272:Mi\037\200\245\356Y\341[\302\311'\310\311#\355"
 1997      3A4D691F 
 1997      80A5EE59 
 1997      E15BC2C9 
 1997      27C8C923 
 1998 3d51 61618EEB 		.ascii	"aa\216\353\304\324\210g\265\022[j\356ZX\325\036V\256"
 1998      C4D48867 
 1998      B5125B6A 
 1998      EE5A58D5 
 1998      1E56AE
 1999 3d64 C4EC5FBD 		.ascii	"\304\354_\275\022\201\342Do\347S[\276\342x\020\340\034"
 1999      1281E244 
 1999      6FE7535B 
 1999      BEE27810 
 1999      E01C
 2000 3d76 D08E2B8E 		.ascii	"\320\216+\216y@h\212\2578\212%\330\32074\352\310\327"
 2000      7940688A 
 2000      AF388A25 
 2000      D8D03734 
 2000      EAC8D7
 2001 3d89 D30537AF 		.ascii	"\323\0057\257]\237\357\340\222\331\313\220\352\217M"
 2001      5D9FEFE0 
 2001      92D9CB90 
 2001      EA8F4D
 2002 3d98 0F545B5D 		.ascii	"\017T[]p,\324\343\202c\201\236u\233\245\011\311M\374"
 2002      702CD4E3 
 2002      8263819E 
ARM GAS  /tmp/cczIMEmO.s 			page 165


 2002      759BA509 
 2002      C94DFC
 2003 3dab 2078285D 		.ascii	" x(]n\033\271\221\237d\361\375\243\"=\336\276j#\\\327"
 2003      6E1BB991 
 2003      9F64F1FD 
 2003      A3223DDE 
 2003      BE6A235C 
 2004 3dc0 1F421278 		.ascii	"\037B\022xR7\"\335\2407_\200\264\206\374\250$\276F\367"
 2004      523722DD 
 2004      A0375F80 
 2004      B486FCA8 
 2004      24BE46F7 
 2005 3dd4 DB7E5F4E 		.ascii	"\333~_N4D}Q(\326\263\025\310\204\256uog\022\375e\326"
 2005      34447D51 
 2005      28D6B315 
 2005      C884AE75 
 2005      6F6712FD 
 2006 3dea 20FD2E97 		.ascii	" \375.\2275:\362E\307\265Q\307\335~_\203\341\020\305"
 2006      353AF245 
 2006      C7B551C7 
 2006      DD7E5F83 
 2006      E110C5
 2007 3dfd 144AF528 		.ascii	"\024J\365(\276\2114}S\242\247K\216eL\003W\202\263\253"
 2007      BE89347D 
 2007      53A2A74B 
 2007      8E654C03 
 2007      5782B3AB 
 2008 3e11 641B2A07 		.ascii	"d\033*\007d\353a\345zv&\027~(#c}\301\262O\037\320}\347"
 2008      64EB61E5 
 2008      7A762617 
 2008      7E282363 
 2008      7DC1B24F 
 2009 3e29 26DC0AC4 		.ascii	"&\334\012\304\255`\270O\306\242Ke\373\206\306d\267n"
 2009      AD60B84F 
 2009      C6A24B65 
 2009      FB86C664 
 2009      B76E
 2010 3e3b DF40DC1B 		.ascii	"\337@\334\033\0147h\240T\266\3644b{Hz\204\002Q+\031"
 2010      0C3768A0 
 2010      54B6F434 
 2010      627B487A 
 2010      8402512B 
 2011 3e50 EA8861A6 		.ascii	"\352\210a\246L6\3036)\303\255B\334*\206[x{!N\266\000"
 2011      4C36C336 
 2011      29C3AD42 
 2011      DC2A865B 
 2011      787B214E 
 2012 3e66 D22863F7 		.ascii	"\322(c\367&\342\336d\270e-\035\211\262\353\315\333e"
 2012      26E2DE64 
 2012      B8652D1D 
 2012      89B2EBCD 
 2012      DB65
 2013 3e78 9F26A846 		.ascii	"\237&\250F\334j\206\373\340|\344\260\214\356\232,\032"
 2013      DC6A86FB 
 2013      E07CE4B0 
 2013      8CEE9A2C 
 2013      1A
ARM GAS  /tmp/cczIMEmO.s 			page 166


 2014 3e89 ACD1F3C3 		.ascii	"\254\321\363\303Y\364\011\320\343Br\256\312H\007\253"
 2014      59F409D0 
 2014      E34272AE 
 2014      CA4807AB 
 2015 3e99 A52CDF42 		.ascii	"\245,\337B\322\267\030\356v\374\266\227\2546\362d\255"
 2015      D2B718EE 
 2015      76FCB697 
 2015      AC36F264 
 2015      AD
 2016 3eaa AE16716B 		.ascii	"\256\026qk\031nJk\3603\371\366\035\275\224n\035\342"
 2016      196E4A6B 
 2016      F033F9F6 
 2016      1DBD946E 
 2016      1DE2
 2017 3ebc D631DCF5 		.ascii	"\3261\334\365\276\013\3512\226\373e\252\250G\334z\206"
 2017      BE0BE932 
 2017      96FB65AA 
 2017      A847DC7A 
 2017      86
 2018 3ecd 3BD9B708 		.ascii	";\331\267\010\003\330\"4\255\261\313\217\026\264\374"
 2018      03D82234 
 2018      ADB1CB8F 
 2018      16B4FC
 2019 3edc 3CCFDCD3 		.ascii	"<\317\334\323\317%\027O\246\370\030\336\276p\210\355"
 2019      CF25174F 
 2019      A6F818DE 
 2019      BE7088ED 
 2020 3eec 6E6FD09B 		.ascii	"no\320\2336\027\300\263\374\334I\243\236\355t\313\360"
 2020      3617C0B3 
 2020      FCDC49A3 
 2020      9EED74CB 
 2020      F0
 2021 3efd F197AD0B 		.ascii	"\361\227\255\013\325\313tu\033\013\276\215z\275\275"
 2021      D5CB7475 
 2021      1B0BBE8D 
 2021      7ABDBD
 2022 3f0c BA293BBE 		.ascii	"\272);\276\236-c\262\011q\233\030n\300\355\215N\231"
 2022      9E2D63B2 
 2022      09719B18 
 2022      6EC0ED8D 
 2022      4E99
 2023 3f1e 526764B8 		.ascii	"Rgd\270\315\210\333\314p\323\267\322\0152\263\035\222"
 2023      CD88DBCC 
 2023      70D3B7D2 
 2023      0D32B31D 
 2023      92
 2024 3f2f E1B6206E 		.ascii	"\341\266 n\013\232m\344\372\242lm\221.\334K\242\027"
 2024      0B9A6DE4 
 2024      FAA26C6D 
 2024      912EDC4B 
 2024      A217
 2025 3f41 C46D65B8 		.ascii	"\304me\270Yi\227S4\3441**f\"'\331\301\3124\236eT)\264"
 2025      59699753 
 2025      34E4312A 
 2025      2A662227 
 2025      D9C1CA34 
 2026 3f5a EBE911F5 		.ascii	"\353\351\021\365\362\352\241\020'\253\016\347\016w8"
ARM GAS  /tmp/cczIMEmO.s 			page 167


 2026      F2EAA110 
 2026      27AB0EE7 
 2026      0E7738
 2027 3f69 EF307F53 		.ascii	"\3570\177S\221_?fq[\263\344\230\010u\031w\230\313\240"
 2027      915F3F66 
 2027      715BB3E4 
 2027      98087519 
 2027      7798CBA0 
 2028 3f7d CF90E1FE 		.ascii	"\317\220\341\376l\375q\262\217\334e\347%\024:\221\240"
 2028      6CFD71B2 
 2028      8FDC65E7 
 2028      25143A91 
 2028      A0
 2029 3f8e AFE0E478 		.ascii	"\257\340\344x}C\034\335\205\"t\352\371\371\202\331\261"
 2029      7D431CDD 
 2029      852274EA 
 2029      F9F982D9 
 2029      B1
 2030 3f9f E0       		.ascii	"\340"
 2031 3fa0 61DCBC07 		.ascii	"a\334\274\007|\361\3153Q+\361\213\326\017at\353_\263"
 2031      7CF1CD33 
 2031      512BF18B 
 2031      D60F6174 
 2031      EB5FB3
 2032 3fb3 11EEE9F9 		.ascii	"\021\356\351\371\016\224\332\322\306A;n%\367\003_\233"
 2032      0E94DAD2 
 2032      C6413B6E 
 2032      25F7035F 
 2032      9B
 2033 3fc4 DC1A4EA5 		.ascii	"\334\032N\245V\362c\212&t\210V\"t\001>M\312\015\245"
 2033      56F2638A 
 2033      26748856 
 2033      2274013E 
 2033      4DCA0DA5 
 2034 3fd8 8719CA83 		.ascii	"\207\031\312\203\364d_Y\303.\222UR/*\276\027\375\305"
 2034      F4645F59 
 2034      C32E9255 
 2034      522F2ABE 
 2034      17FDC5
 2035 3feb F96C2F3B 		.ascii	"\371l/;2\211\322Dz]\364u4\035\272+`\207\356\274\014"
 2035      3289D244 
 2035      7A5DF475 
 2035      341DBA2B 
 2035      6087EEBC 
 2036 4000 7F89E6D3 		.ascii	"\177\211\346\323'1\321>\363\222\373i\311\237y\253\331"
 2036      2731D13E 
 2036      F392FB69 
 2036      C99F79AB 
 2036      D9
 2037 4011 7DDE1F0D 		.ascii	"}\336\037\015@\2373(\015\034\306\343_\253+_\220\177"
 2037      409F3328 
 2037      0D1CC6E3 
 2037      5FAB2B5F 
 2037      907F
 2038 4023 D8E2FEF3 		.ascii	"\330\342\376\363b\277\261\374/ \266x\273\231\002\266"
 2038      62BFB1FC 
 2038      2F20B678 
ARM GAS  /tmp/cczIMEmO.s 			page 168


 2038      BB9902B6 
 2039 4033 7870BB7B 		.ascii	"xp\273{\331\340/\220\234\2572\031\257\345o\337\326\222"
 2039      D9E02F90 
 2039      9CAF3219 
 2039      AFE56FDF 
 2039      D692
 2040 4045 424CCC3C 		.ascii	"BL\314<+h\023\310\015L<\332\257h\265'u,\241\216\231"
 2040      2B6813C8 
 2040      0D4C3CDA 
 2040      AF68B527 
 2040      752CA18E 
 2041 405a D9F5D24B 		.ascii	"\331\365\322K\203\323\376\354\227p\352\236\356@\037"
 2041      83D3FEEC 
 2041      9770EA9E 
 2041      EE401F
 2042 4069 05554C3E 		.ascii	"\005UL>\217\275\246\034\316\036\335\3019\242\214-\231"
 2042      8FBDA61C 
 2042      CE1EDDC1 
 2042      39A28C2D 
 2042      99
 2043 407a 1D99CD95 		.ascii	"\035\231\315\225\020\037\262@\377\254\261\215\015\303"
 2043      101FB240 
 2043      FFACB18D 
 2043      0DC3
 2044 4088 6773C5A0 		.ascii	"gs\305\240\330q\200)\200\011\251\2027\276l\272\216m"
 2044      D8718029 
 2044      8009A982 
 2044      37BE6CBA 
 2044      8E6D
 2045 409a D84A013C 		.ascii	"\330J\001<\2508hH\254\225M\031\314\013R\334\007z\361"
 2045      A8386848 
 2045      AC954D19 
 2045      CC0B52DC 
 2045      077AF1
 2046 40ad 68E9D584 		.ascii	"h\351\325\204\373z\322\214\312k.\015\036v&\223,A\232"
 2046      FB7AD28C 
 2046      CA6B2E0D 
 2046      1E762693 
 2046      2C419A
 2047 40c0 2F3424E9 		.ascii	"/4$\351,\356&2\016)\246\241\374Y\316\360<0:'et?\346"
 2047      2CEE2632 
 2047      0E29A6A1 
 2047      FC59CEF0 
 2047      3C303A27 
 2048 40d8 15FE8D0E 		.ascii	"\025\376\215\016z\217\322\014GU:X.\316\006\233n]\212"
 2048      7A8FD20C 
 2048      47553A58 
 2048      2ECE069B 
 2048      6E5D8A
 2049 40eb B235C796 		.ascii	"\2625\307\226}\2072\263\243\317\216l \277\015\205\223"
 2049      7D8732B3 
 2049      A3CF8E6C 
 2049      20BF0D85 
 2049      93
 2050 40fc D366B70A 		.ascii	"\323f\267\012\032\371[P\346/\222\330\015\024&\3568\210"
 2050      1AF95B50 
 2050      E62F92D8 
ARM GAS  /tmp/cczIMEmO.s 			page 169


 2050      0D1426EE 
 2050      3888
 2051 410e 01371F73 		.ascii	"\0017\037s\025|\201\177QnQ\217w)-\313\302LS\314\253"
 2051      157C817F 
 2051      516E518F 
 2051      77292DCB 
 2051      C24C53CC 
 2052 4123 FC299139 		.ascii	"\374)\2219\001s\320\302\326\240\260\025\200u\200U\200"
 2052      0173D0C2 
 2052      D6A0B015 
 2052      80758055 
 2052      80
 2053 4134 87004B52 		.ascii	"\207\000KR\345\214eJ\356R\241_/\2479\255\\9AgFs\371"
 2053      E58C654A 
 2053      EE52A15F 
 2053      2FA739AD 
 2053      5C394167 
 2054 414b CC28ADED 		.ascii	"\314(\255\355M\301\2345\363\317\334l%r\243\205*f\253"
 2054      4DC19C35 
 2054      F3CFDC6C 
 2054      2572A385 
 2054      2A66AB
 2055 415e 53CB564D 		.ascii	"S\313VM\034\210\317\346s\342\264\345\265sl+\267\327"
 2055      1C88CFE6 
 2055      73E2B4E5 
 2055      B5736C2B 
 2055      B7D7
 2056 4170 017A53D6 		.ascii	"\001zS\326!\274\361@\274\346O\316\213\314\002\267W\266"
 2056      21BCF140 
 2056      BCE64FCE 
 2056      8BCC02B7 
 2056      57B6
 2057 4182 42CD2AC7 		.ascii	"B\315*\307\250\257\205\027\323\027\235.k\037*\220-\260"
 2057      A8AF8517 
 2057      D3179D2E 
 2057      6B1F2A90 
 2057      2DB0
 2058 4194 6EC8C4D9 		.ascii	"n\310\304\331\024\3558d\356~\277\261\237\362\265\202"
 2058      14ED3864 
 2058      EE7EBFB1 
 2058      9FF2B582 
 2059 41a4 273C62EE 		.ascii	"'<b\356r\252n@\276n\334\"\273d\3431\342>f\270i\215\243"
 2059      72AA6E40 
 2059      BE6EDC22 
 2059      BB64E331 
 2059      E23E66B8 
 2060 41bb 7BB2586C 		.ascii	"{\262XlOv\215\356\026\342n1\334\255\335\226\253\262"
 2060      4F768DEE 
 2060      16E26E31 
 2060      DCADDD96 
 2060      ABB2
 2061 41cd BE3D5C46 		.ascii	"\276=\\F\367\011\342>A\227\235\221{W\306\303U\031\356"
 2061      F709E23E 
 2061      41979D91 
 2061      7B57C6C3 
 2061      5519EE
 2062 41e0 53C47DCA 		.ascii	"S\304}\312p\333\202o\317\311\202\240L\031\3566\342n"
ARM GAS  /tmp/cczIMEmO.s 			page 170


 2062      70DB826F 
 2062      CFC982A0 
 2062      4C19EE36 
 2062      E26E
 2063 41f2 33DCE2D1 		.ascii	"3\334\342\321\270-<\320Q\247\026\267}n\256L\316\340"
 2063      B82D3CD0 
 2063      51A716B7 
 2063      7D6EAE4C 
 2063      CEE0
 2064 4204 BB5A78B7 		.ascii	"\273Zx\267\243\307M\232\017\213\246q\353\345-\265V\330"
 2064      A3C74D9A 
 2064      0F8BA671 
 2064      EBE52DB5 
 2064      56D8
 2065 4216 C59721B5 		.ascii	"\305\227!\265k9jq\213\3473|\327{\275\272Ko\375\014\306"
 2065      6B396A71 
 2065      8BE7337C 
 2065      D77BBDBA 
 2065      4B6FFD0C 
 2066 422b 3EEDF8F6 		.ascii	">\355\370\366\304\216\357i\330\304\220\214U\370\263"
 2066      C48EEF69 
 2066      D8C4908C 
 2066      55F8B3
 2067 423a 84D50364 		.ascii	"\204\325\003d\365\200\261:\2754\221hG\202\277fu\263"
 2067      F580B13A 
 2067      BD349168 
 2067      4782BF66 
 2067      75B3
 2068 424c 7A59EBC5 		.ascii	"zY\353\305qg\343\367\312\274\354q\267z\350\355l\323"
 2068      7167E3F7 
 2068      CABCEC71 
 2068      B77AE8ED 
 2068      6CD3
 2069 425e 31166F7C 		.ascii	"1\026o|y\347\362\365`\024\206\036\337\361\301\227K\321"
 2069      79E7F2F5 
 2069      6014861E 
 2069      DFF1C197 
 2069      4BD1
 2070 4270 3D7F27CA 		.ascii	"=\177'\312\342\213\257\036\257\035\034h\255\313\342"
 2070      E28BAF1E 
 2070      AF1D1C68 
 2070      ADCBE2
 2071 427f 670FB29C 		.ascii	"g\017\262\234\267\027?l\366t;\\VE\360g\211,\376\366"
 2071      B7173F6C 
 2071      F6743B5C 
 2071      5645F067 
 2071      892CFEF6 
 2072 4293 E24EFFA1 		.ascii	"\342N\377\241\370\010\007\022\301\344 \013\205>S*\323"
 2072      F8080712 
 2072      C1E4200B 
 2072      853E532A 
 2072      D3
 2073 42a4 65756BB9 		.ascii	"euk\271\337*\3407\303\203\320\302\005{\"\\\264W\356"
 2073      DF2AE037 
 2073      C383D0C2 
 2073      057B225C 
 2073      B457EE
ARM GAS  /tmp/cczIMEmO.s 			page 171


 2074 42b7 4494A7F9 		.ascii	"D\224\247\371Bm1\007\233\255\262\177K\010\260\227x\022"
 2074      426D3107 
 2074      9BADB27F 
 2074      4B08B097 
 2074      7812
 2075 42c9 764524F0 		.ascii	"vE$\360!\030\224\351\362\226\3304p\345]\261!\372\276"
 2075      211894E9 
 2075      F296D834 
 2075      70E55DB1 
 2075      21FABE
 2076 42dc 10796A74 		.ascii	"\020yjta\276\3212c\016\222\321\277\304\244\247?\200"
 2076      61BED132 
 2076      630E92D1 
 2076      BFC4A4A7 
 2076      3F80
 2077 42ee DB977963 		.ascii	"\333\227yc\304\336\312\364{\357\177\333\364{\316\334"
 2077      C4DECAF4 
 2077      7BEF7FDB 
 2077      F47BCEDC 
 2078 42fe 7483CCD6 		.ascii	"t\203\314\326\202e\034\206 \207!\214C\357\222\212)Y"
 2078      82651C86 
 2078      2087218C 
 2078      43EF928A 
 2078      2959
 2079 4310 C81B20DB 		.ascii	"\310\033 \333\315\027\212\270\241\014\367n\302\300\272"
 2079      CD178AB8 
 2079      A10CF76E 
 2079      C2C0BA
 2080 431f 2C94A6A7 		.ascii	",\224\246\247j$\213K\210{\231\341\226g\364\376\233\024"
 2080      6A248B4B 
 2080      887B99E1 
 2080      9667F4FE 
 2080      9B14
 2081 4331 755AD6CB 		.ascii	"uZ\326\313\206!j\030C}\022\3507+S\350\015\331\260\347"
 2081      86216A18 
 2081      437D12E8 
 2081      372B53E8 
 2081      0DD9B0E7 
 2082 4345 0AE25E61 		.ascii	"\012\342^a\270\305~\27112v\213d\270\341\210\033\316"
 2082      B8C57EB9 
 2082      3132768B 
 2082      64B8E188 
 2082      1BCE
 2083 4357 70B3AE95 		.ascii	"p\263\256\225?\225\251!T\306n\004\342F0\334\245\365"
 2083      3F95A921 
 2083      54C66E04 
 2083      E24630DC 
 2083      A5F5
 2084 4369 E55619AE 		.ascii	"\345V\031\256\217\014\367*\342^e\270\017\363\323*e\001"
 2084      8F0CF72A 
 2084      E25E65B8 
 2084      0FF3D32A 
 2084      6501
 2085 437b E8812C00 		.ascii	"\350\201,\000\215D\334H\206\033zs\370\202\235\324\373"
 2085      8D44DC48 
 2085      861B7A73 
 2085      F8829DD4 
ARM GAS  /tmp/cczIMEmO.s 			page 172


 2085      FB
 2086 438c 2A36FB28 		.ascii	"*6\373(\206[3\321|\240\223\342*5+!\232\341\256&\315"
 2086      865B33D1 
 2086      7CA093E2 
 2086      2A352B21 
 2086      9AE1AE26 
 2087 43a1 FE816CF4 		.ascii	"\376\201l\364'SC\014\242\3060TC\304j\263\254\243\200"
 2087      2753430C 
 2087      A2C63054 
 2087      43C46AB3 
 2087      ACA380
 2088 43b4 8A976EED 		.ascii	"\212\227n\355B\334X\206\033\277_\223\352(eA\321r\342"
 2088      42DC5886 
 2088      1BBF5F93 
 2088      EA286541 
 2088      D172E2
 2089 43c7 28EE6746 		.ascii	"(\356gF\303\361\274\365$@\353I\2246\316\215\277\220"
 2089      C3F1BCF5 
 2089      2440EB49 
 2089      9436CE8D 
 2089      BF90
 2090 43d9 DFF11BAF 		.ascii	"\337\361\033\257\334>\025\356\370U\300\344Q\260}iF\363"
 2090      DC3E15EE 
 2090      F855C0E4 
 2090      51B07D69 
 2090      46F3
 2091 43eb 92C6B878 		.ascii	"\222\306\270xm\274\310j\265\332\354Z\337\314\347\025"
 2091      6DBCC86A 
 2091      B5DAEC5A 
 2091      DFCCE715 
 2092 43fb B6556D76 		.ascii	"\266Umv\255\257\002\266$\000\221^\353K1_\364Z_9\325"
 2092      ADAF02B6 
 2092      2400915E 
 2092      EB4B315F 
 2092      F45A5F39 
 2093 4410 E75EEB4B 		.ascii	"\347^\353KQ_\360Z_9U\213\217\001Pf\251\376\3329\352"
 2093      515FF05A 
 2093      5F39558B 
 2093      8F015066 
 2093      A9FEDA39 
 2094 4425 8BDDC4AB 		.ascii	"\213\335\304\253D\324\"\3323\336\215{\221sL\253=\011"
 2094      44D422DA 
 2094      33DE8D7B 
 2094      91734CAB 
 2094      3D09
 2095 4437 AA3D1920 		.ascii	"\252=\031 \025 \005 \013 \033\340\032@\006@:@\232\205"
 2095      15200520 
 2095      0B201BE0 
 2095      1A400640 
 2095      3A409A85 
 2096 444b CF16AFF5 		.ascii	"\317\026\257\365\225\227\373\031\327\372\312\305\221"
 2096      9597FB19 
 2096      D7FACAC5 
 2096      91
 2097 4458 5DEBDBB2 		.ascii	"]\353\333\262\3760\325\314\001\033\271\015\372\365\270"
 2097      FE30D5CC 
 2097      011BB90D 
ARM GAS  /tmp/cczIMEmO.s 			page 173


 2097      FAF5B8
 2098 4467 A571926F 		.ascii	"\245q\222o\246\331\376:\031\273\271b\007\370\244(\246"
 2098      A6D9FE3A 
 2098      19BBB962 
 2098      07F8A428 
 2098      A6
 2099 4478 502B6D4E 		.ascii	"P+mNJxB\036kz\011\015W\0152/\270)\363*\371\210\233\317"
 2099      4A78421E 
 2099      6B7A090D 
 2099      570D322F 
 2099      B829F32A 
 2100 4490 70E722F2 		.ascii	"p\347\"\362\363dSfq\262\346_\200\270\005\014\327\253"
 2100      F3645366 
 2100      71B2E65F 
 2100      80B8050C 
 2100      D7AB
 2101 44a2 2E2E4ED6 		.ascii	"..N\326\374\243d\270\205\210[\210\016~doD\346\3403d"
 2101      FCA364B8 
 2101      85885B88 
 2101      0E7E646F 
 2101      44E6E033 
 2102 44b7 B845885B 		.ascii	"\270E\210[\304p\3273\372kd\023E\2112\334\353\210{\235"
 2102      C470D733 
 2102      FA6B6413 
 2102      458932DC 
 2102      EB887B9D 
 2103 44cb E14697CC 		.ascii	"\341F\227\314t\310\274k\252\014\267\030q\213\031\356"
 2103      74C8BC6B 
 2103      AA0CB718 
 2103      718B19EE 
 2104 44db F2D3EBC3 		.ascii	"\362\323\353\3032~wez(A\334\022\206\233\222\222\032"
 2104      327E7765 
 2104      7A2841DC 
 2104      12869B92 
 2104      921A
 2105 44ed 2B8FFF64 		.ascii	"+\217\377dtK\021\267\224\341\316\247o\371Y\377\264`"
 2105      744B11B7 
 2105      94E1CEA7 
 2105      6FF959FF 
 2105      B460
 2106 44ff 993DCEA0 		.ascii	"\231=\316\240\304\340\007\260FwG\372-\276z\366H\203"
 2106      C4E007B0 
 2106      467747FA 
 2106      2DBE7AF6 
 2106      4883
 2107 4511 9FB0B711 		.ascii	"\237\260\267\021\312\355\017a\026|\246Q\332\330\345"
 2107      CAED0F61 
 2107      167CA651 
 2107      DAD8E5
 2108 4520 2659BF04 		.ascii	"&Y\277\004\257\245\023\236\310I\005\326t\177\320\252"
 2108      AFA5139E 
 2108      C84905D6 
 2108      747FD0AA 
 2109 4530 ACF63264 		.ascii	"\254\3662d\022\336@\334\033\0147y\275\264K\246\345p"
 2109      12DE40DC 
 2109      1B0C3779 
 2109      BDB44BA6 
ARM GAS  /tmp/cczIMEmO.s 			page 174


 2109      E570
 2110 4542 99849588 		.ascii	"\231\204\225\210[\311p'\275S\256iH\002\206\215\275\267"
 2110      5BC97027 
 2110      BD53AE69 
 2110      4802868D 
 2110      BDB7
 2111 4554 E7A688F1 		.ascii	"\347\246\210\361\224%\206\215\213U\273\317\211\361\252"
 2111      9425868D 
 2111      8B55BBCF 
 2111      89F1AA
 2112 4563 698C7753 		.ascii	"i\214wS\214\361\332\356\217n\250\371%2\253\331\352\274"
 2112      8CF1DAEE 
 2112      8F6EA8F9 
 2112      2532ABD9 
 2112      EABC
 2113 4575 1283EF79 		.ascii	"\022\203\357y\203\241^E\321\204*{\323\\\011<\313\347"
 2113      83A15E45 
 2113      D1842A7B 
 2113      D35C093C 
 2113      CBE7
 2114 4587 4A6AECE9 		.ascii	"Jj\354\351,MX\313\245XgR\214\314|v\354]k\257\020{\327"
 2114      2C4D58CB 
 2114      A5586752 
 2114      8CCC7C76 
 2114      EC5D6BAF 
 2115 459e E1CBE8F5 		.ascii	"\341\313\350\365\007\273\016FQ\352\361eF\354\336M\235"
 2115      07BB0E46 
 2115      51EAF165 
 2115      46ECDE4D 
 2115      9D
 2116 45af 75611AA9 		.ascii	"ua\032\2510\015\2420\267\206\027\372\034\2710\0337\325"
 2116      300DA230 
 2116      B78617FA 
 2116      1CB9301B 
 2116      37D5
 2117 45c1 31867A6F 		.ascii	"1\206zo\203!\331\226b\011\267$\262\3342\227\3456\223"
 2117      8321D996 
 2117      6209B724 
 2117      B2DC3297 
 2117      E53693
 2118 45d4 A57E27FE 		.ascii	"\245~'\376\274\035i}\321x\274Y)\036oQ\212\307[\361\345"
 2118      BC1D697D 
 2118      D178BC59 
 2118      291E6F51 
 2118      8AC75BF1 
 2119 45e9 CA8DC5EB 		.ascii	"\312\215\305\353\032\243\200m\370\362aQw3\261.\340\035"
 2119      1AA3806D 
 2119      F8F26151 
 2119      7733B12E 
 2119      E01D
 2120 45fb 2A60BB28 		.ascii	"*`\273(`i\334\322?p\371\206\012L\362\001\222\320$\221"
 2120      6069DCD2 
 2120      3F70F986 
 2120      0A4CF201 
 2120      92D02491 
 2121 460f AFC95CBE 		.ascii	"\257\311\\\276\273L\276\306\203\013\347Ud\024\345[\034"
 2121      BB4CBEC6 
ARM GAS  /tmp/cczIMEmO.s 			page 175


 2121      830BE755 
 2121      6414E55B 
 2121      1C
 2122 4620 484F108C 		.ascii	"HO\020\214\247TQ>\277\203\354@\265u^\272(/\235\"/]-"
 2122      A754513E 
 2122      BF83EC40 
 2122      B5755EBA 
 2122      282F9D22 
 2123 4637 4D035AF1 		.ascii	"M\003Z\361\372\264]bd\006\260\204\016\0113\035\346\314"
 2123      FAB45D62 
 2123      6406B084 
 2123      0E09331D 
 2123      E6CC
 2124 4649 DC63CC9C 		.ascii	"\334c\314\234O\351)\325\222\215\0275\234\036%\303\351"
 2124      4FE929D5 
 2124      928D1735 
 2124      9C1E25C3 
 2124      E9
 2125 465a C597DE7D 		.ascii	"\305\227\336}\347\003M\242\364\341\313\376\246\336\273"
 2125      E7034DA2 
 2125      F4E1CBFE 
 2125      A6DEBB
 2126 4669 4ED665B9 		.ascii	"N\326e\271Oe\351\027e\031\252\352X\260\027\015\347\222"
 2126      4F65E917 
 2126      6519AAEA 
 2126      58B0170D 
 2126      E792
 2127 467b 49B18025 		.ascii	"I\261\200%tKd\3516\227e\200\311r\343 \363{\344\302\221"
 2127      744B64E9 
 2127      36976580 
 2127      C972E320 
 2127      F37BE4C2 
 2128 4690 17B49B21 		.ascii	"\027\264\233!%\273\031V\262\233\021|\231\337\327\274"
 2128      25BB1956 
 2128      B29B117C 
 2128      99DFD7BC 
 2129 46a0 AB31CA37 		.ascii	"\2531\3127\312_\006%N?G\276q*\337\230(\337\303\373\215"
 2129      CA5F0625 
 2129      4E3F47BE 
 2129      712ADF98 
 2129      28DFC3FB 
 2130 46b5 2B62C318 		.ascii	"+b\303\030\272`\222\017\260\204A\211|\203\346\362M0"
 2130      BA60920F 
 2130      B0844189 
 2130      7C83E6F2 
 2130      4D30
 2131 46c7 F996F6C6 		.ascii	"\371\226\366\306\026U$\016\005\\\330\215\311\321\033"
 2131      1655240E 
 2131      055CD88D 
 2131      C9D11B
 2132 46d6 0FFFA280 		.ascii	"\017\377\242\200\025y\267\313\234\2553\363\20023%23"
 2132      1579B7CB 
 2132      9CAD33F3 
 2132      80323325 
 2132      3233
 2133 46e8 98BB71D1 		.ascii	"\230\273q\321\2163\323\335f2\034\300\022&%\314L\232"
 2133      8E33D3DD 
ARM GAS  /tmp/cczIMEmO.s 			page 176


 2133      66321CC0 
 2133      122625CC 
 2133      4C9A
 2134 46fa 3333CD98 		.ascii	"33\315\230\361\033I\357q&EG^\320pf\225\014g\016_^\017"
 2134      F11B49EF 
 2134      71264547 
 2134      5ED07066 
 2134      950C670E 
 2135 4711 B877DFD6 		.ascii	"\270w\337\326(\312<\276\364y\034=+X\227e\221\312\262"
 2135      28CA3CBE 
 2135      F4791C3D 
 2135      2B589765 
 2135      91CAB2
 2136 4724 20CAF26C 		.ascii	" \312\362l\270\346\201\003\227\245~\304$\013`\0113\022"
 2136      B8E68103 
 2136      97A57EC4 
 2136      240B6009 
 2136      3312
 2137 4736 5966CC65 		.ascii	"Yf\314eY\262\307+\177\032\2325\244\031e\231Xk.\020\214"
 2137      59B2C72B 
 2137      7F1A9A35 
 2137      A4196599 
 2137      586B2E10 
 2138 474b 5682B2D4 		.ascii	"V\202\262\324\204\3447\353\215F\262\202\034\316n?\\"
 2138      84E437EB 
 2138      8D46B282 
 2138      1CCE6E3F 
 2138      5C
 2139 475c 70341AC9 		.ascii	"p4\032\311*\276\364}0\033a\222e\015_\366\336\211\275"
 2139      2ABEF47D 
 2139      301B6192 
 2139      650D5FF6 
 2139      DE89BD
 2140 476f FC1CE7B2 		.ascii	"\374\034\347\262Ney(\312\322\231\327\224)\336'\266\330"
 2140      4E657928 
 2140      CAD299D7 
 2140      9429DE27 
 2140      B6D8
 2141 4781 619205B0 		.ascii	"a\222\005\260\204e\211,\313\346\262l0Y\242\333\233\""
 2141      8465892C 
 2141      CBE6B26C 
 2141      3059A2DB 
 2141      9B22
 2142 4793 9DC930CA 		.ascii	"\235\3110\312\222[\330p\336\331x,\032e\271\333\262\030"
 2142      925BD870 
 2142      DED9782C 
 2142      1A65B9DB 
 2142      B218
 2143 47a5 FE1C661E 		.ascii	"\376\034f\036Sf\036\211\314\\\251\270\272$\266\310\305"
 2143      53661E89 
 2143      CC5CA9B8 
 2143      BA24B6C8 
 2143      C5
 2144 47b6 58133380 		.ascii	"X\0233\200%lJ\230\3314gf\2131\363`\301\273\312\216<"
 2144      256C4A98 
 2144      D9346766 
 2144      8B31F360 
ARM GAS  /tmp/cczIMEmO.s 			page 177


 2144      C1BBCA8E 
 2145 47cb 7C512379 		.ascii	"|Q#y\252"
 2145      AA
 2146 47d0 6424DBF8 		.ascii	"d$\333\370rr\260\257Nk\024e\007_\306\\L\275\376\234"
 2146      7272B0AF 
 2146      4E6B1465 
 2146      075FC65C 
 2146      4CBDFE9C 
 2147 47e4 6EE91995 		.ascii	"n\351\031\225eW\224\305ki\243R\274\264r(\317$\013`\011"
 2147      655794C5 
 2147      6B69A352 
 2147      BCB47228 
 2147      CF240B60 
 2148 47f9 4F24B23C 		.ascii	"O$\262<1\227e\217\311\322\273\366\270NM\374\336yA#9"
 2148      3197658F 
 2148      C9D2BBF6 
 2148      B84E4DFC 
 2148      DE794123 
 2149 480e 50321283 		.ascii	"P2\022\203\003{\231\020S\232m\222\305\013_6=Y\035}\216"
 2149      037B9910 
 2149      539A6D92 
 2149      C50B5F36 
 2149      3D591D7D 
 2150 4823 C1FB38D0 		.ascii	"\301\3738\320\033`\034\270,\011A\251\301\342E\212\365"
 2150      1B601CB8 
 2150      2C0941A9 
 2150      C1E2458A 
 2150      F5
 2151 4834 99265900 		.ascii	"\231&Y\000K\330\227\310\262o.\213\257\003\225\245\347"
 2151      4BD897C8 
 2151      B26F2E8B 
 2151      AF0395A5 
 2151      E7
 2152 4845 6ED87D5B 		.ascii	"n\330}[\022\203\262\314\315\344\2659Y\354\376\263\274"
 2152      1283B2CC 
 2152      CDE4B539 
 2152      59ECFEB3 
 2152      BC
 2153 4856 71E2B661 		.ascii	"q\342\266a\274Lv\352\314\317A\032^\373;\3600<\274i\247"
 2153      BC4C76EA 
 2153      CCCF411A 
 2153      5EFB3BF0 
 2153      303CBC69 
 2154 486b 056F9681 		.ascii	"\005o\226\201W\\7W\322\227\357\330[\277\341'\200\012"
 2154      575C3757 
 2154      D297EFD8 
 2154      5BBFE127 
 2154      800A
 2155 487d 7741146E 		.ascii	"wA\024n/\270#G\024n\277B\035\317\203\241\267(\232p\336"
 2155      2FB82347 
 2155      146EBF42 
 2155      1DCF83A1 
 2155      B7289A70 
 2156 4892 4172838A 		.ascii	"Ar\203\212\203\231t\027\231t\351U]\353\016\244\350\235"
 2156      83997417 
 2156      9974E955 
 2156      5DEB0EA4 
ARM GAS  /tmp/cczIMEmO.s 			page 178


 2156      E89D
 2157 48a4 5FF7B69F 		.ascii	"_\367\266\237K\224\233 \221\233\274g\253>N\234\233\246"
 2157      4B949B20 
 2157      919BBC67 
 2157      AB3E4E9C 
 2157      9BA6
 2158 48b6 8BC4149A 		.ascii	"\213\304\024\232\001\232\020(\341&\320\234\233`\306"
 2158      019A1028 
 2158      E126D09C 
 2158      9B60C6
 2159 48c5 8D4F7243 		.ascii	"\215OrC\253@\032\220\233\272\261\325b\015'6Uc\352\001"
 2159      AB401A90 
 2159      9BBAB1D5 
 2159      620D2736 
 2159      5563EA01 
 2160 48d9 68981722 		.ascii	"h\230\027\"\241\025bN+\224\321\212.\037\212\325\221"
 2160      A115624E 
 2160      2B94D18A 
 2160      2E1F8AD5 
 2160      91
 2161 48ea 01A4D5BF 		.ascii	"\001\244\325\277\262\335b\272J\011%\233zrq\34597)]\241"
 2161      B2DD62BA 
 2161      4A09259B 
 2161      7A7271E5 
 2161      3937295D 
 2162 48ff 92858992 		.ascii	"\222\205\211\2225\366\365\373\212\327\245\356\007H\364"
 2162      35F6F5FB 
 2162      8AD7A5EE 
 2162      0748F4
 2163 490e 0C68C265 		.ascii	"\014h\302e\0117\227\315\271\011g\334\304\334\030\377"
 2163      093797CD 
 2163      B90967DC 
 2163      C4DC18FF 
 2164 491e 33B286CC 		.ascii	"3\262\206\314l\366N_\020{\223\331\020I\000K\343\220"
 2164      6CF64E5F 
 2164      107B93D9 
 2164      1049004B 
 2164      E390
 2165 4930 0809AD08 		.ascii	"\010\011\255\010sZW\031\255\276\364\361\017\210\357"
 2165      735A5719 
 2165      ADBEF4F1 
 2165      0F88EF
 2166 493f D719AD26 		.ascii	"\327\031\255&\357\205k\266\306kFy0}~kU\260.X4\025,J"
 2166      EF856BB6 
 2166      C66B4679 
 2166      307D7E6B 
 2166      55B02E58 
 2167 4957 142CAAFB 		.ascii	"\024,\252\373\322yQ\260\216\001b\022\014\320\204H\011"
 2167      D27951B0 
 2167      8E016212 
 2167      0CD08448 
 2167      09
 2168 4968 3391E6CC 		.ascii	"3\221\346\314\3040f\012\246\346\343\364$\026\271\331"
 2168      C430660A 
 2168      A6E6E3F4 
 2168      2416B9D9 
 2169 4978 5BEEAA16 		.ascii	"[\356\252\026\255qkTR\377\264\243\214\225\020\2135'"
ARM GAS  /tmp/cczIMEmO.s 			page 179


 2169      AD716B54 
 2169      52FFB4A3 
 2169      8C95108B 
 2169      3527
 2170 498a 16C78855 		.ascii	"\026\307\210U\3046\226\251I!\022\313\351\031\371k\213"
 2170      C43696A9 
 2170      492112CB 
 2170      E919F96B 
 2170      8B
 2171 499b A66679ED 		.ascii	"\246fy\355E\310bU\250\374\023\267\262\246\226(6\265"
 2171      45C86255 
 2171      A8FC13B7 
 2171      B2A69628 
 2171      36B5
 2172 49ad 98BE8D61 		.ascii	"\230\276\215a\324T\242\261\251\335\036l\013!\3265\225"
 2172      D454A2B1 
 2172      A9DD1E6C 
 2172      0B21D635 
 2172      95
 2173 49be 4C359524 		.ascii	"L5\225$j\352\331\326V\261(\334l\226DS\200&\304K\204"
 2173      6AEAD9D6 
 2173      56B128DC 
 2173      6C964453 
 2173      8026C44B 
 2174 49d3 8B37172E 		.ascii	"\2137\027.\005\205\213,\362\322\221f.\334\243\011\203"
 2174      05858B2C 
 2174      F2D29166 
 2174      2EDCA309 
 2174      83
 2175 49e4 188A7614 		.ascii	"\030\212v\024H4E{\213T\011\261Tsbi\214X\302tx\257\314"
 2175      4834457B 
 2175      8B5409B1 
 2175      54736269 
 2175      8C58C274 
 2176 49fb C1C4C966 		.ascii	"\301\304\311f\005\323\231\324\364\207\332\310\275\260"
 2176      05D399D4 
 2176      F487DAC8 
 2176      BDB0
 2177 4a09 71D9B895 		.ascii	"q\331\270\225~\312\300\204{\015q\2571\334\306\212\235"
 2177      7ECAC084 
 2177      7B0D71AF 
 2177      31DCC68A 
 2177      9D
 2178 4a1a 683D1941 		.ascii	"h=\031A&\303|VGm\311\022&\012\003\327\323\234,\217\005"
 2178      26C37C56 
 2178      476DC912 
 2178      260A03D7 
 2178      D39C2C8F 
 2179 4a2f 02AB590E 		.ascii	"\002\253Y\016\322\372h\310\210L\225\255bf\311\352#["
 2179      D2FA68C8 
 2179      884C95AD 
 2179      6266C9EA 
 2179      235B
 2180 4a41 AC8FEB73 		.ascii	"\254\217\353s\327\233\324d\017\211\257\037dLjH\320\037"
 2180      D79BD464 
 2180      0F89AF1F 
 2180      644C6A48 
ARM GAS  /tmp/cczIMEmO.s 			page 180


 2180      D01F
 2181 4a53 E146E2FB 		.ascii	"\341F\342\373\2455N\312\333\020r\035\224v\377\266\346"
 2181      A5354ECA 
 2181      DB10721D 
 2181      9476FFB6 
 2181      E6
 2182 4a64 67073992 		.ascii	"g\0079\2228\314=Z\327\220cK\2621Q0;\365\330\362,c\001"
 2182      38CC3D5A 
 2182      D790634B 
 2182      B2315130 
 2182      3BF5D8F2 
 2183 4a7b 50299431 		.ascii	"P)\2241\3557\235v\303\216\224a\246\306\255\352tKI\213"
 2183      ED379D76 
 2183      C38E9461 
 2183      A6C6ADEA 
 2183      744B498B 
 2184 4a8f 2C3275C4 		.ascii	",2u\304\337\276)\033\343_\227IZ,JZ2\357wQ \215H\374"
 2184      DFBE291B 
 2184      E35F9749 
 2184      5A2C4A5A 
 2184      32EF7751 
 2185 4aa7 FA40FAA8 		.ascii	"\372@\372\2503\351\303\204O\351~\236l\247F\241\214B"
 2185      33E9C384 
 2185      4FE97E9E 
 2185      6CA746A1 
 2185      8C42
 2186 4ab9 9948A17E 		.ascii	"\231H\241~3\272PG\0260S\310\346\355\177$[\177\304O7"
 2186      33BA5047 
 2186      163053C8 
 2186      E6ED7F24 
 2186      5B7FC44F 
 2187 4ace 9FBFE140 		.ascii	"\237\277\341@B\277\301\3261\366\266\362*\365\246\357"
 2187      42BFC1D6 
 2187      31F6B6F2 
 2187      2AF5A6EF 
 2188 4ade A3742EFF 		.ascii	"\243t.\377\206\327R\027~a\202\366\262\200(\334t\260"
 2188      86D75217 
 2188      7E6182F6 
 2188      B28028DC 
 2188      74B0
 2189 4af0 3ABF4727 		.ascii	":\277G'\031\243\245K\300\345\034\377\205?\322S\3013"
 2189      19A3A54B 
 2189      C0E51CFF 
 2189      853FD253 
 2189      C133
 2190 4b02 D0DAA972 		.ascii	"\320\332\251rxK\250t\020g\245j\2565\376\220L~\003wg"
 2190      784BA874 
 2190      1067A56A 
 2190      AE35FE90 
 2190      4C7E0377 
 2191 4b17 1BAE7D62 		.ascii	"\033\256}be\375\267\332\032\001\355\265\345\3754\275"
 2191      65FDB7DA 
 2191      1A01EDB5 
 2191      E5FD34BD 
 2192 4b27 207E188D 		.ascii	" ~\030\215/\000g\211\013\3005\0168%\331\340 \235\351"
 2192      2F006789 
 2192      0BC0350E 
ARM GAS  /tmp/cczIMEmO.s 			page 181


 2192      3825D9E0 
 2192      209DE9
 2193 4b3a AC36972E 		.ascii	"\2546\227.\216\257\262\202Z\331dg\203\303s&\\\373\023"
 2193      8EAFB282 
 2193      5AD96467 
 2193      83C37326 
 2193      5CFB13
 2194 4b4d 4D5F3D6E 		.ascii	"M_=n\266@\266\270\302=\341\245\353\2509:\3637\302\361"
 2194      B640B6B8 
 2194      C23DE1A5 
 2194      EBA8393A 
 2194      F337C2F1 
 2195 4b61 9516CF65 		.ascii	"\225\026\317e\222\213\337\\f\026\331\300%\257\005\311"
 2195      928BDF5C 
 2195      6616D9C0 
 2195      25AF05C9 
 2196 4b71 6F03D403 		.ascii	"o\003\324\003\324\0014\0014\002\334r\220LI\316f\276"
 2196      D4013401 
 2196      3402DC72 
 2196      904C49CE 
 2196      66BE
 2197 4b83 62AAD952 		.ascii	"b\252\331R\007s\376,V\230\343\3717\020\362\034p\375"
 2197      0773FE2C 
 2197      5698E3F9 
 2197      3710F21C 
 2197      70FD
 2198 4b95 5A4176C9 		.ascii	"ZAv\311\234\360~\242\204z\255\025\351\305]\036Qw\002"
 2198      9CF07EA2 
 2198      847AAD15 
 2198      E9C55D1E 
 2198      517702
 2199 4ba8 EFAB0F2B 		.ascii	"\357\253\017+\313U\364\342r\321Aij@\241#\331C;\271\343"
 2199      CB55F4E2 
 2199      72D14169 
 2199      6A40A123 
 2199      D9433BB9 
 2200 4bbd 7BA95B4F 		.ascii	"{\251[O\002\276\311\266\361G\227t/\251\254n\343o\205"
 2200      02BEC9B6 
 2200      F1479774 
 2200      2FA9AC6E 
 2200      E36F85
 2201 4bd0 52DA7829 		.ascii	"R\332x)\355F-A\265\314\005\276\3415\036'?G\331\246l"
 2201      ED462D41 
 2201      B5CC05BE 
 2201      E1351E27 
 2201      3F47D9A6 
 2202 4be5 D250E2FD 		.ascii	"\322P\342\375\314\272Gz\322\312J\024V\373\262\336\266"
 2202      CCBA477A 
 2202      D2CA4A14 
 2202      56FBB2DE 
 2202      B6
 2203 4bf6 B28DFF8E 		.ascii	"\262\215\377\216eq\264{\230i)\266'\203\230\373\341\344"
 2203      6571B47B 
 2203      986929B6 
 2203      278398FB 
 2203      E1E4
 2204 4c08 56A17CD2 		.ascii	"V\241|\322M\266\374\333)6\354\242k\015\335\374K\347"
ARM GAS  /tmp/cczIMEmO.s 			page 182


 2204      4DB6FCDB 
 2204      2936ECA2 
 2204      6B0DDDFC 
 2204      4BE7
 2205 4c1a 15740366 		.ascii	"\025t\003fi\325\265o\361\217\031\320\333cV\237\014\356"
 2205      69D5B56F 
 2205      F18F19D0 
 2205      DB63569F 
 2205      0CEE
 2206 4c2c 08640969 		.ascii	"\010d\011i\026\324\373\017\251\210\341\217q\033\305"
 2206      16D4FB0F 
 2206      A988E18F 
 2206      711BC5
 2207 4c3b 5275B196 		.ascii	"Ru\261\226D`\242\264`|\333\211\344\261\204j\370\342"
 2207      4460A2B4 
 2207      607CDB89 
 2207      E4B1846A 
 2207      F8E2
 2208 4c4d 58A35E30 		.ascii	"X\243^0\2553\314\025\274\221\274\330\305\017*\322v\335"
 2208      AD33CC15 
 2208      BC91BCD8 
 2208      C50F2AD2 
 2208      76DD
 2209 4c5f 0DECDF7F 		.ascii	"\015\354\337\177\021\3534\036\322\353\3459\250\300\203"
 2209      11EB341E 
 2209      D2EBE539 
 2209      A8C083
 2210 4c6e 5063FD00 		.ascii	"Pc\375\000\003Rk\334\212\221\330K\037\307\266\322Z\250"
 2210      03526BDC 
 2210      8A91D84B 
 2210      1FC7B6D2 
 2210      5AA8
 2211 4c80 F1CAFC4C 		.ascii	"\361\312\374L\217\005?\322J\211<x\320\245\";(\250\341"
 2211      8F053FD2 
 2211      4A893C78 
 2211      D0A5223B 
 2211      28A8E1
 2212 4c93 7C45AEC6 		.ascii	"|E\256\306\332IB\353LF\022\307\354\301\315,\225 \375"
 2212      DA4942EB 
 2212      4C4612C7 
 2212      ECC1CD2C 
 2212      9520FD
 2213 4ca6 BC34F722 		.ascii	"\2744\367\"cY\334+\320\357\270\370C\313\030\265\322"
 2213      6359DC2B 
 2213      D0EFB8F8 
 2213      43CB18B5 
 2213      D2
 2214 4cb7 9064A5DE 		.ascii	"\220d\245\336sxC\350rx\003?\3056\312K\235\206\022\307"
 2214      737843E8 
 2214      7278033F 
 2214      C536CA4B 
 2214      9D8612C7 
 2215 4ccb 00E60146 		.ascii	"\000\346\001F\000&\001\346\000f\000\036\000\314\002"
 2215      002601E6 
 2215      0066001E 
 2215      00CC02
 2216 4cda 8C034C01 		.ascii	"\214\003L\001LH\325\327\221y\010w\227\254\363\335%\224"
ARM GAS  /tmp/cczIMEmO.s 			page 183


 2216      4C48D5D7 
 2216      91790877 
 2216      97ACF3DD 
 2216      2594
 2217 4cec A2F50F9A 		.ascii	"\242\365\017\232l\345\177\0367-A_*d8\230\263<l\366\351"
 2217      6CE57F1E 
 2217      372D415F 
 2217      2A643898 
 2217      B33C6CF6 
 2218 4d01 BC8D6FF3 		.ascii	"\274\215o\363\263\216\334KRl\323\026y\363/97eK\252\262"
 2218      B38EDC4B 
 2218      526CD316 
 2218      79F32F39 
 2218      37654BAA 
 2219 4d16 C382B8C5 		.ascii	"\303\202\270\305z\307j\205\371\227\234i\006\353_r\356"
 2219      7AC76A85 
 2219      F9979C69 
 2219      06EB5F72 
 2219      EE
 2220 4d27 CFE55F4B 		.ascii	"\317\345_K\201\356Q\310\267\240/\373\222\0375\225\304"
 2220      81EE51C8 
 2220      B7A02FFB 
 2220      921F3595 
 2220      C4
 2221 4d38 CF237A27 		.ascii	"\317#z'w\332\243V\2356\335\032\223#2\323\014h%\234\272"
 2221      77DAA356 
 2221      9D36DD1A 
 2221      932332D3 
 2221      0C68259C 
 2222 4d4d E9CBF6E6 		.ascii	"\351\313\366\346\353I\035y\022\267\230c\205\031\351"
 2222      EB491D79 
 2222      12B79863 
 2222      8519E9
 2223 4d5c C6F63F44 		.ascii	"\306\366?D_r\027\320Z8\272\365\275\352[\231f;oF\035"
 2223      5F7217D0 
 2223      5A38BAF5 
 2223      BDEA5B99 
 2223      663B6F46 
 2224 4d71 ACEEBCC9 		.ascii	"\254\356\274\311I\217Y\266;\254lc\025\3779\033\243\355"
 2224      498F59B6 
 2224      3BAC6C63 
 2224      15FF391B 
 2224      A3ED
 2225 4d83 266A6356 		.ascii	"&jcV6W\277 \223s\021#\300E\026\001\326\\h\366\223\341"
 2225      3657BF20 
 2225      93731123 
 2225      C0451601 
 2225      D65C68F6 
 2226 4d99 F6CA22CB 		.ascii	"\366\312\"\313%\304]b\270\325\273\251u\262\370\245Y"
 2226      25C45D62 
 2226      B8D5BBA9 
 2226      75B2F8A5 
 2226      59
 2227 4daa 86BB8CB8 		.ascii	"\206\273\214\270\313\014\267\340\272aZ\266\266\320 "
 2227      CB0CB7E0 
 2227      BA615AB6 
 2227      B6D020
ARM GAS  /tmp/cczIMEmO.s 			page 184


 2228 4db9 C35D41DC 		.ascii	"\303]A\334\025\206\273\034\357'\377\010T\215\014w\025"
 2228      1586BB1C 
 2228      EF27FF08 
 2228      548D0C77 
 2228      15
 2229 4dca 715719EE 		.ascii	"qW\031\356jI\366\264,\022.\223\341\256!\356\032\303"
 2229      6A49F6B4 
 2229      2C122E93 
 2229      E1AE21EE 
 2229      1AC3
 2230 4ddc 9D6C1D3C 		.ascii	"\235l\035<\220\341\026\310p\037\"\356C\206[\266P\263"
 2230      90E116C8 
 2230      701F22EE 
 2230      43865BB6 
 2230      50B3
 2231 4dee 2EC3CD90 		.ascii	".\303\315\220\341\256#.\375Qy\270\375_\327w\217\234"
 2231      E1AE232E 
 2231      FD5179B8 
 2231      FD5FD777 
 2231      8F9C
 2232 4e00 3873CAF5 		.ascii	"8s\312\365\310Y7\317#\357\276\377\203\243?~\367\373"
 2232      C85937CF 
 2232      23EFBEFF 
 2232      83A33F7E 
 2232      F7FB
 2233 4e12 3F38F2EE 		.ascii	"?8\362\356{n?>\363\325w\317\236\3658\342B\377\363C\327"
 2233      7B6E3F3E 
 2233      F3D577CF 
 2233      9EF538E2 
 2233      42FFF343 
 2234 4e27 9327CFFC 		.ascii	"\223'\317\374\354\214\373\311\343GN\320\307_\322\307"
 2234      EC8CFBC9 
 2234      E3474ED0 
 2234      C75FD2C7 
 2235 4e37 A3A75C3C 		.ascii	"\243\247\\<<]\335\277vL\3737\377\360\323/~\377\333\337"
 2235      3C5DDDBF 
 2235      764CFB37 
 2235      FFF0D32F 
 2235      7EFFDBDF 
 2236 4e4b B6D1507A 		.ascii	"\266\321PzG=\355\316\272|z\362\214\313q\207\323g<\335"
 2236      473DEDCE 
 2236      BA7C7AF2 
 2236      8CCB7187 
 2236      D3673CDD 
 2237 4e5f 3E743BE6 		.ascii	">t;\346\342\351v\346\264\012\260\177\376\3629w\317\243"
 2237      E2E976E6 
 2237      B40AB07F 
 2237      FEF23977 
 2237      CFA3
 2238 4e71 673C7EF0 		.ascii	"g<~\360\261\353i\317\367 }\324S\343y\302\335\325\345"
 2238      B1EB69CF 
 2238      F7207DD4 
 2238      53E379C2 
 2238      DDD5E5
 2239 4e84 B8EED889 		.ascii	"\270\356\330\211\243\370\344\204(?a\211\243\236\337"
 2239      A3F8E484 
 2239      283F6189 
ARM GAS  /tmp/cczIMEmO.s 			page 185


 2239      A39EDF
 2240 4e93 7D3E77A7 		.ascii	"}>w\247\334\216\037?\351\372K\027w\327#\347~\374\223"
 2240      DC8E1F3F 
 2240      E9FA4B17 
 2240      77D723E7 
 2240      7EFC93
 2241 4ea6 236EA78F 		.ascii	"#n\247\217\035\241\371\335]\177q\316\325\303\363k'l"
 2241      1DA1F9DD 
 2241      5D7F71CE 
 2241      D5C3F36B 
 2241      276C
 2242 4eb8 9C3CCE7D 		.ascii	"\234<\316}p\312\315\303\0038\370\211\333)WG\2273\036"
 2242      70CACDC3 
 2242      0338F889 
 2242      DB295747 
 2242      97331E
 2243 4ecb 473DE1C1 		.ascii	"G=\341\301\303\323\345\324Y\025}\322\236s;\355\371'"
 2243      C3D3E5D4 
 2243      59157DD2 
 2243      9E733BED 
 2243      F927
 2244 4edd DF3CEAF9 		.ascii	"\337<\352\371\371\257}\355\010\374\377\330\031 F\011"
 2244      F9AF7DED 
 2244      08FCFFD8 
 2244      19204609 
 2245 4eed 89A840C5 		.ascii	"\211\250@\305\2013\005)\020\317\303\325\375c\267c\256"
 2245      81330529 
 2245      10CFC3D5 
 2245      FD63B763 
 2245      AE
 2246 4efe F6F4257F 		.ascii	"\366\364%\177v\224<\037\365T\235<s\354\347\3523\277"
 2246      76943C1F 
 2246      F5549D3C 
 2246      73ECE7EA 
 2246      33BF
 2247 4f10 3CEDEAAE 		.ascii	"<\355\352\256\365\344\202\250\201\243s\256\252\323\256"
 2247      F5E482A8 
 2247      81A373AE 
 2247      AAD3AE
 2248 4f1f 9F786A41 		.ascii	"\237xjAX\226\322\213\017\220\345\254\273\353\307_E\016"
 2248      5896D28B 
 2248      0F90E5AC 
 2248      BBEBC75F 
 2248      450E
 2249 4f31 7EEEEA7E 		.ascii	"~\356\352~\332\365\344\221\357\237p\373\300\355G\357"
 2249      DAF5E491 
 2249      EF9F70FB 
 2249      C0ED47EF 
 2250 4f41 1F39E371 		.ascii	"\0379\343q\304\335\223rt\362\334q\327#\307N\234t\363"
 2250      C4DD9372 
 2250      74F2DC71 
 2250      D723C74E 
 2250      9C74F3
 2251 4f54 F0F400A6 		.ascii	"\360\364\000\246(\231S\347<]?\261c\377=\352\371\345"
 2251      289953E7 
 2251      3C5D3FB1 
 2251      63FF3DEA 
ARM GAS  /tmp/cczIMEmO.s 			page 186


 2251      F9E5
 2252 4f66 17CA7ECA 		.ascii	"\027\312~\312\363\023\310\354\210\022\275\2079\235i"
 2252      F313C8EC 
 2252      8812BD87 
 2252      399D69
 2253 4f75 EA031710 		.ascii	"\352\003\027\020\000\025\367\262Y\372\250'\371\370\224"
 2253      0015F7B2 
 2253      59FAA827 
 2253      F9F894
 2254 4f84 E761F3B7 		.ascii	"\347a\363\267\377\364\336OXuy\270{\362W\272\263\356"
 2254      FFF4DE4F 
 2254      587579B8 
 2254      7BF257BA 
 2254      B3EE
 2255 4f96 673E743B 		.ascii	"g>t;\351v\372#\355\351"
 2255      E976FA23 
 2255      EDE9
 2256 4fa0 73A7BEEF 		.ascii	"s\247\276\357r\362\244\307\253\024\303\370\372\330\231"
 2256      72F2A4C7 
 2256      AB14C3F8 
 2256      FAD899
 2257 4faf 73A7C168 		.ascii	"s\247\301h\216z:x\234;\365\367.\236\256\247\217\271"
 2257      8E7A3A78 
 2257      9C3BF5F7 
 2257      2E9EAEA7 
 2257      8FB9
 2258 4fc1 B97AE84F 		.ascii	"\271z\350O\271|\202\211O\231V\217\273\236t\371\364\250"
 2258      B97C8289 
 2258      4F99568F 
 2258      BB9E74F9 
 2258      F4A8
 2259 4fd3 A7FE94DB 		.ascii	"\247\376\224\333i\376\3727\315\3136R<\356\342\351B\013"
 2259      69FEFA37 
 2259      CDCB3652 
 2259      3CEEE2E9 
 2259      420B
 2260 4fe5 FB6B17B7 		.ascii	"\373k\027\267\223\036\277\365\\\264\243\236/\311\331"
 2260      931EBFF5 
 2260      5CB4A39E 
 2260      2FC9D9
 2261 4ff4 E52FCE79 		.ascii	"\345/\316y\270~x\356\344iW\017"
 2261      B87E78EE 
 2261      E469570F 
 2262 5000 8FA31F3A 		.ascii	"\217\243\037:\276{\306\343G\357\003\202\313)\020\317"
 2262      BE7BC6E3 
 2262      47EF0382 
 2262      CB2910CF 
 2263 5010 9E1AC119 		.ascii	"\236\032\301\031\017\226\264;v\302\3454h\226\331\220"
 2263      0F96B43B 
 2263      76C2E534 
 2263      6896D990 
 2264 5020 DB199E72 		.ascii	"\333\031\236r\000\374\277\375\321\3671\361\005\005\023"
 2264      00FCBFFD 
 2264      D1F731F1 
 2264      050513
 2265 502f 72E3D941 		.ascii	"r\343\331A\351z\023m\025dw\327|p\356\303\017]\3355\356"
 2265      E97A136D 
ARM GAS  /tmp/cczIMEmO.s 			page 187


 2265      156477D7 
 2265      7C70EEC3 
 2265      0F5DDD35 
 2266 5044 AEA7CE78 		.ascii	"\256\247\316x\272\332\273~\354\371\367P\267\256`6\352"
 2266      BADABB7E 
 2266      ECF9F750 
 2266      B7AE6036 
 2266      EA
 2267 5055 0F4FBA7C 		.ascii	"\017O\272|\344\341\340J\033\012{\204\226\302\022\036"
 2267      E4E1E04A 
 2267      1B0A7B84 
 2267      96C2121E 
 2268 5065 F6ECE714 		.ascii	"\366\354\347\024k<\332\223\034\335\211\275<*&_\222'"
 2268      6B3CDA93 
 2268      1CDD89BD 
 2268      3C2A265F 
 2268      9227
 2269 5077 21EF2F19 		.ascii	"!\357/\031\221\257\275\220\201`9\300\256\016\030z\377"
 2269      91AFBD90 
 2269      816039C0 
 2269      AE0E187A 
 2269      FF
 2270 5088 CC39F763 		.ascii	"\3149\367c\256\310\310Q\017\226p\222&\300\260i\033q"
 2270      AEC8C851 
 2270      0F967092 
 2270      26C0B069 
 2270      1B71
 2271 509a D71E83BA 		.ascii	"\327\036\203\272\376\300\345\330\317_\002\253\374\330"
 2271      FEC0E5D8 
 2271      CF5F02AB 
 2271      FCD8
 2272 50a8 CDDDF39C 		.ascii	"\315\335\363\234\313I\326z\334\235e)`\372c\317\017\317"
 2272      CB49D67A 
 2272      DC9D6529 
 2272      60FA63CF 
 2272      0FCF
 2273 50ba 9D3E060F 		.ascii	"\235>\006\017n\324\022>v9y\210\252\351\344\231\323\037"
 2273      6ED4123E 
 2273      76397988 
 2273      AAE9E499 
 2273      D31F
 2274 50cc 892F8E7A 		.ascii	"\211/\216z\332{\272\273}\364\221\253;\315\343,k\263"
 2274      DA7BBABB 
 2274      7DF491AB 
 2274      3BCDE32C 
 2274      6BB3
 2275 50de 473D6D3F 		.ascii	"G=m?\366$g]\334U\224\212\3728\025\322\021\312\004\223"
 2275      F624675D 
 2275      DC55948A 
 2275      FA3815D2 
 2275      11CA0493 
 2276 50f2 810AA629 		.ascii	"\201\012\246)gY\012\030d\011G\217O=L\364A\345\324C\035"
 2276      67590A18 
 2276      6409478F 
 2276      4F3D4CF4 
 2276      41E5D443 
 2277 5107 7921859C 		.ascii	"y!\205\234\371\340\337]\217\241FDV\334\355\216}\000"
ARM GAS  /tmp/cczIMEmO.s 			page 188


 2277      F9E0DF5D 
 2277      8FA14644 
 2277      56DCED8E 
 2277      7D00
 2278 5119 3CB89C7A 		.ascii	"<\270\234z\303\212\323p\007l{c\002\230v;~\230&=\250"
 2278      C38AD370 
 2278      076C7B63 
 2278      0298763B 
 2278      7E98263D 
 2279 512e FFC4FA76 		.ascii	"\377\304\372v\003\257\240\224\235\241@v\015\332\315"
 2279      03AFA094 
 2279      9DA14076 
 2279      0DDACD
 2280 513d CB6034EF 		.ascii	"\313`4\357\323WF\243t\002,\206\204\010/\0313q\223t\026"
 2280      D35746A3 
 2280      74022C86 
 2280      84082F19 
 2280      33719374 
 2281 5152 7370AB74 		.ascii	"sp\253t\222S\320\237\361\020\315L\203\225\2509v\346"
 2281      9253D09F 
 2281      F110CD4C 
 2281      8395A839 
 2281      76E6
 2282 5164 F4876E1F 		.ascii	"\364\207n\037\275l\"\304\322\240:P\271\247\253\223\361"
 2282      BD6C22C4 
 2282      D2A03A50 
 2282      B9A7AB93 
 2282      F1
 2283 5175 3D4BBE24 		.ascii	"=K\276$O\2022\241\221\235:\353\251:\355r\312U\307\375"
 2283      4F8232A1 
 2283      919D3AEB 
 2283      A93AED72 
 2283      CA55C7FD 
 2284 5189 DD2F5DF4 		.ascii	"\335/]\364\036\236?w9\351\366\321\351\243\236:c\016"
 2284      1E9E3F77 
 2284      39E9F6D1 
 2284      E9A39E3A 
 2284      630E
 2285 519b DD99B3AE 		.ascii	"\335\231\263\256\356\254?\260\243n\367[\320\306]?q="
 2285      EEAC3FB0 
 2285      A36EF75B 
 2285      D0C65D3F 
 2285      713D
 2286 51ad 46099DF3 		.ascii	"F\011\235\363\200J\361\204\332\261;v\346\324)\227\323"
 2286      804AF184 
 2286      DAB13B76 
 2286      E6D42997 
 2286      D3
 2287 51be C72572E1 		.ascii	"\307%r\341\213C\346/\2002o\310\256\307\365'\2417r9F"
 2287      8B43E62F 
 2287      80326FC8 
 2287      AEC7F527 
 2287      A1377239 
 2288 51d3 493B1BF1 		.ascii	"I;\033\3610\375\262Y\032\\\370\011P\300\031\367O5\256"
 2288      30FDB259 
 2288      1A5CF809 
 2288      50C019F7 
ARM GAS  /tmp/cczIMEmO.s 			page 189


 2288      4F35AE
 2289 51e6 C7DD20AF 		.ascii	"\307\335 \257\326\303\365$\324\260\353q\273c\347\334"
 2289      D6C3F524 
 2289      D4B0EB71 
 2289      BB63E7DC 
 2290 51f6 DDC1B8D5 		.ascii	"\335\301\270\325n\247\317\236\363\324\270\270\177\004"
 2290      6EA7CF9E 
 2290      F3D4B8B8 
 2290      7F04
 2291 5204 2D54E3E1 		.ascii	"-T\343\341\372\213\223\256\247\351\017\244t\200\342"
 2291      FA8B93AE 
 2291      A7E90FA4 
 2291      7480E2
 2292 5213 71C6FDEC 		.ascii	"q\306\375\354\031\017\015\274\374\310\363\204\275\221"
 2292      190F0DBC 
 2292      FCC8F384 
 2292      BD91
 2293 5221 FA51CFCF 		.ascii	"\372Q\317\317I\372\267\2777\266>\252\305\217\\\231\217"
 2293      49FAB7BF 
 2293      37B63EAA 
 2293      C58F5C99 
 2293      8F
 2294 5232 3D7DE6B8 		.ascii	"=}\346\270+K\035\365t\3628q\316\3638t\022\314\216<^"
 2294      2B4B1DF5 
 2294      74F23871 
 2294      CEF33874 
 2294      12CC8E3C 
 2295 5247 12936243 		.ascii	"\022\223bC\3223W\305\024\343`z\204f#\322\321\213\017"
 2295      D23357C5 
 2295      14E3607A 
 2295      846623D2 
 2295      D18B0F
 2296 525a D075898F 		.ascii	"\320u\211\217\357s\"\337\347D@\277'\317\2349\213E8\320"
 2296      EF7322DF 
 2296      E74440BF 
 2296      27CF9C39 
 2296      8B4538D0 
 2297 526e 4791FCAB 		.ascii	"G\221\374\253b\226\277\207\227&t{\017W\317s\034\337"
 2297      6296BF87 
 2297      9726747B 
 2297      0F57CF73 
 2297      1CDF
 2298 5280 913D8B19 		.ascii	"\221=\213\031^3\226A\337\232r\030\011\311}\255\232\026"
 2298      5E339641 
 2298      DF9A7218 
 2298      09C97DAD 
 2298      9A16
 2299 5292 E6F1E7BF 		.ascii	"\346\361\347\277V\367M\251A\003x]\2312\264\032\326\245"
 2299      56F74DA9 
 2299      4103785D 
 2299      9932B41A 
 2299      D6A5
 2300 52a4 9CFB00DA 		.ascii	"\234\373\000\332\367\011P0\177:{\346\244\033\357(\254"
 2300      F7095030 
 2300      7F3A7BE6 
 2300      A41BEF28 
 2300      AC
ARM GAS  /tmp/cczIMEmO.s 			page 190


 2301 52b5 FCEDA8E7 		.ascii	"\374\355\250\347!I\005\3755\372\325\317K\002\006\370"
 2301      214905FD 
 2301      35FAD5CF 
 2301      4B0206F8 
 2302 52c5 05C703FE 		.ascii	"\005\307\003\376\015\361\337\264\376'\250\007\376\007"
 2302      0DF1DFB4 
 2302      FE27A807 
 2302      FE07
 2303 52d3 0F72C2DD 		.ascii	"\017r\302\335S\373\013\214\016\334?g\212\024\334M:\322"
 2303      53FB0B8C 
 2303      0EDC3F67 
 2303      8A14DC4D 
 2303      3AD2
 2304 52e5 726FE1F1 		.ascii	"ro\341\361\255\027\326\007\215\273\216\002\2613\036"
 2304      AD17D607 
 2304      8DBB8E02 
 2304      B1331E
 2305 52f4 2E274DFD 		.ascii	".'M\375\365O\320\233\350\240\277\374\237n\236\340\315"
 2305      F54FD09B 
 2305      E8A0BFFC 
 2305      9F6E9EE0 
 2305      CD
 2306 5305 9C8E436B 		.ascii	"\234\216Ck\003\315\270\376\350\303\017\241\272Xw|\302"
 2306      03CDB8FE 
 2306      E8C30FA1 
 2306      BA58777C 
 2306      C2
 2307 5316 D8BF018F 		.ascii	"\330\277\001\217\307\316|\354\352\376\251\343\307ng"
 2307      C7CE7CEC 
 2307      EAFEA9E3 
 2307      C76E67
 2308 5325 4EB276F7 		.ascii	"N\262v\367}\320\247\006\231\371\0159\362Q\021\371\350"
 2308      7DD0A706 
 2308      99F90D39 
 2308      F25111F9 
 2308      E8
 2309 5336 872F99FD 		.ascii	"\207/\231\375\305\223|\350\216\264?4\276|I\236\004\034"
 2309      C5937CE8 
 2309      8EB43F34 
 2309      BE7C499E 
 2309      041C
 2310 5348 E857C969 		.ascii	"\350W\311i\216wZ\216wZ\202\367\275\377l\300\011\241"
 2310      8E775A8E 
 2310      775A82F7 
 2310      BDFF6CC0 
 2310      09A1
 2311 535a 8F28B58E 		.ascii	"\217(\265\216\307\\n\307\235%\021\030\365\254:\243\015"
 2311      C75C6EC7 
 2311      9D251118 
 2311      F5AC3AA3 
 2311      0D
 2312 536b A83DCF9C 		.ascii	"\250=\317\234u;\246\243\177gO\366\306\247\243\236\216"
 2312      753BA6A3 
 2312      7F674FF6 
 2312      C6A7A39E 
 2312      8E
 2313 537c 326B71E6 		.ascii	"2kq\346O\357\202f\301\241y\230\333\231\324\012\035\370"
ARM GAS  /tmp/cczIMEmO.s 			page 191


 2313      4FEF8266 
 2313      C1A17998 
 2313      DB99D40A 
 2313      1DF8
 2314 538e 7B16767C 		.ascii	"{\026v|F\014m\305\314\215\224A\"s\263\225\033\274\263"
 2314      460C6DC5 
 2314      CC8D9441 
 2314      2273B395 
 2314      1BBCB3
 2315 53a1 FCAF9E76 		.ascii	"\374\257\236v\274{<,1\347\367y\177\254\242-\346e\013"
 2315      BC7B3C2C 
 2315      31E7F779 
 2315      7FACA22D 
 2315      E6650B
 2316 53b4 ADD99F75 		.ascii	"\255\331\237u\007\207\373\243s\236\340\330\324G\277"
 2316      0787FBA3 
 2316      739EE0D8 
 2316      D447BF
 2317 53c3 77E6CCC9 		.ascii	"w\346\314\311\303\0268\306\366\201\321\367?\272\273"
 2317      C31638C6 
 2317      F681D1F7 
 2317      3FBABB
 2318 53d2 9DE12A62 		.ascii	"\235\341*b\352\242jUyxx\234\265?u\346\3709\360\2304"
 2318      EAA26A55 
 2318      7978789C 
 2318      B53F75E6 
 2318      F839F098 
 2319 53e7 9643A70C 		.ascii	"\226C\247\014/\361\035\305\321\342\343\337\036w\026"
 2319      2FF11DC5 
 2319      D1E2E3DF 
 2319      1E7716
 2320 53f6 FFC65D9E 		.ascii	"\377\306]\236\336\343\323\323\307\260\313Q\012\266)"
 2320      DEE3D3D3 
 2320      C7B0CB51 
 2320      0AB629
 2321 5405 260DD9C5 		.ascii	"&\015\331\305g\224]\315|\253\355\031\017\325Gg\335\316"
 2321      67945DCD 
 2321      7CABED19 
 2321      0FD54767 
 2321      DDCE
 2322 5417 BCA994EF 		.ascii	"\274\251\224\357S`\236\305W\246\224V\014\273^3I\371"
 2322      53609EC5 
 2322      57A69456 
 2322      0CBB5E33 
 2322      49F9
 2323 5429 BEBBE74F 		.ascii	"\276\273\347O\215\221\336\237\375\272V\010\345\330~"
 2323      8D91DE9F 
 2323      FDBA5608 
 2323      E5D87E
 2324 5438 D3C6C1C5 		.ascii	"\323\306\301\305\375\324\307\177\352\372\325S_\376\360"
 2324      FDD4C77F 
 2324      EAFAD553 
 2324      5FFEF0
 2325 5447 AC8D1ED8 		.ascii	"\254\215\036\330\2018\372\253\247\276i\363\332Q\013"
 2325      8138FAAB 
 2325      A7BE69F3 
 2325      DA510B
ARM GAS  /tmp/cczIMEmO.s 			page 192


 2326 5456 AD327FF9 		.ascii	"\2552\177\371\2376\372c6\257Z\222\246\276\373\363\012"
 2326      9F36FA63 
 2326      36AF5A92 
 2326      A6BEFBF3 
 2326      0A
 2327 5467 25F25EE0 		.ascii	"%\362^\340\213Pu \364\217\261\345\201;:v\016\234\200"
 2327      8B507520 
 2327      F48FB1E5 
 2327      813B3A76 
 2327      0E9C80
 2328 547a AB4909F6 		.ascii	"\253I\011\366\307N\274\377\251\307OO\323\361\312\213"
 2328      C74EBCFF 
 2328      A9C74F4F 
 2328      D3F1CA8B 
 2329 548a 8D1E40BB 		.ascii	"\215\036@\273\240\000Z\261\220\361o\\=\177z\226\006"
 2329      A0005AB1 
 2329      90F16F5C 
 2329      3D7F7A96 
 2329      06
 2330 549b 38AF9C30 		.ascii	"8\257\2340\262\376\036\343\340oO\273y\302\230\356''"
 2330      B2FE1EE3 
 2330      E06F4FBB 
 2330      79C298EE 
 2330      2727
 2331 54ad 8EFFE013 		.ascii	"\216\377\340\0237O\365)\017\010&^,\330\302\370\201\217"
 2331      374FF529 
 2331      0F08265E 
 2331      2CD8C2F8 
 2331      818F
 2332 54bf 6F98CD7E 		.ascii	"o\230\315~\370\312\367 \240\177\237\012q\332\323\315"
 2332      F8CAF720 
 2332      A07F9F0A 
 2332      71DAD3CD 
 2333 54cf 854731DF 		.ascii	"\205G1\337\260F\355\204\313\311#'\335>8\202\325\357"
 2333      B046ED84 
 2333      CBC92327 
 2333      DD3E3882 
 2333      D5EF
 2334 54e1 7144A402 		.ascii	"qD\244\002\024?\177\354\304\017>\006u|D\273fw:\000\375"
 2334      143F7FEC 
 2334      C40F3E06 
 2334      757C44BB 
 2334      66773A00 
 2335 54f6 999BE709 		.ascii	"\231\233\347\011\326\017\350\230&~\350r\322\363\305"
 2335      D60FE898 
 2335      267EE872 
 2335      D2F3C5
 2336 5505 0661AE2E 		.ascii	"\006a\256.\356'?\005\222/\035=\372\3019\267\223\236"
 2336      EE273F05 
 2336      922F1D3D 
 2336      FAC139B7 
 2336      939E
 2337 5517 6EA78FBA 		.ascii	"n\247\217\272~r\026\202\0105\304N\0360\002tu\371\320"
 2337      7E721682 
 2337      0835C44E 
 2337      1E300274 
 2337      75F9D0
ARM GAS  /tmp/cczIMEmO.s 			page 193


 2338 552a 0EC6BF27 		.ascii	"\016\306\277'\334\317\374\3627\217\262\316\033L\023"
 2338      DCCFFCF2 
 2338      378FB2CE 
 2338      1B4C13
 2339 5539 9AD1D153 		.ascii	"\232\321\321S\256.\036\347\334]\217\036sw\203vu\342"
 2339      AE2E1EE7 
 2339      DC5D8F1E 
 2339      73778376 
 2339      75E2
 2340 554b F88B95C7 		.ascii	"\370\213\225\307\010@y\207\216\036=\376\301GG\201\001"
 2340      08407987 
 2340      8E1E3DFE 
 2340      C1474781 
 2340      01
 2341 555c E857CEB1 		.ascii	"\350W\316\261\212{1\002\307]?8\367\021e\330\254\352"
 2341      8A7B3102 
 2341      C75D3F38 
 2341      F71165D8 
 2341      ACEA
 2342 556e FEF92529 		.ascii	"\376\371%)EJ\357\013&v]\240\351\233\363\0136\363\236"
 2342      454AEF0B 
 2342      26765DA0 
 2342      E99BF30B 
 2342      36F39E
 2343 5581 E7276833 		.ascii	"\347'h3_\000\003\373kK\003\373'\210\373 \260\372\224"
 2343      5F0003FB 
 2343      6B4B03FB 
 2343      2788FB20 
 2343      B0FA94
 2344 5594 0E23F9DF 		.ascii	"\016#\371\337\336=\366\213sn\356\256\364\315\367\241"
 2344      DE3DF68B 
 2344      736EEEAE 
 2344      F4CDF7A1 
 2345 55a4 ED42F1EF 		.ascii	"\355B\361\357\243\257\376\365\"\004\332\376A\030\352"
 2345      A3AFFEF5 
 2345      2204DAFE 
 2345      4118EA
 2346 55b3 FFFE5174 		.ascii	"\377\376Qt\213\374\201\366\347\262\000\354\373P\027"
 2346      8BFC81F6 
 2346      E7B200EC 
 2346      FB5017
 2347 55c2 EEAC925F 		.ascii	"\356\254\222_\274\367\245e\241+d\275\25733\234\237\236"
 2347      BCF7A565 
 2347      A12B64BD 
 2347      AF33339C 
 2347      9F9E
 2348 55d4 76E7A643 		.ascii	"v\347\246C\305\370\241Q6j\354/\3134!\276y\337\342\315"
 2348      C5F8A151 
 2348      366AEC2F 
 2348      CB3421BE 
 2348      79DFE2CD 
 2349 55e8 3FC8DEBC 		.ascii	"?\310\336\274$\345\237\276p6\351\347'b_\365\017\340"
 2349      24E59FBE 
 2349      7036E9E7 
 2349      27625FF5 
 2349      0FE0
 2350 55fa CFE9DF08 		.ascii	"\317\351\337\010\324\234\203\311\303\301\020Z\322zm"
ARM GAS  /tmp/cczIMEmO.s 			page 194


 2350      D49C83C9 
 2350      C3C1105A 
 2350      D27A6D
 2351 5609 1C8F1E65 		.ascii	"\034\217\036e\303\252\243_\373\323o\376\321\237h\305"
 2351      C3AAA35F 
 2351      FBD36FFE 
 2351      D19F68C5 
 2352 5619 143976E2 		.ascii	"\0249v\342\035\002\365k\347\346\341~\364\030D\266\000"
 2352      1D02F56B 
 2352      E7E6E17E 
 2352      F41844B6 
 2352      00
 2353 562a B4737439 		.ascii	"\264st9\015\335\0374K:X\342\364\230\205h)1\212\350$"
 2353      0DDD1F34 
 2353      4B3A58E2 
 2353      F4988568 
 2353      29318AE8 
 2354 563f 7D4B87E2 		.ascii	"}K\207\342.\320\210X\333\204\240\302\345$\264\2513v"
 2354      2ED08858 
 2354      DB84A0C2 
 2354      E524B4A9 
 2354      3376
 2355 5651 9E67590F 		.ascii	"\236gY\017aw\312\363\023:\324\322\272\236u=}\034:-\273"
 2355      6177CAF3 
 2355      133AD4D2 
 2355      BA9E753D 
 2355      7D1C3A2D 
 2356 5666 5FBAB879 		.ascii	"_\272\270y\322_ N\377\240\343\277G=\205s\032\327_\322"
 2356      D25F204E 
 2356      FFA0E3BF 
 2356      473D8573 
 2356      1AD75FD2 
 2357 567a C1ABE697 		.ascii	"\301\253\346\227\236\220\353,\374x@W\353@\271p=\345"
 2357      9E90EB2C 
 2357      FC784057 
 2357      EB40B970 
 2357      3DE5
 2358 568c 72F604C8 		.ascii	"r\366\004\310\256\376\245\247\247\373\331C| \341\356"
 2358      AEFEA5A7 
 2358      A7FBD943 
 2358      7C20E1EE 
 2359 569c 0A2364D7 		.ascii	"\012#d\327\323\264g\003d\030\212\235\325\272\202K9F"
 2359      D3B46703 
 2359      64188A9D 
 2359      D5BA824B 
 2359      3946
 2360 56ae C318F7E3 		.ascii	"\303\030\367\343\237\202\010v\036n\037\260\031\207c"
 2360      9F820876 
 2360      1E6E1FB0 
 2360      198763
 2361 56bd 27DC4E1E 		.ascii	"'\334N\036\007\\\032\336@\375\253 \253\007\364\224\360"
 2361      075C1ADE 
 2361      40FDAB20 
 2361      AB07F494 
 2361      F0
 2362 56ce 5FDA639E 		.ascii	"_\332c\236b\221\262\326S\034\264\374\322\205\316\023"
 2362      6291B2D6 
ARM GAS  /tmp/cczIMEmO.s 			page 195


 2362      531CB4FC 
 2362      D285CE13 
 2363 56de 3841C974 		.ascii	"8A\311t\220\016m\326\005\012q\224<\323Q\"\233\235!\307"
 2363      900E6DD6 
 2363      050A7194 
 2363      3CD35122 
 2363      9B9D21C7 
 2364 56f2 3C3FB185 		.ascii	"<?\261\205^\357,xy\370\253'$\035\33034up\373\236\177"
 2364      5EEF2C78 
 2364      79F8AB27 
 2364      241DD833 
 2364      347570FB 
 2365 5708 62AD01D2 		.ascii	"b\255\001\322a\312\231\323G(\256\307\221w\177\374\336"
 2365      61CA99D3 
 2365      4728AEC7 
 2365      91777FFC 
 2365      DE
 2366 5719 C77FFAD5 		.ascii	"\307\177\372\325\367\240)r\343%'\216\273k\316\262\022"
 2366      F7A02972 
 2366      E325278E 
 2366      BB6BCEB2 
 2366      12
 2367 572a 5E062EA8 		.ascii	"^\006.\250.\241\211}\2123B\207-\336\2609\"\2673*\252"
 2367      2EA1897D 
 2367      8A334287 
 2367      2DDEB039 
 2367      22B7332A 
 2368 573f 48362EF3 		.ascii	"H6.\363\020Nk\316\261\352T\321\261\217\235\273'K\250"
 2368      104E6BCE 
 2368      B1EA54D1 
 2368      B18F9DBB 
 2368      274BA8
 2369 5752 A1270007 		.ascii	"\241'\000\007\364\001\230\230\376\330\271S\264A\272"
 2369      F4019898 
 2369      FED8B953 
 2369      B441BA
 2370 5761 7DECAA75 		.ascii	"}\354\252u\367\364d\263W\177\370b^\230v\247\207X\016"
 2370      F7F464B3 
 2370      577FF862 
 2370      5E9876A7 
 2370      87580E
 2371 5774 DEFE4FD1 		.ascii	"\336\376O\3211\277\347\347\344\352:\212\003\305W,_\001"
 2371      31BFE7E7 
 2371      E4EA3A8A 
 2371      03C5572C 
 2371      5F01
 2372 5786 53EE1F1E 		.ascii	"S\356\037\036;G-\200\376\332\323\377\034\305Y\213\257"
 2372      3B472D80 
 2372      FEDAD3FF 
 2372      1CC5598B 
 2372      AF
 2373 5797 BC100734 		.ascii	"\274\020\0074\003\035\004\263\214\236vTgG\335\216\353"
 2373      031D04B3 
 2373      8C9E7654 
 2373      6747DD8E 
 2373      EB
 2374 57a8 F82FBC81 		.ascii	"\370/\274\201\266HUaOK`\315\322\375S\275\370\000U\367"
ARM GAS  /tmp/cczIMEmO.s 			page 196


 2374      B6485561 
 2374      4F4B60CD 
 2374      D2FD53BD 
 2374      F80055F7 
 2375 57bc FF77622D 		.ascii	"\377wb-\273\011\303@\360RT\332\002\342]!>\202\252="
 2375      BB09C340 
 2375      F05254DA 
 2375      02E25D21 
 2375      3E82AA3D 
 2376 57d0 F702152A 		.ascii	"\367\002\025*\022\244\210|\200\025\222P\"\001jc\003"
 2376      12A4887C 
 2376      80159250 
 2376      22016A63 
 2376      03
 2377 57e1 A25FDF59 		.ascii	"\242_\337Y\333\001;5*\342D\330\354\330\311f=;\273;A"
 2377      DB013B35 
 2377      2AE244D8 
 2377      ECD8C966 
 2377      3D3BBB3B 
 2378 57f6 77DBF969 		.ascii	"w\333\371i\004\227\211X\244\200\321\377;\312r\031\227"
 2378      04978958 
 2378      A480D1FF 
 2378      3BCA7219 
 2378      97
 2379 5807 96C30DC1 		.ascii	"\226\303\015\301L\263\371\002%\343AZK\247K\234A\365"
 2379      4CB3F902 
 2379      25E3415A 
 2379      4BA74B9C 
 2379      41F5
 2380 5819 1A8A31EF 		.ascii	"\032\2121\357\327G\226,n\030\322\204\357\303\302\206"
 2380      D747962C 
 2380      6E18D284 
 2380      EFC3C286 
 2381 5829 25E97776 		.ascii	"%\351wv\007\247\260b\"\240\270NU\237\251\332\351\322"
 2381      07A7B062 
 2381      22A0B84E 
 2381      559FA9DA 
 2381      E9D2
 2382 583b 108C7AEB 		.ascii	"\020\214z\353z\270D\355\202\234P\362\314\203\351\351"
 2382      7AB844ED 
 2382      829C50F2 
 2382      CC83E9E9 
 2383 584b B258EAB0 		.ascii	"\262X\352\260PQ\245\266\373\345\031\262\016,\037\013"
 2383      5051A5B6 
 2383      FBE519B2 
 2383      0E2C1F0B 
 2384 585b D607114E 		.ascii	"\326\007\021Ng\243r\260\332\007\007\372\212\244\252"
 2384      67A372B0 
 2384      DA0707FA 
 2384      8AA4AA
 2385 586a 87FF2434 		.ascii	"\207\377$4r\236\322\2717\230\370#\277G|\325\033e\233"
 2385      729ED2B9 
 2385      3798F823 
 2385      BF477CD5 
 2385      1B659B
 2386 587d AD79C2D9 		.ascii	"\255y\302\331g\030\322\264D\362\323\030\204r\335\024"
 2386      6718D2B4 
ARM GAS  /tmp/cczIMEmO.s 			page 197


 2386      44F2D318 
 2386      8472DD14 
 2387 588d 57AB79AC 		.ascii	"W\253y\254tCmTq\201\006\243\217\213\333\245\372-,R\034"
 2387      74436D54 
 2387      718106A3 
 2387      8F8BDBA5 
 2387      FA2D2C52 
 2388 58a2 C08E397A 		.ascii	"\300\2169z\265tsu\263]\177\320\020\226/\223\2571\364"
 2388      B5747375 
 2388      B35D7FD0 
 2388      10962F93 
 2388      AF31F4
 2389 58b5 60F7AC2B 		.ascii	"`\367\254+\022F\016\212\251cRm^\323\242x]\276Z\226q"
 2389      12460E8A 
 2389      A963526D 
 2389      5ED3A278 
 2389      5DBE5A96 
 2390 58ca A65D1B96 		.ascii	"\246]\033\226\325\227\3534\255z`\300\207N\370\320\001"
 2390      D597EB34 
 2390      AD7A60C0 
 2390      874EF8D0 
 2390      01
 2391 58db F75D70DF 		.ascii	"\367]p\337\011\367\035p\317\005\367\234p/\007o\333\345"
 2391      09F71D70 
 2391      CF05F79C 
 2391      702F076F 
 2391      DBE5
 2392 58ed 8D4F15AD 		.ascii	"\215O\025\255\033\345|\026\243\250\362\\\220\264\261"
 2392      1BE57C16 
 2392      A3A8F25C 
 2392      90B4B1
 2393 58fc 6D97C20C 		.ascii	"m\227\302\014\335\314\275\374\321\327w\373\372._\317"
 2393      DDCCBDFC 
 2393      D1D777FB 
 2393      FA2E5FCF 
 2394 590c EDEBE57D 		.ascii	"\355\353\345}+H\021\274\013\307\241\233\343\373\327"
 2394      2B4811BC 
 2394      0BC7A19B 
 2394      E3FBD7
 2395 591b 743FCB8F 		.ascii	"t?\313\217\246\312\032\362\027M\311@\315\243e\203\245"
 2395      A6CA1AF2 
 2395      174DC940 
 2395      CDA36583 
 2395      A5
 2396 592c 4DC42E65 		.ascii	"M\304.e\2221\\L\224\345\301\270[6\256\231\250\322\030"
 2396      92315C4C 
 2396      94E5C1B8 
 2396      5B36AE99 
 2396      A8D218
 2397 593f 2AA05192 		.ascii	"*\240Q\222vm \347\336\251\206o\370\226xd\034/Di+\220"
 2397      766D20E7 
 2397      DEA9866F 
 2397      F8967864 
 2397      1C2F4469 
 2398 5955 683FB2FD 		.ascii	"h?\262\375VMw\206\377\223\256\026\356\272S\243\327\306"
 2398      564D7786 
 2398      FF93AE16 
ARM GAS  /tmp/cczIMEmO.s 			page 198


 2398      EEBA53A3 
 2398      D7C6
 2399 5967 A9E99EDD 		.ascii	"\251\351\236\335\212\211\207e\232\305*\252\203\262!"
 2399      8A898765 
 2399      9AC52AAA 
 2399      83B221
 2400 5976 D76832B6 		.ascii	"\327h2\266\013\322$\230\257\342\3138\232p\244\216\224"
 2400      0BD22498 
 2400      AFE2CB38 
 2400      9A70A48E 
 2400      94
 2401 5987 52C2B347 		.ascii	"R\302\263G\3003QS10\342\337\204E\007\210\277%<\014\322"
 2401      C0335153 
 2401      3130E2DF 
 2401      84450788 
 2401      BF253C0C 
 2402 599c 288E4C63 		.ascii	"(\216Lc&\202\242\307Ssn=q\005\316\306\202\257W\205F"
 2402      2682A2C7 
 2402      53736E3D 
 2402      7105CEC6 
 2402      82AF5785 
 2403 59b1 AE8B07EE 		.ascii	"\256\213\007\356\234\331\204\211_\271mY\030"
 2403      9CD98489 
 2403      5FB96D59 
 2403      18
 2404              		.text
 2405              		.section	.gnu.lto_.symtab.d70710ac7c427607,"e",%progbits
 2406 0000 5F68656C 		.ascii	"_helloworld_masterSetup\000"
 2406      6C6F776F 
 2406      726C645F 
 2406      6D617374 
 2406      65725365 
 2407 0018 00       		.ascii	"\000"
 2408 0019 00       		.ascii	"\000"
 2409 001a 00       		.ascii	"\000"
 2410 001b 00000000 		.ascii	"\000\000\000\000\000\000\000\000"
 2410      00000000 
 2411 0023 98030000 		.ascii	"\230\003\000\000"
 2412 0027 5F68656C 		.ascii	"_helloworld_masterLoop\000"
 2412      6C6F776F 
 2412      726C645F 
 2412      6D617374 
 2412      65724C6F 
 2413 003e 00       		.ascii	"\000"
 2414 003f 00       		.ascii	"\000"
 2415 0040 00       		.ascii	"\000"
 2416 0041 00000000 		.ascii	"\000\000\000\000\000\000\000\000"
 2416      00000000 
 2417 0049 9A030000 		.ascii	"\232\003\000\000"
 2418 004d 5F68656C 		.ascii	"_helloworld_masterShutdown\000"
 2418      6C6F776F 
 2418      726C645F 
 2418      6D617374 
 2418      65725368 
 2419 0068 00       		.ascii	"\000"
 2420 0069 00       		.ascii	"\000"
 2421 006a 00       		.ascii	"\000"
ARM GAS  /tmp/cczIMEmO.s 			page 199


 2422 006b 00000000 		.ascii	"\000\000\000\000\000\000\000\000"
 2422      00000000 
 2423 0073 9C030000 		.ascii	"\234\003\000\000"
 2424 0077 68656C6C 		.ascii	"helloWorldMasterInit\000"
 2424      6F576F72 
 2424      6C644D61 
 2424      73746572 
 2424      496E6974 
 2425 008c 00       		.ascii	"\000"
 2426 008d 00       		.ascii	"\000"
 2427 008e 00       		.ascii	"\000"
 2428 008f 00000000 		.ascii	"\000\000\000\000\000\000\000\000"
 2428      00000000 
 2429 0097 BD030000 		.ascii	"\275\003\000\000"
 2430 009b 75727453 		.ascii	"urtSrtRequestCalculateUsefulness\000"
 2430      72745265 
 2430      71756573 
 2430      7443616C 
 2430      63756C61 
 2431 00bc 00       		.ascii	"\000"
 2432 00bd 02       		.ascii	"\002"
 2433 00be 00       		.ascii	"\000"
 2434 00bf 00000000 		.ascii	"\000\000\000\000\000\000\000\000"
 2434      00000000 
 2435 00c7 A8030000 		.ascii	"\250\003\000\000"
 2436 00cb 616F7300 		.ascii	"aos\000"
 2437 00cf 00       		.ascii	"\000"
 2438 00d0 02       		.ascii	"\002"
 2439 00d1 00       		.ascii	"\000"
 2440 00d2 00000000 		.ascii	"\000\000\000\000\000\000\000\000"
 2440      00000000 
 2441 00da 59040000 		.ascii	"Y\004\000\000"
 2442 00de 63683000 		.ascii	"ch0\000"
 2443 00e2 00       		.ascii	"\000"
 2444 00e3 02       		.ascii	"\002"
 2445 00e4 00       		.ascii	"\000"
 2446 00e5 00000000 		.ascii	"\000\000\000\000\000\000\000\000"
 2446      00000000 
 2447 00ed 2E050000 		.ascii	".\005\000\000"
 2448 00f1 68656C6C 		.ascii	"helloworldSrtUsefulness\000"
 2448      6F776F72 
 2448      6C645372 
 2448      74557365 
 2448      66756C6E 
 2449 0109 00       		.ascii	"\000"
 2450 010a 02       		.ascii	"\002"
 2451 010b 00       		.ascii	"\000"
 2452 010c 00000000 		.ascii	"\000\000\000\000\000\000\000\000"
 2452      00000000 
 2453 0114 94030000 		.ascii	"\224\003\000\000"
 2454 0118 63685468 		.ascii	"chThdExit\000"
 2454      64457869 
 2454      7400
 2455 0122 00       		.ascii	"\000"
 2456 0123 02       		.ascii	"\002"
 2457 0124 00       		.ascii	"\000"
 2458 0125 00000000 		.ascii	"\000\000\000\000\000\000\000\000"
ARM GAS  /tmp/cczIMEmO.s 			page 200


 2458      00000000 
 2459 012d C5030000 		.ascii	"\305\003\000\000"
 2460 0131 63687072 		.ascii	"chprintf\000"
 2460      696E7466 
 2460      00
 2461 013a 00       		.ascii	"\000"
 2462 013b 02       		.ascii	"\002"
 2463 013c 00       		.ascii	"\000"
 2464 013d 00000000 		.ascii	"\000\000\000\000\000\000\000\000"
 2464      00000000 
 2465 0145 CE030000 		.ascii	"\316\003\000\000"
 2466 0149 63684576 		.ascii	"chEvtRegisterMaskWithFlags\000"
 2466      74526567 
 2466      69737465 
 2466      724D6173 
 2466      6B576974 
 2467 0164 00       		.ascii	"\000"
 2468 0165 02       		.ascii	"\002"
 2469 0166 00       		.ascii	"\000"
 2470 0167 00000000 		.ascii	"\000\000\000\000\000\000\000\000"
 2470      00000000 
 2471 016f D7030000 		.ascii	"\327\003\000\000"
 2472 0173 63685379 		.ascii	"chSysHalt\000"
 2472      7348616C 
 2472      7400
 2473 017d 00       		.ascii	"\000"
 2474 017e 02       		.ascii	"\002"
 2475 017f 00       		.ascii	"\000"
 2476 0180 00000000 		.ascii	"\000\000\000\000\000\000\000\000"
 2476      00000000 
 2477 0188 DB030000 		.ascii	"\333\003\000\000"
 2478 018c 5F5F7374 		.ascii	"__stats_stop_measure_crit_thd\000"
 2478      6174735F 
 2478      73746F70 
 2478      5F6D6561 
 2478      73757265 
 2479 01aa 00       		.ascii	"\000"
 2480 01ab 02       		.ascii	"\002"
 2481 01ac 00       		.ascii	"\000"
 2482 01ad 00000000 		.ascii	"\000\000\000\000\000\000\000\000"
 2482      00000000 
 2483 01b5 E8030000 		.ascii	"\350\003\000\000"
 2484 01b9 5F5F6462 		.ascii	"__dbg_check_unlock\000"
 2484      675F6368 
 2484      65636B5F 
 2484      756E6C6F 
 2484      636B00
 2485 01cc 00       		.ascii	"\000"
 2486 01cd 02       		.ascii	"\002"
 2487 01ce 00       		.ascii	"\000"
 2488 01cf 00000000 		.ascii	"\000\000\000\000\000\000\000\000"
 2488      00000000 
 2489 01d7 EA030000 		.ascii	"\352\003\000\000"
 2490 01db 616F7353 		.ascii	"aosSysGetUptimeX\000"
 2490      79734765 
 2490      74557074 
 2490      696D6558 
ARM GAS  /tmp/cczIMEmO.s 			page 201


 2490      00
 2491 01ec 00       		.ascii	"\000"
 2492 01ed 02       		.ascii	"\002"
 2493 01ee 00       		.ascii	"\000"
 2494 01ef 00000000 		.ascii	"\000\000\000\000\000\000\000\000"
 2494      00000000 
 2495 01f7 EC030000 		.ascii	"\354\003\000\000"
 2496 01fb 5F5F6462 		.ascii	"__dbg_check_lock\000"
 2496      675F6368 
 2496      65636B5F 
 2496      6C6F636B 
 2496      00
 2497 020c 00       		.ascii	"\000"
 2498 020d 02       		.ascii	"\002"
 2499 020e 00       		.ascii	"\000"
 2500 020f 00000000 		.ascii	"\000\000\000\000\000\000\000\000"
 2500      00000000 
 2501 0217 EE030000 		.ascii	"\356\003\000\000"
 2502 021b 5F5F7374 		.ascii	"__stats_start_measure_crit_thd\000"
 2502      6174735F 
 2502      73746172 
 2502      745F6D65 
 2502      61737572 
 2503 023a 00       		.ascii	"\000"
 2504 023b 02       		.ascii	"\002"
 2505 023c 00       		.ascii	"\000"
 2506 023d 00000000 		.ascii	"\000\000\000\000\000\000\000\000"
 2506      00000000 
 2507 0245 F0030000 		.ascii	"\360\003\000\000"
 2508 0249 63684D74 		.ascii	"chMtxUnlock\000"
 2508      78556E6C 
 2508      6F636B00 
 2509 0255 00       		.ascii	"\000"
 2510 0256 02       		.ascii	"\002"
 2511 0257 00       		.ascii	"\000"
 2512 0258 00000000 		.ascii	"\000\000\000\000\000\000\000\000"
 2512      00000000 
 2513 0260 F4030000 		.ascii	"\364\003\000\000"
 2514 0264 75727446 		.ascii	"urtFrtRequestCalculateValidity\000"
 2514      72745265 
 2514      71756573 
 2514      7443616C 
 2514      63756C61 
 2515 0283 00       		.ascii	"\000"
 2516 0284 02       		.ascii	"\002"
 2517 0285 00       		.ascii	"\000"
 2518 0286 00000000 		.ascii	"\000\000\000\000\000\000\000\000"
 2518      00000000 
 2519 028e FC030000 		.ascii	"\374\003\000\000"
 2520 0292 75727452 		.ascii	"urtRequestAcquire\000"
 2520      65717565 
 2520      73744163 
 2520      71756972 
 2520      6500
 2521 02a4 00       		.ascii	"\000"
 2522 02a5 02       		.ascii	"\002"
 2523 02a6 00       		.ascii	"\000"
ARM GAS  /tmp/cczIMEmO.s 			page 202


 2524 02a7 00000000 		.ascii	"\000\000\000\000\000\000\000\000"
 2524      00000000 
 2525 02af 00040000 		.ascii	"\000\004\000\000"
 2526 02b3 75727443 		.ascii	"urtCoreGetService\000"
 2526      6F726547 
 2526      65745365 
 2526      72766963 
 2526      6500
 2527 02c5 00       		.ascii	"\000"
 2528 02c6 02       		.ascii	"\002"
 2529 02c7 00       		.ascii	"\000"
 2530 02c8 00000000 		.ascii	"\000\000\000\000\000\000\000\000"
 2530      00000000 
 2531 02d0 04040000 		.ascii	"\004\004\000\000"
 2532 02d4 75727450 		.ascii	"urtPublisherPublish\000"
 2532      75626C69 
 2532      73686572 
 2532      5075626C 
 2532      69736800 
 2533 02e8 00       		.ascii	"\000"
 2534 02e9 02       		.ascii	"\002"
 2535 02ea 00       		.ascii	"\000"
 2536 02eb 00000000 		.ascii	"\000\000\000\000\000\000\000\000"
 2536      00000000 
 2537 02f3 11040000 		.ascii	"\021\004\000\000"
 2538 02f7 75727445 		.ascii	"urtEventListenerClearFlags\000"
 2538      76656E74 
 2538      4C697374 
 2538      656E6572 
 2538      436C6561 
 2539 0312 00       		.ascii	"\000"
 2540 0313 02       		.ascii	"\002"
 2541 0314 00       		.ascii	"\000"
 2542 0315 00000000 		.ascii	"\000\000\000\000\000\000\000\000"
 2542      00000000 
 2543 031d 18040000 		.ascii	"\030\004\000\000"
 2544 0321 63684576 		.ascii	"chEvtUnregister\000"
 2544      74556E72 
 2544      65676973 
 2544      74657200 
 2545 0331 00       		.ascii	"\000"
 2546 0332 02       		.ascii	"\002"
 2547 0333 00       		.ascii	"\000"
 2548 0334 00000000 		.ascii	"\000\000\000\000\000\000\000\000"
 2548      00000000 
 2549 033c 1D040000 		.ascii	"\035\004\000\000"
 2550 0340 75727448 		.ascii	"urtHrtRequestInit\000"
 2550      72745265 
 2550      71756573 
 2550      74496E69 
 2550      7400
 2551 0352 00       		.ascii	"\000"
 2552 0353 02       		.ascii	"\002"
 2553 0354 00       		.ascii	"\000"
 2554 0355 00000000 		.ascii	"\000\000\000\000\000\000\000\000"
 2554      00000000 
 2555 035d 28040000 		.ascii	"(\004\000\000"
ARM GAS  /tmp/cczIMEmO.s 			page 203


 2556 0361 75727446 		.ascii	"urtFrtRequestInit\000"
 2556      72745265 
 2556      71756573 
 2556      74496E69 
 2556      7400
 2557 0373 00       		.ascii	"\000"
 2558 0374 02       		.ascii	"\002"
 2559 0375 00       		.ascii	"\000"
 2560 0376 00000000 		.ascii	"\000\000\000\000\000\000\000\000"
 2560      00000000 
 2561 037e 30040000 		.ascii	"0\004\000\000"
 2562 0382 75727453 		.ascii	"urtSrtRequestInit\000"
 2562      72745265 
 2562      71756573 
 2562      74496E69 
 2562      7400
 2563 0394 00       		.ascii	"\000"
 2564 0395 02       		.ascii	"\002"
 2565 0396 00       		.ascii	"\000"
 2566 0397 00000000 		.ascii	"\000\000\000\000\000\000\000\000"
 2566      00000000 
 2567 039f 37040000 		.ascii	"7\004\000\000"
 2568 03a3 7572744E 		.ascii	"urtNrtRequestInit\000"
 2568      72745265 
 2568      71756573 
 2568      74496E69 
 2568      7400
 2569 03b5 00       		.ascii	"\000"
 2570 03b6 02       		.ascii	"\002"
 2571 03b7 00       		.ascii	"\000"
 2572 03b8 00000000 		.ascii	"\000\000\000\000\000\000\000\000"
 2572      00000000 
 2573 03c0 3F040000 		.ascii	"?\004\000\000"
 2574 03c4 75727450 		.ascii	"urtPublisherInit\000"
 2574      75626C69 
 2574      73686572 
 2574      496E6974 
 2574      00
 2575 03d5 00       		.ascii	"\000"
 2576 03d6 02       		.ascii	"\002"
 2577 03d7 00       		.ascii	"\000"
 2578 03d8 00000000 		.ascii	"\000\000\000\000\000\000\000\000"
 2578      00000000 
 2579 03e0 44040000 		.ascii	"D\004\000\000"
 2580 03e4 75727443 		.ascii	"urtCoreGetTopic\000"
 2580      6F726547 
 2580      6574546F 
 2580      70696300 
 2581 03f4 00       		.ascii	"\000"
 2582 03f5 02       		.ascii	"\002"
 2583 03f6 00       		.ascii	"\000"
 2584 03f7 00000000 		.ascii	"\000\000\000\000\000\000\000\000"
 2584      00000000 
 2585 03ff 48040000 		.ascii	"H\004\000\000"
 2586 0403 7572744E 		.ascii	"urtNodeInit\000"
 2586      6F646549 
 2586      6E697400 
ARM GAS  /tmp/cczIMEmO.s 			page 204


 2587 040f 00       		.ascii	"\000"
 2588 0410 02       		.ascii	"\002"
 2589 0411 00       		.ascii	"\000"
 2590 0412 00000000 		.ascii	"\000\000\000\000\000\000\000\000"
 2590      00000000 
 2591 041a 55040000 		.ascii	"U\004\000\000"
 2592              		.text
 2593              		.section	.gnu.lto_.opts,"e",%progbits
 2594 0000 272D666E 		.ascii	"'-fno-openmp' '-fno-openacc' '-fno-pie' '-mcpu=cort"
 2594      6F2D6F70 
 2594      656E6D70 
 2594      2720272D 
 2594      666E6F2D 
 2595 0033 65782D6D 		.ascii	"ex-m4' '-mthumb' '-mfloat-abi=softfp' '-mfpu=fpv4-s"
 2595      34272027 
 2595      2D6D7468 
 2595      756D6227 
 2595      20272D6D 
 2596 0066 702D6431 		.ascii	"p-d16' '-march=armv7e-m+fp' '-O2' '-fstack-usage' '"
 2596      36272027 
 2596      2D6D6172 
 2596      63683D61 
 2596      726D7637 
 2597 0099 2D666675 		.ascii	"-ffunction-sections' '-fdata-sections' '-fno-common"
 2597      6E637469 
 2597      6F6E2D73 
 2597      65637469 
 2597      6F6E7327 
 2598 00cc 2720272D 		.ascii	"' '-flto' '-fshort-enums'\000"
 2598      666C746F 
 2598      2720272D 
 2598      6673686F 
 2598      72742D65 
 2599              		.text
 2600              		.comm	__gnu_lto_v1,1,1
 2601              		.comm	__gnu_lto_slim,1,1
 2602              		.ident	"GCC: (GNU Arm Embedded Toolchain 9-2020-q2-update) 9.3.1 20200408 (release)"
ARM GAS  /tmp/cczIMEmO.s 			page 205


DEFINED SYMBOLS
                            *ABS*:0000000000000000 helloworld_master.c
                            *COM*:0000000000000001 __gnu_lto_v1
                            *COM*:0000000000000001 __gnu_lto_slim

NO UNDEFINED SYMBOLS
