ARM GAS  /tmp/ccszdCXO.s 			page 1


   1              		.cpu cortex-m3
   2              		.eabi_attribute 20, 1
   3              		.eabi_attribute 21, 1
   4              		.eabi_attribute 23, 3
   5              		.eabi_attribute 24, 1
   6              		.eabi_attribute 25, 1
   7              		.eabi_attribute 26, 1
   8              		.eabi_attribute 30, 2
   9              		.eabi_attribute 34, 1
  10              		.eabi_attribute 18, 4
  11              		.file	"urt_sync.c"
  12              		.section	.gnu.lto_.profile.2e5e1c3319729e02,"e",%progbits
  13 0000 789CE360 		.ascii	"x\234\343``\004B \000\000\000]\000\013"
  13      60044220 
  13      0000005D 
  13      000B
  14              		.text
  15              		.section	.gnu.lto_.icf.2e5e1c3319729e02,"e",%progbits
  16 0000 789CE360 		.ascii	"x\234\343``d\020a@\000f\2065;\257^\346g\272r\361\307"
  16      60641061 
  16      40006686 
  16      353BAF5E 
  16      E667BA72 
  17 0016 125EE6FB 		.ascii	"\022^\346\373\323\267?\347c\000\000g\322\011\262"
  17      D3B73FE7 
  17      63000067 
  17      D209B2
  18              		.text
  19              		.section	.gnu.lto_.jmpfuncs.2e5e1c3319729e02,"e",%progbits
  20 0000 789C9597 		.ascii	"x\234\225\227ML\023A\024\307\347\355,P\276$\2361\006"
  20      4D4C1341 
  20      14C7E7ED 
  20      2C50BE24 
  20      9E3106
  21 0013 0E246A22 		.ascii	"\016$j\"\313\331xi\224\243\027\364\344\205 Tm\002BZ"
  21      CBD97869 
  21      94A317F4 
  21      E4852054 
  21      6D02425A 
  22 0027 88F15211 		.ascii	"\210\361R\021P\241@\241*Bbb\243\036\214\037\211\021"
  22      50A140A1 
  22      2A426262 
  22      A31E8C1F 
  22      8911
  23 0039 A231A880 		.ascii	"\2421\250\200\037\024AE\361\003\020\020\244TQ\021\021"
  23      1F144145 
  23      F1031010 
  23      A4545111 
  23      11
  24 004a 11A852AC 		.ascii	"\021\250R\254\273\354\260\326E&\373\232\274Cg\336l\377"
  24      BBECB0D6 
  24      4526FB9A 
  24      BC4367DE 
  24      6CFF
  25 005c FFDF7BCD 		.ascii	"\377\337{\315\2335\021 Ck\011\331M\324\017%\024\000"
  25      9B351120 
  25      436B09D9 
ARM GAS  /tmp/ccszdCXO.s 			page 2


  25      4DD40F25 
  25      1400
  26 006e A20E7B28 		.ascii	"\242\016{(\221\003\344\020\004\241\236\202\373\352@"
  26      9103E410 
  26      04A19E82 
  26      FBEA40
  27 007d AA8B7A28 		.ascii	"\252\213z(\005\0074C\"\2016\021\034r\020b\242\362vI"
  27      05073443 
  27      22813611 
  27      1C721062 
  27      A2F27649 
  28 0091 E9B5F3F1 		.ascii	"\351\265\363\361i\251\036*^\240\244\201*O\202\333\220"
  28      69A91E2A 
  28      5EA0A481 
  28      2A4F82DB 
  28      90
  29 00a2 B69446E4 		.ascii	"\266\224F\344\010\204B\241\004P2]\245S\303&\345I\021"
  29      088442A1 
  29      0450325D 
  29      A553C326 
  29      E54911
  30 00b5 40E00E24 		.ascii	"@\340\016$*\241\254?m\235\237\213J\006OqC\222\207F\022"
  30      2AA1AC3F 
  30      6D9D9F8B 
  30      4A064F71 
  30      43928746 
  31 00ca B80BC9DA 		.ascii	"\270\013\311\332\351\240z:<\275s\272\375Vd\362z5=\212"
  31      E9A07A3A 
  31      3CBD73BA 
  31      FD5664F2 
  31      7A353D8A 
  32 00de 40CBEAE9 		.ascii	"@\313\352\351\212\374\221^_c\254\362\253&\350 \320\312"
  32      8AFC915E 
  32      5F63ACF2 
  32      AB26E820 
  32      D0CA
  33 00f0 0C7490FF 		.ascii	"\014t\220\3778\210^r /\023y\265\251\373\314P\244\262"
  33      38885E72 
  33      202F1379 
  33      B5A9FBCC 
  33      50A4B2
  34 0103 1A036D90 		.ascii	"\032\003m\220\326@\005\305\330=fL\374k\214\347\344>"
  34      D64005C5 
  34      D83D664C 
  34      FC6B8CE7 
  34      E43E
  35 0115 CEC9038E 		.ascii	"\316\311\003\216\023\275rA0Z\214\207+\213\301\323\334"
  35      13BD7241 
  35      305A8C87 
  35      2B8BC1D3 
  35      DC
  36 0126 8ED3ECE5 		.ascii	"\216\323\354\345\323\277\350v\266$\250\364\275\004:"
  36      D3BFE876 
  36      B624A8F4 
  36      BD043A
  37 0135 98622F86 		.ascii	"\230b/\206\376#\215~'\216~\027\316\311c\036}\235r!\374"
  37      FE238D7E 
ARM GAS  /tmp/ccszdCXO.s 			page 3


  37      278E7E17 
  37      CEC9631E 
  37      7D9D7221 
  38 014a AF120B1E 		.ascii	"\257\022\013\036\032'\212\016y}\371|H9OD\207\240_2^"
  38      1A278A0E 
  38      797DF97C 
  38      48394F44 
  38      87A05F32 
  39 015f B627B8B2 		.ascii	"\266'\270\262=\305\231\355\346\227mt\266\242/^-\333"
  39      3DC599ED 
  39      E6976D74 
  39      B6A22F5E 
  39      2DDB
  40 0171 3881674C 		.ascii	"8\201gL\3618\246l\317\265\262\365\340\312\366\002\347"
  40      F138A66C 
  40      CFB5B2F5 
  40      E0CAF602 
  40      E7
  41 0182 E425AF6C 		.ascii	"\344%\257l:\345\306\351\277\302\321\177\215\323\334"
  41      3AE5C6E9 
  41      BFC2D17F 
  41      8DD3DC
  42 0191 CBA7DF5F 		.ascii	"\313\247\337_7\023\214Q\351\373\011\3641\305~\014\375"
  42      37138C51 
  42      E9FB09F4 
  42      31C57E0C 
  42      FD
  43 01a2 7E8DFE1B 		.ascii	"~\215\376\033\034\375\001\234\223A\036}\235r\343\364"
  43      1CFD019C 
  43      93411E7D 
  43      9D72E3F4 
  44 01b2 8770F4DF 		.ascii	"\207p\364\337\3424\017\363\351\007\027\332F#T\372c\004"
  44      E2340FF3 
  44      E90717DA 
  44      462354FA 
  44      6304
  45 01c4 4698E231 		.ascii	"F\230\3421\014\375w\032\375Q\034}\037\316\311\030\217"
  45      0CFD771A 
  45      FD511C7D 
  45      1FCEC918 
  45      8F
  46 01d5 BE4EB971 		.ascii	"\276N\271q\372~\034\375\3678\315\037\370\364'\232\312"
  46      FA7E1CFD 
  46      F738CD1F 
  46      F8F4279A 
  46      CA
  47 01e6 074595BE 		.ascii	"\007E\225\276\217\3008S\354\303\320\377\250\321\377"
  47      8FC03853 
  47      ECC3D0FF 
  47      A8D1FF
  48 01f5 84A3FF19 		.ascii	"\204\243\377\031\347d\202G_\247<F\010\277\000\305\313"
  48      E7648247 
  48      5FA73C46 
  48      08BF00C5 
  48      CB
  49 0206 17A02F2C 		.ascii	"\027\240/,\201U'|;V\336\236\014\333\016\250\243#<%N"
  49      8155277C 
ARM GAS  /tmp/ccszdCXO.s 			page 4


  49      3B56DE9E 
  49      0CDB0EA8 
  49      A3233C25 
  50 021b 4EF9FAEF 		.ascii	"N\371\372\357\023t\337\365\223\207l\"T\224\247\026$"
  50      1374DFF5 
  50      93876C22 
  50      5494A716 
  50      24
  51 022c 2C8F2D39 		.ascii	",\217-9\342\2240\336\031S\270\316\370\206\3439\315\357"
  51      E29430DE 
  51      1953B8CE 
  51      F886E339 
  51      CDEF
  52 023e 8C1B67CF 		.ascii	"\214\033g\317y\331L\252\005\370\316\024\327\002\242"
  52      79D94CAA 
  52      05F8CE14 
  52      D702A2
  53 024d 3366B4CE 		.ascii	"3f\264\316\370\201\353\214Y\234\2239^g\350\224\033\247"
  53      F881EB8C 
  53      599C9339 
  53      5E67E894 
  53      1BA7
  54 025f 3F8FA31F 		.ascii	"?\217\243\037\300i\376\311\247\357\364\367t\261\213"
  54      C069FEC9 
  54      A7EFF4F7 
  54      74B18B
  55 026e 5C35C02F 		.ascii	"\\5\300/\246\270\032C\177A\243\037\304\321_\3049\371"
  55      A6B81A43 
  55      7F41A31F 
  55      C4D15FC4 
  55      39F9
  56 0280 CDA3AF53 		.ascii	"\315\243\257Sn\234~\010G\277X@i>\262z\272B\377J\331"
  56      6E9C7E08 
  56      47BF5840 
  56      693EB27A 
  56      BA42FF4A 
  57 0295 6517EBFD 		.ascii	"e\027\353\375*\200\022AU\\\205\241_*,\323/\023P\364"
  57      2A801241 
  57      555C85A1 
  57      5F2A2CD3 
  57      2F1350F4 
  58 02a9 8FE29C1C 		.ascii	"\217\342\234\034\3438\321+7N\377\270\200\242_\216\323"
  58      E338D12B 
  58      374EFFB8 
  58      80A25F8E 
  58      D3
  59 02ba 5CC1A77F 		.ascii	"\\\301\247\177\275\261\246\231\315\244J\000'\363P\211"
  59      BDB1A699 
  59      CDA44A00 
  59      27F35089 
  60 02ca A15FA9D1 		.ascii	"\241_\251\321\257\302\321\257\3069q\361\350\353\224"
  60      AFC2D1AF 
  60      C63971F1 
  60      E8EB94
  61 02d9 1BA75F83 		.ascii	"\033\247_\203\243_\213\323\354\346\323_\354\014\270"
  61      A35F8BD3 
  61      ECE6D35F 
ARM GAS  /tmp/ccszdCXO.s 			page 5


  61      EC0CB8
  62 02e8 D7A8F49D 		.ascii	"\327\250\364\235\000'\230\007'\206\376I\215\376)\034"
  62      00279807 
  62      2786FE49 
  62      8DFE291C 
  63 02f8 FD3A9C93 		.ascii	"\375:\234\223\323<\372:\345K7\202\233\025\223\227\242"
  63      D33CFA3A 
  63      E54B3782 
  63      9B159397 
  63      A2
  64 0309 D51B0140 		.ascii	"\325\033\001@=KP\367\215\275O\212\016\272b\320\257\034"
  64      3D4B50F7 
  64      8DBD4F8A 
  64      0EBA62D0 
  64      AF1C
  65 031b FC645D8A 		.ascii	"\374d]\212}CJ\321\306-IY\371\366\355{\366\231\355v\213"
  65      7D434AD1 
  65      C62D4959 
  65      F9F6ED7B 
  65      F699ED76 
  66 0330 AD30696F 		.ascii	"\2550io\2265\327\222C\266J\373\363\363,R\201\265P2\357"
  66      9635D792 
  66      43B64AFB 
  66      F3F32C52 
  66      81B55032 
  67 0345 4CCFCC30 		.ascii	"L\317\3140oK\227\314;\254\031\371\233\315\005\005v)"
  67      6F4B97CC 
  67      3BAC19F9 
  67      9BCD0505 
  67      7629
  68 0357 CF9A9393 		.ascii	"\317\232\223\223k9\230e\263HE\031\273$\273-[*\262\025"
  68      6B399865 
  68      B3484519 
  68      BB24BB2D 
  68      5B2AB215 
  69 036b 66DA0F1D 		.ascii	"f\332\017\035\310N\315&\177\000\202\215\"\223"
  69      C84ECD26 
  69      7F00828D 
  69      2293
  70              		.text
  71              		.section	.gnu.lto_.inline.2e5e1c3319729e02,"e",%progbits
  72 0000 789CBD90 		.ascii	"x\234\275\220\301J\303@\020\206\377\335YC\322\024\351"
  72      C14AC340 
  72      1086FFDD 
  72      5943D214 
  72      E9
  73 0011 45103C98 		.ascii	"E\020<\230c\037#7oy\210X\025O\315#DEP\221\266\007A\304"
  73      631F2337 
  73      6F798858 
  73      154FCD23 
  73      44455091 
  74 0029 826F5090 		.ascii	"\202oP\220\342\245\266\342\003\350A\301\223\322\213"
  74      E2A5B6E2 
  74      03E841C1 
  74      93D28B
  75 0038 D06B41F0 		.ascii	"\320kA\360\254\263\353\2324\250\021/n`f\366\37770\377"
  75      ACB3EB9A 
ARM GAS  /tmp/ccszdCXO.s 			page 6


  75      34A8112F 
  75      6E6066F6 
  75      FF3730FF 
  76 004c E7426085 		.ascii	"\347B`\205\220\035\036\353\247\375I\2276\204\203\240"
  76      901D1EEB 
  76      A7FD4997 
  76      368483A0 
  77 005c 794CA2B5 		.ascii	"yL\242\2653\035\273-:#~)\006b\011\010\022\323E\321\026"
  77      331DBB2D 
  77      3A237E29 
  77      06620908 
  77      12D345D1 
  78 0071 6C5F1A39 		.ascii	"l_\03291\035\201\000_\2708\224\362\241U\300\343~M\015"
  78      311D8100 
  78      5FB83894 
  78      F2A155C0 
  78      E37E4D0D 
  79 0085 0909A535 		.ascii	"\011\011\2455\331@\010\347\244?\271\241XAeb*>\325\032"
  79      D94008E7 
  79      A43FB9A1 
  79      58416562 
  79      2A3ED51A 
  80 0099 6A7A2DE9 		.ascii	"jz-\351\203\007\201\271y\335\225\226fF\355*\353\252"
  80      830781B9 
  80      79DD9596 
  80      6646ED2A 
  80      EBAA
  81 00ab DCB5A3C4 		.ascii	"\334\265\243\304#z\347oc\271i\"\225e\3609\303\320f\030"
  81      237AE76F 
  81      63B96922 
  81      9565F039 
  81      C3D06618 
  82 00bf 16332C3F 		.ascii	"\0263,?\277\336\355\321:\340\233\035\327\376\236\201"
  82      BFDEEDD1 
  82      3AE09B1D 
  82      D7FE9E81 
  83 00cf AA7A994E 		.ascii	"\252z\231N\324\211\364\276v\335|\333<Jy\320\222\037"
  83      D489F4BE 
  83      76DD7CDB 
  83      3C4A79D0 
  83      921F
  84 00e1 7F66E02D 		.ascii	"\177f\340-\350\273\236:\021a\212\227\213\375+\346Q\371"
  84      E8BB9E3A 
  84      11618A97 
  84      8BFD2BE6 
  84      51F9
  85 00f3 86470180 		.ascii	"\206G\001\200\014\222Y>U\34632r\323\364\234\217\324"
  85      0C92593E 
  85      55E63332 
  85      72D3F49C 
  85      8FD4
  86 0105 8574F1EA 		.ascii	"\205t\361\352\367\267\017\007\232Te\373\013\251T\026"
  86      F7B70F07 
  86      9A5465FB 
  86      0BA95416 
  87 0115 506D5955 		.ascii	"PmYU\301\351f\2502u\021j0:z\2221R\027\316a\257\275+"
  87      C1E966A8 
ARM GAS  /tmp/ccszdCXO.s 			page 7


  87      3275116A 
  87      303A7A92 
  87      315217CE 
  88 012d E39061FF 		.ascii	"\343\220a\377\016\"\264^\230\233\341\177\360mG\037\037"
  88      0E22B45E 
  88      989BE17F 
  88      F06D471F 
  88      1F
  89 013e DE01BD57 		.ascii	"\336\001\275W\200."
  89      802E
  90              		.text
  91              		.section	.gnu.lto_.pureconst.2e5e1c3319729e02,"e",%progbits
  92 0000 789CE360 		.ascii	"x\234\343``d\340b```f\230\305\3024\213\205y\026\013"
  92      6064E062 
  92      60606066 
  92      98C5C234 
  92      8B857916 
  93 0015 000AA701 		.ascii	"\000\012\247\001\366"
  93      F6
  94              		.text
  95              		.section	.gnu.lto_urtSyncInit.2e5e1c3319729e02,"e",%progbits
  96 0000 789C9555 		.ascii	"x\234\225U]p\023U\030\275\337\336\375\313f\333Z\001"
  96      5D701355 
  96      18BDDFDE 
  96      FDCB66DB 
  96      5A01
  97 0012 8DD471D2 		.ascii	"\215\324q\322\031\231ZGI\036|r\234\321\014\360\340\003"
  97      19995A47 
  97      491E7C72 
  97      9CD10CF0 
  97      E003
  98 0024 2F957726 		.ascii	"/\225w&\244E;\2666\223\264\343\370\"\233\020)C\031\264"
  98      A4453BB6 
  98      3693B4E3 
  98      F8229B10 
  98      294319B4 
  99 0038 8A9254EB 		.ascii	"\212\222T\353\242\261\202\340\330\002>\024\250%\264"
  99      A2B182E0 
  99      D8023E14 
  99      A825B4
 100 0047 522C1645 		.ascii	"R,\026E\204h\0036Rl,P[[\260\005\324\326{\367'\211\374"
 100      84680336 
 100      526C2C50 
 100      5B5BB005 
 100      D4D67BF7 
 101 005e C435339B 		.ascii	"\30453\233\334\275\367\236\263\347;\367;Y\021\001z\326"
 101      DCBDF79E 
 101      B3E73BF7 
 101      3B591101 
 101      7AD6
 102 0070 86901F21 		.ascii	"\206\220\037!\264\227\\P\204\200Q\024\345\031!$2\014"
 102      B4975C50 
 102      84805114 
 102      E5192124 
 102      320C
 103 0082 CE0CC516 		.ascii	"\316\014\305\026\261\212$\264\035\310<\306*2f\330\211"
 103      B18A24B4 
ARM GAS  /tmp/ccszdCXO.s 			page 8


 103      1DC83CC6 
 103      2A3266D8 
 103      89
 104 0093 F8852564 		.ascii	"\370\205%d\206\333~\376\375G\311\014\013\274\261\233"
 104      86DB7EFE 
 104      FD47C90C 
 104      0BBCB19B 
 105 00a3 CB8E7810 		.ascii	"\313\216x\020\214\221\300\210\006\203l0\210\214\315"
 105      8C91C088 
 105      06836C30 
 105      888CCD
 106 00b2 60900C06 		.ascii	"`\220\014\006\033\330\215\335Rvd\007\331\030\311\000"
 106      1BD88DDD 
 106      52766407 
 106      D918C900 
 107 00c2 DA481101 		.ascii	"\332H\021\001m`0\313\361\202h\223\3542l\200\327\361"
 107      6D6030CB 
 107      F1826893 
 107      EC326C80 
 107      D7F1
 108 00d4 0E0C7DCD 		.ascii	"\016\014}\315\231\203L\345.\262GI\354\210\362\233\224"
 108      99834CE5 
 108      2EB24749 
 108      EC88F29B 
 108      94
 109 00e5 D71C2A46 		.ascii	"\327\034*F(F.\375\003\207\240\222\354\033\011\267_\227"
 109      28462EFD 
 109      0387A092 
 109      EC1B09B7 
 109      5F97
 110 00f7 B7611503 		.ascii	"\267a\025\003\260\344v\373\211\317\007%z\313\200\223"
 110      B0E476FB 
 110      89CF0725 
 110      7ACB8093 
 111 0107 AE0ECF76 		.ascii	"\256\016\317v\212\370i@d<\325\271\273\267\244\242CQ"
 111      8AF86940 
 111      643CD5B9 
 111      BBB7A4A2 
 111      4351
 112 0119 C24AE25A 		.ascii	"\302J\342Z\034+\017\253\030\303\027\200\011%\364@\031"
 112      1C2B0FAB 
 112      18C31780 
 112      0925F440 
 112      19
 113 012a 1C863284 		.ascii	"\034\2062\204\310\034\241\356\205\012\002\270\262'u"
 113      C81CA1EE 
 113      850A02B8 
 113      B22775
 114 0139 A618AFD4 		.ascii	"\246\030\257\324\300\3233\231\264\315\004\177\254\201"
 114      C0D33399 
 114      B4CD047F 
 114      AC81
 115 0147 5938721B 		.ascii	"Y8r\033\230%\340\204\006n\035\270\032\227\361j\015\274"
 115      9825E084 
 115      066E1DB8 
 115      1A97F16A 
 115      0DBC
ARM GAS  /tmp/ccszdCXO.s 			page 9


 116 0159 F04EF75C 		.ascii	"\360N\367\\\026\354hS\022\254\21298z\033\232#\350>\250"
 116      16EC6853 
 116      12AC8A39 
 116      387A1B9A 
 116      23E83EA8 
 117 016d 401433BA 		.ascii	"@\0243\272o\376\355\"\2365\012\206~\340\311\201\"\324"
 117      6FFEED22 
 117      9E350A86 
 117      7EE0C981 
 117      22D4
 118 017f 799A4B28 		.ascii	"y\232K(\363\013\315Jb\322\361\301\015y1\020\030\317"
 118      F30BCD4A 
 118      62D2F1C1 
 118      0D793110 
 118      18CF
 119 0191 D02F01A8 		.ascii	"\320/\001\250lb+y~)\350<-\030Q\003YP\022\010m\305\214"
 119      6C622B79 
 119      7E29E83C 
 119      2D185103 
 119      59501208 
 120 01a8 7E132237 		.ascii	"~\023\"7c\020I\367\317FyJ\334\216\005\362\300m\033\247"
 120      631049F7 
 120      CF46794A 
 120      DC8E05F2 
 120      C06D1BA7 
 121 01bc 4644EA1C 		.ascii	"FD\352\034\006\004_RA\210b\360\001r\320@1p\031\302="
 121      06045F52 
 121      418862F0 
 121      0172D040 
 121      317019C2 
 122 01d1 361D00F9 		.ascii	"6\035\000\371\000A+\262}\367\320\202-\002\341\220Hf"
 122      00412BB2 
 122      7DF7D082 
 122      2D02E190 
 122      4866
 123 01e3 E2543599 		.ascii	"\342T5\231L\236\0338\005\035\020\007\025\2130\000\021"
 123      4C9E1B38 
 123      051D1007 
 123      158B3000 
 123      11
 124 01f4 80639499 		.ascii	"\200c\224\231\254\034zss\027\357\376\214*r\252\330\006"
 124      AC1C7A73 
 124      7317EFFE 
 124      8C2A72AA 
 124      D806
 125 0206 C7C9B6A8 		.ascii	"\307\311\266\250V+Y\214\214\177\222\222\262\213\022"
 125      562B598C 
 125      8C7F9292 
 125      B28B12
 126 0215 7C05EE28 		.ascii	"|\005\356(\246\345\303 \2705\355+r::Z><\\DuH\300\300"
 126      A6E5C320 
 126      B835ED2B 
 126      723A3A5A 
 126      3E3C5C44 
 127 022d 89AC7036 		.ascii	"\211\254p6\234|\357\011\252\233\231\200f\247f\340-*"
 127      9C7CEF09 
 127      AA9B9980 
ARM GAS  /tmp/ccszdCXO.s 			page 10


 127      66A766E0 
 127      2D2A
 128 023f ED31CA09 		.ascii	"\3551\312\011_\023Y\326\012\030*T\300\311\273\027 \303"
 128      5F1359D6 
 128      0A182A54 
 128      C0C9BB17 
 128      20C3
 129 0251 37B40046 		.ascii	"7\264\000F_;z6\365\026\246\317\331\254-\026\301\267"
 129      5F3B7A36 
 129      F516A6CF 
 129      D9AC2D16 
 129      C1B7
 130 0263 E0D6CFF7 		.ascii	"\340\326\317\367\024\341'\033N\036\231\233\025\312\327"
 130      14E1271B 
 130      4E1E999B 
 130      15CAD7
 131 0272 A84A942C 		.ascii	"\250J\224,\027SHO\377\236\203\305\024\022\325 %\360"
 131      1753484F 
 131      FF9E83C5 
 131      1412D520 
 131      25F0
 132 0284 1D94EB90 		.ascii	"\035\224\353\220\323:dp\372X7_\316\350\220{4y\373c\323"
 132      D33A6470 
 132      FA58375F 
 132      CEE8907B 
 132      3479FB63 
 133 0299 25394829 		.ascii	"%9H)|oB\316\350\220]\255[zK\250m\367\302\000\202\263"
 133      7C6F42CE 
 133      E8905DAD 
 133      5B7A4BA8 
 133      6DF7C200 
 134 02af 50A6E245 		.ascii	"P\246\342E\232q\334\2767\272\306\020u\016\377\207sI"
 134      9A71DCBE 
 134      37BAC610 
 134      750EFF87 
 134      7349
 135 02c1 CBCEFD70 		.ascii	"\313\316\375pw\347\026\303\217\232s\006\254o\313\246"
 135      77E716C3 
 135      8F9A7306 
 135      AC6FCBA6 
 136 02d1 A4947367 		.ascii	"\244\224sg\011\014\233\356\244,\273s\316,\365\274ew"
 136      090C9BEE 
 136      A42CBB73 
 136      CE2CF5BC 
 136      6577
 137 02e3 7E322123 		.ascii	"~2!#Ti\236\033|\266\377\271\011\210\334\321\215\373"
 137      54699E1B 
 137      7CB6FFB9 
 137      0988DCD1 
 137      8DFB
 138 02f5 62F46821 		.ascii	"b\364h!m\270\321\372ij9\365\365~x\025~\246D\016\215"
 138      6DB8D1FA 
 138      696A39F5 
 138      F57E7815 
 138      7EA6440E 
 139 030a 48B8257C 		.ascii	"H\270%|7\035z\013\313\371QbI\366.d[X\274c\366\030K\216"
 139      371D7A0B 
ARM GAS  /tmp/ccszdCXO.s 			page 11


 139      CBF95162 
 139      49F62E64 
 139      5B58BC63 
 140 0322 8F16EAD5 		.ascii	"\217\026\352\325\213\205\302\366K6lc\377\016[~\272l"
 140      8B85C2F6 
 140      4B366C63 
 140      FF0E5B7E 
 140      BA6C
 141 0334 56D395B1 		.ascii	"V\323\225\261\334#\277\026R<^(]\227\012\245\353\262"
 141      DC23BF16 
 141      523C5E28 
 141      5D970AA5 
 141      EBB2
 142 0346 D93F572C 		.ascii	"\331?W,\367\317\204\331\014\277Y\356\237I\0232\245C"
 142      F7CF84D9 
 142      0CBF59EE 
 142      9F491332 
 142      A543
 143 0358 D2C9D1FD 		.ascii	"\322\311\321\375v=]\307\021\374\236\353'\311r\272\246"
 143      763D5DC7 
 143      11FC9EEB 
 143      27C972BA 
 143      A6
 144 0369 2D3B3753 		.ascii	"-;7S(]W\013\246\353\232\351\316\037\226\335\2315K\235"
 144      285D570B 
 144      A6EB9AE9 
 144      CE1F96DD 
 144      99354B9D 
 145 037d B3ECCE75 		.ascii	"\263\354\316u\023r\203*\315s\303n9]7\251\033\371y\222"
 145      1372832A 
 145      CD73C36E 
 145      395D37A9 
 145      1BF97992 
 146 0391 737922E1 		.ascii	"sy\"\341h\273\024\353\227(\234\240\023\251\256\341b"
 146      68BB14EB 
 146      97289CA0 
 146      13A9AEE1 
 146      62
 147 03a2 E24D886C 		.ascii	"\342M\210l\330\371\220\212\037 /8\375\215F\026Cj\272"
 147      D8F9908A 
 147      1F202F38 
 147      FD8D4616 
 147      436ABA
 148 03b5 3B670F0B 		.ascii	";g\017\013\177j\366\260\264\335\377\0027\211\243\316"
 148      7F6AF6B0 
 148      B4DDFF02 
 148      3789A3CE 
 149 03c5 D6B6D112 		.ascii	"\326\266\321\022\233\272\367\243\264\234e\343\340o\215"
 149      9BBAF7A3 
 149      B49C65E3 
 149      E06F8D
 150 03d4 8DA36CF3 		.ascii	"\215\243l\363\224\255\224\262\315\214\277{Q\370\377"
 150      94AD94B2 
 150      CD8CBF7B 
 150      51F8FF
 151 03e3 DA96C282 		.ascii	"\332\226\302\202\306\306S6\205q\347\377O,%^\204\230"
 151      C6C65336 
ARM GAS  /tmp/ccszdCXO.s 			page 12


 151      8571E7FF 
 151      4F2C255E 
 151      8498
 152 03f5 323409E1 		.ascii	"24\011\341\235s[\261\346\033\375\264`\310\275\360\021"
 152      9D735BB1 
 152      E61BFDB4 
 152      60C8BDF0 
 152      11
 153 0406 7ACAF542 		.ascii	"z\312\365BC}\215\313_\333\350\362<\267jm\225g\305*\227"
 153      437D8DCB 
 153      5FDBE8F2 
 153      3CB76A6D 
 153      9567C52A 
 154 041b 67756D55 		.ascii	"gumU\303\343\036\277?\350\252\257\255\256\256\253y\331"
 154      C3E31EBF 
 154      3FE8AAAF 
 154      ADAEAEAB 
 154      79D9
 155 042d 1BA87135 		.ascii	"\033\250q5U\255q\005\003>WS\240qm\360\225\227|\313}"
 155      55AD7105 
 155      033E5753 
 155      A0716DF0 
 155      95977CCB 
 156 0442 88A5BFA2 		.ascii	"\210\245\277\242\317[W\267\316\353{\221\367{\003\336"
 156      CF5B57B7 
 156      CEEB7B91 
 156      F77B03DE 
 157 0452 FAE083CB 		.ascii	"\372\340\203\313\202\217,k\252|\322\351m\010\256\\\367"
 157      828F2C6B 
 157      AA7CD2E9 
 157      6D08AE5C 
 157      F7
 158 0463 BC2718AC 		.ascii	"\274'\030\254\0114:\327{k\353j\252\321?5\260:\262"
 158      09343AD7 
 158      7B6BEB6A 
 158      AAD13F35 
 158      B03AB2
 159              		.text
 160              		.section	.gnu.lto_urtSyncStart.2e5e1c3319729e02,"e",%progbits
 161 0000 789C9D58 		.ascii	"x\234\235XiP\024G\024\356\327={\262\313r\337\011\230"
 161      69501447 
 161      14EED73D 
 161      7BB2CB72 
 161      DF0998
 162 0013 48195389 		.ascii	"H\031S\211Pe~\245Re(\315\317T\245L\376\345\207\205\272"
 162      50657EA5 
 162      526528CD 
 162      CF54A54C 
 162      FEE58785 
 163 0028 1AAB542C 		.ascii	"\032\253T,\026\222\312\037\035\020<\361\326\010\012"
 163      1692CA1F 
 163      1D103CF1 
 163      D6080A
 164 0037 2E8A44F1 		.ascii	".\212D\361\002\217\020O\\4jP4\304(*\036(^\250x\307#"
 164      028F104F 
 164      5C346A50 
 164      34C4282A 
ARM GAS  /tmp/ccszdCXO.s 			page 13


 164      1E285EA8 
 165 004e 8A9AD7D3 		.ascii	"\212\232\327\3233\263\353\252\343$T1\333\333\375\276"
 165      33B3EBAA 
 165      E3245431 
 165      DBDBFDBE 
 166 005e B75F7FF3 		.ascii	"\267_\177\363\276\327\263k'@\356F\0232\221\0202\034"
 166      BED7B36B 
 166      2740EE46 
 166      13329110 
 166      321C
 167 0070 08811402 		.ascii	"\010\201\024\002T\226\345\317mEvJ\331\225\326\212XI"
 167      5496E5CF 
 167      6D45764A 
 167      D995D68A 
 167      5849
 168 0082 76DA966C 		.ascii	"v\332\226l\276\362\221$\273\030\225zj.\304\343\214e"
 168      BEF29124 
 168      BB18957A 
 168      6A2EC4E3 
 168      8C65
 169 0094 E199651F 		.ascii	"\341\231e\037\342\214\004V5\332\242\217\254`SG6j\307"
 169      E28C0456 
 169      35DAA28F 
 169      AC605347 
 169      366AC7
 170 00a7 5106C6BB 		.ascii	"Q\006\306\273\304\253\313N\035j\006\247\232\301\001"
 170      C4ABCB4E 
 170      1D6A06A7 
 170      9AC101
 171 00b6 116AB453 		.ascii	"\021j\264S\037E\200K\035\271\250[\345\020\255rp\323"
 171      1F45804B 
 171      1DB9A85B 
 171      E510AD72 
 171      70D3
 172 00c8 48358347 		.ascii	"H5\203G\315\020\011Qj\264G\037EA\264:\212\2461\030\237"
 172      CD100951 
 172      6AB4471F 
 172      4541B43A 
 172      8AA63118 
 173 00dd 89F10918 		.ascii	"\211\361\011\030\237\202\36114V\315\020\247f\210\205"
 173      9F82F131 
 173      3456CD10 
 173      A7668885 
 174 00ed 78353A4E 		.ascii	"x5:N\037\305C\202:J\240\211\227\246>qa|R\345\343\322"
 174      1FC54382 
 174      3A4AA089 
 174      97A63E71 
 174      617C52E5 
 175 0103 81189F08 		.ascii	"\201\030\237\010\311\352Z\222>J\006PF\262\035\310$\312"
 175      C9EA5A92 
 175      3E4A0650 
 175      46B21DC8 
 175      24CA
 176 0115 248BD566 		.ascii	"$\213\325fw8#\\\356HOTtLl\\|BbR2L\2029l1\203E\323w\234"
 176      7738235C 
 176      EE484F54 
 176      744C6C5C 
ARM GAS  /tmp/ccszdCXO.s 			page 14


 176      7C426252 
 177 0134 70F75F25 		.ascii	"p\367_%\313\305r`\361\\\333\262\2066\231\371\031!\025"
 177      CBC57260 
 177      F15CDBB2 
 177      863699F9 
 177      192115
 178 0147 8CC0C054 		.ascii	"\214\300\300T\310N%\374\017\266C\177\014>W\\\365\330"
 178      C84E25FC 
 178      0FB6437F 
 178      0C3E575C 
 178      F5D8
 179 0159 351BD701 		.ascii	"5\033\327\001$|\273\360\340\226\026'\177K!\203\257\236"
 179      247CBBF0 
 179      E0961627 
 179      7F4B2183 
 179      AF9E
 180 016b 7A586F67 		.ascii	"zXog\203\200\340\370v\375\352&O\277Z%m\357J&\367\365"
 180      8380E0F8 
 180      76FDEA26 
 180      4FBF5A25 
 180      6DEF4A26 
 181 0181 3306BB80 		.ascii	"3\006\273\200\361\264;!\025v\000&\3069L\335\004\375"
 181      F1B43B21 
 181      15760026 
 181      C6394CDD 
 181      04FD
 182 0193 10B0A263 		.ascii	"\020\260\242c\277\337\311\206(\340Y[\2576R\025|,i\211"
 182      BFDFC986 
 182      28E0595B 
 182      AF365215 
 182      7C2C6989 
 183 01a7 1C90FC4C 		.ascii	"\034\220\374L\202\335\257\240%D\007\024\364\263\215"
 183      82DDAFA0 
 183      25440714 
 183      F4B38D
 184 01b6 ED4B25F6 		.ascii	"\355K%\366\225\202^s\346Y\035\323\320i\002m\201\346"
 184      95825E73 
 184      E6591DD3 
 184      D069026D 
 184      81E6
 185 01c8 57D01644 		.ascii	"W\320\026D\357\201~\204c\272K\345\365\016\366\255\202"
 185      EF817E84 
 185      63BA4BE5 
 185      F50EF6AD 
 185      82
 186 01d9 DFBEFBD6 		.ascii	"\337\276\373\326\035Kf\215<\027\361\017+\323\212'\313"
 186      1D4B668D 
 186      3C17F10F 
 186      2BD38A27 
 186      CB
 187 01ea E532A6B0 		.ascii	"\3452\246\260\302^\221\"\250\012\217\356\332\370|\221"
 187      C25E9122 
 187      A80A8FEE 
 187      DAF87C91 
 188 01fa DB2AC16F 		.ascii	"\333*\301o\220\3115\343Z\355\003+\341\005\314\347\352"
 188      90C935E3 
 188      5AED032B 
ARM GAS  /tmp/ccszdCXO.s 			page 15


 188      E105CCE7 
 188      EA
 189 020b 8F5A02F2 		.ascii	"\217Z\002\362\363\027S\345\300\221\264\345\265\236~"
 189      F31753E5 
 189      C091B4E5 
 189      B59E7E
 190 021a 801F6CA3 		.ascii	"\200\037l\243x\2613>\222\370\305\202\027\207\025/N\033"
 190      78B1333E 
 190      92F8C582 
 190      1787152F 
 190      4E1B
 191 022c 5E22EC7C 		.ascii	"^\"\354|.\006\270.)\300\367\227Nx\246L\020lg2\202wW"
 191      2E06B82E 
 191      29C0F797 
 191      4E78A64C 
 191      106C6732 
 192 0243 96400E10 		.ascii	"\226@\016\020R\306\250xS\204o.CI\347\336\366J+'P\305"
 192      52C6A878 
 192      53846F2E 
 192      4349E7DE 
 192      F64A2B27 
 193 0259 6290DCEC 		.ascii	"b\220\334\354\311\267\317\331\371\015b@`?\010\326e\214"
 193      C9B7CFD9 
 193      F90D6240 
 193      603F08D6 
 193      658C
 194 026b 6DC64A06 		.ascii	"m\306J\006\216\201\353P\274\323!\000\020\012p)RT\255"
 194      8E81EB50 
 194      BCD32100 
 194      100A7029 
 194      5254AD
 195 027e 6E7DE128 		.ascii	"n}\341(\201\342\";\316\3240\261\343\366\323\373\333"
 195      81E2223B 
 195      CED430B1 
 195      E3F6D3FB 
 195      DB
 196 028f A0166AC0 		.ascii	"\240\026j\300\317\334\360;\224\000\034\340\231\271r"
 196      CFDCF03B 
 196      94001CE0 
 196      99B972
 197 029e F3A73558 		.ascii	"\363\2475X\2637pF\031~\026\011-\030V\316T\241J\272\353"
 197      B3377046 
 197      197E1609 
 197      2D1856CE 
 197      54A14ABA 
 198 02b3 3A9CFAA2 		.ascii	":\234\372\242\007\016Bv9\322B\235\016A\266\302}p\220"
 198      070E4276 
 198      39D2429D 
 198      0E41B6C2 
 198      7D7090
 199 02c6 47EDCC15 		.ascii	"G\355\314\025;\334\234\207\007(\264\352\304\245\342"
 199      3BDC9C87 
 199      0728B4EA 
 199      C4A5E2
 200 02d5 F6CA4F38 		.ascii	"\366\312O8o\332\003S3\024\241\303XFU\360\234p\030i\231"
 200      6FDA0353 
 200      3314A1C3 
ARM GAS  /tmp/ccszdCXO.s 			page 16


 200      584655F0 
 200      9C701869 
 201 02ea DBC011A3 		.ascii	"\333\300\021\243\015\374\361\346\015DC\033\337\000\025"
 201      0DFCF1E6 
 201      0D44431B 
 201      DF0015
 202 02f9 6BCDC73B 		.ascii	"k\315\307;\0260\3769\323\224\305\030\370\023\262E\035"
 202      1630FE39 
 202      D394C518 
 202      F813B245 
 202      1D
 203 030a 1CC5FC18 		.ascii	"\034\305\374\030px\367\243\207\266>\303\375r9.\307r"
 203      7078F7A3 
 203      87B63EC3 
 203      FD72392E 
 203      C772
 204 031c C8CEBD6B 		.ascii	"\310\316\275k\266ErH\271\002\211\203\277\240\217\200"
 204      B6457248 
 204      B9028983 
 204      BFA08F80 
 205 032c 1C139096 		.ascii	"\034\023\220\226\273\373\266Z\373P\001\211W\350m\252"
 205      BBFBB65A 
 205      FB500189 
 205      57E86DAA 
 206 033c B8EB0942 		.ascii	"\270\353\011B\022\340\270\006i\027\220\033\233\247\235"
 206      12E0B806 
 206      6917901B 
 206      9BA79D
 207 034b 96B86C89 		.ascii	"\226\270l\211\320E\340\004\244\372Y\222\"\234e\343\334"
 207      D045E004 
 207      A4FA5992 
 207      229C65E3 
 207      DC
 208 035c 86CB842B 		.ascii	"\206\313\204+\307\336\242\334I\323\312\235z\263r\311"
 208      C7DEA2DC 
 208      49D3CA9D 
 208      7AB372C9 
 209 036c D0A128A7 		.ascii	"\320\241(\247\302\366\314\230\322\356\014\252\223\002"
 209      C2F6CC98 
 209      D2EE0CAA 
 209      9302
 210 037a A73575CE 		.ascii	"\2475u\316\230V\347\254\266\325s\246\325\351\324 \347"
 210      9856E7AC 
 210      B6D573A6 
 210      D5E9D420 
 210      E7
 211 038b 39D31035 		.ascii	"9\323\0205\254z\375[z\240\344\265j\244V\360[\013\027"
 211      AC7AFD5B 
 211      7AA0E4B5 
 211      6AA456F0 
 211      5B0B17
 212 039e 5435E6AD 		.ascii	"T5\346\255\353\030\300uM\203\211\320\305\023\275\243"
 212      EB18C075 
 212      4D8389D0 
 212      C513BDA3 
 213 03ae 24B205CD 		.ascii	"$\262\005\315\307\215Tw\210\211\022\246\010\011t4\234"
 213      C78D5477 
ARM GAS  /tmp/ccszdCXO.s 			page 17


 213      888912A6 
 213      08097434 
 213      9C
 214 03bf 8A44AD8A 		.ascii	"\212D\255\212\204$\357\242#\205\005q\255\310\337\271"
 214      8424EFA2 
 214      23850571 
 214      ADC8DFB9 
 215 03cf 35A8563A 		.ascii	"5\250V:\\T\324\222\270\031.\0113t\017\016f\322M\231"
 215      5C54D492 
 215      B8192E09 
 215      33740F0E 
 215      66D24D99 
 216 03e3 8E2EBEAC 		.ascii	"\216.\276\254\233\301\3163\323p\0273S\367\356\212Q\325"
 216      9BC1CE33 
 216      D3701733 
 216      53F7EE8A 
 216      51D5
 217 03f5 5F35B26D 		.ascii	"_5\262m\267n\333k/\333\226\205\370\324\261aN\351\011"
 217      B76EDB6B 
 217      2FDB9685 
 217      F8D4B161 
 217      4EE909
 218 0408 62C6A8D7 		.ascii	"b\306\250\327M\227\333\015#\312=FF\275id\324[Z)\336"
 218      4D97DB0D 
 218      23CA3D46 
 218      46BD6964 
 218      D45B5A29 
 219 041d 365D8A77 		.ascii	"6]\212w\264\272\272k\272\024\357i\220\373\002\322\373"
 219      B4BABA6B 
 219      BA14EF69 
 219      90FB02D2 
 219      FB
 220 042e 3470C122 		.ascii	"4p\301\"\214z\221\300\337\301\322t\036\275\363d5\230"
 220      8C7A91C0 
 220      DFC1D274 
 220      1EBDF364 
 220      3598
 221 0440 31EA03D3 		.ascii	"1\352\003\323\312=42\352#C\243>\326\324\371\307\264"
 221      CA3D3432 
 221      EA2343A3 
 221      3ED6D4F9 
 221      C7B4
 222 0452 3A4FB4AD 		.ascii	":O\264\255>5\255N\257\006y\306\231\206\250\021\241\227"
 222      3E35AD4E 
 222      AF0679C6 
 222      9986A811 
 222      A197
 223 0464 F8DB8CFA 		.ascii	"\370\333\214\372\234\253\021jMW\330\271\330\225&\312"
 223      9CAB116A 
 223      4D57D8B9 
 223      D89526CA 
 224 0474 3425D450 		.ascii	"4%\324P\022b^\350U\353~\355\261(\231\322X\246\006\325"
 224      12625EE8 
 224      55EB7EED 
 224      B12899D2 
 224      58A606D5 
 225 0488 59440D0C 		.ascii	"YD\015\014UL5CM\246/\031J\0121T\244\331\203\257\204"
ARM GAS  /tmp/ccszdCXO.s 			page 18


 225      554C3543 
 225      4DA62F19 
 225      4A0A3154 
 225      A4D983AF 
 226 049d 9AAD8A52 		.ascii	"\232\255\212R#\306S\336\3148\032\246R\003?M\243j\305"
 226      23C653DE 
 226      CC381AA6 
 226      52033F4D 
 226      A36AC5
 227 04b0 4CA7662B 		.ascii	"L\247f+f\006Uo\377Lj\266b\3124\310,\0019\271\350~\257"
 227      6606556F 
 227      FF4C6AB6 
 227      62CA34C8 
 227      2C0139B9 
 228 04c7 53F8E912 		.ascii	"S\370\351\022\201\331T\257 \217\351\203o\216i\345\346"
 228      81D954AF 
 228      208FE983 
 228      6F8E69E5 
 228      E6
 229 04d8 BE59B964 		.ascii	"\276Y\271d\230G\215\3744_Sg\201iu\026j[]dZ\235\2374"
 229      98478DFC 
 229      345F5367 
 229      81697516 
 229      6A5B5D64 
 230 04f0 C862CE34 		.ascii	"\310b\3164D\215(\323\007_9\015\363S\364\313G\335\265"
 230      448D28D3 
 230      075F390D 
 230      F353F4CB 
 230      47DDB5
 231 0503 23176344 		.ascii	"#\027cD\231Z\376\323Y\227\001\025\212@\026^\360K\260"
 231      995AFED3 
 231      59970115 
 231      8A40165E 
 231      F04BB0
 232 0516 E079B296 		.ascii	"\340y\262\226A\"\2255,Uu\243\233\204e\363\257]\331\351"
 232      41229535 
 232      2C5575A3 
 232      9B8465F3 
 232      AF5DD9E9 
 233 052a 12D9AA9F 		.ascii	"\022\331\252\237\343\335p\302R%\237\225\347\253\304"
 233      E3DD70C2 
 233      52259F95 
 233      E7ABC4
 234 0539 7C3D804F 		.ascii	"|=\200O\353\"]:\222#\241v\357\203[\252\242\251\334\362"
 234      EB225D3A 
 234      9223A176 
 234      EF835BAA 
 234      A2A9DCF2 
 235 054d A1D3169C 		.ascii	"\241\323\026\234^\206\323\370\217\034\374\354=$5\271"
 235      5E86D3F8 
 235      8F1CFCEC 
 235      3D2435B9 
 236 055d 72CAB36D 		.ascii	"r\312\263m.\221\307\206\2510\276\265\267\271I\371\362"
 236      2E91C786 
 236      A930BEB5 
 236      B7B949F9 
 236      F2
ARM GAS  /tmp/ccszdCXO.s 			page 19


 237 056e 13810F14 		.ascii	"\023\201\017\024\340\247\251\334\254gU\263\3320\240"
 237      E0A7A9DC 
 237      AC6755B3 
 237      DA30A0
 238 057d A9ACED10 		.ascii	"\251\254\355\020\023\001\000\325T\363n\314\331e36\274"
 238      130100D5 
 238      54F36ECC 
 238      D9653336 
 238      BC
 239 058e 724EDB4D 		.ascii	"rN\333M\225\332r#\223\2560j+5z[Y\371r[\261\207\264\225"
 239      95DA7223 
 239      93AE306A 
 239      2B357A5B 
 239      59F9725B 
 240 05a6 D8AE3D1D 		.ascii	"\330\256=\035WL\235\323\265\246\335\361\263\021\345"
 240      574C9DD3 
 240      B5A6DDF1 
 240      B311E5
 241 05b5 55467D65 		.ascii	"UF}e\265Q_\251\323\234\263\306\264s\326j6Xg\3329\353"
 241      B5515FA9 
 241      D39CB3C6 
 241      B473D66A 
 241      365867DA 
 242 05cb 35C80601 		.ascii	"5\310\006\001\271\360`\372\011\267\350+W\011\324\007"
 242      B9F060FA 
 242      09B7E82B 
 242      5709D407 
 243 05db 9D14F7E4 		.ascii	"\235\024\367\344t\375\001S\347t\203i\3456\032\365\225"
 243      74FD0153 
 243      E7748369 
 243      E5361AF5 
 243      95
 244 05ec 4D867D65 		.ascii	"M\206}e\263\246\316\026\323\352\374\242m\265\321\264"
 244      B3A6CE16 
 244      D3EAFCA2 
 244      6DB5D1B4 
 245 05fc 3ABF6A90 		.ascii	":\277j\220\255\234i\210\032\361z\211\277\255\257l\013"
 245      AD9C6988 
 245      1AF17A89 
 245      BFADAF6C 
 245      0B
 246 060d EF2B0961 		.ascii	"\357+\011a\347\364\221*\325u\334re\235\215\253\034\\"
 246      E7F4912A 
 246      D575DC72 
 246      659D8DAB 
 246      1C5C
 247 061f 7E2B3E21 		.ascii	"~+>!l\327\035\225\270\274\251\355*\321z\321\275\356"
 247      6CD71D95 
 247      B8BCA9ED 
 247      2AD17AD1 
 247      BDEE
 248 0631 8E1A27C7 		.ascii	"\216\032'\307\204w\217Q\341\315#\374\261{\007\325\037"
 248      84778F51 
 248      E1CD23FC 
 248      B17B07D5 
 248      1F
 249 0642 BB77D2EC 		.ascii	"\273w\322\354\320\257\235\351\370\265s\027~^\017\224"
ARM GAS  /tmp/ccszdCXO.s 			page 20


 249      D0AF9DE9 
 249      F8B57317 
 249      7E5E0F94 
 250 0652 56DF9E6D 		.ascii	"V\337\236my\335\206\336\257\020\277^\360\015\341cE\025"
 250      79DD86DE 
 250      AF10BF5E 
 250      F00DE163 
 250      4515
 251 0664 CBF4B3BE 		.ascii	"\313\364\263\276\012\275\244\363\315\365\350=\235\336"
 251      0ABDA4F3 
 251      CDF5E83D 
 251      9DDE
 252 0672 D9FF496F 		.ascii	"\331\377Iow\220^@\241\3278\375f\235C\320\003hV\344("
 252      77905E40 
 252      A1D738FD 
 252      669D43D0 
 252      036856E4 
 253 0687 63C94101 		.ascii	"c\311A\001oAqu\315\234\024U?\256\325L\006\301\037\013"
 253      6F417175 
 253      CD9C1455 
 253      3FAED54C 
 253      06C11F0B 
 254 069b 08F92CEB 		.ascii	"\010\371,\353\273\274q\336\254\011c\012\262r\276\376"
 254      BBBC71DE 
 254      AC09630A 
 254      B272BEFE 
 255 06ab 62D8D09C 		.ascii	"b\330\320\234\301_d\345|9fh\336\3079\023&\370\262\306"
 255      C15F64E5 
 255      7C396668 
 255      DEC73913 
 255      26F8B2C6 
 256 06bf 8D193972 		.ascii	"\215\0319r\254\367\207\334|oV\341\320o\262|\371#\262"
 256      ACF787DC 
 256      7C6F56E1 
 256      D06FB27C 
 256      F923B2
 257 06d2 0AF30B86 		.ascii	"\012\363\013\206\371~\034?b\300\010\"\361\327\010\357"
 257      F97E1C3F 
 257      62C00822 
 257      F1D708EF 
 258 06e2 F7DEF105 		.ascii	"\367\336\361\005\276\274\302\374\021^\2477??/\177\324"
 258      BEBCC2FC 
 258      115EA737 
 258      3F3F2F7F 
 258      D4
 259 06f3 D8DCD13E 		.ascii	"\330\334\321>\253\257 \267\240\320\227\226\351\373 "
 259      ABAF20B7 
 259      A0D09796 
 259      E9FB20
 260 0702 B3B0FFA7 		.ascii	"\263\260\377\247\031\271y\276!\303G\347\370|\336\374"
 260      19B979BE 
 260      21C347E7 
 260      F87CDEFC 
 261 0712 828C51B9 		.ascii	"\202\214Q\271c\306zG\222\177\001\371\215\025\301"
 261      63C67A47 
 261      927F01F9 
 261      8D15C1
ARM GAS  /tmp/ccszdCXO.s 			page 21


 262              		.text
 263              		.section	.gnu.lto_urtSyncFinal.2e5e1c3319729e02,"e",%progbits
 264 0000 789C9558 		.ascii	"x\234\225X[P\024W\032\356\377\234\236\236\373\014\367"
 264      5B501457 
 264      1AEEFF9C 
 264      9E9EFB0C 
 264      F7
 265 0011 DB0CC3CC 		.ascii	"\333\014\303\314V\320\260\227@\325\356\313^\252\262"
 265      56D0B097 
 265      40D5EECB 
 265      5EAAB2
 266 0020 5492C7AD 		.ascii	"T\222\307\255\332r\367u+\305\342$1e\202\305\300n\355"
 266      DA72F775 
 266      2BC5E224 
 266      316582C5 
 266      C06EED
 267 0033 CBA6418C 		.ascii	"\313\246A\214\012xK4\202\006FEW\301DA\342\335(\212\222"
 267      0A784B34 
 267      82064645 
 267      57C14441 
 267      E2DD288A 
 268 0048 8CA241A3 		.ascii	"\214\242A\243c\270D\242\211\006\015\361\266\033\342"
 268      63B844A2 
 268      89060DF1 
 268      B61BE2
 269 0057 9A007B4E 		.ascii	"\232\000{N\367\351\236f\324\346\354<\364\234>\347|\377"
 269      F7E99E66 
 269      D4E6EC3C 
 269      F49C3EE7 
 269      7CFF
 270 0069 F9CFD7DF 		.ascii	"\371\317\327\337\367\237\351\261\011 \274\232)\010\015"
 270      F79FE9B1 
 270      0920BC9A 
 270      29080D
 271 0078 8220DC02 		.ascii	"\202 \334\002A\200\237\010\200dY\376\275\265\306\206"
 271      41809F08 
 271      806459FE 
 271      BDB5C686 
 272 0088 10BED1DF 		.ascii	"\020\276\321\337\234.\312\016\353\206\356\033?\027e"
 272      9C2ECA0E 
 272      EB86EE1B 
 272      3F1765
 273 0097 1746E278 		.ascii	"\027F\342x\333\325L\322cY;\322\372S\322#\202\304f[\364"
 273      DBD54CD2 
 273      63593BD2 
 273      FA53D223 
 273      82C4665B 
 274 00ac 960456D6 		.ascii	"\226\004V\326\262\"\033\233\357b\363m\310\316z\034\254"
 274      B2221B9B 
 274      EF62F36D 
 274      C8CE7A1C 
 274      AC
 275 00bd C70E4E36 		.ascii	"\307\016N6\333\241\267\234\340b-\027r\263\034RY\016"
 275      DBA1B79C 
 275      E0622D17 
 275      72B31C52 
 275      590E
ARM GAS  /tmp/ccszdCXO.s 			page 22


 276 00cf 6EE46111 		.ascii	"n\344a\021\274,\202\007R\330l\257\336J\201T\326JEil"
 276      BC2C8207 
 276      52D86CAF 
 276      DE4A8154 
 276      D64A4569 
 277 00e4 7E369B9F 		.ascii	"~6\233\237\206\322\311X\220\366\250\337\256t\224\301"
 277      86D2C958 
 277      90F6A8DF 
 277      AE7494C1 
 278 00f4 E664B239 		.ascii	"\346d\2629\031\220\305\360\231z+\013\262Y+\033\345\260"
 278      1990C5F0 
 278      997A2B0B 
 278      B2592B1B 
 278      E5B0
 279 0106 08011621 		.ascii	"\010\001\026!\007\345\252HG@\215\344\312EyI=y\310\307"
 279      07E5AA48 
 279      47408DE4 
 279      CA457949 
 279      3D79C8C7 
 280 011a 56F1B355 		.ascii	"V\361\263U|\220\317\"\372\365V>\004X+\200\012\330*!"
 280      7C90CF22 
 280      FAF5563E 
 280      04582B80 
 280      0AD82A21 
 281 012e B64A010A 		.ascii	"\266J\001\012\261\010A\026!\010!6;\004\240\264d\033"
 281      B1084116 
 281      21082136 
 281      3B04A0B4 
 281      641B
 282 0140 086F202C 		.ascii	"\010o ,Z$\253\315\356p\272\334\036oJjZzFfVvNn\236\317"
 282      5A24ABCD 
 282      EE70BADC 
 282      1E6F4A6A 
 282      5A7A4666 
 283 015a 9F1F2808 		.ascii	"\237\037(\010\206\340\015X\205\327cX\267\374\360ew\321"
 283      86E00D58 
 283      85D76358 
 283      B7FCF065 
 283      77D1
 284 016c 7659AE95 		.ascii	"vY\256\225{\326w:Z;\007d\034\305\202\320\214\005\370"
 284      7BD6773A 
 284      5A3B0764 
 284      1CC582D0 
 284      8C05F8
 285 017f A50F4A7C 		.ascii	"\245\017J|\002\375\300!(\"\223\257\324\266<p\255$\343"
 285      02FDC021 
 285      282293AF 
 285      D4B63C70 
 285      AD24E3
 286 0192 0022B95D 		.ascii	"\000\"\271]{\372\203\230\203\336\"\010\322\321\301\211"
 286      7BFA8398 
 286      83DE2208 
 286      D2D1C189 
 287 01a2 DD36FC2C 		.ascii	"\3356\374,\010\244}g\367\216\243\336\271\333\224\260"
 287      08A47D67 
 287      F78EA3DE 
 287      B9DB94B0 
ARM GAS  /tmp/ccszdCXO.s 			page 23


 288 01b2 3F6EC5F2 		.ascii	"?n\305\362SQ\214\341C\3004\354\021\360\301a \201I\037"
 288      53518CE1 
 288      43C034EC 
 288      11F0C161 
 288      2081491F 
 289 01c6 097D14E6 		.ascii	"\011}\024\346\022\300\226\241\276\250\003?\257\200W"
 289      12C096A1 
 289      BEA8033F 
 289      AF8057
 290 01d5 1CF87A1F 		.ascii	"\034\370z\037b\340\2139\033\344\0361\212E8\366\010Z"
 290      62E08B39 
 290      1BE41E31 
 290      8A4538F6 
 290      085A
 291 01e7 24E81E05 		.ascii	"$\350\036\005=\334\266?f\307\177T\320\303\373W\304%"
 291      3DDCB63F 
 291      66C77F54 
 291      D0C3FB57 
 291      C425
 292 01f9 0DED57D1 		.ascii	"\015\355W\321\0268\376\010\332B\320'\024\364dW|\243"
 292      1638FE08 
 292      DA42D027 
 292      14F46457 
 292      7CA3
 293 020b 88FFA2A0 		.ascii	"\210\377\242\240;F&\3331C\217<\255\241{\037\213>\011"
 293      3B4626DB 
 293      31438F3C 
 293      ADA17B1F 
 293      8B3E09
 294 021e 73058A19 		.ascii	"s\005\212\031[\"\277o\307\257(\370C\307n\337\265\024"
 294      5B22BF6F 
 294      C7AF28F8 
 294      43C76EDF 
 294      B514
 295 0230 B6C9AB09 		.ascii	"\266\311\253\011~\252\335_\273Xn\222I\010\011N\251!"
 295      7EAADD5F 
 295      BB586E92 
 295      4908094E 
 295      A921
 296 0242 129CD2D9 		.ascii	"\022\234\322\331\327\272\246\326\271%\021\372\240\220"
 296      D7BAA6D6 
 296      B92511FA 
 296      A090
 297 0250 324E99FE 		.ascii	"2N\231\376\010$\201\332\220\366\355\276`\351\221\247"
 297      082481DA 
 297      90F6EDBE 
 297      60E991A7 
 298 0260 A697CA3D 		.ascii	"\246\227\312=\347\2126\357\315\374\031\220\205\255\210"
 298      E78A36EF 
 298      CDFC1990 
 298      85AD88
 299 026f 5C6C98B6 		.ascii	"\\l\230\266Dz\261\320\213D.v+\2718l\364\326N.\316\014"
 299      447AB1D0 
 299      8B442E76 
 299      2BB9386C 
 299      F4D64E2E 
 300 0285 A0D4FA81 		.ascii	"\240\324\372\201R\024\004\272U\"\020\222\362\034AYN"
ARM GAS  /tmp/ccszdCXO.s 			page 24


 300      521404BA 
 300      55221092 
 300      F21C4159 
 300      4E
 301 0296 68C0C2E4 		.ascii	"h\300\302\344\364\3644\006\271G\020\0321Roj\310\315"
 301      F4F43406 
 301      B947101A 
 301      31526F6A 
 301      C8CD
 302 02a8 75A81BED 		.ascii	"u\250\033\355\215\267K4\227\026\234A\362\\\271\370\316"
 302      8DB74B34 
 302      97169C41 
 302      F25CB9F8 
 302      CE
 303 02b9 151B7DD2 		.ascii	"\025\033}\322\030\004\370\030\324\0154b\274\207X\023"
 303      1804F818 
 303      D40D3462 
 303      BC875813 
 304 02c9 28066E41 		.ascii	"(\006nA\355\021\273\012\000#\300\245\260\322\262\243"
 304      ED11BB0A 
 304      0023C0A5 
 304      B0D2B2A3 
 305 02d9 7FDA5E07 		.ascii	"\177\332^\007\26556\322\323\206\325\315\307\207\373"
 305      B53536D2 
 305      D386D5CD 
 305      C787FB
 306 02e8 06601BB4 		.ascii	"\006`\033\264A\024\273\3414\324\001\304hdJ\342[\313"
 306      4114BBE1 
 306      34D401C4 
 306      68644AE2 
 306      5BCB
 307 02fa 3AA5925D 		.ascii	":\245\222]2\025}\024{\340\014\231\326\204\031guc\355"
 307      32157D14 
 307      7BE00C99 
 307      D6841967 
 307      7563ED
 308 030d 430E7DD0 		.ascii	"C\016}\320\013\375P\322D\322\"\224\235\205\022%\367"
 308      0BFD50D2 
 308      44D22294 
 308      9D851225 
 308      F7
 309 031e E712796C 		.ascii	"\347\022ylk\330r\330M\363\360\002\202sz\342bm\374\335"
 309      6BD872D8 
 309      4DF3F002 
 309      82737AE2 
 309      626DFCDD 
 310 0332 5FD1BCD1 		.ascii	"_\321\274\3218,\015*\234'e\231\322Lc\302'$-\276\015"
 310      382C0D2A 
 310      9C276599 
 310      D24C63C2 
 310      27242DBE 
 311 0347 0C986DE0 		.ascii	"\014\230m\340\374\2237\220\012\027\350\006\220:v\374"
 311      FC933790 
 311      0A17E806 
 311      903A76FC 
 312 0357 D2D0DB98 		.ascii	"\322\320\333\230\256\263L\031L\203O\241D\225\304E\022"
 312      AEB34C19 
ARM GAS  /tmp/ccszdCXO.s 			page 25


 312      4C834FA1 
 312      4495C445 
 312      12
 313 0368 9F4C387B 		.ascii	"\237L8{\354\373\011k\250\"*7\221\341t\0129\322\333q"
 313      ECFB096B 
 313      A8222A37 
 313      91E1740A 
 313      39D2DB71 
 314 037c D043214D 		.ascii	"\320C!M\012$\003.AH\205\304UH\354\336\251\003R\010\251"
 314      0A24032E 
 314      414885C4 
 314      5548ECDE 
 314      A9035208 
 315 0391 904C25BD 		.ascii	"\220L%\275=\315\367\274\011H\026\\\326 \237\251\220"
 315      3DCDF7BC 
 315      0948165C 
 315      D6209FA9 
 315      90
 316 03a2 C9D88335 		.ascii	"\311\330\2035\036J[6\324\003\014\202/\212s\024\342,"
 316      1E4A5B36 
 316      D4030C82 
 316      2F8A7314 
 316      E22C
 317 03b4 9DAB3BAF 		.ascii	"\235\253;\257\013\2249<\013sC\334\314\015?\231\271\\"
 317      0B94393C 
 317      0B7343DC 
 317      CC0D3F99 
 317      B95C
 318 03c6 18519863 		.ascii	"\030Q\230c\260\023\365o\306\035\011v\362\340s\215\235"
 318      B013F56F 
 318      C61D0976 
 318      F2E0738D 
 318      9D
 319 03d7 2BDCEC8C 		.ascii	"+\334\354\214j[\375\202\233\235\253\032\344\032\315"
 319      6A5BFD82 
 319      9B9DAB1A 
 319      E41ACD
 320 03e6 D4C086A4 		.ascii	"\324\300\206\244\353\3372\016u\217e\303\327L\037-|\311"
 320      EBDF320E 
 320      758F65C3 
 320      D74C1F2D 
 320      7CC9
 321 03f8 D858F3DE 		.ascii	"\330X\363\336\3203\224W?\374\023\276\242\201\362\225"
 321      D0339457 
 321      3FFC13BE 
 321      A281F295 
 322 0408 40D684F9 		.ascii	"@\326\204\371\250\221\3327ZT\011#\002\351\031\352\034"
 322      A891DA37 
 322      5A540923 
 322      02E919EA 
 322      1C
 323 0419 F410AE6A 		.ascii	"\364\020\256jTJ\002\304\221\252\005\311XMt\364@\202"
 323      544A02C4 
 323      91AA05C9 
 323      584D74F4 
 323      4082
 324 042b 2D275C57 		.ascii	"-'\\W\330\022\251\031n\3144\0032\232\301I\314\360\265"
ARM GAS  /tmp/ccszdCXO.s 			page 26


 324      D812A919 
 324      6ECC3403 
 324      329AC149 
 324      CCF0B5
 325 043e 6E06DB70 		.ascii	"n\006\333pk\375\256G\\\214\271\236\335\230\231\352o"
 325      6BFDAE47 
 325      5C8CB99E 
 325      DD9899EA 
 325      6F
 326 044f 9AD9F696 		.ascii	"\232\331\366\226n\333off\212\015>\265\327\377\260\376"
 326      6EDB6F66 
 326      668A0D3E 
 326      B5D7FFB0 
 326      FE
 327 0460 B73C3E1D 		.ascii	"\267<>\035\347V\333\267f\031\3376\363\351\0353\237\336"
 327      E756DBB7 
 327      6619DF36 
 327      F3E91D33 
 327      9FDE
 328 0472 D594788F 		.ascii	"\325\224x\217[\211\3675Y\375\233[\211\377\321 \337\251"
 328      5B89F735 
 328      59FD9B5B 
 328      89FFD120 
 328      DFA9
 329 0484 90AE3DAB 		.ascii	"\220\256=\253\016\211\252O\033\000&\022\312t\014\264"
 329      0E89AA4F 
 329      1B002612 
 329      CA740CB4 
 330 0494 DDBFCFE5 		.ascii	"\335\277\317\345\323\357\271\231{`\346\323\377\232\372"
 330      D3EFB999 
 330      7B60E6D3 
 330      FF9AFA
 331 04a3 F4A1C6CE 		.ascii	"\364\241\306\316\017\334\354\374\250mu\222\233\235)"
 331      0FDCECFC 
 331      A86D7592 
 331      9B9D29
 332 04b2 0D324D33 		.ascii	"\0152M35\260\341\324\025>\233OeD\3300:\3235=\363X\274"
 332      35B0E1D4 
 332      153E9B4F 
 332      6544D830 
 332      3AD3353D 
 333 04c9 56A4AAD4 		.ascii	"V\244\252\324o<\344D\202\251A\232h\335\335\217;\025"
 333      6F3CE444 
 333      82A9419A 
 333      68DDDD8F 
 333      3B15
 334 04db 452E8E6B 		.ascii	"E.\216k\221\211:\027#\023?\325!\315OK\320\014?\211\006"
 334      91893A17 
 334      23133FD5 
 334      21CD4F4B 
 334      D00C3F89 
 335 04f0 3F7978CF 		.ascii	"?yx\317\2757\021\257*\226\232e\274\354\311\031\247\302"
 335      BD3711AF 
 335      2A969A65 
 335      BCECC919 
 335      A7C2
 336 0502 7264E2A7 		.ascii	"rd\342\247z\304\024\323\200x\025\323\210\330\343_\201"
ARM GAS  /tmp/ccszdCXO.s 			page 27


 336      7AC414D3 
 336      807815D3 
 336      88D8E35F 
 336      81
 337 0513 7815B352 		.ascii	"x\025\263R\203\254R!;\353:V\272U?5\002\254F\272\202"
 337      83AC5221 
 337      3BEB3A56 
 337      BA553F35 
 337      02AC46BA 
 338 0528 BC5DBCE7 		.ascii	"\274]\274\347\336\032n\346\336z2s\271\36062\363\323"
 338      DE1A6EE6 
 338      DE7A3273 
 338      B9F03632 
 338      F3D3
 339 053a 5A8D9D75 		.ascii	"Z\215\235u\334\354\274\243mu=7;M\032\244\231fj`#\245"
 339      DCECBCA3 
 339      6D753D37 
 339      3B4D1AA4 
 339      99666A60 
 340 0550 9BF7DCDB 		.ascii	"\233\367\334\333\220\354\247\324$?\335b~\012\266\340"
 340      90ECA7D4 
 340      243FDD62 
 340      7E0AB6E0 
 341 0560 101369DA 		.ascii	"\020\023i\332\210~\036\221)cL\306A\243\341,$\350F\335"
 341      887E1E91 
 341      29634CC6 
 341      41A3E12C 
 341      24E846DD 
 342 0574 70E9BB56 		.ascii	"p\351\273V-\271\254<\034\321`8\013\327Cx\327L\276-f"
 342      2DB9AC3C 
 342      1CD16038 
 342      0BD74378 
 342      D74CBE2D 
 343 0589 866BD50D 		.ascii	"\206k\325\015\027\235i8\213\301p\031\247&\317\3443\242"
 343      179D6938 
 343      8BC17019 
 343      A726CFE4 
 343      33A2
 344 059b 4C65B389 		.ascii	"Le\263\211[6\233\3152\336bf\27063\303m\325$\265\215"
 344      5B369BCD 
 344      32DE6266 
 344      B83633C3 
 344      6DD524B5 
 345 05b0 5B52FFD2 		.ascii	"[R\377\322\364\261\235[R;4H\273\012\251\377\352\374"
 345      F4B19D5B 
 345      523B3448 
 345      BB0AA9FF 
 345      EAFC
 346 05c2 69AF6AB8 		.ascii	"i\257j\270\025\000\035\011\211e\216\2559\370kJ\2344"
 346      15001D09 
 346      89658EAD 
 346      39F86B4A 
 346      9C34
 347 05d4 0B713BB9 		.ascii	"\013q;\271\211{\317\314o\357\233\372m\227F\316nnr:\265"
 347      897BCFCC 
 347      6FEF9BFA 
 347      6D9746CE 
ARM GAS  /tmp/ccszdCXO.s 			page 28


 347      6E6E723A 
 348 05e9 9D767193 		.ascii	"\235vq\223\263G\203t\323L\015dd\351\002\267\315\342"
 348      B3478374 
 348      D34C0D64 
 348      64E902B7 
 348      CDE2
 349 05fb B70F92FD 		.ascii	"\267\017\222\375F\377\260\220E\375\227\345\315\350\365"
 349      46FFB090 
 349      45FD97E5 
 349      CDE8F5
 350 060a 3455A5D2 		.ascii	"4U\245\322\377\365\323\262\000\366*\004Y\250\336\367"
 350      FFF5D3B2 
 350      00F62A04 
 350      59A8DEF7 
 351 061a 11BDD360 		.ascii	"\021\275\323`\261g\325P\326\244P\233\036z\204\244h\321"
 351      B167D550 
 351      D6A4509B 
 351      1E7A84A4 
 351      68D1
 352 062c 9D5B475D 		.ascii	"\235[G]j\264MS\344i8`\277\022O\242\361\016\220x\343"
 352      6AB44D53 
 352      E4693860 
 352      BF124FA2 
 352      F10E9078 
 353 0641 40DE93D5 		.ascii	"@\336\223\325psHr\024\263o\371\267\355v\252\015\362"
 353      70734872 
 353      14B36FF9 
 353      B7ED76AA 
 353      0DF2
 354 0653 F60A0791 		.ascii	"\366\012\007\221\217\034\272j\235 +FI\265\240\305\241"
 354      8F1CBA6A 
 354      9D202B46 
 354      49B5A0C5 
 354      A1
 355 0664 B7AF83BD 		.ascii	"\267\257\203\275\246\3161\326\007\211\220pH\257\017"
 355      A6CE31D6 
 355      07899070 
 355      48AF0F
 356 0673 39342994 		.ascii	"94)\224\\P(\340\344\325\241%.\025\020\204\303: \367"
 356      5C5028E0 
 356      E4D5A125 
 356      2E151084 
 356      C33A20F7 
 357 0687 C2DD873B 		.ascii	"\302\335\207;\224\012\204\222\000\215\243\373\266\333"
 357      940A8492 
 357      008DA3FB 
 357      B6DB
 358 0695 5540088E 		.ascii	"U@\010\216\350\200\274\233W\216\337Q\217\007C\005\262"
 358      E880BC9B 
 358      578EDF51 
 358      8F074305 
 358      B2
 359 06a6 71C9F243 		.ascii	"q\311\362C3?\0375\253@\307\364\012\3243\263\002\331"
 359      333F1F35 
 359      AB40C7F4 
 359      0AD433B3 
 359      02D9
ARM GAS  /tmp/ccszdCXO.s 			page 29


 360 06b8 0C15C8B7 		.ascii	"\014\025\310\267a\371w\205Jm\234\305H\307\271\215t\302"
 360      61F97785 
 360      4A6D9CC5 
 360      48C7B98D 
 360      74C2
 361 06ca 2CE35EB3 		.ascii	",\343^\263\012t\322\254\002\235\322L\326\307m\262\217"
 361      0A74D2AC 
 361      029DD24C 
 361      D6C76DB2 
 361      8F
 362 06db 34C77CCC 		.ascii	"4\307|\314m\262\230\0069\255B\366\266n\356cG\376j\200"
 362      6DB29806 
 362      39AD42F6 
 362      B66EEE63 
 362      47FE6A80 
 363 06ef 3309D3F9 		.ascii	"3\011\323\371\007.\365\307\004\236\332\335\317\315\334"
 363      072EF5C7 
 363      049EDADD 
 363      CFCDDC
 364 06fe 59B31274 		.ascii	"Y\263\022t\316\264\004}\242\2613\300\315\316ym\253\027"
 364      CEB4047D 
 364      A2B133C0 
 364      CDCE796D 
 364      AB17
 365 0710 B8D9F954 		.ascii	"\270\331\371T\203\\\244\231\032\330\310\327\025n\235"
 365      835CA499 
 365      1AD8C8D7 
 365      156E9D
 366 071f A5045D4A 		.ascii	"\245\004]J.A\201D\011R,\033\357\230\000\346(\203I\013"
 366      2E418144 
 366      09522C1B 
 366      EF9800E6 
 366      2883490B 
 367 0733 66985453 		.ascii	"f\230TS\362\034\335\225\0158\250\273Rl\304!=\250\215"
 367      F21CDD95 
 367      0D38A8BB 
 367      526CC421 
 367      3DA88D
 368 0746 38EE9D58 		.ascii	"8\356\235X\001\235\237\\\207\002\263\274.\307\221\376"
 368      019D9F5C 
 368      8702B3BC 
 368      2EC791FE 
 369 0756 BA7C1995 		.ascii	"\272|\031\225\264`\273p\033j7u\257\313c\213\223\201"
 369      B460BB70 
 369      1B6A3775 
 369      AFCB638B 
 369      9381
 370 0768 09B0D357 		.ascii	"\011\260\323W\345\340P\307\240\325Xa\234d\217\237!_"
 370      E5E050C7 
 370      A0D55861 
 370      9C648F9F 
 370      215F
 371 077a 00190B95 		.ascii	"\000\031\013\225\223\024\252A\344+@$[P\023\244\177\256"
 371      9314AA41 
 371      E42B4024 
 371      5B5013A4 
 371      7FAE
ARM GAS  /tmp/ccszdCXO.s 			page 30


 372 078c 09C2EF8A 		.ascii	"\011\302\357\212_\251x-\\\274hAUq\351\237^xq^\351s/"
 372      5FA9782D 
 372      5CBC6841 
 372      5571E99F 
 372      5E78715E 
 373 07a3 1497FE61 		.ascii	"\024\227\376a\301\274\212_\224.Z\024)~m\301\374\371"
 373      C1BC8A5F 
 373      942E5A14 
 373      297E6DC1 
 373      FCF9
 374 07b5 0BC37F2F 		.ascii	"\013\303\177/\253\014\027W\317\373sq\244\262\274\270"
 374      AB0C1757 
 374      CFFB7371 
 374      A4B2BCB8 
 375 07c5 BAB2EAC5 		.ascii	"\272\262\352\305\310?^/\177\246\\"
 375      C83F5E2F 
 375      7FA65C
 376 07d0 10E9B733 		.ascii	"\020\351\2673\374\267\360\353U\221\212\352\312\362\260"
 376      FCB7F0EB 
 376      55918AEA 
 376      CAF2B0
 377 07df 2B525D5E 		.ascii	"+R]^\036\216D^ZX\366r\304\021\256\254\254\250T\232R"
 377      1E8E445E 
 377      5A58F672 
 377      C411AEAC 
 377      ACA8549A 
 378 07f4 A4AAACAA 		.ascii	"\244\252\254\252:\342/\214<]X]\364\233`YE\344\371\277"
 378      3AE22F8C 
 378      3C5D585D 
 378      F49B6059 
 378      45E4F9BF 
 379 0808 BE5C1A89 		.ascii	"\276\\\032\211\204+\253\202/\225-X\030\236/\374\017"
 379      842BAB82 
 379      2F952D58 
 379      189E2FFC 
 379      0F
 380 0819 E8525ACF 		.ascii	"\350RZ\317"
 381              		.text
 382              		.section	.gnu.lto_.symbol_nodes.2e5e1c3319729e02,"e",%progbits
 383 0000 789C6D90 		.ascii	"x\234m\220\277/CQ\024\307\317\217{K*i\223v\026\026\223"
 383      BF2F4351 
 383      14C7CF8F 
 383      7B4B2A69 
 383      93761616 
 384 0015 D52216FE 		.ascii	"\325\"\026\376\262[\362\014\272\250I\210H\304\033LU"
 384      B25BF20C 
 384      BAA84988 
 384      48C41B4C 
 384      55
 385 0026 C4C02021 		.ascii	"\304\300 !OD4\322\240-\032\006\251b\"M,\225\3469\267"
 385      4F4434D2 
 385      A02D1A06 
 385      A962224D 
 385      2C95E639 
 386 003b 4FEF1BF4 		.ascii	"O\357\033\364L\337\334\357\371~\357\347\336a@\230$\000"
 386      4CDFDCEF 
 386      F97EEFE7 
ARM GAS  /tmp/ccszdCXO.s 			page 31


 386      DE614098 
 386      2400
 387 004d A05B3290 		.ascii	"\240[2\220\223QX\270\0060\000\307\27191et\215`\334\256"
 387      935158B8 
 387      063000C7 
 387      B9393165 
 387      748D60DC 
 388 0062 DC91C1C1 		.ascii	"\334\221\301\301+T%C\3350\014\371\237\205\367d8\374"
 388      2B542543 
 388      DD300CF9 
 388      9F85F764 
 388      38FC
 389 0074 9BB19E0D 		.ascii	"\233\261\236\015r\321\2548u2j\260\363@F\017t\030\364"
 389      72D1AC38 
 389      75326AB0 
 389      F340460F 
 389      7418F4
 390 0087 426D630A 		.ascii	"Bmc\012=\024\265W(\275\002\372\"\325A\253\274\206\030"
 390      3D14B557 
 390      28BD02FA 
 390      22D541AB 
 390      BC8618
 391 009a 60DF0F12 		.ascii	"`\337\017\022\316o&\234\357\0151\271<\305y\212\363\244"
 391      CE6F269C 
 391      EF0D31B9 
 391      3CC5798A 
 391      F3A4
 392 00ac 8BCB8BF5 		.ascii	"\213\313\213\365^\212\364\315Wg'J\251yy7\241\357\012"
 392      5E8AF4CD 
 392      5767274A 
 392      A9797937 
 392      A1EF0A
 393 00bf FCA42B08 		.ascii	"\374\244+\010\222\256\240iO_\316\036[R\220\022\331i"
 393      92AEA069 
 393      4F5FCE1E 
 393      5B529012 
 393      D969
 394 00d1 EC5E4841 		.ascii	"\354^HAZ\026\2366\363E)\020\231\330:\251\274\001z\031"
 394      5A169E36 
 394      F3452910 
 394      99D83AA9 
 394      BC017A19 
 395 00e5 45D16F56 		.ascii	"E\321oVG\200\331q\261.\365\271X\355\367\271X\347\177"
 395      4780D971 
 395      B12EF5B9 
 395      58EDF7B9 
 395      58E77F
 396 00f8 56672C16 		.ascii	"Vg,\026\353\312v\273\015\026\213UCZ\321b\261\303\342"
 396      EBCA76BB 
 396      0D168B55 
 396      435AD162 
 396      B1C3E2
 397 010b 188B632C 		.ascii	"\030\213c,\326\347\335\253Q\364R\242\336W\216\246\321"
 397      D6E7DDAB 
 397      51F452A2 
 397      DE578EA6 
 397      D1
ARM GAS  /tmp/ccszdCXO.s 			page 32


 398 011c 17A5A2B7 		.ascii	"\027\245\242\267\006\366p}\351{\002\233\031[_-_J}V\374"
 398      06F6707D 
 398      E97B029B 
 398      195B5F2D 
 398      5F4A7D56 
 399 0131 8FE7D34F 		.ascii	"\217\347\323O!\311*\216H\017\323\000\277N\335\270a"
 399      21C92A8E 
 399      480FD300 
 399      BF4EDDB8 
 399      61
 400              		.text
 401              		.section	.gnu.lto_.refs.2e5e1c3319729e02,"e",%progbits
 402 0000 789C7DCA 		.ascii	"x\234}\312;\016D`\000F\321\357^\217\374\206D(\204\320"
 402      3B0E4460 
 402      0046D1EF 
 402      5E8FFC86 
 402      442884D0 
 403 0014 C8589DFD 		.ascii	"\310X\235\375/`\246TiON\011\271\223\264\011J-M(\362"
 403      2F60A654 
 403      694F4E09 
 403      B993B409 
 403      4A2D4D28 
 404 0029 917EF061 		.ascii	"\221~\360a\335\037d\010\243L2\207Mv9\306\352u-\262\312"
 404      DD1F6408 
 404      A34C3287 
 404      4D7639C6 
 404      EA752DB2 
 405 003e 164EF9CA 		.ascii	"\026N\371\312\225\037\222\304\002\310"
 405      951F92C4 
 405      02C8
 406              		.text
 407              		.section	.gnu.lto_.decls.2e5e1c3319729e02,"e",%progbits
 408 0000 789CAD5B 		.ascii	"x\234\255[\013PT\331\231\356\323\247\351n\232\327\014"
 408      0B5054D9 
 408      99EED3A7 
 408      E96E9AD7 
 408      0C
 409 0011 98192B5A 		.ascii	"\230\031+Z\251\251\254\311\316n\325\014\223\232\354"
 409      A9A9ACC9 
 409      CE6ED50C 
 409      939AEC
 410 0020 26D9496D 		.ascii	"&\331Im\355djv\223\252\315N*f7\233T\355\022\204V\310"
 410      ED646A76 
 410      93AACD4E 
 410      2A66379B 
 410      54ED1284 
 411 0036 F030D03A 		.ascii	"\3600\320:3[[\225F\020A\001Qqx\213\010\012\310[\036"
 411      335B5B95 
 411      46104101 
 411      5171788B 
 411      080AC85B 
 412 004b 02F25290 		.ascii	"\002\362R\220\247\002\212\"o\021\345)\017\025EP\036"
 412      A7028A22 
 412      6F11E529 
 412      0F154550 
 412      1E
 413 005c FB9FFB9F 		.ascii	"\373\237\373\237K\337K\337vf\266\3223\307{\377s\377"
ARM GAS  /tmp/ccszdCXO.s 			page 33


 413      4BDF4BDF 
 413      7666B6D2 
 413      33C77BFF 
 413      73FF
 414 006e FF3FDFFF 		.ascii	"\377?\337\377\237\377\374\347q/z\025Q\345\375\235J\365"
 414      9FFFFCE7 
 414      712F7A15 
 414      51E5FD9D 
 414      4AF5
 415 0080 6DBD4AF5 		.ascii	"m\275J\365T\255R\255\303O\243R\251n@q\2062\013e\030"
 415      54AD52AD 
 415      C34FA352 
 415      A96E4071 
 415      86320B65 
 416 0095 CA1E285A 		.ascii	"\312\036(Z(\353P@De\017\305\031\312\357\2014\200\\\012"
 416      28EB5040 
 416      44650FC5 
 416      19CAEF81 
 416      34805C0A 
 417 00a9 DC3BC2F5 		.ascii	"\334;\302\365*\320\335P(\224w\201~\007\212N\215\262"
 417      2AD0DD50 
 417      28947781 
 417      7E078A4E 
 417      8DB2
 418 00bb 1FC0F543 		.ascii	"\037\300\365C(?\207\362+(\277\203\362\337jA\235j\227"
 418      283F87F2 
 418      2B28BF83 
 418      F2DF6A41 
 418      9D6A97
 419 00ce 5A25FB7D 		.ascii	"Z%\373}\006 \266\301\325\007\212+\224-\233\260d\201"
 419      0620B6C1 
 419      D5078A2B 
 419      942D9BB0 
 419      6481
 420 00e0 9017C878 		.ascii	"\220\027\310x\252\261\375\034\240\2759\016\243\032\361"
 420      AAB1FD1C 
 420      A0BD390E 
 420      A31AF1
 421 00ef ED5623C6 		.ascii	"\355V#\306=j\304\371\237j\013~\037\216\351\023\270\316"
 421      3D6AC4F9 
 421      9F6A0B7E 
 421      1F8EE913 
 421      B8CE
 422 0101 C0751C8A 		.ascii	"\300u\034\212N\205x\365\0343\303?\011uSP&\270M\037p"
 422      4E8578F5 
 422      1C33C33F 
 422      09755350 
 422      26B84D1F 
 423 0116 DCBFB281 		.ascii	"\334\277\262\201;\024p\177\017\256\375\233p\213\276"
 423      3B14707F 
 423      0FAEFD9B 
 423      708BBE
 424 0125 F15523F6 		.ascii	"\361U#\366\007p?\310m\331\256\372\313\3332\314\373a"
 424      07703FC8 
 424      6DD9AEFA 
 424      CBDB32CC 
 424      FB61
ARM GAS  /tmp/ccszdCXO.s 			page 34


 425 0137 00CA1FA1 		.ascii	"\000\312\037\241\376\277\324\312\3661\273D\033Y\277"
 425      FEBFD4CA 
 425      F631BB44 
 425      1B59BF
 426 0146 7F28B1CF 		.ascii	"\177(\261\317V\337\034\003\306\357~C\033\307\377\302"
 426      56DF1C03 
 426      C6EF7E43 
 426      1BC7FFC2 
 427 0156 364AEDFB 		.ascii	"6J\355\373*\273X\277\375\374+\372-\236\222\341\003\251"
 427      2ABB58BF 
 427      FDFC2BFA 
 427      2D9E92E1 
 427      03A9
 428 0168 4B8E3194 		.ascii	"K\2161\224\270\032\210\006\310\270\266\322V\003\220"
 428      B81A8806 
 428      C8B8B6D2 
 428      560390
 429 0177 5B0CE42D 		.ascii	"[\014\344- \353\326\277\254\323\340S=\220\307\232\026"
 429      20EBD6BF 
 429      ACD3E053 
 429      3D90C79A 
 429      16
 430 0188 321CA99A 		.ascii	"2\034\251\2320\301\207\347\373o9S{\341\276~r\366\202"
 430      30C187E7 
 430      FB6F3953 
 430      7BE1BE7E 
 430      72F682
 431 019b 237515EE 		.ascii	"#u\025\356\263K\032s\354\335\363\315\370\323\237\242"
 431      B34B1A73 
 431      ECDDF3CD 
 431      F8D39FA2 
 432 01ab 2A5247A8 		.ascii	"*RG\250\245\301\202\274\227E\006\015\003\264\307\221"
 432      A5C182BC 
 432      9745060D 
 432      03B4C791 
 433 01bb ECD3B0AA 		.ascii	"\354\323\260\252\352\360\325Z\035\264\362\327\006\302"
 433      EAF0D55A 
 433      1DB4F2D7 
 433      06C2
 434 01c9 46A20B54 		.ascii	"F\242\013T5\317\317\336\"X\3058*\012\322Z\010\375\255"
 434      35CFCFDE 
 434      2258C538 
 434      2A0AD25A 
 434      08FDAD
 435 01dc 705FFBA2 		.ascii	"p_\373\242\350\245\213!\302l>`>\035j\266\377\271\212"
 435      E8A58B21 
 435      C26C3E60 
 435      3E1D6AB6 
 435      FFB98A
 436 01ef 5C22DB48 		.ascii	"\\\"\333H\025\331\246\"\215D\220\250'\356\244\001\352"
 436      15D9A622 
 436      8D4490A8 
 436      27EEA401 
 436      EA
 437 0200 AE401D08 		.ascii	"\256@\035\010\334\234\217X\267\027Z\274J\014\3442\021"
 437      DC9C8F58 
 437      B7175ABC 
ARM GAS  /tmp/ccszdCXO.s 			page 35


 437      4A0CE432 
 437      11
 438 0211 DA6C7C72 		.ascii	"\332l|r\363o7\352\232\260\256a\352A\204\201\376Qh%\366"
 438      F36F37EA 
 438      9AB0AE61 
 438      EA418481 
 438      FE516825 
 439 0226 6CCC5FB9 		.ascii	"l\314_\271\035\343V\230\011\021z\0040\220V\342\306\032"
 439      1DE35698 
 439      09117A04 
 439      309056E2 
 439      C61A
 440 0238 E0D6E44D 		.ascii	"\340\326\344M\204\017\032\350g\202H\335\351\213O]\254"
 440      840F1AE8 
 440      678248DD 
 440      E98B4F5D 
 440      AC
 441 0249 64DAAC64 		.ascii	"d\332\254d*\342ZN98\036\3360\200\264\303c\321\006\025"
 441      2AE25A4E 
 441      39381EDE 
 441      3080B4C3 
 441      63D10615 
 442 025d B9461C91 		.ascii	"\271F\034\221\357\331`f\262\203\200\021\252H3b\254\037"
 442      EFD96066 
 442      B2838011 
 442      AA483362 
 442      AC1F
 443 026f 895EA6E0 		.ascii	"\211^\246\340\230\355\340+\"q\324vtT\317\330\355\223"
 443      98EDE02B 
 443      2271D476 
 443      7454CFD8 
 443      ED93
 444 0281 76F40811 		.ascii	"v\364\010\021\210'\003\207\206\355\365\341\254!s\203"
 444      88270387 
 444      86EDF5E1 
 444      AC217383 
 445 0291 996E5591 		.ascii	"\231nU\221\367\267\221\367\300O]\200\351\006\321\013"
 445      F7B791F7 
 445      C04F5D80 
 445      E906D10B 
 446 02a1 984827B4 		.ascii	"\230H'\264\334\201\236J~\330\270jG\023Q:te>N\257$}\323"
 446      DC819E4A 
 446      7ED8B86A 
 446      4713513A 
 446      74653E4E 
 447 02b9 8674CED9 		.ascii	"\206t\316\331\331u'\001o7<\275\216x\303\257\306^r\302"
 447      D9752701 
 447      6F373CBD 
 447      8E78C3AF 
 447      C65E72C2 
 448 02cd 08520399 		.ascii	"\010R\003\231~\273\353\000\301\370z\015\310\210\334"
 448      7EBBEB00 
 448      C1F87A0D 
 448      C888DC
 449 02dc 3B797634 		.ascii	";yv4\007\033\354\256\011\233sQj\360\0164\330\253\320"
 449      071BECAE 
 449      099B7351 
ARM GAS  /tmp/ccszdCXO.s 			page 36


 449      6AF00E34 
 449      D8ABD0
 450 02ef E0F3B19C 		.ascii	"\340\363\261\234\031\027Z\212\3225)\225\231\212\322"
 450      19175A8A 
 450      D2352995 
 450      998AD2
 451 02fe 7D36A4CB 		.ascii	"}6\244\313\007\312n\032\336<\311\272*6\324\374\232\232"
 451      07CA6E1A 
 451      DE3CC9BA 
 451      2A36D4FC 
 451      9A9A
 452 0310 F403530F 		.ascii	"\364\003S\017<\277-t\303\000ySEn\021\015\366\305\005"
 452      3CBF2D74 
 452      C3007953 
 452      456E110D 
 452      F6C505
 453 0323 73329176 		.ascii	"s2\221v\031<\225t\331 \364\217\320\277\300\031]\234"
 453      193C9574 
 453      D920F48F 
 453      D0BFC019 
 453      5D9C
 454 0335 97604F2F 		.ascii	"\227`O/#\250\264\212#\265\216\266\344\310\020 \223\212"
 454      23A8B48A 
 454      23B58EB6 
 454      E4C81020 
 454      938A
 455 0347 76DE5958 		.ascii	"v\336YX5\320n\024\315y\026\223l@\3079\002Yu\273\375"
 455      35D06E14 
 455      CD791693 
 455      6C40C739 
 455      025975BB 
 456 035c 8C333A6E 		.ascii	"\2143:n\204=\036J\235_\320\320A\344m\315=\334fGG\221"
 456      843D1E4A 
 456      9D5FD0D0 
 456      41E46DCD 
 456      3DDC6647 
 457 0372 28AABD32 		.ascii	"(\252\2752\352\254\344\210\373\320\334\003\005G\254"
 457      EAACE488 
 457      FBD0DC03 
 457      0547AC
 458 0381 E5573C54 		.ascii	"\345W<T\323G(}=\245\362]%\3411eaMf\367P\266=\331\261"
 458      D347287D 
 458      3DA5F25D 
 458      25E13165 
 458      614D66F7 
 459 039a 6387DB19 		.ascii	"c\207\333\031&T\337\334\262#\267g\304l\016\337J\306"
 459      2654DFDC 
 459      B223B767 
 459      C46C0EDF 
 459      4AC6
 460 03ac 817D14C4 		.ascii	"\201}\024\304\246!\274Q\213\212T\013\376\372\001\374"
 460      A621BC51 
 460      8B8A540B 
 460      FEFA01FC 
 461 03bc 83EC6B39 		.ascii	"\203\354k9\337>\023jn\371\003\031\006?\324rf\213c\335"
 461      DF3E136A 
 461      6EF90319 
ARM GAS  /tmp/ccszdCXO.s 			page 37


 461      063FD472 
 461      668B63DD 
 462 03d0 E5DCE3E7 		.ascii	"\345\334\343\347]\323\005nH\0355\312\314\227\330\255"
 462      5DD3056E 
 462      481D35CA 
 462      CC97D8AD 
 463 03e0 300663D9 		.ascii	"0\006c\331\030\324\250\310=`\030a\356\276\313%Xz\230"
 463      18D4A8C8 
 463      3D601861 
 463      EEBECB25 
 463      587A98
 464 03f3 243BC814 		.ascii	"$;\310\024\224\011\262\203\217\312\262\007G\016\332"
 464      9409B283 
 464      8FCAB207 
 464      470EDA
 465 0402 D31A4C6E 		.ascii	"\323\032Lni\021\327\032\235\335\224\325<|\265\232\303"
 465      6911D71A 
 465      9DDD94D5 
 465      3C7CB59A 
 465      C3
 466 0413 7DD154DA 		.ascii	"}\321T\332\34332\214\263\302\340f\027\226N\3273o\331"
 466      E333328C 
 466      B3C2E066 
 466      17964ED7 
 466      336FD9
 467 0426 D3166CB2 		.ascii	"\323\026l\262\254&3CK\257!\2217\324xTo\225J\346\241"
 467      AC263343 
 467      4BAF2191 
 467      37D47854 
 467      6F954AE6 
 468 043b E547B254 		.ascii	"\345G\262TR\324\230V\265\301\027f\233/j\362T\272\223"
 468      52D49856 
 468      B5C11766 
 468      9B2F6AF2 
 468      54BA93
 469 044e 14D56319 		.ascii	"\024\325c\031\252'b\312\351\311\031\211q\244\375\010"
 469      AA2762CA 
 469      E9C91989 
 469      71A4FD08 
 470 045e E2E4F9CB 		.ascii	"\342\344\371\313+\216\030r\365\002\250\301\206a-\035"
 470      2B8E1872 
 470      F502A8C1 
 470      86612D1D 
 471 046e C787E54F 		.ascii	"\307\207\345OK\317\331\3219$^\\8>bo\005w\021`<\227\301"
 471      4BCFD9D1 
 471      39245E5C 
 471      383E626F 
 471      05771160 
 472 0485 8829AE78 		.ascii	"\210)\256xiOWPh)s\316\254\265\022Z\262\022zy*\277R\206"
 472      694F5750 
 472      682973CE 
 472      ACB5125A 
 472      B2127A79 
 473 049d 7D5986FD 		.ascii	"}Y\206\375\005\307N\253r+\332\035\311\016\267\035\030"
 473      05C74EAB 
 473      722BDA1D 
 473      C90EB71D 
ARM GAS  /tmp/ccszdCXO.s 			page 38


 473      18
 474 04ae 2B9D53EF 		.ascii	"+\235S\357\345\257M\232\315\307\2672\363\310\034\350"
 474      E5AF4D9A 
 474      CDC7B732 
 474      F3C81CE8 
 475 04be 5D518E2D 		.ascii	"]Q\216-Y7?\205\347,H\311\002\027`\335\374\022\272x\025"
 475      59373F85 
 475      E72C48C9 
 475      021760DD 
 475      FC12BA78 
 476 04d3 BB1895CF 		.ascii	"\273\030\225\317\345k\223\314\365aZ\326:y\246\254Z\210"
 476      E56B93CC 
 476      F5615AD6 
 476      3A79A6AC 
 476      5A88
 477 04e5 44C07FE2 		.ascii	"D\300\177\342\320\303\213\0164\233\012F\017\016\364"
 477      D0C38B0E 
 477      349B0A46 
 477      0F0EF4
 478 04f4 0D5337E5 		.ascii	"\015S7\345\026\327\224[\204<\357\306\362\312\223\232"
 478      16D7945B 
 478      843CEFC6 
 478      F2CA939A 
 479 0504 4817A91B 		.ascii	"H\027\251\033\326eM\232\325B`\301\005x\037\234k\373"
 479      D6654D9A 
 479      D54260C1 
 479      05781F9C 
 479      6BFB
 480 0516 0253C736 		.ascii	"\002S\3076\240\006\272N\036\263g\023\246\231KB\275E"
 480      A006BA4E 
 480      1EB36713 
 480      A6994B42 
 480      BD45
 481 0528 F080DAC0 		.ascii	"\360\200\332\300\000\223\020\265\220\014&\302\257\255"
 481      009310B5 
 481      900C26C2 
 481      AFAD
 482 0536 E950763B 		.ascii	"\351Pv;\220\327V.\327\362\030\030a\323\315\355\245\232"
 482      90D7562E 
 482      D7F21818 
 482      61D3CDED 
 482      A59A
 483 0548 178EB444 		.ascii	"\027\216\264D0\206\206\034~\321G\211a\033\001eD\230"
 483      3086861C 
 483      7ED14789 
 483      611B0165 
 483      4498
 484 055a 90CD19D2 		.ascii	"\220\315\031\322\234qP\015\371\237\251?\244\336F\"@"
 484      9C71500D 
 484      F99FA93F 
 484      A4DE4622 
 484      40
 485 056b 7FA2592F 		.ascii	"\177\242Y/T$\232\201\373\321\237\205{\226\370\347{\026"
 485      54249A81 
 485      FBD19F85 
 485      7B96F8E7 
 485      7B16
ARM GAS  /tmp/ccszdCXO.s 			page 39


 486 057d 34AEB1DC 		.ascii	"4\256\261\334)\377DX=\011\003\231P5C\030\251vE\230x"
 486      29FF4458 
 486      3D090399 
 486      50354318 
 486      A9764598 
 487 0592 0F026D95 		.ascii	"\017\002m\225\335\307\370\242\345\003 W\257\336\353"
 487      DDC7F8A2 
 487      E5032057 
 487      AFDEEB
 488 05a1 53DB34F0 		.ascii	"S\3334\360\0107\3600\032\230\277Z\031\316\363\352OY"
 488      0837F030 
 488      1A98BF5A 
 488      19CEF3EA 
 488      4F59
 489 05b3 489ECF98 		.ascii	"H\236\317\230\346\013\236\021\312\2265\321M\253.\233"
 489      E60B9E11 
 489      CA9635D1 
 489      4DAB2E9B 
 490 05c3 B1440396 		.ascii	"\261D\003\226(\001K\014\303r\004\261\304\010X\236U\316"
 490      28014B0C 
 490      C37204B1 
 490      C408589E 
 490      55CE
 491 05d5 7669515F 		.ascii	"viQ_\204\023\313\305W\306\327\370\222iPXh\304\237M\267"
 491      8413CBC5 
 491      57C6D7F8 
 491      92695058 
 491      68C49F4D 
 492 05ea E70DD8B1 		.ascii	"\347\015\330\261$\337\231\363\214\267\037\341\000\364"
 492      24DF99F3 
 492      8CB71FE1 
 492      00F4
 493 05f8 F94B5309 		.ascii	"\371KS\011j\244\315l\206\014\351\217:\253C~3\233\"\263"
 493      6AA4CD6C 
 493      860CE98F 
 493      3AAB437E 
 493      339B22B3 
 494 060c C22EF5D9 		.ascii	"\302.\365\331\323\012\014\037q\366w\345\263\177O\347"
 494      D30A0C1F 
 494      71F677E5 
 494      B37F4FE7 
 495 061c CB748D4D 		.ascii	"\313t\215M\313\343\271\345_\242\345\263\207W\343\255"
 495      CBE3B9E5 
 495      5FA2E5B3 
 495      8757E3AD 
 496 062c 4C8B03D3 		.ascii	"L\213\003\323N\010\246%0\323\342\005\323\2009\362P\341"
 496      4E08A625 
 496      30D3E205 
 496      D38039F2 
 496      50E1
 497 063e E7D85085 		.ascii	"\347\330P\205\201\015\367\330\213\341\334\252.a\252"
 497      810DF7D8 
 497      8BE1DCAA 
 497      2E61AA
 498 064d 9AA93D68 		.ascii	"\232\251=h\307Q2\253Z.\244\246\351h\035\242\274q\242"
 498      C75132AB 
 498      5A2EA4A6 
ARM GAS  /tmp/ccszdCXO.s 			page 40


 498      E9681DA2 
 498      BC71A2
 499 0660 FFAE3D32 		.ascii	"\377\256=2\377\230\305\374\372\354\003g$\267\0009\325"
 499      FF98C5FC 
 499      FAEC0367 
 499      24B70039 
 499      D5
 500 0671 943CEE84 		.ascii	"\224<\356\204\242\247\231\015\323\307\332\253\234h\023"
 500      A2A7990D 
 500      D3C7DAAB 
 500      9C6813
 501 0680 8A8AEB03 		.ascii	"\212\212\353\003W\\\037\234L\032\337Jo\342\243\334\310"
 501      575C1F9C 
 501      4C1ADF4A 
 501      6FE2A3DC 
 501      C8
 502 0691 EE2F682F 		.ascii	"\356/h/\336\237)\354)\266S^\003f\250\225\326\200\211"
 502      DE9F29EC 
 502      29B6535E 
 502      0366A895 
 502      D68089
 503 06a4 59AB5D94 		.ascii	"Y\253]\224\216\241t\323\321\260(\003\235A\242o\341\\"
 503      8EA174D3 
 503      D1B02803 
 503      9D41A26F 
 503      E15C
 504 06b6 8583B2AA 		.ascii	"\205\203\262\252s\212\252j\026\253\257:\323%\224~8\236"
 504      738AAA6A 
 504      16ABAF3A 
 504      D325947E 
 504      389E
 505 06c8 DBA3A621 		.ascii	"\333\243\246!\032\201\010;\224\330\252\266\312h9\240"
 505      1A81083B 
 505      94D8AAB6 
 505      CA6839A0 
 506 06d8 E5BC5A9A 		.ascii	"\345\274Z\232\321J\326s\302)=\302\205\236\245-\332Y"
 506      D14AD673 
 506      C2293DC2 
 506      859EA52D 
 506      DA59
 507 06ea 09E55A09 		.ascii	"\011\345Z\011}\231{=U/\035\377yj\351\370\317W\363\024"
 507      7D997B3D 
 507      552F1DFF 
 507      796AE9F8 
 507      CF57F314 
 508 06fe 1E3BB85C 		.ascii	"\036;\270\\\355@\343Pyq\334\215u-MDbi(\363\272u\226"
 508      ED40E350 
 508      7971DC8D 
 508      752D4D44 
 508      626928F3 
 509 0715 2E84968A 		.ascii	".\204\226\212d-u\026w\2078\323l\024\312o\275=B\255\204"
 509      642D7516 
 509      778738D3 
 509      6C14CA6F 
 509      BD3D42AD 
 510 072a 8AAD848A 		.ascii	"\212\255\204\212W+zd\351\351\202\014^\211\010/\375D"
 510      572B7A64 
ARM GAS  /tmp/ccszdCXO.s 			page 41


 510      E9E9820C 
 510      5E89082F 
 510      FD44
 511 073c E259475A 		.ascii	"\342YGZ)(\327\306=\232\352P\023\267\035\354'\313\211"
 511      2928D7C6 
 511      3D9AEA50 
 511      13B71DEC 
 511      27CB89
 512 074f 691095A7 		.ascii	"i\020\225\247 *\005te\330\020\251P\357 \225P.B)\207"
 512      202A0574 
 512      65D810A9 
 512      50EF2095 
 512      502E4229 
 513 0764 52A59664 		.ascii	"R\245\226d\344\346\004\032\231\021\023m>}\200\222L\210"
 513      E4E6041A 
 513      9911136D 
 513      3E7D8092 
 513      4C88
 514 0776 EB335CD0 		.ascii	"\3533\\\320\002\001\227\036BVF\221\027Y\324\234\371"
 514      0201971E 
 514      42564691 
 514      1759D49C 
 514      F9
 515 0787 1EC902EE 		.ascii	"\036\311\002\356\2636\270-K\217\236,\035f|\260\204\024"
 515      B336B82D 
 515      4B8F9E2C 
 515      1D667CB0 
 515      8414
 516 0799 58B16F5A 		.ascii	"X\261oZ\250L\243j\350\024\222\255\314+\3011\234\340"
 516      A84CA36A 
 516      E81492AD 
 516      CC2BC131 
 516      9CE0
 517 07ab 9A21AC6A 		.ascii	"\232!\254j\030\356R+\366t\265\250\233\215\303\374\244"
 517      18EE522B 
 517      F674B5A8 
 517      9B8DC3FC 
 517      A4
 518 07bc CFDD945D 		.ascii	"\317\335\224]U\374\325\256b\011\2754e\324\231\316\013"
 518      55FCD5AE 
 518      6209BD34 
 518      65D499CE 
 518      0B
 519 07cd FE573F   		.ascii	"\376W?"
 520 07d0 C95E8405 		.ascii	"\311^\204\005\217\270t\033N\334\2028D\023k\225M<\306"
 520      8FB8741B 
 520      4EDC8238 
 520      44136B95 
 520      4D3CC6
 521 07e3 D38DD0FC 		.ascii	"\323\215\320\374\306`a{\243Z\336|\315Fs\003/\256\036"
 521      C660617B 
 521      A35ADE7C 
 521      CD467303 
 521      2FAE1E
 522 07f6 70A1CB3C 		.ascii	"p\241\313<\324\323K\362tn\312\342uj%\361\206\213\003"
 522      D4D34BF2 
 522      746ECAE2 
ARM GAS  /tmp/ccszdCXO.s 			page 42


 522      756A25F1 
 522      868B03
 523 0809 533C39BE 		.ascii	"S<9\276\307v\247e}=<Y\233Y\262\036\311X\254 4\302N\320"
 523      C776A765 
 523      7D3D3C59 
 523      9B59B21E 
 523      C958AC20 
 524 0821 3E7666E6 		.ascii	">vf\346[\310\372\266\3626\263\276\264\252\304\221\306"
 524      5BC8FAB6 
 524      F236B3BE 
 524      B4AAC491 
 524      C6
 525 0832 2077F448 		.ascii	" w\364Hf\236\365`h\002\024\315\262\270\256\177Y1\340"
 525      669EF560 
 525      680214CD 
 525      B2B8AE7F 
 525      5931E0
 526 0845 48D350A8 		.ascii	"H\323P\250$\242z\304\321zWh%\324y\247\372\226\275t0"
 526      24A27AC4 
 526      D17A5768 
 526      25D479A7 
 526      FA96BD74 
 527 085a B4CA3CD9 		.ascii	"\264\312<\331&\016\206\241\362\366,\3341A\025\271\252"
 527      260E86A1 
 527      F2F62CDC 
 527      314115B9 
 527      AA
 528 086b 1660A6F4 		.ascii	"\026`\246\364\024\266\351\245\373\022\2377$\333\222"
 528      14B6E9A5 
 528      FB129F37 
 528      24DB92
 529 087a 6B6AD896 		.ascii	"kj\330\226\264\253\371\266\244me\345\224F\332\020<\226"
 529      B4ABF9B6 
 529      A46D65E5 
 529      9446DA10 
 529      3C96
 530 088c 34745D6D 		.ascii	"4t]m\331\\d_\214\313u\240\205h\310\363\216\366I\233"
 530      D95C645F 
 530      8CCB75A0 
 530      8568C8F3 
 530      8EF6499B 
 531 08a0 72A4030C 		.ascii	"r\244\003\014\222\212\212\207\002\256x(0t\260\252QO"
 531      928A8A87 
 531      02AE7828 
 531      3074B0AA 
 531      514F
 532 08b2 2B5053DE 		.ascii	"+PS\336\374\263Kl\272z\333@\376,\331\216\276\215\333"
 532      FCB34B6C 
 532      BA7ADB40 
 532      FE2CD98E 
 532      BE8DDB
 533 08c5 D1B6D1F2 		.ascii	"\321\266\321\362]\3642r\216_\010\315\321c\242-\0125"
 533      5DF43272 
 533      8E5F08CD 
 533      D163A22D 
 533      0A35
 534 08d7 BF1EF203 		.ascii	"\277\036\362\003\311\322\347\226Z\020a\235\337\015\361"
ARM GAS  /tmp/ccszdCXO.s 			page 43


 534      C9D2E796 
 534      5A10619D 
 534      DF0DF1
 535 08e6 7C934FD5 		.ascii	"|\223O\325\345Q\311|-\262\025\310\322\201\354K\016\364"
 535      E551C97C 
 535      2DB215C8 
 535      D281EC4B 
 535      0EF4
 536 08f8 166A8B8F 		.ascii	"\026j\213\217\217/\321\323\021$\"\353\0177\032\350\034"
 536      8F2FD1D3 
 536      112422EB 
 536      0F371AE8 
 536      1C
 537 0909 1287C2B2 		.ascii	"\022\207\302\262\217:\320\005$F\342\"\033\2646\032\355"
 537      8F3AD005 
 537      2446E222 
 537      1BB4361A 
 537      ED
 538 091a 576A545D 		.ascii	"WjT]W\034\221\254\335\030\023\023u\264\346P3\244\225"
 538      571C91AC 
 538      DD181313 
 538      75B4E650 
 538      33A495
 539 092d A8F7C800 		.ascii	"\250\367\310\000\014\317>\220\031\202\316\024\225l\036"
 539      0CCF3E90 
 539      1982CE14 
 539      956C1E
 540 093c 16452CAE 		.ascii	"\026E,\256\267J\032\351\345\002\254\225\301\215\270"
 540      B74A1AE9 
 540      E502AC95 
 540      C18DB8
 541 094b 6E4D2F9C 		.ascii	"nM/\234s\242\361Z\001\343\235\256\347\355<\252\254\304"
 541      73A2F15A 
 541      01E39DAE 
 541      E7ED3CAA 
 541      ACC4
 542 095d 8715C5DB 		.ascii	"\207\025\305\333\272\236<\022W\346l\012}\332\370\030"
 542      BA9E3C12 
 542      57E66C0A 
 542      7DDAF818 
 543 096d D6D559A8 		.ascii	"\326\325Y\250.\377\364B*\245\347\221\270\227w%RK\013"
 543      2EFFF442 
 543      2AA5E791 
 543      B8977725 
 543      524B0B
 544 0980 9098E93F 		.ascii	"\220\230\351?r\221\320\022$N_\271\367\016\255\304\373"
 544      7291D012 
 544      244E5FB9 
 544      F70EADC4 
 544      FB
 545 0991 F007F9AB 		.ascii	"\360\007\371\253\224\326\"\321t\263\365\011\261\012"
 545      94D622D1 
 545      74B3F509 
 545      B10A
 546 099f F2710032 		.ascii	"\362q\0002!\013\362\310\332\002?z\015eJ\246/6[\257\345"
 546      210BF2C8 
 546      DA023F7A 
ARM GAS  /tmp/ccszdCXO.s 			page 44


 546      0D654AA6 
 546      2F365BAF 
 547 09b4 27AD6446 		.ascii	"'\255dF\312V\222d\373\350)\331\300\230\026\007\306d"
 547      CA569264 
 547      FBE829D9 
 547      C0981607 
 547      C664
 548 09c6 CBE2989E 		.ascii	"\313\342\230\236\016\242\362\305\326\370\\':\212D\324"
 548      0EA2F2C5 
 548      D6F85C27 
 548      3A8A44D4 
 549 09d6 917B993A 		.ascii	"\221{\231:\345\351zFi\272\326\264\234\272\367\217\260"
 549      E5E97A46 
 549      69BAD6B4 
 549      9CBAF78F 
 549      B0
 550 09e7 3F15B705 		.ascii	"?\025\267\005\315\303\264\243\201\317\023\320\034\031"
 550      CDC3B4A3 
 550      81CF13D0 
 550      1C19
 551 09f5 03A147AF 		.ascii	"\003\241G\257L\317k)<=\317B\377?\264b\267L\024\312\333"
 551      4CCF6B29 
 551      3C3DCF42 
 551      FF3FB462 
 551      B74C14CA 
 552 0a0a C5712EC1 		.ascii	"\305q.\301`=\206T<\007e^:s\315\245\360\264;\315\323"
 552      603D8654 
 552      3C07655E 
 552      3A73CDA5 
 552      F0B43BCD 
 553 0a1f AE021C9E 		.ascii	"\256\002\034\236\375\237E\327\0149\332\330\226N\332"
 553      FD9F45D7 
 553      0C39DAD8 
 553      964EDA
 554 0a2e 6E872DC9 		.ascii	"n\207-\311\252Sf\235\350)\035\363\241\335\331\331\027"
 554      AA53669D 
 554      E8291DF3 
 554      A1DDD9D9 
 554      17
 555 0a3f CB84ED94 		.ascii	"\313\204\355\224v0\247\230\315\365\36334-\343\246Yp"
 555      7630A798 
 555      CDF5F333 
 555      342DE3A6 
 555      5970
 556 0a51 CA13D0F1 		.ascii	"\312\023\320\361\000t=\203\253\250\334\326fi\004\206"
 556      00743D83 
 556      ABA8DCD6 
 556      66690486 
 557 0a61 4D0F9B7B 		.ascii	"M\017\233{\232\270\000k\374)4\374\034\312\"\224%\251"
 557      9AB8006B 
 557      FC2934FC 
 557      1CCA2294 
 557      25A9
 558 0a73 A16B495B 		.ascii	"\241kI[2\305\335\373(\027P\232\346\370l\224\344\212"
 558      32C5DDFB 
 558      2817509A 
 558      E6F86C94 
ARM GAS  /tmp/ccszdCXO.s 			page 45


 558      E48A
 559 0a85 DC9DE096 		.ascii	"\334\235\340\226\373V\354V\263y\3776\234\237Y/-\330"
 559      FB56EC56 
 559      B379FF36 
 559      9C9F592F 
 559      2DD8
 560 0a97 D02E6EC9 		.ascii	"\320.n\311\212b\022o8\271)\233\322\362jS@\372\354j\362"
 560      8A62126F 
 560      38B9299B 
 560      D2F26A53 
 560      40FAEC6A 
 561 0aac 8213BDAD 		.ascii	"\202\023\275\255\303\005kg\015,,\357\012\204\366z\351"
 561      C3056B67 
 561      0D2C2CEF 
 561      0A84F67A 
 561      E9
 562 0abd 9D23D6EB 		.ascii	"\235#\326\353\031\030\317W@\373e\246\375\005h_\341\332"
 562      1918CF57 
 562      40FB65A6 
 562      FD05685F 
 562      E1DA
 563 0acf 4328ECF1 		.ascii	"C(\354\361@\363\032\224u(f*:\013\272d}\205\026\334o"
 563      40F31A94 
 563      7528662A 
 563      3A0BBA64 
 563      7D8516DC 
 564 0ae4 C3C47317 		.ascii	"\303\304s\027\004\356pAK\342\351\331\344\260\361\344"
 564      04EE7041 
 564      4BE2E9D9 
 564      E4B0F1E4 
 565 0af4 ED1742CD 		.ascii	"\355\027B\315\021\241\216\3446\270\340\206\025\177\327"
 565      11A18EE4 
 565      36B8E086 
 565      157FD7
 566 0b03 26FE8E94 		.ascii	"&\376\216\224\255\351\033\016fG/+2\2175nb_L\261\234"
 566      ADE91B0E 
 566      66472F2B 
 566      328F356E 
 566      625F4CB1 
 567 0b18 BDBC542B 		.ascii	"\275\274T+s\213\335\001\370;\222\3368nf\354\313,\216"
 567      738BDD01 
 567      F83B92DE 
 567      386E66EC 
 567      CB2C8E
 568 0b2b 38BFE864 		.ascii	"8\277\350dyT\227\326\254\225\271\320P=n\220\327K\313"
 568      795497D6 
 568      AC95B9D0 
 568      503D6E90 
 568      D74BCB
 569 0b3e EDDC949D 		.ascii	"\355\334\224\235w\200~\245\363\330\022)+z\232\322\243"
 569      77807EA5 
 569      F3D81229 
 569      2B7A9AD2 
 569      A3
 570 0b4f A8AE76F5 		.ascii	"\250\256v\365E\223\236\036G\";c\241\216*\347\216\203"
 570      45939E1E 
 570      47223B63 
ARM GAS  /tmp/ccszdCXO.s 			page 46


 570      A18E2AE7 
 570      8E83
 571 0b61 542177D8 		.ascii	"T!w\330\225\237\217_s\026\222\007\037(\317\243\354\206"
 571      959F8F5F 
 571      73169207 
 571      1F28CFA3 
 571      EC86
 572 0b73 4A3223CD 		.ascii	"J2#\315\346\306\020-\011\245n\244\001,\213\204\253\210"
 572      E6C6102D 
 572      09A56EA4 
 572      012C8B84 
 572      AB88
 573 0b85 71D3C211 		.ascii	"q\323\302\021D\326N\321\002\330\030G:\222K\000\3754"
 573      44D64ED1 
 573      02D81847 
 573      3A924B00 
 573      FD34
 574 0b97 E717576D 		.ascii	"\347\027Wm*\222j\361\234\314\352d\340H\302\375/E\223"
 574      2A926AF1 
 574      9CCCEA64 
 574      E048C2FD 
 574      2F4593
 575 0baa 0F83C987 		.ascii	"\017\203\311\207\240\034\201\022A%\003\253)\225V\226"
 575      A01C8112 
 575      412503AB 
 575      29955696 
 576 0bba 0A4D8453 		.ascii	"\012M\204S\3308SlByq\012\210zN\321<d\257\007D\325\352"
 576      D838536C 
 576      4279710A 
 576      887A4ED1 
 576      3C64AF07 
 577 0bd1 CDECA9D2 		.ascii	"\315\354\251\322\005g\257y\252\215\257\300\262\331F"
 577      0567AF79 
 577      AA8DAFC0 
 577      B2D946
 578 0be0 B0727A6C 		.ascii	"\260rzl?\275\202\376<\230\260PfO[\221\210\353k\252w"
 578      3FBD82FE 
 578      3C98B050 
 578      664F5B91 
 578      88EB6BAA 
 579 0bf5 B69A0262 		.ascii	"\266\232\002b\000\314Q*\235\002\346c\016\236\323Y\035"
 579      00CC512A 
 579      9D02E663 
 579      0E9ED359 
 579      1D
 580 0c06 5959F3A5 		.ascii	"YY\363\245'\034\251\225-Qbe \217Q>U\334\033-\014S\323"
 580      271CA995 
 580      2D516265 
 580      208F513E 
 580      55DC1B2D 
 581 0c1d 010471A9 		.ascii	"\001\004q\251\361`\271\023\235F\342tro\245\301\012\321"
 581      F160B913 
 581      9D46E274 
 581      726FA5C1 
 581      0AD1
 582 0c2f 0968294E 		.ascii	"\011h)N\216\250!\365\234\216\276D\241\273i\223\321\326"
 582      8EA821F5 
ARM GAS  /tmp/ccszdCXO.s 			page 47


 582      9C8EBE44 
 582      A1BB6993 
 582      D1D6
 583 0c41 33D9492B 		.ascii	"3\331I+\241\322\013e\261\262%\336\2272x\361\034\036"
 583      A1D20B65 
 583      B1B225DE 
 583      973278F1 
 583      1C1E
 584 0c53 8D895F7D 		.ascii	"\215\211_}l\317R\202\362\231\317qP\234\300\3737\011"
 584      6CCF5282 
 584      F299CF71 
 584      509CC0FB 
 584      3709
 585 0c65 FA3551D6 		.ascii	"\3725Q\326\257K\374\224\011\264\011\247L\011\326\335"
 585      AF4BFC94 
 585      09B409A7 
 585      4C09D6DD 
 586 0c75 2A9DA8E6 		.ascii	"*\235\250\346\337\300\214\011\276\021\316\273\024\330"
 586      DFC08C09 
 586      BE11CEBB 
 586      14D8
 587 0c83 79AFCEF7 		.ascii	"y\257\316\367\035\250w\241G\360\355M]O\311\230\326\306"
 587      1DA877A1 
 587      47F0ED4D 
 587      5D4FC998 
 587      D6C6
 588 0c95 9954B232 		.ascii	"\231T\2622>vp\262R\361\230\357\352cY`L\264>-\264\247"
 588      3E7670B2 
 588      52F198EF 
 588      EA635960 
 588      4CB43E2D 
 589 0cab 49A832B3 		.ascii	"I\2502\263\273j@K\317\012\004=\227t`\306\201\340\011"
 589      BB6A404B 
 589      CF0A043D 
 589      977460C6 
 589      81E009
 590 0cbe B1992576 		.ascii	"\261\231%vi\370\245A\003g^\025\255M\311\322\361s\212"
 590      69F8A541 
 590      03675E15 
 590      AD4DC9D2 
 590      F1738A
 591 0cd1 B35BC68F 		.ascii	"\263[\306\217\215S_K\2529\303\341\237\006\370\351\033"
 591      8D535F4B 
 591      AA39C3E1 
 591      9F06F8E9 
 591      1B
 592 0ce2 F0A7D60A 		.ascii	"\360\247\326\012'44\017\341\336\354\235NS\323\022$f"
 592      2734340F 
 592      E1DEEC9D 
 592      4E53D312 
 592      2466
 593 0cf4 0EE726F2 		.ascii	"\016\347&\362\263\005\371qV&\025^\2630]\222\323\363"
 593      B305F971 
 593      5626155E 
 593      B3305D92 
 593      D3F3
 594 0d06 DEBB4DAD 		.ascii	"\336\273M\255\204^E\331\013\303\207[\250\322\361\371"
ARM GAS  /tmp/ccszdCXO.s 			page 48


 594      845E45D9 
 594      0BC3875B 
 594      A8D2F1F9 
 595 0d16 3990CDA2 		.ascii	"9\220\315\242\326g\357!gC~Ko\241p\302\002\254\352\224"
 595      D667EF21 
 595      67437E4B 
 595      6FA170C2 
 595      02ACEA94 
 596 0d2a 84B36D08 		.ascii	"\204\263m\010?I\2747\315\327\307\021\254\013\316t\365"
 596      3F49BC37 
 596      CDD7C711 
 596      AC0BCE74 
 596      F5
 597 0d3b 9E76A663 		.ascii	"\236v\246c\250-\342\301\263\032\007\321\214\260W\235"
 597      A82DE2C1 
 597      B31A07D1 
 597      8CB0579D 
 598 0d4b CAB175D9 		.ascii	"\312\261u\331\334\225X\331\251u\036\225\036$\345\213"
 598      DC9558D9 
 598      A9751E95 
 598      1E24E58B 
 599 0d5b 83EDC068 		.ascii	"\203\355\300hy\017\2413\330\302\231C\347z\365|\025*"
 599      790FA133 
 599      D8C29943 
 599      E77AF57C 
 599      152A
 600 0d6d 1C0AAD26 		.ascii	"\034\012\255&\266G\352\350c|*\036\363\270\362c\236\216"
 600      B647EAE8 
 600      637C2A1E 
 600      F3B8F263 
 600      9E8E
 601 0d7f A727175C 		.ascii	"\247'\027\\l\036U]\240xTUL\005<\303\205\003\215\032"
 601      6C1E555D 
 601      A0785455 
 601      4C053CC3 
 601      85038D1A 
 602 0d93 FA123575 		.ascii	"\372\0225u\314\036<\356`c\015_B\2256\016\005\307\226"
 602      CC1E3CEE 
 602      60630D5F 
 602      4295360E 
 602      05C796
 603 0da6 1A9D2C27 		.ascii	"\032\235,'][I)\230SH\267\221\363\2245VF]\261E\301\246"
 603      5D5B4929 
 603      985348B7 
 603      91F39435 
 603      56465DB1 
 604 0dbd E6B8B932 		.ascii	"\346\270\27125\015\307\015\313\315#E\023\3744o\222\235"
 604      350DC70D 
 604      CBCD2345 
 604      13FC346F 
 604      929D
 605 0dcf E6DDCBEE 		.ascii	"\346\335\313\356\010\343\347\\\365s\214\241'\376z\207"
 605      08E3E75C 
 605      F5738CA1 
 605      27FE7A87 
 606 0ddf 338D45EE 		.ascii	"3\215E\356\325\211+\005v\310\335\313\350\234\264\354"
 606      D5892B05 
ARM GAS  /tmp/ccszdCXO.s 			page 49


 606      76C8DDCB 
 606      E89CB4EC 
 607 0def 46279A84 		.ascii	"F'\232\204\017\037v\326\2278(\305\321%\3058*Z\274uJ"
 607      0F1F76D6 
 607      973828C5 
 607      D125C538 
 607      2A5ABC75 
 608 0e04 43CFA06C 		.ascii	"C\317\240lHn\\\221\201\346#Q}\253\352(\241\245H\\\253"
 608      486E5C91 
 608      81E62351 
 608      7DABEA28 
 608      A1A5485C 
 609 0e19 B876DF9E 		.ascii	"\270v\337\236V#1\232\025>\241\261JV\365\240\377\262"
 609      5623319A 
 609      153EA1B1 
 609      4A56F5A0 
 609      FFB2
 610 0e2b 2C59C597 		.ascii	",Y\305\227\037/7\320\353(\364\2701\272Uc\225\200\257"
 610      1F2F37D0 
 610      EB28F4B8 
 610      31BA5563 
 610      9580AF
 611 0e3e 5809E5AD 		.ascii	"X\011\345\255\216\306\031\2441\321 \033\246\215b\206"
 611      8EC619A4 
 611      31D1201B 
 611      A68D6286 
 612 0e4e ABEF8BEC 		.ascii	"\253\357\213\354\325\330\314p*r\225\217\277&\030\177"
 612      D5D8CC70 
 612      2A72958F 
 612      BF26187F 
 613 0e5e CDD2F4B6 		.ascii	"\315\322\364\266VC[1\021\200.R\007\000\256\276*\021"
 613      56435B31 
 613      11802E52 
 613      0700AEBE 
 613      2A11
 614 0e70 8CD7D264 		.ascii	"\214\327\322dd\377\275\201\324*s\213\013\274\366\344"
 614      64FFBD81 
 614      D42A738B 
 614      0BBCF6E4 
 615 0e80 AE10BE63 		.ascii	"\256\020\276cm\021\366\236\205G\177@G\004\373\351\361"
 615      6D11F69E 
 615      85477F40 
 615      4704FBE9 
 615      F1
 616 0e91 C68430DB 		.ascii	"\306\2040\333\031\031\266\342\034\3575\300\333.\305"
 616      1919B6E2 
 616      1CEF35C0 
 616      DB2EC5
 617 0ea0 3B5E4D2B 		.ascii	";^M+\020\200\230\217\333^\231\217\347.\321K\226i\271"
 617      1080988F 
 617      DB5E998F 
 617      E72ED14B 
 617      9669B9
 618 0eb3 952AF2F3 		.ascii	"\225*\362\363\204,\276kq\345\357Z\252\226\023\217\351"
 618      842CBE6B 
 618      71E5EF5A 
 618      AA96138F 
ARM GAS  /tmp/ccszdCXO.s 			page 50


 618      E9
 619 0ec4 E9B481EF 		.ascii	"\351\264\201\357\256\346\253\010}\206D\302\201\354("
 619      AEE6AB08 
 619      7D8644C2 
 619      81EC28
 620 0ed3 C5D77B9D 		.ascii	"\305\327{\235\320@\227B\226H\252K8\253\243\007\035\004"
 620      D0409742 
 620      9648AA4B 
 620      38ABA307 
 620      1D04
 621 0ee5 E953F733 		.ascii	"\351S\3673\"5J\3227lHG\367<\357\265\247\361(}\263\264"
 621      22354AD2 
 621      376C4847 
 621      F73CEFB5 
 621      A7F1287D 
 622 0efb 38C189A6 		.ascii	"8\301\211\246!!\276\265\377\235\365[\373\337!\324\314"
 622      2121BEB5 
 622      FF9DF55B 
 622      FBDF21D4 
 622      CC
 623 0f0c E5F98B8E 		.ascii	"\345\371\213\216\364\034\262\337\236\217?\244V^|\335"
 623      F41CB2DF 
 623      9E8F3FA4 
 623      565E7CDD 
 624 0f1c A1820873 		.ascii	"\241\202\010sz\017\014\322\333\230\003f\243\237\254"
 624      7A0F0CD2 
 624      DB980366 
 624      A39FAC
 625 0f2b E9683E4A 		.ascii	"\351h>J\367\035z\332fG\313\005B\263r\177q]O\370\252"
 625      F71D7ADA 
 625      6647CB05 
 625      42B3727F 
 625      715D4FF8 
 626 0f40 8CAD642B 		.ascii	"\214\255d+\350)tt/8\272\017\264\015\332\350\030\305"
 626      E8297474 
 626      2F38BA0F 
 626      B40DDAE8 
 626      18C5
 627 0f52 AD934A60 		.ascii	"\255\223J`g\255\017C\227\017@\031\222v\373t%\305Y\230"
 627      67AD0F43 
 627      970F4019 
 627      9276FB74 
 627      25C55998 
 628 0f66 29BF65A5 		.ascii	")\277e\245|\363A\341t\201\204\275_\031\013\357\364\234"
 628      7CF341E1 
 628      748184BD 
 628      5F190BEF 
 628      F49C
 629 0f78 AECA063E 		.ascii	"\256\312\006>\205\376\020\310\324\310\372<\376\246\340"
 629      85FE10C8 
 629      D4C8FA3C 
 629      FEA6E0
 630 0f87 343BDD5A 		.ascii	"4;\335Z\354l=\350Lk\321\001\342k\202-\3745A\373\263"
 630      EC6C3DE8 
 630      4C6BD101 
 630      E26B822D 
 630      FC3541FB 
ARM GAS  /tmp/ccszdCXO.s 			page 51


 631 0f9c C3EB6ADA 		.ascii	"\303\353j\332"
 632 0fa0 880F4712 		.ascii	"\210\017G\0223\277\344YK\007d\313J\302I\333\357C\306"
 632      33BFE459 
 632      4B0764CB 
 632      4AC249DB 
 632      EF43C6
 633 0fb3 78AA7D80 		.ascii	"x\252}\200n\216\217\316\275/[g\261\267\002\026\356q"
 633      6E8E8FCE 
 633      BD2F5B67 
 633      B1B70216 
 633      EE71
 634 0fc5 6A3907CA 		.ascii	"j9\007\312\351\1770J-iU#<\034\205\036\303\255\305\004"
 634      E97F304A 
 634      2D695523 
 634      3C1C851E 
 634      C3ADC504 
 635 0fd9 4BAB6362 		.ascii	"K\253cbZ-o\215o\264\243\355\016\2627\002[\360\215\300"
 635      5A2D6F8D 
 635      6FB4A3ED 
 635      0EB23702 
 635      5BF08DC0 
 636 0fed ECD2D387 		.ascii	"\354\322\323\207\316\364&>\273\330\231\030\317\301k"
 636      CEF4263E 
 636      BBD89918 
 636      CFC16B
 637 0ffc D981DBF2 		.ascii	"\331\201\333\362"
 638 1000 F0A4DE26 		.ascii	"\360\244\336&\370\031\016\376!\202\037*\350\030\262"
 638      F8190EFE 
 638      21821F2A 
 638      E818B2
 639 100f DBFC4A63 		.ascii	"\333\374Jc\212\242q*2\313\020\315\210\210\272:.\215"
 639      8AA2712A 
 639      32CB10CD 
 639      8888BA3A 
 639      2E8D
 640 1021 3AD13E6C 		.ascii	":\321>lu0j\241\232\320\373\002\241-[\356zj\300u>_\350"
 640      75306AA1 
 640      9AD0FB02 
 640      A12D5BEE 
 640      7A6AC075 
 641 1038 37E5D354 		.ascii	"7\345\323T\\u\200U\344>t\343\023\350F\213\255\351\352"
 641      5C758055 
 641      E43E74E3 
 641      13E8468B 
 641      ADE9EA
 642 104b 4D837D38 		.ascii	"M\203}8O\032\203\223\\@i{+_\246\200\306\273\002\326"
 642      4F1A8393 
 642      5C40697B 
 642      2B5FA680 
 642      C6BB02D6 
 643 105f 273C069F 		.ascii	"'<\006\237A\374-@y\012\3451\224G\322X|q^\022\\sV\215"
 643      41FC2D40 
 643      790AE531 
 643      9447D258 
 643      7C715E12 
 644 1077 C832104B 		.ascii	"\3102\020K\231\2714\005\254\200-!x\202Ls~\213\177\254"
 644      99B93405 
ARM GAS  /tmp/ccszdCXO.s 			page 52


 644      AC802D21 
 644      78824C73 
 644      7E8B7FAC 
 645 108b 0EB9CF4B 		.ascii	"\016\271\317K\215\230W\326\217\301\253\037\355\255\271"
 645      8D9857D6 
 645      8FC1AB1F 
 645      EDADB9
 646 109a AC25C256 		.ascii	"\254%\302V\027\017W\240\275\271Z\032/l\372Xj\256a\273"
 646      170F57A0 
 646      BDB95A1A 
 646      2F6CFA58 
 646      6AAE61BB 
 647 10ae 352ADD81 		.ascii	"5*\335\201&m\336\342W\321\302\"\001\336M\310<\035\234"
 647      266DDEE2 
 647      57D1C222 
 647      01DE4DC8 
 647      3C1D9C
 648 10c1 5FFC54E0 		.ascii	"_\374T\340:\335d\315\\5\327\316\322h\212z\263\366\026"
 648      3ADD64CD 
 648      5C35D7CE 
 648      D2688A7A 
 648      B3F616
 649 10d4 BA697F9B 		.ascii	"\272i\177\233C\013\344\351z\305\346\364\302l\257\243"
 649      430BE4E9 
 649      7AC5E6F4 
 649      C26CAFA3 
 650 10e4 A908A69A 		.ascii	"\251\010\246\232\342\353\003)\230*\251r\300\262X\311"
 650      E2EB0329 
 650      982AA972 
 650      C0B258C9 
 651 10f4 B1B0D1DD 		.ascii	"\261\260\321\335\315\221[\022J\252ro\037\203%J\254\360"
 651      CD915B12 
 651      4AAA726F 
 651      1F83254A 
 651      ACF0
 652 1106 6885F7F6 		.ascii	"h\205\367\3662\333\306By\011\3459\224%(\213P^H\317\002"
 652      32DBC642 
 652      7909E539 
 652      9425288B 
 652      505E48CF 
 653 111b DAF26988 		.ascii	"\332\362i\210\320\353\2547\356\361\306,\221#\235\371"
 653      D0EBAC37 
 653      EEF1C62C 
 653      91239DF9 
 654 112b 1C96CFB5 		.ascii	"\034\226\317\265]t\342\335\"\3063s\365Q\232\206\316"
 654      5D74E2DD 
 654      22C63373 
 654      F5519A86 
 654      CE
 655 113c 80B51C29 		.ascii	"\200\265\034)\000\035\0075Rg\234\337d_G2=)\330\307V"
 655      001D0735 
 655      52679CDF 
 655      645F4732 
 655      3D29D8C7 
 656 1151 CFECED08 		.ascii	"\317\354\355\010c\267\254\251Se}\303\274\227H\363\321"
 656      63B7ACA9 
 656      53657DC3 
ARM GAS  /tmp/ccszdCXO.s 			page 53


 656      BC9748F3 
 656      D1
 657 1162 7B67C17B 		.ascii	"{g\301{\031\\\277\350=d\177\337\262\246Oc\332\331QE"
 657      195CBFE8 
 657      3D647FDF 
 657      B2A64F63 
 657      DAD95145 
 658 1176 24EF4AC6 		.ascii	"$\357J\306m\331\361&\252\345h\372\353\270\003\230\341"
 658      6DD9F126 
 658      AAE568FA 
 658      EBB80398 
 658      E1
 659 1187 955CB9C5 		.ascii	"\225\\\271\305\231G7\261/\306\320\023\250\036Vz\244"
 659      994737B1 
 659      2FC6D013 
 659      A81E567A 
 659      A4
 660 1198 88F35BD6 		.ascii	"\210\363[\326\177\233z\276)A\352\233\\\033\276\261\336"
 660      7F9B7ABE 
 660      2941EA9B 
 660      5C1BBEB1 
 660      DE
 661 11a9 A15780C2 		.ascii	"\241W\200\302\213\360\214\224s\021\326\241\241\232\035"
 661      8BF08C94 
 661      7311D6A1 
 661      A19A1D
 662 11b8 640D3A30 		.ascii	"d\015:0\014\256\021P\314P\326\331\306\035\256!P\302"
 662      0CAE1150 
 662      CC50D6D9 
 662      C61DAE21 
 662      50C2
 663 11ca A11CD048 		.ascii	"\241\034\320H:\267)\233&\340\030MP\273\222\223\334\027"
 663      3AB7299B 
 663      26E0184D 
 663      50BB9293 
 663      DC17
 664 11dc 96D7B2C7 		.ascii	"\226\327\262\3077\033\227L\317cfJ\001gD\363\246-\303"
 664      371B974C 
 664      CF63664A 
 664      016744F3 
 664      A62DC3
 665 11ef 206A73D7 		.ascii	" js\327\314%\320<\354\232\034\212\037\344Xw\015\237"
 665      CC25D03C 
 665      EC9A1C8A 
 665      1FE45877 
 665      0D9F
 666 1201 90FAAF16 		.ascii	"\220\372\257\026-\030\3504\237\337\323F\016i\334\224"
 666      2D18E834 
 666      9FDFD346 
 666      0E69DC94 
 667 1211 2D8ED4FC 		.ascii	"-\216\324\374\277,&\2075\354S\206s\241\221\361j\033"
 667      BF2C2687 
 667      35EC5386 
 667      73A191F1 
 667      6A1B
 668 1223 EF81DA14 		.ascii	"\357\201\332\024_#-\275h\212\321I'\251#\262\036\212"
 668      5F232DBD 
ARM GAS  /tmp/ccszdCXO.s 			page 54


 668      688AD149 
 668      27A923B2 
 668      1E8A
 669 1235 D2081F3F 		.ascii	"\322\010\037?\300\205-\331s\257%\362E\371\022[\302'"
 669      C0852DD9 
 669      73AF25F2 
 669      45F9125B 
 669      C227
 670 1247 16CF3F74 		.ascii	"\026\317?t\242\213h\224\370Bi\013\276P:\337\322\322"
 670      A28B6894 
 670      F842690B 
 670      BE503ADF 
 670      D2D2
 671 1259 E7445FE2 		.ascii	"\347D_\342\263\214\262\374l\027x\366}\266\240\241\222"
 671      B38CB2FC 
 671      6C1778F6 
 671      7DB6A0A1 
 671      92
 672 126a E5CCF771 		.ascii	"\345\314\367q9\323\370\242?\334\201\036r\304W\016\371"
 672      39D3F8A2 
 672      3FDC811E 
 672      72C4570E 
 672      F9
 673 127b 371FF1AF 		.ascii	"7\037\361\257\020cC\315vo\2536\336\321\220\023\032A"
 673      106343CD 
 673      766FAB36 
 673      DED19013 
 673      1A41
 674 128d 8459705C 		.ascii	"\204Yp\\\263\215\034\323\010SUF\301h6\354\015P\372\312"
 674      B38D1CD3 
 674      08535546 
 674      C16836EC 
 674      0D50FACA 
 675 12a1 D1B80117 		.ascii	"\321\270\001\027\232\201\304\201\306\376\347|\337w\272"
 675      9A81C481 
 675      C6FEE77C 
 675      DF77BA
 676 12b0 41B63252 		.ascii	"A\2662R\221x\015_\222I\026F\221\243\371k\2164\007\205"
 676      91780D5F 
 676      92491646 
 676      91A3F96B 
 676      8E340785 
 677 12c4 53DA9EF5 		.ascii	"S\332\236\365\023Ea\222\0008\224\344\273\262\2167\031"
 677      13456192 
 677      003894E4 
 677      BBB28E37 
 677      19
 678 12d5 68A5206F 		.ascii	"h\245 o\367\270\273\271\306r\304\305\336x$\350\346\256"
 678      F7B8BBB9 
 678      C672C4C5 
 678      DE7824E8 
 678      E6AE
 679 12e7 B647994F 		.ascii	"\266G\231O\207P\022\2471\220\223\240%\025\274my\005"
 679      875012A7 
 679      319093A0 
 679      2515BC6D 
 679      7905
ARM GAS  /tmp/ccszdCXO.s 			page 55


 680 12f9 6575EE90 		.ascii	"eu\356\220\377\006~\303\225\010\215}\311\331\277\352"
 680      FF067EC3 
 680      95088D7D 
 680      C9D9BFEA 
 681 1309 3B1B49AE 		.ascii	";\033I\256\344q\224\002q\222\014%\015\312)\351\010Y"
 681      E4719402 
 681      71920C25 
 681      0DCA29E9 
 681      0859
 682 131b ACD882FA 		.ascii	"\254\330\202\372\331yA\222\225~\253O\312\012\267\037"
 682      D9794192 
 682      957EAB4F 
 682      CA0AB71F 
 683 132b 0F3567FF 		.ascii	"\0175g\377A@\037\253\214\376\250\006\003\376\352\331"
 683      41401FAB 
 683      8CFEA806 
 683      03FEEAD9 
 684 133b 92CB6A7A 		.ascii	"\222\313jz\027]\031\321\320\020\253\265q\272~\232\353"
 684      175D19D1 
 684      D010ABB5 
 684      71BA7E9A 
 684      EB
 685 134c B1019485 		.ascii	"\261\001\224\205]sK\270\236\316\241\252\313s\217/h\350"
 685      5D734BB8 
 685      9ECEA1AA 
 685      CB738F2F 
 685      68E8
 686 135e 5324A243 		.ascii	"S$\242C\222?\244\317\205{\372\240o\374\241\356\025\233"
 686      923FA4CF 
 686      857BFAA0 
 686      6FFCA1EE 
 686      159B
 687 1370 8FB3BC8D 		.ascii	"\217\263\274\215s\240;K\352\204\2114\335\321\203G\360"
 687      73A03B4B 
 687      EA848934 
 687      DDD18347 
 687      F0
 688 1381 BD05F343 		.ascii	"\275\005\363C&\000:\253\354g\024\030\375\033\\)0\346"
 688      26003AAB 
 688      EC671418 
 688      FD1B5C29 
 688      30E6
 689 1393 0C656671 		.ascii	"\014efq\2674\026v$\316\205&:\341\302h)\361\261\370}"
 689      B7341676 
 689      24CE8526 
 689      3AE1C268 
 689      29F1B1F8 
 690 13a8 8A335B79 		.ascii	"\2123[y_\234} \356\200\037\011gGK\207\037\273\320L\201"
 690      5F9C7D20 
 690      EE801F09 
 690      67474B87 
 690      1FBBD04C 
 691 13bd DBAE3E72 		.ascii	"\333\256>r8\306\011O\274e\231\342<\004~\216\206\235"
 691      38C6094F 
 691      BC6599E2 
 691      3C047E8E 
 691      869D
ARM GAS  /tmp/ccszdCXO.s 			page 56


 692 13cf 5D40D379 		.ascii	"]@\323y\334\250\0020\252\010J>\224B\251q\343\347\277"
 692      DCA80230 
 692      AA084A3E 
 692      9442A971 
 692      E3E7BF
 693 13e2 730C1336 		.ascii	"s\014\0236$\010r\206\213\210\331f\323\273\001\266\022"
 693      24087286 
 693      8B88D966 
 693      D3BB01B6 
 693      12
 694 13f3 48DB7E4C 		.ascii	"H\333~L\230\235\3307P\271\234]\341\225\034\347\316\335"
 694      989DD837 
 694      50B99C5D 
 694      E1951CE7 
 694      CEDD
 695 1405 8247D1E9 		.ascii	"\202G\321\351\300\025\303\271-\361\027\255\331\304\236"
 695      C015C3B9 
 695      2DF117AD 
 695      D9C49E
 696 1414 63C0C986 		.ascii	"c\300\311\206y\214M}r\345\226pc\366\260\203\312\241"
 696      798C4D7D 
 696      72E59670 
 696      63F6B083 
 696      CAA1
 697 1426 913AFB7B 		.ascii	"\221:\373{\344.a\037W\0232\264\217\250\330\177\354\037"
 697      E42E611F 
 697      571332B4 
 697      8FA8D87F 
 697      EC1F
 698 1438 DC5AB32B 		.ascii	"\334Z\263+a\367\254\254\213?\302~\234\017/\214\001\353"
 698      61F7ACAC 
 698      8B3FC27E 
 698      9C0F2F8C 
 698      01EB
 699 144a F022FE83 		.ascii	"\360\"\376\203uj\256E\374\204\233\240\014j\027H\211"
 699      756AAE45 
 699      FC849BA0 
 699      0C6A1748 
 699      89
 700 145b 6A7C4EF8 		.ascii	"j|N\370sQ\011\012 *\213 \257R\363\346\244\022\304\012"
 700      7351090A 
 700      202A8B20 
 700      AF52F3E6 
 700      A412C40A 
 701 146f B145A16A 		.ascii	"\261E\241jC\251\370\343\367l\227\271\032\235\346<JF"
 701      43A9F8E3 
 701      F76C97B9 
 701      1A9DE63C 
 701      4A46
 702 1481 42984387 		.ascii	"B\230C\207:\376\367\037\310\267b\337R\011\341\325\234"
 702      3AFEF71F 
 702      C8B762DF 
 702      5209E1D5 
 702      9C
 703 1492 FA70554B 		.ascii	"\372pUK\0331\326\024^\322_|~\273R/T\261/BK5B\345zD\331"
 703      1B31D614 
 703      5ED25F7C 
ARM GAS  /tmp/ccszdCXO.s 			page 57


 703      7EBB522F 
 703      54B12F42 
 704 14ad ACF53907 		.ascii	"\254\3659\007\373\236\263\\#=\262\250\016\033<`\375"
 704      FB9EB35C 
 704      233DB2A8 
 704      0E1B3C60 
 704      FD
 705 14be 52FFA115 		.ascii	"R\377\241\025_\364\340`\243\354c\225\213\262\301Q\241"
 705      5FF4E060 
 705      A3EC6395 
 705      8BB2C151 
 705      A1
 706 14cf E1C75D37 		.ascii	"\341\307]7\246\226B\360\013l\250\"e\010\346h\306\320"
 706      A69642F0 
 706      0B6CA822 
 706      6508E668 
 706      C6D0
 707 14e1 75679BEF 		.ascii	"ug\233\357\347\2534o\252H\245\206\277\237\177<7\266"
 707      E7AB346F 
 707      AA48A586 
 707      BF9F7F3C 
 707      37B6
 708 14f3 EDBBA7CD 		.ascii	"\355\273\247\315##\346\372\346*]T\303\224\331l\3200"
 708      2323E6FA 
 708      E62A5D54 
 708      C394D96C 
 708      D030
 709 1505 1E520271 		.ascii	"\036R\002q\310\001\261{\025\271\240\031%\244Xs\217\271"
 709      C801B17B 
 709      15B9A019 
 709      25A45873 
 709      8FB9
 710 1517 F892E6BB 		.ascii	"\370\222\346\273 \\\321:Y\357B\243\235\005W\275lKZ\327"
 710      205CD13A 
 710      59EF42A3 
 710      9D0557BD 
 710      6C4B5AD7 
 711 152b 6E7CB08E 		.ascii	"n|\260\216\276\272\234^8\243\333\370@\274\006\341=?"
 711      BEBA9C5E 
 711      38A3DBF8 
 711      40BC06E1 
 711      3D3F
 712 153d DA7F52BF 		.ascii	"\332\177R\277\201\271\026+s\243\252\256\351m\177\353"
 712      81B9162B 
 712      73A3AAAE 
 712      E96D7FEB 
 713 154d 5CCF40D7 		.ascii	"\\\317@\327\211\240C\217M\314:r\324M)\333\323!\231\202"
 713      89A0438F 
 713      4DCC3A72 
 713      D44D29DB 
 713      D3219982 
 714 1561 DC5B8C8B 		.ascii	"\334[\214\213TK`Wo\206}Y\200}\273+\325\217&\331F\235"
 714      544B6057 
 714      6F867D59 
 714      807DBB2B 
 714      D58F26D9 
 715 1577 F5F0CB97 		.ascii	"\365\360\313\227\216\033u\015\0100\245\276<\233n\230"
ARM GAS  /tmp/ccszdCXO.s 			page 58


 715      8E1B750D 
 715      0830A5BE 
 715      3C9B6E98 
 716 1587 D288955D 		.ascii	"\322\210\225]E\327\307\2356L\271\212\225\317^\226\266"
 716      45D7C79D 
 716      364CB98A 
 716      95CF5E96 
 716      B6
 717 1598 3BDB36A5 		.ascii	";\3336\245\231\231\322$\232\262\274\330\335\346\300"
 717      9999D224 
 717      9AB2BCD8 
 717      DDE6C0
 718 15a7 4DB9C212 		.ascii	"M\271\302\022\"\254\234\314j\306D\256H,\271\262\331"
 718      22AC9CCC 
 718      6AC644AE 
 718      482CB9B2 
 718      D9
 719 15b8 9216C192 		.ascii	"\222\026\301\222\311\033\315)\224f\241)\317.\247t\261"
 719      C91BCD29 
 719      9466A129 
 719      CF2EA774 
 719      B1
 720 15c9 2FE0B478 		.ascii	"/\340\264x\334\241\023\316\002\233\177\2045\014\315"
 720      DCA113CE 
 720      029B7F84 
 720      350CCD
 721 15d8 E7507327 		.ascii	"\347Ps'\252{@K\213Q\342E\342J\261\203d'+\231\232\257"
 721      AA7B404B 
 721      8B51E245 
 721      E24AB183 
 721      64272B99 
 722 15ee 69043196 		.ascii	"i\0041\226\024\333!S\266\341\022ay\252\350\012\376\241"
 722      14DB2153 
 722      B6E11261 
 722      79AAE80A 
 722      FEA1
 723 1600 C2758DE8 		.ascii	"\302u\215\350\255\231\203\267\236\330\216\266Nfm\207"
 723      AD9983B7 
 723      9ED88EB6 
 723      4E666D87 
 724 1610 686DC8A1 		.ascii	"hm\310\241\261\006\241\343\330\373\303\016\335\303\310"
 724      B106A1E3 
 724      D8FBC30E 
 724      DDC3C8
 725 161f F068733A 		.ascii	"\360hs:\021\270H\253\304\\\270\307\001\333%\230\231"
 725      11B848AB 
 725      C45CB8C7 
 725      01DB2598 
 725      99
 726 1630 3E9BDAE5 		.ascii	">\233\332\345D'\020t[\371\211j\364\271p\350\0135\003"
 726      44271074 
 726      5BF9896A 
 726      F4B970E8 
 726      0B3503
 727 1643 078B63AC 		.ascii	"\007\213c\254\276\007P\221n\331\210J,\254,q\242\217"
 727      BE075091 
 727      6ED9884A 
ARM GAS  /tmp/ccszdCXO.s 			page 59


 727      2CAC2C71 
 727      A28F
 728 1655 50C7544F 		.ascii	"P\307TO~\237\365p\275\005\010\344BMY'\334\245\243\360"
 728      7E9FF570 
 728      BD0508E4 
 728      424D5927 
 728      DCA5A3F0 
 729 1669 B66C14F6 		.ascii	"\266l\024\366\210\243\360X\310\3029\014s\250\"71\014"
 729      88A3F058 
 729      C8C2390C 
 729      73A82237 
 729      310C
 730 167b D62EF437 		.ascii	"\326.\3647\021\251_~o\220\370\245\227\371\345\216\350"
 730      11A95F7E 
 730      6F90F8A5 
 730      97F9E58E 
 730      E8
 731 168c 97D96BED 		.ascii	"\227\331k\355\003j\356\227\371I\335dGx\375\257\004\036"
 731      036AEE97 
 731      F949DD64 
 731      4778FDAF 
 731      041E
 732 169e 7243E295 		.ascii	"rC\342\225\033\242W\372\004\257<\276ve\334\201V\272"
 732      1BA257FA 
 732      04AF3CBE 
 732      7665DC81 
 732      56BA
 733 16b0 7CCDD137 		.ascii	"|\315\3217\200\260jg\012\222l\177\2743\304`\015\212"
 733      80B06A67 
 733      0A926C7F 
 733      BC33C460 
 733      0D8A
 734 16c2 B03A06C6 		.ascii	"\260:\006\306\373\2359\254\316\027\272\230\342\221\256"
 734      FB9D39AC 
 734      CE17BA98 
 734      E291AE
 735 16d1 90D82D02 		.ascii	"\220\330-\002\027\351\227\000\353\027\201\015\013\300"
 735      17E99700 
 735      EB17810D 
 735      0BC0
 736 16df 668F2726 		.ascii	"f\217'&9\323\303\257\341\332b\274\271\323\205\306 Q"
 736      39D3C3AF 
 736      E1DA62BC 
 736      B9D385C6 
 736      2051
 737 16f1 3472EFA4 		.ascii	"4r\357\244\301My\036\036y\365<\314b\267a\241X\375\275"
 737      C14D791E 
 737      1E79F53C 
 737      CC62B761 
 737      A158FDBD 
 738 1705 0C010EAC 		.ascii	"\014\001\016\2546\006\263\332\315\346tGr\017\204\356"
 738      3606B3DA 
 738      CDE67447 
 738      720F84EE 
 739 1715 229A0D6D 		.ascii	"\"\232\015m*V\303\020\215j\276\307\216lr\226Ge\253\363"
 739      2A56C310 
 739      8D6ABEC7 
ARM GAS  /tmp/ccszdCXO.s 			page 60


 739      8E6C7296 
 739      4765ABF3 
 740 1729 7BB28EBC 		.ascii	"{\262\216\274\217\253\363\373\302\352\374\351\360\355"
 740      8FABF3FB 
 740      C2EAFCE9 
 740      F0ED
 741 1737 1867292F 		.ascii	"\030g)/\353\006\013\357\003\344} \360>\037N,\263\223"
 741      EB060BEF 
 741      03E47D20 
 741      F03E1F4E 
 741      2CB393
 742 174a F2A6C836 		.ascii	"\362\246\3106\360c\310;&\360F\365\226\311\016\253#a"
 742      F063C83B 
 742      26F046F5 
 742      96C90EAB 
 742      2361
 743 175c 332539C5 		.ascii	"3%9\305B\326q\201u\371I\266\374eG\214\214w\002y'\004"
 743      42D67181 
 743      75F949B6 
 743      FC65478C 
 743      8C770279 
 744 1772 DEA2AB53 		.ascii	"\336\242\253S)\262?\340\350\224\301\235D\336I\2017\351"
 744      29B23FE0 
 744      E894C19D 
 744      44DE4981 
 744      37E9
 745 1784 6854F7C6 		.ascii	"hT\367\306\373\233\260\257\372\013\0242\245a\177R\265"
 745      FB9BB0AF 
 745      FA0B1432 
 745      A5617F52 
 745      B5
 746 1795 92793354 		.ascii	"\222y3Tv\3746$k`\032\033`\027\355^\317 O\377`\275\227"
 746      76FC3624 
 746      6B601A1B 
 746      6017ED5E 
 746      CF204FFF 
 747 17ac A79FDF2E 		.ascii	"\247\237\337.O\257O?p\367\011\3647\272\357\3655\271"
 747      4FAF4F3F 
 747      70F709F4 
 747      37BAEFF5 
 747      35B9
 748 17be 7FB8F363 		.ascii	"\177\270\363c\217_\177\370\321\307\356\037\376\322\367"
 748      8F5F7FF8 
 748      D1C7EE1F 
 748      FED2F7
 749 17cd D781EF   		.ascii	"\327\201\357"
 750 17d0 7CB8776F 		.ascii	"|\270wo\260\273\277\257\267\267\237\3613\317 \243\373"
 750      B0BBBFAF 
 750      B7B79FF1 
 750      33CF20A3 
 750      FB
 751 17e1 BE5FFFC6 		.ascii	"\276_\377\306=8\310\313}_\220\311#\370\213\000\257w"
 751      3D38C8CB 
 751      7D5F90C9 
 751      23F88B00 
 751      AF77
 752 17f3 BDF4FFF2 		.ascii	"\275\364\377\362o\377\376\326G?\371\211\312\225\325"
ARM GAS  /tmp/ccszdCXO.s 			page 61


 752      6FFFFED6 
 752      473FF989 
 752      CA95D5
 753 1802 05067FBC 		.ascii	"\005\006\177\274\337\030`\372g?\317=\301\036&G##<\202"
 753      DF1860FA 
 753      673FCF3D 
 753      C11E2647 
 753      23233C82 
 754 1816 03F70579 		.ascii	"\003\367\005y\031\335$\317w\0125\036&'QO\260\311s\217"
 754      19DD24CF 
 754      770A351E 
 754      2627514F 
 754      B0C9738F 
 755 182a D1454679 		.ascii	"\321EFy\230\014\002m\3624\355\013v\264\334z\230^\027"
 755      980C026D 
 755      F234ED0B 
 755      76B4DC7A 
 755      985E17
 756 183d F97C8202 		.ascii	"\371|\202\002\003|\377\307\350\261[/\326\3301\036\243"
 756      037CFFC7 
 756      E8B15B2F 
 756      D6D8311E 
 756      A3
 757 184e 54AD49A6 		.ascii	"T\255I\246\326\004j\177\372\215\254\365\015\220X\353"
 757      D6046A7F 
 757      FA8DACF5 
 757      0D9058EB 
 758 185e A33288F7 		.ascii	"\2432\210\367\036&\272\337\337\344\364a`\360';MAFO\377"
 758      1E26BADF 
 758      DFE4F461 
 758      60F0273B 
 758      4D41464F 
 759 1873 FFF8E56F 		.ascii	"\377\370\345o\034<\003\203\301D\201\324y\371x\006\004"
 759      1C3C0383 
 759      C14481D4 
 759      79F97806 
 759      04
 760 1884 18FD9C58 		.ascii	"\030\375\234X\235o \247\034\201\377\027\237|\204\304"
 760      9D6F20A7 
 760      1C81FF17 
 760      9F7C84C4 
 761 1894 77DE7DD7 		.ascii	"w\336}\327\035\376\367\012\204\246X3\310\211\342\254"
 761      1DFEF70A 
 761      84A65833 
 761      C889E2AC 
 762 18a4 298B6E0D 		.ascii	")\213n\015\210\007iw\355\333\275\333\030\244\0152\372"
 762      88076977 
 762      EDDBBDDB 
 762      18A40D32 
 762      FA
 763 18b5 079A8C0E 		.ascii	"\007\232\214\016\306\375\246\177\365\0156\031\003\214"
 763      C6FDA67F 
 763      F50D3619 
 763      038C
 764 18c3 4176BB99 		.ascii	"Av\273\231\277\321\333\273\321\365Z\201\010v\020.\376"
 764      BFD1DBBB 
 764      D1F55A81 
ARM GAS  /tmp/ccszdCXO.s 			page 62


 764      0876102E 
 764      FE
 765 18d4 9EC19F7A 		.ascii	"\236\301\237z\230\364~\234\335\336\313\307\303\344\003"
 765      98F47E9C 
 765      DDDECBC7 
 765      C3E403
 766 18e3 7ABDF578 		.ascii	"z\275\365x\3610i\002\214\237\233\234\261\273D\266\327"
 766      F1306902 
 766      8C9F9B9C 
 766      B1BB44B6 
 766      D7
 767 18f4 E424E8FC 		.ascii	"\344$\350\374LP\376.\302\376\324\030\0046\270\177\344"
 767      4C50FE2E 
 767      C2FED418 
 767      0436B87F 
 767      E4
 768 1905 E3BBCBF7 		.ascii	"\343\273\313\367\223\235\356\201\301\356A&f\206\337"
 768      939DEE81 
 768      C1EE4126 
 768      6686DF
 769 1914 3E6FA3BB 		.ascii	">o\243\273\227\017\266\017f\330\003P\354ogi8x\230\354"
 769      970FB60F 
 769      66D80350 
 769      EC6F6769 
 769      387898EC 
 770 1928 4CBEFED0 		.ascii	"L\276\376\320\012\200\331\357\033d\332\347\351\347!"
 770      0A80D9EF 
 770      1B64DAE7 
 770      E9E721
 771 1937 54B8C828 		.ascii	"T\270\310(\200\275\337\264{\037\363\267\3367\300d\014"
 771      80BDDFB4 
 771      7B1FF3B7 
 771      DE37C064 
 771      0C
 772 1948 DAEFE9E7 		.ascii	"\332\357\351\347\312\034\345\027\030\260G\254\36009"
 772      CA1CE517 
 772      18B047AC 
 772      F03039
 773 1957 98827CF7 		.ascii	"\230\202|\367\3541\0061\031\301\343\354\006\372\333"
 773      EC310631 
 773      19C1E3EC 
 773      06FADB
 774 1966 7FAF86DD 		.ascii	"\177\257\206\335\351\367\001\353\337\377\320\303\364"
 774      E9F701EB 
 774      DFFFD0C3 
 774      F4
 775 1973 6D059733 		.ascii	"m\005\2273\006\300\351\"\023\3630\251\367\233(\214\023"
 775      06C0E922 
 775      13F330A9 
 775      F79B288C 
 775      13
 776 1984 0D6BDCCE 		.ascii	"\015k\334\316\233yA\2637\310\270\337\011\360z\033\375"
 776      9B7941B3 
 776      37C8B8DF 
 776      09F07A1B 
 776      FD
 777 1995 4C9E8263 		.ascii	"L\236\202c\\d\024\330$\020N\301_\004[\260\275\363\265"
ARM GAS  /tmp/ccszdCXO.s 			page 63


 777      5C6414D8 
 777      24104EC1 
 777      5F045BB0 
 777      BDF3B5
 778 19a8 FCC5E499 		.ascii	"\374\305\344\231\273\240{\375\002=\275\335\277\226P"
 778      BBA07BFD 
 778      023DBDDD 
 778      BF9650
 779 19b7 E0AE3F1A 		.ascii	"\340\256?\032\275\320\313\"\372 \235\327.axo\263aj\020"
 779      BDD0CB22 
 779      FA209DD7 
 779      2E61786F 
 779      B3616A10 
 780 19cb 703B6C10 		.ascii	"p;l\020`\247\257\267\033#\203}\214~~\030[\276\020\021"
 780      60A7AFB7 
 780      1B23837D 
 780      8C7E7E18 
 780      5BBE1011 
 781 19df 4AE2020B 		.ascii	"J\342\002\013\303\2101\372:\004\350NV\2651\000\234\201"
 781      C38831FA 
 781      3A04E84E 
 781      56B53100 
 781      9C81
 782 19f1 4B604286 		.ascii	"K`B\206\3276\204x\370\273\210\022|\0048\3135\030\002"
 782      D7368478 
 782      F8BB8812 
 782      7C0438CB 
 782      351802
 783 1a04 83C590D6 		.ascii	"\203\305\220\326b\224h\275\002\003v\373\356y\335\242"
 783      629468BD 
 783      020376FB 
 783      EE79DDA2 
 784 1a14 48A03D4C 		.ascii	"H\240=L\316\0335\302\250~MNB\254\356\015\012\364\337"
 784      CE1B35C2 
 784      A87E4D4E 
 784      42ACEE0D 
 784      0AF4DF
 785 1a27 0B71EDE9 		.ascii	"\013q\355\351o\264\347Q\376\231\247!\330\364\251\247"
 785      6FB4E751 
 785      FE99A721 
 785      D8F4A9A7 
 786 1a37 9FEF9E00 		.ascii	"\237\357\236\000\017\223\375\206\204}\340^c\220\247"
 786      0F93FD86 
 786      847DE05E 
 786      6390A7
 787 1a46 C9373040 		.ascii	"\31170@\307\302\344\307\220x\214\237\033\2750\333@w"
 787      C7C2E4C7 
 787      90788C9F 
 787      1BBD30DB 
 787      4077
 788 1a58 98A01775 		.ascii	"\230\240\027u^\201\376\376\236\001\336\022\213\260\302"
 788      5E81FEFE 
 788      9E01DE12 
 788      8BB0C2
 789 1a67 75730568 		.ascii	"us\005h\0162\376i\037D\221\321\333\340\347\011Z\274"
 789      0E32FE69 
 789      1F4491D1 
ARM GAS  /tmp/ccszdCXO.s 			page 64


 789      DBE0E709 
 789      5ABC
 790 1a79 986A970D 		.ascii	"\230j\227\015>\244_\337D{\230t>`z`\320\027Z\243\267"
 790      3EA45FDF 
 790      447B9874 
 790      3E607A60 
 790      D0175AA3 
 791 1a8e 2FC86A83 		.ascii	"/\310j\203Yf3\351\203\215~\320\305Fo\235\327\276\240"
 791      596633E9 
 791      838D7ED0 
 791      C5466F9D 
 791      D7BEA0
 792 1aa1 20183E76 		.ascii	" \030>v\276\001{\367\231\264\236A{ \035h\203\215\177"
 792      BE017BF7 
 792      99B49E41 
 792      7B201D68 
 792      838D7F
 793 1ab4 F23306B0 		.ascii	"\3623\006\260\013P\366\300\022\034\030\26470X\013\225"
 793      0B50F6C0 
 793      121C18B4 
 793      3730580B 
 793      95
 794 1ac5 7B4C3E0E 		.ascii	"{L>\016\033\215\300\010\017\016\016\336\353\340\037"
 794      1B8DC008 
 794      0F0E0EDE 
 794      EBE01F
 795 1ad4 E8BD0FF4 		.ascii	"\350\275\017\364\005\356\0130!r\250\304:\326\347z\274"
 795      05EE0B30 
 795      2172A8C4 
 795      3AD6E77A 
 795      BC
 796 1ae5 FD85B71D 		.ascii	"\375\205\267\035\346c\221C\314\307B\022\025\372Ei\034"
 796      E6639143 
 796      CCC74212 
 796      15FA4569 
 796      1C
 797 1af6 314E080E 		.ascii	"1N\010\016g\361\336\333\023\206\205\311Nh_\035\030\254"
 797      67F1DEDB 
 797      138685C9 
 797      4E685F1D 
 797      18AC
 798 1b08 D9B3D737 		.ascii	"\331\263\3277p\273\222\334\027\340+!\341Y(\275\230\007"
 798      70BB92DC 
 798      17E02B21 
 798      E15928BD 
 798      9807
 799 1b1a D53F54E9 		.ascii	"\325?T\351=\203\374\367\377\350\035\177\225\001\304"
 799      3D83FCF7 
 799      FFE81D7F 
 799      9501C4
 800 1b29 4CC6CFDF 		.ascii	"L\306\317\337\361\177_\345\000ix'\240\371E\200\3577"
 800      F17F5FE5 
 800      00697827 
 800      A0F94580 
 800      EF37
 801 1b3b CCE7F2D9 		.ascii	"\314\347\362\331K\345\310\025\3554y\006\231D\342\237"
 801      4BE5C815 
ARM GAS  /tmp/ccszdCXO.s 			page 65


 801      ED347906 
 801      9944E29F 
 802 1b4b 7D033CFD 		.ascii	"}\003<\375 K\376\306\307\373\343\317}Mv\376\301\020"
 802      204BFEC6 
 802      C7FBE3CF 
 802      7D4D76FE 
 802      C110
 803 1b5d 715F6F44 		.ascii	"q_oDb\250\261\021\251\367\362\331\033\004\361\264{\313"
 803      62A8B111 
 803      A9F7F2D9 
 803      1B04F1B4 
 803      7BCB
 804 1b6f CF3C838D 		.ascii	"\317<\203\215;YL\004\230|=y\250\277oK\233\217\247\237"
 804      3B594C04 
 804      987C3D79 
 804      A8BF6F4B 
 804      9B8FA79F 
 805 1b83 BB9FEF2E 		.ascii	"\273\237\357.w4?\330]\324\002\032\337\004x\222\351\363"
 805      77343FD8 
 805      5DD4021A 
 805      DF047892 
 805      E9F3
 806 1b95 67419027 		.ascii	"gA\220'\274 \302~\374\215\034\200\323\260'\033\307\024"
 806      BC20C27E 
 806      FC8D1C80 
 806      D3B0271B 
 806      C714
 807 1ba7 1CEE6871 		.ascii	"\034\356hq\272\207\351\377\000\347Bc:"
 807      BA87E9FF 
 807      00E74263 
 807      3A
 808              		.text
 809              		.section	.gnu.lto_.symtab.2e5e1c3319729e02,"e",%progbits
 810 0000 75727453 		.ascii	"urtSyncInit\000"
 810      796E6349 
 810      6E697400 
 811 000c 00       		.ascii	"\000"
 812 000d 00       		.ascii	"\000"
 813 000e 00       		.ascii	"\000"
 814 000f 00000000 		.ascii	"\000\000\000\000\000\000\000\000"
 814      00000000 
 815 0017 3B020000 		.ascii	";\002\000\000"
 816 001b 75727453 		.ascii	"urtSyncStart\000"
 816      796E6353 
 816      74617274 
 816      00
 817 0028 00       		.ascii	"\000"
 818 0029 00       		.ascii	"\000"
 819 002a 00       		.ascii	"\000"
 820 002b 00000000 		.ascii	"\000\000\000\000\000\000\000\000"
 820      00000000 
 821 0033 41020000 		.ascii	"A\002\000\000"
 822 0037 75727453 		.ascii	"urtSyncFinal\000"
 822      796E6346 
 822      696E616C 
 822      00
 823 0044 00       		.ascii	"\000"
ARM GAS  /tmp/ccszdCXO.s 			page 66


 824 0045 00       		.ascii	"\000"
 825 0046 00       		.ascii	"\000"
 826 0047 00000000 		.ascii	"\000\000\000\000\000\000\000\000"
 826      00000000 
 827 004f 48020000 		.ascii	"H\002\000\000"
 828 0053 616F7300 		.ascii	"aos\000"
 829 0057 00       		.ascii	"\000"
 830 0058 02       		.ascii	"\002"
 831 0059 00       		.ascii	"\000"
 832 005a 00000000 		.ascii	"\000\000\000\000\000\000\000\000"
 832      00000000 
 833 0062 62020000 		.ascii	"b\002\000\000"
 834 0066 63685468 		.ascii	"chThdExit\000"
 834      64457869 
 834      7400
 835 0070 00       		.ascii	"\000"
 836 0071 02       		.ascii	"\002"
 837 0072 00       		.ascii	"\000"
 838 0073 00000000 		.ascii	"\000\000\000\000\000\000\000\000"
 838      00000000 
 839 007b 50020000 		.ascii	"P\002\000\000"
 840 007f 63687072 		.ascii	"chprintf\000"
 840      696E7466 
 840      00
 841 0088 00       		.ascii	"\000"
 842 0089 02       		.ascii	"\002"
 843 008a 00       		.ascii	"\000"
 844 008b 00000000 		.ascii	"\000\000\000\000\000\000\000\000"
 844      00000000 
 845 0093 59020000 		.ascii	"Y\002\000\000"
 846 0097 75727445 		.ascii	"urtEventSourceBroadcast\000"
 846      76656E74 
 846      536F7572 
 846      63654272 
 846      6F616463 
 847 00af 00       		.ascii	"\000"
 848 00b0 02       		.ascii	"\002"
 849 00b1 00       		.ascii	"\000"
 850 00b2 00000000 		.ascii	"\000\000\000\000\000\000\000\000"
 850      00000000 
 851 00ba 5E020000 		.ascii	"^\002\000\000"
 852              		.text
 853              		.section	.gnu.lto_.opts,"e",%progbits
 854 0000 272D666E 		.ascii	"'-fno-openmp' '-fno-openacc' '-fno-pie' '-mcpu=cort"
 854      6F2D6F70 
 854      656E6D70 
 854      2720272D 
 854      666E6F2D 
 855 0033 65782D6D 		.ascii	"ex-m3' '-mthumb' '-mfloat-abi=soft' '-march=armv7-m"
 855      33272027 
 855      2D6D7468 
 855      756D6227 
 855      20272D6D 
 856 0066 2720272D 		.ascii	"' '-O2' '-fstack-usage' '-ffunction-sections' '-fda"
 856      4F322720 
 856      272D6673 
 856      7461636B 
ARM GAS  /tmp/ccszdCXO.s 			page 67


 856      2D757361 
 857 0099 74612D73 		.ascii	"ta-sections' '-fno-common' '-flto' '-fshort-enums'\000"
 857      65637469 
 857      6F6E7327 
 857      20272D66 
 857      6E6F2D63 
 858              		.text
 859              		.comm	__gnu_lto_v1,1,1
 860              		.comm	__gnu_lto_slim,1,1
 861              		.ident	"GCC: (GNU Arm Embedded Toolchain 9-2020-q2-update) 9.3.1 20200408 (release)"
ARM GAS  /tmp/ccszdCXO.s 			page 68


DEFINED SYMBOLS
                            *ABS*:0000000000000000 urt_sync.c
                            *COM*:0000000000000001 __gnu_lto_v1
                            *COM*:0000000000000001 __gnu_lto_slim

NO UNDEFINED SYMBOLS
